Date,Name,NAV
12/07/2011,Fidelity Asian Smaller Coms Y-Acc-GBP,10
12/08/2011,Fidelity Asian Smaller Coms Y-Acc-GBP,9.923
12/09/2011,Fidelity Asian Smaller Coms Y-Acc-GBP,9.976
12/10/2011,Fidelity Asian Smaller Coms Y-Acc-GBP,9.976
12/11/2011,Fidelity Asian Smaller Coms Y-Acc-GBP,9.976
12/12/2011,Fidelity Asian Smaller Coms Y-Acc-GBP,9.758
12/13/2011,Fidelity Asian Smaller Coms Y-Acc-GBP,9.85
12/14/2011,Fidelity Asian Smaller Coms Y-Acc-GBP,9.721
12/15/2011,Fidelity Asian Smaller Coms Y-Acc-GBP,9.688
12/16/2011,Fidelity Asian Smaller Coms Y-Acc-GBP,9.684
12/17/2011,Fidelity Asian Smaller Coms Y-Acc-GBP,9.684
12/18/2011,Fidelity Asian Smaller Coms Y-Acc-GBP,9.684
12/19/2011,Fidelity Asian Smaller Coms Y-Acc-GBP,9.404
12/20/2011,Fidelity Asian Smaller Coms Y-Acc-GBP,9.477
12/21/2011,Fidelity Asian Smaller Coms Y-Acc-GBP,9.473
12/22/2011,Fidelity Asian Smaller Coms Y-Acc-GBP,9.601
12/23/2011,Fidelity Asian Smaller Coms Y-Acc-GBP,9.717
12/24/2011,Fidelity Asian Smaller Coms Y-Acc-GBP,9.717
12/25/2011,Fidelity Asian Smaller Coms Y-Acc-GBP,9.717
12/26/2011,Fidelity Asian Smaller Coms Y-Acc-GBP,9.694
12/27/2011,Fidelity Asian Smaller Coms Y-Acc-GBP,9.626
12/28/2011,Fidelity Asian Smaller Coms Y-Acc-GBP,9.652
12/29/2011,Fidelity Asian Smaller Coms Y-Acc-GBP,9.792
12/30/2011,Fidelity Asian Smaller Coms Y-Acc-GBP,9.752
12/31/2011,Fidelity Asian Smaller Coms Y-Acc-GBP,9.752
01/01/2012,Fidelity Asian Smaller Coms Y-Acc-GBP,9.752
01/02/2012,Fidelity Asian Smaller Coms Y-Acc-GBP,9.852
01/03/2012,Fidelity Asian Smaller Coms Y-Acc-GBP,9.835
01/04/2012,Fidelity Asian Smaller Coms Y-Acc-GBP,9.836
01/05/2012,Fidelity Asian Smaller Coms Y-Acc-GBP,9.914
01/06/2012,Fidelity Asian Smaller Coms Y-Acc-GBP,9.948
01/07/2012,Fidelity Asian Smaller Coms Y-Acc-GBP,9.948
01/08/2012,Fidelity Asian Smaller Coms Y-Acc-GBP,9.948
01/09/2012,Fidelity Asian Smaller Coms Y-Acc-GBP,9.902
01/10/2012,Fidelity Asian Smaller Coms Y-Acc-GBP,10.07
01/11/2012,Fidelity Asian Smaller Coms Y-Acc-GBP,10.16
01/12/2012,Fidelity Asian Smaller Coms Y-Acc-GBP,10.2
01/13/2012,Fidelity Asian Smaller Coms Y-Acc-GBP,10.19
01/14/2012,Fidelity Asian Smaller Coms Y-Acc-GBP,10.19
01/15/2012,Fidelity Asian Smaller Coms Y-Acc-GBP,10.19
01/16/2012,Fidelity Asian Smaller Coms Y-Acc-GBP,10.15
01/17/2012,Fidelity Asian Smaller Coms Y-Acc-GBP,10.32
01/18/2012,Fidelity Asian Smaller Coms Y-Acc-GBP,10.33
01/19/2012,Fidelity Asian Smaller Coms Y-Acc-GBP,10.41
01/20/2012,Fidelity Asian Smaller Coms Y-Acc-GBP,10.33
01/21/2012,Fidelity Asian Smaller Coms Y-Acc-GBP,10.33
01/22/2012,Fidelity Asian Smaller Coms Y-Acc-GBP,10.33
01/23/2012,Fidelity Asian Smaller Coms Y-Acc-GBP,10.39
01/24/2012,Fidelity Asian Smaller Coms Y-Acc-GBP,10.35
01/25/2012,Fidelity Asian Smaller Coms Y-Acc-GBP,10.35
01/26/2012,Fidelity Asian Smaller Coms Y-Acc-GBP,10.39
01/27/2012,Fidelity Asian Smaller Coms Y-Acc-GBP,10.4
01/28/2012,Fidelity Asian Smaller Coms Y-Acc-GBP,10.4
01/29/2012,Fidelity Asian Smaller Coms Y-Acc-GBP,10.4
01/30/2012,Fidelity Asian Smaller Coms Y-Acc-GBP,10.29
01/31/2012,Fidelity Asian Smaller Coms Y-Acc-GBP,10.33
02/01/2012,Fidelity Asian Smaller Coms Y-Acc-GBP,10.43
02/02/2012,Fidelity Asian Smaller Coms Y-Acc-GBP,10.57
02/03/2012,Fidelity Asian Smaller Coms Y-Acc-GBP,10.76
02/04/2012,Fidelity Asian Smaller Coms Y-Acc-GBP,10.76
02/05/2012,Fidelity Asian Smaller Coms Y-Acc-GBP,10.76
02/06/2012,Fidelity Asian Smaller Coms Y-Acc-GBP,10.64
02/07/2012,Fidelity Asian Smaller Coms Y-Acc-GBP,10.59
02/08/2012,Fidelity Asian Smaller Coms Y-Acc-GBP,10.71
02/09/2012,Fidelity Asian Smaller Coms Y-Acc-GBP,10.82
02/10/2012,Fidelity Asian Smaller Coms Y-Acc-GBP,10.73
02/11/2012,Fidelity Asian Smaller Coms Y-Acc-GBP,10.73
02/12/2012,Fidelity Asian Smaller Coms Y-Acc-GBP,10.73
02/13/2012,Fidelity Asian Smaller Coms Y-Acc-GBP,10.78
02/14/2012,Fidelity Asian Smaller Coms Y-Acc-GBP,10.81
02/15/2012,Fidelity Asian Smaller Coms Y-Acc-GBP,10.9
02/16/2012,Fidelity Asian Smaller Coms Y-Acc-GBP,10.79
02/17/2012,Fidelity Asian Smaller Coms Y-Acc-GBP,10.82
02/18/2012,Fidelity Asian Smaller Coms Y-Acc-GBP,10.82
02/19/2012,Fidelity Asian Smaller Coms Y-Acc-GBP,10.82
02/20/2012,Fidelity Asian Smaller Coms Y-Acc-GBP,10.86
02/21/2012,Fidelity Asian Smaller Coms Y-Acc-GBP,10.92
02/22/2012,Fidelity Asian Smaller Coms Y-Acc-GBP,11.03
02/23/2012,Fidelity Asian Smaller Coms Y-Acc-GBP,11.04
02/24/2012,Fidelity Asian Smaller Coms Y-Acc-GBP,10.98
02/25/2012,Fidelity Asian Smaller Coms Y-Acc-GBP,10.98
02/26/2012,Fidelity Asian Smaller Coms Y-Acc-GBP,10.98
02/27/2012,Fidelity Asian Smaller Coms Y-Acc-GBP,10.88
02/28/2012,Fidelity Asian Smaller Coms Y-Acc-GBP,10.92
02/29/2012,Fidelity Asian Smaller Coms Y-Acc-GBP,10.94
03/01/2012,Fidelity Asian Smaller Coms Y-Acc-GBP,10.99
03/02/2012,Fidelity Asian Smaller Coms Y-Acc-GBP,11.08
03/03/2012,Fidelity Asian Smaller Coms Y-Acc-GBP,11.08
03/04/2012,Fidelity Asian Smaller Coms Y-Acc-GBP,11.08
03/05/2012,Fidelity Asian Smaller Coms Y-Acc-GBP,11.01
03/06/2012,Fidelity Asian Smaller Coms Y-Acc-GBP,10.83
03/07/2012,Fidelity Asian Smaller Coms Y-Acc-GBP,10.9
03/08/2012,Fidelity Asian Smaller Coms Y-Acc-GBP,11.07
03/09/2012,Fidelity Asian Smaller Coms Y-Acc-GBP,11.3
03/10/2012,Fidelity Asian Smaller Coms Y-Acc-GBP,11.3
03/11/2012,Fidelity Asian Smaller Coms Y-Acc-GBP,11.3
03/12/2012,Fidelity Asian Smaller Coms Y-Acc-GBP,11.25
03/13/2012,Fidelity Asian Smaller Coms Y-Acc-GBP,11.28
03/14/2012,Fidelity Asian Smaller Coms Y-Acc-GBP,11.3
03/15/2012,Fidelity Asian Smaller Coms Y-Acc-GBP,11.33
03/16/2012,Fidelity Asian Smaller Coms Y-Acc-GBP,11.33
03/17/2012,Fidelity Asian Smaller Coms Y-Acc-GBP,11.33
03/18/2012,Fidelity Asian Smaller Coms Y-Acc-GBP,11.33
03/19/2012,Fidelity Asian Smaller Coms Y-Acc-GBP,11.24
03/20/2012,Fidelity Asian Smaller Coms Y-Acc-GBP,11.1
03/21/2012,Fidelity Asian Smaller Coms Y-Acc-GBP,11.09
03/22/2012,Fidelity Asian Smaller Coms Y-Acc-GBP,11.07
03/23/2012,Fidelity Asian Smaller Coms Y-Acc-GBP,11.04
03/24/2012,Fidelity Asian Smaller Coms Y-Acc-GBP,11.04
03/25/2012,Fidelity Asian Smaller Coms Y-Acc-GBP,11.04
03/26/2012,Fidelity Asian Smaller Coms Y-Acc-GBP,11.11
03/27/2012,Fidelity Asian Smaller Coms Y-Acc-GBP,11.09
03/28/2012,Fidelity Asian Smaller Coms Y-Acc-GBP,11.07
03/29/2012,Fidelity Asian Smaller Coms Y-Acc-GBP,10.87
03/30/2012,Fidelity Asian Smaller Coms Y-Acc-GBP,10.93
03/31/2012,Fidelity Asian Smaller Coms Y-Acc-GBP,10.93
04/01/2012,Fidelity Asian Smaller Coms Y-Acc-GBP,10.93
04/02/2012,Fidelity Asian Smaller Coms Y-Acc-GBP,10.92
04/03/2012,Fidelity Asian Smaller Coms Y-Acc-GBP,10.91
04/04/2012,Fidelity Asian Smaller Coms Y-Acc-GBP,10.73
04/05/2012,Fidelity Asian Smaller Coms Y-Acc-GBP,10.86
04/06/2012,Fidelity Asian Smaller Coms Y-Acc-GBP,10.8
04/07/2012,Fidelity Asian Smaller Coms Y-Acc-GBP,10.8
04/08/2012,Fidelity Asian Smaller Coms Y-Acc-GBP,10.8
04/09/2012,Fidelity Asian Smaller Coms Y-Acc-GBP,10.69
04/10/2012,Fidelity Asian Smaller Coms Y-Acc-GBP,10.67
04/11/2012,Fidelity Asian Smaller Coms Y-Acc-GBP,10.68
04/12/2012,Fidelity Asian Smaller Coms Y-Acc-GBP,10.81
04/13/2012,Fidelity Asian Smaller Coms Y-Acc-GBP,10.85
04/14/2012,Fidelity Asian Smaller Coms Y-Acc-GBP,10.85
04/15/2012,Fidelity Asian Smaller Coms Y-Acc-GBP,10.85
04/16/2012,Fidelity Asian Smaller Coms Y-Acc-GBP,10.86
04/17/2012,Fidelity Asian Smaller Coms Y-Acc-GBP,10.85
04/18/2012,Fidelity Asian Smaller Coms Y-Acc-GBP,10.75
04/19/2012,Fidelity Asian Smaller Coms Y-Acc-GBP,10.71
04/20/2012,Fidelity Asian Smaller Coms Y-Acc-GBP,10.73
04/21/2012,Fidelity Asian Smaller Coms Y-Acc-GBP,10.73
04/22/2012,Fidelity Asian Smaller Coms Y-Acc-GBP,10.73
04/23/2012,Fidelity Asian Smaller Coms Y-Acc-GBP,10.54
04/24/2012,Fidelity Asian Smaller Coms Y-Acc-GBP,10.56
04/25/2012,Fidelity Asian Smaller Coms Y-Acc-GBP,10.6
04/26/2012,Fidelity Asian Smaller Coms Y-Acc-GBP,10.6
04/27/2012,Fidelity Asian Smaller Coms Y-Acc-GBP,10.59
04/28/2012,Fidelity Asian Smaller Coms Y-Acc-GBP,10.59
04/29/2012,Fidelity Asian Smaller Coms Y-Acc-GBP,10.59
04/30/2012,Fidelity Asian Smaller Coms Y-Acc-GBP,10.57
05/01/2012,Fidelity Asian Smaller Coms Y-Acc-GBP,10.66
05/02/2012,Fidelity Asian Smaller Coms Y-Acc-GBP,10.67
05/03/2012,Fidelity Asian Smaller Coms Y-Acc-GBP,10.67
05/04/2012,Fidelity Asian Smaller Coms Y-Acc-GBP,10.54
05/05/2012,Fidelity Asian Smaller Coms Y-Acc-GBP,10.54
05/06/2012,Fidelity Asian Smaller Coms Y-Acc-GBP,10.54
05/07/2012,Fidelity Asian Smaller Coms Y-Acc-GBP,10.45
05/08/2012,Fidelity Asian Smaller Coms Y-Acc-GBP,10.37
05/09/2012,Fidelity Asian Smaller Coms Y-Acc-GBP,10.28
05/10/2012,Fidelity Asian Smaller Coms Y-Acc-GBP,10.28
05/11/2012,Fidelity Asian Smaller Coms Y-Acc-GBP,10.27
05/12/2012,Fidelity Asian Smaller Coms Y-Acc-GBP,10.27
05/13/2012,Fidelity Asian Smaller Coms Y-Acc-GBP,10.27
05/14/2012,Fidelity Asian Smaller Coms Y-Acc-GBP,10.01
05/15/2012,Fidelity Asian Smaller Coms Y-Acc-GBP,9.987
05/16/2012,Fidelity Asian Smaller Coms Y-Acc-GBP,9.828
05/17/2012,Fidelity Asian Smaller Coms Y-Acc-GBP,9.876
05/18/2012,Fidelity Asian Smaller Coms Y-Acc-GBP,9.737
05/19/2012,Fidelity Asian Smaller Coms Y-Acc-GBP,9.737
05/20/2012,Fidelity Asian Smaller Coms Y-Acc-GBP,9.737
05/21/2012,Fidelity Asian Smaller Coms Y-Acc-GBP,9.788
05/22/2012,Fidelity Asian Smaller Coms Y-Acc-GBP,9.994
05/23/2012,Fidelity Asian Smaller Coms Y-Acc-GBP,9.816
05/24/2012,Fidelity Asian Smaller Coms Y-Acc-GBP,9.876
05/25/2012,Fidelity Asian Smaller Coms Y-Acc-GBP,9.813
05/26/2012,Fidelity Asian Smaller Coms Y-Acc-GBP,9.813
05/27/2012,Fidelity Asian Smaller Coms Y-Acc-GBP,9.813
05/28/2012,Fidelity Asian Smaller Coms Y-Acc-GBP,9.881
05/29/2012,Fidelity Asian Smaller Coms Y-Acc-GBP,10.02
05/30/2012,Fidelity Asian Smaller Coms Y-Acc-GBP,9.932
05/31/2012,Fidelity Asian Smaller Coms Y-Acc-GBP,10
06/01/2012,Fidelity Asian Smaller Coms Y-Acc-GBP,9.857
06/02/2012,Fidelity Asian Smaller Coms Y-Acc-GBP,9.857
06/03/2012,Fidelity Asian Smaller Coms Y-Acc-GBP,9.857
06/04/2012,Fidelity Asian Smaller Coms Y-Acc-GBP,9.654
06/05/2012,Fidelity Asian Smaller Coms Y-Acc-GBP,9.744
06/06/2012,Fidelity Asian Smaller Coms Y-Acc-GBP,9.894
06/07/2012,Fidelity Asian Smaller Coms Y-Acc-GBP,9.877
06/08/2012,Fidelity Asian Smaller Coms Y-Acc-GBP,9.868
06/09/2012,Fidelity Asian Smaller Coms Y-Acc-GBP,9.868
06/10/2012,Fidelity Asian Smaller Coms Y-Acc-GBP,9.868
06/11/2012,Fidelity Asian Smaller Coms Y-Acc-GBP,9.87
06/12/2012,Fidelity Asian Smaller Coms Y-Acc-GBP,9.906
06/13/2012,Fidelity Asian Smaller Coms Y-Acc-GBP,9.955
06/14/2012,Fidelity Asian Smaller Coms Y-Acc-GBP,9.922
06/15/2012,Fidelity Asian Smaller Coms Y-Acc-GBP,9.962
06/16/2012,Fidelity Asian Smaller Coms Y-Acc-GBP,9.962
06/17/2012,Fidelity Asian Smaller Coms Y-Acc-GBP,9.962
06/18/2012,Fidelity Asian Smaller Coms Y-Acc-GBP,9.999
06/19/2012,Fidelity Asian Smaller Coms Y-Acc-GBP,10.06
06/20/2012,Fidelity Asian Smaller Coms Y-Acc-GBP,10.06
06/21/2012,Fidelity Asian Smaller Coms Y-Acc-GBP,10.01
06/22/2012,Fidelity Asian Smaller Coms Y-Acc-GBP,10.01
06/23/2012,Fidelity Asian Smaller Coms Y-Acc-GBP,10.01
06/24/2012,Fidelity Asian Smaller Coms Y-Acc-GBP,10.01
06/25/2012,Fidelity Asian Smaller Coms Y-Acc-GBP,9.88
06/26/2012,Fidelity Asian Smaller Coms Y-Acc-GBP,9.881
06/27/2012,Fidelity Asian Smaller Coms Y-Acc-GBP,9.986
06/28/2012,Fidelity Asian Smaller Coms Y-Acc-GBP,9.866
06/29/2012,Fidelity Asian Smaller Coms Y-Acc-GBP,10.06
06/30/2012,Fidelity Asian Smaller Coms Y-Acc-GBP,10.06
07/01/2012,Fidelity Asian Smaller Coms Y-Acc-GBP,10.06
07/02/2012,Fidelity Asian Smaller Coms Y-Acc-GBP,10.04
07/03/2012,Fidelity Asian Smaller Coms Y-Acc-GBP,10.14
07/04/2012,Fidelity Asian Smaller Coms Y-Acc-GBP,10.21
07/05/2012,Fidelity Asian Smaller Coms Y-Acc-GBP,10.27
07/06/2012,Fidelity Asian Smaller Coms Y-Acc-GBP,10.17
07/07/2012,Fidelity Asian Smaller Coms Y-Acc-GBP,10.17
07/08/2012,Fidelity Asian Smaller Coms Y-Acc-GBP,10.17
07/09/2012,Fidelity Asian Smaller Coms Y-Acc-GBP,10.12
07/10/2012,Fidelity Asian Smaller Coms Y-Acc-GBP,10.11
07/11/2012,Fidelity Asian Smaller Coms Y-Acc-GBP,10.04
07/12/2012,Fidelity Asian Smaller Coms Y-Acc-GBP,9.991
07/13/2012,Fidelity Asian Smaller Coms Y-Acc-GBP,10.05
07/14/2012,Fidelity Asian Smaller Coms Y-Acc-GBP,10.05
07/15/2012,Fidelity Asian Smaller Coms Y-Acc-GBP,10.05
07/16/2012,Fidelity Asian Smaller Coms Y-Acc-GBP,9.931
07/17/2012,Fidelity Asian Smaller Coms Y-Acc-GBP,9.939
07/18/2012,Fidelity Asian Smaller Coms Y-Acc-GBP,9.91
07/19/2012,Fidelity Asian Smaller Coms Y-Acc-GBP,9.906
07/20/2012,Fidelity Asian Smaller Coms Y-Acc-GBP,9.907
07/21/2012,Fidelity Asian Smaller Coms Y-Acc-GBP,9.907
07/22/2012,Fidelity Asian Smaller Coms Y-Acc-GBP,9.907
07/23/2012,Fidelity Asian Smaller Coms Y-Acc-GBP,9.765
07/24/2012,Fidelity Asian Smaller Coms Y-Acc-GBP,9.733
07/25/2012,Fidelity Asian Smaller Coms Y-Acc-GBP,9.736
07/26/2012,Fidelity Asian Smaller Coms Y-Acc-GBP,9.709
07/27/2012,Fidelity Asian Smaller Coms Y-Acc-GBP,9.757
07/28/2012,Fidelity Asian Smaller Coms Y-Acc-GBP,9.757
07/29/2012,Fidelity Asian Smaller Coms Y-Acc-GBP,9.757
07/30/2012,Fidelity Asian Smaller Coms Y-Acc-GBP,9.757
07/31/2012,Fidelity Asian Smaller Coms Y-Acc-GBP,9.827
08/01/2012,Fidelity Asian Smaller Coms Y-Acc-GBP,9.921
08/02/2012,Fidelity Asian Smaller Coms Y-Acc-GBP,9.87
08/03/2012,Fidelity Asian Smaller Coms Y-Acc-GBP,9.936
08/04/2012,Fidelity Asian Smaller Coms Y-Acc-GBP,9.936
08/05/2012,Fidelity Asian Smaller Coms Y-Acc-GBP,9.936
08/06/2012,Fidelity Asian Smaller Coms Y-Acc-GBP,9.988
08/07/2012,Fidelity Asian Smaller Coms Y-Acc-GBP,10.02
08/08/2012,Fidelity Asian Smaller Coms Y-Acc-GBP,10.01
08/09/2012,Fidelity Asian Smaller Coms Y-Acc-GBP,10.09
08/10/2012,Fidelity Asian Smaller Coms Y-Acc-GBP,10.1
08/11/2012,Fidelity Asian Smaller Coms Y-Acc-GBP,10.1
08/12/2012,Fidelity Asian Smaller Coms Y-Acc-GBP,10.1
08/13/2012,Fidelity Asian Smaller Coms Y-Acc-GBP,10.03
08/14/2012,Fidelity Asian Smaller Coms Y-Acc-GBP,10.08
08/15/2012,Fidelity Asian Smaller Coms Y-Acc-GBP,10.09
08/16/2012,Fidelity Asian Smaller Coms Y-Acc-GBP,10.14
08/17/2012,Fidelity Asian Smaller Coms Y-Acc-GBP,10.16
08/18/2012,Fidelity Asian Smaller Coms Y-Acc-GBP,10.16
08/19/2012,Fidelity Asian Smaller Coms Y-Acc-GBP,10.16
08/20/2012,Fidelity Asian Smaller Coms Y-Acc-GBP,10.14
08/21/2012,Fidelity Asian Smaller Coms Y-Acc-GBP,10.14
08/22/2012,Fidelity Asian Smaller Coms Y-Acc-GBP,10.07
08/23/2012,Fidelity Asian Smaller Coms Y-Acc-GBP,10.06
08/24/2012,Fidelity Asian Smaller Coms Y-Acc-GBP,10.12
08/25/2012,Fidelity Asian Smaller Coms Y-Acc-GBP,10.12
08/26/2012,Fidelity Asian Smaller Coms Y-Acc-GBP,10.12
08/27/2012,Fidelity Asian Smaller Coms Y-Acc-GBP,10.09
08/28/2012,Fidelity Asian Smaller Coms Y-Acc-GBP,10.05
08/29/2012,Fidelity Asian Smaller Coms Y-Acc-GBP,10.05
08/30/2012,Fidelity Asian Smaller Coms Y-Acc-GBP,9.987
08/31/2012,Fidelity Asian Smaller Coms Y-Acc-GBP,10.07
09/01/2012,Fidelity Asian Smaller Coms Y-Acc-GBP,10.07
09/02/2012,Fidelity Asian Smaller Coms Y-Acc-GBP,10.07
09/03/2012,Fidelity Asian Smaller Coms Y-Acc-GBP,10.06
09/04/2012,Fidelity Asian Smaller Coms Y-Acc-GBP,10.01
09/05/2012,Fidelity Asian Smaller Coms Y-Acc-GBP,9.988
09/06/2012,Fidelity Asian Smaller Coms Y-Acc-GBP,10.11
09/07/2012,Fidelity Asian Smaller Coms Y-Acc-GBP,10.12
09/08/2012,Fidelity Asian Smaller Coms Y-Acc-GBP,10.12
09/09/2012,Fidelity Asian Smaller Coms Y-Acc-GBP,10.12
09/10/2012,Fidelity Asian Smaller Coms Y-Acc-GBP,10.19
09/11/2012,Fidelity Asian Smaller Coms Y-Acc-GBP,10.2
09/12/2012,Fidelity Asian Smaller Coms Y-Acc-GBP,10.25
09/13/2012,Fidelity Asian Smaller Coms Y-Acc-GBP,10.25
09/14/2012,Fidelity Asian Smaller Coms Y-Acc-GBP,10.38
09/15/2012,Fidelity Asian Smaller Coms Y-Acc-GBP,10.38
09/16/2012,Fidelity Asian Smaller Coms Y-Acc-GBP,10.38
09/17/2012,Fidelity Asian Smaller Coms Y-Acc-GBP,10.27
09/18/2012,Fidelity Asian Smaller Coms Y-Acc-GBP,10.28
09/19/2012,Fidelity Asian Smaller Coms Y-Acc-GBP,10.35
09/20/2012,Fidelity Asian Smaller Coms Y-Acc-GBP,10.33
09/21/2012,Fidelity Asian Smaller Coms Y-Acc-GBP,10.45
09/22/2012,Fidelity Asian Smaller Coms Y-Acc-GBP,10.45
09/23/2012,Fidelity Asian Smaller Coms Y-Acc-GBP,10.45
09/24/2012,Fidelity Asian Smaller Coms Y-Acc-GBP,10.51
09/25/2012,Fidelity Asian Smaller Coms Y-Acc-GBP,10.52
09/26/2012,Fidelity Asian Smaller Coms Y-Acc-GBP,10.45
09/27/2012,Fidelity Asian Smaller Coms Y-Acc-GBP,10.51
09/28/2012,Fidelity Asian Smaller Coms Y-Acc-GBP,10.65
09/29/2012,Fidelity Asian Smaller Coms Y-Acc-GBP,10.65
09/30/2012,Fidelity Asian Smaller Coms Y-Acc-GBP,10.65
10/01/2012,Fidelity Asian Smaller Coms Y-Acc-GBP,10.81
10/02/2012,Fidelity Asian Smaller Coms Y-Acc-GBP,10.74
10/03/2012,Fidelity Asian Smaller Coms Y-Acc-GBP,10.85
10/04/2012,Fidelity Asian Smaller Coms Y-Acc-GBP,10.81
10/05/2012,Fidelity Asian Smaller Coms Y-Acc-GBP,10.88
10/06/2012,Fidelity Asian Smaller Coms Y-Acc-GBP,10.88
10/07/2012,Fidelity Asian Smaller Coms Y-Acc-GBP,10.88
10/08/2012,Fidelity Asian Smaller Coms Y-Acc-GBP,10.86
10/09/2012,Fidelity Asian Smaller Coms Y-Acc-GBP,10.83
10/10/2012,Fidelity Asian Smaller Coms Y-Acc-GBP,10.83
10/11/2012,Fidelity Asian Smaller Coms Y-Acc-GBP,10.88
10/12/2012,Fidelity Asian Smaller Coms Y-Acc-GBP,10.82
10/13/2012,Fidelity Asian Smaller Coms Y-Acc-GBP,10.82
10/14/2012,Fidelity Asian Smaller Coms Y-Acc-GBP,10.82
10/15/2012,Fidelity Asian Smaller Coms Y-Acc-GBP,10.88
10/16/2012,Fidelity Asian Smaller Coms Y-Acc-GBP,10.93
10/17/2012,Fidelity Asian Smaller Coms Y-Acc-GBP,10.92
10/18/2012,Fidelity Asian Smaller Coms Y-Acc-GBP,10.87
10/19/2012,Fidelity Asian Smaller Coms Y-Acc-GBP,10.92
10/20/2012,Fidelity Asian Smaller Coms Y-Acc-GBP,10.92
10/21/2012,Fidelity Asian Smaller Coms Y-Acc-GBP,10.92
10/22/2012,Fidelity Asian Smaller Coms Y-Acc-GBP,11.03
10/23/2012,Fidelity Asian Smaller Coms Y-Acc-GBP,10.99
10/24/2012,Fidelity Asian Smaller Coms Y-Acc-GBP,11.17
10/25/2012,Fidelity Asian Smaller Coms Y-Acc-GBP,11.01
10/26/2012,Fidelity Asian Smaller Coms Y-Acc-GBP,10.92
10/27/2012,Fidelity Asian Smaller Coms Y-Acc-GBP,10.92
10/28/2012,Fidelity Asian Smaller Coms Y-Acc-GBP,10.92
10/29/2012,Fidelity Asian Smaller Coms Y-Acc-GBP,10.94
10/30/2012,Fidelity Asian Smaller Coms Y-Acc-GBP,10.96
10/31/2012,Fidelity Asian Smaller Coms Y-Acc-GBP,10.9
11/01/2012,Fidelity Asian Smaller Coms Y-Acc-GBP,11.02
11/02/2012,Fidelity Asian Smaller Coms Y-Acc-GBP,11.11
11/03/2012,Fidelity Asian Smaller Coms Y-Acc-GBP,11.11
11/04/2012,Fidelity Asian Smaller Coms Y-Acc-GBP,11.11
11/05/2012,Fidelity Asian Smaller Coms Y-Acc-GBP,11.18
11/06/2012,Fidelity Asian Smaller Coms Y-Acc-GBP,11.27
11/07/2012,Fidelity Asian Smaller Coms Y-Acc-GBP,11.14
11/08/2012,Fidelity Asian Smaller Coms Y-Acc-GBP,11.21
11/09/2012,Fidelity Asian Smaller Coms Y-Acc-GBP,11.3
11/10/2012,Fidelity Asian Smaller Coms Y-Acc-GBP,11.3
11/11/2012,Fidelity Asian Smaller Coms Y-Acc-GBP,11.3
11/12/2012,Fidelity Asian Smaller Coms Y-Acc-GBP,11.33
11/13/2012,Fidelity Asian Smaller Coms Y-Acc-GBP,11.24
11/14/2012,Fidelity Asian Smaller Coms Y-Acc-GBP,11.18
11/15/2012,Fidelity Asian Smaller Coms Y-Acc-GBP,11.07
11/16/2012,Fidelity Asian Smaller Coms Y-Acc-GBP,11.02
11/17/2012,Fidelity Asian Smaller Coms Y-Acc-GBP,11.02
11/18/2012,Fidelity Asian Smaller Coms Y-Acc-GBP,11.02
11/19/2012,Fidelity Asian Smaller Coms Y-Acc-GBP,11.15
11/20/2012,Fidelity Asian Smaller Coms Y-Acc-GBP,11.14
11/21/2012,Fidelity Asian Smaller Coms Y-Acc-GBP,11.13
11/22/2012,Fidelity Asian Smaller Coms Y-Acc-GBP,11.17
11/23/2012,Fidelity Asian Smaller Coms Y-Acc-GBP,11.2
11/24/2012,Fidelity Asian Smaller Coms Y-Acc-GBP,11.2
11/25/2012,Fidelity Asian Smaller Coms Y-Acc-GBP,11.2
11/26/2012,Fidelity Asian Smaller Coms Y-Acc-GBP,11.19
11/27/2012,Fidelity Asian Smaller Coms Y-Acc-GBP,11.16
11/28/2012,Fidelity Asian Smaller Coms Y-Acc-GBP,11.19
11/29/2012,Fidelity Asian Smaller Coms Y-Acc-GBP,11.3
11/30/2012,Fidelity Asian Smaller Coms Y-Acc-GBP,11.37
12/01/2012,Fidelity Asian Smaller Coms Y-Acc-GBP,11.37
12/02/2012,Fidelity Asian Smaller Coms Y-Acc-GBP,11.37
12/03/2012,Fidelity Asian Smaller Coms Y-Acc-GBP,11.34
12/04/2012,Fidelity Asian Smaller Coms Y-Acc-GBP,11.33
12/05/2012,Fidelity Asian Smaller Coms Y-Acc-GBP,11.36
12/06/2012,Fidelity Asian Smaller Coms Y-Acc-GBP,11.37
12/07/2012,Fidelity Asian Smaller Coms Y-Acc-GBP,11.41
12/08/2012,Fidelity Asian Smaller Coms Y-Acc-GBP,11.41
12/09/2012,Fidelity Asian Smaller Coms Y-Acc-GBP,11.41
12/10/2012,Fidelity Asian Smaller Coms Y-Acc-GBP,11.43
12/11/2012,Fidelity Asian Smaller Coms Y-Acc-GBP,11.38
12/12/2012,Fidelity Asian Smaller Coms Y-Acc-GBP,11.42
12/13/2012,Fidelity Asian Smaller Coms Y-Acc-GBP,11.37
12/14/2012,Fidelity Asian Smaller Coms Y-Acc-GBP,11.38
12/15/2012,Fidelity Asian Smaller Coms Y-Acc-GBP,11.38
12/16/2012,Fidelity Asian Smaller Coms Y-Acc-GBP,11.38
12/17/2012,Fidelity Asian Smaller Coms Y-Acc-GBP,11.28
12/18/2012,Fidelity Asian Smaller Coms Y-Acc-GBP,11.27
12/19/2012,Fidelity Asian Smaller Coms Y-Acc-GBP,11.28
12/20/2012,Fidelity Asian Smaller Coms Y-Acc-GBP,11.3
12/21/2012,Fidelity Asian Smaller Coms Y-Acc-GBP,11.28
12/22/2012,Fidelity Asian Smaller Coms Y-Acc-GBP,11.28
12/23/2012,Fidelity Asian Smaller Coms Y-Acc-GBP,11.28
12/24/2012,Fidelity Asian Smaller Coms Y-Acc-GBP,11.36
12/25/2012,Fidelity Asian Smaller Coms Y-Acc-GBP,11.36
12/26/2012,Fidelity Asian Smaller Coms Y-Acc-GBP,11.4
12/27/2012,Fidelity Asian Smaller Coms Y-Acc-GBP,11.45
12/28/2012,Fidelity Asian Smaller Coms Y-Acc-GBP,11.52
12/29/2012,Fidelity Asian Smaller Coms Y-Acc-GBP,11.52
12/30/2012,Fidelity Asian Smaller Coms Y-Acc-GBP,11.52
12/31/2012,Fidelity Asian Smaller Coms Y-Acc-GBP,11.49
01/01/2013,Fidelity Asian Smaller Coms Y-Acc-GBP,11.49
01/02/2013,Fidelity Asian Smaller Coms Y-Acc-GBP,11.7
01/03/2013,Fidelity Asian Smaller Coms Y-Acc-GBP,11.87
01/04/2013,Fidelity Asian Smaller Coms Y-Acc-GBP,11.96
01/05/2013,Fidelity Asian Smaller Coms Y-Acc-GBP,11.96
01/06/2013,Fidelity Asian Smaller Coms Y-Acc-GBP,11.96
01/07/2013,Fidelity Asian Smaller Coms Y-Acc-GBP,12.03
01/08/2013,Fidelity Asian Smaller Coms Y-Acc-GBP,12.03
01/09/2013,Fidelity Asian Smaller Coms Y-Acc-GBP,12.26
01/10/2013,Fidelity Asian Smaller Coms Y-Acc-GBP,12.23
01/11/2013,Fidelity Asian Smaller Coms Y-Acc-GBP,12.2
01/12/2013,Fidelity Asian Smaller Coms Y-Acc-GBP,12.2
01/13/2013,Fidelity Asian Smaller Coms Y-Acc-GBP,12.2
01/14/2013,Fidelity Asian Smaller Coms Y-Acc-GBP,12.31
01/15/2013,Fidelity Asian Smaller Coms Y-Acc-GBP,12.29
01/16/2013,Fidelity Asian Smaller Coms Y-Acc-GBP,12.41
01/17/2013,Fidelity Asian Smaller Coms Y-Acc-GBP,12.45
01/18/2013,Fidelity Asian Smaller Coms Y-Acc-GBP,12.56
01/19/2013,Fidelity Asian Smaller Coms Y-Acc-GBP,12.56
01/20/2013,Fidelity Asian Smaller Coms Y-Acc-GBP,12.56
01/21/2013,Fidelity Asian Smaller Coms Y-Acc-GBP,12.72
01/22/2013,Fidelity Asian Smaller Coms Y-Acc-GBP,12.66
01/23/2013,Fidelity Asian Smaller Coms Y-Acc-GBP,12.64
01/24/2013,Fidelity Asian Smaller Coms Y-Acc-GBP,12.7
01/25/2013,Fidelity Asian Smaller Coms Y-Acc-GBP,12.62
01/26/2013,Fidelity Asian Smaller Coms Y-Acc-GBP,12.62
01/27/2013,Fidelity Asian Smaller Coms Y-Acc-GBP,12.62
01/28/2013,Fidelity Asian Smaller Coms Y-Acc-GBP,12.7
01/29/2013,Fidelity Asian Smaller Coms Y-Acc-GBP,12.73
01/30/2013,Fidelity Asian Smaller Coms Y-Acc-GBP,12.71
01/31/2013,Fidelity Asian Smaller Coms Y-Acc-GBP,12.59
02/01/2013,Fidelity Asian Smaller Coms Y-Acc-GBP,12.75
02/02/2013,Fidelity Asian Smaller Coms Y-Acc-GBP,12.75
02/03/2013,Fidelity Asian Smaller Coms Y-Acc-GBP,12.75
02/04/2013,Fidelity Asian Smaller Coms Y-Acc-GBP,12.71
02/05/2013,Fidelity Asian Smaller Coms Y-Acc-GBP,12.79
02/06/2013,Fidelity Asian Smaller Coms Y-Acc-GBP,12.78
02/07/2013,Fidelity Asian Smaller Coms Y-Acc-GBP,12.65
02/08/2013,Fidelity Asian Smaller Coms Y-Acc-GBP,12.77
02/09/2013,Fidelity Asian Smaller Coms Y-Acc-GBP,12.77
02/10/2013,Fidelity Asian Smaller Coms Y-Acc-GBP,12.77
02/11/2013,Fidelity Asian Smaller Coms Y-Acc-GBP,12.85
02/12/2013,Fidelity Asian Smaller Coms Y-Acc-GBP,12.87
02/13/2013,Fidelity Asian Smaller Coms Y-Acc-GBP,13
02/14/2013,Fidelity Asian Smaller Coms Y-Acc-GBP,13.15
02/15/2013,Fidelity Asian Smaller Coms Y-Acc-GBP,13.16
02/16/2013,Fidelity Asian Smaller Coms Y-Acc-GBP,13.16
02/17/2013,Fidelity Asian Smaller Coms Y-Acc-GBP,13.16
02/18/2013,Fidelity Asian Smaller Coms Y-Acc-GBP,13.23
02/19/2013,Fidelity Asian Smaller Coms Y-Acc-GBP,13.25
02/20/2013,Fidelity Asian Smaller Coms Y-Acc-GBP,13.35
02/21/2013,Fidelity Asian Smaller Coms Y-Acc-GBP,13.18
02/22/2013,Fidelity Asian Smaller Coms Y-Acc-GBP,13.28
02/23/2013,Fidelity Asian Smaller Coms Y-Acc-GBP,13.28
02/24/2013,Fidelity Asian Smaller Coms Y-Acc-GBP,13.28
02/25/2013,Fidelity Asian Smaller Coms Y-Acc-GBP,13.42
02/26/2013,Fidelity Asian Smaller Coms Y-Acc-GBP,13.2
02/27/2013,Fidelity Asian Smaller Coms Y-Acc-GBP,13.36
02/28/2013,Fidelity Asian Smaller Coms Y-Acc-GBP,13.43
03/01/2013,Fidelity Asian Smaller Coms Y-Acc-GBP,13.57
03/02/2013,Fidelity Asian Smaller Coms Y-Acc-GBP,13.57
03/03/2013,Fidelity Asian Smaller Coms Y-Acc-GBP,13.57
03/04/2013,Fidelity Asian Smaller Coms Y-Acc-GBP,13.44
03/05/2013,Fidelity Asian Smaller Coms Y-Acc-GBP,13.63
03/06/2013,Fidelity Asian Smaller Coms Y-Acc-GBP,13.78
03/07/2013,Fidelity Asian Smaller Coms Y-Acc-GBP,13.81
03/08/2013,Fidelity Asian Smaller Coms Y-Acc-GBP,13.87
03/09/2013,Fidelity Asian Smaller Coms Y-Acc-GBP,13.87
03/10/2013,Fidelity Asian Smaller Coms Y-Acc-GBP,13.87
03/11/2013,Fidelity Asian Smaller Coms Y-Acc-GBP,13.87
03/12/2013,Fidelity Asian Smaller Coms Y-Acc-GBP,13.76
03/13/2013,Fidelity Asian Smaller Coms Y-Acc-GBP,13.67
03/14/2013,Fidelity Asian Smaller Coms Y-Acc-GBP,13.58
03/15/2013,Fidelity Asian Smaller Coms Y-Acc-GBP,13.56
03/16/2013,Fidelity Asian Smaller Coms Y-Acc-GBP,13.56
03/17/2013,Fidelity Asian Smaller Coms Y-Acc-GBP,13.56
03/18/2013,Fidelity Asian Smaller Coms Y-Acc-GBP,13.46
03/19/2013,Fidelity Asian Smaller Coms Y-Acc-GBP,13.45
03/20/2013,Fidelity Asian Smaller Coms Y-Acc-GBP,13.62
03/21/2013,Fidelity Asian Smaller Coms Y-Acc-GBP,13.63
03/22/2013,Fidelity Asian Smaller Coms Y-Acc-GBP,13.62
03/23/2013,Fidelity Asian Smaller Coms Y-Acc-GBP,13.62
03/24/2013,Fidelity Asian Smaller Coms Y-Acc-GBP,13.62
03/25/2013,Fidelity Asian Smaller Coms Y-Acc-GBP,13.66
03/26/2013,Fidelity Asian Smaller Coms Y-Acc-GBP,13.76
03/27/2013,Fidelity Asian Smaller Coms Y-Acc-GBP,13.79
03/28/2013,Fidelity Asian Smaller Coms Y-Acc-GBP,13.77
03/29/2013,Fidelity Asian Smaller Coms Y-Acc-GBP,13.8
03/30/2013,Fidelity Asian Smaller Coms Y-Acc-GBP,13.8
03/31/2013,Fidelity Asian Smaller Coms Y-Acc-GBP,13.8
04/01/2013,Fidelity Asian Smaller Coms Y-Acc-GBP,13.64
04/02/2013,Fidelity Asian Smaller Coms Y-Acc-GBP,13.72
04/03/2013,Fidelity Asian Smaller Coms Y-Acc-GBP,13.59
04/04/2013,Fidelity Asian Smaller Coms Y-Acc-GBP,13.44
04/05/2013,Fidelity Asian Smaller Coms Y-Acc-GBP,13.16
04/06/2013,Fidelity Asian Smaller Coms Y-Acc-GBP,13.16
04/07/2013,Fidelity Asian Smaller Coms Y-Acc-GBP,13.16
04/08/2013,Fidelity Asian Smaller Coms Y-Acc-GBP,13.15
04/09/2013,Fidelity Asian Smaller Coms Y-Acc-GBP,13.26
04/10/2013,Fidelity Asian Smaller Coms Y-Acc-GBP,13.45
04/11/2013,Fidelity Asian Smaller Coms Y-Acc-GBP,13.45
04/12/2013,Fidelity Asian Smaller Coms Y-Acc-GBP,13.45
04/13/2013,Fidelity Asian Smaller Coms Y-Acc-GBP,13.45
04/14/2013,Fidelity Asian Smaller Coms Y-Acc-GBP,13.45
04/15/2013,Fidelity Asian Smaller Coms Y-Acc-GBP,13.42
04/16/2013,Fidelity Asian Smaller Coms Y-Acc-GBP,13.43
04/17/2013,Fidelity Asian Smaller Coms Y-Acc-GBP,13.47
04/18/2013,Fidelity Asian Smaller Coms Y-Acc-GBP,13.44
04/19/2013,Fidelity Asian Smaller Coms Y-Acc-GBP,13.56
04/20/2013,Fidelity Asian Smaller Coms Y-Acc-GBP,13.56
04/21/2013,Fidelity Asian Smaller Coms Y-Acc-GBP,13.56
04/22/2013,Fidelity Asian Smaller Coms Y-Acc-GBP,13.66
04/23/2013,Fidelity Asian Smaller Coms Y-Acc-GBP,13.76
04/24/2013,Fidelity Asian Smaller Coms Y-Acc-GBP,13.79
04/25/2013,Fidelity Asian Smaller Coms Y-Acc-GBP,13.71
04/26/2013,Fidelity Asian Smaller Coms Y-Acc-GBP,13.68
04/27/2013,Fidelity Asian Smaller Coms Y-Acc-GBP,13.68
04/28/2013,Fidelity Asian Smaller Coms Y-Acc-GBP,13.68
04/29/2013,Fidelity Asian Smaller Coms Y-Acc-GBP,13.71
04/30/2013,Fidelity Asian Smaller Coms Y-Acc-GBP,13.73
05/01/2013,Fidelity Asian Smaller Coms Y-Acc-GBP,13.69
05/02/2013,Fidelity Asian Smaller Coms Y-Acc-GBP,13.74
05/03/2013,Fidelity Asian Smaller Coms Y-Acc-GBP,13.77
05/04/2013,Fidelity Asian Smaller Coms Y-Acc-GBP,13.77
05/05/2013,Fidelity Asian Smaller Coms Y-Acc-GBP,13.77
05/06/2013,Fidelity Asian Smaller Coms Y-Acc-GBP,13.82
05/07/2013,Fidelity Asian Smaller Coms Y-Acc-GBP,14.05
05/08/2013,Fidelity Asian Smaller Coms Y-Acc-GBP,14.06
05/09/2013,Fidelity Asian Smaller Coms Y-Acc-GBP,14.04
05/10/2013,Fidelity Asian Smaller Coms Y-Acc-GBP,14.14
05/11/2013,Fidelity Asian Smaller Coms Y-Acc-GBP,14.14
05/12/2013,Fidelity Asian Smaller Coms Y-Acc-GBP,14.14
05/13/2013,Fidelity Asian Smaller Coms Y-Acc-GBP,14.18
05/14/2013,Fidelity Asian Smaller Coms Y-Acc-GBP,14.23
05/15/2013,Fidelity Asian Smaller Coms Y-Acc-GBP,14.31
05/16/2013,Fidelity Asian Smaller Coms Y-Acc-GBP,14.2
05/17/2013,Fidelity Asian Smaller Coms Y-Acc-GBP,14.33
05/18/2013,Fidelity Asian Smaller Coms Y-Acc-GBP,14.33
05/19/2013,Fidelity Asian Smaller Coms Y-Acc-GBP,14.33
05/20/2013,Fidelity Asian Smaller Coms Y-Acc-GBP,14.47
05/21/2013,Fidelity Asian Smaller Coms Y-Acc-GBP,14.58
05/22/2013,Fidelity Asian Smaller Coms Y-Acc-GBP,14.68
05/23/2013,Fidelity Asian Smaller Coms Y-Acc-GBP,14.3
05/24/2013,Fidelity Asian Smaller Coms Y-Acc-GBP,14.29
05/25/2013,Fidelity Asian Smaller Coms Y-Acc-GBP,14.29
05/26/2013,Fidelity Asian Smaller Coms Y-Acc-GBP,14.29
05/27/2013,Fidelity Asian Smaller Coms Y-Acc-GBP,14.49
05/28/2013,Fidelity Asian Smaller Coms Y-Acc-GBP,14.64
05/29/2013,Fidelity Asian Smaller Coms Y-Acc-GBP,14.51
05/30/2013,Fidelity Asian Smaller Coms Y-Acc-GBP,14.53
05/31/2013,Fidelity Asian Smaller Coms Y-Acc-GBP,14.57
06/01/2013,Fidelity Asian Smaller Coms Y-Acc-GBP,14.57
06/02/2013,Fidelity Asian Smaller Coms Y-Acc-GBP,14.57
06/03/2013,Fidelity Asian Smaller Coms Y-Acc-GBP,14.22
06/04/2013,Fidelity Asian Smaller Coms Y-Acc-GBP,14.28
06/05/2013,Fidelity Asian Smaller Coms Y-Acc-GBP,14.07
06/06/2013,Fidelity Asian Smaller Coms Y-Acc-GBP,13.82
06/07/2013,Fidelity Asian Smaller Coms Y-Acc-GBP,13.86
06/08/2013,Fidelity Asian Smaller Coms Y-Acc-GBP,13.86
06/09/2013,Fidelity Asian Smaller Coms Y-Acc-GBP,13.86
06/10/2013,Fidelity Asian Smaller Coms Y-Acc-GBP,13.81
06/11/2013,Fidelity Asian Smaller Coms Y-Acc-GBP,13.56
06/12/2013,Fidelity Asian Smaller Coms Y-Acc-GBP,13.47
06/13/2013,Fidelity Asian Smaller Coms Y-Acc-GBP,13.3
06/14/2013,Fidelity Asian Smaller Coms Y-Acc-GBP,13.36
06/15/2013,Fidelity Asian Smaller Coms Y-Acc-GBP,13.36
06/16/2013,Fidelity Asian Smaller Coms Y-Acc-GBP,13.36
06/17/2013,Fidelity Asian Smaller Coms Y-Acc-GBP,13.47
06/18/2013,Fidelity Asian Smaller Coms Y-Acc-GBP,13.59
06/19/2013,Fidelity Asian Smaller Coms Y-Acc-GBP,13.52
06/20/2013,Fidelity Asian Smaller Coms Y-Acc-GBP,13.16
06/21/2013,Fidelity Asian Smaller Coms Y-Acc-GBP,13.05
06/22/2013,Fidelity Asian Smaller Coms Y-Acc-GBP,13.05
06/23/2013,Fidelity Asian Smaller Coms Y-Acc-GBP,13.05
06/24/2013,Fidelity Asian Smaller Coms Y-Acc-GBP,12.58
06/25/2013,Fidelity Asian Smaller Coms Y-Acc-GBP,12.57
06/26/2013,Fidelity Asian Smaller Coms Y-Acc-GBP,12.93
06/27/2013,Fidelity Asian Smaller Coms Y-Acc-GBP,13.1
06/28/2013,Fidelity Asian Smaller Coms Y-Acc-GBP,13.18
06/29/2013,Fidelity Asian Smaller Coms Y-Acc-GBP,13.18
06/30/2013,Fidelity Asian Smaller Coms Y-Acc-GBP,13.18
07/01/2013,Fidelity Asian Smaller Coms Y-Acc-GBP,13.35
07/02/2013,Fidelity Asian Smaller Coms Y-Acc-GBP,13.49
07/03/2013,Fidelity Asian Smaller Coms Y-Acc-GBP,13.22
07/04/2013,Fidelity Asian Smaller Coms Y-Acc-GBP,13.48
07/05/2013,Fidelity Asian Smaller Coms Y-Acc-GBP,13.51
07/06/2013,Fidelity Asian Smaller Coms Y-Acc-GBP,13.51
07/07/2013,Fidelity Asian Smaller Coms Y-Acc-GBP,13.51
07/08/2013,Fidelity Asian Smaller Coms Y-Acc-GBP,13.53
07/09/2013,Fidelity Asian Smaller Coms Y-Acc-GBP,13.64
07/10/2013,Fidelity Asian Smaller Coms Y-Acc-GBP,13.59
07/11/2013,Fidelity Asian Smaller Coms Y-Acc-GBP,13.68
07/12/2013,Fidelity Asian Smaller Coms Y-Acc-GBP,13.71
07/13/2013,Fidelity Asian Smaller Coms Y-Acc-GBP,13.71
07/14/2013,Fidelity Asian Smaller Coms Y-Acc-GBP,13.71
07/15/2013,Fidelity Asian Smaller Coms Y-Acc-GBP,13.89
07/16/2013,Fidelity Asian Smaller Coms Y-Acc-GBP,13.96
07/17/2013,Fidelity Asian Smaller Coms Y-Acc-GBP,14
07/18/2013,Fidelity Asian Smaller Coms Y-Acc-GBP,14.06
07/19/2013,Fidelity Asian Smaller Coms Y-Acc-GBP,13.96
07/20/2013,Fidelity Asian Smaller Coms Y-Acc-GBP,13.96
07/21/2013,Fidelity Asian Smaller Coms Y-Acc-GBP,13.96
07/22/2013,Fidelity Asian Smaller Coms Y-Acc-GBP,13.87
07/23/2013,Fidelity Asian Smaller Coms Y-Acc-GBP,13.99
07/24/2013,Fidelity Asian Smaller Coms Y-Acc-GBP,14
07/25/2013,Fidelity Asian Smaller Coms Y-Acc-GBP,14.02
07/26/2013,Fidelity Asian Smaller Coms Y-Acc-GBP,13.96
07/27/2013,Fidelity Asian Smaller Coms Y-Acc-GBP,13.96
07/28/2013,Fidelity Asian Smaller Coms Y-Acc-GBP,13.96
07/29/2013,Fidelity Asian Smaller Coms Y-Acc-GBP,13.82
07/30/2013,Fidelity Asian Smaller Coms Y-Acc-GBP,13.89
07/31/2013,Fidelity Asian Smaller Coms Y-Acc-GBP,13.91
08/01/2013,Fidelity Asian Smaller Coms Y-Acc-GBP,14.08
08/02/2013,Fidelity Asian Smaller Coms Y-Acc-GBP,13.98
08/03/2013,Fidelity Asian Smaller Coms Y-Acc-GBP,13.98
08/04/2013,Fidelity Asian Smaller Coms Y-Acc-GBP,13.98
08/05/2013,Fidelity Asian Smaller Coms Y-Acc-GBP,14.02
08/06/2013,Fidelity Asian Smaller Coms Y-Acc-GBP,13.98
08/07/2013,Fidelity Asian Smaller Coms Y-Acc-GBP,13.76
08/08/2013,Fidelity Asian Smaller Coms Y-Acc-GBP,13.86
08/09/2013,Fidelity Asian Smaller Coms Y-Acc-GBP,14.13
08/10/2013,Fidelity Asian Smaller Coms Y-Acc-GBP,14.13
08/11/2013,Fidelity Asian Smaller Coms Y-Acc-GBP,14.13
08/12/2013,Fidelity Asian Smaller Coms Y-Acc-GBP,14.2
08/13/2013,Fidelity Asian Smaller Coms Y-Acc-GBP,14.27
08/14/2013,Fidelity Asian Smaller Coms Y-Acc-GBP,14.27
08/15/2013,Fidelity Asian Smaller Coms Y-Acc-GBP,14.03
08/16/2013,Fidelity Asian Smaller Coms Y-Acc-GBP,13.98
08/17/2013,Fidelity Asian Smaller Coms Y-Acc-GBP,13.98
08/18/2013,Fidelity Asian Smaller Coms Y-Acc-GBP,13.98
08/19/2013,Fidelity Asian Smaller Coms Y-Acc-GBP,13.95
08/20/2013,Fidelity Asian Smaller Coms Y-Acc-GBP,13.69
08/21/2013,Fidelity Asian Smaller Coms Y-Acc-GBP,13.64
08/22/2013,Fidelity Asian Smaller Coms Y-Acc-GBP,13.66
08/23/2013,Fidelity Asian Smaller Coms Y-Acc-GBP,13.72
08/24/2013,Fidelity Asian Smaller Coms Y-Acc-GBP,13.72
08/25/2013,Fidelity Asian Smaller Coms Y-Acc-GBP,13.72
08/26/2013,Fidelity Asian Smaller Coms Y-Acc-GBP,13.79
08/27/2013,Fidelity Asian Smaller Coms Y-Acc-GBP,13.44
08/28/2013,Fidelity Asian Smaller Coms Y-Acc-GBP,13.3
08/29/2013,Fidelity Asian Smaller Coms Y-Acc-GBP,13.61
08/30/2013,Fidelity Asian Smaller Coms Y-Acc-GBP,13.64
08/31/2013,Fidelity Asian Smaller Coms Y-Acc-GBP,13.64
09/01/2013,Fidelity Asian Smaller Coms Y-Acc-GBP,13.64
09/02/2013,Fidelity Asian Smaller Coms Y-Acc-GBP,13.71
09/03/2013,Fidelity Asian Smaller Coms Y-Acc-GBP,13.66
09/04/2013,Fidelity Asian Smaller Coms Y-Acc-GBP,13.7
09/05/2013,Fidelity Asian Smaller Coms Y-Acc-GBP,13.76
09/06/2013,Fidelity Asian Smaller Coms Y-Acc-GBP,13.85
09/07/2013,Fidelity Asian Smaller Coms Y-Acc-GBP,13.85
09/08/2013,Fidelity Asian Smaller Coms Y-Acc-GBP,13.85
09/09/2013,Fidelity Asian Smaller Coms Y-Acc-GBP,13.88
09/10/2013,Fidelity Asian Smaller Coms Y-Acc-GBP,14.02
09/11/2013,Fidelity Asian Smaller Coms Y-Acc-GBP,13.97
09/12/2013,Fidelity Asian Smaller Coms Y-Acc-GBP,13.96
09/13/2013,Fidelity Asian Smaller Coms Y-Acc-GBP,13.89
09/14/2013,Fidelity Asian Smaller Coms Y-Acc-GBP,13.89
09/15/2013,Fidelity Asian Smaller Coms Y-Acc-GBP,13.89
09/16/2013,Fidelity Asian Smaller Coms Y-Acc-GBP,14.01
09/17/2013,Fidelity Asian Smaller Coms Y-Acc-GBP,14.11
09/18/2013,Fidelity Asian Smaller Coms Y-Acc-GBP,14.01
09/19/2013,Fidelity Asian Smaller Coms Y-Acc-GBP,14.24
09/20/2013,Fidelity Asian Smaller Coms Y-Acc-GBP,14.15
09/21/2013,Fidelity Asian Smaller Coms Y-Acc-GBP,14.15
09/22/2013,Fidelity Asian Smaller Coms Y-Acc-GBP,14.15
09/23/2013,Fidelity Asian Smaller Coms Y-Acc-GBP,14.13
09/24/2013,Fidelity Asian Smaller Coms Y-Acc-GBP,14.16
09/25/2013,Fidelity Asian Smaller Coms Y-Acc-GBP,14.14
09/26/2013,Fidelity Asian Smaller Coms Y-Acc-GBP,14.2
09/27/2013,Fidelity Asian Smaller Coms Y-Acc-GBP,14.1
09/28/2013,Fidelity Asian Smaller Coms Y-Acc-GBP,14.1
09/29/2013,Fidelity Asian Smaller Coms Y-Acc-GBP,14.1
09/30/2013,Fidelity Asian Smaller Coms Y-Acc-GBP,14
10/01/2013,Fidelity Asian Smaller Coms Y-Acc-GBP,14.06
10/02/2013,Fidelity Asian Smaller Coms Y-Acc-GBP,14.11
10/03/2013,Fidelity Asian Smaller Coms Y-Acc-GBP,14.22
10/04/2013,Fidelity Asian Smaller Coms Y-Acc-GBP,14.45
10/05/2013,Fidelity Asian Smaller Coms Y-Acc-GBP,14.45
10/06/2013,Fidelity Asian Smaller Coms Y-Acc-GBP,14.45
10/07/2013,Fidelity Asian Smaller Coms Y-Acc-GBP,14.43
10/08/2013,Fidelity Asian Smaller Coms Y-Acc-GBP,14.33
10/09/2013,Fidelity Asian Smaller Coms Y-Acc-GBP,14.42
10/10/2013,Fidelity Asian Smaller Coms Y-Acc-GBP,14.6
10/11/2013,Fidelity Asian Smaller Coms Y-Acc-GBP,14.71
10/12/2013,Fidelity Asian Smaller Coms Y-Acc-GBP,14.71
10/13/2013,Fidelity Asian Smaller Coms Y-Acc-GBP,14.71
10/14/2013,Fidelity Asian Smaller Coms Y-Acc-GBP,14.63
10/15/2013,Fidelity Asian Smaller Coms Y-Acc-GBP,14.68
10/16/2013,Fidelity Asian Smaller Coms Y-Acc-GBP,14.71
10/17/2013,Fidelity Asian Smaller Coms Y-Acc-GBP,14.59
10/18/2013,Fidelity Asian Smaller Coms Y-Acc-GBP,14.67
10/19/2013,Fidelity Asian Smaller Coms Y-Acc-GBP,14.67
10/20/2013,Fidelity Asian Smaller Coms Y-Acc-GBP,14.67
10/21/2013,Fidelity Asian Smaller Coms Y-Acc-GBP,14.76
10/22/2013,Fidelity Asian Smaller Coms Y-Acc-GBP,14.77
10/23/2013,Fidelity Asian Smaller Coms Y-Acc-GBP,14.69
10/24/2013,Fidelity Asian Smaller Coms Y-Acc-GBP,14.74
10/25/2013,Fidelity Asian Smaller Coms Y-Acc-GBP,14.77
10/26/2013,Fidelity Asian Smaller Coms Y-Acc-GBP,14.77
10/27/2013,Fidelity Asian Smaller Coms Y-Acc-GBP,14.77
10/28/2013,Fidelity Asian Smaller Coms Y-Acc-GBP,14.82
10/29/2013,Fidelity Asian Smaller Coms Y-Acc-GBP,14.86
10/30/2013,Fidelity Asian Smaller Coms Y-Acc-GBP,14.84
10/31/2013,Fidelity Asian Smaller Coms Y-Acc-GBP,14.85
11/01/2013,Fidelity Asian Smaller Coms Y-Acc-GBP,14.96
11/02/2013,Fidelity Asian Smaller Coms Y-Acc-GBP,14.96
11/03/2013,Fidelity Asian Smaller Coms Y-Acc-GBP,14.96
11/04/2013,Fidelity Asian Smaller Coms Y-Acc-GBP,14.96
11/05/2013,Fidelity Asian Smaller Coms Y-Acc-GBP,14.89
11/06/2013,Fidelity Asian Smaller Coms Y-Acc-GBP,14.9
11/07/2013,Fidelity Asian Smaller Coms Y-Acc-GBP,14.77
11/08/2013,Fidelity Asian Smaller Coms Y-Acc-GBP,14.82
11/09/2013,Fidelity Asian Smaller Coms Y-Acc-GBP,14.82
11/10/2013,Fidelity Asian Smaller Coms Y-Acc-GBP,14.82
11/11/2013,Fidelity Asian Smaller Coms Y-Acc-GBP,14.77
11/12/2013,Fidelity Asian Smaller Coms Y-Acc-GBP,14.78
11/13/2013,Fidelity Asian Smaller Coms Y-Acc-GBP,14.64
11/14/2013,Fidelity Asian Smaller Coms Y-Acc-GBP,14.82
11/15/2013,Fidelity Asian Smaller Coms Y-Acc-GBP,14.93
11/16/2013,Fidelity Asian Smaller Coms Y-Acc-GBP,14.93
11/17/2013,Fidelity Asian Smaller Coms Y-Acc-GBP,14.93
11/18/2013,Fidelity Asian Smaller Coms Y-Acc-GBP,14.92
11/19/2013,Fidelity Asian Smaller Coms Y-Acc-GBP,14.85
11/20/2013,Fidelity Asian Smaller Coms Y-Acc-GBP,14.78
11/21/2013,Fidelity Asian Smaller Coms Y-Acc-GBP,14.65
11/22/2013,Fidelity Asian Smaller Coms Y-Acc-GBP,14.64
11/23/2013,Fidelity Asian Smaller Coms Y-Acc-GBP,14.64
11/24/2013,Fidelity Asian Smaller Coms Y-Acc-GBP,14.64
11/25/2013,Fidelity Asian Smaller Coms Y-Acc-GBP,14.76
11/26/2013,Fidelity Asian Smaller Coms Y-Acc-GBP,14.69
11/27/2013,Fidelity Asian Smaller Coms Y-Acc-GBP,14.64
11/28/2013,Fidelity Asian Smaller Coms Y-Acc-GBP,14.59
11/29/2013,Fidelity Asian Smaller Coms Y-Acc-GBP,14.66
11/30/2013,Fidelity Asian Smaller Coms Y-Acc-GBP,14.66
12/01/2013,Fidelity Asian Smaller Coms Y-Acc-GBP,14.66
12/02/2013,Fidelity Asian Smaller Coms Y-Acc-GBP,14.68
12/03/2013,Fidelity Asian Smaller Coms Y-Acc-GBP,14.57
12/04/2013,Fidelity Asian Smaller Coms Y-Acc-GBP,14.66
12/05/2013,Fidelity Asian Smaller Coms Y-Acc-GBP,14.7
12/06/2013,Fidelity Asian Smaller Coms Y-Acc-GBP,14.79
12/07/2013,Fidelity Asian Smaller Coms Y-Acc-GBP,14.79
12/08/2013,Fidelity Asian Smaller Coms Y-Acc-GBP,14.79
12/09/2013,Fidelity Asian Smaller Coms Y-Acc-GBP,14.65
12/10/2013,Fidelity Asian Smaller Coms Y-Acc-GBP,14.65
12/11/2013,Fidelity Asian Smaller Coms Y-Acc-GBP,14.59
12/12/2013,Fidelity Asian Smaller Coms Y-Acc-GBP,14.52
12/13/2013,Fidelity Asian Smaller Coms Y-Acc-GBP,14.54
12/14/2013,Fidelity Asian Smaller Coms Y-Acc-GBP,14.54
12/15/2013,Fidelity Asian Smaller Coms Y-Acc-GBP,14.54
12/16/2013,Fidelity Asian Smaller Coms Y-Acc-GBP,14.63
12/17/2013,Fidelity Asian Smaller Coms Y-Acc-GBP,14.63
12/18/2013,Fidelity Asian Smaller Coms Y-Acc-GBP,14.58
12/19/2013,Fidelity Asian Smaller Coms Y-Acc-GBP,14.59
12/20/2013,Fidelity Asian Smaller Coms Y-Acc-GBP,14.65
12/21/2013,Fidelity Asian Smaller Coms Y-Acc-GBP,14.65
12/22/2013,Fidelity Asian Smaller Coms Y-Acc-GBP,14.65
12/23/2013,Fidelity Asian Smaller Coms Y-Acc-GBP,14.66
12/24/2013,Fidelity Asian Smaller Coms Y-Acc-GBP,14.73
12/25/2013,Fidelity Asian Smaller Coms Y-Acc-GBP,14.73
12/26/2013,Fidelity Asian Smaller Coms Y-Acc-GBP,14.69
12/27/2013,Fidelity Asian Smaller Coms Y-Acc-GBP,14.71
12/28/2013,Fidelity Asian Smaller Coms Y-Acc-GBP,14.71
12/29/2013,Fidelity Asian Smaller Coms Y-Acc-GBP,14.71
12/30/2013,Fidelity Asian Smaller Coms Y-Acc-GBP,14.75
12/31/2013,Fidelity Asian Smaller Coms Y-Acc-GBP,14.81
01/01/2014,Fidelity Asian Smaller Coms Y-Acc-GBP,14.81
01/02/2014,Fidelity Asian Smaller Coms Y-Acc-GBP,14.83
01/03/2014,Fidelity Asian Smaller Coms Y-Acc-GBP,14.81
01/04/2014,Fidelity Asian Smaller Coms Y-Acc-GBP,14.81
01/05/2014,Fidelity Asian Smaller Coms Y-Acc-GBP,14.81
01/06/2014,Fidelity Asian Smaller Coms Y-Acc-GBP,14.72
01/07/2014,Fidelity Asian Smaller Coms Y-Acc-GBP,14.78
01/08/2014,Fidelity Asian Smaller Coms Y-Acc-GBP,14.87
01/09/2014,Fidelity Asian Smaller Coms Y-Acc-GBP,14.75
01/10/2014,Fidelity Asian Smaller Coms Y-Acc-GBP,14.8
01/11/2014,Fidelity Asian Smaller Coms Y-Acc-GBP,14.8
01/12/2014,Fidelity Asian Smaller Coms Y-Acc-GBP,14.8
01/13/2014,Fidelity Asian Smaller Coms Y-Acc-GBP,14.98
01/14/2014,Fidelity Asian Smaller Coms Y-Acc-GBP,14.85
01/15/2014,Fidelity Asian Smaller Coms Y-Acc-GBP,14.95
01/16/2014,Fidelity Asian Smaller Coms Y-Acc-GBP,15.13
01/17/2014,Fidelity Asian Smaller Coms Y-Acc-GBP,15.04
01/18/2014,Fidelity Asian Smaller Coms Y-Acc-GBP,15.04
01/19/2014,Fidelity Asian Smaller Coms Y-Acc-GBP,15.04
01/20/2014,Fidelity Asian Smaller Coms Y-Acc-GBP,14.95
01/21/2014,Fidelity Asian Smaller Coms Y-Acc-GBP,14.91
01/22/2014,Fidelity Asian Smaller Coms Y-Acc-GBP,14.88
01/23/2014,Fidelity Asian Smaller Coms Y-Acc-GBP,14.8
01/24/2014,Fidelity Asian Smaller Coms Y-Acc-GBP,14.66
01/25/2014,Fidelity Asian Smaller Coms Y-Acc-GBP,14.66
01/26/2014,Fidelity Asian Smaller Coms Y-Acc-GBP,14.66
01/27/2014,Fidelity Asian Smaller Coms Y-Acc-GBP,14.36
01/28/2014,Fidelity Asian Smaller Coms Y-Acc-GBP,14.44
01/29/2014,Fidelity Asian Smaller Coms Y-Acc-GBP,14.52
01/30/2014,Fidelity Asian Smaller Coms Y-Acc-GBP,14.6
01/31/2014,Fidelity Asian Smaller Coms Y-Acc-GBP,14.59
02/01/2014,Fidelity Asian Smaller Coms Y-Acc-GBP,14.59
02/02/2014,Fidelity Asian Smaller Coms Y-Acc-GBP,14.59
02/03/2014,Fidelity Asian Smaller Coms Y-Acc-GBP,14.63
02/04/2014,Fidelity Asian Smaller Coms Y-Acc-GBP,14.69
02/05/2014,Fidelity Asian Smaller Coms Y-Acc-GBP,14.62
02/06/2014,Fidelity Asian Smaller Coms Y-Acc-GBP,14.75
02/07/2014,Fidelity Asian Smaller Coms Y-Acc-GBP,14.78
02/08/2014,Fidelity Asian Smaller Coms Y-Acc-GBP,14.78
02/09/2014,Fidelity Asian Smaller Coms Y-Acc-GBP,14.78
02/10/2014,Fidelity Asian Smaller Coms Y-Acc-GBP,14.73
02/11/2014,Fidelity Asian Smaller Coms Y-Acc-GBP,14.77
02/12/2014,Fidelity Asian Smaller Coms Y-Acc-GBP,14.77
02/13/2014,Fidelity Asian Smaller Coms Y-Acc-GBP,14.68
02/14/2014,Fidelity Asian Smaller Coms Y-Acc-GBP,14.76
02/15/2014,Fidelity Asian Smaller Coms Y-Acc-GBP,14.76
02/16/2014,Fidelity Asian Smaller Coms Y-Acc-GBP,14.76
02/17/2014,Fidelity Asian Smaller Coms Y-Acc-GBP,14.81
02/18/2014,Fidelity Asian Smaller Coms Y-Acc-GBP,14.84
02/19/2014,Fidelity Asian Smaller Coms Y-Acc-GBP,14.87
02/20/2014,Fidelity Asian Smaller Coms Y-Acc-GBP,14.86
02/21/2014,Fidelity Asian Smaller Coms Y-Acc-GBP,14.97
02/22/2014,Fidelity Asian Smaller Coms Y-Acc-GBP,14.97
02/23/2014,Fidelity Asian Smaller Coms Y-Acc-GBP,14.97
02/24/2014,Fidelity Asian Smaller Coms Y-Acc-GBP,15.02
02/25/2014,Fidelity Asian Smaller Coms Y-Acc-GBP,14.89
02/26/2014,Fidelity Asian Smaller Coms Y-Acc-GBP,14.98
02/27/2014,Fidelity Asian Smaller Coms Y-Acc-GBP,15
02/28/2014,Fidelity Asian Smaller Coms Y-Acc-GBP,15.09
03/01/2014,Fidelity Asian Smaller Coms Y-Acc-GBP,15.09
03/02/2014,Fidelity Asian Smaller Coms Y-Acc-GBP,15.09
03/03/2014,Fidelity Asian Smaller Coms Y-Acc-GBP,15
03/04/2014,Fidelity Asian Smaller Coms Y-Acc-GBP,15.22
03/05/2014,Fidelity Asian Smaller Coms Y-Acc-GBP,15.23
03/06/2014,Fidelity Asian Smaller Coms Y-Acc-GBP,15.39
03/07/2014,Fidelity Asian Smaller Coms Y-Acc-GBP,15.39
03/08/2014,Fidelity Asian Smaller Coms Y-Acc-GBP,15.39
03/09/2014,Fidelity Asian Smaller Coms Y-Acc-GBP,15.39
03/10/2014,Fidelity Asian Smaller Coms Y-Acc-GBP,15.44
03/11/2014,Fidelity Asian Smaller Coms Y-Acc-GBP,15.5
03/12/2014,Fidelity Asian Smaller Coms Y-Acc-GBP,15.38
03/13/2014,Fidelity Asian Smaller Coms Y-Acc-GBP,15.34
03/14/2014,Fidelity Asian Smaller Coms Y-Acc-GBP,15.31
03/15/2014,Fidelity Asian Smaller Coms Y-Acc-GBP,15.31
03/16/2014,Fidelity Asian Smaller Coms Y-Acc-GBP,15.31
03/17/2014,Fidelity Asian Smaller Coms Y-Acc-GBP,15.39
03/18/2014,Fidelity Asian Smaller Coms Y-Acc-GBP,15.62
03/19/2014,Fidelity Asian Smaller Coms Y-Acc-GBP,15.49
03/20/2014,Fidelity Asian Smaller Coms Y-Acc-GBP,15.51
03/21/2014,Fidelity Asian Smaller Coms Y-Acc-GBP,15.59
03/22/2014,Fidelity Asian Smaller Coms Y-Acc-GBP,15.59
03/23/2014,Fidelity Asian Smaller Coms Y-Acc-GBP,15.59
03/24/2014,Fidelity Asian Smaller Coms Y-Acc-GBP,15.52
03/25/2014,Fidelity Asian Smaller Coms Y-Acc-GBP,15.48
03/26/2014,Fidelity Asian Smaller Coms Y-Acc-GBP,15.5
03/27/2014,Fidelity Asian Smaller Coms Y-Acc-GBP,15.38
03/28/2014,Fidelity Asian Smaller Coms Y-Acc-GBP,15.58
03/29/2014,Fidelity Asian Smaller Coms Y-Acc-GBP,15.58
03/30/2014,Fidelity Asian Smaller Coms Y-Acc-GBP,15.58
03/31/2014,Fidelity Asian Smaller Coms Y-Acc-GBP,15.69
04/01/2014,Fidelity Asian Smaller Coms Y-Acc-GBP,15.74
04/02/2014,Fidelity Asian Smaller Coms Y-Acc-GBP,15.82
04/03/2014,Fidelity Asian Smaller Coms Y-Acc-GBP,15.78
04/04/2014,Fidelity Asian Smaller Coms Y-Acc-GBP,15.79
04/05/2014,Fidelity Asian Smaller Coms Y-Acc-GBP,15.79
04/06/2014,Fidelity Asian Smaller Coms Y-Acc-GBP,15.79
04/07/2014,Fidelity Asian Smaller Coms Y-Acc-GBP,15.65
04/08/2014,Fidelity Asian Smaller Coms Y-Acc-GBP,15.56
04/09/2014,Fidelity Asian Smaller Coms Y-Acc-GBP,15.64
04/10/2014,Fidelity Asian Smaller Coms Y-Acc-GBP,15.59
04/11/2014,Fidelity Asian Smaller Coms Y-Acc-GBP,15.6
04/12/2014,Fidelity Asian Smaller Coms Y-Acc-GBP,15.6
04/13/2014,Fidelity Asian Smaller Coms Y-Acc-GBP,15.6
04/14/2014,Fidelity Asian Smaller Coms Y-Acc-GBP,15.72
04/15/2014,Fidelity Asian Smaller Coms Y-Acc-GBP,15.56
04/16/2014,Fidelity Asian Smaller Coms Y-Acc-GBP,15.63
04/17/2014,Fidelity Asian Smaller Coms Y-Acc-GBP,15.7
04/18/2014,Fidelity Asian Smaller Coms Y-Acc-GBP,15.72
04/19/2014,Fidelity Asian Smaller Coms Y-Acc-GBP,15.72
04/20/2014,Fidelity Asian Smaller Coms Y-Acc-GBP,15.72
04/21/2014,Fidelity Asian Smaller Coms Y-Acc-GBP,15.75
04/22/2014,Fidelity Asian Smaller Coms Y-Acc-GBP,15.78
04/23/2014,Fidelity Asian Smaller Coms Y-Acc-GBP,15.76
04/24/2014,Fidelity Asian Smaller Coms Y-Acc-GBP,15.74
04/25/2014,Fidelity Asian Smaller Coms Y-Acc-GBP,15.65
04/26/2014,Fidelity Asian Smaller Coms Y-Acc-GBP,15.65
04/27/2014,Fidelity Asian Smaller Coms Y-Acc-GBP,15.65
04/28/2014,Fidelity Asian Smaller Coms Y-Acc-GBP,15.63
04/29/2014,Fidelity Asian Smaller Coms Y-Acc-GBP,15.62
04/30/2014,Fidelity Asian Smaller Coms Y-Acc-GBP,15.56
05/01/2014,Fidelity Asian Smaller Coms Y-Acc-GBP,15.58
05/02/2014,Fidelity Asian Smaller Coms Y-Acc-GBP,15.64
05/03/2014,Fidelity Asian Smaller Coms Y-Acc-GBP,15.64
05/04/2014,Fidelity Asian Smaller Coms Y-Acc-GBP,15.64
05/05/2014,Fidelity Asian Smaller Coms Y-Acc-GBP,15.69
05/06/2014,Fidelity Asian Smaller Coms Y-Acc-GBP,15.59
05/07/2014,Fidelity Asian Smaller Coms Y-Acc-GBP,15.42
05/08/2014,Fidelity Asian Smaller Coms Y-Acc-GBP,15.48
05/09/2014,Fidelity Asian Smaller Coms Y-Acc-GBP,15.57
05/10/2014,Fidelity Asian Smaller Coms Y-Acc-GBP,15.57
05/11/2014,Fidelity Asian Smaller Coms Y-Acc-GBP,15.57
05/12/2014,Fidelity Asian Smaller Coms Y-Acc-GBP,15.68
05/13/2014,Fidelity Asian Smaller Coms Y-Acc-GBP,15.71
05/14/2014,Fidelity Asian Smaller Coms Y-Acc-GBP,15.82
05/15/2014,Fidelity Asian Smaller Coms Y-Acc-GBP,15.75
05/16/2014,Fidelity Asian Smaller Coms Y-Acc-GBP,15.81
05/17/2014,Fidelity Asian Smaller Coms Y-Acc-GBP,15.81
05/18/2014,Fidelity Asian Smaller Coms Y-Acc-GBP,15.81
05/19/2014,Fidelity Asian Smaller Coms Y-Acc-GBP,15.97
05/20/2014,Fidelity Asian Smaller Coms Y-Acc-GBP,15.83
05/21/2014,Fidelity Asian Smaller Coms Y-Acc-GBP,15.83
05/22/2014,Fidelity Asian Smaller Coms Y-Acc-GBP,15.95
05/23/2014,Fidelity Asian Smaller Coms Y-Acc-GBP,16.15
05/24/2014,Fidelity Asian Smaller Coms Y-Acc-GBP,16.15
05/25/2014,Fidelity Asian Smaller Coms Y-Acc-GBP,16.15
05/26/2014,Fidelity Asian Smaller Coms Y-Acc-GBP,16.08
05/27/2014,Fidelity Asian Smaller Coms Y-Acc-GBP,16.11
05/28/2014,Fidelity Asian Smaller Coms Y-Acc-GBP,16.28
05/29/2014,Fidelity Asian Smaller Coms Y-Acc-GBP,16.33
05/30/2014,Fidelity Asian Smaller Coms Y-Acc-GBP,16.34
05/31/2014,Fidelity Asian Smaller Coms Y-Acc-GBP,16.34
06/01/2014,Fidelity Asian Smaller Coms Y-Acc-GBP,16.34
06/02/2014,Fidelity Asian Smaller Coms Y-Acc-GBP,16.44
06/03/2014,Fidelity Asian Smaller Coms Y-Acc-GBP,16.37
06/04/2014,Fidelity Asian Smaller Coms Y-Acc-GBP,16.36
06/05/2014,Fidelity Asian Smaller Coms Y-Acc-GBP,16.4
06/06/2014,Fidelity Asian Smaller Coms Y-Acc-GBP,16.44
06/07/2014,Fidelity Asian Smaller Coms Y-Acc-GBP,16.44
06/08/2014,Fidelity Asian Smaller Coms Y-Acc-GBP,16.44
06/09/2014,Fidelity Asian Smaller Coms Y-Acc-GBP,16.56
06/10/2014,Fidelity Asian Smaller Coms Y-Acc-GBP,16.62
06/11/2014,Fidelity Asian Smaller Coms Y-Acc-GBP,16.56
06/12/2014,Fidelity Asian Smaller Coms Y-Acc-GBP,16.53
06/13/2014,Fidelity Asian Smaller Coms Y-Acc-GBP,16.37
06/14/2014,Fidelity Asian Smaller Coms Y-Acc-GBP,16.37
06/15/2014,Fidelity Asian Smaller Coms Y-Acc-GBP,16.37
06/16/2014,Fidelity Asian Smaller Coms Y-Acc-GBP,16.31
06/17/2014,Fidelity Asian Smaller Coms Y-Acc-GBP,16.41
06/18/2014,Fidelity Asian Smaller Coms Y-Acc-GBP,16.29
06/19/2014,Fidelity Asian Smaller Coms Y-Acc-GBP,16.25
06/20/2014,Fidelity Asian Smaller Coms Y-Acc-GBP,16.27
06/21/2014,Fidelity Asian Smaller Coms Y-Acc-GBP,16.27
06/22/2014,Fidelity Asian Smaller Coms Y-Acc-GBP,16.27
06/23/2014,Fidelity Asian Smaller Coms Y-Acc-GBP,16.25
06/24/2014,Fidelity Asian Smaller Coms Y-Acc-GBP,16.34
06/25/2014,Fidelity Asian Smaller Coms Y-Acc-GBP,16.3
06/26/2014,Fidelity Asian Smaller Coms Y-Acc-GBP,16.31
06/27/2014,Fidelity Asian Smaller Coms Y-Acc-GBP,16.4
06/28/2014,Fidelity Asian Smaller Coms Y-Acc-GBP,16.4
06/29/2014,Fidelity Asian Smaller Coms Y-Acc-GBP,16.4
06/30/2014,Fidelity Asian Smaller Coms Y-Acc-GBP,16.37
07/01/2014,Fidelity Asian Smaller Coms Y-Acc-GBP,16.42
07/02/2014,Fidelity Asian Smaller Coms Y-Acc-GBP,16.46
07/03/2014,Fidelity Asian Smaller Coms Y-Acc-GBP,16.54
07/04/2014,Fidelity Asian Smaller Coms Y-Acc-GBP,16.55
07/05/2014,Fidelity Asian Smaller Coms Y-Acc-GBP,16.55
07/06/2014,Fidelity Asian Smaller Coms Y-Acc-GBP,16.55
07/07/2014,Fidelity Asian Smaller Coms Y-Acc-GBP,16.61
07/08/2014,Fidelity Asian Smaller Coms Y-Acc-GBP,16.54
07/09/2014,Fidelity Asian Smaller Coms Y-Acc-GBP,16.57
07/10/2014,Fidelity Asian Smaller Coms Y-Acc-GBP,16.6
07/11/2014,Fidelity Asian Smaller Coms Y-Acc-GBP,16.52
07/12/2014,Fidelity Asian Smaller Coms Y-Acc-GBP,16.52
07/13/2014,Fidelity Asian Smaller Coms Y-Acc-GBP,16.52
07/14/2014,Fidelity Asian Smaller Coms Y-Acc-GBP,16.61
07/15/2014,Fidelity Asian Smaller Coms Y-Acc-GBP,16.54
07/16/2014,Fidelity Asian Smaller Coms Y-Acc-GBP,16.63
07/17/2014,Fidelity Asian Smaller Coms Y-Acc-GBP,16.58
07/18/2014,Fidelity Asian Smaller Coms Y-Acc-GBP,16.65
07/19/2014,Fidelity Asian Smaller Coms Y-Acc-GBP,16.65
07/20/2014,Fidelity Asian Smaller Coms Y-Acc-GBP,16.65
07/21/2014,Fidelity Asian Smaller Coms Y-Acc-GBP,16.69
07/22/2014,Fidelity Asian Smaller Coms Y-Acc-GBP,16.89
07/23/2014,Fidelity Asian Smaller Coms Y-Acc-GBP,16.88
07/24/2014,Fidelity Asian Smaller Coms Y-Acc-GBP,16.93
07/25/2014,Fidelity Asian Smaller Coms Y-Acc-GBP,16.91
07/26/2014,Fidelity Asian Smaller Coms Y-Acc-GBP,16.91
07/27/2014,Fidelity Asian Smaller Coms Y-Acc-GBP,16.91
07/28/2014,Fidelity Asian Smaller Coms Y-Acc-GBP,16.92
07/29/2014,Fidelity Asian Smaller Coms Y-Acc-GBP,16.98
07/30/2014,Fidelity Asian Smaller Coms Y-Acc-GBP,16.99
07/31/2014,Fidelity Asian Smaller Coms Y-Acc-GBP,16.89
08/01/2014,Fidelity Asian Smaller Coms Y-Acc-GBP,16.89
08/02/2014,Fidelity Asian Smaller Coms Y-Acc-GBP,16.89
08/03/2014,Fidelity Asian Smaller Coms Y-Acc-GBP,16.89
08/04/2014,Fidelity Asian Smaller Coms Y-Acc-GBP,16.97
08/05/2014,Fidelity Asian Smaller Coms Y-Acc-GBP,16.91
08/06/2014,Fidelity Asian Smaller Coms Y-Acc-GBP,16.86
08/07/2014,Fidelity Asian Smaller Coms Y-Acc-GBP,16.8
08/08/2014,Fidelity Asian Smaller Coms Y-Acc-GBP,16.89
08/09/2014,Fidelity Asian Smaller Coms Y-Acc-GBP,16.89
08/10/2014,Fidelity Asian Smaller Coms Y-Acc-GBP,16.89
08/11/2014,Fidelity Asian Smaller Coms Y-Acc-GBP,16.97
08/12/2014,Fidelity Asian Smaller Coms Y-Acc-GBP,17.03
08/13/2014,Fidelity Asian Smaller Coms Y-Acc-GBP,17.3
08/14/2014,Fidelity Asian Smaller Coms Y-Acc-GBP,17.4
08/15/2014,Fidelity Asian Smaller Coms Y-Acc-GBP,17.36
08/16/2014,Fidelity Asian Smaller Coms Y-Acc-GBP,17.36
08/17/2014,Fidelity Asian Smaller Coms Y-Acc-GBP,17.36
08/18/2014,Fidelity Asian Smaller Coms Y-Acc-GBP,17.41
08/19/2014,Fidelity Asian Smaller Coms Y-Acc-GBP,17.56
08/20/2014,Fidelity Asian Smaller Coms Y-Acc-GBP,17.56
08/21/2014,Fidelity Asian Smaller Coms Y-Acc-GBP,17.62
08/22/2014,Fidelity Asian Smaller Coms Y-Acc-GBP,17.68
08/23/2014,Fidelity Asian Smaller Coms Y-Acc-GBP,17.68
08/24/2014,Fidelity Asian Smaller Coms Y-Acc-GBP,17.68
08/25/2014,Fidelity Asian Smaller Coms Y-Acc-GBP,17.68
08/26/2014,Fidelity Asian Smaller Coms Y-Acc-GBP,17.73
08/27/2014,Fidelity Asian Smaller Coms Y-Acc-GBP,17.82
08/28/2014,Fidelity Asian Smaller Coms Y-Acc-GBP,17.73
08/29/2014,Fidelity Asian Smaller Coms Y-Acc-GBP,17.75
08/30/2014,Fidelity Asian Smaller Coms Y-Acc-GBP,17.75
08/31/2014,Fidelity Asian Smaller Coms Y-Acc-GBP,17.75
09/01/2014,Fidelity Asian Smaller Coms Y-Acc-GBP,17.75
09/02/2014,Fidelity Asian Smaller Coms Y-Acc-GBP,17.88
09/03/2014,Fidelity Asian Smaller Coms Y-Acc-GBP,17.98
09/04/2014,Fidelity Asian Smaller Coms Y-Acc-GBP,18.14
09/05/2014,Fidelity Asian Smaller Coms Y-Acc-GBP,18.23
09/06/2014,Fidelity Asian Smaller Coms Y-Acc-GBP,18.23
09/07/2014,Fidelity Asian Smaller Coms Y-Acc-GBP,18.23
09/08/2014,Fidelity Asian Smaller Coms Y-Acc-GBP,18.42
09/09/2014,Fidelity Asian Smaller Coms Y-Acc-GBP,18.38
09/10/2014,Fidelity Asian Smaller Coms Y-Acc-GBP,18.29
09/11/2014,Fidelity Asian Smaller Coms Y-Acc-GBP,18.22
09/12/2014,Fidelity Asian Smaller Coms Y-Acc-GBP,18.14
09/13/2014,Fidelity Asian Smaller Coms Y-Acc-GBP,18.14
09/14/2014,Fidelity Asian Smaller Coms Y-Acc-GBP,18.14
09/15/2014,Fidelity Asian Smaller Coms Y-Acc-GBP,18.08
09/16/2014,Fidelity Asian Smaller Coms Y-Acc-GBP,17.97
09/17/2014,Fidelity Asian Smaller Coms Y-Acc-GBP,17.86
09/18/2014,Fidelity Asian Smaller Coms Y-Acc-GBP,17.85
09/19/2014,Fidelity Asian Smaller Coms Y-Acc-GBP,17.95
09/20/2014,Fidelity Asian Smaller Coms Y-Acc-GBP,17.95
09/21/2014,Fidelity Asian Smaller Coms Y-Acc-GBP,17.95
09/22/2014,Fidelity Asian Smaller Coms Y-Acc-GBP,17.84
09/23/2014,Fidelity Asian Smaller Coms Y-Acc-GBP,17.71
09/24/2014,Fidelity Asian Smaller Coms Y-Acc-GBP,17.7
09/25/2014,Fidelity Asian Smaller Coms Y-Acc-GBP,17.55
09/26/2014,Fidelity Asian Smaller Coms Y-Acc-GBP,17.52
09/27/2014,Fidelity Asian Smaller Coms Y-Acc-GBP,17.52
09/28/2014,Fidelity Asian Smaller Coms Y-Acc-GBP,17.52
09/29/2014,Fidelity Asian Smaller Coms Y-Acc-GBP,17.45
09/30/2014,Fidelity Asian Smaller Coms Y-Acc-GBP,17.56
10/01/2014,Fidelity Asian Smaller Coms Y-Acc-GBP,17.49
10/02/2014,Fidelity Asian Smaller Coms Y-Acc-GBP,17.46
10/03/2014,Fidelity Asian Smaller Coms Y-Acc-GBP,17.72
10/04/2014,Fidelity Asian Smaller Coms Y-Acc-GBP,17.72
10/05/2014,Fidelity Asian Smaller Coms Y-Acc-GBP,17.72
10/06/2014,Fidelity Asian Smaller Coms Y-Acc-GBP,17.68
10/07/2014,Fidelity Asian Smaller Coms Y-Acc-GBP,17.63
10/08/2014,Fidelity Asian Smaller Coms Y-Acc-GBP,17.53
10/09/2014,Fidelity Asian Smaller Coms Y-Acc-GBP,17.56
10/10/2014,Fidelity Asian Smaller Coms Y-Acc-GBP,17.46
10/11/2014,Fidelity Asian Smaller Coms Y-Acc-GBP,17.46
10/12/2014,Fidelity Asian Smaller Coms Y-Acc-GBP,17.46
10/13/2014,Fidelity Asian Smaller Coms Y-Acc-GBP,17.36
10/14/2014,Fidelity Asian Smaller Coms Y-Acc-GBP,17.55
10/15/2014,Fidelity Asian Smaller Coms Y-Acc-GBP,17.37
10/16/2014,Fidelity Asian Smaller Coms Y-Acc-GBP,17.23
10/17/2014,Fidelity Asian Smaller Coms Y-Acc-GBP,17.36
10/18/2014,Fidelity Asian Smaller Coms Y-Acc-GBP,17.36
10/19/2014,Fidelity Asian Smaller Coms Y-Acc-GBP,17.36
10/20/2014,Fidelity Asian Smaller Coms Y-Acc-GBP,17.3
10/21/2014,Fidelity Asian Smaller Coms Y-Acc-GBP,17.43
10/22/2014,Fidelity Asian Smaller Coms Y-Acc-GBP,17.56
10/23/2014,Fidelity Asian Smaller Coms Y-Acc-GBP,17.64
10/24/2014,Fidelity Asian Smaller Coms Y-Acc-GBP,17.56
10/25/2014,Fidelity Asian Smaller Coms Y-Acc-GBP,17.56
10/26/2014,Fidelity Asian Smaller Coms Y-Acc-GBP,17.56
10/27/2014,Fidelity Asian Smaller Coms Y-Acc-GBP,17.46
10/28/2014,Fidelity Asian Smaller Coms Y-Acc-GBP,17.54
10/29/2014,Fidelity Asian Smaller Coms Y-Acc-GBP,17.61
10/30/2014,Fidelity Asian Smaller Coms Y-Acc-GBP,17.73
10/31/2014,Fidelity Asian Smaller Coms Y-Acc-GBP,17.86
11/01/2014,Fidelity Asian Smaller Coms Y-Acc-GBP,17.86
11/02/2014,Fidelity Asian Smaller Coms Y-Acc-GBP,17.86
11/03/2014,Fidelity Asian Smaller Coms Y-Acc-GBP,17.87
11/04/2014,Fidelity Asian Smaller Coms Y-Acc-GBP,17.82
11/05/2014,Fidelity Asian Smaller Coms Y-Acc-GBP,17.73
11/06/2014,Fidelity Asian Smaller Coms Y-Acc-GBP,17.87
11/07/2014,Fidelity Asian Smaller Coms Y-Acc-GBP,17.78
11/08/2014,Fidelity Asian Smaller Coms Y-Acc-GBP,17.78
11/09/2014,Fidelity Asian Smaller Coms Y-Acc-GBP,17.78
11/10/2014,Fidelity Asian Smaller Coms Y-Acc-GBP,17.82
11/11/2014,Fidelity Asian Smaller Coms Y-Acc-GBP,17.73
11/12/2014,Fidelity Asian Smaller Coms Y-Acc-GBP,17.83
11/13/2014,Fidelity Asian Smaller Coms Y-Acc-GBP,17.91
11/14/2014,Fidelity Asian Smaller Coms Y-Acc-GBP,17.96
11/15/2014,Fidelity Asian Smaller Coms Y-Acc-GBP,17.96
11/16/2014,Fidelity Asian Smaller Coms Y-Acc-GBP,17.96
11/17/2014,Fidelity Asian Smaller Coms Y-Acc-GBP,17.9
11/18/2014,Fidelity Asian Smaller Coms Y-Acc-GBP,17.96
11/19/2014,Fidelity Asian Smaller Coms Y-Acc-GBP,17.82
11/20/2014,Fidelity Asian Smaller Coms Y-Acc-GBP,17.84
11/21/2014,Fidelity Asian Smaller Coms Y-Acc-GBP,17.94
11/22/2014,Fidelity Asian Smaller Coms Y-Acc-GBP,17.94
11/23/2014,Fidelity Asian Smaller Coms Y-Acc-GBP,17.94
11/24/2014,Fidelity Asian Smaller Coms Y-Acc-GBP,17.92
11/25/2014,Fidelity Asian Smaller Coms Y-Acc-GBP,17.8
11/26/2014,Fidelity Asian Smaller Coms Y-Acc-GBP,17.86
11/27/2014,Fidelity Asian Smaller Coms Y-Acc-GBP,17.94
11/28/2014,Fidelity Asian Smaller Coms Y-Acc-GBP,18.03
11/29/2014,Fidelity Asian Smaller Coms Y-Acc-GBP,18.03
11/30/2014,Fidelity Asian Smaller Coms Y-Acc-GBP,18.03
12/01/2014,Fidelity Asian Smaller Coms Y-Acc-GBP,17.79
12/02/2014,Fidelity Asian Smaller Coms Y-Acc-GBP,17.94
12/03/2014,Fidelity Asian Smaller Coms Y-Acc-GBP,17.95
12/04/2014,Fidelity Asian Smaller Coms Y-Acc-GBP,17.95
12/05/2014,Fidelity Asian Smaller Coms Y-Acc-GBP,18.07
12/06/2014,Fidelity Asian Smaller Coms Y-Acc-GBP,18.07
12/07/2014,Fidelity Asian Smaller Coms Y-Acc-GBP,18.07
12/08/2014,Fidelity Asian Smaller Coms Y-Acc-GBP,17.98
12/09/2014,Fidelity Asian Smaller Coms Y-Acc-GBP,17.73
12/10/2014,Fidelity Asian Smaller Coms Y-Acc-GBP,17.78
12/11/2014,Fidelity Asian Smaller Coms Y-Acc-GBP,17.66
12/12/2014,Fidelity Asian Smaller Coms Y-Acc-GBP,17.51
12/13/2014,Fidelity Asian Smaller Coms Y-Acc-GBP,17.51
12/14/2014,Fidelity Asian Smaller Coms Y-Acc-GBP,17.51
12/15/2014,Fidelity Asian Smaller Coms Y-Acc-GBP,17.43
12/16/2014,Fidelity Asian Smaller Coms Y-Acc-GBP,17.33
12/17/2014,Fidelity Asian Smaller Coms Y-Acc-GBP,17.34
12/18/2014,Fidelity Asian Smaller Coms Y-Acc-GBP,17.52
12/19/2014,Fidelity Asian Smaller Coms Y-Acc-GBP,17.61
12/20/2014,Fidelity Asian Smaller Coms Y-Acc-GBP,17.61
12/21/2014,Fidelity Asian Smaller Coms Y-Acc-GBP,17.61
12/22/2014,Fidelity Asian Smaller Coms Y-Acc-GBP,17.69
12/23/2014,Fidelity Asian Smaller Coms Y-Acc-GBP,17.76
12/24/2014,Fidelity Asian Smaller Coms Y-Acc-GBP,17.79
12/25/2014,Fidelity Asian Smaller Coms Y-Acc-GBP,17.79
12/26/2014,Fidelity Asian Smaller Coms Y-Acc-GBP,17.89
12/27/2014,Fidelity Asian Smaller Coms Y-Acc-GBP,17.89
12/28/2014,Fidelity Asian Smaller Coms Y-Acc-GBP,17.89
12/29/2014,Fidelity Asian Smaller Coms Y-Acc-GBP,17.88
12/30/2014,Fidelity Asian Smaller Coms Y-Acc-GBP,17.86
12/31/2014,Fidelity Asian Smaller Coms Y-Acc-GBP,18
01/01/2015,Fidelity Asian Smaller Coms Y-Acc-GBP,18
01/02/2015,Fidelity Asian Smaller Coms Y-Acc-GBP,18.16
01/03/2015,Fidelity Asian Smaller Coms Y-Acc-GBP,18.16
01/04/2015,Fidelity Asian Smaller Coms Y-Acc-GBP,18.16
01/05/2015,Fidelity Asian Smaller Coms Y-Acc-GBP,18.26
01/06/2015,Fidelity Asian Smaller Coms Y-Acc-GBP,18.19
01/07/2015,Fidelity Asian Smaller Coms Y-Acc-GBP,18.36
01/08/2015,Fidelity Asian Smaller Coms Y-Acc-GBP,18.55
01/09/2015,Fidelity Asian Smaller Coms Y-Acc-GBP,18.52
01/10/2015,Fidelity Asian Smaller Coms Y-Acc-GBP,18.52
01/11/2015,Fidelity Asian Smaller Coms Y-Acc-GBP,18.52
01/12/2015,Fidelity Asian Smaller Coms Y-Acc-GBP,18.57
01/13/2015,Fidelity Asian Smaller Coms Y-Acc-GBP,18.65
01/14/2015,Fidelity Asian Smaller Coms Y-Acc-GBP,18.41
01/15/2015,Fidelity Asian Smaller Coms Y-Acc-GBP,18.67
01/16/2015,Fidelity Asian Smaller Coms Y-Acc-GBP,18.77
01/17/2015,Fidelity Asian Smaller Coms Y-Acc-GBP,18.77
01/18/2015,Fidelity Asian Smaller Coms Y-Acc-GBP,18.77
01/19/2015,Fidelity Asian Smaller Coms Y-Acc-GBP,18.68
01/20/2015,Fidelity Asian Smaller Coms Y-Acc-GBP,18.63
01/21/2015,Fidelity Asian Smaller Coms Y-Acc-GBP,18.8
01/22/2015,Fidelity Asian Smaller Coms Y-Acc-GBP,18.97
01/23/2015,Fidelity Asian Smaller Coms Y-Acc-GBP,19.01
01/24/2015,Fidelity Asian Smaller Coms Y-Acc-GBP,19.01
01/25/2015,Fidelity Asian Smaller Coms Y-Acc-GBP,19.01
01/26/2015,Fidelity Asian Smaller Coms Y-Acc-GBP,18.89
01/27/2015,Fidelity Asian Smaller Coms Y-Acc-GBP,18.73
01/28/2015,Fidelity Asian Smaller Coms Y-Acc-GBP,18.76
01/29/2015,Fidelity Asian Smaller Coms Y-Acc-GBP,18.76
01/30/2015,Fidelity Asian Smaller Coms Y-Acc-GBP,18.73
01/31/2015,Fidelity Asian Smaller Coms Y-Acc-GBP,18.73
02/01/2015,Fidelity Asian Smaller Coms Y-Acc-GBP,18.73
02/02/2015,Fidelity Asian Smaller Coms Y-Acc-GBP,18.87
02/03/2015,Fidelity Asian Smaller Coms Y-Acc-GBP,18.81
02/04/2015,Fidelity Asian Smaller Coms Y-Acc-GBP,18.81
02/05/2015,Fidelity Asian Smaller Coms Y-Acc-GBP,18.68
02/06/2015,Fidelity Asian Smaller Coms Y-Acc-GBP,18.69
02/07/2015,Fidelity Asian Smaller Coms Y-Acc-GBP,18.69
02/08/2015,Fidelity Asian Smaller Coms Y-Acc-GBP,18.69
02/09/2015,Fidelity Asian Smaller Coms Y-Acc-GBP,18.6
02/10/2015,Fidelity Asian Smaller Coms Y-Acc-GBP,18.56
02/11/2015,Fidelity Asian Smaller Coms Y-Acc-GBP,18.62
02/12/2015,Fidelity Asian Smaller Coms Y-Acc-GBP,18.56
02/13/2015,Fidelity Asian Smaller Coms Y-Acc-GBP,18.65
02/14/2015,Fidelity Asian Smaller Coms Y-Acc-GBP,18.65
02/15/2015,Fidelity Asian Smaller Coms Y-Acc-GBP,18.65
02/16/2015,Fidelity Asian Smaller Coms Y-Acc-GBP,18.69
02/17/2015,Fidelity Asian Smaller Coms Y-Acc-GBP,18.72
02/18/2015,Fidelity Asian Smaller Coms Y-Acc-GBP,18.65
02/19/2015,Fidelity Asian Smaller Coms Y-Acc-GBP,18.7
02/20/2015,Fidelity Asian Smaller Coms Y-Acc-GBP,18.73
02/21/2015,Fidelity Asian Smaller Coms Y-Acc-GBP,18.73
02/22/2015,Fidelity Asian Smaller Coms Y-Acc-GBP,18.73
02/23/2015,Fidelity Asian Smaller Coms Y-Acc-GBP,18.64
02/24/2015,Fidelity Asian Smaller Coms Y-Acc-GBP,18.72
02/25/2015,Fidelity Asian Smaller Coms Y-Acc-GBP,18.64
02/26/2015,Fidelity Asian Smaller Coms Y-Acc-GBP,18.71
02/27/2015,Fidelity Asian Smaller Coms Y-Acc-GBP,18.74
02/28/2015,Fidelity Asian Smaller Coms Y-Acc-GBP,18.74
03/01/2015,Fidelity Asian Smaller Coms Y-Acc-GBP,18.74
03/02/2015,Fidelity Asian Smaller Coms Y-Acc-GBP,18.81
03/03/2015,Fidelity Asian Smaller Coms Y-Acc-GBP,18.79
03/04/2015,Fidelity Asian Smaller Coms Y-Acc-GBP,18.83
03/05/2015,Fidelity Asian Smaller Coms Y-Acc-GBP,18.9
03/06/2015,Fidelity Asian Smaller Coms Y-Acc-GBP,19.06
03/07/2015,Fidelity Asian Smaller Coms Y-Acc-GBP,19.06
03/08/2015,Fidelity Asian Smaller Coms Y-Acc-GBP,19.06
03/09/2015,Fidelity Asian Smaller Coms Y-Acc-GBP,18.93
03/10/2015,Fidelity Asian Smaller Coms Y-Acc-GBP,18.71
03/11/2015,Fidelity Asian Smaller Coms Y-Acc-GBP,18.85
03/12/2015,Fidelity Asian Smaller Coms Y-Acc-GBP,19.12
03/13/2015,Fidelity Asian Smaller Coms Y-Acc-GBP,19.12
03/14/2015,Fidelity Asian Smaller Coms Y-Acc-GBP,19.12
03/15/2015,Fidelity Asian Smaller Coms Y-Acc-GBP,19.12
03/16/2015,Fidelity Asian Smaller Coms Y-Acc-GBP,19.01
03/17/2015,Fidelity Asian Smaller Coms Y-Acc-GBP,19.17
03/18/2015,Fidelity Asian Smaller Coms Y-Acc-GBP,19.28
03/19/2015,Fidelity Asian Smaller Coms Y-Acc-GBP,19.22
03/20/2015,Fidelity Asian Smaller Coms Y-Acc-GBP,19.11
03/21/2015,Fidelity Asian Smaller Coms Y-Acc-GBP,19.11
03/22/2015,Fidelity Asian Smaller Coms Y-Acc-GBP,19.11
03/23/2015,Fidelity Asian Smaller Coms Y-Acc-GBP,19.2
03/24/2015,Fidelity Asian Smaller Coms Y-Acc-GBP,19.31
03/25/2015,Fidelity Asian Smaller Coms Y-Acc-GBP,19.19
03/26/2015,Fidelity Asian Smaller Coms Y-Acc-GBP,19.14
03/27/2015,Fidelity Asian Smaller Coms Y-Acc-GBP,19.08
03/28/2015,Fidelity Asian Smaller Coms Y-Acc-GBP,19.08
03/29/2015,Fidelity Asian Smaller Coms Y-Acc-GBP,19.08
03/30/2015,Fidelity Asian Smaller Coms Y-Acc-GBP,19.34
03/31/2015,Fidelity Asian Smaller Coms Y-Acc-GBP,19.38
04/01/2015,Fidelity Asian Smaller Coms Y-Acc-GBP,19.48
04/02/2015,Fidelity Asian Smaller Coms Y-Acc-GBP,19.73
04/03/2015,Fidelity Asian Smaller Coms Y-Acc-GBP,19.64
04/04/2015,Fidelity Asian Smaller Coms Y-Acc-GBP,19.64
04/05/2015,Fidelity Asian Smaller Coms Y-Acc-GBP,19.64
04/06/2015,Fidelity Asian Smaller Coms Y-Acc-GBP,19.71
04/07/2015,Fidelity Asian Smaller Coms Y-Acc-GBP,19.82
04/08/2015,Fidelity Asian Smaller Coms Y-Acc-GBP,19.9
04/09/2015,Fidelity Asian Smaller Coms Y-Acc-GBP,20.16
04/10/2015,Fidelity Asian Smaller Coms Y-Acc-GBP,20.31
04/11/2015,Fidelity Asian Smaller Coms Y-Acc-GBP,20.31
04/12/2015,Fidelity Asian Smaller Coms Y-Acc-GBP,20.31
04/13/2015,Fidelity Asian Smaller Coms Y-Acc-GBP,20.36
04/14/2015,Fidelity Asian Smaller Coms Y-Acc-GBP,20.22
04/15/2015,Fidelity Asian Smaller Coms Y-Acc-GBP,20.2
04/16/2015,Fidelity Asian Smaller Coms Y-Acc-GBP,20.15
04/17/2015,Fidelity Asian Smaller Coms Y-Acc-GBP,19.97
04/18/2015,Fidelity Asian Smaller Coms Y-Acc-GBP,19.97
04/19/2015,Fidelity Asian Smaller Coms Y-Acc-GBP,19.97
04/20/2015,Fidelity Asian Smaller Coms Y-Acc-GBP,19.95
04/21/2015,Fidelity Asian Smaller Coms Y-Acc-GBP,19.96
04/22/2015,Fidelity Asian Smaller Coms Y-Acc-GBP,19.98
04/23/2015,Fidelity Asian Smaller Coms Y-Acc-GBP,19.99
04/24/2015,Fidelity Asian Smaller Coms Y-Acc-GBP,19.92
04/25/2015,Fidelity Asian Smaller Coms Y-Acc-GBP,19.92
04/26/2015,Fidelity Asian Smaller Coms Y-Acc-GBP,19.92
04/27/2015,Fidelity Asian Smaller Coms Y-Acc-GBP,19.93
04/28/2015,Fidelity Asian Smaller Coms Y-Acc-GBP,19.8
04/29/2015,Fidelity Asian Smaller Coms Y-Acc-GBP,19.53
04/30/2015,Fidelity Asian Smaller Coms Y-Acc-GBP,19.52
05/01/2015,Fidelity Asian Smaller Coms Y-Acc-GBP,19.73
05/02/2015,Fidelity Asian Smaller Coms Y-Acc-GBP,19.73
05/03/2015,Fidelity Asian Smaller Coms Y-Acc-GBP,19.73
05/04/2015,Fidelity Asian Smaller Coms Y-Acc-GBP,19.88
05/05/2015,Fidelity Asian Smaller Coms Y-Acc-GBP,19.67
05/06/2015,Fidelity Asian Smaller Coms Y-Acc-GBP,19.48
05/07/2015,Fidelity Asian Smaller Coms Y-Acc-GBP,19.21
05/08/2015,Fidelity Asian Smaller Coms Y-Acc-GBP,19.07
05/09/2015,Fidelity Asian Smaller Coms Y-Acc-GBP,19.07
05/10/2015,Fidelity Asian Smaller Coms Y-Acc-GBP,19.07
05/11/2015,Fidelity Asian Smaller Coms Y-Acc-GBP,18.9
05/12/2015,Fidelity Asian Smaller Coms Y-Acc-GBP,18.71
05/13/2015,Fidelity Asian Smaller Coms Y-Acc-GBP,18.71
05/14/2015,Fidelity Asian Smaller Coms Y-Acc-GBP,18.77
05/15/2015,Fidelity Asian Smaller Coms Y-Acc-GBP,18.77
05/16/2015,Fidelity Asian Smaller Coms Y-Acc-GBP,18.77
05/17/2015,Fidelity Asian Smaller Coms Y-Acc-GBP,18.77
05/18/2015,Fidelity Asian Smaller Coms Y-Acc-GBP,18.92
05/19/2015,Fidelity Asian Smaller Coms Y-Acc-GBP,19.09
05/20/2015,Fidelity Asian Smaller Coms Y-Acc-GBP,19.07
05/21/2015,Fidelity Asian Smaller Coms Y-Acc-GBP,18.97
05/22/2015,Fidelity Asian Smaller Coms Y-Acc-GBP,19.26
05/23/2015,Fidelity Asian Smaller Coms Y-Acc-GBP,19.26
05/24/2015,Fidelity Asian Smaller Coms Y-Acc-GBP,19.26
05/25/2015,Fidelity Asian Smaller Coms Y-Acc-GBP,19.25
05/26/2015,Fidelity Asian Smaller Coms Y-Acc-GBP,19.24
05/27/2015,Fidelity Asian Smaller Coms Y-Acc-GBP,19.37
05/28/2015,Fidelity Asian Smaller Coms Y-Acc-GBP,19.23
05/29/2015,Fidelity Asian Smaller Coms Y-Acc-GBP,19.31
05/30/2015,Fidelity Asian Smaller Coms Y-Acc-GBP,19.31
05/31/2015,Fidelity Asian Smaller Coms Y-Acc-GBP,19.31
06/01/2015,Fidelity Asian Smaller Coms Y-Acc-GBP,19.45
06/02/2015,Fidelity Asian Smaller Coms Y-Acc-GBP,19.29
06/03/2015,Fidelity Asian Smaller Coms Y-Acc-GBP,19.21
06/04/2015,Fidelity Asian Smaller Coms Y-Acc-GBP,19.04
06/05/2015,Fidelity Asian Smaller Coms Y-Acc-GBP,19.13
06/06/2015,Fidelity Asian Smaller Coms Y-Acc-GBP,19.13
06/07/2015,Fidelity Asian Smaller Coms Y-Acc-GBP,19.13
06/08/2015,Fidelity Asian Smaller Coms Y-Acc-GBP,18.97
06/09/2015,Fidelity Asian Smaller Coms Y-Acc-GBP,18.73
06/10/2015,Fidelity Asian Smaller Coms Y-Acc-GBP,18.71
06/11/2015,Fidelity Asian Smaller Coms Y-Acc-GBP,18.72
06/12/2015,Fidelity Asian Smaller Coms Y-Acc-GBP,18.64
06/13/2015,Fidelity Asian Smaller Coms Y-Acc-GBP,18.64
06/14/2015,Fidelity Asian Smaller Coms Y-Acc-GBP,18.64
06/15/2015,Fidelity Asian Smaller Coms Y-Acc-GBP,18.56
06/16/2015,Fidelity Asian Smaller Coms Y-Acc-GBP,18.43
06/17/2015,Fidelity Asian Smaller Coms Y-Acc-GBP,18.37
06/18/2015,Fidelity Asian Smaller Coms Y-Acc-GBP,18.4
06/19/2015,Fidelity Asian Smaller Coms Y-Acc-GBP,18.27
06/20/2015,Fidelity Asian Smaller Coms Y-Acc-GBP,18.27
06/21/2015,Fidelity Asian Smaller Coms Y-Acc-GBP,18.27
06/22/2015,Fidelity Asian Smaller Coms Y-Acc-GBP,18.45
06/23/2015,Fidelity Asian Smaller Coms Y-Acc-GBP,18.5
06/24/2015,Fidelity Asian Smaller Coms Y-Acc-GBP,18.53
06/25/2015,Fidelity Asian Smaller Coms Y-Acc-GBP,18.31
06/26/2015,Fidelity Asian Smaller Coms Y-Acc-GBP,18.18
06/27/2015,Fidelity Asian Smaller Coms Y-Acc-GBP,18.18
06/28/2015,Fidelity Asian Smaller Coms Y-Acc-GBP,18.18
06/29/2015,Fidelity Asian Smaller Coms Y-Acc-GBP,17.69
06/30/2015,Fidelity Asian Smaller Coms Y-Acc-GBP,17.85
07/01/2015,Fidelity Asian Smaller Coms Y-Acc-GBP,18.02
07/02/2015,Fidelity Asian Smaller Coms Y-Acc-GBP,18
07/03/2015,Fidelity Asian Smaller Coms Y-Acc-GBP,17.95
07/04/2015,Fidelity Asian Smaller Coms Y-Acc-GBP,17.95
07/05/2015,Fidelity Asian Smaller Coms Y-Acc-GBP,17.95
07/06/2015,Fidelity Asian Smaller Coms Y-Acc-GBP,17.58
07/07/2015,Fidelity Asian Smaller Coms Y-Acc-GBP,17.47
07/08/2015,Fidelity Asian Smaller Coms Y-Acc-GBP,17.36
07/09/2015,Fidelity Asian Smaller Coms Y-Acc-GBP,17.55
07/10/2015,Fidelity Asian Smaller Coms Y-Acc-GBP,17.55
07/11/2015,Fidelity Asian Smaller Coms Y-Acc-GBP,17.55
07/12/2015,Fidelity Asian Smaller Coms Y-Acc-GBP,17.55
07/13/2015,Fidelity Asian Smaller Coms Y-Acc-GBP,17.74
07/14/2015,Fidelity Asian Smaller Coms Y-Acc-GBP,17.73
07/15/2015,Fidelity Asian Smaller Coms Y-Acc-GBP,17.64
07/16/2015,Fidelity Asian Smaller Coms Y-Acc-GBP,17.8
07/17/2015,Fidelity Asian Smaller Coms Y-Acc-GBP,17.84
07/18/2015,Fidelity Asian Smaller Coms Y-Acc-GBP,17.84
07/19/2015,Fidelity Asian Smaller Coms Y-Acc-GBP,17.84
07/20/2015,Fidelity Asian Smaller Coms Y-Acc-GBP,17.82
07/21/2015,Fidelity Asian Smaller Coms Y-Acc-GBP,17.86
07/22/2015,Fidelity Asian Smaller Coms Y-Acc-GBP,17.73
07/23/2015,Fidelity Asian Smaller Coms Y-Acc-GBP,17.79
07/24/2015,Fidelity Asian Smaller Coms Y-Acc-GBP,17.59
07/25/2015,Fidelity Asian Smaller Coms Y-Acc-GBP,17.59
07/26/2015,Fidelity Asian Smaller Coms Y-Acc-GBP,17.59
07/27/2015,Fidelity Asian Smaller Coms Y-Acc-GBP,17.19
07/28/2015,Fidelity Asian Smaller Coms Y-Acc-GBP,17.18
07/29/2015,Fidelity Asian Smaller Coms Y-Acc-GBP,17.21
07/30/2015,Fidelity Asian Smaller Coms Y-Acc-GBP,17.21
07/31/2015,Fidelity Asian Smaller Coms Y-Acc-GBP,17.31
08/01/2015,Fidelity Asian Smaller Coms Y-Acc-GBP,17.31
08/02/2015,Fidelity Asian Smaller Coms Y-Acc-GBP,17.31
08/03/2015,Fidelity Asian Smaller Coms Y-Acc-GBP,17.19
08/04/2015,Fidelity Asian Smaller Coms Y-Acc-GBP,17.19
08/05/2015,Fidelity Asian Smaller Coms Y-Acc-GBP,17.25
08/06/2015,Fidelity Asian Smaller Coms Y-Acc-GBP,17.23
08/07/2015,Fidelity Asian Smaller Coms Y-Acc-GBP,17.23
08/08/2015,Fidelity Asian Smaller Coms Y-Acc-GBP,17.23
08/09/2015,Fidelity Asian Smaller Coms Y-Acc-GBP,17.23
08/10/2015,Fidelity Asian Smaller Coms Y-Acc-GBP,17.18
08/11/2015,Fidelity Asian Smaller Coms Y-Acc-GBP,16.88
08/12/2015,Fidelity Asian Smaller Coms Y-Acc-GBP,16.56
08/13/2015,Fidelity Asian Smaller Coms Y-Acc-GBP,16.62
08/14/2015,Fidelity Asian Smaller Coms Y-Acc-GBP,16.65
08/15/2015,Fidelity Asian Smaller Coms Y-Acc-GBP,16.65
08/16/2015,Fidelity Asian Smaller Coms Y-Acc-GBP,16.65
08/17/2015,Fidelity Asian Smaller Coms Y-Acc-GBP,16.56
08/18/2015,Fidelity Asian Smaller Coms Y-Acc-GBP,16.28
08/19/2015,Fidelity Asian Smaller Coms Y-Acc-GBP,16.14
08/20/2015,Fidelity Asian Smaller Coms Y-Acc-GBP,15.92
08/21/2015,Fidelity Asian Smaller Coms Y-Acc-GBP,15.55
08/22/2015,Fidelity Asian Smaller Coms Y-Acc-GBP,15.55
08/23/2015,Fidelity Asian Smaller Coms Y-Acc-GBP,15.55
08/24/2015,Fidelity Asian Smaller Coms Y-Acc-GBP,14.62
08/25/2015,Fidelity Asian Smaller Coms Y-Acc-GBP,15.03
08/26/2015,Fidelity Asian Smaller Coms Y-Acc-GBP,15.15
08/27/2015,Fidelity Asian Smaller Coms Y-Acc-GBP,15.74
08/28/2015,Fidelity Asian Smaller Coms Y-Acc-GBP,15.81
08/29/2015,Fidelity Asian Smaller Coms Y-Acc-GBP,15.81
08/30/2015,Fidelity Asian Smaller Coms Y-Acc-GBP,15.81
08/31/2015,Fidelity Asian Smaller Coms Y-Acc-GBP,15.71
09/01/2015,Fidelity Asian Smaller Coms Y-Acc-GBP,15.55
09/02/2015,Fidelity Asian Smaller Coms Y-Acc-GBP,15.53
09/03/2015,Fidelity Asian Smaller Coms Y-Acc-GBP,15.77
09/04/2015,Fidelity Asian Smaller Coms Y-Acc-GBP,15.55
09/05/2015,Fidelity Asian Smaller Coms Y-Acc-GBP,15.55
09/06/2015,Fidelity Asian Smaller Coms Y-Acc-GBP,15.55
09/07/2015,Fidelity Asian Smaller Coms Y-Acc-GBP,15.38
09/08/2015,Fidelity Asian Smaller Coms Y-Acc-GBP,15.48
09/09/2015,Fidelity Asian Smaller Coms Y-Acc-GBP,15.74
09/10/2015,Fidelity Asian Smaller Coms Y-Acc-GBP,15.64
09/11/2015,Fidelity Asian Smaller Coms Y-Acc-GBP,15.72
09/12/2015,Fidelity Asian Smaller Coms Y-Acc-GBP,15.72
09/13/2015,Fidelity Asian Smaller Coms Y-Acc-GBP,15.72
09/14/2015,Fidelity Asian Smaller Coms Y-Acc-GBP,15.67
09/15/2015,Fidelity Asian Smaller Coms Y-Acc-GBP,15.76
09/16/2015,Fidelity Asian Smaller Coms Y-Acc-GBP,15.85
09/17/2015,Fidelity Asian Smaller Coms Y-Acc-GBP,15.85
09/18/2015,Fidelity Asian Smaller Coms Y-Acc-GBP,15.81
09/19/2015,Fidelity Asian Smaller Coms Y-Acc-GBP,15.81
09/20/2015,Fidelity Asian Smaller Coms Y-Acc-GBP,15.81
09/21/2015,Fidelity Asian Smaller Coms Y-Acc-GBP,15.82
09/22/2015,Fidelity Asian Smaller Coms Y-Acc-GBP,15.8
09/23/2015,Fidelity Asian Smaller Coms Y-Acc-GBP,15.81
09/24/2015,Fidelity Asian Smaller Coms Y-Acc-GBP,15.6
09/25/2015,Fidelity Asian Smaller Coms Y-Acc-GBP,15.87
09/26/2015,Fidelity Asian Smaller Coms Y-Acc-GBP,15.87
09/27/2015,Fidelity Asian Smaller Coms Y-Acc-GBP,15.87
09/28/2015,Fidelity Asian Smaller Coms Y-Acc-GBP,15.62
09/29/2015,Fidelity Asian Smaller Coms Y-Acc-GBP,15.69
09/30/2015,Fidelity Asian Smaller Coms Y-Acc-GBP,15.98
10/01/2015,Fidelity Asian Smaller Coms Y-Acc-GBP,15.95
10/02/2015,Fidelity Asian Smaller Coms Y-Acc-GBP,15.99
10/03/2015,Fidelity Asian Smaller Coms Y-Acc-GBP,15.99
10/04/2015,Fidelity Asian Smaller Coms Y-Acc-GBP,15.99
10/05/2015,Fidelity Asian Smaller Coms Y-Acc-GBP,16.49
10/06/2015,Fidelity Asian Smaller Coms Y-Acc-GBP,16.42
10/07/2015,Fidelity Asian Smaller Coms Y-Acc-GBP,16.5
10/08/2015,Fidelity Asian Smaller Coms Y-Acc-GBP,16.51
10/09/2015,Fidelity Asian Smaller Coms Y-Acc-GBP,16.77
10/10/2015,Fidelity Asian Smaller Coms Y-Acc-GBP,16.77
10/11/2015,Fidelity Asian Smaller Coms Y-Acc-GBP,16.77
10/12/2015,Fidelity Asian Smaller Coms Y-Acc-GBP,16.79
10/13/2015,Fidelity Asian Smaller Coms Y-Acc-GBP,16.82
10/14/2015,Fidelity Asian Smaller Coms Y-Acc-GBP,16.59
10/15/2015,Fidelity Asian Smaller Coms Y-Acc-GBP,16.83
10/16/2015,Fidelity Asian Smaller Coms Y-Acc-GBP,16.91
10/17/2015,Fidelity Asian Smaller Coms Y-Acc-GBP,16.91
10/18/2015,Fidelity Asian Smaller Coms Y-Acc-GBP,16.91
10/19/2015,Fidelity Asian Smaller Coms Y-Acc-GBP,16.91
10/20/2015,Fidelity Asian Smaller Coms Y-Acc-GBP,16.95
10/21/2015,Fidelity Asian Smaller Coms Y-Acc-GBP,16.94
10/22/2015,Fidelity Asian Smaller Coms Y-Acc-GBP,17.06
10/23/2015,Fidelity Asian Smaller Coms Y-Acc-GBP,17.3
10/24/2015,Fidelity Asian Smaller Coms Y-Acc-GBP,17.3
10/25/2015,Fidelity Asian Smaller Coms Y-Acc-GBP,17.3
10/26/2015,Fidelity Asian Smaller Coms Y-Acc-GBP,17.32
10/27/2015,Fidelity Asian Smaller Coms Y-Acc-GBP,17.31
10/28/2015,Fidelity Asian Smaller Coms Y-Acc-GBP,17.26
10/29/2015,Fidelity Asian Smaller Coms Y-Acc-GBP,17.19
10/30/2015,Fidelity Asian Smaller Coms Y-Acc-GBP,16.99
10/31/2015,Fidelity Asian Smaller Coms Y-Acc-GBP,16.99
11/01/2015,Fidelity Asian Smaller Coms Y-Acc-GBP,16.99
11/02/2015,Fidelity Asian Smaller Coms Y-Acc-GBP,17.13
11/03/2015,Fidelity Asian Smaller Coms Y-Acc-GBP,17.28
11/04/2015,Fidelity Asian Smaller Coms Y-Acc-GBP,17.39
11/05/2015,Fidelity Asian Smaller Coms Y-Acc-GBP,17.52
11/06/2015,Fidelity Asian Smaller Coms Y-Acc-GBP,17.54
11/07/2015,Fidelity Asian Smaller Coms Y-Acc-GBP,17.54
11/08/2015,Fidelity Asian Smaller Coms Y-Acc-GBP,17.54
11/09/2015,Fidelity Asian Smaller Coms Y-Acc-GBP,17.3
11/10/2015,Fidelity Asian Smaller Coms Y-Acc-GBP,17.29
11/11/2015,Fidelity Asian Smaller Coms Y-Acc-GBP,17.25
11/12/2015,Fidelity Asian Smaller Coms Y-Acc-GBP,17.28
11/13/2015,Fidelity Asian Smaller Coms Y-Acc-GBP,17.16
11/14/2015,Fidelity Asian Smaller Coms Y-Acc-GBP,17.16
11/15/2015,Fidelity Asian Smaller Coms Y-Acc-GBP,17.16
11/16/2015,Fidelity Asian Smaller Coms Y-Acc-GBP,17.16
11/17/2015,Fidelity Asian Smaller Coms Y-Acc-GBP,17.27
11/18/2015,Fidelity Asian Smaller Coms Y-Acc-GBP,17.26
11/19/2015,Fidelity Asian Smaller Coms Y-Acc-GBP,17.35
11/20/2015,Fidelity Asian Smaller Coms Y-Acc-GBP,17.58
11/21/2015,Fidelity Asian Smaller Coms Y-Acc-GBP,17.58
11/22/2015,Fidelity Asian Smaller Coms Y-Acc-GBP,17.58
11/23/2015,Fidelity Asian Smaller Coms Y-Acc-GBP,17.59
11/24/2015,Fidelity Asian Smaller Coms Y-Acc-GBP,17.66
11/25/2015,Fidelity Asian Smaller Coms Y-Acc-GBP,17.68
11/26/2015,Fidelity Asian Smaller Coms Y-Acc-GBP,17.7
11/27/2015,Fidelity Asian Smaller Coms Y-Acc-GBP,17.62
11/28/2015,Fidelity Asian Smaller Coms Y-Acc-GBP,17.62
11/29/2015,Fidelity Asian Smaller Coms Y-Acc-GBP,17.62
11/30/2015,Fidelity Asian Smaller Coms Y-Acc-GBP,17.63
12/01/2015,Fidelity Asian Smaller Coms Y-Acc-GBP,17.72
12/02/2015,Fidelity Asian Smaller Coms Y-Acc-GBP,17.87
12/03/2015,Fidelity Asian Smaller Coms Y-Acc-GBP,17.64
12/04/2015,Fidelity Asian Smaller Coms Y-Acc-GBP,17.62
12/05/2015,Fidelity Asian Smaller Coms Y-Acc-GBP,17.62
12/06/2015,Fidelity Asian Smaller Coms Y-Acc-GBP,17.62
12/07/2015,Fidelity Asian Smaller Coms Y-Acc-GBP,17.53
12/08/2015,Fidelity Asian Smaller Coms Y-Acc-GBP,17.4
12/09/2015,Fidelity Asian Smaller Coms Y-Acc-GBP,17.14
12/10/2015,Fidelity Asian Smaller Coms Y-Acc-GBP,17.04
12/11/2015,Fidelity Asian Smaller Coms Y-Acc-GBP,16.67
12/12/2015,Fidelity Asian Smaller Coms Y-Acc-GBP,16.67
12/13/2015,Fidelity Asian Smaller Coms Y-Acc-GBP,16.67
12/14/2015,Fidelity Asian Smaller Coms Y-Acc-GBP,16.68
12/15/2015,Fidelity Asian Smaller Coms Y-Acc-GBP,17.02
12/16/2015,Fidelity Asian Smaller Coms Y-Acc-GBP,17.08
12/17/2015,Fidelity Asian Smaller Coms Y-Acc-GBP,17.34
12/18/2015,Fidelity Asian Smaller Coms Y-Acc-GBP,17.31
12/19/2015,Fidelity Asian Smaller Coms Y-Acc-GBP,17.31
12/20/2015,Fidelity Asian Smaller Coms Y-Acc-GBP,17.31
12/21/2015,Fidelity Asian Smaller Coms Y-Acc-GBP,17.37
12/22/2015,Fidelity Asian Smaller Coms Y-Acc-GBP,17.57
12/23/2015,Fidelity Asian Smaller Coms Y-Acc-GBP,17.66
12/24/2015,Fidelity Asian Smaller Coms Y-Acc-GBP,17.76
12/25/2015,Fidelity Asian Smaller Coms Y-Acc-GBP,17.76
12/26/2015,Fidelity Asian Smaller Coms Y-Acc-GBP,17.76
12/27/2015,Fidelity Asian Smaller Coms Y-Acc-GBP,17.76
12/28/2015,Fidelity Asian Smaller Coms Y-Acc-GBP,17.7
12/29/2015,Fidelity Asian Smaller Coms Y-Acc-GBP,17.89
12/30/2015,Fidelity Asian Smaller Coms Y-Acc-GBP,17.83
12/31/2015,Fidelity Asian Smaller Coms Y-Acc-GBP,17.92
01/01/2016,Fidelity Asian Smaller Coms Y-Acc-GBP,17.92
01/02/2016,Fidelity Asian Smaller Coms Y-Acc-GBP,17.92
01/03/2016,Fidelity Asian Smaller Coms Y-Acc-GBP,17.92
01/04/2016,Fidelity Asian Smaller Coms Y-Acc-GBP,17.6
01/05/2016,Fidelity Asian Smaller Coms Y-Acc-GBP,17.68
01/06/2016,Fidelity Asian Smaller Coms Y-Acc-GBP,17.58
01/07/2016,Fidelity Asian Smaller Coms Y-Acc-GBP,17.28
01/08/2016,Fidelity Asian Smaller Coms Y-Acc-GBP,17.25
01/09/2016,Fidelity Asian Smaller Coms Y-Acc-GBP,17.25
01/10/2016,Fidelity Asian Smaller Coms Y-Acc-GBP,17.25
01/11/2016,Fidelity Asian Smaller Coms Y-Acc-GBP,17.06
01/12/2016,Fidelity Asian Smaller Coms Y-Acc-GBP,17.29
01/13/2016,Fidelity Asian Smaller Coms Y-Acc-GBP,17.23
01/14/2016,Fidelity Asian Smaller Coms Y-Acc-GBP,17.12
01/15/2016,Fidelity Asian Smaller Coms Y-Acc-GBP,16.91
01/16/2016,Fidelity Asian Smaller Coms Y-Acc-GBP,16.91
01/17/2016,Fidelity Asian Smaller Coms Y-Acc-GBP,16.91
01/18/2016,Fidelity Asian Smaller Coms Y-Acc-GBP,16.92
01/19/2016,Fidelity Asian Smaller Coms Y-Acc-GBP,17.24
01/20/2016,Fidelity Asian Smaller Coms Y-Acc-GBP,16.88
01/21/2016,Fidelity Asian Smaller Coms Y-Acc-GBP,16.92
01/22/2016,Fidelity Asian Smaller Coms Y-Acc-GBP,17.02
01/23/2016,Fidelity Asian Smaller Coms Y-Acc-GBP,17.02
01/24/2016,Fidelity Asian Smaller Coms Y-Acc-GBP,17.02
01/25/2016,Fidelity Asian Smaller Coms Y-Acc-GBP,17.17
01/26/2016,Fidelity Asian Smaller Coms Y-Acc-GBP,17.05
01/27/2016,Fidelity Asian Smaller Coms Y-Acc-GBP,17.25
01/28/2016,Fidelity Asian Smaller Coms Y-Acc-GBP,17.15
01/29/2016,Fidelity Asian Smaller Coms Y-Acc-GBP,17.64
01/30/2016,Fidelity Asian Smaller Coms Y-Acc-GBP,17.64
01/31/2016,Fidelity Asian Smaller Coms Y-Acc-GBP,17.64
02/01/2016,Fidelity Asian Smaller Coms Y-Acc-GBP,17.52
02/02/2016,Fidelity Asian Smaller Coms Y-Acc-GBP,17.3
02/03/2016,Fidelity Asian Smaller Coms Y-Acc-GBP,17.02
02/04/2016,Fidelity Asian Smaller Coms Y-Acc-GBP,17.3
02/05/2016,Fidelity Asian Smaller Coms Y-Acc-GBP,17.27
02/06/2016,Fidelity Asian Smaller Coms Y-Acc-GBP,17.27
02/07/2016,Fidelity Asian Smaller Coms Y-Acc-GBP,17.27
02/08/2016,Fidelity Asian Smaller Coms Y-Acc-GBP,17.17
02/09/2016,Fidelity Asian Smaller Coms Y-Acc-GBP,16.98
02/10/2016,Fidelity Asian Smaller Coms Y-Acc-GBP,17.14
02/11/2016,Fidelity Asian Smaller Coms Y-Acc-GBP,16.84
02/12/2016,Fidelity Asian Smaller Coms Y-Acc-GBP,16.89
02/13/2016,Fidelity Asian Smaller Coms Y-Acc-GBP,16.89
02/14/2016,Fidelity Asian Smaller Coms Y-Acc-GBP,16.89
02/15/2016,Fidelity Asian Smaller Coms Y-Acc-GBP,17.21
02/16/2016,Fidelity Asian Smaller Coms Y-Acc-GBP,17.4
02/17/2016,Fidelity Asian Smaller Coms Y-Acc-GBP,17.52
02/18/2016,Fidelity Asian Smaller Coms Y-Acc-GBP,17.47
02/19/2016,Fidelity Asian Smaller Coms Y-Acc-GBP,17.52
02/20/2016,Fidelity Asian Smaller Coms Y-Acc-GBP,17.52
02/21/2016,Fidelity Asian Smaller Coms Y-Acc-GBP,17.52
02/22/2016,Fidelity Asian Smaller Coms Y-Acc-GBP,17.88
02/23/2016,Fidelity Asian Smaller Coms Y-Acc-GBP,17.88
02/24/2016,Fidelity Asian Smaller Coms Y-Acc-GBP,17.89
02/25/2016,Fidelity Asian Smaller Coms Y-Acc-GBP,17.88
02/26/2016,Fidelity Asian Smaller Coms Y-Acc-GBP,18.07
02/27/2016,Fidelity Asian Smaller Coms Y-Acc-GBP,18.07
02/28/2016,Fidelity Asian Smaller Coms Y-Acc-GBP,18.07
02/29/2016,Fidelity Asian Smaller Coms Y-Acc-GBP,18.02
03/01/2016,Fidelity Asian Smaller Coms Y-Acc-GBP,18.29
03/02/2016,Fidelity Asian Smaller Coms Y-Acc-GBP,18.33
03/03/2016,Fidelity Asian Smaller Coms Y-Acc-GBP,18.39
03/04/2016,Fidelity Asian Smaller Coms Y-Acc-GBP,18.52
03/05/2016,Fidelity Asian Smaller Coms Y-Acc-GBP,18.52
03/06/2016,Fidelity Asian Smaller Coms Y-Acc-GBP,18.52
03/07/2016,Fidelity Asian Smaller Coms Y-Acc-GBP,18.46
03/08/2016,Fidelity Asian Smaller Coms Y-Acc-GBP,18.31
03/09/2016,Fidelity Asian Smaller Coms Y-Acc-GBP,18.41
03/10/2016,Fidelity Asian Smaller Coms Y-Acc-GBP,18.3
03/11/2016,Fidelity Asian Smaller Coms Y-Acc-GBP,18.39
03/12/2016,Fidelity Asian Smaller Coms Y-Acc-GBP,18.39
03/13/2016,Fidelity Asian Smaller Coms Y-Acc-GBP,18.39
03/14/2016,Fidelity Asian Smaller Coms Y-Acc-GBP,18.53
03/15/2016,Fidelity Asian Smaller Coms Y-Acc-GBP,18.62
03/16/2016,Fidelity Asian Smaller Coms Y-Acc-GBP,18.71
03/17/2016,Fidelity Asian Smaller Coms Y-Acc-GBP,18.57
03/18/2016,Fidelity Asian Smaller Coms Y-Acc-GBP,18.72
03/19/2016,Fidelity Asian Smaller Coms Y-Acc-GBP,18.72
03/20/2016,Fidelity Asian Smaller Coms Y-Acc-GBP,18.72
03/21/2016,Fidelity Asian Smaller Coms Y-Acc-GBP,18.84
03/22/2016,Fidelity Asian Smaller Coms Y-Acc-GBP,19.11
03/23/2016,Fidelity Asian Smaller Coms Y-Acc-GBP,19.16
03/24/2016,Fidelity Asian Smaller Coms Y-Acc-GBP,19.07
03/25/2016,Fidelity Asian Smaller Coms Y-Acc-GBP,19.13
03/26/2016,Fidelity Asian Smaller Coms Y-Acc-GBP,19.13
03/27/2016,Fidelity Asian Smaller Coms Y-Acc-GBP,19.13
03/28/2016,Fidelity Asian Smaller Coms Y-Acc-GBP,18.91
03/29/2016,Fidelity Asian Smaller Coms Y-Acc-GBP,18.8
03/30/2016,Fidelity Asian Smaller Coms Y-Acc-GBP,18.99
03/31/2016,Fidelity Asian Smaller Coms Y-Acc-GBP,19.03
04/01/2016,Fidelity Asian Smaller Coms Y-Acc-GBP,19.2
04/02/2016,Fidelity Asian Smaller Coms Y-Acc-GBP,19.2
04/03/2016,Fidelity Asian Smaller Coms Y-Acc-GBP,19.2
04/04/2016,Fidelity Asian Smaller Coms Y-Acc-GBP,19.12
04/05/2016,Fidelity Asian Smaller Coms Y-Acc-GBP,19.11
04/06/2016,Fidelity Asian Smaller Coms Y-Acc-GBP,19.21
04/07/2016,Fidelity Asian Smaller Coms Y-Acc-GBP,19.21
04/08/2016,Fidelity Asian Smaller Coms Y-Acc-GBP,19.31
04/09/2016,Fidelity Asian Smaller Coms Y-Acc-GBP,19.31
04/10/2016,Fidelity Asian Smaller Coms Y-Acc-GBP,19.31
04/11/2016,Fidelity Asian Smaller Coms Y-Acc-GBP,19.24
04/12/2016,Fidelity Asian Smaller Coms Y-Acc-GBP,19.37
04/13/2016,Fidelity Asian Smaller Coms Y-Acc-GBP,19.51
04/14/2016,Fidelity Asian Smaller Coms Y-Acc-GBP,19.65
04/15/2016,Fidelity Asian Smaller Coms Y-Acc-GBP,19.61
04/16/2016,Fidelity Asian Smaller Coms Y-Acc-GBP,19.61
04/17/2016,Fidelity Asian Smaller Coms Y-Acc-GBP,19.61
04/18/2016,Fidelity Asian Smaller Coms Y-Acc-GBP,19.72
04/19/2016,Fidelity Asian Smaller Coms Y-Acc-GBP,19.78
04/20/2016,Fidelity Asian Smaller Coms Y-Acc-GBP,19.87
04/21/2016,Fidelity Asian Smaller Coms Y-Acc-GBP,19.75
04/22/2016,Fidelity Asian Smaller Coms Y-Acc-GBP,19.64
04/23/2016,Fidelity Asian Smaller Coms Y-Acc-GBP,19.64
04/24/2016,Fidelity Asian Smaller Coms Y-Acc-GBP,19.64
04/25/2016,Fidelity Asian Smaller Coms Y-Acc-GBP,19.46
04/26/2016,Fidelity Asian Smaller Coms Y-Acc-GBP,19.33
04/27/2016,Fidelity Asian Smaller Coms Y-Acc-GBP,19.39
04/28/2016,Fidelity Asian Smaller Coms Y-Acc-GBP,19.45
04/29/2016,Fidelity Asian Smaller Coms Y-Acc-GBP,19.26
04/30/2016,Fidelity Asian Smaller Coms Y-Acc-GBP,19.26
05/01/2016,Fidelity Asian Smaller Coms Y-Acc-GBP,19.26
05/02/2016,Fidelity Asian Smaller Coms Y-Acc-GBP,19.21
05/03/2016,Fidelity Asian Smaller Coms Y-Acc-GBP,19.22
05/04/2016,Fidelity Asian Smaller Coms Y-Acc-GBP,19.18
05/05/2016,Fidelity Asian Smaller Coms Y-Acc-GBP,19.19
05/06/2016,Fidelity Asian Smaller Coms Y-Acc-GBP,19.21
05/07/2016,Fidelity Asian Smaller Coms Y-Acc-GBP,19.21
05/08/2016,Fidelity Asian Smaller Coms Y-Acc-GBP,19.21
05/09/2016,Fidelity Asian Smaller Coms Y-Acc-GBP,19.24
05/10/2016,Fidelity Asian Smaller Coms Y-Acc-GBP,19.28
05/11/2016,Fidelity Asian Smaller Coms Y-Acc-GBP,19.3
05/12/2016,Fidelity Asian Smaller Coms Y-Acc-GBP,19.23
05/13/2016,Fidelity Asian Smaller Coms Y-Acc-GBP,19.27
05/14/2016,Fidelity Asian Smaller Coms Y-Acc-GBP,19.27
05/15/2016,Fidelity Asian Smaller Coms Y-Acc-GBP,19.27
05/16/2016,Fidelity Asian Smaller Coms Y-Acc-GBP,19.28
05/17/2016,Fidelity Asian Smaller Coms Y-Acc-GBP,19.22
05/18/2016,Fidelity Asian Smaller Coms Y-Acc-GBP,18.98
05/19/2016,Fidelity Asian Smaller Coms Y-Acc-GBP,18.76
05/20/2016,Fidelity Asian Smaller Coms Y-Acc-GBP,19.05
05/21/2016,Fidelity Asian Smaller Coms Y-Acc-GBP,19.05
05/22/2016,Fidelity Asian Smaller Coms Y-Acc-GBP,19.05
05/23/2016,Fidelity Asian Smaller Coms Y-Acc-GBP,19.16
05/24/2016,Fidelity Asian Smaller Coms Y-Acc-GBP,18.99
05/25/2016,Fidelity Asian Smaller Coms Y-Acc-GBP,19.04
05/26/2016,Fidelity Asian Smaller Coms Y-Acc-GBP,19.17
05/27/2016,Fidelity Asian Smaller Coms Y-Acc-GBP,19.27
05/28/2016,Fidelity Asian Smaller Coms Y-Acc-GBP,19.27
05/29/2016,Fidelity Asian Smaller Coms Y-Acc-GBP,19.27
05/30/2016,Fidelity Asian Smaller Coms Y-Acc-GBP,19.28
05/31/2016,Fidelity Asian Smaller Coms Y-Acc-GBP,19.47
06/01/2016,Fidelity Asian Smaller Coms Y-Acc-GBP,19.67
06/02/2016,Fidelity Asian Smaller Coms Y-Acc-GBP,19.71
06/03/2016,Fidelity Asian Smaller Coms Y-Acc-GBP,19.7
06/04/2016,Fidelity Asian Smaller Coms Y-Acc-GBP,19.7
06/05/2016,Fidelity Asian Smaller Coms Y-Acc-GBP,19.7
06/06/2016,Fidelity Asian Smaller Coms Y-Acc-GBP,19.9
06/07/2016,Fidelity Asian Smaller Coms Y-Acc-GBP,19.85
06/08/2016,Fidelity Asian Smaller Coms Y-Acc-GBP,19.89
06/09/2016,Fidelity Asian Smaller Coms Y-Acc-GBP,19.9
06/10/2016,Fidelity Asian Smaller Coms Y-Acc-GBP,19.96
06/11/2016,Fidelity Asian Smaller Coms Y-Acc-GBP,19.96
06/12/2016,Fidelity Asian Smaller Coms Y-Acc-GBP,19.96
06/13/2016,Fidelity Asian Smaller Coms Y-Acc-GBP,19.93
06/14/2016,Fidelity Asian Smaller Coms Y-Acc-GBP,19.95
06/15/2016,Fidelity Asian Smaller Coms Y-Acc-GBP,20.01
06/16/2016,Fidelity Asian Smaller Coms Y-Acc-GBP,19.99
06/17/2016,Fidelity Asian Smaller Coms Y-Acc-GBP,19.76
06/18/2016,Fidelity Asian Smaller Coms Y-Acc-GBP,19.76
06/19/2016,Fidelity Asian Smaller Coms Y-Acc-GBP,19.76
06/20/2016,Fidelity Asian Smaller Coms Y-Acc-GBP,19.42
06/21/2016,Fidelity Asian Smaller Coms Y-Acc-GBP,19.49
06/22/2016,Fidelity Asian Smaller Coms Y-Acc-GBP,19.55
06/23/2016,Fidelity Asian Smaller Coms Y-Acc-GBP,19.45
06/24/2016,Fidelity Asian Smaller Coms Y-Acc-GBP,20.59
06/25/2016,Fidelity Asian Smaller Coms Y-Acc-GBP,20.59
06/26/2016,Fidelity Asian Smaller Coms Y-Acc-GBP,20.59
06/27/2016,Fidelity Asian Smaller Coms Y-Acc-GBP,21.01
06/28/2016,Fidelity Asian Smaller Coms Y-Acc-GBP,21.14
06/29/2016,Fidelity Asian Smaller Coms Y-Acc-GBP,21.23
06/30/2016,Fidelity Asian Smaller Coms Y-Acc-GBP,21.78
07/01/2016,Fidelity Asian Smaller Coms Y-Acc-GBP,21.85
07/02/2016,Fidelity Asian Smaller Coms Y-Acc-GBP,21.85
07/03/2016,Fidelity Asian Smaller Coms Y-Acc-GBP,21.85
07/04/2016,Fidelity Asian Smaller Coms Y-Acc-GBP,21.87
07/05/2016,Fidelity Asian Smaller Coms Y-Acc-GBP,22.16
07/06/2016,Fidelity Asian Smaller Coms Y-Acc-GBP,22.23
07/07/2016,Fidelity Asian Smaller Coms Y-Acc-GBP,22.41
07/08/2016,Fidelity Asian Smaller Coms Y-Acc-GBP,22.48
07/09/2016,Fidelity Asian Smaller Coms Y-Acc-GBP,22.48
07/10/2016,Fidelity Asian Smaller Coms Y-Acc-GBP,22.48
07/11/2016,Fidelity Asian Smaller Coms Y-Acc-GBP,22.63
07/12/2016,Fidelity Asian Smaller Coms Y-Acc-GBP,22.32
07/13/2016,Fidelity Asian Smaller Coms Y-Acc-GBP,22.47
07/14/2016,Fidelity Asian Smaller Coms Y-Acc-GBP,22.32
07/15/2016,Fidelity Asian Smaller Coms Y-Acc-GBP,22.56
07/16/2016,Fidelity Asian Smaller Coms Y-Acc-GBP,22.56
07/17/2016,Fidelity Asian Smaller Coms Y-Acc-GBP,22.56
07/18/2016,Fidelity Asian Smaller Coms Y-Acc-GBP,22.4
07/19/2016,Fidelity Asian Smaller Coms Y-Acc-GBP,22.61
07/20/2016,Fidelity Asian Smaller Coms Y-Acc-GBP,22.61
07/21/2016,Fidelity Asian Smaller Coms Y-Acc-GBP,22.51
07/22/2016,Fidelity Asian Smaller Coms Y-Acc-GBP,22.71
07/23/2016,Fidelity Asian Smaller Coms Y-Acc-GBP,22.71
07/24/2016,Fidelity Asian Smaller Coms Y-Acc-GBP,22.71
07/25/2016,Fidelity Asian Smaller Coms Y-Acc-GBP,22.58
07/26/2016,Fidelity Asian Smaller Coms Y-Acc-GBP,22.71
07/27/2016,Fidelity Asian Smaller Coms Y-Acc-GBP,22.84
07/28/2016,Fidelity Asian Smaller Coms Y-Acc-GBP,22.85
07/29/2016,Fidelity Asian Smaller Coms Y-Acc-GBP,22.76
07/30/2016,Fidelity Asian Smaller Coms Y-Acc-GBP,22.76
07/31/2016,Fidelity Asian Smaller Coms Y-Acc-GBP,22.76
08/01/2016,Fidelity Asian Smaller Coms Y-Acc-GBP,22.97
08/02/2016,Fidelity Asian Smaller Coms Y-Acc-GBP,22.68
08/03/2016,Fidelity Asian Smaller Coms Y-Acc-GBP,22.65
08/04/2016,Fidelity Asian Smaller Coms Y-Acc-GBP,23.08
08/05/2016,Fidelity Asian Smaller Coms Y-Acc-GBP,23.33
08/06/2016,Fidelity Asian Smaller Coms Y-Acc-GBP,23.33
08/07/2016,Fidelity Asian Smaller Coms Y-Acc-GBP,23.33
08/08/2016,Fidelity Asian Smaller Coms Y-Acc-GBP,23.53
08/09/2016,Fidelity Asian Smaller Coms Y-Acc-GBP,23.62
08/10/2016,Fidelity Asian Smaller Coms Y-Acc-GBP,23.64
08/11/2016,Fidelity Asian Smaller Coms Y-Acc-GBP,23.75
08/12/2016,Fidelity Asian Smaller Coms Y-Acc-GBP,23.87
08/13/2016,Fidelity Asian Smaller Coms Y-Acc-GBP,23.87
08/14/2016,Fidelity Asian Smaller Coms Y-Acc-GBP,23.87
08/15/2016,Fidelity Asian Smaller Coms Y-Acc-GBP,24.09
08/16/2016,Fidelity Asian Smaller Coms Y-Acc-GBP,23.66
08/17/2016,Fidelity Asian Smaller Coms Y-Acc-GBP,23.51
08/18/2016,Fidelity Asian Smaller Coms Y-Acc-GBP,23.56
08/19/2016,Fidelity Asian Smaller Coms Y-Acc-GBP,23.66
08/20/2016,Fidelity Asian Smaller Coms Y-Acc-GBP,23.66
08/21/2016,Fidelity Asian Smaller Coms Y-Acc-GBP,23.66
08/22/2016,Fidelity Asian Smaller Coms Y-Acc-GBP,23.37
08/23/2016,Fidelity Asian Smaller Coms Y-Acc-GBP,23.33
08/24/2016,Fidelity Asian Smaller Coms Y-Acc-GBP,23.19
08/25/2016,Fidelity Asian Smaller Coms Y-Acc-GBP,23.31
08/26/2016,Fidelity Asian Smaller Coms Y-Acc-GBP,23.44
08/27/2016,Fidelity Asian Smaller Coms Y-Acc-GBP,23.44
08/28/2016,Fidelity Asian Smaller Coms Y-Acc-GBP,23.44
08/29/2016,Fidelity Asian Smaller Coms Y-Acc-GBP,23.44
08/30/2016,Fidelity Asian Smaller Coms Y-Acc-GBP,23.46
08/31/2016,Fidelity Asian Smaller Coms Y-Acc-GBP,23.4
09/01/2016,Fidelity Asian Smaller Coms Y-Acc-GBP,23.12
09/02/2016,Fidelity Asian Smaller Coms Y-Acc-GBP,23.22
09/03/2016,Fidelity Asian Smaller Coms Y-Acc-GBP,23.22
09/04/2016,Fidelity Asian Smaller Coms Y-Acc-GBP,23.22
09/05/2016,Fidelity Asian Smaller Coms Y-Acc-GBP,23.32
09/06/2016,Fidelity Asian Smaller Coms Y-Acc-GBP,23.25
09/07/2016,Fidelity Asian Smaller Coms Y-Acc-GBP,23.41
09/08/2016,Fidelity Asian Smaller Coms Y-Acc-GBP,23.48
09/09/2016,Fidelity Asian Smaller Coms Y-Acc-GBP,23.29
09/10/2016,Fidelity Asian Smaller Coms Y-Acc-GBP,23.29
09/11/2016,Fidelity Asian Smaller Coms Y-Acc-GBP,23.29
09/12/2016,Fidelity Asian Smaller Coms Y-Acc-GBP,22.95
09/13/2016,Fidelity Asian Smaller Coms Y-Acc-GBP,23.02
09/14/2016,Fidelity Asian Smaller Coms Y-Acc-GBP,23.05
09/15/2016,Fidelity Asian Smaller Coms Y-Acc-GBP,23.22
09/16/2016,Fidelity Asian Smaller Coms Y-Acc-GBP,23.4
09/17/2016,Fidelity Asian Smaller Coms Y-Acc-GBP,23.4
09/18/2016,Fidelity Asian Smaller Coms Y-Acc-GBP,23.4
09/19/2016,Fidelity Asian Smaller Coms Y-Acc-GBP,23.6
09/20/2016,Fidelity Asian Smaller Coms Y-Acc-GBP,23.75
09/21/2016,Fidelity Asian Smaller Coms Y-Acc-GBP,23.94
09/22/2016,Fidelity Asian Smaller Coms Y-Acc-GBP,23.97
09/23/2016,Fidelity Asian Smaller Coms Y-Acc-GBP,24.13
09/24/2016,Fidelity Asian Smaller Coms Y-Acc-GBP,24.13
09/25/2016,Fidelity Asian Smaller Coms Y-Acc-GBP,24.13
09/26/2016,Fidelity Asian Smaller Coms Y-Acc-GBP,23.84
09/27/2016,Fidelity Asian Smaller Coms Y-Acc-GBP,23.88
09/28/2016,Fidelity Asian Smaller Coms Y-Acc-GBP,23.97
09/29/2016,Fidelity Asian Smaller Coms Y-Acc-GBP,23.87
09/30/2016,Fidelity Asian Smaller Coms Y-Acc-GBP,23.82
10/01/2016,Fidelity Asian Smaller Coms Y-Acc-GBP,23.82
10/02/2016,Fidelity Asian Smaller Coms Y-Acc-GBP,23.82
10/03/2016,Fidelity Asian Smaller Coms Y-Acc-GBP,24.28
10/04/2016,Fidelity Asian Smaller Coms Y-Acc-GBP,24.48
10/05/2016,Fidelity Asian Smaller Coms Y-Acc-GBP,24.53
10/06/2016,Fidelity Asian Smaller Coms Y-Acc-GBP,24.69
10/07/2016,Fidelity Asian Smaller Coms Y-Acc-GBP,25.04
10/08/2016,Fidelity Asian Smaller Coms Y-Acc-GBP,25.04
10/09/2016,Fidelity Asian Smaller Coms Y-Acc-GBP,25.04
10/10/2016,Fidelity Asian Smaller Coms Y-Acc-GBP,25.12
10/11/2016,Fidelity Asian Smaller Coms Y-Acc-GBP,25.16
10/12/2016,Fidelity Asian Smaller Coms Y-Acc-GBP,25.16
10/13/2016,Fidelity Asian Smaller Coms Y-Acc-GBP,25
10/14/2016,Fidelity Asian Smaller Coms Y-Acc-GBP,25.22
10/15/2016,Fidelity Asian Smaller Coms Y-Acc-GBP,25.22
10/16/2016,Fidelity Asian Smaller Coms Y-Acc-GBP,25.22
10/17/2016,Fidelity Asian Smaller Coms Y-Acc-GBP,25.24
10/18/2016,Fidelity Asian Smaller Coms Y-Acc-GBP,25.18
10/19/2016,Fidelity Asian Smaller Coms Y-Acc-GBP,25.37
10/20/2016,Fidelity Asian Smaller Coms Y-Acc-GBP,25.33
10/21/2016,Fidelity Asian Smaller Coms Y-Acc-GBP,25.41
10/22/2016,Fidelity Asian Smaller Coms Y-Acc-GBP,25.41
10/23/2016,Fidelity Asian Smaller Coms Y-Acc-GBP,25.41
10/24/2016,Fidelity Asian Smaller Coms Y-Acc-GBP,25.55
10/25/2016,Fidelity Asian Smaller Coms Y-Acc-GBP,25.72
10/26/2016,Fidelity Asian Smaller Coms Y-Acc-GBP,25.46
10/27/2016,Fidelity Asian Smaller Coms Y-Acc-GBP,25.61
10/28/2016,Fidelity Asian Smaller Coms Y-Acc-GBP,25.69
10/29/2016,Fidelity Asian Smaller Coms Y-Acc-GBP,25.69
10/30/2016,Fidelity Asian Smaller Coms Y-Acc-GBP,25.69
10/31/2016,Fidelity Asian Smaller Coms Y-Acc-GBP,25.52
11/01/2016,Fidelity Asian Smaller Coms Y-Acc-GBP,25.44
11/02/2016,Fidelity Asian Smaller Coms Y-Acc-GBP,25.13
11/03/2016,Fidelity Asian Smaller Coms Y-Acc-GBP,24.78
11/04/2016,Fidelity Asian Smaller Coms Y-Acc-GBP,24.54
11/05/2016,Fidelity Asian Smaller Coms Y-Acc-GBP,24.54
11/06/2016,Fidelity Asian Smaller Coms Y-Acc-GBP,24.54
11/07/2016,Fidelity Asian Smaller Coms Y-Acc-GBP,25.08
11/08/2016,Fidelity Asian Smaller Coms Y-Acc-GBP,25.3
11/09/2016,Fidelity Asian Smaller Coms Y-Acc-GBP,24.68
11/10/2016,Fidelity Asian Smaller Coms Y-Acc-GBP,24.45
11/11/2016,Fidelity Asian Smaller Coms Y-Acc-GBP,23.93
11/12/2016,Fidelity Asian Smaller Coms Y-Acc-GBP,23.93
11/13/2016,Fidelity Asian Smaller Coms Y-Acc-GBP,23.93
11/14/2016,Fidelity Asian Smaller Coms Y-Acc-GBP,24.04
11/15/2016,Fidelity Asian Smaller Coms Y-Acc-GBP,24.21
11/16/2016,Fidelity Asian Smaller Coms Y-Acc-GBP,24.1
11/17/2016,Fidelity Asian Smaller Coms Y-Acc-GBP,24.19
11/18/2016,Fidelity Asian Smaller Coms Y-Acc-GBP,24.32
11/19/2016,Fidelity Asian Smaller Coms Y-Acc-GBP,24.32
11/20/2016,Fidelity Asian Smaller Coms Y-Acc-GBP,24.32
11/21/2016,Fidelity Asian Smaller Coms Y-Acc-GBP,23.94
11/22/2016,Fidelity Asian Smaller Coms Y-Acc-GBP,24.09
11/23/2016,Fidelity Asian Smaller Coms Y-Acc-GBP,23.93
11/24/2016,Fidelity Asian Smaller Coms Y-Acc-GBP,24.04
11/25/2016,Fidelity Asian Smaller Coms Y-Acc-GBP,24.17
11/26/2016,Fidelity Asian Smaller Coms Y-Acc-GBP,24.17
11/27/2016,Fidelity Asian Smaller Coms Y-Acc-GBP,24.17
11/28/2016,Fidelity Asian Smaller Coms Y-Acc-GBP,24.4
11/29/2016,Fidelity Asian Smaller Coms Y-Acc-GBP,24.21
11/30/2016,Fidelity Asian Smaller Coms Y-Acc-GBP,24.27
12/01/2016,Fidelity Asian Smaller Coms Y-Acc-GBP,24.05
12/02/2016,Fidelity Asian Smaller Coms Y-Acc-GBP,23.86
12/03/2016,Fidelity Asian Smaller Coms Y-Acc-GBP,23.86
12/04/2016,Fidelity Asian Smaller Coms Y-Acc-GBP,23.86
12/05/2016,Fidelity Asian Smaller Coms Y-Acc-GBP,23.78
12/06/2016,Fidelity Asian Smaller Coms Y-Acc-GBP,23.87
12/07/2016,Fidelity Asian Smaller Coms Y-Acc-GBP,24.18
12/08/2016,Fidelity Asian Smaller Coms Y-Acc-GBP,24.36
12/09/2016,Fidelity Asian Smaller Coms Y-Acc-GBP,24.3
12/10/2016,Fidelity Asian Smaller Coms Y-Acc-GBP,24.3
12/11/2016,Fidelity Asian Smaller Coms Y-Acc-GBP,24.3
12/12/2016,Fidelity Asian Smaller Coms Y-Acc-GBP,24.05
12/13/2016,Fidelity Asian Smaller Coms Y-Acc-GBP,24.15
12/14/2016,Fidelity Asian Smaller Coms Y-Acc-GBP,24.11
12/15/2016,Fidelity Asian Smaller Coms Y-Acc-GBP,24.46
12/16/2016,Fidelity Asian Smaller Coms Y-Acc-GBP,24.3
12/17/2016,Fidelity Asian Smaller Coms Y-Acc-GBP,24.3
12/18/2016,Fidelity Asian Smaller Coms Y-Acc-GBP,24.3
12/19/2016,Fidelity Asian Smaller Coms Y-Acc-GBP,24.33
12/20/2016,Fidelity Asian Smaller Coms Y-Acc-GBP,24.32
12/21/2016,Fidelity Asian Smaller Coms Y-Acc-GBP,24.33
12/22/2016,Fidelity Asian Smaller Coms Y-Acc-GBP,24.29
12/23/2016,Fidelity Asian Smaller Coms Y-Acc-GBP,24.42
12/24/2016,Fidelity Asian Smaller Coms Y-Acc-GBP,24.42
12/25/2016,Fidelity Asian Smaller Coms Y-Acc-GBP,24.42
12/26/2016,Fidelity Asian Smaller Coms Y-Acc-GBP,24.28
12/27/2016,Fidelity Asian Smaller Coms Y-Acc-GBP,24.44
12/28/2016,Fidelity Asian Smaller Coms Y-Acc-GBP,24.54
12/29/2016,Fidelity Asian Smaller Coms Y-Acc-GBP,24.65
12/30/2016,Fidelity Asian Smaller Coms Y-Acc-GBP,24.49
12/31/2016,Fidelity Asian Smaller Coms Y-Acc-GBP,24.49
01/01/2017,Fidelity Asian Smaller Coms Y-Acc-GBP,24.49
01/02/2017,Fidelity Asian Smaller Coms Y-Acc-GBP,24.57
01/03/2017,Fidelity Asian Smaller Coms Y-Acc-GBP,24.74
01/04/2017,Fidelity Asian Smaller Coms Y-Acc-GBP,24.89
01/05/2017,Fidelity Asian Smaller Coms Y-Acc-GBP,24.81
01/06/2017,Fidelity Asian Smaller Coms Y-Acc-GBP,24.9
01/07/2017,Fidelity Asian Smaller Coms Y-Acc-GBP,24.9
01/08/2017,Fidelity Asian Smaller Coms Y-Acc-GBP,24.9
01/09/2017,Fidelity Asian Smaller Coms Y-Acc-GBP,25.14
01/10/2017,Fidelity Asian Smaller Coms Y-Acc-GBP,25.24
01/11/2017,Fidelity Asian Smaller Coms Y-Acc-GBP,25.34
01/12/2017,Fidelity Asian Smaller Coms Y-Acc-GBP,25.34
01/13/2017,Fidelity Asian Smaller Coms Y-Acc-GBP,25.37
01/14/2017,Fidelity Asian Smaller Coms Y-Acc-GBP,25.37
01/15/2017,Fidelity Asian Smaller Coms Y-Acc-GBP,25.37
01/16/2017,Fidelity Asian Smaller Coms Y-Acc-GBP,25.55
01/17/2017,Fidelity Asian Smaller Coms Y-Acc-GBP,24.99
01/18/2017,Fidelity Asian Smaller Coms Y-Acc-GBP,25.11
01/19/2017,Fidelity Asian Smaller Coms Y-Acc-GBP,25.05
01/20/2017,Fidelity Asian Smaller Coms Y-Acc-GBP,25
01/21/2017,Fidelity Asian Smaller Coms Y-Acc-GBP,25
01/22/2017,Fidelity Asian Smaller Coms Y-Acc-GBP,25
01/23/2017,Fidelity Asian Smaller Coms Y-Acc-GBP,24.84
01/24/2017,Fidelity Asian Smaller Coms Y-Acc-GBP,24.88
01/25/2017,Fidelity Asian Smaller Coms Y-Acc-GBP,24.74
01/26/2017,Fidelity Asian Smaller Coms Y-Acc-GBP,24.76
01/27/2017,Fidelity Asian Smaller Coms Y-Acc-GBP,24.93
01/28/2017,Fidelity Asian Smaller Coms Y-Acc-GBP,24.93
01/29/2017,Fidelity Asian Smaller Coms Y-Acc-GBP,24.93
01/30/2017,Fidelity Asian Smaller Coms Y-Acc-GBP,25.02
01/31/2017,Fidelity Asian Smaller Coms Y-Acc-GBP,24.82
02/01/2017,Fidelity Asian Smaller Coms Y-Acc-GBP,24.77
02/02/2017,Fidelity Asian Smaller Coms Y-Acc-GBP,25.08
02/03/2017,Fidelity Asian Smaller Coms Y-Acc-GBP,25.24
02/04/2017,Fidelity Asian Smaller Coms Y-Acc-GBP,25.24
02/05/2017,Fidelity Asian Smaller Coms Y-Acc-GBP,25.24
02/06/2017,Fidelity Asian Smaller Coms Y-Acc-GBP,25.38
02/07/2017,Fidelity Asian Smaller Coms Y-Acc-GBP,25.24
02/08/2017,Fidelity Asian Smaller Coms Y-Acc-GBP,25.27
02/09/2017,Fidelity Asian Smaller Coms Y-Acc-GBP,25.43
02/10/2017,Fidelity Asian Smaller Coms Y-Acc-GBP,25.53
02/11/2017,Fidelity Asian Smaller Coms Y-Acc-GBP,25.53
02/12/2017,Fidelity Asian Smaller Coms Y-Acc-GBP,25.53
02/13/2017,Fidelity Asian Smaller Coms Y-Acc-GBP,25.56
02/14/2017,Fidelity Asian Smaller Coms Y-Acc-GBP,25.66
02/15/2017,Fidelity Asian Smaller Coms Y-Acc-GBP,25.76
02/16/2017,Fidelity Asian Smaller Coms Y-Acc-GBP,25.69
02/17/2017,Fidelity Asian Smaller Coms Y-Acc-GBP,25.67
02/18/2017,Fidelity Asian Smaller Coms Y-Acc-GBP,25.67
02/19/2017,Fidelity Asian Smaller Coms Y-Acc-GBP,25.67
02/20/2017,Fidelity Asian Smaller Coms Y-Acc-GBP,25.77
02/21/2017,Fidelity Asian Smaller Coms Y-Acc-GBP,25.77
02/22/2017,Fidelity Asian Smaller Coms Y-Acc-GBP,25.8
02/23/2017,Fidelity Asian Smaller Coms Y-Acc-GBP,25.72
02/24/2017,Fidelity Asian Smaller Coms Y-Acc-GBP,25.79
02/25/2017,Fidelity Asian Smaller Coms Y-Acc-GBP,25.79
02/26/2017,Fidelity Asian Smaller Coms Y-Acc-GBP,25.79
02/27/2017,Fidelity Asian Smaller Coms Y-Acc-GBP,25.88
02/28/2017,Fidelity Asian Smaller Coms Y-Acc-GBP,26
03/01/2017,Fidelity Asian Smaller Coms Y-Acc-GBP,26.31
03/02/2017,Fidelity Asian Smaller Coms Y-Acc-GBP,26.21
03/03/2017,Fidelity Asian Smaller Coms Y-Acc-GBP,26.21
03/04/2017,Fidelity Asian Smaller Coms Y-Acc-GBP,26.21
03/05/2017,Fidelity Asian Smaller Coms Y-Acc-GBP,26.21
03/06/2017,Fidelity Asian Smaller Coms Y-Acc-GBP,26.23
03/07/2017,Fidelity Asian Smaller Coms Y-Acc-GBP,26.36
03/08/2017,Fidelity Asian Smaller Coms Y-Acc-GBP,26.49
03/09/2017,Fidelity Asian Smaller Coms Y-Acc-GBP,26.41
03/10/2017,Fidelity Asian Smaller Coms Y-Acc-GBP,26.44
03/11/2017,Fidelity Asian Smaller Coms Y-Acc-GBP,26.44
03/12/2017,Fidelity Asian Smaller Coms Y-Acc-GBP,26.44
03/13/2017,Fidelity Asian Smaller Coms Y-Acc-GBP,26.54
03/14/2017,Fidelity Asian Smaller Coms Y-Acc-GBP,26.68
03/15/2017,Fidelity Asian Smaller Coms Y-Acc-GBP,26.64
03/16/2017,Fidelity Asian Smaller Coms Y-Acc-GBP,26.64
03/17/2017,Fidelity Asian Smaller Coms Y-Acc-GBP,26.69
03/18/2017,Fidelity Asian Smaller Coms Y-Acc-GBP,26.69
03/19/2017,Fidelity Asian Smaller Coms Y-Acc-GBP,26.69
03/20/2017,Fidelity Asian Smaller Coms Y-Acc-GBP,26.88
03/21/2017,Fidelity Asian Smaller Coms Y-Acc-GBP,26.45
03/22/2017,Fidelity Asian Smaller Coms Y-Acc-GBP,26.41
03/23/2017,Fidelity Asian Smaller Coms Y-Acc-GBP,26.37
03/24/2017,Fidelity Asian Smaller Coms Y-Acc-GBP,26.5
03/25/2017,Fidelity Asian Smaller Coms Y-Acc-GBP,26.5
03/26/2017,Fidelity Asian Smaller Coms Y-Acc-GBP,26.5
03/27/2017,Fidelity Asian Smaller Coms Y-Acc-GBP,26.32
03/28/2017,Fidelity Asian Smaller Coms Y-Acc-GBP,26.61
03/29/2017,Fidelity Asian Smaller Coms Y-Acc-GBP,26.82
03/30/2017,Fidelity Asian Smaller Coms Y-Acc-GBP,26.68
03/31/2017,Fidelity Asian Smaller Coms Y-Acc-GBP,26.58
04/01/2017,Fidelity Asian Smaller Coms Y-Acc-GBP,26.58
04/02/2017,Fidelity Asian Smaller Coms Y-Acc-GBP,26.58
04/03/2017,Fidelity Asian Smaller Coms Y-Acc-GBP,26.75
04/04/2017,Fidelity Asian Smaller Coms Y-Acc-GBP,26.85
04/05/2017,Fidelity Asian Smaller Coms Y-Acc-GBP,26.73
04/06/2017,Fidelity Asian Smaller Coms Y-Acc-GBP,26.67
04/07/2017,Fidelity Asian Smaller Coms Y-Acc-GBP,26.89
04/08/2017,Fidelity Asian Smaller Coms Y-Acc-GBP,26.89
04/09/2017,Fidelity Asian Smaller Coms Y-Acc-GBP,26.89
04/10/2017,Fidelity Asian Smaller Coms Y-Acc-GBP,26.73
04/11/2017,Fidelity Asian Smaller Coms Y-Acc-GBP,26.54
04/12/2017,Fidelity Asian Smaller Coms Y-Acc-GBP,26.52
04/13/2017,Fidelity Asian Smaller Coms Y-Acc-GBP,26.65
04/14/2017,Fidelity Asian Smaller Coms Y-Acc-GBP,26.47
04/15/2017,Fidelity Asian Smaller Coms Y-Acc-GBP,26.47
04/16/2017,Fidelity Asian Smaller Coms Y-Acc-GBP,26.47
04/17/2017,Fidelity Asian Smaller Coms Y-Acc-GBP,26.49
04/18/2017,Fidelity Asian Smaller Coms Y-Acc-GBP,26.03
04/19/2017,Fidelity Asian Smaller Coms Y-Acc-GBP,26.01
04/20/2017,Fidelity Asian Smaller Coms Y-Acc-GBP,26.08
04/21/2017,Fidelity Asian Smaller Coms Y-Acc-GBP,26.2
04/22/2017,Fidelity Asian Smaller Coms Y-Acc-GBP,26.2
04/23/2017,Fidelity Asian Smaller Coms Y-Acc-GBP,26.2
04/24/2017,Fidelity Asian Smaller Coms Y-Acc-GBP,26.32
04/25/2017,Fidelity Asian Smaller Coms Y-Acc-GBP,26.46
04/26/2017,Fidelity Asian Smaller Coms Y-Acc-GBP,26.41
04/27/2017,Fidelity Asian Smaller Coms Y-Acc-GBP,26.25
04/28/2017,Fidelity Asian Smaller Coms Y-Acc-GBP,26.16
04/29/2017,Fidelity Asian Smaller Coms Y-Acc-GBP,26.16
04/30/2017,Fidelity Asian Smaller Coms Y-Acc-GBP,26.16
05/01/2017,Fidelity Asian Smaller Coms Y-Acc-GBP,26.27
05/02/2017,Fidelity Asian Smaller Coms Y-Acc-GBP,26.43
05/03/2017,Fidelity Asian Smaller Coms Y-Acc-GBP,26.28
05/04/2017,Fidelity Asian Smaller Coms Y-Acc-GBP,26.32
05/05/2017,Fidelity Asian Smaller Coms Y-Acc-GBP,26.24
05/06/2017,Fidelity Asian Smaller Coms Y-Acc-GBP,26.24
05/07/2017,Fidelity Asian Smaller Coms Y-Acc-GBP,26.24
05/08/2017,Fidelity Asian Smaller Coms Y-Acc-GBP,26.33
05/09/2017,Fidelity Asian Smaller Coms Y-Acc-GBP,26.33
05/10/2017,Fidelity Asian Smaller Coms Y-Acc-GBP,26.39
05/11/2017,Fidelity Asian Smaller Coms Y-Acc-GBP,26.45
05/12/2017,Fidelity Asian Smaller Coms Y-Acc-GBP,26.44
05/13/2017,Fidelity Asian Smaller Coms Y-Acc-GBP,26.44
05/14/2017,Fidelity Asian Smaller Coms Y-Acc-GBP,26.44
05/15/2017,Fidelity Asian Smaller Coms Y-Acc-GBP,26.44
05/16/2017,Fidelity Asian Smaller Coms Y-Acc-GBP,26.4
05/17/2017,Fidelity Asian Smaller Coms Y-Acc-GBP,26.19
05/18/2017,Fidelity Asian Smaller Coms Y-Acc-GBP,25.85
05/19/2017,Fidelity Asian Smaller Coms Y-Acc-GBP,26.03
05/20/2017,Fidelity Asian Smaller Coms Y-Acc-GBP,26.03
05/21/2017,Fidelity Asian Smaller Coms Y-Acc-GBP,26.03
05/22/2017,Fidelity Asian Smaller Coms Y-Acc-GBP,26.02
05/23/2017,Fidelity Asian Smaller Coms Y-Acc-GBP,25.96
05/24/2017,Fidelity Asian Smaller Coms Y-Acc-GBP,26.06
05/25/2017,Fidelity Asian Smaller Coms Y-Acc-GBP,26.27
05/26/2017,Fidelity Asian Smaller Coms Y-Acc-GBP,26.6
05/27/2017,Fidelity Asian Smaller Coms Y-Acc-GBP,26.6
05/28/2017,Fidelity Asian Smaller Coms Y-Acc-GBP,26.6
05/29/2017,Fidelity Asian Smaller Coms Y-Acc-GBP,26.48
05/30/2017,Fidelity Asian Smaller Coms Y-Acc-GBP,26.45
05/31/2017,Fidelity Asian Smaller Coms Y-Acc-GBP,26.41
06/01/2017,Fidelity Asian Smaller Coms Y-Acc-GBP,26.54
06/02/2017,Fidelity Asian Smaller Coms Y-Acc-GBP,26.8
06/03/2017,Fidelity Asian Smaller Coms Y-Acc-GBP,26.8
06/04/2017,Fidelity Asian Smaller Coms Y-Acc-GBP,26.8
06/05/2017,Fidelity Asian Smaller Coms Y-Acc-GBP,26.8
06/06/2017,Fidelity Asian Smaller Coms Y-Acc-GBP,26.78
06/07/2017,Fidelity Asian Smaller Coms Y-Acc-GBP,26.75
06/08/2017,Fidelity Asian Smaller Coms Y-Acc-GBP,26.83
06/09/2017,Fidelity Asian Smaller Coms Y-Acc-GBP,27.29
06/10/2017,Fidelity Asian Smaller Coms Y-Acc-GBP,27.29
06/11/2017,Fidelity Asian Smaller Coms Y-Acc-GBP,27.29
06/12/2017,Fidelity Asian Smaller Coms Y-Acc-GBP,27.27
06/13/2017,Fidelity Asian Smaller Coms Y-Acc-GBP,27.17
06/14/2017,Fidelity Asian Smaller Coms Y-Acc-GBP,27.2
06/15/2017,Fidelity Asian Smaller Coms Y-Acc-GBP,27.06
06/16/2017,Fidelity Asian Smaller Coms Y-Acc-GBP,27.01
06/17/2017,Fidelity Asian Smaller Coms Y-Acc-GBP,27.01
06/18/2017,Fidelity Asian Smaller Coms Y-Acc-GBP,27.01
06/19/2017,Fidelity Asian Smaller Coms Y-Acc-GBP,27.18
06/20/2017,Fidelity Asian Smaller Coms Y-Acc-GBP,27.23
06/21/2017,Fidelity Asian Smaller Coms Y-Acc-GBP,27.19
06/22/2017,Fidelity Asian Smaller Coms Y-Acc-GBP,27.21
06/23/2017,Fidelity Asian Smaller Coms Y-Acc-GBP,27.06
06/24/2017,Fidelity Asian Smaller Coms Y-Acc-GBP,27.06
06/25/2017,Fidelity Asian Smaller Coms Y-Acc-GBP,27.06
06/26/2017,Fidelity Asian Smaller Coms Y-Acc-GBP,27.09
06/27/2017,Fidelity Asian Smaller Coms Y-Acc-GBP,26.86
06/28/2017,Fidelity Asian Smaller Coms Y-Acc-GBP,26.57
06/29/2017,Fidelity Asian Smaller Coms Y-Acc-GBP,26.41
06/30/2017,Fidelity Asian Smaller Coms Y-Acc-GBP,26.48
07/01/2017,Fidelity Asian Smaller Coms Y-Acc-GBP,26.48
07/02/2017,Fidelity Asian Smaller Coms Y-Acc-GBP,26.48
07/03/2017,Fidelity Asian Smaller Coms Y-Acc-GBP,26.64
07/04/2017,Fidelity Asian Smaller Coms Y-Acc-GBP,26.62
07/05/2017,Fidelity Asian Smaller Coms Y-Acc-GBP,26.62
07/06/2017,Fidelity Asian Smaller Coms Y-Acc-GBP,26.55
07/07/2017,Fidelity Asian Smaller Coms Y-Acc-GBP,26.76
07/08/2017,Fidelity Asian Smaller Coms Y-Acc-GBP,26.76
07/09/2017,Fidelity Asian Smaller Coms Y-Acc-GBP,26.76
07/10/2017,Fidelity Asian Smaller Coms Y-Acc-GBP,26.82
07/11/2017,Fidelity Asian Smaller Coms Y-Acc-GBP,26.81
07/12/2017,Fidelity Asian Smaller Coms Y-Acc-GBP,26.98
07/13/2017,Fidelity Asian Smaller Coms Y-Acc-GBP,27.07
07/14/2017,Fidelity Asian Smaller Coms Y-Acc-GBP,27.04
07/15/2017,Fidelity Asian Smaller Coms Y-Acc-GBP,27.04
07/16/2017,Fidelity Asian Smaller Coms Y-Acc-GBP,27.04
07/17/2017,Fidelity Asian Smaller Coms Y-Acc-GBP,26.93
07/18/2017,Fidelity Asian Smaller Coms Y-Acc-GBP,27.02
07/19/2017,Fidelity Asian Smaller Coms Y-Acc-GBP,27.1
07/20/2017,Fidelity Asian Smaller Coms Y-Acc-GBP,27.23
07/21/2017,Fidelity Asian Smaller Coms Y-Acc-GBP,27.18
07/22/2017,Fidelity Asian Smaller Coms Y-Acc-GBP,27.18
07/23/2017,Fidelity Asian Smaller Coms Y-Acc-GBP,27.18
07/24/2017,Fidelity Asian Smaller Coms Y-Acc-GBP,27.11
07/25/2017,Fidelity Asian Smaller Coms Y-Acc-GBP,27.1
07/26/2017,Fidelity Asian Smaller Coms Y-Acc-GBP,27.12
07/27/2017,Fidelity Asian Smaller Coms Y-Acc-GBP,27.25
07/28/2017,Fidelity Asian Smaller Coms Y-Acc-GBP,27.01
07/29/2017,Fidelity Asian Smaller Coms Y-Acc-GBP,27.01
07/30/2017,Fidelity Asian Smaller Coms Y-Acc-GBP,27.01
07/31/2017,Fidelity Asian Smaller Coms Y-Acc-GBP,26.89
08/01/2017,Fidelity Asian Smaller Coms Y-Acc-GBP,26.9
08/02/2017,Fidelity Asian Smaller Coms Y-Acc-GBP,26.73
08/03/2017,Fidelity Asian Smaller Coms Y-Acc-GBP,26.87
08/04/2017,Fidelity Asian Smaller Coms Y-Acc-GBP,27.11
08/05/2017,Fidelity Asian Smaller Coms Y-Acc-GBP,27.11
08/06/2017,Fidelity Asian Smaller Coms Y-Acc-GBP,27.11
08/07/2017,Fidelity Asian Smaller Coms Y-Acc-GBP,27.19
08/08/2017,Fidelity Asian Smaller Coms Y-Acc-GBP,27.32
08/09/2017,Fidelity Asian Smaller Coms Y-Acc-GBP,27.03
08/10/2017,Fidelity Asian Smaller Coms Y-Acc-GBP,26.81
08/11/2017,Fidelity Asian Smaller Coms Y-Acc-GBP,26.74
08/12/2017,Fidelity Asian Smaller Coms Y-Acc-GBP,26.74
08/13/2017,Fidelity Asian Smaller Coms Y-Acc-GBP,26.74
08/14/2017,Fidelity Asian Smaller Coms Y-Acc-GBP,26.96
08/15/2017,Fidelity Asian Smaller Coms Y-Acc-GBP,27.16
08/16/2017,Fidelity Asian Smaller Coms Y-Acc-GBP,27.22
08/17/2017,Fidelity Asian Smaller Coms Y-Acc-GBP,27.17
08/18/2017,Fidelity Asian Smaller Coms Y-Acc-GBP,27.26
08/19/2017,Fidelity Asian Smaller Coms Y-Acc-GBP,27.26
08/20/2017,Fidelity Asian Smaller Coms Y-Acc-GBP,27.26
08/21/2017,Fidelity Asian Smaller Coms Y-Acc-GBP,27.15
08/22/2017,Fidelity Asian Smaller Coms Y-Acc-GBP,27.45
08/23/2017,Fidelity Asian Smaller Coms Y-Acc-GBP,27.52
08/24/2017,Fidelity Asian Smaller Coms Y-Acc-GBP,27.55
08/25/2017,Fidelity Asian Smaller Coms Y-Acc-GBP,27.56
08/26/2017,Fidelity Asian Smaller Coms Y-Acc-GBP,27.56
08/27/2017,Fidelity Asian Smaller Coms Y-Acc-GBP,27.56
08/28/2017,Fidelity Asian Smaller Coms Y-Acc-GBP,27.47
08/29/2017,Fidelity Asian Smaller Coms Y-Acc-GBP,27.31
08/30/2017,Fidelity Asian Smaller Coms Y-Acc-GBP,27.34
08/31/2017,Fidelity Asian Smaller Coms Y-Acc-GBP,27.53
09/01/2017,Fidelity Asian Smaller Coms Y-Acc-GBP,27.42
09/02/2017,Fidelity Asian Smaller Coms Y-Acc-GBP,27.42
09/03/2017,Fidelity Asian Smaller Coms Y-Acc-GBP,27.42
09/04/2017,Fidelity Asian Smaller Coms Y-Acc-GBP,27.31
09/05/2017,Fidelity Asian Smaller Coms Y-Acc-GBP,27.19
09/06/2017,Fidelity Asian Smaller Coms Y-Acc-GBP,27.06
09/07/2017,Fidelity Asian Smaller Coms Y-Acc-GBP,27.17
09/08/2017,Fidelity Asian Smaller Coms Y-Acc-GBP,26.83
09/09/2017,Fidelity Asian Smaller Coms Y-Acc-GBP,26.83
09/10/2017,Fidelity Asian Smaller Coms Y-Acc-GBP,26.83
09/11/2017,Fidelity Asian Smaller Coms Y-Acc-GBP,27
09/12/2017,Fidelity Asian Smaller Coms Y-Acc-GBP,26.86
09/13/2017,Fidelity Asian Smaller Coms Y-Acc-GBP,26.89
09/14/2017,Fidelity Asian Smaller Coms Y-Acc-GBP,26.61
09/15/2017,Fidelity Asian Smaller Coms Y-Acc-GBP,26.33
09/16/2017,Fidelity Asian Smaller Coms Y-Acc-GBP,26.33
09/17/2017,Fidelity Asian Smaller Coms Y-Acc-GBP,26.33
09/18/2017,Fidelity Asian Smaller Coms Y-Acc-GBP,26.49
09/19/2017,Fidelity Asian Smaller Coms Y-Acc-GBP,26.42
09/20/2017,Fidelity Asian Smaller Coms Y-Acc-GBP,26.33
09/21/2017,Fidelity Asian Smaller Coms Y-Acc-GBP,26.22
09/22/2017,Fidelity Asian Smaller Coms Y-Acc-GBP,26.22
09/23/2017,Fidelity Asian Smaller Coms Y-Acc-GBP,26.22
09/24/2017,Fidelity Asian Smaller Coms Y-Acc-GBP,26.22
09/25/2017,Fidelity Asian Smaller Coms Y-Acc-GBP,26.1
09/26/2017,Fidelity Asian Smaller Coms Y-Acc-GBP,26.15
09/27/2017,Fidelity Asian Smaller Coms Y-Acc-GBP,26.16
09/28/2017,Fidelity Asian Smaller Coms Y-Acc-GBP,26.13
09/29/2017,Fidelity Asian Smaller Coms Y-Acc-GBP,26.46
09/30/2017,Fidelity Asian Smaller Coms Y-Acc-GBP,26.46
10/01/2017,Fidelity Asian Smaller Coms Y-Acc-GBP,26.46
10/02/2017,Fidelity Asian Smaller Coms Y-Acc-GBP,26.71
10/03/2017,Fidelity Asian Smaller Coms Y-Acc-GBP,26.83
10/04/2017,Fidelity Asian Smaller Coms Y-Acc-GBP,26.84
10/05/2017,Fidelity Asian Smaller Coms Y-Acc-GBP,27.26
10/06/2017,Fidelity Asian Smaller Coms Y-Acc-GBP,27.35
10/07/2017,Fidelity Asian Smaller Coms Y-Acc-GBP,27.35
10/08/2017,Fidelity Asian Smaller Coms Y-Acc-GBP,27.35
10/09/2017,Fidelity Asian Smaller Coms Y-Acc-GBP,27.22
10/10/2017,Fidelity Asian Smaller Coms Y-Acc-GBP,27.24
10/11/2017,Fidelity Asian Smaller Coms Y-Acc-GBP,27.25
10/12/2017,Fidelity Asian Smaller Coms Y-Acc-GBP,27.5
10/13/2017,Fidelity Asian Smaller Coms Y-Acc-GBP,27.39
10/14/2017,Fidelity Asian Smaller Coms Y-Acc-GBP,27.39
10/15/2017,Fidelity Asian Smaller Coms Y-Acc-GBP,27.39
10/16/2017,Fidelity Asian Smaller Coms Y-Acc-GBP,27.31
10/17/2017,Fidelity Asian Smaller Coms Y-Acc-GBP,27.46
10/18/2017,Fidelity Asian Smaller Coms Y-Acc-GBP,27.51
10/19/2017,Fidelity Asian Smaller Coms Y-Acc-GBP,27.47
10/20/2017,Fidelity Asian Smaller Coms Y-Acc-GBP,27.48
10/21/2017,Fidelity Asian Smaller Coms Y-Acc-GBP,27.48
10/22/2017,Fidelity Asian Smaller Coms Y-Acc-GBP,27.48
10/23/2017,Fidelity Asian Smaller Coms Y-Acc-GBP,27.46
10/24/2017,Fidelity Asian Smaller Coms Y-Acc-GBP,27.72
10/25/2017,Fidelity Asian Smaller Coms Y-Acc-GBP,27.43
10/26/2017,Fidelity Asian Smaller Coms Y-Acc-GBP,27.64
10/27/2017,Fidelity Asian Smaller Coms Y-Acc-GBP,27.77
10/28/2017,Fidelity Asian Smaller Coms Y-Acc-GBP,27.77
10/29/2017,Fidelity Asian Smaller Coms Y-Acc-GBP,27.77
10/30/2017,Fidelity Asian Smaller Coms Y-Acc-GBP,27.56
10/31/2017,Fidelity Asian Smaller Coms Y-Acc-GBP,27.49
11/01/2017,Fidelity Asian Smaller Coms Y-Acc-GBP,27.6
11/02/2017,Fidelity Asian Smaller Coms Y-Acc-GBP,28.09
11/03/2017,Fidelity Asian Smaller Coms Y-Acc-GBP,28
11/04/2017,Fidelity Asian Smaller Coms Y-Acc-GBP,28
11/05/2017,Fidelity Asian Smaller Coms Y-Acc-GBP,28
11/06/2017,Fidelity Asian Smaller Coms Y-Acc-GBP,28.01
11/07/2017,Fidelity Asian Smaller Coms Y-Acc-GBP,27.88
11/08/2017,Fidelity Asian Smaller Coms Y-Acc-GBP,28.2
11/09/2017,Fidelity Asian Smaller Coms Y-Acc-GBP,27.89
11/10/2017,Fidelity Asian Smaller Coms Y-Acc-GBP,27.74
11/11/2017,Fidelity Asian Smaller Coms Y-Acc-GBP,27.74
11/12/2017,Fidelity Asian Smaller Coms Y-Acc-GBP,27.74
11/13/2017,Fidelity Asian Smaller Coms Y-Acc-GBP,27.8
11/14/2017,Fidelity Asian Smaller Coms Y-Acc-GBP,27.74
11/15/2017,Fidelity Asian Smaller Coms Y-Acc-GBP,27.68
11/16/2017,Fidelity Asian Smaller Coms Y-Acc-GBP,27.71
11/17/2017,Fidelity Asian Smaller Coms Y-Acc-GBP,27.67
11/18/2017,Fidelity Asian Smaller Coms Y-Acc-GBP,27.67
11/19/2017,Fidelity Asian Smaller Coms Y-Acc-GBP,27.67
11/20/2017,Fidelity Asian Smaller Coms Y-Acc-GBP,27.63
11/21/2017,Fidelity Asian Smaller Coms Y-Acc-GBP,27.71
11/22/2017,Fidelity Asian Smaller Coms Y-Acc-GBP,27.65
11/23/2017,Fidelity Asian Smaller Coms Y-Acc-GBP,27.67
11/24/2017,Fidelity Asian Smaller Coms Y-Acc-GBP,27.62
11/25/2017,Fidelity Asian Smaller Coms Y-Acc-GBP,27.62
11/26/2017,Fidelity Asian Smaller Coms Y-Acc-GBP,27.62
11/27/2017,Fidelity Asian Smaller Coms Y-Acc-GBP,27.5
11/28/2017,Fidelity Asian Smaller Coms Y-Acc-GBP,27.84
11/29/2017,Fidelity Asian Smaller Coms Y-Acc-GBP,27.37
11/30/2017,Fidelity Asian Smaller Coms Y-Acc-GBP,27.1
12/01/2017,Fidelity Asian Smaller Coms Y-Acc-GBP,26.96
12/02/2017,Fidelity Asian Smaller Coms Y-Acc-GBP,26.96
12/03/2017,Fidelity Asian Smaller Coms Y-Acc-GBP,26.96
12/04/2017,Fidelity Asian Smaller Coms Y-Acc-GBP,26.95
12/05/2017,Fidelity Asian Smaller Coms Y-Acc-GBP,26.92
12/06/2017,Fidelity Asian Smaller Coms Y-Acc-GBP,26.76
12/07/2017,Fidelity Asian Smaller Coms Y-Acc-GBP,26.65
12/08/2017,Fidelity Asian Smaller Coms Y-Acc-GBP,26.87
12/09/2017,Fidelity Asian Smaller Coms Y-Acc-GBP,26.87
12/10/2017,Fidelity Asian Smaller Coms Y-Acc-GBP,26.87
12/11/2017,Fidelity Asian Smaller Coms Y-Acc-GBP,27.08
12/12/2017,Fidelity Asian Smaller Coms Y-Acc-GBP,26.99
12/13/2017,Fidelity Asian Smaller Coms Y-Acc-GBP,27.02
12/14/2017,Fidelity Asian Smaller Coms Y-Acc-GBP,26.97
12/15/2017,Fidelity Asian Smaller Coms Y-Acc-GBP,27.21
12/16/2017,Fidelity Asian Smaller Coms Y-Acc-GBP,27.21
12/17/2017,Fidelity Asian Smaller Coms Y-Acc-GBP,27.21
12/18/2017,Fidelity Asian Smaller Coms Y-Acc-GBP,27.01
12/19/2017,Fidelity Asian Smaller Coms Y-Acc-GBP,27.11
12/20/2017,Fidelity Asian Smaller Coms Y-Acc-GBP,27.08
12/21/2017,Fidelity Asian Smaller Coms Y-Acc-GBP,27.31
12/22/2017,Fidelity Asian Smaller Coms Y-Acc-GBP,27.39
12/23/2017,Fidelity Asian Smaller Coms Y-Acc-GBP,27.39
12/24/2017,Fidelity Asian Smaller Coms Y-Acc-GBP,27.39
12/25/2017,Fidelity Asian Smaller Coms Y-Acc-GBP,27.39
12/26/2017,Fidelity Asian Smaller Coms Y-Acc-GBP,27.44
12/27/2017,Fidelity Asian Smaller Coms Y-Acc-GBP,27.39
12/28/2017,Fidelity Asian Smaller Coms Y-Acc-GBP,27.38
12/29/2017,Fidelity Asian Smaller Coms Y-Acc-GBP,27.38
12/30/2017,Fidelity Asian Smaller Coms Y-Acc-GBP,27.38
12/31/2017,Fidelity Asian Smaller Coms Y-Acc-GBP,27.38
01/01/2018,Fidelity Asian Smaller Coms Y-Acc-GBP,27.38
01/02/2018,Fidelity Asian Smaller Coms Y-Acc-GBP,27.39
01/03/2018,Fidelity Asian Smaller Coms Y-Acc-GBP,27.62
01/04/2018,Fidelity Asian Smaller Coms Y-Acc-GBP,27.63
01/05/2018,Fidelity Asian Smaller Coms Y-Acc-GBP,27.69
01/06/2018,Fidelity Asian Smaller Coms Y-Acc-GBP,27.69
01/07/2018,Fidelity Asian Smaller Coms Y-Acc-GBP,27.69
01/08/2018,Fidelity Asian Smaller Coms Y-Acc-GBP,27.76
01/09/2018,Fidelity Asian Smaller Coms Y-Acc-GBP,27.77
01/10/2018,Fidelity Asian Smaller Coms Y-Acc-GBP,27.83
01/11/2018,Fidelity Asian Smaller Coms Y-Acc-GBP,27.9
01/12/2018,Fidelity Asian Smaller Coms Y-Acc-GBP,27.79
01/13/2018,Fidelity Asian Smaller Coms Y-Acc-GBP,27.79
01/14/2018,Fidelity Asian Smaller Coms Y-Acc-GBP,27.79
01/15/2018,Fidelity Asian Smaller Coms Y-Acc-GBP,27.67
01/16/2018,Fidelity Asian Smaller Coms Y-Acc-GBP,27.75
01/17/2018,Fidelity Asian Smaller Coms Y-Acc-GBP,27.72
01/18/2018,Fidelity Asian Smaller Coms Y-Acc-GBP,27.64
01/19/2018,Fidelity Asian Smaller Coms Y-Acc-GBP,27.84
01/20/2018,Fidelity Asian Smaller Coms Y-Acc-GBP,27.84
01/21/2018,Fidelity Asian Smaller Coms Y-Acc-GBP,27.84
01/22/2018,Fidelity Asian Smaller Coms Y-Acc-GBP,27.81
01/23/2018,Fidelity Asian Smaller Coms Y-Acc-GBP,27.78
01/24/2018,Fidelity Asian Smaller Coms Y-Acc-GBP,27.46
01/25/2018,Fidelity Asian Smaller Coms Y-Acc-GBP,27.46
01/26/2018,Fidelity Asian Smaller Coms Y-Acc-GBP,27.59
01/27/2018,Fidelity Asian Smaller Coms Y-Acc-GBP,27.59
01/28/2018,Fidelity Asian Smaller Coms Y-Acc-GBP,27.59
01/29/2018,Fidelity Asian Smaller Coms Y-Acc-GBP,27.74
01/30/2018,Fidelity Asian Smaller Coms Y-Acc-GBP,27.43
01/31/2018,Fidelity Asian Smaller Coms Y-Acc-GBP,27.39
02/01/2018,Fidelity Asian Smaller Coms Y-Acc-GBP,27.12
02/02/2018,Fidelity Asian Smaller Coms Y-Acc-GBP,26.95
02/03/2018,Fidelity Asian Smaller Coms Y-Acc-GBP,26.95
02/04/2018,Fidelity Asian Smaller Coms Y-Acc-GBP,26.95
02/05/2018,Fidelity Asian Smaller Coms Y-Acc-GBP,26.97
02/06/2018,Fidelity Asian Smaller Coms Y-Acc-GBP,26.53
02/07/2018,Fidelity Asian Smaller Coms Y-Acc-GBP,26.84
02/08/2018,Fidelity Asian Smaller Coms Y-Acc-GBP,26.44
02/09/2018,Fidelity Asian Smaller Coms Y-Acc-GBP,26.42
02/10/2018,Fidelity Asian Smaller Coms Y-Acc-GBP,26.42
02/11/2018,Fidelity Asian Smaller Coms Y-Acc-GBP,26.42
02/12/2018,Fidelity Asian Smaller Coms Y-Acc-GBP,26.72
02/13/2018,Fidelity Asian Smaller Coms Y-Acc-GBP,26.66
02/14/2018,Fidelity Asian Smaller Coms Y-Acc-GBP,26.7
02/15/2018,Fidelity Asian Smaller Coms Y-Acc-GBP,26.67
02/16/2018,Fidelity Asian Smaller Coms Y-Acc-GBP,26.71
02/17/2018,Fidelity Asian Smaller Coms Y-Acc-GBP,26.71
02/18/2018,Fidelity Asian Smaller Coms Y-Acc-GBP,26.71
02/19/2018,Fidelity Asian Smaller Coms Y-Acc-GBP,26.74
02/20/2018,Fidelity Asian Smaller Coms Y-Acc-GBP,26.6
02/21/2018,Fidelity Asian Smaller Coms Y-Acc-GBP,26.83
02/22/2018,Fidelity Asian Smaller Coms Y-Acc-GBP,26.78
02/23/2018,Fidelity Asian Smaller Coms Y-Acc-GBP,26.8
02/24/2018,Fidelity Asian Smaller Coms Y-Acc-GBP,26.8
02/25/2018,Fidelity Asian Smaller Coms Y-Acc-GBP,26.8
02/26/2018,Fidelity Asian Smaller Coms Y-Acc-GBP,27.03
02/27/2018,Fidelity Asian Smaller Coms Y-Acc-GBP,26.88
02/28/2018,Fidelity Asian Smaller Coms Y-Acc-GBP,26.99
03/01/2018,Fidelity Asian Smaller Coms Y-Acc-GBP,27.07
03/02/2018,Fidelity Asian Smaller Coms Y-Acc-GBP,26.93
03/03/2018,Fidelity Asian Smaller Coms Y-Acc-GBP,26.93
03/04/2018,Fidelity Asian Smaller Coms Y-Acc-GBP,26.93
03/05/2018,Fidelity Asian Smaller Coms Y-Acc-GBP,26.71
03/06/2018,Fidelity Asian Smaller Coms Y-Acc-GBP,26.75
03/07/2018,Fidelity Asian Smaller Coms Y-Acc-GBP,26.64
03/08/2018,Fidelity Asian Smaller Coms Y-Acc-GBP,26.83
03/09/2018,Fidelity Asian Smaller Coms Y-Acc-GBP,26.92
03/10/2018,Fidelity Asian Smaller Coms Y-Acc-GBP,26.92
03/11/2018,Fidelity Asian Smaller Coms Y-Acc-GBP,26.92
03/12/2018,Fidelity Asian Smaller Coms Y-Acc-GBP,26.85
03/13/2018,Fidelity Asian Smaller Coms Y-Acc-GBP,26.82
03/14/2018,Fidelity Asian Smaller Coms Y-Acc-GBP,26.88
03/15/2018,Fidelity Asian Smaller Coms Y-Acc-GBP,26.95
03/16/2018,Fidelity Asian Smaller Coms Y-Acc-GBP,26.86
03/17/2018,Fidelity Asian Smaller Coms Y-Acc-GBP,26.86
03/18/2018,Fidelity Asian Smaller Coms Y-Acc-GBP,26.86
03/19/2018,Fidelity Asian Smaller Coms Y-Acc-GBP,26.48
03/20/2018,Fidelity Asian Smaller Coms Y-Acc-GBP,26.68
03/21/2018,Fidelity Asian Smaller Coms Y-Acc-GBP,26.54
03/22/2018,Fidelity Asian Smaller Coms Y-Acc-GBP,26.26
03/23/2018,Fidelity Asian Smaller Coms Y-Acc-GBP,25.92
03/24/2018,Fidelity Asian Smaller Coms Y-Acc-GBP,25.92
03/25/2018,Fidelity Asian Smaller Coms Y-Acc-GBP,25.92
03/26/2018,Fidelity Asian Smaller Coms Y-Acc-GBP,25.88
03/27/2018,Fidelity Asian Smaller Coms Y-Acc-GBP,26.35
03/28/2018,Fidelity Asian Smaller Coms Y-Acc-GBP,26.22
03/29/2018,Fidelity Asian Smaller Coms Y-Acc-GBP,26.54
03/30/2018,Fidelity Asian Smaller Coms Y-Acc-GBP,26.54
03/31/2018,Fidelity Asian Smaller Coms Y-Acc-GBP,26.54
04/01/2018,Fidelity Asian Smaller Coms Y-Acc-GBP,26.54
04/02/2018,Fidelity Asian Smaller Coms Y-Acc-GBP,26.55
04/03/2018,Fidelity Asian Smaller Coms Y-Acc-GBP,26.73
04/04/2018,Fidelity Asian Smaller Coms Y-Acc-GBP,26.6
04/05/2018,Fidelity Asian Smaller Coms Y-Acc-GBP,26.93
04/06/2018,Fidelity Asian Smaller Coms Y-Acc-GBP,26.6
04/07/2018,Fidelity Asian Smaller Coms Y-Acc-GBP,26.6
04/08/2018,Fidelity Asian Smaller Coms Y-Acc-GBP,26.6
04/09/2018,Fidelity Asian Smaller Coms Y-Acc-GBP,26.69
04/10/2018,Fidelity Asian Smaller Coms Y-Acc-GBP,26.78
04/11/2018,Fidelity Asian Smaller Coms Y-Acc-GBP,26.64
04/12/2018,Fidelity Asian Smaller Coms Y-Acc-GBP,26.54
04/13/2018,Fidelity Asian Smaller Coms Y-Acc-GBP,26.5
04/14/2018,Fidelity Asian Smaller Coms Y-Acc-GBP,26.5
04/15/2018,Fidelity Asian Smaller Coms Y-Acc-GBP,26.5
04/16/2018,Fidelity Asian Smaller Coms Y-Acc-GBP,26.23
04/17/2018,Fidelity Asian Smaller Coms Y-Acc-GBP,26.23
04/18/2018,Fidelity Asian Smaller Coms Y-Acc-GBP,26.34
04/19/2018,Fidelity Asian Smaller Coms Y-Acc-GBP,26.42
04/20/2018,Fidelity Asian Smaller Coms Y-Acc-GBP,26.55
04/21/2018,Fidelity Asian Smaller Coms Y-Acc-GBP,26.55
04/22/2018,Fidelity Asian Smaller Coms Y-Acc-GBP,26.55
04/23/2018,Fidelity Asian Smaller Coms Y-Acc-GBP,26.62
04/24/2018,Fidelity Asian Smaller Coms Y-Acc-GBP,26.64
04/25/2018,Fidelity Asian Smaller Coms Y-Acc-GBP,26.52
04/26/2018,Fidelity Asian Smaller Coms Y-Acc-GBP,26.59
04/27/2018,Fidelity Asian Smaller Coms Y-Acc-GBP,27.07
04/28/2018,Fidelity Asian Smaller Coms Y-Acc-GBP,27.07
04/29/2018,Fidelity Asian Smaller Coms Y-Acc-GBP,27.07
04/30/2018,Fidelity Asian Smaller Coms Y-Acc-GBP,27.19
05/01/2018,Fidelity Asian Smaller Coms Y-Acc-GBP,27.29
05/02/2018,Fidelity Asian Smaller Coms Y-Acc-GBP,27.33
05/03/2018,Fidelity Asian Smaller Coms Y-Acc-GBP,27.27
05/04/2018,Fidelity Asian Smaller Coms Y-Acc-GBP,27.61
05/05/2018,Fidelity Asian Smaller Coms Y-Acc-GBP,27.61
05/06/2018,Fidelity Asian Smaller Coms Y-Acc-GBP,27.61
05/07/2018,Fidelity Asian Smaller Coms Y-Acc-GBP,27.53
05/08/2018,Fidelity Asian Smaller Coms Y-Acc-GBP,27.51
05/09/2018,Fidelity Asian Smaller Coms Y-Acc-GBP,27.41
05/10/2018,Fidelity Asian Smaller Coms Y-Acc-GBP,27.77
05/11/2018,Fidelity Asian Smaller Coms Y-Acc-GBP,27.67
05/12/2018,Fidelity Asian Smaller Coms Y-Acc-GBP,27.67
05/13/2018,Fidelity Asian Smaller Coms Y-Acc-GBP,27.67
05/14/2018,Fidelity Asian Smaller Coms Y-Acc-GBP,27.62
05/15/2018,Fidelity Asian Smaller Coms Y-Acc-GBP,27.67
05/16/2018,Fidelity Asian Smaller Coms Y-Acc-GBP,27.82
05/17/2018,Fidelity Asian Smaller Coms Y-Acc-GBP,27.74
05/18/2018,Fidelity Asian Smaller Coms Y-Acc-GBP,27.75
05/19/2018,Fidelity Asian Smaller Coms Y-Acc-GBP,27.75
05/20/2018,Fidelity Asian Smaller Coms Y-Acc-GBP,27.75
05/21/2018,Fidelity Asian Smaller Coms Y-Acc-GBP,27.93
05/22/2018,Fidelity Asian Smaller Coms Y-Acc-GBP,27.86
05/23/2018,Fidelity Asian Smaller Coms Y-Acc-GBP,27.92
05/24/2018,Fidelity Asian Smaller Coms Y-Acc-GBP,27.85
05/25/2018,Fidelity Asian Smaller Coms Y-Acc-GBP,28.05
05/26/2018,Fidelity Asian Smaller Coms Y-Acc-GBP,28.05
05/27/2018,Fidelity Asian Smaller Coms Y-Acc-GBP,28.05
05/28/2018,Fidelity Asian Smaller Coms Y-Acc-GBP,28.22
05/29/2018,Fidelity Asian Smaller Coms Y-Acc-GBP,28.14
05/30/2018,Fidelity Asian Smaller Coms Y-Acc-GBP,28.01
05/31/2018,Fidelity Asian Smaller Coms Y-Acc-GBP,28.19
06/01/2018,Fidelity Asian Smaller Coms Y-Acc-GBP,28.13
06/02/2018,Fidelity Asian Smaller Coms Y-Acc-GBP,28.13
06/03/2018,Fidelity Asian Smaller Coms Y-Acc-GBP,28.13
06/04/2018,Fidelity Asian Smaller Coms Y-Acc-GBP,28.23
06/05/2018,Fidelity Asian Smaller Coms Y-Acc-GBP,28.09
06/06/2018,Fidelity Asian Smaller Coms Y-Acc-GBP,28.17
06/07/2018,Fidelity Asian Smaller Coms Y-Acc-GBP,28.16
06/08/2018,Fidelity Asian Smaller Coms Y-Acc-GBP,28.01
06/09/2018,Fidelity Asian Smaller Coms Y-Acc-GBP,28.01
06/10/2018,Fidelity Asian Smaller Coms Y-Acc-GBP,28.01
06/11/2018,Fidelity Asian Smaller Coms Y-Acc-GBP,28.13
06/12/2018,Fidelity Asian Smaller Coms Y-Acc-GBP,28.17
06/13/2018,Fidelity Asian Smaller Coms Y-Acc-GBP,28.2
06/14/2018,Fidelity Asian Smaller Coms Y-Acc-GBP,28.05
06/15/2018,Fidelity Asian Smaller Coms Y-Acc-GBP,27.92
06/16/2018,Fidelity Asian Smaller Coms Y-Acc-GBP,27.92
06/17/2018,Fidelity Asian Smaller Coms Y-Acc-GBP,27.92
06/18/2018,Fidelity Asian Smaller Coms Y-Acc-GBP,27.89
06/19/2018,Fidelity Asian Smaller Coms Y-Acc-GBP,27.73
06/20/2018,Fidelity Asian Smaller Coms Y-Acc-GBP,27.66
06/21/2018,Fidelity Asian Smaller Coms Y-Acc-GBP,27.36
06/22/2018,Fidelity Asian Smaller Coms Y-Acc-GBP,27.28
06/23/2018,Fidelity Asian Smaller Coms Y-Acc-GBP,27.28
06/24/2018,Fidelity Asian Smaller Coms Y-Acc-GBP,27.28
06/25/2018,Fidelity Asian Smaller Coms Y-Acc-GBP,27.05
06/26/2018,Fidelity Asian Smaller Coms Y-Acc-GBP,27.05
06/27/2018,Fidelity Asian Smaller Coms Y-Acc-GBP,27.02
06/28/2018,Fidelity Asian Smaller Coms Y-Acc-GBP,26.83
06/29/2018,Fidelity Asian Smaller Coms Y-Acc-GBP,26.97
06/30/2018,Fidelity Asian Smaller Coms Y-Acc-GBP,26.97
07/01/2018,Fidelity Asian Smaller Coms Y-Acc-GBP,26.97
07/02/2018,Fidelity Asian Smaller Coms Y-Acc-GBP,26.85
07/03/2018,Fidelity Asian Smaller Coms Y-Acc-GBP,26.78
07/04/2018,Fidelity Asian Smaller Coms Y-Acc-GBP,26.58
07/05/2018,Fidelity Asian Smaller Coms Y-Acc-GBP,26.48
07/06/2018,Fidelity Asian Smaller Coms Y-Acc-GBP,26.51
07/07/2018,Fidelity Asian Smaller Coms Y-Acc-GBP,26.51
07/08/2018,Fidelity Asian Smaller Coms Y-Acc-GBP,26.51
07/09/2018,Fidelity Asian Smaller Coms Y-Acc-GBP,26.95
07/10/2018,Fidelity Asian Smaller Coms Y-Acc-GBP,26.92
07/11/2018,Fidelity Asian Smaller Coms Y-Acc-GBP,26.73
07/12/2018,Fidelity Asian Smaller Coms Y-Acc-GBP,26.89
07/13/2018,Fidelity Asian Smaller Coms Y-Acc-GBP,26.94
07/14/2018,Fidelity Asian Smaller Coms Y-Acc-GBP,26.94
07/15/2018,Fidelity Asian Smaller Coms Y-Acc-GBP,26.94
07/16/2018,Fidelity Asian Smaller Coms Y-Acc-GBP,26.81
07/17/2018,Fidelity Asian Smaller Coms Y-Acc-GBP,27.02
07/18/2018,Fidelity Asian Smaller Coms Y-Acc-GBP,27.18
07/19/2018,Fidelity Asian Smaller Coms Y-Acc-GBP,27.14
07/20/2018,Fidelity Asian Smaller Coms Y-Acc-GBP,27.05
07/21/2018,Fidelity Asian Smaller Coms Y-Acc-GBP,27.05
07/22/2018,Fidelity Asian Smaller Coms Y-Acc-GBP,27.05
07/23/2018,Fidelity Asian Smaller Coms Y-Acc-GBP,27.05
07/24/2018,Fidelity Asian Smaller Coms Y-Acc-GBP,27.29
07/25/2018,Fidelity Asian Smaller Coms Y-Acc-GBP,27.3
07/26/2018,Fidelity Asian Smaller Coms Y-Acc-GBP,27.42
07/27/2018,Fidelity Asian Smaller Coms Y-Acc-GBP,27.61
07/28/2018,Fidelity Asian Smaller Coms Y-Acc-GBP,27.61
07/29/2018,Fidelity Asian Smaller Coms Y-Acc-GBP,27.61
07/30/2018,Fidelity Asian Smaller Coms Y-Acc-GBP,27.63
07/31/2018,Fidelity Asian Smaller Coms Y-Acc-GBP,27.58
08/01/2018,Fidelity Asian Smaller Coms Y-Acc-GBP,27.65
08/02/2018,Fidelity Asian Smaller Coms Y-Acc-GBP,27.58
08/03/2018,Fidelity Asian Smaller Coms Y-Acc-GBP,27.71
08/04/2018,Fidelity Asian Smaller Coms Y-Acc-GBP,27.71
08/05/2018,Fidelity Asian Smaller Coms Y-Acc-GBP,27.71
08/06/2018,Fidelity Asian Smaller Coms Y-Acc-GBP,27.78
08/07/2018,Fidelity Asian Smaller Coms Y-Acc-GBP,27.91
08/08/2018,Fidelity Asian Smaller Coms Y-Acc-GBP,28.19
08/09/2018,Fidelity Asian Smaller Coms Y-Acc-GBP,28.36
08/10/2018,Fidelity Asian Smaller Coms Y-Acc-GBP,28.32
08/11/2018,Fidelity Asian Smaller Coms Y-Acc-GBP,28.32
08/12/2018,Fidelity Asian Smaller Coms Y-Acc-GBP,28.32
08/13/2018,Fidelity Asian Smaller Coms Y-Acc-GBP,27.89
08/14/2018,Fidelity Asian Smaller Coms Y-Acc-GBP,27.94
08/15/2018,Fidelity Asian Smaller Coms Y-Acc-GBP,27.71
08/16/2018,Fidelity Asian Smaller Coms Y-Acc-GBP,27.79
08/17/2018,Fidelity Asian Smaller Coms Y-Acc-GBP,27.8
08/18/2018,Fidelity Asian Smaller Coms Y-Acc-GBP,27.8
08/19/2018,Fidelity Asian Smaller Coms Y-Acc-GBP,27.8
08/20/2018,Fidelity Asian Smaller Coms Y-Acc-GBP,27.86
08/21/2018,Fidelity Asian Smaller Coms Y-Acc-GBP,27.98
08/22/2018,Fidelity Asian Smaller Coms Y-Acc-GBP,27.79
08/23/2018,Fidelity Asian Smaller Coms Y-Acc-GBP,27.91
08/24/2018,Fidelity Asian Smaller Coms Y-Acc-GBP,27.96
08/25/2018,Fidelity Asian Smaller Coms Y-Acc-GBP,27.96
08/26/2018,Fidelity Asian Smaller Coms Y-Acc-GBP,27.96
08/27/2018,Fidelity Asian Smaller Coms Y-Acc-GBP,28.07
08/28/2018,Fidelity Asian Smaller Coms Y-Acc-GBP,28.11
08/29/2018,Fidelity Asian Smaller Coms Y-Acc-GBP,27.73
08/30/2018,Fidelity Asian Smaller Coms Y-Acc-GBP,27.59
08/31/2018,Fidelity Asian Smaller Coms Y-Acc-GBP,27.67
09/01/2018,Fidelity Asian Smaller Coms Y-Acc-GBP,27.67
09/02/2018,Fidelity Asian Smaller Coms Y-Acc-GBP,27.67
09/03/2018,Fidelity Asian Smaller Coms Y-Acc-GBP,27.67
09/04/2018,Fidelity Asian Smaller Coms Y-Acc-GBP,27.55
09/05/2018,Fidelity Asian Smaller Coms Y-Acc-GBP,27.12
09/06/2018,Fidelity Asian Smaller Coms Y-Acc-GBP,26.96
09/07/2018,Fidelity Asian Smaller Coms Y-Acc-GBP,26.98
09/08/2018,Fidelity Asian Smaller Coms Y-Acc-GBP,26.98
09/09/2018,Fidelity Asian Smaller Coms Y-Acc-GBP,26.98
09/10/2018,Fidelity Asian Smaller Coms Y-Acc-GBP,26.47
09/11/2018,Fidelity Asian Smaller Coms Y-Acc-GBP,26.38
09/12/2018,Fidelity Asian Smaller Coms Y-Acc-GBP,26.41
09/13/2018,Fidelity Asian Smaller Coms Y-Acc-GBP,26.49
09/14/2018,Fidelity Asian Smaller Coms Y-Acc-GBP,26.72
09/15/2018,Fidelity Asian Smaller Coms Y-Acc-GBP,26.72
09/16/2018,Fidelity Asian Smaller Coms Y-Acc-GBP,26.72
09/17/2018,Fidelity Asian Smaller Coms Y-Acc-GBP,26.36
09/18/2018,Fidelity Asian Smaller Coms Y-Acc-GBP,26.33
09/19/2018,Fidelity Asian Smaller Coms Y-Acc-GBP,26.47
09/20/2018,Fidelity Asian Smaller Coms Y-Acc-GBP,26.44
09/21/2018,Fidelity Asian Smaller Coms Y-Acc-GBP,26.84
09/22/2018,Fidelity Asian Smaller Coms Y-Acc-GBP,26.84
09/23/2018,Fidelity Asian Smaller Coms Y-Acc-GBP,26.84
09/24/2018,Fidelity Asian Smaller Coms Y-Acc-GBP,26.35
09/25/2018,Fidelity Asian Smaller Coms Y-Acc-GBP,26.44
09/26/2018,Fidelity Asian Smaller Coms Y-Acc-GBP,26.31
09/27/2018,Fidelity Asian Smaller Coms Y-Acc-GBP,26.49
09/28/2018,Fidelity Asian Smaller Coms Y-Acc-GBP,26.58
09/29/2018,Fidelity Asian Smaller Coms Y-Acc-GBP,26.58
09/30/2018,Fidelity Asian Smaller Coms Y-Acc-GBP,26.58
10/01/2018,Fidelity Asian Smaller Coms Y-Acc-GBP,26.64
10/02/2018,Fidelity Asian Smaller Coms Y-Acc-GBP,26.54
10/03/2018,Fidelity Asian Smaller Coms Y-Acc-GBP,26.49
10/04/2018,Fidelity Asian Smaller Coms Y-Acc-GBP,26.11
10/05/2018,Fidelity Asian Smaller Coms Y-Acc-GBP,25.66
10/06/2018,Fidelity Asian Smaller Coms Y-Acc-GBP,25.66
10/07/2018,Fidelity Asian Smaller Coms Y-Acc-GBP,25.66
10/08/2018,Fidelity Asian Smaller Coms Y-Acc-GBP,25.5
10/09/2018,Fidelity Asian Smaller Coms Y-Acc-GBP,25.4
10/10/2018,Fidelity Asian Smaller Coms Y-Acc-GBP,25.16
10/11/2018,Fidelity Asian Smaller Coms Y-Acc-GBP,24.64
10/12/2018,Fidelity Asian Smaller Coms Y-Acc-GBP,25.03
10/13/2018,Fidelity Asian Smaller Coms Y-Acc-GBP,25.03
10/14/2018,Fidelity Asian Smaller Coms Y-Acc-GBP,25.03
10/15/2018,Fidelity Asian Smaller Coms Y-Acc-GBP,25
10/16/2018,Fidelity Asian Smaller Coms Y-Acc-GBP,25.01
10/17/2018,Fidelity Asian Smaller Coms Y-Acc-GBP,25.02
10/18/2018,Fidelity Asian Smaller Coms Y-Acc-GBP,24.97
10/19/2018,Fidelity Asian Smaller Coms Y-Acc-GBP,25.08
10/20/2018,Fidelity Asian Smaller Coms Y-Acc-GBP,25.08
10/21/2018,Fidelity Asian Smaller Coms Y-Acc-GBP,25.08
10/22/2018,Fidelity Asian Smaller Coms Y-Acc-GBP,25.31
10/23/2018,Fidelity Asian Smaller Coms Y-Acc-GBP,24.99
10/24/2018,Fidelity Asian Smaller Coms Y-Acc-GBP,25.12
10/25/2018,Fidelity Asian Smaller Coms Y-Acc-GBP,25.18
10/26/2018,Fidelity Asian Smaller Coms Y-Acc-GBP,25.07
10/27/2018,Fidelity Asian Smaller Coms Y-Acc-GBP,25.07
10/28/2018,Fidelity Asian Smaller Coms Y-Acc-GBP,25.07
10/29/2018,Fidelity Asian Smaller Coms Y-Acc-GBP,24.91
10/30/2018,Fidelity Asian Smaller Coms Y-Acc-GBP,25
10/31/2018,Fidelity Asian Smaller Coms Y-Acc-GBP,25.25
11/01/2018,Fidelity Asian Smaller Coms Y-Acc-GBP,25.18
11/02/2018,Fidelity Asian Smaller Coms Y-Acc-GBP,25.47
11/03/2018,Fidelity Asian Smaller Coms Y-Acc-GBP,25.47
11/04/2018,Fidelity Asian Smaller Coms Y-Acc-GBP,25.47
11/05/2018,Fidelity Asian Smaller Coms Y-Acc-GBP,25.34
11/06/2018,Fidelity Asian Smaller Coms Y-Acc-GBP,25.38
11/07/2018,Fidelity Asian Smaller Coms Y-Acc-GBP,25.46
11/08/2018,Fidelity Asian Smaller Coms Y-Acc-GBP,25.54
11/09/2018,Fidelity Asian Smaller Coms Y-Acc-GBP,25.57
11/10/2018,Fidelity Asian Smaller Coms Y-Acc-GBP,25.57
11/11/2018,Fidelity Asian Smaller Coms Y-Acc-GBP,25.57
11/12/2018,Fidelity Asian Smaller Coms Y-Acc-GBP,25.6
11/13/2018,Fidelity Asian Smaller Coms Y-Acc-GBP,25.54
11/14/2018,Fidelity Asian Smaller Coms Y-Acc-GBP,25.49
11/15/2018,Fidelity Asian Smaller Coms Y-Acc-GBP,26.21
11/16/2018,Fidelity Asian Smaller Coms Y-Acc-GBP,26.18
11/17/2018,Fidelity Asian Smaller Coms Y-Acc-GBP,26.18
11/18/2018,Fidelity Asian Smaller Coms Y-Acc-GBP,26.18
11/19/2018,Fidelity Asian Smaller Coms Y-Acc-GBP,26.22
11/20/2018,Fidelity Asian Smaller Coms Y-Acc-GBP,25.9
11/21/2018,Fidelity Asian Smaller Coms Y-Acc-GBP,26.08
11/22/2018,Fidelity Asian Smaller Coms Y-Acc-GBP,25.77
11/23/2018,Fidelity Asian Smaller Coms Y-Acc-GBP,25.89
11/24/2018,Fidelity Asian Smaller Coms Y-Acc-GBP,25.89
11/25/2018,Fidelity Asian Smaller Coms Y-Acc-GBP,25.89
11/26/2018,Fidelity Asian Smaller Coms Y-Acc-GBP,26.1
11/27/2018,Fidelity Asian Smaller Coms Y-Acc-GBP,26.27
11/28/2018,Fidelity Asian Smaller Coms Y-Acc-GBP,26.29
11/29/2018,Fidelity Asian Smaller Coms Y-Acc-GBP,26.46
11/30/2018,Fidelity Asian Smaller Coms Y-Acc-GBP,26.6
12/01/2018,Fidelity Asian Smaller Coms Y-Acc-GBP,26.6
12/02/2018,Fidelity Asian Smaller Coms Y-Acc-GBP,26.6
12/03/2018,Fidelity Asian Smaller Coms Y-Acc-GBP,27
12/04/2018,Fidelity Asian Smaller Coms Y-Acc-GBP,27.08
12/05/2018,Fidelity Asian Smaller Coms Y-Acc-GBP,26.7
12/06/2018,Fidelity Asian Smaller Coms Y-Acc-GBP,26.15
12/07/2018,Fidelity Asian Smaller Coms Y-Acc-GBP,26.23
12/08/2018,Fidelity Asian Smaller Coms Y-Acc-GBP,26.23
12/09/2018,Fidelity Asian Smaller Coms Y-Acc-GBP,26.23
12/10/2018,Fidelity Asian Smaller Coms Y-Acc-GBP,26.15
12/11/2018,Fidelity Asian Smaller Coms Y-Acc-GBP,26.47
12/12/2018,Fidelity Asian Smaller Coms Y-Acc-GBP,26.53
12/13/2018,Fidelity Asian Smaller Coms Y-Acc-GBP,26.69
12/14/2018,Fidelity Asian Smaller Coms Y-Acc-GBP,26.59
12/15/2018,Fidelity Asian Smaller Coms Y-Acc-GBP,26.59
12/16/2018,Fidelity Asian Smaller Coms Y-Acc-GBP,26.59
12/17/2018,Fidelity Asian Smaller Coms Y-Acc-GBP,26.51
12/18/2018,Fidelity Asian Smaller Coms Y-Acc-GBP,26.39
12/19/2018,Fidelity Asian Smaller Coms Y-Acc-GBP,26.69
12/20/2018,Fidelity Asian Smaller Coms Y-Acc-GBP,26.34
12/21/2018,Fidelity Asian Smaller Coms Y-Acc-GBP,26.15
12/22/2018,Fidelity Asian Smaller Coms Y-Acc-GBP,26.15
12/23/2018,Fidelity Asian Smaller Coms Y-Acc-GBP,26.15
12/24/2018,Fidelity Asian Smaller Coms Y-Acc-GBP,25.8
12/25/2018,Fidelity Asian Smaller Coms Y-Acc-GBP,25.8
12/26/2018,Fidelity Asian Smaller Coms Y-Acc-GBP,26.02
12/27/2018,Fidelity Asian Smaller Coms Y-Acc-GBP,26.32
12/28/2018,Fidelity Asian Smaller Coms Y-Acc-GBP,26.48
12/29/2018,Fidelity Asian Smaller Coms Y-Acc-GBP,26.48
12/30/2018,Fidelity Asian Smaller Coms Y-Acc-GBP,26.48
12/31/2018,Fidelity Asian Smaller Coms Y-Acc-GBP,26.44
01/01/2019,Fidelity Asian Smaller Coms Y-Acc-GBP,26.44
01/02/2019,Fidelity Asian Smaller Coms Y-Acc-GBP,26.63
01/03/2019,Fidelity Asian Smaller Coms Y-Acc-GBP,26.27
01/04/2019,Fidelity Asian Smaller Coms Y-Acc-GBP,26.5
01/05/2019,Fidelity Asian Smaller Coms Y-Acc-GBP,26.5
01/06/2019,Fidelity Asian Smaller Coms Y-Acc-GBP,26.5
01/07/2019,Fidelity Asian Smaller Coms Y-Acc-GBP,26.52
01/08/2019,Fidelity Asian Smaller Coms Y-Acc-GBP,26.52
01/09/2019,Fidelity Asian Smaller Coms Y-Acc-GBP,26.71
01/10/2019,Fidelity Asian Smaller Coms Y-Acc-GBP,26.76
01/11/2019,Fidelity Asian Smaller Coms Y-Acc-GBP,26.62
01/12/2019,Fidelity Asian Smaller Coms Y-Acc-GBP,26.62
01/13/2019,Fidelity Asian Smaller Coms Y-Acc-GBP,26.62
01/14/2019,Fidelity Asian Smaller Coms Y-Acc-GBP,26.4
01/15/2019,Fidelity Asian Smaller Coms Y-Acc-GBP,26.79
01/16/2019,Fidelity Asian Smaller Coms Y-Acc-GBP,26.72
01/17/2019,Fidelity Asian Smaller Coms Y-Acc-GBP,26.57
01/18/2019,Fidelity Asian Smaller Coms Y-Acc-GBP,26.68
01/19/2019,Fidelity Asian Smaller Coms Y-Acc-GBP,26.68
01/20/2019,Fidelity Asian Smaller Coms Y-Acc-GBP,26.68
01/21/2019,Fidelity Asian Smaller Coms Y-Acc-GBP,26.67
01/22/2019,Fidelity Asian Smaller Coms Y-Acc-GBP,26.4
01/23/2019,Fidelity Asian Smaller Coms Y-Acc-GBP,26.21
01/24/2019,Fidelity Asian Smaller Coms Y-Acc-GBP,26.46
01/25/2019,Fidelity Asian Smaller Coms Y-Acc-GBP,26.37
01/26/2019,Fidelity Asian Smaller Coms Y-Acc-GBP,26.37
01/27/2019,Fidelity Asian Smaller Coms Y-Acc-GBP,26.37
01/28/2019,Fidelity Asian Smaller Coms Y-Acc-GBP,26.25
01/29/2019,Fidelity Asian Smaller Coms Y-Acc-GBP,26.17
01/30/2019,Fidelity Asian Smaller Coms Y-Acc-GBP,26.34
01/31/2019,Fidelity Asian Smaller Coms Y-Acc-GBP,26.55
02/01/2019,Fidelity Asian Smaller Coms Y-Acc-GBP,26.66
02/02/2019,Fidelity Asian Smaller Coms Y-Acc-GBP,26.66
02/03/2019,Fidelity Asian Smaller Coms Y-Acc-GBP,26.66
02/04/2019,Fidelity Asian Smaller Coms Y-Acc-GBP,26.7
02/05/2019,Fidelity Asian Smaller Coms Y-Acc-GBP,27.02
02/06/2019,Fidelity Asian Smaller Coms Y-Acc-GBP,27.05
02/07/2019,Fidelity Asian Smaller Coms Y-Acc-GBP,26.88
02/08/2019,Fidelity Asian Smaller Coms Y-Acc-GBP,26.95
02/09/2019,Fidelity Asian Smaller Coms Y-Acc-GBP,26.95
02/10/2019,Fidelity Asian Smaller Coms Y-Acc-GBP,26.95
02/11/2019,Fidelity Asian Smaller Coms Y-Acc-GBP,27.02
02/12/2019,Fidelity Asian Smaller Coms Y-Acc-GBP,27.14
02/13/2019,Fidelity Asian Smaller Coms Y-Acc-GBP,27.26
02/14/2019,Fidelity Asian Smaller Coms Y-Acc-GBP,27.45
02/15/2019,Fidelity Asian Smaller Coms Y-Acc-GBP,27.31
02/16/2019,Fidelity Asian Smaller Coms Y-Acc-GBP,27.31
02/17/2019,Fidelity Asian Smaller Coms Y-Acc-GBP,27.31
02/18/2019,Fidelity Asian Smaller Coms Y-Acc-GBP,27.21
02/19/2019,Fidelity Asian Smaller Coms Y-Acc-GBP,27.02
02/20/2019,Fidelity Asian Smaller Coms Y-Acc-GBP,27.16
02/21/2019,Fidelity Asian Smaller Coms Y-Acc-GBP,27.19
02/22/2019,Fidelity Asian Smaller Coms Y-Acc-GBP,27.38
02/23/2019,Fidelity Asian Smaller Coms Y-Acc-GBP,27.38
02/24/2019,Fidelity Asian Smaller Coms Y-Acc-GBP,27.38
02/25/2019,Fidelity Asian Smaller Coms Y-Acc-GBP,27.51
02/26/2019,Fidelity Asian Smaller Coms Y-Acc-GBP,27.09
02/27/2019,Fidelity Asian Smaller Coms Y-Acc-GBP,26.82
02/28/2019,Fidelity Asian Smaller Coms Y-Acc-GBP,26.81
03/01/2019,Fidelity Asian Smaller Coms Y-Acc-GBP,27.03
03/02/2019,Fidelity Asian Smaller Coms Y-Acc-GBP,27.03
03/03/2019,Fidelity Asian Smaller Coms Y-Acc-GBP,27.03
03/04/2019,Fidelity Asian Smaller Coms Y-Acc-GBP,27.06
03/05/2019,Fidelity Asian Smaller Coms Y-Acc-GBP,27.29
03/06/2019,Fidelity Asian Smaller Coms Y-Acc-GBP,27.33
03/07/2019,Fidelity Asian Smaller Coms Y-Acc-GBP,27.27
03/08/2019,Fidelity Asian Smaller Coms Y-Acc-GBP,27.32
03/09/2019,Fidelity Asian Smaller Coms Y-Acc-GBP,27.32
03/10/2019,Fidelity Asian Smaller Coms Y-Acc-GBP,27.32
03/11/2019,Fidelity Asian Smaller Coms Y-Acc-GBP,27.35
03/12/2019,Fidelity Asian Smaller Coms Y-Acc-GBP,27.62
03/13/2019,Fidelity Asian Smaller Coms Y-Acc-GBP,27.39
03/14/2019,Fidelity Asian Smaller Coms Y-Acc-GBP,27.17
03/15/2019,Fidelity Asian Smaller Coms Y-Acc-GBP,27.31
03/16/2019,Fidelity Asian Smaller Coms Y-Acc-GBP,27.31
03/17/2019,Fidelity Asian Smaller Coms Y-Acc-GBP,27.31
03/18/2019,Fidelity Asian Smaller Coms Y-Acc-GBP,27.54
03/19/2019,Fidelity Asian Smaller Coms Y-Acc-GBP,27.45
03/20/2019,Fidelity Asian Smaller Coms Y-Acc-GBP,27.55
03/21/2019,Fidelity Asian Smaller Coms Y-Acc-GBP,27.99
03/22/2019,Fidelity Asian Smaller Coms Y-Acc-GBP,27.55
03/23/2019,Fidelity Asian Smaller Coms Y-Acc-GBP,27.55
03/24/2019,Fidelity Asian Smaller Coms Y-Acc-GBP,27.55
03/25/2019,Fidelity Asian Smaller Coms Y-Acc-GBP,27.5
03/26/2019,Fidelity Asian Smaller Coms Y-Acc-GBP,27.49
03/27/2019,Fidelity Asian Smaller Coms Y-Acc-GBP,27.41
03/28/2019,Fidelity Asian Smaller Coms Y-Acc-GBP,27.73
03/29/2019,Fidelity Asian Smaller Coms Y-Acc-GBP,28.05
03/30/2019,Fidelity Asian Smaller Coms Y-Acc-GBP,28.05
03/31/2019,Fidelity Asian Smaller Coms Y-Acc-GBP,28.05
04/01/2019,Fidelity Asian Smaller Coms Y-Acc-GBP,27.97
04/02/2019,Fidelity Asian Smaller Coms Y-Acc-GBP,28.3
04/03/2019,Fidelity Asian Smaller Coms Y-Acc-GBP,28.08
04/04/2019,Fidelity Asian Smaller Coms Y-Acc-GBP,28.27
04/05/2019,Fidelity Asian Smaller Coms Y-Acc-GBP,28.49
04/06/2019,Fidelity Asian Smaller Coms Y-Acc-GBP,28.49
04/07/2019,Fidelity Asian Smaller Coms Y-Acc-GBP,28.49
04/08/2019,Fidelity Asian Smaller Coms Y-Acc-GBP,28.33
04/09/2019,Fidelity Asian Smaller Coms Y-Acc-GBP,28.48
04/10/2019,Fidelity Asian Smaller Coms Y-Acc-GBP,28.39
04/11/2019,Fidelity Asian Smaller Coms Y-Acc-GBP,28.35
04/12/2019,Fidelity Asian Smaller Coms Y-Acc-GBP,28.39
04/13/2019,Fidelity Asian Smaller Coms Y-Acc-GBP,28.39
04/14/2019,Fidelity Asian Smaller Coms Y-Acc-GBP,28.39
04/15/2019,Fidelity Asian Smaller Coms Y-Acc-GBP,28.27
04/16/2019,Fidelity Asian Smaller Coms Y-Acc-GBP,28.38
04/17/2019,Fidelity Asian Smaller Coms Y-Acc-GBP,28.57
04/18/2019,Fidelity Asian Smaller Coms Y-Acc-GBP,28.51
04/19/2019,Fidelity Asian Smaller Coms Y-Acc-GBP,28.55
04/20/2019,Fidelity Asian Smaller Coms Y-Acc-GBP,28.55
04/21/2019,Fidelity Asian Smaller Coms Y-Acc-GBP,28.55
04/22/2019,Fidelity Asian Smaller Coms Y-Acc-GBP,28.55
04/23/2019,Fidelity Asian Smaller Coms Y-Acc-GBP,28.53
04/24/2019,Fidelity Asian Smaller Coms Y-Acc-GBP,28.5
04/25/2019,Fidelity Asian Smaller Coms Y-Acc-GBP,28.41
04/26/2019,Fidelity Asian Smaller Coms Y-Acc-GBP,28.36
04/27/2019,Fidelity Asian Smaller Coms Y-Acc-GBP,28.36
04/28/2019,Fidelity Asian Smaller Coms Y-Acc-GBP,28.36
04/29/2019,Fidelity Asian Smaller Coms Y-Acc-GBP,28.39
04/30/2019,Fidelity Asian Smaller Coms Y-Acc-GBP,28.15
05/01/2019,Fidelity Asian Smaller Coms Y-Acc-GBP,28.09
05/02/2019,Fidelity Asian Smaller Coms Y-Acc-GBP,28.07
05/03/2019,Fidelity Asian Smaller Coms Y-Acc-GBP,27.79
05/04/2019,Fidelity Asian Smaller Coms Y-Acc-GBP,27.79
05/05/2019,Fidelity Asian Smaller Coms Y-Acc-GBP,27.79
05/06/2019,Fidelity Asian Smaller Coms Y-Acc-GBP,27.45
05/07/2019,Fidelity Asian Smaller Coms Y-Acc-GBP,27.38
05/08/2019,Fidelity Asian Smaller Coms Y-Acc-GBP,27.35
05/09/2019,Fidelity Asian Smaller Coms Y-Acc-GBP,26.84
05/10/2019,Fidelity Asian Smaller Coms Y-Acc-GBP,26.93
05/11/2019,Fidelity Asian Smaller Coms Y-Acc-GBP,26.93
05/12/2019,Fidelity Asian Smaller Coms Y-Acc-GBP,26.93
05/13/2019,Fidelity Asian Smaller Coms Y-Acc-GBP,26.83
05/14/2019,Fidelity Asian Smaller Coms Y-Acc-GBP,26.94
05/15/2019,Fidelity Asian Smaller Coms Y-Acc-GBP,27
05/16/2019,Fidelity Asian Smaller Coms Y-Acc-GBP,27.22
05/17/2019,Fidelity Asian Smaller Coms Y-Acc-GBP,27.25
05/18/2019,Fidelity Asian Smaller Coms Y-Acc-GBP,27.25
05/19/2019,Fidelity Asian Smaller Coms Y-Acc-GBP,27.25
05/20/2019,Fidelity Asian Smaller Coms Y-Acc-GBP,27.3
05/21/2019,Fidelity Asian Smaller Coms Y-Acc-GBP,27.45
05/22/2019,Fidelity Asian Smaller Coms Y-Acc-GBP,27.49
05/23/2019,Fidelity Asian Smaller Coms Y-Acc-GBP,27.4
05/24/2019,Fidelity Asian Smaller Coms Y-Acc-GBP,27.45
05/25/2019,Fidelity Asian Smaller Coms Y-Acc-GBP,27.45
05/26/2019,Fidelity Asian Smaller Coms Y-Acc-GBP,27.45
05/27/2019,Fidelity Asian Smaller Coms Y-Acc-GBP,27.62
05/28/2019,Fidelity Asian Smaller Coms Y-Acc-GBP,27.65
05/29/2019,Fidelity Asian Smaller Coms Y-Acc-GBP,27.64
05/30/2019,Fidelity Asian Smaller Coms Y-Acc-GBP,27.79
05/31/2019,Fidelity Asian Smaller Coms Y-Acc-GBP,27.93
06/01/2019,Fidelity Asian Smaller Coms Y-Acc-GBP,27.93
06/02/2019,Fidelity Asian Smaller Coms Y-Acc-GBP,27.93
06/03/2019,Fidelity Asian Smaller Coms Y-Acc-GBP,28.12
06/04/2019,Fidelity Asian Smaller Coms Y-Acc-GBP,27.93
06/05/2019,Fidelity Asian Smaller Coms Y-Acc-GBP,27.88
06/06/2019,Fidelity Asian Smaller Coms Y-Acc-GBP,27.83
06/07/2019,Fidelity Asian Smaller Coms Y-Acc-GBP,27.79
06/08/2019,Fidelity Asian Smaller Coms Y-Acc-GBP,27.79
06/09/2019,Fidelity Asian Smaller Coms Y-Acc-GBP,27.79
06/10/2019,Fidelity Asian Smaller Coms Y-Acc-GBP,27.94
06/11/2019,Fidelity Asian Smaller Coms Y-Acc-GBP,27.92
06/12/2019,Fidelity Asian Smaller Coms Y-Acc-GBP,27.86
06/13/2019,Fidelity Asian Smaller Coms Y-Acc-GBP,27.84
06/14/2019,Fidelity Asian Smaller Coms Y-Acc-GBP,27.88
06/15/2019,Fidelity Asian Smaller Coms Y-Acc-GBP,27.88
06/16/2019,Fidelity Asian Smaller Coms Y-Acc-GBP,27.88
06/17/2019,Fidelity Asian Smaller Coms Y-Acc-GBP,27.84
06/18/2019,Fidelity Asian Smaller Coms Y-Acc-GBP,28.22
06/19/2019,Fidelity Asian Smaller Coms Y-Acc-GBP,28.19
06/20/2019,Fidelity Asian Smaller Coms Y-Acc-GBP,28.21
06/21/2019,Fidelity Asian Smaller Coms Y-Acc-GBP,28.24
06/22/2019,Fidelity Asian Smaller Coms Y-Acc-GBP,28.24
06/23/2019,Fidelity Asian Smaller Coms Y-Acc-GBP,28.24
06/24/2019,Fidelity Asian Smaller Coms Y-Acc-GBP,28.25
06/25/2019,Fidelity Asian Smaller Coms Y-Acc-GBP,28.24
06/26/2019,Fidelity Asian Smaller Coms Y-Acc-GBP,28.45
06/27/2019,Fidelity Asian Smaller Coms Y-Acc-GBP,28.68
06/28/2019,Fidelity Asian Smaller Coms Y-Acc-GBP,28.58
06/29/2019,Fidelity Asian Smaller Coms Y-Acc-GBP,28.58
06/30/2019,Fidelity Asian Smaller Coms Y-Acc-GBP,28.58
07/01/2019,Fidelity Asian Smaller Coms Y-Acc-GBP,28.81
07/02/2019,Fidelity Asian Smaller Coms Y-Acc-GBP,29
07/03/2019,Fidelity Asian Smaller Coms Y-Acc-GBP,29.08
07/04/2019,Fidelity Asian Smaller Coms Y-Acc-GBP,29.16
07/05/2019,Fidelity Asian Smaller Coms Y-Acc-GBP,29.21
07/06/2019,Fidelity Asian Smaller Coms Y-Acc-GBP,29.21
07/07/2019,Fidelity Asian Smaller Coms Y-Acc-GBP,29.21
07/08/2019,Fidelity Asian Smaller Coms Y-Acc-GBP,28.91
07/09/2019,Fidelity Asian Smaller Coms Y-Acc-GBP,28.87
07/10/2019,Fidelity Asian Smaller Coms Y-Acc-GBP,28.93
07/11/2019,Fidelity Asian Smaller Coms Y-Acc-GBP,29.04
07/12/2019,Fidelity Asian Smaller Coms Y-Acc-GBP,29.13
07/13/2019,Fidelity Asian Smaller Coms Y-Acc-GBP,29.13
07/14/2019,Fidelity Asian Smaller Coms Y-Acc-GBP,29.13
07/15/2019,Fidelity Asian Smaller Coms Y-Acc-GBP,29.12
07/16/2019,Fidelity Asian Smaller Coms Y-Acc-GBP,29.55
07/17/2019,Fidelity Asian Smaller Coms Y-Acc-GBP,29.36
07/18/2019,Fidelity Asian Smaller Coms Y-Acc-GBP,29.16
07/19/2019,Fidelity Asian Smaller Coms Y-Acc-GBP,29.24
07/20/2019,Fidelity Asian Smaller Coms Y-Acc-GBP,29.24
07/21/2019,Fidelity Asian Smaller Coms Y-Acc-GBP,29.24
07/22/2019,Fidelity Asian Smaller Coms Y-Acc-GBP,29.11
07/23/2019,Fidelity Asian Smaller Coms Y-Acc-GBP,29.22
07/24/2019,Fidelity Asian Smaller Coms Y-Acc-GBP,29.09
07/25/2019,Fidelity Asian Smaller Coms Y-Acc-GBP,28.96
07/26/2019,Fidelity Asian Smaller Coms Y-Acc-GBP,29.23
07/27/2019,Fidelity Asian Smaller Coms Y-Acc-GBP,29.23
07/28/2019,Fidelity Asian Smaller Coms Y-Acc-GBP,29.23
07/29/2019,Fidelity Asian Smaller Coms Y-Acc-GBP,29.46
07/30/2019,Fidelity Asian Smaller Coms Y-Acc-GBP,29.63
07/31/2019,Fidelity Asian Smaller Coms Y-Acc-GBP,29.49
08/01/2019,Fidelity Asian Smaller Coms Y-Acc-GBP,29.67
08/02/2019,Fidelity Asian Smaller Coms Y-Acc-GBP,28.99
08/03/2019,Fidelity Asian Smaller Coms Y-Acc-GBP,28.99
08/04/2019,Fidelity Asian Smaller Coms Y-Acc-GBP,28.99
08/05/2019,Fidelity Asian Smaller Coms Y-Acc-GBP,28.18
08/06/2019,Fidelity Asian Smaller Coms Y-Acc-GBP,28.2
08/07/2019,Fidelity Asian Smaller Coms Y-Acc-GBP,28.2
08/08/2019,Fidelity Asian Smaller Coms Y-Acc-GBP,28.63
08/09/2019,Fidelity Asian Smaller Coms Y-Acc-GBP,28.59
08/10/2019,Fidelity Asian Smaller Coms Y-Acc-GBP,28.59
08/11/2019,Fidelity Asian Smaller Coms Y-Acc-GBP,28.59
08/12/2019,Fidelity Asian Smaller Coms Y-Acc-GBP,28.55
08/13/2019,Fidelity Asian Smaller Coms Y-Acc-GBP,28.48
08/14/2019,Fidelity Asian Smaller Coms Y-Acc-GBP,28.22
08/15/2019,Fidelity Asian Smaller Coms Y-Acc-GBP,28.13
08/16/2019,Fidelity Asian Smaller Coms Y-Acc-GBP,28.32
08/17/2019,Fidelity Asian Smaller Coms Y-Acc-GBP,28.32
08/18/2019,Fidelity Asian Smaller Coms Y-Acc-GBP,28.32
08/19/2019,Fidelity Asian Smaller Coms Y-Acc-GBP,28.36
08/20/2019,Fidelity Asian Smaller Coms Y-Acc-GBP,28.34
08/21/2019,Fidelity Asian Smaller Coms Y-Acc-GBP,28.26
08/22/2019,Fidelity Asian Smaller Coms Y-Acc-GBP,27.82
08/23/2019,Fidelity Asian Smaller Coms Y-Acc-GBP,27.75
08/24/2019,Fidelity Asian Smaller Coms Y-Acc-GBP,27.75
08/25/2019,Fidelity Asian Smaller Coms Y-Acc-GBP,27.75
08/26/2019,Fidelity Asian Smaller Coms Y-Acc-GBP,27.76
08/27/2019,Fidelity Asian Smaller Coms Y-Acc-GBP,27.69
08/28/2019,Fidelity Asian Smaller Coms Y-Acc-GBP,27.83
08/29/2019,Fidelity Asian Smaller Coms Y-Acc-GBP,27.95
08/30/2019,Fidelity Asian Smaller Coms Y-Acc-GBP,28.12
08/31/2019,Fidelity Asian Smaller Coms Y-Acc-GBP,28.12
09/01/2019,Fidelity Asian Smaller Coms Y-Acc-GBP,28.12
09/02/2019,Fidelity Asian Smaller Coms Y-Acc-GBP,28.27
09/03/2019,Fidelity Asian Smaller Coms Y-Acc-GBP,28.07
09/04/2019,Fidelity Asian Smaller Coms Y-Acc-GBP,28.08
09/05/2019,Fidelity Asian Smaller Coms Y-Acc-GBP,27.93
09/06/2019,Fidelity Asian Smaller Coms Y-Acc-GBP,28.13
09/07/2019,Fidelity Asian Smaller Coms Y-Acc-GBP,28.13
09/08/2019,Fidelity Asian Smaller Coms Y-Acc-GBP,28.13
09/09/2019,Fidelity Asian Smaller Coms Y-Acc-GBP,28
09/10/2019,Fidelity Asian Smaller Coms Y-Acc-GBP,28.04
09/11/2019,Fidelity Asian Smaller Coms Y-Acc-GBP,28.29
09/12/2019,Fidelity Asian Smaller Coms Y-Acc-GBP,28.46
09/13/2019,Fidelity Asian Smaller Coms Y-Acc-GBP,28.36
09/14/2019,Fidelity Asian Smaller Coms Y-Acc-GBP,28.36
09/15/2019,Fidelity Asian Smaller Coms Y-Acc-GBP,28.36
09/16/2019,Fidelity Asian Smaller Coms Y-Acc-GBP,28.2
09/17/2019,Fidelity Asian Smaller Coms Y-Acc-GBP,27.81
09/18/2019,Fidelity Asian Smaller Coms Y-Acc-GBP,27.85
09/19/2019,Fidelity Asian Smaller Coms Y-Acc-GBP,27.73
09/20/2019,Fidelity Asian Smaller Coms Y-Acc-GBP,28
09/21/2019,Fidelity Asian Smaller Coms Y-Acc-GBP,28
09/22/2019,Fidelity Asian Smaller Coms Y-Acc-GBP,28
09/23/2019,Fidelity Asian Smaller Coms Y-Acc-GBP,28.08
09/24/2019,Fidelity Asian Smaller Coms Y-Acc-GBP,27.84
09/25/2019,Fidelity Asian Smaller Coms Y-Acc-GBP,27.96
09/26/2019,Fidelity Asian Smaller Coms Y-Acc-GBP,27.9
09/27/2019,Fidelity Asian Smaller Coms Y-Acc-GBP,27.89
09/28/2019,Fidelity Asian Smaller Coms Y-Acc-GBP,27.89
09/29/2019,Fidelity Asian Smaller Coms Y-Acc-GBP,27.89
09/30/2019,Fidelity Asian Smaller Coms Y-Acc-GBP,27.92
10/01/2019,Fidelity Asian Smaller Coms Y-Acc-GBP,27.89
10/02/2019,Fidelity Asian Smaller Coms Y-Acc-GBP,27.45
10/03/2019,Fidelity Asian Smaller Coms Y-Acc-GBP,27.34
10/04/2019,Fidelity Asian Smaller Coms Y-Acc-GBP,27.52
10/05/2019,Fidelity Asian Smaller Coms Y-Acc-GBP,27.52
10/06/2019,Fidelity Asian Smaller Coms Y-Acc-GBP,27.52
10/07/2019,Fidelity Asian Smaller Coms Y-Acc-GBP,27.46
10/08/2019,Fidelity Asian Smaller Coms Y-Acc-GBP,27.71
10/09/2019,Fidelity Asian Smaller Coms Y-Acc-GBP,27.81
10/10/2019,Fidelity Asian Smaller Coms Y-Acc-GBP,27.52
10/11/2019,Fidelity Asian Smaller Coms Y-Acc-GBP,26.99
10/12/2019,Fidelity Asian Smaller Coms Y-Acc-GBP,26.99
10/13/2019,Fidelity Asian Smaller Coms Y-Acc-GBP,26.99
10/14/2019,Fidelity Asian Smaller Coms Y-Acc-GBP,27.15
10/15/2019,Fidelity Asian Smaller Coms Y-Acc-GBP,26.9
10/16/2019,Fidelity Asian Smaller Coms Y-Acc-GBP,26.63
10/17/2019,Fidelity Asian Smaller Coms Y-Acc-GBP,26.75
10/18/2019,Fidelity Asian Smaller Coms Y-Acc-GBP,26.7
10/19/2019,Fidelity Asian Smaller Coms Y-Acc-GBP,26.7
10/20/2019,Fidelity Asian Smaller Coms Y-Acc-GBP,26.7
10/21/2019,Fidelity Asian Smaller Coms Y-Acc-GBP,26.59
10/22/2019,Fidelity Asian Smaller Coms Y-Acc-GBP,26.78
10/23/2019,Fidelity Asian Smaller Coms Y-Acc-GBP,26.81
10/24/2019,Fidelity Asian Smaller Coms Y-Acc-GBP,26.99
10/25/2019,Fidelity Asian Smaller Coms Y-Acc-GBP,27.09
10/26/2019,Fidelity Asian Smaller Coms Y-Acc-GBP,27.09
10/27/2019,Fidelity Asian Smaller Coms Y-Acc-GBP,27.09
10/28/2019,Fidelity Asian Smaller Coms Y-Acc-GBP,27.05
10/29/2019,Fidelity Asian Smaller Coms Y-Acc-GBP,27.1
10/30/2019,Fidelity Asian Smaller Coms Y-Acc-GBP,27.09
10/31/2019,Fidelity Asian Smaller Coms Y-Acc-GBP,26.93
11/01/2019,Fidelity Asian Smaller Coms Y-Acc-GBP,27.03
11/02/2019,Fidelity Asian Smaller Coms Y-Acc-GBP,27.03
11/03/2019,Fidelity Asian Smaller Coms Y-Acc-GBP,27.03
11/04/2019,Fidelity Asian Smaller Coms Y-Acc-GBP,27.31
11/05/2019,Fidelity Asian Smaller Coms Y-Acc-GBP,27.44
11/06/2019,Fidelity Asian Smaller Coms Y-Acc-GBP,27.36
11/07/2019,Fidelity Asian Smaller Coms Y-Acc-GBP,27.56
11/08/2019,Fidelity Asian Smaller Coms Y-Acc-GBP,27.52
11/09/2019,Fidelity Asian Smaller Coms Y-Acc-GBP,27.52
11/10/2019,Fidelity Asian Smaller Coms Y-Acc-GBP,27.52
11/11/2019,Fidelity Asian Smaller Coms Y-Acc-GBP,27.17
11/12/2019,Fidelity Asian Smaller Coms Y-Acc-GBP,27.15
11/13/2019,Fidelity Asian Smaller Coms Y-Acc-GBP,27.07
11/14/2019,Fidelity Asian Smaller Coms Y-Acc-GBP,26.92
11/15/2019,Fidelity Asian Smaller Coms Y-Acc-GBP,26.89
11/16/2019,Fidelity Asian Smaller Coms Y-Acc-GBP,26.89
11/17/2019,Fidelity Asian Smaller Coms Y-Acc-GBP,26.89
11/18/2019,Fidelity Asian Smaller Coms Y-Acc-GBP,26.79
11/19/2019,Fidelity Asian Smaller Coms Y-Acc-GBP,27.04
11/20/2019,Fidelity Asian Smaller Coms Y-Acc-GBP,26.94
11/21/2019,Fidelity Asian Smaller Coms Y-Acc-GBP,26.83
11/22/2019,Fidelity Asian Smaller Coms Y-Acc-GBP,26.96
11/23/2019,Fidelity Asian Smaller Coms Y-Acc-GBP,26.96
11/24/2019,Fidelity Asian Smaller Coms Y-Acc-GBP,26.96
11/25/2019,Fidelity Asian Smaller Coms Y-Acc-GBP,27.06
11/26/2019,Fidelity Asian Smaller Coms Y-Acc-GBP,26.94
11/27/2019,Fidelity Asian Smaller Coms Y-Acc-GBP,26.97
11/28/2019,Fidelity Asian Smaller Coms Y-Acc-GBP,26.84
11/29/2019,Fidelity Asian Smaller Coms Y-Acc-GBP,26.62
11/30/2019,Fidelity Asian Smaller Coms Y-Acc-GBP,26.62
12/01/2019,Fidelity Asian Smaller Coms Y-Acc-GBP,26.62
12/02/2019,Fidelity Asian Smaller Coms Y-Acc-GBP,26.52
12/03/2019,Fidelity Asian Smaller Coms Y-Acc-GBP,26.24
12/04/2019,Fidelity Asian Smaller Coms Y-Acc-GBP,26.05
12/05/2019,Fidelity Asian Smaller Coms Y-Acc-GBP,25.94
12/06/2019,Fidelity Asian Smaller Coms Y-Acc-GBP,26.03
12/07/2019,Fidelity Asian Smaller Coms Y-Acc-GBP,26.03
12/08/2019,Fidelity Asian Smaller Coms Y-Acc-GBP,26.03
12/09/2019,Fidelity Asian Smaller Coms Y-Acc-GBP,26.02
12/10/2019,Fidelity Asian Smaller Coms Y-Acc-GBP,25.88
12/11/2019,Fidelity Asian Smaller Coms Y-Acc-GBP,25.89
12/12/2019,Fidelity Asian Smaller Coms Y-Acc-GBP,26.22
12/13/2019,Fidelity Asian Smaller Coms Y-Acc-GBP,26.01
12/14/2019,Fidelity Asian Smaller Coms Y-Acc-GBP,26.01
12/15/2019,Fidelity Asian Smaller Coms Y-Acc-GBP,26.01
12/16/2019,Fidelity Asian Smaller Coms Y-Acc-GBP,26.1
12/17/2019,Fidelity Asian Smaller Coms Y-Acc-GBP,26.62
12/18/2019,Fidelity Asian Smaller Coms Y-Acc-GBP,26.77
12/19/2019,Fidelity Asian Smaller Coms Y-Acc-GBP,26.88
12/20/2019,Fidelity Asian Smaller Coms Y-Acc-GBP,26.92
12/21/2019,Fidelity Asian Smaller Coms Y-Acc-GBP,26.92
12/22/2019,Fidelity Asian Smaller Coms Y-Acc-GBP,26.92
12/23/2019,Fidelity Asian Smaller Coms Y-Acc-GBP,27.13
12/24/2019,Fidelity Asian Smaller Coms Y-Acc-GBP,27.04
12/25/2019,Fidelity Asian Smaller Coms Y-Acc-GBP,27.04
12/26/2019,Fidelity Asian Smaller Coms Y-Acc-GBP,26.99
12/27/2019,Fidelity Asian Smaller Coms Y-Acc-GBP,26.93
12/28/2019,Fidelity Asian Smaller Coms Y-Acc-GBP,26.93
12/29/2019,Fidelity Asian Smaller Coms Y-Acc-GBP,26.93
12/30/2019,Fidelity Asian Smaller Coms Y-Acc-GBP,26.85
12/31/2019,Fidelity Asian Smaller Coms Y-Acc-GBP,26.66
01/01/2020,Fidelity Asian Smaller Coms Y-Acc-GBP,26.66
01/02/2020,Fidelity Asian Smaller Coms Y-Acc-GBP,27.14
01/03/2020,Fidelity Asian Smaller Coms Y-Acc-GBP,27.13
01/04/2020,Fidelity Asian Smaller Coms Y-Acc-GBP,27.13
01/05/2020,Fidelity Asian Smaller Coms Y-Acc-GBP,27.13
01/06/2020,Fidelity Asian Smaller Coms Y-Acc-GBP,26.65
01/07/2020,Fidelity Asian Smaller Coms Y-Acc-GBP,26.85
01/08/2020,Fidelity Asian Smaller Coms Y-Acc-GBP,26.71
01/09/2020,Fidelity Asian Smaller Coms Y-Acc-GBP,27.05
01/10/2020,Fidelity Asian Smaller Coms Y-Acc-GBP,27.14
01/11/2020,Fidelity Asian Smaller Coms Y-Acc-GBP,27.14
01/12/2020,Fidelity Asian Smaller Coms Y-Acc-GBP,27.14
01/13/2020,Fidelity Asian Smaller Coms Y-Acc-GBP,27.75
01/14/2020,Fidelity Asian Smaller Coms Y-Acc-GBP,27.66
01/15/2020,Fidelity Asian Smaller Coms Y-Acc-GBP,27.6
01/16/2020,Fidelity Asian Smaller Coms Y-Acc-GBP,27.55
01/17/2020,Fidelity Asian Smaller Coms Y-Acc-GBP,27.65
01/18/2020,Fidelity Asian Smaller Coms Y-Acc-GBP,27.65
01/19/2020,Fidelity Asian Smaller Coms Y-Acc-GBP,27.65
01/20/2020,Fidelity Asian Smaller Coms Y-Acc-GBP,27.62
01/21/2020,Fidelity Asian Smaller Coms Y-Acc-GBP,27.26
01/22/2020,Fidelity Asian Smaller Coms Y-Acc-GBP,27.1
01/23/2020,Fidelity Asian Smaller Coms Y-Acc-GBP,26.87
01/24/2020,Fidelity Asian Smaller Coms Y-Acc-GBP,26.99
01/25/2020,Fidelity Asian Smaller Coms Y-Acc-GBP,26.99
01/26/2020,Fidelity Asian Smaller Coms Y-Acc-GBP,26.99
01/27/2020,Fidelity Asian Smaller Coms Y-Acc-GBP,26.41
01/28/2020,Fidelity Asian Smaller Coms Y-Acc-GBP,26.63
01/29/2020,Fidelity Asian Smaller Coms Y-Acc-GBP,26.62
01/30/2020,Fidelity Asian Smaller Coms Y-Acc-GBP,25.92
01/31/2020,Fidelity Asian Smaller Coms Y-Acc-GBP,25.4
02/01/2020,Fidelity Asian Smaller Coms Y-Acc-GBP,25.4
02/02/2020,Fidelity Asian Smaller Coms Y-Acc-GBP,25.4
02/03/2020,Fidelity Asian Smaller Coms Y-Acc-GBP,25.59
02/04/2020,Fidelity Asian Smaller Coms Y-Acc-GBP,25.95
02/05/2020,Fidelity Asian Smaller Coms Y-Acc-GBP,26.24
02/06/2020,Fidelity Asian Smaller Coms Y-Acc-GBP,26.85
02/07/2020,Fidelity Asian Smaller Coms Y-Acc-GBP,26.82
02/08/2020,Fidelity Asian Smaller Coms Y-Acc-GBP,26.82
02/09/2020,Fidelity Asian Smaller Coms Y-Acc-GBP,26.82
02/10/2020,Fidelity Asian Smaller Coms Y-Acc-GBP,26.76
02/11/2020,Fidelity Asian Smaller Coms Y-Acc-GBP,26.82
02/12/2020,Fidelity Asian Smaller Coms Y-Acc-GBP,26.81
02/13/2020,Fidelity Asian Smaller Coms Y-Acc-GBP,26.58
02/14/2020,Fidelity Asian Smaller Coms Y-Acc-GBP,26.54
02/15/2020,Fidelity Asian Smaller Coms Y-Acc-GBP,26.54
02/16/2020,Fidelity Asian Smaller Coms Y-Acc-GBP,26.54
02/17/2020,Fidelity Asian Smaller Coms Y-Acc-GBP,26.62
02/18/2020,Fidelity Asian Smaller Coms Y-Acc-GBP,26.41
02/19/2020,Fidelity Asian Smaller Coms Y-Acc-GBP,26.67
02/20/2020,Fidelity Asian Smaller Coms Y-Acc-GBP,26.64
02/21/2020,Fidelity Asian Smaller Coms Y-Acc-GBP,26.34
02/22/2020,Fidelity Asian Smaller Coms Y-Acc-GBP,26.34
02/23/2020,Fidelity Asian Smaller Coms Y-Acc-GBP,26.34
02/24/2020,Fidelity Asian Smaller Coms Y-Acc-GBP,25.65
02/25/2020,Fidelity Asian Smaller Coms Y-Acc-GBP,25.49
02/26/2020,Fidelity Asian Smaller Coms Y-Acc-GBP,25.59
02/27/2020,Fidelity Asian Smaller Coms Y-Acc-GBP,25.45
02/28/2020,Fidelity Asian Smaller Coms Y-Acc-GBP,24.94
02/29/2020,Fidelity Asian Smaller Coms Y-Acc-GBP,24.94
03/01/2020,Fidelity Asian Smaller Coms Y-Acc-GBP,24.94
03/02/2020,Fidelity Asian Smaller Coms Y-Acc-GBP,25.13
03/03/2020,Fidelity Asian Smaller Coms Y-Acc-GBP,25.11
03/04/2020,Fidelity Asian Smaller Coms Y-Acc-GBP,25.16
03/05/2020,Fidelity Asian Smaller Coms Y-Acc-GBP,24.88
03/06/2020,Fidelity Asian Smaller Coms Y-Acc-GBP,24.24
03/07/2020,Fidelity Asian Smaller Coms Y-Acc-GBP,24.24
03/08/2020,Fidelity Asian Smaller Coms Y-Acc-GBP,24.24
03/09/2020,Fidelity Asian Smaller Coms Y-Acc-GBP,22.79
03/10/2020,Fidelity Asian Smaller Coms Y-Acc-GBP,23.19
03/11/2020,Fidelity Asian Smaller Coms Y-Acc-GBP,23.31
03/12/2020,Fidelity Asian Smaller Coms Y-Acc-GBP,21.57
03/13/2020,Fidelity Asian Smaller Coms Y-Acc-GBP,21.96
03/14/2020,Fidelity Asian Smaller Coms Y-Acc-GBP,21.96
03/15/2020,Fidelity Asian Smaller Coms Y-Acc-GBP,21.96
03/16/2020,Fidelity Asian Smaller Coms Y-Acc-GBP,20.97
03/17/2020,Fidelity Asian Smaller Coms Y-Acc-GBP,21.31
03/18/2020,Fidelity Asian Smaller Coms Y-Acc-GBP,21.11
03/19/2020,Fidelity Asian Smaller Coms Y-Acc-GBP,19.67
03/20/2020,Fidelity Asian Smaller Coms Y-Acc-GBP,20.17
03/21/2020,Fidelity Asian Smaller Coms Y-Acc-GBP,20.17
03/22/2020,Fidelity Asian Smaller Coms Y-Acc-GBP,20.17
03/23/2020,Fidelity Asian Smaller Coms Y-Acc-GBP,19.39
03/24/2020,Fidelity Asian Smaller Coms Y-Acc-GBP,19.58
03/25/2020,Fidelity Asian Smaller Coms Y-Acc-GBP,20.26
03/26/2020,Fidelity Asian Smaller Coms Y-Acc-GBP,20.45
03/27/2020,Fidelity Asian Smaller Coms Y-Acc-GBP,20.01
03/28/2020,Fidelity Asian Smaller Coms Y-Acc-GBP,20.01
03/29/2020,Fidelity Asian Smaller Coms Y-Acc-GBP,20.01
03/30/2020,Fidelity Asian Smaller Coms Y-Acc-GBP,20.01
03/31/2020,Fidelity Asian Smaller Coms Y-Acc-GBP,20.36
04/01/2020,Fidelity Asian Smaller Coms Y-Acc-GBP,19.95
04/02/2020,Fidelity Asian Smaller Coms Y-Acc-GBP,20.11
04/03/2020,Fidelity Asian Smaller Coms Y-Acc-GBP,20.07
04/04/2020,Fidelity Asian Smaller Coms Y-Acc-GBP,20.07
04/05/2020,Fidelity Asian Smaller Coms Y-Acc-GBP,20.07
04/06/2020,Fidelity Asian Smaller Coms Y-Acc-GBP,20.46
04/07/2020,Fidelity Asian Smaller Coms Y-Acc-GBP,20.75
04/08/2020,Fidelity Asian Smaller Coms Y-Acc-GBP,20.96
04/09/2020,Fidelity Asian Smaller Coms Y-Acc-GBP,21.42
04/10/2020,Fidelity Asian Smaller Coms Y-Acc-GBP,21.4
04/11/2020,Fidelity Asian Smaller Coms Y-Acc-GBP,21.4
04/12/2020,Fidelity Asian Smaller Coms Y-Acc-GBP,21.4
04/13/2020,Fidelity Asian Smaller Coms Y-Acc-GBP,21.08
04/14/2020,Fidelity Asian Smaller Coms Y-Acc-GBP,21.37
04/15/2020,Fidelity Asian Smaller Coms Y-Acc-GBP,21.32
04/16/2020,Fidelity Asian Smaller Coms Y-Acc-GBP,21.46
04/17/2020,Fidelity Asian Smaller Coms Y-Acc-GBP,21.75
04/18/2020,Fidelity Asian Smaller Coms Y-Acc-GBP,21.75
04/19/2020,Fidelity Asian Smaller Coms Y-Acc-GBP,21.75
04/20/2020,Fidelity Asian Smaller Coms Y-Acc-GBP,21.95
04/21/2020,Fidelity Asian Smaller Coms Y-Acc-GBP,21.56
04/22/2020,Fidelity Asian Smaller Coms Y-Acc-GBP,21.78
04/23/2020,Fidelity Asian Smaller Coms Y-Acc-GBP,21.94
04/24/2020,Fidelity Asian Smaller Coms Y-Acc-GBP,21.77
04/25/2020,Fidelity Asian Smaller Coms Y-Acc-GBP,21.77
04/26/2020,Fidelity Asian Smaller Coms Y-Acc-GBP,21.77
04/27/2020,Fidelity Asian Smaller Coms Y-Acc-GBP,21.91
04/28/2020,Fidelity Asian Smaller Coms Y-Acc-GBP,21.99
04/29/2020,Fidelity Asian Smaller Coms Y-Acc-GBP,22.44
04/30/2020,Fidelity Asian Smaller Coms Y-Acc-GBP,22.31
05/01/2020,Fidelity Asian Smaller Coms Y-Acc-GBP,22.03
05/02/2020,Fidelity Asian Smaller Coms Y-Acc-GBP,22.03
05/03/2020,Fidelity Asian Smaller Coms Y-Acc-GBP,22.03
05/04/2020,Fidelity Asian Smaller Coms Y-Acc-GBP,21.81
05/05/2020,Fidelity Asian Smaller Coms Y-Acc-GBP,21.88
05/06/2020,Fidelity Asian Smaller Coms Y-Acc-GBP,22.07
05/07/2020,Fidelity Asian Smaller Coms Y-Acc-GBP,22.2
05/08/2020,Fidelity Asian Smaller Coms Y-Acc-GBP,22.18
05/09/2020,Fidelity Asian Smaller Coms Y-Acc-GBP,22.18
05/10/2020,Fidelity Asian Smaller Coms Y-Acc-GBP,22.18
05/11/2020,Fidelity Asian Smaller Coms Y-Acc-GBP,22.39
05/12/2020,Fidelity Asian Smaller Coms Y-Acc-GBP,22.42
05/13/2020,Fidelity Asian Smaller Coms Y-Acc-GBP,22.59
05/14/2020,Fidelity Asian Smaller Coms Y-Acc-GBP,22.44
05/15/2020,Fidelity Asian Smaller Coms Y-Acc-GBP,22.65
05/16/2020,Fidelity Asian Smaller Coms Y-Acc-GBP,22.65
05/17/2020,Fidelity Asian Smaller Coms Y-Acc-GBP,22.65
05/18/2020,Fidelity Asian Smaller Coms Y-Acc-GBP,22.59
05/19/2020,Fidelity Asian Smaller Coms Y-Acc-GBP,22.69
05/20/2020,Fidelity Asian Smaller Coms Y-Acc-GBP,22.83
05/21/2020,Fidelity Asian Smaller Coms Y-Acc-GBP,22.67
05/22/2020,Fidelity Asian Smaller Coms Y-Acc-GBP,22.37
05/23/2020,Fidelity Asian Smaller Coms Y-Acc-GBP,22.37
05/24/2020,Fidelity Asian Smaller Coms Y-Acc-GBP,22.37
05/25/2020,Fidelity Asian Smaller Coms Y-Acc-GBP,22.47
05/26/2020,Fidelity Asian Smaller Coms Y-Acc-GBP,22.35
05/27/2020,Fidelity Asian Smaller Coms Y-Acc-GBP,22.45
05/28/2020,Fidelity Asian Smaller Coms Y-Acc-GBP,22.34
05/29/2020,Fidelity Asian Smaller Coms Y-Acc-GBP,22.32
05/30/2020,Fidelity Asian Smaller Coms Y-Acc-GBP,22.32
05/31/2020,Fidelity Asian Smaller Coms Y-Acc-GBP,22.32
06/01/2020,Fidelity Asian Smaller Coms Y-Acc-GBP,22.67
06/02/2020,Fidelity Asian Smaller Coms Y-Acc-GBP,23.01
06/03/2020,Fidelity Asian Smaller Coms Y-Acc-GBP,23.27
06/04/2020,Fidelity Asian Smaller Coms Y-Acc-GBP,23.22
06/05/2020,Fidelity Asian Smaller Coms Y-Acc-GBP,23.6
06/06/2020,Fidelity Asian Smaller Coms Y-Acc-GBP,23.6
06/07/2020,Fidelity Asian Smaller Coms Y-Acc-GBP,23.6
06/08/2020,Fidelity Asian Smaller Coms Y-Acc-GBP,23.78
06/09/2020,Fidelity Asian Smaller Coms Y-Acc-GBP,23.7
06/10/2020,Fidelity Asian Smaller Coms Y-Acc-GBP,23.67
06/11/2020,Fidelity Asian Smaller Coms Y-Acc-GBP,23.43
06/12/2020,Fidelity Asian Smaller Coms Y-Acc-GBP,23.53
06/13/2020,Fidelity Asian Smaller Coms Y-Acc-GBP,23.53
06/14/2020,Fidelity Asian Smaller Coms Y-Acc-GBP,23.53
06/15/2020,Fidelity Asian Smaller Coms Y-Acc-GBP,23.22
06/16/2020,Fidelity Asian Smaller Coms Y-Acc-GBP,23.52
06/17/2020,Fidelity Asian Smaller Coms Y-Acc-GBP,23.64
06/18/2020,Fidelity Asian Smaller Coms Y-Acc-GBP,23.95
06/19/2020,Fidelity Asian Smaller Coms Y-Acc-GBP,24.2
06/20/2020,Fidelity Asian Smaller Coms Y-Acc-GBP,24.2
06/21/2020,Fidelity Asian Smaller Coms Y-Acc-GBP,24.2
06/22/2020,Fidelity Asian Smaller Coms Y-Acc-GBP,24.05
06/23/2020,Fidelity Asian Smaller Coms Y-Acc-GBP,24.06
06/24/2020,Fidelity Asian Smaller Coms Y-Acc-GBP,24.02
06/25/2020,Fidelity Asian Smaller Coms Y-Acc-GBP,24.07
06/26/2020,Fidelity Asian Smaller Coms Y-Acc-GBP,24.35
06/27/2020,Fidelity Asian Smaller Coms Y-Acc-GBP,24.35
06/28/2020,Fidelity Asian Smaller Coms Y-Acc-GBP,24.35
06/29/2020,Fidelity Asian Smaller Coms Y-Acc-GBP,24.38
06/30/2020,Fidelity Asian Smaller Coms Y-Acc-GBP,24.32
07/01/2020,Fidelity Asian Smaller Coms Y-Acc-GBP,24.27
07/02/2020,Fidelity Asian Smaller Coms Y-Acc-GBP,24.6
07/03/2020,Fidelity Asian Smaller Coms Y-Acc-GBP,24.73
07/04/2020,Fidelity Asian Smaller Coms Y-Acc-GBP,24.73
07/05/2020,Fidelity Asian Smaller Coms Y-Acc-GBP,24.73
07/06/2020,Fidelity Asian Smaller Coms Y-Acc-GBP,25.44
07/07/2020,Fidelity Asian Smaller Coms Y-Acc-GBP,25.25
07/08/2020,Fidelity Asian Smaller Coms Y-Acc-GBP,25.29
07/09/2020,Fidelity Asian Smaller Coms Y-Acc-GBP,25.3
07/10/2020,Fidelity Asian Smaller Coms Y-Acc-GBP,25.13
07/11/2020,Fidelity Asian Smaller Coms Y-Acc-GBP,25.13
07/12/2020,Fidelity Asian Smaller Coms Y-Acc-GBP,25.13
07/13/2020,Fidelity Asian Smaller Coms Y-Acc-GBP,25.47
07/14/2020,Fidelity Asian Smaller Coms Y-Acc-GBP,25.16
07/15/2020,Fidelity Asian Smaller Coms Y-Acc-GBP,25.34
07/16/2020,Fidelity Asian Smaller Coms Y-Acc-GBP,24.95
07/17/2020,Fidelity Asian Smaller Coms Y-Acc-GBP,25.35
07/18/2020,Fidelity Asian Smaller Coms Y-Acc-GBP,25.35
07/19/2020,Fidelity Asian Smaller Coms Y-Acc-GBP,25.35
07/20/2020,Fidelity Asian Smaller Coms Y-Acc-GBP,25.27
07/21/2020,Fidelity Asian Smaller Coms Y-Acc-GBP,25.28
07/22/2020,Fidelity Asian Smaller Coms Y-Acc-GBP,25.28
07/23/2020,Fidelity Asian Smaller Coms Y-Acc-GBP,25.37
07/24/2020,Fidelity Asian Smaller Coms Y-Acc-GBP,25.1
07/25/2020,Fidelity Asian Smaller Coms Y-Acc-GBP,25.1
07/26/2020,Fidelity Asian Smaller Coms Y-Acc-GBP,25.1
07/27/2020,Fidelity Asian Smaller Coms Y-Acc-GBP,24.93
07/28/2020,Fidelity Asian Smaller Coms Y-Acc-GBP,24.95
07/29/2020,Fidelity Asian Smaller Coms Y-Acc-GBP,25.05
07/30/2020,Fidelity Asian Smaller Coms Y-Acc-GBP,24.7
07/31/2020,Fidelity Asian Smaller Coms Y-Acc-GBP,24.55
08/01/2020,Fidelity Asian Smaller Coms Y-Acc-GBP,24.55
08/02/2020,Fidelity Asian Smaller Coms Y-Acc-GBP,24.55
08/03/2020,Fidelity Asian Smaller Coms Y-Acc-GBP,24.55
08/04/2020,Fidelity Asian Smaller Coms Y-Acc-GBP,24.71
08/05/2020,Fidelity Asian Smaller Coms Y-Acc-GBP,24.8
08/06/2020,Fidelity Asian Smaller Coms Y-Acc-GBP,24.93
08/07/2020,Fidelity Asian Smaller Coms Y-Acc-GBP,25.01
08/08/2020,Fidelity Asian Smaller Coms Y-Acc-GBP,25.01
08/09/2020,Fidelity Asian Smaller Coms Y-Acc-GBP,25.01
08/10/2020,Fidelity Asian Smaller Coms Y-Acc-GBP,24.96
08/11/2020,Fidelity Asian Smaller Coms Y-Acc-GBP,25.13
08/12/2020,Fidelity Asian Smaller Coms Y-Acc-GBP,25.27
08/13/2020,Fidelity Asian Smaller Coms Y-Acc-GBP,25.25
08/14/2020,Fidelity Asian Smaller Coms Y-Acc-GBP,25.21
08/15/2020,Fidelity Asian Smaller Coms Y-Acc-GBP,25.21
08/16/2020,Fidelity Asian Smaller Coms Y-Acc-GBP,25.21
08/17/2020,Fidelity Asian Smaller Coms Y-Acc-GBP,25.45
08/18/2020,Fidelity Asian Smaller Coms Y-Acc-GBP,25.27
08/19/2020,Fidelity Asian Smaller Coms Y-Acc-GBP,25.4
08/20/2020,Fidelity Asian Smaller Coms Y-Acc-GBP,25.13
08/21/2020,Fidelity Asian Smaller Coms Y-Acc-GBP,25.46
08/22/2020,Fidelity Asian Smaller Coms Y-Acc-GBP,25.46
08/23/2020,Fidelity Asian Smaller Coms Y-Acc-GBP,25.46
08/24/2020,Fidelity Asian Smaller Coms Y-Acc-GBP,25.77
08/25/2020,Fidelity Asian Smaller Coms Y-Acc-GBP,25.71
08/26/2020,Fidelity Asian Smaller Coms Y-Acc-GBP,25.6
08/27/2020,Fidelity Asian Smaller Coms Y-Acc-GBP,25.49
08/28/2020,Fidelity Asian Smaller Coms Y-Acc-GBP,25.48
08/29/2020,Fidelity Asian Smaller Coms Y-Acc-GBP,25.48
08/30/2020,Fidelity Asian Smaller Coms Y-Acc-GBP,25.48
08/31/2020,Fidelity Asian Smaller Coms Y-Acc-GBP,25.02
09/01/2020,Fidelity Asian Smaller Coms Y-Acc-GBP,25.27
09/02/2020,Fidelity Asian Smaller Coms Y-Acc-GBP,25.48
09/03/2020,Fidelity Asian Smaller Coms Y-Acc-GBP,25.25
09/04/2020,Fidelity Asian Smaller Coms Y-Acc-GBP,25.14
09/05/2020,Fidelity Asian Smaller Coms Y-Acc-GBP,25.14
09/06/2020,Fidelity Asian Smaller Coms Y-Acc-GBP,25.14
09/07/2020,Fidelity Asian Smaller Coms Y-Acc-GBP,25.48
09/08/2020,Fidelity Asian Smaller Coms Y-Acc-GBP,25.5
09/09/2020,Fidelity Asian Smaller Coms Y-Acc-GBP,25.6
09/10/2020,Fidelity Asian Smaller Coms Y-Acc-GBP,25.88
09/11/2020,Fidelity Asian Smaller Coms Y-Acc-GBP,25.97
09/12/2020,Fidelity Asian Smaller Coms Y-Acc-GBP,25.97
09/13/2020,Fidelity Asian Smaller Coms Y-Acc-GBP,25.97
09/14/2020,Fidelity Asian Smaller Coms Y-Acc-GBP,26.25
09/15/2020,Fidelity Asian Smaller Coms Y-Acc-GBP,26.46
09/16/2020,Fidelity Asian Smaller Coms Y-Acc-GBP,26.3
09/17/2020,Fidelity Asian Smaller Coms Y-Acc-GBP,26.22
09/18/2020,Fidelity Asian Smaller Coms Y-Acc-GBP,26.3
09/19/2020,Fidelity Asian Smaller Coms Y-Acc-GBP,26.3
09/20/2020,Fidelity Asian Smaller Coms Y-Acc-GBP,26.3
09/21/2020,Fidelity Asian Smaller Coms Y-Acc-GBP,26.12
09/22/2020,Fidelity Asian Smaller Coms Y-Acc-GBP,26.07
09/23/2020,Fidelity Asian Smaller Coms Y-Acc-GBP,25.93
09/24/2020,Fidelity Asian Smaller Coms Y-Acc-GBP,25.53
09/25/2020,Fidelity Asian Smaller Coms Y-Acc-GBP,25.72
09/26/2020,Fidelity Asian Smaller Coms Y-Acc-GBP,25.72
09/27/2020,Fidelity Asian Smaller Coms Y-Acc-GBP,25.72
09/28/2020,Fidelity Asian Smaller Coms Y-Acc-GBP,25.7
09/29/2020,Fidelity Asian Smaller Coms Y-Acc-GBP,25.73
09/30/2020,Fidelity Asian Smaller Coms Y-Acc-GBP,25.83
10/01/2020,Fidelity Asian Smaller Coms Y-Acc-GBP,26.03
10/02/2020,Fidelity Asian Smaller Coms Y-Acc-GBP,25.85
10/03/2020,Fidelity Asian Smaller Coms Y-Acc-GBP,25.85
10/04/2020,Fidelity Asian Smaller Coms Y-Acc-GBP,25.85
10/05/2020,Fidelity Asian Smaller Coms Y-Acc-GBP,25.94
10/06/2020,Fidelity Asian Smaller Coms Y-Acc-GBP,26.16
10/07/2020,Fidelity Asian Smaller Coms Y-Acc-GBP,26.33
10/08/2020,Fidelity Asian Smaller Coms Y-Acc-GBP,26.48
10/09/2020,Fidelity Asian Smaller Coms Y-Acc-GBP,26.52
10/10/2020,Fidelity Asian Smaller Coms Y-Acc-GBP,26.52
10/11/2020,Fidelity Asian Smaller Coms Y-Acc-GBP,26.52
10/12/2020,Fidelity Asian Smaller Coms Y-Acc-GBP,26.58
10/13/2020,Fidelity Asian Smaller Coms Y-Acc-GBP,26.64
10/14/2020,Fidelity Asian Smaller Coms Y-Acc-GBP,26.58
10/15/2020,Fidelity Asian Smaller Coms Y-Acc-GBP,26.6
10/16/2020,Fidelity Asian Smaller Coms Y-Acc-GBP,26.82
10/17/2020,Fidelity Asian Smaller Coms Y-Acc-GBP,26.82
10/18/2020,Fidelity Asian Smaller Coms Y-Acc-GBP,26.82
10/19/2020,Fidelity Asian Smaller Coms Y-Acc-GBP,26.77
10/20/2020,Fidelity Asian Smaller Coms Y-Acc-GBP,27.01
10/21/2020,Fidelity Asian Smaller Coms Y-Acc-GBP,26.67
10/22/2020,Fidelity Asian Smaller Coms Y-Acc-GBP,26.9
10/23/2020,Fidelity Asian Smaller Coms Y-Acc-GBP,27.08
10/24/2020,Fidelity Asian Smaller Coms Y-Acc-GBP,27.08
10/25/2020,Fidelity Asian Smaller Coms Y-Acc-GBP,27.08
10/26/2020,Fidelity Asian Smaller Coms Y-Acc-GBP,26.82
10/27/2020,Fidelity Asian Smaller Coms Y-Acc-GBP,26.66
10/28/2020,Fidelity Asian Smaller Coms Y-Acc-GBP,26.6
10/29/2020,Fidelity Asian Smaller Coms Y-Acc-GBP,26.63
10/30/2020,Fidelity Asian Smaller Coms Y-Acc-GBP,26.46
10/31/2020,Fidelity Asian Smaller Coms Y-Acc-GBP,26.46
11/01/2020,Fidelity Asian Smaller Coms Y-Acc-GBP,26.46
11/02/2020,Fidelity Asian Smaller Coms Y-Acc-GBP,26.68
11/03/2020,Fidelity Asian Smaller Coms Y-Acc-GBP,26.73
11/04/2020,Fidelity Asian Smaller Coms Y-Acc-GBP,26.96
11/05/2020,Fidelity Asian Smaller Coms Y-Acc-GBP,27.23
11/06/2020,Fidelity Asian Smaller Coms Y-Acc-GBP,27.34
11/07/2020,Fidelity Asian Smaller Coms Y-Acc-GBP,27.34
11/08/2020,Fidelity Asian Smaller Coms Y-Acc-GBP,27.34
11/09/2020,Fidelity Asian Smaller Coms Y-Acc-GBP,27.94
11/10/2020,Fidelity Asian Smaller Coms Y-Acc-GBP,27.64
11/11/2020,Fidelity Asian Smaller Coms Y-Acc-GBP,27.87
11/12/2020,Fidelity Asian Smaller Coms Y-Acc-GBP,27.9
11/13/2020,Fidelity Asian Smaller Coms Y-Acc-GBP,27.87
11/14/2020,Fidelity Asian Smaller Coms Y-Acc-GBP,27.87
11/15/2020,Fidelity Asian Smaller Coms Y-Acc-GBP,27.87
11/16/2020,Fidelity Asian Smaller Coms Y-Acc-GBP,28.26
11/17/2020,Fidelity Asian Smaller Coms Y-Acc-GBP,28.29
11/18/2020,Fidelity Asian Smaller Coms Y-Acc-GBP,28.34
11/19/2020,Fidelity Asian Smaller Coms Y-Acc-GBP,28.42
11/20/2020,Fidelity Asian Smaller Coms Y-Acc-GBP,28.58
11/21/2020,Fidelity Asian Smaller Coms Y-Acc-GBP,28.58
11/22/2020,Fidelity Asian Smaller Coms Y-Acc-GBP,28.58
11/23/2020,Fidelity Asian Smaller Coms Y-Acc-GBP,28.97
11/24/2020,Fidelity Asian Smaller Coms Y-Acc-GBP,29.23
11/25/2020,Fidelity Asian Smaller Coms Y-Acc-GBP,28.81
11/26/2020,Fidelity Asian Smaller Coms Y-Acc-GBP,29.16
11/27/2020,Fidelity Asian Smaller Coms Y-Acc-GBP,29.3
11/28/2020,Fidelity Asian Smaller Coms Y-Acc-GBP,29.3
11/29/2020,Fidelity Asian Smaller Coms Y-Acc-GBP,29.3
11/30/2020,Fidelity Asian Smaller Coms Y-Acc-GBP,28.94
12/01/2020,Fidelity Asian Smaller Coms Y-Acc-GBP,29.3
12/02/2020,Fidelity Asian Smaller Coms Y-Acc-GBP,29.45
12/03/2020,Fidelity Asian Smaller Coms Y-Acc-GBP,29.24
12/04/2020,Fidelity Asian Smaller Coms Y-Acc-GBP,29.31
12/05/2020,Fidelity Asian Smaller Coms Y-Acc-GBP,29.31
12/06/2020,Fidelity Asian Smaller Coms Y-Acc-GBP,29.31
12/07/2020,Fidelity Asian Smaller Coms Y-Acc-GBP,29.67
12/08/2020,Fidelity Asian Smaller Coms Y-Acc-GBP,29.52
12/09/2020,Fidelity Asian Smaller Coms Y-Acc-GBP,29.49
12/10/2020,Fidelity Asian Smaller Coms Y-Acc-GBP,29.51
12/11/2020,Fidelity Asian Smaller Coms Y-Acc-GBP,29.73
12/12/2020,Fidelity Asian Smaller Coms Y-Acc-GBP,29.73
12/13/2020,Fidelity Asian Smaller Coms Y-Acc-GBP,29.73
12/14/2020,Fidelity Asian Smaller Coms Y-Acc-GBP,29.51
12/15/2020,Fidelity Asian Smaller Coms Y-Acc-GBP,29.27
12/16/2020,Fidelity Asian Smaller Coms Y-Acc-GBP,29.3
12/17/2020,Fidelity Asian Smaller Coms Y-Acc-GBP,29.25
12/18/2020,Fidelity Asian Smaller Coms Y-Acc-GBP,29.56
12/19/2020,Fidelity Asian Smaller Coms Y-Acc-GBP,29.56
12/20/2020,Fidelity Asian Smaller Coms Y-Acc-GBP,29.56
12/21/2020,Fidelity Asian Smaller Coms Y-Acc-GBP,29.58
12/22/2020,Fidelity Asian Smaller Coms Y-Acc-GBP,29.38
12/23/2020,Fidelity Asian Smaller Coms Y-Acc-GBP,29.32
12/24/2020,Fidelity Asian Smaller Coms Y-Acc-GBP,29.35
12/25/2020,Fidelity Asian Smaller Coms Y-Acc-GBP,29.35
12/26/2020,Fidelity Asian Smaller Coms Y-Acc-GBP,29.35
12/27/2020,Fidelity Asian Smaller Coms Y-Acc-GBP,29.35
12/28/2020,Fidelity Asian Smaller Coms Y-Acc-GBP,29.77
12/29/2020,Fidelity Asian Smaller Coms Y-Acc-GBP,29.82
12/30/2020,Fidelity Asian Smaller Coms Y-Acc-GBP,29.87
12/31/2020,Fidelity Asian Smaller Coms Y-Acc-GBP,29.72
01/01/2021,Fidelity Asian Smaller Coms Y-Acc-GBP,29.72
01/02/2021,Fidelity Asian Smaller Coms Y-Acc-GBP,29.72
01/03/2021,Fidelity Asian Smaller Coms Y-Acc-GBP,29.72
01/04/2021,Fidelity Asian Smaller Coms Y-Acc-GBP,30.33
01/05/2021,Fidelity Asian Smaller Coms Y-Acc-GBP,30.55
01/06/2021,Fidelity Asian Smaller Coms Y-Acc-GBP,30.78
01/07/2021,Fidelity Asian Smaller Coms Y-Acc-GBP,31.05
01/08/2021,Fidelity Asian Smaller Coms Y-Acc-GBP,31.01
01/09/2021,Fidelity Asian Smaller Coms Y-Acc-GBP,31.01
01/10/2021,Fidelity Asian Smaller Coms Y-Acc-GBP,31.01
01/11/2021,Fidelity Asian Smaller Coms Y-Acc-GBP,30.91
01/12/2021,Fidelity Asian Smaller Coms Y-Acc-GBP,30.73
01/13/2021,Fidelity Asian Smaller Coms Y-Acc-GBP,30.95
01/14/2021,Fidelity Asian Smaller Coms Y-Acc-GBP,30.87
01/15/2021,Fidelity Asian Smaller Coms Y-Acc-GBP,30.82
01/16/2021,Fidelity Asian Smaller Coms Y-Acc-GBP,30.82
01/17/2021,Fidelity Asian Smaller Coms Y-Acc-GBP,30.82
01/18/2021,Fidelity Asian Smaller Coms Y-Acc-GBP,30.68
01/19/2021,Fidelity Asian Smaller Coms Y-Acc-GBP,30.93
01/20/2021,Fidelity Asian Smaller Coms Y-Acc-GBP,31.1
01/21/2021,Fidelity Asian Smaller Coms Y-Acc-GBP,31.19
01/22/2021,Fidelity Asian Smaller Coms Y-Acc-GBP,30.88
01/23/2021,Fidelity Asian Smaller Coms Y-Acc-GBP,30.88
01/24/2021,Fidelity Asian Smaller Coms Y-Acc-GBP,30.88
01/25/2021,Fidelity Asian Smaller Coms Y-Acc-GBP,30.96
01/26/2021,Fidelity Asian Smaller Coms Y-Acc-GBP,30.49
01/27/2021,Fidelity Asian Smaller Coms Y-Acc-GBP,30.34
01/28/2021,Fidelity Asian Smaller Coms Y-Acc-GBP,30.06
01/29/2021,Fidelity Asian Smaller Coms Y-Acc-GBP,29.78
01/30/2021,Fidelity Asian Smaller Coms Y-Acc-GBP,29.78
01/31/2021,Fidelity Asian Smaller Coms Y-Acc-GBP,29.78
02/01/2021,Fidelity Asian Smaller Coms Y-Acc-GBP,30.51
02/02/2021,Fidelity Asian Smaller Coms Y-Acc-GBP,31.08
02/03/2021,Fidelity Asian Smaller Coms Y-Acc-GBP,31.3
02/04/2021,Fidelity Asian Smaller Coms Y-Acc-GBP,31.33
02/05/2021,Fidelity Asian Smaller Coms Y-Acc-GBP,31.2
02/06/2021,Fidelity Asian Smaller Coms Y-Acc-GBP,31.2
02/07/2021,Fidelity Asian Smaller Coms Y-Acc-GBP,31.2
02/08/2021,Fidelity Asian Smaller Coms Y-Acc-GBP,31.38
02/09/2021,Fidelity Asian Smaller Coms Y-Acc-GBP,31.29
02/10/2021,Fidelity Asian Smaller Coms Y-Acc-GBP,31.28
02/11/2021,Fidelity Asian Smaller Coms Y-Acc-GBP,31.51
02/12/2021,Fidelity Asian Smaller Coms Y-Acc-GBP,31.44
02/13/2021,Fidelity Asian Smaller Coms Y-Acc-GBP,31.44
02/14/2021,Fidelity Asian Smaller Coms Y-Acc-GBP,31.44
02/15/2021,Fidelity Asian Smaller Coms Y-Acc-GBP,31.77
02/16/2021,Fidelity Asian Smaller Coms Y-Acc-GBP,31.76
02/17/2021,Fidelity Asian Smaller Coms Y-Acc-GBP,31.95
02/18/2021,Fidelity Asian Smaller Coms Y-Acc-GBP,31.58
02/19/2021,Fidelity Asian Smaller Coms Y-Acc-GBP,31.71
02/20/2021,Fidelity Asian Smaller Coms Y-Acc-GBP,31.71
02/21/2021,Fidelity Asian Smaller Coms Y-Acc-GBP,31.71
02/22/2021,Fidelity Asian Smaller Coms Y-Acc-GBP,31.38
02/23/2021,Fidelity Asian Smaller Coms Y-Acc-GBP,31.3
02/24/2021,Fidelity Asian Smaller Coms Y-Acc-GBP,31.3
02/25/2021,Fidelity Asian Smaller Coms Y-Acc-GBP,31.73
02/26/2021,Fidelity Asian Smaller Coms Y-Acc-GBP,31.12
02/27/2021,Fidelity Asian Smaller Coms Y-Acc-GBP,31.12
02/28/2021,Fidelity Asian Smaller Coms Y-Acc-GBP,31.12
03/01/2021,Fidelity Asian Smaller Coms Y-Acc-GBP,31.71
03/02/2021,Fidelity Asian Smaller Coms Y-Acc-GBP,31.54
03/03/2021,Fidelity Asian Smaller Coms Y-Acc-GBP,31.77
03/04/2021,Fidelity Asian Smaller Coms Y-Acc-GBP,31.76
03/05/2021,Fidelity Asian Smaller Coms Y-Acc-GBP,31.48
03/06/2021,Fidelity Asian Smaller Coms Y-Acc-GBP,31.48
03/07/2021,Fidelity Asian Smaller Coms Y-Acc-GBP,31.48
03/08/2021,Fidelity Asian Smaller Coms Y-Acc-GBP,31.43
03/09/2021,Fidelity Asian Smaller Coms Y-Acc-GBP,31.31
03/10/2021,Fidelity Asian Smaller Coms Y-Acc-GBP,31.49
03/11/2021,Fidelity Asian Smaller Coms Y-Acc-GBP,31.77
03/12/2021,Fidelity Asian Smaller Coms Y-Acc-GBP,31.93
03/13/2021,Fidelity Asian Smaller Coms Y-Acc-GBP,31.93
03/14/2021,Fidelity Asian Smaller Coms Y-Acc-GBP,31.93
03/15/2021,Fidelity Asian Smaller Coms Y-Acc-GBP,31.97
03/16/2021,Fidelity Asian Smaller Coms Y-Acc-GBP,32.41
03/17/2021,Fidelity Asian Smaller Coms Y-Acc-GBP,32.31
03/18/2021,Fidelity Asian Smaller Coms Y-Acc-GBP,32.24
03/19/2021,Fidelity Asian Smaller Coms Y-Acc-GBP,32.36
03/20/2021,Fidelity Asian Smaller Coms Y-Acc-GBP,32.36
03/21/2021,Fidelity Asian Smaller Coms Y-Acc-GBP,32.36
03/22/2021,Fidelity Asian Smaller Coms Y-Acc-GBP,32.66
03/23/2021,Fidelity Asian Smaller Coms Y-Acc-GBP,32.61
03/24/2021,Fidelity Asian Smaller Coms Y-Acc-GBP,32.23
03/25/2021,Fidelity Asian Smaller Coms Y-Acc-GBP,32.06
03/26/2021,Fidelity Asian Smaller Coms Y-Acc-GBP,32.13
03/27/2021,Fidelity Asian Smaller Coms Y-Acc-GBP,32.13
03/28/2021,Fidelity Asian Smaller Coms Y-Acc-GBP,32.13
03/29/2021,Fidelity Asian Smaller Coms Y-Acc-GBP,32.24
03/30/2021,Fidelity Asian Smaller Coms Y-Acc-GBP,32.45
03/31/2021,Fidelity Asian Smaller Coms Y-Acc-GBP,32.21
04/01/2021,Fidelity Asian Smaller Coms Y-Acc-GBP,32.5
04/02/2021,Fidelity Asian Smaller Coms Y-Acc-GBP,32.64
04/03/2021,Fidelity Asian Smaller Coms Y-Acc-GBP,32.64
04/04/2021,Fidelity Asian Smaller Coms Y-Acc-GBP,32.64
04/05/2021,Fidelity Asian Smaller Coms Y-Acc-GBP,32.33
04/06/2021,Fidelity Asian Smaller Coms Y-Acc-GBP,32.62
04/07/2021,Fidelity Asian Smaller Coms Y-Acc-GBP,32.87
04/08/2021,Fidelity Asian Smaller Coms Y-Acc-GBP,33.21
04/09/2021,Fidelity Asian Smaller Coms Y-Acc-GBP,32.95
04/10/2021,Fidelity Asian Smaller Coms Y-Acc-GBP,32.95
04/11/2021,Fidelity Asian Smaller Coms Y-Acc-GBP,32.95
04/12/2021,Fidelity Asian Smaller Coms Y-Acc-GBP,32.27
04/13/2021,Fidelity Asian Smaller Coms Y-Acc-GBP,32.43
04/14/2021,Fidelity Asian Smaller Coms Y-Acc-GBP,32.74
04/15/2021,Fidelity Asian Smaller Coms Y-Acc-GBP,32.62
04/16/2021,Fidelity Asian Smaller Coms Y-Acc-GBP,32.76
04/17/2021,Fidelity Asian Smaller Coms Y-Acc-GBP,32.76
04/18/2021,Fidelity Asian Smaller Coms Y-Acc-GBP,32.76
04/19/2021,Fidelity Asian Smaller Coms Y-Acc-GBP,32.46
04/20/2021,Fidelity Asian Smaller Coms Y-Acc-GBP,32.53
04/21/2021,Fidelity Asian Smaller Coms Y-Acc-GBP,32.54
04/22/2021,Fidelity Asian Smaller Coms Y-Acc-GBP,32.77
04/23/2021,Fidelity Asian Smaller Coms Y-Acc-GBP,32.98
04/24/2021,Fidelity Asian Smaller Coms Y-Acc-GBP,32.98
04/25/2021,Fidelity Asian Smaller Coms Y-Acc-GBP,32.98
04/26/2021,Fidelity Asian Smaller Coms Y-Acc-GBP,32.94
04/27/2021,Fidelity Asian Smaller Coms Y-Acc-GBP,32.99
04/28/2021,Fidelity Asian Smaller Coms Y-Acc-GBP,32.99
04/29/2021,Fidelity Asian Smaller Coms Y-Acc-GBP,32.9
04/30/2021,Fidelity Asian Smaller Coms Y-Acc-GBP,32.95
05/01/2021,Fidelity Asian Smaller Coms Y-Acc-GBP,32.95
05/02/2021,Fidelity Asian Smaller Coms Y-Acc-GBP,32.95
05/03/2021,Fidelity Asian Smaller Coms Y-Acc-GBP,32.7
05/04/2021,Fidelity Asian Smaller Coms Y-Acc-GBP,32.59
05/05/2021,Fidelity Asian Smaller Coms Y-Acc-GBP,32.65
05/06/2021,Fidelity Asian Smaller Coms Y-Acc-GBP,32.69
05/07/2021,Fidelity Asian Smaller Coms Y-Acc-GBP,32.77
05/08/2021,Fidelity Asian Smaller Coms Y-Acc-GBP,32.77
05/09/2021,Fidelity Asian Smaller Coms Y-Acc-GBP,32.77
05/10/2021,Fidelity Asian Smaller Coms Y-Acc-GBP,32.42
05/11/2021,Fidelity Asian Smaller Coms Y-Acc-GBP,31.98
05/12/2021,Fidelity Asian Smaller Coms Y-Acc-GBP,31.87
05/13/2021,Fidelity Asian Smaller Coms Y-Acc-GBP,31.85
05/14/2021,Fidelity Asian Smaller Coms Y-Acc-GBP,31.79
05/15/2021,Fidelity Asian Smaller Coms Y-Acc-GBP,31.79
05/16/2021,Fidelity Asian Smaller Coms Y-Acc-GBP,31.79
05/17/2021,Fidelity Asian Smaller Coms Y-Acc-GBP,31.71
05/18/2021,Fidelity Asian Smaller Coms Y-Acc-GBP,31.99
05/19/2021,Fidelity Asian Smaller Coms Y-Acc-GBP,31.86
05/20/2021,Fidelity Asian Smaller Coms Y-Acc-GBP,32.11
05/21/2021,Fidelity Asian Smaller Coms Y-Acc-GBP,32.18
05/22/2021,Fidelity Asian Smaller Coms Y-Acc-GBP,32.18
05/23/2021,Fidelity Asian Smaller Coms Y-Acc-GBP,32.18
05/24/2021,Fidelity Asian Smaller Coms Y-Acc-GBP,32.37
05/25/2021,Fidelity Asian Smaller Coms Y-Acc-GBP,32.49
05/26/2021,Fidelity Asian Smaller Coms Y-Acc-GBP,32.65
05/27/2021,Fidelity Asian Smaller Coms Y-Acc-GBP,32.8
05/28/2021,Fidelity Asian Smaller Coms Y-Acc-GBP,32.89
05/29/2021,Fidelity Asian Smaller Coms Y-Acc-GBP,32.89
05/30/2021,Fidelity Asian Smaller Coms Y-Acc-GBP,32.89
05/31/2021,Fidelity Asian Smaller Coms Y-Acc-GBP,33.16
06/01/2021,Fidelity Asian Smaller Coms Y-Acc-GBP,33.22
06/02/2021,Fidelity Asian Smaller Coms Y-Acc-GBP,33.34
06/03/2021,Fidelity Asian Smaller Coms Y-Acc-GBP,33.59
06/04/2021,Fidelity Asian Smaller Coms Y-Acc-GBP,33.52
06/05/2021,Fidelity Asian Smaller Coms Y-Acc-GBP,33.52
06/06/2021,Fidelity Asian Smaller Coms Y-Acc-GBP,33.52
06/07/2021,Fidelity Asian Smaller Coms Y-Acc-GBP,33.6
06/08/2021,Fidelity Asian Smaller Coms Y-Acc-GBP,33.58
06/09/2021,Fidelity Asian Smaller Coms Y-Acc-GBP,33.72
06/10/2021,Fidelity Asian Smaller Coms Y-Acc-GBP,33.9
06/11/2021,Fidelity Asian Smaller Coms Y-Acc-GBP,34.13
06/12/2021,Fidelity Asian Smaller Coms Y-Acc-GBP,34.13
06/13/2021,Fidelity Asian Smaller Coms Y-Acc-GBP,34.13
06/14/2021,Fidelity Asian Smaller Coms Y-Acc-GBP,34.11
06/15/2021,Fidelity Asian Smaller Coms Y-Acc-GBP,34.26
06/16/2021,Fidelity Asian Smaller Coms Y-Acc-GBP,33.93
06/17/2021,Fidelity Asian Smaller Coms Y-Acc-GBP,34.12
06/18/2021,Fidelity Asian Smaller Coms Y-Acc-GBP,34.11
06/19/2021,Fidelity Asian Smaller Coms Y-Acc-GBP,34.11
06/20/2021,Fidelity Asian Smaller Coms Y-Acc-GBP,34.11
06/21/2021,Fidelity Asian Smaller Coms Y-Acc-GBP,33.86
06/22/2021,Fidelity Asian Smaller Coms Y-Acc-GBP,33.8
06/23/2021,Fidelity Asian Smaller Coms Y-Acc-GBP,33.73
06/24/2021,Fidelity Asian Smaller Coms Y-Acc-GBP,33.94
06/25/2021,Fidelity Asian Smaller Coms Y-Acc-GBP,34.12
06/26/2021,Fidelity Asian Smaller Coms Y-Acc-GBP,34.12
06/27/2021,Fidelity Asian Smaller Coms Y-Acc-GBP,34.12
06/28/2021,Fidelity Asian Smaller Coms Y-Acc-GBP,34.1
06/29/2021,Fidelity Asian Smaller Coms Y-Acc-GBP,34.16
06/30/2021,Fidelity Asian Smaller Coms Y-Acc-GBP,34.41
07/01/2021,Fidelity Asian Smaller Coms Y-Acc-GBP,34.44
07/02/2021,Fidelity Asian Smaller Coms Y-Acc-GBP,34.38
07/03/2021,Fidelity Asian Smaller Coms Y-Acc-GBP,34.38
07/04/2021,Fidelity Asian Smaller Coms Y-Acc-GBP,34.38
07/05/2021,Fidelity Asian Smaller Coms Y-Acc-GBP,34.33
07/06/2021,Fidelity Asian Smaller Coms Y-Acc-GBP,34.28
07/07/2021,Fidelity Asian Smaller Coms Y-Acc-GBP,34.46
07/08/2021,Fidelity Asian Smaller Coms Y-Acc-GBP,34.26
07/09/2021,Fidelity Asian Smaller Coms Y-Acc-GBP,34.26
07/10/2021,Fidelity Asian Smaller Coms Y-Acc-GBP,34.26
07/11/2021,Fidelity Asian Smaller Coms Y-Acc-GBP,34.26
07/12/2021,Fidelity Asian Smaller Coms Y-Acc-GBP,34.3
07/13/2021,Fidelity Asian Smaller Coms Y-Acc-GBP,34.57
07/14/2021,Fidelity Asian Smaller Coms Y-Acc-GBP,34.46
07/15/2021,Fidelity Asian Smaller Coms Y-Acc-GBP,34.65
07/16/2021,Fidelity Asian Smaller Coms Y-Acc-GBP,34.68
07/17/2021,Fidelity Asian Smaller Coms Y-Acc-GBP,34.68
07/18/2021,Fidelity Asian Smaller Coms Y-Acc-GBP,34.68
07/19/2021,Fidelity Asian Smaller Coms Y-Acc-GBP,34.27
07/20/2021,Fidelity Asian Smaller Coms Y-Acc-GBP,34.41
07/21/2021,Fidelity Asian Smaller Coms Y-Acc-GBP,34.37
07/22/2021,Fidelity Asian Smaller Coms Y-Acc-GBP,34.59
07/23/2021,Fidelity Asian Smaller Coms Y-Acc-GBP,34.36
07/24/2021,Fidelity Asian Smaller Coms Y-Acc-GBP,34.36
07/25/2021,Fidelity Asian Smaller Coms Y-Acc-GBP,34.36
07/26/2021,Fidelity Asian Smaller Coms Y-Acc-GBP,33.81
07/27/2021,Fidelity Asian Smaller Coms Y-Acc-GBP,33.11
07/28/2021,Fidelity Asian Smaller Coms Y-Acc-GBP,33.34
07/29/2021,Fidelity Asian Smaller Coms Y-Acc-GBP,33.45
07/30/2021,Fidelity Asian Smaller Coms Y-Acc-GBP,33.81
07/31/2021,Fidelity Asian Smaller Coms Y-Acc-GBP,33.81
08/01/2021,Fidelity Asian Smaller Coms Y-Acc-GBP,33.81
08/02/2021,Fidelity Asian Smaller Coms Y-Acc-GBP,34.08
08/03/2021,Fidelity Asian Smaller Coms Y-Acc-GBP,34.05
08/04/2021,Fidelity Asian Smaller Coms Y-Acc-GBP,34.11
08/05/2021,Fidelity Asian Smaller Coms Y-Acc-GBP,34.02
08/06/2021,Fidelity Asian Smaller Coms Y-Acc-GBP,33.93
08/07/2021,Fidelity Asian Smaller Coms Y-Acc-GBP,33.93
08/08/2021,Fidelity Asian Smaller Coms Y-Acc-GBP,33.93
08/09/2021,Fidelity Asian Smaller Coms Y-Acc-GBP,34
08/10/2021,Fidelity Asian Smaller Coms Y-Acc-GBP,33.93
08/11/2021,Fidelity Asian Smaller Coms Y-Acc-GBP,33.87
08/12/2021,Fidelity Asian Smaller Coms Y-Acc-GBP,34.03
08/13/2021,Fidelity Asian Smaller Coms Y-Acc-GBP,33.9
08/14/2021,Fidelity Asian Smaller Coms Y-Acc-GBP,33.9
08/15/2021,Fidelity Asian Smaller Coms Y-Acc-GBP,33.9
08/16/2021,Fidelity Asian Smaller Coms Y-Acc-GBP,33.61
08/17/2021,Fidelity Asian Smaller Coms Y-Acc-GBP,33.62
08/18/2021,Fidelity Asian Smaller Coms Y-Acc-GBP,33.81
08/19/2021,Fidelity Asian Smaller Coms Y-Acc-GBP,33.49
08/20/2021,Fidelity Asian Smaller Coms Y-Acc-GBP,33.13
08/21/2021,Fidelity Asian Smaller Coms Y-Acc-GBP,33.13
08/22/2021,Fidelity Asian Smaller Coms Y-Acc-GBP,33.13
08/23/2021,Fidelity Asian Smaller Coms Y-Acc-GBP,33.13
08/24/2021,Fidelity Asian Smaller Coms Y-Acc-GBP,33.69
08/25/2021,Fidelity Asian Smaller Coms Y-Acc-GBP,33.92
08/26/2021,Fidelity Asian Smaller Coms Y-Acc-GBP,33.77
08/27/2021,Fidelity Asian Smaller Coms Y-Acc-GBP,33.94
08/28/2021,Fidelity Asian Smaller Coms Y-Acc-GBP,33.94
08/29/2021,Fidelity Asian Smaller Coms Y-Acc-GBP,33.94
08/30/2021,Fidelity Asian Smaller Coms Y-Acc-GBP,34.07
08/31/2021,Fidelity Asian Smaller Coms Y-Acc-GBP,34.34
09/01/2021,Fidelity Asian Smaller Coms Y-Acc-GBP,34.56
09/02/2021,Fidelity Asian Smaller Coms Y-Acc-GBP,34.51
09/03/2021,Fidelity Asian Smaller Coms Y-Acc-GBP,34.55
09/04/2021,Fidelity Asian Smaller Coms Y-Acc-GBP,34.55
09/05/2021,Fidelity Asian Smaller Coms Y-Acc-GBP,34.55
09/06/2021,Fidelity Asian Smaller Coms Y-Acc-GBP,34.72
09/07/2021,Fidelity Asian Smaller Coms Y-Acc-GBP,34.69
09/08/2021,Fidelity Asian Smaller Coms Y-Acc-GBP,34.6
09/09/2021,Fidelity Asian Smaller Coms Y-Acc-GBP,34.4
09/10/2021,Fidelity Asian Smaller Coms Y-Acc-GBP,34.42
09/11/2021,Fidelity Asian Smaller Coms Y-Acc-GBP,34.42
09/12/2021,Fidelity Asian Smaller Coms Y-Acc-GBP,34.42
09/13/2021,Fidelity Asian Smaller Coms Y-Acc-GBP,34.46
09/14/2021,Fidelity Asian Smaller Coms Y-Acc-GBP,34.45
09/15/2021,Fidelity Asian Smaller Coms Y-Acc-GBP,34.33
09/16/2021,Fidelity Asian Smaller Coms Y-Acc-GBP,34.31
09/17/2021,Fidelity Asian Smaller Coms Y-Acc-GBP,34.23
09/18/2021,Fidelity Asian Smaller Coms Y-Acc-GBP,34.23
09/19/2021,Fidelity Asian Smaller Coms Y-Acc-GBP,34.23
09/20/2021,Fidelity Asian Smaller Coms Y-Acc-GBP,33.8
09/21/2021,Fidelity Asian Smaller Coms Y-Acc-GBP,33.78
09/22/2021,Fidelity Asian Smaller Coms Y-Acc-GBP,33.96
09/23/2021,Fidelity Asian Smaller Coms Y-Acc-GBP,34.33
09/24/2021,Fidelity Asian Smaller Coms Y-Acc-GBP,34.09
09/25/2021,Fidelity Asian Smaller Coms Y-Acc-GBP,34.09
09/26/2021,Fidelity Asian Smaller Coms Y-Acc-GBP,34.09
09/27/2021,Fidelity Asian Smaller Coms Y-Acc-GBP,33.74
09/28/2021,Fidelity Asian Smaller Coms Y-Acc-GBP,34.04
09/29/2021,Fidelity Asian Smaller Coms Y-Acc-GBP,34.22
09/30/2021,Fidelity Asian Smaller Coms Y-Acc-GBP,34.26
10/01/2021,Fidelity Asian Smaller Coms Y-Acc-GBP,33.93
10/02/2021,Fidelity Asian Smaller Coms Y-Acc-GBP,33.93
10/03/2021,Fidelity Asian Smaller Coms Y-Acc-GBP,33.93
10/04/2021,Fidelity Asian Smaller Coms Y-Acc-GBP,33.75
10/05/2021,Fidelity Asian Smaller Coms Y-Acc-GBP,34.01
10/06/2021,Fidelity Asian Smaller Coms Y-Acc-GBP,33.83
10/07/2021,Fidelity Asian Smaller Coms Y-Acc-GBP,34.22
10/08/2021,Fidelity Asian Smaller Coms Y-Acc-GBP,34.23
10/09/2021,Fidelity Asian Smaller Coms Y-Acc-GBP,34.23
10/10/2021,Fidelity Asian Smaller Coms Y-Acc-GBP,34.23
10/11/2021,Fidelity Asian Smaller Coms Y-Acc-GBP,34.33
10/12/2021,Fidelity Asian Smaller Coms Y-Acc-GBP,34.25
10/13/2021,Fidelity Asian Smaller Coms Y-Acc-GBP,34.29
10/14/2021,Fidelity Asian Smaller Coms Y-Acc-GBP,34.51
10/15/2021,Fidelity Asian Smaller Coms Y-Acc-GBP,34.58
10/16/2021,Fidelity Asian Smaller Coms Y-Acc-GBP,34.58
10/17/2021,Fidelity Asian Smaller Coms Y-Acc-GBP,34.58
10/18/2021,Fidelity Asian Smaller Coms Y-Acc-GBP,34.69
10/19/2021,Fidelity Asian Smaller Coms Y-Acc-GBP,34.6
10/20/2021,Fidelity Asian Smaller Coms Y-Acc-GBP,34.48
10/21/2021,Fidelity Asian Smaller Coms Y-Acc-GBP,34.47
10/22/2021,Fidelity Asian Smaller Coms Y-Acc-GBP,34.68
10/23/2021,Fidelity Asian Smaller Coms Y-Acc-GBP,34.68
10/24/2021,Fidelity Asian Smaller Coms Y-Acc-GBP,34.68
10/25/2021,Fidelity Asian Smaller Coms Y-Acc-GBP,34.59
10/26/2021,Fidelity Asian Smaller Coms Y-Acc-GBP,34.78
10/27/2021,Fidelity Asian Smaller Coms Y-Acc-GBP,34.59
10/28/2021,Fidelity Asian Smaller Coms Y-Acc-GBP,34.15
10/29/2021,Fidelity Asian Smaller Coms Y-Acc-GBP,34.25
10/30/2021,Fidelity Asian Smaller Coms Y-Acc-GBP,34.25
10/31/2021,Fidelity Asian Smaller Coms Y-Acc-GBP,34.25
11/01/2021,Fidelity Asian Smaller Coms Y-Acc-GBP,34.43
11/02/2021,Fidelity Asian Smaller Coms Y-Acc-GBP,34.31
11/03/2021,Fidelity Asian Smaller Coms Y-Acc-GBP,34.1
11/04/2021,Fidelity Asian Smaller Coms Y-Acc-GBP,34.77
11/05/2021,Fidelity Asian Smaller Coms Y-Acc-GBP,34.74
11/06/2021,Fidelity Asian Smaller Coms Y-Acc-GBP,34.74
11/07/2021,Fidelity Asian Smaller Coms Y-Acc-GBP,34.74
11/08/2021,Fidelity Asian Smaller Coms Y-Acc-GBP,34.88
11/09/2021,Fidelity Asian Smaller Coms Y-Acc-GBP,34.8
11/10/2021,Fidelity Asian Smaller Coms Y-Acc-GBP,34.81
11/11/2021,Fidelity Asian Smaller Coms Y-Acc-GBP,35.25
11/12/2021,Fidelity Asian Smaller Coms Y-Acc-GBP,35.22
11/13/2021,Fidelity Asian Smaller Coms Y-Acc-GBP,35.22
11/14/2021,Fidelity Asian Smaller Coms Y-Acc-GBP,35.22
11/15/2021,Fidelity Asian Smaller Coms Y-Acc-GBP,35.21
11/16/2021,Fidelity Asian Smaller Coms Y-Acc-GBP,35.29
11/17/2021,Fidelity Asian Smaller Coms Y-Acc-GBP,34.99
11/18/2021,Fidelity Asian Smaller Coms Y-Acc-GBP,34.8
11/19/2021,Fidelity Asian Smaller Coms Y-Acc-GBP,34.9
11/20/2021,Fidelity Asian Smaller Coms Y-Acc-GBP,34.9
11/21/2021,Fidelity Asian Smaller Coms Y-Acc-GBP,34.9
11/22/2021,Fidelity Asian Smaller Coms Y-Acc-GBP,34.92
11/23/2021,Fidelity Asian Smaller Coms Y-Acc-GBP,35.04
11/24/2021,Fidelity Asian Smaller Coms Y-Acc-GBP,35.18
11/25/2021,Fidelity Asian Smaller Coms Y-Acc-GBP,35.29
11/26/2021,Fidelity Asian Smaller Coms Y-Acc-GBP,34.45
11/27/2021,Fidelity Asian Smaller Coms Y-Acc-GBP,34.45
11/28/2021,Fidelity Asian Smaller Coms Y-Acc-GBP,34.45
11/29/2021,Fidelity Asian Smaller Coms Y-Acc-GBP,34.45
11/30/2021,Fidelity Asian Smaller Coms Y-Acc-GBP,34.51
12/01/2021,Fidelity Asian Smaller Coms Y-Acc-GBP,34.72
12/02/2021,Fidelity Asian Smaller Coms Y-Acc-GBP,34.63
12/03/2021,Fidelity Asian Smaller Coms Y-Acc-GBP,34.66
12/04/2021,Fidelity Asian Smaller Coms Y-Acc-GBP,34.66
12/05/2021,Fidelity Asian Smaller Coms Y-Acc-GBP,34.66
12/06/2021,Fidelity Asian Smaller Coms Y-Acc-GBP,34.52
12/07/2021,Fidelity Asian Smaller Coms Y-Acc-GBP,35.02
12/08/2021,Fidelity Asian Smaller Coms Y-Acc-GBP,35.2
12/09/2021,Fidelity Asian Smaller Coms Y-Acc-GBP,35.43
12/10/2021,Fidelity Asian Smaller Coms Y-Acc-GBP,35.09
12/11/2021,Fidelity Asian Smaller Coms Y-Acc-GBP,35.09
12/12/2021,Fidelity Asian Smaller Coms Y-Acc-GBP,35.09
12/13/2021,Fidelity Asian Smaller Coms Y-Acc-GBP,35.02
12/14/2021,Fidelity Asian Smaller Coms Y-Acc-GBP,34.81
12/15/2021,Fidelity Asian Smaller Coms Y-Acc-GBP,34.75
12/16/2021,Fidelity Asian Smaller Coms Y-Acc-GBP,34.58
12/17/2021,Fidelity Asian Smaller Coms Y-Acc-GBP,34.43
12/18/2021,Fidelity Asian Smaller Coms Y-Acc-GBP,34.43
12/19/2021,Fidelity Asian Smaller Coms Y-Acc-GBP,34.43
12/20/2021,Fidelity Asian Smaller Coms Y-Acc-GBP,33.96
12/21/2021,Fidelity Asian Smaller Coms Y-Acc-GBP,34.29
12/22/2021,Fidelity Asian Smaller Coms Y-Acc-GBP,34.3
12/23/2021,Fidelity Asian Smaller Coms Y-Acc-GBP,34.41
