Date,Name,NAV
05/03/2011,Baillie Gifford Global Discovery B Acc,4.546,
05/04/2011,Baillie Gifford Global Discovery B Acc,4.571,
05/05/2011,Baillie Gifford Global Discovery B Acc,4.555,
05/06/2011,Baillie Gifford Global Discovery B Acc,4.468,
05/07/2011,Baillie Gifford Global Discovery B Acc,4.468,
05/08/2011,Baillie Gifford Global Discovery B Acc,4.468,
05/09/2011,Baillie Gifford Global Discovery B Acc,4.499,
05/10/2011,Baillie Gifford Global Discovery B Acc,4.505,
05/11/2011,Baillie Gifford Global Discovery B Acc,4.504,
05/12/2011,Baillie Gifford Global Discovery B Acc,4.42,
05/13/2011,Baillie Gifford Global Discovery B Acc,4.526,
05/14/2011,Baillie Gifford Global Discovery B Acc,4.526,
05/15/2011,Baillie Gifford Global Discovery B Acc,4.526,
05/16/2011,Baillie Gifford Global Discovery B Acc,4.487,
05/17/2011,Baillie Gifford Global Discovery B Acc,4.455,
05/18/2011,Baillie Gifford Global Discovery B Acc,4.489,
05/19/2011,Baillie Gifford Global Discovery B Acc,4.505,
05/20/2011,Baillie Gifford Global Discovery B Acc,4.521,
05/21/2011,Baillie Gifford Global Discovery B Acc,4.521,
05/22/2011,Baillie Gifford Global Discovery B Acc,4.521,
05/23/2011,Baillie Gifford Global Discovery B Acc,4.427,
05/24/2011,Baillie Gifford Global Discovery B Acc,4.434,
05/25/2011,Baillie Gifford Global Discovery B Acc,4.409,
05/26/2011,Baillie Gifford Global Discovery B Acc,4.416,
05/27/2011,Baillie Gifford Global Discovery B Acc,4.426,
05/28/2011,Baillie Gifford Global Discovery B Acc,4.426,
05/29/2011,Baillie Gifford Global Discovery B Acc,4.426,
05/30/2011,Baillie Gifford Global Discovery B Acc,4.426,
05/31/2011,Baillie Gifford Global Discovery B Acc,4.491,
06/01/2011,Baillie Gifford Global Discovery B Acc,4.535,
06/02/2011,Baillie Gifford Global Discovery B Acc,4.482,
06/03/2011,Baillie Gifford Global Discovery B Acc,4.523,
06/04/2011,Baillie Gifford Global Discovery B Acc,4.523,
06/05/2011,Baillie Gifford Global Discovery B Acc,4.523,
06/06/2011,Baillie Gifford Global Discovery B Acc,4.519,
06/07/2011,Baillie Gifford Global Discovery B Acc,4.498,
06/08/2011,Baillie Gifford Global Discovery B Acc,4.485,
06/09/2011,Baillie Gifford Global Discovery B Acc,4.389,
06/10/2011,Baillie Gifford Global Discovery B Acc,4.462,
06/11/2011,Baillie Gifford Global Discovery B Acc,4.462,
06/12/2011,Baillie Gifford Global Discovery B Acc,4.462,
06/13/2011,Baillie Gifford Global Discovery B Acc,4.404,
06/14/2011,Baillie Gifford Global Discovery B Acc,4.363,
06/15/2011,Baillie Gifford Global Discovery B Acc,4.42,
06/16/2011,Baillie Gifford Global Discovery B Acc,4.375,
06/17/2011,Baillie Gifford Global Discovery B Acc,4.282,
06/18/2011,Baillie Gifford Global Discovery B Acc,4.282,
06/19/2011,Baillie Gifford Global Discovery B Acc,4.282,
06/20/2011,Baillie Gifford Global Discovery B Acc,4.315,
06/21/2011,Baillie Gifford Global Discovery B Acc,4.347,
06/22/2011,Baillie Gifford Global Discovery B Acc,4.369,
06/23/2011,Baillie Gifford Global Discovery B Acc,4.367,
06/24/2011,Baillie Gifford Global Discovery B Acc,4.36,
06/25/2011,Baillie Gifford Global Discovery B Acc,4.36,
06/26/2011,Baillie Gifford Global Discovery B Acc,4.36,
06/27/2011,Baillie Gifford Global Discovery B Acc,4.339,
06/28/2011,Baillie Gifford Global Discovery B Acc,4.364,
06/29/2011,Baillie Gifford Global Discovery B Acc,4.394,
06/30/2011,Baillie Gifford Global Discovery B Acc,4.485,
07/01/2011,Baillie Gifford Global Discovery B Acc,4.487,
07/02/2011,Baillie Gifford Global Discovery B Acc,4.487,
07/03/2011,Baillie Gifford Global Discovery B Acc,4.487,
07/04/2011,Baillie Gifford Global Discovery B Acc,4.572,
07/05/2011,Baillie Gifford Global Discovery B Acc,4.589,
07/06/2011,Baillie Gifford Global Discovery B Acc,4.598,
07/07/2011,Baillie Gifford Global Discovery B Acc,4.628,
07/08/2011,Baillie Gifford Global Discovery B Acc,4.655,
07/09/2011,Baillie Gifford Global Discovery B Acc,4.655,
07/10/2011,Baillie Gifford Global Discovery B Acc,4.655,
07/11/2011,Baillie Gifford Global Discovery B Acc,4.58,
07/12/2011,Baillie Gifford Global Discovery B Acc,4.43,
07/13/2011,Baillie Gifford Global Discovery B Acc,4.46,
07/14/2011,Baillie Gifford Global Discovery B Acc,4.492,
07/15/2011,Baillie Gifford Global Discovery B Acc,4.431,
07/16/2011,Baillie Gifford Global Discovery B Acc,4.431,
07/17/2011,Baillie Gifford Global Discovery B Acc,4.431,
07/18/2011,Baillie Gifford Global Discovery B Acc,4.435,
07/19/2011,Baillie Gifford Global Discovery B Acc,4.401,
07/20/2011,Baillie Gifford Global Discovery B Acc,4.444,
07/21/2011,Baillie Gifford Global Discovery B Acc,4.447,
07/22/2011,Baillie Gifford Global Discovery B Acc,4.542,
07/23/2011,Baillie Gifford Global Discovery B Acc,4.542,
07/24/2011,Baillie Gifford Global Discovery B Acc,4.542,
07/25/2011,Baillie Gifford Global Discovery B Acc,4.551,
07/26/2011,Baillie Gifford Global Discovery B Acc,4.555,
07/27/2011,Baillie Gifford Global Discovery B Acc,4.509,
07/28/2011,Baillie Gifford Global Discovery B Acc,4.395,
07/29/2011,Baillie Gifford Global Discovery B Acc,4.42,
07/30/2011,Baillie Gifford Global Discovery B Acc,4.42,
07/31/2011,Baillie Gifford Global Discovery B Acc,4.42,
08/01/2011,Baillie Gifford Global Discovery B Acc,4.443,
08/02/2011,Baillie Gifford Global Discovery B Acc,4.336,
08/03/2011,Baillie Gifford Global Discovery B Acc,4.215,
08/04/2011,Baillie Gifford Global Discovery B Acc,4.138,
08/05/2011,Baillie Gifford Global Discovery B Acc,3.819,
08/06/2011,Baillie Gifford Global Discovery B Acc,3.819,
08/07/2011,Baillie Gifford Global Discovery B Acc,3.819,
08/08/2011,Baillie Gifford Global Discovery B Acc,3.744,
08/09/2011,Baillie Gifford Global Discovery B Acc,3.56,
08/10/2011,Baillie Gifford Global Discovery B Acc,3.849,
08/11/2011,Baillie Gifford Global Discovery B Acc,3.803,
08/12/2011,Baillie Gifford Global Discovery B Acc,3.81,
08/13/2011,Baillie Gifford Global Discovery B Acc,3.81,
08/14/2011,Baillie Gifford Global Discovery B Acc,3.81,
08/15/2011,Baillie Gifford Global Discovery B Acc,3.948,
08/16/2011,Baillie Gifford Global Discovery B Acc,3.933,
08/17/2011,Baillie Gifford Global Discovery B Acc,3.866,
08/18/2011,Baillie Gifford Global Discovery B Acc,3.831,
08/19/2011,Baillie Gifford Global Discovery B Acc,3.649,
08/20/2011,Baillie Gifford Global Discovery B Acc,3.649,
08/21/2011,Baillie Gifford Global Discovery B Acc,3.649,
08/22/2011,Baillie Gifford Global Discovery B Acc,3.654,
08/23/2011,Baillie Gifford Global Discovery B Acc,3.705,
08/24/2011,Baillie Gifford Global Discovery B Acc,3.704,
08/25/2011,Baillie Gifford Global Discovery B Acc,3.766,
08/26/2011,Baillie Gifford Global Discovery B Acc,3.767,
08/27/2011,Baillie Gifford Global Discovery B Acc,3.767,
08/28/2011,Baillie Gifford Global Discovery B Acc,3.767,
08/29/2011,Baillie Gifford Global Discovery B Acc,3.767,
08/30/2011,Baillie Gifford Global Discovery B Acc,3.907,
08/31/2011,Baillie Gifford Global Discovery B Acc,3.942,
09/01/2011,Baillie Gifford Global Discovery B Acc,3.989,
09/02/2011,Baillie Gifford Global Discovery B Acc,3.91,
09/03/2011,Baillie Gifford Global Discovery B Acc,3.91,
09/04/2011,Baillie Gifford Global Discovery B Acc,3.91,
09/05/2011,Baillie Gifford Global Discovery B Acc,3.847,
09/06/2011,Baillie Gifford Global Discovery B Acc,3.796,
09/07/2011,Baillie Gifford Global Discovery B Acc,3.851,
09/08/2011,Baillie Gifford Global Discovery B Acc,3.932,
09/09/2011,Baillie Gifford Global Discovery B Acc,3.815,
09/10/2011,Baillie Gifford Global Discovery B Acc,3.815,
09/11/2011,Baillie Gifford Global Discovery B Acc,3.815,
09/12/2011,Baillie Gifford Global Discovery B Acc,3.728,
09/13/2011,Baillie Gifford Global Discovery B Acc,3.739,
09/14/2011,Baillie Gifford Global Discovery B Acc,3.762,
09/15/2011,Baillie Gifford Global Discovery B Acc,3.845,
09/16/2011,Baillie Gifford Global Discovery B Acc,3.852,
09/17/2011,Baillie Gifford Global Discovery B Acc,3.852,
09/18/2011,Baillie Gifford Global Discovery B Acc,3.852,
09/19/2011,Baillie Gifford Global Discovery B Acc,3.805,
09/20/2011,Baillie Gifford Global Discovery B Acc,3.804,
09/21/2011,Baillie Gifford Global Discovery B Acc,3.863,
09/22/2011,Baillie Gifford Global Discovery B Acc,3.725,
09/23/2011,Baillie Gifford Global Discovery B Acc,3.691,
09/24/2011,Baillie Gifford Global Discovery B Acc,3.691,
09/25/2011,Baillie Gifford Global Discovery B Acc,3.691,
09/26/2011,Baillie Gifford Global Discovery B Acc,3.663,
09/27/2011,Baillie Gifford Global Discovery B Acc,3.716,
09/28/2011,Baillie Gifford Global Discovery B Acc,3.773,
09/29/2011,Baillie Gifford Global Discovery B Acc,3.746,
09/30/2011,Baillie Gifford Global Discovery B Acc,3.69,
10/01/2011,Baillie Gifford Global Discovery B Acc,3.69,
10/02/2011,Baillie Gifford Global Discovery B Acc,3.69,
10/03/2011,Baillie Gifford Global Discovery B Acc,3.595,
10/04/2011,Baillie Gifford Global Discovery B Acc,3.542,
10/05/2011,Baillie Gifford Global Discovery B Acc,3.563,
10/06/2011,Baillie Gifford Global Discovery B Acc,3.658,
10/07/2011,Baillie Gifford Global Discovery B Acc,3.721,
10/08/2011,Baillie Gifford Global Discovery B Acc,3.721,
10/09/2011,Baillie Gifford Global Discovery B Acc,3.721,
10/10/2011,Baillie Gifford Global Discovery B Acc,3.74,
10/11/2011,Baillie Gifford Global Discovery B Acc,3.782,
10/12/2011,Baillie Gifford Global Discovery B Acc,3.842,
10/13/2011,Baillie Gifford Global Discovery B Acc,3.875,
10/14/2011,Baillie Gifford Global Discovery B Acc,3.873,
10/15/2011,Baillie Gifford Global Discovery B Acc,3.873,
10/16/2011,Baillie Gifford Global Discovery B Acc,3.873,
10/17/2011,Baillie Gifford Global Discovery B Acc,3.948,
10/18/2011,Baillie Gifford Global Discovery B Acc,3.833,
10/19/2011,Baillie Gifford Global Discovery B Acc,3.872,
10/20/2011,Baillie Gifford Global Discovery B Acc,3.81,
10/21/2011,Baillie Gifford Global Discovery B Acc,3.835,
10/22/2011,Baillie Gifford Global Discovery B Acc,3.835,
10/23/2011,Baillie Gifford Global Discovery B Acc,3.835,
10/24/2011,Baillie Gifford Global Discovery B Acc,3.861,
10/25/2011,Baillie Gifford Global Discovery B Acc,3.936,
10/26/2011,Baillie Gifford Global Discovery B Acc,3.88,
10/27/2011,Baillie Gifford Global Discovery B Acc,3.981,
10/28/2011,Baillie Gifford Global Discovery B Acc,4.042,
10/29/2011,Baillie Gifford Global Discovery B Acc,4.042,
10/30/2011,Baillie Gifford Global Discovery B Acc,4.042,
10/31/2011,Baillie Gifford Global Discovery B Acc,4.021,
11/01/2011,Baillie Gifford Global Discovery B Acc,3.881,
11/02/2011,Baillie Gifford Global Discovery B Acc,3.826,
11/03/2011,Baillie Gifford Global Discovery B Acc,3.886,
11/04/2011,Baillie Gifford Global Discovery B Acc,3.933,
11/05/2011,Baillie Gifford Global Discovery B Acc,3.933,
11/06/2011,Baillie Gifford Global Discovery B Acc,3.933,
11/07/2011,Baillie Gifford Global Discovery B Acc,3.918,
11/08/2011,Baillie Gifford Global Discovery B Acc,3.911,
11/09/2011,Baillie Gifford Global Discovery B Acc,3.927,
11/10/2011,Baillie Gifford Global Discovery B Acc,3.861,
11/11/2011,Baillie Gifford Global Discovery B Acc,3.853,
11/12/2011,Baillie Gifford Global Discovery B Acc,3.853,
11/13/2011,Baillie Gifford Global Discovery B Acc,3.853,
11/14/2011,Baillie Gifford Global Discovery B Acc,3.921,
11/15/2011,Baillie Gifford Global Discovery B Acc,3.9,
11/16/2011,Baillie Gifford Global Discovery B Acc,3.889,
11/17/2011,Baillie Gifford Global Discovery B Acc,3.847,
11/18/2011,Baillie Gifford Global Discovery B Acc,3.823,
11/19/2011,Baillie Gifford Global Discovery B Acc,3.823,
11/20/2011,Baillie Gifford Global Discovery B Acc,3.823,
11/21/2011,Baillie Gifford Global Discovery B Acc,3.77,
11/22/2011,Baillie Gifford Global Discovery B Acc,3.694,
11/23/2011,Baillie Gifford Global Discovery B Acc,3.653,
11/24/2011,Baillie Gifford Global Discovery B Acc,3.64,
11/25/2011,Baillie Gifford Global Discovery B Acc,3.599,
11/26/2011,Baillie Gifford Global Discovery B Acc,3.599,
11/27/2011,Baillie Gifford Global Discovery B Acc,3.599,
11/28/2011,Baillie Gifford Global Discovery B Acc,3.713,
11/29/2011,Baillie Gifford Global Discovery B Acc,3.758,
11/30/2011,Baillie Gifford Global Discovery B Acc,3.717,
12/01/2011,Baillie Gifford Global Discovery B Acc,3.826,
12/02/2011,Baillie Gifford Global Discovery B Acc,3.851,
12/03/2011,Baillie Gifford Global Discovery B Acc,3.851,
12/04/2011,Baillie Gifford Global Discovery B Acc,3.851,
12/05/2011,Baillie Gifford Global Discovery B Acc,3.899,
12/06/2011,Baillie Gifford Global Discovery B Acc,3.863,
12/07/2011,Baillie Gifford Global Discovery B Acc,3.899,
12/08/2011,Baillie Gifford Global Discovery B Acc,3.832,
12/09/2011,Baillie Gifford Global Discovery B Acc,3.776,
12/10/2011,Baillie Gifford Global Discovery B Acc,3.776,
12/11/2011,Baillie Gifford Global Discovery B Acc,3.776,
12/12/2011,Baillie Gifford Global Discovery B Acc,3.822,
12/13/2011,Baillie Gifford Global Discovery B Acc,3.753,
12/14/2011,Baillie Gifford Global Discovery B Acc,3.71,
12/15/2011,Baillie Gifford Global Discovery B Acc,3.683,
12/16/2011,Baillie Gifford Global Discovery B Acc,3.674,
12/17/2011,Baillie Gifford Global Discovery B Acc,3.674,
12/18/2011,Baillie Gifford Global Discovery B Acc,3.674,
12/19/2011,Baillie Gifford Global Discovery B Acc,3.706,
12/20/2011,Baillie Gifford Global Discovery B Acc,3.623,
12/21/2011,Baillie Gifford Global Discovery B Acc,3.7,
12/22/2011,Baillie Gifford Global Discovery B Acc,3.687,
12/23/2011,Baillie Gifford Global Discovery B Acc,3.691,
12/24/2011,Baillie Gifford Global Discovery B Acc,3.691,
12/25/2011,Baillie Gifford Global Discovery B Acc,3.691,
12/26/2011,Baillie Gifford Global Discovery B Acc,3.691,
12/27/2011,Baillie Gifford Global Discovery B Acc,3.691,
12/28/2011,Baillie Gifford Global Discovery B Acc,3.73,
12/29/2011,Baillie Gifford Global Discovery B Acc,3.732,
12/30/2011,Baillie Gifford Global Discovery B Acc,3.738,
12/31/2011,Baillie Gifford Global Discovery B Acc,3.738,
01/01/2012,Baillie Gifford Global Discovery B Acc,3.738,
01/02/2012,Baillie Gifford Global Discovery B Acc,3.738,
01/03/2012,Baillie Gifford Global Discovery B Acc,3.763,
01/04/2012,Baillie Gifford Global Discovery B Acc,3.774,
01/05/2012,Baillie Gifford Global Discovery B Acc,3.758,
01/06/2012,Baillie Gifford Global Discovery B Acc,3.774,
01/07/2012,Baillie Gifford Global Discovery B Acc,3.774,
01/08/2012,Baillie Gifford Global Discovery B Acc,3.774,
01/09/2012,Baillie Gifford Global Discovery B Acc,3.816,
01/10/2012,Baillie Gifford Global Discovery B Acc,3.853,
01/11/2012,Baillie Gifford Global Discovery B Acc,3.921,
01/12/2012,Baillie Gifford Global Discovery B Acc,3.922,
01/13/2012,Baillie Gifford Global Discovery B Acc,3.932,
01/14/2012,Baillie Gifford Global Discovery B Acc,3.932,
01/15/2012,Baillie Gifford Global Discovery B Acc,3.932,
01/16/2012,Baillie Gifford Global Discovery B Acc,3.901,
01/17/2012,Baillie Gifford Global Discovery B Acc,4.006,
01/18/2012,Baillie Gifford Global Discovery B Acc,3.994,
01/19/2012,Baillie Gifford Global Discovery B Acc,4.01,
01/20/2012,Baillie Gifford Global Discovery B Acc,3.993,
01/21/2012,Baillie Gifford Global Discovery B Acc,3.993,
01/22/2012,Baillie Gifford Global Discovery B Acc,3.993,
01/23/2012,Baillie Gifford Global Discovery B Acc,4.028,
01/24/2012,Baillie Gifford Global Discovery B Acc,4.005,
01/25/2012,Baillie Gifford Global Discovery B Acc,4.049,
01/26/2012,Baillie Gifford Global Discovery B Acc,4.052,
01/27/2012,Baillie Gifford Global Discovery B Acc,4.069,
01/28/2012,Baillie Gifford Global Discovery B Acc,4.069,
01/29/2012,Baillie Gifford Global Discovery B Acc,4.069,
01/30/2012,Baillie Gifford Global Discovery B Acc,4.054,
01/31/2012,Baillie Gifford Global Discovery B Acc,4.045,
02/01/2012,Baillie Gifford Global Discovery B Acc,4.083,
02/02/2012,Baillie Gifford Global Discovery B Acc,4.162,
02/03/2012,Baillie Gifford Global Discovery B Acc,4.184,
02/04/2012,Baillie Gifford Global Discovery B Acc,4.184,
02/05/2012,Baillie Gifford Global Discovery B Acc,4.184,
02/06/2012,Baillie Gifford Global Discovery B Acc,4.219,
02/07/2012,Baillie Gifford Global Discovery B Acc,4.226,
02/08/2012,Baillie Gifford Global Discovery B Acc,4.249,
02/09/2012,Baillie Gifford Global Discovery B Acc,4.241,
02/10/2012,Baillie Gifford Global Discovery B Acc,4.197,
02/11/2012,Baillie Gifford Global Discovery B Acc,4.197,
02/12/2012,Baillie Gifford Global Discovery B Acc,4.197,
02/13/2012,Baillie Gifford Global Discovery B Acc,4.199,
02/14/2012,Baillie Gifford Global Discovery B Acc,4.221,
02/15/2012,Baillie Gifford Global Discovery B Acc,4.276,
02/16/2012,Baillie Gifford Global Discovery B Acc,4.199,
02/17/2012,Baillie Gifford Global Discovery B Acc,4.215,
02/18/2012,Baillie Gifford Global Discovery B Acc,4.215,
02/19/2012,Baillie Gifford Global Discovery B Acc,4.215,
02/20/2012,Baillie Gifford Global Discovery B Acc,4.267,
02/21/2012,Baillie Gifford Global Discovery B Acc,4.255,
02/22/2012,Baillie Gifford Global Discovery B Acc,4.257,
02/23/2012,Baillie Gifford Global Discovery B Acc,4.276,
02/24/2012,Baillie Gifford Global Discovery B Acc,4.31,
02/25/2012,Baillie Gifford Global Discovery B Acc,4.31,
02/26/2012,Baillie Gifford Global Discovery B Acc,4.31,
02/27/2012,Baillie Gifford Global Discovery B Acc,4.3,
02/28/2012,Baillie Gifford Global Discovery B Acc,4.304,
02/29/2012,Baillie Gifford Global Discovery B Acc,4.313,
03/01/2012,Baillie Gifford Global Discovery B Acc,4.288,
03/02/2012,Baillie Gifford Global Discovery B Acc,4.319,
03/03/2012,Baillie Gifford Global Discovery B Acc,4.319,
03/04/2012,Baillie Gifford Global Discovery B Acc,4.319,
03/05/2012,Baillie Gifford Global Discovery B Acc,4.269,
03/06/2012,Baillie Gifford Global Discovery B Acc,4.204,
03/07/2012,Baillie Gifford Global Discovery B Acc,4.157,
03/08/2012,Baillie Gifford Global Discovery B Acc,4.217,
03/09/2012,Baillie Gifford Global Discovery B Acc,4.255,
03/10/2012,Baillie Gifford Global Discovery B Acc,4.255,
03/11/2012,Baillie Gifford Global Discovery B Acc,4.255,
03/12/2012,Baillie Gifford Global Discovery B Acc,4.276,
03/13/2012,Baillie Gifford Global Discovery B Acc,4.304,
03/14/2012,Baillie Gifford Global Discovery B Acc,4.343,
03/15/2012,Baillie Gifford Global Discovery B Acc,4.32,
03/16/2012,Baillie Gifford Global Discovery B Acc,4.313,
03/17/2012,Baillie Gifford Global Discovery B Acc,4.313,
03/18/2012,Baillie Gifford Global Discovery B Acc,4.313,
03/19/2012,Baillie Gifford Global Discovery B Acc,4.318,
03/20/2012,Baillie Gifford Global Discovery B Acc,4.297,
03/21/2012,Baillie Gifford Global Discovery B Acc,4.306,
03/22/2012,Baillie Gifford Global Discovery B Acc,4.268,
03/23/2012,Baillie Gifford Global Discovery B Acc,4.28,
03/24/2012,Baillie Gifford Global Discovery B Acc,4.28,
03/25/2012,Baillie Gifford Global Discovery B Acc,4.28,
03/26/2012,Baillie Gifford Global Discovery B Acc,4.325,
03/27/2012,Baillie Gifford Global Discovery B Acc,4.355,
03/28/2012,Baillie Gifford Global Discovery B Acc,4.37,
03/29/2012,Baillie Gifford Global Discovery B Acc,4.324,
03/30/2012,Baillie Gifford Global Discovery B Acc,4.337,
03/31/2012,Baillie Gifford Global Discovery B Acc,4.337,
04/01/2012,Baillie Gifford Global Discovery B Acc,4.337,
04/02/2012,Baillie Gifford Global Discovery B Acc,4.304,
04/03/2012,Baillie Gifford Global Discovery B Acc,4.383,
04/04/2012,Baillie Gifford Global Discovery B Acc,4.291,
04/05/2012,Baillie Gifford Global Discovery B Acc,4.26,
04/06/2012,Baillie Gifford Global Discovery B Acc,4.26,
04/07/2012,Baillie Gifford Global Discovery B Acc,4.26,
04/08/2012,Baillie Gifford Global Discovery B Acc,4.26,
04/09/2012,Baillie Gifford Global Discovery B Acc,4.26,
04/10/2012,Baillie Gifford Global Discovery B Acc,4.229,
04/11/2012,Baillie Gifford Global Discovery B Acc,4.158,
04/12/2012,Baillie Gifford Global Discovery B Acc,4.218,
04/13/2012,Baillie Gifford Global Discovery B Acc,4.311,
04/14/2012,Baillie Gifford Global Discovery B Acc,4.311,
04/15/2012,Baillie Gifford Global Discovery B Acc,4.311,
04/16/2012,Baillie Gifford Global Discovery B Acc,4.271,
04/17/2012,Baillie Gifford Global Discovery B Acc,4.27,
04/18/2012,Baillie Gifford Global Discovery B Acc,4.316,
04/19/2012,Baillie Gifford Global Discovery B Acc,4.345,
04/20/2012,Baillie Gifford Global Discovery B Acc,4.355,
04/21/2012,Baillie Gifford Global Discovery B Acc,4.355,
04/22/2012,Baillie Gifford Global Discovery B Acc,4.355,
04/23/2012,Baillie Gifford Global Discovery B Acc,4.288,
04/24/2012,Baillie Gifford Global Discovery B Acc,4.31,
04/25/2012,Baillie Gifford Global Discovery B Acc,4.372,
04/26/2012,Baillie Gifford Global Discovery B Acc,4.343,
04/27/2012,Baillie Gifford Global Discovery B Acc,4.332,
04/28/2012,Baillie Gifford Global Discovery B Acc,4.332,
04/29/2012,Baillie Gifford Global Discovery B Acc,4.332,
04/30/2012,Baillie Gifford Global Discovery B Acc,4.404,
05/01/2012,Baillie Gifford Global Discovery B Acc,4.366,
05/02/2012,Baillie Gifford Global Discovery B Acc,4.378,
05/03/2012,Baillie Gifford Global Discovery B Acc,4.383,
05/04/2012,Baillie Gifford Global Discovery B Acc,4.34,
05/05/2012,Baillie Gifford Global Discovery B Acc,4.34,
05/06/2012,Baillie Gifford Global Discovery B Acc,4.34,
05/07/2012,Baillie Gifford Global Discovery B Acc,4.34,
05/08/2012,Baillie Gifford Global Discovery B Acc,4.239,
05/09/2012,Baillie Gifford Global Discovery B Acc,4.156,
05/10/2012,Baillie Gifford Global Discovery B Acc,4.214,
05/11/2012,Baillie Gifford Global Discovery B Acc,4.231,
05/12/2012,Baillie Gifford Global Discovery B Acc,4.231,
05/13/2012,Baillie Gifford Global Discovery B Acc,4.231,
05/14/2012,Baillie Gifford Global Discovery B Acc,4.187,
05/15/2012,Baillie Gifford Global Discovery B Acc,4.179,
05/16/2012,Baillie Gifford Global Discovery B Acc,4.126,
05/17/2012,Baillie Gifford Global Discovery B Acc,4.146,
05/18/2012,Baillie Gifford Global Discovery B Acc,4.123,
05/19/2012,Baillie Gifford Global Discovery B Acc,4.123,
05/20/2012,Baillie Gifford Global Discovery B Acc,4.123,
05/21/2012,Baillie Gifford Global Discovery B Acc,4.073,
05/22/2012,Baillie Gifford Global Discovery B Acc,4.118,
05/23/2012,Baillie Gifford Global Discovery B Acc,4.117,
05/24/2012,Baillie Gifford Global Discovery B Acc,4.149,
05/25/2012,Baillie Gifford Global Discovery B Acc,4.159,
05/26/2012,Baillie Gifford Global Discovery B Acc,4.159,
05/27/2012,Baillie Gifford Global Discovery B Acc,4.159,
05/28/2012,Baillie Gifford Global Discovery B Acc,4.122,
05/29/2012,Baillie Gifford Global Discovery B Acc,4.177,
05/30/2012,Baillie Gifford Global Discovery B Acc,4.145,
05/31/2012,Baillie Gifford Global Discovery B Acc,4.137,
06/01/2012,Baillie Gifford Global Discovery B Acc,4.118,
06/02/2012,Baillie Gifford Global Discovery B Acc,4.118,
06/03/2012,Baillie Gifford Global Discovery B Acc,4.118,
06/04/2012,Baillie Gifford Global Discovery B Acc,4.118,
06/05/2012,Baillie Gifford Global Discovery B Acc,4.118,
06/06/2012,Baillie Gifford Global Discovery B Acc,4.089,
06/07/2012,Baillie Gifford Global Discovery B Acc,4.124,
06/08/2012,Baillie Gifford Global Discovery B Acc,4.085,
06/09/2012,Baillie Gifford Global Discovery B Acc,4.085,
06/10/2012,Baillie Gifford Global Discovery B Acc,4.085,
06/11/2012,Baillie Gifford Global Discovery B Acc,4.173,
06/12/2012,Baillie Gifford Global Discovery B Acc,4.152,
06/13/2012,Baillie Gifford Global Discovery B Acc,4.111,
06/14/2012,Baillie Gifford Global Discovery B Acc,4.072,
06/15/2012,Baillie Gifford Global Discovery B Acc,4.103,
06/16/2012,Baillie Gifford Global Discovery B Acc,4.103,
06/17/2012,Baillie Gifford Global Discovery B Acc,4.103,
06/18/2012,Baillie Gifford Global Discovery B Acc,4.124,
06/19/2012,Baillie Gifford Global Discovery B Acc,4.123,
06/20/2012,Baillie Gifford Global Discovery B Acc,4.178,
06/21/2012,Baillie Gifford Global Discovery B Acc,4.177,
06/22/2012,Baillie Gifford Global Discovery B Acc,4.121,
06/23/2012,Baillie Gifford Global Discovery B Acc,4.121,
06/24/2012,Baillie Gifford Global Discovery B Acc,4.121,
06/25/2012,Baillie Gifford Global Discovery B Acc,4.125,
06/26/2012,Baillie Gifford Global Discovery B Acc,4.086,
06/27/2012,Baillie Gifford Global Discovery B Acc,4.082,
06/28/2012,Baillie Gifford Global Discovery B Acc,4.113,
06/29/2012,Baillie Gifford Global Discovery B Acc,4.139,
06/30/2012,Baillie Gifford Global Discovery B Acc,4.139,
07/01/2012,Baillie Gifford Global Discovery B Acc,4.139,
07/02/2012,Baillie Gifford Global Discovery B Acc,4.214,
07/03/2012,Baillie Gifford Global Discovery B Acc,4.23,
07/04/2012,Baillie Gifford Global Discovery B Acc,4.26,
07/05/2012,Baillie Gifford Global Discovery B Acc,4.265,
07/06/2012,Baillie Gifford Global Discovery B Acc,4.281,
07/07/2012,Baillie Gifford Global Discovery B Acc,4.281,
07/08/2012,Baillie Gifford Global Discovery B Acc,4.281,
07/09/2012,Baillie Gifford Global Discovery B Acc,4.202,
07/10/2012,Baillie Gifford Global Discovery B Acc,4.248,
07/11/2012,Baillie Gifford Global Discovery B Acc,4.173,
07/12/2012,Baillie Gifford Global Discovery B Acc,4.139,
07/13/2012,Baillie Gifford Global Discovery B Acc,4.123,
07/14/2012,Baillie Gifford Global Discovery B Acc,4.123,
07/15/2012,Baillie Gifford Global Discovery B Acc,4.123,
07/16/2012,Baillie Gifford Global Discovery B Acc,4.144,
07/17/2012,Baillie Gifford Global Discovery B Acc,4.148,
07/18/2012,Baillie Gifford Global Discovery B Acc,4.129,
07/19/2012,Baillie Gifford Global Discovery B Acc,4.179,
07/20/2012,Baillie Gifford Global Discovery B Acc,4.182,
07/21/2012,Baillie Gifford Global Discovery B Acc,4.182,
07/22/2012,Baillie Gifford Global Discovery B Acc,4.182,
07/23/2012,Baillie Gifford Global Discovery B Acc,4.122,
07/24/2012,Baillie Gifford Global Discovery B Acc,4.146,
07/25/2012,Baillie Gifford Global Discovery B Acc,4.101,
07/26/2012,Baillie Gifford Global Discovery B Acc,4.127,
07/27/2012,Baillie Gifford Global Discovery B Acc,4.145,
07/28/2012,Baillie Gifford Global Discovery B Acc,4.145,
07/29/2012,Baillie Gifford Global Discovery B Acc,4.145,
07/30/2012,Baillie Gifford Global Discovery B Acc,4.214,
07/31/2012,Baillie Gifford Global Discovery B Acc,4.196,
08/01/2012,Baillie Gifford Global Discovery B Acc,4.167,
08/02/2012,Baillie Gifford Global Discovery B Acc,4.152,
08/03/2012,Baillie Gifford Global Discovery B Acc,4.121,
08/04/2012,Baillie Gifford Global Discovery B Acc,4.121,
08/05/2012,Baillie Gifford Global Discovery B Acc,4.121,
08/06/2012,Baillie Gifford Global Discovery B Acc,4.239,
08/07/2012,Baillie Gifford Global Discovery B Acc,4.252,
08/08/2012,Baillie Gifford Global Discovery B Acc,4.27,
08/09/2012,Baillie Gifford Global Discovery B Acc,4.323,
08/10/2012,Baillie Gifford Global Discovery B Acc,4.395,
08/11/2012,Baillie Gifford Global Discovery B Acc,4.395,
08/12/2012,Baillie Gifford Global Discovery B Acc,4.395,
08/13/2012,Baillie Gifford Global Discovery B Acc,4.336,
08/14/2012,Baillie Gifford Global Discovery B Acc,4.313,
08/15/2012,Baillie Gifford Global Discovery B Acc,4.33,
08/16/2012,Baillie Gifford Global Discovery B Acc,4.344,
08/17/2012,Baillie Gifford Global Discovery B Acc,4.363,
08/18/2012,Baillie Gifford Global Discovery B Acc,4.363,
08/19/2012,Baillie Gifford Global Discovery B Acc,4.363,
08/20/2012,Baillie Gifford Global Discovery B Acc,4.381,
08/21/2012,Baillie Gifford Global Discovery B Acc,4.39,
08/22/2012,Baillie Gifford Global Discovery B Acc,4.335,
08/23/2012,Baillie Gifford Global Discovery B Acc,4.314,
08/24/2012,Baillie Gifford Global Discovery B Acc,4.298,
08/25/2012,Baillie Gifford Global Discovery B Acc,4.298,
08/26/2012,Baillie Gifford Global Discovery B Acc,4.298,
08/27/2012,Baillie Gifford Global Discovery B Acc,4.298,
08/28/2012,Baillie Gifford Global Discovery B Acc,4.307,
08/29/2012,Baillie Gifford Global Discovery B Acc,4.318,
08/30/2012,Baillie Gifford Global Discovery B Acc,4.323,
08/31/2012,Baillie Gifford Global Discovery B Acc,4.287,
09/01/2012,Baillie Gifford Global Discovery B Acc,4.287,
09/02/2012,Baillie Gifford Global Discovery B Acc,4.287,
09/03/2012,Baillie Gifford Global Discovery B Acc,4.337,
09/04/2012,Baillie Gifford Global Discovery B Acc,4.301,
09/05/2012,Baillie Gifford Global Discovery B Acc,4.312,
09/06/2012,Baillie Gifford Global Discovery B Acc,4.34,
09/07/2012,Baillie Gifford Global Discovery B Acc,4.345,
09/08/2012,Baillie Gifford Global Discovery B Acc,4.345,
09/09/2012,Baillie Gifford Global Discovery B Acc,4.345,
09/10/2012,Baillie Gifford Global Discovery B Acc,4.396,
09/11/2012,Baillie Gifford Global Discovery B Acc,4.351,
09/12/2012,Baillie Gifford Global Discovery B Acc,4.341,
09/13/2012,Baillie Gifford Global Discovery B Acc,4.333,
09/14/2012,Baillie Gifford Global Discovery B Acc,4.406,
09/15/2012,Baillie Gifford Global Discovery B Acc,4.406,
09/16/2012,Baillie Gifford Global Discovery B Acc,4.406,
09/17/2012,Baillie Gifford Global Discovery B Acc,4.402,
09/18/2012,Baillie Gifford Global Discovery B Acc,4.401,
09/19/2012,Baillie Gifford Global Discovery B Acc,4.386,
09/20/2012,Baillie Gifford Global Discovery B Acc,4.344,
09/21/2012,Baillie Gifford Global Discovery B Acc,4.389,
09/22/2012,Baillie Gifford Global Discovery B Acc,4.389,
09/23/2012,Baillie Gifford Global Discovery B Acc,4.389,
09/24/2012,Baillie Gifford Global Discovery B Acc,4.352,
09/25/2012,Baillie Gifford Global Discovery B Acc,4.376,
09/26/2012,Baillie Gifford Global Discovery B Acc,4.295,
09/27/2012,Baillie Gifford Global Discovery B Acc,4.281,
09/28/2012,Baillie Gifford Global Discovery B Acc,4.326,
09/29/2012,Baillie Gifford Global Discovery B Acc,4.326,
09/30/2012,Baillie Gifford Global Discovery B Acc,4.326,
10/01/2012,Baillie Gifford Global Discovery B Acc,4.352,
10/02/2012,Baillie Gifford Global Discovery B Acc,4.375,
10/03/2012,Baillie Gifford Global Discovery B Acc,4.374,
10/04/2012,Baillie Gifford Global Discovery B Acc,4.377,
10/05/2012,Baillie Gifford Global Discovery B Acc,4.443,
10/06/2012,Baillie Gifford Global Discovery B Acc,4.443,
10/07/2012,Baillie Gifford Global Discovery B Acc,4.443,
10/08/2012,Baillie Gifford Global Discovery B Acc,4.467,
10/09/2012,Baillie Gifford Global Discovery B Acc,4.449,
10/10/2012,Baillie Gifford Global Discovery B Acc,4.405,
10/11/2012,Baillie Gifford Global Discovery B Acc,4.347,
10/12/2012,Baillie Gifford Global Discovery B Acc,4.37,
10/13/2012,Baillie Gifford Global Discovery B Acc,4.37,
10/14/2012,Baillie Gifford Global Discovery B Acc,4.37,
10/15/2012,Baillie Gifford Global Discovery B Acc,4.369,
10/16/2012,Baillie Gifford Global Discovery B Acc,4.349,
10/17/2012,Baillie Gifford Global Discovery B Acc,4.379,
10/18/2012,Baillie Gifford Global Discovery B Acc,4.428,
10/19/2012,Baillie Gifford Global Discovery B Acc,4.426,
10/20/2012,Baillie Gifford Global Discovery B Acc,4.426,
10/21/2012,Baillie Gifford Global Discovery B Acc,4.426,
10/22/2012,Baillie Gifford Global Discovery B Acc,4.368,
10/23/2012,Baillie Gifford Global Discovery B Acc,4.355,
10/24/2012,Baillie Gifford Global Discovery B Acc,4.321,
10/25/2012,Baillie Gifford Global Discovery B Acc,4.286,
10/26/2012,Baillie Gifford Global Discovery B Acc,4.342,
10/27/2012,Baillie Gifford Global Discovery B Acc,4.342,
10/28/2012,Baillie Gifford Global Discovery B Acc,4.342,
10/29/2012,Baillie Gifford Global Discovery B Acc,4.329,
10/30/2012,Baillie Gifford Global Discovery B Acc,4.345,
10/31/2012,Baillie Gifford Global Discovery B Acc,4.377,
11/01/2012,Baillie Gifford Global Discovery B Acc,4.351,
11/02/2012,Baillie Gifford Global Discovery B Acc,4.407,
11/03/2012,Baillie Gifford Global Discovery B Acc,4.407,
11/04/2012,Baillie Gifford Global Discovery B Acc,4.407,
11/05/2012,Baillie Gifford Global Discovery B Acc,4.359,
11/06/2012,Baillie Gifford Global Discovery B Acc,4.37,
11/07/2012,Baillie Gifford Global Discovery B Acc,4.346,
11/08/2012,Baillie Gifford Global Discovery B Acc,4.298,
11/09/2012,Baillie Gifford Global Discovery B Acc,4.266,
11/10/2012,Baillie Gifford Global Discovery B Acc,4.266,
11/11/2012,Baillie Gifford Global Discovery B Acc,4.266,
11/12/2012,Baillie Gifford Global Discovery B Acc,4.243,
11/13/2012,Baillie Gifford Global Discovery B Acc,4.279,
11/14/2012,Baillie Gifford Global Discovery B Acc,4.241,
11/15/2012,Baillie Gifford Global Discovery B Acc,4.189,
11/16/2012,Baillie Gifford Global Discovery B Acc,4.188,
11/17/2012,Baillie Gifford Global Discovery B Acc,4.188,
11/18/2012,Baillie Gifford Global Discovery B Acc,4.188,
11/19/2012,Baillie Gifford Global Discovery B Acc,4.255,
11/20/2012,Baillie Gifford Global Discovery B Acc,4.254,
11/21/2012,Baillie Gifford Global Discovery B Acc,4.281,
11/22/2012,Baillie Gifford Global Discovery B Acc,4.26,
11/23/2012,Baillie Gifford Global Discovery B Acc,4.314,
11/24/2012,Baillie Gifford Global Discovery B Acc,4.314,
11/25/2012,Baillie Gifford Global Discovery B Acc,4.314,
11/26/2012,Baillie Gifford Global Discovery B Acc,4.283,
11/27/2012,Baillie Gifford Global Discovery B Acc,4.292,
11/28/2012,Baillie Gifford Global Discovery B Acc,4.331,
11/29/2012,Baillie Gifford Global Discovery B Acc,4.358,
11/30/2012,Baillie Gifford Global Discovery B Acc,4.385,
12/01/2012,Baillie Gifford Global Discovery B Acc,4.385,
12/02/2012,Baillie Gifford Global Discovery B Acc,4.385,
12/03/2012,Baillie Gifford Global Discovery B Acc,4.335,
12/04/2012,Baillie Gifford Global Discovery B Acc,4.325,
12/05/2012,Baillie Gifford Global Discovery B Acc,4.351,
12/06/2012,Baillie Gifford Global Discovery B Acc,4.33,
12/07/2012,Baillie Gifford Global Discovery B Acc,4.361,
12/08/2012,Baillie Gifford Global Discovery B Acc,4.361,
12/09/2012,Baillie Gifford Global Discovery B Acc,4.361,
12/10/2012,Baillie Gifford Global Discovery B Acc,4.395,
12/11/2012,Baillie Gifford Global Discovery B Acc,4.362,
12/12/2012,Baillie Gifford Global Discovery B Acc,4.43,
12/13/2012,Baillie Gifford Global Discovery B Acc,4.411,
12/14/2012,Baillie Gifford Global Discovery B Acc,4.416,
12/15/2012,Baillie Gifford Global Discovery B Acc,4.416,
12/16/2012,Baillie Gifford Global Discovery B Acc,4.416,
12/17/2012,Baillie Gifford Global Discovery B Acc,4.412,
12/18/2012,Baillie Gifford Global Discovery B Acc,4.445,
12/19/2012,Baillie Gifford Global Discovery B Acc,4.468,
12/20/2012,Baillie Gifford Global Discovery B Acc,4.516,
12/21/2012,Baillie Gifford Global Discovery B Acc,4.456,
12/22/2012,Baillie Gifford Global Discovery B Acc,4.456,
12/23/2012,Baillie Gifford Global Discovery B Acc,4.456,
12/24/2012,Baillie Gifford Global Discovery B Acc,4.51,
12/25/2012,Baillie Gifford Global Discovery B Acc,4.51,
12/26/2012,Baillie Gifford Global Discovery B Acc,4.51,
12/27/2012,Baillie Gifford Global Discovery B Acc,4.516,
12/28/2012,Baillie Gifford Global Discovery B Acc,4.527,
12/29/2012,Baillie Gifford Global Discovery B Acc,4.527,
12/30/2012,Baillie Gifford Global Discovery B Acc,4.527,
12/31/2012,Baillie Gifford Global Discovery B Acc,4.49,
01/01/2013,Baillie Gifford Global Discovery B Acc,4.49,
01/02/2013,Baillie Gifford Global Discovery B Acc,4.572,
01/03/2013,Baillie Gifford Global Discovery B Acc,4.611,
01/04/2013,Baillie Gifford Global Discovery B Acc,4.671,
01/05/2013,Baillie Gifford Global Discovery B Acc,4.671,
01/06/2013,Baillie Gifford Global Discovery B Acc,4.671,
01/07/2013,Baillie Gifford Global Discovery B Acc,4.692,
01/08/2013,Baillie Gifford Global Discovery B Acc,4.712,
01/09/2013,Baillie Gifford Global Discovery B Acc,4.693,
01/10/2013,Baillie Gifford Global Discovery B Acc,4.741,
01/11/2013,Baillie Gifford Global Discovery B Acc,4.737,
01/12/2013,Baillie Gifford Global Discovery B Acc,4.737,
01/13/2013,Baillie Gifford Global Discovery B Acc,4.737,
01/14/2013,Baillie Gifford Global Discovery B Acc,4.74,
01/15/2013,Baillie Gifford Global Discovery B Acc,4.737,
01/16/2013,Baillie Gifford Global Discovery B Acc,4.742,
01/17/2013,Baillie Gifford Global Discovery B Acc,4.775,
01/18/2013,Baillie Gifford Global Discovery B Acc,4.816,
01/19/2013,Baillie Gifford Global Discovery B Acc,4.816,
01/20/2013,Baillie Gifford Global Discovery B Acc,4.816,
01/21/2013,Baillie Gifford Global Discovery B Acc,4.844,
01/22/2013,Baillie Gifford Global Discovery B Acc,4.849,
01/23/2013,Baillie Gifford Global Discovery B Acc,4.885,
01/24/2013,Baillie Gifford Global Discovery B Acc,4.885,
01/25/2013,Baillie Gifford Global Discovery B Acc,4.921,
01/26/2013,Baillie Gifford Global Discovery B Acc,4.921,
01/27/2013,Baillie Gifford Global Discovery B Acc,4.921,
01/28/2013,Baillie Gifford Global Discovery B Acc,4.965,
01/29/2013,Baillie Gifford Global Discovery B Acc,4.96,
01/30/2013,Baillie Gifford Global Discovery B Acc,4.968,
01/31/2013,Baillie Gifford Global Discovery B Acc,4.923,
02/01/2013,Baillie Gifford Global Discovery B Acc,4.982,
02/02/2013,Baillie Gifford Global Discovery B Acc,4.982,
02/03/2013,Baillie Gifford Global Discovery B Acc,4.982,
02/04/2013,Baillie Gifford Global Discovery B Acc,5.041,
02/05/2013,Baillie Gifford Global Discovery B Acc,4.972,
02/06/2013,Baillie Gifford Global Discovery B Acc,5.05,
02/07/2013,Baillie Gifford Global Discovery B Acc,5.077,
02/08/2013,Baillie Gifford Global Discovery B Acc,5.049,
02/09/2013,Baillie Gifford Global Discovery B Acc,5.049,
02/10/2013,Baillie Gifford Global Discovery B Acc,5.049,
02/11/2013,Baillie Gifford Global Discovery B Acc,5.08,
02/12/2013,Baillie Gifford Global Discovery B Acc,5.12,
02/13/2013,Baillie Gifford Global Discovery B Acc,5.111,
02/14/2013,Baillie Gifford Global Discovery B Acc,5.152,
02/15/2013,Baillie Gifford Global Discovery B Acc,5.165,
02/16/2013,Baillie Gifford Global Discovery B Acc,5.165,
02/17/2013,Baillie Gifford Global Discovery B Acc,5.165,
02/18/2013,Baillie Gifford Global Discovery B Acc,5.172,
02/19/2013,Baillie Gifford Global Discovery B Acc,5.172,
02/20/2013,Baillie Gifford Global Discovery B Acc,5.272,
02/21/2013,Baillie Gifford Global Discovery B Acc,5.219,
02/22/2013,Baillie Gifford Global Discovery B Acc,5.196,
02/23/2013,Baillie Gifford Global Discovery B Acc,5.196,
02/24/2013,Baillie Gifford Global Discovery B Acc,5.196,
02/25/2013,Baillie Gifford Global Discovery B Acc,5.25,
02/26/2013,Baillie Gifford Global Discovery B Acc,5.158,
02/27/2013,Baillie Gifford Global Discovery B Acc,5.189,
02/28/2013,Baillie Gifford Global Discovery B Acc,5.242,
03/01/2013,Baillie Gifford Global Discovery B Acc,5.272,
03/02/2013,Baillie Gifford Global Discovery B Acc,5.272,
03/03/2013,Baillie Gifford Global Discovery B Acc,5.272,
03/04/2013,Baillie Gifford Global Discovery B Acc,5.293,
03/05/2013,Baillie Gifford Global Discovery B Acc,5.308,
03/06/2013,Baillie Gifford Global Discovery B Acc,5.395,
03/07/2013,Baillie Gifford Global Discovery B Acc,5.416,
03/08/2013,Baillie Gifford Global Discovery B Acc,5.432,
03/09/2013,Baillie Gifford Global Discovery B Acc,5.432,
03/10/2013,Baillie Gifford Global Discovery B Acc,5.432,
03/11/2013,Baillie Gifford Global Discovery B Acc,5.487,
03/12/2013,Baillie Gifford Global Discovery B Acc,5.519,
03/13/2013,Baillie Gifford Global Discovery B Acc,5.481,
03/14/2013,Baillie Gifford Global Discovery B Acc,5.531,
03/15/2013,Baillie Gifford Global Discovery B Acc,5.513,
03/16/2013,Baillie Gifford Global Discovery B Acc,5.513,
03/17/2013,Baillie Gifford Global Discovery B Acc,5.513,
03/18/2013,Baillie Gifford Global Discovery B Acc,5.443,
03/19/2013,Baillie Gifford Global Discovery B Acc,5.472,
03/20/2013,Baillie Gifford Global Discovery B Acc,5.468,
03/21/2013,Baillie Gifford Global Discovery B Acc,5.465,
03/22/2013,Baillie Gifford Global Discovery B Acc,5.427,
03/23/2013,Baillie Gifford Global Discovery B Acc,5.427,
03/24/2013,Baillie Gifford Global Discovery B Acc,5.427,
03/25/2013,Baillie Gifford Global Discovery B Acc,5.417,
03/26/2013,Baillie Gifford Global Discovery B Acc,5.407,
03/27/2013,Baillie Gifford Global Discovery B Acc,5.483,
03/28/2013,Baillie Gifford Global Discovery B Acc,5.431,
03/29/2013,Baillie Gifford Global Discovery B Acc,5.431,
03/30/2013,Baillie Gifford Global Discovery B Acc,5.431,
03/31/2013,Baillie Gifford Global Discovery B Acc,5.431,
04/01/2013,Baillie Gifford Global Discovery B Acc,5.431,
04/02/2013,Baillie Gifford Global Discovery B Acc,5.422,
04/03/2013,Baillie Gifford Global Discovery B Acc,5.473,
04/04/2013,Baillie Gifford Global Discovery B Acc,5.374,
04/05/2013,Baillie Gifford Global Discovery B Acc,5.313,
04/06/2013,Baillie Gifford Global Discovery B Acc,5.313,
04/07/2013,Baillie Gifford Global Discovery B Acc,5.313,
04/08/2013,Baillie Gifford Global Discovery B Acc,5.274,
04/09/2013,Baillie Gifford Global Discovery B Acc,5.292,
04/10/2013,Baillie Gifford Global Discovery B Acc,5.312,
04/11/2013,Baillie Gifford Global Discovery B Acc,5.39,
04/12/2013,Baillie Gifford Global Discovery B Acc,5.404,
04/13/2013,Baillie Gifford Global Discovery B Acc,5.404,
04/14/2013,Baillie Gifford Global Discovery B Acc,5.404,
04/15/2013,Baillie Gifford Global Discovery B Acc,5.373,
04/16/2013,Baillie Gifford Global Discovery B Acc,5.272,
04/17/2013,Baillie Gifford Global Discovery B Acc,5.331,
04/18/2013,Baillie Gifford Global Discovery B Acc,5.301,
04/19/2013,Baillie Gifford Global Discovery B Acc,5.24,
04/20/2013,Baillie Gifford Global Discovery B Acc,5.24,
04/21/2013,Baillie Gifford Global Discovery B Acc,5.24,
04/22/2013,Baillie Gifford Global Discovery B Acc,5.287,
04/23/2013,Baillie Gifford Global Discovery B Acc,5.326,
04/24/2013,Baillie Gifford Global Discovery B Acc,5.405,
04/25/2013,Baillie Gifford Global Discovery B Acc,5.392,
04/26/2013,Baillie Gifford Global Discovery B Acc,5.463,
04/27/2013,Baillie Gifford Global Discovery B Acc,5.463,
04/28/2013,Baillie Gifford Global Discovery B Acc,5.463,
04/29/2013,Baillie Gifford Global Discovery B Acc,5.453,
04/30/2013,Baillie Gifford Global Discovery B Acc,5.458,
05/01/2013,Baillie Gifford Global Discovery B Acc,5.541,
05/02/2013,Baillie Gifford Global Discovery B Acc,5.425,
05/03/2013,Baillie Gifford Global Discovery B Acc,5.523,
05/04/2013,Baillie Gifford Global Discovery B Acc,5.523,
05/05/2013,Baillie Gifford Global Discovery B Acc,5.523,
05/06/2013,Baillie Gifford Global Discovery B Acc,5.523,
05/07/2013,Baillie Gifford Global Discovery B Acc,5.614,
05/08/2013,Baillie Gifford Global Discovery B Acc,5.677,
05/09/2013,Baillie Gifford Global Discovery B Acc,5.697,
05/10/2013,Baillie Gifford Global Discovery B Acc,5.752,
05/11/2013,Baillie Gifford Global Discovery B Acc,5.752,
05/12/2013,Baillie Gifford Global Discovery B Acc,5.752,
05/13/2013,Baillie Gifford Global Discovery B Acc,5.805,
05/14/2013,Baillie Gifford Global Discovery B Acc,5.88,
05/15/2013,Baillie Gifford Global Discovery B Acc,5.915,
05/16/2013,Baillie Gifford Global Discovery B Acc,5.946,
05/17/2013,Baillie Gifford Global Discovery B Acc,5.968,
05/18/2013,Baillie Gifford Global Discovery B Acc,5.968,
05/19/2013,Baillie Gifford Global Discovery B Acc,5.968,
05/20/2013,Baillie Gifford Global Discovery B Acc,6.014,
05/21/2013,Baillie Gifford Global Discovery B Acc,6.056,
05/22/2013,Baillie Gifford Global Discovery B Acc,6.079,
05/23/2013,Baillie Gifford Global Discovery B Acc,5.892,
05/24/2013,Baillie Gifford Global Discovery B Acc,5.955,
05/25/2013,Baillie Gifford Global Discovery B Acc,5.955,
05/26/2013,Baillie Gifford Global Discovery B Acc,5.955,
05/27/2013,Baillie Gifford Global Discovery B Acc,5.955,
05/28/2013,Baillie Gifford Global Discovery B Acc,6.009,
05/29/2013,Baillie Gifford Global Discovery B Acc,6.056,
05/30/2013,Baillie Gifford Global Discovery B Acc,6.007,
05/31/2013,Baillie Gifford Global Discovery B Acc,6.031,
06/01/2013,Baillie Gifford Global Discovery B Acc,6.031,
06/02/2013,Baillie Gifford Global Discovery B Acc,6.031,
06/03/2013,Baillie Gifford Global Discovery B Acc,5.961,
06/04/2013,Baillie Gifford Global Discovery B Acc,5.943,
06/05/2013,Baillie Gifford Global Discovery B Acc,5.893,
06/06/2013,Baillie Gifford Global Discovery B Acc,5.827,
06/07/2013,Baillie Gifford Global Discovery B Acc,5.791,
06/08/2013,Baillie Gifford Global Discovery B Acc,5.791,
06/09/2013,Baillie Gifford Global Discovery B Acc,5.791,
06/10/2013,Baillie Gifford Global Discovery B Acc,5.968,
06/11/2013,Baillie Gifford Global Discovery B Acc,5.974,
06/12/2013,Baillie Gifford Global Discovery B Acc,5.903,
06/13/2013,Baillie Gifford Global Discovery B Acc,5.771,
06/14/2013,Baillie Gifford Global Discovery B Acc,5.843,
06/15/2013,Baillie Gifford Global Discovery B Acc,5.843,
06/16/2013,Baillie Gifford Global Discovery B Acc,5.843,
06/17/2013,Baillie Gifford Global Discovery B Acc,5.879,
06/18/2013,Baillie Gifford Global Discovery B Acc,5.897,
06/19/2013,Baillie Gifford Global Discovery B Acc,5.932,
06/20/2013,Baillie Gifford Global Discovery B Acc,5.89,
06/21/2013,Baillie Gifford Global Discovery B Acc,5.821,
06/22/2013,Baillie Gifford Global Discovery B Acc,5.821,
06/23/2013,Baillie Gifford Global Discovery B Acc,5.821,
06/24/2013,Baillie Gifford Global Discovery B Acc,5.733,
06/25/2013,Baillie Gifford Global Discovery B Acc,5.697,
06/26/2013,Baillie Gifford Global Discovery B Acc,5.753,
06/27/2013,Baillie Gifford Global Discovery B Acc,5.836,
06/28/2013,Baillie Gifford Global Discovery B Acc,5.905,
06/29/2013,Baillie Gifford Global Discovery B Acc,5.905,
06/30/2013,Baillie Gifford Global Discovery B Acc,5.905,
07/01/2013,Baillie Gifford Global Discovery B Acc,5.921,
07/02/2013,Baillie Gifford Global Discovery B Acc,5.999,
07/03/2013,Baillie Gifford Global Discovery B Acc,5.93,
07/04/2013,Baillie Gifford Global Discovery B Acc,5.995,
07/05/2013,Baillie Gifford Global Discovery B Acc,6.137,
07/06/2013,Baillie Gifford Global Discovery B Acc,6.137,
07/07/2013,Baillie Gifford Global Discovery B Acc,6.137,
07/08/2013,Baillie Gifford Global Discovery B Acc,6.219,
07/09/2013,Baillie Gifford Global Discovery B Acc,6.253,
07/10/2013,Baillie Gifford Global Discovery B Acc,6.223,
07/11/2013,Baillie Gifford Global Discovery B Acc,6.245,
07/12/2013,Baillie Gifford Global Discovery B Acc,6.295,
07/13/2013,Baillie Gifford Global Discovery B Acc,6.295,
07/14/2013,Baillie Gifford Global Discovery B Acc,6.295,
07/15/2013,Baillie Gifford Global Discovery B Acc,6.382,
07/16/2013,Baillie Gifford Global Discovery B Acc,6.386,
07/17/2013,Baillie Gifford Global Discovery B Acc,6.245,
07/18/2013,Baillie Gifford Global Discovery B Acc,6.333,
07/19/2013,Baillie Gifford Global Discovery B Acc,6.273,
07/20/2013,Baillie Gifford Global Discovery B Acc,6.273,
07/21/2013,Baillie Gifford Global Discovery B Acc,6.273,
07/22/2013,Baillie Gifford Global Discovery B Acc,6.298,
07/23/2013,Baillie Gifford Global Discovery B Acc,6.327,
07/24/2013,Baillie Gifford Global Discovery B Acc,6.317,
07/25/2013,Baillie Gifford Global Discovery B Acc,6.302,
07/26/2013,Baillie Gifford Global Discovery B Acc,6.318,
07/27/2013,Baillie Gifford Global Discovery B Acc,6.318,
07/28/2013,Baillie Gifford Global Discovery B Acc,6.318,
07/29/2013,Baillie Gifford Global Discovery B Acc,6.307,
07/30/2013,Baillie Gifford Global Discovery B Acc,6.325,
07/31/2013,Baillie Gifford Global Discovery B Acc,6.33,
08/01/2013,Baillie Gifford Global Discovery B Acc,6.358,
08/02/2013,Baillie Gifford Global Discovery B Acc,6.482,
08/03/2013,Baillie Gifford Global Discovery B Acc,6.482,
08/04/2013,Baillie Gifford Global Discovery B Acc,6.482,
08/05/2013,Baillie Gifford Global Discovery B Acc,6.482,
08/06/2013,Baillie Gifford Global Discovery B Acc,6.515,
08/07/2013,Baillie Gifford Global Discovery B Acc,6.481,
08/08/2013,Baillie Gifford Global Discovery B Acc,6.423,
08/09/2013,Baillie Gifford Global Discovery B Acc,6.513,
08/10/2013,Baillie Gifford Global Discovery B Acc,6.513,
08/11/2013,Baillie Gifford Global Discovery B Acc,6.513,
08/12/2013,Baillie Gifford Global Discovery B Acc,6.525,
08/13/2013,Baillie Gifford Global Discovery B Acc,6.602,
08/14/2013,Baillie Gifford Global Discovery B Acc,6.615,
08/15/2013,Baillie Gifford Global Discovery B Acc,6.565,
08/16/2013,Baillie Gifford Global Discovery B Acc,6.462,
08/17/2013,Baillie Gifford Global Discovery B Acc,6.462,
08/18/2013,Baillie Gifford Global Discovery B Acc,6.462,
08/19/2013,Baillie Gifford Global Discovery B Acc,6.471,
08/20/2013,Baillie Gifford Global Discovery B Acc,6.415,
08/21/2013,Baillie Gifford Global Discovery B Acc,6.446,
08/22/2013,Baillie Gifford Global Discovery B Acc,6.475,
08/23/2013,Baillie Gifford Global Discovery B Acc,6.531,
08/24/2013,Baillie Gifford Global Discovery B Acc,6.531,
08/25/2013,Baillie Gifford Global Discovery B Acc,6.531,
08/26/2013,Baillie Gifford Global Discovery B Acc,6.531,
08/27/2013,Baillie Gifford Global Discovery B Acc,6.553,
08/28/2013,Baillie Gifford Global Discovery B Acc,6.416,
08/29/2013,Baillie Gifford Global Discovery B Acc,6.404,
08/30/2013,Baillie Gifford Global Discovery B Acc,6.508,
08/31/2013,Baillie Gifford Global Discovery B Acc,6.508,
09/01/2013,Baillie Gifford Global Discovery B Acc,6.508,
09/02/2013,Baillie Gifford Global Discovery B Acc,6.509,
09/03/2013,Baillie Gifford Global Discovery B Acc,6.544,
09/04/2013,Baillie Gifford Global Discovery B Acc,6.546,
09/05/2013,Baillie Gifford Global Discovery B Acc,6.584,
09/06/2013,Baillie Gifford Global Discovery B Acc,6.553,
09/07/2013,Baillie Gifford Global Discovery B Acc,6.553,
09/08/2013,Baillie Gifford Global Discovery B Acc,6.553,
09/09/2013,Baillie Gifford Global Discovery B Acc,6.625,
09/10/2013,Baillie Gifford Global Discovery B Acc,6.696,
09/11/2013,Baillie Gifford Global Discovery B Acc,6.751,
09/12/2013,Baillie Gifford Global Discovery B Acc,6.724,
09/13/2013,Baillie Gifford Global Discovery B Acc,6.69,
09/14/2013,Baillie Gifford Global Discovery B Acc,6.69,
09/15/2013,Baillie Gifford Global Discovery B Acc,6.69,
09/16/2013,Baillie Gifford Global Discovery B Acc,6.727,
09/17/2013,Baillie Gifford Global Discovery B Acc,6.705,
09/18/2013,Baillie Gifford Global Discovery B Acc,6.717,
09/19/2013,Baillie Gifford Global Discovery B Acc,6.794,
09/20/2013,Baillie Gifford Global Discovery B Acc,6.825,
09/21/2013,Baillie Gifford Global Discovery B Acc,6.825,
09/22/2013,Baillie Gifford Global Discovery B Acc,6.825,
09/23/2013,Baillie Gifford Global Discovery B Acc,6.806,
09/24/2013,Baillie Gifford Global Discovery B Acc,6.819,
09/25/2013,Baillie Gifford Global Discovery B Acc,6.858,
09/26/2013,Baillie Gifford Global Discovery B Acc,6.829,
09/27/2013,Baillie Gifford Global Discovery B Acc,6.864,
09/28/2013,Baillie Gifford Global Discovery B Acc,6.864,
09/29/2013,Baillie Gifford Global Discovery B Acc,6.864,
09/30/2013,Baillie Gifford Global Discovery B Acc,6.798,
10/01/2013,Baillie Gifford Global Discovery B Acc,6.79,
10/02/2013,Baillie Gifford Global Discovery B Acc,6.794,
10/03/2013,Baillie Gifford Global Discovery B Acc,6.816,
10/04/2013,Baillie Gifford Global Discovery B Acc,6.755,
10/05/2013,Baillie Gifford Global Discovery B Acc,6.755,
10/06/2013,Baillie Gifford Global Discovery B Acc,6.755,
10/07/2013,Baillie Gifford Global Discovery B Acc,6.745,
10/08/2013,Baillie Gifford Global Discovery B Acc,6.722,
10/09/2013,Baillie Gifford Global Discovery B Acc,6.646,
10/10/2013,Baillie Gifford Global Discovery B Acc,6.637,
10/11/2013,Baillie Gifford Global Discovery B Acc,6.746,
10/12/2013,Baillie Gifford Global Discovery B Acc,6.746,
10/13/2013,Baillie Gifford Global Discovery B Acc,6.746,
10/14/2013,Baillie Gifford Global Discovery B Acc,6.792,
10/15/2013,Baillie Gifford Global Discovery B Acc,6.822,
10/16/2013,Baillie Gifford Global Discovery B Acc,6.793,
10/17/2013,Baillie Gifford Global Discovery B Acc,6.852,
10/18/2013,Baillie Gifford Global Discovery B Acc,6.883,
10/19/2013,Baillie Gifford Global Discovery B Acc,6.883,
10/20/2013,Baillie Gifford Global Discovery B Acc,6.883,
10/21/2013,Baillie Gifford Global Discovery B Acc,6.913,
10/22/2013,Baillie Gifford Global Discovery B Acc,6.935,
10/23/2013,Baillie Gifford Global Discovery B Acc,6.939,
10/24/2013,Baillie Gifford Global Discovery B Acc,6.912,
10/25/2013,Baillie Gifford Global Discovery B Acc,6.931,
10/26/2013,Baillie Gifford Global Discovery B Acc,6.931,
10/27/2013,Baillie Gifford Global Discovery B Acc,6.931,
10/28/2013,Baillie Gifford Global Discovery B Acc,6.904,
10/29/2013,Baillie Gifford Global Discovery B Acc,6.911,
10/30/2013,Baillie Gifford Global Discovery B Acc,6.967,
10/31/2013,Baillie Gifford Global Discovery B Acc,6.919,
11/01/2013,Baillie Gifford Global Discovery B Acc,6.923,
11/02/2013,Baillie Gifford Global Discovery B Acc,6.923,
11/03/2013,Baillie Gifford Global Discovery B Acc,6.923,
11/04/2013,Baillie Gifford Global Discovery B Acc,6.922,
11/05/2013,Baillie Gifford Global Discovery B Acc,6.941,
11/06/2013,Baillie Gifford Global Discovery B Acc,6.971,
11/07/2013,Baillie Gifford Global Discovery B Acc,6.943,
11/08/2013,Baillie Gifford Global Discovery B Acc,6.844,
11/09/2013,Baillie Gifford Global Discovery B Acc,6.844,
11/10/2013,Baillie Gifford Global Discovery B Acc,6.844,
11/11/2013,Baillie Gifford Global Discovery B Acc,6.896,
11/12/2013,Baillie Gifford Global Discovery B Acc,6.995,
11/13/2013,Baillie Gifford Global Discovery B Acc,6.956,
11/14/2013,Baillie Gifford Global Discovery B Acc,6.958,
11/15/2013,Baillie Gifford Global Discovery B Acc,6.971,
11/16/2013,Baillie Gifford Global Discovery B Acc,6.971,
11/17/2013,Baillie Gifford Global Discovery B Acc,6.971,
11/18/2013,Baillie Gifford Global Discovery B Acc,6.988,
11/19/2013,Baillie Gifford Global Discovery B Acc,6.979,
11/20/2013,Baillie Gifford Global Discovery B Acc,6.922,
11/21/2013,Baillie Gifford Global Discovery B Acc,6.82,
11/22/2013,Baillie Gifford Global Discovery B Acc,6.944,
11/23/2013,Baillie Gifford Global Discovery B Acc,6.944,
11/24/2013,Baillie Gifford Global Discovery B Acc,6.944,
11/25/2013,Baillie Gifford Global Discovery B Acc,6.955,
11/26/2013,Baillie Gifford Global Discovery B Acc,6.965,
11/27/2013,Baillie Gifford Global Discovery B Acc,6.907,
11/28/2013,Baillie Gifford Global Discovery B Acc,7.014,
11/29/2013,Baillie Gifford Global Discovery B Acc,7.018,
11/30/2013,Baillie Gifford Global Discovery B Acc,7.018,
12/01/2013,Baillie Gifford Global Discovery B Acc,7.018,
12/02/2013,Baillie Gifford Global Discovery B Acc,7.007,
12/03/2013,Baillie Gifford Global Discovery B Acc,6.951,
12/04/2013,Baillie Gifford Global Discovery B Acc,6.937,
12/05/2013,Baillie Gifford Global Discovery B Acc,6.916,
12/06/2013,Baillie Gifford Global Discovery B Acc,6.928,
12/07/2013,Baillie Gifford Global Discovery B Acc,6.928,
12/08/2013,Baillie Gifford Global Discovery B Acc,6.928,
12/09/2013,Baillie Gifford Global Discovery B Acc,6.958,
12/10/2013,Baillie Gifford Global Discovery B Acc,6.943,
12/11/2013,Baillie Gifford Global Discovery B Acc,6.932,
12/12/2013,Baillie Gifford Global Discovery B Acc,6.841,
12/13/2013,Baillie Gifford Global Discovery B Acc,6.816,
12/14/2013,Baillie Gifford Global Discovery B Acc,6.816,
12/15/2013,Baillie Gifford Global Discovery B Acc,6.816,
12/16/2013,Baillie Gifford Global Discovery B Acc,6.808,
12/17/2013,Baillie Gifford Global Discovery B Acc,6.818,
12/18/2013,Baillie Gifford Global Discovery B Acc,6.89,
12/19/2013,Baillie Gifford Global Discovery B Acc,6.859,
12/20/2013,Baillie Gifford Global Discovery B Acc,6.932,
12/21/2013,Baillie Gifford Global Discovery B Acc,6.932,
12/22/2013,Baillie Gifford Global Discovery B Acc,6.932,
12/23/2013,Baillie Gifford Global Discovery B Acc,7.007,
12/24/2013,Baillie Gifford Global Discovery B Acc,7.056,
12/25/2013,Baillie Gifford Global Discovery B Acc,7.056,
12/26/2013,Baillie Gifford Global Discovery B Acc,7.056,
12/27/2013,Baillie Gifford Global Discovery B Acc,7.06,
12/28/2013,Baillie Gifford Global Discovery B Acc,7.06,
12/29/2013,Baillie Gifford Global Discovery B Acc,7.06,
12/30/2013,Baillie Gifford Global Discovery B Acc,7.027,
12/31/2013,Baillie Gifford Global Discovery B Acc,7.044,
01/01/2014,Baillie Gifford Global Discovery B Acc,7.044,
01/02/2014,Baillie Gifford Global Discovery B Acc,7.067,
01/03/2014,Baillie Gifford Global Discovery B Acc,7.091,
01/04/2014,Baillie Gifford Global Discovery B Acc,7.091,
01/05/2014,Baillie Gifford Global Discovery B Acc,7.091,
01/06/2014,Baillie Gifford Global Discovery B Acc,7.14,
01/07/2014,Baillie Gifford Global Discovery B Acc,7.063,
01/08/2014,Baillie Gifford Global Discovery B Acc,7.133,
01/09/2014,Baillie Gifford Global Discovery B Acc,7.168,
01/10/2014,Baillie Gifford Global Discovery B Acc,7.188,
01/11/2014,Baillie Gifford Global Discovery B Acc,7.188,
01/12/2014,Baillie Gifford Global Discovery B Acc,7.188,
01/13/2014,Baillie Gifford Global Discovery B Acc,7.284,
01/14/2014,Baillie Gifford Global Discovery B Acc,7.304,
01/15/2014,Baillie Gifford Global Discovery B Acc,7.366,
01/16/2014,Baillie Gifford Global Discovery B Acc,7.374,
01/17/2014,Baillie Gifford Global Discovery B Acc,7.378,
01/18/2014,Baillie Gifford Global Discovery B Acc,7.378,
01/19/2014,Baillie Gifford Global Discovery B Acc,7.378,
01/20/2014,Baillie Gifford Global Discovery B Acc,7.362,
01/21/2014,Baillie Gifford Global Discovery B Acc,7.383,
01/22/2014,Baillie Gifford Global Discovery B Acc,7.407,
01/23/2014,Baillie Gifford Global Discovery B Acc,7.418,
01/24/2014,Baillie Gifford Global Discovery B Acc,7.288,
01/25/2014,Baillie Gifford Global Discovery B Acc,7.288,
01/26/2014,Baillie Gifford Global Discovery B Acc,7.288,
01/27/2014,Baillie Gifford Global Discovery B Acc,7.128,
01/28/2014,Baillie Gifford Global Discovery B Acc,7.064,
01/29/2014,Baillie Gifford Global Discovery B Acc,7.224,
01/30/2014,Baillie Gifford Global Discovery B Acc,7.176,
01/31/2014,Baillie Gifford Global Discovery B Acc,7.217,
02/01/2014,Baillie Gifford Global Discovery B Acc,7.217,
02/02/2014,Baillie Gifford Global Discovery B Acc,7.217,
02/03/2014,Baillie Gifford Global Discovery B Acc,7.255,
02/04/2014,Baillie Gifford Global Discovery B Acc,7.097,
02/05/2014,Baillie Gifford Global Discovery B Acc,7.188,
02/06/2014,Baillie Gifford Global Discovery B Acc,7.153,
02/07/2014,Baillie Gifford Global Discovery B Acc,7.191,
02/08/2014,Baillie Gifford Global Discovery B Acc,7.191,
02/09/2014,Baillie Gifford Global Discovery B Acc,7.191,
02/10/2014,Baillie Gifford Global Discovery B Acc,7.259,
02/11/2014,Baillie Gifford Global Discovery B Acc,7.316,
02/12/2014,Baillie Gifford Global Discovery B Acc,7.342,
02/13/2014,Baillie Gifford Global Discovery B Acc,7.309,
02/14/2014,Baillie Gifford Global Discovery B Acc,7.345,
02/15/2014,Baillie Gifford Global Discovery B Acc,7.345,
02/16/2014,Baillie Gifford Global Discovery B Acc,7.345,
02/17/2014,Baillie Gifford Global Discovery B Acc,7.323,
02/18/2014,Baillie Gifford Global Discovery B Acc,7.359,
02/19/2014,Baillie Gifford Global Discovery B Acc,7.43,
02/20/2014,Baillie Gifford Global Discovery B Acc,7.423,
02/21/2014,Baillie Gifford Global Discovery B Acc,7.51,
02/22/2014,Baillie Gifford Global Discovery B Acc,7.51,
02/23/2014,Baillie Gifford Global Discovery B Acc,7.51,
02/24/2014,Baillie Gifford Global Discovery B Acc,7.549,
02/25/2014,Baillie Gifford Global Discovery B Acc,7.588,
02/26/2014,Baillie Gifford Global Discovery B Acc,7.618,
02/27/2014,Baillie Gifford Global Discovery B Acc,7.633,
02/28/2014,Baillie Gifford Global Discovery B Acc,7.62,
03/01/2014,Baillie Gifford Global Discovery B Acc,7.62,
03/02/2014,Baillie Gifford Global Discovery B Acc,7.62,
03/03/2014,Baillie Gifford Global Discovery B Acc,7.47,
03/04/2014,Baillie Gifford Global Discovery B Acc,7.517,
03/05/2014,Baillie Gifford Global Discovery B Acc,7.661,
03/06/2014,Baillie Gifford Global Discovery B Acc,7.692,
03/07/2014,Baillie Gifford Global Discovery B Acc,7.639,
03/08/2014,Baillie Gifford Global Discovery B Acc,7.639,
03/09/2014,Baillie Gifford Global Discovery B Acc,7.639,
03/10/2014,Baillie Gifford Global Discovery B Acc,7.646,
03/11/2014,Baillie Gifford Global Discovery B Acc,7.609,
03/12/2014,Baillie Gifford Global Discovery B Acc,7.528,
03/13/2014,Baillie Gifford Global Discovery B Acc,7.516,
03/14/2014,Baillie Gifford Global Discovery B Acc,7.37,
03/15/2014,Baillie Gifford Global Discovery B Acc,7.37,
03/16/2014,Baillie Gifford Global Discovery B Acc,7.37,
03/17/2014,Baillie Gifford Global Discovery B Acc,7.405,
03/18/2014,Baillie Gifford Global Discovery B Acc,7.431,
03/19/2014,Baillie Gifford Global Discovery B Acc,7.528,
03/20/2014,Baillie Gifford Global Discovery B Acc,7.47,
03/21/2014,Baillie Gifford Global Discovery B Acc,7.476,
03/22/2014,Baillie Gifford Global Discovery B Acc,7.476,
03/23/2014,Baillie Gifford Global Discovery B Acc,7.476,
03/24/2014,Baillie Gifford Global Discovery B Acc,7.405,
03/25/2014,Baillie Gifford Global Discovery B Acc,7.297,
03/26/2014,Baillie Gifford Global Discovery B Acc,7.295,
03/27/2014,Baillie Gifford Global Discovery B Acc,7.173,
03/28/2014,Baillie Gifford Global Discovery B Acc,7.172,
03/29/2014,Baillie Gifford Global Discovery B Acc,7.172,
03/30/2014,Baillie Gifford Global Discovery B Acc,7.172,
03/31/2014,Baillie Gifford Global Discovery B Acc,7.169,
04/01/2014,Baillie Gifford Global Discovery B Acc,7.246,
04/02/2014,Baillie Gifford Global Discovery B Acc,7.325,
04/03/2014,Baillie Gifford Global Discovery B Acc,7.36,
04/04/2014,Baillie Gifford Global Discovery B Acc,7.293,
04/05/2014,Baillie Gifford Global Discovery B Acc,7.293,
04/06/2014,Baillie Gifford Global Discovery B Acc,7.293,
04/07/2014,Baillie Gifford Global Discovery B Acc,7.127,
04/08/2014,Baillie Gifford Global Discovery B Acc,6.937,
04/09/2014,Baillie Gifford Global Discovery B Acc,6.998,
04/10/2014,Baillie Gifford Global Discovery B Acc,7.092,
04/11/2014,Baillie Gifford Global Discovery B Acc,6.833,
04/12/2014,Baillie Gifford Global Discovery B Acc,6.833,
04/13/2014,Baillie Gifford Global Discovery B Acc,6.833,
04/14/2014,Baillie Gifford Global Discovery B Acc,6.651,
04/15/2014,Baillie Gifford Global Discovery B Acc,6.682,
04/16/2014,Baillie Gifford Global Discovery B Acc,6.663,
04/17/2014,Baillie Gifford Global Discovery B Acc,6.733,
04/18/2014,Baillie Gifford Global Discovery B Acc,6.733,
04/19/2014,Baillie Gifford Global Discovery B Acc,6.733,
04/20/2014,Baillie Gifford Global Discovery B Acc,6.733,
04/21/2014,Baillie Gifford Global Discovery B Acc,6.733,
04/22/2014,Baillie Gifford Global Discovery B Acc,6.819,
04/23/2014,Baillie Gifford Global Discovery B Acc,6.918,
04/24/2014,Baillie Gifford Global Discovery B Acc,6.843,
04/25/2014,Baillie Gifford Global Discovery B Acc,6.754,
04/26/2014,Baillie Gifford Global Discovery B Acc,6.754,
04/27/2014,Baillie Gifford Global Discovery B Acc,6.754,
04/28/2014,Baillie Gifford Global Discovery B Acc,6.593,
04/29/2014,Baillie Gifford Global Discovery B Acc,6.5,
04/30/2014,Baillie Gifford Global Discovery B Acc,6.564,
05/01/2014,Baillie Gifford Global Discovery B Acc,6.512,
05/02/2014,Baillie Gifford Global Discovery B Acc,6.543,
05/03/2014,Baillie Gifford Global Discovery B Acc,6.543,
05/04/2014,Baillie Gifford Global Discovery B Acc,6.543,
05/05/2014,Baillie Gifford Global Discovery B Acc,6.543,
05/06/2014,Baillie Gifford Global Discovery B Acc,6.586,
05/07/2014,Baillie Gifford Global Discovery B Acc,6.509,
05/08/2014,Baillie Gifford Global Discovery B Acc,6.388,
05/09/2014,Baillie Gifford Global Discovery B Acc,6.38,
05/10/2014,Baillie Gifford Global Discovery B Acc,6.38,
05/11/2014,Baillie Gifford Global Discovery B Acc,6.38,
05/12/2014,Baillie Gifford Global Discovery B Acc,6.412,
05/13/2014,Baillie Gifford Global Discovery B Acc,6.583,
05/14/2014,Baillie Gifford Global Discovery B Acc,6.511,
05/15/2014,Baillie Gifford Global Discovery B Acc,6.505,
05/16/2014,Baillie Gifford Global Discovery B Acc,6.404,
05/17/2014,Baillie Gifford Global Discovery B Acc,6.404,
05/18/2014,Baillie Gifford Global Discovery B Acc,6.404,
05/19/2014,Baillie Gifford Global Discovery B Acc,6.398,
05/20/2014,Baillie Gifford Global Discovery B Acc,6.437,
05/21/2014,Baillie Gifford Global Discovery B Acc,6.356,
05/22/2014,Baillie Gifford Global Discovery B Acc,6.44,
05/23/2014,Baillie Gifford Global Discovery B Acc,6.521,
05/24/2014,Baillie Gifford Global Discovery B Acc,6.521,
05/25/2014,Baillie Gifford Global Discovery B Acc,6.521,
05/26/2014,Baillie Gifford Global Discovery B Acc,6.521,
05/27/2014,Baillie Gifford Global Discovery B Acc,6.643,
05/28/2014,Baillie Gifford Global Discovery B Acc,6.778,
05/29/2014,Baillie Gifford Global Discovery B Acc,6.811,
05/30/2014,Baillie Gifford Global Discovery B Acc,6.849,
05/31/2014,Baillie Gifford Global Discovery B Acc,6.849,
06/01/2014,Baillie Gifford Global Discovery B Acc,6.849,
06/02/2014,Baillie Gifford Global Discovery B Acc,6.829,
06/03/2014,Baillie Gifford Global Discovery B Acc,6.772,
06/04/2014,Baillie Gifford Global Discovery B Acc,6.756,
06/05/2014,Baillie Gifford Global Discovery B Acc,6.687,
06/06/2014,Baillie Gifford Global Discovery B Acc,6.816,
06/07/2014,Baillie Gifford Global Discovery B Acc,6.816,
06/08/2014,Baillie Gifford Global Discovery B Acc,6.816,
06/09/2014,Baillie Gifford Global Discovery B Acc,6.832,
06/10/2014,Baillie Gifford Global Discovery B Acc,6.906,
06/11/2014,Baillie Gifford Global Discovery B Acc,6.911,
06/12/2014,Baillie Gifford Global Discovery B Acc,6.941,
06/13/2014,Baillie Gifford Global Discovery B Acc,6.793,
06/14/2014,Baillie Gifford Global Discovery B Acc,6.793,
06/15/2014,Baillie Gifford Global Discovery B Acc,6.793,
06/16/2014,Baillie Gifford Global Discovery B Acc,6.872,
06/17/2014,Baillie Gifford Global Discovery B Acc,6.976,
06/18/2014,Baillie Gifford Global Discovery B Acc,7.017,
06/19/2014,Baillie Gifford Global Discovery B Acc,7.062,
06/20/2014,Baillie Gifford Global Discovery B Acc,7.021,
06/21/2014,Baillie Gifford Global Discovery B Acc,7.021,
06/22/2014,Baillie Gifford Global Discovery B Acc,7.021,
06/23/2014,Baillie Gifford Global Discovery B Acc,7.042,
06/24/2014,Baillie Gifford Global Discovery B Acc,7.073,
06/25/2014,Baillie Gifford Global Discovery B Acc,6.961,
06/26/2014,Baillie Gifford Global Discovery B Acc,7.033,
06/27/2014,Baillie Gifford Global Discovery B Acc,7.017,
06/28/2014,Baillie Gifford Global Discovery B Acc,7.017,
06/29/2014,Baillie Gifford Global Discovery B Acc,7.017,
06/30/2014,Baillie Gifford Global Discovery B Acc,7.048,
07/01/2014,Baillie Gifford Global Discovery B Acc,7.047,
07/02/2014,Baillie Gifford Global Discovery B Acc,7.096,
07/03/2014,Baillie Gifford Global Discovery B Acc,7.103,
07/04/2014,Baillie Gifford Global Discovery B Acc,7.124,
07/05/2014,Baillie Gifford Global Discovery B Acc,7.124,
07/06/2014,Baillie Gifford Global Discovery B Acc,7.124,
07/07/2014,Baillie Gifford Global Discovery B Acc,7.101,
07/08/2014,Baillie Gifford Global Discovery B Acc,7.016,
07/09/2014,Baillie Gifford Global Discovery B Acc,6.803,
07/10/2014,Baillie Gifford Global Discovery B Acc,6.845,
07/11/2014,Baillie Gifford Global Discovery B Acc,6.749,
07/12/2014,Baillie Gifford Global Discovery B Acc,6.749,
07/13/2014,Baillie Gifford Global Discovery B Acc,6.749,
07/14/2014,Baillie Gifford Global Discovery B Acc,6.836,
07/15/2014,Baillie Gifford Global Discovery B Acc,6.791,
07/16/2014,Baillie Gifford Global Discovery B Acc,6.758,
07/17/2014,Baillie Gifford Global Discovery B Acc,6.746,
07/18/2014,Baillie Gifford Global Discovery B Acc,6.7,
07/19/2014,Baillie Gifford Global Discovery B Acc,6.7,
07/20/2014,Baillie Gifford Global Discovery B Acc,6.7,
07/21/2014,Baillie Gifford Global Discovery B Acc,6.757,
07/22/2014,Baillie Gifford Global Discovery B Acc,6.728,
07/23/2014,Baillie Gifford Global Discovery B Acc,6.842,
07/24/2014,Baillie Gifford Global Discovery B Acc,6.848,
07/25/2014,Baillie Gifford Global Discovery B Acc,6.901,
07/26/2014,Baillie Gifford Global Discovery B Acc,6.901,
07/27/2014,Baillie Gifford Global Discovery B Acc,6.901,
07/28/2014,Baillie Gifford Global Discovery B Acc,6.885,
07/29/2014,Baillie Gifford Global Discovery B Acc,6.885,
07/30/2014,Baillie Gifford Global Discovery B Acc,6.891,
07/31/2014,Baillie Gifford Global Discovery B Acc,6.886,
08/01/2014,Baillie Gifford Global Discovery B Acc,6.733,
08/02/2014,Baillie Gifford Global Discovery B Acc,6.733,
08/03/2014,Baillie Gifford Global Discovery B Acc,6.733,
08/04/2014,Baillie Gifford Global Discovery B Acc,6.723,
08/05/2014,Baillie Gifford Global Discovery B Acc,6.716,
08/06/2014,Baillie Gifford Global Discovery B Acc,6.674,
08/07/2014,Baillie Gifford Global Discovery B Acc,6.748,
08/08/2014,Baillie Gifford Global Discovery B Acc,6.708,
08/09/2014,Baillie Gifford Global Discovery B Acc,6.708,
08/10/2014,Baillie Gifford Global Discovery B Acc,6.708,
08/11/2014,Baillie Gifford Global Discovery B Acc,6.779,
08/12/2014,Baillie Gifford Global Discovery B Acc,6.945,
08/13/2014,Baillie Gifford Global Discovery B Acc,6.884,
08/14/2014,Baillie Gifford Global Discovery B Acc,6.976,
08/15/2014,Baillie Gifford Global Discovery B Acc,7.009,
08/16/2014,Baillie Gifford Global Discovery B Acc,7.009,
08/17/2014,Baillie Gifford Global Discovery B Acc,7.009,
08/18/2014,Baillie Gifford Global Discovery B Acc,7.025,
08/19/2014,Baillie Gifford Global Discovery B Acc,7.13,
08/20/2014,Baillie Gifford Global Discovery B Acc,7.146,
08/21/2014,Baillie Gifford Global Discovery B Acc,7.154,
08/22/2014,Baillie Gifford Global Discovery B Acc,7.159,
08/23/2014,Baillie Gifford Global Discovery B Acc,7.159,
08/24/2014,Baillie Gifford Global Discovery B Acc,7.159,
08/25/2014,Baillie Gifford Global Discovery B Acc,7.159,
08/26/2014,Baillie Gifford Global Discovery B Acc,7.223,
08/27/2014,Baillie Gifford Global Discovery B Acc,7.309,
08/28/2014,Baillie Gifford Global Discovery B Acc,7.234,
08/29/2014,Baillie Gifford Global Discovery B Acc,7.202,
08/30/2014,Baillie Gifford Global Discovery B Acc,7.202,
08/31/2014,Baillie Gifford Global Discovery B Acc,7.202,
09/01/2014,Baillie Gifford Global Discovery B Acc,7.233,
09/02/2014,Baillie Gifford Global Discovery B Acc,7.29,
09/03/2014,Baillie Gifford Global Discovery B Acc,7.345,
09/04/2014,Baillie Gifford Global Discovery B Acc,7.324,
09/05/2014,Baillie Gifford Global Discovery B Acc,7.323,
09/06/2014,Baillie Gifford Global Discovery B Acc,7.323,
09/07/2014,Baillie Gifford Global Discovery B Acc,7.323,
09/08/2014,Baillie Gifford Global Discovery B Acc,7.352,
09/09/2014,Baillie Gifford Global Discovery B Acc,7.316,
09/10/2014,Baillie Gifford Global Discovery B Acc,7.355,
09/11/2014,Baillie Gifford Global Discovery B Acc,7.296,
09/12/2014,Baillie Gifford Global Discovery B Acc,7.259,
09/13/2014,Baillie Gifford Global Discovery B Acc,7.259,
09/14/2014,Baillie Gifford Global Discovery B Acc,7.259,
09/15/2014,Baillie Gifford Global Discovery B Acc,7.272,
09/16/2014,Baillie Gifford Global Discovery B Acc,7.195,
09/17/2014,Baillie Gifford Global Discovery B Acc,7.21,
09/18/2014,Baillie Gifford Global Discovery B Acc,7.173,
09/19/2014,Baillie Gifford Global Discovery B Acc,7.284,
09/20/2014,Baillie Gifford Global Discovery B Acc,7.284,
09/21/2014,Baillie Gifford Global Discovery B Acc,7.284,
09/22/2014,Baillie Gifford Global Discovery B Acc,7.232,
09/23/2014,Baillie Gifford Global Discovery B Acc,7.104,
09/24/2014,Baillie Gifford Global Discovery B Acc,7.054,
09/25/2014,Baillie Gifford Global Discovery B Acc,7.148,
09/26/2014,Baillie Gifford Global Discovery B Acc,7.024,
09/27/2014,Baillie Gifford Global Discovery B Acc,7.024,
09/28/2014,Baillie Gifford Global Discovery B Acc,7.024,
09/29/2014,Baillie Gifford Global Discovery B Acc,7.105,
09/30/2014,Baillie Gifford Global Discovery B Acc,7.028,
10/01/2014,Baillie Gifford Global Discovery B Acc,7.055,
10/02/2014,Baillie Gifford Global Discovery B Acc,6.869,
10/03/2014,Baillie Gifford Global Discovery B Acc,6.974,
10/04/2014,Baillie Gifford Global Discovery B Acc,6.974,
10/05/2014,Baillie Gifford Global Discovery B Acc,6.974,
10/06/2014,Baillie Gifford Global Discovery B Acc,7.05,
10/07/2014,Baillie Gifford Global Discovery B Acc,6.962,
10/08/2014,Baillie Gifford Global Discovery B Acc,6.847,
10/09/2014,Baillie Gifford Global Discovery B Acc,6.898,
10/10/2014,Baillie Gifford Global Discovery B Acc,6.728,
10/11/2014,Baillie Gifford Global Discovery B Acc,6.728,
10/12/2014,Baillie Gifford Global Discovery B Acc,6.728,
10/13/2014,Baillie Gifford Global Discovery B Acc,6.573,
10/14/2014,Baillie Gifford Global Discovery B Acc,6.657,
10/15/2014,Baillie Gifford Global Discovery B Acc,6.663,
10/16/2014,Baillie Gifford Global Discovery B Acc,6.635,
10/17/2014,Baillie Gifford Global Discovery B Acc,6.721,
10/18/2014,Baillie Gifford Global Discovery B Acc,6.721,
10/19/2014,Baillie Gifford Global Discovery B Acc,6.721,
10/20/2014,Baillie Gifford Global Discovery B Acc,6.736,
10/21/2014,Baillie Gifford Global Discovery B Acc,6.794,
10/22/2014,Baillie Gifford Global Discovery B Acc,6.96,
10/23/2014,Baillie Gifford Global Discovery B Acc,6.879,
10/24/2014,Baillie Gifford Global Discovery B Acc,6.922,
10/25/2014,Baillie Gifford Global Discovery B Acc,6.922,
10/26/2014,Baillie Gifford Global Discovery B Acc,6.922,
10/27/2014,Baillie Gifford Global Discovery B Acc,6.869,
10/28/2014,Baillie Gifford Global Discovery B Acc,6.916,
10/29/2014,Baillie Gifford Global Discovery B Acc,7.062,
10/30/2014,Baillie Gifford Global Discovery B Acc,7.066,
10/31/2014,Baillie Gifford Global Discovery B Acc,7.166,
11/01/2014,Baillie Gifford Global Discovery B Acc,7.166,
11/02/2014,Baillie Gifford Global Discovery B Acc,7.166,
11/03/2014,Baillie Gifford Global Discovery B Acc,7.244,
11/04/2014,Baillie Gifford Global Discovery B Acc,7.216,
11/05/2014,Baillie Gifford Global Discovery B Acc,7.183,
11/06/2014,Baillie Gifford Global Discovery B Acc,7.166,
11/07/2014,Baillie Gifford Global Discovery B Acc,7.258,
11/08/2014,Baillie Gifford Global Discovery B Acc,7.258,
11/09/2014,Baillie Gifford Global Discovery B Acc,7.258,
11/10/2014,Baillie Gifford Global Discovery B Acc,7.249,
11/11/2014,Baillie Gifford Global Discovery B Acc,7.313,
11/12/2014,Baillie Gifford Global Discovery B Acc,7.29,
11/13/2014,Baillie Gifford Global Discovery B Acc,7.327,
11/14/2014,Baillie Gifford Global Discovery B Acc,7.327,
11/15/2014,Baillie Gifford Global Discovery B Acc,7.327,
11/16/2014,Baillie Gifford Global Discovery B Acc,7.327,
11/17/2014,Baillie Gifford Global Discovery B Acc,7.314,
11/18/2014,Baillie Gifford Global Discovery B Acc,7.347,
11/19/2014,Baillie Gifford Global Discovery B Acc,7.373,
11/20/2014,Baillie Gifford Global Discovery B Acc,7.264,
11/21/2014,Baillie Gifford Global Discovery B Acc,7.37,
11/22/2014,Baillie Gifford Global Discovery B Acc,7.37,
11/23/2014,Baillie Gifford Global Discovery B Acc,7.37,
11/24/2014,Baillie Gifford Global Discovery B Acc,7.33,
11/25/2014,Baillie Gifford Global Discovery B Acc,7.445,
11/26/2014,Baillie Gifford Global Discovery B Acc,7.454,
11/27/2014,Baillie Gifford Global Discovery B Acc,7.476,
11/28/2014,Baillie Gifford Global Discovery B Acc,7.489,
11/29/2014,Baillie Gifford Global Discovery B Acc,7.489,
11/30/2014,Baillie Gifford Global Discovery B Acc,7.489,
12/01/2014,Baillie Gifford Global Discovery B Acc,7.485,
12/02/2014,Baillie Gifford Global Discovery B Acc,7.384,
12/03/2014,Baillie Gifford Global Discovery B Acc,7.459,
12/04/2014,Baillie Gifford Global Discovery B Acc,7.417,
12/05/2014,Baillie Gifford Global Discovery B Acc,7.406,
12/06/2014,Baillie Gifford Global Discovery B Acc,7.406,
12/07/2014,Baillie Gifford Global Discovery B Acc,7.406,
12/08/2014,Baillie Gifford Global Discovery B Acc,7.46,
12/09/2014,Baillie Gifford Global Discovery B Acc,7.452,
12/10/2014,Baillie Gifford Global Discovery B Acc,7.439,
12/11/2014,Baillie Gifford Global Discovery B Acc,7.314,
12/12/2014,Baillie Gifford Global Discovery B Acc,7.273,
12/13/2014,Baillie Gifford Global Discovery B Acc,7.273,
12/14/2014,Baillie Gifford Global Discovery B Acc,7.273,
12/15/2014,Baillie Gifford Global Discovery B Acc,7.37,
12/16/2014,Baillie Gifford Global Discovery B Acc,7.269,
12/17/2014,Baillie Gifford Global Discovery B Acc,7.124,
12/18/2014,Baillie Gifford Global Discovery B Acc,7.353,
12/19/2014,Baillie Gifford Global Discovery B Acc,7.397,
12/20/2014,Baillie Gifford Global Discovery B Acc,7.397,
12/21/2014,Baillie Gifford Global Discovery B Acc,7.397,
12/22/2014,Baillie Gifford Global Discovery B Acc,7.521,
12/23/2014,Baillie Gifford Global Discovery B Acc,7.565,
12/24/2014,Baillie Gifford Global Discovery B Acc,7.431,
12/25/2014,Baillie Gifford Global Discovery B Acc,7.431,
12/26/2014,Baillie Gifford Global Discovery B Acc,7.431,
12/27/2014,Baillie Gifford Global Discovery B Acc,7.431,
12/28/2014,Baillie Gifford Global Discovery B Acc,7.431,
12/29/2014,Baillie Gifford Global Discovery B Acc,7.617,
12/30/2014,Baillie Gifford Global Discovery B Acc,7.624,
12/31/2014,Baillie Gifford Global Discovery B Acc,7.604,
01/01/2015,Baillie Gifford Global Discovery B Acc,7.604,
01/02/2015,Baillie Gifford Global Discovery B Acc,7.63,
01/03/2015,Baillie Gifford Global Discovery B Acc,7.63,
01/04/2015,Baillie Gifford Global Discovery B Acc,7.63,
01/05/2015,Baillie Gifford Global Discovery B Acc,7.684,
01/06/2015,Baillie Gifford Global Discovery B Acc,7.564,
01/07/2015,Baillie Gifford Global Discovery B Acc,7.523,
01/08/2015,Baillie Gifford Global Discovery B Acc,7.617,
01/09/2015,Baillie Gifford Global Discovery B Acc,7.722,
01/10/2015,Baillie Gifford Global Discovery B Acc,7.722,
01/11/2015,Baillie Gifford Global Discovery B Acc,7.722,
01/12/2015,Baillie Gifford Global Discovery B Acc,7.77,
01/13/2015,Baillie Gifford Global Discovery B Acc,7.744,
01/14/2015,Baillie Gifford Global Discovery B Acc,7.729,
01/15/2015,Baillie Gifford Global Discovery B Acc,7.673,
01/16/2015,Baillie Gifford Global Discovery B Acc,7.539,
01/17/2015,Baillie Gifford Global Discovery B Acc,7.539,
01/18/2015,Baillie Gifford Global Discovery B Acc,7.539,
01/19/2015,Baillie Gifford Global Discovery B Acc,7.668,
01/20/2015,Baillie Gifford Global Discovery B Acc,7.634,
01/21/2015,Baillie Gifford Global Discovery B Acc,7.589,
01/22/2015,Baillie Gifford Global Discovery B Acc,7.588,
01/23/2015,Baillie Gifford Global Discovery B Acc,7.676,
01/24/2015,Baillie Gifford Global Discovery B Acc,7.676,
01/25/2015,Baillie Gifford Global Discovery B Acc,7.676,
01/26/2015,Baillie Gifford Global Discovery B Acc,7.699,
01/27/2015,Baillie Gifford Global Discovery B Acc,7.736,
01/28/2015,Baillie Gifford Global Discovery B Acc,7.665,
01/29/2015,Baillie Gifford Global Discovery B Acc,7.66,
01/30/2015,Baillie Gifford Global Discovery B Acc,7.746,
01/31/2015,Baillie Gifford Global Discovery B Acc,7.746,
02/01/2015,Baillie Gifford Global Discovery B Acc,7.746,
02/02/2015,Baillie Gifford Global Discovery B Acc,7.679,
02/03/2015,Baillie Gifford Global Discovery B Acc,7.664,
02/04/2015,Baillie Gifford Global Discovery B Acc,7.675,
02/05/2015,Baillie Gifford Global Discovery B Acc,7.726,
02/06/2015,Baillie Gifford Global Discovery B Acc,7.735,
02/07/2015,Baillie Gifford Global Discovery B Acc,7.735,
02/08/2015,Baillie Gifford Global Discovery B Acc,7.735,
02/09/2015,Baillie Gifford Global Discovery B Acc,7.757,
02/10/2015,Baillie Gifford Global Discovery B Acc,7.84,
02/11/2015,Baillie Gifford Global Discovery B Acc,7.876,
02/12/2015,Baillie Gifford Global Discovery B Acc,7.946,
02/13/2015,Baillie Gifford Global Discovery B Acc,8.01,
02/14/2015,Baillie Gifford Global Discovery B Acc,8.01,
02/15/2015,Baillie Gifford Global Discovery B Acc,8.01,
02/16/2015,Baillie Gifford Global Discovery B Acc,8.015,
02/17/2015,Baillie Gifford Global Discovery B Acc,7.954,
02/18/2015,Baillie Gifford Global Discovery B Acc,8.035,
02/19/2015,Baillie Gifford Global Discovery B Acc,8.062,
02/20/2015,Baillie Gifford Global Discovery B Acc,8.146,
02/21/2015,Baillie Gifford Global Discovery B Acc,8.146,
02/22/2015,Baillie Gifford Global Discovery B Acc,8.146,
02/23/2015,Baillie Gifford Global Discovery B Acc,8.137,
02/24/2015,Baillie Gifford Global Discovery B Acc,8.169,
02/25/2015,Baillie Gifford Global Discovery B Acc,8.179,
02/26/2015,Baillie Gifford Global Discovery B Acc,8.202,
02/27/2015,Baillie Gifford Global Discovery B Acc,8.251,
02/28/2015,Baillie Gifford Global Discovery B Acc,8.251,
03/01/2015,Baillie Gifford Global Discovery B Acc,8.251,
03/02/2015,Baillie Gifford Global Discovery B Acc,8.19,
03/03/2015,Baillie Gifford Global Discovery B Acc,8.236,
03/04/2015,Baillie Gifford Global Discovery B Acc,8.183,
03/05/2015,Baillie Gifford Global Discovery B Acc,8.233,
03/06/2015,Baillie Gifford Global Discovery B Acc,8.318,
03/07/2015,Baillie Gifford Global Discovery B Acc,8.318,
03/08/2015,Baillie Gifford Global Discovery B Acc,8.318,
03/09/2015,Baillie Gifford Global Discovery B Acc,8.243,
03/10/2015,Baillie Gifford Global Discovery B Acc,8.229,
03/11/2015,Baillie Gifford Global Discovery B Acc,8.193,
03/12/2015,Baillie Gifford Global Discovery B Acc,8.204,
03/13/2015,Baillie Gifford Global Discovery B Acc,8.31,
03/14/2015,Baillie Gifford Global Discovery B Acc,8.31,
03/15/2015,Baillie Gifford Global Discovery B Acc,8.31,
03/16/2015,Baillie Gifford Global Discovery B Acc,8.382,
03/17/2015,Baillie Gifford Global Discovery B Acc,8.402,
03/18/2015,Baillie Gifford Global Discovery B Acc,8.448,
03/19/2015,Baillie Gifford Global Discovery B Acc,8.393,
03/20/2015,Baillie Gifford Global Discovery B Acc,8.519,
03/21/2015,Baillie Gifford Global Discovery B Acc,8.519,
03/22/2015,Baillie Gifford Global Discovery B Acc,8.519,
03/23/2015,Baillie Gifford Global Discovery B Acc,8.463,
03/24/2015,Baillie Gifford Global Discovery B Acc,8.448,
03/25/2015,Baillie Gifford Global Discovery B Acc,8.436,
03/26/2015,Baillie Gifford Global Discovery B Acc,8.166,
03/27/2015,Baillie Gifford Global Discovery B Acc,8.211,
03/28/2015,Baillie Gifford Global Discovery B Acc,8.211,
03/29/2015,Baillie Gifford Global Discovery B Acc,8.211,
03/30/2015,Baillie Gifford Global Discovery B Acc,8.285,
03/31/2015,Baillie Gifford Global Discovery B Acc,8.373,
04/01/2015,Baillie Gifford Global Discovery B Acc,8.253,
04/02/2015,Baillie Gifford Global Discovery B Acc,8.279,
04/03/2015,Baillie Gifford Global Discovery B Acc,8.279,
04/04/2015,Baillie Gifford Global Discovery B Acc,8.279,
04/05/2015,Baillie Gifford Global Discovery B Acc,8.279,
04/06/2015,Baillie Gifford Global Discovery B Acc,8.279,
04/07/2015,Baillie Gifford Global Discovery B Acc,8.336,
04/08/2015,Baillie Gifford Global Discovery B Acc,8.36,
04/09/2015,Baillie Gifford Global Discovery B Acc,8.499,
04/10/2015,Baillie Gifford Global Discovery B Acc,8.64,
04/11/2015,Baillie Gifford Global Discovery B Acc,8.64,
04/12/2015,Baillie Gifford Global Discovery B Acc,8.64,
04/13/2015,Baillie Gifford Global Discovery B Acc,8.723,
04/14/2015,Baillie Gifford Global Discovery B Acc,8.713,
04/15/2015,Baillie Gifford Global Discovery B Acc,8.696,
04/16/2015,Baillie Gifford Global Discovery B Acc,8.689,
04/17/2015,Baillie Gifford Global Discovery B Acc,8.592,
04/18/2015,Baillie Gifford Global Discovery B Acc,8.592,
04/19/2015,Baillie Gifford Global Discovery B Acc,8.592,
04/20/2015,Baillie Gifford Global Discovery B Acc,8.486,
04/21/2015,Baillie Gifford Global Discovery B Acc,8.543,
04/22/2015,Baillie Gifford Global Discovery B Acc,8.507,
04/23/2015,Baillie Gifford Global Discovery B Acc,8.487,
04/24/2015,Baillie Gifford Global Discovery B Acc,8.485,
04/25/2015,Baillie Gifford Global Discovery B Acc,8.485,
04/26/2015,Baillie Gifford Global Discovery B Acc,8.485,
04/27/2015,Baillie Gifford Global Discovery B Acc,8.479,
04/28/2015,Baillie Gifford Global Discovery B Acc,8.449,
04/29/2015,Baillie Gifford Global Discovery B Acc,8.261,
04/30/2015,Baillie Gifford Global Discovery B Acc,8.167,
05/01/2015,Baillie Gifford Global Discovery B Acc,8.218,
05/02/2015,Baillie Gifford Global Discovery B Acc,8.218,
05/03/2015,Baillie Gifford Global Discovery B Acc,8.218,
05/04/2015,Baillie Gifford Global Discovery B Acc,8.218,
05/05/2015,Baillie Gifford Global Discovery B Acc,8.363,
05/06/2015,Baillie Gifford Global Discovery B Acc,8.249,
05/07/2015,Baillie Gifford Global Discovery B Acc,8.235,
05/08/2015,Baillie Gifford Global Discovery B Acc,8.265,
05/09/2015,Baillie Gifford Global Discovery B Acc,8.265,
05/10/2015,Baillie Gifford Global Discovery B Acc,8.265,
05/11/2015,Baillie Gifford Global Discovery B Acc,8.382,
05/12/2015,Baillie Gifford Global Discovery B Acc,8.255,
05/13/2015,Baillie Gifford Global Discovery B Acc,8.309,
05/14/2015,Baillie Gifford Global Discovery B Acc,8.352,
05/15/2015,Baillie Gifford Global Discovery B Acc,8.404,
05/16/2015,Baillie Gifford Global Discovery B Acc,8.404,
05/17/2015,Baillie Gifford Global Discovery B Acc,8.404,
05/18/2015,Baillie Gifford Global Discovery B Acc,8.451,
05/19/2015,Baillie Gifford Global Discovery B Acc,8.527,
05/20/2015,Baillie Gifford Global Discovery B Acc,8.548,
05/21/2015,Baillie Gifford Global Discovery B Acc,8.524,
05/22/2015,Baillie Gifford Global Discovery B Acc,8.613,
05/23/2015,Baillie Gifford Global Discovery B Acc,8.613,
05/24/2015,Baillie Gifford Global Discovery B Acc,8.613,
05/25/2015,Baillie Gifford Global Discovery B Acc,8.613,
05/26/2015,Baillie Gifford Global Discovery B Acc,8.667,
05/27/2015,Baillie Gifford Global Discovery B Acc,8.675,
05/28/2015,Baillie Gifford Global Discovery B Acc,8.77,
05/29/2015,Baillie Gifford Global Discovery B Acc,8.772,
05/30/2015,Baillie Gifford Global Discovery B Acc,8.772,
05/31/2015,Baillie Gifford Global Discovery B Acc,8.772,
06/01/2015,Baillie Gifford Global Discovery B Acc,8.774,
06/02/2015,Baillie Gifford Global Discovery B Acc,8.753,
06/03/2015,Baillie Gifford Global Discovery B Acc,8.792,
06/04/2015,Baillie Gifford Global Discovery B Acc,8.721,
06/05/2015,Baillie Gifford Global Discovery B Acc,8.631,
06/06/2015,Baillie Gifford Global Discovery B Acc,8.631,
06/07/2015,Baillie Gifford Global Discovery B Acc,8.631,
06/08/2015,Baillie Gifford Global Discovery B Acc,8.697,
06/09/2015,Baillie Gifford Global Discovery B Acc,8.609,
06/10/2015,Baillie Gifford Global Discovery B Acc,8.562,
06/11/2015,Baillie Gifford Global Discovery B Acc,8.649,
06/12/2015,Baillie Gifford Global Discovery B Acc,8.633,
06/13/2015,Baillie Gifford Global Discovery B Acc,8.633,
06/14/2015,Baillie Gifford Global Discovery B Acc,8.633,
06/15/2015,Baillie Gifford Global Discovery B Acc,8.546,
06/16/2015,Baillie Gifford Global Discovery B Acc,8.521,
06/17/2015,Baillie Gifford Global Discovery B Acc,8.514,
06/18/2015,Baillie Gifford Global Discovery B Acc,8.494,
06/19/2015,Baillie Gifford Global Discovery B Acc,8.59,
06/20/2015,Baillie Gifford Global Discovery B Acc,8.59,
06/21/2015,Baillie Gifford Global Discovery B Acc,8.59,
06/22/2015,Baillie Gifford Global Discovery B Acc,8.629,
06/23/2015,Baillie Gifford Global Discovery B Acc,8.718,
06/24/2015,Baillie Gifford Global Discovery B Acc,8.733,
06/25/2015,Baillie Gifford Global Discovery B Acc,8.687,
06/26/2015,Baillie Gifford Global Discovery B Acc,8.638,
06/27/2015,Baillie Gifford Global Discovery B Acc,8.638,
06/28/2015,Baillie Gifford Global Discovery B Acc,8.638,
06/29/2015,Baillie Gifford Global Discovery B Acc,8.487,
06/30/2015,Baillie Gifford Global Discovery B Acc,8.409,
07/01/2015,Baillie Gifford Global Discovery B Acc,8.586,
07/02/2015,Baillie Gifford Global Discovery B Acc,8.583,
07/03/2015,Baillie Gifford Global Discovery B Acc,8.542,
07/04/2015,Baillie Gifford Global Discovery B Acc,8.542,
07/05/2015,Baillie Gifford Global Discovery B Acc,8.542,
07/06/2015,Baillie Gifford Global Discovery B Acc,8.462,
07/07/2015,Baillie Gifford Global Discovery B Acc,8.493,
07/08/2015,Baillie Gifford Global Discovery B Acc,8.384,
07/09/2015,Baillie Gifford Global Discovery B Acc,8.413,
07/10/2015,Baillie Gifford Global Discovery B Acc,8.459,
07/11/2015,Baillie Gifford Global Discovery B Acc,8.459,
07/12/2015,Baillie Gifford Global Discovery B Acc,8.459,
07/13/2015,Baillie Gifford Global Discovery B Acc,8.527,
07/14/2015,Baillie Gifford Global Discovery B Acc,8.62,
07/15/2015,Baillie Gifford Global Discovery B Acc,8.622,
07/16/2015,Baillie Gifford Global Discovery B Acc,8.627,
07/17/2015,Baillie Gifford Global Discovery B Acc,8.69,
07/18/2015,Baillie Gifford Global Discovery B Acc,8.69,
07/19/2015,Baillie Gifford Global Discovery B Acc,8.69,
07/20/2015,Baillie Gifford Global Discovery B Acc,8.737,
07/21/2015,Baillie Gifford Global Discovery B Acc,8.693,
07/22/2015,Baillie Gifford Global Discovery B Acc,8.652,
07/23/2015,Baillie Gifford Global Discovery B Acc,8.67,
07/24/2015,Baillie Gifford Global Discovery B Acc,8.702,
07/25/2015,Baillie Gifford Global Discovery B Acc,8.702,
07/26/2015,Baillie Gifford Global Discovery B Acc,8.702,
07/27/2015,Baillie Gifford Global Discovery B Acc,8.575,
07/28/2015,Baillie Gifford Global Discovery B Acc,8.469,
07/29/2015,Baillie Gifford Global Discovery B Acc,8.496,
07/30/2015,Baillie Gifford Global Discovery B Acc,8.478,
07/31/2015,Baillie Gifford Global Discovery B Acc,8.462,
08/01/2015,Baillie Gifford Global Discovery B Acc,8.462,
08/02/2015,Baillie Gifford Global Discovery B Acc,8.462,
08/03/2015,Baillie Gifford Global Discovery B Acc,8.477,
08/04/2015,Baillie Gifford Global Discovery B Acc,8.483,
08/05/2015,Baillie Gifford Global Discovery B Acc,8.497,
08/06/2015,Baillie Gifford Global Discovery B Acc,8.473,
08/07/2015,Baillie Gifford Global Discovery B Acc,8.427,
08/08/2015,Baillie Gifford Global Discovery B Acc,8.427,
08/09/2015,Baillie Gifford Global Discovery B Acc,8.427,
08/10/2015,Baillie Gifford Global Discovery B Acc,8.377,
08/11/2015,Baillie Gifford Global Discovery B Acc,8.382,
08/12/2015,Baillie Gifford Global Discovery B Acc,8.251,
08/13/2015,Baillie Gifford Global Discovery B Acc,8.323,
08/14/2015,Baillie Gifford Global Discovery B Acc,8.332,
08/15/2015,Baillie Gifford Global Discovery B Acc,8.332,
08/16/2015,Baillie Gifford Global Discovery B Acc,8.332,
08/17/2015,Baillie Gifford Global Discovery B Acc,8.31,
08/18/2015,Baillie Gifford Global Discovery B Acc,8.368,
08/19/2015,Baillie Gifford Global Discovery B Acc,8.293,
08/20/2015,Baillie Gifford Global Discovery B Acc,8.247,
08/21/2015,Baillie Gifford Global Discovery B Acc,8.009,
08/22/2015,Baillie Gifford Global Discovery B Acc,8.009,
08/23/2015,Baillie Gifford Global Discovery B Acc,8.009,
08/24/2015,Baillie Gifford Global Discovery B Acc,7.713,
08/25/2015,Baillie Gifford Global Discovery B Acc,7.601,
08/26/2015,Baillie Gifford Global Discovery B Acc,7.772,
08/27/2015,Baillie Gifford Global Discovery B Acc,7.962,
08/28/2015,Baillie Gifford Global Discovery B Acc,8.067,
08/29/2015,Baillie Gifford Global Discovery B Acc,8.067,
08/30/2015,Baillie Gifford Global Discovery B Acc,8.067,
08/31/2015,Baillie Gifford Global Discovery B Acc,8.067,
09/01/2015,Baillie Gifford Global Discovery B Acc,7.921,
09/02/2015,Baillie Gifford Global Discovery B Acc,7.902,
09/03/2015,Baillie Gifford Global Discovery B Acc,8.032,
09/04/2015,Baillie Gifford Global Discovery B Acc,7.919,
09/05/2015,Baillie Gifford Global Discovery B Acc,7.919,
09/06/2015,Baillie Gifford Global Discovery B Acc,7.919,
09/07/2015,Baillie Gifford Global Discovery B Acc,7.894,
09/08/2015,Baillie Gifford Global Discovery B Acc,7.941,
09/09/2015,Baillie Gifford Global Discovery B Acc,7.958,
09/10/2015,Baillie Gifford Global Discovery B Acc,7.968,
09/11/2015,Baillie Gifford Global Discovery B Acc,7.968,
09/12/2015,Baillie Gifford Global Discovery B Acc,7.968,
09/13/2015,Baillie Gifford Global Discovery B Acc,7.968,
09/14/2015,Baillie Gifford Global Discovery B Acc,8.028,
09/15/2015,Baillie Gifford Global Discovery B Acc,7.992,
09/16/2015,Baillie Gifford Global Discovery B Acc,8.057,
09/17/2015,Baillie Gifford Global Discovery B Acc,8.088,
09/18/2015,Baillie Gifford Global Discovery B Acc,8.134,
09/19/2015,Baillie Gifford Global Discovery B Acc,8.134,
09/20/2015,Baillie Gifford Global Discovery B Acc,8.134,
09/21/2015,Baillie Gifford Global Discovery B Acc,8.115,
09/22/2015,Baillie Gifford Global Discovery B Acc,7.996,
09/23/2015,Baillie Gifford Global Discovery B Acc,7.989,
09/24/2015,Baillie Gifford Global Discovery B Acc,8.002,
09/25/2015,Baillie Gifford Global Discovery B Acc,7.949,
09/26/2015,Baillie Gifford Global Discovery B Acc,7.949,
09/27/2015,Baillie Gifford Global Discovery B Acc,7.949,
09/28/2015,Baillie Gifford Global Discovery B Acc,7.838,
09/29/2015,Baillie Gifford Global Discovery B Acc,7.66,
09/30/2015,Baillie Gifford Global Discovery B Acc,7.565,
10/01/2015,Baillie Gifford Global Discovery B Acc,7.773,
10/02/2015,Baillie Gifford Global Discovery B Acc,7.682,
10/03/2015,Baillie Gifford Global Discovery B Acc,7.682,
10/04/2015,Baillie Gifford Global Discovery B Acc,7.682,
10/05/2015,Baillie Gifford Global Discovery B Acc,7.886,
10/06/2015,Baillie Gifford Global Discovery B Acc,7.965,
10/07/2015,Baillie Gifford Global Discovery B Acc,7.873,
10/08/2015,Baillie Gifford Global Discovery B Acc,7.873,
10/09/2015,Baillie Gifford Global Discovery B Acc,7.927,
10/10/2015,Baillie Gifford Global Discovery B Acc,7.927,
10/11/2015,Baillie Gifford Global Discovery B Acc,7.927,
10/12/2015,Baillie Gifford Global Discovery B Acc,7.949,
10/13/2015,Baillie Gifford Global Discovery B Acc,7.955,
10/14/2015,Baillie Gifford Global Discovery B Acc,7.81,
10/15/2015,Baillie Gifford Global Discovery B Acc,7.831,
10/16/2015,Baillie Gifford Global Discovery B Acc,7.958,
10/17/2015,Baillie Gifford Global Discovery B Acc,7.958,
10/18/2015,Baillie Gifford Global Discovery B Acc,7.958,
10/19/2015,Baillie Gifford Global Discovery B Acc,7.945,
10/20/2015,Baillie Gifford Global Discovery B Acc,7.953,
10/21/2015,Baillie Gifford Global Discovery B Acc,7.927,
10/22/2015,Baillie Gifford Global Discovery B Acc,7.824,
10/23/2015,Baillie Gifford Global Discovery B Acc,7.883,
10/24/2015,Baillie Gifford Global Discovery B Acc,7.883,
10/25/2015,Baillie Gifford Global Discovery B Acc,7.883,
10/26/2015,Baillie Gifford Global Discovery B Acc,7.965,
10/27/2015,Baillie Gifford Global Discovery B Acc,7.888,
10/28/2015,Baillie Gifford Global Discovery B Acc,7.919,
10/29/2015,Baillie Gifford Global Discovery B Acc,8.045,
10/30/2015,Baillie Gifford Global Discovery B Acc,7.981,
10/31/2015,Baillie Gifford Global Discovery B Acc,7.981,
11/01/2015,Baillie Gifford Global Discovery B Acc,7.981,
11/02/2015,Baillie Gifford Global Discovery B Acc,7.905,
11/03/2015,Baillie Gifford Global Discovery B Acc,8.042,
11/04/2015,Baillie Gifford Global Discovery B Acc,8.073,
11/05/2015,Baillie Gifford Global Discovery B Acc,8.099,
11/06/2015,Baillie Gifford Global Discovery B Acc,8.224,
11/07/2015,Baillie Gifford Global Discovery B Acc,8.224,
11/08/2015,Baillie Gifford Global Discovery B Acc,8.224,
11/09/2015,Baillie Gifford Global Discovery B Acc,8.318,
11/10/2015,Baillie Gifford Global Discovery B Acc,8.275,
11/11/2015,Baillie Gifford Global Discovery B Acc,8.227,
11/12/2015,Baillie Gifford Global Discovery B Acc,8.124,
11/13/2015,Baillie Gifford Global Discovery B Acc,8.069,
11/14/2015,Baillie Gifford Global Discovery B Acc,8.069,
11/15/2015,Baillie Gifford Global Discovery B Acc,8.069,
11/16/2015,Baillie Gifford Global Discovery B Acc,8.015,
11/17/2015,Baillie Gifford Global Discovery B Acc,8.07,
11/18/2015,Baillie Gifford Global Discovery B Acc,7.988,
11/19/2015,Baillie Gifford Global Discovery B Acc,8.181,
11/20/2015,Baillie Gifford Global Discovery B Acc,8.154,
11/21/2015,Baillie Gifford Global Discovery B Acc,8.154,
11/22/2015,Baillie Gifford Global Discovery B Acc,8.154,
11/23/2015,Baillie Gifford Global Discovery B Acc,8.242,
11/24/2015,Baillie Gifford Global Discovery B Acc,8.292,
11/25/2015,Baillie Gifford Global Discovery B Acc,8.304,
11/26/2015,Baillie Gifford Global Discovery B Acc,8.366,
11/27/2015,Baillie Gifford Global Discovery B Acc,8.37,
11/28/2015,Baillie Gifford Global Discovery B Acc,8.37,
11/29/2015,Baillie Gifford Global Discovery B Acc,8.37,
11/30/2015,Baillie Gifford Global Discovery B Acc,8.43,
12/01/2015,Baillie Gifford Global Discovery B Acc,8.406,
12/02/2015,Baillie Gifford Global Discovery B Acc,8.464,
12/03/2015,Baillie Gifford Global Discovery B Acc,8.495,
12/04/2015,Baillie Gifford Global Discovery B Acc,8.392,
12/05/2015,Baillie Gifford Global Discovery B Acc,8.392,
12/06/2015,Baillie Gifford Global Discovery B Acc,8.392,
12/07/2015,Baillie Gifford Global Discovery B Acc,8.519,
12/08/2015,Baillie Gifford Global Discovery B Acc,8.425,
12/09/2015,Baillie Gifford Global Discovery B Acc,8.374,
12/10/2015,Baillie Gifford Global Discovery B Acc,8.26,
12/11/2015,Baillie Gifford Global Discovery B Acc,8.26,
12/12/2015,Baillie Gifford Global Discovery B Acc,8.26,
12/13/2015,Baillie Gifford Global Discovery B Acc,8.26,
12/14/2015,Baillie Gifford Global Discovery B Acc,8.149,
12/15/2015,Baillie Gifford Global Discovery B Acc,8.101,
12/16/2015,Baillie Gifford Global Discovery B Acc,8.255,
12/17/2015,Baillie Gifford Global Discovery B Acc,8.301,
12/18/2015,Baillie Gifford Global Discovery B Acc,8.349,
12/19/2015,Baillie Gifford Global Discovery B Acc,8.349,
12/20/2015,Baillie Gifford Global Discovery B Acc,8.349,
12/21/2015,Baillie Gifford Global Discovery B Acc,8.354,
12/22/2015,Baillie Gifford Global Discovery B Acc,8.394,
12/23/2015,Baillie Gifford Global Discovery B Acc,8.441,
12/24/2015,Baillie Gifford Global Discovery B Acc,8.505,
12/25/2015,Baillie Gifford Global Discovery B Acc,8.505,
12/26/2015,Baillie Gifford Global Discovery B Acc,8.505,
12/27/2015,Baillie Gifford Global Discovery B Acc,8.505,
12/28/2015,Baillie Gifford Global Discovery B Acc,8.505,
12/29/2015,Baillie Gifford Global Discovery B Acc,8.555,
12/30/2015,Baillie Gifford Global Discovery B Acc,8.601,
12/31/2015,Baillie Gifford Global Discovery B Acc,8.558,
01/01/2016,Baillie Gifford Global Discovery B Acc,8.558,
01/02/2016,Baillie Gifford Global Discovery B Acc,8.558,
01/03/2016,Baillie Gifford Global Discovery B Acc,8.558,
01/04/2016,Baillie Gifford Global Discovery B Acc,8.422,
01/05/2016,Baillie Gifford Global Discovery B Acc,8.339,
01/06/2016,Baillie Gifford Global Discovery B Acc,8.31,
01/07/2016,Baillie Gifford Global Discovery B Acc,8.142,
01/08/2016,Baillie Gifford Global Discovery B Acc,8.162,
01/09/2016,Baillie Gifford Global Discovery B Acc,8.162,
01/10/2016,Baillie Gifford Global Discovery B Acc,8.162,
01/11/2016,Baillie Gifford Global Discovery B Acc,8.068,
01/12/2016,Baillie Gifford Global Discovery B Acc,8.01,
01/13/2016,Baillie Gifford Global Discovery B Acc,8.092,
01/14/2016,Baillie Gifford Global Discovery B Acc,7.777,
01/15/2016,Baillie Gifford Global Discovery B Acc,7.693,
01/16/2016,Baillie Gifford Global Discovery B Acc,7.693,
01/17/2016,Baillie Gifford Global Discovery B Acc,7.693,
01/18/2016,Baillie Gifford Global Discovery B Acc,7.581,
01/19/2016,Baillie Gifford Global Discovery B Acc,7.725,
01/20/2016,Baillie Gifford Global Discovery B Acc,7.482,
01/21/2016,Baillie Gifford Global Discovery B Acc,7.568,
01/22/2016,Baillie Gifford Global Discovery B Acc,7.647,
01/23/2016,Baillie Gifford Global Discovery B Acc,7.647,
01/24/2016,Baillie Gifford Global Discovery B Acc,7.647,
01/25/2016,Baillie Gifford Global Discovery B Acc,7.806,
01/26/2016,Baillie Gifford Global Discovery B Acc,7.742,
01/27/2016,Baillie Gifford Global Discovery B Acc,7.725,
01/28/2016,Baillie Gifford Global Discovery B Acc,7.732,
01/29/2016,Baillie Gifford Global Discovery B Acc,7.651,
01/30/2016,Baillie Gifford Global Discovery B Acc,7.651,
01/31/2016,Baillie Gifford Global Discovery B Acc,7.651,
02/01/2016,Baillie Gifford Global Discovery B Acc,7.771,
02/02/2016,Baillie Gifford Global Discovery B Acc,7.735,
02/03/2016,Baillie Gifford Global Discovery B Acc,7.558,
02/04/2016,Baillie Gifford Global Discovery B Acc,7.464,
02/05/2016,Baillie Gifford Global Discovery B Acc,7.531,
02/06/2016,Baillie Gifford Global Discovery B Acc,7.531,
02/07/2016,Baillie Gifford Global Discovery B Acc,7.531,
02/08/2016,Baillie Gifford Global Discovery B Acc,7.225,
02/09/2016,Baillie Gifford Global Discovery B Acc,7.046,
02/10/2016,Baillie Gifford Global Discovery B Acc,7.019,
02/11/2016,Baillie Gifford Global Discovery B Acc,6.952,
02/12/2016,Baillie Gifford Global Discovery B Acc,6.954,
02/13/2016,Baillie Gifford Global Discovery B Acc,6.954,
02/14/2016,Baillie Gifford Global Discovery B Acc,6.954,
02/15/2016,Baillie Gifford Global Discovery B Acc,7.168,
02/16/2016,Baillie Gifford Global Discovery B Acc,7.196,
02/17/2016,Baillie Gifford Global Discovery B Acc,7.348,
02/18/2016,Baillie Gifford Global Discovery B Acc,7.515,
02/19/2016,Baillie Gifford Global Discovery B Acc,7.513,
02/20/2016,Baillie Gifford Global Discovery B Acc,7.513,
02/21/2016,Baillie Gifford Global Discovery B Acc,7.513,
02/22/2016,Baillie Gifford Global Discovery B Acc,7.673,
02/23/2016,Baillie Gifford Global Discovery B Acc,7.666,
02/24/2016,Baillie Gifford Global Discovery B Acc,7.669,
02/25/2016,Baillie Gifford Global Discovery B Acc,7.708,
02/26/2016,Baillie Gifford Global Discovery B Acc,7.857,
02/27/2016,Baillie Gifford Global Discovery B Acc,7.857,
02/28/2016,Baillie Gifford Global Discovery B Acc,7.857,
02/29/2016,Baillie Gifford Global Discovery B Acc,7.814,
03/01/2016,Baillie Gifford Global Discovery B Acc,7.882,
03/02/2016,Baillie Gifford Global Discovery B Acc,8.053,
03/03/2016,Baillie Gifford Global Discovery B Acc,8.058,
03/04/2016,Baillie Gifford Global Discovery B Acc,8.077,
03/05/2016,Baillie Gifford Global Discovery B Acc,8.077,
03/06/2016,Baillie Gifford Global Discovery B Acc,8.077,
03/07/2016,Baillie Gifford Global Discovery B Acc,8.057,
03/08/2016,Baillie Gifford Global Discovery B Acc,8.09,
03/09/2016,Baillie Gifford Global Discovery B Acc,7.999,
03/10/2016,Baillie Gifford Global Discovery B Acc,8.009,
03/11/2016,Baillie Gifford Global Discovery B Acc,7.915,
03/12/2016,Baillie Gifford Global Discovery B Acc,7.915,
03/13/2016,Baillie Gifford Global Discovery B Acc,7.915,
03/14/2016,Baillie Gifford Global Discovery B Acc,8.045,
03/15/2016,Baillie Gifford Global Discovery B Acc,8.191,
03/16/2016,Baillie Gifford Global Discovery B Acc,8.111,
03/17/2016,Baillie Gifford Global Discovery B Acc,8.063,
03/18/2016,Baillie Gifford Global Discovery B Acc,8.068,
03/19/2016,Baillie Gifford Global Discovery B Acc,8.068,
03/20/2016,Baillie Gifford Global Discovery B Acc,8.068,
03/21/2016,Baillie Gifford Global Discovery B Acc,8.138,
03/22/2016,Baillie Gifford Global Discovery B Acc,8.184,
03/23/2016,Baillie Gifford Global Discovery B Acc,8.285,
03/24/2016,Baillie Gifford Global Discovery B Acc,8.195,
03/25/2016,Baillie Gifford Global Discovery B Acc,8.195,
03/26/2016,Baillie Gifford Global Discovery B Acc,8.195,
03/27/2016,Baillie Gifford Global Discovery B Acc,8.195,
03/28/2016,Baillie Gifford Global Discovery B Acc,8.195,
03/29/2016,Baillie Gifford Global Discovery B Acc,8.182,
03/30/2016,Baillie Gifford Global Discovery B Acc,8.208,
03/31/2016,Baillie Gifford Global Discovery B Acc,8.22,
04/01/2016,Baillie Gifford Global Discovery B Acc,8.32,
04/02/2016,Baillie Gifford Global Discovery B Acc,8.32,
04/03/2016,Baillie Gifford Global Discovery B Acc,8.32,
04/04/2016,Baillie Gifford Global Discovery B Acc,8.438,
04/05/2016,Baillie Gifford Global Discovery B Acc,8.373,
04/06/2016,Baillie Gifford Global Discovery B Acc,8.415,
04/07/2016,Baillie Gifford Global Discovery B Acc,8.582,
04/08/2016,Baillie Gifford Global Discovery B Acc,8.499,
04/09/2016,Baillie Gifford Global Discovery B Acc,8.499,
04/10/2016,Baillie Gifford Global Discovery B Acc,8.499,
04/11/2016,Baillie Gifford Global Discovery B Acc,8.447,
04/12/2016,Baillie Gifford Global Discovery B Acc,8.26,
04/13/2016,Baillie Gifford Global Discovery B Acc,8.421,
04/14/2016,Baillie Gifford Global Discovery B Acc,8.484,
04/15/2016,Baillie Gifford Global Discovery B Acc,8.517,
04/16/2016,Baillie Gifford Global Discovery B Acc,8.517,
04/17/2016,Baillie Gifford Global Discovery B Acc,8.517,
04/18/2016,Baillie Gifford Global Discovery B Acc,8.51,
04/19/2016,Baillie Gifford Global Discovery B Acc,8.458,
04/20/2016,Baillie Gifford Global Discovery B Acc,8.396,
04/21/2016,Baillie Gifford Global Discovery B Acc,8.517,
04/22/2016,Baillie Gifford Global Discovery B Acc,8.441,
04/23/2016,Baillie Gifford Global Discovery B Acc,8.441,
04/24/2016,Baillie Gifford Global Discovery B Acc,8.441,
04/25/2016,Baillie Gifford Global Discovery B Acc,8.391,
04/26/2016,Baillie Gifford Global Discovery B Acc,8.3,
04/27/2016,Baillie Gifford Global Discovery B Acc,8.3,
04/28/2016,Baillie Gifford Global Discovery B Acc,8.275,
04/29/2016,Baillie Gifford Global Discovery B Acc,8.142,
04/30/2016,Baillie Gifford Global Discovery B Acc,8.142,
05/01/2016,Baillie Gifford Global Discovery B Acc,8.142,
05/02/2016,Baillie Gifford Global Discovery B Acc,8.142,
05/03/2016,Baillie Gifford Global Discovery B Acc,8.051,
05/04/2016,Baillie Gifford Global Discovery B Acc,7.991,
05/05/2016,Baillie Gifford Global Discovery B Acc,7.913,
05/06/2016,Baillie Gifford Global Discovery B Acc,7.953,
05/07/2016,Baillie Gifford Global Discovery B Acc,7.953,
05/08/2016,Baillie Gifford Global Discovery B Acc,7.953,
05/09/2016,Baillie Gifford Global Discovery B Acc,8.009,
05/10/2016,Baillie Gifford Global Discovery B Acc,8.077,
05/11/2016,Baillie Gifford Global Discovery B Acc,8.084,
05/12/2016,Baillie Gifford Global Discovery B Acc,8.001,
05/13/2016,Baillie Gifford Global Discovery B Acc,7.943,
05/14/2016,Baillie Gifford Global Discovery B Acc,7.943,
05/15/2016,Baillie Gifford Global Discovery B Acc,7.943,
05/16/2016,Baillie Gifford Global Discovery B Acc,7.909,
05/17/2016,Baillie Gifford Global Discovery B Acc,7.937,
05/18/2016,Baillie Gifford Global Discovery B Acc,7.844,
05/19/2016,Baillie Gifford Global Discovery B Acc,7.803,
05/20/2016,Baillie Gifford Global Discovery B Acc,7.84,
05/21/2016,Baillie Gifford Global Discovery B Acc,7.84,
05/22/2016,Baillie Gifford Global Discovery B Acc,7.84,
05/23/2016,Baillie Gifford Global Discovery B Acc,7.994,
05/24/2016,Baillie Gifford Global Discovery B Acc,8.028,
05/25/2016,Baillie Gifford Global Discovery B Acc,8.072,
05/26/2016,Baillie Gifford Global Discovery B Acc,8.094,
05/27/2016,Baillie Gifford Global Discovery B Acc,8.23,
05/28/2016,Baillie Gifford Global Discovery B Acc,8.23,
05/29/2016,Baillie Gifford Global Discovery B Acc,8.23,
05/30/2016,Baillie Gifford Global Discovery B Acc,8.23,
05/31/2016,Baillie Gifford Global Discovery B Acc,8.213,
06/01/2016,Baillie Gifford Global Discovery B Acc,8.328,
06/02/2016,Baillie Gifford Global Discovery B Acc,8.328,
06/03/2016,Baillie Gifford Global Discovery B Acc,8.482,
06/04/2016,Baillie Gifford Global Discovery B Acc,8.482,
06/05/2016,Baillie Gifford Global Discovery B Acc,8.482,
06/06/2016,Baillie Gifford Global Discovery B Acc,8.514,
06/07/2016,Baillie Gifford Global Discovery B Acc,8.471,
06/08/2016,Baillie Gifford Global Discovery B Acc,8.482,
06/09/2016,Baillie Gifford Global Discovery B Acc,8.542,
06/10/2016,Baillie Gifford Global Discovery B Acc,8.424,
06/11/2016,Baillie Gifford Global Discovery B Acc,8.424,
06/12/2016,Baillie Gifford Global Discovery B Acc,8.424,
06/13/2016,Baillie Gifford Global Discovery B Acc,8.352,
06/14/2016,Baillie Gifford Global Discovery B Acc,8.196,
06/15/2016,Baillie Gifford Global Discovery B Acc,8.193,
06/16/2016,Baillie Gifford Global Discovery B Acc,8.136,
06/17/2016,Baillie Gifford Global Discovery B Acc,8.074,
06/18/2016,Baillie Gifford Global Discovery B Acc,8.074,
06/19/2016,Baillie Gifford Global Discovery B Acc,8.074,
06/20/2016,Baillie Gifford Global Discovery B Acc,8.059,
06/21/2016,Baillie Gifford Global Discovery B Acc,8.012,
06/22/2016,Baillie Gifford Global Discovery B Acc,8.048,
06/23/2016,Baillie Gifford Global Discovery B Acc,7.951,
06/24/2016,Baillie Gifford Global Discovery B Acc,8.174,
06/25/2016,Baillie Gifford Global Discovery B Acc,8.174,
06/26/2016,Baillie Gifford Global Discovery B Acc,8.174,
06/27/2016,Baillie Gifford Global Discovery B Acc,8.323,
06/28/2016,Baillie Gifford Global Discovery B Acc,8.138,
06/29/2016,Baillie Gifford Global Discovery B Acc,8.258,
06/30/2016,Baillie Gifford Global Discovery B Acc,8.454,
07/01/2016,Baillie Gifford Global Discovery B Acc,8.584,
07/02/2016,Baillie Gifford Global Discovery B Acc,8.584,
07/03/2016,Baillie Gifford Global Discovery B Acc,8.584,
07/04/2016,Baillie Gifford Global Discovery B Acc,8.689,
07/05/2016,Baillie Gifford Global Discovery B Acc,8.666,
07/06/2016,Baillie Gifford Global Discovery B Acc,8.676,
07/07/2016,Baillie Gifford Global Discovery B Acc,8.738,
07/08/2016,Baillie Gifford Global Discovery B Acc,8.801,
07/09/2016,Baillie Gifford Global Discovery B Acc,8.801,
07/10/2016,Baillie Gifford Global Discovery B Acc,8.801,
07/11/2016,Baillie Gifford Global Discovery B Acc,9.051,
07/12/2016,Baillie Gifford Global Discovery B Acc,8.976,
07/13/2016,Baillie Gifford Global Discovery B Acc,9,
07/14/2016,Baillie Gifford Global Discovery B Acc,8.913,
07/15/2016,Baillie Gifford Global Discovery B Acc,8.754,
07/16/2016,Baillie Gifford Global Discovery B Acc,8.754,
07/17/2016,Baillie Gifford Global Discovery B Acc,8.754,
07/18/2016,Baillie Gifford Global Discovery B Acc,8.897,
07/19/2016,Baillie Gifford Global Discovery B Acc,8.933,
07/20/2016,Baillie Gifford Global Discovery B Acc,9.006,
07/21/2016,Baillie Gifford Global Discovery B Acc,9.051,
07/22/2016,Baillie Gifford Global Discovery B Acc,9.007,
07/23/2016,Baillie Gifford Global Discovery B Acc,9.007,
07/24/2016,Baillie Gifford Global Discovery B Acc,9.007,
07/25/2016,Baillie Gifford Global Discovery B Acc,9.116,
07/26/2016,Baillie Gifford Global Discovery B Acc,9.105,
07/27/2016,Baillie Gifford Global Discovery B Acc,9.128,
07/28/2016,Baillie Gifford Global Discovery B Acc,9.139,
07/29/2016,Baillie Gifford Global Discovery B Acc,9.273,
07/30/2016,Baillie Gifford Global Discovery B Acc,9.273,
07/31/2016,Baillie Gifford Global Discovery B Acc,9.273,
08/01/2016,Baillie Gifford Global Discovery B Acc,9.357,
08/02/2016,Baillie Gifford Global Discovery B Acc,9.329,
08/03/2016,Baillie Gifford Global Discovery B Acc,9.154,
08/04/2016,Baillie Gifford Global Discovery B Acc,9.218,
08/05/2016,Baillie Gifford Global Discovery B Acc,9.388,
08/06/2016,Baillie Gifford Global Discovery B Acc,9.388,
08/07/2016,Baillie Gifford Global Discovery B Acc,9.388,
08/08/2016,Baillie Gifford Global Discovery B Acc,9.532,
08/09/2016,Baillie Gifford Global Discovery B Acc,9.538,
08/10/2016,Baillie Gifford Global Discovery B Acc,9.56,
08/11/2016,Baillie Gifford Global Discovery B Acc,9.637,
08/12/2016,Baillie Gifford Global Discovery B Acc,9.667,
08/13/2016,Baillie Gifford Global Discovery B Acc,9.667,
08/14/2016,Baillie Gifford Global Discovery B Acc,9.667,
08/15/2016,Baillie Gifford Global Discovery B Acc,9.647,
08/16/2016,Baillie Gifford Global Discovery B Acc,9.727,
08/17/2016,Baillie Gifford Global Discovery B Acc,9.57,
08/18/2016,Baillie Gifford Global Discovery B Acc,9.419,
08/19/2016,Baillie Gifford Global Discovery B Acc,9.451,
08/20/2016,Baillie Gifford Global Discovery B Acc,9.451,
08/21/2016,Baillie Gifford Global Discovery B Acc,9.451,
08/22/2016,Baillie Gifford Global Discovery B Acc,9.491,
08/23/2016,Baillie Gifford Global Discovery B Acc,9.574,
08/24/2016,Baillie Gifford Global Discovery B Acc,9.6,
08/25/2016,Baillie Gifford Global Discovery B Acc,9.435,
08/26/2016,Baillie Gifford Global Discovery B Acc,9.411,
08/27/2016,Baillie Gifford Global Discovery B Acc,9.411,
08/28/2016,Baillie Gifford Global Discovery B Acc,9.411,
08/29/2016,Baillie Gifford Global Discovery B Acc,9.411,
08/30/2016,Baillie Gifford Global Discovery B Acc,9.543,
08/31/2016,Baillie Gifford Global Discovery B Acc,9.548,
09/01/2016,Baillie Gifford Global Discovery B Acc,9.371,
09/02/2016,Baillie Gifford Global Discovery B Acc,9.381,
09/03/2016,Baillie Gifford Global Discovery B Acc,9.381,
09/04/2016,Baillie Gifford Global Discovery B Acc,9.381,
09/05/2016,Baillie Gifford Global Discovery B Acc,9.465,
09/06/2016,Baillie Gifford Global Discovery B Acc,9.429,
09/07/2016,Baillie Gifford Global Discovery B Acc,9.487,
09/08/2016,Baillie Gifford Global Discovery B Acc,9.59,
09/09/2016,Baillie Gifford Global Discovery B Acc,9.59,
09/10/2016,Baillie Gifford Global Discovery B Acc,9.59,
09/11/2016,Baillie Gifford Global Discovery B Acc,9.59,
09/12/2016,Baillie Gifford Global Discovery B Acc,9.381,
09/13/2016,Baillie Gifford Global Discovery B Acc,9.389,
09/14/2016,Baillie Gifford Global Discovery B Acc,9.37,
09/15/2016,Baillie Gifford Global Discovery B Acc,9.334,
09/16/2016,Baillie Gifford Global Discovery B Acc,9.516,
09/17/2016,Baillie Gifford Global Discovery B Acc,9.516,
09/18/2016,Baillie Gifford Global Discovery B Acc,9.516,
09/19/2016,Baillie Gifford Global Discovery B Acc,9.579,
09/20/2016,Baillie Gifford Global Discovery B Acc,9.695,
09/21/2016,Baillie Gifford Global Discovery B Acc,9.673,
09/22/2016,Baillie Gifford Global Discovery B Acc,9.694,
09/23/2016,Baillie Gifford Global Discovery B Acc,9.861,
09/24/2016,Baillie Gifford Global Discovery B Acc,9.861,
09/25/2016,Baillie Gifford Global Discovery B Acc,9.861,
09/26/2016,Baillie Gifford Global Discovery B Acc,9.746,
09/27/2016,Baillie Gifford Global Discovery B Acc,9.678,
09/28/2016,Baillie Gifford Global Discovery B Acc,9.837,
09/29/2016,Baillie Gifford Global Discovery B Acc,9.82,
09/30/2016,Baillie Gifford Global Discovery B Acc,9.67,
10/01/2016,Baillie Gifford Global Discovery B Acc,9.67,
10/02/2016,Baillie Gifford Global Discovery B Acc,9.67,
10/03/2016,Baillie Gifford Global Discovery B Acc,9.724,
10/04/2016,Baillie Gifford Global Discovery B Acc,9.809,
10/05/2016,Baillie Gifford Global Discovery B Acc,9.801,
10/06/2016,Baillie Gifford Global Discovery B Acc,9.616,
10/07/2016,Baillie Gifford Global Discovery B Acc,9.671,
10/08/2016,Baillie Gifford Global Discovery B Acc,9.671,
10/09/2016,Baillie Gifford Global Discovery B Acc,9.671,
10/10/2016,Baillie Gifford Global Discovery B Acc,9.71,
10/11/2016,Baillie Gifford Global Discovery B Acc,9.814,
10/12/2016,Baillie Gifford Global Discovery B Acc,9.701,
10/13/2016,Baillie Gifford Global Discovery B Acc,9.597,
10/14/2016,Baillie Gifford Global Discovery B Acc,9.624,
10/15/2016,Baillie Gifford Global Discovery B Acc,9.624,
10/16/2016,Baillie Gifford Global Discovery B Acc,9.624,
10/17/2016,Baillie Gifford Global Discovery B Acc,9.51,
10/18/2016,Baillie Gifford Global Discovery B Acc,9.575,
10/19/2016,Baillie Gifford Global Discovery B Acc,9.549,
10/20/2016,Baillie Gifford Global Discovery B Acc,9.502,
10/21/2016,Baillie Gifford Global Discovery B Acc,9.508,
10/22/2016,Baillie Gifford Global Discovery B Acc,9.508,
10/23/2016,Baillie Gifford Global Discovery B Acc,9.508,
10/24/2016,Baillie Gifford Global Discovery B Acc,9.586,
10/25/2016,Baillie Gifford Global Discovery B Acc,9.513,
10/26/2016,Baillie Gifford Global Discovery B Acc,9.526,
10/27/2016,Baillie Gifford Global Discovery B Acc,9.442,
10/28/2016,Baillie Gifford Global Discovery B Acc,9.443,
10/29/2016,Baillie Gifford Global Discovery B Acc,9.443,
10/30/2016,Baillie Gifford Global Discovery B Acc,9.443,
10/31/2016,Baillie Gifford Global Discovery B Acc,9.38,
11/01/2016,Baillie Gifford Global Discovery B Acc,9.428,
11/02/2016,Baillie Gifford Global Discovery B Acc,9.296,
11/03/2016,Baillie Gifford Global Discovery B Acc,9.108,
11/04/2016,Baillie Gifford Global Discovery B Acc,8.888,
11/05/2016,Baillie Gifford Global Discovery B Acc,8.888,
11/06/2016,Baillie Gifford Global Discovery B Acc,8.888,
11/07/2016,Baillie Gifford Global Discovery B Acc,9.106,
11/08/2016,Baillie Gifford Global Discovery B Acc,9.212,
11/09/2016,Baillie Gifford Global Discovery B Acc,9.141,
11/10/2016,Baillie Gifford Global Discovery B Acc,9.431,
11/11/2016,Baillie Gifford Global Discovery B Acc,9.17,
11/12/2016,Baillie Gifford Global Discovery B Acc,9.17,
11/13/2016,Baillie Gifford Global Discovery B Acc,9.17,
11/14/2016,Baillie Gifford Global Discovery B Acc,9.388,
11/15/2016,Baillie Gifford Global Discovery B Acc,9.444,
11/16/2016,Baillie Gifford Global Discovery B Acc,9.446,
11/17/2016,Baillie Gifford Global Discovery B Acc,9.386,
11/18/2016,Baillie Gifford Global Discovery B Acc,9.569,
11/19/2016,Baillie Gifford Global Discovery B Acc,9.569,
11/20/2016,Baillie Gifford Global Discovery B Acc,9.569,
11/21/2016,Baillie Gifford Global Discovery B Acc,9.599,
11/22/2016,Baillie Gifford Global Discovery B Acc,9.584,
11/23/2016,Baillie Gifford Global Discovery B Acc,9.635,
11/24/2016,Baillie Gifford Global Discovery B Acc,9.497,
11/25/2016,Baillie Gifford Global Discovery B Acc,9.499,
11/26/2016,Baillie Gifford Global Discovery B Acc,9.499,
11/27/2016,Baillie Gifford Global Discovery B Acc,9.499,
11/28/2016,Baillie Gifford Global Discovery B Acc,9.636,
11/29/2016,Baillie Gifford Global Discovery B Acc,9.525,
11/30/2016,Baillie Gifford Global Discovery B Acc,9.387,
12/01/2016,Baillie Gifford Global Discovery B Acc,9.305,
12/02/2016,Baillie Gifford Global Discovery B Acc,9.033,
12/03/2016,Baillie Gifford Global Discovery B Acc,9.033,
12/04/2016,Baillie Gifford Global Discovery B Acc,9.033,
12/05/2016,Baillie Gifford Global Discovery B Acc,8.979,
12/06/2016,Baillie Gifford Global Discovery B Acc,9.055,
12/07/2016,Baillie Gifford Global Discovery B Acc,9.283,
12/08/2016,Baillie Gifford Global Discovery B Acc,9.247,
12/09/2016,Baillie Gifford Global Discovery B Acc,9.28,
12/10/2016,Baillie Gifford Global Discovery B Acc,9.28,
12/11/2016,Baillie Gifford Global Discovery B Acc,9.28,
12/12/2016,Baillie Gifford Global Discovery B Acc,9.297,
12/13/2016,Baillie Gifford Global Discovery B Acc,9.2,
12/14/2016,Baillie Gifford Global Discovery B Acc,9.37,
12/15/2016,Baillie Gifford Global Discovery B Acc,9.37,
12/16/2016,Baillie Gifford Global Discovery B Acc,9.442,
12/17/2016,Baillie Gifford Global Discovery B Acc,9.442,
12/18/2016,Baillie Gifford Global Discovery B Acc,9.442,
12/19/2016,Baillie Gifford Global Discovery B Acc,9.381,
12/20/2016,Baillie Gifford Global Discovery B Acc,9.448,
12/21/2016,Baillie Gifford Global Discovery B Acc,9.428,
12/22/2016,Baillie Gifford Global Discovery B Acc,9.364,
12/23/2016,Baillie Gifford Global Discovery B Acc,9.37,
12/24/2016,Baillie Gifford Global Discovery B Acc,9.37,
12/25/2016,Baillie Gifford Global Discovery B Acc,9.37,
12/26/2016,Baillie Gifford Global Discovery B Acc,9.37,
12/27/2016,Baillie Gifford Global Discovery B Acc,9.37,
12/28/2016,Baillie Gifford Global Discovery B Acc,9.58,
12/29/2016,Baillie Gifford Global Discovery B Acc,9.514,
12/30/2016,Baillie Gifford Global Discovery B Acc,9.468,
12/31/2016,Baillie Gifford Global Discovery B Acc,9.468,
01/01/2017,Baillie Gifford Global Discovery B Acc,9.468,
01/02/2017,Baillie Gifford Global Discovery B Acc,9.468,
01/03/2017,Baillie Gifford Global Discovery B Acc,9.526,
01/04/2017,Baillie Gifford Global Discovery B Acc,9.474,
01/05/2017,Baillie Gifford Global Discovery B Acc,9.66,
01/06/2017,Baillie Gifford Global Discovery B Acc,9.586,
01/07/2017,Baillie Gifford Global Discovery B Acc,9.586,
01/08/2017,Baillie Gifford Global Discovery B Acc,9.586,
01/09/2017,Baillie Gifford Global Discovery B Acc,9.888,
01/10/2017,Baillie Gifford Global Discovery B Acc,9.839,
01/11/2017,Baillie Gifford Global Discovery B Acc,9.901,
01/12/2017,Baillie Gifford Global Discovery B Acc,9.756,
01/13/2017,Baillie Gifford Global Discovery B Acc,9.796,
01/14/2017,Baillie Gifford Global Discovery B Acc,9.796,
01/15/2017,Baillie Gifford Global Discovery B Acc,9.796,
01/16/2017,Baillie Gifford Global Discovery B Acc,10.05,
01/17/2017,Baillie Gifford Global Discovery B Acc,9.886,
01/18/2017,Baillie Gifford Global Discovery B Acc,9.805,
01/19/2017,Baillie Gifford Global Discovery B Acc,9.832,
01/20/2017,Baillie Gifford Global Discovery B Acc,9.84,
01/21/2017,Baillie Gifford Global Discovery B Acc,9.84,
01/22/2017,Baillie Gifford Global Discovery B Acc,9.84,
01/23/2017,Baillie Gifford Global Discovery B Acc,9.774,
01/24/2017,Baillie Gifford Global Discovery B Acc,9.725,
01/25/2017,Baillie Gifford Global Discovery B Acc,9.721,
01/26/2017,Baillie Gifford Global Discovery B Acc,9.837,
01/27/2017,Baillie Gifford Global Discovery B Acc,9.864,
01/28/2017,Baillie Gifford Global Discovery B Acc,9.864,
01/29/2017,Baillie Gifford Global Discovery B Acc,9.864,
01/30/2017,Baillie Gifford Global Discovery B Acc,9.89,
01/31/2017,Baillie Gifford Global Discovery B Acc,9.838,
02/01/2017,Baillie Gifford Global Discovery B Acc,9.809,
02/02/2017,Baillie Gifford Global Discovery B Acc,9.792,
02/03/2017,Baillie Gifford Global Discovery B Acc,9.992,
02/04/2017,Baillie Gifford Global Discovery B Acc,9.992,
02/05/2017,Baillie Gifford Global Discovery B Acc,9.992,
02/06/2017,Baillie Gifford Global Discovery B Acc,10,
02/07/2017,Baillie Gifford Global Discovery B Acc,10.05,
02/08/2017,Baillie Gifford Global Discovery B Acc,10.07,
02/09/2017,Baillie Gifford Global Discovery B Acc,9.995,
02/10/2017,Baillie Gifford Global Discovery B Acc,10.06,
02/11/2017,Baillie Gifford Global Discovery B Acc,10.06,
02/12/2017,Baillie Gifford Global Discovery B Acc,10.06,
02/13/2017,Baillie Gifford Global Discovery B Acc,10.09,
02/14/2017,Baillie Gifford Global Discovery B Acc,10.04,
02/15/2017,Baillie Gifford Global Discovery B Acc,10.13,
02/16/2017,Baillie Gifford Global Discovery B Acc,10.16,
02/17/2017,Baillie Gifford Global Discovery B Acc,10.11,
02/18/2017,Baillie Gifford Global Discovery B Acc,10.11,
02/19/2017,Baillie Gifford Global Discovery B Acc,10.11,
02/20/2017,Baillie Gifford Global Discovery B Acc,10.06,
02/21/2017,Baillie Gifford Global Discovery B Acc,10.08,
02/22/2017,Baillie Gifford Global Discovery B Acc,10.1,
02/23/2017,Baillie Gifford Global Discovery B Acc,10.04,
02/24/2017,Baillie Gifford Global Discovery B Acc,10.03,
02/25/2017,Baillie Gifford Global Discovery B Acc,10.03,
02/26/2017,Baillie Gifford Global Discovery B Acc,10.03,
02/27/2017,Baillie Gifford Global Discovery B Acc,10.08,
02/28/2017,Baillie Gifford Global Discovery B Acc,10.15,
03/01/2017,Baillie Gifford Global Discovery B Acc,10.06,
03/02/2017,Baillie Gifford Global Discovery B Acc,10.25,
03/03/2017,Baillie Gifford Global Discovery B Acc,10.2,
03/04/2017,Baillie Gifford Global Discovery B Acc,10.2,
03/05/2017,Baillie Gifford Global Discovery B Acc,10.2,
03/06/2017,Baillie Gifford Global Discovery B Acc,10.26,
03/07/2017,Baillie Gifford Global Discovery B Acc,10.33,
03/08/2017,Baillie Gifford Global Discovery B Acc,10.31,
03/09/2017,Baillie Gifford Global Discovery B Acc,10.24,
03/10/2017,Baillie Gifford Global Discovery B Acc,10.32,
03/11/2017,Baillie Gifford Global Discovery B Acc,10.32,
03/12/2017,Baillie Gifford Global Discovery B Acc,10.32,
03/13/2017,Baillie Gifford Global Discovery B Acc,10.25,
03/14/2017,Baillie Gifford Global Discovery B Acc,10.36,
03/15/2017,Baillie Gifford Global Discovery B Acc,10.34,
03/16/2017,Baillie Gifford Global Discovery B Acc,10.44,
03/17/2017,Baillie Gifford Global Discovery B Acc,10.39,
03/18/2017,Baillie Gifford Global Discovery B Acc,10.39,
03/19/2017,Baillie Gifford Global Discovery B Acc,10.39,
03/20/2017,Baillie Gifford Global Discovery B Acc,10.3,
03/21/2017,Baillie Gifford Global Discovery B Acc,10.41,
03/22/2017,Baillie Gifford Global Discovery B Acc,9.994,
03/23/2017,Baillie Gifford Global Discovery B Acc,10.02,
03/24/2017,Baillie Gifford Global Discovery B Acc,10.02,
03/25/2017,Baillie Gifford Global Discovery B Acc,10.02,
03/26/2017,Baillie Gifford Global Discovery B Acc,10.02,
03/27/2017,Baillie Gifford Global Discovery B Acc,10.02,
03/28/2017,Baillie Gifford Global Discovery B Acc,10.03,
03/29/2017,Baillie Gifford Global Discovery B Acc,10.24,
03/30/2017,Baillie Gifford Global Discovery B Acc,10.28,
03/31/2017,Baillie Gifford Global Discovery B Acc,10.22,
04/01/2017,Baillie Gifford Global Discovery B Acc,10.22,
04/02/2017,Baillie Gifford Global Discovery B Acc,10.22,
04/03/2017,Baillie Gifford Global Discovery B Acc,10.16,
04/04/2017,Baillie Gifford Global Discovery B Acc,10.2,
04/05/2017,Baillie Gifford Global Discovery B Acc,10.13,
04/06/2017,Baillie Gifford Global Discovery B Acc,10.02,
04/07/2017,Baillie Gifford Global Discovery B Acc,10.06,
04/08/2017,Baillie Gifford Global Discovery B Acc,10.06,
04/09/2017,Baillie Gifford Global Discovery B Acc,10.06,
04/10/2017,Baillie Gifford Global Discovery B Acc,10.12,
04/11/2017,Baillie Gifford Global Discovery B Acc,10.08,
04/12/2017,Baillie Gifford Global Discovery B Acc,9.953,
04/13/2017,Baillie Gifford Global Discovery B Acc,9.973,
04/14/2017,Baillie Gifford Global Discovery B Acc,9.973,
04/15/2017,Baillie Gifford Global Discovery B Acc,9.973,
04/16/2017,Baillie Gifford Global Discovery B Acc,9.973,
04/17/2017,Baillie Gifford Global Discovery B Acc,9.973,
04/18/2017,Baillie Gifford Global Discovery B Acc,9.921,
04/19/2017,Baillie Gifford Global Discovery B Acc,9.85,
04/20/2017,Baillie Gifford Global Discovery B Acc,9.83,
04/21/2017,Baillie Gifford Global Discovery B Acc,9.918,
04/22/2017,Baillie Gifford Global Discovery B Acc,9.918,
04/23/2017,Baillie Gifford Global Discovery B Acc,9.918,
04/24/2017,Baillie Gifford Global Discovery B Acc,10.05,
04/25/2017,Baillie Gifford Global Discovery B Acc,10.08,
04/26/2017,Baillie Gifford Global Discovery B Acc,10.09,
04/27/2017,Baillie Gifford Global Discovery B Acc,10.17,
04/28/2017,Baillie Gifford Global Discovery B Acc,10.35,
04/29/2017,Baillie Gifford Global Discovery B Acc,10.35,
04/30/2017,Baillie Gifford Global Discovery B Acc,10.35,
05/01/2017,Baillie Gifford Global Discovery B Acc,10.35,
05/02/2017,Baillie Gifford Global Discovery B Acc,10.46,
05/03/2017,Baillie Gifford Global Discovery B Acc,10.43,
05/04/2017,Baillie Gifford Global Discovery B Acc,10.41,
05/05/2017,Baillie Gifford Global Discovery B Acc,10.4,
05/06/2017,Baillie Gifford Global Discovery B Acc,10.4,
05/07/2017,Baillie Gifford Global Discovery B Acc,10.4,
05/08/2017,Baillie Gifford Global Discovery B Acc,10.47,
05/09/2017,Baillie Gifford Global Discovery B Acc,10.45,
05/10/2017,Baillie Gifford Global Discovery B Acc,10.59,
05/11/2017,Baillie Gifford Global Discovery B Acc,10.69,
05/12/2017,Baillie Gifford Global Discovery B Acc,10.72,
05/13/2017,Baillie Gifford Global Discovery B Acc,10.72,
05/14/2017,Baillie Gifford Global Discovery B Acc,10.72,
05/15/2017,Baillie Gifford Global Discovery B Acc,10.7,
05/16/2017,Baillie Gifford Global Discovery B Acc,10.88,
05/17/2017,Baillie Gifford Global Discovery B Acc,10.94,
05/18/2017,Baillie Gifford Global Discovery B Acc,10.67,
05/19/2017,Baillie Gifford Global Discovery B Acc,10.76,
05/20/2017,Baillie Gifford Global Discovery B Acc,10.76,
05/21/2017,Baillie Gifford Global Discovery B Acc,10.76,
05/22/2017,Baillie Gifford Global Discovery B Acc,10.82,
05/23/2017,Baillie Gifford Global Discovery B Acc,10.88,
05/24/2017,Baillie Gifford Global Discovery B Acc,10.91,
05/25/2017,Baillie Gifford Global Discovery B Acc,10.94,
05/26/2017,Baillie Gifford Global Discovery B Acc,11.01,
05/27/2017,Baillie Gifford Global Discovery B Acc,11.01,
05/28/2017,Baillie Gifford Global Discovery B Acc,11.01,
05/29/2017,Baillie Gifford Global Discovery B Acc,11.01,
05/30/2017,Baillie Gifford Global Discovery B Acc,11.04,
05/31/2017,Baillie Gifford Global Discovery B Acc,11.05,
06/01/2017,Baillie Gifford Global Discovery B Acc,10.96,
06/02/2017,Baillie Gifford Global Discovery B Acc,11.04,
06/03/2017,Baillie Gifford Global Discovery B Acc,11.04,
06/04/2017,Baillie Gifford Global Discovery B Acc,11.04,
06/05/2017,Baillie Gifford Global Discovery B Acc,11.22,
06/06/2017,Baillie Gifford Global Discovery B Acc,11.12,
06/07/2017,Baillie Gifford Global Discovery B Acc,11.14,
06/08/2017,Baillie Gifford Global Discovery B Acc,11.1,
06/09/2017,Baillie Gifford Global Discovery B Acc,11.34,
06/10/2017,Baillie Gifford Global Discovery B Acc,11.34,
06/11/2017,Baillie Gifford Global Discovery B Acc,11.34,
06/12/2017,Baillie Gifford Global Discovery B Acc,11.18,
06/13/2017,Baillie Gifford Global Discovery B Acc,11.16,
06/14/2017,Baillie Gifford Global Discovery B Acc,11.24,
06/15/2017,Baillie Gifford Global Discovery B Acc,11.27,
06/16/2017,Baillie Gifford Global Discovery B Acc,11.2,
06/17/2017,Baillie Gifford Global Discovery B Acc,11.2,
06/18/2017,Baillie Gifford Global Discovery B Acc,11.2,
06/19/2017,Baillie Gifford Global Discovery B Acc,11.25,
06/20/2017,Baillie Gifford Global Discovery B Acc,11.53,
06/21/2017,Baillie Gifford Global Discovery B Acc,11.53,
06/22/2017,Baillie Gifford Global Discovery B Acc,11.6,
06/23/2017,Baillie Gifford Global Discovery B Acc,11.61,
06/24/2017,Baillie Gifford Global Discovery B Acc,11.61,
06/25/2017,Baillie Gifford Global Discovery B Acc,11.61,
06/26/2017,Baillie Gifford Global Discovery B Acc,11.7,
06/27/2017,Baillie Gifford Global Discovery B Acc,11.59,
06/28/2017,Baillie Gifford Global Discovery B Acc,11.31,
06/29/2017,Baillie Gifford Global Discovery B Acc,11.35,
06/30/2017,Baillie Gifford Global Discovery B Acc,11.23,
07/01/2017,Baillie Gifford Global Discovery B Acc,11.23,
07/02/2017,Baillie Gifford Global Discovery B Acc,11.23,
07/03/2017,Baillie Gifford Global Discovery B Acc,11.16,
07/04/2017,Baillie Gifford Global Discovery B Acc,11.2,
07/05/2017,Baillie Gifford Global Discovery B Acc,11.23,
07/06/2017,Baillie Gifford Global Discovery B Acc,11.3,
07/07/2017,Baillie Gifford Global Discovery B Acc,11.12,
07/08/2017,Baillie Gifford Global Discovery B Acc,11.12,
07/09/2017,Baillie Gifford Global Discovery B Acc,11.12,
07/10/2017,Baillie Gifford Global Discovery B Acc,11.16,
07/11/2017,Baillie Gifford Global Discovery B Acc,11.11,
07/12/2017,Baillie Gifford Global Discovery B Acc,11.24,
07/13/2017,Baillie Gifford Global Discovery B Acc,11.21,
07/14/2017,Baillie Gifford Global Discovery B Acc,11.23,
07/15/2017,Baillie Gifford Global Discovery B Acc,11.23,
07/16/2017,Baillie Gifford Global Discovery B Acc,11.23,
07/17/2017,Baillie Gifford Global Discovery B Acc,11.22,
07/18/2017,Baillie Gifford Global Discovery B Acc,11.32,
07/19/2017,Baillie Gifford Global Discovery B Acc,11.34,
07/20/2017,Baillie Gifford Global Discovery B Acc,11.41,
07/21/2017,Baillie Gifford Global Discovery B Acc,11.46,
07/22/2017,Baillie Gifford Global Discovery B Acc,11.46,
07/23/2017,Baillie Gifford Global Discovery B Acc,11.46,
07/24/2017,Baillie Gifford Global Discovery B Acc,11.35,
07/25/2017,Baillie Gifford Global Discovery B Acc,11.51,
07/26/2017,Baillie Gifford Global Discovery B Acc,11.54,
07/27/2017,Baillie Gifford Global Discovery B Acc,11.54,
07/28/2017,Baillie Gifford Global Discovery B Acc,11.53,
07/29/2017,Baillie Gifford Global Discovery B Acc,11.53,
07/30/2017,Baillie Gifford Global Discovery B Acc,11.53,
07/31/2017,Baillie Gifford Global Discovery B Acc,11.55,
08/01/2017,Baillie Gifford Global Discovery B Acc,11.4,
08/02/2017,Baillie Gifford Global Discovery B Acc,11.4,
08/03/2017,Baillie Gifford Global Discovery B Acc,11.39,
08/04/2017,Baillie Gifford Global Discovery B Acc,11.49,
08/05/2017,Baillie Gifford Global Discovery B Acc,11.49,
08/06/2017,Baillie Gifford Global Discovery B Acc,11.49,
08/07/2017,Baillie Gifford Global Discovery B Acc,11.57,
08/08/2017,Baillie Gifford Global Discovery B Acc,11.56,
08/09/2017,Baillie Gifford Global Discovery B Acc,11.57,
08/10/2017,Baillie Gifford Global Discovery B Acc,11.51,
08/11/2017,Baillie Gifford Global Discovery B Acc,11.18,
08/12/2017,Baillie Gifford Global Discovery B Acc,11.18,
08/13/2017,Baillie Gifford Global Discovery B Acc,11.18,
08/14/2017,Baillie Gifford Global Discovery B Acc,11.37,
08/15/2017,Baillie Gifford Global Discovery B Acc,11.51,
08/16/2017,Baillie Gifford Global Discovery B Acc,11.5,
08/17/2017,Baillie Gifford Global Discovery B Acc,11.57,
08/18/2017,Baillie Gifford Global Discovery B Acc,11.28,
08/19/2017,Baillie Gifford Global Discovery B Acc,11.28,
08/20/2017,Baillie Gifford Global Discovery B Acc,11.28,
08/21/2017,Baillie Gifford Global Discovery B Acc,11.27,
08/22/2017,Baillie Gifford Global Discovery B Acc,11.38,
08/23/2017,Baillie Gifford Global Discovery B Acc,11.45,
08/24/2017,Baillie Gifford Global Discovery B Acc,11.36,
08/25/2017,Baillie Gifford Global Discovery B Acc,11.44,
08/26/2017,Baillie Gifford Global Discovery B Acc,11.44,
08/27/2017,Baillie Gifford Global Discovery B Acc,11.44,
08/28/2017,Baillie Gifford Global Discovery B Acc,11.44,
08/29/2017,Baillie Gifford Global Discovery B Acc,11.33,
08/30/2017,Baillie Gifford Global Discovery B Acc,11.39,
08/31/2017,Baillie Gifford Global Discovery B Acc,11.57,
09/01/2017,Baillie Gifford Global Discovery B Acc,11.6,
09/02/2017,Baillie Gifford Global Discovery B Acc,11.6,
09/03/2017,Baillie Gifford Global Discovery B Acc,11.6,
09/04/2017,Baillie Gifford Global Discovery B Acc,11.66,
09/05/2017,Baillie Gifford Global Discovery B Acc,11.5,
09/06/2017,Baillie Gifford Global Discovery B Acc,11.43,
09/07/2017,Baillie Gifford Global Discovery B Acc,11.46,
09/08/2017,Baillie Gifford Global Discovery B Acc,11.4,
09/09/2017,Baillie Gifford Global Discovery B Acc,11.4,
09/10/2017,Baillie Gifford Global Discovery B Acc,11.4,
09/11/2017,Baillie Gifford Global Discovery B Acc,11.47,
09/12/2017,Baillie Gifford Global Discovery B Acc,11.54,
09/13/2017,Baillie Gifford Global Discovery B Acc,11.53,
09/14/2017,Baillie Gifford Global Discovery B Acc,11.54,
09/15/2017,Baillie Gifford Global Discovery B Acc,11.26,
09/16/2017,Baillie Gifford Global Discovery B Acc,11.26,
09/17/2017,Baillie Gifford Global Discovery B Acc,11.26,
09/18/2017,Baillie Gifford Global Discovery B Acc,11.31,
09/19/2017,Baillie Gifford Global Discovery B Acc,11.42,
09/20/2017,Baillie Gifford Global Discovery B Acc,11.38,
09/21/2017,Baillie Gifford Global Discovery B Acc,11.66,
09/22/2017,Baillie Gifford Global Discovery B Acc,11.57,
09/23/2017,Baillie Gifford Global Discovery B Acc,11.57,
09/24/2017,Baillie Gifford Global Discovery B Acc,11.57,
09/25/2017,Baillie Gifford Global Discovery B Acc,11.57,
09/26/2017,Baillie Gifford Global Discovery B Acc,11.45,
09/27/2017,Baillie Gifford Global Discovery B Acc,11.5,
09/28/2017,Baillie Gifford Global Discovery B Acc,11.63,
09/29/2017,Baillie Gifford Global Discovery B Acc,11.66,
09/30/2017,Baillie Gifford Global Discovery B Acc,11.66,
10/01/2017,Baillie Gifford Global Discovery B Acc,11.66,
10/02/2017,Baillie Gifford Global Discovery B Acc,11.86,
10/03/2017,Baillie Gifford Global Discovery B Acc,12.06,
10/04/2017,Baillie Gifford Global Discovery B Acc,12.09,
10/05/2017,Baillie Gifford Global Discovery B Acc,12.16,
10/06/2017,Baillie Gifford Global Discovery B Acc,12.19,
10/07/2017,Baillie Gifford Global Discovery B Acc,12.19,
10/08/2017,Baillie Gifford Global Discovery B Acc,12.19,
10/09/2017,Baillie Gifford Global Discovery B Acc,12.18,
10/10/2017,Baillie Gifford Global Discovery B Acc,12.11,
10/11/2017,Baillie Gifford Global Discovery B Acc,12.11,
10/12/2017,Baillie Gifford Global Discovery B Acc,12.15,
10/13/2017,Baillie Gifford Global Discovery B Acc,12.14,
10/14/2017,Baillie Gifford Global Discovery B Acc,12.14,
10/15/2017,Baillie Gifford Global Discovery B Acc,12.14,
10/16/2017,Baillie Gifford Global Discovery B Acc,12.09,
10/17/2017,Baillie Gifford Global Discovery B Acc,12.05,
10/18/2017,Baillie Gifford Global Discovery B Acc,12.05,
10/19/2017,Baillie Gifford Global Discovery B Acc,12.07,
10/20/2017,Baillie Gifford Global Discovery B Acc,11.99,
10/21/2017,Baillie Gifford Global Discovery B Acc,11.99,
10/22/2017,Baillie Gifford Global Discovery B Acc,11.99,
10/23/2017,Baillie Gifford Global Discovery B Acc,12.02,
10/24/2017,Baillie Gifford Global Discovery B Acc,11.96,
10/25/2017,Baillie Gifford Global Discovery B Acc,12,
10/26/2017,Baillie Gifford Global Discovery B Acc,11.85,
10/27/2017,Baillie Gifford Global Discovery B Acc,11.9,
10/28/2017,Baillie Gifford Global Discovery B Acc,11.9,
10/29/2017,Baillie Gifford Global Discovery B Acc,11.9,
10/30/2017,Baillie Gifford Global Discovery B Acc,12.11,
10/31/2017,Baillie Gifford Global Discovery B Acc,12.08,
11/01/2017,Baillie Gifford Global Discovery B Acc,12.08,
11/02/2017,Baillie Gifford Global Discovery B Acc,11.97,
11/03/2017,Baillie Gifford Global Discovery B Acc,12.17,
11/04/2017,Baillie Gifford Global Discovery B Acc,12.17,
11/05/2017,Baillie Gifford Global Discovery B Acc,12.17,
11/06/2017,Baillie Gifford Global Discovery B Acc,12.2,
11/07/2017,Baillie Gifford Global Discovery B Acc,12.24,
11/08/2017,Baillie Gifford Global Discovery B Acc,12.12,
11/09/2017,Baillie Gifford Global Discovery B Acc,12.14,
11/10/2017,Baillie Gifford Global Discovery B Acc,11.9,
11/11/2017,Baillie Gifford Global Discovery B Acc,11.9,
11/12/2017,Baillie Gifford Global Discovery B Acc,11.9,
11/13/2017,Baillie Gifford Global Discovery B Acc,12.07,
11/14/2017,Baillie Gifford Global Discovery B Acc,12.02,
11/15/2017,Baillie Gifford Global Discovery B Acc,11.94,
11/16/2017,Baillie Gifford Global Discovery B Acc,11.9,
11/17/2017,Baillie Gifford Global Discovery B Acc,12.01,
11/18/2017,Baillie Gifford Global Discovery B Acc,12.01,
11/19/2017,Baillie Gifford Global Discovery B Acc,12.01,
11/20/2017,Baillie Gifford Global Discovery B Acc,12.08,
11/21/2017,Baillie Gifford Global Discovery B Acc,12.15,
11/22/2017,Baillie Gifford Global Discovery B Acc,12.28,
11/23/2017,Baillie Gifford Global Discovery B Acc,12.2,
11/24/2017,Baillie Gifford Global Discovery B Acc,12.1,
11/25/2017,Baillie Gifford Global Discovery B Acc,12.1,
11/26/2017,Baillie Gifford Global Discovery B Acc,12.1,
11/27/2017,Baillie Gifford Global Discovery B Acc,12.24,
11/28/2017,Baillie Gifford Global Discovery B Acc,12.28,
11/29/2017,Baillie Gifford Global Discovery B Acc,12.27,
11/30/2017,Baillie Gifford Global Discovery B Acc,12.1,
12/01/2017,Baillie Gifford Global Discovery B Acc,12.21,
12/02/2017,Baillie Gifford Global Discovery B Acc,12.21,
12/03/2017,Baillie Gifford Global Discovery B Acc,12.21,
12/04/2017,Baillie Gifford Global Discovery B Acc,12.26,
12/05/2017,Baillie Gifford Global Discovery B Acc,12.03,
12/06/2017,Baillie Gifford Global Discovery B Acc,12.04,
12/07/2017,Baillie Gifford Global Discovery B Acc,12.06,
12/08/2017,Baillie Gifford Global Discovery B Acc,12.09,
12/09/2017,Baillie Gifford Global Discovery B Acc,12.09,
12/10/2017,Baillie Gifford Global Discovery B Acc,12.09,
12/11/2017,Baillie Gifford Global Discovery B Acc,12.24,
12/12/2017,Baillie Gifford Global Discovery B Acc,12.21,
12/13/2017,Baillie Gifford Global Discovery B Acc,12.15,
12/14/2017,Baillie Gifford Global Discovery B Acc,12.26,
12/15/2017,Baillie Gifford Global Discovery B Acc,12.16,
12/16/2017,Baillie Gifford Global Discovery B Acc,12.16,
12/17/2017,Baillie Gifford Global Discovery B Acc,12.16,
12/18/2017,Baillie Gifford Global Discovery B Acc,12.44,
12/19/2017,Baillie Gifford Global Discovery B Acc,12.51,
12/20/2017,Baillie Gifford Global Discovery B Acc,12.45,
12/21/2017,Baillie Gifford Global Discovery B Acc,12.44,
12/22/2017,Baillie Gifford Global Discovery B Acc,12.42,
12/23/2017,Baillie Gifford Global Discovery B Acc,12.42,
12/24/2017,Baillie Gifford Global Discovery B Acc,12.42,
12/25/2017,Baillie Gifford Global Discovery B Acc,12.42,
12/26/2017,Baillie Gifford Global Discovery B Acc,12.42,
12/27/2017,Baillie Gifford Global Discovery B Acc,12.47,
12/28/2017,Baillie Gifford Global Discovery B Acc,12.48,
12/29/2017,Baillie Gifford Global Discovery B Acc,12.49,
12/30/2017,Baillie Gifford Global Discovery B Acc,12.49,
12/31/2017,Baillie Gifford Global Discovery B Acc,12.49,
01/01/2018,Baillie Gifford Global Discovery B Acc,12.49,
01/02/2018,Baillie Gifford Global Discovery B Acc,12.42,
01/03/2018,Baillie Gifford Global Discovery B Acc,12.53,
01/04/2018,Baillie Gifford Global Discovery B Acc,12.69,
01/05/2018,Baillie Gifford Global Discovery B Acc,12.72,
01/06/2018,Baillie Gifford Global Discovery B Acc,12.72,
01/07/2018,Baillie Gifford Global Discovery B Acc,12.72,
01/08/2018,Baillie Gifford Global Discovery B Acc,12.81,
01/09/2018,Baillie Gifford Global Discovery B Acc,12.89,
01/10/2018,Baillie Gifford Global Discovery B Acc,12.92,
01/11/2018,Baillie Gifford Global Discovery B Acc,12.88,
01/12/2018,Baillie Gifford Global Discovery B Acc,12.87,
01/13/2018,Baillie Gifford Global Discovery B Acc,12.87,
01/14/2018,Baillie Gifford Global Discovery B Acc,12.87,
01/15/2018,Baillie Gifford Global Discovery B Acc,12.83,
01/16/2018,Baillie Gifford Global Discovery B Acc,12.89,
01/17/2018,Baillie Gifford Global Discovery B Acc,12.72,
01/18/2018,Baillie Gifford Global Discovery B Acc,12.72,
01/19/2018,Baillie Gifford Global Discovery B Acc,12.66,
01/20/2018,Baillie Gifford Global Discovery B Acc,12.66,
01/21/2018,Baillie Gifford Global Discovery B Acc,12.66,
01/22/2018,Baillie Gifford Global Discovery B Acc,12.92,
01/23/2018,Baillie Gifford Global Discovery B Acc,13.02,
01/24/2018,Baillie Gifford Global Discovery B Acc,13.1,
01/25/2018,Baillie Gifford Global Discovery B Acc,12.79,
01/26/2018,Baillie Gifford Global Discovery B Acc,12.87,
01/27/2018,Baillie Gifford Global Discovery B Acc,12.87,
01/28/2018,Baillie Gifford Global Discovery B Acc,12.87,
01/29/2018,Baillie Gifford Global Discovery B Acc,13.1,
01/30/2018,Baillie Gifford Global Discovery B Acc,13.08,
01/31/2018,Baillie Gifford Global Discovery B Acc,12.89,
02/01/2018,Baillie Gifford Global Discovery B Acc,12.8,
02/02/2018,Baillie Gifford Global Discovery B Acc,12.81,
02/03/2018,Baillie Gifford Global Discovery B Acc,12.81,
02/04/2018,Baillie Gifford Global Discovery B Acc,12.81,
02/05/2018,Baillie Gifford Global Discovery B Acc,12.54,
02/06/2018,Baillie Gifford Global Discovery B Acc,12.19,
02/07/2018,Baillie Gifford Global Discovery B Acc,12.43,
02/08/2018,Baillie Gifford Global Discovery B Acc,12.36,
02/09/2018,Baillie Gifford Global Discovery B Acc,12.12,
02/10/2018,Baillie Gifford Global Discovery B Acc,12.12,
02/11/2018,Baillie Gifford Global Discovery B Acc,12.12,
02/12/2018,Baillie Gifford Global Discovery B Acc,12.3,
02/13/2018,Baillie Gifford Global Discovery B Acc,12.27,
02/14/2018,Baillie Gifford Global Discovery B Acc,12.41,
02/15/2018,Baillie Gifford Global Discovery B Acc,12.57,
02/16/2018,Baillie Gifford Global Discovery B Acc,12.69,
02/17/2018,Baillie Gifford Global Discovery B Acc,12.69,
02/18/2018,Baillie Gifford Global Discovery B Acc,12.69,
02/19/2018,Baillie Gifford Global Discovery B Acc,12.78,
02/20/2018,Baillie Gifford Global Discovery B Acc,12.71,
02/21/2018,Baillie Gifford Global Discovery B Acc,12.78,
02/22/2018,Baillie Gifford Global Discovery B Acc,12.84,
02/23/2018,Baillie Gifford Global Discovery B Acc,12.64,
02/24/2018,Baillie Gifford Global Discovery B Acc,12.64,
02/25/2018,Baillie Gifford Global Discovery B Acc,12.64,
02/26/2018,Baillie Gifford Global Discovery B Acc,12.74,
02/27/2018,Baillie Gifford Global Discovery B Acc,12.87,
02/28/2018,Baillie Gifford Global Discovery B Acc,12.87,
03/01/2018,Baillie Gifford Global Discovery B Acc,12.9,
03/02/2018,Baillie Gifford Global Discovery B Acc,12.78,
03/03/2018,Baillie Gifford Global Discovery B Acc,12.78,
03/04/2018,Baillie Gifford Global Discovery B Acc,12.78,
03/05/2018,Baillie Gifford Global Discovery B Acc,12.92,
03/06/2018,Baillie Gifford Global Discovery B Acc,13.11,
03/07/2018,Baillie Gifford Global Discovery B Acc,13.2,
03/08/2018,Baillie Gifford Global Discovery B Acc,13.25,
03/09/2018,Baillie Gifford Global Discovery B Acc,13.39,
03/10/2018,Baillie Gifford Global Discovery B Acc,13.39,
03/11/2018,Baillie Gifford Global Discovery B Acc,13.39,
03/12/2018,Baillie Gifford Global Discovery B Acc,13.59,
03/13/2018,Baillie Gifford Global Discovery B Acc,13.72,
03/14/2018,Baillie Gifford Global Discovery B Acc,13.6,
03/15/2018,Baillie Gifford Global Discovery B Acc,13.63,
03/16/2018,Baillie Gifford Global Discovery B Acc,13.61,
03/17/2018,Baillie Gifford Global Discovery B Acc,13.61,
03/18/2018,Baillie Gifford Global Discovery B Acc,13.61,
03/19/2018,Baillie Gifford Global Discovery B Acc,13.55,
03/20/2018,Baillie Gifford Global Discovery B Acc,13.39,
03/21/2018,Baillie Gifford Global Discovery B Acc,13.51,
03/22/2018,Baillie Gifford Global Discovery B Acc,13.48,
03/23/2018,Baillie Gifford Global Discovery B Acc,13.09,
03/24/2018,Baillie Gifford Global Discovery B Acc,13.09,
03/25/2018,Baillie Gifford Global Discovery B Acc,13.09,
03/26/2018,Baillie Gifford Global Discovery B Acc,13.06,
03/27/2018,Baillie Gifford Global Discovery B Acc,13.18,
03/28/2018,Baillie Gifford Global Discovery B Acc,12.86,
03/29/2018,Baillie Gifford Global Discovery B Acc,12.81,
03/30/2018,Baillie Gifford Global Discovery B Acc,12.81,
03/31/2018,Baillie Gifford Global Discovery B Acc,12.81,
04/01/2018,Baillie Gifford Global Discovery B Acc,12.81,
04/02/2018,Baillie Gifford Global Discovery B Acc,12.81,
04/03/2018,Baillie Gifford Global Discovery B Acc,12.5,
04/04/2018,Baillie Gifford Global Discovery B Acc,12.45,
04/05/2018,Baillie Gifford Global Discovery B Acc,12.61,
04/06/2018,Baillie Gifford Global Discovery B Acc,12.65,
04/07/2018,Baillie Gifford Global Discovery B Acc,12.65,
04/08/2018,Baillie Gifford Global Discovery B Acc,12.65,
04/09/2018,Baillie Gifford Global Discovery B Acc,12.55,
04/10/2018,Baillie Gifford Global Discovery B Acc,12.66,
04/11/2018,Baillie Gifford Global Discovery B Acc,12.73,
04/12/2018,Baillie Gifford Global Discovery B Acc,12.72,
04/13/2018,Baillie Gifford Global Discovery B Acc,12.74,
04/14/2018,Baillie Gifford Global Discovery B Acc,12.74,
04/15/2018,Baillie Gifford Global Discovery B Acc,12.74,
04/16/2018,Baillie Gifford Global Discovery B Acc,12.71,
04/17/2018,Baillie Gifford Global Discovery B Acc,12.62,
04/18/2018,Baillie Gifford Global Discovery B Acc,12.89,
04/19/2018,Baillie Gifford Global Discovery B Acc,12.91,
04/20/2018,Baillie Gifford Global Discovery B Acc,12.95,
04/21/2018,Baillie Gifford Global Discovery B Acc,12.95,
04/22/2018,Baillie Gifford Global Discovery B Acc,12.95,
04/23/2018,Baillie Gifford Global Discovery B Acc,13.02,
04/24/2018,Baillie Gifford Global Discovery B Acc,13,
04/25/2018,Baillie Gifford Global Discovery B Acc,12.84,
04/26/2018,Baillie Gifford Global Discovery B Acc,12.76,
04/27/2018,Baillie Gifford Global Discovery B Acc,12.85,
04/28/2018,Baillie Gifford Global Discovery B Acc,12.85,
04/29/2018,Baillie Gifford Global Discovery B Acc,12.85,
04/30/2018,Baillie Gifford Global Discovery B Acc,12.93,
05/01/2018,Baillie Gifford Global Discovery B Acc,12.9,
05/02/2018,Baillie Gifford Global Discovery B Acc,13.11,
05/03/2018,Baillie Gifford Global Discovery B Acc,13.29,
05/04/2018,Baillie Gifford Global Discovery B Acc,13.35,
05/05/2018,Baillie Gifford Global Discovery B Acc,13.35,
05/06/2018,Baillie Gifford Global Discovery B Acc,13.35,
05/07/2018,Baillie Gifford Global Discovery B Acc,13.35,
05/08/2018,Baillie Gifford Global Discovery B Acc,13.77,
05/09/2018,Baillie Gifford Global Discovery B Acc,13.74,
05/10/2018,Baillie Gifford Global Discovery B Acc,13.81,
05/11/2018,Baillie Gifford Global Discovery B Acc,13.87,
05/12/2018,Baillie Gifford Global Discovery B Acc,13.87,
05/13/2018,Baillie Gifford Global Discovery B Acc,13.87,
05/14/2018,Baillie Gifford Global Discovery B Acc,13.9,
05/15/2018,Baillie Gifford Global Discovery B Acc,13.89,
05/16/2018,Baillie Gifford Global Discovery B Acc,13.83,
05/17/2018,Baillie Gifford Global Discovery B Acc,14.04,
05/18/2018,Baillie Gifford Global Discovery B Acc,14.11,
05/19/2018,Baillie Gifford Global Discovery B Acc,14.11,
05/20/2018,Baillie Gifford Global Discovery B Acc,14.11,
05/21/2018,Baillie Gifford Global Discovery B Acc,14.31,
05/22/2018,Baillie Gifford Global Discovery B Acc,14.4,
05/23/2018,Baillie Gifford Global Discovery B Acc,14.35,
05/24/2018,Baillie Gifford Global Discovery B Acc,14.41,
05/25/2018,Baillie Gifford Global Discovery B Acc,14.51,
05/26/2018,Baillie Gifford Global Discovery B Acc,14.51,
05/27/2018,Baillie Gifford Global Discovery B Acc,14.51,
05/28/2018,Baillie Gifford Global Discovery B Acc,14.51,
05/29/2018,Baillie Gifford Global Discovery B Acc,14.45,
05/30/2018,Baillie Gifford Global Discovery B Acc,14.53,
05/31/2018,Baillie Gifford Global Discovery B Acc,14.68,
06/01/2018,Baillie Gifford Global Discovery B Acc,14.72,
06/02/2018,Baillie Gifford Global Discovery B Acc,14.72,
06/03/2018,Baillie Gifford Global Discovery B Acc,14.72,
06/04/2018,Baillie Gifford Global Discovery B Acc,14.8,
06/05/2018,Baillie Gifford Global Discovery B Acc,14.81,
06/06/2018,Baillie Gifford Global Discovery B Acc,14.86,
06/07/2018,Baillie Gifford Global Discovery B Acc,14.99,
06/08/2018,Baillie Gifford Global Discovery B Acc,14.89,
06/09/2018,Baillie Gifford Global Discovery B Acc,14.89,
06/10/2018,Baillie Gifford Global Discovery B Acc,14.89,
06/11/2018,Baillie Gifford Global Discovery B Acc,15.09,
06/12/2018,Baillie Gifford Global Discovery B Acc,15.21,
06/13/2018,Baillie Gifford Global Discovery B Acc,15.42,
06/14/2018,Baillie Gifford Global Discovery B Acc,15.29,
06/15/2018,Baillie Gifford Global Discovery B Acc,15.55,
06/16/2018,Baillie Gifford Global Discovery B Acc,15.55,
06/17/2018,Baillie Gifford Global Discovery B Acc,15.55,
06/18/2018,Baillie Gifford Global Discovery B Acc,15.52,
06/19/2018,Baillie Gifford Global Discovery B Acc,15.41,
06/20/2018,Baillie Gifford Global Discovery B Acc,15.54,
06/21/2018,Baillie Gifford Global Discovery B Acc,15.79,
06/22/2018,Baillie Gifford Global Discovery B Acc,15.38,
06/23/2018,Baillie Gifford Global Discovery B Acc,15.38,
06/24/2018,Baillie Gifford Global Discovery B Acc,15.38,
06/25/2018,Baillie Gifford Global Discovery B Acc,15.35,
06/26/2018,Baillie Gifford Global Discovery B Acc,14.94,
06/27/2018,Baillie Gifford Global Discovery B Acc,14.99,
06/28/2018,Baillie Gifford Global Discovery B Acc,14.78,
06/29/2018,Baillie Gifford Global Discovery B Acc,14.84,
06/30/2018,Baillie Gifford Global Discovery B Acc,14.84,
07/01/2018,Baillie Gifford Global Discovery B Acc,14.84,
07/02/2018,Baillie Gifford Global Discovery B Acc,14.85,
07/03/2018,Baillie Gifford Global Discovery B Acc,14.92,
07/04/2018,Baillie Gifford Global Discovery B Acc,14.89,
07/05/2018,Baillie Gifford Global Discovery B Acc,14.9,
07/06/2018,Baillie Gifford Global Discovery B Acc,15.02,
07/07/2018,Baillie Gifford Global Discovery B Acc,15.02,
07/08/2018,Baillie Gifford Global Discovery B Acc,15.02,
07/09/2018,Baillie Gifford Global Discovery B Acc,15.12,
07/10/2018,Baillie Gifford Global Discovery B Acc,15.28,
07/11/2018,Baillie Gifford Global Discovery B Acc,15.22,
07/12/2018,Baillie Gifford Global Discovery B Acc,15.25,
07/13/2018,Baillie Gifford Global Discovery B Acc,15.55,
07/14/2018,Baillie Gifford Global Discovery B Acc,15.55,
07/15/2018,Baillie Gifford Global Discovery B Acc,15.55,
07/16/2018,Baillie Gifford Global Discovery B Acc,15.41,
07/17/2018,Baillie Gifford Global Discovery B Acc,15.39,
07/18/2018,Baillie Gifford Global Discovery B Acc,15.83,
07/19/2018,Baillie Gifford Global Discovery B Acc,15.89,
07/20/2018,Baillie Gifford Global Discovery B Acc,15.99,
07/21/2018,Baillie Gifford Global Discovery B Acc,15.99,
07/22/2018,Baillie Gifford Global Discovery B Acc,15.99,
07/23/2018,Baillie Gifford Global Discovery B Acc,15.83,
07/24/2018,Baillie Gifford Global Discovery B Acc,15.86,
07/25/2018,Baillie Gifford Global Discovery B Acc,15.56,
07/26/2018,Baillie Gifford Global Discovery B Acc,15.82,
07/27/2018,Baillie Gifford Global Discovery B Acc,15.89,
07/28/2018,Baillie Gifford Global Discovery B Acc,15.89,
07/29/2018,Baillie Gifford Global Discovery B Acc,15.89,
07/30/2018,Baillie Gifford Global Discovery B Acc,15.47,
07/31/2018,Baillie Gifford Global Discovery B Acc,15.03,
08/01/2018,Baillie Gifford Global Discovery B Acc,15.03,
08/02/2018,Baillie Gifford Global Discovery B Acc,15.1,
08/03/2018,Baillie Gifford Global Discovery B Acc,15.39,
08/04/2018,Baillie Gifford Global Discovery B Acc,15.39,
08/05/2018,Baillie Gifford Global Discovery B Acc,15.39,
08/06/2018,Baillie Gifford Global Discovery B Acc,15.27,
08/07/2018,Baillie Gifford Global Discovery B Acc,15.36,
08/08/2018,Baillie Gifford Global Discovery B Acc,15.47,
08/09/2018,Baillie Gifford Global Discovery B Acc,15.41,
08/10/2018,Baillie Gifford Global Discovery B Acc,15.72,
08/11/2018,Baillie Gifford Global Discovery B Acc,15.72,
08/12/2018,Baillie Gifford Global Discovery B Acc,15.72,
08/13/2018,Baillie Gifford Global Discovery B Acc,15.75,
08/14/2018,Baillie Gifford Global Discovery B Acc,15.62,
08/15/2018,Baillie Gifford Global Discovery B Acc,15.68,
08/16/2018,Baillie Gifford Global Discovery B Acc,15.5,
08/17/2018,Baillie Gifford Global Discovery B Acc,15.58,
08/18/2018,Baillie Gifford Global Discovery B Acc,15.58,
08/19/2018,Baillie Gifford Global Discovery B Acc,15.58,
08/20/2018,Baillie Gifford Global Discovery B Acc,15.58,
08/21/2018,Baillie Gifford Global Discovery B Acc,15.64,
08/22/2018,Baillie Gifford Global Discovery B Acc,15.77,
08/23/2018,Baillie Gifford Global Discovery B Acc,16.04,
08/24/2018,Baillie Gifford Global Discovery B Acc,16.16,
08/25/2018,Baillie Gifford Global Discovery B Acc,16.16,
08/26/2018,Baillie Gifford Global Discovery B Acc,16.16,
08/27/2018,Baillie Gifford Global Discovery B Acc,16.16,
08/28/2018,Baillie Gifford Global Discovery B Acc,16.45,
08/29/2018,Baillie Gifford Global Discovery B Acc,16.57,
08/30/2018,Baillie Gifford Global Discovery B Acc,16.5,
08/31/2018,Baillie Gifford Global Discovery B Acc,16.6,
09/01/2018,Baillie Gifford Global Discovery B Acc,16.6,
09/02/2018,Baillie Gifford Global Discovery B Acc,16.6,
09/03/2018,Baillie Gifford Global Discovery B Acc,16.86,
09/04/2018,Baillie Gifford Global Discovery B Acc,16.95,
09/05/2018,Baillie Gifford Global Discovery B Acc,16.9,
09/06/2018,Baillie Gifford Global Discovery B Acc,16.5,
09/07/2018,Baillie Gifford Global Discovery B Acc,16.35,
09/08/2018,Baillie Gifford Global Discovery B Acc,16.35,
09/09/2018,Baillie Gifford Global Discovery B Acc,16.35,
09/10/2018,Baillie Gifford Global Discovery B Acc,16.35,
09/11/2018,Baillie Gifford Global Discovery B Acc,16.28,
09/12/2018,Baillie Gifford Global Discovery B Acc,16.39,
09/13/2018,Baillie Gifford Global Discovery B Acc,16.37,
09/14/2018,Baillie Gifford Global Discovery B Acc,16.35,
09/15/2018,Baillie Gifford Global Discovery B Acc,16.35,
09/16/2018,Baillie Gifford Global Discovery B Acc,16.35,
09/17/2018,Baillie Gifford Global Discovery B Acc,16.46,
09/18/2018,Baillie Gifford Global Discovery B Acc,16.09,
09/19/2018,Baillie Gifford Global Discovery B Acc,16.16,
09/20/2018,Baillie Gifford Global Discovery B Acc,16.08,
09/21/2018,Baillie Gifford Global Discovery B Acc,16.13,
09/22/2018,Baillie Gifford Global Discovery B Acc,16.13,
09/23/2018,Baillie Gifford Global Discovery B Acc,16.13,
09/24/2018,Baillie Gifford Global Discovery B Acc,16.11,
09/25/2018,Baillie Gifford Global Discovery B Acc,16.15,
09/26/2018,Baillie Gifford Global Discovery B Acc,16.3,
09/27/2018,Baillie Gifford Global Discovery B Acc,16.19,
09/28/2018,Baillie Gifford Global Discovery B Acc,16.28,
09/29/2018,Baillie Gifford Global Discovery B Acc,16.28,
09/30/2018,Baillie Gifford Global Discovery B Acc,16.28,
10/01/2018,Baillie Gifford Global Discovery B Acc,16.39,
10/02/2018,Baillie Gifford Global Discovery B Acc,16.23,
10/03/2018,Baillie Gifford Global Discovery B Acc,15.95,
10/04/2018,Baillie Gifford Global Discovery B Acc,16.01,
10/05/2018,Baillie Gifford Global Discovery B Acc,15.49,
10/06/2018,Baillie Gifford Global Discovery B Acc,15.49,
10/07/2018,Baillie Gifford Global Discovery B Acc,15.49,
10/08/2018,Baillie Gifford Global Discovery B Acc,15.28,
10/09/2018,Baillie Gifford Global Discovery B Acc,14.9,
10/10/2018,Baillie Gifford Global Discovery B Acc,14.76,
10/11/2018,Baillie Gifford Global Discovery B Acc,14.06,
10/12/2018,Baillie Gifford Global Discovery B Acc,13.97,
10/13/2018,Baillie Gifford Global Discovery B Acc,13.97,
10/14/2018,Baillie Gifford Global Discovery B Acc,13.97,
10/15/2018,Baillie Gifford Global Discovery B Acc,14.26,
10/16/2018,Baillie Gifford Global Discovery B Acc,14.22,
10/17/2018,Baillie Gifford Global Discovery B Acc,14.78,
10/18/2018,Baillie Gifford Global Discovery B Acc,14.74,
10/19/2018,Baillie Gifford Global Discovery B Acc,14.53,
10/20/2018,Baillie Gifford Global Discovery B Acc,14.53,
10/21/2018,Baillie Gifford Global Discovery B Acc,14.53,
10/22/2018,Baillie Gifford Global Discovery B Acc,14.34,
10/23/2018,Baillie Gifford Global Discovery B Acc,14.05,
10/24/2018,Baillie Gifford Global Discovery B Acc,14.12,
10/25/2018,Baillie Gifford Global Discovery B Acc,13.73,
10/26/2018,Baillie Gifford Global Discovery B Acc,13.71,
10/27/2018,Baillie Gifford Global Discovery B Acc,13.71,
10/28/2018,Baillie Gifford Global Discovery B Acc,13.71,
10/29/2018,Baillie Gifford Global Discovery B Acc,13.62,
10/30/2018,Baillie Gifford Global Discovery B Acc,13.62,
10/31/2018,Baillie Gifford Global Discovery B Acc,14.05,
11/01/2018,Baillie Gifford Global Discovery B Acc,14.23,
11/02/2018,Baillie Gifford Global Discovery B Acc,14.64,
11/03/2018,Baillie Gifford Global Discovery B Acc,14.64,
11/04/2018,Baillie Gifford Global Discovery B Acc,14.64,
11/05/2018,Baillie Gifford Global Discovery B Acc,14.66,
11/06/2018,Baillie Gifford Global Discovery B Acc,14.47,
11/07/2018,Baillie Gifford Global Discovery B Acc,14.43,
11/08/2018,Baillie Gifford Global Discovery B Acc,14.68,
11/09/2018,Baillie Gifford Global Discovery B Acc,14.67,
11/10/2018,Baillie Gifford Global Discovery B Acc,14.67,
11/11/2018,Baillie Gifford Global Discovery B Acc,14.67,
11/12/2018,Baillie Gifford Global Discovery B Acc,14.47,
11/13/2018,Baillie Gifford Global Discovery B Acc,13.89,
11/14/2018,Baillie Gifford Global Discovery B Acc,13.85,
11/15/2018,Baillie Gifford Global Discovery B Acc,13.82,
11/16/2018,Baillie Gifford Global Discovery B Acc,14.04,
11/17/2018,Baillie Gifford Global Discovery B Acc,14.04,
11/18/2018,Baillie Gifford Global Discovery B Acc,14.04,
11/19/2018,Baillie Gifford Global Discovery B Acc,14.01,
11/20/2018,Baillie Gifford Global Discovery B Acc,13.47,
11/21/2018,Baillie Gifford Global Discovery B Acc,13.39,
11/22/2018,Baillie Gifford Global Discovery B Acc,13.59,
11/23/2018,Baillie Gifford Global Discovery B Acc,13.55,
11/24/2018,Baillie Gifford Global Discovery B Acc,13.55,
11/25/2018,Baillie Gifford Global Discovery B Acc,13.55,
11/26/2018,Baillie Gifford Global Discovery B Acc,13.73,
11/27/2018,Baillie Gifford Global Discovery B Acc,13.96,
11/28/2018,Baillie Gifford Global Discovery B Acc,14.03,
11/29/2018,Baillie Gifford Global Discovery B Acc,14.5,
11/30/2018,Baillie Gifford Global Discovery B Acc,14.58,
12/01/2018,Baillie Gifford Global Discovery B Acc,14.58,
12/02/2018,Baillie Gifford Global Discovery B Acc,14.58,
12/03/2018,Baillie Gifford Global Discovery B Acc,14.86,
12/04/2018,Baillie Gifford Global Discovery B Acc,14.89,
12/05/2018,Baillie Gifford Global Discovery B Acc,14.44,
12/06/2018,Baillie Gifford Global Discovery B Acc,14.08,
12/07/2018,Baillie Gifford Global Discovery B Acc,14.43,
12/08/2018,Baillie Gifford Global Discovery B Acc,14.43,
12/09/2018,Baillie Gifford Global Discovery B Acc,14.43,
12/10/2018,Baillie Gifford Global Discovery B Acc,14.03,
12/11/2018,Baillie Gifford Global Discovery B Acc,14.23,
12/12/2018,Baillie Gifford Global Discovery B Acc,14.39,
12/13/2018,Baillie Gifford Global Discovery B Acc,14.4,
12/14/2018,Baillie Gifford Global Discovery B Acc,14.01,
12/15/2018,Baillie Gifford Global Discovery B Acc,14.01,
12/16/2018,Baillie Gifford Global Discovery B Acc,14.01,
12/17/2018,Baillie Gifford Global Discovery B Acc,13.91,
12/18/2018,Baillie Gifford Global Discovery B Acc,13.42,
12/19/2018,Baillie Gifford Global Discovery B Acc,13.37,
12/20/2018,Baillie Gifford Global Discovery B Acc,13.07,
12/21/2018,Baillie Gifford Global Discovery B Acc,12.67,
12/22/2018,Baillie Gifford Global Discovery B Acc,12.67,
12/23/2018,Baillie Gifford Global Discovery B Acc,12.67,
12/24/2018,Baillie Gifford Global Discovery B Acc,12.37,
12/25/2018,Baillie Gifford Global Discovery B Acc,12.37,
12/26/2018,Baillie Gifford Global Discovery B Acc,12.37,
12/27/2018,Baillie Gifford Global Discovery B Acc,12.74,
12/28/2018,Baillie Gifford Global Discovery B Acc,13.01,
12/29/2018,Baillie Gifford Global Discovery B Acc,13.01,
12/30/2018,Baillie Gifford Global Discovery B Acc,13.01,
12/31/2018,Baillie Gifford Global Discovery B Acc,13.08,
01/01/2019,Baillie Gifford Global Discovery B Acc,13.08,
01/02/2019,Baillie Gifford Global Discovery B Acc,13.01,
01/03/2019,Baillie Gifford Global Discovery B Acc,13.01,
01/04/2019,Baillie Gifford Global Discovery B Acc,12.93,
01/05/2019,Baillie Gifford Global Discovery B Acc,12.93,
01/06/2019,Baillie Gifford Global Discovery B Acc,12.93,
01/07/2019,Baillie Gifford Global Discovery B Acc,13.25,
01/08/2019,Baillie Gifford Global Discovery B Acc,13.74,
01/09/2019,Baillie Gifford Global Discovery B Acc,14,
01/10/2019,Baillie Gifford Global Discovery B Acc,14.07,
01/11/2019,Baillie Gifford Global Discovery B Acc,14.19,
01/12/2019,Baillie Gifford Global Discovery B Acc,14.19,
01/13/2019,Baillie Gifford Global Discovery B Acc,14.19,
01/14/2019,Baillie Gifford Global Discovery B Acc,13.98,
01/15/2019,Baillie Gifford Global Discovery B Acc,13.84,
01/16/2019,Baillie Gifford Global Discovery B Acc,14.02,
01/17/2019,Baillie Gifford Global Discovery B Acc,14.1,
01/18/2019,Baillie Gifford Global Discovery B Acc,14.19,
01/19/2019,Baillie Gifford Global Discovery B Acc,14.19,
01/20/2019,Baillie Gifford Global Discovery B Acc,14.19,
01/21/2019,Baillie Gifford Global Discovery B Acc,14.36,
01/22/2019,Baillie Gifford Global Discovery B Acc,14.24,
01/23/2019,Baillie Gifford Global Discovery B Acc,13.9,
01/24/2019,Baillie Gifford Global Discovery B Acc,13.78,
01/25/2019,Baillie Gifford Global Discovery B Acc,13.86,
01/26/2019,Baillie Gifford Global Discovery B Acc,13.86,
01/27/2019,Baillie Gifford Global Discovery B Acc,13.86,
01/28/2019,Baillie Gifford Global Discovery B Acc,14.14,
01/29/2019,Baillie Gifford Global Discovery B Acc,14.05,
01/30/2019,Baillie Gifford Global Discovery B Acc,14.03,
01/31/2019,Baillie Gifford Global Discovery B Acc,14.25,
02/01/2019,Baillie Gifford Global Discovery B Acc,14.56,
02/02/2019,Baillie Gifford Global Discovery B Acc,14.56,
02/03/2019,Baillie Gifford Global Discovery B Acc,14.56,
02/04/2019,Baillie Gifford Global Discovery B Acc,14.54,
02/05/2019,Baillie Gifford Global Discovery B Acc,14.7,
02/06/2019,Baillie Gifford Global Discovery B Acc,14.78,
02/07/2019,Baillie Gifford Global Discovery B Acc,14.84,
02/08/2019,Baillie Gifford Global Discovery B Acc,14.59,
02/09/2019,Baillie Gifford Global Discovery B Acc,14.59,
02/10/2019,Baillie Gifford Global Discovery B Acc,14.59,
02/11/2019,Baillie Gifford Global Discovery B Acc,14.68,
02/12/2019,Baillie Gifford Global Discovery B Acc,14.91,
02/13/2019,Baillie Gifford Global Discovery B Acc,15.12,
02/14/2019,Baillie Gifford Global Discovery B Acc,15.19,
02/15/2019,Baillie Gifford Global Discovery B Acc,15.21,
02/16/2019,Baillie Gifford Global Discovery B Acc,15.21,
02/17/2019,Baillie Gifford Global Discovery B Acc,15.21,
02/18/2019,Baillie Gifford Global Discovery B Acc,15.34,
02/19/2019,Baillie Gifford Global Discovery B Acc,15.31,
02/20/2019,Baillie Gifford Global Discovery B Acc,15.15,
02/21/2019,Baillie Gifford Global Discovery B Acc,15.07,
02/22/2019,Baillie Gifford Global Discovery B Acc,15.03,
02/23/2019,Baillie Gifford Global Discovery B Acc,15.03,
02/24/2019,Baillie Gifford Global Discovery B Acc,15.03,
02/25/2019,Baillie Gifford Global Discovery B Acc,15.42,
02/26/2019,Baillie Gifford Global Discovery B Acc,15.48,
02/27/2019,Baillie Gifford Global Discovery B Acc,15.41,
02/28/2019,Baillie Gifford Global Discovery B Acc,15.45,
03/01/2019,Baillie Gifford Global Discovery B Acc,15.54,
03/02/2019,Baillie Gifford Global Discovery B Acc,15.54,
03/03/2019,Baillie Gifford Global Discovery B Acc,15.54,
03/04/2019,Baillie Gifford Global Discovery B Acc,15.68,
03/05/2019,Baillie Gifford Global Discovery B Acc,15.47,
03/06/2019,Baillie Gifford Global Discovery B Acc,15.61,
03/07/2019,Baillie Gifford Global Discovery B Acc,15.26,
03/08/2019,Baillie Gifford Global Discovery B Acc,15.15,
03/09/2019,Baillie Gifford Global Discovery B Acc,15.15,
03/10/2019,Baillie Gifford Global Discovery B Acc,15.15,
03/11/2019,Baillie Gifford Global Discovery B Acc,15.25,
03/12/2019,Baillie Gifford Global Discovery B Acc,15.33,
03/13/2019,Baillie Gifford Global Discovery B Acc,15.45,
03/14/2019,Baillie Gifford Global Discovery B Acc,15.45,
03/15/2019,Baillie Gifford Global Discovery B Acc,15.46,
03/16/2019,Baillie Gifford Global Discovery B Acc,15.46,
03/17/2019,Baillie Gifford Global Discovery B Acc,15.46,
03/18/2019,Baillie Gifford Global Discovery B Acc,15.52,
03/19/2019,Baillie Gifford Global Discovery B Acc,15.5,
03/20/2019,Baillie Gifford Global Discovery B Acc,15.51,
03/21/2019,Baillie Gifford Global Discovery B Acc,15.5,
03/22/2019,Baillie Gifford Global Discovery B Acc,15.74,
03/23/2019,Baillie Gifford Global Discovery B Acc,15.74,
03/24/2019,Baillie Gifford Global Discovery B Acc,15.74,
03/25/2019,Baillie Gifford Global Discovery B Acc,15.03,
03/26/2019,Baillie Gifford Global Discovery B Acc,15.14,
03/27/2019,Baillie Gifford Global Discovery B Acc,15.21,
03/28/2019,Baillie Gifford Global Discovery B Acc,15.08,
03/29/2019,Baillie Gifford Global Discovery B Acc,15.36,
03/30/2019,Baillie Gifford Global Discovery B Acc,15.36,
03/31/2019,Baillie Gifford Global Discovery B Acc,15.36,
04/01/2019,Baillie Gifford Global Discovery B Acc,15.53,
04/02/2019,Baillie Gifford Global Discovery B Acc,15.59,
04/03/2019,Baillie Gifford Global Discovery B Acc,15.61,
04/04/2019,Baillie Gifford Global Discovery B Acc,15.76,
04/05/2019,Baillie Gifford Global Discovery B Acc,15.68,
04/06/2019,Baillie Gifford Global Discovery B Acc,15.68,
04/07/2019,Baillie Gifford Global Discovery B Acc,15.68,
04/08/2019,Baillie Gifford Global Discovery B Acc,15.86,
04/09/2019,Baillie Gifford Global Discovery B Acc,15.8,
04/10/2019,Baillie Gifford Global Discovery B Acc,15.73,
04/11/2019,Baillie Gifford Global Discovery B Acc,15.88,
04/12/2019,Baillie Gifford Global Discovery B Acc,15.83,
04/13/2019,Baillie Gifford Global Discovery B Acc,15.83,
04/14/2019,Baillie Gifford Global Discovery B Acc,15.83,
04/15/2019,Baillie Gifford Global Discovery B Acc,15.82,
04/16/2019,Baillie Gifford Global Discovery B Acc,15.82,
04/17/2019,Baillie Gifford Global Discovery B Acc,15.88,
04/18/2019,Baillie Gifford Global Discovery B Acc,15.58,
04/19/2019,Baillie Gifford Global Discovery B Acc,15.58,
04/20/2019,Baillie Gifford Global Discovery B Acc,15.58,
04/21/2019,Baillie Gifford Global Discovery B Acc,15.58,
04/22/2019,Baillie Gifford Global Discovery B Acc,15.58,
04/23/2019,Baillie Gifford Global Discovery B Acc,15.61,
04/24/2019,Baillie Gifford Global Discovery B Acc,15.9,
04/25/2019,Baillie Gifford Global Discovery B Acc,15.9,
04/26/2019,Baillie Gifford Global Discovery B Acc,15.88,
04/27/2019,Baillie Gifford Global Discovery B Acc,15.88,
04/28/2019,Baillie Gifford Global Discovery B Acc,15.88,
04/29/2019,Baillie Gifford Global Discovery B Acc,16.04,
04/30/2019,Baillie Gifford Global Discovery B Acc,16.13,
05/01/2019,Baillie Gifford Global Discovery B Acc,15.98,
05/02/2019,Baillie Gifford Global Discovery B Acc,15.87,
05/03/2019,Baillie Gifford Global Discovery B Acc,15.91,
05/04/2019,Baillie Gifford Global Discovery B Acc,15.91,
05/05/2019,Baillie Gifford Global Discovery B Acc,15.91,
05/06/2019,Baillie Gifford Global Discovery B Acc,15.91,
05/07/2019,Baillie Gifford Global Discovery B Acc,16.06,
05/08/2019,Baillie Gifford Global Discovery B Acc,15.79,
05/09/2019,Baillie Gifford Global Discovery B Acc,15.78,
05/10/2019,Baillie Gifford Global Discovery B Acc,15.81,
05/11/2019,Baillie Gifford Global Discovery B Acc,15.81,
05/12/2019,Baillie Gifford Global Discovery B Acc,15.81,
05/13/2019,Baillie Gifford Global Discovery B Acc,15.52,
05/14/2019,Baillie Gifford Global Discovery B Acc,15.22,
05/15/2019,Baillie Gifford Global Discovery B Acc,15.51,
05/16/2019,Baillie Gifford Global Discovery B Acc,15.72,
05/17/2019,Baillie Gifford Global Discovery B Acc,15.95,
05/18/2019,Baillie Gifford Global Discovery B Acc,15.95,
05/19/2019,Baillie Gifford Global Discovery B Acc,15.95,
05/20/2019,Baillie Gifford Global Discovery B Acc,15.77,
05/21/2019,Baillie Gifford Global Discovery B Acc,15.77,
05/22/2019,Baillie Gifford Global Discovery B Acc,16,
05/23/2019,Baillie Gifford Global Discovery B Acc,15.98,
05/24/2019,Baillie Gifford Global Discovery B Acc,15.59,
05/25/2019,Baillie Gifford Global Discovery B Acc,15.59,
05/26/2019,Baillie Gifford Global Discovery B Acc,15.59,
05/27/2019,Baillie Gifford Global Discovery B Acc,15.59,
05/28/2019,Baillie Gifford Global Discovery B Acc,15.78,
05/29/2019,Baillie Gifford Global Discovery B Acc,15.73,
05/30/2019,Baillie Gifford Global Discovery B Acc,15.57,
05/31/2019,Baillie Gifford Global Discovery B Acc,15.52,
06/01/2019,Baillie Gifford Global Discovery B Acc,15.52,
06/02/2019,Baillie Gifford Global Discovery B Acc,15.52,
06/03/2019,Baillie Gifford Global Discovery B Acc,15.41,
06/04/2019,Baillie Gifford Global Discovery B Acc,15.17,
06/05/2019,Baillie Gifford Global Discovery B Acc,15.49,
06/06/2019,Baillie Gifford Global Discovery B Acc,15.63,
06/07/2019,Baillie Gifford Global Discovery B Acc,15.61,
06/08/2019,Baillie Gifford Global Discovery B Acc,15.61,
06/09/2019,Baillie Gifford Global Discovery B Acc,15.61,
06/10/2019,Baillie Gifford Global Discovery B Acc,15.76,
06/11/2019,Baillie Gifford Global Discovery B Acc,15.9,
06/12/2019,Baillie Gifford Global Discovery B Acc,15.8,
06/13/2019,Baillie Gifford Global Discovery B Acc,15.9,
06/14/2019,Baillie Gifford Global Discovery B Acc,16.1,
06/15/2019,Baillie Gifford Global Discovery B Acc,16.1,
06/16/2019,Baillie Gifford Global Discovery B Acc,16.1,
06/17/2019,Baillie Gifford Global Discovery B Acc,15.96,
06/18/2019,Baillie Gifford Global Discovery B Acc,16.16,
06/19/2019,Baillie Gifford Global Discovery B Acc,16.29,
06/20/2019,Baillie Gifford Global Discovery B Acc,16.36,
06/21/2019,Baillie Gifford Global Discovery B Acc,16.46,
06/22/2019,Baillie Gifford Global Discovery B Acc,16.46,
06/23/2019,Baillie Gifford Global Discovery B Acc,16.46,
06/24/2019,Baillie Gifford Global Discovery B Acc,16.35,
06/25/2019,Baillie Gifford Global Discovery B Acc,16.1,
06/26/2019,Baillie Gifford Global Discovery B Acc,15.94,
06/27/2019,Baillie Gifford Global Discovery B Acc,15.84,
06/28/2019,Baillie Gifford Global Discovery B Acc,16.15,
06/29/2019,Baillie Gifford Global Discovery B Acc,16.15,
06/30/2019,Baillie Gifford Global Discovery B Acc,16.15,
07/01/2019,Baillie Gifford Global Discovery B Acc,16.52,
07/02/2019,Baillie Gifford Global Discovery B Acc,16.43,
07/03/2019,Baillie Gifford Global Discovery B Acc,16.52,
07/04/2019,Baillie Gifford Global Discovery B Acc,16.62,
07/05/2019,Baillie Gifford Global Discovery B Acc,16.61,
07/06/2019,Baillie Gifford Global Discovery B Acc,16.61,
07/07/2019,Baillie Gifford Global Discovery B Acc,16.61,
07/08/2019,Baillie Gifford Global Discovery B Acc,16.54,
07/09/2019,Baillie Gifford Global Discovery B Acc,16.6,
07/10/2019,Baillie Gifford Global Discovery B Acc,16.76,
07/11/2019,Baillie Gifford Global Discovery B Acc,16.78,
07/12/2019,Baillie Gifford Global Discovery B Acc,16.77,
07/13/2019,Baillie Gifford Global Discovery B Acc,16.77,
07/14/2019,Baillie Gifford Global Discovery B Acc,16.77,
07/15/2019,Baillie Gifford Global Discovery B Acc,16.83,
07/16/2019,Baillie Gifford Global Discovery B Acc,16.99,
07/17/2019,Baillie Gifford Global Discovery B Acc,16.93,
07/18/2019,Baillie Gifford Global Discovery B Acc,16.81,
07/19/2019,Baillie Gifford Global Discovery B Acc,16.89,
07/20/2019,Baillie Gifford Global Discovery B Acc,16.89,
07/21/2019,Baillie Gifford Global Discovery B Acc,16.89,
07/22/2019,Baillie Gifford Global Discovery B Acc,16.87,
07/23/2019,Baillie Gifford Global Discovery B Acc,17.02,
07/24/2019,Baillie Gifford Global Discovery B Acc,16.97,
07/25/2019,Baillie Gifford Global Discovery B Acc,17.02,
07/26/2019,Baillie Gifford Global Discovery B Acc,16.8,
07/27/2019,Baillie Gifford Global Discovery B Acc,16.8,
07/28/2019,Baillie Gifford Global Discovery B Acc,16.8,
07/29/2019,Baillie Gifford Global Discovery B Acc,17.15,
07/30/2019,Baillie Gifford Global Discovery B Acc,17.21,
07/31/2019,Baillie Gifford Global Discovery B Acc,17.3,
08/01/2019,Baillie Gifford Global Discovery B Acc,17.19,
08/02/2019,Baillie Gifford Global Discovery B Acc,17.09,
08/03/2019,Baillie Gifford Global Discovery B Acc,17.09,
08/04/2019,Baillie Gifford Global Discovery B Acc,17.09,
08/05/2019,Baillie Gifford Global Discovery B Acc,16.69,
08/06/2019,Baillie Gifford Global Discovery B Acc,16.31,
08/07/2019,Baillie Gifford Global Discovery B Acc,16.6,
08/08/2019,Baillie Gifford Global Discovery B Acc,16.53,
08/09/2019,Baillie Gifford Global Discovery B Acc,16.92,
08/10/2019,Baillie Gifford Global Discovery B Acc,16.92,
08/11/2019,Baillie Gifford Global Discovery B Acc,16.92,
08/12/2019,Baillie Gifford Global Discovery B Acc,16.84,
08/13/2019,Baillie Gifford Global Discovery B Acc,16.58,
08/14/2019,Baillie Gifford Global Discovery B Acc,16.79,
08/15/2019,Baillie Gifford Global Discovery B Acc,16.22,
08/16/2019,Baillie Gifford Global Discovery B Acc,16.12,
08/17/2019,Baillie Gifford Global Discovery B Acc,16.12,
08/18/2019,Baillie Gifford Global Discovery B Acc,16.12,
08/19/2019,Baillie Gifford Global Discovery B Acc,16.51,
08/20/2019,Baillie Gifford Global Discovery B Acc,16.64,
08/21/2019,Baillie Gifford Global Discovery B Acc,16.63,
08/22/2019,Baillie Gifford Global Discovery B Acc,16.72,
08/23/2019,Baillie Gifford Global Discovery B Acc,16.6,
08/24/2019,Baillie Gifford Global Discovery B Acc,16.6,
08/25/2019,Baillie Gifford Global Discovery B Acc,16.6,
08/26/2019,Baillie Gifford Global Discovery B Acc,16.6,
08/27/2019,Baillie Gifford Global Discovery B Acc,16.28,
08/28/2019,Baillie Gifford Global Discovery B Acc,16.22,
08/29/2019,Baillie Gifford Global Discovery B Acc,16.19,
08/30/2019,Baillie Gifford Global Discovery B Acc,16.5,
08/31/2019,Baillie Gifford Global Discovery B Acc,16.5,
09/01/2019,Baillie Gifford Global Discovery B Acc,16.5,
09/02/2019,Baillie Gifford Global Discovery B Acc,16.48,
09/03/2019,Baillie Gifford Global Discovery B Acc,16.52,
09/04/2019,Baillie Gifford Global Discovery B Acc,16.31,
09/05/2019,Baillie Gifford Global Discovery B Acc,16.29,
09/06/2019,Baillie Gifford Global Discovery B Acc,16.41,
09/07/2019,Baillie Gifford Global Discovery B Acc,16.41,
09/08/2019,Baillie Gifford Global Discovery B Acc,16.41,
09/09/2019,Baillie Gifford Global Discovery B Acc,16.27,
09/10/2019,Baillie Gifford Global Discovery B Acc,15.92,
09/11/2019,Baillie Gifford Global Discovery B Acc,15.96,
09/12/2019,Baillie Gifford Global Discovery B Acc,16.27,
09/13/2019,Baillie Gifford Global Discovery B Acc,16.15,
09/14/2019,Baillie Gifford Global Discovery B Acc,16.15,
09/15/2019,Baillie Gifford Global Discovery B Acc,16.15,
09/16/2019,Baillie Gifford Global Discovery B Acc,16.08,
09/17/2019,Baillie Gifford Global Discovery B Acc,16.22,
09/18/2019,Baillie Gifford Global Discovery B Acc,16.2,
09/19/2019,Baillie Gifford Global Discovery B Acc,16.01,
09/20/2019,Baillie Gifford Global Discovery B Acc,15.94,
09/21/2019,Baillie Gifford Global Discovery B Acc,15.94,
09/22/2019,Baillie Gifford Global Discovery B Acc,15.94,
09/23/2019,Baillie Gifford Global Discovery B Acc,15.98,
09/24/2019,Baillie Gifford Global Discovery B Acc,15.98,
09/25/2019,Baillie Gifford Global Discovery B Acc,15.51,
09/26/2019,Baillie Gifford Global Discovery B Acc,15.75,
09/27/2019,Baillie Gifford Global Discovery B Acc,15.59,
09/28/2019,Baillie Gifford Global Discovery B Acc,15.59,
09/29/2019,Baillie Gifford Global Discovery B Acc,15.59,
09/30/2019,Baillie Gifford Global Discovery B Acc,15.3,
10/01/2019,Baillie Gifford Global Discovery B Acc,15.44,
10/02/2019,Baillie Gifford Global Discovery B Acc,15.16,
10/03/2019,Baillie Gifford Global Discovery B Acc,14.84,
10/04/2019,Baillie Gifford Global Discovery B Acc,15.11,
10/05/2019,Baillie Gifford Global Discovery B Acc,15.11,
10/06/2019,Baillie Gifford Global Discovery B Acc,15.11,
10/07/2019,Baillie Gifford Global Discovery B Acc,15.38,
10/08/2019,Baillie Gifford Global Discovery B Acc,15.35,
10/09/2019,Baillie Gifford Global Discovery B Acc,15.03,
10/10/2019,Baillie Gifford Global Discovery B Acc,15.12,
10/11/2019,Baillie Gifford Global Discovery B Acc,14.96,
10/12/2019,Baillie Gifford Global Discovery B Acc,14.96,
10/13/2019,Baillie Gifford Global Discovery B Acc,14.96,
10/14/2019,Baillie Gifford Global Discovery B Acc,15.15,
10/15/2019,Baillie Gifford Global Discovery B Acc,15.11,
10/16/2019,Baillie Gifford Global Discovery B Acc,15.23,
10/17/2019,Baillie Gifford Global Discovery B Acc,15.01,
10/18/2019,Baillie Gifford Global Discovery B Acc,14.99,
10/19/2019,Baillie Gifford Global Discovery B Acc,14.99,
10/20/2019,Baillie Gifford Global Discovery B Acc,14.99,
10/21/2019,Baillie Gifford Global Discovery B Acc,14.74,
10/22/2019,Baillie Gifford Global Discovery B Acc,14.93,
10/23/2019,Baillie Gifford Global Discovery B Acc,14.8,
10/24/2019,Baillie Gifford Global Discovery B Acc,14.82,
10/25/2019,Baillie Gifford Global Discovery B Acc,15.09,
10/26/2019,Baillie Gifford Global Discovery B Acc,15.09,
10/27/2019,Baillie Gifford Global Discovery B Acc,15.09,
10/28/2019,Baillie Gifford Global Discovery B Acc,15.16,
10/29/2019,Baillie Gifford Global Discovery B Acc,15.31,
10/30/2019,Baillie Gifford Global Discovery B Acc,15.08,
10/31/2019,Baillie Gifford Global Discovery B Acc,15.08,
11/01/2019,Baillie Gifford Global Discovery B Acc,15.18,
11/02/2019,Baillie Gifford Global Discovery B Acc,15.18,
11/03/2019,Baillie Gifford Global Discovery B Acc,15.18,
11/04/2019,Baillie Gifford Global Discovery B Acc,15.45,
11/05/2019,Baillie Gifford Global Discovery B Acc,15.57,
11/06/2019,Baillie Gifford Global Discovery B Acc,15.52,
11/07/2019,Baillie Gifford Global Discovery B Acc,15.63,
11/08/2019,Baillie Gifford Global Discovery B Acc,15.7,
11/09/2019,Baillie Gifford Global Discovery B Acc,15.7,
11/10/2019,Baillie Gifford Global Discovery B Acc,15.7,
11/11/2019,Baillie Gifford Global Discovery B Acc,15.82,
11/12/2019,Baillie Gifford Global Discovery B Acc,15.8,
11/13/2019,Baillie Gifford Global Discovery B Acc,15.77,
11/14/2019,Baillie Gifford Global Discovery B Acc,15.76,
11/15/2019,Baillie Gifford Global Discovery B Acc,15.82,
11/16/2019,Baillie Gifford Global Discovery B Acc,15.82,
11/17/2019,Baillie Gifford Global Discovery B Acc,15.82,
11/18/2019,Baillie Gifford Global Discovery B Acc,15.73,
11/19/2019,Baillie Gifford Global Discovery B Acc,15.9,
11/20/2019,Baillie Gifford Global Discovery B Acc,16.06,
11/21/2019,Baillie Gifford Global Discovery B Acc,16.12,
11/22/2019,Baillie Gifford Global Discovery B Acc,16.19,
11/23/2019,Baillie Gifford Global Discovery B Acc,16.19,
11/24/2019,Baillie Gifford Global Discovery B Acc,16.19,
11/25/2019,Baillie Gifford Global Discovery B Acc,16.2,
11/26/2019,Baillie Gifford Global Discovery B Acc,16.61,
11/27/2019,Baillie Gifford Global Discovery B Acc,16.63,
11/28/2019,Baillie Gifford Global Discovery B Acc,16.6,
11/29/2019,Baillie Gifford Global Discovery B Acc,16.73,
11/30/2019,Baillie Gifford Global Discovery B Acc,16.73,
12/01/2019,Baillie Gifford Global Discovery B Acc,16.73,
12/02/2019,Baillie Gifford Global Discovery B Acc,16.55,
12/03/2019,Baillie Gifford Global Discovery B Acc,16.31,
12/04/2019,Baillie Gifford Global Discovery B Acc,16.27,
12/05/2019,Baillie Gifford Global Discovery B Acc,16.19,
12/06/2019,Baillie Gifford Global Discovery B Acc,16.06,
12/07/2019,Baillie Gifford Global Discovery B Acc,16.06,
12/08/2019,Baillie Gifford Global Discovery B Acc,16.06,
12/09/2019,Baillie Gifford Global Discovery B Acc,16,
12/10/2019,Baillie Gifford Global Discovery B Acc,15.92,
12/11/2019,Baillie Gifford Global Discovery B Acc,15.9,
12/12/2019,Baillie Gifford Global Discovery B Acc,15.83,
12/13/2019,Baillie Gifford Global Discovery B Acc,15.65,
12/14/2019,Baillie Gifford Global Discovery B Acc,15.65,
12/15/2019,Baillie Gifford Global Discovery B Acc,15.65,
12/16/2019,Baillie Gifford Global Discovery B Acc,15.77,
12/17/2019,Baillie Gifford Global Discovery B Acc,15.96,
12/18/2019,Baillie Gifford Global Discovery B Acc,16,
12/19/2019,Baillie Gifford Global Discovery B Acc,16.09,
12/20/2019,Baillie Gifford Global Discovery B Acc,16.26,
12/21/2019,Baillie Gifford Global Discovery B Acc,16.26,
12/22/2019,Baillie Gifford Global Discovery B Acc,16.26,
12/23/2019,Baillie Gifford Global Discovery B Acc,16.36,
12/24/2019,Baillie Gifford Global Discovery B Acc,16.51,
12/25/2019,Baillie Gifford Global Discovery B Acc,16.51,
12/26/2019,Baillie Gifford Global Discovery B Acc,16.51,
12/27/2019,Baillie Gifford Global Discovery B Acc,16.48,
12/28/2019,Baillie Gifford Global Discovery B Acc,16.48,
12/29/2019,Baillie Gifford Global Discovery B Acc,16.48,
12/30/2019,Baillie Gifford Global Discovery B Acc,16.41,
12/31/2019,Baillie Gifford Global Discovery B Acc,16.21,
01/01/2020,Baillie Gifford Global Discovery B Acc,16.21,
01/02/2020,Baillie Gifford Global Discovery B Acc,16.28,
01/03/2020,Baillie Gifford Global Discovery B Acc,16.26,
01/04/2020,Baillie Gifford Global Discovery B Acc,16.26,
01/05/2020,Baillie Gifford Global Discovery B Acc,16.26,
01/06/2020,Baillie Gifford Global Discovery B Acc,16.13,
01/07/2020,Baillie Gifford Global Discovery B Acc,16.27,
01/08/2020,Baillie Gifford Global Discovery B Acc,16.42,
01/09/2020,Baillie Gifford Global Discovery B Acc,16.65,
01/10/2020,Baillie Gifford Global Discovery B Acc,16.75,
01/11/2020,Baillie Gifford Global Discovery B Acc,16.75,
01/12/2020,Baillie Gifford Global Discovery B Acc,16.75,
01/13/2020,Baillie Gifford Global Discovery B Acc,16.89,
01/14/2020,Baillie Gifford Global Discovery B Acc,17.13,
01/15/2020,Baillie Gifford Global Discovery B Acc,17.2,
01/16/2020,Baillie Gifford Global Discovery B Acc,17.15,
01/17/2020,Baillie Gifford Global Discovery B Acc,17.47,
01/18/2020,Baillie Gifford Global Discovery B Acc,17.47,
01/19/2020,Baillie Gifford Global Discovery B Acc,17.47,
01/20/2020,Baillie Gifford Global Discovery B Acc,17.52,
01/21/2020,Baillie Gifford Global Discovery B Acc,17.37,
01/22/2020,Baillie Gifford Global Discovery B Acc,17.4,
01/23/2020,Baillie Gifford Global Discovery B Acc,17.27,
01/24/2020,Baillie Gifford Global Discovery B Acc,17.38,
01/25/2020,Baillie Gifford Global Discovery B Acc,17.38,
01/26/2020,Baillie Gifford Global Discovery B Acc,17.38,
01/27/2020,Baillie Gifford Global Discovery B Acc,16.96,
01/28/2020,Baillie Gifford Global Discovery B Acc,16.95,
01/29/2020,Baillie Gifford Global Discovery B Acc,17.14,
01/30/2020,Baillie Gifford Global Discovery B Acc,17.17,
01/31/2020,Baillie Gifford Global Discovery B Acc,16.98,
02/01/2020,Baillie Gifford Global Discovery B Acc,16.98,
02/02/2020,Baillie Gifford Global Discovery B Acc,16.98,
02/03/2020,Baillie Gifford Global Discovery B Acc,16.8,
02/04/2020,Baillie Gifford Global Discovery B Acc,17.26,
02/05/2020,Baillie Gifford Global Discovery B Acc,17.65,
02/06/2020,Baillie Gifford Global Discovery B Acc,17.56,
02/07/2020,Baillie Gifford Global Discovery B Acc,17.77,
02/08/2020,Baillie Gifford Global Discovery B Acc,17.77,
02/09/2020,Baillie Gifford Global Discovery B Acc,17.77,
02/10/2020,Baillie Gifford Global Discovery B Acc,17.7,
02/11/2020,Baillie Gifford Global Discovery B Acc,17.93,
02/12/2020,Baillie Gifford Global Discovery B Acc,17.87,
02/13/2020,Baillie Gifford Global Discovery B Acc,17.88,
02/14/2020,Baillie Gifford Global Discovery B Acc,17.9,
02/15/2020,Baillie Gifford Global Discovery B Acc,17.9,
02/16/2020,Baillie Gifford Global Discovery B Acc,17.9,
02/17/2020,Baillie Gifford Global Discovery B Acc,17.9,
02/18/2020,Baillie Gifford Global Discovery B Acc,17.84,
02/19/2020,Baillie Gifford Global Discovery B Acc,18.16,
02/20/2020,Baillie Gifford Global Discovery B Acc,18.51,
02/21/2020,Baillie Gifford Global Discovery B Acc,18.45,
02/22/2020,Baillie Gifford Global Discovery B Acc,18.45,
02/23/2020,Baillie Gifford Global Discovery B Acc,18.45,
02/24/2020,Baillie Gifford Global Discovery B Acc,17.67,
02/25/2020,Baillie Gifford Global Discovery B Acc,17.35,
02/26/2020,Baillie Gifford Global Discovery B Acc,16.75,
02/27/2020,Baillie Gifford Global Discovery B Acc,16.76,
02/28/2020,Baillie Gifford Global Discovery B Acc,15.86,
02/29/2020,Baillie Gifford Global Discovery B Acc,15.86,
03/01/2020,Baillie Gifford Global Discovery B Acc,15.86,
03/02/2020,Baillie Gifford Global Discovery B Acc,16.37,
03/03/2020,Baillie Gifford Global Discovery B Acc,16.84,
03/04/2020,Baillie Gifford Global Discovery B Acc,16.78,
03/05/2020,Baillie Gifford Global Discovery B Acc,16.57,
03/06/2020,Baillie Gifford Global Discovery B Acc,16.05,
03/07/2020,Baillie Gifford Global Discovery B Acc,16.05,
03/08/2020,Baillie Gifford Global Discovery B Acc,16.05,
03/09/2020,Baillie Gifford Global Discovery B Acc,14.87,
03/10/2020,Baillie Gifford Global Discovery B Acc,15.67,
03/11/2020,Baillie Gifford Global Discovery B Acc,15.23,
03/12/2020,Baillie Gifford Global Discovery B Acc,14.13,
03/13/2020,Baillie Gifford Global Discovery B Acc,14.17,
03/14/2020,Baillie Gifford Global Discovery B Acc,14.17,
03/15/2020,Baillie Gifford Global Discovery B Acc,14.17,
03/16/2020,Baillie Gifford Global Discovery B Acc,13.28,
03/17/2020,Baillie Gifford Global Discovery B Acc,13.4,
03/18/2020,Baillie Gifford Global Discovery B Acc,13.45,
03/19/2020,Baillie Gifford Global Discovery B Acc,13.8,
03/20/2020,Baillie Gifford Global Discovery B Acc,14.84,
03/21/2020,Baillie Gifford Global Discovery B Acc,14.84,
03/22/2020,Baillie Gifford Global Discovery B Acc,14.84,
03/23/2020,Baillie Gifford Global Discovery B Acc,13.77,
03/24/2020,Baillie Gifford Global Discovery B Acc,14.74,
03/25/2020,Baillie Gifford Global Discovery B Acc,15.08,
03/26/2020,Baillie Gifford Global Discovery B Acc,14.82,
03/27/2020,Baillie Gifford Global Discovery B Acc,15.1,
03/28/2020,Baillie Gifford Global Discovery B Acc,15.1,
03/29/2020,Baillie Gifford Global Discovery B Acc,15.1,
03/30/2020,Baillie Gifford Global Discovery B Acc,14.81,
03/31/2020,Baillie Gifford Global Discovery B Acc,15.22,
04/01/2020,Baillie Gifford Global Discovery B Acc,14.61,
04/02/2020,Baillie Gifford Global Discovery B Acc,14.48,
04/03/2020,Baillie Gifford Global Discovery B Acc,14.32,
04/04/2020,Baillie Gifford Global Discovery B Acc,14.32,
04/05/2020,Baillie Gifford Global Discovery B Acc,14.32,
04/06/2020,Baillie Gifford Global Discovery B Acc,14.73,
04/07/2020,Baillie Gifford Global Discovery B Acc,15.59,
04/08/2020,Baillie Gifford Global Discovery B Acc,15.24,
04/09/2020,Baillie Gifford Global Discovery B Acc,15.57,
04/10/2020,Baillie Gifford Global Discovery B Acc,15.57,
04/11/2020,Baillie Gifford Global Discovery B Acc,15.57,
04/12/2020,Baillie Gifford Global Discovery B Acc,15.57,
04/13/2020,Baillie Gifford Global Discovery B Acc,15.57,
04/14/2020,Baillie Gifford Global Discovery B Acc,16.08,
04/15/2020,Baillie Gifford Global Discovery B Acc,16.28,
04/16/2020,Baillie Gifford Global Discovery B Acc,16.44,
04/17/2020,Baillie Gifford Global Discovery B Acc,17.03,
04/18/2020,Baillie Gifford Global Discovery B Acc,17.03,
04/19/2020,Baillie Gifford Global Discovery B Acc,17.03,
04/20/2020,Baillie Gifford Global Discovery B Acc,17.11,
04/21/2020,Baillie Gifford Global Discovery B Acc,17.33,
04/22/2020,Baillie Gifford Global Discovery B Acc,17.09,
04/23/2020,Baillie Gifford Global Discovery B Acc,17.25,
04/24/2020,Baillie Gifford Global Discovery B Acc,17.39,
04/25/2020,Baillie Gifford Global Discovery B Acc,17.39,
04/26/2020,Baillie Gifford Global Discovery B Acc,17.39,
04/27/2020,Baillie Gifford Global Discovery B Acc,17.59,
04/28/2020,Baillie Gifford Global Discovery B Acc,17.99,
04/29/2020,Baillie Gifford Global Discovery B Acc,17.82,
04/30/2020,Baillie Gifford Global Discovery B Acc,18.29,
05/01/2020,Baillie Gifford Global Discovery B Acc,17.48,
05/02/2020,Baillie Gifford Global Discovery B Acc,17.48,
05/03/2020,Baillie Gifford Global Discovery B Acc,17.48,
05/04/2020,Baillie Gifford Global Discovery B Acc,17.31,
05/05/2020,Baillie Gifford Global Discovery B Acc,17.92,
05/06/2020,Baillie Gifford Global Discovery B Acc,18.53,
05/07/2020,Baillie Gifford Global Discovery B Acc,19.12,
05/08/2020,Baillie Gifford Global Discovery B Acc,19.12,
05/09/2020,Baillie Gifford Global Discovery B Acc,19.12,
05/10/2020,Baillie Gifford Global Discovery B Acc,19.12,
05/11/2020,Baillie Gifford Global Discovery B Acc,19.52,
05/12/2020,Baillie Gifford Global Discovery B Acc,19.96,
05/13/2020,Baillie Gifford Global Discovery B Acc,19.81,
05/14/2020,Baillie Gifford Global Discovery B Acc,19.61,
05/15/2020,Baillie Gifford Global Discovery B Acc,19.49,
05/16/2020,Baillie Gifford Global Discovery B Acc,19.49,
05/17/2020,Baillie Gifford Global Discovery B Acc,19.49,
05/18/2020,Baillie Gifford Global Discovery B Acc,20.27,
05/19/2020,Baillie Gifford Global Discovery B Acc,19.95,
05/20/2020,Baillie Gifford Global Discovery B Acc,20.04,
05/21/2020,Baillie Gifford Global Discovery B Acc,20.29,
05/22/2020,Baillie Gifford Global Discovery B Acc,20.31,
05/23/2020,Baillie Gifford Global Discovery B Acc,20.31,
05/24/2020,Baillie Gifford Global Discovery B Acc,20.31,
05/25/2020,Baillie Gifford Global Discovery B Acc,20.31,
05/26/2020,Baillie Gifford Global Discovery B Acc,20.71,
05/27/2020,Baillie Gifford Global Discovery B Acc,20.38,
05/28/2020,Baillie Gifford Global Discovery B Acc,20.48,
05/29/2020,Baillie Gifford Global Discovery B Acc,20.39,
05/30/2020,Baillie Gifford Global Discovery B Acc,20.39,
05/31/2020,Baillie Gifford Global Discovery B Acc,20.39,
06/01/2020,Baillie Gifford Global Discovery B Acc,20.78,
06/02/2020,Baillie Gifford Global Discovery B Acc,20.8,
06/03/2020,Baillie Gifford Global Discovery B Acc,20.94,
06/04/2020,Baillie Gifford Global Discovery B Acc,21.11,
06/05/2020,Baillie Gifford Global Discovery B Acc,20.55,
06/06/2020,Baillie Gifford Global Discovery B Acc,20.55,
06/07/2020,Baillie Gifford Global Discovery B Acc,20.55,
06/08/2020,Baillie Gifford Global Discovery B Acc,20.47,
06/09/2020,Baillie Gifford Global Discovery B Acc,20.6,
06/10/2020,Baillie Gifford Global Discovery B Acc,20.49,
06/11/2020,Baillie Gifford Global Discovery B Acc,20.39,
06/12/2020,Baillie Gifford Global Discovery B Acc,20.09,
06/13/2020,Baillie Gifford Global Discovery B Acc,20.09,
06/14/2020,Baillie Gifford Global Discovery B Acc,20.09,
06/15/2020,Baillie Gifford Global Discovery B Acc,19.84,
06/16/2020,Baillie Gifford Global Discovery B Acc,20.82,
06/17/2020,Baillie Gifford Global Discovery B Acc,20.96,
06/18/2020,Baillie Gifford Global Discovery B Acc,21.19,
06/19/2020,Baillie Gifford Global Discovery B Acc,21.42,
06/20/2020,Baillie Gifford Global Discovery B Acc,21.42,
06/21/2020,Baillie Gifford Global Discovery B Acc,21.42,
06/22/2020,Baillie Gifford Global Discovery B Acc,21.96,
06/23/2020,Baillie Gifford Global Discovery B Acc,21.93,
06/24/2020,Baillie Gifford Global Discovery B Acc,21.98,
06/25/2020,Baillie Gifford Global Discovery B Acc,21.55,
06/26/2020,Baillie Gifford Global Discovery B Acc,21.96,
06/27/2020,Baillie Gifford Global Discovery B Acc,21.96,
06/28/2020,Baillie Gifford Global Discovery B Acc,21.96,
06/29/2020,Baillie Gifford Global Discovery B Acc,21.72,
06/30/2020,Baillie Gifford Global Discovery B Acc,22.03,
07/01/2020,Baillie Gifford Global Discovery B Acc,22.12,
07/02/2020,Baillie Gifford Global Discovery B Acc,22.23,
07/03/2020,Baillie Gifford Global Discovery B Acc,22.61,
07/04/2020,Baillie Gifford Global Discovery B Acc,22.61,
07/05/2020,Baillie Gifford Global Discovery B Acc,22.61,
07/06/2020,Baillie Gifford Global Discovery B Acc,22.75,
07/07/2020,Baillie Gifford Global Discovery B Acc,22.95,
07/08/2020,Baillie Gifford Global Discovery B Acc,22.92,
07/09/2020,Baillie Gifford Global Discovery B Acc,23.01,
07/10/2020,Baillie Gifford Global Discovery B Acc,23.13,
07/11/2020,Baillie Gifford Global Discovery B Acc,23.13,
07/12/2020,Baillie Gifford Global Discovery B Acc,23.13,
07/13/2020,Baillie Gifford Global Discovery B Acc,23.18,
07/14/2020,Baillie Gifford Global Discovery B Acc,22.57,
07/15/2020,Baillie Gifford Global Discovery B Acc,22.57,
07/16/2020,Baillie Gifford Global Discovery B Acc,22.93,
07/17/2020,Baillie Gifford Global Discovery B Acc,22.85,
07/18/2020,Baillie Gifford Global Discovery B Acc,22.85,
07/19/2020,Baillie Gifford Global Discovery B Acc,22.85,
07/20/2020,Baillie Gifford Global Discovery B Acc,23.1,
07/21/2020,Baillie Gifford Global Discovery B Acc,23.6,
07/22/2020,Baillie Gifford Global Discovery B Acc,23.43,
07/23/2020,Baillie Gifford Global Discovery B Acc,23.27,
07/24/2020,Baillie Gifford Global Discovery B Acc,22.8,
07/25/2020,Baillie Gifford Global Discovery B Acc,22.8,
07/26/2020,Baillie Gifford Global Discovery B Acc,22.8,
07/27/2020,Baillie Gifford Global Discovery B Acc,22.3,
07/28/2020,Baillie Gifford Global Discovery B Acc,22.66,
07/29/2020,Baillie Gifford Global Discovery B Acc,22.25,
07/30/2020,Baillie Gifford Global Discovery B Acc,22.28,
07/31/2020,Baillie Gifford Global Discovery B Acc,22.5,
08/01/2020,Baillie Gifford Global Discovery B Acc,22.5,
08/02/2020,Baillie Gifford Global Discovery B Acc,22.5,
08/03/2020,Baillie Gifford Global Discovery B Acc,22.59,
08/04/2020,Baillie Gifford Global Discovery B Acc,23.16,
08/05/2020,Baillie Gifford Global Discovery B Acc,23.21,
08/06/2020,Baillie Gifford Global Discovery B Acc,23.1,
08/07/2020,Baillie Gifford Global Discovery B Acc,23.23,
08/08/2020,Baillie Gifford Global Discovery B Acc,23.23,
08/09/2020,Baillie Gifford Global Discovery B Acc,23.23,
08/10/2020,Baillie Gifford Global Discovery B Acc,22.99,
08/11/2020,Baillie Gifford Global Discovery B Acc,22.58,
08/12/2020,Baillie Gifford Global Discovery B Acc,22.29,
08/13/2020,Baillie Gifford Global Discovery B Acc,22.54,
08/14/2020,Baillie Gifford Global Discovery B Acc,22.7,
08/15/2020,Baillie Gifford Global Discovery B Acc,22.7,
08/16/2020,Baillie Gifford Global Discovery B Acc,22.7,
08/17/2020,Baillie Gifford Global Discovery B Acc,22.6,
08/18/2020,Baillie Gifford Global Discovery B Acc,23.07,
08/19/2020,Baillie Gifford Global Discovery B Acc,23.04,
08/20/2020,Baillie Gifford Global Discovery B Acc,23.21,
08/21/2020,Baillie Gifford Global Discovery B Acc,23.2,
08/22/2020,Baillie Gifford Global Discovery B Acc,23.2,
08/23/2020,Baillie Gifford Global Discovery B Acc,23.2,
08/24/2020,Baillie Gifford Global Discovery B Acc,23.3,
08/25/2020,Baillie Gifford Global Discovery B Acc,23.08,
08/26/2020,Baillie Gifford Global Discovery B Acc,23.21,
08/27/2020,Baillie Gifford Global Discovery B Acc,23.41,
08/28/2020,Baillie Gifford Global Discovery B Acc,23.29,
08/29/2020,Baillie Gifford Global Discovery B Acc,23.29,
08/30/2020,Baillie Gifford Global Discovery B Acc,23.29,
08/31/2020,Baillie Gifford Global Discovery B Acc,23.29,
09/01/2020,Baillie Gifford Global Discovery B Acc,23.61,
09/02/2020,Baillie Gifford Global Discovery B Acc,23.93,
09/03/2020,Baillie Gifford Global Discovery B Acc,23.91,
09/04/2020,Baillie Gifford Global Discovery B Acc,22.69,
09/05/2020,Baillie Gifford Global Discovery B Acc,22.69,
09/06/2020,Baillie Gifford Global Discovery B Acc,22.69,
09/07/2020,Baillie Gifford Global Discovery B Acc,22.4,
09/08/2020,Baillie Gifford Global Discovery B Acc,22.37,
09/09/2020,Baillie Gifford Global Discovery B Acc,22.22,
09/10/2020,Baillie Gifford Global Discovery B Acc,22.61,
09/11/2020,Baillie Gifford Global Discovery B Acc,22.79,
09/12/2020,Baillie Gifford Global Discovery B Acc,22.79,
09/13/2020,Baillie Gifford Global Discovery B Acc,22.79,
09/14/2020,Baillie Gifford Global Discovery B Acc,22.78,
09/15/2020,Baillie Gifford Global Discovery B Acc,23.28,
09/16/2020,Baillie Gifford Global Discovery B Acc,23.64,
09/17/2020,Baillie Gifford Global Discovery B Acc,23.49,
09/18/2020,Baillie Gifford Global Discovery B Acc,23.53,
09/19/2020,Baillie Gifford Global Discovery B Acc,23.53,
09/20/2020,Baillie Gifford Global Discovery B Acc,23.53,
09/21/2020,Baillie Gifford Global Discovery B Acc,23.53,
09/22/2020,Baillie Gifford Global Discovery B Acc,23.77,
09/23/2020,Baillie Gifford Global Discovery B Acc,24.1,
09/24/2020,Baillie Gifford Global Discovery B Acc,23.57,
09/25/2020,Baillie Gifford Global Discovery B Acc,23.49,
09/26/2020,Baillie Gifford Global Discovery B Acc,23.49,
09/27/2020,Baillie Gifford Global Discovery B Acc,23.49,
09/28/2020,Baillie Gifford Global Discovery B Acc,24.06,
09/29/2020,Baillie Gifford Global Discovery B Acc,24.25,
09/30/2020,Baillie Gifford Global Discovery B Acc,24.41,
10/01/2020,Baillie Gifford Global Discovery B Acc,24.5,
10/02/2020,Baillie Gifford Global Discovery B Acc,24.41,
10/03/2020,Baillie Gifford Global Discovery B Acc,24.41,
10/04/2020,Baillie Gifford Global Discovery B Acc,24.41,
10/05/2020,Baillie Gifford Global Discovery B Acc,24.36,
10/06/2020,Baillie Gifford Global Discovery B Acc,24.68,
10/07/2020,Baillie Gifford Global Discovery B Acc,24.72,
10/08/2020,Baillie Gifford Global Discovery B Acc,25.16,
10/09/2020,Baillie Gifford Global Discovery B Acc,25.27,
10/10/2020,Baillie Gifford Global Discovery B Acc,25.27,
10/11/2020,Baillie Gifford Global Discovery B Acc,25.27,
10/12/2020,Baillie Gifford Global Discovery B Acc,25.49,
10/13/2020,Baillie Gifford Global Discovery B Acc,25.45,
10/14/2020,Baillie Gifford Global Discovery B Acc,26.05,
10/15/2020,Baillie Gifford Global Discovery B Acc,25.48,
10/16/2020,Baillie Gifford Global Discovery B Acc,25.56,
10/17/2020,Baillie Gifford Global Discovery B Acc,25.56,
10/18/2020,Baillie Gifford Global Discovery B Acc,25.56,
10/19/2020,Baillie Gifford Global Discovery B Acc,25.42,
10/20/2020,Baillie Gifford Global Discovery B Acc,25.5,
10/21/2020,Baillie Gifford Global Discovery B Acc,25.25,
10/22/2020,Baillie Gifford Global Discovery B Acc,24.76,
10/23/2020,Baillie Gifford Global Discovery B Acc,24.88,
10/24/2020,Baillie Gifford Global Discovery B Acc,24.88,
10/25/2020,Baillie Gifford Global Discovery B Acc,24.88,
10/26/2020,Baillie Gifford Global Discovery B Acc,24.91,
10/27/2020,Baillie Gifford Global Discovery B Acc,24.47,
10/28/2020,Baillie Gifford Global Discovery B Acc,24.48,
10/29/2020,Baillie Gifford Global Discovery B Acc,24.07,
10/30/2020,Baillie Gifford Global Discovery B Acc,24.27,
10/31/2020,Baillie Gifford Global Discovery B Acc,24.27,
11/01/2020,Baillie Gifford Global Discovery B Acc,24.27,
11/02/2020,Baillie Gifford Global Discovery B Acc,24.11,
11/03/2020,Baillie Gifford Global Discovery B Acc,24.06,
11/04/2020,Baillie Gifford Global Discovery B Acc,24.46,
11/05/2020,Baillie Gifford Global Discovery B Acc,25.62,
11/06/2020,Baillie Gifford Global Discovery B Acc,25.47,
11/07/2020,Baillie Gifford Global Discovery B Acc,25.47,
11/08/2020,Baillie Gifford Global Discovery B Acc,25.47,
11/09/2020,Baillie Gifford Global Discovery B Acc,26.34,
11/10/2020,Baillie Gifford Global Discovery B Acc,24.84,
11/11/2020,Baillie Gifford Global Discovery B Acc,24.41,
11/12/2020,Baillie Gifford Global Discovery B Acc,25.24,
11/13/2020,Baillie Gifford Global Discovery B Acc,25.28,
11/14/2020,Baillie Gifford Global Discovery B Acc,25.28,
11/15/2020,Baillie Gifford Global Discovery B Acc,25.28,
11/16/2020,Baillie Gifford Global Discovery B Acc,25.37,
11/17/2020,Baillie Gifford Global Discovery B Acc,25.42,
11/18/2020,Baillie Gifford Global Discovery B Acc,25.34,
11/19/2020,Baillie Gifford Global Discovery B Acc,25.53,
11/20/2020,Baillie Gifford Global Discovery B Acc,25.91,
11/21/2020,Baillie Gifford Global Discovery B Acc,25.91,
11/22/2020,Baillie Gifford Global Discovery B Acc,25.91,
11/23/2020,Baillie Gifford Global Discovery B Acc,26.01,
11/24/2020,Baillie Gifford Global Discovery B Acc,26.06,
11/25/2020,Baillie Gifford Global Discovery B Acc,25.89,
11/26/2020,Baillie Gifford Global Discovery B Acc,26.28,
11/27/2020,Baillie Gifford Global Discovery B Acc,26.36,
11/28/2020,Baillie Gifford Global Discovery B Acc,26.36,
11/29/2020,Baillie Gifford Global Discovery B Acc,26.36,
11/30/2020,Baillie Gifford Global Discovery B Acc,27.1,
12/01/2020,Baillie Gifford Global Discovery B Acc,26.63,
12/02/2020,Baillie Gifford Global Discovery B Acc,26.53,
12/03/2020,Baillie Gifford Global Discovery B Acc,26.3,
12/04/2020,Baillie Gifford Global Discovery B Acc,26.58,
12/05/2020,Baillie Gifford Global Discovery B Acc,26.58,
12/06/2020,Baillie Gifford Global Discovery B Acc,26.58,
12/07/2020,Baillie Gifford Global Discovery B Acc,27.04,
12/08/2020,Baillie Gifford Global Discovery B Acc,27.23,
12/09/2020,Baillie Gifford Global Discovery B Acc,27.37,
12/10/2020,Baillie Gifford Global Discovery B Acc,26.97,
12/11/2020,Baillie Gifford Global Discovery B Acc,27.61,
12/12/2020,Baillie Gifford Global Discovery B Acc,27.61,
12/13/2020,Baillie Gifford Global Discovery B Acc,27.61,
12/14/2020,Baillie Gifford Global Discovery B Acc,27.35,
12/15/2020,Baillie Gifford Global Discovery B Acc,27.8,
12/16/2020,Baillie Gifford Global Discovery B Acc,27.66,
12/17/2020,Baillie Gifford Global Discovery B Acc,27.67,
12/18/2020,Baillie Gifford Global Discovery B Acc,28.33,
12/19/2020,Baillie Gifford Global Discovery B Acc,28.33,
12/20/2020,Baillie Gifford Global Discovery B Acc,28.33,
12/21/2020,Baillie Gifford Global Discovery B Acc,28.72,
12/22/2020,Baillie Gifford Global Discovery B Acc,28.85,
12/23/2020,Baillie Gifford Global Discovery B Acc,29.33,
12/24/2020,Baillie Gifford Global Discovery B Acc,28.98,
12/25/2020,Baillie Gifford Global Discovery B Acc,28.98,
12/26/2020,Baillie Gifford Global Discovery B Acc,28.98,
12/27/2020,Baillie Gifford Global Discovery B Acc,28.98,
12/28/2020,Baillie Gifford Global Discovery B Acc,28.98,
12/29/2020,Baillie Gifford Global Discovery B Acc,28.97,
12/30/2020,Baillie Gifford Global Discovery B Acc,28.44,
12/31/2020,Baillie Gifford Global Discovery B Acc,28.66,
01/01/2021,Baillie Gifford Global Discovery B Acc,28.66,
01/02/2021,Baillie Gifford Global Discovery B Acc,28.66,
01/03/2021,Baillie Gifford Global Discovery B Acc,28.66,
01/04/2021,Baillie Gifford Global Discovery B Acc,28.71,
01/05/2021,Baillie Gifford Global Discovery B Acc,28.49,
01/06/2021,Baillie Gifford Global Discovery B Acc,28.71,
01/07/2021,Baillie Gifford Global Discovery B Acc,28.59,
01/08/2021,Baillie Gifford Global Discovery B Acc,29.64,
01/09/2021,Baillie Gifford Global Discovery B Acc,29.64,
01/10/2021,Baillie Gifford Global Discovery B Acc,29.64,
01/11/2021,Baillie Gifford Global Discovery B Acc,30.46,
01/12/2021,Baillie Gifford Global Discovery B Acc,30.04,
01/13/2021,Baillie Gifford Global Discovery B Acc,30.43,
01/14/2021,Baillie Gifford Global Discovery B Acc,30.77,
01/15/2021,Baillie Gifford Global Discovery B Acc,31.21,
01/16/2021,Baillie Gifford Global Discovery B Acc,31.21,
01/17/2021,Baillie Gifford Global Discovery B Acc,31.21,
01/18/2021,Baillie Gifford Global Discovery B Acc,31.05,
01/19/2021,Baillie Gifford Global Discovery B Acc,31.08,
01/20/2021,Baillie Gifford Global Discovery B Acc,31.47,
01/21/2021,Baillie Gifford Global Discovery B Acc,31.69,
01/22/2021,Baillie Gifford Global Discovery B Acc,31.62,
01/23/2021,Baillie Gifford Global Discovery B Acc,31.62,
01/24/2021,Baillie Gifford Global Discovery B Acc,31.62,
01/25/2021,Baillie Gifford Global Discovery B Acc,32.07,
01/26/2021,Baillie Gifford Global Discovery B Acc,32.1,
01/27/2021,Baillie Gifford Global Discovery B Acc,32.08,
01/28/2021,Baillie Gifford Global Discovery B Acc,31.33,
01/29/2021,Baillie Gifford Global Discovery B Acc,31.02,
01/30/2021,Baillie Gifford Global Discovery B Acc,31.02,
01/31/2021,Baillie Gifford Global Discovery B Acc,31.02,
02/01/2021,Baillie Gifford Global Discovery B Acc,30.93,
02/02/2021,Baillie Gifford Global Discovery B Acc,31.69,
02/03/2021,Baillie Gifford Global Discovery B Acc,32.42,
02/04/2021,Baillie Gifford Global Discovery B Acc,32.54,
02/05/2021,Baillie Gifford Global Discovery B Acc,32.84,
02/06/2021,Baillie Gifford Global Discovery B Acc,32.84,
02/07/2021,Baillie Gifford Global Discovery B Acc,32.84,
02/08/2021,Baillie Gifford Global Discovery B Acc,33.41,
02/09/2021,Baillie Gifford Global Discovery B Acc,33.65,
02/10/2021,Baillie Gifford Global Discovery B Acc,33.69,
02/11/2021,Baillie Gifford Global Discovery B Acc,33.37,
02/12/2021,Baillie Gifford Global Discovery B Acc,33.95,
02/13/2021,Baillie Gifford Global Discovery B Acc,33.95,
02/14/2021,Baillie Gifford Global Discovery B Acc,33.95,
02/15/2021,Baillie Gifford Global Discovery B Acc,33.98,
02/16/2021,Baillie Gifford Global Discovery B Acc,34.08,
02/17/2021,Baillie Gifford Global Discovery B Acc,33.67,
02/18/2021,Baillie Gifford Global Discovery B Acc,32.98,
02/19/2021,Baillie Gifford Global Discovery B Acc,32.41,
02/20/2021,Baillie Gifford Global Discovery B Acc,32.41,
02/21/2021,Baillie Gifford Global Discovery B Acc,32.41,
02/22/2021,Baillie Gifford Global Discovery B Acc,32.83,
02/23/2021,Baillie Gifford Global Discovery B Acc,31.16,
02/24/2021,Baillie Gifford Global Discovery B Acc,30.35,
02/25/2021,Baillie Gifford Global Discovery B Acc,30.54,
02/26/2021,Baillie Gifford Global Discovery B Acc,29.38,
02/27/2021,Baillie Gifford Global Discovery B Acc,29.38,
02/28/2021,Baillie Gifford Global Discovery B Acc,29.38,
03/01/2021,Baillie Gifford Global Discovery B Acc,29.93,
03/02/2021,Baillie Gifford Global Discovery B Acc,30.72,
03/03/2021,Baillie Gifford Global Discovery B Acc,29.74,
03/04/2021,Baillie Gifford Global Discovery B Acc,28.26,
03/05/2021,Baillie Gifford Global Discovery B Acc,27.32,
03/06/2021,Baillie Gifford Global Discovery B Acc,27.32,
03/07/2021,Baillie Gifford Global Discovery B Acc,27.32,
03/08/2021,Baillie Gifford Global Discovery B Acc,27.06,
03/09/2021,Baillie Gifford Global Discovery B Acc,26.25,
03/10/2021,Baillie Gifford Global Discovery B Acc,27.48,
03/11/2021,Baillie Gifford Global Discovery B Acc,27.58,
03/12/2021,Baillie Gifford Global Discovery B Acc,28.77,
03/13/2021,Baillie Gifford Global Discovery B Acc,28.77,
03/14/2021,Baillie Gifford Global Discovery B Acc,28.77,
03/15/2021,Baillie Gifford Global Discovery B Acc,28.45,
03/16/2021,Baillie Gifford Global Discovery B Acc,29.05,
03/17/2021,Baillie Gifford Global Discovery B Acc,28.62,
03/18/2021,Baillie Gifford Global Discovery B Acc,28.47,
03/19/2021,Baillie Gifford Global Discovery B Acc,27.47,
03/20/2021,Baillie Gifford Global Discovery B Acc,27.47,
03/21/2021,Baillie Gifford Global Discovery B Acc,27.47,
03/22/2021,Baillie Gifford Global Discovery B Acc,27.86,
03/23/2021,Baillie Gifford Global Discovery B Acc,28.43,
03/24/2021,Baillie Gifford Global Discovery B Acc,27.94,
03/25/2021,Baillie Gifford Global Discovery B Acc,26.9,
03/26/2021,Baillie Gifford Global Discovery B Acc,26.88,
03/27/2021,Baillie Gifford Global Discovery B Acc,26.88,
03/28/2021,Baillie Gifford Global Discovery B Acc,26.88,
03/29/2021,Baillie Gifford Global Discovery B Acc,26.94,
03/30/2021,Baillie Gifford Global Discovery B Acc,26.2,
03/31/2021,Baillie Gifford Global Discovery B Acc,26.49,
04/01/2021,Baillie Gifford Global Discovery B Acc,27.44,
04/02/2021,Baillie Gifford Global Discovery B Acc,27.44,
04/03/2021,Baillie Gifford Global Discovery B Acc,27.44,
04/04/2021,Baillie Gifford Global Discovery B Acc,27.44,
04/05/2021,Baillie Gifford Global Discovery B Acc,27.44,
04/06/2021,Baillie Gifford Global Discovery B Acc,27.78,
04/07/2021,Baillie Gifford Global Discovery B Acc,28.14,
04/08/2021,Baillie Gifford Global Discovery B Acc,27.91,
04/09/2021,Baillie Gifford Global Discovery B Acc,28.46,
04/10/2021,Baillie Gifford Global Discovery B Acc,28.46,
04/11/2021,Baillie Gifford Global Discovery B Acc,28.46,
04/12/2021,Baillie Gifford Global Discovery B Acc,28.14,
04/13/2021,Baillie Gifford Global Discovery B Acc,27.97,
04/14/2021,Baillie Gifford Global Discovery B Acc,28.84,
04/15/2021,Baillie Gifford Global Discovery B Acc,28.68,
04/16/2021,Baillie Gifford Global Discovery B Acc,29.05,
04/17/2021,Baillie Gifford Global Discovery B Acc,29.05,
04/18/2021,Baillie Gifford Global Discovery B Acc,29.05,
04/19/2021,Baillie Gifford Global Discovery B Acc,28.71,
04/20/2021,Baillie Gifford Global Discovery B Acc,27.98,
04/21/2021,Baillie Gifford Global Discovery B Acc,27.55,
04/22/2021,Baillie Gifford Global Discovery B Acc,28.3,
04/23/2021,Baillie Gifford Global Discovery B Acc,28.48,
04/24/2021,Baillie Gifford Global Discovery B Acc,28.48,
04/25/2021,Baillie Gifford Global Discovery B Acc,28.48,
04/26/2021,Baillie Gifford Global Discovery B Acc,28.85,
04/27/2021,Baillie Gifford Global Discovery B Acc,29.49,
04/28/2021,Baillie Gifford Global Discovery B Acc,29.17,
04/29/2021,Baillie Gifford Global Discovery B Acc,29.07,
04/30/2021,Baillie Gifford Global Discovery B Acc,28.59,
05/01/2021,Baillie Gifford Global Discovery B Acc,28.59,
05/02/2021,Baillie Gifford Global Discovery B Acc,28.59,
05/03/2021,Baillie Gifford Global Discovery B Acc,28.59,
05/04/2021,Baillie Gifford Global Discovery B Acc,27.77,
05/05/2021,Baillie Gifford Global Discovery B Acc,26.78,
05/06/2021,Baillie Gifford Global Discovery B Acc,26.32,
05/07/2021,Baillie Gifford Global Discovery B Acc,25.97,
05/08/2021,Baillie Gifford Global Discovery B Acc,25.97,
05/09/2021,Baillie Gifford Global Discovery B Acc,25.97,
05/10/2021,Baillie Gifford Global Discovery B Acc,25.95,
05/11/2021,Baillie Gifford Global Discovery B Acc,24.62,
05/12/2021,Baillie Gifford Global Discovery B Acc,24.99,
05/13/2021,Baillie Gifford Global Discovery B Acc,24.39,
05/14/2021,Baillie Gifford Global Discovery B Acc,24.18,
05/15/2021,Baillie Gifford Global Discovery B Acc,24.18,
05/16/2021,Baillie Gifford Global Discovery B Acc,24.18,
05/17/2021,Baillie Gifford Global Discovery B Acc,24.78,
05/18/2021,Baillie Gifford Global Discovery B Acc,24.64,
05/19/2021,Baillie Gifford Global Discovery B Acc,24.81,
05/20/2021,Baillie Gifford Global Discovery B Acc,24.93,
05/21/2021,Baillie Gifford Global Discovery B Acc,25.36,
05/22/2021,Baillie Gifford Global Discovery B Acc,25.36,
05/23/2021,Baillie Gifford Global Discovery B Acc,25.36,
05/24/2021,Baillie Gifford Global Discovery B Acc,25.43,
05/25/2021,Baillie Gifford Global Discovery B Acc,25.71,
05/26/2021,Baillie Gifford Global Discovery B Acc,25.75,
05/27/2021,Baillie Gifford Global Discovery B Acc,26.21,
05/28/2021,Baillie Gifford Global Discovery B Acc,26.3,
05/29/2021,Baillie Gifford Global Discovery B Acc,26.3,
05/30/2021,Baillie Gifford Global Discovery B Acc,26.3,
05/31/2021,Baillie Gifford Global Discovery B Acc,26.3,
06/01/2021,Baillie Gifford Global Discovery B Acc,26.5,
06/02/2021,Baillie Gifford Global Discovery B Acc,26.42,
06/03/2021,Baillie Gifford Global Discovery B Acc,26.33,
06/04/2021,Baillie Gifford Global Discovery B Acc,25.99,
06/05/2021,Baillie Gifford Global Discovery B Acc,25.99,
06/06/2021,Baillie Gifford Global Discovery B Acc,25.99,
06/07/2021,Baillie Gifford Global Discovery B Acc,26.05,
06/08/2021,Baillie Gifford Global Discovery B Acc,26.69,
06/09/2021,Baillie Gifford Global Discovery B Acc,26.77,
06/10/2021,Baillie Gifford Global Discovery B Acc,26.9,
06/11/2021,Baillie Gifford Global Discovery B Acc,27.12,
06/12/2021,Baillie Gifford Global Discovery B Acc,27.12,
06/13/2021,Baillie Gifford Global Discovery B Acc,27.12,
06/14/2021,Baillie Gifford Global Discovery B Acc,27.44,
06/15/2021,Baillie Gifford Global Discovery B Acc,27.67,
06/16/2021,Baillie Gifford Global Discovery B Acc,27.14,
06/17/2021,Baillie Gifford Global Discovery B Acc,27.27,
06/18/2021,Baillie Gifford Global Discovery B Acc,27.93,
06/19/2021,Baillie Gifford Global Discovery B Acc,27.93,
06/20/2021,Baillie Gifford Global Discovery B Acc,27.93,
06/21/2021,Baillie Gifford Global Discovery B Acc,27.96,
06/22/2021,Baillie Gifford Global Discovery B Acc,27.86,
06/23/2021,Baillie Gifford Global Discovery B Acc,28.01,
06/24/2021,Baillie Gifford Global Discovery B Acc,28.33,
06/25/2021,Baillie Gifford Global Discovery B Acc,28.95,
06/26/2021,Baillie Gifford Global Discovery B Acc,28.95,
06/27/2021,Baillie Gifford Global Discovery B Acc,28.95,
06/28/2021,Baillie Gifford Global Discovery B Acc,28.93,
06/29/2021,Baillie Gifford Global Discovery B Acc,29.34,
06/30/2021,Baillie Gifford Global Discovery B Acc,29.33,
07/01/2021,Baillie Gifford Global Discovery B Acc,29,
07/02/2021,Baillie Gifford Global Discovery B Acc,28.82,
07/03/2021,Baillie Gifford Global Discovery B Acc,28.82,
07/04/2021,Baillie Gifford Global Discovery B Acc,28.82,
07/05/2021,Baillie Gifford Global Discovery B Acc,28.38,
07/06/2021,Baillie Gifford Global Discovery B Acc,28.44,
07/07/2021,Baillie Gifford Global Discovery B Acc,28.53,
07/08/2021,Baillie Gifford Global Discovery B Acc,28.06,
07/09/2021,Baillie Gifford Global Discovery B Acc,27.97,
07/10/2021,Baillie Gifford Global Discovery B Acc,27.97,
07/11/2021,Baillie Gifford Global Discovery B Acc,27.97,
07/12/2021,Baillie Gifford Global Discovery B Acc,28.2,
07/13/2021,Baillie Gifford Global Discovery B Acc,28.05,
07/14/2021,Baillie Gifford Global Discovery B Acc,27.72,
07/15/2021,Baillie Gifford Global Discovery B Acc,26.88,
07/16/2021,Baillie Gifford Global Discovery B Acc,26.61,
07/17/2021,Baillie Gifford Global Discovery B Acc,26.61,
07/18/2021,Baillie Gifford Global Discovery B Acc,26.61,
07/19/2021,Baillie Gifford Global Discovery B Acc,26.7,
07/20/2021,Baillie Gifford Global Discovery B Acc,26.96,
07/21/2021,Baillie Gifford Global Discovery B Acc,27.62,
07/22/2021,Baillie Gifford Global Discovery B Acc,27.72,
07/23/2021,Baillie Gifford Global Discovery B Acc,27.68,
07/24/2021,Baillie Gifford Global Discovery B Acc,27.68,
07/25/2021,Baillie Gifford Global Discovery B Acc,27.68,
07/26/2021,Baillie Gifford Global Discovery B Acc,27.49,
07/27/2021,Baillie Gifford Global Discovery B Acc,27.02,
07/28/2021,Baillie Gifford Global Discovery B Acc,26.42,
07/29/2021,Baillie Gifford Global Discovery B Acc,27.03,
07/30/2021,Baillie Gifford Global Discovery B Acc,26.87,
07/31/2021,Baillie Gifford Global Discovery B Acc,26.87,
08/01/2021,Baillie Gifford Global Discovery B Acc,26.87,
08/02/2021,Baillie Gifford Global Discovery B Acc,26.7,
08/03/2021,Baillie Gifford Global Discovery B Acc,26.8,
08/04/2021,Baillie Gifford Global Discovery B Acc,26.5,
08/05/2021,Baillie Gifford Global Discovery B Acc,26.53,
08/06/2021,Baillie Gifford Global Discovery B Acc,27,
08/07/2021,Baillie Gifford Global Discovery B Acc,27,
08/08/2021,Baillie Gifford Global Discovery B Acc,27,
08/09/2021,Baillie Gifford Global Discovery B Acc,26.64,
08/10/2021,Baillie Gifford Global Discovery B Acc,26.88,
08/11/2021,Baillie Gifford Global Discovery B Acc,26.63,
08/12/2021,Baillie Gifford Global Discovery B Acc,26.36,
08/13/2021,Baillie Gifford Global Discovery B Acc,26.5,
08/14/2021,Baillie Gifford Global Discovery B Acc,26.5,
08/15/2021,Baillie Gifford Global Discovery B Acc,26.5,
08/16/2021,Baillie Gifford Global Discovery B Acc,26.17,
08/17/2021,Baillie Gifford Global Discovery B Acc,25.87,
08/18/2021,Baillie Gifford Global Discovery B Acc,25.9,
08/19/2021,Baillie Gifford Global Discovery B Acc,26.05,
08/20/2021,Baillie Gifford Global Discovery B Acc,25.88,
08/21/2021,Baillie Gifford Global Discovery B Acc,25.88,
08/22/2021,Baillie Gifford Global Discovery B Acc,25.88,
08/23/2021,Baillie Gifford Global Discovery B Acc,26.27,
08/24/2021,Baillie Gifford Global Discovery B Acc,26.7,
08/25/2021,Baillie Gifford Global Discovery B Acc,26.99,
08/26/2021,Baillie Gifford Global Discovery B Acc,27.05,
08/27/2021,Baillie Gifford Global Discovery B Acc,26.88,
08/28/2021,Baillie Gifford Global Discovery B Acc,26.88,
08/29/2021,Baillie Gifford Global Discovery B Acc,26.88,
08/30/2021,Baillie Gifford Global Discovery B Acc,26.88,
08/31/2021,Baillie Gifford Global Discovery B Acc,27.52,
09/01/2021,Baillie Gifford Global Discovery B Acc,27.62,
09/02/2021,Baillie Gifford Global Discovery B Acc,27.86,
09/03/2021,Baillie Gifford Global Discovery B Acc,27.87,
09/04/2021,Baillie Gifford Global Discovery B Acc,27.87,
09/05/2021,Baillie Gifford Global Discovery B Acc,27.87,
09/06/2021,Baillie Gifford Global Discovery B Acc,27.93,
09/07/2021,Baillie Gifford Global Discovery B Acc,27.95,
09/08/2021,Baillie Gifford Global Discovery B Acc,27.95,
09/09/2021,Baillie Gifford Global Discovery B Acc,27.38,
09/10/2021,Baillie Gifford Global Discovery B Acc,27.39,
09/11/2021,Baillie Gifford Global Discovery B Acc,27.39,
09/12/2021,Baillie Gifford Global Discovery B Acc,27.39,
09/13/2021,Baillie Gifford Global Discovery B Acc,26.99,
09/14/2021,Baillie Gifford Global Discovery B Acc,26.58,
09/15/2021,Baillie Gifford Global Discovery B Acc,26.44,
09/16/2021,Baillie Gifford Global Discovery B Acc,26.47,
09/17/2021,Baillie Gifford Global Discovery B Acc,26.79,
09/18/2021,Baillie Gifford Global Discovery B Acc,26.79,
09/19/2021,Baillie Gifford Global Discovery B Acc,26.79,
09/20/2021,Baillie Gifford Global Discovery B Acc,26.75,
09/21/2021,Baillie Gifford Global Discovery B Acc,26.39,
09/22/2021,Baillie Gifford Global Discovery B Acc,26.73,
09/23/2021,Baillie Gifford Global Discovery B Acc,27.07,
09/24/2021,Baillie Gifford Global Discovery B Acc,27.14,
09/25/2021,Baillie Gifford Global Discovery B Acc,27.14,
09/26/2021,Baillie Gifford Global Discovery B Acc,27.14,
09/27/2021,Baillie Gifford Global Discovery B Acc,26.83,
09/28/2021,Baillie Gifford Global Discovery B Acc,26.61,
09/29/2021,Baillie Gifford Global Discovery B Acc,25.92,
09/30/2021,Baillie Gifford Global Discovery B Acc,25.81,
10/01/2021,Baillie Gifford Global Discovery B Acc,25.93,
10/02/2021,Baillie Gifford Global Discovery B Acc,25.93,
10/03/2021,Baillie Gifford Global Discovery B Acc,25.93,
10/04/2021,Baillie Gifford Global Discovery B Acc,25.9,
10/05/2021,Baillie Gifford Global Discovery B Acc,24.98,
10/06/2021,Baillie Gifford Global Discovery B Acc,25.04,
10/07/2021,Baillie Gifford Global Discovery B Acc,25.31,
10/08/2021,Baillie Gifford Global Discovery B Acc,25.75,
10/09/2021,Baillie Gifford Global Discovery B Acc,25.75,
10/10/2021,Baillie Gifford Global Discovery B Acc,25.75,
10/11/2021,Baillie Gifford Global Discovery B Acc,25.41,
10/12/2021,Baillie Gifford Global Discovery B Acc,25.26,
10/13/2021,Baillie Gifford Global Discovery B Acc,25.66,
10/14/2021,Baillie Gifford Global Discovery B Acc,25.98,
10/15/2021,Baillie Gifford Global Discovery B Acc,26.25,
10/16/2021,Baillie Gifford Global Discovery B Acc,26.25,
10/17/2021,Baillie Gifford Global Discovery B Acc,26.25,
10/18/2021,Baillie Gifford Global Discovery B Acc,26.27,
10/19/2021,Baillie Gifford Global Discovery B Acc,26.08,
10/20/2021,Baillie Gifford Global Discovery B Acc,26.53,
10/21/2021,Baillie Gifford Global Discovery B Acc,26.38,
10/22/2021,Baillie Gifford Global Discovery B Acc,26.68,
10/23/2021,Baillie Gifford Global Discovery B Acc,26.68,
10/24/2021,Baillie Gifford Global Discovery B Acc,26.68,
10/25/2021,Baillie Gifford Global Discovery B Acc,26.34,
10/26/2021,Baillie Gifford Global Discovery B Acc,26.68,
10/27/2021,Baillie Gifford Global Discovery B Acc,26.7,
10/28/2021,Baillie Gifford Global Discovery B Acc,26.21,
10/29/2021,Baillie Gifford Global Discovery B Acc,26.25,
10/30/2021,Baillie Gifford Global Discovery B Acc,26.25,
10/31/2021,Baillie Gifford Global Discovery B Acc,26.25,
11/01/2021,Baillie Gifford Global Discovery B Acc,26.52,
11/02/2021,Baillie Gifford Global Discovery B Acc,26.93,
11/03/2021,Baillie Gifford Global Discovery B Acc,26.41,
11/04/2021,Baillie Gifford Global Discovery B Acc,26.64,
11/05/2021,Baillie Gifford Global Discovery B Acc,27.2,
11/06/2021,Baillie Gifford Global Discovery B Acc,27.2,
11/07/2021,Baillie Gifford Global Discovery B Acc,27.2,
11/08/2021,Baillie Gifford Global Discovery B Acc,26.8,
11/09/2021,Baillie Gifford Global Discovery B Acc,26.71,
11/10/2021,Baillie Gifford Global Discovery B Acc,26.52,
11/11/2021,Baillie Gifford Global Discovery B Acc,26.04,
11/12/2021,Baillie Gifford Global Discovery B Acc,26.06,
11/13/2021,Baillie Gifford Global Discovery B Acc,26.06,
11/14/2021,Baillie Gifford Global Discovery B Acc,26.06,
11/15/2021,Baillie Gifford Global Discovery B Acc,26.22,
11/16/2021,Baillie Gifford Global Discovery B Acc,25.83,
11/17/2021,Baillie Gifford Global Discovery B Acc,26.12,
11/18/2021,Baillie Gifford Global Discovery B Acc,25.64,
11/19/2021,Baillie Gifford Global Discovery B Acc,25.41,
11/20/2021,Baillie Gifford Global Discovery B Acc,25.41,
11/21/2021,Baillie Gifford Global Discovery B Acc,25.41,
11/22/2021,Baillie Gifford Global Discovery B Acc,25.2,
11/23/2021,Baillie Gifford Global Discovery B Acc,24.47,
11/24/2021,Baillie Gifford Global Discovery B Acc,24.04,
11/25/2021,Baillie Gifford Global Discovery B Acc,24.4,
11/26/2021,Baillie Gifford Global Discovery B Acc,24.01,
11/27/2021,Baillie Gifford Global Discovery B Acc,24.01,
11/28/2021,Baillie Gifford Global Discovery B Acc,24.01,
11/29/2021,Baillie Gifford Global Discovery B Acc,24.04,
11/30/2021,Baillie Gifford Global Discovery B Acc,23.87,
12/01/2021,Baillie Gifford Global Discovery B Acc,24.07,
12/02/2021,Baillie Gifford Global Discovery B Acc,22.94,
12/03/2021,Baillie Gifford Global Discovery B Acc,23.2,
12/04/2021,Baillie Gifford Global Discovery B Acc,23.2,
12/05/2021,Baillie Gifford Global Discovery B Acc,23.2,
12/06/2021,Baillie Gifford Global Discovery B Acc,22.36,
12/07/2021,Baillie Gifford Global Discovery B Acc,22.96,
12/08/2021,Baillie Gifford Global Discovery B Acc,23.72,
12/09/2021,Baillie Gifford Global Discovery B Acc,24.04,
12/10/2021,Baillie Gifford Global Discovery B Acc,23.18,
12/11/2021,Baillie Gifford Global Discovery B Acc,23.18,
12/12/2021,Baillie Gifford Global Discovery B Acc,23.18,
12/13/2021,Baillie Gifford Global Discovery B Acc,22.67,
12/14/2021,Baillie Gifford Global Discovery B Acc,22.73,
12/15/2021,Baillie Gifford Global Discovery B Acc,22.3,
12/16/2021,Baillie Gifford Global Discovery B Acc,22.84,
12/17/2021,Baillie Gifford Global Discovery B Acc,22.09,
12/18/2021,Baillie Gifford Global Discovery B Acc,22.09,
12/19/2021,Baillie Gifford Global Discovery B Acc,22.09,
12/20/2021,Baillie Gifford Global Discovery B Acc,22.59,
12/21/2021,Baillie Gifford Global Discovery B Acc,22.65,
