Date,Name,NAV
10/31/2008,Janus Henderson Mlt-Ast AbsRet I Acc,0.835893355
11/01/2008,Janus Henderson Mlt-Ast AbsRet I Acc,0.835893355
11/02/2008,Janus Henderson Mlt-Ast AbsRet I Acc,0.835893355
11/03/2008,Janus Henderson Mlt-Ast AbsRet I Acc,0.836848388
11/04/2008,Janus Henderson Mlt-Ast AbsRet I Acc,0.838440111
11/05/2008,Janus Henderson Mlt-Ast AbsRet I Acc,0.840588938
11/06/2008,Janus Henderson Mlt-Ast AbsRet I Acc,0.848308794
11/07/2008,Janus Henderson Mlt-Ast AbsRet I Acc,0.853004377
11/08/2008,Janus Henderson Mlt-Ast AbsRet I Acc,0.853004377
11/09/2008,Janus Henderson Mlt-Ast AbsRet I Acc,0.853004377
11/10/2008,Janus Henderson Mlt-Ast AbsRet I Acc,0.850378034
11/11/2008,Janus Henderson Mlt-Ast AbsRet I Acc,0.855471548
11/12/2008,Janus Henderson Mlt-Ast AbsRet I Acc,0.854038997
11/13/2008,Janus Henderson Mlt-Ast AbsRet I Acc,0.853402308
11/14/2008,Janus Henderson Mlt-Ast AbsRet I Acc,0.852686033
11/15/2008,Janus Henderson Mlt-Ast AbsRet I Acc,0.852686033
11/16/2008,Janus Henderson Mlt-Ast AbsRet I Acc,0.852686033
11/17/2008,Janus Henderson Mlt-Ast AbsRet I Acc,0.853879825
11/18/2008,Janus Henderson Mlt-Ast AbsRet I Acc,0.851890171
11/19/2008,Janus Henderson Mlt-Ast AbsRet I Acc,0.845125348
11/20/2008,Janus Henderson Mlt-Ast AbsRet I Acc,0.841941902
11/21/2008,Janus Henderson Mlt-Ast AbsRet I Acc,0.837246319
11/22/2008,Janus Henderson Mlt-Ast AbsRet I Acc,0.837246319
11/23/2008,Janus Henderson Mlt-Ast AbsRet I Acc,0.837246319
11/24/2008,Janus Henderson Mlt-Ast AbsRet I Acc,0.831914047
11/25/2008,Janus Henderson Mlt-Ast AbsRet I Acc,0.83247115
11/26/2008,Janus Henderson Mlt-Ast AbsRet I Acc,0.837803422
11/27/2008,Janus Henderson Mlt-Ast AbsRet I Acc,0.838758456
11/28/2008,Janus Henderson Mlt-Ast AbsRet I Acc,0.83867887
11/29/2008,Janus Henderson Mlt-Ast AbsRet I Acc,0.83867887
11/30/2008,Janus Henderson Mlt-Ast AbsRet I Acc,0.83867887
12/01/2008,Janus Henderson Mlt-Ast AbsRet I Acc,0.840111421
12/02/2008,Janus Henderson Mlt-Ast AbsRet I Acc,0.842260247
12/03/2008,Janus Henderson Mlt-Ast AbsRet I Acc,0.839315559
12/04/2008,Janus Henderson Mlt-Ast AbsRet I Acc,0.840827696
12/05/2008,Janus Henderson Mlt-Ast AbsRet I Acc,0.840668524
12/06/2008,Janus Henderson Mlt-Ast AbsRet I Acc,0.840668524
12/07/2008,Janus Henderson Mlt-Ast AbsRet I Acc,0.840668524
12/08/2008,Janus Henderson Mlt-Ast AbsRet I Acc,0.838917628
12/09/2008,Janus Henderson Mlt-Ast AbsRet I Acc,0.839952248
12/10/2008,Janus Henderson Mlt-Ast AbsRet I Acc,0.845841624
12/11/2008,Janus Henderson Mlt-Ast AbsRet I Acc,0.84592121
12/12/2008,Janus Henderson Mlt-Ast AbsRet I Acc,0.844647831
12/13/2008,Janus Henderson Mlt-Ast AbsRet I Acc,0.844647831
12/14/2008,Janus Henderson Mlt-Ast AbsRet I Acc,0.844647831
12/15/2008,Janus Henderson Mlt-Ast AbsRet I Acc,0.841384799
12/16/2008,Janus Henderson Mlt-Ast AbsRet I Acc,0.838201353
12/17/2008,Janus Henderson Mlt-Ast AbsRet I Acc,0.834142459
12/18/2008,Janus Henderson Mlt-Ast AbsRet I Acc,0.832232392
12/19/2008,Janus Henderson Mlt-Ast AbsRet I Acc,0.830481496
12/20/2008,Janus Henderson Mlt-Ast AbsRet I Acc,0.830481496
12/21/2008,Janus Henderson Mlt-Ast AbsRet I Acc,0.830481496
12/22/2008,Janus Henderson Mlt-Ast AbsRet I Acc,0.835097493
12/23/2008,Janus Henderson Mlt-Ast AbsRet I Acc,0.83660963
12/24/2008,Janus Henderson Mlt-Ast AbsRet I Acc,0.838997214
12/25/2008,Janus Henderson Mlt-Ast AbsRet I Acc,0.838997214
12/26/2008,Janus Henderson Mlt-Ast AbsRet I Acc,0.838997214
12/27/2008,Janus Henderson Mlt-Ast AbsRet I Acc,0.838997214
12/28/2008,Janus Henderson Mlt-Ast AbsRet I Acc,0.838997214
12/29/2008,Janus Henderson Mlt-Ast AbsRet I Acc,0.843692797
12/30/2008,Janus Henderson Mlt-Ast AbsRet I Acc,0.847831277
12/31/2008,Janus Henderson Mlt-Ast AbsRet I Acc,0.846000796
01/01/2009,Janus Henderson Mlt-Ast AbsRet I Acc,0.846000796
01/02/2009,Janus Henderson Mlt-Ast AbsRet I Acc,0.850139276
01/03/2009,Janus Henderson Mlt-Ast AbsRet I Acc,0.850139276
01/04/2009,Janus Henderson Mlt-Ast AbsRet I Acc,0.850139276
01/05/2009,Janus Henderson Mlt-Ast AbsRet I Acc,0.852288102
01/06/2009,Janus Henderson Mlt-Ast AbsRet I Acc,0.855471548
01/07/2009,Janus Henderson Mlt-Ast AbsRet I Acc,0.853322722
01/08/2009,Janus Henderson Mlt-Ast AbsRet I Acc,0.849343414
01/09/2009,Janus Henderson Mlt-Ast AbsRet I Acc,0.848786311
01/10/2009,Janus Henderson Mlt-Ast AbsRet I Acc,0.848786311
01/11/2009,Janus Henderson Mlt-Ast AbsRet I Acc,0.848786311
01/12/2009,Janus Henderson Mlt-Ast AbsRet I Acc,0.851890171
01/13/2009,Janus Henderson Mlt-Ast AbsRet I Acc,0.854914445
01/14/2009,Janus Henderson Mlt-Ast AbsRet I Acc,0.857938719
01/15/2009,Janus Henderson Mlt-Ast AbsRet I Acc,0.856744926
01/16/2009,Janus Henderson Mlt-Ast AbsRet I Acc,0.852208516
01/17/2009,Janus Henderson Mlt-Ast AbsRet I Acc,0.852208516
01/18/2009,Janus Henderson Mlt-Ast AbsRet I Acc,0.852208516
01/19/2009,Janus Henderson Mlt-Ast AbsRet I Acc,0.853243136
01/20/2009,Janus Henderson Mlt-Ast AbsRet I Acc,0.860565062
01/21/2009,Janus Henderson Mlt-Ast AbsRet I Acc,0.863270991
01/22/2009,Janus Henderson Mlt-Ast AbsRet I Acc,0.863191405
01/23/2009,Janus Henderson Mlt-Ast AbsRet I Acc,0.867489057
01/24/2009,Janus Henderson Mlt-Ast AbsRet I Acc,0.867489057
01/25/2009,Janus Henderson Mlt-Ast AbsRet I Acc,0.867489057
01/26/2009,Janus Henderson Mlt-Ast AbsRet I Acc,0.868682849
01/27/2009,Janus Henderson Mlt-Ast AbsRet I Acc,0.862793474
01/28/2009,Janus Henderson Mlt-Ast AbsRet I Acc,0.862713888
01/29/2009,Janus Henderson Mlt-Ast AbsRet I Acc,0.861997612
01/30/2009,Janus Henderson Mlt-Ast AbsRet I Acc,0.865738162
01/31/2009,Janus Henderson Mlt-Ast AbsRet I Acc,0.865738162
02/01/2009,Janus Henderson Mlt-Ast AbsRet I Acc,0.865738162
02/02/2009,Janus Henderson Mlt-Ast AbsRet I Acc,0.862713888
02/03/2009,Janus Henderson Mlt-Ast AbsRet I Acc,0.860565062
02/04/2009,Janus Henderson Mlt-Ast AbsRet I Acc,0.857779546
02/05/2009,Janus Henderson Mlt-Ast AbsRet I Acc,0.853800239
02/06/2009,Janus Henderson Mlt-Ast AbsRet I Acc,0.852765619
02/07/2009,Janus Henderson Mlt-Ast AbsRet I Acc,0.852765619
02/08/2009,Janus Henderson Mlt-Ast AbsRet I Acc,0.852765619
02/09/2009,Janus Henderson Mlt-Ast AbsRet I Acc,0.850218862
02/10/2009,Janus Henderson Mlt-Ast AbsRet I Acc,0.851651413
02/11/2009,Janus Henderson Mlt-Ast AbsRet I Acc,0.859212097
02/12/2009,Janus Henderson Mlt-Ast AbsRet I Acc,0.862156785
02/13/2009,Janus Henderson Mlt-Ast AbsRet I Acc,0.862475129
02/14/2009,Janus Henderson Mlt-Ast AbsRet I Acc,0.862475129
02/15/2009,Janus Henderson Mlt-Ast AbsRet I Acc,0.862475129
02/16/2009,Janus Henderson Mlt-Ast AbsRet I Acc,0.863668922
02/17/2009,Janus Henderson Mlt-Ast AbsRet I Acc,0.862077199
02/18/2009,Janus Henderson Mlt-Ast AbsRet I Acc,0.860485476
02/19/2009,Janus Henderson Mlt-Ast AbsRet I Acc,0.859212097
02/20/2009,Janus Henderson Mlt-Ast AbsRet I Acc,0.858177477
02/21/2009,Janus Henderson Mlt-Ast AbsRet I Acc,0.858177477
02/22/2009,Janus Henderson Mlt-Ast AbsRet I Acc,0.858177477
02/23/2009,Janus Henderson Mlt-Ast AbsRet I Acc,0.854277756
02/24/2009,Janus Henderson Mlt-Ast AbsRet I Acc,0.852208516
02/25/2009,Janus Henderson Mlt-Ast AbsRet I Acc,0.85252686
02/26/2009,Janus Henderson Mlt-Ast AbsRet I Acc,0.853402308
02/27/2009,Janus Henderson Mlt-Ast AbsRet I Acc,0.854436928
02/28/2009,Janus Henderson Mlt-Ast AbsRet I Acc,0.854436928
03/01/2009,Janus Henderson Mlt-Ast AbsRet I Acc,0.854436928
03/02/2009,Janus Henderson Mlt-Ast AbsRet I Acc,0.854516514
03/03/2009,Janus Henderson Mlt-Ast AbsRet I Acc,0.853959411
03/04/2009,Janus Henderson Mlt-Ast AbsRet I Acc,0.849502587
03/05/2009,Janus Henderson Mlt-Ast AbsRet I Acc,0.846557899
03/06/2009,Janus Henderson Mlt-Ast AbsRet I Acc,0.847433347
03/07/2009,Janus Henderson Mlt-Ast AbsRet I Acc,0.847433347
03/08/2009,Janus Henderson Mlt-Ast AbsRet I Acc,0.847433347
03/09/2009,Janus Henderson Mlt-Ast AbsRet I Acc,0.848229208
03/10/2009,Janus Henderson Mlt-Ast AbsRet I Acc,0.849104656
03/11/2009,Janus Henderson Mlt-Ast AbsRet I Acc,0.846717071
03/12/2009,Janus Henderson Mlt-Ast AbsRet I Acc,0.85149224
03/13/2009,Janus Henderson Mlt-Ast AbsRet I Acc,0.85109431
03/14/2009,Janus Henderson Mlt-Ast AbsRet I Acc,0.85109431
03/15/2009,Janus Henderson Mlt-Ast AbsRet I Acc,0.85109431
03/16/2009,Janus Henderson Mlt-Ast AbsRet I Acc,0.850378034
03/17/2009,Janus Henderson Mlt-Ast AbsRet I Acc,0.852049343
03/18/2009,Janus Henderson Mlt-Ast AbsRet I Acc,0.850139276
03/19/2009,Janus Henderson Mlt-Ast AbsRet I Acc,0.85109431
03/20/2009,Janus Henderson Mlt-Ast AbsRet I Acc,0.847910864
03/21/2009,Janus Henderson Mlt-Ast AbsRet I Acc,0.847910864
03/22/2009,Janus Henderson Mlt-Ast AbsRet I Acc,0.847910864
03/23/2009,Janus Henderson Mlt-Ast AbsRet I Acc,0.848627139
03/24/2009,Janus Henderson Mlt-Ast AbsRet I Acc,0.847592519
03/25/2009,Janus Henderson Mlt-Ast AbsRet I Acc,0.850935137
03/26/2009,Janus Henderson Mlt-Ast AbsRet I Acc,0.850139276
03/27/2009,Janus Henderson Mlt-Ast AbsRet I Acc,0.850696379
03/28/2009,Janus Henderson Mlt-Ast AbsRet I Acc,0.850696379
03/29/2009,Janus Henderson Mlt-Ast AbsRet I Acc,0.850696379
03/30/2009,Janus Henderson Mlt-Ast AbsRet I Acc,0.851890171
03/31/2009,Janus Henderson Mlt-Ast AbsRet I Acc,0.851333068
04/01/2009,Janus Henderson Mlt-Ast AbsRet I Acc,0.849820931
04/02/2009,Janus Henderson Mlt-Ast AbsRet I Acc,0.851014723
04/03/2009,Janus Henderson Mlt-Ast AbsRet I Acc,0.85252686
04/04/2009,Janus Henderson Mlt-Ast AbsRet I Acc,0.85252686
04/05/2009,Janus Henderson Mlt-Ast AbsRet I Acc,0.85252686
04/06/2009,Janus Henderson Mlt-Ast AbsRet I Acc,0.852765619
04/07/2009,Janus Henderson Mlt-Ast AbsRet I Acc,0.853959411
04/08/2009,Janus Henderson Mlt-Ast AbsRet I Acc,0.853959411
04/09/2009,Janus Henderson Mlt-Ast AbsRet I Acc,0.857142857
04/10/2009,Janus Henderson Mlt-Ast AbsRet I Acc,0.857142857
04/11/2009,Janus Henderson Mlt-Ast AbsRet I Acc,0.857142857
04/12/2009,Janus Henderson Mlt-Ast AbsRet I Acc,0.857142857
04/13/2009,Janus Henderson Mlt-Ast AbsRet I Acc,0.857142857
04/14/2009,Janus Henderson Mlt-Ast AbsRet I Acc,0.859610028
04/15/2009,Janus Henderson Mlt-Ast AbsRet I Acc,0.860644648
04/16/2009,Janus Henderson Mlt-Ast AbsRet I Acc,0.860724234
04/17/2009,Janus Henderson Mlt-Ast AbsRet I Acc,0.861679268
04/18/2009,Janus Henderson Mlt-Ast AbsRet I Acc,0.861679268
04/19/2009,Janus Henderson Mlt-Ast AbsRet I Acc,0.861679268
04/20/2009,Janus Henderson Mlt-Ast AbsRet I Acc,0.864464783
04/21/2009,Janus Henderson Mlt-Ast AbsRet I Acc,0.865738162
04/22/2009,Janus Henderson Mlt-Ast AbsRet I Acc,0.862713888
04/23/2009,Janus Henderson Mlt-Ast AbsRet I Acc,0.863270991
04/24/2009,Janus Henderson Mlt-Ast AbsRet I Acc,0.865021886
04/25/2009,Janus Henderson Mlt-Ast AbsRet I Acc,0.865021886
04/26/2009,Janus Henderson Mlt-Ast AbsRet I Acc,0.865021886
04/27/2009,Janus Henderson Mlt-Ast AbsRet I Acc,0.866693195
04/28/2009,Janus Henderson Mlt-Ast AbsRet I Acc,0.86804616
04/29/2009,Janus Henderson Mlt-Ast AbsRet I Acc,0.868603263
04/30/2009,Janus Henderson Mlt-Ast AbsRet I Acc,0.869160366
05/01/2009,Janus Henderson Mlt-Ast AbsRet I Acc,0.871309192
05/02/2009,Janus Henderson Mlt-Ast AbsRet I Acc,0.871309192
05/03/2009,Janus Henderson Mlt-Ast AbsRet I Acc,0.871309192
05/04/2009,Janus Henderson Mlt-Ast AbsRet I Acc,0.871309192
05/05/2009,Janus Henderson Mlt-Ast AbsRet I Acc,0.871786709
05/06/2009,Janus Henderson Mlt-Ast AbsRet I Acc,0.873139674
05/07/2009,Janus Henderson Mlt-Ast AbsRet I Acc,0.873139674
05/08/2009,Janus Henderson Mlt-Ast AbsRet I Acc,0.879904497
05/09/2009,Janus Henderson Mlt-Ast AbsRet I Acc,0.879904497
05/10/2009,Janus Henderson Mlt-Ast AbsRet I Acc,0.879904497
05/11/2009,Janus Henderson Mlt-Ast AbsRet I Acc,0.880222841
05/12/2009,Janus Henderson Mlt-Ast AbsRet I Acc,0.881575806
05/13/2009,Janus Henderson Mlt-Ast AbsRet I Acc,0.88149622
05/14/2009,Janus Henderson Mlt-Ast AbsRet I Acc,0.883326701
05/15/2009,Janus Henderson Mlt-Ast AbsRet I Acc,0.883485873
05/16/2009,Janus Henderson Mlt-Ast AbsRet I Acc,0.883485873
05/17/2009,Janus Henderson Mlt-Ast AbsRet I Acc,0.883485873
05/18/2009,Janus Henderson Mlt-Ast AbsRet I Acc,0.883008357
05/19/2009,Janus Henderson Mlt-Ast AbsRet I Acc,0.881734978
05/20/2009,Janus Henderson Mlt-Ast AbsRet I Acc,0.88460008
05/21/2009,Janus Henderson Mlt-Ast AbsRet I Acc,0.884838838
05/22/2009,Janus Henderson Mlt-Ast AbsRet I Acc,0.882451253
05/23/2009,Janus Henderson Mlt-Ast AbsRet I Acc,0.882451253
05/24/2009,Janus Henderson Mlt-Ast AbsRet I Acc,0.882451253
05/25/2009,Janus Henderson Mlt-Ast AbsRet I Acc,0.882451253
05/26/2009,Janus Henderson Mlt-Ast AbsRet I Acc,0.880541186
05/27/2009,Janus Henderson Mlt-Ast AbsRet I Acc,0.879267807
05/28/2009,Janus Henderson Mlt-Ast AbsRet I Acc,0.880700358
05/29/2009,Janus Henderson Mlt-Ast AbsRet I Acc,0.881337047
05/30/2009,Janus Henderson Mlt-Ast AbsRet I Acc,0.881337047
05/31/2009,Janus Henderson Mlt-Ast AbsRet I Acc,0.881337047
06/01/2009,Janus Henderson Mlt-Ast AbsRet I Acc,0.881973737
06/02/2009,Janus Henderson Mlt-Ast AbsRet I Acc,0.88292877
06/03/2009,Janus Henderson Mlt-Ast AbsRet I Acc,0.883406287
06/04/2009,Janus Henderson Mlt-Ast AbsRet I Acc,0.883167529
06/05/2009,Janus Henderson Mlt-Ast AbsRet I Acc,0.884918424
06/06/2009,Janus Henderson Mlt-Ast AbsRet I Acc,0.884918424
06/07/2009,Janus Henderson Mlt-Ast AbsRet I Acc,0.884918424
06/08/2009,Janus Henderson Mlt-Ast AbsRet I Acc,0.887942698
06/09/2009,Janus Henderson Mlt-Ast AbsRet I Acc,0.886748906
06/10/2009,Janus Henderson Mlt-Ast AbsRet I Acc,0.885714286
06/11/2009,Janus Henderson Mlt-Ast AbsRet I Acc,0.885714286
06/12/2009,Janus Henderson Mlt-Ast AbsRet I Acc,0.883406287
06/13/2009,Janus Henderson Mlt-Ast AbsRet I Acc,0.883406287
06/14/2009,Janus Henderson Mlt-Ast AbsRet I Acc,0.883406287
06/15/2009,Janus Henderson Mlt-Ast AbsRet I Acc,0.882690012
06/16/2009,Janus Henderson Mlt-Ast AbsRet I Acc,0.881655392
06/17/2009,Janus Henderson Mlt-Ast AbsRet I Acc,0.880779944
06/18/2009,Janus Henderson Mlt-Ast AbsRet I Acc,0.879029049
06/19/2009,Janus Henderson Mlt-Ast AbsRet I Acc,0.877437326
06/20/2009,Janus Henderson Mlt-Ast AbsRet I Acc,0.877437326
06/21/2009,Janus Henderson Mlt-Ast AbsRet I Acc,0.877437326
06/22/2009,Janus Henderson Mlt-Ast AbsRet I Acc,0.877039395
06/23/2009,Janus Henderson Mlt-Ast AbsRet I Acc,0.876243534
06/24/2009,Janus Henderson Mlt-Ast AbsRet I Acc,0.875368086
06/25/2009,Janus Henderson Mlt-Ast AbsRet I Acc,0.87632312
06/26/2009,Janus Henderson Mlt-Ast AbsRet I Acc,0.877437326
06/27/2009,Janus Henderson Mlt-Ast AbsRet I Acc,0.877437326
06/28/2009,Janus Henderson Mlt-Ast AbsRet I Acc,0.877437326
06/29/2009,Janus Henderson Mlt-Ast AbsRet I Acc,0.878551532
06/30/2009,Janus Henderson Mlt-Ast AbsRet I Acc,0.878949463
07/01/2009,Janus Henderson Mlt-Ast AbsRet I Acc,0.879665738
07/02/2009,Janus Henderson Mlt-Ast AbsRet I Acc,0.882451253
07/03/2009,Janus Henderson Mlt-Ast AbsRet I Acc,0.883326701
07/04/2009,Janus Henderson Mlt-Ast AbsRet I Acc,0.883326701
07/05/2009,Janus Henderson Mlt-Ast AbsRet I Acc,0.883326701
07/06/2009,Janus Henderson Mlt-Ast AbsRet I Acc,0.882849184
07/07/2009,Janus Henderson Mlt-Ast AbsRet I Acc,0.882769598
07/08/2009,Janus Henderson Mlt-Ast AbsRet I Acc,0.884520493
07/09/2009,Janus Henderson Mlt-Ast AbsRet I Acc,0.882849184
07/10/2009,Janus Henderson Mlt-Ast AbsRet I Acc,0.882053323
07/11/2009,Janus Henderson Mlt-Ast AbsRet I Acc,0.882053323
07/12/2009,Janus Henderson Mlt-Ast AbsRet I Acc,0.882053323
07/13/2009,Janus Henderson Mlt-Ast AbsRet I Acc,0.880620772
07/14/2009,Janus Henderson Mlt-Ast AbsRet I Acc,0.88189415
07/15/2009,Janus Henderson Mlt-Ast AbsRet I Acc,0.884440907
07/16/2009,Janus Henderson Mlt-Ast AbsRet I Acc,0.886112216
07/17/2009,Janus Henderson Mlt-Ast AbsRet I Acc,0.888420215
07/18/2009,Janus Henderson Mlt-Ast AbsRet I Acc,0.888420215
07/19/2009,Janus Henderson Mlt-Ast AbsRet I Acc,0.888420215
07/20/2009,Janus Henderson Mlt-Ast AbsRet I Acc,0.89017111
07/21/2009,Janus Henderson Mlt-Ast AbsRet I Acc,0.891285316
07/22/2009,Janus Henderson Mlt-Ast AbsRet I Acc,0.892558695
07/23/2009,Janus Henderson Mlt-Ast AbsRet I Acc,0.893991246
07/24/2009,Janus Henderson Mlt-Ast AbsRet I Acc,0.895503382
07/25/2009,Janus Henderson Mlt-Ast AbsRet I Acc,0.895503382
07/26/2009,Janus Henderson Mlt-Ast AbsRet I Acc,0.895503382
07/27/2009,Janus Henderson Mlt-Ast AbsRet I Acc,0.897731795
07/28/2009,Janus Henderson Mlt-Ast AbsRet I Acc,0.898050139
07/29/2009,Janus Henderson Mlt-Ast AbsRet I Acc,0.898050139
07/30/2009,Janus Henderson Mlt-Ast AbsRet I Acc,0.89844807
07/31/2009,Janus Henderson Mlt-Ast AbsRet I Acc,0.89948269
08/01/2009,Janus Henderson Mlt-Ast AbsRet I Acc,0.89948269
08/02/2009,Janus Henderson Mlt-Ast AbsRet I Acc,0.89948269
08/03/2009,Janus Henderson Mlt-Ast AbsRet I Acc,0.901790688
08/04/2009,Janus Henderson Mlt-Ast AbsRet I Acc,0.900835655
08/05/2009,Janus Henderson Mlt-Ast AbsRet I Acc,0.903302825
08/06/2009,Janus Henderson Mlt-Ast AbsRet I Acc,0.904576204
08/07/2009,Janus Henderson Mlt-Ast AbsRet I Acc,0.906327099
08/08/2009,Janus Henderson Mlt-Ast AbsRet I Acc,0.906327099
08/09/2009,Janus Henderson Mlt-Ast AbsRet I Acc,0.906327099
08/10/2009,Janus Henderson Mlt-Ast AbsRet I Acc,0.906327099
08/11/2009,Janus Henderson Mlt-Ast AbsRet I Acc,0.908316753
08/12/2009,Janus Henderson Mlt-Ast AbsRet I Acc,0.909192201
08/13/2009,Janus Henderson Mlt-Ast AbsRet I Acc,0.909192201
08/14/2009,Janus Henderson Mlt-Ast AbsRet I Acc,0.91189813
08/15/2009,Janus Henderson Mlt-Ast AbsRet I Acc,0.91189813
08/16/2009,Janus Henderson Mlt-Ast AbsRet I Acc,0.91189813
08/17/2009,Janus Henderson Mlt-Ast AbsRet I Acc,0.911659371
08/18/2009,Janus Henderson Mlt-Ast AbsRet I Acc,0.90982889
08/19/2009,Janus Henderson Mlt-Ast AbsRet I Acc,0.909271787
08/20/2009,Janus Henderson Mlt-Ast AbsRet I Acc,0.908714684
08/21/2009,Janus Henderson Mlt-Ast AbsRet I Acc,0.91086351
08/22/2009,Janus Henderson Mlt-Ast AbsRet I Acc,0.91086351
08/23/2009,Janus Henderson Mlt-Ast AbsRet I Acc,0.91086351
08/24/2009,Janus Henderson Mlt-Ast AbsRet I Acc,0.913251094
08/25/2009,Janus Henderson Mlt-Ast AbsRet I Acc,0.915718265
08/26/2009,Janus Henderson Mlt-Ast AbsRet I Acc,0.91707123
08/27/2009,Janus Henderson Mlt-Ast AbsRet I Acc,0.917867091
08/28/2009,Janus Henderson Mlt-Ast AbsRet I Acc,0.917628333
08/29/2009,Janus Henderson Mlt-Ast AbsRet I Acc,0.917628333
08/30/2009,Janus Henderson Mlt-Ast AbsRet I Acc,0.917628333
08/31/2009,Janus Henderson Mlt-Ast AbsRet I Acc,0.917628333
09/01/2009,Janus Henderson Mlt-Ast AbsRet I Acc,0.917787505
09/02/2009,Janus Henderson Mlt-Ast AbsRet I Acc,0.916752885
09/03/2009,Janus Henderson Mlt-Ast AbsRet I Acc,0.916673299
09/04/2009,Janus Henderson Mlt-Ast AbsRet I Acc,0.917309988
09/05/2009,Janus Henderson Mlt-Ast AbsRet I Acc,0.917309988
09/06/2009,Janus Henderson Mlt-Ast AbsRet I Acc,0.917309988
09/07/2009,Janus Henderson Mlt-Ast AbsRet I Acc,0.918265022
09/08/2009,Janus Henderson Mlt-Ast AbsRet I Acc,0.919856745
09/09/2009,Janus Henderson Mlt-Ast AbsRet I Acc,0.919697573
09/10/2009,Janus Henderson Mlt-Ast AbsRet I Acc,0.920413848
09/11/2009,Janus Henderson Mlt-Ast AbsRet I Acc,0.92120971
09/12/2009,Janus Henderson Mlt-Ast AbsRet I Acc,0.92120971
09/13/2009,Janus Henderson Mlt-Ast AbsRet I Acc,0.92120971
09/14/2009,Janus Henderson Mlt-Ast AbsRet I Acc,0.923119777
09/15/2009,Janus Henderson Mlt-Ast AbsRet I Acc,0.924631914
09/16/2009,Janus Henderson Mlt-Ast AbsRet I Acc,0.926382809
09/17/2009,Janus Henderson Mlt-Ast AbsRet I Acc,0.928690808
09/18/2009,Janus Henderson Mlt-Ast AbsRet I Acc,0.930282531
09/19/2009,Janus Henderson Mlt-Ast AbsRet I Acc,0.930282531
09/20/2009,Janus Henderson Mlt-Ast AbsRet I Acc,0.930282531
09/21/2009,Janus Henderson Mlt-Ast AbsRet I Acc,0.930839634
09/22/2009,Janus Henderson Mlt-Ast AbsRet I Acc,0.931078392
09/23/2009,Janus Henderson Mlt-Ast AbsRet I Acc,0.931237565
09/24/2009,Janus Henderson Mlt-Ast AbsRet I Acc,0.931237565
09/25/2009,Janus Henderson Mlt-Ast AbsRet I Acc,0.932192598
09/26/2009,Janus Henderson Mlt-Ast AbsRet I Acc,0.932192598
09/27/2009,Janus Henderson Mlt-Ast AbsRet I Acc,0.932192598
09/28/2009,Janus Henderson Mlt-Ast AbsRet I Acc,0.933147632
09/29/2009,Janus Henderson Mlt-Ast AbsRet I Acc,0.934898528
09/30/2009,Janus Henderson Mlt-Ast AbsRet I Acc,0.935455631
10/01/2009,Janus Henderson Mlt-Ast AbsRet I Acc,0.937047354
10/02/2009,Janus Henderson Mlt-Ast AbsRet I Acc,0.93609232
10/03/2009,Janus Henderson Mlt-Ast AbsRet I Acc,0.93609232
10/04/2009,Janus Henderson Mlt-Ast AbsRet I Acc,0.93609232
10/05/2009,Janus Henderson Mlt-Ast AbsRet I Acc,0.934102666
10/06/2009,Janus Henderson Mlt-Ast AbsRet I Acc,0.935296458
10/07/2009,Janus Henderson Mlt-Ast AbsRet I Acc,0.93816156
10/08/2009,Janus Henderson Mlt-Ast AbsRet I Acc,0.939355352
10/09/2009,Janus Henderson Mlt-Ast AbsRet I Acc,0.939594111
10/10/2009,Janus Henderson Mlt-Ast AbsRet I Acc,0.939594111
10/11/2009,Janus Henderson Mlt-Ast AbsRet I Acc,0.939594111
10/12/2009,Janus Henderson Mlt-Ast AbsRet I Acc,0.943016315
10/13/2009,Janus Henderson Mlt-Ast AbsRet I Acc,0.944846797
10/14/2009,Janus Henderson Mlt-Ast AbsRet I Acc,0.944846797
10/15/2009,Janus Henderson Mlt-Ast AbsRet I Acc,0.942857143
10/16/2009,Janus Henderson Mlt-Ast AbsRet I Acc,0.941822523
10/17/2009,Janus Henderson Mlt-Ast AbsRet I Acc,0.941822523
10/18/2009,Janus Henderson Mlt-Ast AbsRet I Acc,0.941822523
10/19/2009,Janus Henderson Mlt-Ast AbsRet I Acc,0.9402308
10/20/2009,Janus Henderson Mlt-Ast AbsRet I Acc,0.940787903
10/21/2009,Janus Henderson Mlt-Ast AbsRet I Acc,0.940628731
10/22/2009,Janus Henderson Mlt-Ast AbsRet I Acc,0.937684043
10/23/2009,Janus Henderson Mlt-Ast AbsRet I Acc,0.938479904
10/24/2009,Janus Henderson Mlt-Ast AbsRet I Acc,0.938479904
10/25/2009,Janus Henderson Mlt-Ast AbsRet I Acc,0.938479904
10/26/2009,Janus Henderson Mlt-Ast AbsRet I Acc,0.939673697
10/27/2009,Janus Henderson Mlt-Ast AbsRet I Acc,0.937922801
10/28/2009,Janus Henderson Mlt-Ast AbsRet I Acc,0.935137286
10/29/2009,Janus Henderson Mlt-Ast AbsRet I Acc,0.933227218
10/30/2009,Janus Henderson Mlt-Ast AbsRet I Acc,0.931635495
10/31/2009,Janus Henderson Mlt-Ast AbsRet I Acc,0.931635495
11/01/2009,Janus Henderson Mlt-Ast AbsRet I Acc,0.931635495
11/02/2009,Janus Henderson Mlt-Ast AbsRet I Acc,0.933943494
11/03/2009,Janus Henderson Mlt-Ast AbsRet I Acc,0.932908874
11/04/2009,Janus Henderson Mlt-Ast AbsRet I Acc,0.932192598
11/05/2009,Janus Henderson Mlt-Ast AbsRet I Acc,0.932670115
11/06/2009,Janus Henderson Mlt-Ast AbsRet I Acc,0.932908874
11/07/2009,Janus Henderson Mlt-Ast AbsRet I Acc,0.932908874
11/08/2009,Janus Henderson Mlt-Ast AbsRet I Acc,0.932908874
11/09/2009,Janus Henderson Mlt-Ast AbsRet I Acc,0.933227218
11/10/2009,Janus Henderson Mlt-Ast AbsRet I Acc,0.934818942
11/11/2009,Janus Henderson Mlt-Ast AbsRet I Acc,0.936490251
11/12/2009,Janus Henderson Mlt-Ast AbsRet I Acc,0.937604457
11/13/2009,Janus Henderson Mlt-Ast AbsRet I Acc,0.939673697
11/14/2009,Janus Henderson Mlt-Ast AbsRet I Acc,0.939673697
11/15/2009,Janus Henderson Mlt-Ast AbsRet I Acc,0.939673697
11/16/2009,Janus Henderson Mlt-Ast AbsRet I Acc,0.939594111
11/17/2009,Janus Henderson Mlt-Ast AbsRet I Acc,0.941504178
11/18/2009,Janus Henderson Mlt-Ast AbsRet I Acc,0.94230004
11/19/2009,Janus Henderson Mlt-Ast AbsRet I Acc,0.942379626
11/20/2009,Janus Henderson Mlt-Ast AbsRet I Acc,0.941424592
11/21/2009,Janus Henderson Mlt-Ast AbsRet I Acc,0.941424592
11/22/2009,Janus Henderson Mlt-Ast AbsRet I Acc,0.941424592
11/23/2009,Janus Henderson Mlt-Ast AbsRet I Acc,0.941345006
11/24/2009,Janus Henderson Mlt-Ast AbsRet I Acc,0.941504178
11/25/2009,Janus Henderson Mlt-Ast AbsRet I Acc,0.941663351
11/26/2009,Janus Henderson Mlt-Ast AbsRet I Acc,0.942538798
11/27/2009,Janus Henderson Mlt-Ast AbsRet I Acc,0.940071628
11/28/2009,Janus Henderson Mlt-Ast AbsRet I Acc,0.940071628
11/29/2009,Janus Henderson Mlt-Ast AbsRet I Acc,0.940071628
11/30/2009,Janus Henderson Mlt-Ast AbsRet I Acc,0.939037008
12/01/2009,Janus Henderson Mlt-Ast AbsRet I Acc,0.93919618
12/02/2009,Janus Henderson Mlt-Ast AbsRet I Acc,0.939992041
12/03/2009,Janus Henderson Mlt-Ast AbsRet I Acc,0.940708317
12/04/2009,Janus Henderson Mlt-Ast AbsRet I Acc,0.94126542
12/05/2009,Janus Henderson Mlt-Ast AbsRet I Acc,0.94126542
12/06/2009,Janus Henderson Mlt-Ast AbsRet I Acc,0.94126542
12/07/2009,Janus Henderson Mlt-Ast AbsRet I Acc,0.939832869
12/08/2009,Janus Henderson Mlt-Ast AbsRet I Acc,0.941822523
12/09/2009,Janus Henderson Mlt-Ast AbsRet I Acc,0.94126542
12/10/2009,Janus Henderson Mlt-Ast AbsRet I Acc,0.937684043
12/11/2009,Janus Henderson Mlt-Ast AbsRet I Acc,0.939832869
12/12/2009,Janus Henderson Mlt-Ast AbsRet I Acc,0.939832869
12/13/2009,Janus Henderson Mlt-Ast AbsRet I Acc,0.939832869
12/14/2009,Janus Henderson Mlt-Ast AbsRet I Acc,0.940867489
12/15/2009,Janus Henderson Mlt-Ast AbsRet I Acc,0.941345006
12/16/2009,Janus Henderson Mlt-Ast AbsRet I Acc,0.941663351
12/17/2009,Janus Henderson Mlt-Ast AbsRet I Acc,0.942140867
12/18/2009,Janus Henderson Mlt-Ast AbsRet I Acc,0.941583764
12/19/2009,Janus Henderson Mlt-Ast AbsRet I Acc,0.941583764
12/20/2009,Janus Henderson Mlt-Ast AbsRet I Acc,0.941583764
12/21/2009,Janus Henderson Mlt-Ast AbsRet I Acc,0.940549144
12/22/2009,Janus Henderson Mlt-Ast AbsRet I Acc,0.941026661
12/23/2009,Janus Henderson Mlt-Ast AbsRet I Acc,0.941981695
12/24/2009,Janus Henderson Mlt-Ast AbsRet I Acc,0.943016315
12/25/2009,Janus Henderson Mlt-Ast AbsRet I Acc,0.943016315
12/26/2009,Janus Henderson Mlt-Ast AbsRet I Acc,0.943016315
12/27/2009,Janus Henderson Mlt-Ast AbsRet I Acc,0.943016315
12/28/2009,Janus Henderson Mlt-Ast AbsRet I Acc,0.943016315
12/29/2009,Janus Henderson Mlt-Ast AbsRet I Acc,0.943653004
12/30/2009,Janus Henderson Mlt-Ast AbsRet I Acc,0.944926383
12/31/2009,Janus Henderson Mlt-Ast AbsRet I Acc,0.945165141
01/01/2010,Janus Henderson Mlt-Ast AbsRet I Acc,0.945165141
01/02/2010,Janus Henderson Mlt-Ast AbsRet I Acc,0.945165141
01/03/2010,Janus Henderson Mlt-Ast AbsRet I Acc,0.945165141
01/04/2010,Janus Henderson Mlt-Ast AbsRet I Acc,0.944289694
01/05/2010,Janus Henderson Mlt-Ast AbsRet I Acc,0.948269001
01/06/2010,Janus Henderson Mlt-Ast AbsRet I Acc,0.95200955
01/07/2010,Janus Henderson Mlt-Ast AbsRet I Acc,0.953521687
01/08/2010,Janus Henderson Mlt-Ast AbsRet I Acc,0.956227616
01/09/2010,Janus Henderson Mlt-Ast AbsRet I Acc,0.956227616
01/10/2010,Janus Henderson Mlt-Ast AbsRet I Acc,0.956227616
01/11/2010,Janus Henderson Mlt-Ast AbsRet I Acc,0.957580581
01/12/2010,Janus Henderson Mlt-Ast AbsRet I Acc,0.958376442
01/13/2010,Janus Henderson Mlt-Ast AbsRet I Acc,0.957660167
01/14/2010,Janus Henderson Mlt-Ast AbsRet I Acc,0.955511341
01/15/2010,Janus Henderson Mlt-Ast AbsRet I Acc,0.958137684
01/16/2010,Janus Henderson Mlt-Ast AbsRet I Acc,0.958137684
01/17/2010,Janus Henderson Mlt-Ast AbsRet I Acc,0.958137684
01/18/2010,Janus Henderson Mlt-Ast AbsRet I Acc,0.959888579
01/19/2010,Janus Henderson Mlt-Ast AbsRet I Acc,0.959570235
01/20/2010,Janus Henderson Mlt-Ast AbsRet I Acc,0.957819339
01/21/2010,Janus Henderson Mlt-Ast AbsRet I Acc,0.958456029
01/22/2010,Janus Henderson Mlt-Ast AbsRet I Acc,0.957580581
01/23/2010,Janus Henderson Mlt-Ast AbsRet I Acc,0.957580581
01/24/2010,Janus Henderson Mlt-Ast AbsRet I Acc,0.957580581
01/25/2010,Janus Henderson Mlt-Ast AbsRet I Acc,0.954556307
01/26/2010,Janus Henderson Mlt-Ast AbsRet I Acc,0.954317549
01/27/2010,Janus Henderson Mlt-Ast AbsRet I Acc,0.952964584
01/28/2010,Janus Henderson Mlt-Ast AbsRet I Acc,0.952725826
01/29/2010,Janus Henderson Mlt-Ast AbsRet I Acc,0.950656586
01/30/2010,Janus Henderson Mlt-Ast AbsRet I Acc,0.950656586
01/31/2010,Janus Henderson Mlt-Ast AbsRet I Acc,0.950656586
02/01/2010,Janus Henderson Mlt-Ast AbsRet I Acc,0.94954238
02/02/2010,Janus Henderson Mlt-Ast AbsRet I Acc,0.952884998
02/03/2010,Janus Henderson Mlt-Ast AbsRet I Acc,0.955272583
02/04/2010,Janus Henderson Mlt-Ast AbsRet I Acc,0.955988858
02/05/2010,Janus Henderson Mlt-Ast AbsRet I Acc,0.952248309
02/06/2010,Janus Henderson Mlt-Ast AbsRet I Acc,0.952248309
02/07/2010,Janus Henderson Mlt-Ast AbsRet I Acc,0.952248309
02/08/2010,Janus Henderson Mlt-Ast AbsRet I Acc,0.948348587
02/09/2010,Janus Henderson Mlt-Ast AbsRet I Acc,0.94747314
02/10/2010,Janus Henderson Mlt-Ast AbsRet I Acc,0.947950657
02/11/2010,Janus Henderson Mlt-Ast AbsRet I Acc,0.949701552
02/12/2010,Janus Henderson Mlt-Ast AbsRet I Acc,0.94890569
02/13/2010,Janus Henderson Mlt-Ast AbsRet I Acc,0.94890569
02/14/2010,Janus Henderson Mlt-Ast AbsRet I Acc,0.94890569
02/15/2010,Janus Henderson Mlt-Ast AbsRet I Acc,0.948109829
02/16/2010,Janus Henderson Mlt-Ast AbsRet I Acc,0.94850776
02/17/2010,Janus Henderson Mlt-Ast AbsRet I Acc,0.949383207
02/18/2010,Janus Henderson Mlt-Ast AbsRet I Acc,0.951850378
02/19/2010,Janus Henderson Mlt-Ast AbsRet I Acc,0.953442101
02/20/2010,Janus Henderson Mlt-Ast AbsRet I Acc,0.953442101
02/21/2010,Janus Henderson Mlt-Ast AbsRet I Acc,0.953442101
02/22/2010,Janus Henderson Mlt-Ast AbsRet I Acc,0.955670513
02/23/2010,Janus Henderson Mlt-Ast AbsRet I Acc,0.956466375
02/24/2010,Janus Henderson Mlt-Ast AbsRet I Acc,0.956068444
02/25/2010,Janus Henderson Mlt-Ast AbsRet I Acc,0.955988858
02/26/2010,Janus Henderson Mlt-Ast AbsRet I Acc,0.957819339
02/27/2010,Janus Henderson Mlt-Ast AbsRet I Acc,0.957819339
02/28/2010,Janus Henderson Mlt-Ast AbsRet I Acc,0.957819339
03/01/2010,Janus Henderson Mlt-Ast AbsRet I Acc,0.958774373
03/02/2010,Janus Henderson Mlt-Ast AbsRet I Acc,0.962594509
03/03/2010,Janus Henderson Mlt-Ast AbsRet I Acc,0.96442499
03/04/2010,Janus Henderson Mlt-Ast AbsRet I Acc,0.965300438
03/05/2010,Janus Henderson Mlt-Ast AbsRet I Acc,0.965380024
03/06/2010,Janus Henderson Mlt-Ast AbsRet I Acc,0.965380024
03/07/2010,Janus Henderson Mlt-Ast AbsRet I Acc,0.965380024
03/08/2010,Janus Henderson Mlt-Ast AbsRet I Acc,0.966016713
03/09/2010,Janus Henderson Mlt-Ast AbsRet I Acc,0.966971747
03/10/2010,Janus Henderson Mlt-Ast AbsRet I Acc,0.967926781
03/11/2010,Janus Henderson Mlt-Ast AbsRet I Acc,0.968165539
03/12/2010,Janus Henderson Mlt-Ast AbsRet I Acc,0.968483884
03/13/2010,Janus Henderson Mlt-Ast AbsRet I Acc,0.968483884
03/14/2010,Janus Henderson Mlt-Ast AbsRet I Acc,0.968483884
03/15/2010,Janus Henderson Mlt-Ast AbsRet I Acc,0.968961401
03/16/2010,Janus Henderson Mlt-Ast AbsRet I Acc,0.971030641
03/17/2010,Janus Henderson Mlt-Ast AbsRet I Acc,0.970473538
03/18/2010,Janus Henderson Mlt-Ast AbsRet I Acc,0.970314365
03/19/2010,Janus Henderson Mlt-Ast AbsRet I Acc,0.970871468
03/20/2010,Janus Henderson Mlt-Ast AbsRet I Acc,0.970871468
03/21/2010,Janus Henderson Mlt-Ast AbsRet I Acc,0.970871468
03/22/2010,Janus Henderson Mlt-Ast AbsRet I Acc,0.970951055
03/23/2010,Janus Henderson Mlt-Ast AbsRet I Acc,0.969996021
03/24/2010,Janus Henderson Mlt-Ast AbsRet I Acc,0.971189813
03/25/2010,Janus Henderson Mlt-Ast AbsRet I Acc,0.971428571
03/26/2010,Janus Henderson Mlt-Ast AbsRet I Acc,0.973179467
03/27/2010,Janus Henderson Mlt-Ast AbsRet I Acc,0.973179467
03/28/2010,Janus Henderson Mlt-Ast AbsRet I Acc,0.973179467
03/29/2010,Janus Henderson Mlt-Ast AbsRet I Acc,0.973577398
03/30/2010,Janus Henderson Mlt-Ast AbsRet I Acc,0.972542778
03/31/2010,Janus Henderson Mlt-Ast AbsRet I Acc,0.972304019
04/01/2010,Janus Henderson Mlt-Ast AbsRet I Acc,0.973338639
04/02/2010,Janus Henderson Mlt-Ast AbsRet I Acc,0.973338639
04/03/2010,Janus Henderson Mlt-Ast AbsRet I Acc,0.973338639
04/04/2010,Janus Henderson Mlt-Ast AbsRet I Acc,0.973338639
04/05/2010,Janus Henderson Mlt-Ast AbsRet I Acc,0.973338639
04/06/2010,Janus Henderson Mlt-Ast AbsRet I Acc,0.974134501
04/07/2010,Janus Henderson Mlt-Ast AbsRet I Acc,0.976124154
04/08/2010,Janus Henderson Mlt-Ast AbsRet I Acc,0.976124154
04/09/2010,Janus Henderson Mlt-Ast AbsRet I Acc,0.975328293
04/10/2010,Janus Henderson Mlt-Ast AbsRet I Acc,0.975328293
04/11/2010,Janus Henderson Mlt-Ast AbsRet I Acc,0.975328293
04/12/2010,Janus Henderson Mlt-Ast AbsRet I Acc,0.975964982
04/13/2010,Janus Henderson Mlt-Ast AbsRet I Acc,0.976601671
04/14/2010,Janus Henderson Mlt-Ast AbsRet I Acc,0.977158774
04/15/2010,Janus Henderson Mlt-Ast AbsRet I Acc,0.978113808
04/16/2010,Janus Henderson Mlt-Ast AbsRet I Acc,0.979148428
04/17/2010,Janus Henderson Mlt-Ast AbsRet I Acc,0.979148428
04/18/2010,Janus Henderson Mlt-Ast AbsRet I Acc,0.979148428
04/19/2010,Janus Henderson Mlt-Ast AbsRet I Acc,0.979625945
04/20/2010,Janus Henderson Mlt-Ast AbsRet I Acc,0.978113808
04/21/2010,Janus Henderson Mlt-Ast AbsRet I Acc,0.978113808
04/22/2010,Janus Henderson Mlt-Ast AbsRet I Acc,0.978352567
04/23/2010,Janus Henderson Mlt-Ast AbsRet I Acc,0.977477119
04/24/2010,Janus Henderson Mlt-Ast AbsRet I Acc,0.977477119
04/25/2010,Janus Henderson Mlt-Ast AbsRet I Acc,0.977477119
04/26/2010,Janus Henderson Mlt-Ast AbsRet I Acc,0.978352567
04/27/2010,Janus Henderson Mlt-Ast AbsRet I Acc,0.979068842
04/28/2010,Janus Henderson Mlt-Ast AbsRet I Acc,0.977795464
04/29/2010,Janus Henderson Mlt-Ast AbsRet I Acc,0.974293673
04/30/2010,Janus Henderson Mlt-Ast AbsRet I Acc,0.974930362
05/01/2010,Janus Henderson Mlt-Ast AbsRet I Acc,0.974930362
05/02/2010,Janus Henderson Mlt-Ast AbsRet I Acc,0.974930362
05/03/2010,Janus Henderson Mlt-Ast AbsRet I Acc,0.974930362
05/04/2010,Janus Henderson Mlt-Ast AbsRet I Acc,0.975487465
05/05/2010,Janus Henderson Mlt-Ast AbsRet I Acc,0.973975328
05/06/2010,Janus Henderson Mlt-Ast AbsRet I Acc,0.971110227
05/07/2010,Janus Henderson Mlt-Ast AbsRet I Acc,0.969916435
05/08/2010,Janus Henderson Mlt-Ast AbsRet I Acc,0.969916435
05/09/2010,Janus Henderson Mlt-Ast AbsRet I Acc,0.969916435
05/10/2010,Janus Henderson Mlt-Ast AbsRet I Acc,0.965141265
05/11/2010,Janus Henderson Mlt-Ast AbsRet I Acc,0.965061679
05/12/2010,Janus Henderson Mlt-Ast AbsRet I Acc,0.966892161
05/13/2010,Janus Henderson Mlt-Ast AbsRet I Acc,0.967210505
05/14/2010,Janus Henderson Mlt-Ast AbsRet I Acc,0.97063271
05/15/2010,Janus Henderson Mlt-Ast AbsRet I Acc,0.97063271
05/16/2010,Janus Henderson Mlt-Ast AbsRet I Acc,0.97063271
05/17/2010,Janus Henderson Mlt-Ast AbsRet I Acc,0.969757262
05/18/2010,Janus Henderson Mlt-Ast AbsRet I Acc,0.966812575
05/19/2010,Janus Henderson Mlt-Ast AbsRet I Acc,0.966414644
05/20/2010,Janus Henderson Mlt-Ast AbsRet I Acc,0.962514922
05/21/2010,Janus Henderson Mlt-Ast AbsRet I Acc,0.960604855
05/22/2010,Janus Henderson Mlt-Ast AbsRet I Acc,0.960604855
05/23/2010,Janus Henderson Mlt-Ast AbsRet I Acc,0.960604855
05/24/2010,Janus Henderson Mlt-Ast AbsRet I Acc,0.957819339
05/25/2010,Janus Henderson Mlt-Ast AbsRet I Acc,0.957421409
05/26/2010,Janus Henderson Mlt-Ast AbsRet I Acc,0.954397135
05/27/2010,Janus Henderson Mlt-Ast AbsRet I Acc,0.954795066
05/28/2010,Janus Henderson Mlt-Ast AbsRet I Acc,0.957341823
05/29/2010,Janus Henderson Mlt-Ast AbsRet I Acc,0.957341823
05/30/2010,Janus Henderson Mlt-Ast AbsRet I Acc,0.957341823
05/31/2010,Janus Henderson Mlt-Ast AbsRet I Acc,0.957341823
06/01/2010,Janus Henderson Mlt-Ast AbsRet I Acc,0.961480302
06/02/2010,Janus Henderson Mlt-Ast AbsRet I Acc,0.958933546
06/03/2010,Janus Henderson Mlt-Ast AbsRet I Acc,0.957421409
06/04/2010,Janus Henderson Mlt-Ast AbsRet I Acc,0.960366096
06/05/2010,Janus Henderson Mlt-Ast AbsRet I Acc,0.960366096
06/06/2010,Janus Henderson Mlt-Ast AbsRet I Acc,0.960366096
06/07/2010,Janus Henderson Mlt-Ast AbsRet I Acc,0.960445682
06/08/2010,Janus Henderson Mlt-Ast AbsRet I Acc,0.958774373
06/09/2010,Janus Henderson Mlt-Ast AbsRet I Acc,0.955829686
06/10/2010,Janus Henderson Mlt-Ast AbsRet I Acc,0.954397135
06/11/2010,Janus Henderson Mlt-Ast AbsRet I Acc,0.954874652
06/12/2010,Janus Henderson Mlt-Ast AbsRet I Acc,0.954874652
06/13/2010,Janus Henderson Mlt-Ast AbsRet I Acc,0.954874652
06/14/2010,Janus Henderson Mlt-Ast AbsRet I Acc,0.957898926
06/15/2010,Janus Henderson Mlt-Ast AbsRet I Acc,0.958376442
06/16/2010,Janus Henderson Mlt-Ast AbsRet I Acc,0.959172304
06/17/2010,Janus Henderson Mlt-Ast AbsRet I Acc,0.960604855
06/18/2010,Janus Henderson Mlt-Ast AbsRet I Acc,0.961480302
06/19/2010,Janus Henderson Mlt-Ast AbsRet I Acc,0.961480302
06/20/2010,Janus Henderson Mlt-Ast AbsRet I Acc,0.961480302
06/21/2010,Janus Henderson Mlt-Ast AbsRet I Acc,0.962753681
06/22/2010,Janus Henderson Mlt-Ast AbsRet I Acc,0.962753681
06/23/2010,Janus Henderson Mlt-Ast AbsRet I Acc,0.961082372
06/24/2010,Janus Henderson Mlt-Ast AbsRet I Acc,0.96132113
06/25/2010,Janus Henderson Mlt-Ast AbsRet I Acc,0.958933546
06/26/2010,Janus Henderson Mlt-Ast AbsRet I Acc,0.958933546
06/27/2010,Janus Henderson Mlt-Ast AbsRet I Acc,0.958933546
06/28/2010,Janus Henderson Mlt-Ast AbsRet I Acc,0.957341823
06/29/2010,Janus Henderson Mlt-Ast AbsRet I Acc,0.956545961
06/30/2010,Janus Henderson Mlt-Ast AbsRet I Acc,0.95511341
07/01/2010,Janus Henderson Mlt-Ast AbsRet I Acc,0.953123756
07/02/2010,Janus Henderson Mlt-Ast AbsRet I Acc,0.950895344
07/03/2010,Janus Henderson Mlt-Ast AbsRet I Acc,0.950895344
07/04/2010,Janus Henderson Mlt-Ast AbsRet I Acc,0.950895344
07/05/2010,Janus Henderson Mlt-Ast AbsRet I Acc,0.950338241
07/06/2010,Janus Henderson Mlt-Ast AbsRet I Acc,0.950815758
07/07/2010,Janus Henderson Mlt-Ast AbsRet I Acc,0.952168723
07/08/2010,Janus Henderson Mlt-Ast AbsRet I Acc,0.952725826
07/09/2010,Janus Henderson Mlt-Ast AbsRet I Acc,0.95614803
07/10/2010,Janus Henderson Mlt-Ast AbsRet I Acc,0.95614803
07/11/2010,Janus Henderson Mlt-Ast AbsRet I Acc,0.95614803
07/12/2010,Janus Henderson Mlt-Ast AbsRet I Acc,0.957262236
07/13/2010,Janus Henderson Mlt-Ast AbsRet I Acc,0.958694787
07/14/2010,Janus Henderson Mlt-Ast AbsRet I Acc,0.959649821
07/15/2010,Janus Henderson Mlt-Ast AbsRet I Acc,0.959172304
07/16/2010,Janus Henderson Mlt-Ast AbsRet I Acc,0.960843613
07/17/2010,Janus Henderson Mlt-Ast AbsRet I Acc,0.960843613
07/18/2010,Janus Henderson Mlt-Ast AbsRet I Acc,0.960843613
07/19/2010,Janus Henderson Mlt-Ast AbsRet I Acc,0.960127338
07/20/2010,Janus Henderson Mlt-Ast AbsRet I Acc,0.958137684
07/21/2010,Janus Henderson Mlt-Ast AbsRet I Acc,0.958058098
07/22/2010,Janus Henderson Mlt-Ast AbsRet I Acc,0.959172304
07/23/2010,Janus Henderson Mlt-Ast AbsRet I Acc,0.95925189
07/24/2010,Janus Henderson Mlt-Ast AbsRet I Acc,0.95925189
07/25/2010,Janus Henderson Mlt-Ast AbsRet I Acc,0.95925189
07/26/2010,Janus Henderson Mlt-Ast AbsRet I Acc,0.959649821
07/27/2010,Janus Henderson Mlt-Ast AbsRet I Acc,0.960047752
07/28/2010,Janus Henderson Mlt-Ast AbsRet I Acc,0.961241544
07/29/2010,Janus Henderson Mlt-Ast AbsRet I Acc,0.960127338
07/30/2010,Janus Henderson Mlt-Ast AbsRet I Acc,0.961161958
07/31/2010,Janus Henderson Mlt-Ast AbsRet I Acc,0.961161958
08/01/2010,Janus Henderson Mlt-Ast AbsRet I Acc,0.961161958
08/02/2010,Janus Henderson Mlt-Ast AbsRet I Acc,0.960923199
08/03/2010,Janus Henderson Mlt-Ast AbsRet I Acc,0.961241544
08/04/2010,Janus Henderson Mlt-Ast AbsRet I Acc,0.962514922
08/05/2010,Janus Henderson Mlt-Ast AbsRet I Acc,0.962435336
08/06/2010,Janus Henderson Mlt-Ast AbsRet I Acc,0.964663749
08/07/2010,Janus Henderson Mlt-Ast AbsRet I Acc,0.964663749
08/08/2010,Janus Henderson Mlt-Ast AbsRet I Acc,0.964663749
08/09/2010,Janus Henderson Mlt-Ast AbsRet I Acc,0.964663749
08/10/2010,Janus Henderson Mlt-Ast AbsRet I Acc,0.964265818
08/11/2010,Janus Henderson Mlt-Ast AbsRet I Acc,0.964106645
08/12/2010,Janus Henderson Mlt-Ast AbsRet I Acc,0.962833267
08/13/2010,Janus Henderson Mlt-Ast AbsRet I Acc,0.960445682
08/14/2010,Janus Henderson Mlt-Ast AbsRet I Acc,0.960445682
08/15/2010,Janus Henderson Mlt-Ast AbsRet I Acc,0.960445682
08/16/2010,Janus Henderson Mlt-Ast AbsRet I Acc,0.96132113
08/17/2010,Janus Henderson Mlt-Ast AbsRet I Acc,0.962196578
08/18/2010,Janus Henderson Mlt-Ast AbsRet I Acc,0.962912853
08/19/2010,Janus Henderson Mlt-Ast AbsRet I Acc,0.963867887
08/20/2010,Janus Henderson Mlt-Ast AbsRet I Acc,0.964504576
08/21/2010,Janus Henderson Mlt-Ast AbsRet I Acc,0.964504576
08/22/2010,Janus Henderson Mlt-Ast AbsRet I Acc,0.964504576
08/23/2010,Janus Henderson Mlt-Ast AbsRet I Acc,0.962674095
08/24/2010,Janus Henderson Mlt-Ast AbsRet I Acc,0.962674095
08/25/2010,Janus Henderson Mlt-Ast AbsRet I Acc,0.963231198
08/26/2010,Janus Henderson Mlt-Ast AbsRet I Acc,0.96235575
08/27/2010,Janus Henderson Mlt-Ast AbsRet I Acc,0.961480302
08/28/2010,Janus Henderson Mlt-Ast AbsRet I Acc,0.961480302
08/29/2010,Janus Henderson Mlt-Ast AbsRet I Acc,0.961480302
08/30/2010,Janus Henderson Mlt-Ast AbsRet I Acc,0.961480302
08/31/2010,Janus Henderson Mlt-Ast AbsRet I Acc,0.961559889
09/01/2010,Janus Henderson Mlt-Ast AbsRet I Acc,0.96339037
09/02/2010,Janus Henderson Mlt-Ast AbsRet I Acc,0.965618782
09/03/2010,Janus Henderson Mlt-Ast AbsRet I Acc,0.967608436
09/04/2010,Janus Henderson Mlt-Ast AbsRet I Acc,0.967608436
09/05/2010,Janus Henderson Mlt-Ast AbsRet I Acc,0.967608436
09/06/2010,Janus Henderson Mlt-Ast AbsRet I Acc,0.967688022
09/07/2010,Janus Henderson Mlt-Ast AbsRet I Acc,0.969279745
09/08/2010,Janus Henderson Mlt-Ast AbsRet I Acc,0.968881815
09/09/2010,Janus Henderson Mlt-Ast AbsRet I Acc,0.969120573
09/10/2010,Janus Henderson Mlt-Ast AbsRet I Acc,0.970553124
09/11/2010,Janus Henderson Mlt-Ast AbsRet I Acc,0.970553124
09/12/2010,Janus Henderson Mlt-Ast AbsRet I Acc,0.970553124
09/13/2010,Janus Henderson Mlt-Ast AbsRet I Acc,0.970951055
09/14/2010,Janus Henderson Mlt-Ast AbsRet I Acc,0.973179467
09/15/2010,Janus Henderson Mlt-Ast AbsRet I Acc,0.97477119
09/16/2010,Janus Henderson Mlt-Ast AbsRet I Acc,0.975328293
09/17/2010,Janus Henderson Mlt-Ast AbsRet I Acc,0.974373259
09/18/2010,Janus Henderson Mlt-Ast AbsRet I Acc,0.974373259
09/19/2010,Janus Henderson Mlt-Ast AbsRet I Acc,0.974373259
09/20/2010,Janus Henderson Mlt-Ast AbsRet I Acc,0.974293673
09/21/2010,Janus Henderson Mlt-Ast AbsRet I Acc,0.975009948
09/22/2010,Janus Henderson Mlt-Ast AbsRet I Acc,0.977079188
09/23/2010,Janus Henderson Mlt-Ast AbsRet I Acc,0.976203741
09/24/2010,Janus Henderson Mlt-Ast AbsRet I Acc,0.974850776
09/25/2010,Janus Henderson Mlt-Ast AbsRet I Acc,0.974850776
09/26/2010,Janus Henderson Mlt-Ast AbsRet I Acc,0.974850776
09/27/2010,Janus Henderson Mlt-Ast AbsRet I Acc,0.973975328
09/28/2010,Janus Henderson Mlt-Ast AbsRet I Acc,0.975248707
09/29/2010,Janus Henderson Mlt-Ast AbsRet I Acc,0.975248707
09/30/2010,Janus Henderson Mlt-Ast AbsRet I Acc,0.975964982
10/01/2010,Janus Henderson Mlt-Ast AbsRet I Acc,0.975964982
10/02/2010,Janus Henderson Mlt-Ast AbsRet I Acc,0.975964982
10/03/2010,Janus Henderson Mlt-Ast AbsRet I Acc,0.975964982
10/04/2010,Janus Henderson Mlt-Ast AbsRet I Acc,0.978113808
10/05/2010,Janus Henderson Mlt-Ast AbsRet I Acc,0.978034222
10/06/2010,Janus Henderson Mlt-Ast AbsRet I Acc,0.978193394
10/07/2010,Janus Henderson Mlt-Ast AbsRet I Acc,0.979387187
10/08/2010,Janus Henderson Mlt-Ast AbsRet I Acc,0.979387187
10/09/2010,Janus Henderson Mlt-Ast AbsRet I Acc,0.979387187
10/10/2010,Janus Henderson Mlt-Ast AbsRet I Acc,0.979387187
10/11/2010,Janus Henderson Mlt-Ast AbsRet I Acc,0.9793076
10/12/2010,Janus Henderson Mlt-Ast AbsRet I Acc,0.980501393
10/13/2010,Janus Henderson Mlt-Ast AbsRet I Acc,0.981456427
10/14/2010,Janus Henderson Mlt-Ast AbsRet I Acc,0.983525667
10/15/2010,Janus Henderson Mlt-Ast AbsRet I Acc,0.983525667
10/16/2010,Janus Henderson Mlt-Ast AbsRet I Acc,0.983525667
10/17/2010,Janus Henderson Mlt-Ast AbsRet I Acc,0.983525667
10/18/2010,Janus Henderson Mlt-Ast AbsRet I Acc,0.98408277
10/19/2010,Janus Henderson Mlt-Ast AbsRet I Acc,0.984639873
10/20/2010,Janus Henderson Mlt-Ast AbsRet I Acc,0.984878631
10/21/2010,Janus Henderson Mlt-Ast AbsRet I Acc,0.984560287
10/22/2010,Janus Henderson Mlt-Ast AbsRet I Acc,0.985037803
10/23/2010,Janus Henderson Mlt-Ast AbsRet I Acc,0.985037803
10/24/2010,Janus Henderson Mlt-Ast AbsRet I Acc,0.985037803
10/25/2010,Janus Henderson Mlt-Ast AbsRet I Acc,0.985594906
10/26/2010,Janus Henderson Mlt-Ast AbsRet I Acc,0.98615201
10/27/2010,Janus Henderson Mlt-Ast AbsRet I Acc,0.985594906
10/28/2010,Janus Henderson Mlt-Ast AbsRet I Acc,0.985037803
10/29/2010,Janus Henderson Mlt-Ast AbsRet I Acc,0.984401114
10/30/2010,Janus Henderson Mlt-Ast AbsRet I Acc,0.984401114
10/31/2010,Janus Henderson Mlt-Ast AbsRet I Acc,0.984401114
11/01/2010,Janus Henderson Mlt-Ast AbsRet I Acc,0.984241942
11/02/2010,Janus Henderson Mlt-Ast AbsRet I Acc,0.984958217
11/03/2010,Janus Henderson Mlt-Ast AbsRet I Acc,0.985754079
11/04/2010,Janus Henderson Mlt-Ast AbsRet I Acc,0.985913251
11/05/2010,Janus Henderson Mlt-Ast AbsRet I Acc,0.987027457
11/06/2010,Janus Henderson Mlt-Ast AbsRet I Acc,0.987027457
11/07/2010,Janus Henderson Mlt-Ast AbsRet I Acc,0.987027457
11/08/2010,Janus Henderson Mlt-Ast AbsRet I Acc,0.987823319
11/09/2010,Janus Henderson Mlt-Ast AbsRet I Acc,0.989255869
11/10/2010,Janus Henderson Mlt-Ast AbsRet I Acc,0.989017111
11/11/2010,Janus Henderson Mlt-Ast AbsRet I Acc,0.988698766
11/12/2010,Janus Henderson Mlt-Ast AbsRet I Acc,0.987107043
11/13/2010,Janus Henderson Mlt-Ast AbsRet I Acc,0.987107043
11/14/2010,Janus Henderson Mlt-Ast AbsRet I Acc,0.987107043
11/15/2010,Janus Henderson Mlt-Ast AbsRet I Acc,0.985833665
11/16/2010,Janus Henderson Mlt-Ast AbsRet I Acc,0.983923597
11/17/2010,Janus Henderson Mlt-Ast AbsRet I Acc,0.983207322
11/18/2010,Janus Henderson Mlt-Ast AbsRet I Acc,0.982172702
11/19/2010,Janus Henderson Mlt-Ast AbsRet I Acc,0.982809391
11/20/2010,Janus Henderson Mlt-Ast AbsRet I Acc,0.982809391
11/21/2010,Janus Henderson Mlt-Ast AbsRet I Acc,0.982809391
11/22/2010,Janus Henderson Mlt-Ast AbsRet I Acc,0.98304815
11/23/2010,Janus Henderson Mlt-Ast AbsRet I Acc,0.984003183
11/24/2010,Janus Henderson Mlt-Ast AbsRet I Acc,0.983127736
11/25/2010,Janus Henderson Mlt-Ast AbsRet I Acc,0.981854357
11/26/2010,Janus Henderson Mlt-Ast AbsRet I Acc,0.981933943
11/27/2010,Janus Henderson Mlt-Ast AbsRet I Acc,0.981933943
11/28/2010,Janus Henderson Mlt-Ast AbsRet I Acc,0.981933943
11/29/2010,Janus Henderson Mlt-Ast AbsRet I Acc,0.981297254
11/30/2010,Janus Henderson Mlt-Ast AbsRet I Acc,0.981695185
12/01/2010,Janus Henderson Mlt-Ast AbsRet I Acc,0.98034222
12/02/2010,Janus Henderson Mlt-Ast AbsRet I Acc,0.980023876
12/03/2010,Janus Henderson Mlt-Ast AbsRet I Acc,0.981536013
12/04/2010,Janus Henderson Mlt-Ast AbsRet I Acc,0.981536013
12/05/2010,Janus Henderson Mlt-Ast AbsRet I Acc,0.981536013
12/06/2010,Janus Henderson Mlt-Ast AbsRet I Acc,0.983207322
12/07/2010,Janus Henderson Mlt-Ast AbsRet I Acc,0.983684839
12/08/2010,Janus Henderson Mlt-Ast AbsRet I Acc,0.983684839
12/09/2010,Janus Henderson Mlt-Ast AbsRet I Acc,0.983764425
12/10/2010,Janus Henderson Mlt-Ast AbsRet I Acc,0.983764425
12/11/2010,Janus Henderson Mlt-Ast AbsRet I Acc,0.983764425
12/12/2010,Janus Henderson Mlt-Ast AbsRet I Acc,0.983764425
12/13/2010,Janus Henderson Mlt-Ast AbsRet I Acc,0.983684839
12/14/2010,Janus Henderson Mlt-Ast AbsRet I Acc,0.984560287
12/15/2010,Janus Henderson Mlt-Ast AbsRet I Acc,0.984401114
12/16/2010,Janus Henderson Mlt-Ast AbsRet I Acc,0.985276562
12/17/2010,Janus Henderson Mlt-Ast AbsRet I Acc,0.98511739
12/18/2010,Janus Henderson Mlt-Ast AbsRet I Acc,0.98511739
12/19/2010,Janus Henderson Mlt-Ast AbsRet I Acc,0.98511739
12/20/2010,Janus Henderson Mlt-Ast AbsRet I Acc,0.986072423
12/21/2010,Janus Henderson Mlt-Ast AbsRet I Acc,0.986470354
12/22/2010,Janus Henderson Mlt-Ast AbsRet I Acc,0.98718663
12/23/2010,Janus Henderson Mlt-Ast AbsRet I Acc,0.988380422
12/24/2010,Janus Henderson Mlt-Ast AbsRet I Acc,0.988857939
12/25/2010,Janus Henderson Mlt-Ast AbsRet I Acc,0.988857939
12/26/2010,Janus Henderson Mlt-Ast AbsRet I Acc,0.988857939
12/27/2010,Janus Henderson Mlt-Ast AbsRet I Acc,0.988857939
12/28/2010,Janus Henderson Mlt-Ast AbsRet I Acc,0.988857939
12/29/2010,Janus Henderson Mlt-Ast AbsRet I Acc,0.989096697
12/30/2010,Janus Henderson Mlt-Ast AbsRet I Acc,0.989733386
12/31/2010,Janus Henderson Mlt-Ast AbsRet I Acc,0.990131317
01/01/2011,Janus Henderson Mlt-Ast AbsRet I Acc,0.990131317
01/02/2011,Janus Henderson Mlt-Ast AbsRet I Acc,0.990131317
01/03/2011,Janus Henderson Mlt-Ast AbsRet I Acc,0.990131317
01/04/2011,Janus Henderson Mlt-Ast AbsRet I Acc,0.989415042
01/05/2011,Janus Henderson Mlt-Ast AbsRet I Acc,0.989017111
01/06/2011,Janus Henderson Mlt-Ast AbsRet I Acc,0.988539594
01/07/2011,Janus Henderson Mlt-Ast AbsRet I Acc,0.989494628
01/08/2011,Janus Henderson Mlt-Ast AbsRet I Acc,0.989494628
01/09/2011,Janus Henderson Mlt-Ast AbsRet I Acc,0.989494628
01/10/2011,Janus Henderson Mlt-Ast AbsRet I Acc,0.989335456
01/11/2011,Janus Henderson Mlt-Ast AbsRet I Acc,0.989176283
01/12/2011,Janus Henderson Mlt-Ast AbsRet I Acc,0.988937525
01/13/2011,Janus Henderson Mlt-Ast AbsRet I Acc,0.989892559
01/14/2011,Janus Henderson Mlt-Ast AbsRet I Acc,0.990608834
01/15/2011,Janus Henderson Mlt-Ast AbsRet I Acc,0.990608834
01/16/2011,Janus Henderson Mlt-Ast AbsRet I Acc,0.990608834
01/17/2011,Janus Henderson Mlt-Ast AbsRet I Acc,0.989494628
01/18/2011,Janus Henderson Mlt-Ast AbsRet I Acc,0.989892559
01/19/2011,Janus Henderson Mlt-Ast AbsRet I Acc,0.990529248
01/20/2011,Janus Henderson Mlt-Ast AbsRet I Acc,0.992200557
01/21/2011,Janus Henderson Mlt-Ast AbsRet I Acc,0.990051731
01/22/2011,Janus Henderson Mlt-Ast AbsRet I Acc,0.990051731
01/23/2011,Janus Henderson Mlt-Ast AbsRet I Acc,0.990051731
01/24/2011,Janus Henderson Mlt-Ast AbsRet I Acc,0.989415042
01/25/2011,Janus Henderson Mlt-Ast AbsRet I Acc,0.989096697
01/26/2011,Janus Henderson Mlt-Ast AbsRet I Acc,0.990847593
01/27/2011,Janus Henderson Mlt-Ast AbsRet I Acc,0.990847593
01/28/2011,Janus Henderson Mlt-Ast AbsRet I Acc,0.99068842
01/29/2011,Janus Henderson Mlt-Ast AbsRet I Acc,0.99068842
01/30/2011,Janus Henderson Mlt-Ast AbsRet I Acc,0.99068842
01/31/2011,Janus Henderson Mlt-Ast AbsRet I Acc,0.991325109
02/01/2011,Janus Henderson Mlt-Ast AbsRet I Acc,0.989017111
02/02/2011,Janus Henderson Mlt-Ast AbsRet I Acc,0.988380422
02/03/2011,Janus Henderson Mlt-Ast AbsRet I Acc,0.990927179
02/04/2011,Janus Henderson Mlt-Ast AbsRet I Acc,0.991404696
02/05/2011,Janus Henderson Mlt-Ast AbsRet I Acc,0.991404696
02/06/2011,Janus Henderson Mlt-Ast AbsRet I Acc,0.991404696
02/07/2011,Janus Henderson Mlt-Ast AbsRet I Acc,0.992280143
02/08/2011,Janus Henderson Mlt-Ast AbsRet I Acc,0.993553522
02/09/2011,Janus Henderson Mlt-Ast AbsRet I Acc,0.994269797
02/10/2011,Janus Henderson Mlt-Ast AbsRet I Acc,0.995702348
02/11/2011,Janus Henderson Mlt-Ast AbsRet I Acc,0.994906486
02/12/2011,Janus Henderson Mlt-Ast AbsRet I Acc,0.994906486
02/13/2011,Janus Henderson Mlt-Ast AbsRet I Acc,0.994906486
02/14/2011,Janus Henderson Mlt-Ast AbsRet I Acc,0.9948269
02/15/2011,Janus Henderson Mlt-Ast AbsRet I Acc,0.996657382
02/16/2011,Janus Henderson Mlt-Ast AbsRet I Acc,0.996339037
02/17/2011,Janus Henderson Mlt-Ast AbsRet I Acc,0.998089932
02/18/2011,Janus Henderson Mlt-Ast AbsRet I Acc,0.998487863
02/19/2011,Janus Henderson Mlt-Ast AbsRet I Acc,0.998487863
02/20/2011,Janus Henderson Mlt-Ast AbsRet I Acc,0.998487863
02/21/2011,Janus Henderson Mlt-Ast AbsRet I Acc,0.997214485
02/22/2011,Janus Henderson Mlt-Ast AbsRet I Acc,0.998328691
02/23/2011,Janus Henderson Mlt-Ast AbsRet I Acc,0.997692002
02/24/2011,Janus Henderson Mlt-Ast AbsRet I Acc,0.997134899
02/25/2011,Janus Henderson Mlt-Ast AbsRet I Acc,0.996020692
02/26/2011,Janus Henderson Mlt-Ast AbsRet I Acc,0.996020692
02/27/2011,Janus Henderson Mlt-Ast AbsRet I Acc,0.996020692
02/28/2011,Janus Henderson Mlt-Ast AbsRet I Acc,0.99689614
03/01/2011,Janus Henderson Mlt-Ast AbsRet I Acc,0.996577795
03/02/2011,Janus Henderson Mlt-Ast AbsRet I Acc,0.997453243
03/03/2011,Janus Henderson Mlt-Ast AbsRet I Acc,0.997134899
03/04/2011,Janus Henderson Mlt-Ast AbsRet I Acc,0.998089932
03/05/2011,Janus Henderson Mlt-Ast AbsRet I Acc,0.998089932
03/06/2011,Janus Henderson Mlt-Ast AbsRet I Acc,0.998089932
03/07/2011,Janus Henderson Mlt-Ast AbsRet I Acc,1.000079586
03/08/2011,Janus Henderson Mlt-Ast AbsRet I Acc,0.999442897
03/09/2011,Janus Henderson Mlt-Ast AbsRet I Acc,0.998885794
03/10/2011,Janus Henderson Mlt-Ast AbsRet I Acc,0.999363311
03/11/2011,Janus Henderson Mlt-Ast AbsRet I Acc,0.998408277
03/12/2011,Janus Henderson Mlt-Ast AbsRet I Acc,0.998408277
03/13/2011,Janus Henderson Mlt-Ast AbsRet I Acc,0.998408277
03/14/2011,Janus Henderson Mlt-Ast AbsRet I Acc,0.997612415
03/15/2011,Janus Henderson Mlt-Ast AbsRet I Acc,0.99586152
03/16/2011,Janus Henderson Mlt-Ast AbsRet I Acc,0.992518902
03/17/2011,Janus Henderson Mlt-Ast AbsRet I Acc,0.991882212
03/18/2011,Janus Henderson Mlt-Ast AbsRet I Acc,0.991245523
03/19/2011,Janus Henderson Mlt-Ast AbsRet I Acc,0.991245523
03/20/2011,Janus Henderson Mlt-Ast AbsRet I Acc,0.991245523
03/21/2011,Janus Henderson Mlt-Ast AbsRet I Acc,0.991882212
03/22/2011,Janus Henderson Mlt-Ast AbsRet I Acc,0.993076005
03/23/2011,Janus Henderson Mlt-Ast AbsRet I Acc,0.994190211
03/24/2011,Janus Henderson Mlt-Ast AbsRet I Acc,0.994031039
03/25/2011,Janus Henderson Mlt-Ast AbsRet I Acc,0.993951452
03/26/2011,Janus Henderson Mlt-Ast AbsRet I Acc,0.993951452
03/27/2011,Janus Henderson Mlt-Ast AbsRet I Acc,0.993951452
03/28/2011,Janus Henderson Mlt-Ast AbsRet I Acc,0.995145245
03/29/2011,Janus Henderson Mlt-Ast AbsRet I Acc,0.99586152
03/30/2011,Janus Henderson Mlt-Ast AbsRet I Acc,0.997453243
03/31/2011,Janus Henderson Mlt-Ast AbsRet I Acc,0.998328691
04/01/2011,Janus Henderson Mlt-Ast AbsRet I Acc,0.999283725
04/02/2011,Janus Henderson Mlt-Ast AbsRet I Acc,0.999283725
04/03/2011,Janus Henderson Mlt-Ast AbsRet I Acc,0.999283725
04/04/2011,Janus Henderson Mlt-Ast AbsRet I Acc,0.999363311
04/05/2011,Janus Henderson Mlt-Ast AbsRet I Acc,1.000238758
04/06/2011,Janus Henderson Mlt-Ast AbsRet I Acc,1.00103462
04/07/2011,Janus Henderson Mlt-Ast AbsRet I Acc,1.002944688
04/08/2011,Janus Henderson Mlt-Ast AbsRet I Acc,1.003263032
04/09/2011,Janus Henderson Mlt-Ast AbsRet I Acc,1.003263032
04/10/2011,Janus Henderson Mlt-Ast AbsRet I Acc,1.003263032
04/11/2011,Janus Henderson Mlt-Ast AbsRet I Acc,1.003899721
04/12/2011,Janus Henderson Mlt-Ast AbsRet I Acc,1.003501791
04/13/2011,Janus Henderson Mlt-Ast AbsRet I Acc,1.00310386
04/14/2011,Janus Henderson Mlt-Ast AbsRet I Acc,1.002944688
04/15/2011,Janus Henderson Mlt-Ast AbsRet I Acc,1.002865101
04/16/2011,Janus Henderson Mlt-Ast AbsRet I Acc,1.002865101
04/17/2011,Janus Henderson Mlt-Ast AbsRet I Acc,1.002865101
04/18/2011,Janus Henderson Mlt-Ast AbsRet I Acc,1.002785515
04/19/2011,Janus Henderson Mlt-Ast AbsRet I Acc,1.002785515
04/20/2011,Janus Henderson Mlt-Ast AbsRet I Acc,1.002705929
04/21/2011,Janus Henderson Mlt-Ast AbsRet I Acc,1.003899721
04/22/2011,Janus Henderson Mlt-Ast AbsRet I Acc,1.003899721
04/23/2011,Janus Henderson Mlt-Ast AbsRet I Acc,1.003899721
04/24/2011,Janus Henderson Mlt-Ast AbsRet I Acc,1.003899721
04/25/2011,Janus Henderson Mlt-Ast AbsRet I Acc,1.003899721
04/26/2011,Janus Henderson Mlt-Ast AbsRet I Acc,1.004536411
04/27/2011,Janus Henderson Mlt-Ast AbsRet I Acc,1.004854755
04/28/2011,Janus Henderson Mlt-Ast AbsRet I Acc,1.007162754
04/29/2011,Janus Henderson Mlt-Ast AbsRet I Acc,1.007162754
04/30/2011,Janus Henderson Mlt-Ast AbsRet I Acc,1.007162754
05/01/2011,Janus Henderson Mlt-Ast AbsRet I Acc,1.007162754
05/02/2011,Janus Henderson Mlt-Ast AbsRet I Acc,1.007162754
05/03/2011,Janus Henderson Mlt-Ast AbsRet I Acc,1.007958615
05/04/2011,Janus Henderson Mlt-Ast AbsRet I Acc,1.008674891
05/05/2011,Janus Henderson Mlt-Ast AbsRet I Acc,1.009629924
05/06/2011,Janus Henderson Mlt-Ast AbsRet I Acc,1.008117788
05/07/2011,Janus Henderson Mlt-Ast AbsRet I Acc,1.008117788
05/08/2011,Janus Henderson Mlt-Ast AbsRet I Acc,1.008117788
05/09/2011,Janus Henderson Mlt-Ast AbsRet I Acc,1.008515718
05/10/2011,Janus Henderson Mlt-Ast AbsRet I Acc,1.009629924
05/11/2011,Janus Henderson Mlt-Ast AbsRet I Acc,1.010266614
05/12/2011,Janus Henderson Mlt-Ast AbsRet I Acc,1.009152407
05/13/2011,Janus Henderson Mlt-Ast AbsRet I Acc,1.008674891
05/14/2011,Janus Henderson Mlt-Ast AbsRet I Acc,1.008674891
05/15/2011,Janus Henderson Mlt-Ast AbsRet I Acc,1.008674891
05/16/2011,Janus Henderson Mlt-Ast AbsRet I Acc,1.008754477
05/17/2011,Janus Henderson Mlt-Ast AbsRet I Acc,1.007003581
05/18/2011,Janus Henderson Mlt-Ast AbsRet I Acc,1.007162754
05/19/2011,Janus Henderson Mlt-Ast AbsRet I Acc,1.007879029
05/20/2011,Janus Henderson Mlt-Ast AbsRet I Acc,1.009152407
05/21/2011,Janus Henderson Mlt-Ast AbsRet I Acc,1.009152407
05/22/2011,Janus Henderson Mlt-Ast AbsRet I Acc,1.009152407
05/23/2011,Janus Henderson Mlt-Ast AbsRet I Acc,1.009948269
05/24/2011,Janus Henderson Mlt-Ast AbsRet I Acc,1.008038201
05/25/2011,Janus Henderson Mlt-Ast AbsRet I Acc,1.007162754
05/26/2011,Janus Henderson Mlt-Ast AbsRet I Acc,1.006685237
05/27/2011,Janus Henderson Mlt-Ast AbsRet I Acc,1.006844409
05/28/2011,Janus Henderson Mlt-Ast AbsRet I Acc,1.006844409
05/29/2011,Janus Henderson Mlt-Ast AbsRet I Acc,1.006844409
05/30/2011,Janus Henderson Mlt-Ast AbsRet I Acc,1.006844409
05/31/2011,Janus Henderson Mlt-Ast AbsRet I Acc,1.007640271
06/01/2011,Janus Henderson Mlt-Ast AbsRet I Acc,1.007799443
06/02/2011,Janus Henderson Mlt-Ast AbsRet I Acc,1.009868683
06/03/2011,Janus Henderson Mlt-Ast AbsRet I Acc,1.008436132
06/04/2011,Janus Henderson Mlt-Ast AbsRet I Acc,1.008436132
06/05/2011,Janus Henderson Mlt-Ast AbsRet I Acc,1.008436132
06/06/2011,Janus Henderson Mlt-Ast AbsRet I Acc,1.007799443
06/07/2011,Janus Henderson Mlt-Ast AbsRet I Acc,1.007560684
06/08/2011,Janus Henderson Mlt-Ast AbsRet I Acc,1.006605651
06/09/2011,Janus Henderson Mlt-Ast AbsRet I Acc,1.005013928
06/10/2011,Janus Henderson Mlt-Ast AbsRet I Acc,1.004377238
06/11/2011,Janus Henderson Mlt-Ast AbsRet I Acc,1.004377238
06/12/2011,Janus Henderson Mlt-Ast AbsRet I Acc,1.004377238
06/13/2011,Janus Henderson Mlt-Ast AbsRet I Acc,1.00413848
06/14/2011,Janus Henderson Mlt-Ast AbsRet I Acc,1.002865101
06/15/2011,Janus Henderson Mlt-Ast AbsRet I Acc,1.003342618
06/16/2011,Janus Henderson Mlt-Ast AbsRet I Acc,1.003342618
06/17/2011,Janus Henderson Mlt-Ast AbsRet I Acc,1.000636689
06/18/2011,Janus Henderson Mlt-Ast AbsRet I Acc,1.000636689
06/19/2011,Janus Henderson Mlt-Ast AbsRet I Acc,1.000636689
06/20/2011,Janus Henderson Mlt-Ast AbsRet I Acc,1.000636689
06/21/2011,Janus Henderson Mlt-Ast AbsRet I Acc,1
06/22/2011,Janus Henderson Mlt-Ast AbsRet I Acc,1.001273378
06/23/2011,Janus Henderson Mlt-Ast AbsRet I Acc,1.00310386
06/24/2011,Janus Henderson Mlt-Ast AbsRet I Acc,1.001830481
06/25/2011,Janus Henderson Mlt-Ast AbsRet I Acc,1.001830481
06/26/2011,Janus Henderson Mlt-Ast AbsRet I Acc,1.001830481
06/27/2011,Janus Henderson Mlt-Ast AbsRet I Acc,1.001114206
06/28/2011,Janus Henderson Mlt-Ast AbsRet I Acc,1
06/29/2011,Janus Henderson Mlt-Ast AbsRet I Acc,1
06/30/2011,Janus Henderson Mlt-Ast AbsRet I Acc,1.00206924
07/01/2011,Janus Henderson Mlt-Ast AbsRet I Acc,1.003501791
07/02/2011,Janus Henderson Mlt-Ast AbsRet I Acc,1.003501791
07/03/2011,Janus Henderson Mlt-Ast AbsRet I Acc,1.003501791
07/04/2011,Janus Henderson Mlt-Ast AbsRet I Acc,1.003740549
07/05/2011,Janus Henderson Mlt-Ast AbsRet I Acc,1.005571031
07/06/2011,Janus Henderson Mlt-Ast AbsRet I Acc,1.006287306
07/07/2011,Janus Henderson Mlt-Ast AbsRet I Acc,1.005252686
07/08/2011,Janus Henderson Mlt-Ast AbsRet I Acc,1.005252686
07/09/2011,Janus Henderson Mlt-Ast AbsRet I Acc,1.005252686
07/10/2011,Janus Henderson Mlt-Ast AbsRet I Acc,1.005252686
07/11/2011,Janus Henderson Mlt-Ast AbsRet I Acc,1.007560684
07/12/2011,Janus Henderson Mlt-Ast AbsRet I Acc,1.006764823
07/13/2011,Janus Henderson Mlt-Ast AbsRet I Acc,1.004297652
07/14/2011,Janus Henderson Mlt-Ast AbsRet I Acc,1.005252686
07/15/2011,Janus Henderson Mlt-Ast AbsRet I Acc,1.005252686
07/16/2011,Janus Henderson Mlt-Ast AbsRet I Acc,1.005252686
07/17/2011,Janus Henderson Mlt-Ast AbsRet I Acc,1.005252686
07/18/2011,Janus Henderson Mlt-Ast AbsRet I Acc,1.004536411
07/19/2011,Janus Henderson Mlt-Ast AbsRet I Acc,1.004615997
07/20/2011,Janus Henderson Mlt-Ast AbsRet I Acc,1.003899721
07/21/2011,Janus Henderson Mlt-Ast AbsRet I Acc,1.004775169
07/22/2011,Janus Henderson Mlt-Ast AbsRet I Acc,1.004934341
07/23/2011,Janus Henderson Mlt-Ast AbsRet I Acc,1.004934341
07/24/2011,Janus Henderson Mlt-Ast AbsRet I Acc,1.004934341
07/25/2011,Janus Henderson Mlt-Ast AbsRet I Acc,1.007560684
07/26/2011,Janus Henderson Mlt-Ast AbsRet I Acc,1.007003581
07/27/2011,Janus Henderson Mlt-Ast AbsRet I Acc,1.006685237
07/28/2011,Janus Henderson Mlt-Ast AbsRet I Acc,1.006366892
07/29/2011,Janus Henderson Mlt-Ast AbsRet I Acc,1.004615997
07/30/2011,Janus Henderson Mlt-Ast AbsRet I Acc,1.004615997
07/31/2011,Janus Henderson Mlt-Ast AbsRet I Acc,1.004615997
08/01/2011,Janus Henderson Mlt-Ast AbsRet I Acc,1.003899721
08/02/2011,Janus Henderson Mlt-Ast AbsRet I Acc,1.004775169
08/03/2011,Janus Henderson Mlt-Ast AbsRet I Acc,1.003501791
08/04/2011,Janus Henderson Mlt-Ast AbsRet I Acc,1.000397931
08/05/2011,Janus Henderson Mlt-Ast AbsRet I Acc,0.997453243
08/06/2011,Janus Henderson Mlt-Ast AbsRet I Acc,0.997453243
08/07/2011,Janus Henderson Mlt-Ast AbsRet I Acc,0.997453243
08/08/2011,Janus Henderson Mlt-Ast AbsRet I Acc,0.990847593
08/09/2011,Janus Henderson Mlt-Ast AbsRet I Acc,0.987743733
08/10/2011,Janus Henderson Mlt-Ast AbsRet I Acc,0.982570633
08/11/2011,Janus Henderson Mlt-Ast AbsRet I Acc,0.983684839
08/12/2011,Janus Henderson Mlt-Ast AbsRet I Acc,0.979705531
08/13/2011,Janus Henderson Mlt-Ast AbsRet I Acc,0.979705531
08/14/2011,Janus Henderson Mlt-Ast AbsRet I Acc,0.979705531
08/15/2011,Janus Henderson Mlt-Ast AbsRet I Acc,0.981774771
08/16/2011,Janus Henderson Mlt-Ast AbsRet I Acc,0.984560287
08/17/2011,Janus Henderson Mlt-Ast AbsRet I Acc,0.986311182
08/18/2011,Janus Henderson Mlt-Ast AbsRet I Acc,0.986788699
08/19/2011,Janus Henderson Mlt-Ast AbsRet I Acc,0.98718663
08/20/2011,Janus Henderson Mlt-Ast AbsRet I Acc,0.98718663
08/21/2011,Janus Henderson Mlt-Ast AbsRet I Acc,0.98718663
08/22/2011,Janus Henderson Mlt-Ast AbsRet I Acc,0.982888977
08/23/2011,Janus Henderson Mlt-Ast AbsRet I Acc,0.982570633
08/24/2011,Janus Henderson Mlt-Ast AbsRet I Acc,0.982570633
08/25/2011,Janus Henderson Mlt-Ast AbsRet I Acc,0.980103462
08/26/2011,Janus Henderson Mlt-Ast AbsRet I Acc,0.98201353
08/27/2011,Janus Henderson Mlt-Ast AbsRet I Acc,0.98201353
08/28/2011,Janus Henderson Mlt-Ast AbsRet I Acc,0.98201353
08/29/2011,Janus Henderson Mlt-Ast AbsRet I Acc,0.98201353
08/30/2011,Janus Henderson Mlt-Ast AbsRet I Acc,0.981456427
08/31/2011,Janus Henderson Mlt-Ast AbsRet I Acc,0.984241942
09/01/2011,Janus Henderson Mlt-Ast AbsRet I Acc,0.987107043
09/02/2011,Janus Henderson Mlt-Ast AbsRet I Acc,0.988857939
09/03/2011,Janus Henderson Mlt-Ast AbsRet I Acc,0.988857939
09/04/2011,Janus Henderson Mlt-Ast AbsRet I Acc,0.988857939
09/05/2011,Janus Henderson Mlt-Ast AbsRet I Acc,0.989255869
09/06/2011,Janus Henderson Mlt-Ast AbsRet I Acc,0.988300836
09/07/2011,Janus Henderson Mlt-Ast AbsRet I Acc,0.987504974
09/08/2011,Janus Henderson Mlt-Ast AbsRet I Acc,0.986470354
09/09/2011,Janus Henderson Mlt-Ast AbsRet I Acc,0.987982491
09/10/2011,Janus Henderson Mlt-Ast AbsRet I Acc,0.987982491
09/11/2011,Janus Henderson Mlt-Ast AbsRet I Acc,0.987982491
09/12/2011,Janus Henderson Mlt-Ast AbsRet I Acc,0.987823319
09/13/2011,Janus Henderson Mlt-Ast AbsRet I Acc,0.985594906
09/14/2011,Janus Henderson Mlt-Ast AbsRet I Acc,0.986470354
09/15/2011,Janus Henderson Mlt-Ast AbsRet I Acc,0.984401114
09/16/2011,Janus Henderson Mlt-Ast AbsRet I Acc,0.984719459
09/17/2011,Janus Henderson Mlt-Ast AbsRet I Acc,0.984719459
09/18/2011,Janus Henderson Mlt-Ast AbsRet I Acc,0.984719459
09/19/2011,Janus Henderson Mlt-Ast AbsRet I Acc,0.98654994
09/20/2011,Janus Henderson Mlt-Ast AbsRet I Acc,0.986788699
09/21/2011,Janus Henderson Mlt-Ast AbsRet I Acc,0.986072423
09/22/2011,Janus Henderson Mlt-Ast AbsRet I Acc,0.985674493
09/23/2011,Janus Henderson Mlt-Ast AbsRet I Acc,0.982888977
09/24/2011,Janus Henderson Mlt-Ast AbsRet I Acc,0.982888977
09/25/2011,Janus Henderson Mlt-Ast AbsRet I Acc,0.982888977
09/26/2011,Janus Henderson Mlt-Ast AbsRet I Acc,0.980899324
09/27/2011,Janus Henderson Mlt-Ast AbsRet I Acc,0.981138082
09/28/2011,Janus Henderson Mlt-Ast AbsRet I Acc,0.981536013
09/29/2011,Janus Henderson Mlt-Ast AbsRet I Acc,0.979546359
09/30/2011,Janus Henderson Mlt-Ast AbsRet I Acc,0.978750497
10/01/2011,Janus Henderson Mlt-Ast AbsRet I Acc,0.978750497
10/02/2011,Janus Henderson Mlt-Ast AbsRet I Acc,0.978750497
10/03/2011,Janus Henderson Mlt-Ast AbsRet I Acc,0.978989256
10/04/2011,Janus Henderson Mlt-Ast AbsRet I Acc,0.978193394
10/05/2011,Janus Henderson Mlt-Ast AbsRet I Acc,0.975964982
10/06/2011,Janus Henderson Mlt-Ast AbsRet I Acc,0.974850776
10/07/2011,Janus Henderson Mlt-Ast AbsRet I Acc,0.976601671
10/08/2011,Janus Henderson Mlt-Ast AbsRet I Acc,0.976601671
10/09/2011,Janus Henderson Mlt-Ast AbsRet I Acc,0.976601671
10/10/2011,Janus Henderson Mlt-Ast AbsRet I Acc,0.977954636
10/11/2011,Janus Henderson Mlt-Ast AbsRet I Acc,0.975885396
10/12/2011,Janus Henderson Mlt-Ast AbsRet I Acc,0.975567051
10/13/2011,Janus Henderson Mlt-Ast AbsRet I Acc,0.976203741
10/14/2011,Janus Henderson Mlt-Ast AbsRet I Acc,0.977317947
10/15/2011,Janus Henderson Mlt-Ast AbsRet I Acc,0.977317947
10/16/2011,Janus Henderson Mlt-Ast AbsRet I Acc,0.977317947
10/17/2011,Janus Henderson Mlt-Ast AbsRet I Acc,0.978034222
10/18/2011,Janus Henderson Mlt-Ast AbsRet I Acc,0.978670911
10/19/2011,Janus Henderson Mlt-Ast AbsRet I Acc,0.977397533
10/20/2011,Janus Henderson Mlt-Ast AbsRet I Acc,0.978591325
10/21/2011,Janus Henderson Mlt-Ast AbsRet I Acc,0.978113808
10/22/2011,Janus Henderson Mlt-Ast AbsRet I Acc,0.978113808
10/23/2011,Janus Henderson Mlt-Ast AbsRet I Acc,0.978113808
10/24/2011,Janus Henderson Mlt-Ast AbsRet I Acc,0.978989256
10/25/2011,Janus Henderson Mlt-Ast AbsRet I Acc,0.980421807
10/26/2011,Janus Henderson Mlt-Ast AbsRet I Acc,0.982331874
10/27/2011,Janus Henderson Mlt-Ast AbsRet I Acc,0.982809391
10/28/2011,Janus Henderson Mlt-Ast AbsRet I Acc,0.984799045
10/29/2011,Janus Henderson Mlt-Ast AbsRet I Acc,0.984799045
10/30/2011,Janus Henderson Mlt-Ast AbsRet I Acc,0.984799045
10/31/2011,Janus Henderson Mlt-Ast AbsRet I Acc,0.987902905
11/01/2011,Janus Henderson Mlt-Ast AbsRet I Acc,0.988062077
11/02/2011,Janus Henderson Mlt-Ast AbsRet I Acc,0.985992837
11/03/2011,Janus Henderson Mlt-Ast AbsRet I Acc,0.98201353
11/04/2011,Janus Henderson Mlt-Ast AbsRet I Acc,0.983923597
11/05/2011,Janus Henderson Mlt-Ast AbsRet I Acc,0.983923597
11/06/2011,Janus Henderson Mlt-Ast AbsRet I Acc,0.983923597
11/07/2011,Janus Henderson Mlt-Ast AbsRet I Acc,0.984639873
11/08/2011,Janus Henderson Mlt-Ast AbsRet I Acc,0.984241942
11/09/2011,Janus Henderson Mlt-Ast AbsRet I Acc,0.9844807
11/10/2011,Janus Henderson Mlt-Ast AbsRet I Acc,0.984878631
11/11/2011,Janus Henderson Mlt-Ast AbsRet I Acc,0.982968563
11/12/2011,Janus Henderson Mlt-Ast AbsRet I Acc,0.982968563
11/13/2011,Janus Henderson Mlt-Ast AbsRet I Acc,0.982968563
11/14/2011,Janus Henderson Mlt-Ast AbsRet I Acc,0.984639873
11/15/2011,Janus Henderson Mlt-Ast AbsRet I Acc,0.986311182
11/16/2011,Janus Henderson Mlt-Ast AbsRet I Acc,0.986072423
11/17/2011,Janus Henderson Mlt-Ast AbsRet I Acc,0.986868285
11/18/2011,Janus Henderson Mlt-Ast AbsRet I Acc,0.984241942
11/19/2011,Janus Henderson Mlt-Ast AbsRet I Acc,0.984241942
11/20/2011,Janus Henderson Mlt-Ast AbsRet I Acc,0.984241942
11/21/2011,Janus Henderson Mlt-Ast AbsRet I Acc,0.983207322
11/22/2011,Janus Henderson Mlt-Ast AbsRet I Acc,0.98304815
11/23/2011,Janus Henderson Mlt-Ast AbsRet I Acc,0.98137684
11/24/2011,Janus Henderson Mlt-Ast AbsRet I Acc,0.980262634
11/25/2011,Janus Henderson Mlt-Ast AbsRet I Acc,0.979228014
11/26/2011,Janus Henderson Mlt-Ast AbsRet I Acc,0.979228014
11/27/2011,Janus Henderson Mlt-Ast AbsRet I Acc,0.979228014
11/28/2011,Janus Henderson Mlt-Ast AbsRet I Acc,0.978432153
11/29/2011,Janus Henderson Mlt-Ast AbsRet I Acc,0.979466773
11/30/2011,Janus Henderson Mlt-Ast AbsRet I Acc,0.982172702
12/01/2011,Janus Henderson Mlt-Ast AbsRet I Acc,0.981695185
12/02/2011,Janus Henderson Mlt-Ast AbsRet I Acc,0.984958217
12/03/2011,Janus Henderson Mlt-Ast AbsRet I Acc,0.984958217
12/04/2011,Janus Henderson Mlt-Ast AbsRet I Acc,0.984958217
12/05/2011,Janus Henderson Mlt-Ast AbsRet I Acc,0.985674493
12/06/2011,Janus Henderson Mlt-Ast AbsRet I Acc,0.985992837
12/07/2011,Janus Henderson Mlt-Ast AbsRet I Acc,0.986629526
12/08/2011,Janus Henderson Mlt-Ast AbsRet I Acc,0.98718663
12/09/2011,Janus Henderson Mlt-Ast AbsRet I Acc,0.985913251
12/10/2011,Janus Henderson Mlt-Ast AbsRet I Acc,0.985913251
12/11/2011,Janus Henderson Mlt-Ast AbsRet I Acc,0.985913251
12/12/2011,Janus Henderson Mlt-Ast AbsRet I Acc,0.983764425
12/13/2011,Janus Henderson Mlt-Ast AbsRet I Acc,0.984560287
12/14/2011,Janus Henderson Mlt-Ast AbsRet I Acc,0.982650219
12/15/2011,Janus Henderson Mlt-Ast AbsRet I Acc,0.981854357
12/16/2011,Janus Henderson Mlt-Ast AbsRet I Acc,0.98097891
12/17/2011,Janus Henderson Mlt-Ast AbsRet I Acc,0.98097891
12/18/2011,Janus Henderson Mlt-Ast AbsRet I Acc,0.98097891
12/19/2011,Janus Henderson Mlt-Ast AbsRet I Acc,0.981456427
12/20/2011,Janus Henderson Mlt-Ast AbsRet I Acc,0.980580979
12/21/2011,Janus Henderson Mlt-Ast AbsRet I Acc,0.980501393
12/22/2011,Janus Henderson Mlt-Ast AbsRet I Acc,0.980183048
12/23/2011,Janus Henderson Mlt-Ast AbsRet I Acc,0.980421807
12/24/2011,Janus Henderson Mlt-Ast AbsRet I Acc,0.980421807
12/25/2011,Janus Henderson Mlt-Ast AbsRet I Acc,0.980421807
12/26/2011,Janus Henderson Mlt-Ast AbsRet I Acc,0.980421807
12/27/2011,Janus Henderson Mlt-Ast AbsRet I Acc,0.980421807
12/28/2011,Janus Henderson Mlt-Ast AbsRet I Acc,0.981058496
12/29/2011,Janus Henderson Mlt-Ast AbsRet I Acc,0.982093116
12/30/2011,Janus Henderson Mlt-Ast AbsRet I Acc,0.98344608
12/31/2011,Janus Henderson Mlt-Ast AbsRet I Acc,0.98344608
01/01/2012,Janus Henderson Mlt-Ast AbsRet I Acc,0.98344608
01/02/2012,Janus Henderson Mlt-Ast AbsRet I Acc,0.98344608
01/03/2012,Janus Henderson Mlt-Ast AbsRet I Acc,0.984958217
01/04/2012,Janus Henderson Mlt-Ast AbsRet I Acc,0.986072423
01/05/2012,Janus Henderson Mlt-Ast AbsRet I Acc,0.987425388
01/06/2012,Janus Henderson Mlt-Ast AbsRet I Acc,0.987425388
01/07/2012,Janus Henderson Mlt-Ast AbsRet I Acc,0.987425388
01/08/2012,Janus Henderson Mlt-Ast AbsRet I Acc,0.987425388
01/09/2012,Janus Henderson Mlt-Ast AbsRet I Acc,0.988698766
01/10/2012,Janus Henderson Mlt-Ast AbsRet I Acc,0.989494628
01/11/2012,Janus Henderson Mlt-Ast AbsRet I Acc,0.990768006
01/12/2012,Janus Henderson Mlt-Ast AbsRet I Acc,0.992598488
01/13/2012,Janus Henderson Mlt-Ast AbsRet I Acc,0.993155591
01/14/2012,Janus Henderson Mlt-Ast AbsRet I Acc,0.993155591
01/15/2012,Janus Henderson Mlt-Ast AbsRet I Acc,0.993155591
01/16/2012,Janus Henderson Mlt-Ast AbsRet I Acc,0.994190211
01/17/2012,Janus Henderson Mlt-Ast AbsRet I Acc,0.993951452
01/18/2012,Janus Henderson Mlt-Ast AbsRet I Acc,0.9948269
01/19/2012,Janus Henderson Mlt-Ast AbsRet I Acc,0.995781934
01/20/2012,Janus Henderson Mlt-Ast AbsRet I Acc,0.995065659
01/21/2012,Janus Henderson Mlt-Ast AbsRet I Acc,0.995065659
01/22/2012,Janus Henderson Mlt-Ast AbsRet I Acc,0.995065659
01/23/2012,Janus Henderson Mlt-Ast AbsRet I Acc,0.995304417
01/24/2012,Janus Henderson Mlt-Ast AbsRet I Acc,0.994986072
01/25/2012,Janus Henderson Mlt-Ast AbsRet I Acc,0.994508556
01/26/2012,Janus Henderson Mlt-Ast AbsRet I Acc,0.994906486
01/27/2012,Janus Henderson Mlt-Ast AbsRet I Acc,0.995384003
01/28/2012,Janus Henderson Mlt-Ast AbsRet I Acc,0.995384003
01/29/2012,Janus Henderson Mlt-Ast AbsRet I Acc,0.995384003
01/30/2012,Janus Henderson Mlt-Ast AbsRet I Acc,0.996179865
01/31/2012,Janus Henderson Mlt-Ast AbsRet I Acc,0.995543175
02/01/2012,Janus Henderson Mlt-Ast AbsRet I Acc,0.994747314
02/02/2012,Janus Henderson Mlt-Ast AbsRet I Acc,0.996259451
02/03/2012,Janus Henderson Mlt-Ast AbsRet I Acc,0.997692002
02/04/2012,Janus Henderson Mlt-Ast AbsRet I Acc,0.997692002
02/05/2012,Janus Henderson Mlt-Ast AbsRet I Acc,0.997692002
02/06/2012,Janus Henderson Mlt-Ast AbsRet I Acc,0.998487863
02/07/2012,Janus Henderson Mlt-Ast AbsRet I Acc,0.999681655
02/08/2012,Janus Henderson Mlt-Ast AbsRet I Acc,1.000636689
02/09/2012,Janus Henderson Mlt-Ast AbsRet I Acc,1.002467171
02/10/2012,Janus Henderson Mlt-Ast AbsRet I Acc,1.003581377
02/11/2012,Janus Henderson Mlt-Ast AbsRet I Acc,1.003581377
02/12/2012,Janus Henderson Mlt-Ast AbsRet I Acc,1.003581377
02/13/2012,Janus Henderson Mlt-Ast AbsRet I Acc,1.003501791
02/14/2012,Janus Henderson Mlt-Ast AbsRet I Acc,1.003183446
02/15/2012,Janus Henderson Mlt-Ast AbsRet I Acc,1.004615997
02/16/2012,Janus Henderson Mlt-Ast AbsRet I Acc,1.006048548
02/17/2012,Janus Henderson Mlt-Ast AbsRet I Acc,1.004854755
02/18/2012,Janus Henderson Mlt-Ast AbsRet I Acc,1.004854755
02/19/2012,Janus Henderson Mlt-Ast AbsRet I Acc,1.004854755
02/20/2012,Janus Henderson Mlt-Ast AbsRet I Acc,1.005093514
02/21/2012,Janus Henderson Mlt-Ast AbsRet I Acc,1.006526064
02/22/2012,Janus Henderson Mlt-Ast AbsRet I Acc,1.008197374
02/23/2012,Janus Henderson Mlt-Ast AbsRet I Acc,1.008993235
02/24/2012,Janus Henderson Mlt-Ast AbsRet I Acc,1.008038201
02/25/2012,Janus Henderson Mlt-Ast AbsRet I Acc,1.008038201
02/26/2012,Janus Henderson Mlt-Ast AbsRet I Acc,1.008038201
02/27/2012,Janus Henderson Mlt-Ast AbsRet I Acc,1.007640271
02/28/2012,Janus Henderson Mlt-Ast AbsRet I Acc,1.007560684
02/29/2012,Janus Henderson Mlt-Ast AbsRet I Acc,1.006923995
03/01/2012,Janus Henderson Mlt-Ast AbsRet I Acc,1.006526064
03/02/2012,Janus Henderson Mlt-Ast AbsRet I Acc,1.007321926
03/03/2012,Janus Henderson Mlt-Ast AbsRet I Acc,1.007321926
03/04/2012,Janus Henderson Mlt-Ast AbsRet I Acc,1.007321926
03/05/2012,Janus Henderson Mlt-Ast AbsRet I Acc,1.008595304
03/06/2012,Janus Henderson Mlt-Ast AbsRet I Acc,1.008913649
03/07/2012,Janus Henderson Mlt-Ast AbsRet I Acc,1.007560684
03/08/2012,Janus Henderson Mlt-Ast AbsRet I Acc,1.004934341
03/09/2012,Janus Henderson Mlt-Ast AbsRet I Acc,1.006048548
03/10/2012,Janus Henderson Mlt-Ast AbsRet I Acc,1.006048548
03/11/2012,Janus Henderson Mlt-Ast AbsRet I Acc,1.006048548
03/12/2012,Janus Henderson Mlt-Ast AbsRet I Acc,1.008834063
03/13/2012,Janus Henderson Mlt-Ast AbsRet I Acc,1.010107441
03/14/2012,Janus Henderson Mlt-Ast AbsRet I Acc,1.009470752
03/15/2012,Janus Henderson Mlt-Ast AbsRet I Acc,1.011301234
03/16/2012,Janus Henderson Mlt-Ast AbsRet I Acc,1.010584958
03/17/2012,Janus Henderson Mlt-Ast AbsRet I Acc,1.010584958
03/18/2012,Janus Henderson Mlt-Ast AbsRet I Acc,1.010584958
03/19/2012,Janus Henderson Mlt-Ast AbsRet I Acc,1.009868683
03/20/2012,Janus Henderson Mlt-Ast AbsRet I Acc,1.009709511
03/21/2012,Janus Henderson Mlt-Ast AbsRet I Acc,1.008117788
03/22/2012,Janus Henderson Mlt-Ast AbsRet I Acc,1.006923995
03/23/2012,Janus Henderson Mlt-Ast AbsRet I Acc,1.006128134
03/24/2012,Janus Henderson Mlt-Ast AbsRet I Acc,1.006128134
03/25/2012,Janus Henderson Mlt-Ast AbsRet I Acc,1.006128134
03/26/2012,Janus Henderson Mlt-Ast AbsRet I Acc,1.004218066
03/27/2012,Janus Henderson Mlt-Ast AbsRet I Acc,1.004297652
03/28/2012,Janus Henderson Mlt-Ast AbsRet I Acc,1.005571031
03/29/2012,Janus Henderson Mlt-Ast AbsRet I Acc,1.004615997
03/30/2012,Janus Henderson Mlt-Ast AbsRet I Acc,1.002944688
03/31/2012,Janus Henderson Mlt-Ast AbsRet I Acc,1.002944688
04/01/2012,Janus Henderson Mlt-Ast AbsRet I Acc,1.002944688
04/02/2012,Janus Henderson Mlt-Ast AbsRet I Acc,1.000716275
04/03/2012,Janus Henderson Mlt-Ast AbsRet I Acc,1.001273378
04/04/2012,Janus Henderson Mlt-Ast AbsRet I Acc,1.002148826
04/05/2012,Janus Henderson Mlt-Ast AbsRet I Acc,1.001352965
04/06/2012,Janus Henderson Mlt-Ast AbsRet I Acc,1.001352965
04/07/2012,Janus Henderson Mlt-Ast AbsRet I Acc,1.001352965
04/08/2012,Janus Henderson Mlt-Ast AbsRet I Acc,1.001352965
04/09/2012,Janus Henderson Mlt-Ast AbsRet I Acc,1.001352965
04/10/2012,Janus Henderson Mlt-Ast AbsRet I Acc,1.000636689
04/11/2012,Janus Henderson Mlt-Ast AbsRet I Acc,0.998408277
04/12/2012,Janus Henderson Mlt-Ast AbsRet I Acc,0.995941106
04/13/2012,Janus Henderson Mlt-Ast AbsRet I Acc,0.996100279
04/14/2012,Janus Henderson Mlt-Ast AbsRet I Acc,0.996100279
04/15/2012,Janus Henderson Mlt-Ast AbsRet I Acc,0.996100279
04/16/2012,Janus Henderson Mlt-Ast AbsRet I Acc,0.998328691
04/17/2012,Janus Henderson Mlt-Ast AbsRet I Acc,0.996975726
04/18/2012,Janus Henderson Mlt-Ast AbsRet I Acc,0.996339037
04/19/2012,Janus Henderson Mlt-Ast AbsRet I Acc,0.996975726
04/20/2012,Janus Henderson Mlt-Ast AbsRet I Acc,0.996498209
04/21/2012,Janus Henderson Mlt-Ast AbsRet I Acc,0.996498209
04/22/2012,Janus Henderson Mlt-Ast AbsRet I Acc,0.996498209
04/23/2012,Janus Henderson Mlt-Ast AbsRet I Acc,0.995702348
04/24/2012,Janus Henderson Mlt-Ast AbsRet I Acc,0.994190211
04/25/2012,Janus Henderson Mlt-Ast AbsRet I Acc,0.993712694
04/26/2012,Janus Henderson Mlt-Ast AbsRet I Acc,0.9948269
04/27/2012,Janus Henderson Mlt-Ast AbsRet I Acc,0.995463589
04/28/2012,Janus Henderson Mlt-Ast AbsRet I Acc,0.995463589
04/29/2012,Janus Henderson Mlt-Ast AbsRet I Acc,0.995463589
04/30/2012,Janus Henderson Mlt-Ast AbsRet I Acc,0.996100279
05/01/2012,Janus Henderson Mlt-Ast AbsRet I Acc,0.996975726
05/02/2012,Janus Henderson Mlt-Ast AbsRet I Acc,0.997214485
05/03/2012,Janus Henderson Mlt-Ast AbsRet I Acc,0.996975726
05/04/2012,Janus Henderson Mlt-Ast AbsRet I Acc,0.996179865
05/05/2012,Janus Henderson Mlt-Ast AbsRet I Acc,0.996179865
05/06/2012,Janus Henderson Mlt-Ast AbsRet I Acc,0.996179865
05/07/2012,Janus Henderson Mlt-Ast AbsRet I Acc,0.996179865
05/08/2012,Janus Henderson Mlt-Ast AbsRet I Acc,0.995065659
05/09/2012,Janus Henderson Mlt-Ast AbsRet I Acc,0.993712694
05/10/2012,Janus Henderson Mlt-Ast AbsRet I Acc,0.992200557
05/11/2012,Janus Henderson Mlt-Ast AbsRet I Acc,0.991165937
05/12/2012,Janus Henderson Mlt-Ast AbsRet I Acc,0.991165937
05/13/2012,Janus Henderson Mlt-Ast AbsRet I Acc,0.991165937
05/14/2012,Janus Henderson Mlt-Ast AbsRet I Acc,0.991006765
05/15/2012,Janus Henderson Mlt-Ast AbsRet I Acc,0.991325109
05/16/2012,Janus Henderson Mlt-Ast AbsRet I Acc,0.990529248
05/17/2012,Janus Henderson Mlt-Ast AbsRet I Acc,0.990210903
05/18/2012,Janus Henderson Mlt-Ast AbsRet I Acc,0.990290489
05/19/2012,Janus Henderson Mlt-Ast AbsRet I Acc,0.990290489
05/20/2012,Janus Henderson Mlt-Ast AbsRet I Acc,0.990290489
05/21/2012,Janus Henderson Mlt-Ast AbsRet I Acc,0.988380422
05/22/2012,Janus Henderson Mlt-Ast AbsRet I Acc,0.987107043
05/23/2012,Janus Henderson Mlt-Ast AbsRet I Acc,0.987982491
05/24/2012,Janus Henderson Mlt-Ast AbsRet I Acc,0.988141663
05/25/2012,Janus Henderson Mlt-Ast AbsRet I Acc,0.988380422
05/26/2012,Janus Henderson Mlt-Ast AbsRet I Acc,0.988380422
05/27/2012,Janus Henderson Mlt-Ast AbsRet I Acc,0.988380422
05/28/2012,Janus Henderson Mlt-Ast AbsRet I Acc,0.98861918
05/29/2012,Janus Henderson Mlt-Ast AbsRet I Acc,0.989176283
05/30/2012,Janus Henderson Mlt-Ast AbsRet I Acc,0.989176283
05/31/2012,Janus Henderson Mlt-Ast AbsRet I Acc,0.990370076
06/01/2012,Janus Henderson Mlt-Ast AbsRet I Acc,0.991802626
06/02/2012,Janus Henderson Mlt-Ast AbsRet I Acc,0.991802626
06/03/2012,Janus Henderson Mlt-Ast AbsRet I Acc,0.991802626
06/04/2012,Janus Henderson Mlt-Ast AbsRet I Acc,0.991802626
06/05/2012,Janus Henderson Mlt-Ast AbsRet I Acc,0.991802626
06/06/2012,Janus Henderson Mlt-Ast AbsRet I Acc,0.991006765
06/07/2012,Janus Henderson Mlt-Ast AbsRet I Acc,0.989255869
06/08/2012,Janus Henderson Mlt-Ast AbsRet I Acc,0.990529248
06/09/2012,Janus Henderson Mlt-Ast AbsRet I Acc,0.990529248
06/10/2012,Janus Henderson Mlt-Ast AbsRet I Acc,0.990529248
06/11/2012,Janus Henderson Mlt-Ast AbsRet I Acc,0.989176283
06/12/2012,Janus Henderson Mlt-Ast AbsRet I Acc,0.990608834
06/13/2012,Janus Henderson Mlt-Ast AbsRet I Acc,0.988778353
06/14/2012,Janus Henderson Mlt-Ast AbsRet I Acc,0.988937525
06/15/2012,Janus Henderson Mlt-Ast AbsRet I Acc,0.98822125
06/16/2012,Janus Henderson Mlt-Ast AbsRet I Acc,0.98822125
06/17/2012,Janus Henderson Mlt-Ast AbsRet I Acc,0.98822125
06/18/2012,Janus Henderson Mlt-Ast AbsRet I Acc,0.989255869
06/19/2012,Janus Henderson Mlt-Ast AbsRet I Acc,0.988937525
06/20/2012,Janus Henderson Mlt-Ast AbsRet I Acc,0.988857939
06/21/2012,Janus Henderson Mlt-Ast AbsRet I Acc,0.989733386
06/22/2012,Janus Henderson Mlt-Ast AbsRet I Acc,0.990290489
06/23/2012,Janus Henderson Mlt-Ast AbsRet I Acc,0.990290489
06/24/2012,Janus Henderson Mlt-Ast AbsRet I Acc,0.990290489
06/25/2012,Janus Henderson Mlt-Ast AbsRet I Acc,0.989415042
06/26/2012,Janus Henderson Mlt-Ast AbsRet I Acc,0.988857939
06/27/2012,Janus Henderson Mlt-Ast AbsRet I Acc,0.986947871
06/28/2012,Janus Henderson Mlt-Ast AbsRet I Acc,0.988141663
06/29/2012,Janus Henderson Mlt-Ast AbsRet I Acc,0.989335456
06/30/2012,Janus Henderson Mlt-Ast AbsRet I Acc,0.989335456
07/01/2012,Janus Henderson Mlt-Ast AbsRet I Acc,0.989335456
07/02/2012,Janus Henderson Mlt-Ast AbsRet I Acc,0.990768006
07/03/2012,Janus Henderson Mlt-Ast AbsRet I Acc,0.992041385
07/04/2012,Janus Henderson Mlt-Ast AbsRet I Acc,0.993155591
07/05/2012,Janus Henderson Mlt-Ast AbsRet I Acc,0.994428969
07/06/2012,Janus Henderson Mlt-Ast AbsRet I Acc,0.995304417
07/07/2012,Janus Henderson Mlt-Ast AbsRet I Acc,0.995304417
07/08/2012,Janus Henderson Mlt-Ast AbsRet I Acc,0.995304417
07/09/2012,Janus Henderson Mlt-Ast AbsRet I Acc,0.995304417
07/10/2012,Janus Henderson Mlt-Ast AbsRet I Acc,0.994428969
07/11/2012,Janus Henderson Mlt-Ast AbsRet I Acc,0.9948269
07/12/2012,Janus Henderson Mlt-Ast AbsRet I Acc,0.994906486
07/13/2012,Janus Henderson Mlt-Ast AbsRet I Acc,0.994906486
07/14/2012,Janus Henderson Mlt-Ast AbsRet I Acc,0.994906486
07/15/2012,Janus Henderson Mlt-Ast AbsRet I Acc,0.994906486
07/16/2012,Janus Henderson Mlt-Ast AbsRet I Acc,0.994986072
07/17/2012,Janus Henderson Mlt-Ast AbsRet I Acc,0.996259451
07/18/2012,Janus Henderson Mlt-Ast AbsRet I Acc,0.995702348
07/19/2012,Janus Henderson Mlt-Ast AbsRet I Acc,0.995941106
07/20/2012,Janus Henderson Mlt-Ast AbsRet I Acc,0.996975726
07/21/2012,Janus Henderson Mlt-Ast AbsRet I Acc,0.996975726
07/22/2012,Janus Henderson Mlt-Ast AbsRet I Acc,0.996975726
07/23/2012,Janus Henderson Mlt-Ast AbsRet I Acc,0.997294071
07/24/2012,Janus Henderson Mlt-Ast AbsRet I Acc,0.996736968
07/25/2012,Janus Henderson Mlt-Ast AbsRet I Acc,0.996100279
07/26/2012,Janus Henderson Mlt-Ast AbsRet I Acc,0.995224831
07/27/2012,Janus Henderson Mlt-Ast AbsRet I Acc,0.994190211
07/28/2012,Janus Henderson Mlt-Ast AbsRet I Acc,0.994190211
07/29/2012,Janus Henderson Mlt-Ast AbsRet I Acc,0.994190211
07/30/2012,Janus Henderson Mlt-Ast AbsRet I Acc,0.99586152
07/31/2012,Janus Henderson Mlt-Ast AbsRet I Acc,0.998089932
08/01/2012,Janus Henderson Mlt-Ast AbsRet I Acc,1
08/02/2012,Janus Henderson Mlt-Ast AbsRet I Acc,0.9996
08/03/2012,Janus Henderson Mlt-Ast AbsRet I Acc,0.9995
08/04/2012,Janus Henderson Mlt-Ast AbsRet I Acc,0.9995
08/05/2012,Janus Henderson Mlt-Ast AbsRet I Acc,0.9995
08/06/2012,Janus Henderson Mlt-Ast AbsRet I Acc,0.9991
08/07/2012,Janus Henderson Mlt-Ast AbsRet I Acc,0.9998
08/08/2012,Janus Henderson Mlt-Ast AbsRet I Acc,1.0012
08/09/2012,Janus Henderson Mlt-Ast AbsRet I Acc,1.0024
08/10/2012,Janus Henderson Mlt-Ast AbsRet I Acc,1.003
08/11/2012,Janus Henderson Mlt-Ast AbsRet I Acc,1.003
08/12/2012,Janus Henderson Mlt-Ast AbsRet I Acc,1.003
08/13/2012,Janus Henderson Mlt-Ast AbsRet I Acc,1.0029
08/14/2012,Janus Henderson Mlt-Ast AbsRet I Acc,1.0022
08/15/2012,Janus Henderson Mlt-Ast AbsRet I Acc,1.0018
08/16/2012,Janus Henderson Mlt-Ast AbsRet I Acc,1.0019
08/17/2012,Janus Henderson Mlt-Ast AbsRet I Acc,1.0025
08/18/2012,Janus Henderson Mlt-Ast AbsRet I Acc,1.0025
08/19/2012,Janus Henderson Mlt-Ast AbsRet I Acc,1.0025
08/20/2012,Janus Henderson Mlt-Ast AbsRet I Acc,1.0038
08/21/2012,Janus Henderson Mlt-Ast AbsRet I Acc,1.0044
08/22/2012,Janus Henderson Mlt-Ast AbsRet I Acc,1.0044
08/23/2012,Janus Henderson Mlt-Ast AbsRet I Acc,1.0042
08/24/2012,Janus Henderson Mlt-Ast AbsRet I Acc,1.004
08/25/2012,Janus Henderson Mlt-Ast AbsRet I Acc,1.004
08/26/2012,Janus Henderson Mlt-Ast AbsRet I Acc,1.004
08/27/2012,Janus Henderson Mlt-Ast AbsRet I Acc,1.004
08/28/2012,Janus Henderson Mlt-Ast AbsRet I Acc,1.0037
08/29/2012,Janus Henderson Mlt-Ast AbsRet I Acc,1.0041
08/30/2012,Janus Henderson Mlt-Ast AbsRet I Acc,1.0033
08/31/2012,Janus Henderson Mlt-Ast AbsRet I Acc,1.0032
09/01/2012,Janus Henderson Mlt-Ast AbsRet I Acc,1.0032
09/02/2012,Janus Henderson Mlt-Ast AbsRet I Acc,1.0032
09/03/2012,Janus Henderson Mlt-Ast AbsRet I Acc,1.004
09/04/2012,Janus Henderson Mlt-Ast AbsRet I Acc,1.0048
09/05/2012,Janus Henderson Mlt-Ast AbsRet I Acc,1.0045
09/06/2012,Janus Henderson Mlt-Ast AbsRet I Acc,1.0049
09/07/2012,Janus Henderson Mlt-Ast AbsRet I Acc,1.0047
09/08/2012,Janus Henderson Mlt-Ast AbsRet I Acc,1.0047
09/09/2012,Janus Henderson Mlt-Ast AbsRet I Acc,1.0047
09/10/2012,Janus Henderson Mlt-Ast AbsRet I Acc,1.0086
09/11/2012,Janus Henderson Mlt-Ast AbsRet I Acc,1.0084
09/12/2012,Janus Henderson Mlt-Ast AbsRet I Acc,1.0083
09/13/2012,Janus Henderson Mlt-Ast AbsRet I Acc,1.0094
09/14/2012,Janus Henderson Mlt-Ast AbsRet I Acc,1.0102
09/15/2012,Janus Henderson Mlt-Ast AbsRet I Acc,1.0102
09/16/2012,Janus Henderson Mlt-Ast AbsRet I Acc,1.0102
09/17/2012,Janus Henderson Mlt-Ast AbsRet I Acc,1.0126
09/18/2012,Janus Henderson Mlt-Ast AbsRet I Acc,1.0136
09/19/2012,Janus Henderson Mlt-Ast AbsRet I Acc,1.0122
09/20/2012,Janus Henderson Mlt-Ast AbsRet I Acc,1.0118
09/21/2012,Janus Henderson Mlt-Ast AbsRet I Acc,1.0114
09/22/2012,Janus Henderson Mlt-Ast AbsRet I Acc,1.0114
09/23/2012,Janus Henderson Mlt-Ast AbsRet I Acc,1.0114
09/24/2012,Janus Henderson Mlt-Ast AbsRet I Acc,1.0121
09/25/2012,Janus Henderson Mlt-Ast AbsRet I Acc,1.012
09/26/2012,Janus Henderson Mlt-Ast AbsRet I Acc,1.0119
09/27/2012,Janus Henderson Mlt-Ast AbsRet I Acc,1.0097
09/28/2012,Janus Henderson Mlt-Ast AbsRet I Acc,1.0087
09/29/2012,Janus Henderson Mlt-Ast AbsRet I Acc,1.0087
09/30/2012,Janus Henderson Mlt-Ast AbsRet I Acc,1.0087
10/01/2012,Janus Henderson Mlt-Ast AbsRet I Acc,1.0087
10/02/2012,Janus Henderson Mlt-Ast AbsRet I Acc,1.0093
10/03/2012,Janus Henderson Mlt-Ast AbsRet I Acc,1.0101
10/04/2012,Janus Henderson Mlt-Ast AbsRet I Acc,1.0116
10/05/2012,Janus Henderson Mlt-Ast AbsRet I Acc,1.0124
10/06/2012,Janus Henderson Mlt-Ast AbsRet I Acc,1.0124
10/07/2012,Janus Henderson Mlt-Ast AbsRet I Acc,1.0124
10/08/2012,Janus Henderson Mlt-Ast AbsRet I Acc,1.0138
10/09/2012,Janus Henderson Mlt-Ast AbsRet I Acc,1.0148
10/10/2012,Janus Henderson Mlt-Ast AbsRet I Acc,1.0142
10/11/2012,Janus Henderson Mlt-Ast AbsRet I Acc,1.013
10/12/2012,Janus Henderson Mlt-Ast AbsRet I Acc,1.0127
10/13/2012,Janus Henderson Mlt-Ast AbsRet I Acc,1.0127
10/14/2012,Janus Henderson Mlt-Ast AbsRet I Acc,1.0127
10/15/2012,Janus Henderson Mlt-Ast AbsRet I Acc,1.013
10/16/2012,Janus Henderson Mlt-Ast AbsRet I Acc,1.013
10/17/2012,Janus Henderson Mlt-Ast AbsRet I Acc,1.0143
10/18/2012,Janus Henderson Mlt-Ast AbsRet I Acc,1.016
10/19/2012,Janus Henderson Mlt-Ast AbsRet I Acc,1.0186
10/20/2012,Janus Henderson Mlt-Ast AbsRet I Acc,1.0186
10/21/2012,Janus Henderson Mlt-Ast AbsRet I Acc,1.0186
10/22/2012,Janus Henderson Mlt-Ast AbsRet I Acc,1.0182
10/23/2012,Janus Henderson Mlt-Ast AbsRet I Acc,1.0162
10/24/2012,Janus Henderson Mlt-Ast AbsRet I Acc,1.0144
10/25/2012,Janus Henderson Mlt-Ast AbsRet I Acc,1.0122
10/26/2012,Janus Henderson Mlt-Ast AbsRet I Acc,1.0116
10/27/2012,Janus Henderson Mlt-Ast AbsRet I Acc,1.0116
10/28/2012,Janus Henderson Mlt-Ast AbsRet I Acc,1.0116
10/29/2012,Janus Henderson Mlt-Ast AbsRet I Acc,1.0106
10/30/2012,Janus Henderson Mlt-Ast AbsRet I Acc,1.011
10/31/2012,Janus Henderson Mlt-Ast AbsRet I Acc,1.0113
11/01/2012,Janus Henderson Mlt-Ast AbsRet I Acc,1.011
11/02/2012,Janus Henderson Mlt-Ast AbsRet I Acc,1.0103
11/03/2012,Janus Henderson Mlt-Ast AbsRet I Acc,1.0103
11/04/2012,Janus Henderson Mlt-Ast AbsRet I Acc,1.0103
11/05/2012,Janus Henderson Mlt-Ast AbsRet I Acc,1.0119
11/06/2012,Janus Henderson Mlt-Ast AbsRet I Acc,1.0111
11/07/2012,Janus Henderson Mlt-Ast AbsRet I Acc,1.0126
11/08/2012,Janus Henderson Mlt-Ast AbsRet I Acc,1.0142
11/09/2012,Janus Henderson Mlt-Ast AbsRet I Acc,1.0119
11/10/2012,Janus Henderson Mlt-Ast AbsRet I Acc,1.0119
11/11/2012,Janus Henderson Mlt-Ast AbsRet I Acc,1.0119
11/12/2012,Janus Henderson Mlt-Ast AbsRet I Acc,1.0114
11/13/2012,Janus Henderson Mlt-Ast AbsRet I Acc,1.0111
11/14/2012,Janus Henderson Mlt-Ast AbsRet I Acc,1.0101
11/15/2012,Janus Henderson Mlt-Ast AbsRet I Acc,1.0106
11/16/2012,Janus Henderson Mlt-Ast AbsRet I Acc,1.0078
11/17/2012,Janus Henderson Mlt-Ast AbsRet I Acc,1.0078
11/18/2012,Janus Henderson Mlt-Ast AbsRet I Acc,1.0078
11/19/2012,Janus Henderson Mlt-Ast AbsRet I Acc,1.0067
11/20/2012,Janus Henderson Mlt-Ast AbsRet I Acc,1.0074
11/21/2012,Janus Henderson Mlt-Ast AbsRet I Acc,1.0091
11/22/2012,Janus Henderson Mlt-Ast AbsRet I Acc,1.0094
11/23/2012,Janus Henderson Mlt-Ast AbsRet I Acc,1.0106
11/24/2012,Janus Henderson Mlt-Ast AbsRet I Acc,1.0106
11/25/2012,Janus Henderson Mlt-Ast AbsRet I Acc,1.0106
11/26/2012,Janus Henderson Mlt-Ast AbsRet I Acc,1.0118
11/27/2012,Janus Henderson Mlt-Ast AbsRet I Acc,1.0126
11/28/2012,Janus Henderson Mlt-Ast AbsRet I Acc,1.0125
11/29/2012,Janus Henderson Mlt-Ast AbsRet I Acc,1.0122
11/30/2012,Janus Henderson Mlt-Ast AbsRet I Acc,1.0135
12/01/2012,Janus Henderson Mlt-Ast AbsRet I Acc,1.0135
12/02/2012,Janus Henderson Mlt-Ast AbsRet I Acc,1.0135
12/03/2012,Janus Henderson Mlt-Ast AbsRet I Acc,1.0147
12/04/2012,Janus Henderson Mlt-Ast AbsRet I Acc,1.0156
12/05/2012,Janus Henderson Mlt-Ast AbsRet I Acc,1.0147
12/06/2012,Janus Henderson Mlt-Ast AbsRet I Acc,1.0149
12/07/2012,Janus Henderson Mlt-Ast AbsRet I Acc,1.0159
12/08/2012,Janus Henderson Mlt-Ast AbsRet I Acc,1.0159
12/09/2012,Janus Henderson Mlt-Ast AbsRet I Acc,1.0159
12/10/2012,Janus Henderson Mlt-Ast AbsRet I Acc,1.0171
12/11/2012,Janus Henderson Mlt-Ast AbsRet I Acc,1.0162
12/12/2012,Janus Henderson Mlt-Ast AbsRet I Acc,1.0166
12/13/2012,Janus Henderson Mlt-Ast AbsRet I Acc,1.0167
12/14/2012,Janus Henderson Mlt-Ast AbsRet I Acc,1.0183
12/15/2012,Janus Henderson Mlt-Ast AbsRet I Acc,1.0183
12/16/2012,Janus Henderson Mlt-Ast AbsRet I Acc,1.0183
12/17/2012,Janus Henderson Mlt-Ast AbsRet I Acc,1.0178
12/18/2012,Janus Henderson Mlt-Ast AbsRet I Acc,1.0174
12/19/2012,Janus Henderson Mlt-Ast AbsRet I Acc,1.0174
12/20/2012,Janus Henderson Mlt-Ast AbsRet I Acc,1.0197
12/21/2012,Janus Henderson Mlt-Ast AbsRet I Acc,1.0198
12/22/2012,Janus Henderson Mlt-Ast AbsRet I Acc,1.0198
12/23/2012,Janus Henderson Mlt-Ast AbsRet I Acc,1.0198
12/24/2012,Janus Henderson Mlt-Ast AbsRet I Acc,1.0208
12/25/2012,Janus Henderson Mlt-Ast AbsRet I Acc,1.0208
12/26/2012,Janus Henderson Mlt-Ast AbsRet I Acc,1.0208
12/27/2012,Janus Henderson Mlt-Ast AbsRet I Acc,1.0202
12/28/2012,Janus Henderson Mlt-Ast AbsRet I Acc,1.0211
12/29/2012,Janus Henderson Mlt-Ast AbsRet I Acc,1.0211
12/30/2012,Janus Henderson Mlt-Ast AbsRet I Acc,1.0211
12/31/2012,Janus Henderson Mlt-Ast AbsRet I Acc,1.0213
01/01/2013,Janus Henderson Mlt-Ast AbsRet I Acc,1.0213
01/02/2013,Janus Henderson Mlt-Ast AbsRet I Acc,1.0199
01/03/2013,Janus Henderson Mlt-Ast AbsRet I Acc,1.0211
01/04/2013,Janus Henderson Mlt-Ast AbsRet I Acc,1.0268
01/05/2013,Janus Henderson Mlt-Ast AbsRet I Acc,1.0268
01/06/2013,Janus Henderson Mlt-Ast AbsRet I Acc,1.0268
01/07/2013,Janus Henderson Mlt-Ast AbsRet I Acc,1.0291
01/08/2013,Janus Henderson Mlt-Ast AbsRet I Acc,1.0307
01/09/2013,Janus Henderson Mlt-Ast AbsRet I Acc,1.0312
01/10/2013,Janus Henderson Mlt-Ast AbsRet I Acc,1.0314
01/11/2013,Janus Henderson Mlt-Ast AbsRet I Acc,1.0342
01/12/2013,Janus Henderson Mlt-Ast AbsRet I Acc,1.0342
01/13/2013,Janus Henderson Mlt-Ast AbsRet I Acc,1.0342
01/14/2013,Janus Henderson Mlt-Ast AbsRet I Acc,1.0355
01/15/2013,Janus Henderson Mlt-Ast AbsRet I Acc,1.0371
01/16/2013,Janus Henderson Mlt-Ast AbsRet I Acc,1.0373
01/17/2013,Janus Henderson Mlt-Ast AbsRet I Acc,1.0365
01/18/2013,Janus Henderson Mlt-Ast AbsRet I Acc,1.0375
01/19/2013,Janus Henderson Mlt-Ast AbsRet I Acc,1.0375
01/20/2013,Janus Henderson Mlt-Ast AbsRet I Acc,1.0375
01/21/2013,Janus Henderson Mlt-Ast AbsRet I Acc,1.0402
01/22/2013,Janus Henderson Mlt-Ast AbsRet I Acc,1.0409
01/23/2013,Janus Henderson Mlt-Ast AbsRet I Acc,1.0416
01/24/2013,Janus Henderson Mlt-Ast AbsRet I Acc,1.0424
01/25/2013,Janus Henderson Mlt-Ast AbsRet I Acc,1.0423
01/26/2013,Janus Henderson Mlt-Ast AbsRet I Acc,1.0423
01/27/2013,Janus Henderson Mlt-Ast AbsRet I Acc,1.0423
01/28/2013,Janus Henderson Mlt-Ast AbsRet I Acc,1.044
01/29/2013,Janus Henderson Mlt-Ast AbsRet I Acc,1.0453
01/30/2013,Janus Henderson Mlt-Ast AbsRet I Acc,1.0446
01/31/2013,Janus Henderson Mlt-Ast AbsRet I Acc,1.0449
02/01/2013,Janus Henderson Mlt-Ast AbsRet I Acc,1.0424
02/02/2013,Janus Henderson Mlt-Ast AbsRet I Acc,1.0424
02/03/2013,Janus Henderson Mlt-Ast AbsRet I Acc,1.0424
02/04/2013,Janus Henderson Mlt-Ast AbsRet I Acc,1.0432
02/05/2013,Janus Henderson Mlt-Ast AbsRet I Acc,1.045
02/06/2013,Janus Henderson Mlt-Ast AbsRet I Acc,1.043
02/07/2013,Janus Henderson Mlt-Ast AbsRet I Acc,1.0439
02/08/2013,Janus Henderson Mlt-Ast AbsRet I Acc,1.0433
02/09/2013,Janus Henderson Mlt-Ast AbsRet I Acc,1.0433
02/10/2013,Janus Henderson Mlt-Ast AbsRet I Acc,1.0433
02/11/2013,Janus Henderson Mlt-Ast AbsRet I Acc,1.0422
02/12/2013,Janus Henderson Mlt-Ast AbsRet I Acc,1.0434
02/13/2013,Janus Henderson Mlt-Ast AbsRet I Acc,1.0447
02/14/2013,Janus Henderson Mlt-Ast AbsRet I Acc,1.0463
02/15/2013,Janus Henderson Mlt-Ast AbsRet I Acc,1.0465
02/16/2013,Janus Henderson Mlt-Ast AbsRet I Acc,1.0465
02/17/2013,Janus Henderson Mlt-Ast AbsRet I Acc,1.0465
02/18/2013,Janus Henderson Mlt-Ast AbsRet I Acc,1.0465
02/19/2013,Janus Henderson Mlt-Ast AbsRet I Acc,1.047
02/20/2013,Janus Henderson Mlt-Ast AbsRet I Acc,1.0488
02/21/2013,Janus Henderson Mlt-Ast AbsRet I Acc,1.0523
02/22/2013,Janus Henderson Mlt-Ast AbsRet I Acc,1.0506
02/23/2013,Janus Henderson Mlt-Ast AbsRet I Acc,1.0506
02/24/2013,Janus Henderson Mlt-Ast AbsRet I Acc,1.0506
02/25/2013,Janus Henderson Mlt-Ast AbsRet I Acc,1.0516
02/26/2013,Janus Henderson Mlt-Ast AbsRet I Acc,1.0551
02/27/2013,Janus Henderson Mlt-Ast AbsRet I Acc,1.0524
02/28/2013,Janus Henderson Mlt-Ast AbsRet I Acc,1.0516
03/01/2013,Janus Henderson Mlt-Ast AbsRet I Acc,1.055
03/02/2013,Janus Henderson Mlt-Ast AbsRet I Acc,1.055
03/03/2013,Janus Henderson Mlt-Ast AbsRet I Acc,1.055
03/04/2013,Janus Henderson Mlt-Ast AbsRet I Acc,1.0558
03/05/2013,Janus Henderson Mlt-Ast AbsRet I Acc,1.0565
03/06/2013,Janus Henderson Mlt-Ast AbsRet I Acc,1.0572
03/07/2013,Janus Henderson Mlt-Ast AbsRet I Acc,1.0607
03/08/2013,Janus Henderson Mlt-Ast AbsRet I Acc,1.0613
03/09/2013,Janus Henderson Mlt-Ast AbsRet I Acc,1.0613
03/10/2013,Janus Henderson Mlt-Ast AbsRet I Acc,1.0613
03/11/2013,Janus Henderson Mlt-Ast AbsRet I Acc,1.0625
03/12/2013,Janus Henderson Mlt-Ast AbsRet I Acc,1.065
03/13/2013,Janus Henderson Mlt-Ast AbsRet I Acc,1.0649
03/14/2013,Janus Henderson Mlt-Ast AbsRet I Acc,1.0639
03/15/2013,Janus Henderson Mlt-Ast AbsRet I Acc,1.0628
03/16/2013,Janus Henderson Mlt-Ast AbsRet I Acc,1.0628
03/17/2013,Janus Henderson Mlt-Ast AbsRet I Acc,1.0628
03/18/2013,Janus Henderson Mlt-Ast AbsRet I Acc,1.063
03/19/2013,Janus Henderson Mlt-Ast AbsRet I Acc,1.0621
03/20/2013,Janus Henderson Mlt-Ast AbsRet I Acc,1.0625
03/21/2013,Janus Henderson Mlt-Ast AbsRet I Acc,1.0624
03/22/2013,Janus Henderson Mlt-Ast AbsRet I Acc,1.0618
03/23/2013,Janus Henderson Mlt-Ast AbsRet I Acc,1.0618
03/24/2013,Janus Henderson Mlt-Ast AbsRet I Acc,1.0618
03/25/2013,Janus Henderson Mlt-Ast AbsRet I Acc,1.0606
03/26/2013,Janus Henderson Mlt-Ast AbsRet I Acc,1.0614
03/27/2013,Janus Henderson Mlt-Ast AbsRet I Acc,1.0614
03/28/2013,Janus Henderson Mlt-Ast AbsRet I Acc,1.0613
03/29/2013,Janus Henderson Mlt-Ast AbsRet I Acc,1.0613
03/30/2013,Janus Henderson Mlt-Ast AbsRet I Acc,1.0613
03/31/2013,Janus Henderson Mlt-Ast AbsRet I Acc,1.0613
04/01/2013,Janus Henderson Mlt-Ast AbsRet I Acc,1.0613
04/02/2013,Janus Henderson Mlt-Ast AbsRet I Acc,1.0612
04/03/2013,Janus Henderson Mlt-Ast AbsRet I Acc,1.0611
04/04/2013,Janus Henderson Mlt-Ast AbsRet I Acc,1.0617
04/05/2013,Janus Henderson Mlt-Ast AbsRet I Acc,1.0596
04/06/2013,Janus Henderson Mlt-Ast AbsRet I Acc,1.0596
04/07/2013,Janus Henderson Mlt-Ast AbsRet I Acc,1.0596
04/08/2013,Janus Henderson Mlt-Ast AbsRet I Acc,1.0578
04/09/2013,Janus Henderson Mlt-Ast AbsRet I Acc,1.0582
04/10/2013,Janus Henderson Mlt-Ast AbsRet I Acc,1.0594
04/11/2013,Janus Henderson Mlt-Ast AbsRet I Acc,1.0591
04/12/2013,Janus Henderson Mlt-Ast AbsRet I Acc,1.0604
04/13/2013,Janus Henderson Mlt-Ast AbsRet I Acc,1.0604
04/14/2013,Janus Henderson Mlt-Ast AbsRet I Acc,1.0604
04/15/2013,Janus Henderson Mlt-Ast AbsRet I Acc,1.0573
04/16/2013,Janus Henderson Mlt-Ast AbsRet I Acc,1.0563
04/17/2013,Janus Henderson Mlt-Ast AbsRet I Acc,1.0559
04/18/2013,Janus Henderson Mlt-Ast AbsRet I Acc,1.0569
04/19/2013,Janus Henderson Mlt-Ast AbsRet I Acc,1.0561
04/20/2013,Janus Henderson Mlt-Ast AbsRet I Acc,1.0561
04/21/2013,Janus Henderson Mlt-Ast AbsRet I Acc,1.0561
04/22/2013,Janus Henderson Mlt-Ast AbsRet I Acc,1.0562
04/23/2013,Janus Henderson Mlt-Ast AbsRet I Acc,1.0588
04/24/2013,Janus Henderson Mlt-Ast AbsRet I Acc,1.0598
04/25/2013,Janus Henderson Mlt-Ast AbsRet I Acc,1.0615
04/26/2013,Janus Henderson Mlt-Ast AbsRet I Acc,1.0618
04/27/2013,Janus Henderson Mlt-Ast AbsRet I Acc,1.0618
04/28/2013,Janus Henderson Mlt-Ast AbsRet I Acc,1.0618
04/29/2013,Janus Henderson Mlt-Ast AbsRet I Acc,1.0606
04/30/2013,Janus Henderson Mlt-Ast AbsRet I Acc,1.0613
05/01/2013,Janus Henderson Mlt-Ast AbsRet I Acc,1.0622
05/02/2013,Janus Henderson Mlt-Ast AbsRet I Acc,1.0622
05/03/2013,Janus Henderson Mlt-Ast AbsRet I Acc,1.0629
05/04/2013,Janus Henderson Mlt-Ast AbsRet I Acc,1.0629
05/05/2013,Janus Henderson Mlt-Ast AbsRet I Acc,1.0629
05/06/2013,Janus Henderson Mlt-Ast AbsRet I Acc,1.0629
05/07/2013,Janus Henderson Mlt-Ast AbsRet I Acc,1.0638
05/08/2013,Janus Henderson Mlt-Ast AbsRet I Acc,1.0663
05/09/2013,Janus Henderson Mlt-Ast AbsRet I Acc,1.0682
05/10/2013,Janus Henderson Mlt-Ast AbsRet I Acc,1.0693
05/11/2013,Janus Henderson Mlt-Ast AbsRet I Acc,1.0693
05/12/2013,Janus Henderson Mlt-Ast AbsRet I Acc,1.0693
05/13/2013,Janus Henderson Mlt-Ast AbsRet I Acc,1.0699
05/14/2013,Janus Henderson Mlt-Ast AbsRet I Acc,1.0709
05/15/2013,Janus Henderson Mlt-Ast AbsRet I Acc,1.0724
05/16/2013,Janus Henderson Mlt-Ast AbsRet I Acc,1.074
05/17/2013,Janus Henderson Mlt-Ast AbsRet I Acc,1.0745
05/18/2013,Janus Henderson Mlt-Ast AbsRet I Acc,1.0745
05/19/2013,Janus Henderson Mlt-Ast AbsRet I Acc,1.0745
05/20/2013,Janus Henderson Mlt-Ast AbsRet I Acc,1.075
05/21/2013,Janus Henderson Mlt-Ast AbsRet I Acc,1.078
05/22/2013,Janus Henderson Mlt-Ast AbsRet I Acc,1.08
05/23/2013,Janus Henderson Mlt-Ast AbsRet I Acc,1.079
05/24/2013,Janus Henderson Mlt-Ast AbsRet I Acc,1.075
05/25/2013,Janus Henderson Mlt-Ast AbsRet I Acc,1.075
05/26/2013,Janus Henderson Mlt-Ast AbsRet I Acc,1.075
05/27/2013,Janus Henderson Mlt-Ast AbsRet I Acc,1.075
05/28/2013,Janus Henderson Mlt-Ast AbsRet I Acc,1.073
05/29/2013,Janus Henderson Mlt-Ast AbsRet I Acc,1.075
05/30/2013,Janus Henderson Mlt-Ast AbsRet I Acc,1.073
05/31/2013,Janus Henderson Mlt-Ast AbsRet I Acc,1.069
06/01/2013,Janus Henderson Mlt-Ast AbsRet I Acc,1.069
06/02/2013,Janus Henderson Mlt-Ast AbsRet I Acc,1.069
06/03/2013,Janus Henderson Mlt-Ast AbsRet I Acc,1.067
06/04/2013,Janus Henderson Mlt-Ast AbsRet I Acc,1.064
06/05/2013,Janus Henderson Mlt-Ast AbsRet I Acc,1.063
06/06/2013,Janus Henderson Mlt-Ast AbsRet I Acc,1.058
06/07/2013,Janus Henderson Mlt-Ast AbsRet I Acc,1.053
06/08/2013,Janus Henderson Mlt-Ast AbsRet I Acc,1.053
06/09/2013,Janus Henderson Mlt-Ast AbsRet I Acc,1.053
06/10/2013,Janus Henderson Mlt-Ast AbsRet I Acc,1.052
06/11/2013,Janus Henderson Mlt-Ast AbsRet I Acc,1.054
06/12/2013,Janus Henderson Mlt-Ast AbsRet I Acc,1.051
06/13/2013,Janus Henderson Mlt-Ast AbsRet I Acc,1.049
06/14/2013,Janus Henderson Mlt-Ast AbsRet I Acc,1.047
06/15/2013,Janus Henderson Mlt-Ast AbsRet I Acc,1.047
06/16/2013,Janus Henderson Mlt-Ast AbsRet I Acc,1.047
06/17/2013,Janus Henderson Mlt-Ast AbsRet I Acc,1.047
06/18/2013,Janus Henderson Mlt-Ast AbsRet I Acc,1.049
06/19/2013,Janus Henderson Mlt-Ast AbsRet I Acc,1.05
06/20/2013,Janus Henderson Mlt-Ast AbsRet I Acc,1.052
06/21/2013,Janus Henderson Mlt-Ast AbsRet I Acc,1.048
06/22/2013,Janus Henderson Mlt-Ast AbsRet I Acc,1.048
06/23/2013,Janus Henderson Mlt-Ast AbsRet I Acc,1.048
06/24/2013,Janus Henderson Mlt-Ast AbsRet I Acc,1.048
06/25/2013,Janus Henderson Mlt-Ast AbsRet I Acc,1.044
06/26/2013,Janus Henderson Mlt-Ast AbsRet I Acc,1.045
06/27/2013,Janus Henderson Mlt-Ast AbsRet I Acc,1.046
06/28/2013,Janus Henderson Mlt-Ast AbsRet I Acc,1.048
06/29/2013,Janus Henderson Mlt-Ast AbsRet I Acc,1.048
06/30/2013,Janus Henderson Mlt-Ast AbsRet I Acc,1.048
07/01/2013,Janus Henderson Mlt-Ast AbsRet I Acc,1.051
07/02/2013,Janus Henderson Mlt-Ast AbsRet I Acc,1.054
07/03/2013,Janus Henderson Mlt-Ast AbsRet I Acc,1.053
07/04/2013,Janus Henderson Mlt-Ast AbsRet I Acc,1.053
07/05/2013,Janus Henderson Mlt-Ast AbsRet I Acc,1.057
07/06/2013,Janus Henderson Mlt-Ast AbsRet I Acc,1.057
07/07/2013,Janus Henderson Mlt-Ast AbsRet I Acc,1.057
07/08/2013,Janus Henderson Mlt-Ast AbsRet I Acc,1.059
07/09/2013,Janus Henderson Mlt-Ast AbsRet I Acc,1.063
07/10/2013,Janus Henderson Mlt-Ast AbsRet I Acc,1.064
07/11/2013,Janus Henderson Mlt-Ast AbsRet I Acc,1.063
07/12/2013,Janus Henderson Mlt-Ast AbsRet I Acc,1.064
07/13/2013,Janus Henderson Mlt-Ast AbsRet I Acc,1.064
07/14/2013,Janus Henderson Mlt-Ast AbsRet I Acc,1.064
07/15/2013,Janus Henderson Mlt-Ast AbsRet I Acc,1.064
07/16/2013,Janus Henderson Mlt-Ast AbsRet I Acc,1.065
07/17/2013,Janus Henderson Mlt-Ast AbsRet I Acc,1.063
07/18/2013,Janus Henderson Mlt-Ast AbsRet I Acc,1.062
07/19/2013,Janus Henderson Mlt-Ast AbsRet I Acc,1.063
07/20/2013,Janus Henderson Mlt-Ast AbsRet I Acc,1.063
07/21/2013,Janus Henderson Mlt-Ast AbsRet I Acc,1.063
07/22/2013,Janus Henderson Mlt-Ast AbsRet I Acc,1.063
07/23/2013,Janus Henderson Mlt-Ast AbsRet I Acc,1.062
07/24/2013,Janus Henderson Mlt-Ast AbsRet I Acc,1.063
07/25/2013,Janus Henderson Mlt-Ast AbsRet I Acc,1.062
07/26/2013,Janus Henderson Mlt-Ast AbsRet I Acc,1.061
07/27/2013,Janus Henderson Mlt-Ast AbsRet I Acc,1.061
07/28/2013,Janus Henderson Mlt-Ast AbsRet I Acc,1.061
07/29/2013,Janus Henderson Mlt-Ast AbsRet I Acc,1.061
07/30/2013,Janus Henderson Mlt-Ast AbsRet I Acc,1.062
07/31/2013,Janus Henderson Mlt-Ast AbsRet I Acc,1.064
08/01/2013,Janus Henderson Mlt-Ast AbsRet I Acc,1.065
08/02/2013,Janus Henderson Mlt-Ast AbsRet I Acc,1.066
08/03/2013,Janus Henderson Mlt-Ast AbsRet I Acc,1.066
08/04/2013,Janus Henderson Mlt-Ast AbsRet I Acc,1.066
08/05/2013,Janus Henderson Mlt-Ast AbsRet I Acc,1.067
08/06/2013,Janus Henderson Mlt-Ast AbsRet I Acc,1.066
08/07/2013,Janus Henderson Mlt-Ast AbsRet I Acc,1.064
08/08/2013,Janus Henderson Mlt-Ast AbsRet I Acc,1.062
08/09/2013,Janus Henderson Mlt-Ast AbsRet I Acc,1.061
08/10/2013,Janus Henderson Mlt-Ast AbsRet I Acc,1.061
08/11/2013,Janus Henderson Mlt-Ast AbsRet I Acc,1.061
08/12/2013,Janus Henderson Mlt-Ast AbsRet I Acc,1.063
08/13/2013,Janus Henderson Mlt-Ast AbsRet I Acc,1.063
08/14/2013,Janus Henderson Mlt-Ast AbsRet I Acc,1.063
08/15/2013,Janus Henderson Mlt-Ast AbsRet I Acc,1.062
08/16/2013,Janus Henderson Mlt-Ast AbsRet I Acc,1.06
08/17/2013,Janus Henderson Mlt-Ast AbsRet I Acc,1.06
08/18/2013,Janus Henderson Mlt-Ast AbsRet I Acc,1.06
08/19/2013,Janus Henderson Mlt-Ast AbsRet I Acc,1.058
08/20/2013,Janus Henderson Mlt-Ast AbsRet I Acc,1.058
08/21/2013,Janus Henderson Mlt-Ast AbsRet I Acc,1.056
08/22/2013,Janus Henderson Mlt-Ast AbsRet I Acc,1.057
08/23/2013,Janus Henderson Mlt-Ast AbsRet I Acc,1.058
08/24/2013,Janus Henderson Mlt-Ast AbsRet I Acc,1.058
08/25/2013,Janus Henderson Mlt-Ast AbsRet I Acc,1.058
08/26/2013,Janus Henderson Mlt-Ast AbsRet I Acc,1.058
08/27/2013,Janus Henderson Mlt-Ast AbsRet I Acc,1.06
08/28/2013,Janus Henderson Mlt-Ast AbsRet I Acc,1.06
08/29/2013,Janus Henderson Mlt-Ast AbsRet I Acc,1.058
08/30/2013,Janus Henderson Mlt-Ast AbsRet I Acc,1.059
08/31/2013,Janus Henderson Mlt-Ast AbsRet I Acc,1.059
09/01/2013,Janus Henderson Mlt-Ast AbsRet I Acc,1.059
09/02/2013,Janus Henderson Mlt-Ast AbsRet I Acc,1.057
09/03/2013,Janus Henderson Mlt-Ast AbsRet I Acc,1.058
09/04/2013,Janus Henderson Mlt-Ast AbsRet I Acc,1.057
09/05/2013,Janus Henderson Mlt-Ast AbsRet I Acc,1.056
09/06/2013,Janus Henderson Mlt-Ast AbsRet I Acc,1.057
09/07/2013,Janus Henderson Mlt-Ast AbsRet I Acc,1.057
09/08/2013,Janus Henderson Mlt-Ast AbsRet I Acc,1.057
09/09/2013,Janus Henderson Mlt-Ast AbsRet I Acc,1.056
09/10/2013,Janus Henderson Mlt-Ast AbsRet I Acc,1.056
09/11/2013,Janus Henderson Mlt-Ast AbsRet I Acc,1.057
09/12/2013,Janus Henderson Mlt-Ast AbsRet I Acc,1.057
09/13/2013,Janus Henderson Mlt-Ast AbsRet I Acc,1.057
09/14/2013,Janus Henderson Mlt-Ast AbsRet I Acc,1.057
09/15/2013,Janus Henderson Mlt-Ast AbsRet I Acc,1.057
09/16/2013,Janus Henderson Mlt-Ast AbsRet I Acc,1.055
09/17/2013,Janus Henderson Mlt-Ast AbsRet I Acc,1.057
09/18/2013,Janus Henderson Mlt-Ast AbsRet I Acc,1.056
09/19/2013,Janus Henderson Mlt-Ast AbsRet I Acc,1.055
09/20/2013,Janus Henderson Mlt-Ast AbsRet I Acc,1.057
09/21/2013,Janus Henderson Mlt-Ast AbsRet I Acc,1.057
09/22/2013,Janus Henderson Mlt-Ast AbsRet I Acc,1.057
09/23/2013,Janus Henderson Mlt-Ast AbsRet I Acc,1.056
09/24/2013,Janus Henderson Mlt-Ast AbsRet I Acc,1.056
09/25/2013,Janus Henderson Mlt-Ast AbsRet I Acc,1.056
09/26/2013,Janus Henderson Mlt-Ast AbsRet I Acc,1.056
09/27/2013,Janus Henderson Mlt-Ast AbsRet I Acc,1.055
09/28/2013,Janus Henderson Mlt-Ast AbsRet I Acc,1.055
09/29/2013,Janus Henderson Mlt-Ast AbsRet I Acc,1.055
09/30/2013,Janus Henderson Mlt-Ast AbsRet I Acc,1.055
10/01/2013,Janus Henderson Mlt-Ast AbsRet I Acc,1.052
10/02/2013,Janus Henderson Mlt-Ast AbsRet I Acc,1.052
10/03/2013,Janus Henderson Mlt-Ast AbsRet I Acc,1.052
10/04/2013,Janus Henderson Mlt-Ast AbsRet I Acc,1.055
10/05/2013,Janus Henderson Mlt-Ast AbsRet I Acc,1.055
10/06/2013,Janus Henderson Mlt-Ast AbsRet I Acc,1.055
10/07/2013,Janus Henderson Mlt-Ast AbsRet I Acc,1.056
10/08/2013,Janus Henderson Mlt-Ast AbsRet I Acc,1.055
10/09/2013,Janus Henderson Mlt-Ast AbsRet I Acc,1.057
10/10/2013,Janus Henderson Mlt-Ast AbsRet I Acc,1.056
10/11/2013,Janus Henderson Mlt-Ast AbsRet I Acc,1.057
10/12/2013,Janus Henderson Mlt-Ast AbsRet I Acc,1.057
10/13/2013,Janus Henderson Mlt-Ast AbsRet I Acc,1.057
10/14/2013,Janus Henderson Mlt-Ast AbsRet I Acc,1.059
10/15/2013,Janus Henderson Mlt-Ast AbsRet I Acc,1.059
10/16/2013,Janus Henderson Mlt-Ast AbsRet I Acc,1.06
10/17/2013,Janus Henderson Mlt-Ast AbsRet I Acc,1.06
10/18/2013,Janus Henderson Mlt-Ast AbsRet I Acc,1.06
10/19/2013,Janus Henderson Mlt-Ast AbsRet I Acc,1.06
10/20/2013,Janus Henderson Mlt-Ast AbsRet I Acc,1.06
10/21/2013,Janus Henderson Mlt-Ast AbsRet I Acc,1.061
10/22/2013,Janus Henderson Mlt-Ast AbsRet I Acc,1.062
10/23/2013,Janus Henderson Mlt-Ast AbsRet I Acc,1.063
10/24/2013,Janus Henderson Mlt-Ast AbsRet I Acc,1.063
10/25/2013,Janus Henderson Mlt-Ast AbsRet I Acc,1.062
10/26/2013,Janus Henderson Mlt-Ast AbsRet I Acc,1.062
10/27/2013,Janus Henderson Mlt-Ast AbsRet I Acc,1.062
10/28/2013,Janus Henderson Mlt-Ast AbsRet I Acc,1.062
10/29/2013,Janus Henderson Mlt-Ast AbsRet I Acc,1.063
10/30/2013,Janus Henderson Mlt-Ast AbsRet I Acc,1.064
10/31/2013,Janus Henderson Mlt-Ast AbsRet I Acc,1.066
11/01/2013,Janus Henderson Mlt-Ast AbsRet I Acc,1.065
11/02/2013,Janus Henderson Mlt-Ast AbsRet I Acc,1.065
11/03/2013,Janus Henderson Mlt-Ast AbsRet I Acc,1.065
11/04/2013,Janus Henderson Mlt-Ast AbsRet I Acc,1.065
11/05/2013,Janus Henderson Mlt-Ast AbsRet I Acc,1.065
11/06/2013,Janus Henderson Mlt-Ast AbsRet I Acc,1.064
11/07/2013,Janus Henderson Mlt-Ast AbsRet I Acc,1.065
11/08/2013,Janus Henderson Mlt-Ast AbsRet I Acc,1.066
11/09/2013,Janus Henderson Mlt-Ast AbsRet I Acc,1.066
11/10/2013,Janus Henderson Mlt-Ast AbsRet I Acc,1.066
11/11/2013,Janus Henderson Mlt-Ast AbsRet I Acc,1.063
11/12/2013,Janus Henderson Mlt-Ast AbsRet I Acc,1.066
11/13/2013,Janus Henderson Mlt-Ast AbsRet I Acc,1.066
11/14/2013,Janus Henderson Mlt-Ast AbsRet I Acc,1.064
11/15/2013,Janus Henderson Mlt-Ast AbsRet I Acc,1.064
11/16/2013,Janus Henderson Mlt-Ast AbsRet I Acc,1.064
11/17/2013,Janus Henderson Mlt-Ast AbsRet I Acc,1.064
11/18/2013,Janus Henderson Mlt-Ast AbsRet I Acc,1.063
11/19/2013,Janus Henderson Mlt-Ast AbsRet I Acc,1.063
11/20/2013,Janus Henderson Mlt-Ast AbsRet I Acc,1.063
11/21/2013,Janus Henderson Mlt-Ast AbsRet I Acc,1.062
11/22/2013,Janus Henderson Mlt-Ast AbsRet I Acc,1.061
11/23/2013,Janus Henderson Mlt-Ast AbsRet I Acc,1.061
11/24/2013,Janus Henderson Mlt-Ast AbsRet I Acc,1.061
11/25/2013,Janus Henderson Mlt-Ast AbsRet I Acc,1.061
11/26/2013,Janus Henderson Mlt-Ast AbsRet I Acc,1.063
11/27/2013,Janus Henderson Mlt-Ast AbsRet I Acc,1.062
11/28/2013,Janus Henderson Mlt-Ast AbsRet I Acc,1.061
11/29/2013,Janus Henderson Mlt-Ast AbsRet I Acc,1.062
11/30/2013,Janus Henderson Mlt-Ast AbsRet I Acc,1.062
12/01/2013,Janus Henderson Mlt-Ast AbsRet I Acc,1.062
12/02/2013,Janus Henderson Mlt-Ast AbsRet I Acc,1.061
12/03/2013,Janus Henderson Mlt-Ast AbsRet I Acc,1.06
12/04/2013,Janus Henderson Mlt-Ast AbsRet I Acc,1.06
12/05/2013,Janus Henderson Mlt-Ast AbsRet I Acc,1.059
12/06/2013,Janus Henderson Mlt-Ast AbsRet I Acc,1.06
12/07/2013,Janus Henderson Mlt-Ast AbsRet I Acc,1.06
12/08/2013,Janus Henderson Mlt-Ast AbsRet I Acc,1.06
12/09/2013,Janus Henderson Mlt-Ast AbsRet I Acc,1.06
12/10/2013,Janus Henderson Mlt-Ast AbsRet I Acc,1.061
12/11/2013,Janus Henderson Mlt-Ast AbsRet I Acc,1.062
12/12/2013,Janus Henderson Mlt-Ast AbsRet I Acc,1.061
12/13/2013,Janus Henderson Mlt-Ast AbsRet I Acc,1.061
12/14/2013,Janus Henderson Mlt-Ast AbsRet I Acc,1.061
12/15/2013,Janus Henderson Mlt-Ast AbsRet I Acc,1.061
12/16/2013,Janus Henderson Mlt-Ast AbsRet I Acc,1.06
12/17/2013,Janus Henderson Mlt-Ast AbsRet I Acc,1.062
12/18/2013,Janus Henderson Mlt-Ast AbsRet I Acc,1.062
12/19/2013,Janus Henderson Mlt-Ast AbsRet I Acc,1.061
12/20/2013,Janus Henderson Mlt-Ast AbsRet I Acc,1.062
12/21/2013,Janus Henderson Mlt-Ast AbsRet I Acc,1.062
12/22/2013,Janus Henderson Mlt-Ast AbsRet I Acc,1.062
12/23/2013,Janus Henderson Mlt-Ast AbsRet I Acc,1.063
12/24/2013,Janus Henderson Mlt-Ast AbsRet I Acc,1.065
12/25/2013,Janus Henderson Mlt-Ast AbsRet I Acc,1.065
12/26/2013,Janus Henderson Mlt-Ast AbsRet I Acc,1.065
12/27/2013,Janus Henderson Mlt-Ast AbsRet I Acc,1.063
12/28/2013,Janus Henderson Mlt-Ast AbsRet I Acc,1.063
12/29/2013,Janus Henderson Mlt-Ast AbsRet I Acc,1.063
12/30/2013,Janus Henderson Mlt-Ast AbsRet I Acc,1.065
12/31/2013,Janus Henderson Mlt-Ast AbsRet I Acc,1.065
01/01/2014,Janus Henderson Mlt-Ast AbsRet I Acc,1.065
01/02/2014,Janus Henderson Mlt-Ast AbsRet I Acc,1.065
01/03/2014,Janus Henderson Mlt-Ast AbsRet I Acc,1.066
01/04/2014,Janus Henderson Mlt-Ast AbsRet I Acc,1.066
01/05/2014,Janus Henderson Mlt-Ast AbsRet I Acc,1.066
01/06/2014,Janus Henderson Mlt-Ast AbsRet I Acc,1.067
01/07/2014,Janus Henderson Mlt-Ast AbsRet I Acc,1.066
01/08/2014,Janus Henderson Mlt-Ast AbsRet I Acc,1.067
01/09/2014,Janus Henderson Mlt-Ast AbsRet I Acc,1.067
01/10/2014,Janus Henderson Mlt-Ast AbsRet I Acc,1.068
01/11/2014,Janus Henderson Mlt-Ast AbsRet I Acc,1.068
01/12/2014,Janus Henderson Mlt-Ast AbsRet I Acc,1.068
01/13/2014,Janus Henderson Mlt-Ast AbsRet I Acc,1.069
01/14/2014,Janus Henderson Mlt-Ast AbsRet I Acc,1.069
01/15/2014,Janus Henderson Mlt-Ast AbsRet I Acc,1.068
01/16/2014,Janus Henderson Mlt-Ast AbsRet I Acc,1.07
01/17/2014,Janus Henderson Mlt-Ast AbsRet I Acc,1.07
01/18/2014,Janus Henderson Mlt-Ast AbsRet I Acc,1.07
01/19/2014,Janus Henderson Mlt-Ast AbsRet I Acc,1.07
01/20/2014,Janus Henderson Mlt-Ast AbsRet I Acc,1.071
01/21/2014,Janus Henderson Mlt-Ast AbsRet I Acc,1.07
01/22/2014,Janus Henderson Mlt-Ast AbsRet I Acc,1.069
01/23/2014,Janus Henderson Mlt-Ast AbsRet I Acc,1.068
01/24/2014,Janus Henderson Mlt-Ast AbsRet I Acc,1.067
01/25/2014,Janus Henderson Mlt-Ast AbsRet I Acc,1.067
01/26/2014,Janus Henderson Mlt-Ast AbsRet I Acc,1.067
01/27/2014,Janus Henderson Mlt-Ast AbsRet I Acc,1.064
01/28/2014,Janus Henderson Mlt-Ast AbsRet I Acc,1.063
01/29/2014,Janus Henderson Mlt-Ast AbsRet I Acc,1.063
01/30/2014,Janus Henderson Mlt-Ast AbsRet I Acc,1.064
01/31/2014,Janus Henderson Mlt-Ast AbsRet I Acc,1.064
02/01/2014,Janus Henderson Mlt-Ast AbsRet I Acc,1.064
02/02/2014,Janus Henderson Mlt-Ast AbsRet I Acc,1.064
02/03/2014,Janus Henderson Mlt-Ast AbsRet I Acc,1.065
02/04/2014,Janus Henderson Mlt-Ast AbsRet I Acc,1.066
02/05/2014,Janus Henderson Mlt-Ast AbsRet I Acc,1.065
02/06/2014,Janus Henderson Mlt-Ast AbsRet I Acc,1.065
02/07/2014,Janus Henderson Mlt-Ast AbsRet I Acc,1.065
02/08/2014,Janus Henderson Mlt-Ast AbsRet I Acc,1.065
02/09/2014,Janus Henderson Mlt-Ast AbsRet I Acc,1.065
02/10/2014,Janus Henderson Mlt-Ast AbsRet I Acc,1.067
02/11/2014,Janus Henderson Mlt-Ast AbsRet I Acc,1.067
02/12/2014,Janus Henderson Mlt-Ast AbsRet I Acc,1.066
02/13/2014,Janus Henderson Mlt-Ast AbsRet I Acc,1.065
02/14/2014,Janus Henderson Mlt-Ast AbsRet I Acc,1.064
02/15/2014,Janus Henderson Mlt-Ast AbsRet I Acc,1.064
02/16/2014,Janus Henderson Mlt-Ast AbsRet I Acc,1.064
02/17/2014,Janus Henderson Mlt-Ast AbsRet I Acc,1.065
02/18/2014,Janus Henderson Mlt-Ast AbsRet I Acc,1.066
02/19/2014,Janus Henderson Mlt-Ast AbsRet I Acc,1.067
02/20/2014,Janus Henderson Mlt-Ast AbsRet I Acc,1.068
02/21/2014,Janus Henderson Mlt-Ast AbsRet I Acc,1.068
02/22/2014,Janus Henderson Mlt-Ast AbsRet I Acc,1.068
02/23/2014,Janus Henderson Mlt-Ast AbsRet I Acc,1.068
02/24/2014,Janus Henderson Mlt-Ast AbsRet I Acc,1.071
02/25/2014,Janus Henderson Mlt-Ast AbsRet I Acc,1.071
02/26/2014,Janus Henderson Mlt-Ast AbsRet I Acc,1.072
02/27/2014,Janus Henderson Mlt-Ast AbsRet I Acc,1.072
02/28/2014,Janus Henderson Mlt-Ast AbsRet I Acc,1.072
03/01/2014,Janus Henderson Mlt-Ast AbsRet I Acc,1.072
03/02/2014,Janus Henderson Mlt-Ast AbsRet I Acc,1.072
03/03/2014,Janus Henderson Mlt-Ast AbsRet I Acc,1.072
03/04/2014,Janus Henderson Mlt-Ast AbsRet I Acc,1.071
03/05/2014,Janus Henderson Mlt-Ast AbsRet I Acc,1.071
03/06/2014,Janus Henderson Mlt-Ast AbsRet I Acc,1.073
03/07/2014,Janus Henderson Mlt-Ast AbsRet I Acc,1.073
03/08/2014,Janus Henderson Mlt-Ast AbsRet I Acc,1.073
03/09/2014,Janus Henderson Mlt-Ast AbsRet I Acc,1.073
03/10/2014,Janus Henderson Mlt-Ast AbsRet I Acc,1.075
03/11/2014,Janus Henderson Mlt-Ast AbsRet I Acc,1.075
03/12/2014,Janus Henderson Mlt-Ast AbsRet I Acc,1.076
03/13/2014,Janus Henderson Mlt-Ast AbsRet I Acc,1.074
03/14/2014,Janus Henderson Mlt-Ast AbsRet I Acc,1.074
03/15/2014,Janus Henderson Mlt-Ast AbsRet I Acc,1.074
03/16/2014,Janus Henderson Mlt-Ast AbsRet I Acc,1.074
03/17/2014,Janus Henderson Mlt-Ast AbsRet I Acc,1.072
03/18/2014,Janus Henderson Mlt-Ast AbsRet I Acc,1.072
03/19/2014,Janus Henderson Mlt-Ast AbsRet I Acc,1.073
03/20/2014,Janus Henderson Mlt-Ast AbsRet I Acc,1.074
03/21/2014,Janus Henderson Mlt-Ast AbsRet I Acc,1.073
03/22/2014,Janus Henderson Mlt-Ast AbsRet I Acc,1.073
03/23/2014,Janus Henderson Mlt-Ast AbsRet I Acc,1.073
03/24/2014,Janus Henderson Mlt-Ast AbsRet I Acc,1.074
03/25/2014,Janus Henderson Mlt-Ast AbsRet I Acc,1.073
03/26/2014,Janus Henderson Mlt-Ast AbsRet I Acc,1.073
03/27/2014,Janus Henderson Mlt-Ast AbsRet I Acc,1.072
03/28/2014,Janus Henderson Mlt-Ast AbsRet I Acc,1.071
03/29/2014,Janus Henderson Mlt-Ast AbsRet I Acc,1.071
03/30/2014,Janus Henderson Mlt-Ast AbsRet I Acc,1.071
03/31/2014,Janus Henderson Mlt-Ast AbsRet I Acc,1.071
04/01/2014,Janus Henderson Mlt-Ast AbsRet I Acc,1.071
04/02/2014,Janus Henderson Mlt-Ast AbsRet I Acc,1.073
04/03/2014,Janus Henderson Mlt-Ast AbsRet I Acc,1.074
04/04/2014,Janus Henderson Mlt-Ast AbsRet I Acc,1.074
04/05/2014,Janus Henderson Mlt-Ast AbsRet I Acc,1.074
04/06/2014,Janus Henderson Mlt-Ast AbsRet I Acc,1.074
04/07/2014,Janus Henderson Mlt-Ast AbsRet I Acc,1.076
04/08/2014,Janus Henderson Mlt-Ast AbsRet I Acc,1.072
04/09/2014,Janus Henderson Mlt-Ast AbsRet I Acc,1.069
04/10/2014,Janus Henderson Mlt-Ast AbsRet I Acc,1.068
04/11/2014,Janus Henderson Mlt-Ast AbsRet I Acc,1.07
04/12/2014,Janus Henderson Mlt-Ast AbsRet I Acc,1.07
04/13/2014,Janus Henderson Mlt-Ast AbsRet I Acc,1.07
04/14/2014,Janus Henderson Mlt-Ast AbsRet I Acc,1.067
04/15/2014,Janus Henderson Mlt-Ast AbsRet I Acc,1.066
04/16/2014,Janus Henderson Mlt-Ast AbsRet I Acc,1.065
04/17/2014,Janus Henderson Mlt-Ast AbsRet I Acc,1.065
04/18/2014,Janus Henderson Mlt-Ast AbsRet I Acc,1.065
04/19/2014,Janus Henderson Mlt-Ast AbsRet I Acc,1.065
04/20/2014,Janus Henderson Mlt-Ast AbsRet I Acc,1.065
04/21/2014,Janus Henderson Mlt-Ast AbsRet I Acc,1.065
04/22/2014,Janus Henderson Mlt-Ast AbsRet I Acc,1.066
04/23/2014,Janus Henderson Mlt-Ast AbsRet I Acc,1.068
04/24/2014,Janus Henderson Mlt-Ast AbsRet I Acc,1.069
04/25/2014,Janus Henderson Mlt-Ast AbsRet I Acc,1.07
04/26/2014,Janus Henderson Mlt-Ast AbsRet I Acc,1.07
04/27/2014,Janus Henderson Mlt-Ast AbsRet I Acc,1.07
04/28/2014,Janus Henderson Mlt-Ast AbsRet I Acc,1.069
04/29/2014,Janus Henderson Mlt-Ast AbsRet I Acc,1.068
04/30/2014,Janus Henderson Mlt-Ast AbsRet I Acc,1.069
05/01/2014,Janus Henderson Mlt-Ast AbsRet I Acc,1.068
05/02/2014,Janus Henderson Mlt-Ast AbsRet I Acc,1.069
05/03/2014,Janus Henderson Mlt-Ast AbsRet I Acc,1.069
05/04/2014,Janus Henderson Mlt-Ast AbsRet I Acc,1.069
05/05/2014,Janus Henderson Mlt-Ast AbsRet I Acc,1.069
05/06/2014,Janus Henderson Mlt-Ast AbsRet I Acc,1.07
05/07/2014,Janus Henderson Mlt-Ast AbsRet I Acc,1.07
05/08/2014,Janus Henderson Mlt-Ast AbsRet I Acc,1.07
05/09/2014,Janus Henderson Mlt-Ast AbsRet I Acc,1.071
05/10/2014,Janus Henderson Mlt-Ast AbsRet I Acc,1.071
05/11/2014,Janus Henderson Mlt-Ast AbsRet I Acc,1.071
05/12/2014,Janus Henderson Mlt-Ast AbsRet I Acc,1.071
05/13/2014,Janus Henderson Mlt-Ast AbsRet I Acc,1.072
05/14/2014,Janus Henderson Mlt-Ast AbsRet I Acc,1.074
05/15/2014,Janus Henderson Mlt-Ast AbsRet I Acc,1.074
05/16/2014,Janus Henderson Mlt-Ast AbsRet I Acc,1.072
05/17/2014,Janus Henderson Mlt-Ast AbsRet I Acc,1.072
05/18/2014,Janus Henderson Mlt-Ast AbsRet I Acc,1.072
05/19/2014,Janus Henderson Mlt-Ast AbsRet I Acc,1.07
05/20/2014,Janus Henderson Mlt-Ast AbsRet I Acc,1.069
05/21/2014,Janus Henderson Mlt-Ast AbsRet I Acc,1.068
05/22/2014,Janus Henderson Mlt-Ast AbsRet I Acc,1.068
05/23/2014,Janus Henderson Mlt-Ast AbsRet I Acc,1.07
05/24/2014,Janus Henderson Mlt-Ast AbsRet I Acc,1.07
05/25/2014,Janus Henderson Mlt-Ast AbsRet I Acc,1.07
05/26/2014,Janus Henderson Mlt-Ast AbsRet I Acc,1.07
05/27/2014,Janus Henderson Mlt-Ast AbsRet I Acc,1.071
05/28/2014,Janus Henderson Mlt-Ast AbsRet I Acc,1.074
05/29/2014,Janus Henderson Mlt-Ast AbsRet I Acc,1.075
05/30/2014,Janus Henderson Mlt-Ast AbsRet I Acc,1.076
05/31/2014,Janus Henderson Mlt-Ast AbsRet I Acc,1.076
06/01/2014,Janus Henderson Mlt-Ast AbsRet I Acc,1.076
06/02/2014,Janus Henderson Mlt-Ast AbsRet I Acc,1.076
06/03/2014,Janus Henderson Mlt-Ast AbsRet I Acc,1.076
06/04/2014,Janus Henderson Mlt-Ast AbsRet I Acc,1.076
06/05/2014,Janus Henderson Mlt-Ast AbsRet I Acc,1.076
06/06/2014,Janus Henderson Mlt-Ast AbsRet I Acc,1.076
06/07/2014,Janus Henderson Mlt-Ast AbsRet I Acc,1.076
06/08/2014,Janus Henderson Mlt-Ast AbsRet I Acc,1.076
06/09/2014,Janus Henderson Mlt-Ast AbsRet I Acc,1.077
06/10/2014,Janus Henderson Mlt-Ast AbsRet I Acc,1.078
06/11/2014,Janus Henderson Mlt-Ast AbsRet I Acc,1.079
06/12/2014,Janus Henderson Mlt-Ast AbsRet I Acc,1.079
06/13/2014,Janus Henderson Mlt-Ast AbsRet I Acc,1.077
06/14/2014,Janus Henderson Mlt-Ast AbsRet I Acc,1.077
06/15/2014,Janus Henderson Mlt-Ast AbsRet I Acc,1.077
06/16/2014,Janus Henderson Mlt-Ast AbsRet I Acc,1.075
06/17/2014,Janus Henderson Mlt-Ast AbsRet I Acc,1.074
06/18/2014,Janus Henderson Mlt-Ast AbsRet I Acc,1.074
06/19/2014,Janus Henderson Mlt-Ast AbsRet I Acc,1.074
06/20/2014,Janus Henderson Mlt-Ast AbsRet I Acc,1.075
06/21/2014,Janus Henderson Mlt-Ast AbsRet I Acc,1.075
06/22/2014,Janus Henderson Mlt-Ast AbsRet I Acc,1.075
06/23/2014,Janus Henderson Mlt-Ast AbsRet I Acc,1.074
06/24/2014,Janus Henderson Mlt-Ast AbsRet I Acc,1.075
06/25/2014,Janus Henderson Mlt-Ast AbsRet I Acc,1.075
06/26/2014,Janus Henderson Mlt-Ast AbsRet I Acc,1.073
06/27/2014,Janus Henderson Mlt-Ast AbsRet I Acc,1.074
06/28/2014,Janus Henderson Mlt-Ast AbsRet I Acc,1.074
06/29/2014,Janus Henderson Mlt-Ast AbsRet I Acc,1.074
06/30/2014,Janus Henderson Mlt-Ast AbsRet I Acc,1.073
07/01/2014,Janus Henderson Mlt-Ast AbsRet I Acc,1.073
07/02/2014,Janus Henderson Mlt-Ast AbsRet I Acc,1.073
07/03/2014,Janus Henderson Mlt-Ast AbsRet I Acc,1.073
07/04/2014,Janus Henderson Mlt-Ast AbsRet I Acc,1.074
07/05/2014,Janus Henderson Mlt-Ast AbsRet I Acc,1.074
07/06/2014,Janus Henderson Mlt-Ast AbsRet I Acc,1.074
07/07/2014,Janus Henderson Mlt-Ast AbsRet I Acc,1.073
07/08/2014,Janus Henderson Mlt-Ast AbsRet I Acc,1.074
07/09/2014,Janus Henderson Mlt-Ast AbsRet I Acc,1.073
07/10/2014,Janus Henderson Mlt-Ast AbsRet I Acc,1.073
07/11/2014,Janus Henderson Mlt-Ast AbsRet I Acc,1.071
07/12/2014,Janus Henderson Mlt-Ast AbsRet I Acc,1.071
07/13/2014,Janus Henderson Mlt-Ast AbsRet I Acc,1.071
07/14/2014,Janus Henderson Mlt-Ast AbsRet I Acc,1.07
07/15/2014,Janus Henderson Mlt-Ast AbsRet I Acc,1.07
07/16/2014,Janus Henderson Mlt-Ast AbsRet I Acc,1.069
07/17/2014,Janus Henderson Mlt-Ast AbsRet I Acc,1.069
07/18/2014,Janus Henderson Mlt-Ast AbsRet I Acc,1.071
07/19/2014,Janus Henderson Mlt-Ast AbsRet I Acc,1.071
07/20/2014,Janus Henderson Mlt-Ast AbsRet I Acc,1.071
07/21/2014,Janus Henderson Mlt-Ast AbsRet I Acc,1.069
07/22/2014,Janus Henderson Mlt-Ast AbsRet I Acc,1.07
07/23/2014,Janus Henderson Mlt-Ast AbsRet I Acc,1.071
07/24/2014,Janus Henderson Mlt-Ast AbsRet I Acc,1.071
07/25/2014,Janus Henderson Mlt-Ast AbsRet I Acc,1.072
07/26/2014,Janus Henderson Mlt-Ast AbsRet I Acc,1.072
07/27/2014,Janus Henderson Mlt-Ast AbsRet I Acc,1.072
07/28/2014,Janus Henderson Mlt-Ast AbsRet I Acc,1.072
07/29/2014,Janus Henderson Mlt-Ast AbsRet I Acc,1.071
07/30/2014,Janus Henderson Mlt-Ast AbsRet I Acc,1.072
07/31/2014,Janus Henderson Mlt-Ast AbsRet I Acc,1.073
08/01/2014,Janus Henderson Mlt-Ast AbsRet I Acc,1.073
08/02/2014,Janus Henderson Mlt-Ast AbsRet I Acc,1.073
08/03/2014,Janus Henderson Mlt-Ast AbsRet I Acc,1.073
08/04/2014,Janus Henderson Mlt-Ast AbsRet I Acc,1.072
08/05/2014,Janus Henderson Mlt-Ast AbsRet I Acc,1.071
08/06/2014,Janus Henderson Mlt-Ast AbsRet I Acc,1.071
08/07/2014,Janus Henderson Mlt-Ast AbsRet I Acc,1.069
08/08/2014,Janus Henderson Mlt-Ast AbsRet I Acc,1.07
08/09/2014,Janus Henderson Mlt-Ast AbsRet I Acc,1.07
08/10/2014,Janus Henderson Mlt-Ast AbsRet I Acc,1.07
08/11/2014,Janus Henderson Mlt-Ast AbsRet I Acc,1.068
08/12/2014,Janus Henderson Mlt-Ast AbsRet I Acc,1.07
08/13/2014,Janus Henderson Mlt-Ast AbsRet I Acc,1.071
08/14/2014,Janus Henderson Mlt-Ast AbsRet I Acc,1.072
08/15/2014,Janus Henderson Mlt-Ast AbsRet I Acc,1.073
08/16/2014,Janus Henderson Mlt-Ast AbsRet I Acc,1.073
08/17/2014,Janus Henderson Mlt-Ast AbsRet I Acc,1.073
08/18/2014,Janus Henderson Mlt-Ast AbsRet I Acc,1.073
08/19/2014,Janus Henderson Mlt-Ast AbsRet I Acc,1.075
08/20/2014,Janus Henderson Mlt-Ast AbsRet I Acc,1.076
08/21/2014,Janus Henderson Mlt-Ast AbsRet I Acc,1.076
08/22/2014,Janus Henderson Mlt-Ast AbsRet I Acc,1.078
08/23/2014,Janus Henderson Mlt-Ast AbsRet I Acc,1.078
08/24/2014,Janus Henderson Mlt-Ast AbsRet I Acc,1.078
08/25/2014,Janus Henderson Mlt-Ast AbsRet I Acc,1.078
08/26/2014,Janus Henderson Mlt-Ast AbsRet I Acc,1.08
08/27/2014,Janus Henderson Mlt-Ast AbsRet I Acc,1.08
08/28/2014,Janus Henderson Mlt-Ast AbsRet I Acc,1.081
08/29/2014,Janus Henderson Mlt-Ast AbsRet I Acc,1.08
08/30/2014,Janus Henderson Mlt-Ast AbsRet I Acc,1.08
08/31/2014,Janus Henderson Mlt-Ast AbsRet I Acc,1.08
09/01/2014,Janus Henderson Mlt-Ast AbsRet I Acc,1.08
09/02/2014,Janus Henderson Mlt-Ast AbsRet I Acc,1.08
09/03/2014,Janus Henderson Mlt-Ast AbsRet I Acc,1.082
09/04/2014,Janus Henderson Mlt-Ast AbsRet I Acc,1.084
09/05/2014,Janus Henderson Mlt-Ast AbsRet I Acc,1.085
09/06/2014,Janus Henderson Mlt-Ast AbsRet I Acc,1.085
09/07/2014,Janus Henderson Mlt-Ast AbsRet I Acc,1.085
09/08/2014,Janus Henderson Mlt-Ast AbsRet I Acc,1.087
09/09/2014,Janus Henderson Mlt-Ast AbsRet I Acc,1.087
09/10/2014,Janus Henderson Mlt-Ast AbsRet I Acc,1.087
09/11/2014,Janus Henderson Mlt-Ast AbsRet I Acc,1.086
09/12/2014,Janus Henderson Mlt-Ast AbsRet I Acc,1.085
09/13/2014,Janus Henderson Mlt-Ast AbsRet I Acc,1.085
09/14/2014,Janus Henderson Mlt-Ast AbsRet I Acc,1.085
09/15/2014,Janus Henderson Mlt-Ast AbsRet I Acc,1.085
09/16/2014,Janus Henderson Mlt-Ast AbsRet I Acc,1.085
09/17/2014,Janus Henderson Mlt-Ast AbsRet I Acc,1.084
09/18/2014,Janus Henderson Mlt-Ast AbsRet I Acc,1.082
09/19/2014,Janus Henderson Mlt-Ast AbsRet I Acc,1.082
09/20/2014,Janus Henderson Mlt-Ast AbsRet I Acc,1.082
09/21/2014,Janus Henderson Mlt-Ast AbsRet I Acc,1.082
09/22/2014,Janus Henderson Mlt-Ast AbsRet I Acc,1.084
09/23/2014,Janus Henderson Mlt-Ast AbsRet I Acc,1.084
09/24/2014,Janus Henderson Mlt-Ast AbsRet I Acc,1.081
09/25/2014,Janus Henderson Mlt-Ast AbsRet I Acc,1.081
09/26/2014,Janus Henderson Mlt-Ast AbsRet I Acc,1.082
09/27/2014,Janus Henderson Mlt-Ast AbsRet I Acc,1.082
09/28/2014,Janus Henderson Mlt-Ast AbsRet I Acc,1.082
09/29/2014,Janus Henderson Mlt-Ast AbsRet I Acc,1.082
09/30/2014,Janus Henderson Mlt-Ast AbsRet I Acc,1.082
10/01/2014,Janus Henderson Mlt-Ast AbsRet I Acc,1.082
10/02/2014,Janus Henderson Mlt-Ast AbsRet I Acc,1.082
10/03/2014,Janus Henderson Mlt-Ast AbsRet I Acc,1.08
10/04/2014,Janus Henderson Mlt-Ast AbsRet I Acc,1.08
10/05/2014,Janus Henderson Mlt-Ast AbsRet I Acc,1.08
10/06/2014,Janus Henderson Mlt-Ast AbsRet I Acc,1.081
10/07/2014,Janus Henderson Mlt-Ast AbsRet I Acc,1.082
10/08/2014,Janus Henderson Mlt-Ast AbsRet I Acc,1.08
10/09/2014,Janus Henderson Mlt-Ast AbsRet I Acc,1.077
10/10/2014,Janus Henderson Mlt-Ast AbsRet I Acc,1.078
10/11/2014,Janus Henderson Mlt-Ast AbsRet I Acc,1.078
10/12/2014,Janus Henderson Mlt-Ast AbsRet I Acc,1.078
10/13/2014,Janus Henderson Mlt-Ast AbsRet I Acc,1.073
10/14/2014,Janus Henderson Mlt-Ast AbsRet I Acc,1.073
10/15/2014,Janus Henderson Mlt-Ast AbsRet I Acc,1.071
10/16/2014,Janus Henderson Mlt-Ast AbsRet I Acc,1.068
10/17/2014,Janus Henderson Mlt-Ast AbsRet I Acc,1.064
10/18/2014,Janus Henderson Mlt-Ast AbsRet I Acc,1.064
10/19/2014,Janus Henderson Mlt-Ast AbsRet I Acc,1.064
10/20/2014,Janus Henderson Mlt-Ast AbsRet I Acc,1.065
10/21/2014,Janus Henderson Mlt-Ast AbsRet I Acc,1.067
10/22/2014,Janus Henderson Mlt-Ast AbsRet I Acc,1.068
10/23/2014,Janus Henderson Mlt-Ast AbsRet I Acc,1.072
10/24/2014,Janus Henderson Mlt-Ast AbsRet I Acc,1.073
10/25/2014,Janus Henderson Mlt-Ast AbsRet I Acc,1.073
10/26/2014,Janus Henderson Mlt-Ast AbsRet I Acc,1.073
10/27/2014,Janus Henderson Mlt-Ast AbsRet I Acc,1.072
10/28/2014,Janus Henderson Mlt-Ast AbsRet I Acc,1.072
10/29/2014,Janus Henderson Mlt-Ast AbsRet I Acc,1.073
10/30/2014,Janus Henderson Mlt-Ast AbsRet I Acc,1.075
10/31/2014,Janus Henderson Mlt-Ast AbsRet I Acc,1.075
11/01/2014,Janus Henderson Mlt-Ast AbsRet I Acc,1.075
11/02/2014,Janus Henderson Mlt-Ast AbsRet I Acc,1.075
11/03/2014,Janus Henderson Mlt-Ast AbsRet I Acc,1.077
11/04/2014,Janus Henderson Mlt-Ast AbsRet I Acc,1.076
11/05/2014,Janus Henderson Mlt-Ast AbsRet I Acc,1.076
11/06/2014,Janus Henderson Mlt-Ast AbsRet I Acc,1.076
11/07/2014,Janus Henderson Mlt-Ast AbsRet I Acc,1.078
11/08/2014,Janus Henderson Mlt-Ast AbsRet I Acc,1.078
11/09/2014,Janus Henderson Mlt-Ast AbsRet I Acc,1.078
11/10/2014,Janus Henderson Mlt-Ast AbsRet I Acc,1.079
11/11/2014,Janus Henderson Mlt-Ast AbsRet I Acc,1.078
11/12/2014,Janus Henderson Mlt-Ast AbsRet I Acc,1.079
11/13/2014,Janus Henderson Mlt-Ast AbsRet I Acc,1.081
11/14/2014,Janus Henderson Mlt-Ast AbsRet I Acc,1.082
11/15/2014,Janus Henderson Mlt-Ast AbsRet I Acc,1.082
11/16/2014,Janus Henderson Mlt-Ast AbsRet I Acc,1.082
11/17/2014,Janus Henderson Mlt-Ast AbsRet I Acc,1.084
11/18/2014,Janus Henderson Mlt-Ast AbsRet I Acc,1.084
11/19/2014,Janus Henderson Mlt-Ast AbsRet I Acc,1.085
11/20/2014,Janus Henderson Mlt-Ast AbsRet I Acc,1.085
11/21/2014,Janus Henderson Mlt-Ast AbsRet I Acc,1.085
11/22/2014,Janus Henderson Mlt-Ast AbsRet I Acc,1.085
11/23/2014,Janus Henderson Mlt-Ast AbsRet I Acc,1.085
11/24/2014,Janus Henderson Mlt-Ast AbsRet I Acc,1.086
11/25/2014,Janus Henderson Mlt-Ast AbsRet I Acc,1.087
11/26/2014,Janus Henderson Mlt-Ast AbsRet I Acc,1.086
11/27/2014,Janus Henderson Mlt-Ast AbsRet I Acc,1.085
11/28/2014,Janus Henderson Mlt-Ast AbsRet I Acc,1.085
11/29/2014,Janus Henderson Mlt-Ast AbsRet I Acc,1.085
11/30/2014,Janus Henderson Mlt-Ast AbsRet I Acc,1.085
12/01/2014,Janus Henderson Mlt-Ast AbsRet I Acc,1.083
12/02/2014,Janus Henderson Mlt-Ast AbsRet I Acc,1.084
12/03/2014,Janus Henderson Mlt-Ast AbsRet I Acc,1.085
12/04/2014,Janus Henderson Mlt-Ast AbsRet I Acc,1.085
12/05/2014,Janus Henderson Mlt-Ast AbsRet I Acc,1.085
12/06/2014,Janus Henderson Mlt-Ast AbsRet I Acc,1.085
12/07/2014,Janus Henderson Mlt-Ast AbsRet I Acc,1.085
12/08/2014,Janus Henderson Mlt-Ast AbsRet I Acc,1.085
12/09/2014,Janus Henderson Mlt-Ast AbsRet I Acc,1.086
12/10/2014,Janus Henderson Mlt-Ast AbsRet I Acc,1.084
12/11/2014,Janus Henderson Mlt-Ast AbsRet I Acc,1.082
12/12/2014,Janus Henderson Mlt-Ast AbsRet I Acc,1.08
12/13/2014,Janus Henderson Mlt-Ast AbsRet I Acc,1.08
12/14/2014,Janus Henderson Mlt-Ast AbsRet I Acc,1.08
12/15/2014,Janus Henderson Mlt-Ast AbsRet I Acc,1.078
12/16/2014,Janus Henderson Mlt-Ast AbsRet I Acc,1.074
12/17/2014,Janus Henderson Mlt-Ast AbsRet I Acc,1.07
12/18/2014,Janus Henderson Mlt-Ast AbsRet I Acc,1.073
12/19/2014,Janus Henderson Mlt-Ast AbsRet I Acc,1.076
12/20/2014,Janus Henderson Mlt-Ast AbsRet I Acc,1.076
12/21/2014,Janus Henderson Mlt-Ast AbsRet I Acc,1.076
12/22/2014,Janus Henderson Mlt-Ast AbsRet I Acc,1.079
12/23/2014,Janus Henderson Mlt-Ast AbsRet I Acc,1.081
12/24/2014,Janus Henderson Mlt-Ast AbsRet I Acc,1.083
12/25/2014,Janus Henderson Mlt-Ast AbsRet I Acc,1.083
12/26/2014,Janus Henderson Mlt-Ast AbsRet I Acc,1.083
12/27/2014,Janus Henderson Mlt-Ast AbsRet I Acc,1.083
12/28/2014,Janus Henderson Mlt-Ast AbsRet I Acc,1.083
12/29/2014,Janus Henderson Mlt-Ast AbsRet I Acc,1.084
12/30/2014,Janus Henderson Mlt-Ast AbsRet I Acc,1.083
12/31/2014,Janus Henderson Mlt-Ast AbsRet I Acc,1.082
01/01/2015,Janus Henderson Mlt-Ast AbsRet I Acc,1.082
01/02/2015,Janus Henderson Mlt-Ast AbsRet I Acc,1.084
01/03/2015,Janus Henderson Mlt-Ast AbsRet I Acc,1.084
01/04/2015,Janus Henderson Mlt-Ast AbsRet I Acc,1.084
01/05/2015,Janus Henderson Mlt-Ast AbsRet I Acc,1.087
01/06/2015,Janus Henderson Mlt-Ast AbsRet I Acc,1.088
01/07/2015,Janus Henderson Mlt-Ast AbsRet I Acc,1.087
01/08/2015,Janus Henderson Mlt-Ast AbsRet I Acc,1.089
01/09/2015,Janus Henderson Mlt-Ast AbsRet I Acc,1.091
01/10/2015,Janus Henderson Mlt-Ast AbsRet I Acc,1.091
01/11/2015,Janus Henderson Mlt-Ast AbsRet I Acc,1.091
01/12/2015,Janus Henderson Mlt-Ast AbsRet I Acc,1.092
01/13/2015,Janus Henderson Mlt-Ast AbsRet I Acc,1.091
01/14/2015,Janus Henderson Mlt-Ast AbsRet I Acc,1.091
01/15/2015,Janus Henderson Mlt-Ast AbsRet I Acc,1.09
01/16/2015,Janus Henderson Mlt-Ast AbsRet I Acc,1.091
01/17/2015,Janus Henderson Mlt-Ast AbsRet I Acc,1.091
01/18/2015,Janus Henderson Mlt-Ast AbsRet I Acc,1.091
01/19/2015,Janus Henderson Mlt-Ast AbsRet I Acc,1.094
01/20/2015,Janus Henderson Mlt-Ast AbsRet I Acc,1.095
01/21/2015,Janus Henderson Mlt-Ast AbsRet I Acc,1.098
01/22/2015,Janus Henderson Mlt-Ast AbsRet I Acc,1.097
01/23/2015,Janus Henderson Mlt-Ast AbsRet I Acc,1.102
01/24/2015,Janus Henderson Mlt-Ast AbsRet I Acc,1.102
01/25/2015,Janus Henderson Mlt-Ast AbsRet I Acc,1.102
01/26/2015,Janus Henderson Mlt-Ast AbsRet I Acc,1.103
01/27/2015,Janus Henderson Mlt-Ast AbsRet I Acc,1.102
01/28/2015,Janus Henderson Mlt-Ast AbsRet I Acc,1.102
01/29/2015,Janus Henderson Mlt-Ast AbsRet I Acc,1.102
01/30/2015,Janus Henderson Mlt-Ast AbsRet I Acc,1.102
01/31/2015,Janus Henderson Mlt-Ast AbsRet I Acc,1.102
02/01/2015,Janus Henderson Mlt-Ast AbsRet I Acc,1.102
02/02/2015,Janus Henderson Mlt-Ast AbsRet I Acc,1.104
02/03/2015,Janus Henderson Mlt-Ast AbsRet I Acc,1.105
02/04/2015,Janus Henderson Mlt-Ast AbsRet I Acc,1.104
02/05/2015,Janus Henderson Mlt-Ast AbsRet I Acc,1.103
02/06/2015,Janus Henderson Mlt-Ast AbsRet I Acc,1.102
02/07/2015,Janus Henderson Mlt-Ast AbsRet I Acc,1.102
02/08/2015,Janus Henderson Mlt-Ast AbsRet I Acc,1.102
02/09/2015,Janus Henderson Mlt-Ast AbsRet I Acc,1.101
02/10/2015,Janus Henderson Mlt-Ast AbsRet I Acc,1.1
02/11/2015,Janus Henderson Mlt-Ast AbsRet I Acc,1.099
02/12/2015,Janus Henderson Mlt-Ast AbsRet I Acc,1.098
02/13/2015,Janus Henderson Mlt-Ast AbsRet I Acc,1.099
02/14/2015,Janus Henderson Mlt-Ast AbsRet I Acc,1.099
02/15/2015,Janus Henderson Mlt-Ast AbsRet I Acc,1.099
02/16/2015,Janus Henderson Mlt-Ast AbsRet I Acc,1.101
02/17/2015,Janus Henderson Mlt-Ast AbsRet I Acc,1.102
02/18/2015,Janus Henderson Mlt-Ast AbsRet I Acc,1.101
02/19/2015,Janus Henderson Mlt-Ast AbsRet I Acc,1.102
02/20/2015,Janus Henderson Mlt-Ast AbsRet I Acc,1.103
02/21/2015,Janus Henderson Mlt-Ast AbsRet I Acc,1.103
02/22/2015,Janus Henderson Mlt-Ast AbsRet I Acc,1.103
02/23/2015,Janus Henderson Mlt-Ast AbsRet I Acc,1.104
02/24/2015,Janus Henderson Mlt-Ast AbsRet I Acc,1.104
02/25/2015,Janus Henderson Mlt-Ast AbsRet I Acc,1.104
02/26/2015,Janus Henderson Mlt-Ast AbsRet I Acc,1.105
02/27/2015,Janus Henderson Mlt-Ast AbsRet I Acc,1.107
02/28/2015,Janus Henderson Mlt-Ast AbsRet I Acc,1.107
03/01/2015,Janus Henderson Mlt-Ast AbsRet I Acc,1.107
03/02/2015,Janus Henderson Mlt-Ast AbsRet I Acc,1.108
03/03/2015,Janus Henderson Mlt-Ast AbsRet I Acc,1.109
03/04/2015,Janus Henderson Mlt-Ast AbsRet I Acc,1.11
03/05/2015,Janus Henderson Mlt-Ast AbsRet I Acc,1.109
03/06/2015,Janus Henderson Mlt-Ast AbsRet I Acc,1.112
03/07/2015,Janus Henderson Mlt-Ast AbsRet I Acc,1.112
03/08/2015,Janus Henderson Mlt-Ast AbsRet I Acc,1.112
03/09/2015,Janus Henderson Mlt-Ast AbsRet I Acc,1.114
03/10/2015,Janus Henderson Mlt-Ast AbsRet I Acc,1.113
03/11/2015,Janus Henderson Mlt-Ast AbsRet I Acc,1.111
03/12/2015,Janus Henderson Mlt-Ast AbsRet I Acc,1.11
03/13/2015,Janus Henderson Mlt-Ast AbsRet I Acc,1.115
03/14/2015,Janus Henderson Mlt-Ast AbsRet I Acc,1.115
03/15/2015,Janus Henderson Mlt-Ast AbsRet I Acc,1.115
03/16/2015,Janus Henderson Mlt-Ast AbsRet I Acc,1.116
03/17/2015,Janus Henderson Mlt-Ast AbsRet I Acc,1.116
03/18/2015,Janus Henderson Mlt-Ast AbsRet I Acc,1.118
03/19/2015,Janus Henderson Mlt-Ast AbsRet I Acc,1.116
03/20/2015,Janus Henderson Mlt-Ast AbsRet I Acc,1.118
03/21/2015,Janus Henderson Mlt-Ast AbsRet I Acc,1.118
03/22/2015,Janus Henderson Mlt-Ast AbsRet I Acc,1.118
03/23/2015,Janus Henderson Mlt-Ast AbsRet I Acc,1.119
03/24/2015,Janus Henderson Mlt-Ast AbsRet I Acc,1.119
03/25/2015,Janus Henderson Mlt-Ast AbsRet I Acc,1.12
03/26/2015,Janus Henderson Mlt-Ast AbsRet I Acc,1.119
03/27/2015,Janus Henderson Mlt-Ast AbsRet I Acc,1.118
03/28/2015,Janus Henderson Mlt-Ast AbsRet I Acc,1.118
03/29/2015,Janus Henderson Mlt-Ast AbsRet I Acc,1.118
03/30/2015,Janus Henderson Mlt-Ast AbsRet I Acc,1.119
03/31/2015,Janus Henderson Mlt-Ast AbsRet I Acc,1.121
04/01/2015,Janus Henderson Mlt-Ast AbsRet I Acc,1.121
04/02/2015,Janus Henderson Mlt-Ast AbsRet I Acc,1.123
04/03/2015,Janus Henderson Mlt-Ast AbsRet I Acc,1.123
04/04/2015,Janus Henderson Mlt-Ast AbsRet I Acc,1.123
04/05/2015,Janus Henderson Mlt-Ast AbsRet I Acc,1.123
04/06/2015,Janus Henderson Mlt-Ast AbsRet I Acc,1.123
04/07/2015,Janus Henderson Mlt-Ast AbsRet I Acc,1.123
04/08/2015,Janus Henderson Mlt-Ast AbsRet I Acc,1.125
04/09/2015,Janus Henderson Mlt-Ast AbsRet I Acc,1.127
04/10/2015,Janus Henderson Mlt-Ast AbsRet I Acc,1.131
04/11/2015,Janus Henderson Mlt-Ast AbsRet I Acc,1.131
04/12/2015,Janus Henderson Mlt-Ast AbsRet I Acc,1.131
04/13/2015,Janus Henderson Mlt-Ast AbsRet I Acc,1.133
04/14/2015,Janus Henderson Mlt-Ast AbsRet I Acc,1.132
04/15/2015,Janus Henderson Mlt-Ast AbsRet I Acc,1.132
04/16/2015,Janus Henderson Mlt-Ast AbsRet I Acc,1.131
04/17/2015,Janus Henderson Mlt-Ast AbsRet I Acc,1.129
04/18/2015,Janus Henderson Mlt-Ast AbsRet I Acc,1.129
04/19/2015,Janus Henderson Mlt-Ast AbsRet I Acc,1.129
04/20/2015,Janus Henderson Mlt-Ast AbsRet I Acc,1.126
04/21/2015,Janus Henderson Mlt-Ast AbsRet I Acc,1.125
04/22/2015,Janus Henderson Mlt-Ast AbsRet I Acc,1.125
04/23/2015,Janus Henderson Mlt-Ast AbsRet I Acc,1.123
04/24/2015,Janus Henderson Mlt-Ast AbsRet I Acc,1.123
04/25/2015,Janus Henderson Mlt-Ast AbsRet I Acc,1.123
04/26/2015,Janus Henderson Mlt-Ast AbsRet I Acc,1.123
04/27/2015,Janus Henderson Mlt-Ast AbsRet I Acc,1.122
04/28/2015,Janus Henderson Mlt-Ast AbsRet I Acc,1.123
04/29/2015,Janus Henderson Mlt-Ast AbsRet I Acc,1.121
04/30/2015,Janus Henderson Mlt-Ast AbsRet I Acc,1.12
05/01/2015,Janus Henderson Mlt-Ast AbsRet I Acc,1.118
05/02/2015,Janus Henderson Mlt-Ast AbsRet I Acc,1.118
05/03/2015,Janus Henderson Mlt-Ast AbsRet I Acc,1.118
05/04/2015,Janus Henderson Mlt-Ast AbsRet I Acc,1.118
05/05/2015,Janus Henderson Mlt-Ast AbsRet I Acc,1.122
05/06/2015,Janus Henderson Mlt-Ast AbsRet I Acc,1.122
05/07/2015,Janus Henderson Mlt-Ast AbsRet I Acc,1.12
05/08/2015,Janus Henderson Mlt-Ast AbsRet I Acc,1.119
05/09/2015,Janus Henderson Mlt-Ast AbsRet I Acc,1.119
05/10/2015,Janus Henderson Mlt-Ast AbsRet I Acc,1.119
05/11/2015,Janus Henderson Mlt-Ast AbsRet I Acc,1.119
05/12/2015,Janus Henderson Mlt-Ast AbsRet I Acc,1.118
05/13/2015,Janus Henderson Mlt-Ast AbsRet I Acc,1.115
05/14/2015,Janus Henderson Mlt-Ast AbsRet I Acc,1.115
05/15/2015,Janus Henderson Mlt-Ast AbsRet I Acc,1.115
05/16/2015,Janus Henderson Mlt-Ast AbsRet I Acc,1.115
05/17/2015,Janus Henderson Mlt-Ast AbsRet I Acc,1.115
05/18/2015,Janus Henderson Mlt-Ast AbsRet I Acc,1.117
05/19/2015,Janus Henderson Mlt-Ast AbsRet I Acc,1.118
05/20/2015,Janus Henderson Mlt-Ast AbsRet I Acc,1.119
05/21/2015,Janus Henderson Mlt-Ast AbsRet I Acc,1.118
05/22/2015,Janus Henderson Mlt-Ast AbsRet I Acc,1.119
05/23/2015,Janus Henderson Mlt-Ast AbsRet I Acc,1.119
05/24/2015,Janus Henderson Mlt-Ast AbsRet I Acc,1.119
05/25/2015,Janus Henderson Mlt-Ast AbsRet I Acc,1.119
05/26/2015,Janus Henderson Mlt-Ast AbsRet I Acc,1.121
05/27/2015,Janus Henderson Mlt-Ast AbsRet I Acc,1.12
05/28/2015,Janus Henderson Mlt-Ast AbsRet I Acc,1.12
05/29/2015,Janus Henderson Mlt-Ast AbsRet I Acc,1.122
05/30/2015,Janus Henderson Mlt-Ast AbsRet I Acc,1.122
05/31/2015,Janus Henderson Mlt-Ast AbsRet I Acc,1.122
06/01/2015,Janus Henderson Mlt-Ast AbsRet I Acc,1.123
06/02/2015,Janus Henderson Mlt-Ast AbsRet I Acc,1.122
06/03/2015,Janus Henderson Mlt-Ast AbsRet I Acc,1.122
06/04/2015,Janus Henderson Mlt-Ast AbsRet I Acc,1.121
06/05/2015,Janus Henderson Mlt-Ast AbsRet I Acc,1.12
06/06/2015,Janus Henderson Mlt-Ast AbsRet I Acc,1.12
06/07/2015,Janus Henderson Mlt-Ast AbsRet I Acc,1.12
06/08/2015,Janus Henderson Mlt-Ast AbsRet I Acc,1.12
06/09/2015,Janus Henderson Mlt-Ast AbsRet I Acc,1.118
06/10/2015,Janus Henderson Mlt-Ast AbsRet I Acc,1.115
06/11/2015,Janus Henderson Mlt-Ast AbsRet I Acc,1.114
06/12/2015,Janus Henderson Mlt-Ast AbsRet I Acc,1.114
06/13/2015,Janus Henderson Mlt-Ast AbsRet I Acc,1.114
06/14/2015,Janus Henderson Mlt-Ast AbsRet I Acc,1.114
06/15/2015,Janus Henderson Mlt-Ast AbsRet I Acc,1.113
06/16/2015,Janus Henderson Mlt-Ast AbsRet I Acc,1.111
06/17/2015,Janus Henderson Mlt-Ast AbsRet I Acc,1.106
06/18/2015,Janus Henderson Mlt-Ast AbsRet I Acc,1.104
06/19/2015,Janus Henderson Mlt-Ast AbsRet I Acc,1.104
06/20/2015,Janus Henderson Mlt-Ast AbsRet I Acc,1.104
06/21/2015,Janus Henderson Mlt-Ast AbsRet I Acc,1.104
06/22/2015,Janus Henderson Mlt-Ast AbsRet I Acc,1.105
06/23/2015,Janus Henderson Mlt-Ast AbsRet I Acc,1.106
06/24/2015,Janus Henderson Mlt-Ast AbsRet I Acc,1.107
06/25/2015,Janus Henderson Mlt-Ast AbsRet I Acc,1.109
06/26/2015,Janus Henderson Mlt-Ast AbsRet I Acc,1.109
06/27/2015,Janus Henderson Mlt-Ast AbsRet I Acc,1.109
06/28/2015,Janus Henderson Mlt-Ast AbsRet I Acc,1.109
06/29/2015,Janus Henderson Mlt-Ast AbsRet I Acc,1.108
06/30/2015,Janus Henderson Mlt-Ast AbsRet I Acc,1.107
07/01/2015,Janus Henderson Mlt-Ast AbsRet I Acc,1.106
07/02/2015,Janus Henderson Mlt-Ast AbsRet I Acc,1.107
07/03/2015,Janus Henderson Mlt-Ast AbsRet I Acc,1.108
07/04/2015,Janus Henderson Mlt-Ast AbsRet I Acc,1.108
07/05/2015,Janus Henderson Mlt-Ast AbsRet I Acc,1.108
07/06/2015,Janus Henderson Mlt-Ast AbsRet I Acc,1.107
07/07/2015,Janus Henderson Mlt-Ast AbsRet I Acc,1.106
07/08/2015,Janus Henderson Mlt-Ast AbsRet I Acc,1.103
07/09/2015,Janus Henderson Mlt-Ast AbsRet I Acc,1.101
07/10/2015,Janus Henderson Mlt-Ast AbsRet I Acc,1.1
07/11/2015,Janus Henderson Mlt-Ast AbsRet I Acc,1.1
07/12/2015,Janus Henderson Mlt-Ast AbsRet I Acc,1.1
07/13/2015,Janus Henderson Mlt-Ast AbsRet I Acc,1.101
07/14/2015,Janus Henderson Mlt-Ast AbsRet I Acc,1.103
07/15/2015,Janus Henderson Mlt-Ast AbsRet I Acc,1.103
07/16/2015,Janus Henderson Mlt-Ast AbsRet I Acc,1.104
07/17/2015,Janus Henderson Mlt-Ast AbsRet I Acc,1.105
07/18/2015,Janus Henderson Mlt-Ast AbsRet I Acc,1.105
07/19/2015,Janus Henderson Mlt-Ast AbsRet I Acc,1.105
07/20/2015,Janus Henderson Mlt-Ast AbsRet I Acc,1.106
07/21/2015,Janus Henderson Mlt-Ast AbsRet I Acc,1.105
07/22/2015,Janus Henderson Mlt-Ast AbsRet I Acc,1.106
07/23/2015,Janus Henderson Mlt-Ast AbsRet I Acc,1.107
07/24/2015,Janus Henderson Mlt-Ast AbsRet I Acc,1.107
07/25/2015,Janus Henderson Mlt-Ast AbsRet I Acc,1.107
07/26/2015,Janus Henderson Mlt-Ast AbsRet I Acc,1.107
07/27/2015,Janus Henderson Mlt-Ast AbsRet I Acc,1.106
07/28/2015,Janus Henderson Mlt-Ast AbsRet I Acc,1.104
07/29/2015,Janus Henderson Mlt-Ast AbsRet I Acc,1.102
07/30/2015,Janus Henderson Mlt-Ast AbsRet I Acc,1.101
07/31/2015,Janus Henderson Mlt-Ast AbsRet I Acc,1.102
08/01/2015,Janus Henderson Mlt-Ast AbsRet I Acc,1.102
08/02/2015,Janus Henderson Mlt-Ast AbsRet I Acc,1.102
08/03/2015,Janus Henderson Mlt-Ast AbsRet I Acc,1.103
08/04/2015,Janus Henderson Mlt-Ast AbsRet I Acc,1.105
08/05/2015,Janus Henderson Mlt-Ast AbsRet I Acc,1.104
08/06/2015,Janus Henderson Mlt-Ast AbsRet I Acc,1.106
08/07/2015,Janus Henderson Mlt-Ast AbsRet I Acc,1.106
08/08/2015,Janus Henderson Mlt-Ast AbsRet I Acc,1.106
08/09/2015,Janus Henderson Mlt-Ast AbsRet I Acc,1.106
08/10/2015,Janus Henderson Mlt-Ast AbsRet I Acc,1.107
08/11/2015,Janus Henderson Mlt-Ast AbsRet I Acc,1.107
08/12/2015,Janus Henderson Mlt-Ast AbsRet I Acc,1.106
08/13/2015,Janus Henderson Mlt-Ast AbsRet I Acc,1.104
08/14/2015,Janus Henderson Mlt-Ast AbsRet I Acc,1.104
08/15/2015,Janus Henderson Mlt-Ast AbsRet I Acc,1.104
08/16/2015,Janus Henderson Mlt-Ast AbsRet I Acc,1.104
08/17/2015,Janus Henderson Mlt-Ast AbsRet I Acc,1.103
08/18/2015,Janus Henderson Mlt-Ast AbsRet I Acc,1.102
08/19/2015,Janus Henderson Mlt-Ast AbsRet I Acc,1.102
08/20/2015,Janus Henderson Mlt-Ast AbsRet I Acc,1.102
08/21/2015,Janus Henderson Mlt-Ast AbsRet I Acc,1.098
08/22/2015,Janus Henderson Mlt-Ast AbsRet I Acc,1.098
08/23/2015,Janus Henderson Mlt-Ast AbsRet I Acc,1.098
08/24/2015,Janus Henderson Mlt-Ast AbsRet I Acc,1.094
08/25/2015,Janus Henderson Mlt-Ast AbsRet I Acc,1.09
08/26/2015,Janus Henderson Mlt-Ast AbsRet I Acc,1.086
08/27/2015,Janus Henderson Mlt-Ast AbsRet I Acc,1.089
08/28/2015,Janus Henderson Mlt-Ast AbsRet I Acc,1.093
08/29/2015,Janus Henderson Mlt-Ast AbsRet I Acc,1.093
08/30/2015,Janus Henderson Mlt-Ast AbsRet I Acc,1.093
08/31/2015,Janus Henderson Mlt-Ast AbsRet I Acc,1.093
09/01/2015,Janus Henderson Mlt-Ast AbsRet I Acc,1.096
09/02/2015,Janus Henderson Mlt-Ast AbsRet I Acc,1.095
09/03/2015,Janus Henderson Mlt-Ast AbsRet I Acc,1.096
09/04/2015,Janus Henderson Mlt-Ast AbsRet I Acc,1.095
09/05/2015,Janus Henderson Mlt-Ast AbsRet I Acc,1.095
09/06/2015,Janus Henderson Mlt-Ast AbsRet I Acc,1.095
09/07/2015,Janus Henderson Mlt-Ast AbsRet I Acc,1.095
09/08/2015,Janus Henderson Mlt-Ast AbsRet I Acc,1.094
09/09/2015,Janus Henderson Mlt-Ast AbsRet I Acc,1.093
09/10/2015,Janus Henderson Mlt-Ast AbsRet I Acc,1.093
09/11/2015,Janus Henderson Mlt-Ast AbsRet I Acc,1.093
09/12/2015,Janus Henderson Mlt-Ast AbsRet I Acc,1.093
09/13/2015,Janus Henderson Mlt-Ast AbsRet I Acc,1.093
09/14/2015,Janus Henderson Mlt-Ast AbsRet I Acc,1.092
09/15/2015,Janus Henderson Mlt-Ast AbsRet I Acc,1.092
09/16/2015,Janus Henderson Mlt-Ast AbsRet I Acc,1.092
09/17/2015,Janus Henderson Mlt-Ast AbsRet I Acc,1.092
09/18/2015,Janus Henderson Mlt-Ast AbsRet I Acc,1.091
09/19/2015,Janus Henderson Mlt-Ast AbsRet I Acc,1.091
09/20/2015,Janus Henderson Mlt-Ast AbsRet I Acc,1.091
09/21/2015,Janus Henderson Mlt-Ast AbsRet I Acc,1.091
09/22/2015,Janus Henderson Mlt-Ast AbsRet I Acc,1.089
09/23/2015,Janus Henderson Mlt-Ast AbsRet I Acc,1.09
09/24/2015,Janus Henderson Mlt-Ast AbsRet I Acc,1.089
09/25/2015,Janus Henderson Mlt-Ast AbsRet I Acc,1.089
09/26/2015,Janus Henderson Mlt-Ast AbsRet I Acc,1.089
09/27/2015,Janus Henderson Mlt-Ast AbsRet I Acc,1.089
09/28/2015,Janus Henderson Mlt-Ast AbsRet I Acc,1.088
09/29/2015,Janus Henderson Mlt-Ast AbsRet I Acc,1.086
09/30/2015,Janus Henderson Mlt-Ast AbsRet I Acc,1.085
10/01/2015,Janus Henderson Mlt-Ast AbsRet I Acc,1.088
10/02/2015,Janus Henderson Mlt-Ast AbsRet I Acc,1.087
10/03/2015,Janus Henderson Mlt-Ast AbsRet I Acc,1.087
10/04/2015,Janus Henderson Mlt-Ast AbsRet I Acc,1.087
10/05/2015,Janus Henderson Mlt-Ast AbsRet I Acc,1.088
10/06/2015,Janus Henderson Mlt-Ast AbsRet I Acc,1.091
10/07/2015,Janus Henderson Mlt-Ast AbsRet I Acc,1.092
10/08/2015,Janus Henderson Mlt-Ast AbsRet I Acc,1.095
10/09/2015,Janus Henderson Mlt-Ast AbsRet I Acc,1.095
10/10/2015,Janus Henderson Mlt-Ast AbsRet I Acc,1.095
10/11/2015,Janus Henderson Mlt-Ast AbsRet I Acc,1.095
10/12/2015,Janus Henderson Mlt-Ast AbsRet I Acc,1.096
10/13/2015,Janus Henderson Mlt-Ast AbsRet I Acc,1.095
10/14/2015,Janus Henderson Mlt-Ast AbsRet I Acc,1.094
10/15/2015,Janus Henderson Mlt-Ast AbsRet I Acc,1.093
10/16/2015,Janus Henderson Mlt-Ast AbsRet I Acc,1.092
10/17/2015,Janus Henderson Mlt-Ast AbsRet I Acc,1.092
10/18/2015,Janus Henderson Mlt-Ast AbsRet I Acc,1.092
10/19/2015,Janus Henderson Mlt-Ast AbsRet I Acc,1.092
10/20/2015,Janus Henderson Mlt-Ast AbsRet I Acc,1.092
10/21/2015,Janus Henderson Mlt-Ast AbsRet I Acc,1.09
10/22/2015,Janus Henderson Mlt-Ast AbsRet I Acc,1.088
10/23/2015,Janus Henderson Mlt-Ast AbsRet I Acc,1.089
10/24/2015,Janus Henderson Mlt-Ast AbsRet I Acc,1.089
10/25/2015,Janus Henderson Mlt-Ast AbsRet I Acc,1.089
10/26/2015,Janus Henderson Mlt-Ast AbsRet I Acc,1.091
10/27/2015,Janus Henderson Mlt-Ast AbsRet I Acc,1.09
10/28/2015,Janus Henderson Mlt-Ast AbsRet I Acc,1.093
10/29/2015,Janus Henderson Mlt-Ast AbsRet I Acc,1.093
10/30/2015,Janus Henderson Mlt-Ast AbsRet I Acc,1.089
10/31/2015,Janus Henderson Mlt-Ast AbsRet I Acc,1.089
11/01/2015,Janus Henderson Mlt-Ast AbsRet I Acc,1.089
11/02/2015,Janus Henderson Mlt-Ast AbsRet I Acc,1.086
11/03/2015,Janus Henderson Mlt-Ast AbsRet I Acc,1.086
11/04/2015,Janus Henderson Mlt-Ast AbsRet I Acc,1.087
11/05/2015,Janus Henderson Mlt-Ast AbsRet I Acc,1.088
11/06/2015,Janus Henderson Mlt-Ast AbsRet I Acc,1.089
11/07/2015,Janus Henderson Mlt-Ast AbsRet I Acc,1.089
11/08/2015,Janus Henderson Mlt-Ast AbsRet I Acc,1.089
11/09/2015,Janus Henderson Mlt-Ast AbsRet I Acc,1.088
11/10/2015,Janus Henderson Mlt-Ast AbsRet I Acc,1.088
11/11/2015,Janus Henderson Mlt-Ast AbsRet I Acc,1.088
11/12/2015,Janus Henderson Mlt-Ast AbsRet I Acc,1.086
11/13/2015,Janus Henderson Mlt-Ast AbsRet I Acc,1.086
11/14/2015,Janus Henderson Mlt-Ast AbsRet I Acc,1.086
11/15/2015,Janus Henderson Mlt-Ast AbsRet I Acc,1.086
11/16/2015,Janus Henderson Mlt-Ast AbsRet I Acc,1.084
11/17/2015,Janus Henderson Mlt-Ast AbsRet I Acc,1.085
11/18/2015,Janus Henderson Mlt-Ast AbsRet I Acc,1.084
11/19/2015,Janus Henderson Mlt-Ast AbsRet I Acc,1.085
11/20/2015,Janus Henderson Mlt-Ast AbsRet I Acc,1.086
11/21/2015,Janus Henderson Mlt-Ast AbsRet I Acc,1.086
11/22/2015,Janus Henderson Mlt-Ast AbsRet I Acc,1.086
11/23/2015,Janus Henderson Mlt-Ast AbsRet I Acc,1.088
11/24/2015,Janus Henderson Mlt-Ast AbsRet I Acc,1.088
11/25/2015,Janus Henderson Mlt-Ast AbsRet I Acc,1.089
11/26/2015,Janus Henderson Mlt-Ast AbsRet I Acc,1.09
11/27/2015,Janus Henderson Mlt-Ast AbsRet I Acc,1.089
11/28/2015,Janus Henderson Mlt-Ast AbsRet I Acc,1.089
11/29/2015,Janus Henderson Mlt-Ast AbsRet I Acc,1.089
11/30/2015,Janus Henderson Mlt-Ast AbsRet I Acc,1.09
12/01/2015,Janus Henderson Mlt-Ast AbsRet I Acc,1.09
12/02/2015,Janus Henderson Mlt-Ast AbsRet I Acc,1.091
12/03/2015,Janus Henderson Mlt-Ast AbsRet I Acc,1.091
12/04/2015,Janus Henderson Mlt-Ast AbsRet I Acc,1.089
12/05/2015,Janus Henderson Mlt-Ast AbsRet I Acc,1.089
12/06/2015,Janus Henderson Mlt-Ast AbsRet I Acc,1.089
12/07/2015,Janus Henderson Mlt-Ast AbsRet I Acc,1.089
12/08/2015,Janus Henderson Mlt-Ast AbsRet I Acc,1.087
12/09/2015,Janus Henderson Mlt-Ast AbsRet I Acc,1.084
12/10/2015,Janus Henderson Mlt-Ast AbsRet I Acc,1.082
12/11/2015,Janus Henderson Mlt-Ast AbsRet I Acc,1.08
12/12/2015,Janus Henderson Mlt-Ast AbsRet I Acc,1.08
12/13/2015,Janus Henderson Mlt-Ast AbsRet I Acc,1.08
12/14/2015,Janus Henderson Mlt-Ast AbsRet I Acc,1.078
12/15/2015,Janus Henderson Mlt-Ast AbsRet I Acc,1.076
12/16/2015,Janus Henderson Mlt-Ast AbsRet I Acc,1.08
12/17/2015,Janus Henderson Mlt-Ast AbsRet I Acc,1.084
12/18/2015,Janus Henderson Mlt-Ast AbsRet I Acc,1.085
12/19/2015,Janus Henderson Mlt-Ast AbsRet I Acc,1.085
12/20/2015,Janus Henderson Mlt-Ast AbsRet I Acc,1.085
12/21/2015,Janus Henderson Mlt-Ast AbsRet I Acc,1.087
12/22/2015,Janus Henderson Mlt-Ast AbsRet I Acc,1.087
12/23/2015,Janus Henderson Mlt-Ast AbsRet I Acc,1.088
12/24/2015,Janus Henderson Mlt-Ast AbsRet I Acc,1.09
12/25/2015,Janus Henderson Mlt-Ast AbsRet I Acc,1.09
12/26/2015,Janus Henderson Mlt-Ast AbsRet I Acc,1.09
12/27/2015,Janus Henderson Mlt-Ast AbsRet I Acc,1.09
12/28/2015,Janus Henderson Mlt-Ast AbsRet I Acc,1.09
12/29/2015,Janus Henderson Mlt-Ast AbsRet I Acc,1.091
12/30/2015,Janus Henderson Mlt-Ast AbsRet I Acc,1.093
12/31/2015,Janus Henderson Mlt-Ast AbsRet I Acc,1.092
01/01/2016,Janus Henderson Mlt-Ast AbsRet I Acc,1.092
01/02/2016,Janus Henderson Mlt-Ast AbsRet I Acc,1.092
01/03/2016,Janus Henderson Mlt-Ast AbsRet I Acc,1.092
01/04/2016,Janus Henderson Mlt-Ast AbsRet I Acc,1.092
01/05/2016,Janus Henderson Mlt-Ast AbsRet I Acc,1.091
01/06/2016,Janus Henderson Mlt-Ast AbsRet I Acc,1.092
01/07/2016,Janus Henderson Mlt-Ast AbsRet I Acc,1.092
01/08/2016,Janus Henderson Mlt-Ast AbsRet I Acc,1.09
01/09/2016,Janus Henderson Mlt-Ast AbsRet I Acc,1.09
01/10/2016,Janus Henderson Mlt-Ast AbsRet I Acc,1.09
01/11/2016,Janus Henderson Mlt-Ast AbsRet I Acc,1.09
01/12/2016,Janus Henderson Mlt-Ast AbsRet I Acc,1.09
01/13/2016,Janus Henderson Mlt-Ast AbsRet I Acc,1.087
01/14/2016,Janus Henderson Mlt-Ast AbsRet I Acc,1.086
01/15/2016,Janus Henderson Mlt-Ast AbsRet I Acc,1.085
01/16/2016,Janus Henderson Mlt-Ast AbsRet I Acc,1.085
01/17/2016,Janus Henderson Mlt-Ast AbsRet I Acc,1.085
01/18/2016,Janus Henderson Mlt-Ast AbsRet I Acc,1.082
01/19/2016,Janus Henderson Mlt-Ast AbsRet I Acc,1.082
01/20/2016,Janus Henderson Mlt-Ast AbsRet I Acc,1.078
01/21/2016,Janus Henderson Mlt-Ast AbsRet I Acc,1.078
01/22/2016,Janus Henderson Mlt-Ast AbsRet I Acc,1.077
01/23/2016,Janus Henderson Mlt-Ast AbsRet I Acc,1.077
01/24/2016,Janus Henderson Mlt-Ast AbsRet I Acc,1.077
01/25/2016,Janus Henderson Mlt-Ast AbsRet I Acc,1.081
01/26/2016,Janus Henderson Mlt-Ast AbsRet I Acc,1.08
01/27/2016,Janus Henderson Mlt-Ast AbsRet I Acc,1.082
01/28/2016,Janus Henderson Mlt-Ast AbsRet I Acc,1.082
01/29/2016,Janus Henderson Mlt-Ast AbsRet I Acc,1.085
01/30/2016,Janus Henderson Mlt-Ast AbsRet I Acc,1.085
01/31/2016,Janus Henderson Mlt-Ast AbsRet I Acc,1.085
02/01/2016,Janus Henderson Mlt-Ast AbsRet I Acc,1.087
02/02/2016,Janus Henderson Mlt-Ast AbsRet I Acc,1.088
02/03/2016,Janus Henderson Mlt-Ast AbsRet I Acc,1.085
02/04/2016,Janus Henderson Mlt-Ast AbsRet I Acc,1.085
02/05/2016,Janus Henderson Mlt-Ast AbsRet I Acc,1.084
02/06/2016,Janus Henderson Mlt-Ast AbsRet I Acc,1.084
02/07/2016,Janus Henderson Mlt-Ast AbsRet I Acc,1.084
02/08/2016,Janus Henderson Mlt-Ast AbsRet I Acc,1.084
02/09/2016,Janus Henderson Mlt-Ast AbsRet I Acc,1.082
02/10/2016,Janus Henderson Mlt-Ast AbsRet I Acc,1.079
02/11/2016,Janus Henderson Mlt-Ast AbsRet I Acc,1.076
02/12/2016,Janus Henderson Mlt-Ast AbsRet I Acc,1.072
02/13/2016,Janus Henderson Mlt-Ast AbsRet I Acc,1.072
02/14/2016,Janus Henderson Mlt-Ast AbsRet I Acc,1.072
02/15/2016,Janus Henderson Mlt-Ast AbsRet I Acc,1.072
02/16/2016,Janus Henderson Mlt-Ast AbsRet I Acc,1.074
02/17/2016,Janus Henderson Mlt-Ast AbsRet I Acc,1.074
02/18/2016,Janus Henderson Mlt-Ast AbsRet I Acc,1.077
02/19/2016,Janus Henderson Mlt-Ast AbsRet I Acc,1.079
02/20/2016,Janus Henderson Mlt-Ast AbsRet I Acc,1.079
02/21/2016,Janus Henderson Mlt-Ast AbsRet I Acc,1.079
02/22/2016,Janus Henderson Mlt-Ast AbsRet I Acc,1.079
02/23/2016,Janus Henderson Mlt-Ast AbsRet I Acc,1.081
02/24/2016,Janus Henderson Mlt-Ast AbsRet I Acc,1.085
02/25/2016,Janus Henderson Mlt-Ast AbsRet I Acc,1.086
02/26/2016,Janus Henderson Mlt-Ast AbsRet I Acc,1.088
02/27/2016,Janus Henderson Mlt-Ast AbsRet I Acc,1.088
02/28/2016,Janus Henderson Mlt-Ast AbsRet I Acc,1.088
02/29/2016,Janus Henderson Mlt-Ast AbsRet I Acc,1.087
03/01/2016,Janus Henderson Mlt-Ast AbsRet I Acc,1.087
03/02/2016,Janus Henderson Mlt-Ast AbsRet I Acc,1.09
03/03/2016,Janus Henderson Mlt-Ast AbsRet I Acc,1.093
03/04/2016,Janus Henderson Mlt-Ast AbsRet I Acc,1.095
03/05/2016,Janus Henderson Mlt-Ast AbsRet I Acc,1.095
03/06/2016,Janus Henderson Mlt-Ast AbsRet I Acc,1.095
03/07/2016,Janus Henderson Mlt-Ast AbsRet I Acc,1.096
03/08/2016,Janus Henderson Mlt-Ast AbsRet I Acc,1.096
03/09/2016,Janus Henderson Mlt-Ast AbsRet I Acc,1.096
03/10/2016,Janus Henderson Mlt-Ast AbsRet I Acc,1.096
03/11/2016,Janus Henderson Mlt-Ast AbsRet I Acc,1.097
03/12/2016,Janus Henderson Mlt-Ast AbsRet I Acc,1.097
03/13/2016,Janus Henderson Mlt-Ast AbsRet I Acc,1.097
03/14/2016,Janus Henderson Mlt-Ast AbsRet I Acc,1.096
03/15/2016,Janus Henderson Mlt-Ast AbsRet I Acc,1.096
03/16/2016,Janus Henderson Mlt-Ast AbsRet I Acc,1.094
03/17/2016,Janus Henderson Mlt-Ast AbsRet I Acc,1.095
03/18/2016,Janus Henderson Mlt-Ast AbsRet I Acc,1.095
03/19/2016,Janus Henderson Mlt-Ast AbsRet I Acc,1.095
03/20/2016,Janus Henderson Mlt-Ast AbsRet I Acc,1.095
03/21/2016,Janus Henderson Mlt-Ast AbsRet I Acc,1.096
03/22/2016,Janus Henderson Mlt-Ast AbsRet I Acc,1.096
03/23/2016,Janus Henderson Mlt-Ast AbsRet I Acc,1.098
03/24/2016,Janus Henderson Mlt-Ast AbsRet I Acc,1.097
03/25/2016,Janus Henderson Mlt-Ast AbsRet I Acc,1.097
03/26/2016,Janus Henderson Mlt-Ast AbsRet I Acc,1.097
03/27/2016,Janus Henderson Mlt-Ast AbsRet I Acc,1.097
03/28/2016,Janus Henderson Mlt-Ast AbsRet I Acc,1.097
03/29/2016,Janus Henderson Mlt-Ast AbsRet I Acc,1.097
03/30/2016,Janus Henderson Mlt-Ast AbsRet I Acc,1.097
03/31/2016,Janus Henderson Mlt-Ast AbsRet I Acc,1.098
04/01/2016,Janus Henderson Mlt-Ast AbsRet I Acc,1.098
04/02/2016,Janus Henderson Mlt-Ast AbsRet I Acc,1.098
04/03/2016,Janus Henderson Mlt-Ast AbsRet I Acc,1.098
04/04/2016,Janus Henderson Mlt-Ast AbsRet I Acc,1.098
04/05/2016,Janus Henderson Mlt-Ast AbsRet I Acc,1.098
04/06/2016,Janus Henderson Mlt-Ast AbsRet I Acc,1.097
04/07/2016,Janus Henderson Mlt-Ast AbsRet I Acc,1.098
04/08/2016,Janus Henderson Mlt-Ast AbsRet I Acc,1.099
04/09/2016,Janus Henderson Mlt-Ast AbsRet I Acc,1.099
04/10/2016,Janus Henderson Mlt-Ast AbsRet I Acc,1.099
04/11/2016,Janus Henderson Mlt-Ast AbsRet I Acc,1.099
04/12/2016,Janus Henderson Mlt-Ast AbsRet I Acc,1.099
04/13/2016,Janus Henderson Mlt-Ast AbsRet I Acc,1.099
04/14/2016,Janus Henderson Mlt-Ast AbsRet I Acc,1.101
04/15/2016,Janus Henderson Mlt-Ast AbsRet I Acc,1.101
04/16/2016,Janus Henderson Mlt-Ast AbsRet I Acc,1.101
04/17/2016,Janus Henderson Mlt-Ast AbsRet I Acc,1.101
04/18/2016,Janus Henderson Mlt-Ast AbsRet I Acc,1.1
04/19/2016,Janus Henderson Mlt-Ast AbsRet I Acc,1.102
04/20/2016,Janus Henderson Mlt-Ast AbsRet I Acc,1.103
04/21/2016,Janus Henderson Mlt-Ast AbsRet I Acc,1.104
04/22/2016,Janus Henderson Mlt-Ast AbsRet I Acc,1.103
04/23/2016,Janus Henderson Mlt-Ast AbsRet I Acc,1.103
04/24/2016,Janus Henderson Mlt-Ast AbsRet I Acc,1.103
04/25/2016,Janus Henderson Mlt-Ast AbsRet I Acc,1.102
04/26/2016,Janus Henderson Mlt-Ast AbsRet I Acc,1.1
04/27/2016,Janus Henderson Mlt-Ast AbsRet I Acc,1.101
04/28/2016,Janus Henderson Mlt-Ast AbsRet I Acc,1.101
04/29/2016,Janus Henderson Mlt-Ast AbsRet I Acc,1.103
04/30/2016,Janus Henderson Mlt-Ast AbsRet I Acc,1.103
05/01/2016,Janus Henderson Mlt-Ast AbsRet I Acc,1.103
05/02/2016,Janus Henderson Mlt-Ast AbsRet I Acc,1.103
05/03/2016,Janus Henderson Mlt-Ast AbsRet I Acc,1.105
05/04/2016,Janus Henderson Mlt-Ast AbsRet I Acc,1.103
05/05/2016,Janus Henderson Mlt-Ast AbsRet I Acc,1.101
05/06/2016,Janus Henderson Mlt-Ast AbsRet I Acc,1.1
05/07/2016,Janus Henderson Mlt-Ast AbsRet I Acc,1.1
05/08/2016,Janus Henderson Mlt-Ast AbsRet I Acc,1.1
05/09/2016,Janus Henderson Mlt-Ast AbsRet I Acc,1.101
05/10/2016,Janus Henderson Mlt-Ast AbsRet I Acc,1.102
05/11/2016,Janus Henderson Mlt-Ast AbsRet I Acc,1.101
05/12/2016,Janus Henderson Mlt-Ast AbsRet I Acc,1.103
05/13/2016,Janus Henderson Mlt-Ast AbsRet I Acc,1.102
05/14/2016,Janus Henderson Mlt-Ast AbsRet I Acc,1.102
05/15/2016,Janus Henderson Mlt-Ast AbsRet I Acc,1.102
05/16/2016,Janus Henderson Mlt-Ast AbsRet I Acc,1.102
05/17/2016,Janus Henderson Mlt-Ast AbsRet I Acc,1.103
05/18/2016,Janus Henderson Mlt-Ast AbsRet I Acc,1.103
05/19/2016,Janus Henderson Mlt-Ast AbsRet I Acc,1.1
05/20/2016,Janus Henderson Mlt-Ast AbsRet I Acc,1.098
05/21/2016,Janus Henderson Mlt-Ast AbsRet I Acc,1.098
05/22/2016,Janus Henderson Mlt-Ast AbsRet I Acc,1.098
05/23/2016,Janus Henderson Mlt-Ast AbsRet I Acc,1.098
05/24/2016,Janus Henderson Mlt-Ast AbsRet I Acc,1.098
05/25/2016,Janus Henderson Mlt-Ast AbsRet I Acc,1.098
05/26/2016,Janus Henderson Mlt-Ast AbsRet I Acc,1.098
05/27/2016,Janus Henderson Mlt-Ast AbsRet I Acc,1.099
05/28/2016,Janus Henderson Mlt-Ast AbsRet I Acc,1.099
05/29/2016,Janus Henderson Mlt-Ast AbsRet I Acc,1.099
05/30/2016,Janus Henderson Mlt-Ast AbsRet I Acc,1.099
05/31/2016,Janus Henderson Mlt-Ast AbsRet I Acc,1.099
06/01/2016,Janus Henderson Mlt-Ast AbsRet I Acc,1.1
06/02/2016,Janus Henderson Mlt-Ast AbsRet I Acc,1.101
06/03/2016,Janus Henderson Mlt-Ast AbsRet I Acc,1.101
06/04/2016,Janus Henderson Mlt-Ast AbsRet I Acc,1.101
06/05/2016,Janus Henderson Mlt-Ast AbsRet I Acc,1.101
06/06/2016,Janus Henderson Mlt-Ast AbsRet I Acc,1.102
06/07/2016,Janus Henderson Mlt-Ast AbsRet I Acc,1.104
06/08/2016,Janus Henderson Mlt-Ast AbsRet I Acc,1.105
06/09/2016,Janus Henderson Mlt-Ast AbsRet I Acc,1.105
06/10/2016,Janus Henderson Mlt-Ast AbsRet I Acc,1.105
06/11/2016,Janus Henderson Mlt-Ast AbsRet I Acc,1.105
06/12/2016,Janus Henderson Mlt-Ast AbsRet I Acc,1.105
06/13/2016,Janus Henderson Mlt-Ast AbsRet I Acc,1.105
06/14/2016,Janus Henderson Mlt-Ast AbsRet I Acc,1.103
06/15/2016,Janus Henderson Mlt-Ast AbsRet I Acc,1.1
06/16/2016,Janus Henderson Mlt-Ast AbsRet I Acc,1.099
06/17/2016,Janus Henderson Mlt-Ast AbsRet I Acc,1.097
06/18/2016,Janus Henderson Mlt-Ast AbsRet I Acc,1.097
06/19/2016,Janus Henderson Mlt-Ast AbsRet I Acc,1.097
06/20/2016,Janus Henderson Mlt-Ast AbsRet I Acc,1.098
06/21/2016,Janus Henderson Mlt-Ast AbsRet I Acc,1.098
06/22/2016,Janus Henderson Mlt-Ast AbsRet I Acc,1.097
06/23/2016,Janus Henderson Mlt-Ast AbsRet I Acc,1.098
06/24/2016,Janus Henderson Mlt-Ast AbsRet I Acc,1.096
06/25/2016,Janus Henderson Mlt-Ast AbsRet I Acc,1.096
06/26/2016,Janus Henderson Mlt-Ast AbsRet I Acc,1.096
06/27/2016,Janus Henderson Mlt-Ast AbsRet I Acc,1.098
06/28/2016,Janus Henderson Mlt-Ast AbsRet I Acc,1.105
06/29/2016,Janus Henderson Mlt-Ast AbsRet I Acc,1.106
06/30/2016,Janus Henderson Mlt-Ast AbsRet I Acc,1.106
07/01/2016,Janus Henderson Mlt-Ast AbsRet I Acc,1.11
07/02/2016,Janus Henderson Mlt-Ast AbsRet I Acc,1.11
07/03/2016,Janus Henderson Mlt-Ast AbsRet I Acc,1.11
07/04/2016,Janus Henderson Mlt-Ast AbsRet I Acc,1.114
07/05/2016,Janus Henderson Mlt-Ast AbsRet I Acc,1.116
07/06/2016,Janus Henderson Mlt-Ast AbsRet I Acc,1.117
07/07/2016,Janus Henderson Mlt-Ast AbsRet I Acc,1.118
07/08/2016,Janus Henderson Mlt-Ast AbsRet I Acc,1.117
07/09/2016,Janus Henderson Mlt-Ast AbsRet I Acc,1.117
07/10/2016,Janus Henderson Mlt-Ast AbsRet I Acc,1.117
07/11/2016,Janus Henderson Mlt-Ast AbsRet I Acc,1.118
07/12/2016,Janus Henderson Mlt-Ast AbsRet I Acc,1.119
07/13/2016,Janus Henderson Mlt-Ast AbsRet I Acc,1.118
07/14/2016,Janus Henderson Mlt-Ast AbsRet I Acc,1.116
07/15/2016,Janus Henderson Mlt-Ast AbsRet I Acc,1.117
07/16/2016,Janus Henderson Mlt-Ast AbsRet I Acc,1.117
07/17/2016,Janus Henderson Mlt-Ast AbsRet I Acc,1.117
07/18/2016,Janus Henderson Mlt-Ast AbsRet I Acc,1.117
07/19/2016,Janus Henderson Mlt-Ast AbsRet I Acc,1.119
07/20/2016,Janus Henderson Mlt-Ast AbsRet I Acc,1.121
07/21/2016,Janus Henderson Mlt-Ast AbsRet I Acc,1.122
07/22/2016,Janus Henderson Mlt-Ast AbsRet I Acc,1.122
07/23/2016,Janus Henderson Mlt-Ast AbsRet I Acc,1.122
07/24/2016,Janus Henderson Mlt-Ast AbsRet I Acc,1.122
07/25/2016,Janus Henderson Mlt-Ast AbsRet I Acc,1.122
07/26/2016,Janus Henderson Mlt-Ast AbsRet I Acc,1.122
07/27/2016,Janus Henderson Mlt-Ast AbsRet I Acc,1.123
07/28/2016,Janus Henderson Mlt-Ast AbsRet I Acc,1.124
07/29/2016,Janus Henderson Mlt-Ast AbsRet I Acc,1.125
07/30/2016,Janus Henderson Mlt-Ast AbsRet I Acc,1.125
07/31/2016,Janus Henderson Mlt-Ast AbsRet I Acc,1.125
08/01/2016,Janus Henderson Mlt-Ast AbsRet I Acc,1.126
08/02/2016,Janus Henderson Mlt-Ast AbsRet I Acc,1.127
08/03/2016,Janus Henderson Mlt-Ast AbsRet I Acc,1.125
08/04/2016,Janus Henderson Mlt-Ast AbsRet I Acc,1.122
08/05/2016,Janus Henderson Mlt-Ast AbsRet I Acc,1.126
08/06/2016,Janus Henderson Mlt-Ast AbsRet I Acc,1.126
08/07/2016,Janus Henderson Mlt-Ast AbsRet I Acc,1.126
08/08/2016,Janus Henderson Mlt-Ast AbsRet I Acc,1.129
08/09/2016,Janus Henderson Mlt-Ast AbsRet I Acc,1.13
08/10/2016,Janus Henderson Mlt-Ast AbsRet I Acc,1.133
08/11/2016,Janus Henderson Mlt-Ast AbsRet I Acc,1.134
08/12/2016,Janus Henderson Mlt-Ast AbsRet I Acc,1.135
08/13/2016,Janus Henderson Mlt-Ast AbsRet I Acc,1.135
08/14/2016,Janus Henderson Mlt-Ast AbsRet I Acc,1.135
08/15/2016,Janus Henderson Mlt-Ast AbsRet I Acc,1.136
08/16/2016,Janus Henderson Mlt-Ast AbsRet I Acc,1.138
08/17/2016,Janus Henderson Mlt-Ast AbsRet I Acc,1.138
08/18/2016,Janus Henderson Mlt-Ast AbsRet I Acc,1.134
08/19/2016,Janus Henderson Mlt-Ast AbsRet I Acc,1.134
08/20/2016,Janus Henderson Mlt-Ast AbsRet I Acc,1.134
08/21/2016,Janus Henderson Mlt-Ast AbsRet I Acc,1.134
08/22/2016,Janus Henderson Mlt-Ast AbsRet I Acc,1.134
08/23/2016,Janus Henderson Mlt-Ast AbsRet I Acc,1.133
08/24/2016,Janus Henderson Mlt-Ast AbsRet I Acc,1.13
08/25/2016,Janus Henderson Mlt-Ast AbsRet I Acc,1.13
08/26/2016,Janus Henderson Mlt-Ast AbsRet I Acc,1.13
08/27/2016,Janus Henderson Mlt-Ast AbsRet I Acc,1.13
08/28/2016,Janus Henderson Mlt-Ast AbsRet I Acc,1.13
08/29/2016,Janus Henderson Mlt-Ast AbsRet I Acc,1.13
08/30/2016,Janus Henderson Mlt-Ast AbsRet I Acc,1.129
08/31/2016,Janus Henderson Mlt-Ast AbsRet I Acc,1.129
09/01/2016,Janus Henderson Mlt-Ast AbsRet I Acc,1.128
09/02/2016,Janus Henderson Mlt-Ast AbsRet I Acc,1.128
09/03/2016,Janus Henderson Mlt-Ast AbsRet I Acc,1.128
09/04/2016,Janus Henderson Mlt-Ast AbsRet I Acc,1.128
09/05/2016,Janus Henderson Mlt-Ast AbsRet I Acc,1.127
09/06/2016,Janus Henderson Mlt-Ast AbsRet I Acc,1.128
09/07/2016,Janus Henderson Mlt-Ast AbsRet I Acc,1.129
09/08/2016,Janus Henderson Mlt-Ast AbsRet I Acc,1.131
09/09/2016,Janus Henderson Mlt-Ast AbsRet I Acc,1.132
09/10/2016,Janus Henderson Mlt-Ast AbsRet I Acc,1.132
09/11/2016,Janus Henderson Mlt-Ast AbsRet I Acc,1.132
09/12/2016,Janus Henderson Mlt-Ast AbsRet I Acc,1.132
09/13/2016,Janus Henderson Mlt-Ast AbsRet I Acc,1.128
09/14/2016,Janus Henderson Mlt-Ast AbsRet I Acc,1.129
09/15/2016,Janus Henderson Mlt-Ast AbsRet I Acc,1.128
09/16/2016,Janus Henderson Mlt-Ast AbsRet I Acc,1.129
09/17/2016,Janus Henderson Mlt-Ast AbsRet I Acc,1.129
09/18/2016,Janus Henderson Mlt-Ast AbsRet I Acc,1.129
09/19/2016,Janus Henderson Mlt-Ast AbsRet I Acc,1.13
09/20/2016,Janus Henderson Mlt-Ast AbsRet I Acc,1.13
09/21/2016,Janus Henderson Mlt-Ast AbsRet I Acc,1.132
09/22/2016,Janus Henderson Mlt-Ast AbsRet I Acc,1.133
09/23/2016,Janus Henderson Mlt-Ast AbsRet I Acc,1.135
09/24/2016,Janus Henderson Mlt-Ast AbsRet I Acc,1.135
09/25/2016,Janus Henderson Mlt-Ast AbsRet I Acc,1.135
09/26/2016,Janus Henderson Mlt-Ast AbsRet I Acc,1.137
09/27/2016,Janus Henderson Mlt-Ast AbsRet I Acc,1.137
09/28/2016,Janus Henderson Mlt-Ast AbsRet I Acc,1.134
09/29/2016,Janus Henderson Mlt-Ast AbsRet I Acc,1.135
09/30/2016,Janus Henderson Mlt-Ast AbsRet I Acc,1.137
10/01/2016,Janus Henderson Mlt-Ast AbsRet I Acc,1.137
10/02/2016,Janus Henderson Mlt-Ast AbsRet I Acc,1.137
10/03/2016,Janus Henderson Mlt-Ast AbsRet I Acc,1.137
10/04/2016,Janus Henderson Mlt-Ast AbsRet I Acc,1.141
10/05/2016,Janus Henderson Mlt-Ast AbsRet I Acc,1.141
10/06/2016,Janus Henderson Mlt-Ast AbsRet I Acc,1.14
10/07/2016,Janus Henderson Mlt-Ast AbsRet I Acc,1.141
10/08/2016,Janus Henderson Mlt-Ast AbsRet I Acc,1.141
10/09/2016,Janus Henderson Mlt-Ast AbsRet I Acc,1.141
10/10/2016,Janus Henderson Mlt-Ast AbsRet I Acc,1.143
10/11/2016,Janus Henderson Mlt-Ast AbsRet I Acc,1.145
10/12/2016,Janus Henderson Mlt-Ast AbsRet I Acc,1.145
10/13/2016,Janus Henderson Mlt-Ast AbsRet I Acc,1.147
10/14/2016,Janus Henderson Mlt-Ast AbsRet I Acc,1.145
10/15/2016,Janus Henderson Mlt-Ast AbsRet I Acc,1.145
10/16/2016,Janus Henderson Mlt-Ast AbsRet I Acc,1.145
10/17/2016,Janus Henderson Mlt-Ast AbsRet I Acc,1.146
10/18/2016,Janus Henderson Mlt-Ast AbsRet I Acc,1.146
10/19/2016,Janus Henderson Mlt-Ast AbsRet I Acc,1.147
10/20/2016,Janus Henderson Mlt-Ast AbsRet I Acc,1.147
10/21/2016,Janus Henderson Mlt-Ast AbsRet I Acc,1.147
10/22/2016,Janus Henderson Mlt-Ast AbsRet I Acc,1.147
10/23/2016,Janus Henderson Mlt-Ast AbsRet I Acc,1.147
10/24/2016,Janus Henderson Mlt-Ast AbsRet I Acc,1.148
10/25/2016,Janus Henderson Mlt-Ast AbsRet I Acc,1.148
10/26/2016,Janus Henderson Mlt-Ast AbsRet I Acc,1.149
10/27/2016,Janus Henderson Mlt-Ast AbsRet I Acc,1.149
10/28/2016,Janus Henderson Mlt-Ast AbsRet I Acc,1.148
10/29/2016,Janus Henderson Mlt-Ast AbsRet I Acc,1.148
10/30/2016,Janus Henderson Mlt-Ast AbsRet I Acc,1.148
10/31/2016,Janus Henderson Mlt-Ast AbsRet I Acc,1.148
11/01/2016,Janus Henderson Mlt-Ast AbsRet I Acc,1.149
11/02/2016,Janus Henderson Mlt-Ast AbsRet I Acc,1.149
11/03/2016,Janus Henderson Mlt-Ast AbsRet I Acc,1.147
11/04/2016,Janus Henderson Mlt-Ast AbsRet I Acc,1.145
11/05/2016,Janus Henderson Mlt-Ast AbsRet I Acc,1.145
11/06/2016,Janus Henderson Mlt-Ast AbsRet I Acc,1.145
11/07/2016,Janus Henderson Mlt-Ast AbsRet I Acc,1.144
11/08/2016,Janus Henderson Mlt-Ast AbsRet I Acc,1.143
11/09/2016,Janus Henderson Mlt-Ast AbsRet I Acc,1.144
11/10/2016,Janus Henderson Mlt-Ast AbsRet I Acc,1.138
11/11/2016,Janus Henderson Mlt-Ast AbsRet I Acc,1.134
11/12/2016,Janus Henderson Mlt-Ast AbsRet I Acc,1.134
11/13/2016,Janus Henderson Mlt-Ast AbsRet I Acc,1.134
11/14/2016,Janus Henderson Mlt-Ast AbsRet I Acc,1.129
11/15/2016,Janus Henderson Mlt-Ast AbsRet I Acc,1.129
11/16/2016,Janus Henderson Mlt-Ast AbsRet I Acc,1.13
11/17/2016,Janus Henderson Mlt-Ast AbsRet I Acc,1.132
11/18/2016,Janus Henderson Mlt-Ast AbsRet I Acc,1.13
11/19/2016,Janus Henderson Mlt-Ast AbsRet I Acc,1.13
11/20/2016,Janus Henderson Mlt-Ast AbsRet I Acc,1.13
11/21/2016,Janus Henderson Mlt-Ast AbsRet I Acc,1.131
11/22/2016,Janus Henderson Mlt-Ast AbsRet I Acc,1.13
11/23/2016,Janus Henderson Mlt-Ast AbsRet I Acc,1.132
11/24/2016,Janus Henderson Mlt-Ast AbsRet I Acc,1.131
11/25/2016,Janus Henderson Mlt-Ast AbsRet I Acc,1.131
11/26/2016,Janus Henderson Mlt-Ast AbsRet I Acc,1.131
11/27/2016,Janus Henderson Mlt-Ast AbsRet I Acc,1.131
11/28/2016,Janus Henderson Mlt-Ast AbsRet I Acc,1.132
11/29/2016,Janus Henderson Mlt-Ast AbsRet I Acc,1.136
11/30/2016,Janus Henderson Mlt-Ast AbsRet I Acc,1.136
12/01/2016,Janus Henderson Mlt-Ast AbsRet I Acc,1.134
12/02/2016,Janus Henderson Mlt-Ast AbsRet I Acc,1.133
12/03/2016,Janus Henderson Mlt-Ast AbsRet I Acc,1.133
12/04/2016,Janus Henderson Mlt-Ast AbsRet I Acc,1.133
12/05/2016,Janus Henderson Mlt-Ast AbsRet I Acc,1.131
12/06/2016,Janus Henderson Mlt-Ast AbsRet I Acc,1.132
12/07/2016,Janus Henderson Mlt-Ast AbsRet I Acc,1.134
12/08/2016,Janus Henderson Mlt-Ast AbsRet I Acc,1.135
12/09/2016,Janus Henderson Mlt-Ast AbsRet I Acc,1.136
12/10/2016,Janus Henderson Mlt-Ast AbsRet I Acc,1.136
12/11/2016,Janus Henderson Mlt-Ast AbsRet I Acc,1.136
12/12/2016,Janus Henderson Mlt-Ast AbsRet I Acc,1.137
12/13/2016,Janus Henderson Mlt-Ast AbsRet I Acc,1.136
12/14/2016,Janus Henderson Mlt-Ast AbsRet I Acc,1.135
12/15/2016,Janus Henderson Mlt-Ast AbsRet I Acc,1.134
12/16/2016,Janus Henderson Mlt-Ast AbsRet I Acc,1.134
12/17/2016,Janus Henderson Mlt-Ast AbsRet I Acc,1.134
12/18/2016,Janus Henderson Mlt-Ast AbsRet I Acc,1.134
12/19/2016,Janus Henderson Mlt-Ast AbsRet I Acc,1.135
12/20/2016,Janus Henderson Mlt-Ast AbsRet I Acc,1.135
12/21/2016,Janus Henderson Mlt-Ast AbsRet I Acc,1.137
12/22/2016,Janus Henderson Mlt-Ast AbsRet I Acc,1.138
12/23/2016,Janus Henderson Mlt-Ast AbsRet I Acc,1.138
12/24/2016,Janus Henderson Mlt-Ast AbsRet I Acc,1.138
12/25/2016,Janus Henderson Mlt-Ast AbsRet I Acc,1.138
12/26/2016,Janus Henderson Mlt-Ast AbsRet I Acc,1.138
12/27/2016,Janus Henderson Mlt-Ast AbsRet I Acc,1.138
12/28/2016,Janus Henderson Mlt-Ast AbsRet I Acc,1.139
12/29/2016,Janus Henderson Mlt-Ast AbsRet I Acc,1.14
12/30/2016,Janus Henderson Mlt-Ast AbsRet I Acc,1.141
12/31/2016,Janus Henderson Mlt-Ast AbsRet I Acc,1.141
01/01/2017,Janus Henderson Mlt-Ast AbsRet I Acc,1.141
01/02/2017,Janus Henderson Mlt-Ast AbsRet I Acc,1.141
01/03/2017,Janus Henderson Mlt-Ast AbsRet I Acc,1.141
01/04/2017,Janus Henderson Mlt-Ast AbsRet I Acc,1.143
01/05/2017,Janus Henderson Mlt-Ast AbsRet I Acc,1.144
01/06/2017,Janus Henderson Mlt-Ast AbsRet I Acc,1.145
01/07/2017,Janus Henderson Mlt-Ast AbsRet I Acc,1.145
01/08/2017,Janus Henderson Mlt-Ast AbsRet I Acc,1.145
01/09/2017,Janus Henderson Mlt-Ast AbsRet I Acc,1.145
01/10/2017,Janus Henderson Mlt-Ast AbsRet I Acc,1.147
01/11/2017,Janus Henderson Mlt-Ast AbsRet I Acc,1.148
01/12/2017,Janus Henderson Mlt-Ast AbsRet I Acc,1.149
01/13/2017,Janus Henderson Mlt-Ast AbsRet I Acc,1.149
01/14/2017,Janus Henderson Mlt-Ast AbsRet I Acc,1.149
01/15/2017,Janus Henderson Mlt-Ast AbsRet I Acc,1.149
01/16/2017,Janus Henderson Mlt-Ast AbsRet I Acc,1.15
01/17/2017,Janus Henderson Mlt-Ast AbsRet I Acc,1.151
01/18/2017,Janus Henderson Mlt-Ast AbsRet I Acc,1.149
01/19/2017,Janus Henderson Mlt-Ast AbsRet I Acc,1.147
01/20/2017,Janus Henderson Mlt-Ast AbsRet I Acc,1.148
01/21/2017,Janus Henderson Mlt-Ast AbsRet I Acc,1.148
01/22/2017,Janus Henderson Mlt-Ast AbsRet I Acc,1.148
01/23/2017,Janus Henderson Mlt-Ast AbsRet I Acc,1.148
01/24/2017,Janus Henderson Mlt-Ast AbsRet I Acc,1.147
01/25/2017,Janus Henderson Mlt-Ast AbsRet I Acc,1.147
01/26/2017,Janus Henderson Mlt-Ast AbsRet I Acc,1.146
01/27/2017,Janus Henderson Mlt-Ast AbsRet I Acc,1.147
01/28/2017,Janus Henderson Mlt-Ast AbsRet I Acc,1.147
01/29/2017,Janus Henderson Mlt-Ast AbsRet I Acc,1.147
01/30/2017,Janus Henderson Mlt-Ast AbsRet I Acc,1.147
01/31/2017,Janus Henderson Mlt-Ast AbsRet I Acc,1.147
02/01/2017,Janus Henderson Mlt-Ast AbsRet I Acc,1.149
02/02/2017,Janus Henderson Mlt-Ast AbsRet I Acc,1.148
02/03/2017,Janus Henderson Mlt-Ast AbsRet I Acc,1.148
02/04/2017,Janus Henderson Mlt-Ast AbsRet I Acc,1.148
02/05/2017,Janus Henderson Mlt-Ast AbsRet I Acc,1.148
02/06/2017,Janus Henderson Mlt-Ast AbsRet I Acc,1.152
02/07/2017,Janus Henderson Mlt-Ast AbsRet I Acc,1.153
02/08/2017,Janus Henderson Mlt-Ast AbsRet I Acc,1.153
02/09/2017,Janus Henderson Mlt-Ast AbsRet I Acc,1.153
02/10/2017,Janus Henderson Mlt-Ast AbsRet I Acc,1.152
02/11/2017,Janus Henderson Mlt-Ast AbsRet I Acc,1.152
02/12/2017,Janus Henderson Mlt-Ast AbsRet I Acc,1.152
02/13/2017,Janus Henderson Mlt-Ast AbsRet I Acc,1.153
02/14/2017,Janus Henderson Mlt-Ast AbsRet I Acc,1.155
02/15/2017,Janus Henderson Mlt-Ast AbsRet I Acc,1.156
02/16/2017,Janus Henderson Mlt-Ast AbsRet I Acc,1.156
02/17/2017,Janus Henderson Mlt-Ast AbsRet I Acc,1.156
02/18/2017,Janus Henderson Mlt-Ast AbsRet I Acc,1.156
02/19/2017,Janus Henderson Mlt-Ast AbsRet I Acc,1.156
02/20/2017,Janus Henderson Mlt-Ast AbsRet I Acc,1.157
02/21/2017,Janus Henderson Mlt-Ast AbsRet I Acc,1.157
02/22/2017,Janus Henderson Mlt-Ast AbsRet I Acc,1.159
02/23/2017,Janus Henderson Mlt-Ast AbsRet I Acc,1.159
02/24/2017,Janus Henderson Mlt-Ast AbsRet I Acc,1.16
02/25/2017,Janus Henderson Mlt-Ast AbsRet I Acc,1.16
02/26/2017,Janus Henderson Mlt-Ast AbsRet I Acc,1.16
02/27/2017,Janus Henderson Mlt-Ast AbsRet I Acc,1.16
02/28/2017,Janus Henderson Mlt-Ast AbsRet I Acc,1.159
03/01/2017,Janus Henderson Mlt-Ast AbsRet I Acc,1.158
03/02/2017,Janus Henderson Mlt-Ast AbsRet I Acc,1.159
03/03/2017,Janus Henderson Mlt-Ast AbsRet I Acc,1.161
03/04/2017,Janus Henderson Mlt-Ast AbsRet I Acc,1.161
03/05/2017,Janus Henderson Mlt-Ast AbsRet I Acc,1.161
03/06/2017,Janus Henderson Mlt-Ast AbsRet I Acc,1.161
03/07/2017,Janus Henderson Mlt-Ast AbsRet I Acc,1.162
03/08/2017,Janus Henderson Mlt-Ast AbsRet I Acc,1.163
03/09/2017,Janus Henderson Mlt-Ast AbsRet I Acc,1.162
03/10/2017,Janus Henderson Mlt-Ast AbsRet I Acc,1.161
03/11/2017,Janus Henderson Mlt-Ast AbsRet I Acc,1.161
03/12/2017,Janus Henderson Mlt-Ast AbsRet I Acc,1.161
03/13/2017,Janus Henderson Mlt-Ast AbsRet I Acc,1.162
03/14/2017,Janus Henderson Mlt-Ast AbsRet I Acc,1.162
03/15/2017,Janus Henderson Mlt-Ast AbsRet I Acc,1.163
03/16/2017,Janus Henderson Mlt-Ast AbsRet I Acc,1.163
03/17/2017,Janus Henderson Mlt-Ast AbsRet I Acc,1.163
03/18/2017,Janus Henderson Mlt-Ast AbsRet I Acc,1.163
03/19/2017,Janus Henderson Mlt-Ast AbsRet I Acc,1.163
03/20/2017,Janus Henderson Mlt-Ast AbsRet I Acc,1.163
03/21/2017,Janus Henderson Mlt-Ast AbsRet I Acc,1.163
03/22/2017,Janus Henderson Mlt-Ast AbsRet I Acc,1.162
03/23/2017,Janus Henderson Mlt-Ast AbsRet I Acc,1.161
03/24/2017,Janus Henderson Mlt-Ast AbsRet I Acc,1.159
03/25/2017,Janus Henderson Mlt-Ast AbsRet I Acc,1.159
03/26/2017,Janus Henderson Mlt-Ast AbsRet I Acc,1.159
03/27/2017,Janus Henderson Mlt-Ast AbsRet I Acc,1.16
03/28/2017,Janus Henderson Mlt-Ast AbsRet I Acc,1.159
03/29/2017,Janus Henderson Mlt-Ast AbsRet I Acc,1.158
03/30/2017,Janus Henderson Mlt-Ast AbsRet I Acc,1.159
03/31/2017,Janus Henderson Mlt-Ast AbsRet I Acc,1.16
04/01/2017,Janus Henderson Mlt-Ast AbsRet I Acc,1.16
04/02/2017,Janus Henderson Mlt-Ast AbsRet I Acc,1.16
04/03/2017,Janus Henderson Mlt-Ast AbsRet I Acc,1.159
04/04/2017,Janus Henderson Mlt-Ast AbsRet I Acc,1.16
04/05/2017,Janus Henderson Mlt-Ast AbsRet I Acc,1.16
04/06/2017,Janus Henderson Mlt-Ast AbsRet I Acc,1.161
04/07/2017,Janus Henderson Mlt-Ast AbsRet I Acc,1.161
04/08/2017,Janus Henderson Mlt-Ast AbsRet I Acc,1.161
04/09/2017,Janus Henderson Mlt-Ast AbsRet I Acc,1.161
04/10/2017,Janus Henderson Mlt-Ast AbsRet I Acc,1.16
04/11/2017,Janus Henderson Mlt-Ast AbsRet I Acc,1.161
04/12/2017,Janus Henderson Mlt-Ast AbsRet I Acc,1.161
04/13/2017,Janus Henderson Mlt-Ast AbsRet I Acc,1.162
04/14/2017,Janus Henderson Mlt-Ast AbsRet I Acc,1.162
04/15/2017,Janus Henderson Mlt-Ast AbsRet I Acc,1.162
04/16/2017,Janus Henderson Mlt-Ast AbsRet I Acc,1.162
04/17/2017,Janus Henderson Mlt-Ast AbsRet I Acc,1.162
04/18/2017,Janus Henderson Mlt-Ast AbsRet I Acc,1.16
04/19/2017,Janus Henderson Mlt-Ast AbsRet I Acc,1.159
04/20/2017,Janus Henderson Mlt-Ast AbsRet I Acc,1.154
04/21/2017,Janus Henderson Mlt-Ast AbsRet I Acc,1.154
04/22/2017,Janus Henderson Mlt-Ast AbsRet I Acc,1.154
04/23/2017,Janus Henderson Mlt-Ast AbsRet I Acc,1.154
04/24/2017,Janus Henderson Mlt-Ast AbsRet I Acc,1.156
04/25/2017,Janus Henderson Mlt-Ast AbsRet I Acc,1.157
04/26/2017,Janus Henderson Mlt-Ast AbsRet I Acc,1.157
04/27/2017,Janus Henderson Mlt-Ast AbsRet I Acc,1.156
04/28/2017,Janus Henderson Mlt-Ast AbsRet I Acc,1.156
04/29/2017,Janus Henderson Mlt-Ast AbsRet I Acc,1.156
04/30/2017,Janus Henderson Mlt-Ast AbsRet I Acc,1.156
05/01/2017,Janus Henderson Mlt-Ast AbsRet I Acc,1.156
05/02/2017,Janus Henderson Mlt-Ast AbsRet I Acc,1.156
05/03/2017,Janus Henderson Mlt-Ast AbsRet I Acc,1.158
05/04/2017,Janus Henderson Mlt-Ast AbsRet I Acc,1.159
05/05/2017,Janus Henderson Mlt-Ast AbsRet I Acc,1.158
05/06/2017,Janus Henderson Mlt-Ast AbsRet I Acc,1.158
05/07/2017,Janus Henderson Mlt-Ast AbsRet I Acc,1.158
05/08/2017,Janus Henderson Mlt-Ast AbsRet I Acc,1.156
05/09/2017,Janus Henderson Mlt-Ast AbsRet I Acc,1.157
05/10/2017,Janus Henderson Mlt-Ast AbsRet I Acc,1.158
05/11/2017,Janus Henderson Mlt-Ast AbsRet I Acc,1.158
05/12/2017,Janus Henderson Mlt-Ast AbsRet I Acc,1.16
05/13/2017,Janus Henderson Mlt-Ast AbsRet I Acc,1.16
05/14/2017,Janus Henderson Mlt-Ast AbsRet I Acc,1.16
05/15/2017,Janus Henderson Mlt-Ast AbsRet I Acc,1.161
05/16/2017,Janus Henderson Mlt-Ast AbsRet I Acc,1.162
05/17/2017,Janus Henderson Mlt-Ast AbsRet I Acc,1.162
05/18/2017,Janus Henderson Mlt-Ast AbsRet I Acc,1.161
05/19/2017,Janus Henderson Mlt-Ast AbsRet I Acc,1.159
05/20/2017,Janus Henderson Mlt-Ast AbsRet I Acc,1.159
05/21/2017,Janus Henderson Mlt-Ast AbsRet I Acc,1.159
05/22/2017,Janus Henderson Mlt-Ast AbsRet I Acc,1.16
05/23/2017,Janus Henderson Mlt-Ast AbsRet I Acc,1.161
05/24/2017,Janus Henderson Mlt-Ast AbsRet I Acc,1.161
05/25/2017,Janus Henderson Mlt-Ast AbsRet I Acc,1.161
05/26/2017,Janus Henderson Mlt-Ast AbsRet I Acc,1.162
05/27/2017,Janus Henderson Mlt-Ast AbsRet I Acc,1.162
05/28/2017,Janus Henderson Mlt-Ast AbsRet I Acc,1.162
05/29/2017,Janus Henderson Mlt-Ast AbsRet I Acc,1.162
05/30/2017,Janus Henderson Mlt-Ast AbsRet I Acc,1.162
05/31/2017,Janus Henderson Mlt-Ast AbsRet I Acc,1.164
06/01/2017,Janus Henderson Mlt-Ast AbsRet I Acc,1.164
06/02/2017,Janus Henderson Mlt-Ast AbsRet I Acc,1.163
06/03/2017,Janus Henderson Mlt-Ast AbsRet I Acc,1.163
06/04/2017,Janus Henderson Mlt-Ast AbsRet I Acc,1.163
06/05/2017,Janus Henderson Mlt-Ast AbsRet I Acc,1.164
06/06/2017,Janus Henderson Mlt-Ast AbsRet I Acc,1.163
06/07/2017,Janus Henderson Mlt-Ast AbsRet I Acc,1.164
06/08/2017,Janus Henderson Mlt-Ast AbsRet I Acc,1.164
06/09/2017,Janus Henderson Mlt-Ast AbsRet I Acc,1.163
06/10/2017,Janus Henderson Mlt-Ast AbsRet I Acc,1.163
06/11/2017,Janus Henderson Mlt-Ast AbsRet I Acc,1.163
06/12/2017,Janus Henderson Mlt-Ast AbsRet I Acc,1.165
06/13/2017,Janus Henderson Mlt-Ast AbsRet I Acc,1.165
06/14/2017,Janus Henderson Mlt-Ast AbsRet I Acc,1.164
06/15/2017,Janus Henderson Mlt-Ast AbsRet I Acc,1.163
06/16/2017,Janus Henderson Mlt-Ast AbsRet I Acc,1.162
06/17/2017,Janus Henderson Mlt-Ast AbsRet I Acc,1.162
06/18/2017,Janus Henderson Mlt-Ast AbsRet I Acc,1.162
06/19/2017,Janus Henderson Mlt-Ast AbsRet I Acc,1.16
06/20/2017,Janus Henderson Mlt-Ast AbsRet I Acc,1.16
06/21/2017,Janus Henderson Mlt-Ast AbsRet I Acc,1.158
06/22/2017,Janus Henderson Mlt-Ast AbsRet I Acc,1.158
06/23/2017,Janus Henderson Mlt-Ast AbsRet I Acc,1.158
06/24/2017,Janus Henderson Mlt-Ast AbsRet I Acc,1.158
06/25/2017,Janus Henderson Mlt-Ast AbsRet I Acc,1.158
06/26/2017,Janus Henderson Mlt-Ast AbsRet I Acc,1.158
06/27/2017,Janus Henderson Mlt-Ast AbsRet I Acc,1.159
06/28/2017,Janus Henderson Mlt-Ast AbsRet I Acc,1.159
06/29/2017,Janus Henderson Mlt-Ast AbsRet I Acc,1.156
06/30/2017,Janus Henderson Mlt-Ast AbsRet I Acc,1.156
07/01/2017,Janus Henderson Mlt-Ast AbsRet I Acc,1.156
07/02/2017,Janus Henderson Mlt-Ast AbsRet I Acc,1.156
07/03/2017,Janus Henderson Mlt-Ast AbsRet I Acc,1.154
07/04/2017,Janus Henderson Mlt-Ast AbsRet I Acc,1.152
07/05/2017,Janus Henderson Mlt-Ast AbsRet I Acc,1.152
07/06/2017,Janus Henderson Mlt-Ast AbsRet I Acc,1.152
07/07/2017,Janus Henderson Mlt-Ast AbsRet I Acc,1.153
07/08/2017,Janus Henderson Mlt-Ast AbsRet I Acc,1.153
07/09/2017,Janus Henderson Mlt-Ast AbsRet I Acc,1.153
07/10/2017,Janus Henderson Mlt-Ast AbsRet I Acc,1.153
07/11/2017,Janus Henderson Mlt-Ast AbsRet I Acc,1.153
07/12/2017,Janus Henderson Mlt-Ast AbsRet I Acc,1.155
07/13/2017,Janus Henderson Mlt-Ast AbsRet I Acc,1.155
07/14/2017,Janus Henderson Mlt-Ast AbsRet I Acc,1.154
07/15/2017,Janus Henderson Mlt-Ast AbsRet I Acc,1.154
07/16/2017,Janus Henderson Mlt-Ast AbsRet I Acc,1.154
07/17/2017,Janus Henderson Mlt-Ast AbsRet I Acc,1.154
07/18/2017,Janus Henderson Mlt-Ast AbsRet I Acc,1.154
07/19/2017,Janus Henderson Mlt-Ast AbsRet I Acc,1.156
07/20/2017,Janus Henderson Mlt-Ast AbsRet I Acc,1.157
07/21/2017,Janus Henderson Mlt-Ast AbsRet I Acc,1.157
07/22/2017,Janus Henderson Mlt-Ast AbsRet I Acc,1.157
07/23/2017,Janus Henderson Mlt-Ast AbsRet I Acc,1.157
07/24/2017,Janus Henderson Mlt-Ast AbsRet I Acc,1.156
07/25/2017,Janus Henderson Mlt-Ast AbsRet I Acc,1.156
07/26/2017,Janus Henderson Mlt-Ast AbsRet I Acc,1.156
07/27/2017,Janus Henderson Mlt-Ast AbsRet I Acc,1.156
07/28/2017,Janus Henderson Mlt-Ast AbsRet I Acc,1.157
07/29/2017,Janus Henderson Mlt-Ast AbsRet I Acc,1.157
07/30/2017,Janus Henderson Mlt-Ast AbsRet I Acc,1.157
07/31/2017,Janus Henderson Mlt-Ast AbsRet I Acc,1.157
08/01/2017,Janus Henderson Mlt-Ast AbsRet I Acc,1.156
08/02/2017,Janus Henderson Mlt-Ast AbsRet I Acc,1.157
08/03/2017,Janus Henderson Mlt-Ast AbsRet I Acc,1.158
08/04/2017,Janus Henderson Mlt-Ast AbsRet I Acc,1.159
08/05/2017,Janus Henderson Mlt-Ast AbsRet I Acc,1.159
08/06/2017,Janus Henderson Mlt-Ast AbsRet I Acc,1.159
08/07/2017,Janus Henderson Mlt-Ast AbsRet I Acc,1.16
08/08/2017,Janus Henderson Mlt-Ast AbsRet I Acc,1.161
08/09/2017,Janus Henderson Mlt-Ast AbsRet I Acc,1.161
08/10/2017,Janus Henderson Mlt-Ast AbsRet I Acc,1.162
08/11/2017,Janus Henderson Mlt-Ast AbsRet I Acc,1.162
08/12/2017,Janus Henderson Mlt-Ast AbsRet I Acc,1.162
08/13/2017,Janus Henderson Mlt-Ast AbsRet I Acc,1.162
08/14/2017,Janus Henderson Mlt-Ast AbsRet I Acc,1.163
08/15/2017,Janus Henderson Mlt-Ast AbsRet I Acc,1.162
08/16/2017,Janus Henderson Mlt-Ast AbsRet I Acc,1.163
08/17/2017,Janus Henderson Mlt-Ast AbsRet I Acc,1.163
08/18/2017,Janus Henderson Mlt-Ast AbsRet I Acc,1.164
08/19/2017,Janus Henderson Mlt-Ast AbsRet I Acc,1.164
08/20/2017,Janus Henderson Mlt-Ast AbsRet I Acc,1.164
08/21/2017,Janus Henderson Mlt-Ast AbsRet I Acc,1.164
08/22/2017,Janus Henderson Mlt-Ast AbsRet I Acc,1.165
08/23/2017,Janus Henderson Mlt-Ast AbsRet I Acc,1.166
08/24/2017,Janus Henderson Mlt-Ast AbsRet I Acc,1.166
08/25/2017,Janus Henderson Mlt-Ast AbsRet I Acc,1.167
08/26/2017,Janus Henderson Mlt-Ast AbsRet I Acc,1.167
08/27/2017,Janus Henderson Mlt-Ast AbsRet I Acc,1.167
08/28/2017,Janus Henderson Mlt-Ast AbsRet I Acc,1.167
08/29/2017,Janus Henderson Mlt-Ast AbsRet I Acc,1.166
08/30/2017,Janus Henderson Mlt-Ast AbsRet I Acc,1.167
08/31/2017,Janus Henderson Mlt-Ast AbsRet I Acc,1.167
09/01/2017,Janus Henderson Mlt-Ast AbsRet I Acc,1.168
09/02/2017,Janus Henderson Mlt-Ast AbsRet I Acc,1.168
09/03/2017,Janus Henderson Mlt-Ast AbsRet I Acc,1.168
09/04/2017,Janus Henderson Mlt-Ast AbsRet I Acc,1.169
09/05/2017,Janus Henderson Mlt-Ast AbsRet I Acc,1.168
09/06/2017,Janus Henderson Mlt-Ast AbsRet I Acc,1.167
09/07/2017,Janus Henderson Mlt-Ast AbsRet I Acc,1.168
09/08/2017,Janus Henderson Mlt-Ast AbsRet I Acc,1.168
09/09/2017,Janus Henderson Mlt-Ast AbsRet I Acc,1.168
09/10/2017,Janus Henderson Mlt-Ast AbsRet I Acc,1.168
09/11/2017,Janus Henderson Mlt-Ast AbsRet I Acc,1.169
09/12/2017,Janus Henderson Mlt-Ast AbsRet I Acc,1.167
09/13/2017,Janus Henderson Mlt-Ast AbsRet I Acc,1.167
09/14/2017,Janus Henderson Mlt-Ast AbsRet I Acc,1.167
09/15/2017,Janus Henderson Mlt-Ast AbsRet I Acc,1.162
09/16/2017,Janus Henderson Mlt-Ast AbsRet I Acc,1.162
09/17/2017,Janus Henderson Mlt-Ast AbsRet I Acc,1.162
09/18/2017,Janus Henderson Mlt-Ast AbsRet I Acc,1.162
09/19/2017,Janus Henderson Mlt-Ast AbsRet I Acc,1.162
09/20/2017,Janus Henderson Mlt-Ast AbsRet I Acc,1.161
09/21/2017,Janus Henderson Mlt-Ast AbsRet I Acc,1.162
09/22/2017,Janus Henderson Mlt-Ast AbsRet I Acc,1.16
09/23/2017,Janus Henderson Mlt-Ast AbsRet I Acc,1.16
09/24/2017,Janus Henderson Mlt-Ast AbsRet I Acc,1.16
09/25/2017,Janus Henderson Mlt-Ast AbsRet I Acc,1.161
09/26/2017,Janus Henderson Mlt-Ast AbsRet I Acc,1.159
09/27/2017,Janus Henderson Mlt-Ast AbsRet I Acc,1.159
09/28/2017,Janus Henderson Mlt-Ast AbsRet I Acc,1.158
09/29/2017,Janus Henderson Mlt-Ast AbsRet I Acc,1.157
09/30/2017,Janus Henderson Mlt-Ast AbsRet I Acc,1.157
10/01/2017,Janus Henderson Mlt-Ast AbsRet I Acc,1.157
10/02/2017,Janus Henderson Mlt-Ast AbsRet I Acc,1.157
10/03/2017,Janus Henderson Mlt-Ast AbsRet I Acc,1.159
10/04/2017,Janus Henderson Mlt-Ast AbsRet I Acc,1.161
10/05/2017,Janus Henderson Mlt-Ast AbsRet I Acc,1.16
10/06/2017,Janus Henderson Mlt-Ast AbsRet I Acc,1.162
10/07/2017,Janus Henderson Mlt-Ast AbsRet I Acc,1.162
10/08/2017,Janus Henderson Mlt-Ast AbsRet I Acc,1.162
10/09/2017,Janus Henderson Mlt-Ast AbsRet I Acc,1.162
10/10/2017,Janus Henderson Mlt-Ast AbsRet I Acc,1.162
10/11/2017,Janus Henderson Mlt-Ast AbsRet I Acc,1.162
10/12/2017,Janus Henderson Mlt-Ast AbsRet I Acc,1.164
10/13/2017,Janus Henderson Mlt-Ast AbsRet I Acc,1.164
10/14/2017,Janus Henderson Mlt-Ast AbsRet I Acc,1.164
10/15/2017,Janus Henderson Mlt-Ast AbsRet I Acc,1.164
10/16/2017,Janus Henderson Mlt-Ast AbsRet I Acc,1.164
10/17/2017,Janus Henderson Mlt-Ast AbsRet I Acc,1.164
10/18/2017,Janus Henderson Mlt-Ast AbsRet I Acc,1.163
10/19/2017,Janus Henderson Mlt-Ast AbsRet I Acc,1.164
10/20/2017,Janus Henderson Mlt-Ast AbsRet I Acc,1.165
10/21/2017,Janus Henderson Mlt-Ast AbsRet I Acc,1.165
10/22/2017,Janus Henderson Mlt-Ast AbsRet I Acc,1.165
10/23/2017,Janus Henderson Mlt-Ast AbsRet I Acc,1.165
10/24/2017,Janus Henderson Mlt-Ast AbsRet I Acc,1.163
10/25/2017,Janus Henderson Mlt-Ast AbsRet I Acc,1.162
10/26/2017,Janus Henderson Mlt-Ast AbsRet I Acc,1.162
10/27/2017,Janus Henderson Mlt-Ast AbsRet I Acc,1.161
10/28/2017,Janus Henderson Mlt-Ast AbsRet I Acc,1.161
10/29/2017,Janus Henderson Mlt-Ast AbsRet I Acc,1.161
10/30/2017,Janus Henderson Mlt-Ast AbsRet I Acc,1.161
10/31/2017,Janus Henderson Mlt-Ast AbsRet I Acc,1.162
11/01/2017,Janus Henderson Mlt-Ast AbsRet I Acc,1.161
11/02/2017,Janus Henderson Mlt-Ast AbsRet I Acc,1.161
11/03/2017,Janus Henderson Mlt-Ast AbsRet I Acc,1.163
11/04/2017,Janus Henderson Mlt-Ast AbsRet I Acc,1.163
11/05/2017,Janus Henderson Mlt-Ast AbsRet I Acc,1.163
11/06/2017,Janus Henderson Mlt-Ast AbsRet I Acc,1.164
11/07/2017,Janus Henderson Mlt-Ast AbsRet I Acc,1.163
11/08/2017,Janus Henderson Mlt-Ast AbsRet I Acc,1.164
11/09/2017,Janus Henderson Mlt-Ast AbsRet I Acc,1.164
11/10/2017,Janus Henderson Mlt-Ast AbsRet I Acc,1.163
11/11/2017,Janus Henderson Mlt-Ast AbsRet I Acc,1.163
11/12/2017,Janus Henderson Mlt-Ast AbsRet I Acc,1.163
11/13/2017,Janus Henderson Mlt-Ast AbsRet I Acc,1.161
11/14/2017,Janus Henderson Mlt-Ast AbsRet I Acc,1.159
11/15/2017,Janus Henderson Mlt-Ast AbsRet I Acc,1.157
11/16/2017,Janus Henderson Mlt-Ast AbsRet I Acc,1.156
11/17/2017,Janus Henderson Mlt-Ast AbsRet I Acc,1.156
11/18/2017,Janus Henderson Mlt-Ast AbsRet I Acc,1.156
11/19/2017,Janus Henderson Mlt-Ast AbsRet I Acc,1.156
11/20/2017,Janus Henderson Mlt-Ast AbsRet I Acc,1.157
11/21/2017,Janus Henderson Mlt-Ast AbsRet I Acc,1.157
11/22/2017,Janus Henderson Mlt-Ast AbsRet I Acc,1.159
11/23/2017,Janus Henderson Mlt-Ast AbsRet I Acc,1.16
11/24/2017,Janus Henderson Mlt-Ast AbsRet I Acc,1.161
11/25/2017,Janus Henderson Mlt-Ast AbsRet I Acc,1.161
11/26/2017,Janus Henderson Mlt-Ast AbsRet I Acc,1.161
11/27/2017,Janus Henderson Mlt-Ast AbsRet I Acc,1.16
11/28/2017,Janus Henderson Mlt-Ast AbsRet I Acc,1.16
11/29/2017,Janus Henderson Mlt-Ast AbsRet I Acc,1.159
11/30/2017,Janus Henderson Mlt-Ast AbsRet I Acc,1.157
12/01/2017,Janus Henderson Mlt-Ast AbsRet I Acc,1.156
12/02/2017,Janus Henderson Mlt-Ast AbsRet I Acc,1.156
12/03/2017,Janus Henderson Mlt-Ast AbsRet I Acc,1.156
12/04/2017,Janus Henderson Mlt-Ast AbsRet I Acc,1.155
12/05/2017,Janus Henderson Mlt-Ast AbsRet I Acc,1.156
12/06/2017,Janus Henderson Mlt-Ast AbsRet I Acc,1.155
12/07/2017,Janus Henderson Mlt-Ast AbsRet I Acc,1.156
12/08/2017,Janus Henderson Mlt-Ast AbsRet I Acc,1.153
12/09/2017,Janus Henderson Mlt-Ast AbsRet I Acc,1.153
12/10/2017,Janus Henderson Mlt-Ast AbsRet I Acc,1.153
12/11/2017,Janus Henderson Mlt-Ast AbsRet I Acc,1.155
12/12/2017,Janus Henderson Mlt-Ast AbsRet I Acc,1.157
12/13/2017,Janus Henderson Mlt-Ast AbsRet I Acc,1.159
12/14/2017,Janus Henderson Mlt-Ast AbsRet I Acc,1.159
12/15/2017,Janus Henderson Mlt-Ast AbsRet I Acc,1.16
12/16/2017,Janus Henderson Mlt-Ast AbsRet I Acc,1.16
12/17/2017,Janus Henderson Mlt-Ast AbsRet I Acc,1.16
12/18/2017,Janus Henderson Mlt-Ast AbsRet I Acc,1.163
12/19/2017,Janus Henderson Mlt-Ast AbsRet I Acc,1.164
12/20/2017,Janus Henderson Mlt-Ast AbsRet I Acc,1.165
12/21/2017,Janus Henderson Mlt-Ast AbsRet I Acc,1.165
12/22/2017,Janus Henderson Mlt-Ast AbsRet I Acc,1.165
12/23/2017,Janus Henderson Mlt-Ast AbsRet I Acc,1.165
12/24/2017,Janus Henderson Mlt-Ast AbsRet I Acc,1.165
12/25/2017,Janus Henderson Mlt-Ast AbsRet I Acc,1.165
12/26/2017,Janus Henderson Mlt-Ast AbsRet I Acc,1.165
12/27/2017,Janus Henderson Mlt-Ast AbsRet I Acc,1.166
12/28/2017,Janus Henderson Mlt-Ast AbsRet I Acc,1.167
12/29/2017,Janus Henderson Mlt-Ast AbsRet I Acc,1.166
12/30/2017,Janus Henderson Mlt-Ast AbsRet I Acc,1.166
12/31/2017,Janus Henderson Mlt-Ast AbsRet I Acc,1.166
01/01/2018,Janus Henderson Mlt-Ast AbsRet I Acc,1.166
01/02/2018,Janus Henderson Mlt-Ast AbsRet I Acc,1.168
01/03/2018,Janus Henderson Mlt-Ast AbsRet I Acc,1.168
01/04/2018,Janus Henderson Mlt-Ast AbsRet I Acc,1.171
01/05/2018,Janus Henderson Mlt-Ast AbsRet I Acc,1.175
01/06/2018,Janus Henderson Mlt-Ast AbsRet I Acc,1.175
01/07/2018,Janus Henderson Mlt-Ast AbsRet I Acc,1.175
01/08/2018,Janus Henderson Mlt-Ast AbsRet I Acc,1.175
01/09/2018,Janus Henderson Mlt-Ast AbsRet I Acc,1.176
01/10/2018,Janus Henderson Mlt-Ast AbsRet I Acc,1.179
01/11/2018,Janus Henderson Mlt-Ast AbsRet I Acc,1.18
01/12/2018,Janus Henderson Mlt-Ast AbsRet I Acc,1.179
01/13/2018,Janus Henderson Mlt-Ast AbsRet I Acc,1.179
01/14/2018,Janus Henderson Mlt-Ast AbsRet I Acc,1.179
01/15/2018,Janus Henderson Mlt-Ast AbsRet I Acc,1.177
01/16/2018,Janus Henderson Mlt-Ast AbsRet I Acc,1.179
01/17/2018,Janus Henderson Mlt-Ast AbsRet I Acc,1.178
01/18/2018,Janus Henderson Mlt-Ast AbsRet I Acc,1.175
01/19/2018,Janus Henderson Mlt-Ast AbsRet I Acc,1.176
01/20/2018,Janus Henderson Mlt-Ast AbsRet I Acc,1.176
01/21/2018,Janus Henderson Mlt-Ast AbsRet I Acc,1.176
01/22/2018,Janus Henderson Mlt-Ast AbsRet I Acc,1.176
01/23/2018,Janus Henderson Mlt-Ast AbsRet I Acc,1.177
01/24/2018,Janus Henderson Mlt-Ast AbsRet I Acc,1.177
01/25/2018,Janus Henderson Mlt-Ast AbsRet I Acc,1.173
01/26/2018,Janus Henderson Mlt-Ast AbsRet I Acc,1.169
01/27/2018,Janus Henderson Mlt-Ast AbsRet I Acc,1.169
01/28/2018,Janus Henderson Mlt-Ast AbsRet I Acc,1.169
01/29/2018,Janus Henderson Mlt-Ast AbsRet I Acc,1.173
01/30/2018,Janus Henderson Mlt-Ast AbsRet I Acc,1.175
01/31/2018,Janus Henderson Mlt-Ast AbsRet I Acc,1.172
02/01/2018,Janus Henderson Mlt-Ast AbsRet I Acc,1.17
02/02/2018,Janus Henderson Mlt-Ast AbsRet I Acc,1.169
02/03/2018,Janus Henderson Mlt-Ast AbsRet I Acc,1.169
02/04/2018,Janus Henderson Mlt-Ast AbsRet I Acc,1.169
02/05/2018,Janus Henderson Mlt-Ast AbsRet I Acc,1.168
02/06/2018,Janus Henderson Mlt-Ast AbsRet I Acc,1.165
02/07/2018,Janus Henderson Mlt-Ast AbsRet I Acc,1.164
02/08/2018,Janus Henderson Mlt-Ast AbsRet I Acc,1.162
02/09/2018,Janus Henderson Mlt-Ast AbsRet I Acc,1.16
02/10/2018,Janus Henderson Mlt-Ast AbsRet I Acc,1.16
02/11/2018,Janus Henderson Mlt-Ast AbsRet I Acc,1.16
02/12/2018,Janus Henderson Mlt-Ast AbsRet I Acc,1.159
02/13/2018,Janus Henderson Mlt-Ast AbsRet I Acc,1.159
02/14/2018,Janus Henderson Mlt-Ast AbsRet I Acc,1.16
02/15/2018,Janus Henderson Mlt-Ast AbsRet I Acc,1.161
02/16/2018,Janus Henderson Mlt-Ast AbsRet I Acc,1.161
02/17/2018,Janus Henderson Mlt-Ast AbsRet I Acc,1.161
02/18/2018,Janus Henderson Mlt-Ast AbsRet I Acc,1.161
02/19/2018,Janus Henderson Mlt-Ast AbsRet I Acc,1.162
02/20/2018,Janus Henderson Mlt-Ast AbsRet I Acc,1.163
02/21/2018,Janus Henderson Mlt-Ast AbsRet I Acc,1.162
02/22/2018,Janus Henderson Mlt-Ast AbsRet I Acc,1.163
02/23/2018,Janus Henderson Mlt-Ast AbsRet I Acc,1.163
02/24/2018,Janus Henderson Mlt-Ast AbsRet I Acc,1.163
02/25/2018,Janus Henderson Mlt-Ast AbsRet I Acc,1.163
02/26/2018,Janus Henderson Mlt-Ast AbsRet I Acc,1.165
02/27/2018,Janus Henderson Mlt-Ast AbsRet I Acc,1.166
02/28/2018,Janus Henderson Mlt-Ast AbsRet I Acc,1.165
03/01/2018,Janus Henderson Mlt-Ast AbsRet I Acc,1.164
03/02/2018,Janus Henderson Mlt-Ast AbsRet I Acc,1.161
03/03/2018,Janus Henderson Mlt-Ast AbsRet I Acc,1.161
03/04/2018,Janus Henderson Mlt-Ast AbsRet I Acc,1.161
03/05/2018,Janus Henderson Mlt-Ast AbsRet I Acc,1.159
03/06/2018,Janus Henderson Mlt-Ast AbsRet I Acc,1.159
03/07/2018,Janus Henderson Mlt-Ast AbsRet I Acc,1.157
03/08/2018,Janus Henderson Mlt-Ast AbsRet I Acc,1.156
03/09/2018,Janus Henderson Mlt-Ast AbsRet I Acc,1.156
03/10/2018,Janus Henderson Mlt-Ast AbsRet I Acc,1.156
03/11/2018,Janus Henderson Mlt-Ast AbsRet I Acc,1.156
03/12/2018,Janus Henderson Mlt-Ast AbsRet I Acc,1.155
03/13/2018,Janus Henderson Mlt-Ast AbsRet I Acc,1.154
03/14/2018,Janus Henderson Mlt-Ast AbsRet I Acc,1.154
03/15/2018,Janus Henderson Mlt-Ast AbsRet I Acc,1.154
03/16/2018,Janus Henderson Mlt-Ast AbsRet I Acc,1.154
03/17/2018,Janus Henderson Mlt-Ast AbsRet I Acc,1.154
03/18/2018,Janus Henderson Mlt-Ast AbsRet I Acc,1.154
03/19/2018,Janus Henderson Mlt-Ast AbsRet I Acc,1.151
03/20/2018,Janus Henderson Mlt-Ast AbsRet I Acc,1.15
03/21/2018,Janus Henderson Mlt-Ast AbsRet I Acc,1.15
03/22/2018,Janus Henderson Mlt-Ast AbsRet I Acc,1.147
03/23/2018,Janus Henderson Mlt-Ast AbsRet I Acc,1.145
03/24/2018,Janus Henderson Mlt-Ast AbsRet I Acc,1.145
03/25/2018,Janus Henderson Mlt-Ast AbsRet I Acc,1.145
03/26/2018,Janus Henderson Mlt-Ast AbsRet I Acc,1.145
03/27/2018,Janus Henderson Mlt-Ast AbsRet I Acc,1.147
03/28/2018,Janus Henderson Mlt-Ast AbsRet I Acc,1.145
03/29/2018,Janus Henderson Mlt-Ast AbsRet I Acc,1.146
03/30/2018,Janus Henderson Mlt-Ast AbsRet I Acc,1.146
03/31/2018,Janus Henderson Mlt-Ast AbsRet I Acc,1.146
04/01/2018,Janus Henderson Mlt-Ast AbsRet I Acc,1.146
04/02/2018,Janus Henderson Mlt-Ast AbsRet I Acc,1.146
04/03/2018,Janus Henderson Mlt-Ast AbsRet I Acc,1.148
04/04/2018,Janus Henderson Mlt-Ast AbsRet I Acc,1.147
04/05/2018,Janus Henderson Mlt-Ast AbsRet I Acc,1.147
04/06/2018,Janus Henderson Mlt-Ast AbsRet I Acc,1.149
04/07/2018,Janus Henderson Mlt-Ast AbsRet I Acc,1.149
04/08/2018,Janus Henderson Mlt-Ast AbsRet I Acc,1.149
04/09/2018,Janus Henderson Mlt-Ast AbsRet I Acc,1.149
04/10/2018,Janus Henderson Mlt-Ast AbsRet I Acc,1.149
04/11/2018,Janus Henderson Mlt-Ast AbsRet I Acc,1.148
04/12/2018,Janus Henderson Mlt-Ast AbsRet I Acc,1.148
04/13/2018,Janus Henderson Mlt-Ast AbsRet I Acc,1.148
04/14/2018,Janus Henderson Mlt-Ast AbsRet I Acc,1.148
04/15/2018,Janus Henderson Mlt-Ast AbsRet I Acc,1.148
04/16/2018,Janus Henderson Mlt-Ast AbsRet I Acc,1.149
04/17/2018,Janus Henderson Mlt-Ast AbsRet I Acc,1.15
04/18/2018,Janus Henderson Mlt-Ast AbsRet I Acc,1.153
04/19/2018,Janus Henderson Mlt-Ast AbsRet I Acc,1.155
04/20/2018,Janus Henderson Mlt-Ast AbsRet I Acc,1.159
04/21/2018,Janus Henderson Mlt-Ast AbsRet I Acc,1.159
04/22/2018,Janus Henderson Mlt-Ast AbsRet I Acc,1.159
04/23/2018,Janus Henderson Mlt-Ast AbsRet I Acc,1.16
04/24/2018,Janus Henderson Mlt-Ast AbsRet I Acc,1.162
04/25/2018,Janus Henderson Mlt-Ast AbsRet I Acc,1.162
04/26/2018,Janus Henderson Mlt-Ast AbsRet I Acc,1.163
04/27/2018,Janus Henderson Mlt-Ast AbsRet I Acc,1.161
04/28/2018,Janus Henderson Mlt-Ast AbsRet I Acc,1.161
04/29/2018,Janus Henderson Mlt-Ast AbsRet I Acc,1.161
04/30/2018,Janus Henderson Mlt-Ast AbsRet I Acc,1.165
05/01/2018,Janus Henderson Mlt-Ast AbsRet I Acc,1.165
05/02/2018,Janus Henderson Mlt-Ast AbsRet I Acc,1.165
05/03/2018,Janus Henderson Mlt-Ast AbsRet I Acc,1.164
05/04/2018,Janus Henderson Mlt-Ast AbsRet I Acc,1.163
05/05/2018,Janus Henderson Mlt-Ast AbsRet I Acc,1.163
05/06/2018,Janus Henderson Mlt-Ast AbsRet I Acc,1.163
05/07/2018,Janus Henderson Mlt-Ast AbsRet I Acc,1.163
05/08/2018,Janus Henderson Mlt-Ast AbsRet I Acc,1.162
05/09/2018,Janus Henderson Mlt-Ast AbsRet I Acc,1.162
05/10/2018,Janus Henderson Mlt-Ast AbsRet I Acc,1.163
05/11/2018,Janus Henderson Mlt-Ast AbsRet I Acc,1.165
05/12/2018,Janus Henderson Mlt-Ast AbsRet I Acc,1.165
05/13/2018,Janus Henderson Mlt-Ast AbsRet I Acc,1.165
05/14/2018,Janus Henderson Mlt-Ast AbsRet I Acc,1.165
05/15/2018,Janus Henderson Mlt-Ast AbsRet I Acc,1.166
05/16/2018,Janus Henderson Mlt-Ast AbsRet I Acc,1.167
05/17/2018,Janus Henderson Mlt-Ast AbsRet I Acc,1.165
05/18/2018,Janus Henderson Mlt-Ast AbsRet I Acc,1.165
05/19/2018,Janus Henderson Mlt-Ast AbsRet I Acc,1.165
05/20/2018,Janus Henderson Mlt-Ast AbsRet I Acc,1.165
05/21/2018,Janus Henderson Mlt-Ast AbsRet I Acc,1.166
05/22/2018,Janus Henderson Mlt-Ast AbsRet I Acc,1.166
05/23/2018,Janus Henderson Mlt-Ast AbsRet I Acc,1.167
05/24/2018,Janus Henderson Mlt-Ast AbsRet I Acc,1.168
05/25/2018,Janus Henderson Mlt-Ast AbsRet I Acc,1.167
05/26/2018,Janus Henderson Mlt-Ast AbsRet I Acc,1.167
05/27/2018,Janus Henderson Mlt-Ast AbsRet I Acc,1.167
05/28/2018,Janus Henderson Mlt-Ast AbsRet I Acc,1.167
05/29/2018,Janus Henderson Mlt-Ast AbsRet I Acc,1.164
05/30/2018,Janus Henderson Mlt-Ast AbsRet I Acc,1.162
05/31/2018,Janus Henderson Mlt-Ast AbsRet I Acc,1.162
06/01/2018,Janus Henderson Mlt-Ast AbsRet I Acc,1.163
06/02/2018,Janus Henderson Mlt-Ast AbsRet I Acc,1.163
06/03/2018,Janus Henderson Mlt-Ast AbsRet I Acc,1.163
06/04/2018,Janus Henderson Mlt-Ast AbsRet I Acc,1.164
06/05/2018,Janus Henderson Mlt-Ast AbsRet I Acc,1.166
06/06/2018,Janus Henderson Mlt-Ast AbsRet I Acc,1.166
06/07/2018,Janus Henderson Mlt-Ast AbsRet I Acc,1.166
06/08/2018,Janus Henderson Mlt-Ast AbsRet I Acc,1.166
06/09/2018,Janus Henderson Mlt-Ast AbsRet I Acc,1.166
06/10/2018,Janus Henderson Mlt-Ast AbsRet I Acc,1.166
06/11/2018,Janus Henderson Mlt-Ast AbsRet I Acc,1.169
06/12/2018,Janus Henderson Mlt-Ast AbsRet I Acc,1.17
06/13/2018,Janus Henderson Mlt-Ast AbsRet I Acc,1.168
06/14/2018,Janus Henderson Mlt-Ast AbsRet I Acc,1.166
06/15/2018,Janus Henderson Mlt-Ast AbsRet I Acc,1.165
06/16/2018,Janus Henderson Mlt-Ast AbsRet I Acc,1.165
06/17/2018,Janus Henderson Mlt-Ast AbsRet I Acc,1.165
06/18/2018,Janus Henderson Mlt-Ast AbsRet I Acc,1.164
06/19/2018,Janus Henderson Mlt-Ast AbsRet I Acc,1.161
06/20/2018,Janus Henderson Mlt-Ast AbsRet I Acc,1.161
06/21/2018,Janus Henderson Mlt-Ast AbsRet I Acc,1.161
06/22/2018,Janus Henderson Mlt-Ast AbsRet I Acc,1.16
06/23/2018,Janus Henderson Mlt-Ast AbsRet I Acc,1.16
06/24/2018,Janus Henderson Mlt-Ast AbsRet I Acc,1.16
06/25/2018,Janus Henderson Mlt-Ast AbsRet I Acc,1.16
06/26/2018,Janus Henderson Mlt-Ast AbsRet I Acc,1.159
06/27/2018,Janus Henderson Mlt-Ast AbsRet I Acc,1.16
06/28/2018,Janus Henderson Mlt-Ast AbsRet I Acc,1.16
06/29/2018,Janus Henderson Mlt-Ast AbsRet I Acc,1.161
06/30/2018,Janus Henderson Mlt-Ast AbsRet I Acc,1.161
07/01/2018,Janus Henderson Mlt-Ast AbsRet I Acc,1.161
07/02/2018,Janus Henderson Mlt-Ast AbsRet I Acc,1.159
07/03/2018,Janus Henderson Mlt-Ast AbsRet I Acc,1.158
07/04/2018,Janus Henderson Mlt-Ast AbsRet I Acc,1.158
07/05/2018,Janus Henderson Mlt-Ast AbsRet I Acc,1.159
07/06/2018,Janus Henderson Mlt-Ast AbsRet I Acc,1.159
07/07/2018,Janus Henderson Mlt-Ast AbsRet I Acc,1.159
07/08/2018,Janus Henderson Mlt-Ast AbsRet I Acc,1.159
07/09/2018,Janus Henderson Mlt-Ast AbsRet I Acc,1.16
07/10/2018,Janus Henderson Mlt-Ast AbsRet I Acc,1.161
07/11/2018,Janus Henderson Mlt-Ast AbsRet I Acc,1.159
07/12/2018,Janus Henderson Mlt-Ast AbsRet I Acc,1.159
07/13/2018,Janus Henderson Mlt-Ast AbsRet I Acc,1.159
07/14/2018,Janus Henderson Mlt-Ast AbsRet I Acc,1.159
07/15/2018,Janus Henderson Mlt-Ast AbsRet I Acc,1.159
07/16/2018,Janus Henderson Mlt-Ast AbsRet I Acc,1.164
07/17/2018,Janus Henderson Mlt-Ast AbsRet I Acc,1.164
07/18/2018,Janus Henderson Mlt-Ast AbsRet I Acc,1.167
07/19/2018,Janus Henderson Mlt-Ast AbsRet I Acc,1.166
07/20/2018,Janus Henderson Mlt-Ast AbsRet I Acc,1.165
07/21/2018,Janus Henderson Mlt-Ast AbsRet I Acc,1.165
07/22/2018,Janus Henderson Mlt-Ast AbsRet I Acc,1.165
07/23/2018,Janus Henderson Mlt-Ast AbsRet I Acc,1.166
07/24/2018,Janus Henderson Mlt-Ast AbsRet I Acc,1.167
07/25/2018,Janus Henderson Mlt-Ast AbsRet I Acc,1.167
07/26/2018,Janus Henderson Mlt-Ast AbsRet I Acc,1.167
07/27/2018,Janus Henderson Mlt-Ast AbsRet I Acc,1.17
07/28/2018,Janus Henderson Mlt-Ast AbsRet I Acc,1.17
07/29/2018,Janus Henderson Mlt-Ast AbsRet I Acc,1.17
07/30/2018,Janus Henderson Mlt-Ast AbsRet I Acc,1.17
07/31/2018,Janus Henderson Mlt-Ast AbsRet I Acc,1.172
08/01/2018,Janus Henderson Mlt-Ast AbsRet I Acc,1.174
08/02/2018,Janus Henderson Mlt-Ast AbsRet I Acc,1.173
08/03/2018,Janus Henderson Mlt-Ast AbsRet I Acc,1.172
08/04/2018,Janus Henderson Mlt-Ast AbsRet I Acc,1.172
08/05/2018,Janus Henderson Mlt-Ast AbsRet I Acc,1.172
08/06/2018,Janus Henderson Mlt-Ast AbsRet I Acc,1.172
08/07/2018,Janus Henderson Mlt-Ast AbsRet I Acc,1.173
08/08/2018,Janus Henderson Mlt-Ast AbsRet I Acc,1.173
08/09/2018,Janus Henderson Mlt-Ast AbsRet I Acc,1.174
08/10/2018,Janus Henderson Mlt-Ast AbsRet I Acc,1.172
08/11/2018,Janus Henderson Mlt-Ast AbsRet I Acc,1.172
08/12/2018,Janus Henderson Mlt-Ast AbsRet I Acc,1.172
08/13/2018,Janus Henderson Mlt-Ast AbsRet I Acc,1.172
08/14/2018,Janus Henderson Mlt-Ast AbsRet I Acc,1.169
08/15/2018,Janus Henderson Mlt-Ast AbsRet I Acc,1.169
08/16/2018,Janus Henderson Mlt-Ast AbsRet I Acc,1.169
08/17/2018,Janus Henderson Mlt-Ast AbsRet I Acc,1.166
08/18/2018,Janus Henderson Mlt-Ast AbsRet I Acc,1.166
08/19/2018,Janus Henderson Mlt-Ast AbsRet I Acc,1.166
08/20/2018,Janus Henderson Mlt-Ast AbsRet I Acc,1.167
08/21/2018,Janus Henderson Mlt-Ast AbsRet I Acc,1.167
08/22/2018,Janus Henderson Mlt-Ast AbsRet I Acc,1.167
08/23/2018,Janus Henderson Mlt-Ast AbsRet I Acc,1.166
08/24/2018,Janus Henderson Mlt-Ast AbsRet I Acc,1.166
08/25/2018,Janus Henderson Mlt-Ast AbsRet I Acc,1.166
08/26/2018,Janus Henderson Mlt-Ast AbsRet I Acc,1.166
08/27/2018,Janus Henderson Mlt-Ast AbsRet I Acc,1.166
08/28/2018,Janus Henderson Mlt-Ast AbsRet I Acc,1.168
08/29/2018,Janus Henderson Mlt-Ast AbsRet I Acc,1.168
08/30/2018,Janus Henderson Mlt-Ast AbsRet I Acc,1.167
08/31/2018,Janus Henderson Mlt-Ast AbsRet I Acc,1.166
09/01/2018,Janus Henderson Mlt-Ast AbsRet I Acc,1.166
09/02/2018,Janus Henderson Mlt-Ast AbsRet I Acc,1.166
09/03/2018,Janus Henderson Mlt-Ast AbsRet I Acc,1.166
09/04/2018,Janus Henderson Mlt-Ast AbsRet I Acc,1.165
09/05/2018,Janus Henderson Mlt-Ast AbsRet I Acc,1.166
09/06/2018,Janus Henderson Mlt-Ast AbsRet I Acc,1.164
09/07/2018,Janus Henderson Mlt-Ast AbsRet I Acc,1.161
09/08/2018,Janus Henderson Mlt-Ast AbsRet I Acc,1.161
09/09/2018,Janus Henderson Mlt-Ast AbsRet I Acc,1.161
09/10/2018,Janus Henderson Mlt-Ast AbsRet I Acc,1.161
09/11/2018,Janus Henderson Mlt-Ast AbsRet I Acc,1.161
09/12/2018,Janus Henderson Mlt-Ast AbsRet I Acc,1.16
09/13/2018,Janus Henderson Mlt-Ast AbsRet I Acc,1.161
09/14/2018,Janus Henderson Mlt-Ast AbsRet I Acc,1.161
09/15/2018,Janus Henderson Mlt-Ast AbsRet I Acc,1.161
09/16/2018,Janus Henderson Mlt-Ast AbsRet I Acc,1.161
09/17/2018,Janus Henderson Mlt-Ast AbsRet I Acc,1.161
09/18/2018,Janus Henderson Mlt-Ast AbsRet I Acc,1.163
09/19/2018,Janus Henderson Mlt-Ast AbsRet I Acc,1.163
09/20/2018,Janus Henderson Mlt-Ast AbsRet I Acc,1.165
09/21/2018,Janus Henderson Mlt-Ast AbsRet I Acc,1.165
09/22/2018,Janus Henderson Mlt-Ast AbsRet I Acc,1.165
09/23/2018,Janus Henderson Mlt-Ast AbsRet I Acc,1.165
09/24/2018,Janus Henderson Mlt-Ast AbsRet I Acc,1.165
09/25/2018,Janus Henderson Mlt-Ast AbsRet I Acc,1.166
09/26/2018,Janus Henderson Mlt-Ast AbsRet I Acc,1.165
09/27/2018,Janus Henderson Mlt-Ast AbsRet I Acc,1.166
09/28/2018,Janus Henderson Mlt-Ast AbsRet I Acc,1.165
09/29/2018,Janus Henderson Mlt-Ast AbsRet I Acc,1.165
09/30/2018,Janus Henderson Mlt-Ast AbsRet I Acc,1.165
10/01/2018,Janus Henderson Mlt-Ast AbsRet I Acc,1.167
10/02/2018,Janus Henderson Mlt-Ast AbsRet I Acc,1.166
10/03/2018,Janus Henderson Mlt-Ast AbsRet I Acc,1.167
10/04/2018,Janus Henderson Mlt-Ast AbsRet I Acc,1.166
10/05/2018,Janus Henderson Mlt-Ast AbsRet I Acc,1.166
10/06/2018,Janus Henderson Mlt-Ast AbsRet I Acc,1.166
10/07/2018,Janus Henderson Mlt-Ast AbsRet I Acc,1.166
10/08/2018,Janus Henderson Mlt-Ast AbsRet I Acc,1.164
10/09/2018,Janus Henderson Mlt-Ast AbsRet I Acc,1.164
10/10/2018,Janus Henderson Mlt-Ast AbsRet I Acc,1.165
10/11/2018,Janus Henderson Mlt-Ast AbsRet I Acc,1.162
10/12/2018,Janus Henderson Mlt-Ast AbsRet I Acc,1.162
10/13/2018,Janus Henderson Mlt-Ast AbsRet I Acc,1.162
10/14/2018,Janus Henderson Mlt-Ast AbsRet I Acc,1.162
10/15/2018,Janus Henderson Mlt-Ast AbsRet I Acc,1.163
10/16/2018,Janus Henderson Mlt-Ast AbsRet I Acc,1.162
10/17/2018,Janus Henderson Mlt-Ast AbsRet I Acc,1.163
10/18/2018,Janus Henderson Mlt-Ast AbsRet I Acc,1.162
10/19/2018,Janus Henderson Mlt-Ast AbsRet I Acc,1.162
10/20/2018,Janus Henderson Mlt-Ast AbsRet I Acc,1.162
10/21/2018,Janus Henderson Mlt-Ast AbsRet I Acc,1.162
10/22/2018,Janus Henderson Mlt-Ast AbsRet I Acc,1.163
10/23/2018,Janus Henderson Mlt-Ast AbsRet I Acc,1.163
10/24/2018,Janus Henderson Mlt-Ast AbsRet I Acc,1.162
10/25/2018,Janus Henderson Mlt-Ast AbsRet I Acc,1.162
10/26/2018,Janus Henderson Mlt-Ast AbsRet I Acc,1.161
10/27/2018,Janus Henderson Mlt-Ast AbsRet I Acc,1.161
10/28/2018,Janus Henderson Mlt-Ast AbsRet I Acc,1.161
10/29/2018,Janus Henderson Mlt-Ast AbsRet I Acc,1.163
10/30/2018,Janus Henderson Mlt-Ast AbsRet I Acc,1.162
10/31/2018,Janus Henderson Mlt-Ast AbsRet I Acc,1.164
11/01/2018,Janus Henderson Mlt-Ast AbsRet I Acc,1.165
11/02/2018,Janus Henderson Mlt-Ast AbsRet I Acc,1.167
11/03/2018,Janus Henderson Mlt-Ast AbsRet I Acc,1.167
11/04/2018,Janus Henderson Mlt-Ast AbsRet I Acc,1.167
11/05/2018,Janus Henderson Mlt-Ast AbsRet I Acc,1.165
11/06/2018,Janus Henderson Mlt-Ast AbsRet I Acc,1.165
11/07/2018,Janus Henderson Mlt-Ast AbsRet I Acc,1.166
11/08/2018,Janus Henderson Mlt-Ast AbsRet I Acc,1.166
11/09/2018,Janus Henderson Mlt-Ast AbsRet I Acc,1.165
11/10/2018,Janus Henderson Mlt-Ast AbsRet I Acc,1.165
11/11/2018,Janus Henderson Mlt-Ast AbsRet I Acc,1.165
11/12/2018,Janus Henderson Mlt-Ast AbsRet I Acc,1.162
11/13/2018,Janus Henderson Mlt-Ast AbsRet I Acc,1.161
11/14/2018,Janus Henderson Mlt-Ast AbsRet I Acc,1.16
11/15/2018,Janus Henderson Mlt-Ast AbsRet I Acc,1.155
11/16/2018,Janus Henderson Mlt-Ast AbsRet I Acc,1.158
11/17/2018,Janus Henderson Mlt-Ast AbsRet I Acc,1.158
11/18/2018,Janus Henderson Mlt-Ast AbsRet I Acc,1.158
11/19/2018,Janus Henderson Mlt-Ast AbsRet I Acc,1.158
11/20/2018,Janus Henderson Mlt-Ast AbsRet I Acc,1.158
11/21/2018,Janus Henderson Mlt-Ast AbsRet I Acc,1.156
11/22/2018,Janus Henderson Mlt-Ast AbsRet I Acc,1.157
11/23/2018,Janus Henderson Mlt-Ast AbsRet I Acc,1.157
11/24/2018,Janus Henderson Mlt-Ast AbsRet I Acc,1.157
11/25/2018,Janus Henderson Mlt-Ast AbsRet I Acc,1.157
11/26/2018,Janus Henderson Mlt-Ast AbsRet I Acc,1.158
11/27/2018,Janus Henderson Mlt-Ast AbsRet I Acc,1.159
11/28/2018,Janus Henderson Mlt-Ast AbsRet I Acc,1.16
11/29/2018,Janus Henderson Mlt-Ast AbsRet I Acc,1.161
11/30/2018,Janus Henderson Mlt-Ast AbsRet I Acc,1.159
12/01/2018,Janus Henderson Mlt-Ast AbsRet I Acc,1.159
12/02/2018,Janus Henderson Mlt-Ast AbsRet I Acc,1.159
12/03/2018,Janus Henderson Mlt-Ast AbsRet I Acc,1.161
12/04/2018,Janus Henderson Mlt-Ast AbsRet I Acc,1.159
12/05/2018,Janus Henderson Mlt-Ast AbsRet I Acc,1.156
12/06/2018,Janus Henderson Mlt-Ast AbsRet I Acc,1.152
12/07/2018,Janus Henderson Mlt-Ast AbsRet I Acc,1.152
12/08/2018,Janus Henderson Mlt-Ast AbsRet I Acc,1.152
12/09/2018,Janus Henderson Mlt-Ast AbsRet I Acc,1.152
12/10/2018,Janus Henderson Mlt-Ast AbsRet I Acc,1.152
12/11/2018,Janus Henderson Mlt-Ast AbsRet I Acc,1.155
12/12/2018,Janus Henderson Mlt-Ast AbsRet I Acc,1.153
12/13/2018,Janus Henderson Mlt-Ast AbsRet I Acc,1.157
12/14/2018,Janus Henderson Mlt-Ast AbsRet I Acc,1.157
12/15/2018,Janus Henderson Mlt-Ast AbsRet I Acc,1.157
12/16/2018,Janus Henderson Mlt-Ast AbsRet I Acc,1.157
12/17/2018,Janus Henderson Mlt-Ast AbsRet I Acc,1.156
12/18/2018,Janus Henderson Mlt-Ast AbsRet I Acc,1.158
12/19/2018,Janus Henderson Mlt-Ast AbsRet I Acc,1.159
12/20/2018,Janus Henderson Mlt-Ast AbsRet I Acc,1.158
12/21/2018,Janus Henderson Mlt-Ast AbsRet I Acc,1.155
12/22/2018,Janus Henderson Mlt-Ast AbsRet I Acc,1.155
12/23/2018,Janus Henderson Mlt-Ast AbsRet I Acc,1.155
12/24/2018,Janus Henderson Mlt-Ast AbsRet I Acc,1.156
12/25/2018,Janus Henderson Mlt-Ast AbsRet I Acc,1.156
12/26/2018,Janus Henderson Mlt-Ast AbsRet I Acc,1.156
12/27/2018,Janus Henderson Mlt-Ast AbsRet I Acc,1.154
12/28/2018,Janus Henderson Mlt-Ast AbsRet I Acc,1.157
12/29/2018,Janus Henderson Mlt-Ast AbsRet I Acc,1.157
12/30/2018,Janus Henderson Mlt-Ast AbsRet I Acc,1.157
12/31/2018,Janus Henderson Mlt-Ast AbsRet I Acc,1.157
01/01/2019,Janus Henderson Mlt-Ast AbsRet I Acc,1.157
01/02/2019,Janus Henderson Mlt-Ast AbsRet I Acc,1.158
01/03/2019,Janus Henderson Mlt-Ast AbsRet I Acc,1.161
01/04/2019,Janus Henderson Mlt-Ast AbsRet I Acc,1.162
01/05/2019,Janus Henderson Mlt-Ast AbsRet I Acc,1.162
01/06/2019,Janus Henderson Mlt-Ast AbsRet I Acc,1.162
01/07/2019,Janus Henderson Mlt-Ast AbsRet I Acc,1.164
01/08/2019,Janus Henderson Mlt-Ast AbsRet I Acc,1.165
01/09/2019,Janus Henderson Mlt-Ast AbsRet I Acc,1.167
01/10/2019,Janus Henderson Mlt-Ast AbsRet I Acc,1.169
01/11/2019,Janus Henderson Mlt-Ast AbsRet I Acc,1.171
01/12/2019,Janus Henderson Mlt-Ast AbsRet I Acc,1.171
01/13/2019,Janus Henderson Mlt-Ast AbsRet I Acc,1.171
01/14/2019,Janus Henderson Mlt-Ast AbsRet I Acc,1.169
01/15/2019,Janus Henderson Mlt-Ast AbsRet I Acc,1.17
01/16/2019,Janus Henderson Mlt-Ast AbsRet I Acc,1.169
01/17/2019,Janus Henderson Mlt-Ast AbsRet I Acc,1.167
01/18/2019,Janus Henderson Mlt-Ast AbsRet I Acc,1.169
01/19/2019,Janus Henderson Mlt-Ast AbsRet I Acc,1.169
01/20/2019,Janus Henderson Mlt-Ast AbsRet I Acc,1.169
01/21/2019,Janus Henderson Mlt-Ast AbsRet I Acc,1.17
01/22/2019,Janus Henderson Mlt-Ast AbsRet I Acc,1.169
01/23/2019,Janus Henderson Mlt-Ast AbsRet I Acc,1.167
01/24/2019,Janus Henderson Mlt-Ast AbsRet I Acc,1.167
01/25/2019,Janus Henderson Mlt-Ast AbsRet I Acc,1.171
01/26/2019,Janus Henderson Mlt-Ast AbsRet I Acc,1.171
01/27/2019,Janus Henderson Mlt-Ast AbsRet I Acc,1.171
01/28/2019,Janus Henderson Mlt-Ast AbsRet I Acc,1.171
01/29/2019,Janus Henderson Mlt-Ast AbsRet I Acc,1.173
01/30/2019,Janus Henderson Mlt-Ast AbsRet I Acc,1.173
01/31/2019,Janus Henderson Mlt-Ast AbsRet I Acc,1.176
02/01/2019,Janus Henderson Mlt-Ast AbsRet I Acc,1.177
02/02/2019,Janus Henderson Mlt-Ast AbsRet I Acc,1.177
02/03/2019,Janus Henderson Mlt-Ast AbsRet I Acc,1.177
02/04/2019,Janus Henderson Mlt-Ast AbsRet I Acc,1.177
02/05/2019,Janus Henderson Mlt-Ast AbsRet I Acc,1.177
02/06/2019,Janus Henderson Mlt-Ast AbsRet I Acc,1.18
02/07/2019,Janus Henderson Mlt-Ast AbsRet I Acc,1.179
02/08/2019,Janus Henderson Mlt-Ast AbsRet I Acc,1.177
02/09/2019,Janus Henderson Mlt-Ast AbsRet I Acc,1.177
02/10/2019,Janus Henderson Mlt-Ast AbsRet I Acc,1.177
02/11/2019,Janus Henderson Mlt-Ast AbsRet I Acc,1.177
02/12/2019,Janus Henderson Mlt-Ast AbsRet I Acc,1.178
02/13/2019,Janus Henderson Mlt-Ast AbsRet I Acc,1.176
02/14/2019,Janus Henderson Mlt-Ast AbsRet I Acc,1.177
02/15/2019,Janus Henderson Mlt-Ast AbsRet I Acc,1.176
02/16/2019,Janus Henderson Mlt-Ast AbsRet I Acc,1.176
02/17/2019,Janus Henderson Mlt-Ast AbsRet I Acc,1.176
02/18/2019,Janus Henderson Mlt-Ast AbsRet I Acc,1.18
02/19/2019,Janus Henderson Mlt-Ast AbsRet I Acc,1.18
02/20/2019,Janus Henderson Mlt-Ast AbsRet I Acc,1.181
02/21/2019,Janus Henderson Mlt-Ast AbsRet I Acc,1.183
02/22/2019,Janus Henderson Mlt-Ast AbsRet I Acc,1.183
02/23/2019,Janus Henderson Mlt-Ast AbsRet I Acc,1.183
02/24/2019,Janus Henderson Mlt-Ast AbsRet I Acc,1.183
02/25/2019,Janus Henderson Mlt-Ast AbsRet I Acc,1.182
02/26/2019,Janus Henderson Mlt-Ast AbsRet I Acc,1.182
02/27/2019,Janus Henderson Mlt-Ast AbsRet I Acc,1.18
02/28/2019,Janus Henderson Mlt-Ast AbsRet I Acc,1.179
03/01/2019,Janus Henderson Mlt-Ast AbsRet I Acc,1.179
03/02/2019,Janus Henderson Mlt-Ast AbsRet I Acc,1.179
03/03/2019,Janus Henderson Mlt-Ast AbsRet I Acc,1.179
03/04/2019,Janus Henderson Mlt-Ast AbsRet I Acc,1.178
03/05/2019,Janus Henderson Mlt-Ast AbsRet I Acc,1.178
03/06/2019,Janus Henderson Mlt-Ast AbsRet I Acc,1.177
03/07/2019,Janus Henderson Mlt-Ast AbsRet I Acc,1.176
03/08/2019,Janus Henderson Mlt-Ast AbsRet I Acc,1.175
03/09/2019,Janus Henderson Mlt-Ast AbsRet I Acc,1.175
03/10/2019,Janus Henderson Mlt-Ast AbsRet I Acc,1.175
03/11/2019,Janus Henderson Mlt-Ast AbsRet I Acc,1.176
03/12/2019,Janus Henderson Mlt-Ast AbsRet I Acc,1.176
03/13/2019,Janus Henderson Mlt-Ast AbsRet I Acc,1.177
03/14/2019,Janus Henderson Mlt-Ast AbsRet I Acc,1.177
03/15/2019,Janus Henderson Mlt-Ast AbsRet I Acc,1.177
03/16/2019,Janus Henderson Mlt-Ast AbsRet I Acc,1.177
03/17/2019,Janus Henderson Mlt-Ast AbsRet I Acc,1.177
03/18/2019,Janus Henderson Mlt-Ast AbsRet I Acc,1.174
03/19/2019,Janus Henderson Mlt-Ast AbsRet I Acc,1.176
03/20/2019,Janus Henderson Mlt-Ast AbsRet I Acc,1.176
03/21/2019,Janus Henderson Mlt-Ast AbsRet I Acc,1.176
03/22/2019,Janus Henderson Mlt-Ast AbsRet I Acc,1.175
03/23/2019,Janus Henderson Mlt-Ast AbsRet I Acc,1.175
03/24/2019,Janus Henderson Mlt-Ast AbsRet I Acc,1.175
03/25/2019,Janus Henderson Mlt-Ast AbsRet I Acc,1.174
03/26/2019,Janus Henderson Mlt-Ast AbsRet I Acc,1.175
03/27/2019,Janus Henderson Mlt-Ast AbsRet I Acc,1.175
03/28/2019,Janus Henderson Mlt-Ast AbsRet I Acc,1.174
03/29/2019,Janus Henderson Mlt-Ast AbsRet I Acc,1.174
03/30/2019,Janus Henderson Mlt-Ast AbsRet I Acc,1.174
03/31/2019,Janus Henderson Mlt-Ast AbsRet I Acc,1.174
04/01/2019,Janus Henderson Mlt-Ast AbsRet I Acc,1.175
04/02/2019,Janus Henderson Mlt-Ast AbsRet I Acc,1.178
04/03/2019,Janus Henderson Mlt-Ast AbsRet I Acc,1.18
04/04/2019,Janus Henderson Mlt-Ast AbsRet I Acc,1.18
04/05/2019,Janus Henderson Mlt-Ast AbsRet I Acc,1.18
04/06/2019,Janus Henderson Mlt-Ast AbsRet I Acc,1.18
04/07/2019,Janus Henderson Mlt-Ast AbsRet I Acc,1.18
04/08/2019,Janus Henderson Mlt-Ast AbsRet I Acc,1.183
04/09/2019,Janus Henderson Mlt-Ast AbsRet I Acc,1.183
04/10/2019,Janus Henderson Mlt-Ast AbsRet I Acc,1.182
04/11/2019,Janus Henderson Mlt-Ast AbsRet I Acc,1.183
04/12/2019,Janus Henderson Mlt-Ast AbsRet I Acc,1.183
04/13/2019,Janus Henderson Mlt-Ast AbsRet I Acc,1.183
04/14/2019,Janus Henderson Mlt-Ast AbsRet I Acc,1.183
04/15/2019,Janus Henderson Mlt-Ast AbsRet I Acc,1.181
04/16/2019,Janus Henderson Mlt-Ast AbsRet I Acc,1.181
04/17/2019,Janus Henderson Mlt-Ast AbsRet I Acc,1.183
04/18/2019,Janus Henderson Mlt-Ast AbsRet I Acc,1.182
04/19/2019,Janus Henderson Mlt-Ast AbsRet I Acc,1.182
04/20/2019,Janus Henderson Mlt-Ast AbsRet I Acc,1.182
04/21/2019,Janus Henderson Mlt-Ast AbsRet I Acc,1.182
04/22/2019,Janus Henderson Mlt-Ast AbsRet I Acc,1.182
04/23/2019,Janus Henderson Mlt-Ast AbsRet I Acc,1.183
04/24/2019,Janus Henderson Mlt-Ast AbsRet I Acc,1.184
04/25/2019,Janus Henderson Mlt-Ast AbsRet I Acc,1.186
04/26/2019,Janus Henderson Mlt-Ast AbsRet I Acc,1.186
04/27/2019,Janus Henderson Mlt-Ast AbsRet I Acc,1.186
04/28/2019,Janus Henderson Mlt-Ast AbsRet I Acc,1.186
04/29/2019,Janus Henderson Mlt-Ast AbsRet I Acc,1.184
04/30/2019,Janus Henderson Mlt-Ast AbsRet I Acc,1.185
05/01/2019,Janus Henderson Mlt-Ast AbsRet I Acc,1.183
05/02/2019,Janus Henderson Mlt-Ast AbsRet I Acc,1.182
05/03/2019,Janus Henderson Mlt-Ast AbsRet I Acc,1.182
05/04/2019,Janus Henderson Mlt-Ast AbsRet I Acc,1.182
05/05/2019,Janus Henderson Mlt-Ast AbsRet I Acc,1.182
05/06/2019,Janus Henderson Mlt-Ast AbsRet I Acc,1.182
05/07/2019,Janus Henderson Mlt-Ast AbsRet I Acc,1.178
05/08/2019,Janus Henderson Mlt-Ast AbsRet I Acc,1.179
05/09/2019,Janus Henderson Mlt-Ast AbsRet I Acc,1.178
05/10/2019,Janus Henderson Mlt-Ast AbsRet I Acc,1.179
05/11/2019,Janus Henderson Mlt-Ast AbsRet I Acc,1.179
05/12/2019,Janus Henderson Mlt-Ast AbsRet I Acc,1.179
05/13/2019,Janus Henderson Mlt-Ast AbsRet I Acc,1.178
05/14/2019,Janus Henderson Mlt-Ast AbsRet I Acc,1.181
05/15/2019,Janus Henderson Mlt-Ast AbsRet I Acc,1.18
05/16/2019,Janus Henderson Mlt-Ast AbsRet I Acc,1.178
05/17/2019,Janus Henderson Mlt-Ast AbsRet I Acc,1.176
05/18/2019,Janus Henderson Mlt-Ast AbsRet I Acc,1.176
05/19/2019,Janus Henderson Mlt-Ast AbsRet I Acc,1.176
05/20/2019,Janus Henderson Mlt-Ast AbsRet I Acc,1.174
05/21/2019,Janus Henderson Mlt-Ast AbsRet I Acc,1.178
05/22/2019,Janus Henderson Mlt-Ast AbsRet I Acc,1.178
05/23/2019,Janus Henderson Mlt-Ast AbsRet I Acc,1.175
05/24/2019,Janus Henderson Mlt-Ast AbsRet I Acc,1.177
05/25/2019,Janus Henderson Mlt-Ast AbsRet I Acc,1.177
05/26/2019,Janus Henderson Mlt-Ast AbsRet I Acc,1.177
05/27/2019,Janus Henderson Mlt-Ast AbsRet I Acc,1.177
05/28/2019,Janus Henderson Mlt-Ast AbsRet I Acc,1.176
05/29/2019,Janus Henderson Mlt-Ast AbsRet I Acc,1.174
05/30/2019,Janus Henderson Mlt-Ast AbsRet I Acc,1.177
05/31/2019,Janus Henderson Mlt-Ast AbsRet I Acc,1.176
06/01/2019,Janus Henderson Mlt-Ast AbsRet I Acc,1.176
06/02/2019,Janus Henderson Mlt-Ast AbsRet I Acc,1.176
06/03/2019,Janus Henderson Mlt-Ast AbsRet I Acc,1.176
06/04/2019,Janus Henderson Mlt-Ast AbsRet I Acc,1.178
06/05/2019,Janus Henderson Mlt-Ast AbsRet I Acc,1.176
06/06/2019,Janus Henderson Mlt-Ast AbsRet I Acc,1.175
06/07/2019,Janus Henderson Mlt-Ast AbsRet I Acc,1.178
06/08/2019,Janus Henderson Mlt-Ast AbsRet I Acc,1.178
06/09/2019,Janus Henderson Mlt-Ast AbsRet I Acc,1.178
06/10/2019,Janus Henderson Mlt-Ast AbsRet I Acc,1.177
06/11/2019,Janus Henderson Mlt-Ast AbsRet I Acc,1.178
06/12/2019,Janus Henderson Mlt-Ast AbsRet I Acc,1.178
06/13/2019,Janus Henderson Mlt-Ast AbsRet I Acc,1.179
06/14/2019,Janus Henderson Mlt-Ast AbsRet I Acc,1.179
06/15/2019,Janus Henderson Mlt-Ast AbsRet I Acc,1.179
06/16/2019,Janus Henderson Mlt-Ast AbsRet I Acc,1.179
06/17/2019,Janus Henderson Mlt-Ast AbsRet I Acc,1.18
06/18/2019,Janus Henderson Mlt-Ast AbsRet I Acc,1.182
06/19/2019,Janus Henderson Mlt-Ast AbsRet I Acc,1.184
06/20/2019,Janus Henderson Mlt-Ast AbsRet I Acc,1.188
06/21/2019,Janus Henderson Mlt-Ast AbsRet I Acc,1.188
06/22/2019,Janus Henderson Mlt-Ast AbsRet I Acc,1.188
06/23/2019,Janus Henderson Mlt-Ast AbsRet I Acc,1.188
06/24/2019,Janus Henderson Mlt-Ast AbsRet I Acc,1.189
06/25/2019,Janus Henderson Mlt-Ast AbsRet I Acc,1.188
06/26/2019,Janus Henderson Mlt-Ast AbsRet I Acc,1.188
06/27/2019,Janus Henderson Mlt-Ast AbsRet I Acc,1.188
06/28/2019,Janus Henderson Mlt-Ast AbsRet I Acc,1.188
06/29/2019,Janus Henderson Mlt-Ast AbsRet I Acc,1.188
06/30/2019,Janus Henderson Mlt-Ast AbsRet I Acc,1.188
07/01/2019,Janus Henderson Mlt-Ast AbsRet I Acc,1.19
07/02/2019,Janus Henderson Mlt-Ast AbsRet I Acc,1.191
07/03/2019,Janus Henderson Mlt-Ast AbsRet I Acc,1.193
07/04/2019,Janus Henderson Mlt-Ast AbsRet I Acc,1.194
07/05/2019,Janus Henderson Mlt-Ast AbsRet I Acc,1.194
07/06/2019,Janus Henderson Mlt-Ast AbsRet I Acc,1.194
07/07/2019,Janus Henderson Mlt-Ast AbsRet I Acc,1.194
07/08/2019,Janus Henderson Mlt-Ast AbsRet I Acc,1.193
07/09/2019,Janus Henderson Mlt-Ast AbsRet I Acc,1.191
07/10/2019,Janus Henderson Mlt-Ast AbsRet I Acc,1.19
07/11/2019,Janus Henderson Mlt-Ast AbsRet I Acc,1.191
07/12/2019,Janus Henderson Mlt-Ast AbsRet I Acc,1.19
07/13/2019,Janus Henderson Mlt-Ast AbsRet I Acc,1.19
07/14/2019,Janus Henderson Mlt-Ast AbsRet I Acc,1.19
07/15/2019,Janus Henderson Mlt-Ast AbsRet I Acc,1.189
07/16/2019,Janus Henderson Mlt-Ast AbsRet I Acc,1.188
07/17/2019,Janus Henderson Mlt-Ast AbsRet I Acc,1.188
07/18/2019,Janus Henderson Mlt-Ast AbsRet I Acc,1.188
07/19/2019,Janus Henderson Mlt-Ast AbsRet I Acc,1.189
07/20/2019,Janus Henderson Mlt-Ast AbsRet I Acc,1.189
07/21/2019,Janus Henderson Mlt-Ast AbsRet I Acc,1.189
07/22/2019,Janus Henderson Mlt-Ast AbsRet I Acc,1.189
07/23/2019,Janus Henderson Mlt-Ast AbsRet I Acc,1.189
07/24/2019,Janus Henderson Mlt-Ast AbsRet I Acc,1.189
07/25/2019,Janus Henderson Mlt-Ast AbsRet I Acc,1.189
07/26/2019,Janus Henderson Mlt-Ast AbsRet I Acc,1.19
07/27/2019,Janus Henderson Mlt-Ast AbsRet I Acc,1.19
07/28/2019,Janus Henderson Mlt-Ast AbsRet I Acc,1.19
07/29/2019,Janus Henderson Mlt-Ast AbsRet I Acc,1.188
07/30/2019,Janus Henderson Mlt-Ast AbsRet I Acc,1.19
07/31/2019,Janus Henderson Mlt-Ast AbsRet I Acc,1.192
08/01/2019,Janus Henderson Mlt-Ast AbsRet I Acc,1.188
08/02/2019,Janus Henderson Mlt-Ast AbsRet I Acc,1.187
08/03/2019,Janus Henderson Mlt-Ast AbsRet I Acc,1.187
08/04/2019,Janus Henderson Mlt-Ast AbsRet I Acc,1.187
08/05/2019,Janus Henderson Mlt-Ast AbsRet I Acc,1.19
08/06/2019,Janus Henderson Mlt-Ast AbsRet I Acc,1.188
08/07/2019,Janus Henderson Mlt-Ast AbsRet I Acc,1.182
08/08/2019,Janus Henderson Mlt-Ast AbsRet I Acc,1.184
08/09/2019,Janus Henderson Mlt-Ast AbsRet I Acc,1.187
08/10/2019,Janus Henderson Mlt-Ast AbsRet I Acc,1.187
08/11/2019,Janus Henderson Mlt-Ast AbsRet I Acc,1.187
08/12/2019,Janus Henderson Mlt-Ast AbsRet I Acc,1.187
08/13/2019,Janus Henderson Mlt-Ast AbsRet I Acc,1.187
08/14/2019,Janus Henderson Mlt-Ast AbsRet I Acc,1.186
08/15/2019,Janus Henderson Mlt-Ast AbsRet I Acc,1.183
08/16/2019,Janus Henderson Mlt-Ast AbsRet I Acc,1.181
08/17/2019,Janus Henderson Mlt-Ast AbsRet I Acc,1.181
08/18/2019,Janus Henderson Mlt-Ast AbsRet I Acc,1.181
08/19/2019,Janus Henderson Mlt-Ast AbsRet I Acc,1.182
08/20/2019,Janus Henderson Mlt-Ast AbsRet I Acc,1.185
08/21/2019,Janus Henderson Mlt-Ast AbsRet I Acc,1.184
08/22/2019,Janus Henderson Mlt-Ast AbsRet I Acc,1.185
08/23/2019,Janus Henderson Mlt-Ast AbsRet I Acc,1.186
08/24/2019,Janus Henderson Mlt-Ast AbsRet I Acc,1.186
08/25/2019,Janus Henderson Mlt-Ast AbsRet I Acc,1.186
08/26/2019,Janus Henderson Mlt-Ast AbsRet I Acc,1.186
08/27/2019,Janus Henderson Mlt-Ast AbsRet I Acc,1.186
08/28/2019,Janus Henderson Mlt-Ast AbsRet I Acc,1.187
08/29/2019,Janus Henderson Mlt-Ast AbsRet I Acc,1.187
08/30/2019,Janus Henderson Mlt-Ast AbsRet I Acc,1.188
08/31/2019,Janus Henderson Mlt-Ast AbsRet I Acc,1.188
09/01/2019,Janus Henderson Mlt-Ast AbsRet I Acc,1.188
09/02/2019,Janus Henderson Mlt-Ast AbsRet I Acc,1.188
09/03/2019,Janus Henderson Mlt-Ast AbsRet I Acc,1.186
09/04/2019,Janus Henderson Mlt-Ast AbsRet I Acc,1.185
09/05/2019,Janus Henderson Mlt-Ast AbsRet I Acc,1.186
09/06/2019,Janus Henderson Mlt-Ast AbsRet I Acc,1.184
09/07/2019,Janus Henderson Mlt-Ast AbsRet I Acc,1.184
09/08/2019,Janus Henderson Mlt-Ast AbsRet I Acc,1.184
09/09/2019,Janus Henderson Mlt-Ast AbsRet I Acc,1.184
09/10/2019,Janus Henderson Mlt-Ast AbsRet I Acc,1.183
09/11/2019,Janus Henderson Mlt-Ast AbsRet I Acc,1.183
09/12/2019,Janus Henderson Mlt-Ast AbsRet I Acc,1.182
09/13/2019,Janus Henderson Mlt-Ast AbsRet I Acc,1.184
09/14/2019,Janus Henderson Mlt-Ast AbsRet I Acc,1.184
09/15/2019,Janus Henderson Mlt-Ast AbsRet I Acc,1.184
09/16/2019,Janus Henderson Mlt-Ast AbsRet I Acc,1.184
09/17/2019,Janus Henderson Mlt-Ast AbsRet I Acc,1.181
09/18/2019,Janus Henderson Mlt-Ast AbsRet I Acc,1.18
09/19/2019,Janus Henderson Mlt-Ast AbsRet I Acc,1.18
09/20/2019,Janus Henderson Mlt-Ast AbsRet I Acc,1.18
09/21/2019,Janus Henderson Mlt-Ast AbsRet I Acc,1.18
09/22/2019,Janus Henderson Mlt-Ast AbsRet I Acc,1.18
09/23/2019,Janus Henderson Mlt-Ast AbsRet I Acc,1.181
09/24/2019,Janus Henderson Mlt-Ast AbsRet I Acc,1.183
09/25/2019,Janus Henderson Mlt-Ast AbsRet I Acc,1.182
09/26/2019,Janus Henderson Mlt-Ast AbsRet I Acc,1.183
09/27/2019,Janus Henderson Mlt-Ast AbsRet I Acc,1.182
09/28/2019,Janus Henderson Mlt-Ast AbsRet I Acc,1.182
09/29/2019,Janus Henderson Mlt-Ast AbsRet I Acc,1.182
09/30/2019,Janus Henderson Mlt-Ast AbsRet I Acc,1.182
10/01/2019,Janus Henderson Mlt-Ast AbsRet I Acc,1.182
10/02/2019,Janus Henderson Mlt-Ast AbsRet I Acc,1.179
10/03/2019,Janus Henderson Mlt-Ast AbsRet I Acc,1.177
10/04/2019,Janus Henderson Mlt-Ast AbsRet I Acc,1.177
10/05/2019,Janus Henderson Mlt-Ast AbsRet I Acc,1.177
10/06/2019,Janus Henderson Mlt-Ast AbsRet I Acc,1.177
10/07/2019,Janus Henderson Mlt-Ast AbsRet I Acc,1.178
10/08/2019,Janus Henderson Mlt-Ast AbsRet I Acc,1.178
10/09/2019,Janus Henderson Mlt-Ast AbsRet I Acc,1.178
10/10/2019,Janus Henderson Mlt-Ast AbsRet I Acc,1.176
10/11/2019,Janus Henderson Mlt-Ast AbsRet I Acc,1.176
10/12/2019,Janus Henderson Mlt-Ast AbsRet I Acc,1.176
10/13/2019,Janus Henderson Mlt-Ast AbsRet I Acc,1.176
10/14/2019,Janus Henderson Mlt-Ast AbsRet I Acc,1.176
10/15/2019,Janus Henderson Mlt-Ast AbsRet I Acc,1.178
10/16/2019,Janus Henderson Mlt-Ast AbsRet I Acc,1.177
10/17/2019,Janus Henderson Mlt-Ast AbsRet I Acc,1.179
10/18/2019,Janus Henderson Mlt-Ast AbsRet I Acc,1.178
10/19/2019,Janus Henderson Mlt-Ast AbsRet I Acc,1.178
10/20/2019,Janus Henderson Mlt-Ast AbsRet I Acc,1.178
10/21/2019,Janus Henderson Mlt-Ast AbsRet I Acc,1.178
10/22/2019,Janus Henderson Mlt-Ast AbsRet I Acc,1.178
10/23/2019,Janus Henderson Mlt-Ast AbsRet I Acc,1.18
10/24/2019,Janus Henderson Mlt-Ast AbsRet I Acc,1.179
10/25/2019,Janus Henderson Mlt-Ast AbsRet I Acc,1.178
10/26/2019,Janus Henderson Mlt-Ast AbsRet I Acc,1.178
10/27/2019,Janus Henderson Mlt-Ast AbsRet I Acc,1.178
10/28/2019,Janus Henderson Mlt-Ast AbsRet I Acc,1.178
10/29/2019,Janus Henderson Mlt-Ast AbsRet I Acc,1.178
10/30/2019,Janus Henderson Mlt-Ast AbsRet I Acc,1.178
10/31/2019,Janus Henderson Mlt-Ast AbsRet I Acc,1.177
11/01/2019,Janus Henderson Mlt-Ast AbsRet I Acc,1.178
11/02/2019,Janus Henderson Mlt-Ast AbsRet I Acc,1.178
11/03/2019,Janus Henderson Mlt-Ast AbsRet I Acc,1.178
11/04/2019,Janus Henderson Mlt-Ast AbsRet I Acc,1.179
11/05/2019,Janus Henderson Mlt-Ast AbsRet I Acc,1.181
11/06/2019,Janus Henderson Mlt-Ast AbsRet I Acc,1.181
11/07/2019,Janus Henderson Mlt-Ast AbsRet I Acc,1.182
11/08/2019,Janus Henderson Mlt-Ast AbsRet I Acc,1.181
11/09/2019,Janus Henderson Mlt-Ast AbsRet I Acc,1.181
11/10/2019,Janus Henderson Mlt-Ast AbsRet I Acc,1.181
11/11/2019,Janus Henderson Mlt-Ast AbsRet I Acc,1.179
11/12/2019,Janus Henderson Mlt-Ast AbsRet I Acc,1.179
11/13/2019,Janus Henderson Mlt-Ast AbsRet I Acc,1.179
11/14/2019,Janus Henderson Mlt-Ast AbsRet I Acc,1.18
11/15/2019,Janus Henderson Mlt-Ast AbsRet I Acc,1.179
11/16/2019,Janus Henderson Mlt-Ast AbsRet I Acc,1.179
11/17/2019,Janus Henderson Mlt-Ast AbsRet I Acc,1.179
11/18/2019,Janus Henderson Mlt-Ast AbsRet I Acc,1.18
11/19/2019,Janus Henderson Mlt-Ast AbsRet I Acc,1.18
11/20/2019,Janus Henderson Mlt-Ast AbsRet I Acc,1.179
11/21/2019,Janus Henderson Mlt-Ast AbsRet I Acc,1.179
11/22/2019,Janus Henderson Mlt-Ast AbsRet I Acc,1.179
11/23/2019,Janus Henderson Mlt-Ast AbsRet I Acc,1.179
11/24/2019,Janus Henderson Mlt-Ast AbsRet I Acc,1.179
11/25/2019,Janus Henderson Mlt-Ast AbsRet I Acc,1.178
11/26/2019,Janus Henderson Mlt-Ast AbsRet I Acc,1.18
11/27/2019,Janus Henderson Mlt-Ast AbsRet I Acc,1.181
11/28/2019,Janus Henderson Mlt-Ast AbsRet I Acc,1.182
11/29/2019,Janus Henderson Mlt-Ast AbsRet I Acc,1.182
11/30/2019,Janus Henderson Mlt-Ast AbsRet I Acc,1.182
12/01/2019,Janus Henderson Mlt-Ast AbsRet I Acc,1.182
12/02/2019,Janus Henderson Mlt-Ast AbsRet I Acc,1.18
12/03/2019,Janus Henderson Mlt-Ast AbsRet I Acc,1.18
12/04/2019,Janus Henderson Mlt-Ast AbsRet I Acc,1.178
12/05/2019,Janus Henderson Mlt-Ast AbsRet I Acc,1.177
12/06/2019,Janus Henderson Mlt-Ast AbsRet I Acc,1.177
12/07/2019,Janus Henderson Mlt-Ast AbsRet I Acc,1.177
12/08/2019,Janus Henderson Mlt-Ast AbsRet I Acc,1.177
12/09/2019,Janus Henderson Mlt-Ast AbsRet I Acc,1.177
12/10/2019,Janus Henderson Mlt-Ast AbsRet I Acc,1.178
12/11/2019,Janus Henderson Mlt-Ast AbsRet I Acc,1.176
12/12/2019,Janus Henderson Mlt-Ast AbsRet I Acc,1.179
12/13/2019,Janus Henderson Mlt-Ast AbsRet I Acc,1.185
12/14/2019,Janus Henderson Mlt-Ast AbsRet I Acc,1.185
12/15/2019,Janus Henderson Mlt-Ast AbsRet I Acc,1.185
12/16/2019,Janus Henderson Mlt-Ast AbsRet I Acc,1.186
12/17/2019,Janus Henderson Mlt-Ast AbsRet I Acc,1.189
12/18/2019,Janus Henderson Mlt-Ast AbsRet I Acc,1.19
12/19/2019,Janus Henderson Mlt-Ast AbsRet I Acc,1.191
12/20/2019,Janus Henderson Mlt-Ast AbsRet I Acc,1.191
12/21/2019,Janus Henderson Mlt-Ast AbsRet I Acc,1.191
12/22/2019,Janus Henderson Mlt-Ast AbsRet I Acc,1.191
12/23/2019,Janus Henderson Mlt-Ast AbsRet I Acc,1.194
12/24/2019,Janus Henderson Mlt-Ast AbsRet I Acc,1.195
12/25/2019,Janus Henderson Mlt-Ast AbsRet I Acc,1.195
12/26/2019,Janus Henderson Mlt-Ast AbsRet I Acc,1.195
12/27/2019,Janus Henderson Mlt-Ast AbsRet I Acc,1.197
12/28/2019,Janus Henderson Mlt-Ast AbsRet I Acc,1.197
12/29/2019,Janus Henderson Mlt-Ast AbsRet I Acc,1.197
12/30/2019,Janus Henderson Mlt-Ast AbsRet I Acc,1.196
12/31/2019,Janus Henderson Mlt-Ast AbsRet I Acc,1.196
01/01/2020,Janus Henderson Mlt-Ast AbsRet I Acc,1.196
01/02/2020,Janus Henderson Mlt-Ast AbsRet I Acc,1.196
01/03/2020,Janus Henderson Mlt-Ast AbsRet I Acc,1.198
01/04/2020,Janus Henderson Mlt-Ast AbsRet I Acc,1.198
01/05/2020,Janus Henderson Mlt-Ast AbsRet I Acc,1.198
01/06/2020,Janus Henderson Mlt-Ast AbsRet I Acc,1.2
01/07/2020,Janus Henderson Mlt-Ast AbsRet I Acc,1.202
01/08/2020,Janus Henderson Mlt-Ast AbsRet I Acc,1.202
01/09/2020,Janus Henderson Mlt-Ast AbsRet I Acc,1.201
01/10/2020,Janus Henderson Mlt-Ast AbsRet I Acc,1.202
01/11/2020,Janus Henderson Mlt-Ast AbsRet I Acc,1.202
01/12/2020,Janus Henderson Mlt-Ast AbsRet I Acc,1.202
01/13/2020,Janus Henderson Mlt-Ast AbsRet I Acc,1.201
01/14/2020,Janus Henderson Mlt-Ast AbsRet I Acc,1.202
01/15/2020,Janus Henderson Mlt-Ast AbsRet I Acc,1.203
01/16/2020,Janus Henderson Mlt-Ast AbsRet I Acc,1.204
01/17/2020,Janus Henderson Mlt-Ast AbsRet I Acc,1.208
01/18/2020,Janus Henderson Mlt-Ast AbsRet I Acc,1.208
01/19/2020,Janus Henderson Mlt-Ast AbsRet I Acc,1.208
01/20/2020,Janus Henderson Mlt-Ast AbsRet I Acc,1.208
01/21/2020,Janus Henderson Mlt-Ast AbsRet I Acc,1.208
01/22/2020,Janus Henderson Mlt-Ast AbsRet I Acc,1.208
01/23/2020,Janus Henderson Mlt-Ast AbsRet I Acc,1.207
01/24/2020,Janus Henderson Mlt-Ast AbsRet I Acc,1.207
01/25/2020,Janus Henderson Mlt-Ast AbsRet I Acc,1.207
01/26/2020,Janus Henderson Mlt-Ast AbsRet I Acc,1.207
01/27/2020,Janus Henderson Mlt-Ast AbsRet I Acc,1.205
01/28/2020,Janus Henderson Mlt-Ast AbsRet I Acc,1.203
01/29/2020,Janus Henderson Mlt-Ast AbsRet I Acc,1.203
01/30/2020,Janus Henderson Mlt-Ast AbsRet I Acc,1.203
01/31/2020,Janus Henderson Mlt-Ast AbsRet I Acc,1.203
02/01/2020,Janus Henderson Mlt-Ast AbsRet I Acc,1.203
02/02/2020,Janus Henderson Mlt-Ast AbsRet I Acc,1.203
02/03/2020,Janus Henderson Mlt-Ast AbsRet I Acc,1.201
02/04/2020,Janus Henderson Mlt-Ast AbsRet I Acc,1.202
02/05/2020,Janus Henderson Mlt-Ast AbsRet I Acc,1.201
02/06/2020,Janus Henderson Mlt-Ast AbsRet I Acc,1.202
02/07/2020,Janus Henderson Mlt-Ast AbsRet I Acc,1.202
02/08/2020,Janus Henderson Mlt-Ast AbsRet I Acc,1.202
02/09/2020,Janus Henderson Mlt-Ast AbsRet I Acc,1.202
02/10/2020,Janus Henderson Mlt-Ast AbsRet I Acc,1.203
02/11/2020,Janus Henderson Mlt-Ast AbsRet I Acc,1.204
02/12/2020,Janus Henderson Mlt-Ast AbsRet I Acc,1.205
02/13/2020,Janus Henderson Mlt-Ast AbsRet I Acc,1.205
02/14/2020,Janus Henderson Mlt-Ast AbsRet I Acc,1.205
02/15/2020,Janus Henderson Mlt-Ast AbsRet I Acc,1.205
02/16/2020,Janus Henderson Mlt-Ast AbsRet I Acc,1.205
02/17/2020,Janus Henderson Mlt-Ast AbsRet I Acc,1.207
02/18/2020,Janus Henderson Mlt-Ast AbsRet I Acc,1.207
02/19/2020,Janus Henderson Mlt-Ast AbsRet I Acc,1.208
02/20/2020,Janus Henderson Mlt-Ast AbsRet I Acc,1.212
02/21/2020,Janus Henderson Mlt-Ast AbsRet I Acc,1.212
02/22/2020,Janus Henderson Mlt-Ast AbsRet I Acc,1.212
02/23/2020,Janus Henderson Mlt-Ast AbsRet I Acc,1.212
02/24/2020,Janus Henderson Mlt-Ast AbsRet I Acc,1.208
02/25/2020,Janus Henderson Mlt-Ast AbsRet I Acc,1.204
02/26/2020,Janus Henderson Mlt-Ast AbsRet I Acc,1.196
02/27/2020,Janus Henderson Mlt-Ast AbsRet I Acc,1.192
02/28/2020,Janus Henderson Mlt-Ast AbsRet I Acc,1.185
02/29/2020,Janus Henderson Mlt-Ast AbsRet I Acc,1.185
03/01/2020,Janus Henderson Mlt-Ast AbsRet I Acc,1.185
03/02/2020,Janus Henderson Mlt-Ast AbsRet I Acc,1.181
03/03/2020,Janus Henderson Mlt-Ast AbsRet I Acc,1.187
03/04/2020,Janus Henderson Mlt-Ast AbsRet I Acc,1.188
03/05/2020,Janus Henderson Mlt-Ast AbsRet I Acc,1.191
03/06/2020,Janus Henderson Mlt-Ast AbsRet I Acc,1.189
03/07/2020,Janus Henderson Mlt-Ast AbsRet I Acc,1.189
03/08/2020,Janus Henderson Mlt-Ast AbsRet I Acc,1.189
03/09/2020,Janus Henderson Mlt-Ast AbsRet I Acc,1.178
03/10/2020,Janus Henderson Mlt-Ast AbsRet I Acc,1.173
03/11/2020,Janus Henderson Mlt-Ast AbsRet I Acc,1.169
03/12/2020,Janus Henderson Mlt-Ast AbsRet I Acc,1.152
03/13/2020,Janus Henderson Mlt-Ast AbsRet I Acc,1.14
03/14/2020,Janus Henderson Mlt-Ast AbsRet I Acc,1.14
03/15/2020,Janus Henderson Mlt-Ast AbsRet I Acc,1.14
03/16/2020,Janus Henderson Mlt-Ast AbsRet I Acc,1.101
03/17/2020,Janus Henderson Mlt-Ast AbsRet I Acc,1.089
03/18/2020,Janus Henderson Mlt-Ast AbsRet I Acc,1.084
03/19/2020,Janus Henderson Mlt-Ast AbsRet I Acc,1.069
03/20/2020,Janus Henderson Mlt-Ast AbsRet I Acc,1.062
03/21/2020,Janus Henderson Mlt-Ast AbsRet I Acc,1.062
03/22/2020,Janus Henderson Mlt-Ast AbsRet I Acc,1.062
03/23/2020,Janus Henderson Mlt-Ast AbsRet I Acc,1.056
03/24/2020,Janus Henderson Mlt-Ast AbsRet I Acc,1.066
03/25/2020,Janus Henderson Mlt-Ast AbsRet I Acc,1.078
03/26/2020,Janus Henderson Mlt-Ast AbsRet I Acc,1.089
03/27/2020,Janus Henderson Mlt-Ast AbsRet I Acc,1.099
03/28/2020,Janus Henderson Mlt-Ast AbsRet I Acc,1.099
03/29/2020,Janus Henderson Mlt-Ast AbsRet I Acc,1.099
03/30/2020,Janus Henderson Mlt-Ast AbsRet I Acc,1.105
03/31/2020,Janus Henderson Mlt-Ast AbsRet I Acc,1.105
04/01/2020,Janus Henderson Mlt-Ast AbsRet I Acc,1.098
04/02/2020,Janus Henderson Mlt-Ast AbsRet I Acc,1.098
04/03/2020,Janus Henderson Mlt-Ast AbsRet I Acc,1.097
04/04/2020,Janus Henderson Mlt-Ast AbsRet I Acc,1.097
04/05/2020,Janus Henderson Mlt-Ast AbsRet I Acc,1.097
04/06/2020,Janus Henderson Mlt-Ast AbsRet I Acc,1.103
04/07/2020,Janus Henderson Mlt-Ast AbsRet I Acc,1.119
04/08/2020,Janus Henderson Mlt-Ast AbsRet I Acc,1.123
04/09/2020,Janus Henderson Mlt-Ast AbsRet I Acc,1.131
04/10/2020,Janus Henderson Mlt-Ast AbsRet I Acc,1.131
04/11/2020,Janus Henderson Mlt-Ast AbsRet I Acc,1.131
04/12/2020,Janus Henderson Mlt-Ast AbsRet I Acc,1.131
04/13/2020,Janus Henderson Mlt-Ast AbsRet I Acc,1.131
04/14/2020,Janus Henderson Mlt-Ast AbsRet I Acc,1.138
04/15/2020,Janus Henderson Mlt-Ast AbsRet I Acc,1.141
04/16/2020,Janus Henderson Mlt-Ast AbsRet I Acc,1.144
04/17/2020,Janus Henderson Mlt-Ast AbsRet I Acc,1.148
04/18/2020,Janus Henderson Mlt-Ast AbsRet I Acc,1.148
04/19/2020,Janus Henderson Mlt-Ast AbsRet I Acc,1.148
04/20/2020,Janus Henderson Mlt-Ast AbsRet I Acc,1.144
04/21/2020,Janus Henderson Mlt-Ast AbsRet I Acc,1.142
04/22/2020,Janus Henderson Mlt-Ast AbsRet I Acc,1.139
04/23/2020,Janus Henderson Mlt-Ast AbsRet I Acc,1.141
04/24/2020,Janus Henderson Mlt-Ast AbsRet I Acc,1.14
04/25/2020,Janus Henderson Mlt-Ast AbsRet I Acc,1.14
04/26/2020,Janus Henderson Mlt-Ast AbsRet I Acc,1.14
04/27/2020,Janus Henderson Mlt-Ast AbsRet I Acc,1.143
04/28/2020,Janus Henderson Mlt-Ast AbsRet I Acc,1.147
04/29/2020,Janus Henderson Mlt-Ast AbsRet I Acc,1.151
04/30/2020,Janus Henderson Mlt-Ast AbsRet I Acc,1.154
05/01/2020,Janus Henderson Mlt-Ast AbsRet I Acc,1.149
05/02/2020,Janus Henderson Mlt-Ast AbsRet I Acc,1.149
05/03/2020,Janus Henderson Mlt-Ast AbsRet I Acc,1.149
05/04/2020,Janus Henderson Mlt-Ast AbsRet I Acc,1.147
05/05/2020,Janus Henderson Mlt-Ast AbsRet I Acc,1.146
05/06/2020,Janus Henderson Mlt-Ast AbsRet I Acc,1.144
05/07/2020,Janus Henderson Mlt-Ast AbsRet I Acc,1.146
05/08/2020,Janus Henderson Mlt-Ast AbsRet I Acc,1.146
05/09/2020,Janus Henderson Mlt-Ast AbsRet I Acc,1.146
05/10/2020,Janus Henderson Mlt-Ast AbsRet I Acc,1.146
05/11/2020,Janus Henderson Mlt-Ast AbsRet I Acc,1.152
05/12/2020,Janus Henderson Mlt-Ast AbsRet I Acc,1.156
05/13/2020,Janus Henderson Mlt-Ast AbsRet I Acc,1.156
05/14/2020,Janus Henderson Mlt-Ast AbsRet I Acc,1.153
05/15/2020,Janus Henderson Mlt-Ast AbsRet I Acc,1.153
05/16/2020,Janus Henderson Mlt-Ast AbsRet I Acc,1.153
05/17/2020,Janus Henderson Mlt-Ast AbsRet I Acc,1.153
05/18/2020,Janus Henderson Mlt-Ast AbsRet I Acc,1.158
05/19/2020,Janus Henderson Mlt-Ast AbsRet I Acc,1.156
05/20/2020,Janus Henderson Mlt-Ast AbsRet I Acc,1.16
05/21/2020,Janus Henderson Mlt-Ast AbsRet I Acc,1.162
05/22/2020,Janus Henderson Mlt-Ast AbsRet I Acc,1.162
05/23/2020,Janus Henderson Mlt-Ast AbsRet I Acc,1.162
05/24/2020,Janus Henderson Mlt-Ast AbsRet I Acc,1.162
05/25/2020,Janus Henderson Mlt-Ast AbsRet I Acc,1.162
05/26/2020,Janus Henderson Mlt-Ast AbsRet I Acc,1.165
05/27/2020,Janus Henderson Mlt-Ast AbsRet I Acc,1.167
05/28/2020,Janus Henderson Mlt-Ast AbsRet I Acc,1.169
05/29/2020,Janus Henderson Mlt-Ast AbsRet I Acc,1.175
05/30/2020,Janus Henderson Mlt-Ast AbsRet I Acc,1.175
05/31/2020,Janus Henderson Mlt-Ast AbsRet I Acc,1.175
06/01/2020,Janus Henderson Mlt-Ast AbsRet I Acc,1.177
06/02/2020,Janus Henderson Mlt-Ast AbsRet I Acc,1.178
06/03/2020,Janus Henderson Mlt-Ast AbsRet I Acc,1.18
06/04/2020,Janus Henderson Mlt-Ast AbsRet I Acc,1.187
06/05/2020,Janus Henderson Mlt-Ast AbsRet I Acc,1.192
06/06/2020,Janus Henderson Mlt-Ast AbsRet I Acc,1.192
06/07/2020,Janus Henderson Mlt-Ast AbsRet I Acc,1.192
06/08/2020,Janus Henderson Mlt-Ast AbsRet I Acc,1.194
06/09/2020,Janus Henderson Mlt-Ast AbsRet I Acc,1.193
06/10/2020,Janus Henderson Mlt-Ast AbsRet I Acc,1.192
06/11/2020,Janus Henderson Mlt-Ast AbsRet I Acc,1.189
06/12/2020,Janus Henderson Mlt-Ast AbsRet I Acc,1.19
06/13/2020,Janus Henderson Mlt-Ast AbsRet I Acc,1.19
06/14/2020,Janus Henderson Mlt-Ast AbsRet I Acc,1.19
06/15/2020,Janus Henderson Mlt-Ast AbsRet I Acc,1.18
06/16/2020,Janus Henderson Mlt-Ast AbsRet I Acc,1.185
06/17/2020,Janus Henderson Mlt-Ast AbsRet I Acc,1.184
06/18/2020,Janus Henderson Mlt-Ast AbsRet I Acc,1.189
06/19/2020,Janus Henderson Mlt-Ast AbsRet I Acc,1.192
06/20/2020,Janus Henderson Mlt-Ast AbsRet I Acc,1.192
06/21/2020,Janus Henderson Mlt-Ast AbsRet I Acc,1.192
06/22/2020,Janus Henderson Mlt-Ast AbsRet I Acc,1.192
06/23/2020,Janus Henderson Mlt-Ast AbsRet I Acc,1.194
06/24/2020,Janus Henderson Mlt-Ast AbsRet I Acc,1.192
06/25/2020,Janus Henderson Mlt-Ast AbsRet I Acc,1.191
06/26/2020,Janus Henderson Mlt-Ast AbsRet I Acc,1.191
06/27/2020,Janus Henderson Mlt-Ast AbsRet I Acc,1.191
06/28/2020,Janus Henderson Mlt-Ast AbsRet I Acc,1.191
06/29/2020,Janus Henderson Mlt-Ast AbsRet I Acc,1.192
06/30/2020,Janus Henderson Mlt-Ast AbsRet I Acc,1.193
07/01/2020,Janus Henderson Mlt-Ast AbsRet I Acc,1.192
07/02/2020,Janus Henderson Mlt-Ast AbsRet I Acc,1.196
07/03/2020,Janus Henderson Mlt-Ast AbsRet I Acc,1.196
07/04/2020,Janus Henderson Mlt-Ast AbsRet I Acc,1.196
07/05/2020,Janus Henderson Mlt-Ast AbsRet I Acc,1.196
07/06/2020,Janus Henderson Mlt-Ast AbsRet I Acc,1.197
07/07/2020,Janus Henderson Mlt-Ast AbsRet I Acc,1.197
07/08/2020,Janus Henderson Mlt-Ast AbsRet I Acc,1.196
07/09/2020,Janus Henderson Mlt-Ast AbsRet I Acc,1.193
07/10/2020,Janus Henderson Mlt-Ast AbsRet I Acc,1.189
07/11/2020,Janus Henderson Mlt-Ast AbsRet I Acc,1.189
07/12/2020,Janus Henderson Mlt-Ast AbsRet I Acc,1.189
07/13/2020,Janus Henderson Mlt-Ast AbsRet I Acc,1.19
07/14/2020,Janus Henderson Mlt-Ast AbsRet I Acc,1.194
07/15/2020,Janus Henderson Mlt-Ast AbsRet I Acc,1.195
07/16/2020,Janus Henderson Mlt-Ast AbsRet I Acc,1.194
07/17/2020,Janus Henderson Mlt-Ast AbsRet I Acc,1.196
07/18/2020,Janus Henderson Mlt-Ast AbsRet I Acc,1.196
07/19/2020,Janus Henderson Mlt-Ast AbsRet I Acc,1.196
07/20/2020,Janus Henderson Mlt-Ast AbsRet I Acc,1.195
07/21/2020,Janus Henderson Mlt-Ast AbsRet I Acc,1.194
07/22/2020,Janus Henderson Mlt-Ast AbsRet I Acc,1.197
07/23/2020,Janus Henderson Mlt-Ast AbsRet I Acc,1.199
07/24/2020,Janus Henderson Mlt-Ast AbsRet I Acc,1.197
07/25/2020,Janus Henderson Mlt-Ast AbsRet I Acc,1.197
07/26/2020,Janus Henderson Mlt-Ast AbsRet I Acc,1.197
07/27/2020,Janus Henderson Mlt-Ast AbsRet I Acc,1.194
07/28/2020,Janus Henderson Mlt-Ast AbsRet I Acc,1.192
07/29/2020,Janus Henderson Mlt-Ast AbsRet I Acc,1.193
07/30/2020,Janus Henderson Mlt-Ast AbsRet I Acc,1.19
07/31/2020,Janus Henderson Mlt-Ast AbsRet I Acc,1.187
08/01/2020,Janus Henderson Mlt-Ast AbsRet I Acc,1.187
08/02/2020,Janus Henderson Mlt-Ast AbsRet I Acc,1.187
08/03/2020,Janus Henderson Mlt-Ast AbsRet I Acc,1.187
08/04/2020,Janus Henderson Mlt-Ast AbsRet I Acc,1.185
08/05/2020,Janus Henderson Mlt-Ast AbsRet I Acc,1.188
08/06/2020,Janus Henderson Mlt-Ast AbsRet I Acc,1.189
08/07/2020,Janus Henderson Mlt-Ast AbsRet I Acc,1.193
08/08/2020,Janus Henderson Mlt-Ast AbsRet I Acc,1.193
08/09/2020,Janus Henderson Mlt-Ast AbsRet I Acc,1.193
08/10/2020,Janus Henderson Mlt-Ast AbsRet I Acc,1.194
08/11/2020,Janus Henderson Mlt-Ast AbsRet I Acc,1.194
08/12/2020,Janus Henderson Mlt-Ast AbsRet I Acc,1.194
08/13/2020,Janus Henderson Mlt-Ast AbsRet I Acc,1.195
08/14/2020,Janus Henderson Mlt-Ast AbsRet I Acc,1.195
08/15/2020,Janus Henderson Mlt-Ast AbsRet I Acc,1.195
08/16/2020,Janus Henderson Mlt-Ast AbsRet I Acc,1.195
08/17/2020,Janus Henderson Mlt-Ast AbsRet I Acc,1.193
08/18/2020,Janus Henderson Mlt-Ast AbsRet I Acc,1.193
08/19/2020,Janus Henderson Mlt-Ast AbsRet I Acc,1.192
08/20/2020,Janus Henderson Mlt-Ast AbsRet I Acc,1.19
08/21/2020,Janus Henderson Mlt-Ast AbsRet I Acc,1.191
08/22/2020,Janus Henderson Mlt-Ast AbsRet I Acc,1.191
08/23/2020,Janus Henderson Mlt-Ast AbsRet I Acc,1.191
08/24/2020,Janus Henderson Mlt-Ast AbsRet I Acc,1.192
08/25/2020,Janus Henderson Mlt-Ast AbsRet I Acc,1.192
08/26/2020,Janus Henderson Mlt-Ast AbsRet I Acc,1.192
08/27/2020,Janus Henderson Mlt-Ast AbsRet I Acc,1.192
08/28/2020,Janus Henderson Mlt-Ast AbsRet I Acc,1.19
08/29/2020,Janus Henderson Mlt-Ast AbsRet I Acc,1.19
08/30/2020,Janus Henderson Mlt-Ast AbsRet I Acc,1.19
08/31/2020,Janus Henderson Mlt-Ast AbsRet I Acc,1.19
09/01/2020,Janus Henderson Mlt-Ast AbsRet I Acc,1.189
09/02/2020,Janus Henderson Mlt-Ast AbsRet I Acc,1.191
09/03/2020,Janus Henderson Mlt-Ast AbsRet I Acc,1.195
09/04/2020,Janus Henderson Mlt-Ast AbsRet I Acc,1.194
09/05/2020,Janus Henderson Mlt-Ast AbsRet I Acc,1.194
09/06/2020,Janus Henderson Mlt-Ast AbsRet I Acc,1.194
09/07/2020,Janus Henderson Mlt-Ast AbsRet I Acc,1.192
09/08/2020,Janus Henderson Mlt-Ast AbsRet I Acc,1.193
09/09/2020,Janus Henderson Mlt-Ast AbsRet I Acc,1.196
09/10/2020,Janus Henderson Mlt-Ast AbsRet I Acc,1.196
09/11/2020,Janus Henderson Mlt-Ast AbsRet I Acc,1.202
09/12/2020,Janus Henderson Mlt-Ast AbsRet I Acc,1.202
09/13/2020,Janus Henderson Mlt-Ast AbsRet I Acc,1.202
09/14/2020,Janus Henderson Mlt-Ast AbsRet I Acc,1.203
09/15/2020,Janus Henderson Mlt-Ast AbsRet I Acc,1.204
09/16/2020,Janus Henderson Mlt-Ast AbsRet I Acc,1.204
09/17/2020,Janus Henderson Mlt-Ast AbsRet I Acc,1.203
09/18/2020,Janus Henderson Mlt-Ast AbsRet I Acc,1.205
09/19/2020,Janus Henderson Mlt-Ast AbsRet I Acc,1.205
09/20/2020,Janus Henderson Mlt-Ast AbsRet I Acc,1.205
09/21/2020,Janus Henderson Mlt-Ast AbsRet I Acc,1.201
09/22/2020,Janus Henderson Mlt-Ast AbsRet I Acc,1.196
09/23/2020,Janus Henderson Mlt-Ast AbsRet I Acc,1.196
09/24/2020,Janus Henderson Mlt-Ast AbsRet I Acc,1.193
09/25/2020,Janus Henderson Mlt-Ast AbsRet I Acc,1.19
09/26/2020,Janus Henderson Mlt-Ast AbsRet I Acc,1.19
09/27/2020,Janus Henderson Mlt-Ast AbsRet I Acc,1.19
09/28/2020,Janus Henderson Mlt-Ast AbsRet I Acc,1.193
09/29/2020,Janus Henderson Mlt-Ast AbsRet I Acc,1.193
09/30/2020,Janus Henderson Mlt-Ast AbsRet I Acc,1.196
10/01/2020,Janus Henderson Mlt-Ast AbsRet I Acc,1.2
10/02/2020,Janus Henderson Mlt-Ast AbsRet I Acc,1.195
10/03/2020,Janus Henderson Mlt-Ast AbsRet I Acc,1.195
10/04/2020,Janus Henderson Mlt-Ast AbsRet I Acc,1.195
10/05/2020,Janus Henderson Mlt-Ast AbsRet I Acc,1.197
10/06/2020,Janus Henderson Mlt-Ast AbsRet I Acc,1.198
10/07/2020,Janus Henderson Mlt-Ast AbsRet I Acc,1.202
10/08/2020,Janus Henderson Mlt-Ast AbsRet I Acc,1.203
10/09/2020,Janus Henderson Mlt-Ast AbsRet I Acc,1.203
10/10/2020,Janus Henderson Mlt-Ast AbsRet I Acc,1.203
10/11/2020,Janus Henderson Mlt-Ast AbsRet I Acc,1.203
10/12/2020,Janus Henderson Mlt-Ast AbsRet I Acc,1.204
10/13/2020,Janus Henderson Mlt-Ast AbsRet I Acc,1.201
10/14/2020,Janus Henderson Mlt-Ast AbsRet I Acc,1.203
10/15/2020,Janus Henderson Mlt-Ast AbsRet I Acc,1.201
10/16/2020,Janus Henderson Mlt-Ast AbsRet I Acc,1.201
10/17/2020,Janus Henderson Mlt-Ast AbsRet I Acc,1.201
10/18/2020,Janus Henderson Mlt-Ast AbsRet I Acc,1.201
10/19/2020,Janus Henderson Mlt-Ast AbsRet I Acc,1.199
10/20/2020,Janus Henderson Mlt-Ast AbsRet I Acc,1.201
10/21/2020,Janus Henderson Mlt-Ast AbsRet I Acc,1.199
10/22/2020,Janus Henderson Mlt-Ast AbsRet I Acc,1.195
10/23/2020,Janus Henderson Mlt-Ast AbsRet I Acc,1.197
10/24/2020,Janus Henderson Mlt-Ast AbsRet I Acc,1.197
10/25/2020,Janus Henderson Mlt-Ast AbsRet I Acc,1.197
10/26/2020,Janus Henderson Mlt-Ast AbsRet I Acc,1.197
10/27/2020,Janus Henderson Mlt-Ast AbsRet I Acc,1.197
10/28/2020,Janus Henderson Mlt-Ast AbsRet I Acc,1.194
10/29/2020,Janus Henderson Mlt-Ast AbsRet I Acc,1.186
10/30/2020,Janus Henderson Mlt-Ast AbsRet I Acc,1.182
10/31/2020,Janus Henderson Mlt-Ast AbsRet I Acc,1.182
11/01/2020,Janus Henderson Mlt-Ast AbsRet I Acc,1.182
11/02/2020,Janus Henderson Mlt-Ast AbsRet I Acc,1.185
11/03/2020,Janus Henderson Mlt-Ast AbsRet I Acc,1.186
11/04/2020,Janus Henderson Mlt-Ast AbsRet I Acc,1.19
11/05/2020,Janus Henderson Mlt-Ast AbsRet I Acc,1.197
11/06/2020,Janus Henderson Mlt-Ast AbsRet I Acc,1.202
11/07/2020,Janus Henderson Mlt-Ast AbsRet I Acc,1.202
11/08/2020,Janus Henderson Mlt-Ast AbsRet I Acc,1.202
11/09/2020,Janus Henderson Mlt-Ast AbsRet I Acc,1.207
11/10/2020,Janus Henderson Mlt-Ast AbsRet I Acc,1.203
11/11/2020,Janus Henderson Mlt-Ast AbsRet I Acc,1.21
11/12/2020,Janus Henderson Mlt-Ast AbsRet I Acc,1.213
11/13/2020,Janus Henderson Mlt-Ast AbsRet I Acc,1.211
11/14/2020,Janus Henderson Mlt-Ast AbsRet I Acc,1.211
11/15/2020,Janus Henderson Mlt-Ast AbsRet I Acc,1.211
11/16/2020,Janus Henderson Mlt-Ast AbsRet I Acc,1.21
11/17/2020,Janus Henderson Mlt-Ast AbsRet I Acc,1.207
11/18/2020,Janus Henderson Mlt-Ast AbsRet I Acc,1.215
11/19/2020,Janus Henderson Mlt-Ast AbsRet I Acc,1.213
11/20/2020,Janus Henderson Mlt-Ast AbsRet I Acc,1.214
11/21/2020,Janus Henderson Mlt-Ast AbsRet I Acc,1.214
11/22/2020,Janus Henderson Mlt-Ast AbsRet I Acc,1.214
11/23/2020,Janus Henderson Mlt-Ast AbsRet I Acc,1.214
11/24/2020,Janus Henderson Mlt-Ast AbsRet I Acc,1.212
11/25/2020,Janus Henderson Mlt-Ast AbsRet I Acc,1.212
11/26/2020,Janus Henderson Mlt-Ast AbsRet I Acc,1.216
11/27/2020,Janus Henderson Mlt-Ast AbsRet I Acc,1.217
11/28/2020,Janus Henderson Mlt-Ast AbsRet I Acc,1.217
11/29/2020,Janus Henderson Mlt-Ast AbsRet I Acc,1.217
11/30/2020,Janus Henderson Mlt-Ast AbsRet I Acc,1.217
12/01/2020,Janus Henderson Mlt-Ast AbsRet I Acc,1.22
12/02/2020,Janus Henderson Mlt-Ast AbsRet I Acc,1.219
12/03/2020,Janus Henderson Mlt-Ast AbsRet I Acc,1.221
12/04/2020,Janus Henderson Mlt-Ast AbsRet I Acc,1.223
12/05/2020,Janus Henderson Mlt-Ast AbsRet I Acc,1.223
12/06/2020,Janus Henderson Mlt-Ast AbsRet I Acc,1.223
12/07/2020,Janus Henderson Mlt-Ast AbsRet I Acc,1.225
12/08/2020,Janus Henderson Mlt-Ast AbsRet I Acc,1.229
12/09/2020,Janus Henderson Mlt-Ast AbsRet I Acc,1.228
12/10/2020,Janus Henderson Mlt-Ast AbsRet I Acc,1.228
12/11/2020,Janus Henderson Mlt-Ast AbsRet I Acc,1.227
12/12/2020,Janus Henderson Mlt-Ast AbsRet I Acc,1.227
12/13/2020,Janus Henderson Mlt-Ast AbsRet I Acc,1.227
12/14/2020,Janus Henderson Mlt-Ast AbsRet I Acc,1.224
12/15/2020,Janus Henderson Mlt-Ast AbsRet I Acc,1.225
12/16/2020,Janus Henderson Mlt-Ast AbsRet I Acc,1.225
12/17/2020,Janus Henderson Mlt-Ast AbsRet I Acc,1.227
12/18/2020,Janus Henderson Mlt-Ast AbsRet I Acc,1.229
12/19/2020,Janus Henderson Mlt-Ast AbsRet I Acc,1.229
12/20/2020,Janus Henderson Mlt-Ast AbsRet I Acc,1.229
12/21/2020,Janus Henderson Mlt-Ast AbsRet I Acc,1.23
12/22/2020,Janus Henderson Mlt-Ast AbsRet I Acc,1.227
12/23/2020,Janus Henderson Mlt-Ast AbsRet I Acc,1.225
12/24/2020,Janus Henderson Mlt-Ast AbsRet I Acc,1.227
12/25/2020,Janus Henderson Mlt-Ast AbsRet I Acc,1.227
12/26/2020,Janus Henderson Mlt-Ast AbsRet I Acc,1.227
12/27/2020,Janus Henderson Mlt-Ast AbsRet I Acc,1.227
12/28/2020,Janus Henderson Mlt-Ast AbsRet I Acc,1.227
12/29/2020,Janus Henderson Mlt-Ast AbsRet I Acc,1.234
12/30/2020,Janus Henderson Mlt-Ast AbsRet I Acc,1.234
12/31/2020,Janus Henderson Mlt-Ast AbsRet I Acc,1.233
01/01/2021,Janus Henderson Mlt-Ast AbsRet I Acc,1.233
01/02/2021,Janus Henderson Mlt-Ast AbsRet I Acc,1.233
01/03/2021,Janus Henderson Mlt-Ast AbsRet I Acc,1.233
01/04/2021,Janus Henderson Mlt-Ast AbsRet I Acc,1.234
01/05/2021,Janus Henderson Mlt-Ast AbsRet I Acc,1.238
01/06/2021,Janus Henderson Mlt-Ast AbsRet I Acc,1.236
01/07/2021,Janus Henderson Mlt-Ast AbsRet I Acc,1.237
01/08/2021,Janus Henderson Mlt-Ast AbsRet I Acc,1.241
01/09/2021,Janus Henderson Mlt-Ast AbsRet I Acc,1.241
01/10/2021,Janus Henderson Mlt-Ast AbsRet I Acc,1.241
01/11/2021,Janus Henderson Mlt-Ast AbsRet I Acc,1.244
01/12/2021,Janus Henderson Mlt-Ast AbsRet I Acc,1.244
01/13/2021,Janus Henderson Mlt-Ast AbsRet I Acc,1.241
01/14/2021,Janus Henderson Mlt-Ast AbsRet I Acc,1.244
01/15/2021,Janus Henderson Mlt-Ast AbsRet I Acc,1.241
01/16/2021,Janus Henderson Mlt-Ast AbsRet I Acc,1.241
01/17/2021,Janus Henderson Mlt-Ast AbsRet I Acc,1.241
01/18/2021,Janus Henderson Mlt-Ast AbsRet I Acc,1.243
01/19/2021,Janus Henderson Mlt-Ast AbsRet I Acc,1.241
01/20/2021,Janus Henderson Mlt-Ast AbsRet I Acc,1.242
01/21/2021,Janus Henderson Mlt-Ast AbsRet I Acc,1.243
01/22/2021,Janus Henderson Mlt-Ast AbsRet I Acc,1.243
01/23/2021,Janus Henderson Mlt-Ast AbsRet I Acc,1.243
01/24/2021,Janus Henderson Mlt-Ast AbsRet I Acc,1.243
01/25/2021,Janus Henderson Mlt-Ast AbsRet I Acc,1.238
01/26/2021,Janus Henderson Mlt-Ast AbsRet I Acc,1.237
01/27/2021,Janus Henderson Mlt-Ast AbsRet I Acc,1.232
01/28/2021,Janus Henderson Mlt-Ast AbsRet I Acc,1.231
01/29/2021,Janus Henderson Mlt-Ast AbsRet I Acc,1.229
01/30/2021,Janus Henderson Mlt-Ast AbsRet I Acc,1.229
01/31/2021,Janus Henderson Mlt-Ast AbsRet I Acc,1.229
02/01/2021,Janus Henderson Mlt-Ast AbsRet I Acc,1.231
02/02/2021,Janus Henderson Mlt-Ast AbsRet I Acc,1.229
02/03/2021,Janus Henderson Mlt-Ast AbsRet I Acc,1.232
02/04/2021,Janus Henderson Mlt-Ast AbsRet I Acc,1.236
02/05/2021,Janus Henderson Mlt-Ast AbsRet I Acc,1.234
02/06/2021,Janus Henderson Mlt-Ast AbsRet I Acc,1.234
02/07/2021,Janus Henderson Mlt-Ast AbsRet I Acc,1.234
02/08/2021,Janus Henderson Mlt-Ast AbsRet I Acc,1.238
02/09/2021,Janus Henderson Mlt-Ast AbsRet I Acc,1.235
02/10/2021,Janus Henderson Mlt-Ast AbsRet I Acc,1.235
02/11/2021,Janus Henderson Mlt-Ast AbsRet I Acc,1.235
02/12/2021,Janus Henderson Mlt-Ast AbsRet I Acc,1.236
02/13/2021,Janus Henderson Mlt-Ast AbsRet I Acc,1.236
02/14/2021,Janus Henderson Mlt-Ast AbsRet I Acc,1.236
02/15/2021,Janus Henderson Mlt-Ast AbsRet I Acc,1.236
02/16/2021,Janus Henderson Mlt-Ast AbsRet I Acc,1.238
02/17/2021,Janus Henderson Mlt-Ast AbsRet I Acc,1.238
02/18/2021,Janus Henderson Mlt-Ast AbsRet I Acc,1.236
02/19/2021,Janus Henderson Mlt-Ast AbsRet I Acc,1.235
02/20/2021,Janus Henderson Mlt-Ast AbsRet I Acc,1.235
02/21/2021,Janus Henderson Mlt-Ast AbsRet I Acc,1.235
02/22/2021,Janus Henderson Mlt-Ast AbsRet I Acc,1.233
02/23/2021,Janus Henderson Mlt-Ast AbsRet I Acc,1.232
02/24/2021,Janus Henderson Mlt-Ast AbsRet I Acc,1.23
02/25/2021,Janus Henderson Mlt-Ast AbsRet I Acc,1.23
02/26/2021,Janus Henderson Mlt-Ast AbsRet I Acc,1.227
02/27/2021,Janus Henderson Mlt-Ast AbsRet I Acc,1.227
02/28/2021,Janus Henderson Mlt-Ast AbsRet I Acc,1.227
03/01/2021,Janus Henderson Mlt-Ast AbsRet I Acc,1.228
03/02/2021,Janus Henderson Mlt-Ast AbsRet I Acc,1.227
03/03/2021,Janus Henderson Mlt-Ast AbsRet I Acc,1.23
03/04/2021,Janus Henderson Mlt-Ast AbsRet I Acc,1.227
03/05/2021,Janus Henderson Mlt-Ast AbsRet I Acc,1.226
03/06/2021,Janus Henderson Mlt-Ast AbsRet I Acc,1.226
03/07/2021,Janus Henderson Mlt-Ast AbsRet I Acc,1.226
03/08/2021,Janus Henderson Mlt-Ast AbsRet I Acc,1.223
03/09/2021,Janus Henderson Mlt-Ast AbsRet I Acc,1.225
03/10/2021,Janus Henderson Mlt-Ast AbsRet I Acc,1.227
03/11/2021,Janus Henderson Mlt-Ast AbsRet I Acc,1.229
03/12/2021,Janus Henderson Mlt-Ast AbsRet I Acc,1.229
03/13/2021,Janus Henderson Mlt-Ast AbsRet I Acc,1.229
03/14/2021,Janus Henderson Mlt-Ast AbsRet I Acc,1.229
03/15/2021,Janus Henderson Mlt-Ast AbsRet I Acc,1.232
03/16/2021,Janus Henderson Mlt-Ast AbsRet I Acc,1.235
03/17/2021,Janus Henderson Mlt-Ast AbsRet I Acc,1.235
03/18/2021,Janus Henderson Mlt-Ast AbsRet I Acc,1.237
03/19/2021,Janus Henderson Mlt-Ast AbsRet I Acc,1.236
03/20/2021,Janus Henderson Mlt-Ast AbsRet I Acc,1.236
03/21/2021,Janus Henderson Mlt-Ast AbsRet I Acc,1.236
03/22/2021,Janus Henderson Mlt-Ast AbsRet I Acc,1.238
03/23/2021,Janus Henderson Mlt-Ast AbsRet I Acc,1.238
03/24/2021,Janus Henderson Mlt-Ast AbsRet I Acc,1.235
03/25/2021,Janus Henderson Mlt-Ast AbsRet I Acc,1.232
03/26/2021,Janus Henderson Mlt-Ast AbsRet I Acc,1.232
03/27/2021,Janus Henderson Mlt-Ast AbsRet I Acc,1.232
03/28/2021,Janus Henderson Mlt-Ast AbsRet I Acc,1.232
03/29/2021,Janus Henderson Mlt-Ast AbsRet I Acc,1.233
03/30/2021,Janus Henderson Mlt-Ast AbsRet I Acc,1.236
03/31/2021,Janus Henderson Mlt-Ast AbsRet I Acc,1.237
04/01/2021,Janus Henderson Mlt-Ast AbsRet I Acc,1.24
04/02/2021,Janus Henderson Mlt-Ast AbsRet I Acc,1.24
04/03/2021,Janus Henderson Mlt-Ast AbsRet I Acc,1.24
04/04/2021,Janus Henderson Mlt-Ast AbsRet I Acc,1.24
04/05/2021,Janus Henderson Mlt-Ast AbsRet I Acc,1.24
04/06/2021,Janus Henderson Mlt-Ast AbsRet I Acc,1.243
04/07/2021,Janus Henderson Mlt-Ast AbsRet I Acc,1.247
04/08/2021,Janus Henderson Mlt-Ast AbsRet I Acc,1.249
04/09/2021,Janus Henderson Mlt-Ast AbsRet I Acc,1.252
04/10/2021,Janus Henderson Mlt-Ast AbsRet I Acc,1.252
04/11/2021,Janus Henderson Mlt-Ast AbsRet I Acc,1.252
04/12/2021,Janus Henderson Mlt-Ast AbsRet I Acc,1.253
04/13/2021,Janus Henderson Mlt-Ast AbsRet I Acc,1.253
04/14/2021,Janus Henderson Mlt-Ast AbsRet I Acc,1.253
04/15/2021,Janus Henderson Mlt-Ast AbsRet I Acc,1.253
04/16/2021,Janus Henderson Mlt-Ast AbsRet I Acc,1.255
04/17/2021,Janus Henderson Mlt-Ast AbsRet I Acc,1.255
04/18/2021,Janus Henderson Mlt-Ast AbsRet I Acc,1.255
04/19/2021,Janus Henderson Mlt-Ast AbsRet I Acc,1.256
04/20/2021,Janus Henderson Mlt-Ast AbsRet I Acc,1.254
04/21/2021,Janus Henderson Mlt-Ast AbsRet I Acc,1.252
04/22/2021,Janus Henderson Mlt-Ast AbsRet I Acc,1.253
04/23/2021,Janus Henderson Mlt-Ast AbsRet I Acc,1.255
04/24/2021,Janus Henderson Mlt-Ast AbsRet I Acc,1.255
04/25/2021,Janus Henderson Mlt-Ast AbsRet I Acc,1.255
04/26/2021,Janus Henderson Mlt-Ast AbsRet I Acc,1.254
04/27/2021,Janus Henderson Mlt-Ast AbsRet I Acc,1.255
04/28/2021,Janus Henderson Mlt-Ast AbsRet I Acc,1.256
04/29/2021,Janus Henderson Mlt-Ast AbsRet I Acc,1.258
04/30/2021,Janus Henderson Mlt-Ast AbsRet I Acc,1.258
05/01/2021,Janus Henderson Mlt-Ast AbsRet I Acc,1.258
05/02/2021,Janus Henderson Mlt-Ast AbsRet I Acc,1.258
05/03/2021,Janus Henderson Mlt-Ast AbsRet I Acc,1.258
05/04/2021,Janus Henderson Mlt-Ast AbsRet I Acc,1.258
05/05/2021,Janus Henderson Mlt-Ast AbsRet I Acc,1.258
05/06/2021,Janus Henderson Mlt-Ast AbsRet I Acc,1.259
05/07/2021,Janus Henderson Mlt-Ast AbsRet I Acc,1.264
05/08/2021,Janus Henderson Mlt-Ast AbsRet I Acc,1.264
05/09/2021,Janus Henderson Mlt-Ast AbsRet I Acc,1.264
05/10/2021,Janus Henderson Mlt-Ast AbsRet I Acc,1.264
05/11/2021,Janus Henderson Mlt-Ast AbsRet I Acc,1.262
05/12/2021,Janus Henderson Mlt-Ast AbsRet I Acc,1.26
05/13/2021,Janus Henderson Mlt-Ast AbsRet I Acc,1.255
05/14/2021,Janus Henderson Mlt-Ast AbsRet I Acc,1.259
05/15/2021,Janus Henderson Mlt-Ast AbsRet I Acc,1.259
05/16/2021,Janus Henderson Mlt-Ast AbsRet I Acc,1.259
05/17/2021,Janus Henderson Mlt-Ast AbsRet I Acc,1.262
05/18/2021,Janus Henderson Mlt-Ast AbsRet I Acc,1.261
05/19/2021,Janus Henderson Mlt-Ast AbsRet I Acc,1.261
05/20/2021,Janus Henderson Mlt-Ast AbsRet I Acc,1.26
05/21/2021,Janus Henderson Mlt-Ast AbsRet I Acc,1.261
05/22/2021,Janus Henderson Mlt-Ast AbsRet I Acc,1.261
05/23/2021,Janus Henderson Mlt-Ast AbsRet I Acc,1.261
05/24/2021,Janus Henderson Mlt-Ast AbsRet I Acc,1.262
05/25/2021,Janus Henderson Mlt-Ast AbsRet I Acc,1.263
05/26/2021,Janus Henderson Mlt-Ast AbsRet I Acc,1.265
05/27/2021,Janus Henderson Mlt-Ast AbsRet I Acc,1.265
05/28/2021,Janus Henderson Mlt-Ast AbsRet I Acc,1.266
05/29/2021,Janus Henderson Mlt-Ast AbsRet I Acc,1.266
05/30/2021,Janus Henderson Mlt-Ast AbsRet I Acc,1.266
05/31/2021,Janus Henderson Mlt-Ast AbsRet I Acc,1.266
06/01/2021,Janus Henderson Mlt-Ast AbsRet I Acc,1.269
06/02/2021,Janus Henderson Mlt-Ast AbsRet I Acc,1.269
06/03/2021,Janus Henderson Mlt-Ast AbsRet I Acc,1.271
06/04/2021,Janus Henderson Mlt-Ast AbsRet I Acc,1.271
06/05/2021,Janus Henderson Mlt-Ast AbsRet I Acc,1.271
06/06/2021,Janus Henderson Mlt-Ast AbsRet I Acc,1.271
06/07/2021,Janus Henderson Mlt-Ast AbsRet I Acc,1.272
06/08/2021,Janus Henderson Mlt-Ast AbsRet I Acc,1.274
06/09/2021,Janus Henderson Mlt-Ast AbsRet I Acc,1.273
06/10/2021,Janus Henderson Mlt-Ast AbsRet I Acc,1.274
06/11/2021,Janus Henderson Mlt-Ast AbsRet I Acc,1.273
06/12/2021,Janus Henderson Mlt-Ast AbsRet I Acc,1.273
06/13/2021,Janus Henderson Mlt-Ast AbsRet I Acc,1.273
06/14/2021,Janus Henderson Mlt-Ast AbsRet I Acc,1.273
06/15/2021,Janus Henderson Mlt-Ast AbsRet I Acc,1.275
06/16/2021,Janus Henderson Mlt-Ast AbsRet I Acc,1.273
06/17/2021,Janus Henderson Mlt-Ast AbsRet I Acc,1.271
06/18/2021,Janus Henderson Mlt-Ast AbsRet I Acc,1.27
06/19/2021,Janus Henderson Mlt-Ast AbsRet I Acc,1.27
06/20/2021,Janus Henderson Mlt-Ast AbsRet I Acc,1.27
06/21/2021,Janus Henderson Mlt-Ast AbsRet I Acc,1.267
06/22/2021,Janus Henderson Mlt-Ast AbsRet I Acc,1.267
06/23/2021,Janus Henderson Mlt-Ast AbsRet I Acc,1.269
06/24/2021,Janus Henderson Mlt-Ast AbsRet I Acc,1.269
06/25/2021,Janus Henderson Mlt-Ast AbsRet I Acc,1.268
06/26/2021,Janus Henderson Mlt-Ast AbsRet I Acc,1.268
06/27/2021,Janus Henderson Mlt-Ast AbsRet I Acc,1.268
06/28/2021,Janus Henderson Mlt-Ast AbsRet I Acc,1.271
06/29/2021,Janus Henderson Mlt-Ast AbsRet I Acc,1.273
06/30/2021,Janus Henderson Mlt-Ast AbsRet I Acc,1.268
07/01/2021,Janus Henderson Mlt-Ast AbsRet I Acc,1.266
07/02/2021,Janus Henderson Mlt-Ast AbsRet I Acc,1.268
07/03/2021,Janus Henderson Mlt-Ast AbsRet I Acc,1.268
07/04/2021,Janus Henderson Mlt-Ast AbsRet I Acc,1.268
07/05/2021,Janus Henderson Mlt-Ast AbsRet I Acc,1.269
07/06/2021,Janus Henderson Mlt-Ast AbsRet I Acc,1.27
07/07/2021,Janus Henderson Mlt-Ast AbsRet I Acc,1.27
07/08/2021,Janus Henderson Mlt-Ast AbsRet I Acc,1.27
07/09/2021,Janus Henderson Mlt-Ast AbsRet I Acc,1.271
07/10/2021,Janus Henderson Mlt-Ast AbsRet I Acc,1.271
07/11/2021,Janus Henderson Mlt-Ast AbsRet I Acc,1.271
07/12/2021,Janus Henderson Mlt-Ast AbsRet I Acc,1.269
07/13/2021,Janus Henderson Mlt-Ast AbsRet I Acc,1.27
07/14/2021,Janus Henderson Mlt-Ast AbsRet I Acc,1.271
07/15/2021,Janus Henderson Mlt-Ast AbsRet I Acc,1.271
07/16/2021,Janus Henderson Mlt-Ast AbsRet I Acc,1.271
07/17/2021,Janus Henderson Mlt-Ast AbsRet I Acc,1.271
07/18/2021,Janus Henderson Mlt-Ast AbsRet I Acc,1.271
07/19/2021,Janus Henderson Mlt-Ast AbsRet I Acc,1.269
07/20/2021,Janus Henderson Mlt-Ast AbsRet I Acc,1.268
07/21/2021,Janus Henderson Mlt-Ast AbsRet I Acc,1.264
07/22/2021,Janus Henderson Mlt-Ast AbsRet I Acc,1.265
07/23/2021,Janus Henderson Mlt-Ast AbsRet I Acc,1.267
07/24/2021,Janus Henderson Mlt-Ast AbsRet I Acc,1.267
07/25/2021,Janus Henderson Mlt-Ast AbsRet I Acc,1.267
07/26/2021,Janus Henderson Mlt-Ast AbsRet I Acc,1.268
07/27/2021,Janus Henderson Mlt-Ast AbsRet I Acc,1.27
07/28/2021,Janus Henderson Mlt-Ast AbsRet I Acc,1.273
07/29/2021,Janus Henderson Mlt-Ast AbsRet I Acc,1.273
07/30/2021,Janus Henderson Mlt-Ast AbsRet I Acc,1.273
07/31/2021,Janus Henderson Mlt-Ast AbsRet I Acc,1.273
08/01/2021,Janus Henderson Mlt-Ast AbsRet I Acc,1.273
08/02/2021,Janus Henderson Mlt-Ast AbsRet I Acc,1.276
08/03/2021,Janus Henderson Mlt-Ast AbsRet I Acc,1.276
08/04/2021,Janus Henderson Mlt-Ast AbsRet I Acc,1.275
08/05/2021,Janus Henderson Mlt-Ast AbsRet I Acc,1.276
08/06/2021,Janus Henderson Mlt-Ast AbsRet I Acc,1.276
08/07/2021,Janus Henderson Mlt-Ast AbsRet I Acc,1.276
08/08/2021,Janus Henderson Mlt-Ast AbsRet I Acc,1.276
08/09/2021,Janus Henderson Mlt-Ast AbsRet I Acc,1.275
08/10/2021,Janus Henderson Mlt-Ast AbsRet I Acc,1.277
08/11/2021,Janus Henderson Mlt-Ast AbsRet I Acc,1.28
08/12/2021,Janus Henderson Mlt-Ast AbsRet I Acc,1.283
08/13/2021,Janus Henderson Mlt-Ast AbsRet I Acc,1.285
08/14/2021,Janus Henderson Mlt-Ast AbsRet I Acc,1.285
08/15/2021,Janus Henderson Mlt-Ast AbsRet I Acc,1.285
08/16/2021,Janus Henderson Mlt-Ast AbsRet I Acc,1.286
08/17/2021,Janus Henderson Mlt-Ast AbsRet I Acc,1.287
08/18/2021,Janus Henderson Mlt-Ast AbsRet I Acc,1.286
08/19/2021,Janus Henderson Mlt-Ast AbsRet I Acc,1.287
08/20/2021,Janus Henderson Mlt-Ast AbsRet I Acc,1.285
08/21/2021,Janus Henderson Mlt-Ast AbsRet I Acc,1.285
08/22/2021,Janus Henderson Mlt-Ast AbsRet I Acc,1.285
08/23/2021,Janus Henderson Mlt-Ast AbsRet I Acc,1.285
08/24/2021,Janus Henderson Mlt-Ast AbsRet I Acc,1.286
08/25/2021,Janus Henderson Mlt-Ast AbsRet I Acc,1.286
08/26/2021,Janus Henderson Mlt-Ast AbsRet I Acc,1.286
08/27/2021,Janus Henderson Mlt-Ast AbsRet I Acc,1.286
08/28/2021,Janus Henderson Mlt-Ast AbsRet I Acc,1.286
08/29/2021,Janus Henderson Mlt-Ast AbsRet I Acc,1.286
08/30/2021,Janus Henderson Mlt-Ast AbsRet I Acc,1.286
08/31/2021,Janus Henderson Mlt-Ast AbsRet I Acc,1.289
09/01/2021,Janus Henderson Mlt-Ast AbsRet I Acc,1.29
09/02/2021,Janus Henderson Mlt-Ast AbsRet I Acc,1.288
09/03/2021,Janus Henderson Mlt-Ast AbsRet I Acc,1.291
09/04/2021,Janus Henderson Mlt-Ast AbsRet I Acc,1.291
09/05/2021,Janus Henderson Mlt-Ast AbsRet I Acc,1.291
09/06/2021,Janus Henderson Mlt-Ast AbsRet I Acc,1.291
09/07/2021,Janus Henderson Mlt-Ast AbsRet I Acc,1.29
09/08/2021,Janus Henderson Mlt-Ast AbsRet I Acc,1.291
09/09/2021,Janus Henderson Mlt-Ast AbsRet I Acc,1.289
09/10/2021,Janus Henderson Mlt-Ast AbsRet I Acc,1.288
09/11/2021,Janus Henderson Mlt-Ast AbsRet I Acc,1.288
09/12/2021,Janus Henderson Mlt-Ast AbsRet I Acc,1.288
09/13/2021,Janus Henderson Mlt-Ast AbsRet I Acc,1.289
09/14/2021,Janus Henderson Mlt-Ast AbsRet I Acc,1.287
09/15/2021,Janus Henderson Mlt-Ast AbsRet I Acc,1.29
09/16/2021,Janus Henderson Mlt-Ast AbsRet I Acc,1.291
09/17/2021,Janus Henderson Mlt-Ast AbsRet I Acc,1.291
09/18/2021,Janus Henderson Mlt-Ast AbsRet I Acc,1.291
09/19/2021,Janus Henderson Mlt-Ast AbsRet I Acc,1.291
09/20/2021,Janus Henderson Mlt-Ast AbsRet I Acc,1.289
09/21/2021,Janus Henderson Mlt-Ast AbsRet I Acc,1.289
09/22/2021,Janus Henderson Mlt-Ast AbsRet I Acc,1.289
09/23/2021,Janus Henderson Mlt-Ast AbsRet I Acc,1.287
09/24/2021,Janus Henderson Mlt-Ast AbsRet I Acc,1.288
09/25/2021,Janus Henderson Mlt-Ast AbsRet I Acc,1.288
09/26/2021,Janus Henderson Mlt-Ast AbsRet I Acc,1.288
09/27/2021,Janus Henderson Mlt-Ast AbsRet I Acc,1.288
09/28/2021,Janus Henderson Mlt-Ast AbsRet I Acc,1.286
09/29/2021,Janus Henderson Mlt-Ast AbsRet I Acc,1.288
09/30/2021,Janus Henderson Mlt-Ast AbsRet I Acc,1.287
10/01/2021,Janus Henderson Mlt-Ast AbsRet I Acc,1.282
10/02/2021,Janus Henderson Mlt-Ast AbsRet I Acc,1.282
10/03/2021,Janus Henderson Mlt-Ast AbsRet I Acc,1.282
10/04/2021,Janus Henderson Mlt-Ast AbsRet I Acc,1.28
10/05/2021,Janus Henderson Mlt-Ast AbsRet I Acc,1.28
10/06/2021,Janus Henderson Mlt-Ast AbsRet I Acc,1.274
10/07/2021,Janus Henderson Mlt-Ast AbsRet I Acc,1.277
10/08/2021,Janus Henderson Mlt-Ast AbsRet I Acc,1.281
10/09/2021,Janus Henderson Mlt-Ast AbsRet I Acc,1.281
10/10/2021,Janus Henderson Mlt-Ast AbsRet I Acc,1.281
10/11/2021,Janus Henderson Mlt-Ast AbsRet I Acc,1.283
10/12/2021,Janus Henderson Mlt-Ast AbsRet I Acc,1.284
10/13/2021,Janus Henderson Mlt-Ast AbsRet I Acc,1.286
10/14/2021,Janus Henderson Mlt-Ast AbsRet I Acc,1.289
10/15/2021,Janus Henderson Mlt-Ast AbsRet I Acc,1.29
10/16/2021,Janus Henderson Mlt-Ast AbsRet I Acc,1.29
10/17/2021,Janus Henderson Mlt-Ast AbsRet I Acc,1.29
10/18/2021,Janus Henderson Mlt-Ast AbsRet I Acc,1.291
10/19/2021,Janus Henderson Mlt-Ast AbsRet I Acc,1.291
10/20/2021,Janus Henderson Mlt-Ast AbsRet I Acc,1.292
10/21/2021,Janus Henderson Mlt-Ast AbsRet I Acc,1.292
10/22/2021,Janus Henderson Mlt-Ast AbsRet I Acc,1.292
10/23/2021,Janus Henderson Mlt-Ast AbsRet I Acc,1.292
10/24/2021,Janus Henderson Mlt-Ast AbsRet I Acc,1.292
10/25/2021,Janus Henderson Mlt-Ast AbsRet I Acc,1.291
10/26/2021,Janus Henderson Mlt-Ast AbsRet I Acc,1.292
10/27/2021,Janus Henderson Mlt-Ast AbsRet I Acc,1.295
10/28/2021,Janus Henderson Mlt-Ast AbsRet I Acc,1.298
10/29/2021,Janus Henderson Mlt-Ast AbsRet I Acc,1.298
10/30/2021,Janus Henderson Mlt-Ast AbsRet I Acc,1.298
10/31/2021,Janus Henderson Mlt-Ast AbsRet I Acc,1.298
11/01/2021,Janus Henderson Mlt-Ast AbsRet I Acc,1.298
11/02/2021,Janus Henderson Mlt-Ast AbsRet I Acc,1.298
11/03/2021,Janus Henderson Mlt-Ast AbsRet I Acc,1.3
11/04/2021,Janus Henderson Mlt-Ast AbsRet I Acc,1.303
11/05/2021,Janus Henderson Mlt-Ast AbsRet I Acc,1.307
11/06/2021,Janus Henderson Mlt-Ast AbsRet I Acc,1.307
11/07/2021,Janus Henderson Mlt-Ast AbsRet I Acc,1.307
11/08/2021,Janus Henderson Mlt-Ast AbsRet I Acc,1.309
11/09/2021,Janus Henderson Mlt-Ast AbsRet I Acc,1.307
11/10/2021,Janus Henderson Mlt-Ast AbsRet I Acc,1.307
11/11/2021,Janus Henderson Mlt-Ast AbsRet I Acc,1.31
11/12/2021,Janus Henderson Mlt-Ast AbsRet I Acc,1.311
11/13/2021,Janus Henderson Mlt-Ast AbsRet I Acc,1.311
11/14/2021,Janus Henderson Mlt-Ast AbsRet I Acc,1.311
11/15/2021,Janus Henderson Mlt-Ast AbsRet I Acc,1.314
11/16/2021,Janus Henderson Mlt-Ast AbsRet I Acc,1.314
11/17/2021,Janus Henderson Mlt-Ast AbsRet I Acc,1.314
11/18/2021,Janus Henderson Mlt-Ast AbsRet I Acc,1.315
11/19/2021,Janus Henderson Mlt-Ast AbsRet I Acc,1.316
11/20/2021,Janus Henderson Mlt-Ast AbsRet I Acc,1.316
11/21/2021,Janus Henderson Mlt-Ast AbsRet I Acc,1.316
11/22/2021,Janus Henderson Mlt-Ast AbsRet I Acc,1.315
11/23/2021,Janus Henderson Mlt-Ast AbsRet I Acc,1.314
11/24/2021,Janus Henderson Mlt-Ast AbsRet I Acc,1.313
11/25/2021,Janus Henderson Mlt-Ast AbsRet I Acc,1.315
11/26/2021,Janus Henderson Mlt-Ast AbsRet I Acc,1.313
11/27/2021,Janus Henderson Mlt-Ast AbsRet I Acc,1.313
11/28/2021,Janus Henderson Mlt-Ast AbsRet I Acc,1.313
11/29/2021,Janus Henderson Mlt-Ast AbsRet I Acc,1.31
11/30/2021,Janus Henderson Mlt-Ast AbsRet I Acc,1.305
12/01/2021,Janus Henderson Mlt-Ast AbsRet I Acc,1.306
12/02/2021,Janus Henderson Mlt-Ast AbsRet I Acc,1.303
12/03/2021,Janus Henderson Mlt-Ast AbsRet I Acc,1.303
12/04/2021,Janus Henderson Mlt-Ast AbsRet I Acc,1.303
12/05/2021,Janus Henderson Mlt-Ast AbsRet I Acc,1.303
12/06/2021,Janus Henderson Mlt-Ast AbsRet I Acc,1.305
12/07/2021,Janus Henderson Mlt-Ast AbsRet I Acc,1.31
12/08/2021,Janus Henderson Mlt-Ast AbsRet I Acc,1.314
12/09/2021,Janus Henderson Mlt-Ast AbsRet I Acc,1.317
12/10/2021,Janus Henderson Mlt-Ast AbsRet I Acc,1.319
12/11/2021,Janus Henderson Mlt-Ast AbsRet I Acc,1.319
12/12/2021,Janus Henderson Mlt-Ast AbsRet I Acc,1.319
12/13/2021,Janus Henderson Mlt-Ast AbsRet I Acc,1.318
12/14/2021,Janus Henderson Mlt-Ast AbsRet I Acc,1.318
12/15/2021,Janus Henderson Mlt-Ast AbsRet I Acc,1.316
12/16/2021,Janus Henderson Mlt-Ast AbsRet I Acc,1.318
12/17/2021,Janus Henderson Mlt-Ast AbsRet I Acc,1.319
12/18/2021,Janus Henderson Mlt-Ast AbsRet I Acc,1.319
12/19/2021,Janus Henderson Mlt-Ast AbsRet I Acc,1.319
12/20/2021,Janus Henderson Mlt-Ast AbsRet I Acc,1.321
