Date,Name,NAV
07/07/1995,JPM US Select C Net Acc,0.56279085872823,
07/08/1995,JPM US Select C Net Acc,0.56279085872823,
07/09/1995,JPM US Select C Net Acc,0.56279085872823,
07/10/1995,JPM US Select C Net Acc,0.56279085872823,
07/11/1995,JPM US Select C Net Acc,0.56279085872823,
07/12/1995,JPM US Select C Net Acc,0.56279085872823,
07/13/1995,JPM US Select C Net Acc,0.56279085872823,
07/14/1995,JPM US Select C Net Acc,0.572777008312761,
07/15/1995,JPM US Select C Net Acc,0.572777008312761,
07/16/1995,JPM US Select C Net Acc,0.572777008312761,
07/17/1995,JPM US Select C Net Acc,0.572777008312761,
07/18/1995,JPM US Select C Net Acc,0.572777008312761,
07/19/1995,JPM US Select C Net Acc,0.572777008312761,
07/20/1995,JPM US Select C Net Acc,0.572777008312761,
07/21/1995,JPM US Select C Net Acc,0.56421745152602,
07/22/1995,JPM US Select C Net Acc,0.56421745152602,
07/23/1995,JPM US Select C Net Acc,0.56421745152602,
07/24/1995,JPM US Select C Net Acc,0.56421745152602,
07/25/1995,JPM US Select C Net Acc,0.56421745152602,
07/26/1995,JPM US Select C Net Acc,0.56421745152602,
07/27/1995,JPM US Select C Net Acc,0.56421745152602,
07/28/1995,JPM US Select C Net Acc,0.576819021239834,
07/29/1995,JPM US Select C Net Acc,0.576819021239834,
07/30/1995,JPM US Select C Net Acc,0.576819021239834,
07/31/1995,JPM US Select C Net Acc,0.575154662975745,
08/01/1995,JPM US Select C Net Acc,0.575154662975745,
08/02/1995,JPM US Select C Net Acc,0.575154662975745,
08/03/1995,JPM US Select C Net Acc,0.575154662975745,
08/04/1995,JPM US Select C Net Acc,0.572777008312761,
08/05/1995,JPM US Select C Net Acc,0.572777008312761,
08/06/1995,JPM US Select C Net Acc,0.572777008312761,
08/07/1995,JPM US Select C Net Acc,0.572777008312761,
08/08/1995,JPM US Select C Net Acc,0.572777008312761,
08/09/1995,JPM US Select C Net Acc,0.572777008312761,
08/10/1995,JPM US Select C Net Acc,0.572777008312761,
08/11/1995,JPM US Select C Net Acc,0.578483379503922,
08/12/1995,JPM US Select C Net Acc,0.578483379503922,
08/13/1995,JPM US Select C Net Acc,0.578483379503922,
08/14/1995,JPM US Select C Net Acc,0.578483379503922,
08/15/1995,JPM US Select C Net Acc,0.578483379503922,
08/16/1995,JPM US Select C Net Acc,0.578483379503922,
08/17/1995,JPM US Select C Net Acc,0.578483379503922,
08/18/1995,JPM US Select C Net Acc,0.599406740538178,
08/19/1995,JPM US Select C Net Acc,0.599406740538178,
08/20/1995,JPM US Select C Net Acc,0.599406740538178,
08/21/1995,JPM US Select C Net Acc,0.599406740538178,
08/22/1995,JPM US Select C Net Acc,0.599406740538178,
08/23/1995,JPM US Select C Net Acc,0.599406740538178,
08/24/1995,JPM US Select C Net Acc,0.599406740538178,
08/25/1995,JPM US Select C Net Acc,0.599406740538178,
08/26/1995,JPM US Select C Net Acc,0.599406740538178,
08/27/1995,JPM US Select C Net Acc,0.599406740538178,
08/28/1995,JPM US Select C Net Acc,0.599406740538178,
08/29/1995,JPM US Select C Net Acc,0.599406740538178,
08/30/1995,JPM US Select C Net Acc,0.599406740538178,
08/31/1995,JPM US Select C Net Acc,0.604637580796742,
09/01/1995,JPM US Select C Net Acc,0.607490766392323,
09/02/1995,JPM US Select C Net Acc,0.607490766392323,
09/03/1995,JPM US Select C Net Acc,0.607490766392323,
09/04/1995,JPM US Select C Net Acc,0.607490766392323,
09/05/1995,JPM US Select C Net Acc,0.607490766392323,
09/06/1995,JPM US Select C Net Acc,0.607490766392323,
09/07/1995,JPM US Select C Net Acc,0.607490766392323,
09/08/1995,JPM US Select C Net Acc,0.617476915976854,
09/09/1995,JPM US Select C Net Acc,0.617476915976854,
09/10/1995,JPM US Select C Net Acc,0.617476915976854,
09/11/1995,JPM US Select C Net Acc,0.617476915976854,
09/12/1995,JPM US Select C Net Acc,0.617476915976854,
09/13/1995,JPM US Select C Net Acc,0.617476915976854,
09/14/1995,JPM US Select C Net Acc,0.617476915976854,
09/15/1995,JPM US Select C Net Acc,0.628889658359176,
09/16/1995,JPM US Select C Net Acc,0.628889658359176,
09/17/1995,JPM US Select C Net Acc,0.628889658359176,
09/18/1995,JPM US Select C Net Acc,0.628889658359176,
09/19/1995,JPM US Select C Net Acc,0.628889658359176,
09/20/1995,JPM US Select C Net Acc,0.628889658359176,
09/21/1995,JPM US Select C Net Acc,0.628889658359176,
09/22/1995,JPM US Select C Net Acc,0.614148199448677,
09/23/1995,JPM US Select C Net Acc,0.614148199448677,
09/24/1995,JPM US Select C Net Acc,0.614148199448677,
09/25/1995,JPM US Select C Net Acc,0.614148199448677,
09/26/1995,JPM US Select C Net Acc,0.614148199448677,
09/27/1995,JPM US Select C Net Acc,0.614148199448677,
09/28/1995,JPM US Select C Net Acc,0.614148199448677,
09/29/1995,JPM US Select C Net Acc,0.617476915976854,
09/30/1995,JPM US Select C Net Acc,0.617476915976854,
10/01/1995,JPM US Select C Net Acc,0.617476915976854,
10/02/1995,JPM US Select C Net Acc,0.625560941830999,
10/03/1995,JPM US Select C Net Acc,0.625560941830999,
10/04/1995,JPM US Select C Net Acc,0.625560941830999,
10/05/1995,JPM US Select C Net Acc,0.625560941830999,
10/06/1995,JPM US Select C Net Acc,0.611295013853097,
10/07/1995,JPM US Select C Net Acc,0.611295013853097,
10/08/1995,JPM US Select C Net Acc,0.611295013853097,
10/09/1995,JPM US Select C Net Acc,0.611295013853097,
10/10/1995,JPM US Select C Net Acc,0.611295013853097,
10/11/1995,JPM US Select C Net Acc,0.611295013853097,
10/12/1995,JPM US Select C Net Acc,0.611295013853097,
10/13/1995,JPM US Select C Net Acc,0.617001385044257,
10/14/1995,JPM US Select C Net Acc,0.617001385044257,
10/15/1995,JPM US Select C Net Acc,0.617001385044257,
10/16/1995,JPM US Select C Net Acc,0.617001385044257,
10/17/1995,JPM US Select C Net Acc,0.617001385044257,
10/18/1995,JPM US Select C Net Acc,0.617001385044257,
10/19/1995,JPM US Select C Net Acc,0.617001385044257,
10/20/1995,JPM US Select C Net Acc,0.617001385044257,
10/21/1995,JPM US Select C Net Acc,0.617001385044257,
10/22/1995,JPM US Select C Net Acc,0.617001385044257,
10/23/1995,JPM US Select C Net Acc,0.617001385044257,
10/24/1995,JPM US Select C Net Acc,0.617001385044257,
10/25/1995,JPM US Select C Net Acc,0.617001385044257,
10/26/1995,JPM US Select C Net Acc,0.617001385044257,
10/27/1995,JPM US Select C Net Acc,0.598455678672985,
10/28/1995,JPM US Select C Net Acc,0.598455678672985,
10/29/1995,JPM US Select C Net Acc,0.598455678672985,
10/30/1995,JPM US Select C Net Acc,0.598455678672985,
10/31/1995,JPM US Select C Net Acc,0.606777469993428,
11/01/1995,JPM US Select C Net Acc,0.606777469993428,
11/02/1995,JPM US Select C Net Acc,0.606777469993428,
11/03/1995,JPM US Select C Net Acc,0.614148199448677,
11/04/1995,JPM US Select C Net Acc,0.614148199448677,
11/05/1995,JPM US Select C Net Acc,0.614148199448677,
11/06/1995,JPM US Select C Net Acc,0.614148199448677,
11/07/1995,JPM US Select C Net Acc,0.614148199448677,
11/08/1995,JPM US Select C Net Acc,0.614148199448677,
11/09/1995,JPM US Select C Net Acc,0.614148199448677,
11/10/1995,JPM US Select C Net Acc,0.618665743308346,
11/11/1995,JPM US Select C Net Acc,0.618665743308346,
11/12/1995,JPM US Select C Net Acc,0.618665743308346,
11/13/1995,JPM US Select C Net Acc,0.618665743308346,
11/14/1995,JPM US Select C Net Acc,0.618665743308346,
11/15/1995,JPM US Select C Net Acc,0.618665743308346,
11/16/1995,JPM US Select C Net Acc,0.618665743308346,
11/17/1995,JPM US Select C Net Acc,0.633882733151441,
11/18/1995,JPM US Select C Net Acc,0.633882733151441,
11/19/1995,JPM US Select C Net Acc,0.633882733151441,
11/20/1995,JPM US Select C Net Acc,0.633882733151441,
11/21/1995,JPM US Select C Net Acc,0.633882733151441,
11/22/1995,JPM US Select C Net Acc,0.633882733151441,
11/23/1995,JPM US Select C Net Acc,0.633882733151441,
11/24/1995,JPM US Select C Net Acc,0.636735918747022,
11/25/1995,JPM US Select C Net Acc,0.636735918747022,
11/26/1995,JPM US Select C Net Acc,0.636735918747022,
11/27/1995,JPM US Select C Net Acc,0.636735918747022,
11/28/1995,JPM US Select C Net Acc,0.636735918747022,
11/29/1995,JPM US Select C Net Acc,0.636735918747022,
11/30/1995,JPM US Select C Net Acc,0.657659279781278,
12/01/1995,JPM US Select C Net Acc,0.66170129270835,
12/02/1995,JPM US Select C Net Acc,0.66170129270835,
12/03/1995,JPM US Select C Net Acc,0.66170129270835,
12/04/1995,JPM US Select C Net Acc,0.66170129270835,
12/05/1995,JPM US Select C Net Acc,0.66170129270835,
12/06/1995,JPM US Select C Net Acc,0.66170129270835,
12/07/1995,JPM US Select C Net Acc,0.66170129270835,
12/08/1995,JPM US Select C Net Acc,0.675253924287357,
12/09/1995,JPM US Select C Net Acc,0.675253924287357,
12/10/1995,JPM US Select C Net Acc,0.675253924287357,
12/11/1995,JPM US Select C Net Acc,0.675253924287357,
12/12/1995,JPM US Select C Net Acc,0.675253924287357,
12/13/1995,JPM US Select C Net Acc,0.675253924287357,
12/14/1995,JPM US Select C Net Acc,0.675253924287357,
12/15/1995,JPM US Select C Net Acc,0.670260849495091,
12/16/1995,JPM US Select C Net Acc,0.670260849495091,
12/17/1995,JPM US Select C Net Acc,0.670260849495091,
12/18/1995,JPM US Select C Net Acc,0.670260849495091,
12/19/1995,JPM US Select C Net Acc,0.670260849495091,
12/20/1995,JPM US Select C Net Acc,0.670260849495091,
12/21/1995,JPM US Select C Net Acc,0.670260849495091,
12/22/1995,JPM US Select C Net Acc,0.667883194832107,
12/23/1995,JPM US Select C Net Acc,0.667883194832107,
12/24/1995,JPM US Select C Net Acc,0.667883194832107,
12/25/1995,JPM US Select C Net Acc,0.667883194832107,
12/26/1995,JPM US Select C Net Acc,0.667883194832107,
12/27/1995,JPM US Select C Net Acc,0.667883194832107,
12/28/1995,JPM US Select C Net Acc,0.667883194832107,
12/29/1995,JPM US Select C Net Acc,0.675253924287357,
12/30/1995,JPM US Select C Net Acc,0.675253924287357,
12/31/1995,JPM US Select C Net Acc,0.675253924287357,
01/01/1996,JPM US Select C Net Acc,0.675253924287357,
01/02/1996,JPM US Select C Net Acc,0.675253924287357,
01/03/1996,JPM US Select C Net Acc,0.675253924287357,
01/04/1996,JPM US Select C Net Acc,0.675253924287357,
01/05/1996,JPM US Select C Net Acc,0.674302862422163,
01/06/1996,JPM US Select C Net Acc,0.674302862422163,
01/07/1996,JPM US Select C Net Acc,0.674302862422163,
01/08/1996,JPM US Select C Net Acc,0.674302862422163,
01/09/1996,JPM US Select C Net Acc,0.674302862422163,
01/10/1996,JPM US Select C Net Acc,0.674302862422163,
01/11/1996,JPM US Select C Net Acc,0.674302862422163,
01/12/1996,JPM US Select C Net Acc,0.655519390584593,
01/13/1996,JPM US Select C Net Acc,0.655519390584593,
01/14/1996,JPM US Select C Net Acc,0.655519390584593,
01/15/1996,JPM US Select C Net Acc,0.655519390584593,
01/16/1996,JPM US Select C Net Acc,0.655519390584593,
01/17/1996,JPM US Select C Net Acc,0.655519390584593,
01/18/1996,JPM US Select C Net Acc,0.655519390584593,
01/19/1996,JPM US Select C Net Acc,0.675253924287357,
01/20/1996,JPM US Select C Net Acc,0.675253924287357,
01/21/1996,JPM US Select C Net Acc,0.675253924287357,
01/22/1996,JPM US Select C Net Acc,0.675253924287357,
01/23/1996,JPM US Select C Net Acc,0.675253924287357,
01/24/1996,JPM US Select C Net Acc,0.675253924287357,
01/25/1996,JPM US Select C Net Acc,0.675253924287357,
01/26/1996,JPM US Select C Net Acc,0.692373037860839,
01/27/1996,JPM US Select C Net Acc,0.692373037860839,
01/28/1996,JPM US Select C Net Acc,0.692373037860839,
01/29/1996,JPM US Select C Net Acc,0.692373037860839,
01/30/1996,JPM US Select C Net Acc,0.692373037860839,
01/31/1996,JPM US Select C Net Acc,0.705925669439846,
02/01/1996,JPM US Select C Net Acc,0.705925669439846,
02/02/1996,JPM US Select C Net Acc,0.711632040631007,
02/03/1996,JPM US Select C Net Acc,0.711632040631007,
02/04/1996,JPM US Select C Net Acc,0.711632040631007,
02/05/1996,JPM US Select C Net Acc,0.711632040631007,
02/06/1996,JPM US Select C Net Acc,0.711632040631007,
02/07/1996,JPM US Select C Net Acc,0.711632040631007,
02/08/1996,JPM US Select C Net Acc,0.711632040631007,
02/09/1996,JPM US Select C Net Acc,0.717813942754764,
02/10/1996,JPM US Select C Net Acc,0.717813942754764,
02/11/1996,JPM US Select C Net Acc,0.717813942754764,
02/12/1996,JPM US Select C Net Acc,0.721855955681836,
02/13/1996,JPM US Select C Net Acc,0.728037857805594,
02/14/1996,JPM US Select C Net Acc,0.725184672210013,
02/15/1996,JPM US Select C Net Acc,0.720667128350345,
02/16/1996,JPM US Select C Net Acc,0.719478301018853,
02/17/1996,JPM US Select C Net Acc,0.719478301018853,
02/18/1996,JPM US Select C Net Acc,0.719478301018853,
02/19/1996,JPM US Select C Net Acc,0.7125831024962,
02/20/1996,JPM US Select C Net Acc,0.715436288091781,
02/21/1996,JPM US Select C Net Acc,0.707590027703934,
02/22/1996,JPM US Select C Net Acc,0.714960757159184,
02/23/1996,JPM US Select C Net Acc,0.727324561406699,
02/24/1996,JPM US Select C Net Acc,0.727324561406699,
02/25/1996,JPM US Select C Net Acc,0.727324561406699,
02/26/1996,JPM US Select C Net Acc,0.726849030474102,
02/27/1996,JPM US Select C Net Acc,0.719953831951449,
02/28/1996,JPM US Select C Net Acc,0.718289473687361,
02/29/1996,JPM US Select C Net Acc,0.721855955681836,
03/01/1996,JPM US Select C Net Acc,0.719002770086256,
03/02/1996,JPM US Select C Net Acc,0.719002770086256,
03/03/1996,JPM US Select C Net Acc,0.719002770086256,
03/04/1996,JPM US Select C Net Acc,0.721142659282941,
03/05/1996,JPM US Select C Net Acc,0.731366574333771,
03/06/1996,JPM US Select C Net Acc,0.734219759929351,
03/07/1996,JPM US Select C Net Acc,0.73303093259786,
03/08/1996,JPM US Select C Net Acc,0.731366574333771,
03/09/1996,JPM US Select C Net Acc,0.731366574333771,
03/10/1996,JPM US Select C Net Acc,0.731366574333771,
03/11/1996,JPM US Select C Net Acc,0.711632040631007,
03/12/1996,JPM US Select C Net Acc,0.717813942754764,
03/13/1996,JPM US Select C Net Acc,0.714485226226587,
03/14/1996,JPM US Select C Net Acc,0.716149584490676,
03/15/1996,JPM US Select C Net Acc,0.721142659282941,
03/16/1996,JPM US Select C Net Acc,0.721142659282941,
03/17/1996,JPM US Select C Net Acc,0.721142659282941,
03/18/1996,JPM US Select C Net Acc,0.719002770086256,
03/19/1996,JPM US Select C Net Acc,0.730891043401174,
03/20/1996,JPM US Select C Net Acc,0.72566020314261,
03/21/1996,JPM US Select C Net Acc,0.723520313945925,
03/22/1996,JPM US Select C Net Acc,0.723995844878522,
03/23/1996,JPM US Select C Net Acc,0.723995844878522,
03/24/1996,JPM US Select C Net Acc,0.723995844878522,
03/25/1996,JPM US Select C Net Acc,0.731366574333771,
03/26/1996,JPM US Select C Net Acc,0.731842105266368,
03/27/1996,JPM US Select C Net Acc,0.735408587260843,
03/28/1996,JPM US Select C Net Acc,0.733744228996755,
03/29/1996,JPM US Select C Net Acc,0.728988919670787,
03/30/1996,JPM US Select C Net Acc,0.728988919670787,
03/31/1996,JPM US Select C Net Acc,0.728988919670787,
04/01/1996,JPM US Select C Net Acc,0.721855955681836,
04/02/1996,JPM US Select C Net Acc,0.730177747002279,
04/03/1996,JPM US Select C Net Acc,0.730177747002279,
04/04/1996,JPM US Select C Net Acc,0.730891043401174,
04/05/1996,JPM US Select C Net Acc,0.730891043401174,
04/06/1996,JPM US Select C Net Acc,0.730891043401174,
04/07/1996,JPM US Select C Net Acc,0.730891043401174,
04/08/1996,JPM US Select C Net Acc,0.730891043401174,
04/09/1996,JPM US Select C Net Acc,0.717100646355869,
04/10/1996,JPM US Select C Net Acc,0.721855955681836,
04/11/1996,JPM US Select C Net Acc,0.719953831951449,
04/12/1996,JPM US Select C Net Acc,0.713296398895095,
04/13/1996,JPM US Select C Net Acc,0.713296398895095,
04/14/1996,JPM US Select C Net Acc,0.713296398895095,
04/15/1996,JPM US Select C Net Acc,0.721855955681836,
04/16/1996,JPM US Select C Net Acc,0.726849030474102,
04/17/1996,JPM US Select C Net Acc,0.734219759929351,
04/18/1996,JPM US Select C Net Acc,0.728513388738191,
04/19/1996,JPM US Select C Net Acc,0.726849030474102,
04/20/1996,JPM US Select C Net Acc,0.726849030474102,
04/21/1996,JPM US Select C Net Acc,0.726849030474102,
04/22/1996,JPM US Select C Net Acc,0.732555401665263,
04/23/1996,JPM US Select C Net Acc,0.734695290861948,
04/24/1996,JPM US Select C Net Acc,0.73873730378902,
04/25/1996,JPM US Select C Net Acc,0.740877192985706,
04/26/1996,JPM US Select C Net Acc,0.746583564176866,
04/27/1996,JPM US Select C Net Acc,0.746583564176866,
04/28/1996,JPM US Select C Net Acc,0.746583564176866,
04/29/1996,JPM US Select C Net Acc,0.746583564176866,
04/30/1996,JPM US Select C Net Acc,0.747772391508358,
05/01/1996,JPM US Select C Net Acc,0.753478762699519,
05/02/1996,JPM US Select C Net Acc,0.755618651896204,
05/03/1996,JPM US Select C Net Acc,0.740401662053109,
05/04/1996,JPM US Select C Net Acc,0.740401662053109,
05/05/1996,JPM US Select C Net Acc,0.740401662053109,
05/06/1996,JPM US Select C Net Acc,0.740401662053109,
05/07/1996,JPM US Select C Net Acc,0.731366574333771,
05/08/1996,JPM US Select C Net Acc,0.729702216069682,
05/09/1996,JPM US Select C Net Acc,0.727324561406699,
05/10/1996,JPM US Select C Net Acc,0.727324561406699,
05/11/1996,JPM US Select C Net Acc,0.727324561406699,
05/12/1996,JPM US Select C Net Acc,0.727324561406699,
05/13/1996,JPM US Select C Net Acc,0.741590489384601,
05/14/1996,JPM US Select C Net Acc,0.752765466300624,
05/15/1996,JPM US Select C Net Acc,0.758471837491785,
05/16/1996,JPM US Select C Net Acc,0.760136195755873,
05/17/1996,JPM US Select C Net Acc,0.756807479227696,
05/18/1996,JPM US Select C Net Acc,0.756807479227696,
05/19/1996,JPM US Select C Net Acc,0.756807479227696,
05/20/1996,JPM US Select C Net Acc,0.762513850418857,
05/21/1996,JPM US Select C Net Acc,0.764178208682945,
05/22/1996,JPM US Select C Net Acc,0.764653739615542,
05/23/1996,JPM US Select C Net Acc,0.771073407205598,
05/24/1996,JPM US Select C Net Acc,0.766555863345929,
05/25/1996,JPM US Select C Net Acc,0.766555863345929,
05/26/1996,JPM US Select C Net Acc,0.766555863345929,
05/27/1996,JPM US Select C Net Acc,0.766555863345929,
05/28/1996,JPM US Select C Net Acc,0.770360110806703,
05/29/1996,JPM US Select C Net Acc,0.760849492154768,
05/30/1996,JPM US Select C Net Acc,0.747296860575762,
05/31/1996,JPM US Select C Net Acc,0.750150046171342,
06/01/1996,JPM US Select C Net Acc,0.750150046171342,
06/02/1996,JPM US Select C Net Acc,0.750150046171342,
06/03/1996,JPM US Select C Net Acc,0.739926131120512,
06/04/1996,JPM US Select C Net Acc,0.739212834721617,
06/05/1996,JPM US Select C Net Acc,0.743730378581286,
06/06/1996,JPM US Select C Net Acc,0.75181440443543,
06/07/1996,JPM US Select C Net Acc,0.746583564176866,
06/08/1996,JPM US Select C Net Acc,0.746583564176866,
06/09/1996,JPM US Select C Net Acc,0.746583564176866,
06/10/1996,JPM US Select C Net Acc,0.749436749772447,
06/11/1996,JPM US Select C Net Acc,0.747296860575762,
06/12/1996,JPM US Select C Net Acc,0.74896121883985,
06/13/1996,JPM US Select C Net Acc,0.75181440443543,
06/14/1996,JPM US Select C Net Acc,0.747772391508358,
06/15/1996,JPM US Select C Net Acc,0.747772391508358,
06/16/1996,JPM US Select C Net Acc,0.747772391508358,
06/17/1996,JPM US Select C Net Acc,0.744443674980181,
06/18/1996,JPM US Select C Net Acc,0.73873730378902,
06/19/1996,JPM US Select C Net Acc,0.739926131120512,
06/20/1996,JPM US Select C Net Acc,0.73873730378902,
06/21/1996,JPM US Select C Net Acc,0.73873730378902,
06/22/1996,JPM US Select C Net Acc,0.73873730378902,
06/23/1996,JPM US Select C Net Acc,0.73873730378902,
06/24/1996,JPM US Select C Net Acc,0.744443674980181,
06/25/1996,JPM US Select C Net Acc,0.741590489384601,
06/26/1996,JPM US Select C Net Acc,0.743254847648689,
06/27/1996,JPM US Select C Net Acc,0.742779316716093,
06/28/1996,JPM US Select C Net Acc,0.743730378581286,
06/29/1996,JPM US Select C Net Acc,0.743730378581286,
06/30/1996,JPM US Select C Net Acc,0.743730378581286,
07/01/1996,JPM US Select C Net Acc,0.746583564176866,
07/02/1996,JPM US Select C Net Acc,0.74610803324427,
07/03/1996,JPM US Select C Net Acc,0.74610803324427,
07/04/1996,JPM US Select C Net Acc,0.740401662053109,
07/05/1996,JPM US Select C Net Acc,0.742066020317197,
07/06/1996,JPM US Select C Net Acc,0.742066020317197,
07/07/1996,JPM US Select C Net Acc,0.742066020317197,
07/08/1996,JPM US Select C Net Acc,0.730891043401174,
07/09/1996,JPM US Select C Net Acc,0.724471375811118,
07/10/1996,JPM US Select C Net Acc,0.728513388738191,
07/11/1996,JPM US Select C Net Acc,0.728513388738191,
07/12/1996,JPM US Select C Net Acc,0.714485226226587,
07/13/1996,JPM US Select C Net Acc,0.714485226226587,
07/14/1996,JPM US Select C Net Acc,0.714485226226587,
07/15/1996,JPM US Select C Net Acc,0.717100646355869,
07/16/1996,JPM US Select C Net Acc,0.701408125580177,
07/17/1996,JPM US Select C Net Acc,0.701408125580177,
07/18/1996,JPM US Select C Net Acc,0.709254385968023,
07/19/1996,JPM US Select C Net Acc,0.720667128350345,
07/20/1996,JPM US Select C Net Acc,0.720667128350345,
07/21/1996,JPM US Select C Net Acc,0.720667128350345,
07/22/1996,JPM US Select C Net Acc,0.716149584490676,
07/23/1996,JPM US Select C Net Acc,0.708065558636531,
07/24/1996,JPM US Select C Net Acc,0.701408125580177,
07/25/1996,JPM US Select C Net Acc,0.698554939984597,
07/26/1996,JPM US Select C Net Acc,0.700219298248685,
07/27/1996,JPM US Select C Net Acc,0.700219298248685,
07/28/1996,JPM US Select C Net Acc,0.700219298248685,
07/29/1996,JPM US Select C Net Acc,0.705212373040951,
07/30/1996,JPM US Select C Net Acc,0.701408125580177,
07/31/1996,JPM US Select C Net Acc,0.705212373040951,
08/01/1996,JPM US Select C Net Acc,0.710443213299515,
08/02/1996,JPM US Select C Net Acc,0.727324561406699,
08/03/1996,JPM US Select C Net Acc,0.727324561406699,
08/04/1996,JPM US Select C Net Acc,0.727324561406699,
08/05/1996,JPM US Select C Net Acc,0.737072945524932,
08/06/1996,JPM US Select C Net Acc,0.73588411819344,
08/07/1996,JPM US Select C Net Acc,0.740401662053109,
08/08/1996,JPM US Select C Net Acc,0.740401662053109,
08/09/1996,JPM US Select C Net Acc,0.73588411819344,
08/10/1996,JPM US Select C Net Acc,0.73588411819344,
08/11/1996,JPM US Select C Net Acc,0.73588411819344,
08/12/1996,JPM US Select C Net Acc,0.734219759929351,
08/13/1996,JPM US Select C Net Acc,0.739926131120512,
08/14/1996,JPM US Select C Net Acc,0.734695290861948,
08/15/1996,JPM US Select C Net Acc,0.73873730378902,
08/16/1996,JPM US Select C Net Acc,0.740401662053109,
08/17/1996,JPM US Select C Net Acc,0.740401662053109,
08/18/1996,JPM US Select C Net Acc,0.740401662053109,
08/19/1996,JPM US Select C Net Acc,0.744919205912778,
08/20/1996,JPM US Select C Net Acc,0.750150046171342,
08/21/1996,JPM US Select C Net Acc,0.750150046171342,
08/22/1996,JPM US Select C Net Acc,0.74896121883985,
08/23/1996,JPM US Select C Net Acc,0.753954293632116,
08/24/1996,JPM US Select C Net Acc,0.753954293632116,
08/25/1996,JPM US Select C Net Acc,0.753954293632116,
08/26/1996,JPM US Select C Net Acc,0.753954293632116,
08/27/1996,JPM US Select C Net Acc,0.741590489384601,
08/28/1996,JPM US Select C Net Acc,0.74610803324427,
08/29/1996,JPM US Select C Net Acc,0.743730378581286,
08/30/1996,JPM US Select C Net Acc,0.739212834721617,
08/31/1996,JPM US Select C Net Acc,0.739212834721617,
09/01/1996,JPM US Select C Net Acc,0.739212834721617,
09/02/1996,JPM US Select C Net Acc,0.732555401665263,
09/03/1996,JPM US Select C Net Acc,0.73303093259786,
09/04/1996,JPM US Select C Net Acc,0.730891043401174,
09/05/1996,JPM US Select C Net Acc,0.729702216069682,
09/06/1996,JPM US Select C Net Acc,0.722331486614433,
09/07/1996,JPM US Select C Net Acc,0.722331486614433,
09/08/1996,JPM US Select C Net Acc,0.722331486614433,
09/09/1996,JPM US Select C Net Acc,0.730177747002279,
09/10/1996,JPM US Select C Net Acc,0.739212834721617,
09/11/1996,JPM US Select C Net Acc,0.739212834721617,
09/12/1996,JPM US Select C Net Acc,0.742066020317197,
09/13/1996,JPM US Select C Net Acc,0.74610803324427,
09/14/1996,JPM US Select C Net Acc,0.74610803324427,
09/15/1996,JPM US Select C Net Acc,0.74610803324427,
09/16/1996,JPM US Select C Net Acc,0.753954293632116,
09/17/1996,JPM US Select C Net Acc,0.755143120963607,
09/18/1996,JPM US Select C Net Acc,0.754667590031011,
09/19/1996,JPM US Select C Net Acc,0.751101108036535,
09/20/1996,JPM US Select C Net Acc,0.754667590031011,
09/21/1996,JPM US Select C Net Acc,0.754667590031011,
09/22/1996,JPM US Select C Net Acc,0.754667590031011,
09/23/1996,JPM US Select C Net Acc,0.757996306559188,
09/24/1996,JPM US Select C Net Acc,0.756807479227696,
09/25/1996,JPM US Select C Net Acc,0.755143120963607,
09/26/1996,JPM US Select C Net Acc,0.756807479227696,
09/27/1996,JPM US Select C Net Acc,0.760136195755873,
09/28/1996,JPM US Select C Net Acc,0.760136195755873,
09/29/1996,JPM US Select C Net Acc,0.760136195755873,
09/30/1996,JPM US Select C Net Acc,0.75918513389068,
10/01/1996,JPM US Select C Net Acc,0.756807479227696,
10/02/1996,JPM US Select C Net Acc,0.758471837491785,
10/03/1996,JPM US Select C Net Acc,0.764178208682945,
10/04/1996,JPM US Select C Net Acc,0.762989381351454,
10/05/1996,JPM US Select C Net Acc,0.762989381351454,
10/06/1996,JPM US Select C Net Acc,0.762989381351454,
10/07/1996,JPM US Select C Net Acc,0.774877654666372,
10/08/1996,JPM US Select C Net Acc,0.775590951065267,
10/09/1996,JPM US Select C Net Acc,0.773213296402283,
10/10/1996,JPM US Select C Net Acc,0.767506925211122,
10/11/1996,JPM US Select C Net Acc,0.763702677750349,
10/12/1996,JPM US Select C Net Acc,0.763702677750349,
10/13/1996,JPM US Select C Net Acc,0.763702677750349,
10/14/1996,JPM US Select C Net Acc,0.766555863345929,
10/15/1996,JPM US Select C Net Acc,0.770360110806703,
10/16/1996,JPM US Select C Net Acc,0.770360110806703,
10/17/1996,JPM US Select C Net Acc,0.770360110806703,
10/18/1996,JPM US Select C Net Acc,0.775590951065267,
10/19/1996,JPM US Select C Net Acc,0.775590951065267,
10/20/1996,JPM US Select C Net Acc,0.775590951065267,
10/21/1996,JPM US Select C Net Acc,0.776066481997864,
10/22/1996,JPM US Select C Net Acc,0.774402123733775,
10/23/1996,JPM US Select C Net Acc,0.767506925211122,
10/24/1996,JPM US Select C Net Acc,0.765842566947034,
10/25/1996,JPM US Select C Net Acc,0.765842566947034,
10/26/1996,JPM US Select C Net Acc,0.765842566947034,
10/27/1996,JPM US Select C Net Acc,0.765842566947034,
10/28/1996,JPM US Select C Net Acc,0.755618651896204,
10/29/1996,JPM US Select C Net Acc,0.753478762699519,
10/30/1996,JPM US Select C Net Acc,0.756331948295099,
10/31/1996,JPM US Select C Net Acc,0.753478762699519,
11/01/1996,JPM US Select C Net Acc,0.752289935368027,
11/02/1996,JPM US Select C Net Acc,0.752289935368027,
11/03/1996,JPM US Select C Net Acc,0.752289935368027,
11/04/1996,JPM US Select C Net Acc,0.751101108036535,
11/05/1996,JPM US Select C Net Acc,0.744443674980181,
11/06/1996,JPM US Select C Net Acc,0.756331948295099,
11/07/1996,JPM US Select C Net Acc,0.765842566947034,
11/08/1996,JPM US Select C Net Acc,0.762989381351454,
11/09/1996,JPM US Select C Net Acc,0.762989381351454,
11/10/1996,JPM US Select C Net Acc,0.762989381351454,
11/11/1996,JPM US Select C Net Acc,0.768695752542614,
11/12/1996,JPM US Select C Net Acc,0.770360110806703,
11/13/1996,JPM US Select C Net Acc,0.774402123733775,
11/14/1996,JPM US Select C Net Acc,0.765367036014437,
11/15/1996,JPM US Select C Net Acc,0.768220221610018,
11/16/1996,JPM US Select C Net Acc,0.768220221610018,
11/17/1996,JPM US Select C Net Acc,0.768220221610018,
11/18/1996,JPM US Select C Net Acc,0.769884579874106,
11/19/1996,JPM US Select C Net Acc,0.765367036014437,
11/20/1996,JPM US Select C Net Acc,0.766555863345929,
11/21/1996,JPM US Select C Net Acc,0.768220221610018,
11/22/1996,JPM US Select C Net Acc,0.766555863345929,
11/23/1996,JPM US Select C Net Acc,0.766555863345929,
11/24/1996,JPM US Select C Net Acc,0.766555863345929,
11/25/1996,JPM US Select C Net Acc,0.773926592801178,
11/26/1996,JPM US Select C Net Acc,0.785814866116097,
11/27/1996,JPM US Select C Net Acc,0.782248384121621,
11/28/1996,JPM US Select C Net Acc,0.782248384121621,
11/29/1996,JPM US Select C Net Acc,0.780108494924936,
11/30/1996,JPM US Select C Net Acc,0.780108494924936,
12/01/1996,JPM US Select C Net Acc,0.780108494924936,
12/02/1996,JPM US Select C Net Acc,0.780584025857533,
12/03/1996,JPM US Select C Net Acc,0.783437211453113,
12/04/1996,JPM US Select C Net Acc,0.791996768239854,
12/05/1996,JPM US Select C Net Acc,0.790807940908362,
12/06/1996,JPM US Select C Net Acc,0.793661126503943,
12/07/1996,JPM US Select C Net Acc,0.793661126503943,
12/08/1996,JPM US Select C Net Acc,0.793661126503943,
12/09/1996,JPM US Select C Net Acc,0.783437211453113,
12/10/1996,JPM US Select C Net Acc,0.78961911357687,
12/11/1996,JPM US Select C Net Acc,0.78676592798129,
12/12/1996,JPM US Select C Net Acc,0.779395198526041,
12/13/1996,JPM US Select C Net Acc,0.765842566947034,
12/14/1996,JPM US Select C Net Acc,0.765842566947034,
12/15/1996,JPM US Select C Net Acc,0.765842566947034,
12/16/1996,JPM US Select C Net Acc,0.763702677750349,
12/17/1996,JPM US Select C Net Acc,0.753954293632116,
12/18/1996,JPM US Select C Net Acc,0.754667590031011,
12/19/1996,JPM US Select C Net Acc,0.757520775626591,
12/20/1996,JPM US Select C Net Acc,0.774877654666372,
12/21/1996,JPM US Select C Net Acc,0.774877654666372,
12/22/1996,JPM US Select C Net Acc,0.774877654666372,
12/23/1996,JPM US Select C Net Acc,0.780108494924936,
12/24/1996,JPM US Select C Net Acc,0.774402123733775,
12/25/1996,JPM US Select C Net Acc,0.774402123733775,
12/26/1996,JPM US Select C Net Acc,0.774402123733775,
12/27/1996,JPM US Select C Net Acc,0.781297322256428,
12/28/1996,JPM US Select C Net Acc,0.781297322256428,
12/29/1996,JPM US Select C Net Acc,0.781297322256428,
12/30/1996,JPM US Select C Net Acc,0.776066481997864,
12/31/1996,JPM US Select C Net Acc,0.774877654666372,
01/01/1997,JPM US Select C Net Acc,0.774877654666372,
01/02/1997,JPM US Select C Net Acc,0.75918513389068,
01/03/1997,JPM US Select C Net Acc,0.753954293632116,
01/04/1997,JPM US Select C Net Acc,0.753954293632116,
01/05/1997,JPM US Select C Net Acc,0.753954293632116,
01/06/1997,JPM US Select C Net Acc,0.769884579874106,
01/07/1997,JPM US Select C Net Acc,0.769884579874106,
01/08/1997,JPM US Select C Net Acc,0.771548938138195,
01/09/1997,JPM US Select C Net Acc,0.768220221610018,
01/10/1997,JPM US Select C Net Acc,0.774877654666372,
01/11/1997,JPM US Select C Net Acc,0.774877654666372,
01/12/1997,JPM US Select C Net Acc,0.774877654666372,
01/13/1997,JPM US Select C Net Acc,0.782248384121621,
01/14/1997,JPM US Select C Net Acc,0.787954755312782,
01/15/1997,JPM US Select C Net Acc,0.797703139431015,
01/16/1997,JPM US Select C Net Acc,0.795801015700628,
01/17/1997,JPM US Select C Net Acc,0.801031855959192,
01/18/1997,JPM US Select C Net Acc,0.801031855959192,
01/19/1997,JPM US Select C Net Acc,0.801031855959192,
01/20/1997,JPM US Select C Net Acc,0.811255771010022,
01/21/1997,JPM US Select C Net Acc,0.811255771010022,
01/22/1997,JPM US Select C Net Acc,0.817913204066376,
01/23/1997,JPM US Select C Net Acc,0.832179132044278,
01/24/1997,JPM US Select C Net Acc,0.825283933521625,
01/25/1997,JPM US Select C Net Acc,0.825283933521625,
01/26/1997,JPM US Select C Net Acc,0.825283933521625,
01/27/1997,JPM US Select C Net Acc,0.820766389661956,
01/28/1997,JPM US Select C Net Acc,0.819102031397868,
01/29/1997,JPM US Select C Net Acc,0.819102031397868,
01/30/1997,JPM US Select C Net Acc,0.82314404432494,
01/31/1997,JPM US Select C Net Acc,0.843354108960301,
02/01/1997,JPM US Select C Net Acc,0.843354108960301,
02/02/1997,JPM US Select C Net Acc,0.843354108960301,
02/03/1997,JPM US Select C Net Acc,0.84787165281997,
02/04/1997,JPM US Select C Net Acc,0.835507848572455,
02/05/1997,JPM US Select C Net Acc,0.838361034168035,
02/06/1997,JPM US Select C Net Acc,0.82314404432494,
02/07/1997,JPM US Select C Net Acc,0.829801477381294,
02/08/1997,JPM US Select C Net Acc,0.829801477381294,
02/09/1997,JPM US Select C Net Acc,0.829801477381294,
02/10/1997,JPM US Select C Net Acc,0.836696675903947,
02/11/1997,JPM US Select C Net Acc,0.833843490308366,
02/12/1997,JPM US Select C Net Acc,0.837885503235439,
02/13/1997,JPM US Select C Net Acc,0.851913665747042,
02/14/1997,JPM US Select C Net Acc,0.867843951989033,
02/15/1997,JPM US Select C Net Acc,0.867843951989033,
02/16/1997,JPM US Select C Net Acc,0.867843951989033,
02/17/1997,JPM US Select C Net Acc,0.866655124657541,
02/18/1997,JPM US Select C Net Acc,0.872837026781298,
02/19/1997,JPM US Select C Net Acc,0.87687903970837,
02/20/1997,JPM US Select C Net Acc,0.872837026781298,
02/21/1997,JPM US Select C Net Acc,0.860473222533783,
02/22/1997,JPM US Select C Net Acc,0.860473222533783,
02/23/1997,JPM US Select C Net Acc,0.860473222533783,
02/24/1997,JPM US Select C Net Acc,0.853102493078534,
02/25/1997,JPM US Select C Net Acc,0.860473222533783,
02/26/1997,JPM US Select C Net Acc,0.8580955678708,
02/27/1997,JPM US Select C Net Acc,0.857144506005606,
02/28/1997,JPM US Select C Net Acc,0.854291320410026,
03/01/1997,JPM US Select C Net Acc,0.854291320410026,
03/02/1997,JPM US Select C Net Acc,0.854291320410026,
03/03/1997,JPM US Select C Net Acc,0.848584949218865,
03/04/1997,JPM US Select C Net Acc,0.857620036938203,
03/05/1997,JPM US Select C Net Acc,0.855955678674114,
03/06/1997,JPM US Select C Net Acc,0.865466297326049,
03/07/1997,JPM US Select C Net Acc,0.868319482921629,
03/08/1997,JPM US Select C Net Acc,0.868319482921629,
03/09/1997,JPM US Select C Net Acc,0.868319482921629,
03/10/1997,JPM US Select C Net Acc,0.879018928905056,
03/11/1997,JPM US Select C Net Acc,0.884725300096216,
03/12/1997,JPM US Select C Net Acc,0.889242843955885,
03/13/1997,JPM US Select C Net Acc,0.87687903970837,
03/14/1997,JPM US Select C Net Acc,0.866655124657541,
03/15/1997,JPM US Select C Net Acc,0.866655124657541,
03/16/1997,JPM US Select C Net Acc,0.866655124657541,
03/17/1997,JPM US Select C Net Acc,0.875690212376879,
03/18/1997,JPM US Select C Net Acc,0.879732225303951,
03/19/1997,JPM US Select C Net Acc,0.871648199449806,
03/20/1997,JPM US Select C Net Acc,0.866179593724944,
03/21/1997,JPM US Select C Net Acc,0.866179593724944,
03/22/1997,JPM US Select C Net Acc,0.866179593724944,
03/23/1997,JPM US Select C Net Acc,0.866179593724944,
03/24/1997,JPM US Select C Net Acc,0.86094875346638,
03/25/1997,JPM US Select C Net Acc,0.861662049865275,
03/26/1997,JPM US Select C Net Acc,0.859759926134888,
03/27/1997,JPM US Select C Net Acc,0.853578024011131,
03/28/1997,JPM US Select C Net Acc,0.853578024011131,
03/29/1997,JPM US Select C Net Acc,0.853578024011131,
03/30/1997,JPM US Select C Net Acc,0.853578024011131,
03/31/1997,JPM US Select C Net Acc,0.853578024011131,
04/01/1997,JPM US Select C Net Acc,0.807213758082949,
04/02/1997,JPM US Select C Net Acc,0.806738227150353,
04/03/1997,JPM US Select C Net Acc,0.802220683290684,
04/04/1997,JPM US Select C Net Acc,0.7998430286277,
04/05/1997,JPM US Select C Net Acc,0.7998430286277,
04/06/1997,JPM US Select C Net Acc,0.7998430286277,
04/07/1997,JPM US Select C Net Acc,0.81292012927411,
04/08/1997,JPM US Select C Net Acc,0.824808402589028,
04/09/1997,JPM US Select C Net Acc,0.829325946448697,
04/10/1997,JPM US Select C Net Acc,0.825283933521625,
04/11/1997,JPM US Select C Net Acc,0.824808402589028,
04/12/1997,JPM US Select C Net Acc,0.824808402589028,
04/13/1997,JPM US Select C Net Acc,0.824808402589028,
04/14/1997,JPM US Select C Net Acc,0.803885041554772,
04/15/1997,JPM US Select C Net Acc,0.807213758082949,
04/16/1997,JPM US Select C Net Acc,0.817913204066376,
04/17/1997,JPM US Select C Net Acc,0.828612650049802,
04/18/1997,JPM US Select C Net Acc,0.821955216993448,
04/19/1997,JPM US Select C Net Acc,0.821955216993448,
04/20/1997,JPM US Select C Net Acc,0.821955216993448,
04/21/1997,JPM US Select C Net Acc,0.82599722992052,
04/22/1997,JPM US Select C Net Acc,0.815773314869691,
04/23/1997,JPM US Select C Net Acc,0.828612650049802,
04/24/1997,JPM US Select C Net Acc,0.83336795937577,
04/25/1997,JPM US Select C Net Acc,0.829325946448697,
04/26/1997,JPM US Select C Net Acc,0.829325946448697,
04/27/1997,JPM US Select C Net Acc,0.829325946448697,
04/28/1997,JPM US Select C Net Acc,0.824808402589028,
04/29/1997,JPM US Select C Net Acc,0.829801477381294,
04/30/1997,JPM US Select C Net Acc,0.848584949218865,
05/01/1997,JPM US Select C Net Acc,0.857620036938203,
05/02/1997,JPM US Select C Net Acc,0.864277469994557,
05/03/1997,JPM US Select C Net Acc,0.864277469994557,
05/04/1997,JPM US Select C Net Acc,0.864277469994557,
05/05/1997,JPM US Select C Net Acc,0.864277469994557,
05/06/1997,JPM US Select C Net Acc,0.889242843955885,
05/07/1997,JPM US Select C Net Acc,0.879018928905056,
05/08/1997,JPM US Select C Net Acc,0.873550323180193,
05/09/1997,JPM US Select C Net Acc,0.877354570640967,
05/10/1997,JPM US Select C Net Acc,0.877354570640967,
05/11/1997,JPM US Select C Net Acc,0.877354570640967,
05/12/1997,JPM US Select C Net Acc,0.887578485691797,
05/13/1997,JPM US Select C Net Acc,0.901844413669699,
05/14/1997,JPM US Select C Net Acc,0.887578485691797,
05/15/1997,JPM US Select C Net Acc,0.882585410899531,
05/16/1997,JPM US Select C Net Acc,0.890431671287377,
05/17/1997,JPM US Select C Net Acc,0.890431671287377,
05/18/1997,JPM US Select C Net Acc,0.890431671287377,
05/19/1997,JPM US Select C Net Acc,0.880207756236547,
05/20/1997,JPM US Select C Net Acc,0.878067867039862,
05/21/1997,JPM US Select C Net Acc,0.880921052635443,
05/22/1997,JPM US Select C Net Acc,0.884725300096216,
05/23/1997,JPM US Select C Net Acc,0.891620498618869,
05/24/1997,JPM US Select C Net Acc,0.891620498618869,
05/25/1997,JPM US Select C Net Acc,0.891620498618869,
05/26/1997,JPM US Select C Net Acc,0.891620498618869,
05/27/1997,JPM US Select C Net Acc,0.896138042478538,
05/28/1997,JPM US Select C Net Acc,0.900655586338207,
05/29/1997,JPM US Select C Net Acc,0.896613573411135,
05/30/1997,JPM US Select C Net Acc,0.893284856882958,
05/31/1997,JPM US Select C Net Acc,0.893284856882958,
06/01/1997,JPM US Select C Net Acc,0.893284856882958,
06/02/1997,JPM US Select C Net Acc,0.902795475534892,
06/03/1997,JPM US Select C Net Acc,0.901844413669699,
06/04/1997,JPM US Select C Net Acc,0.901844413669699,
06/05/1997,JPM US Select C Net Acc,0.899466759006715,
06/06/1997,JPM US Select C Net Acc,0.902319944602295,
06/07/1997,JPM US Select C Net Acc,0.902319944602295,
06/08/1997,JPM US Select C Net Acc,0.902319944602295,
06/09/1997,JPM US Select C Net Acc,0.911355032321633,
06/10/1997,JPM US Select C Net Acc,0.909690674057545,
06/11/1997,JPM US Select C Net Acc,0.910166204990141,
06/12/1997,JPM US Select C Net Acc,0.918725761776883,
06/13/1997,JPM US Select C Net Acc,0.934656048018873,
06/14/1997,JPM US Select C Net Acc,0.934656048018873,
06/15/1997,JPM US Select C Net Acc,0.934656048018873,
06/16/1997,JPM US Select C Net Acc,0.936795937215558,
06/17/1997,JPM US Select C Net Acc,0.936795937215558,
06/18/1997,JPM US Select C Net Acc,0.939649122811139,
06/19/1997,JPM US Select C Net Acc,0.93513157895147,
06/20/1997,JPM US Select C Net Acc,0.941313481075227,
06/21/1997,JPM US Select C Net Acc,0.941313481075227,
06/22/1997,JPM US Select C Net Acc,0.941313481075227,
06/23/1997,JPM US Select C Net Acc,0.93798476454705,
06/24/1997,JPM US Select C Net Acc,0.913019390585722,
06/25/1997,JPM US Select C Net Acc,0.929425207760309,
06/26/1997,JPM US Select C Net Acc,0.921578947372463,
06/27/1997,JPM US Select C Net Acc,0.918250230844286,
06/28/1997,JPM US Select C Net Acc,0.918250230844286,
06/29/1997,JPM US Select C Net Acc,0.918250230844286,
06/30/1997,JPM US Select C Net Acc,0.92490766390064,
07/01/1997,JPM US Select C Net Acc,0.919914589108375,
07/02/1997,JPM US Select C Net Acc,0.933467220687381,
07/03/1997,JPM US Select C Net Acc,0.937509233614453,
07/04/1997,JPM US Select C Net Acc,0.942977839339316,
07/05/1997,JPM US Select C Net Acc,0.942977839339316,
07/06/1997,JPM US Select C Net Acc,0.942977839339316,
07/07/1997,JPM US Select C Net Acc,0.940362419210034,
07/08/1997,JPM US Select C Net Acc,0.940837950142631,
07/09/1997,JPM US Select C Net Acc,0.9453554940023,
07/10/1997,JPM US Select C Net Acc,0.938460295479647,
07/11/1997,JPM US Select C Net Acc,0.942026777474122,
07/12/1997,JPM US Select C Net Acc,0.942026777474122,
07/13/1997,JPM US Select C Net Acc,0.942026777474122,
07/14/1997,JPM US Select C Net Acc,0.944166666670808,
07/15/1997,JPM US Select C Net Acc,0.946544321333791,
07/16/1997,JPM US Select C Net Acc,0.960096952912798,
07/17/1997,JPM US Select C Net Acc,0.969132040632136,
07/18/1997,JPM US Select C Net Acc,0.963425669440975,
07/19/1997,JPM US Select C Net Acc,0.963425669440975,
07/20/1997,JPM US Select C Net Acc,0.963425669440975,
07/21/1997,JPM US Select C Net Acc,0.944879963069703,
07/22/1997,JPM US Select C Net Acc,0.944879963069703,
07/23/1997,JPM US Select C Net Acc,0.963425669440975,
07/24/1997,JPM US Select C Net Acc,0.969132040632136,
07/25/1997,JPM US Select C Net Acc,0.979831486615563,
07/26/1997,JPM US Select C Net Acc,0.979831486615563,
07/27/1997,JPM US Select C Net Acc,0.979831486615563,
07/28/1997,JPM US Select C Net Acc,0.981495844879651,
07/29/1997,JPM US Select C Net Acc,0.99623730379015,
07/30/1997,JPM US Select C Net Acc,1.00241920591391,
07/31/1997,JPM US Select C Net Acc,1.0036080332454,
08/01/1997,JPM US Select C Net Acc,1.00646121884098,
08/02/1997,JPM US Select C Net Acc,1.00646121884098,
08/03/1997,JPM US Select C Net Acc,1.00646121884098,
08/04/1997,JPM US Select C Net Acc,1.0036080332454,
08/05/1997,JPM US Select C Net Acc,1.00646121884098,
08/06/1997,JPM US Select C Net Acc,1.02904893813932,
08/07/1997,JPM US Select C Net Acc,1.03760849492607,
08/08/1997,JPM US Select C Net Acc,1.03356648199899,
08/09/1997,JPM US Select C Net Acc,1.03356648199899,
08/10/1997,JPM US Select C Net Acc,1.03356648199899,
08/11/1997,JPM US Select C Net Acc,1.01620960295921,
08/12/1997,JPM US Select C Net Acc,1.02690904894264,
08/13/1997,JPM US Select C Net Acc,1.01620960295921,
08/14/1997,JPM US Select C Net Acc,1.01668513389181,
08/15/1997,JPM US Select C Net Acc,1.01502077562772,
08/16/1997,JPM US Select C Net Acc,1.01502077562772,
08/17/1997,JPM US Select C Net Acc,1.01502077562772,
08/18/1997,JPM US Select C Net Acc,0.982209141278546,
08/19/1997,JPM US Select C Net Acc,0.991719759930481,
08/20/1997,JPM US Select C Net Acc,1.00812557710507,
08/21/1997,JPM US Select C Net Acc,1.02001385041999,
08/22/1997,JPM US Select C Net Acc,1.01264312096474,
08/23/1997,JPM US Select C Net Acc,1.01264312096474,
08/24/1997,JPM US Select C Net Acc,1.01264312096474,
08/25/1997,JPM US Select C Net Acc,1.01264312096474,
08/26/1997,JPM US Select C Net Acc,0.99909048938573,
08/27/1997,JPM US Select C Net Acc,0.997901662054238,
08/28/1997,JPM US Select C Net Acc,0.997901662054238,
08/29/1997,JPM US Select C Net Acc,0.982209141278546,
08/30/1997,JPM US Select C Net Acc,0.982209141278546,
08/31/1997,JPM US Select C Net Acc,0.982209141278546,
09/01/1997,JPM US Select C Net Acc,0.985062326874127,
09/02/1997,JPM US Select C Net Acc,0.992433056329376,
09/03/1997,JPM US Select C Net Acc,1.02001385041999,
09/04/1997,JPM US Select C Net Acc,1.03071329640341,
09/05/1997,JPM US Select C Net Acc,1.03023776547082,
09/06/1997,JPM US Select C Net Acc,1.03023776547082,
09/07/1997,JPM US Select C Net Acc,1.03023776547082,
09/08/1997,JPM US Select C Net Acc,1.02690904894264,
09/09/1997,JPM US Select C Net Acc,1.03594413666198,
09/10/1997,JPM US Select C Net Acc,1.03356648199899,
09/11/1997,JPM US Select C Net Acc,1.02120267775148,
09/12/1997,JPM US Select C Net Acc,1.00479686057689,
09/13/1997,JPM US Select C Net Acc,1.00479686057689,
09/14/1997,JPM US Select C Net Acc,1.00479686057689,
09/15/1997,JPM US Select C Net Acc,1.01620960295921,
09/16/1997,JPM US Select C Net Acc,1.0178739612233,
09/17/1997,JPM US Select C Net Acc,1.04616805171281,
09/18/1997,JPM US Select C Net Acc,1.03713296399347,
09/19/1997,JPM US Select C Net Acc,1.03879732225756,
09/20/1997,JPM US Select C Net Acc,1.03879732225756,
09/21/1997,JPM US Select C Net Acc,1.03879732225756,
09/22/1997,JPM US Select C Net Acc,1.04212603878573,
09/23/1997,JPM US Select C Net Acc,1.04450369344872,
09/24/1997,JPM US Select C Net Acc,1.03427977839789,
09/25/1997,JPM US Select C Net Acc,1.02857340720673,
09/26/1997,JPM US Select C Net Acc,1.02239150508297,
09/27/1997,JPM US Select C Net Acc,1.02239150508297,
09/28/1997,JPM US Select C Net Acc,1.02239150508297,
09/29/1997,JPM US Select C Net Acc,1.02904893813932,
09/30/1997,JPM US Select C Net Acc,1.03427977839789,
10/01/1997,JPM US Select C Net Acc,1.02572022161115,
10/02/1997,JPM US Select C Net Acc,1.03475530933048,
10/03/1997,JPM US Select C Net Acc,1.04165050785314,
10/04/1997,JPM US Select C Net Acc,1.04165050785314,
10/05/1997,JPM US Select C Net Acc,1.04165050785314,
10/06/1997,JPM US Select C Net Acc,1.04379039704982,
10/07/1997,JPM US Select C Net Acc,1.05353878116806,
10/08/1997,JPM US Select C Net Acc,1.05853185596032,
10/09/1997,JPM US Select C Net Acc,1.04902123730839,
10/10/1997,JPM US Select C Net Acc,1.04616805171281,
10/11/1997,JPM US Select C Net Acc,1.04616805171281,
10/12/1997,JPM US Select C Net Acc,1.04616805171281,
10/13/1997,JPM US Select C Net Acc,1.04379039704982,
10/14/1997,JPM US Select C Net Acc,1.05116112650507,
10/15/1997,JPM US Select C Net Acc,1.05520313943214,
10/16/1997,JPM US Select C Net Acc,1.05282548476916,
10/17/1997,JPM US Select C Net Acc,1.04830794090949,
10/18/1997,JPM US Select C Net Acc,1.04830794090949,
10/19/1997,JPM US Select C Net Acc,1.04830794090949,
10/20/1997,JPM US Select C Net Acc,1.02286703601557,
10/21/1997,JPM US Select C Net Acc,1.03071329640341,
10/22/1997,JPM US Select C Net Acc,1.05282548476916,
10/23/1997,JPM US Select C Net Acc,1.05282548476916,
10/24/1997,JPM US Select C Net Acc,1.03023776547082,
10/25/1997,JPM US Select C Net Acc,1.03023776547082,
10/26/1997,JPM US Select C Net Acc,1.03023776547082,
10/27/1997,JPM US Select C Net Acc,1.02001385041999,
10/28/1997,JPM US Select C Net Acc,0.931802862423293,
10/29/1997,JPM US Select C Net Acc,0.977691597418877,
10/30/1997,JPM US Select C Net Acc,0.974838411823297,
10/31/1997,JPM US Select C Net Acc,0.965090027705064,
11/01/1997,JPM US Select C Net Acc,0.965090027705064,
11/02/1997,JPM US Select C Net Acc,0.965090027705064,
11/03/1997,JPM US Select C Net Acc,0.973174053559208,
11/04/1997,JPM US Select C Net Acc,0.9888665743349,
11/05/1997,JPM US Select C Net Acc,0.990055401666392,
11/06/1997,JPM US Select C Net Acc,0.998614958453133,
11/07/1997,JPM US Select C Net Acc,0.9888665743349,
11/08/1997,JPM US Select C Net Acc,0.9888665743349,
11/09/1997,JPM US Select C Net Acc,0.9888665743349,
11/10/1997,JPM US Select C Net Acc,0.979831486615563,
11/11/1997,JPM US Select C Net Acc,0.96413896583987,
11/12/1997,JPM US Select C Net Acc,0.967467682368047,
11/13/1997,JPM US Select C Net Acc,0.954866112654234,
11/14/1997,JPM US Select C Net Acc,0.965090027705064,
11/15/1997,JPM US Select C Net Acc,0.965090027705064,
11/16/1997,JPM US Select C Net Acc,0.965090027705064,
11/17/1997,JPM US Select C Net Acc,0.984349030475231,
11/18/1997,JPM US Select C Net Acc,0.999566020318327,
11/19/1997,JPM US Select C Net Acc,0.994097414593464,
11/20/1997,JPM US Select C Net Acc,0.999566020318327,
11/21/1997,JPM US Select C Net Acc,1.01620960295921,
11/22/1997,JPM US Select C Net Acc,1.01620960295921,
11/23/1997,JPM US Select C Net Acc,1.01620960295921,
11/24/1997,JPM US Select C Net Acc,1.01882502308849,
11/25/1997,JPM US Select C Net Acc,1.00883887350396,
11/26/1997,JPM US Select C Net Acc,1.02001385041999,
11/27/1997,JPM US Select C Net Acc,1.02453139427966,
11/28/1997,JPM US Select C Net Acc,1.02072714681888,
11/29/1997,JPM US Select C Net Acc,1.02072714681888,
11/30/1997,JPM US Select C Net Acc,1.02072714681888,
12/01/1997,JPM US Select C Net Acc,1.02120267775148,
12/02/1997,JPM US Select C Net Acc,1.03808402585866,
12/03/1997,JPM US Select C Net Acc,1.03998614958905,
12/04/1997,JPM US Select C Net Acc,1.04616805171281,
12/05/1997,JPM US Select C Net Acc,1.05401431210065,
12/06/1997,JPM US Select C Net Acc,1.05401431210065,
12/07/1997,JPM US Select C Net Acc,1.05401431210065,
12/08/1997,JPM US Select C Net Acc,1.06828024007855,
12/09/1997,JPM US Select C Net Acc,1.07279778393822,
12/10/1997,JPM US Select C Net Acc,1.06471375808408,
12/11/1997,JPM US Select C Net Acc,1.05401431210065,
12/12/1997,JPM US Select C Net Acc,1.03713296399347,
12/13/1997,JPM US Select C Net Acc,1.03713296399347,
12/14/1997,JPM US Select C Net Acc,1.03713296399347,
12/15/1997,JPM US Select C Net Acc,1.04997229917358,
12/16/1997,JPM US Select C Net Acc,1.06709141274706,
12/17/1997,JPM US Select C Net Acc,1.06542705448297,
12/18/1997,JPM US Select C Net Acc,1.06019621422441,
12/19/1997,JPM US Select C Net Acc,1.04545475531391,
12/20/1997,JPM US Select C Net Acc,1.04545475531391,
12/21/1997,JPM US Select C Net Acc,1.04545475531391,
12/22/1997,JPM US Select C Net Acc,1.03427977839789,
12/23/1997,JPM US Select C Net Acc,0.844542936291793,
12/24/1997,JPM US Select C Net Acc,1.02857340720673,
12/25/1997,JPM US Select C Net Acc,1.02857340720673,
12/26/1997,JPM US Select C Net Acc,1.02857340720673,
12/27/1997,JPM US Select C Net Acc,1.02857340720673,
12/28/1997,JPM US Select C Net Acc,1.02857340720673,
12/29/1997,JPM US Select C Net Acc,1.0178739612233,
12/30/1997,JPM US Select C Net Acc,1.03998614958905,
12/31/1997,JPM US Select C Net Acc,1.06376269621889,
01/01/1998,JPM US Select C Net Acc,1.06376269621889,
01/02/1998,JPM US Select C Net Acc,1.0756509695338,
01/03/1998,JPM US Select C Net Acc,1.0756509695338,
01/04/1998,JPM US Select C Net Acc,1.0756509695338,
01/05/1998,JPM US Select C Net Acc,1.07779085873049,
01/06/1998,JPM US Select C Net Acc,1.08801477378132,
01/07/1998,JPM US Select C Net Acc,1.08349722992165,
01/08/1998,JPM US Select C Net Acc,1.07897968606198,
01/09/1998,JPM US Select C Net Acc,1.07160895660673,
01/10/1998,JPM US Select C Net Acc,1.07160895660673,
01/11/1998,JPM US Select C Net Acc,1.07160895660673,
01/12/1998,JPM US Select C Net Acc,1.04545475531391,
01/13/1998,JPM US Select C Net Acc,1.03927285319015,
01/14/1998,JPM US Select C Net Acc,1.05805632502772,
01/15/1998,JPM US Select C Net Acc,1.05900738689292,
01/16/1998,JPM US Select C Net Acc,1.05520313943214,
01/17/1998,JPM US Select C Net Acc,1.05520313943214,
01/18/1998,JPM US Select C Net Acc,1.05520313943214,
01/19/1998,JPM US Select C Net Acc,1.0609095106233,
01/20/1998,JPM US Select C Net Acc,1.06376269621889,
01/21/1998,JPM US Select C Net Acc,1.07945521699458,
01/22/1998,JPM US Select C Net Acc,1.06637811634817,
01/23/1998,JPM US Select C Net Acc,1.05068559557248,
01/24/1998,JPM US Select C Net Acc,1.05068559557248,
01/25/1998,JPM US Select C Net Acc,1.05068559557248,
01/26/1998,JPM US Select C Net Acc,1.03023776547082,
01/27/1998,JPM US Select C Net Acc,1.04165050785314,
01/28/1998,JPM US Select C Net Acc,1.06756694367966,
01/29/1998,JPM US Select C Net Acc,1.07279778393822,
01/30/1998,JPM US Select C Net Acc,1.08682594644983,
01/31/1998,JPM US Select C Net Acc,1.08682594644983,
02/01/1998,JPM US Select C Net Acc,1.08682594644983,
02/02/1998,JPM US Select C Net Acc,1.08635041551723,
02/03/1998,JPM US Select C Net Acc,1.10275623269182,
02/04/1998,JPM US Select C Net Acc,1.10442059095591,
02/05/1998,JPM US Select C Net Acc,1.09823868883215,
02/06/1998,JPM US Select C Net Acc,1.09752539243325,
02/07/1998,JPM US Select C Net Acc,1.09752539243325,
02/08/1998,JPM US Select C Net Acc,1.09752539243325,
02/09/1998,JPM US Select C Net Acc,1.11797322253491,
02/10/1998,JPM US Select C Net Acc,1.12130193906309,
02/11/1998,JPM US Select C Net Acc,1.13675669437248,
02/12/1998,JPM US Select C Net Acc,1.12986149584983,
02/13/1998,JPM US Select C Net Acc,1.12938596491723,
02/14/1998,JPM US Select C Net Acc,1.12938596491723,
02/15/1998,JPM US Select C Net Acc,1.12938596491723,
02/16/1998,JPM US Select C Net Acc,1.12653277932165,
02/17/1998,JPM US Select C Net Acc,1.12581948292276,
02/18/1998,JPM US Select C Net Acc,1.13675669437248,
02/19/1998,JPM US Select C Net Acc,1.14293859649624,
02/20/1998,JPM US Select C Net Acc,1.13889658356917,
02/21/1998,JPM US Select C Net Acc,1.13889658356917,
02/22/1998,JPM US Select C Net Acc,1.13889658356917,
02/23/1998,JPM US Select C Net Acc,1.14912049862,
02/24/1998,JPM US Select C Net Acc,1.14341412742884,
02/25/1998,JPM US Select C Net Acc,1.1339035087769,
02/26/1998,JPM US Select C Net Acc,1.14912049862,
02/27/1998,JPM US Select C Net Acc,1.15411357341226,
02/28/1998,JPM US Select C Net Acc,1.15411357341226,
03/01/1998,JPM US Select C Net Acc,1.15411357341226,
03/02/1998,JPM US Select C Net Acc,1.15316251154707,
03/03/1998,JPM US Select C Net Acc,1.15601569714265,
03/04/1998,JPM US Select C Net Acc,1.15815558633934,
03/05/1998,JPM US Select C Net Acc,1.15649122807525,
03/06/1998,JPM US Select C Net Acc,1.15411357341226,
03/07/1998,JPM US Select C Net Acc,1.15411357341226,
03/08/1998,JPM US Select C Net Acc,1.15411357341226,
03/09/1998,JPM US Select C Net Acc,1.1778901200421,
03/10/1998,JPM US Select C Net Acc,1.17408587258133,
03/11/1998,JPM US Select C Net Acc,1.18145660203658,
03/12/1998,JPM US Select C Net Acc,1.17907894737359,
03/13/1998,JPM US Select C Net Acc,1.17408587258133,
03/14/1998,JPM US Select C Net Acc,1.17408587258133,
03/15/1998,JPM US Select C Net Acc,1.17408587258133,
03/16/1998,JPM US Select C Net Acc,1.16837950139017,
03/17/1998,JPM US Select C Net Acc,1.18074330563768,
03/18/1998,JPM US Select C Net Acc,1.17575023084542,
03/19/1998,JPM US Select C Net Acc,1.18359649123326,
03/20/1998,JPM US Select C Net Acc,1.18977839335702,
03/21/1998,JPM US Select C Net Acc,1.18977839335702,
03/22/1998,JPM US Select C Net Acc,1.18977839335702,
03/23/1998,JPM US Select C Net Acc,1.19096722068851,
03/24/1998,JPM US Select C Net Acc,1.1778901200421,
03/25/1998,JPM US Select C Net Acc,1.18977839335702,
03/26/1998,JPM US Select C Net Acc,1.18145660203658,
03/27/1998,JPM US Select C Net Acc,1.17170821791834,
03/28/1998,JPM US Select C Net Acc,1.17170821791834,
03/29/1998,JPM US Select C Net Acc,1.17170821791834,
03/30/1998,JPM US Select C Net Acc,1.17242151431724,
03/31/1998,JPM US Select C Net Acc,1.17408587258133,
04/01/1998,JPM US Select C Net Acc,1.18074330563768,
04/02/1998,JPM US Select C Net Acc,1.18716297322774,
04/03/1998,JPM US Select C Net Acc,1.20618421053161,
04/04/1998,JPM US Select C Net Acc,1.20618421053161,
04/05/1998,JPM US Select C Net Acc,1.20618421053161,
04/06/1998,JPM US Select C Net Acc,1.21355493998686,
04/07/1998,JPM US Select C Net Acc,1.21093951985757,
04/08/1998,JPM US Select C Net Acc,1.19382040628409,
04/09/1998,JPM US Select C Net Acc,1.19382040628409,
04/10/1998,JPM US Select C Net Acc,1.19382040628409,
04/11/1998,JPM US Select C Net Acc,1.19382040628409,
04/12/1998,JPM US Select C Net Acc,1.19382040628409,
04/13/1998,JPM US Select C Net Acc,1.19382040628409,
04/14/1998,JPM US Select C Net Acc,1.19619806094707,
04/15/1998,JPM US Select C Net Acc,1.19667359187967,
04/16/1998,JPM US Select C Net Acc,1.19548476454818,
04/17/1998,JPM US Select C Net Acc,1.178603416441,
04/18/1998,JPM US Select C Net Acc,1.178603416441,
04/19/1998,JPM US Select C Net Acc,1.178603416441,
04/20/1998,JPM US Select C Net Acc,1.2068975069305,
04/21/1998,JPM US Select C Net Acc,1.20451985226752,
04/22/1998,JPM US Select C Net Acc,1.20451985226752,
04/23/1998,JPM US Select C Net Acc,1.21307940905426,
04/24/1998,JPM US Select C Net Acc,1.20166666667194,
04/25/1998,JPM US Select C Net Acc,1.20166666667194,
04/26/1998,JPM US Select C Net Acc,1.20166666667194,
04/27/1998,JPM US Select C Net Acc,1.19548476454818,
04/28/1998,JPM US Select C Net Acc,1.16719067405867,
04/29/1998,JPM US Select C Net Acc,1.17337257618243,
04/30/1998,JPM US Select C Net Acc,1.178603416441,
05/01/1998,JPM US Select C Net Acc,1.19168051708741,
05/02/1998,JPM US Select C Net Acc,1.19168051708741,
05/03/1998,JPM US Select C Net Acc,1.19168051708741,
05/04/1998,JPM US Select C Net Acc,1.19168051708741,
05/05/1998,JPM US Select C Net Acc,1.20903739612719,
05/06/1998,JPM US Select C Net Acc,1.20523314866641,
05/07/1998,JPM US Select C Net Acc,1.19429593721669,
05/08/1998,JPM US Select C Net Acc,1.20000230840785,
05/09/1998,JPM US Select C Net Acc,1.20000230840785,
05/10/1998,JPM US Select C Net Acc,1.20000230840785,
05/11/1998,JPM US Select C Net Acc,1.21545706371724,
05/12/1998,JPM US Select C Net Acc,1.21189058172277,
05/13/1998,JPM US Select C Net Acc,1.21878578024542,
05/14/1998,JPM US Select C Net Acc,1.22544321330177,
05/15/1998,JPM US Select C Net Acc,1.21878578024542,
05/16/1998,JPM US Select C Net Acc,1.21878578024542,
05/17/1998,JPM US Select C Net Acc,1.21878578024542,
05/18/1998,JPM US Select C Net Acc,1.221638965841,
05/19/1998,JPM US Select C Net Acc,1.21260387812166,
05/20/1998,JPM US Select C Net Acc,1.21759695291393,
05/21/1998,JPM US Select C Net Acc,1.21997460757691,
05/22/1998,JPM US Select C Net Acc,1.21593259464984,
05/23/1998,JPM US Select C Net Acc,1.21593259464984,
05/24/1998,JPM US Select C Net Acc,1.21593259464984,
05/25/1998,JPM US Select C Net Acc,1.21593259464984,
05/26/1998,JPM US Select C Net Acc,1.21022622345868,
05/27/1998,JPM US Select C Net Acc,1.19096722068851,
05/28/1998,JPM US Select C Net Acc,1.18811403509293,
05/29/1998,JPM US Select C Net Acc,1.20119113573934,
05/30/1998,JPM US Select C Net Acc,1.20119113573934,
05/31/1998,JPM US Select C Net Acc,1.20119113573934,
06/01/1998,JPM US Select C Net Acc,1.19500923361558,
06/02/1998,JPM US Select C Net Acc,1.19548476454818,
06/03/1998,JPM US Select C Net Acc,1.19833795014376,
06/04/1998,JPM US Select C Net Acc,1.18430978763216,
06/05/1998,JPM US Select C Net Acc,1.19500923361558,
06/06/1998,JPM US Select C Net Acc,1.19500923361558,
06/07/1998,JPM US Select C Net Acc,1.19500923361558,
06/08/1998,JPM US Select C Net Acc,1.21712142198133,
06/09/1998,JPM US Select C Net Acc,1.21878578024542,
06/10/1998,JPM US Select C Net Acc,1.21640812558244,
06/11/1998,JPM US Select C Net Acc,1.21355493998686,
06/12/1998,JPM US Select C Net Acc,1.19786241921116,
06/13/1998,JPM US Select C Net Acc,1.19786241921116,
06/14/1998,JPM US Select C Net Acc,1.19786241921116,
06/15/1998,JPM US Select C Net Acc,1.19500923361558,
06/16/1998,JPM US Select C Net Acc,1.16552631579459,
06/17/1998,JPM US Select C Net Acc,1.15815558633934,
06/18/1998,JPM US Select C Net Acc,1.17408587258133,
06/19/1998,JPM US Select C Net Acc,1.1638619575305,
06/20/1998,JPM US Select C Net Acc,1.1638619575305,
06/21/1998,JPM US Select C Net Acc,1.1638619575305,
06/22/1998,JPM US Select C Net Acc,1.16148430286751,
06/23/1998,JPM US Select C Net Acc,1.15934441367083,
06/24/1998,JPM US Select C Net Acc,1.1774145891095,
06/25/1998,JPM US Select C Net Acc,1.18312096030066,
06/26/1998,JPM US Select C Net Acc,1.18074330563768,
06/27/1998,JPM US Select C Net Acc,1.18074330563768,
06/28/1998,JPM US Select C Net Acc,1.18074330563768,
06/29/1998,JPM US Select C Net Acc,1.18977839335702,
06/30/1998,JPM US Select C Net Acc,1.18811403509293,
07/01/1998,JPM US Select C Net Acc,1.19049168975591,
07/02/1998,JPM US Select C Net Acc,1.21022622345868,
07/03/1998,JPM US Select C Net Acc,1.20903739612719,
07/04/1998,JPM US Select C Net Acc,1.20903739612719,
07/05/1998,JPM US Select C Net Acc,1.20903739612719,
07/06/1998,JPM US Select C Net Acc,1.2221144967736,
07/07/1998,JPM US Select C Net Acc,1.23400277008851,
07/08/1998,JPM US Select C Net Acc,1.23114958449293,
07/09/1998,JPM US Select C Net Acc,1.24541551247084,
07/10/1998,JPM US Select C Net Acc,1.23804478301559,
07/11/1998,JPM US Select C Net Acc,1.23804478301559,
07/12/1998,JPM US Select C Net Acc,1.23804478301559,
07/13/1998,JPM US Select C Net Acc,1.2368559556841,
07/14/1998,JPM US Select C Net Acc,1.23114958449293,
07/15/1998,JPM US Select C Net Acc,1.25159741459459,
07/16/1998,JPM US Select C Net Acc,1.24660433980233,
07/17/1998,JPM US Select C Net Acc,1.25159741459459,
07/18/1998,JPM US Select C Net Acc,1.25159741459459,
07/19/1998,JPM US Select C Net Acc,1.25159741459459,
07/20/1998,JPM US Select C Net Acc,1.24874422899901,
07/21/1998,JPM US Select C Net Acc,1.24137349954376,
07/22/1998,JPM US Select C Net Acc,1.22829639889735,
07/23/1998,JPM US Select C Net Acc,1.22663204063327,
07/24/1998,JPM US Select C Net Acc,1.19215604802,
07/25/1998,JPM US Select C Net Acc,1.19215604802,
07/26/1998,JPM US Select C Net Acc,1.19215604802,
07/27/1998,JPM US Select C Net Acc,1.18597414589625,
07/28/1998,JPM US Select C Net Acc,1.18811403509293,
07/29/1998,JPM US Select C Net Acc,1.18074330563768,
07/30/1998,JPM US Select C Net Acc,1.1778901200421,
07/31/1998,JPM US Select C Net Acc,1.19714912281227,
08/01/1998,JPM US Select C Net Acc,1.19714912281227,
08/02/1998,JPM US Select C Net Acc,1.19714912281227,
08/03/1998,JPM US Select C Net Acc,1.18977839335702,
08/04/1998,JPM US Select C Net Acc,1.1774145891095,
08/05/1998,JPM US Select C Net Acc,1.13152585411392,
08/06/1998,JPM US Select C Net Acc,1.14293859649624,
08/07/1998,JPM US Select C Net Acc,1.14341412742884,
08/08/1998,JPM US Select C Net Acc,1.14341412742884,
08/09/1998,JPM US Select C Net Acc,1.14341412742884,
08/10/1998,JPM US Select C Net Acc,1.15411357341226,
08/11/1998,JPM US Select C Net Acc,1.14674284395701,
08/12/1998,JPM US Select C Net Acc,1.13556786704099,
08/13/1998,JPM US Select C Net Acc,1.15316251154707,
08/14/1998,JPM US Select C Net Acc,1.14745614035591,
08/15/1998,JPM US Select C Net Acc,1.14745614035591,
08/16/1998,JPM US Select C Net Acc,1.14745614035591,
08/17/1998,JPM US Select C Net Acc,1.14460295476033,
08/18/1998,JPM US Select C Net Acc,1.15934441367083,
08/19/1998,JPM US Select C Net Acc,1.17123268698575,
08/20/1998,JPM US Select C Net Acc,1.16053324100232,
08/21/1998,JPM US Select C Net Acc,1.14626731302442,
08/22/1998,JPM US Select C Net Acc,1.14626731302442,
08/23/1998,JPM US Select C Net Acc,1.14626731302442,
08/24/1998,JPM US Select C Net Acc,1.13271468144541,
08/25/1998,JPM US Select C Net Acc,1.14056094183326,
08/26/1998,JPM US Select C Net Acc,1.14579178209182,
08/27/1998,JPM US Select C Net Acc,1.12819713758574,
08/28/1998,JPM US Select C Net Acc,1.08753924284872,
08/29/1998,JPM US Select C Net Acc,1.08753924284872,
08/30/1998,JPM US Select C Net Acc,1.08753924284872,
08/31/1998,JPM US Select C Net Acc,1.08753924284872,
09/01/1998,JPM US Select C Net Acc,1.08753924284872,
09/02/1998,JPM US Select C Net Acc,1.0330909510664,
09/03/1998,JPM US Select C Net Acc,1.02120267775148,
09/04/1998,JPM US Select C Net Acc,1.02405586334706,
09/05/1998,JPM US Select C Net Acc,1.02405586334706,
09/06/1998,JPM US Select C Net Acc,1.02405586334706,
09/07/1998,JPM US Select C Net Acc,1.0183494921559,
09/08/1998,JPM US Select C Net Acc,1.02334256694816,
09/09/1998,JPM US Select C Net Acc,1.07279778393822,
09/10/1998,JPM US Select C Net Acc,1.04997229917358,
09/11/1998,JPM US Select C Net Acc,1.01882502308849,
09/12/1998,JPM US Select C Net Acc,1.01882502308849,
09/13/1998,JPM US Select C Net Acc,1.01882502308849,
09/14/1998,JPM US Select C Net Acc,1.05187442290397,
09/15/1998,JPM US Select C Net Acc,1.06756694367966,
09/16/1998,JPM US Select C Net Acc,1.07826638966309,
09/17/1998,JPM US Select C Net Acc,1.07826638966309,
09/18/1998,JPM US Select C Net Acc,1.05805632502772,
09/19/1998,JPM US Select C Net Acc,1.05805632502772,
09/20/1998,JPM US Select C Net Acc,1.05805632502772,
09/21/1998,JPM US Select C Net Acc,1.06257386888739,
09/22/1998,JPM US Select C Net Acc,1.07042012927524,
09/23/1998,JPM US Select C Net Acc,1.07779085873049,
09/24/1998,JPM US Select C Net Acc,1.11131578947856,
09/25/1998,JPM US Select C Net Acc,1.07374884580342,
09/26/1998,JPM US Select C Net Acc,1.07374884580342,
09/27/1998,JPM US Select C Net Acc,1.07374884580342,
09/28/1998,JPM US Select C Net Acc,1.07208448753933,
09/29/1998,JPM US Select C Net Acc,1.07374884580342,
09/30/1998,JPM US Select C Net Acc,1.08064404432607,
10/01/1998,JPM US Select C Net Acc,1.04331486611723,
10/02/1998,JPM US Select C Net Acc,1.01145429363325,
10/03/1998,JPM US Select C Net Acc,1.01145429363325,
10/04/1998,JPM US Select C Net Acc,1.01145429363325,
10/05/1998,JPM US Select C Net Acc,1.03879732225756,
10/06/1998,JPM US Select C Net Acc,1.03594413666198,
10/07/1998,JPM US Select C Net Acc,1.02572022161115,
10/08/1998,JPM US Select C Net Acc,0.999566020318327,
10/09/1998,JPM US Select C Net Acc,0.987677747003408,
10/10/1998,JPM US Select C Net Acc,0.987677747003408,
10/11/1998,JPM US Select C Net Acc,0.987677747003408,
10/12/1998,JPM US Select C Net Acc,1.02167820868407,
10/13/1998,JPM US Select C Net Acc,1.02619575254374,
10/14/1998,JPM US Select C Net Acc,1.02001385041999,
10/15/1998,JPM US Select C Net Acc,1.02738457987524,
10/16/1998,JPM US Select C Net Acc,1.06471375808408,
10/17/1998,JPM US Select C Net Acc,1.06471375808408,
10/18/1998,JPM US Select C Net Acc,1.06471375808408,
10/19/1998,JPM US Select C Net Acc,1.07493767313491,
10/20/1998,JPM US Select C Net Acc,1.08563711911833,
10/21/1998,JPM US Select C Net Acc,1.09657433056806,
10/22/1998,JPM US Select C Net Acc,1.10275623269182,
10/23/1998,JPM US Select C Net Acc,1.1056094182874,
10/24/1998,JPM US Select C Net Acc,1.1056094182874,
10/25/1998,JPM US Select C Net Acc,1.1056094182874,
10/26/1998,JPM US Select C Net Acc,1.10037857802883,
10/27/1998,JPM US Select C Net Acc,1.11464450600674,
10/28/1998,JPM US Select C Net Acc,1.1048961218885,
10/29/1998,JPM US Select C Net Acc,1.10204293629292,
10/30/1998,JPM US Select C Net Acc,1.12201523546198,
10/31/1998,JPM US Select C Net Acc,1.12201523546198,
11/01/1998,JPM US Select C Net Acc,1.12201523546198,
11/02/1998,JPM US Select C Net Acc,1.14579178209182,
11/03/1998,JPM US Select C Net Acc,1.17004385965425,
11/04/1998,JPM US Select C Net Acc,1.17123268698575,
11/05/1998,JPM US Select C Net Acc,1.17004385965425,
11/06/1998,JPM US Select C Net Acc,1.18430978763216,
11/07/1998,JPM US Select C Net Acc,1.18430978763216,
11/08/1998,JPM US Select C Net Acc,1.18430978763216,
11/09/1998,JPM US Select C Net Acc,1.18977839335702,
11/10/1998,JPM US Select C Net Acc,1.18026777470508,
11/11/1998,JPM US Select C Net Acc,1.17527469991282,
11/12/1998,JPM US Select C Net Acc,1.17337257618243,
11/13/1998,JPM US Select C Net Acc,1.16837950139017,
11/14/1998,JPM US Select C Net Acc,1.16837950139017,
11/15/1998,JPM US Select C Net Acc,1.16837950139017,
11/16/1998,JPM US Select C Net Acc,1.16790397045757,
11/17/1998,JPM US Select C Net Acc,1.17289704524984,
11/18/1998,JPM US Select C Net Acc,1.178603416441,
11/19/1998,JPM US Select C Net Acc,1.18597414589625,
11/20/1998,JPM US Select C Net Acc,1.19952677747525,
11/21/1998,JPM US Select C Net Acc,1.19952677747525,
11/22/1998,JPM US Select C Net Acc,1.19952677747525,
11/23/1998,JPM US Select C Net Acc,1.21807248384652,
11/24/1998,JPM US Select C Net Acc,1.23733148661669,
11/25/1998,JPM US Select C Net Acc,1.22544321330177,
11/26/1998,JPM US Select C Net Acc,1.23281394275702,
11/27/1998,JPM US Select C Net Acc,1.23281394275702,
11/28/1998,JPM US Select C Net Acc,1.23281394275702,
11/29/1998,JPM US Select C Net Acc,1.23281394275702,
11/30/1998,JPM US Select C Net Acc,1.24303785780785,
12/01/1998,JPM US Select C Net Acc,1.22045013850951,
12/02/1998,JPM US Select C Net Acc,1.21997460757691,
12/03/1998,JPM US Select C Net Acc,1.2073730378631,
12/04/1998,JPM US Select C Net Acc,1.19548476454818,
12/05/1998,JPM US Select C Net Acc,1.19548476454818,
12/06/1998,JPM US Select C Net Acc,1.19548476454818,
12/07/1998,JPM US Select C Net Acc,1.22449215143658,
12/08/1998,JPM US Select C Net Acc,1.23471606648741,
12/09/1998,JPM US Select C Net Acc,1.22282779317249,
12/10/1998,JPM US Select C Net Acc,1.22282779317249,
12/11/1998,JPM US Select C Net Acc,1.22282779317249,
12/12/1998,JPM US Select C Net Acc,1.22282779317249,
12/13/1998,JPM US Select C Net Acc,1.22282779317249,
12/14/1998,JPM US Select C Net Acc,1.18240766390177,
12/15/1998,JPM US Select C Net Acc,1.16053324100232,
12/16/1998,JPM US Select C Net Acc,1.18074330563768,
12/17/1998,JPM US Select C Net Acc,1.18193213296917,
12/18/1998,JPM US Select C Net Acc,1.19429593721669,
12/19/1998,JPM US Select C Net Acc,1.19429593721669,
12/20/1998,JPM US Select C Net Acc,1.19429593721669,
12/21/1998,JPM US Select C Net Acc,1.19429593721669,
12/22/1998,JPM US Select C Net Acc,1.2073730378631,
12/23/1998,JPM US Select C Net Acc,1.21545706371724,
12/24/1998,JPM US Select C Net Acc,1.21545706371724,
12/25/1998,JPM US Select C Net Acc,1.21545706371724,
12/26/1998,JPM US Select C Net Acc,1.21545706371724,
12/27/1998,JPM US Select C Net Acc,1.21545706371724,
12/28/1998,JPM US Select C Net Acc,1.21545706371724,
12/29/1998,JPM US Select C Net Acc,1.23281394275702,
12/30/1998,JPM US Select C Net Acc,1.25373730379128,
12/31/1998,JPM US Select C Net Acc,1.25659048938686,
01/01/1999,JPM US Select C Net Acc,1.25659048938686,
01/02/1999,JPM US Select C Net Acc,1.25659048938686,
01/03/1999,JPM US Select C Net Acc,1.25659048938686,
01/04/1999,JPM US Select C Net Acc,1.26396121884211,
01/05/1999,JPM US Select C Net Acc,1.26063250231393,
01/06/1999,JPM US Select C Net Acc,1.26396121884211,
01/07/1999,JPM US Select C Net Acc,1.29629732225869,
01/08/1999,JPM US Select C Net Acc,1.29867497692167,
01/09/1999,JPM US Select C Net Acc,1.29867497692167,
01/10/1999,JPM US Select C Net Acc,1.29867497692167,
01/11/1999,JPM US Select C Net Acc,1.3081855955736,
01/12/1999,JPM US Select C Net Acc,1.30414358264653,
01/13/1999,JPM US Select C Net Acc,1.264674515241,
01/14/1999,JPM US Select C Net Acc,1.25849261311725,
01/15/1999,JPM US Select C Net Acc,1.22782086796476,
01/16/1999,JPM US Select C Net Acc,1.22782086796476,
01/17/1999,JPM US Select C Net Acc,1.22782086796476,
01/18/1999,JPM US Select C Net Acc,1.26015697138134,
01/19/1999,JPM US Select C Net Acc,1.25445060019017,
01/20/1999,JPM US Select C Net Acc,1.26301015697692,
01/21/1999,JPM US Select C Net Acc,1.27299630656145,
01/22/1999,JPM US Select C Net Acc,1.24589104340343,
01/23/1999,JPM US Select C Net Acc,1.24589104340343,
01/24/1999,JPM US Select C Net Acc,1.24589104340343,
01/25/1999,JPM US Select C Net Acc,1.23281394275702,
01/26/1999,JPM US Select C Net Acc,1.24303785780785,
01/27/1999,JPM US Select C Net Acc,1.26015697138134,
01/28/1999,JPM US Select C Net Acc,1.25326177285868,
01/29/1999,JPM US Select C Net Acc,1.27418513389294,
01/30/1999,JPM US Select C Net Acc,1.27418513389294,
01/31/1999,JPM US Select C Net Acc,1.27418513389294,
02/01/1999,JPM US Select C Net Acc,1.29059095106753,
02/02/1999,JPM US Select C Net Acc,1.28108033241559,
02/03/1999,JPM US Select C Net Acc,1.27703831948852,
02/04/1999,JPM US Select C Net Acc,1.28773776547195,
02/05/1999,JPM US Select C Net Acc,1.2651500461736,
02/06/1999,JPM US Select C Net Acc,1.2651500461736,
02/07/1999,JPM US Select C Net Acc,1.2651500461736,
02/08/1999,JPM US Select C Net Acc,1.26301015697692,
02/09/1999,JPM US Select C Net Acc,1.26063250231393,
02/10/1999,JPM US Select C Net Acc,1.251121883662,
02/11/1999,JPM US Select C Net Acc,1.26633887350509,
02/12/1999,JPM US Select C Net Acc,1.29177977839902,
02/13/1999,JPM US Select C Net Acc,1.29177977839902,
02/14/1999,JPM US Select C Net Acc,1.29177977839902,
02/15/1999,JPM US Select C Net Acc,1.26847876270178,
02/16/1999,JPM US Select C Net Acc,1.26800323176918,
02/17/1999,JPM US Select C Net Acc,1.27370960296034,
02/18/1999,JPM US Select C Net Acc,1.25896814404984,
02/19/1999,JPM US Select C Net Acc,1.27418513389294,
02/20/1999,JPM US Select C Net Acc,1.27418513389294,
02/21/1999,JPM US Select C Net Acc,1.27418513389294,
02/22/1999,JPM US Select C Net Acc,1.28726223453935,
02/23/1999,JPM US Select C Net Acc,1.31793397969184,
02/24/1999,JPM US Select C Net Acc,1.32506694368079,
02/25/1999,JPM US Select C Net Acc,1.32506694368079,
02/26/1999,JPM US Select C Net Acc,1.30414358264653,
02/27/1999,JPM US Select C Net Acc,1.30414358264653,
02/28/1999,JPM US Select C Net Acc,1.30414358264653,
03/01/1999,JPM US Select C Net Acc,1.29225530933161,
03/02/1999,JPM US Select C Net Acc,1.29225530933161,
03/03/1999,JPM US Select C Net Acc,1.27751385042112,
03/04/1999,JPM US Select C Net Acc,1.2794159741515,
03/05/1999,JPM US Select C Net Acc,1.294157433062,
03/06/1999,JPM US Select C Net Acc,1.294157433062,
03/07/1999,JPM US Select C Net Acc,1.294157433062,
03/08/1999,JPM US Select C Net Acc,1.32411588181559,
03/09/1999,JPM US Select C Net Acc,1.33077331487195,
03/10/1999,JPM US Select C Net Acc,1.31436749769736,
03/11/1999,JPM US Select C Net Acc,1.31674515236035,
03/12/1999,JPM US Select C Net Acc,1.32173822715261,
03/13/1999,JPM US Select C Net Acc,1.32173822715261,
03/14/1999,JPM US Select C Net Acc,1.32173822715261,
03/15/1999,JPM US Select C Net Acc,1.32245152355151,
03/16/1999,JPM US Select C Net Acc,1.33600415513051,
03/17/1999,JPM US Select C Net Acc,1.33243767313604,
03/18/1999,JPM US Select C Net Acc,1.32126269622001,
03/19/1999,JPM US Select C Net Acc,1.33600415513051,
03/20/1999,JPM US Select C Net Acc,1.33600415513051,
03/21/1999,JPM US Select C Net Acc,1.33600415513051,
03/22/1999,JPM US Select C Net Acc,1.31793397969184,
03/23/1999,JPM US Select C Net Acc,1.31317867036587,
03/24/1999,JPM US Select C Net Acc,1.27418513389294,
03/25/1999,JPM US Select C Net Acc,1.28226915974708,
03/26/1999,JPM US Select C Net Acc,1.31056325023659,
03/27/1999,JPM US Select C Net Acc,1.31056325023659,
03/28/1999,JPM US Select C Net Acc,1.31056325023659,
03/29/1999,JPM US Select C Net Acc,1.30771006464101,
03/30/1999,JPM US Select C Net Acc,1.33315096953493,
03/31/1999,JPM US Select C Net Acc,1.3234025854167,
04/01/1999,JPM US Select C Net Acc,1.31151431210178,
04/02/1999,JPM US Select C Net Acc,1.31151431210178,
04/03/1999,JPM US Select C Net Acc,1.31151431210178,
04/04/1999,JPM US Select C Net Acc,1.31151431210178,
04/05/1999,JPM US Select C Net Acc,1.31151431210178,
04/06/1999,JPM US Select C Net Acc,1.35692751616477,
04/07/1999,JPM US Select C Net Acc,1.34337488458576,
04/08/1999,JPM US Select C Net Acc,1.34836795937803,
04/09/1999,JPM US Select C Net Acc,1.36524930748521,
04/10/1999,JPM US Select C Net Acc,1.36524930748521,
04/11/1999,JPM US Select C Net Acc,1.36524930748521,
04/12/1999,JPM US Select C Net Acc,1.36192059095704,
04/13/1999,JPM US Select C Net Acc,1.37547322253604,
04/14/1999,JPM US Select C Net Acc,1.36192059095704,
04/15/1999,JPM US Select C Net Acc,1.34503924284985,
04/16/1999,JPM US Select C Net Acc,1.34432594645096,
04/17/1999,JPM US Select C Net Acc,1.34432594645096,
04/18/1999,JPM US Select C Net Acc,1.34432594645096,
04/19/1999,JPM US Select C Net Acc,1.33529085873162,
04/20/1999,JPM US Select C Net Acc,1.32054939982112,
04/21/1999,JPM US Select C Net Acc,1.34099722992278,
04/22/1999,JPM US Select C Net Acc,1.36929132041228,
04/23/1999,JPM US Select C Net Acc,1.38522160665428,
04/24/1999,JPM US Select C Net Acc,1.38522160665428,
04/25/1999,JPM US Select C Net Acc,1.38522160665428,
04/26/1999,JPM US Select C Net Acc,1.38688596491836,
04/27/1999,JPM US Select C Net Acc,1.39259233610952,
04/28/1999,JPM US Select C Net Acc,1.39021468144654,
04/29/1999,JPM US Select C Net Acc,1.37999076639571,
04/30/1999,JPM US Select C Net Acc,1.37380886427195,
05/01/1999,JPM US Select C Net Acc,1.37380886427195,
05/02/1999,JPM US Select C Net Acc,1.37380886427195,
05/03/1999,JPM US Select C Net Acc,1.37380886427195,
05/04/1999,JPM US Select C Net Acc,1.38736149585096,
05/05/1999,JPM US Select C Net Acc,1.35003231764212,
05/06/1999,JPM US Select C Net Acc,1.3524099723051,
05/07/1999,JPM US Select C Net Acc,1.34432594645096,
05/08/1999,JPM US Select C Net Acc,1.34432594645096,
05/09/1999,JPM US Select C Net Acc,1.34432594645096,
05/10/1999,JPM US Select C Net Acc,1.36596260388411,
05/11/1999,JPM US Select C Net Acc,1.36025623269295,
05/12/1999,JPM US Select C Net Acc,1.37785087719903,
05/13/1999,JPM US Select C Net Acc,1.39021468144654,
05/14/1999,JPM US Select C Net Acc,1.39829870730069,
05/15/1999,JPM US Select C Net Acc,1.39829870730069,
05/16/1999,JPM US Select C Net Acc,1.39829870730069,
05/17/1999,JPM US Select C Net Acc,1.3676269621482,
05/18/1999,JPM US Select C Net Acc,1.36192059095704,
05/19/1999,JPM US Select C Net Acc,1.35978070176035,
05/20/1999,JPM US Select C Net Acc,1.37713758080013,
05/21/1999,JPM US Select C Net Acc,1.37785087719903,
05/22/1999,JPM US Select C Net Acc,1.37785087719903,
05/23/1999,JPM US Select C Net Acc,1.37785087719903,
05/24/1999,JPM US Select C Net Acc,1.37214450600786,
05/25/1999,JPM US Select C Net Acc,1.34789242844543,
05/26/1999,JPM US Select C Net Acc,1.32411588181559,
05/27/1999,JPM US Select C Net Acc,1.34717913204654,
05/28/1999,JPM US Select C Net Acc,1.31959833795593,
05/29/1999,JPM US Select C Net Acc,1.31959833795593,
05/30/1999,JPM US Select C Net Acc,1.31959833795593,
05/31/1999,JPM US Select C Net Acc,1.31959833795593,
06/01/1999,JPM US Select C Net Acc,1.34337488458576,
06/02/1999,JPM US Select C Net Acc,1.32696906741118,
06/03/1999,JPM US Select C Net Acc,1.33196214220344,
06/04/1999,JPM US Select C Net Acc,1.33600415513051,
06/05/1999,JPM US Select C Net Acc,1.33600415513051,
06/06/1999,JPM US Select C Net Acc,1.33600415513051,
06/07/1999,JPM US Select C Net Acc,1.36477377655262,
06/08/1999,JPM US Select C Net Acc,1.37380886427195,
06/09/1999,JPM US Select C Net Acc,1.36192059095704,
06/10/1999,JPM US Select C Net Acc,1.3671514312156,
06/11/1999,JPM US Select C Net Acc,1.34551477378245,
06/12/1999,JPM US Select C Net Acc,1.34551477378245,
06/13/1999,JPM US Select C Net Acc,1.34551477378245,
06/14/1999,JPM US Select C Net Acc,1.33362650046753,
06/15/1999,JPM US Select C Net Acc,1.33933287165869,
06/16/1999,JPM US Select C Net Acc,1.35526315790068,
06/17/1999,JPM US Select C Net Acc,1.38450831025538,
06/18/1999,JPM US Select C Net Acc,1.39259233610952,
06/19/1999,JPM US Select C Net Acc,1.39259233610952,
06/20/1999,JPM US Select C Net Acc,1.39259233610952,
06/21/1999,JPM US Select C Net Acc,1.39425669437361,
06/22/1999,JPM US Select C Net Acc,1.40281625116035,
06/23/1999,JPM US Select C Net Acc,1.39996306556477,
06/24/1999,JPM US Select C Net Acc,1.3963965835703,
06/25/1999,JPM US Select C Net Acc,1.37380886427195,
06/26/1999,JPM US Select C Net Acc,1.37380886427195,
06/27/1999,JPM US Select C Net Acc,1.37380886427195,
06/28/1999,JPM US Select C Net Acc,1.38070406279461,
06/29/1999,JPM US Select C Net Acc,1.39829870730069,
06/30/1999,JPM US Select C Net Acc,1.42373961219461,
07/01/1999,JPM US Select C Net Acc,1.43562788550953,
07/02/1999,JPM US Select C Net Acc,1.45821560480787,
07/03/1999,JPM US Select C Net Acc,1.45821560480787,
07/04/1999,JPM US Select C Net Acc,1.45821560480787,
07/05/1999,JPM US Select C Net Acc,1.46154432133605,
07/06/1999,JPM US Select C Net Acc,1.46962834719019,
07/07/1999,JPM US Select C Net Acc,1.47224376731948,
07/08/1999,JPM US Select C Net Acc,1.47176823638688,
07/09/1999,JPM US Select C Net Acc,1.47913896584213,
07/10/1999,JPM US Select C Net Acc,1.47913896584213,
07/11/1999,JPM US Select C Net Acc,1.47913896584213,
07/12/1999,JPM US Select C Net Acc,1.48769852262887,
07/13/1999,JPM US Select C Net Acc,1.47866343490953,
07/14/1999,JPM US Select C Net Acc,1.47129270545428,
07/15/1999,JPM US Select C Net Acc,1.46725069252721,
07/16/1999,JPM US Select C Net Acc,1.47961449677473,
07/17/1999,JPM US Select C Net Acc,1.47961449677473,
07/18/1999,JPM US Select C Net Acc,1.47961449677473,
07/19/1999,JPM US Select C Net Acc,1.49673361034821,
07/20/1999,JPM US Select C Net Acc,1.47509695291506,
07/21/1999,JPM US Select C Net Acc,1.44513850416146,
07/22/1999,JPM US Select C Net Acc,1.44180978763329,
07/23/1999,JPM US Select C Net Acc,1.41850877193605,
07/24/1999,JPM US Select C Net Acc,1.41850877193605,
07/25/1999,JPM US Select C Net Acc,1.41850877193605,
07/26/1999,JPM US Select C Net Acc,1.40828485688522,
07/27/1999,JPM US Select C Net Acc,1.39877423823328,
07/28/1999,JPM US Select C Net Acc,1.41850877193605,
07/29/1999,JPM US Select C Net Acc,1.40210295476146,
07/30/1999,JPM US Select C Net Acc,1.36477377655262,
07/31/1999,JPM US Select C Net Acc,1.36477377655262,
08/01/1999,JPM US Select C Net Acc,1.36477377655262,
08/02/1999,JPM US Select C Net Acc,1.35526315790068,
08/03/1999,JPM US Select C Net Acc,1.35454986150179,
08/04/1999,JPM US Select C Net Acc,1.34147276085538,
08/05/1999,JPM US Select C Net Acc,1.32863342567526,
08/06/1999,JPM US Select C Net Acc,1.33695521699571,
08/07/1999,JPM US Select C Net Acc,1.33695521699571,
08/08/1999,JPM US Select C Net Acc,1.33695521699571,
08/09/1999,JPM US Select C Net Acc,1.32863342567526,
08/10/1999,JPM US Select C Net Acc,1.31888504155703,
08/11/1999,JPM US Select C Net Acc,1.30129039705095,
08/12/1999,JPM US Select C Net Acc,1.32411588181559,
08/13/1999,JPM US Select C Net Acc,1.31722068329294,
08/14/1999,JPM US Select C Net Acc,1.31722068329294,
08/15/1999,JPM US Select C Net Acc,1.31722068329294,
08/16/1999,JPM US Select C Net Acc,1.34789242844543,
08/17/1999,JPM US Select C Net Acc,1.35906740536145,
08/18/1999,JPM US Select C Net Acc,1.3664381348167,
08/19/1999,JPM US Select C Net Acc,1.35407433056919,
08/20/1999,JPM US Select C Net Acc,1.33315096953493,
08/21/1999,JPM US Select C Net Acc,1.33315096953493,
08/22/1999,JPM US Select C Net Acc,1.33315096953493,
08/23/1999,JPM US Select C Net Acc,1.34884349031063,
08/24/1999,JPM US Select C Net Acc,1.38569713758687,
08/25/1999,JPM US Select C Net Acc,1.39710987996919,
08/26/1999,JPM US Select C Net Acc,1.41518005540787,
08/27/1999,JPM US Select C Net Acc,1.39996306556477,
08/28/1999,JPM US Select C Net Acc,1.39996306556477,
08/29/1999,JPM US Select C Net Acc,1.39996306556477,
08/30/1999,JPM US Select C Net Acc,1.39996306556477,
08/31/1999,JPM US Select C Net Acc,1.34717913204654,
09/01/1999,JPM US Select C Net Acc,1.34218605725427,
09/02/1999,JPM US Select C Net Acc,1.35526315790068,
09/03/1999,JPM US Select C Net Acc,1.33885734072609,
09/04/1999,JPM US Select C Net Acc,1.33885734072609,
09/05/1999,JPM US Select C Net Acc,1.33885734072609,
09/06/1999,JPM US Select C Net Acc,1.38284395199129,
09/07/1999,JPM US Select C Net Acc,1.38355724839019,
09/08/1999,JPM US Select C Net Acc,1.37713758080013,
09/09/1999,JPM US Select C Net Acc,1.35407433056919,
09/10/1999,JPM US Select C Net Acc,1.35169667590621,
09/11/1999,JPM US Select C Net Acc,1.35169667590621,
09/12/1999,JPM US Select C Net Acc,1.35169667590621,
09/13/1999,JPM US Select C Net Acc,1.3664381348167,
09/14/1999,JPM US Select C Net Acc,1.37095567867637,
09/15/1999,JPM US Select C Net Acc,1.36144506002444,
09/16/1999,JPM US Select C Net Acc,1.33647968606311,
09/17/1999,JPM US Select C Net Acc,1.32910895660786,
09/18/1999,JPM US Select C Net Acc,1.32910895660786,
09/19/1999,JPM US Select C Net Acc,1.32910895660786,
09/20/1999,JPM US Select C Net Acc,1.34266158818687,
09/21/1999,JPM US Select C Net Acc,1.33885734072609,
09/22/1999,JPM US Select C Net Acc,1.3093744229051,
09/23/1999,JPM US Select C Net Acc,1.31270313943327,
09/24/1999,JPM US Select C Net Acc,1.27656278855592,
09/25/1999,JPM US Select C Net Acc,1.27656278855592,
09/26/1999,JPM US Select C Net Acc,1.27656278855592,
09/27/1999,JPM US Select C Net Acc,1.27252077562885,
09/28/1999,JPM US Select C Net Acc,1.27584949215703,
09/29/1999,JPM US Select C Net Acc,1.27489843029183,
09/30/1999,JPM US Select C Net Acc,1.26633887350509,
10/01/1999,JPM US Select C Net Acc,1.27703831948852,
10/02/1999,JPM US Select C Net Acc,1.27703831948852,
10/03/1999,JPM US Select C Net Acc,1.27703831948852,
10/04/1999,JPM US Select C Net Acc,1.27038088643216,
10/05/1999,JPM US Select C Net Acc,1.29225530933161,
10/06/1999,JPM US Select C Net Acc,1.28607340720786,
10/07/1999,JPM US Select C Net Acc,1.3081855955736,
10/08/1999,JPM US Select C Net Acc,1.30485687904543,
10/09/1999,JPM US Select C Net Acc,1.30485687904543,
10/10/1999,JPM US Select C Net Acc,1.30485687904543,
10/11/1999,JPM US Select C Net Acc,1.31793397969184,
10/12/1999,JPM US Select C Net Acc,1.32245152355151,
10/13/1999,JPM US Select C Net Acc,1.29867497692167,
10/14/1999,JPM US Select C Net Acc,1.26847876270178,
10/15/1999,JPM US Select C Net Acc,1.25563942752167,
10/16/1999,JPM US Select C Net Acc,1.25563942752167,
10/17/1999,JPM US Select C Net Acc,1.25563942752167,
10/18/1999,JPM US Select C Net Acc,1.22282779317249,
10/19/1999,JPM US Select C Net Acc,1.22496768236918,
10/20/1999,JPM US Select C Net Acc,1.23471606648741,
10/21/1999,JPM US Select C Net Acc,1.25326177285868,
10/22/1999,JPM US Select C Net Acc,1.24018467221227,
10/23/1999,JPM US Select C Net Acc,1.24018467221227,
10/24/1999,JPM US Select C Net Acc,1.24018467221227,
10/25/1999,JPM US Select C Net Acc,1.26752770083658,
10/26/1999,JPM US Select C Net Acc,1.26110803324653,
10/27/1999,JPM US Select C Net Acc,1.25159741459459,
10/28/1999,JPM US Select C Net Acc,1.2794159741515,
10/29/1999,JPM US Select C Net Acc,1.3376685133946,
10/30/1999,JPM US Select C Net Acc,1.3376685133946,
10/31/1999,JPM US Select C Net Acc,1.3376685133946,
11/01/1999,JPM US Select C Net Acc,1.34147276085538,
11/02/1999,JPM US Select C Net Acc,1.33243767313604,
11/03/1999,JPM US Select C Net Acc,1.32578024007968,
11/04/1999,JPM US Select C Net Acc,1.34052169899018,
11/05/1999,JPM US Select C Net Acc,1.36025623269295,
11/06/1999,JPM US Select C Net Acc,1.36025623269295,
11/07/1999,JPM US Select C Net Acc,1.36025623269295,
11/08/1999,JPM US Select C Net Acc,1.37262003694046,
11/09/1999,JPM US Select C Net Acc,1.38070406279461,
11/10/1999,JPM US Select C Net Acc,1.3676269621482,
11/11/1999,JPM US Select C Net Acc,1.37666204986753,
11/12/1999,JPM US Select C Net Acc,1.3959210526377,
11/13/1999,JPM US Select C Net Acc,1.3959210526377,
11/14/1999,JPM US Select C Net Acc,1.3959210526377,
11/15/1999,JPM US Select C Net Acc,1.4106625115482,
11/16/1999,JPM US Select C Net Acc,1.40376731302555,
11/17/1999,JPM US Select C Net Acc,1.42373961219461,
11/18/1999,JPM US Select C Net Acc,1.41565558634047,
11/19/1999,JPM US Select C Net Acc,1.43562788550953,
11/20/1999,JPM US Select C Net Acc,1.43562788550953,
11/21/1999,JPM US Select C Net Acc,1.43562788550953,
11/22/1999,JPM US Select C Net Acc,1.43039704525096,
11/23/1999,JPM US Select C Net Acc,1.42421514312721,
11/24/1999,JPM US Select C Net Acc,1.41232686981229,
11/25/1999,JPM US Select C Net Acc,1.4258795013913,
11/26/1999,JPM US Select C Net Acc,1.43277469991395,
11/27/1999,JPM US Select C Net Acc,1.43277469991395,
11/28/1999,JPM US Select C Net Acc,1.43277469991395,
11/29/1999,JPM US Select C Net Acc,1.43895660203771,
11/30/1999,JPM US Select C Net Acc,1.43776777470621,
12/01/1999,JPM US Select C Net Acc,1.41922206833494,
12/02/1999,JPM US Select C Net Acc,1.4254039704587,
12/03/1999,JPM US Select C Net Acc,1.43895660203771,
12/04/1999,JPM US Select C Net Acc,1.43895660203771,
12/05/1999,JPM US Select C Net Acc,1.43895660203771,
12/06/1999,JPM US Select C Net Acc,1.46035549400456,
12/07/1999,JPM US Select C Net Acc,1.43325023084654,
12/08/1999,JPM US Select C Net Acc,1.42421514312721,
12/09/1999,JPM US Select C Net Acc,1.41969759926754,
12/10/1999,JPM US Select C Net Acc,1.41565558634047,
12/11/1999,JPM US Select C Net Acc,1.41565558634047,
12/12/1999,JPM US Select C Net Acc,1.41565558634047,
12/13/1999,JPM US Select C Net Acc,1.4254039704587,
12/14/1999,JPM US Select C Net Acc,1.42373961219461,
12/15/1999,JPM US Select C Net Acc,1.41922206833494,
12/16/1999,JPM US Select C Net Acc,1.41351569714378,
12/17/1999,JPM US Select C Net Acc,1.41969759926754,
12/18/1999,JPM US Select C Net Acc,1.41969759926754,
12/19/1999,JPM US Select C Net Acc,1.41969759926754,
12/20/1999,JPM US Select C Net Acc,1.4254039704587,
12/21/1999,JPM US Select C Net Acc,1.42373961219461,
12/22/1999,JPM US Select C Net Acc,1.43039704525096,
12/23/1999,JPM US Select C Net Acc,1.43206140351505,
12/24/1999,JPM US Select C Net Acc,1.43206140351505,
12/25/1999,JPM US Select C Net Acc,1.43206140351505,
12/26/1999,JPM US Select C Net Acc,1.43206140351505,
12/27/1999,JPM US Select C Net Acc,1.43206140351505,
12/28/1999,JPM US Select C Net Acc,1.43206140351505,
12/29/1999,JPM US Select C Net Acc,1.4536980609482,
12/30/1999,JPM US Select C Net Acc,1.46273314866754,
12/31/1999,JPM US Select C Net Acc,1.46273314866754,
01/01/2000,JPM US Select C Net Acc,1.46273314866754,
01/02/2000,JPM US Select C Net Acc,1.46273314866754,
01/03/2000,JPM US Select C Net Acc,1.46273314866754,
01/04/2000,JPM US Select C Net Acc,1.43206140351505,
01/05/2000,JPM US Select C Net Acc,1.37903970453052,
01/06/2000,JPM US Select C Net Acc,1.37499769160345,
01/07/2000,JPM US Select C Net Acc,1.3811795937272,
01/08/2000,JPM US Select C Net Acc,1.3811795937272,
01/09/2000,JPM US Select C Net Acc,1.3811795937272,
01/10/2000,JPM US Select C Net Acc,1.4246906740598,
01/11/2000,JPM US Select C Net Acc,1.44180978763329,
01/12/2000,JPM US Select C Net Acc,1.41969759926754,
01/13/2000,JPM US Select C Net Acc,1.41684441367196,
01/14/2000,JPM US Select C Net Acc,1.44299861496478,
01/15/2000,JPM US Select C Net Acc,1.44299861496478,
01/16/2000,JPM US Select C Net Acc,1.44299861496478,
01/17/2000,JPM US Select C Net Acc,1.47129270545428,
01/18/2000,JPM US Select C Net Acc,1.47176823638688,
01/19/2000,JPM US Select C Net Acc,1.4541735918808,
01/20/2000,JPM US Select C Net Acc,1.45250923361671,
01/21/2000,JPM US Select C Net Acc,1.43776777470621,
01/22/2000,JPM US Select C Net Acc,1.43776777470621,
01/23/2000,JPM US Select C Net Acc,1.43776777470621,
01/24/2000,JPM US Select C Net Acc,1.43895660203771,
01/25/2000,JPM US Select C Net Acc,1.40281625116035,
01/26/2000,JPM US Select C Net Acc,1.41684441367196,
01/27/2000,JPM US Select C Net Acc,1.41969759926754,
01/28/2000,JPM US Select C Net Acc,1.41969759926754,
01/29/2000,JPM US Select C Net Acc,1.41969759926754,
01/30/2000,JPM US Select C Net Acc,1.41969759926754,
01/31/2000,JPM US Select C Net Acc,1.38902585411505,
02/01/2000,JPM US Select C Net Acc,1.43610341644213,
02/02/2000,JPM US Select C Net Acc,1.45536241921229,
02/03/2000,JPM US Select C Net Acc,1.45869113574047,
02/04/2000,JPM US Select C Net Acc,1.48413204063439,
02/05/2000,JPM US Select C Net Acc,1.48413204063439,
02/06/2000,JPM US Select C Net Acc,1.48413204063439,
02/07/2000,JPM US Select C Net Acc,1.47961449677473,
02/08/2000,JPM US Select C Net Acc,1.47913896584213,
02/09/2000,JPM US Select C Net Acc,1.48603416436478,
02/10/2000,JPM US Select C Net Acc,1.46439750693163,
02/11/2000,JPM US Select C Net Acc,1.47866343490953,
02/12/2000,JPM US Select C Net Acc,1.47866343490953,
02/13/2000,JPM US Select C Net Acc,1.47866343490953,
02/14/2000,JPM US Select C Net Acc,1.45536241921229,
02/15/2000,JPM US Select C Net Acc,1.46035549400456,
02/16/2000,JPM US Select C Net Acc,1.45774007387528,
02/17/2000,JPM US Select C Net Acc,1.43206140351505,
02/18/2000,JPM US Select C Net Acc,1.43848107110511,
02/19/2000,JPM US Select C Net Acc,1.43848107110511,
02/20/2000,JPM US Select C Net Acc,1.43848107110511,
02/21/2000,JPM US Select C Net Acc,1.40662049862113,
02/22/2000,JPM US Select C Net Acc,1.39877423823328,
02/23/2000,JPM US Select C Net Acc,1.39996306556477,
02/24/2000,JPM US Select C Net Acc,1.42088642659903,
02/25/2000,JPM US Select C Net Acc,1.41470452447527,
02/26/2000,JPM US Select C Net Acc,1.41470452447527,
02/27/2000,JPM US Select C Net Acc,1.41470452447527,
02/28/2000,JPM US Select C Net Acc,1.39924976916588,
02/29/2000,JPM US Select C Net Acc,1.41185133887969,
03/01/2000,JPM US Select C Net Acc,1.43776777470621,
03/02/2000,JPM US Select C Net Acc,1.45084487535262,
03/03/2000,JPM US Select C Net Acc,1.46320867960014,
03/04/2000,JPM US Select C Net Acc,1.46320867960014,
03/05/2000,JPM US Select C Net Acc,1.46320867960014,
03/06/2000,JPM US Select C Net Acc,1.4979224376797,
03/07/2000,JPM US Select C Net Acc,1.48413204063439,
03/08/2000,JPM US Select C Net Acc,1.44799168975704,
03/09/2000,JPM US Select C Net Acc,1.46106879040345,
03/10/2000,JPM US Select C Net Acc,1.49506925208412,
03/11/2000,JPM US Select C Net Acc,1.49506925208412,
03/12/2000,JPM US Select C Net Acc,1.49506925208412,
03/13/2000,JPM US Select C Net Acc,1.48888734996036,
03/14/2000,JPM US Select C Net Acc,1.48199215143771,
03/15/2000,JPM US Select C Net Acc,1.45702677747638,
03/16/2000,JPM US Select C Net Acc,1.48936288089296,
03/17/2000,JPM US Select C Net Acc,1.56235687904656,
03/18/2000,JPM US Select C Net Acc,1.56235687904656,
03/19/2000,JPM US Select C Net Acc,1.56235687904656,
03/20/2000,JPM US Select C Net Acc,1.57876269622114,
03/21/2000,JPM US Select C Net Acc,1.56402123731065,
03/22/2000,JPM US Select C Net Acc,1.60990997230623,
03/23/2000,JPM US Select C Net Acc,1.60753231764325,
03/24/2000,JPM US Select C Net Acc,1.62512696214933,
03/25/2000,JPM US Select C Net Acc,1.62512696214933,
03/26/2000,JPM US Select C Net Acc,1.62512696214933,
03/27/2000,JPM US Select C Net Acc,1.61561634349739,
03/28/2000,JPM US Select C Net Acc,1.62512696214933,
03/29/2000,JPM US Select C Net Acc,1.60586795937916,
03/30/2000,JPM US Select C Net Acc,1.60087488458689,
03/31/2000,JPM US Select C Net Acc,1.57590951062556,
04/01/2000,JPM US Select C Net Acc,1.57590951062556,
04/02/2000,JPM US Select C Net Acc,1.57590951062556,
04/03/2000,JPM US Select C Net Acc,1.58898661127197,
04/04/2000,JPM US Select C Net Acc,1.58613342567639,
04/05/2000,JPM US Select C Net Acc,1.58613342567639,
04/06/2000,JPM US Select C Net Acc,1.57543397969297,
04/07/2000,JPM US Select C Net Acc,1.59802169899131,
04/08/2000,JPM US Select C Net Acc,1.59802169899131,
04/09/2000,JPM US Select C Net Acc,1.59802169899131,
04/10/2000,JPM US Select C Net Acc,1.61846952909297,
04/11/2000,JPM US Select C Net Acc,1.59754616805872,
04/12/2000,JPM US Select C Net Acc,1.59397968606424,
04/13/2000,JPM US Select C Net Acc,1.54927977840015,
04/14/2000,JPM US Select C Net Acc,1.52550323177031,
04/15/2000,JPM US Select C Net Acc,1.52550323177031,
04/16/2000,JPM US Select C Net Acc,1.52550323177031,
04/17/2000,JPM US Select C Net Acc,1.43206140351505,
04/18/2000,JPM US Select C Net Acc,1.49102723915705,
04/19/2000,JPM US Select C Net Acc,1.53739150508523,
04/20/2000,JPM US Select C Net Acc,1.5271675900344,
04/21/2000,JPM US Select C Net Acc,1.5271675900344,
04/22/2000,JPM US Select C Net Acc,1.5271675900344,
04/23/2000,JPM US Select C Net Acc,1.5271675900344,
04/24/2000,JPM US Select C Net Acc,1.5271675900344,
04/25/2000,JPM US Select C Net Acc,1.5419090489449,
04/26/2000,JPM US Select C Net Acc,1.59065096953606,
04/27/2000,JPM US Select C Net Acc,1.57709833795706,
04/28/2000,JPM US Select C Net Acc,1.58779778394048,
04/29/2000,JPM US Select C Net Acc,1.58779778394048,
04/30/2000,JPM US Select C Net Acc,1.58779778394048,
05/01/2000,JPM US Select C Net Acc,1.58779778394048,
05/02/2000,JPM US Select C Net Acc,1.5996860572554,
05/03/2000,JPM US Select C Net Acc,1.57543397969297,
05/04/2000,JPM US Select C Net Acc,1.55284626039462,
05/05/2000,JPM US Select C Net Acc,1.56116805171507,
05/06/2000,JPM US Select C Net Acc,1.56116805171507,
05/07/2000,JPM US Select C Net Acc,1.56116805171507,
05/08/2000,JPM US Select C Net Acc,1.59802169899131,
05/09/2000,JPM US Select C Net Acc,1.58042705448523,
05/10/2000,JPM US Select C Net Acc,1.57472068329407,
05/11/2000,JPM US Select C Net Acc,1.56853878117031,
05/12/2000,JPM US Select C Net Acc,1.58280470914822,
05/13/2000,JPM US Select C Net Acc,1.58280470914822,
05/14/2000,JPM US Select C Net Acc,1.58280470914822,
05/15/2000,JPM US Select C Net Acc,1.59635734072722,
05/16/2000,JPM US Select C Net Acc,1.64509926131839,
05/17/2000,JPM US Select C Net Acc,1.67672206833607,
05/18/2000,JPM US Select C Net Acc,1.66816251154933,
05/19/2000,JPM US Select C Net Acc,1.65056786704325,
05/20/2000,JPM US Select C Net Acc,1.65056786704325,
05/21/2000,JPM US Select C Net Acc,1.65056786704325,
05/22/2000,JPM US Select C Net Acc,1.60824561404214,
05/23/2000,JPM US Select C Net Acc,1.61038550323883,
05/24/2000,JPM US Select C Net Acc,1.58446906741231,
05/25/2000,JPM US Select C Net Acc,1.60539242844656,
05/26/2000,JPM US Select C Net Acc,1.59183979686755,
05/27/2000,JPM US Select C Net Acc,1.59183979686755,
05/28/2000,JPM US Select C Net Acc,1.59183979686755,
05/29/2000,JPM US Select C Net Acc,1.59183979686755,
05/30/2000,JPM US Select C Net Acc,1.56188134811396,
05/31/2000,JPM US Select C Net Acc,1.62179824562115,
06/01/2000,JPM US Select C Net Acc,1.61323868883441,
06/02/2000,JPM US Select C Net Acc,1.64842797784657,
06/03/2000,JPM US Select C Net Acc,1.64842797784657,
06/04/2000,JPM US Select C Net Acc,1.64842797784657,
06/05/2000,JPM US Select C Net Acc,1.66364496768966,
06/06/2000,JPM US Select C Net Acc,1.65413434903773,
06/07/2000,JPM US Select C Net Acc,1.63249769160457,
06/08/2000,JPM US Select C Net Acc,1.6579385964985,
06/09/2000,JPM US Select C Net Acc,1.66316943675706,
06/10/2000,JPM US Select C Net Acc,1.66316943675706,
06/11/2000,JPM US Select C Net Acc,1.66316943675706,
06/12/2000,JPM US Select C Net Acc,1.65627423823441,
06/13/2000,JPM US Select C Net Acc,1.63986842105982,
06/14/2000,JPM US Select C Net Acc,1.67672206833607,
06/15/2000,JPM US Select C Net Acc,1.68005078486425,
06/16/2000,JPM US Select C Net Acc,1.68290397045983,
06/17/2000,JPM US Select C Net Acc,1.68290397045983,
06/18/2000,JPM US Select C Net Acc,1.68290397045983,
06/19/2000,JPM US Select C Net Acc,1.66316943675706,
06/20/2000,JPM US Select C Net Acc,1.7009741458985,
06/21/2000,JPM US Select C Net Acc,1.68861034165099,
06/22/2000,JPM US Select C Net Acc,1.69526777470734,
06/23/2000,JPM US Select C Net Acc,1.67054016621231,
06/24/2000,JPM US Select C Net Acc,1.67054016621231,
06/25/2000,JPM US Select C Net Acc,1.67054016621231,
06/26/2000,JPM US Select C Net Acc,1.65912742382999,
06/27/2000,JPM US Select C Net Acc,1.68290397045983,
06/28/2000,JPM US Select C Net Acc,1.66316943675706,
06/29/2000,JPM US Select C Net Acc,1.65413434903773,
06/30/2000,JPM US Select C Net Acc,1.64605032318358,
07/01/2000,JPM US Select C Net Acc,1.64605032318358,
07/02/2000,JPM US Select C Net Acc,1.64605032318358,
07/03/2000,JPM US Select C Net Acc,1.66316943675706,
07/04/2000,JPM US Select C Net Acc,1.67505771007198,
07/05/2000,JPM US Select C Net Acc,1.67434441367309,
07/06/2000,JPM US Select C Net Acc,1.64605032318358,
07/07/2000,JPM US Select C Net Acc,1.65508541090292,
07/08/2000,JPM US Select C Net Acc,1.65508541090292,
07/09/2000,JPM US Select C Net Acc,1.65508541090292,
07/10/2000,JPM US Select C Net Acc,1.67624653740347,
07/11/2000,JPM US Select C Net Acc,1.67672206833607,
07/12/2000,JPM US Select C Net Acc,1.67672206833607,
07/13/2000,JPM US Select C Net Acc,1.7016874422974,
07/14/2000,JPM US Select C Net Acc,1.70454062789298,
07/15/2000,JPM US Select C Net Acc,1.70454062789298,
07/16/2000,JPM US Select C Net Acc,1.70454062789298,
07/17/2000,JPM US Select C Net Acc,1.72308633426425,
07/18/2000,JPM US Select C Net Acc,1.72712834719132,
07/19/2000,JPM US Select C Net Acc,1.70620498615707,
07/20/2000,JPM US Select C Net Acc,1.69716989843773,
07/21/2000,JPM US Select C Net Acc,1.68861034165099,
07/22/2000,JPM US Select C Net Acc,1.68861034165099,
07/23/2000,JPM US Select C Net Acc,1.68861034165099,
07/24/2000,JPM US Select C Net Acc,1.672680055409,
07/25/2000,JPM US Select C Net Acc,1.66245614035817,
07/26/2000,JPM US Select C Net Acc,1.66935133888082,
07/27/2000,JPM US Select C Net Acc,1.65009233611065,
07/28/2000,JPM US Select C Net Acc,1.65294552170623,
07/29/2000,JPM US Select C Net Acc,1.65294552170623,
07/30/2000,JPM US Select C Net Acc,1.65294552170623,
07/31/2000,JPM US Select C Net Acc,1.63202216067198,
08/01/2000,JPM US Select C Net Acc,1.64676361958248,
08/02/2000,JPM US Select C Net Acc,1.66435826408856,
08/03/2000,JPM US Select C Net Acc,1.66982686981342,
08/04/2000,JPM US Select C Net Acc,1.66649815328524,
08/05/2000,JPM US Select C Net Acc,1.66649815328524,
08/06/2000,JPM US Select C Net Acc,1.66649815328524,
08/07/2000,JPM US Select C Net Acc,1.67101569714491,
08/08/2000,JPM US Select C Net Acc,1.68623268698801,
08/09/2000,JPM US Select C Net Acc,1.69645660203884,
08/10/2000,JPM US Select C Net Acc,1.68528162512281,
08/11/2000,JPM US Select C Net Acc,1.66602262235264,
08/12/2000,JPM US Select C Net Acc,1.66602262235264,
08/13/2000,JPM US Select C Net Acc,1.66602262235264,
08/14/2000,JPM US Select C Net Acc,1.68171514312834,
08/15/2000,JPM US Select C Net Acc,1.70049861496591,
08/16/2000,JPM US Select C Net Acc,1.69716989843773,
08/17/2000,JPM US Select C Net Acc,1.69645660203884,
08/18/2000,JPM US Select C Net Acc,1.71856879040458,
08/19/2000,JPM US Select C Net Acc,1.71856879040458,
08/20/2000,JPM US Select C Net Acc,1.71856879040458,
08/21/2000,JPM US Select C Net Acc,1.72094644506757,
08/22/2000,JPM US Select C Net Acc,1.73663896584326,
08/23/2000,JPM US Select C Net Acc,1.73901662050624,
08/24/2000,JPM US Select C Net Acc,1.74852723915818,
08/25/2000,JPM US Select C Net Acc,1.75423361034934,
08/26/2000,JPM US Select C Net Acc,1.75423361034934,
08/27/2000,JPM US Select C Net Acc,1.75423361034934,
08/28/2000,JPM US Select C Net Acc,1.75423361034934,
08/29/2000,JPM US Select C Net Acc,1.78086334257475,
08/30/2000,JPM US Select C Net Acc,1.80131117267641,
08/31/2000,JPM US Select C Net Acc,1.77967451524326,
09/01/2000,JPM US Select C Net Acc,1.80178670360901,
09/02/2000,JPM US Select C Net Acc,1.80178670360901,
09/03/2000,JPM US Select C Net Acc,1.80178670360901,
09/04/2000,JPM US Select C Net Acc,1.79037396122669,
09/05/2000,JPM US Select C Net Acc,1.80749307480017,
09/06/2000,JPM US Select C Net Acc,1.79037396122669,
09/07/2000,JPM US Select C Net Acc,1.78538088643442,
09/08/2000,JPM US Select C Net Acc,1.81367497692393,
09/09/2000,JPM US Select C Net Acc,1.81367497692393,
09/10/2000,JPM US Select C Net Acc,1.81367497692393,
09/11/2000,JPM US Select C Net Acc,1.817716989851,
09/12/2000,JPM US Select C Net Acc,1.82271006464327,
09/13/2000,JPM US Select C Net Acc,1.80868190213166,
09/14/2000,JPM US Select C Net Acc,1.80701754386757,
09/15/2000,JPM US Select C Net Acc,1.8029755309405,
09/16/2000,JPM US Select C Net Acc,1.8029755309405,
09/17/2000,JPM US Select C Net Acc,1.8029755309405,
09/18/2000,JPM US Select C Net Acc,1.79560480148525,
09/19/2000,JPM US Select C Net Acc,1.76778624192834,
09/20/2000,JPM US Select C Net Acc,1.774681440451,
09/21/2000,JPM US Select C Net Acc,1.7599399815405,
09/22/2000,JPM US Select C Net Acc,1.70335180056149,
09/23/2000,JPM US Select C Net Acc,1.70335180056149,
09/24/2000,JPM US Select C Net Acc,1.70335180056149,
09/25/2000,JPM US Select C Net Acc,1.70216297323,
09/26/2000,JPM US Select C Net Acc,1.7009741458985,
09/27/2000,JPM US Select C Net Acc,1.67553324100458,
09/28/2000,JPM US Select C Net Acc,1.67672206833607,
09/29/2000,JPM US Select C Net Acc,1.71357571561232,
09/30/2000,JPM US Select C Net Acc,1.71357571561232,
10/01/2000,JPM US Select C Net Acc,1.71357571561232,
10/02/2000,JPM US Select C Net Acc,1.67719759926867,
10/03/2000,JPM US Select C Net Acc,1.68813481071839,
10/04/2000,JPM US Select C Net Acc,1.68290397045983,
10/05/2000,JPM US Select C Net Acc,1.69265235457806,
10/06/2000,JPM US Select C Net Acc,1.70668051708966,
10/07/2000,JPM US Select C Net Acc,1.70668051708966,
10/08/2000,JPM US Select C Net Acc,1.70668051708966,
10/09/2000,JPM US Select C Net Acc,1.67791089566756,
10/10/2000,JPM US Select C Net Acc,1.65912742382999,
10/11/2000,JPM US Select C Net Acc,1.63701523546424,
10/12/2000,JPM US Select C Net Acc,1.60824561404214,
10/13/2000,JPM US Select C Net Acc,1.5554616805239,
10/14/2000,JPM US Select C Net Acc,1.5554616805239,
10/15/2000,JPM US Select C Net Acc,1.5554616805239,
10/16/2000,JPM US Select C Net Acc,1.6439104339869,
10/17/2000,JPM US Select C Net Acc,1.65460987997032,
10/18/2000,JPM US Select C Net Acc,1.6144275161659,
10/19/2000,JPM US Select C Net Acc,1.61109879963772,
10/20/2000,JPM US Select C Net Acc,1.66483379502115,
10/21/2000,JPM US Select C Net Acc,1.66483379502115,
10/22/2000,JPM US Select C Net Acc,1.66483379502115,
10/23/2000,JPM US Select C Net Acc,1.65865189289739,
10/24/2000,JPM US Select C Net Acc,1.66150507849298,
10/25/2000,JPM US Select C Net Acc,1.68171514312834,
10/26/2000,JPM US Select C Net Acc,1.66031625116148,
10/27/2000,JPM US Select C Net Acc,1.64557479225098,
10/28/2000,JPM US Select C Net Acc,1.64557479225098,
10/29/2000,JPM US Select C Net Acc,1.64557479225098,
10/30/2000,JPM US Select C Net Acc,1.63083333334049,
10/31/2000,JPM US Select C Net Acc,1.66649815328524,
11/01/2000,JPM US Select C Net Acc,1.71191135734823,
11/02/2000,JPM US Select C Net Acc,1.68623268698801,
11/03/2000,JPM US Select C Net Acc,1.7009741458985,
11/04/2000,JPM US Select C Net Acc,1.7009741458985,
11/05/2000,JPM US Select C Net Acc,1.7009741458985,
11/06/2000,JPM US Select C Net Acc,1.70216297323,
11/07/2000,JPM US Select C Net Acc,1.72546398892724,
11/08/2000,JPM US Select C Net Acc,1.73331024931508,
11/09/2000,JPM US Select C Net Acc,1.71191135734823,
11/10/2000,JPM US Select C Net Acc,1.68908587258359,
11/11/2000,JPM US Select C Net Acc,1.68908587258359,
11/12/2000,JPM US Select C Net Acc,1.68908587258359,
11/13/2000,JPM US Select C Net Acc,1.65128116344215,
11/14/2000,JPM US Select C Net Acc,1.62964450600899,
11/15/2000,JPM US Select C Net Acc,1.67719759926867,
11/16/2000,JPM US Select C Net Acc,1.68076408126314,
11/17/2000,JPM US Select C Net Acc,1.66768698061673,
11/18/2000,JPM US Select C Net Acc,1.66768698061673,
11/19/2000,JPM US Select C Net Acc,1.66768698061673,
11/20/2000,JPM US Select C Net Acc,1.66079178209408,
11/21/2000,JPM US Select C Net Acc,1.63249769160457,
11/22/2000,JPM US Select C Net Acc,1.64842797784657,
11/23/2000,JPM US Select C Net Acc,1.63249769160457,
11/24/2000,JPM US Select C Net Acc,1.63202216067198,
11/25/2000,JPM US Select C Net Acc,1.63202216067198,
11/26/2000,JPM US Select C Net Acc,1.63202216067198,
11/27/2000,JPM US Select C Net Acc,1.65294552170623,
11/28/2000,JPM US Select C Net Acc,1.65294552170623,
11/29/2000,JPM US Select C Net Acc,1.63083333334049,
11/30/2000,JPM US Select C Net Acc,1.63368651893607,
12/01/2000,JPM US Select C Net Acc,1.58946214220457,
12/02/2000,JPM US Select C Net Acc,1.58946214220457,
12/03/2000,JPM US Select C Net Acc,1.58946214220457,
12/04/2000,JPM US Select C Net Acc,1.57472068329407,
12/05/2000,JPM US Select C Net Acc,1.58779778394048,
12/06/2000,JPM US Select C Net Acc,1.66768698061673,
12/07/2000,JPM US Select C Net Acc,1.62417590028413,
12/08/2000,JPM US Select C Net Acc,1.60872114497474,
12/09/2000,JPM US Select C Net Acc,1.60872114497474,
12/10/2000,JPM US Select C Net Acc,1.60872114497474,
12/11/2000,JPM US Select C Net Acc,1.62964450600899,
12/12/2000,JPM US Select C Net Acc,1.64676361958248,
12/13/2000,JPM US Select C Net Acc,1.63939289012723,
12/14/2000,JPM US Select C Net Acc,1.60943444137363,
12/15/2000,JPM US Select C Net Acc,1.57424515236148,
12/16/2000,JPM US Select C Net Acc,1.57424515236148,
12/17/2000,JPM US Select C Net Acc,1.57424515236148,
12/18/2000,JPM US Select C Net Acc,1.54927977840015,
12/19/2000,JPM US Select C Net Acc,1.56235687904656,
12/20/2000,JPM US Select C Net Acc,1.53406278855705,
12/21/2000,JPM US Select C Net Acc,1.47913896584213,
12/22/2000,JPM US Select C Net Acc,1.47581024931395,
12/23/2000,JPM US Select C Net Acc,1.47581024931395,
12/24/2000,JPM US Select C Net Acc,1.47581024931395,
12/25/2000,JPM US Select C Net Acc,1.47581024931395,
12/26/2000,JPM US Select C Net Acc,1.47581024931395,
12/27/2000,JPM US Select C Net Acc,1.51718144044987,
12/28/2000,JPM US Select C Net Acc,1.53239843029296,
12/29/2000,JPM US Select C Net Acc,1.53168513389407,
12/30/2000,JPM US Select C Net Acc,1.53168513389407,
12/31/2000,JPM US Select C Net Acc,1.53168513389407,
01/01/2001,JPM US Select C Net Acc,1.53168513389407,
01/02/2001,JPM US Select C Net Acc,1.51932132964655,
01/03/2001,JPM US Select C Net Acc,1.45655124654378,
01/04/2001,JPM US Select C Net Acc,1.55094413666424,
01/05/2001,JPM US Select C Net Acc,1.53572714682114,
01/06/2001,JPM US Select C Net Acc,1.53572714682114,
01/07/2001,JPM US Select C Net Acc,1.53572714682114,
01/08/2001,JPM US Select C Net Acc,1.49554478301672,
01/09/2001,JPM US Select C Net Acc,1.50243998153937,
01/10/2001,JPM US Select C Net Acc,1.50743305633163,
01/11/2001,JPM US Select C Net Acc,1.51765697138246,
01/12/2001,JPM US Select C Net Acc,1.54547553093937,
01/13/2001,JPM US Select C Net Acc,1.54547553093937,
01/14/2001,JPM US Select C Net Acc,1.54547553093937,
01/15/2001,JPM US Select C Net Acc,1.54809095106866,
01/16/2001,JPM US Select C Net Acc,1.55379732225982,
01/17/2001,JPM US Select C Net Acc,1.56806325023772,
01/18/2001,JPM US Select C Net Acc,1.57472068329407,
01/19/2001,JPM US Select C Net Acc,1.59802169899131,
01/20/2001,JPM US Select C Net Acc,1.59802169899131,
01/21/2001,JPM US Select C Net Acc,1.59802169899131,
01/22/2001,JPM US Select C Net Acc,1.60705678671065,
01/23/2001,JPM US Select C Net Acc,1.59112650046866,
01/24/2001,JPM US Select C Net Acc,1.6144275161659,
01/25/2001,JPM US Select C Net Acc,1.63701523546424,
01/26/2001,JPM US Select C Net Acc,1.61728070176148,
01/27/2001,JPM US Select C Net Acc,1.61728070176148,
01/28/2001,JPM US Select C Net Acc,1.61728070176148,
01/29/2001,JPM US Select C Net Acc,1.62179824562115,
01/30/2001,JPM US Select C Net Acc,1.63416204986866,
01/31/2001,JPM US Select C Net Acc,1.63986842105982,
02/01/2001,JPM US Select C Net Acc,1.61846952909297,
02/02/2001,JPM US Select C Net Acc,1.62631578948082,
02/03/2001,JPM US Select C Net Acc,1.62631578948082,
02/04/2001,JPM US Select C Net Acc,1.62631578948082,
02/05/2001,JPM US Select C Net Acc,1.5996860572554,
02/06/2001,JPM US Select C Net Acc,1.60943444137363,
02/07/2001,JPM US Select C Net Acc,1.61276315790181,
02/08/2001,JPM US Select C Net Acc,1.61109879963772,
02/09/2001,JPM US Select C Net Acc,1.60705678671065,
02/10/2001,JPM US Select C Net Acc,1.60705678671065,
02/11/2001,JPM US Select C Net Acc,1.60705678671065,
02/12/2001,JPM US Select C Net Acc,1.57543397969297,
02/13/2001,JPM US Select C Net Acc,1.59017543860347,
02/14/2001,JPM US Select C Net Acc,1.57590951062556,
02/15/2001,JPM US Select C Net Acc,1.58732225300789,
02/16/2001,JPM US Select C Net Acc,1.59065096953606,
02/17/2001,JPM US Select C Net Acc,1.59065096953606,
02/18/2001,JPM US Select C Net Acc,1.59065096953606,
02/19/2001,JPM US Select C Net Acc,1.56069252078247,
02/20/2001,JPM US Select C Net Acc,1.57923822715374,
02/21/2001,JPM US Select C Net Acc,1.54595106187197,
02/22/2001,JPM US Select C Net Acc,1.51932132964655,
02/23/2001,JPM US Select C Net Acc,1.51527931671948,
02/24/2001,JPM US Select C Net Acc,1.51527931671948,
02/25/2001,JPM US Select C Net Acc,1.51527931671948,
02/26/2001,JPM US Select C Net Acc,1.50006232687639,
02/27/2001,JPM US Select C Net Acc,1.53287396122556,
02/28/2001,JPM US Select C Net Acc,1.51432825485429,
03/01/2001,JPM US Select C Net Acc,1.49102723915705,
03/02/2001,JPM US Select C Net Acc,1.47057940905539,
03/03/2001,JPM US Select C Net Acc,1.47057940905539,
03/04/2001,JPM US Select C Net Acc,1.47057940905539,
03/05/2001,JPM US Select C Net Acc,1.46273314866754,
03/06/2001,JPM US Select C Net Acc,1.47129270545428,
03/07/2001,JPM US Select C Net Acc,1.48698522622998,
03/08/2001,JPM US Select C Net Acc,1.49055170822445,
03/09/2001,JPM US Select C Net Acc,1.49221606648854,
03/10/2001,JPM US Select C Net Acc,1.49221606648854,
03/11/2001,JPM US Select C Net Acc,1.49221606648854,
03/12/2001,JPM US Select C Net Acc,1.4536980609482,
03/13/2001,JPM US Select C Net Acc,1.40210295476146,
03/14/2001,JPM US Select C Net Acc,1.42136195753163,
03/15/2001,JPM US Select C Net Acc,1.39710987996919,
03/16/2001,JPM US Select C Net Acc,1.41969759926754,
03/17/2001,JPM US Select C Net Acc,1.41969759926754,
03/18/2001,JPM US Select C Net Acc,1.41969759926754,
03/19/2001,JPM US Select C Net Acc,1.39187903971063,
03/20/2001,JPM US Select C Net Acc,1.41232686981229,
03/21/2001,JPM US Select C Net Acc,1.38236842105869,
03/22/2001,JPM US Select C Net Acc,1.36358494922112,
03/23/2001,JPM US Select C Net Acc,1.3528855032377,
03/24/2001,JPM US Select C Net Acc,1.3528855032377,
03/25/2001,JPM US Select C Net Acc,1.3528855032377,
03/26/2001,JPM US Select C Net Acc,1.37333333333936,
03/27/2001,JPM US Select C Net Acc,1.38450831025538,
03/28/2001,JPM US Select C Net Acc,1.42944598338577,
03/29/2001,JPM US Select C Net Acc,1.38355724839019,
03/30/2001,JPM US Select C Net Acc,1.38855032318245,
03/31/2001,JPM US Select C Net Acc,1.38855032318245,
04/01/2001,JPM US Select C Net Acc,1.38855032318245,
04/02/2001,JPM US Select C Net Acc,1.40495614035704,
04/03/2001,JPM US Select C Net Acc,1.39021468144654,
04/04/2001,JPM US Select C Net Acc,1.32958448754046,
04/05/2001,JPM US Select C Net Acc,1.32245152355151,
04/06/2001,JPM US Select C Net Acc,1.38736149585096,
04/07/2001,JPM US Select C Net Acc,1.38736149585096,
04/08/2001,JPM US Select C Net Acc,1.38736149585096,
04/09/2001,JPM US Select C Net Acc,1.34836795937803,
04/10/2001,JPM US Select C Net Acc,1.36025623269295,
04/11/2001,JPM US Select C Net Acc,1.40376731302555,
04/12/2001,JPM US Select C Net Acc,1.39924976916588,
04/13/2001,JPM US Select C Net Acc,1.39924976916588,
04/14/2001,JPM US Select C Net Acc,1.39924976916588,
04/15/2001,JPM US Select C Net Acc,1.39924976916588,
04/16/2001,JPM US Select C Net Acc,1.39924976916588,
04/17/2001,JPM US Select C Net Acc,1.41969759926754,
04/18/2001,JPM US Select C Net Acc,1.44347414589737,
04/19/2001,JPM US Select C Net Acc,1.49602031394931,
04/20/2001,JPM US Select C Net Acc,1.50624422900014,
04/21/2001,JPM US Select C Net Acc,1.50624422900014,
04/22/2001,JPM US Select C Net Acc,1.50624422900014,
04/23/2001,JPM US Select C Net Acc,1.4979224376797,
04/24/2001,JPM US Select C Net Acc,1.47795013851064,
04/25/2001,JPM US Select C Net Acc,1.46225761773495,
04/26/2001,JPM US Select C Net Acc,1.48151662050511,
04/27/2001,JPM US Select C Net Acc,1.48603416436478,
04/28/2001,JPM US Select C Net Acc,1.48603416436478,
04/29/2001,JPM US Select C Net Acc,1.48603416436478,
04/30/2001,JPM US Select C Net Acc,1.51718144044987,
05/01/2001,JPM US Select C Net Acc,1.51646814405097,
05/02/2001,JPM US Select C Net Acc,1.53453831948965,
05/03/2001,JPM US Select C Net Acc,1.53572714682114,
05/04/2001,JPM US Select C Net Acc,1.51076177285981,
05/05/2001,JPM US Select C Net Acc,1.51076177285981,
05/06/2001,JPM US Select C Net Acc,1.51076177285981,
05/07/2001,JPM US Select C Net Acc,1.51076177285981,
05/08/2001,JPM US Select C Net Acc,1.52835641736589,
05/09/2001,JPM US Select C Net Acc,1.53239843029296,
05/10/2001,JPM US Select C Net Acc,1.52550323177031,
05/11/2001,JPM US Select C Net Acc,1.53453831948965,
05/12/2001,JPM US Select C Net Acc,1.53453831948965,
05/13/2001,JPM US Select C Net Acc,1.53453831948965,
05/14/2001,JPM US Select C Net Acc,1.51932132964655,
05/15/2001,JPM US Select C Net Acc,1.52621652816921,
05/16/2001,JPM US Select C Net Acc,1.51932132964655,
05/17/2001,JPM US Select C Net Acc,1.5566505078554,
05/18/2001,JPM US Select C Net Acc,1.56473453370954,
05/19/2001,JPM US Select C Net Acc,1.56473453370954,
05/20/2001,JPM US Select C Net Acc,1.56473453370954,
05/21/2001,JPM US Select C Net Acc,1.56188134811396,
05/22/2001,JPM US Select C Net Acc,1.59065096953606,
05/23/2001,JPM US Select C Net Acc,1.60206371191838,
05/24/2001,JPM US Select C Net Acc,1.58660895660899,
05/25/2001,JPM US Select C Net Acc,1.58779778394048,
05/26/2001,JPM US Select C Net Acc,1.58779778394048,
05/27/2001,JPM US Select C Net Acc,1.58779778394048,
05/28/2001,JPM US Select C Net Acc,1.58779778394048,
05/29/2001,JPM US Select C Net Acc,1.56972760850181,
05/30/2001,JPM US Select C Net Acc,1.55451061865871,
05/31/2001,JPM US Select C Net Acc,1.53239843029296,
06/01/2001,JPM US Select C Net Acc,1.5414335180123,
06/02/2001,JPM US Select C Net Acc,1.5414335180123,
06/03/2001,JPM US Select C Net Acc,1.5414335180123,
06/04/2001,JPM US Select C Net Acc,1.54713988920346,
06/05/2001,JPM US Select C Net Acc,1.56568559557473,
06/06/2001,JPM US Select C Net Acc,1.59065096953606,
06/07/2001,JPM US Select C Net Acc,1.59802169899131,
06/08/2001,JPM US Select C Net Acc,1.60658125577805,
06/09/2001,JPM US Select C Net Acc,1.60658125577805,
06/10/2001,JPM US Select C Net Acc,1.60658125577805,
06/11/2001,JPM US Select C Net Acc,1.58613342567639,
06/12/2001,JPM US Select C Net Acc,1.58613342567639,
06/13/2001,JPM US Select C Net Acc,1.58042705448523,
06/14/2001,JPM US Select C Net Acc,1.54357340720899,
06/15/2001,JPM US Select C Net Acc,1.49602031394931,
06/16/2001,JPM US Select C Net Acc,1.49602031394931,
06/17/2001,JPM US Select C Net Acc,1.49602031394931,
06/18/2001,JPM US Select C Net Acc,1.49388042475263,
06/19/2001,JPM US Select C Net Acc,1.49221606648854,
06/20/2001,JPM US Select C Net Acc,1.50172668514047,
06/21/2001,JPM US Select C Net Acc,1.49958679594379,
06/22/2001,JPM US Select C Net Acc,1.51147506925871,
06/23/2001,JPM US Select C Net Acc,1.51147506925871,
06/24/2001,JPM US Select C Net Acc,1.51147506925871,
06/25/2001,JPM US Select C Net Acc,1.50053785780898,
06/26/2001,JPM US Select C Net Acc,1.49269159742114,
06/27/2001,JPM US Select C Net Acc,1.48888734996036,
06/28/2001,JPM US Select C Net Acc,1.48650969529738,
06/29/2001,JPM US Select C Net Acc,1.5131394275228,
06/30/2001,JPM US Select C Net Acc,1.5131394275228,
07/01/2001,JPM US Select C Net Acc,1.5131394275228,
07/02/2001,JPM US Select C Net Acc,1.4983979686123,
07/03/2001,JPM US Select C Net Acc,1.52051015697804,
07/04/2001,JPM US Select C Net Acc,1.52621652816921,
07/05/2001,JPM US Select C Net Acc,1.52383887350622,
07/06/2001,JPM US Select C Net Acc,1.5119506001913,
07/07/2001,JPM US Select C Net Acc,1.5119506001913,
07/08/2001,JPM US Select C Net Acc,1.5119506001913,
07/09/2001,JPM US Select C Net Acc,1.47010387812279,
07/10/2001,JPM US Select C Net Acc,1.47628578024655,
07/11/2001,JPM US Select C Net Acc,1.44513850416146,
07/12/2001,JPM US Select C Net Acc,1.44846722068964,
07/13/2001,JPM US Select C Net Acc,1.48532086796589,
07/14/2001,JPM US Select C Net Acc,1.48532086796589,
07/15/2001,JPM US Select C Net Acc,1.48532086796589,
07/16/2001,JPM US Select C Net Acc,1.4979224376797,
07/17/2001,JPM US Select C Net Acc,1.4836565097018,
07/18/2001,JPM US Select C Net Acc,1.48698522622998,
07/19/2001,JPM US Select C Net Acc,1.47010387812279,
07/20/2001,JPM US Select C Net Acc,1.46106879040345,
07/21/2001,JPM US Select C Net Acc,1.46106879040345,
07/22/2001,JPM US Select C Net Acc,1.46106879040345,
07/23/2001,JPM US Select C Net Acc,1.46273314866754,
07/24/2001,JPM US Select C Net Acc,1.44918051708854,
07/25/2001,JPM US Select C Net Acc,1.42421514312721,
07/26/2001,JPM US Select C Net Acc,1.43776777470621,
07/27/2001,JPM US Select C Net Acc,1.45536241921229,
07/28/2001,JPM US Select C Net Acc,1.45536241921229,
07/29/2001,JPM US Select C Net Acc,1.45536241921229,
07/30/2001,JPM US Select C Net Acc,1.46225761773495,
07/31/2001,JPM US Select C Net Acc,1.45774007387528,
08/01/2001,JPM US Select C Net Acc,1.45869113574047,
08/02/2001,JPM US Select C Net Acc,1.46106879040345,
08/03/2001,JPM US Select C Net Acc,1.47343259465097,
08/04/2001,JPM US Select C Net Acc,1.47343259465097,
08/05/2001,JPM US Select C Net Acc,1.47343259465097,
08/06/2001,JPM US Select C Net Acc,1.47176823638688,
08/07/2001,JPM US Select C Net Acc,1.46606186519572,
08/08/2001,JPM US Select C Net Acc,1.47057940905539,
08/09/2001,JPM US Select C Net Acc,1.44299861496478,
08/10/2001,JPM US Select C Net Acc,1.43776777470621,
08/11/2001,JPM US Select C Net Acc,1.43776777470621,
08/12/2001,JPM US Select C Net Acc,1.43776777470621,
08/13/2001,JPM US Select C Net Acc,1.44680286242555,
08/14/2001,JPM US Select C Net Acc,1.45036934442003,
08/15/2001,JPM US Select C Net Acc,1.42706832872279,
08/16/2001,JPM US Select C Net Acc,1.40448060942444,
08/17/2001,JPM US Select C Net Acc,1.4106625115482,
08/18/2001,JPM US Select C Net Acc,1.4106625115482,
08/19/2001,JPM US Select C Net Acc,1.4106625115482,
08/20/2001,JPM US Select C Net Acc,1.38855032318245,
08/21/2001,JPM US Select C Net Acc,1.39710987996919,
08/22/2001,JPM US Select C Net Acc,1.37380886427195,
08/23/2001,JPM US Select C Net Acc,1.39425669437361,
08/24/2001,JPM US Select C Net Acc,1.39306786704212,
08/25/2001,JPM US Select C Net Acc,1.39306786704212,
08/26/2001,JPM US Select C Net Acc,1.39306786704212,
08/27/2001,JPM US Select C Net Acc,1.39306786704212,
08/28/2001,JPM US Select C Net Acc,1.41565558634047,
08/29/2001,JPM US Select C Net Acc,1.37713758080013,
08/30/2001,JPM US Select C Net Acc,1.3664381348167,
08/31/2001,JPM US Select C Net Acc,1.33529085873162,
09/01/2001,JPM US Select C Net Acc,1.33529085873162,
09/02/2001,JPM US Select C Net Acc,1.33529085873162,
09/03/2001,JPM US Select C Net Acc,1.34432594645096,
09/04/2001,JPM US Select C Net Acc,1.35122114497361,
09/05/2001,JPM US Select C Net Acc,1.3524099723051,
09/06/2001,JPM US Select C Net Acc,1.34622807018134,
09/07/2001,JPM US Select C Net Acc,1.31888504155703,
09/08/2001,JPM US Select C Net Acc,1.31888504155703,
09/09/2001,JPM US Select C Net Acc,1.31888504155703,
09/10/2001,JPM US Select C Net Acc,1.28393351801117,
09/11/2001,JPM US Select C Net Acc,1.30129039705095,
09/12/2001,JPM US Select C Net Acc,1.30129039705095,
09/13/2001,JPM US Select C Net Acc,1.30129039705095,
09/14/2001,JPM US Select C Net Acc,1.30129039705095,
09/15/2001,JPM US Select C Net Acc,1.30129039705095,
09/16/2001,JPM US Select C Net Acc,1.30129039705095,
09/17/2001,JPM US Select C Net Acc,1.30129039705095,
09/18/2001,JPM US Select C Net Acc,1.23233841182443,
09/19/2001,JPM US Select C Net Acc,1.22996075716144,
09/20/2001,JPM US Select C Net Acc,1.21022622345868,
09/21/2001,JPM US Select C Net Acc,1.18430978763216,
09/22/2001,JPM US Select C Net Acc,1.18430978763216,
09/23/2001,JPM US Select C Net Acc,1.18430978763216,
09/24/2001,JPM US Select C Net Acc,1.1633864265979,
09/25/2001,JPM US Select C Net Acc,1.20071560480674,
09/26/2001,JPM US Select C Net Acc,1.19714912281227,
09/27/2001,JPM US Select C Net Acc,1.19500923361558,
09/28/2001,JPM US Select C Net Acc,1.21141505079017,
09/29/2001,JPM US Select C Net Acc,1.21141505079017,
09/30/2001,JPM US Select C Net Acc,1.21141505079017,
10/01/2001,JPM US Select C Net Acc,1.22330332410509,
10/02/2001,JPM US Select C Net Acc,1.2221144967736,
10/03/2001,JPM US Select C Net Acc,1.24256232687526,
10/04/2001,JPM US Select C Net Acc,1.26182132964542,
10/05/2001,JPM US Select C Net Acc,1.25492613112277,
10/06/2001,JPM US Select C Net Acc,1.25492613112277,
10/07/2001,JPM US Select C Net Acc,1.25492613112277,
10/08/2001,JPM US Select C Net Acc,1.25896814404984,
10/09/2001,JPM US Select C Net Acc,1.25278624192609,
10/10/2001,JPM US Select C Net Acc,1.26348568790951,
10/11/2001,JPM US Select C Net Acc,1.28940212373603,
10/12/2001,JPM US Select C Net Acc,1.31151431210178,
10/13/2001,JPM US Select C Net Acc,1.31151431210178,
10/14/2001,JPM US Select C Net Acc,1.31151431210178,
10/15/2001,JPM US Select C Net Acc,1.30247922438244,
10/16/2001,JPM US Select C Net Acc,1.30699676824211,
10/17/2001,JPM US Select C Net Acc,1.31436749769736,
10/18/2001,JPM US Select C Net Acc,1.29629732225869,
10/19/2001,JPM US Select C Net Acc,1.28773776547195,
10/20/2001,JPM US Select C Net Acc,1.28773776547195,
10/21/2001,JPM US Select C Net Acc,1.28773776547195,
10/22/2001,JPM US Select C Net Acc,1.30129039705095,
10/23/2001,JPM US Select C Net Acc,1.33196214220344,
10/24/2001,JPM US Select C Net Acc,1.32173822715261,
10/25/2001,JPM US Select C Net Acc,1.31959833795593,
10/26/2001,JPM US Select C Net Acc,1.32958448754046,
10/27/2001,JPM US Select C Net Acc,1.32958448754046,
10/28/2001,JPM US Select C Net Acc,1.32958448754046,
10/29/2001,JPM US Select C Net Acc,1.31959833795593,
10/30/2001,JPM US Select C Net Acc,1.28559787627526,
10/31/2001,JPM US Select C Net Acc,1.26301015697692,
11/01/2001,JPM US Select C Net Acc,1.25445060019017,
11/02/2001,JPM US Select C Net Acc,1.27870267775261,
11/03/2001,JPM US Select C Net Acc,1.27870267775261,
11/04/2001,JPM US Select C Net Acc,1.27870267775261,
11/05/2001,JPM US Select C Net Acc,1.29510849492719,
11/06/2001,JPM US Select C Net Acc,1.30414358264653,
11/07/2001,JPM US Select C Net Acc,1.30414358264653,
11/08/2001,JPM US Select C Net Acc,1.31603185596145,
11/09/2001,JPM US Select C Net Acc,1.33529085873162,
11/10/2001,JPM US Select C Net Acc,1.33529085873162,
11/11/2001,JPM US Select C Net Acc,1.33529085873162,
11/12/2001,JPM US Select C Net Acc,1.33315096953493,
11/13/2001,JPM US Select C Net Acc,1.33315096953493,
11/14/2001,JPM US Select C Net Acc,1.3676269621482,
11/15/2001,JPM US Select C Net Acc,1.37166897507527,
11/16/2001,JPM US Select C Net Acc,1.37618651893494,
11/17/2001,JPM US Select C Net Acc,1.37618651893494,
11/18/2001,JPM US Select C Net Acc,1.37618651893494,
11/19/2001,JPM US Select C Net Acc,1.37951523546311,
11/20/2001,JPM US Select C Net Acc,1.3959210526377,
11/21/2001,JPM US Select C Net Acc,1.38569713758687,
11/22/2001,JPM US Select C Net Acc,1.38522160665428,
11/23/2001,JPM US Select C Net Acc,1.38569713758687,
11/24/2001,JPM US Select C Net Acc,1.38569713758687,
11/25/2001,JPM US Select C Net Acc,1.38569713758687,
11/26/2001,JPM US Select C Net Acc,1.3954455217051,
11/27/2001,JPM US Select C Net Acc,1.41399122807638,
11/28/2001,JPM US Select C Net Acc,1.39924976916588,
11/29/2001,JPM US Select C Net Acc,1.36429824562002,
11/30/2001,JPM US Select C Net Acc,1.37832640813162,
12/01/2001,JPM US Select C Net Acc,1.37832640813162,
12/02/2001,JPM US Select C Net Acc,1.37832640813162,
12/03/2001,JPM US Select C Net Acc,1.37951523546311,
12/04/2001,JPM US Select C Net Acc,1.36596260388411,
12/05/2001,JPM US Select C Net Acc,1.38450831025538,
12/06/2001,JPM US Select C Net Acc,1.42088642659903,
12/07/2001,JPM US Select C Net Acc,1.40733379502002,
12/08/2001,JPM US Select C Net Acc,1.40733379502002,
12/09/2001,JPM US Select C Net Acc,1.40733379502002,
12/10/2001,JPM US Select C Net Acc,1.39378116344102,
12/11/2001,JPM US Select C Net Acc,1.36929132041228,
12/12/2001,JPM US Select C Net Acc,1.35454986150179,
12/13/2001,JPM US Select C Net Acc,1.35003231764212,
12/14/2001,JPM US Select C Net Acc,1.3229270544841,
12/15/2001,JPM US Select C Net Acc,1.3229270544841,
12/16/2001,JPM US Select C Net Acc,1.3229270544841,
12/17/2001,JPM US Select C Net Acc,1.32126269622001,
12/18/2001,JPM US Select C Net Acc,1.33647968606311,
12/19/2001,JPM US Select C Net Acc,1.35336103417029,
12/20/2001,JPM US Select C Net Acc,1.37000461681118,
12/21/2001,JPM US Select C Net Acc,1.35811634349626,
12/22/2001,JPM US Select C Net Acc,1.35811634349626,
12/23/2001,JPM US Select C Net Acc,1.35811634349626,
12/24/2001,JPM US Select C Net Acc,1.35811634349626,
12/25/2001,JPM US Select C Net Acc,1.35811634349626,
12/26/2001,JPM US Select C Net Acc,1.35811634349626,
12/27/2001,JPM US Select C Net Acc,1.37333333333936,
12/28/2001,JPM US Select C Net Acc,1.37951523546311,
12/29/2001,JPM US Select C Net Acc,1.37951523546311,
12/30/2001,JPM US Select C Net Acc,1.37951523546311,
12/31/2001,JPM US Select C Net Acc,1.38284395199129,
01/01/2002,JPM US Select C Net Acc,1.38284395199129,
01/02/2002,JPM US Select C Net Acc,1.3671514312156,
01/03/2002,JPM US Select C Net Acc,1.3818928901261,
01/04/2002,JPM US Select C Net Acc,1.40043859649737,
01/05/2002,JPM US Select C Net Acc,1.40043859649737,
01/06/2002,JPM US Select C Net Acc,1.40043859649737,
01/07/2002,JPM US Select C Net Acc,1.4101869806156,
01/08/2002,JPM US Select C Net Acc,1.39924976916588,
01/09/2002,JPM US Select C Net Acc,1.39425669437361,
01/10/2002,JPM US Select C Net Acc,1.38450831025538,
01/11/2002,JPM US Select C Net Acc,1.39021468144654,
01/12/2002,JPM US Select C Net Acc,1.39021468144654,
01/13/2002,JPM US Select C Net Acc,1.39021468144654,
01/14/2002,JPM US Select C Net Acc,1.37000461681118,
01/15/2002,JPM US Select C Net Acc,1.3664381348167,
01/16/2002,JPM US Select C Net Acc,1.38450831025538,
01/17/2002,JPM US Select C Net Acc,1.36358494922112,
01/18/2002,JPM US Select C Net Acc,1.37214450600786,
01/19/2002,JPM US Select C Net Acc,1.37214450600786,
01/20/2002,JPM US Select C Net Acc,1.37214450600786,
01/21/2002,JPM US Select C Net Acc,1.36144506002444,
01/22/2002,JPM US Select C Net Acc,1.36881578947969,
01/23/2002,JPM US Select C Net Acc,1.35692751616477,
01/24/2002,JPM US Select C Net Acc,1.37166897507527,
01/25/2002,JPM US Select C Net Acc,1.38569713758687,
01/26/2002,JPM US Select C Net Acc,1.38569713758687,
01/27/2002,JPM US Select C Net Acc,1.38569713758687,
01/28/2002,JPM US Select C Net Acc,1.39473222530621,
01/29/2002,JPM US Select C Net Acc,1.38807479224986,
01/30/2002,JPM US Select C Net Acc,1.34052169899018,
01/31/2002,JPM US Select C Net Acc,1.35526315790068,
02/01/2002,JPM US Select C Net Acc,1.37785087719903,
02/02/2002,JPM US Select C Net Acc,1.37785087719903,
02/03/2002,JPM US Select C Net Acc,1.37785087719903,
02/04/2002,JPM US Select C Net Acc,1.36477377655262,
02/05/2002,JPM US Select C Net Acc,1.32173822715261,
02/06/2002,JPM US Select C Net Acc,1.32054939982112,
02/07/2002,JPM US Select C Net Acc,1.31840951062443,
02/08/2002,JPM US Select C Net Acc,1.31151431210178,
02/09/2002,JPM US Select C Net Acc,1.31151431210178,
02/10/2002,JPM US Select C Net Acc,1.31151431210178,
02/11/2002,JPM US Select C Net Acc,1.32625577101228,
02/12/2002,JPM US Select C Net Acc,1.33980840259129,
02/13/2002,JPM US Select C Net Acc,1.32792012927637,
02/14/2002,JPM US Select C Net Acc,1.34836795937803,
02/15/2002,JPM US Select C Net Acc,1.34218605725427,
02/16/2002,JPM US Select C Net Acc,1.34218605725427,
02/17/2002,JPM US Select C Net Acc,1.34218605725427,
02/18/2002,JPM US Select C Net Acc,1.32459141274819,
02/19/2002,JPM US Select C Net Acc,1.32863342567526,
02/20/2002,JPM US Select C Net Acc,1.29867497692167,
02/21/2002,JPM US Select C Net Acc,1.32126269622001,
02/22/2002,JPM US Select C Net Acc,1.30319252078134,
02/23/2002,JPM US Select C Net Acc,1.30319252078134,
02/24/2002,JPM US Select C Net Acc,1.30319252078134,
02/25/2002,JPM US Select C Net Acc,1.30652123730952,
02/26/2002,JPM US Select C Net Acc,1.33362650046753,
02/27/2002,JPM US Select C Net Acc,1.34147276085538,
02/28/2002,JPM US Select C Net Acc,1.34266158818687,
03/01/2002,JPM US Select C Net Acc,1.33695521699571,
03/02/2002,JPM US Select C Net Acc,1.33695521699571,
03/03/2002,JPM US Select C Net Acc,1.33695521699571,
03/04/2002,JPM US Select C Net Acc,1.36929132041228,
03/05/2002,JPM US Select C Net Acc,1.38973915051394,
03/06/2002,JPM US Select C Net Acc,1.3818928901261,
03/07/2002,JPM US Select C Net Acc,1.40091412742997,
03/08/2002,JPM US Select C Net Acc,1.39306786704212,
03/09/2002,JPM US Select C Net Acc,1.39306786704212,
03/10/2002,JPM US Select C Net Acc,1.39306786704212,
03/11/2002,JPM US Select C Net Acc,1.40495614035704,
03/12/2002,JPM US Select C Net Acc,1.41232686981229,
03/13/2002,JPM US Select C Net Acc,1.41470452447527,
03/14/2002,JPM US Select C Net Acc,1.39710987996919,
03/15/2002,JPM US Select C Net Acc,1.39021468144654,
03/16/2002,JPM US Select C Net Acc,1.39021468144654,
03/17/2002,JPM US Select C Net Acc,1.39021468144654,
03/18/2002,JPM US Select C Net Acc,1.40662049862113,
03/19/2002,JPM US Select C Net Acc,1.40210295476146,
03/20/2002,JPM US Select C Net Acc,1.41232686981229,
03/21/2002,JPM US Select C Net Acc,1.38355724839019,
03/22/2002,JPM US Select C Net Acc,1.39021468144654,
03/23/2002,JPM US Select C Net Acc,1.39021468144654,
03/24/2002,JPM US Select C Net Acc,1.39021468144654,
03/25/2002,JPM US Select C Net Acc,1.38450831025538,
03/26/2002,JPM US Select C Net Acc,1.3671514312156,
03/27/2002,JPM US Select C Net Acc,1.37380886427195,
03/28/2002,JPM US Select C Net Acc,1.3818928901261,
03/29/2002,JPM US Select C Net Acc,1.3818928901261,
03/30/2002,JPM US Select C Net Acc,1.3818928901261,
03/31/2002,JPM US Select C Net Acc,1.3818928901261,
04/01/2002,JPM US Select C Net Acc,1.3818928901261,
04/02/2002,JPM US Select C Net Acc,1.36358494922112,
04/03/2002,JPM US Select C Net Acc,1.35621421976587,
04/04/2002,JPM US Select C Net Acc,1.34432594645096,
04/05/2002,JPM US Select C Net Acc,1.34789242844543,
04/06/2002,JPM US Select C Net Acc,1.34789242844543,
04/07/2002,JPM US Select C Net Acc,1.34789242844543,
04/08/2002,JPM US Select C Net Acc,1.34432594645096,
04/09/2002,JPM US Select C Net Acc,1.34551477378245,
04/10/2002,JPM US Select C Net Acc,1.33029778393935,
04/11/2002,JPM US Select C Net Acc,1.34503924284985,
04/12/2002,JPM US Select C Net Acc,1.31151431210178,
04/13/2002,JPM US Select C Net Acc,1.31151431210178,
04/14/2002,JPM US Select C Net Acc,1.31151431210178,
04/15/2002,JPM US Select C Net Acc,1.31959833795593,
04/16/2002,JPM US Select C Net Acc,1.30984995383769,
04/17/2002,JPM US Select C Net Acc,1.33148661127084,
04/18/2002,JPM US Select C Net Acc,1.32863342567526,
04/19/2002,JPM US Select C Net Acc,1.32245152355151,
04/20/2002,JPM US Select C Net Acc,1.32245152355151,
04/21/2002,JPM US Select C Net Acc,1.32245152355151,
04/22/2002,JPM US Select C Net Acc,1.32459141274819,
04/23/2002,JPM US Select C Net Acc,1.30081486611836,
04/24/2002,JPM US Select C Net Acc,1.29344413666311,
04/25/2002,JPM US Select C Net Acc,1.2794159741515,
04/26/2002,JPM US Select C Net Acc,1.27656278855592,
04/27/2002,JPM US Select C Net Acc,1.27656278855592,
04/28/2002,JPM US Select C Net Acc,1.27656278855592,
04/29/2002,JPM US Select C Net Acc,1.251121883662,
04/30/2002,JPM US Select C Net Acc,1.24089796861117,
05/01/2002,JPM US Select C Net Acc,1.251121883662,
05/02/2002,JPM US Select C Net Acc,1.25896814404984,
05/03/2002,JPM US Select C Net Acc,1.25659048938686,
05/04/2002,JPM US Select C Net Acc,1.25659048938686,
05/05/2002,JPM US Select C Net Acc,1.25659048938686,
05/06/2002,JPM US Select C Net Acc,1.25659048938686,
05/07/2002,JPM US Select C Net Acc,1.21593259464984,
05/08/2002,JPM US Select C Net Acc,1.21474376731835,
05/09/2002,JPM US Select C Net Acc,1.264674515241,
05/10/2002,JPM US Select C Net Acc,1.24375115420675,
05/11/2002,JPM US Select C Net Acc,1.24375115420675,
05/12/2002,JPM US Select C Net Acc,1.24375115420675,
05/13/2002,JPM US Select C Net Acc,1.22330332410509,
05/14/2002,JPM US Select C Net Acc,1.25492613112277,
05/15/2002,JPM US Select C Net Acc,1.28226915974708,
05/16/2002,JPM US Select C Net Acc,1.27085641736476,
05/17/2002,JPM US Select C Net Acc,1.27751385042112,
05/18/2002,JPM US Select C Net Acc,1.27751385042112,
05/19/2002,JPM US Select C Net Acc,1.27751385042112,
05/20/2002,JPM US Select C Net Acc,1.28226915974708,
05/21/2002,JPM US Select C Net Acc,1.26919205910067,
05/22/2002,JPM US Select C Net Acc,1.25207294552719,
05/23/2002,JPM US Select C Net Acc,1.26301015697692,
05/24/2002,JPM US Select C Net Acc,1.28226915974708,
05/25/2002,JPM US Select C Net Acc,1.28226915974708,
05/26/2002,JPM US Select C Net Acc,1.28226915974708,
05/27/2002,JPM US Select C Net Acc,1.26396121884211,
05/28/2002,JPM US Select C Net Acc,1.26015697138134,
05/29/2002,JPM US Select C Net Acc,1.24921975993161,
05/30/2002,JPM US Select C Net Acc,1.23804478301559,
05/31/2002,JPM US Select C Net Acc,1.23186288089183,
06/01/2002,JPM US Select C Net Acc,1.23186288089183,
06/02/2002,JPM US Select C Net Acc,1.23186288089183,
06/03/2002,JPM US Select C Net Acc,1.23186288089183,
06/04/2002,JPM US Select C Net Acc,1.23186288089183,
06/05/2002,JPM US Select C Net Acc,1.21189058172277,
06/06/2002,JPM US Select C Net Acc,1.2221144967736,
06/07/2002,JPM US Select C Net Acc,1.19429593721669,
06/08/2002,JPM US Select C Net Acc,1.19429593721669,
06/09/2002,JPM US Select C Net Acc,1.19429593721669,
06/10/2002,JPM US Select C Net Acc,1.18882733149183,
06/11/2002,JPM US Select C Net Acc,1.18716297322774,
06/12/2002,JPM US Select C Net Acc,1.16433748846309,
06/13/2002,JPM US Select C Net Acc,1.17289704524984,
06/14/2002,JPM US Select C Net Acc,1.15696675900784,
06/15/2002,JPM US Select C Net Acc,1.15696675900784,
06/16/2002,JPM US Select C Net Acc,1.15696675900784,
06/17/2002,JPM US Select C Net Acc,1.15411357341226,
06/18/2002,JPM US Select C Net Acc,1.18145660203658,
06/19/2002,JPM US Select C Net Acc,1.17575023084542,
06/20/2002,JPM US Select C Net Acc,1.15411357341226,
06/21/2002,JPM US Select C Net Acc,1.1339035087769,
06/22/2002,JPM US Select C Net Acc,1.1339035087769,
06/23/2002,JPM US Select C Net Acc,1.1339035087769,
06/24/2002,JPM US Select C Net Acc,1.10442059095591,
06/25/2002,JPM US Select C Net Acc,1.11060249307966,
06/26/2002,JPM US Select C Net Acc,1.07779085873049,
06/27/2002,JPM US Select C Net Acc,1.07779085873049,
06/28/2002,JPM US Select C Net Acc,1.08230840259016,
06/29/2002,JPM US Select C Net Acc,1.08230840259016,
06/30/2002,JPM US Select C Net Acc,1.08230840259016,
07/01/2002,JPM US Select C Net Acc,1.08849030471392,
07/02/2002,JPM US Select C Net Acc,1.06828024007855,
07/03/2002,JPM US Select C Net Acc,1.04783240997689,
07/04/2002,JPM US Select C Net Acc,1.05187442290397,
07/05/2002,JPM US Select C Net Acc,1.05734302862883,
07/06/2002,JPM US Select C Net Acc,1.05734302862883,
07/07/2002,JPM US Select C Net Acc,1.05734302862883,
07/08/2002,JPM US Select C Net Acc,1.08849030471392,
07/09/2002,JPM US Select C Net Acc,1.06709141274706,
07/10/2002,JPM US Select C Net Acc,1.0326154201338,
07/11/2002,JPM US Select C Net Acc,1.0036080332454,
07/12/2002,JPM US Select C Net Acc,1.01097876270065,
07/13/2002,JPM US Select C Net Acc,1.01097876270065,
07/14/2002,JPM US Select C Net Acc,1.01097876270065,
07/15/2002,JPM US Select C Net Acc,1.00027931671722,
07/16/2002,JPM US Select C Net Acc,0.985537857806723,
07/17/2002,JPM US Select C Net Acc,0.973649584491805,
07/18/2002,JPM US Select C Net Acc,0.981020313947054,
07/19/2002,JPM US Select C Net Acc,0.944879963069703,
07/20/2002,JPM US Select C Net Acc,0.944879963069703,
07/21/2002,JPM US Select C Net Acc,0.944879963069703,
07/22/2002,JPM US Select C Net Acc,0.912543859653125,
07/23/2002,JPM US Select C Net Acc,0.889242843955885,
07/24/2002,JPM US Select C Net Acc,0.863326408129364,
07/25/2002,JPM US Select C Net Acc,0.908026315793456,
07/26/2002,JPM US Select C Net Acc,0.898991228074118,
07/27/2002,JPM US Select C Net Acc,0.898991228074118,
07/28/2002,JPM US Select C Net Acc,0.898991228074118,
07/29/2002,JPM US Select C Net Acc,0.927760849496221,
07/30/2002,JPM US Select C Net Acc,0.97578947368849,
07/31/2002,JPM US Select C Net Acc,0.980544783014458,
08/01/2002,JPM US Select C Net Acc,0.997901662054238,
08/02/2002,JPM US Select C Net Acc,0.957719298249815,
08/03/2002,JPM US Select C Net Acc,0.957719298249815,
08/04/2002,JPM US Select C Net Acc,0.957719298249815,
08/05/2002,JPM US Select C Net Acc,0.942977839339316,
08/06/2002,JPM US Select C Net Acc,0.922767774703955,
08/07/2002,JPM US Select C Net Acc,0.956768236384621,
08/08/2002,JPM US Select C Net Acc,0.980544783014458,
08/09/2002,JPM US Select C Net Acc,1.01097876270065,
08/10/2002,JPM US Select C Net Acc,1.01097876270065,
08/11/2002,JPM US Select C Net Acc,1.01097876270065,
08/12/2002,JPM US Select C Net Acc,1.01716066482441,
08/13/2002,JPM US Select C Net Acc,1.01050323176805,
08/14/2002,JPM US Select C Net Acc,0.981020313947054,
08/15/2002,JPM US Select C Net Acc,1.02690904894264,
08/16/2002,JPM US Select C Net Acc,1.03879732225756,
08/17/2002,JPM US Select C Net Acc,1.03879732225756,
08/18/2002,JPM US Select C Net Acc,1.03879732225756,
08/19/2002,JPM US Select C Net Acc,1.03356648199899,
08/20/2002,JPM US Select C Net Acc,1.06875577101115,
08/21/2002,JPM US Select C Net Acc,1.05448984303325,
08/22/2002,JPM US Select C Net Acc,1.06423822715148,
08/23/2002,JPM US Select C Net Acc,1.08563711911833,
08/24/2002,JPM US Select C Net Acc,1.08563711911833,
08/25/2002,JPM US Select C Net Acc,1.08563711911833,
08/26/2002,JPM US Select C Net Acc,1.08563711911833,
08/27/2002,JPM US Select C Net Acc,1.0618605724885,
08/28/2002,JPM US Select C Net Acc,1.04260156971833,
08/29/2002,JPM US Select C Net Acc,1.02120267775148,
08/30/2002,JPM US Select C Net Acc,1.01430747922883,
08/31/2002,JPM US Select C Net Acc,1.01430747922883,
09/01/2002,JPM US Select C Net Acc,1.01430747922883,
09/02/2002,JPM US Select C Net Acc,1.01430747922883,
09/03/2002,JPM US Select C Net Acc,1.00812557710507,
09/04/2002,JPM US Select C Net Acc,0.962950138508379,
09/05/2002,JPM US Select C Net Acc,0.974125115424402,
09/06/2002,JPM US Select C Net Acc,0.961761311176887,
09/07/2002,JPM US Select C Net Acc,0.961761311176887,
09/08/2002,JPM US Select C Net Acc,0.961761311176887,
09/09/2002,JPM US Select C Net Acc,0.961761311176887,
09/10/2002,JPM US Select C Net Acc,0.963425669440975,
09/11/2002,JPM US Select C Net Acc,0.969369806098434,
09/12/2002,JPM US Select C Net Acc,0.971747460761418,
09/13/2002,JPM US Select C Net Acc,0.943215604805614,
09/14/2002,JPM US Select C Net Acc,0.943215604805614,
09/15/2002,JPM US Select C Net Acc,0.943215604805614,
09/16/2002,JPM US Select C Net Acc,0.957957063716113,
09/17/2002,JPM US Select C Net Acc,0.965090027705064,
09/18/2002,JPM US Select C Net Acc,0.943215604805614,
09/19/2002,JPM US Select C Net Acc,0.928949676827712,
09/20/2002,JPM US Select C Net Acc,0.904222068332682,
09/21/2002,JPM US Select C Net Acc,0.904222068332682,
09/22/2002,JPM US Select C Net Acc,0.904222068332682,
09/23/2002,JPM US Select C Net Acc,0.900893351804505,
09/24/2002,JPM US Select C Net Acc,0.891144967686272,
09/25/2002,JPM US Select C Net Acc,0.874739150511685,
09/26/2002,JPM US Select C Net Acc,0.894949215147046,
09/27/2002,JPM US Select C Net Acc,0.916823638046496,
09/28/2002,JPM US Select C Net Acc,0.916823638046496,
09/29/2002,JPM US Select C Net Acc,0.916823638046496,
09/30/2002,JPM US Select C Net Acc,0.882347645433233,
10/01/2002,JPM US Select C Net Acc,0.865228531859751,
10/02/2002,JPM US Select C Net Acc,0.904697599265279,
10/03/2002,JPM US Select C Net Acc,0.883298707298426,
10/04/2002,JPM US Select C Net Acc,0.875214681444282,
10/05/2002,JPM US Select C Net Acc,0.875214681444282,
10/06/2002,JPM US Select C Net Acc,0.875214681444282,
10/07/2002,JPM US Select C Net Acc,0.859759926134888,
10/08/2002,JPM US Select C Net Acc,0.845018467224389,
10/09/2002,JPM US Select C Net Acc,0.865941828258646,
10/10/2002,JPM US Select C Net Acc,0.837885503235439,
10/11/2002,JPM US Select C Net Acc,0.869032779320524,
10/12/2002,JPM US Select C Net Acc,0.869032779320524,
10/13/2002,JPM US Select C Net Acc,0.869032779320524,
10/14/2002,JPM US Select C Net Acc,0.902557710068594,
10/15/2002,JPM US Select C Net Acc,0.913494921518319,
10/16/2002,JPM US Select C Net Acc,0.954628347187936,
10/17/2002,JPM US Select C Net Acc,0.934418282552575,
10/18/2002,JPM US Select C Net Acc,0.962474607575782,
10/19/2002,JPM US Select C Net Acc,0.962474607575782,
10/20/2002,JPM US Select C Net Acc,0.962474607575782,
10/21/2002,JPM US Select C Net Acc,0.968418744233241,
10/22/2002,JPM US Select C Net Acc,0.984824561407828,
10/23/2002,JPM US Select C Net Acc,0.976027239154789,
10/24/2002,JPM US Select C Net Acc,0.980544783014458,
10/25/2002,JPM US Select C Net Acc,0.961761311176887,
10/26/2002,JPM US Select C Net Acc,0.961761311176887,
10/27/2002,JPM US Select C Net Acc,0.961761311176887,
10/28/2002,JPM US Select C Net Acc,0.981020313947054,
10/29/2002,JPM US Select C Net Acc,0.967229916901749,
10/30/2002,JPM US Select C Net Acc,0.959145891047605,
10/31/2002,JPM US Select C Net Acc,0.966278855036556,
11/01/2002,JPM US Select C Net Acc,0.959621421980202,
11/02/2002,JPM US Select C Net Acc,0.959621421980202,
11/03/2002,JPM US Select C Net Acc,0.959621421980202,
11/04/2002,JPM US Select C Net Acc,0.978880424750369,
11/05/2002,JPM US Select C Net Acc,0.984824561407828,
11/06/2002,JPM US Select C Net Acc,0.99481071099236,
11/07/2002,JPM US Select C Net Acc,0.995286241924956,
11/08/2002,JPM US Select C Net Acc,0.962474607575782,
11/09/2002,JPM US Select C Net Acc,0.962474607575782,
11/10/2002,JPM US Select C Net Acc,0.962474607575782,
11/11/2002,JPM US Select C Net Acc,0.94963527239567,
11/12/2002,JPM US Select C Net Acc,0.934893813485172,
11/13/2002,JPM US Select C Net Acc,0.941551246541526,
11/14/2002,JPM US Select C Net Acc,0.940362419210034,
11/15/2002,JPM US Select C Net Acc,0.972698522626612,
11/16/2002,JPM US Select C Net Acc,0.972698522626612,
11/17/2002,JPM US Select C Net Acc,0.972698522626612,
11/18/2002,JPM US Select C Net Acc,0.975076177289595,
11/19/2002,JPM US Select C Net Acc,0.959621421980202,
11/20/2002,JPM US Select C Net Acc,0.967229916901749,
11/21/2002,JPM US Select C Net Acc,0.982684672211143,
11/22/2002,JPM US Select C Net Acc,0.997901662054238,
11/23/2002,JPM US Select C Net Acc,0.997901662054238,
11/24/2002,JPM US Select C Net Acc,0.997901662054238,
11/25/2002,JPM US Select C Net Acc,1.0028947368465,
11/26/2002,JPM US Select C Net Acc,1.00741228070617,
11/27/2002,JPM US Select C Net Acc,0.993146352728271,
11/28/2002,JPM US Select C Net Acc,1.01882502308849,
11/29/2002,JPM US Select C Net Acc,1.01930055402109,
11/30/2002,JPM US Select C Net Acc,1.01930055402109,
12/01/2002,JPM US Select C Net Acc,1.01930055402109,
12/02/2002,JPM US Select C Net Acc,1.0183494921559,
12/03/2002,JPM US Select C Net Acc,1.00669898430728,
12/04/2002,JPM US Select C Net Acc,0.987677747003408,
12/05/2002,JPM US Select C Net Acc,0.985300092340425,
12/06/2002,JPM US Select C Net Acc,0.975551708222192,
12/07/2002,JPM US Select C Net Acc,0.975551708222192,
12/08/2002,JPM US Select C Net Acc,0.975551708222192,
12/09/2002,JPM US Select C Net Acc,0.976502770087385,
12/10/2002,JPM US Select C Net Acc,0.954628347187936,
12/11/2002,JPM US Select C Net Acc,0.971747460761418,
12/12/2002,JPM US Select C Net Acc,0.967229916901749,
12/13/2002,JPM US Select C Net Acc,0.959145891047605,
12/14/2002,JPM US Select C Net Acc,0.959145891047605,
12/15/2002,JPM US Select C Net Acc,0.959145891047605,
12/16/2002,JPM US Select C Net Acc,0.944879963069703,
12/17/2002,JPM US Select C Net Acc,0.960096952912798,
12/18/2002,JPM US Select C Net Acc,0.953677285322742,
12/19/2002,JPM US Select C Net Acc,0.93655817174926,
12/20/2002,JPM US Select C Net Acc,0.930614035091801,
12/21/2002,JPM US Select C Net Acc,0.930614035091801,
12/22/2002,JPM US Select C Net Acc,0.930614035091801,
12/23/2002,JPM US Select C Net Acc,0.945831024934896,
12/24/2002,JPM US Select C Net Acc,0.952963988923847,
12/25/2002,JPM US Select C Net Acc,0.952963988923847,
12/26/2002,JPM US Select C Net Acc,0.952963988923847,
12/27/2002,JPM US Select C Net Acc,0.938222530013349,
12/28/2002,JPM US Select C Net Acc,0.938222530013349,
12/29/2002,JPM US Select C Net Acc,0.938222530013349,
12/30/2002,JPM US Select C Net Acc,0.921341181906165,
12/31/2002,JPM US Select C Net Acc,0.920152354574673,
01/01/2003,JPM US Select C Net Acc,0.920152354574673,
01/02/2003,JPM US Select C Net Acc,0.922767774703955,
01/03/2003,JPM US Select C Net Acc,0.959621421980202,
01/04/2003,JPM US Select C Net Acc,0.959621421980202,
01/05/2003,JPM US Select C Net Acc,0.959621421980202,
01/06/2003,JPM US Select C Net Acc,0.949159741463073,
01/07/2003,JPM US Select C Net Acc,0.976027239154789,
01/08/2003,JPM US Select C Net Acc,0.972222991694015,
01/09/2003,JPM US Select C Net Acc,0.953677285322742,
01/10/2003,JPM US Select C Net Acc,0.972698522626612,
01/11/2003,JPM US Select C Net Acc,0.972698522626612,
01/12/2003,JPM US Select C Net Acc,0.972698522626612,
01/13/2003,JPM US Select C Net Acc,0.973887349958103,
01/14/2003,JPM US Select C Net Acc,0.972222991694015,
01/15/2003,JPM US Select C Net Acc,0.983635734076336,
01/16/2003,JPM US Select C Net Acc,0.966278855036556,
01/17/2003,JPM US Select C Net Acc,0.955341643586831,
01/18/2003,JPM US Select C Net Acc,0.955341643586831,
01/19/2003,JPM US Select C Net Acc,0.955341643586831,
01/20/2003,JPM US Select C Net Acc,0.947019852266388,
01/21/2003,JPM US Select C Net Acc,0.947019852266388,
01/22/2003,JPM US Select C Net Acc,0.929425207760309,
01/23/2003,JPM US Select C Net Acc,0.912543859653125,
01/24/2003,JPM US Select C Net Acc,0.916348107113899,
01/25/2003,JPM US Select C Net Acc,0.916348107113899,
01/26/2003,JPM US Select C Net Acc,0.916348107113899,
01/27/2003,JPM US Select C Net Acc,0.884963065562515,
01/28/2003,JPM US Select C Net Acc,0.871885964916105,
01/29/2003,JPM US Select C Net Acc,0.877830101573564,
01/30/2003,JPM US Select C Net Acc,0.884963065562515,
01/31/2003,JPM US Select C Net Acc,0.859759926134888,
02/01/2003,JPM US Select C Net Acc,0.859759926134888,
02/02/2003,JPM US Select C Net Acc,0.859759926134888,
02/03/2003,JPM US Select C Net Acc,0.859759926134888,
02/04/2003,JPM US Select C Net Acc,0.879494459837652,
02/05/2003,JPM US Select C Net Acc,0.863564173595662,
02/06/2003,JPM US Select C Net Acc,0.861424284398977,
02/07/2003,JPM US Select C Net Acc,0.865941828258646,
02/08/2003,JPM US Select C Net Acc,0.865941828258646,
02/09/2003,JPM US Select C Net Acc,0.865941828258646,
02/10/2003,JPM US Select C Net Acc,0.853340258544832,
02/11/2003,JPM US Select C Net Acc,0.866892890123839,
02/12/2003,JPM US Select C Net Acc,0.86094875346638,
02/13/2003,JPM US Select C Net Acc,0.847633887353672,
02/14/2003,JPM US Select C Net Acc,0.847633887353672,
02/15/2003,JPM US Select C Net Acc,0.847633887353672,
02/16/2003,JPM US Select C Net Acc,0.847633887353672,
02/17/2003,JPM US Select C Net Acc,0.875214681444282,
02/18/2003,JPM US Select C Net Acc,0.87687903970837,
02/19/2003,JPM US Select C Net Acc,0.89590027701224,
02/20/2003,JPM US Select C Net Acc,0.888291782090692,
02/21/2003,JPM US Select C Net Acc,0.879018928905056,
02/22/2003,JPM US Select C Net Acc,0.879018928905056,
02/23/2003,JPM US Select C Net Acc,0.879018928905056,
02/24/2003,JPM US Select C Net Acc,0.884487534629918,
02/25/2003,JPM US Select C Net Acc,0.884487534629918,
02/26/2003,JPM US Select C Net Acc,0.893284856882958,
02/27/2003,JPM US Select C Net Acc,0.87687903970837,
02/28/2003,JPM US Select C Net Acc,0.886627423826603,
03/01/2003,JPM US Select C Net Acc,0.886627423826603,
03/02/2003,JPM US Select C Net Acc,0.886627423826603,
03/03/2003,JPM US Select C Net Acc,0.895424746079643,
03/04/2003,JPM US Select C Net Acc,0.886151892894007,
03/05/2003,JPM US Select C Net Acc,0.870221606652016,
03/06/2003,JPM US Select C Net Acc,0.871410433983508,
03/07/2003,JPM US Select C Net Acc,0.860473222533783,
03/08/2003,JPM US Select C Net Acc,0.860473222533783,
03/09/2003,JPM US Select C Net Acc,0.860473222533783,
03/10/2003,JPM US Select C Net Acc,0.873074792247597,
03/11/2003,JPM US Select C Net Acc,0.848822714685163,
03/12/2003,JPM US Select C Net Acc,0.836696675903947,
03/13/2003,JPM US Select C Net Acc,0.842878578027704,
03/14/2003,JPM US Select C Net Acc,0.875690212376879,
03/15/2003,JPM US Select C Net Acc,0.875690212376879,
03/16/2003,JPM US Select C Net Acc,0.875690212376879,
03/17/2003,JPM US Select C Net Acc,0.88567636196141,
03/18/2003,JPM US Select C Net Acc,0.925145429366939,
03/19/2003,JPM US Select C Net Acc,0.932753924288486,
03/20/2003,JPM US Select C Net Acc,0.933942751619978,
03/21/2003,JPM US Select C Net Acc,0.937033702681857,
03/22/2003,JPM US Select C Net Acc,0.937033702681857,
03/23/2003,JPM US Select C Net Acc,0.937033702681857,
03/24/2003,JPM US Select C Net Acc,0.955817174519428,
03/25/2003,JPM US Select C Net Acc,0.92062788550727,
03/26/2003,JPM US Select C Net Acc,0.933942751619978,
03/27/2003,JPM US Select C Net Acc,0.926809787631027,
03/28/2003,JPM US Select C Net Acc,0.929425207760309,
03/29/2003,JPM US Select C Net Acc,0.929425207760309,
03/30/2003,JPM US Select C Net Acc,0.929425207760309,
03/31/2003,JPM US Select C Net Acc,0.915634810715004,
04/01/2003,JPM US Select C Net Acc,0.899942289939312,
04/02/2003,JPM US Select C Net Acc,0.911355032321633,
04/03/2003,JPM US Select C Net Acc,0.939886888277437,
04/04/2003,JPM US Select C Net Acc,0.933942751619978,
04/05/2003,JPM US Select C Net Acc,0.933942751619978,
04/06/2003,JPM US Select C Net Acc,0.933942751619978,
04/07/2003,JPM US Select C Net Acc,0.945831024934896,
04/08/2003,JPM US Select C Net Acc,0.947495383198985,
04/09/2003,JPM US Select C Net Acc,0.944166666670808,
04/10/2003,JPM US Select C Net Acc,0.926096491232132,
04/11/2003,JPM US Select C Net Acc,0.926809787631027,
04/12/2003,JPM US Select C Net Acc,0.926809787631027,
04/13/2003,JPM US Select C Net Acc,0.926809787631027,
04/14/2003,JPM US Select C Net Acc,0.921341181906165,
04/15/2003,JPM US Select C Net Acc,0.940362419210034,
04/16/2003,JPM US Select C Net Acc,0.944166666670808,
04/17/2003,JPM US Select C Net Acc,0.931565096956994,
04/18/2003,JPM US Select C Net Acc,0.931565096956994,
04/19/2003,JPM US Select C Net Acc,0.931565096956994,
04/20/2003,JPM US Select C Net Acc,0.931565096956994,
04/21/2003,JPM US Select C Net Acc,0.931565096956994,
04/22/2003,JPM US Select C Net Acc,0.943691135738211,
04/23/2003,JPM US Select C Net Acc,0.963425669440975,
04/24/2003,JPM US Select C Net Acc,0.962950138508379,
04/25/2003,JPM US Select C Net Acc,0.956768236384621,
04/26/2003,JPM US Select C Net Acc,0.956768236384621,
04/27/2003,JPM US Select C Net Acc,0.956768236384621,
04/28/2003,JPM US Select C Net Acc,0.938698060945945,
04/29/2003,JPM US Select C Net Acc,0.957957063716113,
04/30/2003,JPM US Select C Net Acc,0.957481532783516,
05/01/2003,JPM US Select C Net Acc,0.954152816255339,
05/02/2003,JPM US Select C Net Acc,0.950824099727162,
05/03/2003,JPM US Select C Net Acc,0.950824099727162,
05/04/2003,JPM US Select C Net Acc,0.950824099727162,
05/05/2003,JPM US Select C Net Acc,0.950824099727162,
05/06/2003,JPM US Select C Net Acc,0.957957063716113,
05/07/2003,JPM US Select C Net Acc,0.965565558637661,
05/08/2003,JPM US Select C Net Acc,0.965565558637661,
05/09/2003,JPM US Select C Net Acc,0.954152816255339,
05/10/2003,JPM US Select C Net Acc,0.954152816255339,
05/11/2003,JPM US Select C Net Acc,0.954152816255339,
05/12/2003,JPM US Select C Net Acc,0.960810249311693,
05/13/2003,JPM US Select C Net Acc,0.975076177289595,
05/14/2003,JPM US Select C Net Acc,0.968894275165838,
05/15/2003,JPM US Select C Net Acc,0.963425669440975,
05/16/2003,JPM US Select C Net Acc,0.969369806098434,
05/17/2003,JPM US Select C Net Acc,0.969369806098434,
05/18/2003,JPM US Select C Net Acc,0.969369806098434,
05/19/2003,JPM US Select C Net Acc,0.959145891047605,
05/20/2003,JPM US Select C Net Acc,0.938222530013349,
05/21/2003,JPM US Select C Net Acc,0.929900738692906,
05/22/2003,JPM US Select C Net Acc,0.941075715608929,
05/23/2003,JPM US Select C Net Acc,0.945831024934896,
05/24/2003,JPM US Select C Net Acc,0.945831024934896,
05/25/2003,JPM US Select C Net Acc,0.945831024934896,
05/26/2003,JPM US Select C Net Acc,0.945831024934896,
05/27/2003,JPM US Select C Net Acc,0.943691135738211,
05/28/2003,JPM US Select C Net Acc,0.965565558637661,
05/29/2003,JPM US Select C Net Acc,0.961761311176887,
05/30/2003,JPM US Select C Net Acc,0.954628347187936,
05/31/2003,JPM US Select C Net Acc,0.954628347187936,
06/01/2003,JPM US Select C Net Acc,0.954628347187936,
06/02/2003,JPM US Select C Net Acc,0.978167128351474,
06/03/2003,JPM US Select C Net Acc,0.979831486615563,
06/04/2003,JPM US Select C Net Acc,0.986488919671917,
06/05/2003,JPM US Select C Net Acc,0.995286241924956,
06/06/2003,JPM US Select C Net Acc,0.98316020314374,
06/07/2003,JPM US Select C Net Acc,0.98316020314374,
06/08/2003,JPM US Select C Net Acc,0.98316020314374,
06/09/2003,JPM US Select C Net Acc,0.990293167132691,
06/10/2003,JPM US Select C Net Acc,0.979355955682966,
06/11/2003,JPM US Select C Net Acc,0.982209141278546,
06/12/2003,JPM US Select C Net Acc,0.988153277936005,
06/13/2003,JPM US Select C Net Acc,0.991957525396779,
06/14/2003,JPM US Select C Net Acc,0.991957525396779,
06/15/2003,JPM US Select C Net Acc,0.991957525396779,
06/16/2003,JPM US Select C Net Acc,0.9743628808907,
06/17/2003,JPM US Select C Net Acc,0.996950600189045,
06/18/2003,JPM US Select C Net Acc,1.00123037858242,
06/19/2003,JPM US Select C Net Acc,1.00503462604319,
06/20/2003,JPM US Select C Net Acc,0.989817636200094,
06/21/2003,JPM US Select C Net Acc,0.989817636200094,
06/22/2003,JPM US Select C Net Acc,0.989817636200094,
06/23/2003,JPM US Select C Net Acc,1.00075484764982,
06/24/2003,JPM US Select C Net Acc,0.981020313947054,
06/25/2003,JPM US Select C Net Acc,0.981495844879651,
06/26/2003,JPM US Select C Net Acc,0.977691597418877,
06/27/2003,JPM US Select C Net Acc,0.994097414593464,
06/28/2003,JPM US Select C Net Acc,0.994097414593464,
06/29/2003,JPM US Select C Net Acc,0.994097414593464,
06/30/2003,JPM US Select C Net Acc,0.986964450604514,
07/01/2003,JPM US Select C Net Acc,0.979831486615563,
07/02/2003,JPM US Select C Net Acc,0.983635734076336,
07/03/2003,JPM US Select C Net Acc,0.99481071099236,
07/04/2003,JPM US Select C Net Acc,0.984824561407828,
07/05/2003,JPM US Select C Net Acc,0.984824561407828,
07/06/2003,JPM US Select C Net Acc,0.984824561407828,
07/07/2003,JPM US Select C Net Acc,0.993621883660868,
07/08/2003,JPM US Select C Net Acc,1.02001385041999,
07/09/2003,JPM US Select C Net Acc,1.02429362881336,
07/10/2003,JPM US Select C Net Acc,1.01882502308849,
07/11/2003,JPM US Select C Net Acc,1.00455909511059,
07/12/2003,JPM US Select C Net Acc,1.00455909511059,
07/13/2003,JPM US Select C Net Acc,1.00455909511059,
07/14/2003,JPM US Select C Net Acc,1.01930055402109,
07/15/2003,JPM US Select C Net Acc,1.03142659280231,
07/16/2003,JPM US Select C Net Acc,1.04141274238684,
07/17/2003,JPM US Select C Net Acc,1.0330909510664,
07/18/2003,JPM US Select C Net Acc,1.02167820868407,
07/19/2003,JPM US Select C Net Acc,1.02167820868407,
07/20/2003,JPM US Select C Net Acc,1.02167820868407,
07/21/2003,JPM US Select C Net Acc,1.03427977839789,
07/22/2003,JPM US Select C Net Acc,1.00907663897026,
07/23/2003,JPM US Select C Net Acc,1.01549630656032,
07/24/2003,JPM US Select C Net Acc,1.00955216990286,
07/25/2003,JPM US Select C Net Acc,1.00123037858242,
07/26/2003,JPM US Select C Net Acc,1.00123037858242,
07/27/2003,JPM US Select C Net Acc,1.00123037858242,
07/28/2003,JPM US Select C Net Acc,1.01383194829623,
07/29/2003,JPM US Select C Net Acc,1.01050323176805,
07/30/2003,JPM US Select C Net Acc,1.00455909511059,
07/31/2003,JPM US Select C Net Acc,1.01121652816695,
08/01/2003,JPM US Select C Net Acc,1.01716066482441,
08/02/2003,JPM US Select C Net Acc,1.01716066482441,
08/03/2003,JPM US Select C Net Acc,1.01716066482441,
08/04/2003,JPM US Select C Net Acc,1.00075484764982,
08/05/2003,JPM US Select C Net Acc,1.00455909511059,
08/06/2003,JPM US Select C Net Acc,0.986488919671917,
08/07/2003,JPM US Select C Net Acc,0.99481071099236,
08/08/2003,JPM US Select C Net Acc,0.997901662054238,
08/09/2003,JPM US Select C Net Acc,0.997901662054238,
08/10/2003,JPM US Select C Net Acc,0.997901662054238,
08/11/2003,JPM US Select C Net Acc,1.01050323176805,
08/12/2003,JPM US Select C Net Acc,1.01002770083545,
08/13/2003,JPM US Select C Net Acc,1.01930055402109,
08/14/2003,JPM US Select C Net Acc,1.01002770083545,
08/15/2003,JPM US Select C Net Acc,1.02001385041999,
08/16/2003,JPM US Select C Net Acc,1.02001385041999,
08/17/2003,JPM US Select C Net Acc,1.02001385041999,
08/18/2003,JPM US Select C Net Acc,1.02548245614485,
08/19/2003,JPM US Select C Net Acc,1.03594413666198,
08/20/2003,JPM US Select C Net Acc,1.03356648199899,
08/21/2003,JPM US Select C Net Acc,1.03523084026308,
08/22/2003,JPM US Select C Net Acc,1.04141274238684,
08/23/2003,JPM US Select C Net Acc,1.04141274238684,
08/24/2003,JPM US Select C Net Acc,1.04141274238684,
08/25/2003,JPM US Select C Net Acc,1.04141274238684,
08/26/2003,JPM US Select C Net Acc,1.04141274238684,
08/27/2003,JPM US Select C Net Acc,1.04069944598794,
08/28/2003,JPM US Select C Net Acc,1.04402816251612,
08/29/2003,JPM US Select C Net Acc,1.04022391505535,
08/30/2003,JPM US Select C Net Acc,1.04022391505535,
08/31/2003,JPM US Select C Net Acc,1.04022391505535,
09/01/2003,JPM US Select C Net Acc,1.05068559557248,
09/02/2003,JPM US Select C Net Acc,1.05330101570176,
09/03/2003,JPM US Select C Net Acc,1.06994459834264,
09/04/2003,JPM US Select C Net Acc,1.06756694367966,
09/05/2003,JPM US Select C Net Acc,1.06328716528629,
09/06/2003,JPM US Select C Net Acc,1.06328716528629,
09/07/2003,JPM US Select C Net Acc,1.06328716528629,
09/08/2003,JPM US Select C Net Acc,1.05282548476916,
09/09/2003,JPM US Select C Net Acc,1.06542705448297,
09/10/2003,JPM US Select C Net Acc,1.05448984303325,
09/11/2003,JPM US Select C Net Acc,1.04188827331944,
09/12/2003,JPM US Select C Net Acc,1.04783240997689,
09/13/2003,JPM US Select C Net Acc,1.04783240997689,
09/14/2003,JPM US Select C Net Acc,1.04783240997689,
09/15/2003,JPM US Select C Net Acc,1.04307710065093,
09/16/2003,JPM US Select C Net Acc,1.04569252078021,
09/17/2003,JPM US Select C Net Acc,1.05567867036474,
09/18/2003,JPM US Select C Net Acc,1.04307710065093,
09/19/2003,JPM US Select C Net Acc,1.05068559557248,
09/20/2003,JPM US Select C Net Acc,1.05068559557248,
09/21/2003,JPM US Select C Net Acc,1.05068559557248,
09/22/2003,JPM US Select C Net Acc,1.03356648199899,
09/23/2003,JPM US Select C Net Acc,1.01549630656032,
09/24/2003,JPM US Select C Net Acc,1.02167820868407,
09/25/2003,JPM US Select C Net Acc,1.00123037858242,
09/26/2003,JPM US Select C Net Acc,0.993146352728271,
09/27/2003,JPM US Select C Net Acc,0.993146352728271,
09/28/2003,JPM US Select C Net Acc,0.993146352728271,
09/29/2003,JPM US Select C Net Acc,0.99481071099236,
09/30/2003,JPM US Select C Net Acc,0.988628808868602,
10/01/2003,JPM US Select C Net Acc,0.988153277936005,
10/02/2003,JPM US Select C Net Acc,1.00455909511059,
10/03/2003,JPM US Select C Net Acc,1.0028947368465,
10/04/2003,JPM US Select C Net Acc,1.0028947368465,
10/05/2003,JPM US Select C Net Acc,1.0028947368465,
10/06/2003,JPM US Select C Net Acc,1.01288088643104,
10/07/2003,JPM US Select C Net Acc,1.01169205909954,
10/08/2003,JPM US Select C Net Acc,1.02381809788076,
10/09/2003,JPM US Select C Net Acc,1.01716066482441,
10/10/2003,JPM US Select C Net Acc,1.02048938135258,
10/11/2003,JPM US Select C Net Acc,1.02048938135258,
10/12/2003,JPM US Select C Net Acc,1.02048938135258,
10/13/2003,JPM US Select C Net Acc,1.02262927054927,
10/14/2003,JPM US Select C Net Acc,1.02881117267303,
10/15/2003,JPM US Select C Net Acc,1.02762234534153,
10/16/2003,JPM US Select C Net Acc,1.02334256694816,
10/17/2003,JPM US Select C Net Acc,1.02476915974595,
10/18/2003,JPM US Select C Net Acc,1.02476915974595,
10/19/2003,JPM US Select C Net Acc,1.02476915974595,
10/20/2003,JPM US Select C Net Acc,1.01335641736363,
10/21/2003,JPM US Select C Net Acc,1.02215373961667,
10/22/2003,JPM US Select C Net Acc,1.01549630656032,
10/23/2003,JPM US Select C Net Acc,0.995761772857553,
10/24/2003,JPM US Select C Net Acc,0.996950600189045,
10/25/2003,JPM US Select C Net Acc,0.996950600189045,
10/26/2003,JPM US Select C Net Acc,0.996950600189045,
10/27/2003,JPM US Select C Net Acc,0.992433056329376,
10/28/2003,JPM US Select C Net Acc,0.994097414593464,
10/29/2003,JPM US Select C Net Acc,0.999566020318327,
10/30/2003,JPM US Select C Net Acc,1.00027931671722,
10/31/2003,JPM US Select C Net Acc,1.00503462604319,
11/01/2003,JPM US Select C Net Acc,1.00503462604319,
11/02/2003,JPM US Select C Net Acc,1.00503462604319,
11/03/2003,JPM US Select C Net Acc,1.00741228070617,
11/04/2003,JPM US Select C Net Acc,1.02476915974595,
11/05/2003,JPM US Select C Net Acc,1.02096491228518,
11/06/2003,JPM US Select C Net Acc,1.02215373961667,
11/07/2003,JPM US Select C Net Acc,1.0330909510664,
11/08/2003,JPM US Select C Net Acc,1.0330909510664,
11/09/2003,JPM US Select C Net Acc,1.0330909510664,
11/10/2003,JPM US Select C Net Acc,1.02595798707745,
11/11/2003,JPM US Select C Net Acc,1.02381809788076,
11/12/2003,JPM US Select C Net Acc,1.01930055402109,
11/13/2003,JPM US Select C Net Acc,1.02476915974595,
11/14/2003,JPM US Select C Net Acc,1.02167820868407,
11/15/2003,JPM US Select C Net Acc,1.02167820868407,
11/16/2003,JPM US Select C Net Acc,1.02167820868407,
11/17/2003,JPM US Select C Net Acc,1.01454524469512,
11/18/2003,JPM US Select C Net Acc,1.01121652816695,
11/19/2003,JPM US Select C Net Acc,0.996950600189045,
11/20/2003,JPM US Select C Net Acc,1.00075484764982,
11/21/2003,JPM US Select C Net Acc,0.994097414593464,
11/22/2003,JPM US Select C Net Acc,0.994097414593464,
11/23/2003,JPM US Select C Net Acc,0.994097414593464,
11/24/2003,JPM US Select C Net Acc,0.998614958453133,
11/25/2003,JPM US Select C Net Acc,1.01169205909954,
11/26/2003,JPM US Select C Net Acc,1.01288088643104,
11/27/2003,JPM US Select C Net Acc,1.00669898430728,
11/28/2003,JPM US Select C Net Acc,1.00455909511059,
11/29/2003,JPM US Select C Net Acc,1.00455909511059,
11/30/2003,JPM US Select C Net Acc,1.00455909511059,
12/01/2003,JPM US Select C Net Acc,1.00075484764982,
12/02/2003,JPM US Select C Net Acc,1.01335641736363,
12/03/2003,JPM US Select C Net Acc,1.00574792244208,
12/04/2003,JPM US Select C Net Acc,1.00907663897026,
12/05/2003,JPM US Select C Net Acc,1.01716066482441,
12/06/2003,JPM US Select C Net Acc,1.01716066482441,
12/07/2003,JPM US Select C Net Acc,1.01716066482441,
12/08/2003,JPM US Select C Net Acc,1.00455909511059,
12/09/2003,JPM US Select C Net Acc,1.00622345337468,
12/10/2003,JPM US Select C Net Acc,0.99909048938573,
12/11/2003,JPM US Select C Net Acc,0.99909048938573,
12/12/2003,JPM US Select C Net Acc,1.00669898430728,
12/13/2003,JPM US Select C Net Acc,1.00669898430728,
12/14/2003,JPM US Select C Net Acc,1.00669898430728,
12/15/2003,JPM US Select C Net Acc,1.01216759003214,
12/16/2003,JPM US Select C Net Acc,1.00669898430728,
12/17/2003,JPM US Select C Net Acc,1.01002770083545,
12/18/2003,JPM US Select C Net Acc,1.00027931671722,
12/19/2003,JPM US Select C Net Acc,1.01002770083545,
12/20/2003,JPM US Select C Net Acc,1.01002770083545,
12/21/2003,JPM US Select C Net Acc,1.01002770083545,
12/22/2003,JPM US Select C Net Acc,1.01288088643104,
12/23/2003,JPM US Select C Net Acc,1.01549630656032,
12/24/2003,JPM US Select C Net Acc,1.01716066482441,
12/25/2003,JPM US Select C Net Acc,1.01716066482441,
12/26/2003,JPM US Select C Net Acc,1.01716066482441,
12/27/2003,JPM US Select C Net Acc,1.01716066482441,
12/28/2003,JPM US Select C Net Acc,1.01716066482441,
12/29/2003,JPM US Select C Net Acc,1.01216759003214,
12/30/2003,JPM US Select C Net Acc,1.02334256694816,
12/31/2003,JPM US Select C Net Acc,1.0183494921559,
01/01/2004,JPM US Select C Net Acc,1.0183494921559,
01/02/2004,JPM US Select C Net Acc,1.01882502308849,
01/03/2004,JPM US Select C Net Acc,1.01882502308849,
01/04/2004,JPM US Select C Net Acc,1.01882502308849,
01/05/2004,JPM US Select C Net Acc,1.00907663897026,
01/06/2004,JPM US Select C Net Acc,1.00955216990286,
01/07/2004,JPM US Select C Net Acc,1.01288088643104,
01/08/2004,JPM US Select C Net Acc,1.01549630656032,
01/09/2004,JPM US Select C Net Acc,1.00574792244208,
01/10/2004,JPM US Select C Net Acc,1.00574792244208,
01/11/2004,JPM US Select C Net Acc,1.00574792244208,
01/12/2004,JPM US Select C Net Acc,0.988153277936005,
01/13/2004,JPM US Select C Net Acc,0.995761772857553,
01/14/2004,JPM US Select C Net Acc,0.99481071099236,
01/15/2004,JPM US Select C Net Acc,1.00907663897026,
01/16/2004,JPM US Select C Net Acc,1.01668513389181,
01/17/2004,JPM US Select C Net Acc,1.01668513389181,
01/18/2004,JPM US Select C Net Acc,1.01668513389181,
01/19/2004,JPM US Select C Net Acc,1.03641966759457,
01/20/2004,JPM US Select C Net Acc,1.02429362881336,
01/21/2004,JPM US Select C Net Acc,1.01169205909954,
01/22/2004,JPM US Select C Net Acc,1.01335641736363,
01/23/2004,JPM US Select C Net Acc,1.00907663897026,
01/24/2004,JPM US Select C Net Acc,1.00907663897026,
01/25/2004,JPM US Select C Net Acc,1.00907663897026,
01/26/2004,JPM US Select C Net Acc,1.01668513389181,
01/27/2004,JPM US Select C Net Acc,1.04069944598794,
01/28/2004,JPM US Select C Net Acc,1.04069944598794,
01/29/2004,JPM US Select C Net Acc,1.00741228070617,
01/30/2004,JPM US Select C Net Acc,1.02262927054927,
01/31/2004,JPM US Select C Net Acc,1.02262927054927,
02/01/2004,JPM US Select C Net Acc,1.02262927054927,
02/02/2004,JPM US Select C Net Acc,1.01383194829623,
02/03/2004,JPM US Select C Net Acc,1.00955216990286,
02/04/2004,JPM US Select C Net Acc,1.00955216990286,
02/05/2004,JPM US Select C Net Acc,1.00669898430728,
02/06/2004,JPM US Select C Net Acc,1.00669898430728,
02/07/2004,JPM US Select C Net Acc,1.00669898430728,
02/08/2004,JPM US Select C Net Acc,1.00669898430728,
02/09/2004,JPM US Select C Net Acc,1.004083564178,
02/10/2004,JPM US Select C Net Acc,0.995286241924956,
02/11/2004,JPM US Select C Net Acc,1.00194367498131,
02/12/2004,JPM US Select C Net Acc,0.997426131121641,
02/13/2004,JPM US Select C Net Acc,0.992433056329376,
02/14/2004,JPM US Select C Net Acc,0.992433056329376,
02/15/2004,JPM US Select C Net Acc,0.992433056329376,
02/16/2004,JPM US Select C Net Acc,0.993146352728271,
02/17/2004,JPM US Select C Net Acc,0.981495844879651,
02/18/2004,JPM US Select C Net Acc,0.989817636200094,
02/19/2004,JPM US Select C Net Acc,0.994097414593464,
02/20/2004,JPM US Select C Net Acc,0.998614958453133,
02/21/2004,JPM US Select C Net Acc,0.998614958453133,
02/22/2004,JPM US Select C Net Acc,0.998614958453133,
02/23/2004,JPM US Select C Net Acc,1.00622345337468,
02/24/2004,JPM US Select C Net Acc,0.99481071099236,
02/25/2004,JPM US Select C Net Acc,0.985300092340425,
02/26/2004,JPM US Select C Net Acc,1.00788781163877,
02/27/2004,JPM US Select C Net Acc,1.01216759003214,
02/28/2004,JPM US Select C Net Acc,1.01216759003214,
02/29/2004,JPM US Select C Net Acc,1.01216759003214,
03/01/2004,JPM US Select C Net Acc,1.0033702677791,
03/02/2004,JPM US Select C Net Acc,1.01454524469512,
03/03/2004,JPM US Select C Net Acc,1.02381809788076,
03/04/2004,JPM US Select C Net Acc,1.02476915974595,
03/05/2004,JPM US Select C Net Acc,1.03427977839789,
03/06/2004,JPM US Select C Net Acc,1.03427977839789,
03/07/2004,JPM US Select C Net Acc,1.03427977839789,
03/08/2004,JPM US Select C Net Acc,1.0183494921559,
03/09/2004,JPM US Select C Net Acc,1.01882502308849,
03/10/2004,JPM US Select C Net Acc,1.02548245614485,
03/11/2004,JPM US Select C Net Acc,1.02262927054927,
03/12/2004,JPM US Select C Net Acc,1.00836334257137,
03/13/2004,JPM US Select C Net Acc,1.00836334257137,
03/14/2004,JPM US Select C Net Acc,1.00836334257137,
03/15/2004,JPM US Select C Net Acc,1.01454524469512,
03/16/2004,JPM US Select C Net Acc,0.99623730379015,
03/17/2004,JPM US Select C Net Acc,1.0028947368465,
03/18/2004,JPM US Select C Net Acc,1.00788781163877,
03/19/2004,JPM US Select C Net Acc,1.00194367498131,
03/20/2004,JPM US Select C Net Acc,1.00194367498131,
03/21/2004,JPM US Select C Net Acc,1.00194367498131,
03/22/2004,JPM US Select C Net Acc,0.985300092340425,
03/23/2004,JPM US Select C Net Acc,0.972698522626612,
03/24/2004,JPM US Select C Net Acc,0.973411819025507,
03/25/2004,JPM US Select C Net Acc,0.989342105267497,
03/26/2004,JPM US Select C Net Acc,0.992433056329376,
03/27/2004,JPM US Select C Net Acc,0.992433056329376,
03/28/2004,JPM US Select C Net Acc,0.992433056329376,
03/29/2004,JPM US Select C Net Acc,0.994097414593464,
03/30/2004,JPM US Select C Net Acc,1.00027931671722,
03/31/2004,JPM US Select C Net Acc,0.999566020318327,
04/01/2004,JPM US Select C Net Acc,0.990768698065287,
04/02/2004,JPM US Select C Net Acc,0.99909048938573,
04/03/2004,JPM US Select C Net Acc,0.99909048938573,
04/04/2004,JPM US Select C Net Acc,0.99909048938573,
04/05/2004,JPM US Select C Net Acc,1.02334256694816,
04/06/2004,JPM US Select C Net Acc,1.02262927054927,
04/07/2004,JPM US Select C Net Acc,1.02096491228518,
04/08/2004,JPM US Select C Net Acc,1.01454524469512,
04/09/2004,JPM US Select C Net Acc,1.01454524469512,
04/10/2004,JPM US Select C Net Acc,1.01454524469512,
04/11/2004,JPM US Select C Net Acc,1.01454524469512,
04/12/2004,JPM US Select C Net Acc,1.01454524469512,
04/13/2004,JPM US Select C Net Acc,1.02548245614485,
04/14/2004,JPM US Select C Net Acc,1.02548245614485,
04/15/2004,JPM US Select C Net Acc,1.03689519852717,
04/16/2004,JPM US Select C Net Acc,1.03523084026308,
04/17/2004,JPM US Select C Net Acc,1.03523084026308,
04/18/2004,JPM US Select C Net Acc,1.03523084026308,
04/19/2004,JPM US Select C Net Acc,1.02595798707745,
04/20/2004,JPM US Select C Net Acc,1.03523084026308,
04/21/2004,JPM US Select C Net Acc,1.03808402585866,
04/22/2004,JPM US Select C Net Acc,1.04188827331944,
04/23/2004,JPM US Select C Net Acc,1.04616805171281,
04/24/2004,JPM US Select C Net Acc,1.04616805171281,
04/25/2004,JPM US Select C Net Acc,1.04616805171281,
04/26/2004,JPM US Select C Net Acc,1.04307710065093,
04/27/2004,JPM US Select C Net Acc,1.03689519852717,
04/28/2004,JPM US Select C Net Acc,1.04355263158352,
04/29/2004,JPM US Select C Net Acc,1.04569252078021,
04/30/2004,JPM US Select C Net Acc,1.03356648199899,
05/01/2004,JPM US Select C Net Acc,1.03356648199899,
05/02/2004,JPM US Select C Net Acc,1.03356648199899,
05/03/2004,JPM US Select C Net Acc,1.03356648199899,
05/04/2004,JPM US Select C Net Acc,1.02714681440894,
05/05/2004,JPM US Select C Net Acc,1.02714681440894,
05/06/2004,JPM US Select C Net Acc,1.03023776547082,
05/07/2004,JPM US Select C Net Acc,1.02215373961667,
05/08/2004,JPM US Select C Net Acc,1.02215373961667,
05/09/2004,JPM US Select C Net Acc,1.02215373961667,
05/10/2004,JPM US Select C Net Acc,1.02048938135258,
05/11/2004,JPM US Select C Net Acc,1.0183494921559,
05/12/2004,JPM US Select C Net Acc,1.01716066482441,
05/13/2004,JPM US Select C Net Acc,1.02167820868407,
05/14/2004,JPM US Select C Net Acc,1.02928670360562,
05/15/2004,JPM US Select C Net Acc,1.02928670360562,
05/16/2004,JPM US Select C Net Acc,1.02928670360562,
05/17/2004,JPM US Select C Net Acc,1.01716066482441,
05/18/2004,JPM US Select C Net Acc,1.00741228070617,
05/19/2004,JPM US Select C Net Acc,1.00574792244208,
05/20/2004,JPM US Select C Net Acc,1.00907663897026,
05/21/2004,JPM US Select C Net Acc,0.995761772857553,
05/22/2004,JPM US Select C Net Acc,0.995761772857553,
05/23/2004,JPM US Select C Net Acc,0.995761772857553,
05/24/2004,JPM US Select C Net Acc,1.00123037858242,
05/25/2004,JPM US Select C Net Acc,0.995761772857553,
05/26/2004,JPM US Select C Net Acc,1.00574792244208,
05/27/2004,JPM US Select C Net Acc,1.00123037858242,
05/28/2004,JPM US Select C Net Acc,1.0028947368465,
05/29/2004,JPM US Select C Net Acc,1.0028947368465,
05/30/2004,JPM US Select C Net Acc,1.0028947368465,
05/31/2004,JPM US Select C Net Acc,1.0028947368465,
06/01/2004,JPM US Select C Net Acc,1.00194367498131,
06/02/2004,JPM US Select C Net Acc,0.996950600189045,
06/03/2004,JPM US Select C Net Acc,1.004083564178,
06/04/2004,JPM US Select C Net Acc,0.996950600189045,
06/05/2004,JPM US Select C Net Acc,0.996950600189045,
06/06/2004,JPM US Select C Net Acc,0.996950600189045,
06/07/2004,JPM US Select C Net Acc,1.00075484764982,
06/08/2004,JPM US Select C Net Acc,1.01668513389181,
06/09/2004,JPM US Select C Net Acc,1.02167820868407,
06/10/2004,JPM US Select C Net Acc,1.01549630656032,
06/11/2004,JPM US Select C Net Acc,1.02548245614485,
06/12/2004,JPM US Select C Net Acc,1.02548245614485,
06/13/2004,JPM US Select C Net Acc,1.02548245614485,
06/14/2004,JPM US Select C Net Acc,1.03142659280231,
06/15/2004,JPM US Select C Net Acc,1.017636195757,
06/16/2004,JPM US Select C Net Acc,1.0183494921559,
06/17/2004,JPM US Select C Net Acc,1.01335641736363,
06/18/2004,JPM US Select C Net Acc,1.01383194829623,
06/19/2004,JPM US Select C Net Acc,1.01383194829623,
06/20/2004,JPM US Select C Net Acc,1.01383194829623,
06/21/2004,JPM US Select C Net Acc,1.01668513389181,
06/22/2004,JPM US Select C Net Acc,1.02167820868407,
06/23/2004,JPM US Select C Net Acc,1.02548245614485,
06/24/2004,JPM US Select C Net Acc,1.03689519852717,
06/25/2004,JPM US Select C Net Acc,1.02881117267303,
06/26/2004,JPM US Select C Net Acc,1.02881117267303,
06/27/2004,JPM US Select C Net Acc,1.02881117267303,
06/28/2004,JPM US Select C Net Acc,1.02381809788076,
06/29/2004,JPM US Select C Net Acc,1.02334256694816,
06/30/2004,JPM US Select C Net Acc,1.03095106186971,
07/01/2004,JPM US Select C Net Acc,1.0330909510664,
07/02/2004,JPM US Select C Net Acc,1.02262927054927,
07/03/2004,JPM US Select C Net Acc,1.02262927054927,
07/04/2004,JPM US Select C Net Acc,1.02262927054927,
07/05/2004,JPM US Select C Net Acc,1.01169205909954,
07/06/2004,JPM US Select C Net Acc,1.01050323176805,
07/07/2004,JPM US Select C Net Acc,0.991957525396779,
07/08/2004,JPM US Select C Net Acc,0.99481071099236,
07/09/2004,JPM US Select C Net Acc,0.985300092340425,
07/10/2004,JPM US Select C Net Acc,0.985300092340425,
07/11/2004,JPM US Select C Net Acc,0.985300092340425,
07/12/2004,JPM US Select C Net Acc,0.984824561407828,
07/13/2004,JPM US Select C Net Acc,0.988628808868602,
07/14/2004,JPM US Select C Net Acc,0.990768698065287,
07/15/2004,JPM US Select C Net Acc,0.991481994464182,
07/16/2004,JPM US Select C Net Acc,0.98601338873932,
07/17/2004,JPM US Select C Net Acc,0.98601338873932,
07/18/2004,JPM US Select C Net Acc,0.98601338873932,
07/19/2004,JPM US Select C Net Acc,0.9743628808907,
07/20/2004,JPM US Select C Net Acc,0.978880424750369,
07/21/2004,JPM US Select C Net Acc,0.992433056329376,
07/22/2004,JPM US Select C Net Acc,0.979355955682966,
07/23/2004,JPM US Select C Net Acc,0.98316020314374,
07/24/2004,JPM US Select C Net Acc,0.98316020314374,
07/25/2004,JPM US Select C Net Acc,0.98316020314374,
07/26/2004,JPM US Select C Net Acc,0.970083102497329,
07/27/2004,JPM US Select C Net Acc,0.965090027705064,
07/28/2004,JPM US Select C Net Acc,0.987677747003408,
07/29/2004,JPM US Select C Net Acc,0.991957525396779,
07/30/2004,JPM US Select C Net Acc,0.996950600189045,
07/31/2004,JPM US Select C Net Acc,0.996950600189045,
08/01/2004,JPM US Select C Net Acc,0.996950600189045,
08/02/2004,JPM US Select C Net Acc,0.990768698065287,
08/03/2004,JPM US Select C Net Acc,1.00123037858242,
08/04/2004,JPM US Select C Net Acc,0.995286241924956,
08/05/2004,JPM US Select C Net Acc,0.990768698065287,
08/06/2004,JPM US Select C Net Acc,0.976502770087385,
08/07/2004,JPM US Select C Net Acc,0.976502770087385,
08/08/2004,JPM US Select C Net Acc,0.976502770087385,
08/09/2004,JPM US Select C Net Acc,0.950348568794565,
08/10/2004,JPM US Select C Net Acc,0.954152816255339,
08/11/2004,JPM US Select C Net Acc,0.971034164362523,
08/12/2004,JPM US Select C Net Acc,0.966278855036556,
08/13/2004,JPM US Select C Net Acc,0.961761311176887,
08/14/2004,JPM US Select C Net Acc,0.961761311176887,
08/15/2004,JPM US Select C Net Acc,0.961761311176887,
08/16/2004,JPM US Select C Net Acc,0.952963988923847,
08/17/2004,JPM US Select C Net Acc,0.971747460761418,
08/18/2004,JPM US Select C Net Acc,0.978880424750369,
08/19/2004,JPM US Select C Net Acc,0.991481994464182,
08/20/2004,JPM US Select C Net Acc,0.989817636200094,
08/21/2004,JPM US Select C Net Acc,0.989817636200094,
08/22/2004,JPM US Select C Net Acc,0.989817636200094,
08/23/2004,JPM US Select C Net Acc,1.00123037858242,
08/24/2004,JPM US Select C Net Acc,1.00455909511059,
08/25/2004,JPM US Select C Net Acc,1.00907663897026,
08/26/2004,JPM US Select C Net Acc,1.017636195757,
08/27/2004,JPM US Select C Net Acc,1.01549630656032,
08/28/2004,JPM US Select C Net Acc,1.01549630656032,
08/29/2004,JPM US Select C Net Acc,1.01549630656032,
08/30/2004,JPM US Select C Net Acc,1.01549630656032,
08/31/2004,JPM US Select C Net Acc,1.01454524469512,
09/01/2004,JPM US Select C Net Acc,1.01454524469512,
09/02/2004,JPM US Select C Net Acc,1.02096491228518,
09/03/2004,JPM US Select C Net Acc,1.03475530933048,
09/04/2004,JPM US Select C Net Acc,1.03475530933048,
09/05/2004,JPM US Select C Net Acc,1.03475530933048,
09/06/2004,JPM US Select C Net Acc,1.03523084026308,
09/07/2004,JPM US Select C Net Acc,1.03808402585866,
09/08/2004,JPM US Select C Net Acc,1.04521698984761,
09/09/2004,JPM US Select C Net Acc,1.03594413666198,
09/10/2004,JPM US Select C Net Acc,1.03523084026308,
09/11/2004,JPM US Select C Net Acc,1.03523084026308,
09/12/2004,JPM US Select C Net Acc,1.03523084026308,
09/13/2004,JPM US Select C Net Acc,1.0330909510664,
09/14/2004,JPM US Select C Net Acc,1.03737072945977,
09/15/2004,JPM US Select C Net Acc,1.04521698984761,
09/16/2004,JPM US Select C Net Acc,1.03855955679126,
09/17/2004,JPM US Select C Net Acc,1.03641966759457,
09/18/2004,JPM US Select C Net Acc,1.03641966759457,
09/19/2004,JPM US Select C Net Acc,1.03641966759457,
09/20/2004,JPM US Select C Net Acc,1.04854570637579,
09/21/2004,JPM US Select C Net Acc,1.03641966759457,
09/22/2004,JPM US Select C Net Acc,1.0468813481117,
09/23/2004,JPM US Select C Net Acc,1.02334256694816,
09/24/2004,JPM US Select C Net Acc,1.02001385041999,
09/25/2004,JPM US Select C Net Acc,1.02001385041999,
09/26/2004,JPM US Select C Net Acc,1.02001385041999,
09/27/2004,JPM US Select C Net Acc,1.02167820868407,
09/28/2004,JPM US Select C Net Acc,1.00955216990286,
09/29/2004,JPM US Select C Net Acc,1.02001385041999,
09/30/2004,JPM US Select C Net Acc,1.02976223453822,
10/01/2004,JPM US Select C Net Acc,1.03427977839789,
10/02/2004,JPM US Select C Net Acc,1.03427977839789,
10/03/2004,JPM US Select C Net Acc,1.03427977839789,
10/04/2004,JPM US Select C Net Acc,1.05234995383656,
10/05/2004,JPM US Select C Net Acc,1.06043397969071,
10/06/2004,JPM US Select C Net Acc,1.0611472760896,
10/07/2004,JPM US Select C Net Acc,1.06756694367966,
10/08/2004,JPM US Select C Net Acc,1.05234995383656,
10/09/2004,JPM US Select C Net Acc,1.05234995383656,
10/10/2004,JPM US Select C Net Acc,1.05234995383656,
10/11/2004,JPM US Select C Net Acc,1.04069944598794,
10/12/2004,JPM US Select C Net Acc,1.0468813481117,
10/13/2004,JPM US Select C Net Acc,1.04307710065093,
10/14/2004,JPM US Select C Net Acc,1.02762234534153,
10/15/2004,JPM US Select C Net Acc,1.02096491228518,
10/16/2004,JPM US Select C Net Acc,1.02096491228518,
10/17/2004,JPM US Select C Net Acc,1.02096491228518,
10/18/2004,JPM US Select C Net Acc,1.02476915974595,
10/19/2004,JPM US Select C Net Acc,1.02762234534153,
10/20/2004,JPM US Select C Net Acc,1.01454524469512,
10/21/2004,JPM US Select C Net Acc,1.00241920591391,
10/22/2004,JPM US Select C Net Acc,1.00907663897026,
10/23/2004,JPM US Select C Net Acc,1.00907663897026,
10/24/2004,JPM US Select C Net Acc,1.00907663897026,
10/25/2004,JPM US Select C Net Acc,0.990293167132691,
10/26/2004,JPM US Select C Net Acc,0.991481994464182,
10/27/2004,JPM US Select C Net Acc,1.00503462604319,
10/28/2004,JPM US Select C Net Acc,1.02714681440894,
10/29/2004,JPM US Select C Net Acc,1.02262927054927,
10/30/2004,JPM US Select C Net Acc,1.02262927054927,
10/31/2004,JPM US Select C Net Acc,1.02262927054927,
11/01/2004,JPM US Select C Net Acc,1.02334256694816,
11/02/2004,JPM US Select C Net Acc,1.02381809788076,
11/03/2004,JPM US Select C Net Acc,1.02262927054927,
11/04/2004,JPM US Select C Net Acc,1.02928670360562,
11/05/2004,JPM US Select C Net Acc,1.0468813481117,
11/06/2004,JPM US Select C Net Acc,1.0468813481117,
11/07/2004,JPM US Select C Net Acc,1.0468813481117,
11/08/2004,JPM US Select C Net Acc,1.04307710065093,
11/09/2004,JPM US Select C Net Acc,1.04307710065093,
11/10/2004,JPM US Select C Net Acc,1.04069944598794,
11/11/2004,JPM US Select C Net Acc,1.04949676824098,
11/12/2004,JPM US Select C Net Acc,1.05496537396585,
11/13/2004,JPM US Select C Net Acc,1.05496537396585,
11/14/2004,JPM US Select C Net Acc,1.05496537396585,
11/15/2004,JPM US Select C Net Acc,1.06043397969071,
11/16/2004,JPM US Select C Net Acc,1.05948291782551,
11/17/2004,JPM US Select C Net Acc,1.04783240997689,
11/18/2004,JPM US Select C Net Acc,1.05496537396585,
11/19/2004,JPM US Select C Net Acc,1.05781855956143,
11/20/2004,JPM US Select C Net Acc,1.05781855956143,
11/21/2004,JPM US Select C Net Acc,1.05781855956143,
11/22/2004,JPM US Select C Net Acc,1.04450369344872,
11/23/2004,JPM US Select C Net Acc,1.04069944598794,
11/24/2004,JPM US Select C Net Acc,1.03641966759457,
11/25/2004,JPM US Select C Net Acc,1.03641966759457,
11/26/2004,JPM US Select C Net Acc,1.03356648199899,
11/27/2004,JPM US Select C Net Acc,1.03356648199899,
11/28/2004,JPM US Select C Net Acc,1.03356648199899,
11/29/2004,JPM US Select C Net Acc,1.03737072945977,
11/30/2004,JPM US Select C Net Acc,1.02429362881336,
12/01/2004,JPM US Select C Net Acc,1.01216759003214,
12/02/2004,JPM US Select C Net Acc,1.02096491228518,
12/03/2004,JPM US Select C Net Acc,1.02643351801004,
12/04/2004,JPM US Select C Net Acc,1.02643351801004,
12/05/2004,JPM US Select C Net Acc,1.02643351801004,
12/06/2004,JPM US Select C Net Acc,1.017636195757,
12/07/2004,JPM US Select C Net Acc,1.01335641736363,
12/08/2004,JPM US Select C Net Acc,1.01454524469512,
12/09/2004,JPM US Select C Net Acc,1.02595798707745,
12/10/2004,JPM US Select C Net Acc,1.03808402585866,
12/11/2004,JPM US Select C Net Acc,1.03808402585866,
12/12/2004,JPM US Select C Net Acc,1.03808402585866,
12/13/2004,JPM US Select C Net Acc,1.0326154201338,
12/14/2004,JPM US Select C Net Acc,1.03641966759457,
12/15/2004,JPM US Select C Net Acc,1.03523084026308,
12/16/2004,JPM US Select C Net Acc,1.03356648199899,
12/17/2004,JPM US Select C Net Acc,1.03855955679126,
12/18/2004,JPM US Select C Net Acc,1.03855955679126,
12/19/2004,JPM US Select C Net Acc,1.03855955679126,
12/20/2004,JPM US Select C Net Acc,1.02762234534153,
12/21/2004,JPM US Select C Net Acc,1.03095106186971,
12/22/2004,JPM US Select C Net Acc,1.05282548476916,
12/23/2004,JPM US Select C Net Acc,1.05330101570176,
12/24/2004,JPM US Select C Net Acc,1.05068559557248,
12/25/2004,JPM US Select C Net Acc,1.05068559557248,
12/26/2004,JPM US Select C Net Acc,1.05068559557248,
12/27/2004,JPM US Select C Net Acc,1.05068559557248,
12/28/2004,JPM US Select C Net Acc,1.05068559557248,
12/29/2004,JPM US Select C Net Acc,1.05401431210065,
12/30/2004,JPM US Select C Net Acc,1.05567867036474,
12/31/2004,JPM US Select C Net Acc,1.04902123730839,
01/01/2005,JPM US Select C Net Acc,1.04902123730839,
01/02/2005,JPM US Select C Net Acc,1.04902123730839,
01/03/2005,JPM US Select C Net Acc,1.04902123730839,
01/04/2005,JPM US Select C Net Acc,1.05948291782551,
01/05/2005,JPM US Select C Net Acc,1.05781855956143,
01/06/2005,JPM US Select C Net Acc,1.05710526316253,
01/07/2005,JPM US Select C Net Acc,1.05829409049402,
01/08/2005,JPM US Select C Net Acc,1.05829409049402,
01/09/2005,JPM US Select C Net Acc,1.05829409049402,
01/10/2005,JPM US Select C Net Acc,1.05995844875811,
01/11/2005,JPM US Select C Net Acc,1.0616228070222,
01/12/2005,JPM US Select C Net Acc,1.05781855956143,
01/13/2005,JPM US Select C Net Acc,1.05781855956143,
01/14/2005,JPM US Select C Net Acc,1.05710526316253,
01/15/2005,JPM US Select C Net Acc,1.05710526316253,
01/16/2005,JPM US Select C Net Acc,1.05710526316253,
01/17/2005,JPM US Select C Net Acc,1.06376269621889,
01/18/2005,JPM US Select C Net Acc,1.0611472760896,
01/19/2005,JPM US Select C Net Acc,1.06542705448297,
01/20/2005,JPM US Select C Net Acc,1.06376269621889,
01/21/2005,JPM US Select C Net Acc,1.05448984303325,
01/22/2005,JPM US Select C Net Acc,1.05448984303325,
01/23/2005,JPM US Select C Net Acc,1.05448984303325,
01/24/2005,JPM US Select C Net Acc,1.03855955679126,
01/25/2005,JPM US Select C Net Acc,1.03641966759457,
01/26/2005,JPM US Select C Net Acc,1.03855955679126,
01/27/2005,JPM US Select C Net Acc,1.04069944598794,
01/28/2005,JPM US Select C Net Acc,1.04236380425203,
01/29/2005,JPM US Select C Net Acc,1.04236380425203,
01/30/2005,JPM US Select C Net Acc,1.04236380425203,
01/31/2005,JPM US Select C Net Acc,1.03855955679126,
02/01/2005,JPM US Select C Net Acc,1.04902123730839,
02/02/2005,JPM US Select C Net Acc,1.05330101570176,
02/03/2005,JPM US Select C Net Acc,1.05496537396585,
02/04/2005,JPM US Select C Net Acc,1.05448984303325,
02/05/2005,JPM US Select C Net Acc,1.05448984303325,
02/06/2005,JPM US Select C Net Acc,1.05448984303325,
02/07/2005,JPM US Select C Net Acc,1.07089566020784,
02/08/2005,JPM US Select C Net Acc,1.07921745152828,
02/09/2005,JPM US Select C Net Acc,1.0758887350001,
02/10/2005,JPM US Select C Net Acc,1.06661588181447,
02/11/2005,JPM US Select C Net Acc,1.06542705448297,
02/12/2005,JPM US Select C Net Acc,1.06542705448297,
02/13/2005,JPM US Select C Net Acc,1.06542705448297,
02/14/2005,JPM US Select C Net Acc,1.06281163435369,
02/15/2005,JPM US Select C Net Acc,1.06376269621889,
02/16/2005,JPM US Select C Net Acc,1.06756694367966,
02/17/2005,JPM US Select C Net Acc,1.06495152355038,
02/18/2005,JPM US Select C Net Acc,1.05615420129734,
02/19/2005,JPM US Select C Net Acc,1.05615420129734,
02/20/2005,JPM US Select C Net Acc,1.05615420129734,
02/21/2005,JPM US Select C Net Acc,1.05401431210065,
02/22/2005,JPM US Select C Net Acc,1.04521698984761,
02/23/2005,JPM US Select C Net Acc,1.0326154201338,
02/24/2005,JPM US Select C Net Acc,1.03737072945977,
02/25/2005,JPM US Select C Net Acc,1.0473568790443,
02/26/2005,JPM US Select C Net Acc,1.0473568790443,
02/27/2005,JPM US Select C Net Acc,1.0473568790443,
02/28/2005,JPM US Select C Net Acc,1.05021006463988,
03/01/2005,JPM US Select C Net Acc,1.04236380425203,
03/02/2005,JPM US Select C Net Acc,1.05496537396585,
03/03/2005,JPM US Select C Net Acc,1.05567867036474,
03/04/2005,JPM US Select C Net Acc,1.05781855956143,
03/05/2005,JPM US Select C Net Acc,1.05781855956143,
03/06/2005,JPM US Select C Net Acc,1.05781855956143,
03/07/2005,JPM US Select C Net Acc,1.06376269621889,
03/08/2005,JPM US Select C Net Acc,1.0620983379548,
03/09/2005,JPM US Select C Net Acc,1.05496537396585,
03/10/2005,JPM US Select C Net Acc,1.04450369344872,
03/11/2005,JPM US Select C Net Acc,1.05021006463988,
03/12/2005,JPM US Select C Net Acc,1.05021006463988,
03/13/2005,JPM US Select C Net Acc,1.05021006463988,
03/14/2005,JPM US Select C Net Acc,1.04236380425203,
03/15/2005,JPM US Select C Net Acc,1.04854570637579,
03/16/2005,JPM US Select C Net Acc,1.03974838412275,
03/17/2005,JPM US Select C Net Acc,1.03023776547082,
03/18/2005,JPM US Select C Net Acc,1.03903508772386,
03/19/2005,JPM US Select C Net Acc,1.03903508772386,
03/20/2005,JPM US Select C Net Acc,1.03903508772386,
03/21/2005,JPM US Select C Net Acc,1.04616805171281,
03/22/2005,JPM US Select C Net Acc,1.04141274238684,
03/23/2005,JPM US Select C Net Acc,1.04188827331944,
03/24/2005,JPM US Select C Net Acc,1.0473568790443,
03/25/2005,JPM US Select C Net Acc,1.0473568790443,
03/26/2005,JPM US Select C Net Acc,1.0473568790443,
03/27/2005,JPM US Select C Net Acc,1.0473568790443,
03/28/2005,JPM US Select C Net Acc,1.0473568790443,
03/29/2005,JPM US Select C Net Acc,1.04521698984761,
03/30/2005,JPM US Select C Net Acc,1.03142659280231,
03/31/2005,JPM US Select C Net Acc,1.0468813481117,
04/01/2005,JPM US Select C Net Acc,1.04402816251612,
04/02/2005,JPM US Select C Net Acc,1.04402816251612,
04/03/2005,JPM US Select C Net Acc,1.04402816251612,
04/04/2005,JPM US Select C Net Acc,1.04616805171281,
04/05/2005,JPM US Select C Net Acc,1.04949676824098,
04/06/2005,JPM US Select C Net Acc,1.04949676824098,
04/07/2005,JPM US Select C Net Acc,1.05282548476916,
04/08/2005,JPM US Select C Net Acc,1.06542705448297,
04/09/2005,JPM US Select C Net Acc,1.06542705448297,
04/10/2005,JPM US Select C Net Acc,1.06542705448297,
04/11/2005,JPM US Select C Net Acc,1.04616805171281,
04/12/2005,JPM US Select C Net Acc,1.04307710065093,
04/13/2005,JPM US Select C Net Acc,1.04949676824098,
04/14/2005,JPM US Select C Net Acc,1.04141274238684,
04/15/2005,JPM US Select C Net Acc,1.03023776547082,
04/16/2005,JPM US Select C Net Acc,1.03023776547082,
04/17/2005,JPM US Select C Net Acc,1.03023776547082,
04/18/2005,JPM US Select C Net Acc,1.00455909511059,
04/19/2005,JPM US Select C Net Acc,1.0033702677791,
04/20/2005,JPM US Select C Net Acc,1.00788781163877,
04/21/2005,JPM US Select C Net Acc,0.99481071099236,
04/22/2005,JPM US Select C Net Acc,1.00955216990286,
04/23/2005,JPM US Select C Net Acc,1.00955216990286,
04/24/2005,JPM US Select C Net Acc,1.00955216990286,
04/25/2005,JPM US Select C Net Acc,1.00455909511059,
04/26/2005,JPM US Select C Net Acc,1.01620960295921,
04/27/2005,JPM US Select C Net Acc,1.01002770083545,
04/28/2005,JPM US Select C Net Acc,1.01216759003214,
04/29/2005,JPM US Select C Net Acc,0.99909048938573,
04/30/2005,JPM US Select C Net Acc,0.99909048938573,
05/01/2005,JPM US Select C Net Acc,0.99909048938573,
05/02/2005,JPM US Select C Net Acc,0.99909048938573,
05/03/2005,JPM US Select C Net Acc,1.02429362881336,
05/04/2005,JPM US Select C Net Acc,1.01620960295921,
05/05/2005,JPM US Select C Net Acc,1.02476915974595,
05/06/2005,JPM US Select C Net Acc,1.02714681440894,
05/07/2005,JPM US Select C Net Acc,1.02714681440894,
05/08/2005,JPM US Select C Net Acc,1.02714681440894,
05/09/2005,JPM US Select C Net Acc,1.03475530933048,
05/10/2005,JPM US Select C Net Acc,1.04141274238684,
05/11/2005,JPM US Select C Net Acc,1.0319021237349,
05/12/2005,JPM US Select C Net Acc,1.04450369344872,
05/13/2005,JPM US Select C Net Acc,1.04188827331944,
05/14/2005,JPM US Select C Net Acc,1.04188827331944,
05/15/2005,JPM US Select C Net Acc,1.04188827331944,
05/16/2005,JPM US Select C Net Acc,1.0473568790443,
05/17/2005,JPM US Select C Net Acc,1.05615420129734,
05/18/2005,JPM US Select C Net Acc,1.06756694367966,
05/19/2005,JPM US Select C Net Acc,1.07374884580342,
05/20/2005,JPM US Select C Net Acc,1.08016851339347,
05/21/2005,JPM US Select C Net Acc,1.08016851339347,
05/22/2005,JPM US Select C Net Acc,1.08016851339347,
05/23/2005,JPM US Select C Net Acc,1.08349722992165,
05/24/2005,JPM US Select C Net Acc,1.08635041551723,
05/25/2005,JPM US Select C Net Acc,1.08896583564651,
05/26/2005,JPM US Select C Net Acc,1.08516158818574,
05/27/2005,JPM US Select C Net Acc,1.09277008310729,
05/28/2005,JPM US Select C Net Acc,1.09277008310729,
05/29/2005,JPM US Select C Net Acc,1.09277008310729,
05/30/2005,JPM US Select C Net Acc,1.09277008310729,
05/31/2005,JPM US Select C Net Acc,1.09728762696695,
06/01/2005,JPM US Select C Net Acc,1.09395891043878,
06/02/2005,JPM US Select C Net Acc,1.10228070175922,
06/03/2005,JPM US Select C Net Acc,1.10228070175922,
06/04/2005,JPM US Select C Net Acc,1.10228070175922,
06/05/2005,JPM US Select C Net Acc,1.10228070175922,
06/06/2005,JPM US Select C Net Acc,1.09443444137137,
06/07/2005,JPM US Select C Net Acc,1.08849030471392,
06/08/2005,JPM US Select C Net Acc,1.08635041551723,
06/09/2005,JPM US Select C Net Acc,1.0906301939106,
06/10/2005,JPM US Select C Net Acc,1.09681209603436,
06/11/2005,JPM US Select C Net Acc,1.09681209603436,
06/12/2005,JPM US Select C Net Acc,1.09681209603436,
06/13/2005,JPM US Select C Net Acc,1.10870036934928,
06/14/2005,JPM US Select C Net Acc,1.10703601108519,
06/15/2005,JPM US Select C Net Acc,1.11036472761337,
06/16/2005,JPM US Select C Net Acc,1.10275623269182,
06/17/2005,JPM US Select C Net Acc,1.10656048015259,
06/18/2005,JPM US Select C Net Acc,1.10656048015259,
06/19/2005,JPM US Select C Net Acc,1.10656048015259,
06/20/2005,JPM US Select C Net Acc,1.11036472761337,
06/21/2005,JPM US Select C Net Acc,1.11416897507414,
06/22/2005,JPM US Select C Net Acc,1.10870036934928,
06/23/2005,JPM US Select C Net Acc,1.11107802401226,
06/24/2005,JPM US Select C Net Acc,1.09823868883215,
06/25/2005,JPM US Select C Net Acc,1.09823868883215,
06/26/2005,JPM US Select C Net Acc,1.09823868883215,
06/27/2005,JPM US Select C Net Acc,1.08682594644983,
06/28/2005,JPM US Select C Net Acc,1.0911057248432,
06/29/2005,JPM US Select C Net Acc,1.10822483841668,
06/30/2005,JPM US Select C Net Acc,1.11535780240563,
07/01/2005,JPM US Select C Net Acc,1.1203508771979,
07/02/2005,JPM US Select C Net Acc,1.1203508771979,
07/03/2005,JPM US Select C Net Acc,1.1203508771979,
07/04/2005,JPM US Select C Net Acc,1.13723222530508,
07/05/2005,JPM US Select C Net Acc,1.14008541090066,
07/06/2005,JPM US Select C Net Acc,1.1488827331537,
07/07/2005,JPM US Select C Net Acc,1.14721837488961,
07/08/2005,JPM US Select C Net Acc,1.15815558633934,
07/09/2005,JPM US Select C Net Acc,1.15815558633934,
07/10/2005,JPM US Select C Net Acc,1.15815558633934,
07/11/2005,JPM US Select C Net Acc,1.16528855032829,
07/12/2005,JPM US Select C Net Acc,1.15601569714265,
07/13/2005,JPM US Select C Net Acc,1.16029547553602,
07/14/2005,JPM US Select C Net Acc,1.16576408126088,
07/15/2005,JPM US Select C Net Acc,1.16790397045757,
07/16/2005,JPM US Select C Net Acc,1.16790397045757,
07/17/2005,JPM US Select C Net Acc,1.16790397045757,
07/18/2005,JPM US Select C Net Acc,1.1778901200421,
07/19/2005,JPM US Select C Net Acc,1.17622576177801,
07/20/2005,JPM US Select C Net Acc,1.18288319483437,
07/21/2005,JPM US Select C Net Acc,1.18335872576696,
07/22/2005,JPM US Select C Net Acc,1.17622576177801,
07/23/2005,JPM US Select C Net Acc,1.17622576177801,
07/24/2005,JPM US Select C Net Acc,1.17622576177801,
07/25/2005,JPM US Select C Net Acc,1.18716297322774,
07/26/2005,JPM US Select C Net Acc,1.18121883657028,
07/27/2005,JPM US Select C Net Acc,1.18454755309845,
07/28/2005,JPM US Select C Net Acc,1.18335872576696,
07/29/2005,JPM US Select C Net Acc,1.18335872576696,
07/30/2005,JPM US Select C Net Acc,1.18335872576696,
07/31/2005,JPM US Select C Net Acc,1.18335872576696,
08/01/2005,JPM US Select C Net Acc,1.16528855032829,
08/02/2005,JPM US Select C Net Acc,1.1640997229968,
08/03/2005,JPM US Select C Net Acc,1.16695290859238,
08/04/2005,JPM US Select C Net Acc,1.16695290859238,
08/05/2005,JPM US Select C Net Acc,1.15815558633934,
08/06/2005,JPM US Select C Net Acc,1.15815558633934,
08/07/2005,JPM US Select C Net Acc,1.15815558633934,
08/08/2005,JPM US Select C Net Acc,1.14388965836143,
08/09/2005,JPM US Select C Net Acc,1.14341412742884,
08/10/2005,JPM US Select C Net Acc,1.14341412742884,
08/11/2005,JPM US Select C Net Acc,1.13723222530508,
08/12/2005,JPM US Select C Net Acc,1.13723222530508,
08/13/2005,JPM US Select C Net Acc,1.13723222530508,
08/14/2005,JPM US Select C Net Acc,1.13723222530508,
08/15/2005,JPM US Select C Net Acc,1.13509233610839,
08/16/2005,JPM US Select C Net Acc,1.13889658356917,
08/17/2005,JPM US Select C Net Acc,1.12367959372607,
08/18/2005,JPM US Select C Net Acc,1.12677054478795,
08/19/2005,JPM US Select C Net Acc,1.13176361958022,
08/20/2005,JPM US Select C Net Acc,1.13176361958022,
08/21/2005,JPM US Select C Net Acc,1.13176361958022,
08/22/2005,JPM US Select C Net Acc,1.13128808864762,
08/23/2005,JPM US Select C Net Acc,1.13342797784431,
08/24/2005,JPM US Select C Net Acc,1.13295244691171,
08/25/2005,JPM US Select C Net Acc,1.12082640813049,
08/26/2005,JPM US Select C Net Acc,1.12249076639458,
08/27/2005,JPM US Select C Net Acc,1.12249076639458,
08/28/2005,JPM US Select C Net Acc,1.12249076639458,
08/29/2005,JPM US Select C Net Acc,1.12249076639458,
08/30/2005,JPM US Select C Net Acc,1.13628116343989,
08/31/2005,JPM US Select C Net Acc,1.13295244691171,
09/01/2005,JPM US Select C Net Acc,1.12581948292276,
09/02/2005,JPM US Select C Net Acc,1.11036472761337,
09/03/2005,JPM US Select C Net Acc,1.11036472761337,
09/04/2005,JPM US Select C Net Acc,1.11036472761337,
09/05/2005,JPM US Select C Net Acc,1.10109187442773,
09/06/2005,JPM US Select C Net Acc,1.10394506002331,
09/07/2005,JPM US Select C Net Acc,1.1191620498664,
09/08/2005,JPM US Select C Net Acc,1.12249076639458,
09/09/2005,JPM US Select C Net Acc,1.12201523546198,
09/10/2005,JPM US Select C Net Acc,1.12201523546198,
09/11/2005,JPM US Select C Net Acc,1.12201523546198,
09/12/2005,JPM US Select C Net Acc,1.13509233610839,
09/13/2005,JPM US Select C Net Acc,1.13794552170398,
09/14/2005,JPM US Select C Net Acc,1.13009926131613,
09/15/2005,JPM US Select C Net Acc,1.1339035087769,
09/16/2005,JPM US Select C Net Acc,1.13342797784431,
09/17/2005,JPM US Select C Net Acc,1.13342797784431,
09/18/2005,JPM US Select C Net Acc,1.13342797784431,
09/19/2005,JPM US Select C Net Acc,1.14650507849072,
09/20/2005,JPM US Select C Net Acc,1.13937211450177,
09/21/2005,JPM US Select C Net Acc,1.12962373038353,
09/22/2005,JPM US Select C Net Acc,1.12367959372607,
09/23/2005,JPM US Select C Net Acc,1.13628116343989,
09/24/2005,JPM US Select C Net Acc,1.13628116343989,
09/25/2005,JPM US Select C Net Acc,1.13628116343989,
09/26/2005,JPM US Select C Net Acc,1.14721837488961,
09/27/2005,JPM US Select C Net Acc,1.15149815328298,
09/28/2005,JPM US Select C Net Acc,1.15102262235039,
09/29/2005,JPM US Select C Net Acc,1.15268698061447,
09/30/2005,JPM US Select C Net Acc,1.16148430286751,
10/01/2005,JPM US Select C Net Acc,1.16148430286751,
10/02/2005,JPM US Select C Net Acc,1.16148430286751,
10/03/2005,JPM US Select C Net Acc,1.17075715605315,
10/04/2005,JPM US Select C Net Acc,1.16742843952497,
10/05/2005,JPM US Select C Net Acc,1.1493582640863,
10/06/2005,JPM US Select C Net Acc,1.12914819945094,
10/07/2005,JPM US Select C Net Acc,1.12249076639458,
10/08/2005,JPM US Select C Net Acc,1.12249076639458,
10/09/2005,JPM US Select C Net Acc,1.12249076639458,
10/10/2005,JPM US Select C Net Acc,1.13176361958022,
10/11/2005,JPM US Select C Net Acc,1.12629501385536,
10/12/2005,JPM US Select C Net Acc,1.12748384118685,
10/13/2005,JPM US Select C Net Acc,1.11654662973712,
10/14/2005,JPM US Select C Net Acc,1.11488227147303,
10/15/2005,JPM US Select C Net Acc,1.11488227147303,
10/16/2005,JPM US Select C Net Acc,1.11488227147303,
10/17/2005,JPM US Select C Net Acc,1.11702216066972,
10/18/2005,JPM US Select C Net Acc,1.12962373038353,
10/19/2005,JPM US Select C Net Acc,1.10941366574817,
10/20/2005,JPM US Select C Net Acc,1.1203508771979,
10/21/2005,JPM US Select C Net Acc,1.09942751616364,
10/22/2005,JPM US Select C Net Acc,1.09942751616364,
10/23/2005,JPM US Select C Net Acc,1.09942751616364,
10/24/2005,JPM US Select C Net Acc,1.10608494921999,
10/25/2005,JPM US Select C Net Acc,1.11797322253491,
10/26/2005,JPM US Select C Net Acc,1.11654662973712,
10/27/2005,JPM US Select C Net Acc,1.1053716528211,
10/28/2005,JPM US Select C Net Acc,1.09514773777027,
10/29/2005,JPM US Select C Net Acc,1.09514773777027,
10/30/2005,JPM US Select C Net Acc,1.09514773777027,
10/31/2005,JPM US Select C Net Acc,1.11535780240563,
11/01/2005,JPM US Select C Net Acc,1.12914819945094,
11/02/2005,JPM US Select C Net Acc,1.12914819945094,
11/03/2005,JPM US Select C Net Acc,1.13176361958022,
11/04/2005,JPM US Select C Net Acc,1.14484072022663,
11/05/2005,JPM US Select C Net Acc,1.14484072022663,
11/06/2005,JPM US Select C Net Acc,1.14484072022663,
11/07/2005,JPM US Select C Net Acc,1.15649122807525,
11/08/2005,JPM US Select C Net Acc,1.16790397045757,
11/09/2005,JPM US Select C Net Acc,1.1636241920642,
11/10/2005,JPM US Select C Net Acc,1.15768005540674,
11/11/2005,JPM US Select C Net Acc,1.17456140351392,
11/12/2005,JPM US Select C Net Acc,1.17456140351392,
11/13/2005,JPM US Select C Net Acc,1.17456140351392,
11/14/2005,JPM US Select C Net Acc,1.17503693444652,
11/15/2005,JPM US Select C Net Acc,1.18169436750287,
11/16/2005,JPM US Select C Net Acc,1.18216989843547,
11/17/2005,JPM US Select C Net Acc,1.19049168975591,
11/18/2005,JPM US Select C Net Acc,1.20570867959901,
11/19/2005,JPM US Select C Net Acc,1.20570867959901,
11/20/2005,JPM US Select C Net Acc,1.20570867959901,
11/21/2005,JPM US Select C Net Acc,1.20808633426199,
11/22/2005,JPM US Select C Net Acc,1.21997460757691,
11/23/2005,JPM US Select C Net Acc,1.21902354571172,
11/24/2005,JPM US Select C Net Acc,1.2211634349084,
11/25/2005,JPM US Select C Net Acc,1.22330332410509,
11/26/2005,JPM US Select C Net Acc,1.22330332410509,
11/27/2005,JPM US Select C Net Acc,1.22330332410509,
11/28/2005,JPM US Select C Net Acc,1.23281394275702,
11/29/2005,JPM US Select C Net Acc,1.21070175439128,
11/30/2005,JPM US Select C Net Acc,1.20975069252608,
12/01/2005,JPM US Select C Net Acc,1.20309325946973,
12/02/2005,JPM US Select C Net Acc,1.21902354571172,
12/03/2005,JPM US Select C Net Acc,1.21902354571172,
12/04/2005,JPM US Select C Net Acc,1.21902354571172,
12/05/2005,JPM US Select C Net Acc,1.21355493998686,
12/06/2005,JPM US Select C Net Acc,1.21355493998686,
12/07/2005,JPM US Select C Net Acc,1.21403047091945,
12/08/2005,JPM US Select C Net Acc,1.19976454294155,
12/09/2005,JPM US Select C Net Acc,1.19477146814928,
12/10/2005,JPM US Select C Net Acc,1.19477146814928,
12/11/2005,JPM US Select C Net Acc,1.19477146814928,
12/12/2005,JPM US Select C Net Acc,1.18930286242442,
12/13/2005,JPM US Select C Net Acc,1.18882733149183,
12/14/2005,JPM US Select C Net Acc,1.19429593721669,
12/15/2005,JPM US Select C Net Acc,1.19762465374486,
12/16/2005,JPM US Select C Net Acc,1.19810018467746,
12/17/2005,JPM US Select C Net Acc,1.19810018467746,
12/18/2005,JPM US Select C Net Acc,1.19810018467746,
12/19/2005,JPM US Select C Net Acc,1.19596029548078,
12/20/2005,JPM US Select C Net Acc,1.18549861496365,
12/21/2005,JPM US Select C Net Acc,1.19881348107636,
12/22/2005,JPM US Select C Net Acc,1.20975069252608,
12/23/2005,JPM US Select C Net Acc,1.21688365651503,
12/24/2005,JPM US Select C Net Acc,1.21688365651503,
12/25/2005,JPM US Select C Net Acc,1.21688365651503,
12/26/2005,JPM US Select C Net Acc,1.21688365651503,
12/27/2005,JPM US Select C Net Acc,1.21688365651503,
12/28/2005,JPM US Select C Net Acc,1.20570867959901,
12/29/2005,JPM US Select C Net Acc,1.21688365651503,
12/30/2005,JPM US Select C Net Acc,1.21355493998686,
12/31/2005,JPM US Select C Net Acc,1.21355493998686,
01/01/2006,JPM US Select C Net Acc,1.21355493998686,
01/02/2006,JPM US Select C Net Acc,1.21355493998686,
01/03/2006,JPM US Select C Net Acc,1.20024007387415,
01/04/2006,JPM US Select C Net Acc,1.20523314866641,
01/05/2006,JPM US Select C Net Acc,1.20975069252608,
01/06/2006,JPM US Select C Net Acc,1.2064219759979,
01/07/2006,JPM US Select C Net Acc,1.2064219759979,
01/08/2006,JPM US Select C Net Acc,1.2064219759979,
01/09/2006,JPM US Select C Net Acc,1.21141505079017,
01/10/2006,JPM US Select C Net Acc,1.21284164358796,
01/11/2006,JPM US Select C Net Acc,1.22068790397581,
01/12/2006,JPM US Select C Net Acc,1.21854801477912,
01/13/2006,JPM US Select C Net Acc,1.21284164358796,
01/14/2006,JPM US Select C Net Acc,1.21284164358796,
01/15/2006,JPM US Select C Net Acc,1.21284164358796,
01/16/2006,JPM US Select C Net Acc,1.21189058172277,
01/17/2006,JPM US Select C Net Acc,1.21783471838023,
01/18/2006,JPM US Select C Net Acc,1.20856186519459,
01/19/2006,JPM US Select C Net Acc,1.21284164358796,
01/20/2006,JPM US Select C Net Acc,1.21617036011614,
01/21/2006,JPM US Select C Net Acc,1.21617036011614,
01/22/2006,JPM US Select C Net Acc,1.21617036011614,
01/23/2006,JPM US Select C Net Acc,1.1774145891095,
01/24/2006,JPM US Select C Net Acc,1.17955447830619,
01/25/2006,JPM US Select C Net Acc,1.17575023084542,
01/26/2006,JPM US Select C Net Acc,1.18050554017138,
01/27/2006,JPM US Select C Net Acc,1.19382040628409,
01/28/2006,JPM US Select C Net Acc,1.19382040628409,
01/29/2006,JPM US Select C Net Acc,1.19382040628409,
01/30/2006,JPM US Select C Net Acc,1.20975069252608,
01/31/2006,JPM US Select C Net Acc,1.2068975069305,
02/01/2006,JPM US Select C Net Acc,1.20024007387415,
02/02/2006,JPM US Select C Net Acc,1.20356879040232,
02/03/2006,JPM US Select C Net Acc,1.19168051708741,
02/04/2006,JPM US Select C Net Acc,1.19168051708741,
02/05/2006,JPM US Select C Net Acc,1.19168051708741,
02/06/2006,JPM US Select C Net Acc,1.20261772853713,
02/07/2006,JPM US Select C Net Acc,1.2064219759979,
02/08/2006,JPM US Select C Net Acc,1.19976454294155,
02/09/2006,JPM US Select C Net Acc,1.20975069252608,
02/10/2006,JPM US Select C Net Acc,1.20475761773382,
02/11/2006,JPM US Select C Net Acc,1.20475761773382,
02/12/2006,JPM US Select C Net Acc,1.20475761773382,
02/13/2006,JPM US Select C Net Acc,1.21189058172277,
02/14/2006,JPM US Select C Net Acc,1.20975069252608,
02/15/2006,JPM US Select C Net Acc,1.21997460757691,
02/16/2006,JPM US Select C Net Acc,1.22996075716144,
02/17/2006,JPM US Select C Net Acc,1.2366181902178,
02/18/2006,JPM US Select C Net Acc,1.2366181902178,
02/19/2006,JPM US Select C Net Acc,1.2366181902178,
02/20/2006,JPM US Select C Net Acc,1.22948522622885,
02/21/2006,JPM US Select C Net Acc,1.22877192982995,
02/22/2006,JPM US Select C Net Acc,1.22710757156586,
02/23/2006,JPM US Select C Net Acc,1.22996075716144,
02/24/2006,JPM US Select C Net Acc,1.22615650970067,
02/25/2006,JPM US Select C Net Acc,1.22615650970067,
02/26/2006,JPM US Select C Net Acc,1.22615650970067,
02/27/2006,JPM US Select C Net Acc,1.2354293628863,
02/28/2006,JPM US Select C Net Acc,1.2359048938189,
03/01/2006,JPM US Select C Net Acc,1.21735918744763,
03/02/2006,JPM US Select C Net Acc,1.23709372115039,
03/03/2006,JPM US Select C Net Acc,1.22829639889735,
03/04/2006,JPM US Select C Net Acc,1.22829639889735,
03/05/2006,JPM US Select C Net Acc,1.22829639889735,
03/06/2006,JPM US Select C Net Acc,1.22710757156586,
03/07/2006,JPM US Select C Net Acc,1.22948522622885,
03/08/2006,JPM US Select C Net Acc,1.22568097876807,
03/09/2006,JPM US Select C Net Acc,1.22615650970067,
03/10/2006,JPM US Select C Net Acc,1.221638965841,
03/11/2006,JPM US Select C Net Acc,1.221638965841,
03/12/2006,JPM US Select C Net Acc,1.221638965841,
03/13/2006,JPM US Select C Net Acc,1.23875807941448,
03/14/2006,JPM US Select C Net Acc,1.2359048938189,
03/15/2006,JPM US Select C Net Acc,1.24256232687526,
03/16/2006,JPM US Select C Net Acc,1.24803093260012,
03/17/2006,JPM US Select C Net Acc,1.24422668513934,
03/18/2006,JPM US Select C Net Acc,1.24422668513934,
03/19/2006,JPM US Select C Net Acc,1.24422668513934,
03/20/2006,JPM US Select C Net Acc,1.24684210526863,
03/21/2006,JPM US Select C Net Acc,1.24803093260012,
03/22/2006,JPM US Select C Net Acc,1.23970914127968,
03/23/2006,JPM US Select C Net Acc,1.25183518006089,
03/24/2006,JPM US Select C Net Acc,1.25397506925758,
03/25/2006,JPM US Select C Net Acc,1.25397506925758,
03/26/2006,JPM US Select C Net Acc,1.25397506925758,
03/27/2006,JPM US Select C Net Acc,1.24636657433603,
03/28/2006,JPM US Select C Net Acc,1.24375115420675,
03/29/2006,JPM US Select C Net Acc,1.24303785780785,
03/30/2006,JPM US Select C Net Acc,1.25254847645979,
03/31/2006,JPM US Select C Net Acc,1.25349953832498,
04/01/2006,JPM US Select C Net Acc,1.25349953832498,
04/02/2006,JPM US Select C Net Acc,1.25349953832498,
04/03/2006,JPM US Select C Net Acc,1.25397506925758,
04/04/2006,JPM US Select C Net Acc,1.24541551247084,
04/05/2006,JPM US Select C Net Acc,1.24541551247084,
04/06/2006,JPM US Select C Net Acc,1.24636657433603,
04/07/2006,JPM US Select C Net Acc,1.24969529086421,
04/08/2006,JPM US Select C Net Acc,1.24969529086421,
04/09/2006,JPM US Select C Net Acc,1.24969529086421,
04/10/2006,JPM US Select C Net Acc,1.23970914127968,
04/11/2006,JPM US Select C Net Acc,1.24137349954376,
04/12/2006,JPM US Select C Net Acc,1.22449215143658,
04/13/2006,JPM US Select C Net Acc,1.22877192982995,
04/14/2006,JPM US Select C Net Acc,1.22877192982995,
04/15/2006,JPM US Select C Net Acc,1.22877192982995,
04/16/2006,JPM US Select C Net Acc,1.22877192982995,
04/17/2006,JPM US Select C Net Acc,1.22877192982995,
04/18/2006,JPM US Select C Net Acc,1.21189058172277,
04/19/2006,JPM US Select C Net Acc,1.22449215143658,
04/20/2006,JPM US Select C Net Acc,1.22877192982995,
04/21/2006,JPM US Select C Net Acc,1.22996075716144,
04/22/2006,JPM US Select C Net Acc,1.22996075716144,
04/23/2006,JPM US Select C Net Acc,1.22996075716144,
04/24/2006,JPM US Select C Net Acc,1.22282779317249,
04/25/2006,JPM US Select C Net Acc,1.22401662050398,
04/26/2006,JPM US Select C Net Acc,1.21783471838023,
04/27/2006,JPM US Select C Net Acc,1.221638965841,
04/28/2006,JPM US Select C Net Acc,1.2068975069305,
04/29/2006,JPM US Select C Net Acc,1.2068975069305,
04/30/2006,JPM US Select C Net Acc,1.2068975069305,
05/01/2006,JPM US Select C Net Acc,1.2068975069305,
05/02/2006,JPM US Select C Net Acc,1.18668744229514,
05/03/2006,JPM US Select C Net Acc,1.18930286242442,
05/04/2006,JPM US Select C Net Acc,1.18383425669956,
05/05/2006,JPM US Select C Net Acc,1.18454755309845,
05/06/2006,JPM US Select C Net Acc,1.18454755309845,
05/07/2006,JPM US Select C Net Acc,1.18454755309845,
05/08/2006,JPM US Select C Net Acc,1.18763850416033,
05/09/2006,JPM US Select C Net Acc,1.19168051708741,
05/10/2006,JPM US Select C Net Acc,1.18882733149183,
05/11/2006,JPM US Select C Net Acc,1.18335872576696,
05/12/2006,JPM US Select C Net Acc,1.14983379501889,
05/13/2006,JPM US Select C Net Acc,1.14983379501889,
05/14/2006,JPM US Select C Net Acc,1.14983379501889,
05/15/2006,JPM US Select C Net Acc,1.14555401662552,
05/16/2006,JPM US Select C Net Acc,1.14602954755812,
05/17/2006,JPM US Select C Net Acc,1.13628116343989,
05/18/2006,JPM US Select C Net Acc,1.12296629732718,
05/19/2006,JPM US Select C Net Acc,1.12130193906309,
05/20/2006,JPM US Select C Net Acc,1.12130193906309,
05/21/2006,JPM US Select C Net Acc,1.12130193906309,
05/22/2006,JPM US Select C Net Acc,1.12510618652386,
05/23/2006,JPM US Select C Net Acc,1.11702216066972,
05/24/2006,JPM US Select C Net Acc,1.11036472761337,
05/25/2006,JPM US Select C Net Acc,1.1191620498664,
05/26/2006,JPM US Select C Net Acc,1.1346168051758,
05/27/2006,JPM US Select C Net Acc,1.1346168051758,
05/28/2006,JPM US Select C Net Acc,1.1346168051758,
05/29/2006,JPM US Select C Net Acc,1.1346168051758,
05/30/2006,JPM US Select C Net Acc,1.13723222530508,
05/31/2006,JPM US Select C Net Acc,1.11797322253491,
06/01/2006,JPM US Select C Net Acc,1.13628116343989,
06/02/2006,JPM US Select C Net Acc,1.14983379501889,
06/03/2006,JPM US Select C Net Acc,1.14983379501889,
06/04/2006,JPM US Select C Net Acc,1.14983379501889,
06/05/2006,JPM US Select C Net Acc,1.14270083102994,
06/06/2006,JPM US Select C Net Acc,1.13081255771502,
06/07/2006,JPM US Select C Net Acc,1.13176361958022,
06/08/2006,JPM US Select C Net Acc,1.13223915051281,
06/09/2006,JPM US Select C Net Acc,1.13794552170398,
06/10/2006,JPM US Select C Net Acc,1.13794552170398,
06/11/2006,JPM US Select C Net Acc,1.13794552170398,
06/12/2006,JPM US Select C Net Acc,1.13223915051281,
06/13/2006,JPM US Select C Net Acc,1.11797322253491,
06/14/2006,JPM US Select C Net Acc,1.10822483841668,
06/15/2006,JPM US Select C Net Acc,1.10870036934928,
06/16/2006,JPM US Select C Net Acc,1.13128808864762,
06/17/2006,JPM US Select C Net Acc,1.13128808864762,
06/18/2006,JPM US Select C Net Acc,1.13128808864762,
06/19/2006,JPM US Select C Net Acc,1.13342797784431,
06/20/2006,JPM US Select C Net Acc,1.12581948292276,
06/21/2006,JPM US Select C Net Acc,1.12463065559127,
06/22/2006,JPM US Select C Net Acc,1.14174976916475,
06/23/2006,JPM US Select C Net Acc,1.14270083102994,
06/24/2006,JPM US Select C Net Acc,1.14270083102994,
06/25/2006,JPM US Select C Net Acc,1.14270083102994,
06/26/2006,JPM US Select C Net Acc,1.14341412742884,
06/27/2006,JPM US Select C Net Acc,1.14983379501889,
06/28/2006,JPM US Select C Net Acc,1.13889658356917,
06/29/2006,JPM US Select C Net Acc,1.15054709141779,
06/30/2006,JPM US Select C Net Acc,1.16029547553602,
07/01/2006,JPM US Select C Net Acc,1.16029547553602,
07/02/2006,JPM US Select C Net Acc,1.16029547553602,
07/03/2006,JPM US Select C Net Acc,1.15435133887856,
07/04/2006,JPM US Select C Net Acc,1.16148430286751,
07/05/2006,JPM US Select C Net Acc,1.16148430286751,
07/06/2006,JPM US Select C Net Acc,1.15981994460343,
07/07/2006,JPM US Select C Net Acc,1.15863111727193,
07/08/2006,JPM US Select C Net Acc,1.15863111727193,
07/09/2006,JPM US Select C Net Acc,1.15863111727193,
07/10/2006,JPM US Select C Net Acc,1.15149815328298,
07/11/2006,JPM US Select C Net Acc,1.15530240074376,
07/12/2006,JPM US Select C Net Acc,1.15863111727193,
07/13/2006,JPM US Select C Net Acc,1.14816943675481,
07/14/2006,JPM US Select C Net Acc,1.13128808864762,
07/15/2006,JPM US Select C Net Acc,1.13128808864762,
07/16/2006,JPM US Select C Net Acc,1.13128808864762,
07/17/2006,JPM US Select C Net Acc,1.13937211450177,
07/18/2006,JPM US Select C Net Acc,1.12962373038353,
07/19/2006,JPM US Select C Net Acc,1.13223915051281,
07/20/2006,JPM US Select C Net Acc,1.13889658356917,
07/21/2006,JPM US Select C Net Acc,1.12415512465867,
07/22/2006,JPM US Select C Net Acc,1.12415512465867,
07/23/2006,JPM US Select C Net Acc,1.12415512465867,
07/24/2006,JPM US Select C Net Acc,1.1203508771979,
07/25/2006,JPM US Select C Net Acc,1.13842105263657,
07/26/2006,JPM US Select C Net Acc,1.15149815328298,
07/27/2006,JPM US Select C Net Acc,1.13628116343989,
07/28/2006,JPM US Select C Net Acc,1.13342797784431,
07/29/2006,JPM US Select C Net Acc,1.13342797784431,
07/30/2006,JPM US Select C Net Acc,1.13342797784431,
07/31/2006,JPM US Select C Net Acc,1.14103647276585,
08/01/2006,JPM US Select C Net Acc,1.13889658356917,
08/02/2006,JPM US Select C Net Acc,1.12843490305204,
08/03/2006,JPM US Select C Net Acc,1.13509233610839,
08/04/2006,JPM US Select C Net Acc,1.13009926131613,
08/05/2006,JPM US Select C Net Acc,1.13009926131613,
08/06/2006,JPM US Select C Net Acc,1.13009926131613,
08/07/2006,JPM US Select C Net Acc,1.11702216066972,
08/08/2006,JPM US Select C Net Acc,1.11583333333823,
08/09/2006,JPM US Select C Net Acc,1.11107802401226,
08/10/2006,JPM US Select C Net Acc,1.11107802401226,
08/11/2006,JPM US Select C Net Acc,1.12082640813049,
08/12/2006,JPM US Select C Net Acc,1.12082640813049,
08/13/2006,JPM US Select C Net Acc,1.12082640813049,
08/14/2006,JPM US Select C Net Acc,1.12082640813049,
08/15/2006,JPM US Select C Net Acc,1.12249076639458,
08/16/2006,JPM US Select C Net Acc,1.13675669437248,
08/17/2006,JPM US Select C Net Acc,1.14341412742884,
08/18/2006,JPM US Select C Net Acc,1.15316251154707,
08/19/2006,JPM US Select C Net Acc,1.15316251154707,
08/20/2006,JPM US Select C Net Acc,1.15316251154707,
08/21/2006,JPM US Select C Net Acc,1.15102262235039,
08/22/2006,JPM US Select C Net Acc,1.1488827331537,
08/23/2006,JPM US Select C Net Acc,1.1488827331537,
08/24/2006,JPM US Select C Net Acc,1.14270083102994,
08/25/2006,JPM US Select C Net Acc,1.14721837488961,
08/26/2006,JPM US Select C Net Acc,1.14721837488961,
08/27/2006,JPM US Select C Net Acc,1.14721837488961,
08/28/2006,JPM US Select C Net Acc,1.14721837488961,
08/29/2006,JPM US Select C Net Acc,1.14650507849072,
08/30/2006,JPM US Select C Net Acc,1.15054709141779,
08/31/2006,JPM US Select C Net Acc,1.14721837488961,
09/01/2006,JPM US Select C Net Acc,1.1488827331537,
09/02/2006,JPM US Select C Net Acc,1.1488827331537,
09/03/2006,JPM US Select C Net Acc,1.1488827331537,
09/04/2006,JPM US Select C Net Acc,1.15316251154707,
09/05/2006,JPM US Select C Net Acc,1.15696675900784,
09/06/2006,JPM US Select C Net Acc,1.16742843952497,
09/07/2006,JPM US Select C Net Acc,1.15863111727193,
09/08/2006,JPM US Select C Net Acc,1.15910664820453,
09/09/2006,JPM US Select C Net Acc,1.15910664820453,
09/10/2006,JPM US Select C Net Acc,1.15910664820453,
09/11/2006,JPM US Select C Net Acc,1.16528855032829,
09/12/2006,JPM US Select C Net Acc,1.16029547553602,
09/13/2006,JPM US Select C Net Acc,1.17337257618243,
09/14/2006,JPM US Select C Net Acc,1.17242151431724,
09/15/2006,JPM US Select C Net Acc,1.17408587258133,
09/16/2006,JPM US Select C Net Acc,1.17408587258133,
09/17/2006,JPM US Select C Net Acc,1.17408587258133,
09/18/2006,JPM US Select C Net Acc,1.18050554017138,
09/19/2006,JPM US Select C Net Acc,1.1778901200421,
09/20/2006,JPM US Select C Net Acc,1.17456140351392,
09/21/2006,JPM US Select C Net Acc,1.17289704524984,
09/22/2006,JPM US Select C Net Acc,1.16148430286751,
09/23/2006,JPM US Select C Net Acc,1.16148430286751,
09/24/2006,JPM US Select C Net Acc,1.16148430286751,
09/25/2006,JPM US Select C Net Acc,1.15910664820453,
09/26/2006,JPM US Select C Net Acc,1.17242151431724,
09/27/2006,JPM US Select C Net Acc,1.18383425669956,
09/28/2006,JPM US Select C Net Acc,1.19096722068851,
09/29/2006,JPM US Select C Net Acc,1.19881348107636,
09/30/2006,JPM US Select C Net Acc,1.19881348107636,
10/01/2006,JPM US Select C Net Acc,1.19881348107636,
10/02/2006,JPM US Select C Net Acc,1.19429593721669,
10/03/2006,JPM US Select C Net Acc,1.17884118190729,
10/04/2006,JPM US Select C Net Acc,1.18835180055923,
10/05/2006,JPM US Select C Net Acc,1.19928901200895,
10/06/2006,JPM US Select C Net Acc,1.21141505079017,
10/07/2006,JPM US Select C Net Acc,1.21141505079017,
10/08/2006,JPM US Select C Net Acc,1.21141505079017,
10/09/2006,JPM US Select C Net Acc,1.21284164358796,
10/10/2006,JPM US Select C Net Acc,1.21997460757691,
10/11/2006,JPM US Select C Net Acc,1.22496768236918,
10/12/2006,JPM US Select C Net Acc,1.22449215143658,
10/13/2006,JPM US Select C Net Acc,1.23210064635813,
10/14/2006,JPM US Select C Net Acc,1.23210064635813,
10/15/2006,JPM US Select C Net Acc,1.23210064635813,
10/16/2006,JPM US Select C Net Acc,1.2366181902178,
10/17/2006,JPM US Select C Net Acc,1.23495383195371,
10/18/2006,JPM US Select C Net Acc,1.22710757156586,
10/19/2006,JPM US Select C Net Acc,1.22948522622885,
10/20/2006,JPM US Select C Net Acc,1.2211634349084,
10/21/2006,JPM US Select C Net Acc,1.2211634349084,
10/22/2006,JPM US Select C Net Acc,1.2211634349084,
10/23/2006,JPM US Select C Net Acc,1.22948522622885,
10/24/2006,JPM US Select C Net Acc,1.23970914127968,
10/25/2006,JPM US Select C Net Acc,1.23424053555481,
10/26/2006,JPM US Select C Net Acc,1.2359048938189,
10/27/2006,JPM US Select C Net Acc,1.23709372115039,
10/28/2006,JPM US Select C Net Acc,1.23709372115039,
10/29/2006,JPM US Select C Net Acc,1.23709372115039,
10/30/2006,JPM US Select C Net Acc,1.221638965841,
10/31/2006,JPM US Select C Net Acc,1.22330332410509,
11/01/2006,JPM US Select C Net Acc,1.21284164358796,
11/02/2006,JPM US Select C Net Acc,1.20428208680122,
11/03/2006,JPM US Select C Net Acc,1.20570867959901,
11/04/2006,JPM US Select C Net Acc,1.20570867959901,
11/05/2006,JPM US Select C Net Acc,1.20570867959901,
11/06/2006,JPM US Select C Net Acc,1.21189058172277,
11/07/2006,JPM US Select C Net Acc,1.22068790397581,
11/08/2006,JPM US Select C Net Acc,1.221638965841,
11/09/2006,JPM US Select C Net Acc,1.22449215143658,
11/10/2006,JPM US Select C Net Acc,1.21236611265536,
11/11/2006,JPM US Select C Net Acc,1.21236611265536,
11/12/2006,JPM US Select C Net Acc,1.21236611265536,
11/13/2006,JPM US Select C Net Acc,1.22068790397581,
11/14/2006,JPM US Select C Net Acc,1.22948522622885,
11/15/2006,JPM US Select C Net Acc,1.24375115420675,
11/16/2006,JPM US Select C Net Acc,1.24636657433603,
11/17/2006,JPM US Select C Net Acc,1.2513596491283,
11/18/2006,JPM US Select C Net Acc,1.2513596491283,
11/19/2006,JPM US Select C Net Acc,1.2513596491283,
11/20/2006,JPM US Select C Net Acc,1.24636657433603,
11/21/2006,JPM US Select C Net Acc,1.24422668513934,
11/22/2006,JPM US Select C Net Acc,1.24470221607194,
11/23/2006,JPM US Select C Net Acc,1.23709372115039,
11/24/2006,JPM US Select C Net Acc,1.22449215143658,
11/25/2006,JPM US Select C Net Acc,1.22449215143658,
11/26/2006,JPM US Select C Net Acc,1.22449215143658,
11/27/2006,JPM US Select C Net Acc,1.21854801477912,
11/28/2006,JPM US Select C Net Acc,1.19643582641337,
11/29/2006,JPM US Select C Net Acc,1.19643582641337,
11/30/2006,JPM US Select C Net Acc,1.20570867959901,
12/01/2006,JPM US Select C Net Acc,1.19976454294155,
12/02/2006,JPM US Select C Net Acc,1.19976454294155,
12/03/2006,JPM US Select C Net Acc,1.19976454294155,
12/04/2006,JPM US Select C Net Acc,1.18882733149183,
12/05/2006,JPM US Select C Net Acc,1.20309325946973,
12/06/2006,JPM US Select C Net Acc,1.21569482918354,
12/07/2006,JPM US Select C Net Acc,1.21403047091945,
12/08/2006,JPM US Select C Net Acc,1.21450600185205,
12/09/2006,JPM US Select C Net Acc,1.21450600185205,
12/10/2006,JPM US Select C Net Acc,1.21450600185205,
12/11/2006,JPM US Select C Net Acc,1.221638965841,
12/12/2006,JPM US Select C Net Acc,1.21569482918354,
12/13/2006,JPM US Select C Net Acc,1.20808633426199,
12/14/2006,JPM US Select C Net Acc,1.21521929825094,
12/15/2006,JPM US Select C Net Acc,1.23162511542553,
12/16/2006,JPM US Select C Net Acc,1.23162511542553,
12/17/2006,JPM US Select C Net Acc,1.23162511542553,
12/18/2006,JPM US Select C Net Acc,1.23709372115039,
12/19/2006,JPM US Select C Net Acc,1.22496768236918,
12/20/2006,JPM US Select C Net Acc,1.22235226223989,
12/21/2006,JPM US Select C Net Acc,1.22568097876807,
12/22/2006,JPM US Select C Net Acc,1.2211634349084,
12/23/2006,JPM US Select C Net Acc,1.2211634349084,
12/24/2006,JPM US Select C Net Acc,1.2211634349084,
12/25/2006,JPM US Select C Net Acc,1.2211634349084,
12/26/2006,JPM US Select C Net Acc,1.2211634349084,
12/27/2006,JPM US Select C Net Acc,1.22235226223989,
12/28/2006,JPM US Select C Net Acc,1.23210064635813,
12/29/2006,JPM US Select C Net Acc,1.22829639889735,
12/30/2006,JPM US Select C Net Acc,1.22829639889735,
12/31/2006,JPM US Select C Net Acc,1.22829639889735,
01/01/2007,JPM US Select C Net Acc,1.22829639889735,
01/02/2007,JPM US Select C Net Acc,1.21783471838023,
01/03/2007,JPM US Select C Net Acc,1.22449215143658,
01/04/2007,JPM US Select C Net Acc,1.23162511542553,
01/05/2007,JPM US Select C Net Acc,1.23756925208299,
01/06/2007,JPM US Select C Net Acc,1.23756925208299,
01/07/2007,JPM US Select C Net Acc,1.23756925208299,
01/08/2007,JPM US Select C Net Acc,1.23376500462222,
01/09/2007,JPM US Select C Net Acc,1.22996075716144,
01/10/2007,JPM US Select C Net Acc,1.23210064635813,
01/11/2007,JPM US Select C Net Acc,1.23495383195371,
01/12/2007,JPM US Select C Net Acc,1.23709372115039,
01/13/2007,JPM US Select C Net Acc,1.23709372115039,
01/14/2007,JPM US Select C Net Acc,1.23709372115039,
01/15/2007,JPM US Select C Net Acc,1.23424053555481,
01/16/2007,JPM US Select C Net Acc,1.23281394275702,
01/17/2007,JPM US Select C Net Acc,1.2354293628863,
01/18/2007,JPM US Select C Net Acc,1.23043628809404,
01/19/2007,JPM US Select C Net Acc,1.22663204063327,
01/20/2007,JPM US Select C Net Acc,1.22663204063327,
01/21/2007,JPM US Select C Net Acc,1.22663204063327,
01/22/2007,JPM US Select C Net Acc,1.22996075716144,
01/23/2007,JPM US Select C Net Acc,1.21569482918354,
01/24/2007,JPM US Select C Net Acc,1.22948522622885,
01/25/2007,JPM US Select C Net Acc,1.24256232687526,
01/26/2007,JPM US Select C Net Acc,1.2359048938189,
01/27/2007,JPM US Select C Net Acc,1.2359048938189,
01/28/2007,JPM US Select C Net Acc,1.2359048938189,
01/29/2007,JPM US Select C Net Acc,1.2366181902178,
01/30/2007,JPM US Select C Net Acc,1.22710757156586,
01/31/2007,JPM US Select C Net Acc,1.24256232687526,
02/01/2007,JPM US Select C Net Acc,1.24137349954376,
02/02/2007,JPM US Select C Net Acc,1.24541551247084,
02/03/2007,JPM US Select C Net Acc,1.24541551247084,
02/04/2007,JPM US Select C Net Acc,1.24541551247084,
02/05/2007,JPM US Select C Net Acc,1.25516389658907,
02/06/2007,JPM US Select C Net Acc,1.24589104340343,
02/07/2007,JPM US Select C Net Acc,1.24755540166752,
02/08/2007,JPM US Select C Net Acc,1.2513596491283,
02/09/2007,JPM US Select C Net Acc,1.26277239151062,
02/10/2007,JPM US Select C Net Acc,1.26277239151062,
02/11/2007,JPM US Select C Net Acc,1.26277239151062,
02/12/2007,JPM US Select C Net Acc,1.25397506925758,
02/13/2007,JPM US Select C Net Acc,1.25254847645979,
02/14/2007,JPM US Select C Net Acc,1.25516389658907,
02/15/2007,JPM US Select C Net Acc,1.26728993537029,
02/16/2007,JPM US Select C Net Acc,1.27156971376366,
02/17/2007,JPM US Select C Net Acc,1.27156971376366,
02/18/2007,JPM US Select C Net Acc,1.27156971376366,
02/19/2007,JPM US Select C Net Acc,1.27323407202774,
02/20/2007,JPM US Select C Net Acc,1.26990535549957,
02/21/2007,JPM US Select C Net Acc,1.27228301016255,
02/22/2007,JPM US Select C Net Acc,1.27156971376366,
02/23/2007,JPM US Select C Net Acc,1.2656255771062,
02/24/2007,JPM US Select C Net Acc,1.2656255771062,
02/25/2007,JPM US Select C Net Acc,1.2656255771062,
02/26/2007,JPM US Select C Net Acc,1.25801708218465,
02/27/2007,JPM US Select C Net Acc,1.25516389658907,
02/28/2007,JPM US Select C Net Acc,1.21617036011614,
03/01/2007,JPM US Select C Net Acc,1.21854801477912,
03/02/2007,JPM US Select C Net Acc,1.22568097876807,
03/03/2007,JPM US Select C Net Acc,1.22568097876807,
03/04/2007,JPM US Select C Net Acc,1.22568097876807,
03/05/2007,JPM US Select C Net Acc,1.21997460757691,
03/06/2007,JPM US Select C Net Acc,1.21070175439128,
03/07/2007,JPM US Select C Net Acc,1.23043628809404,
03/08/2007,JPM US Select C Net Acc,1.22615650970067,
03/09/2007,JPM US Select C Net Acc,1.23709372115039,
03/10/2007,JPM US Select C Net Acc,1.23709372115039,
03/11/2007,JPM US Select C Net Acc,1.23709372115039,
03/12/2007,JPM US Select C Net Acc,1.23376500462222,
03/13/2007,JPM US Select C Net Acc,1.24470221607194,
03/14/2007,JPM US Select C Net Acc,1.22401662050398,
03/15/2007,JPM US Select C Net Acc,1.22401662050398,
03/16/2007,JPM US Select C Net Acc,1.221638965841,
03/17/2007,JPM US Select C Net Acc,1.221638965841,
03/18/2007,JPM US Select C Net Acc,1.221638965841,
03/19/2007,JPM US Select C Net Acc,1.21854801477912,
03/20/2007,JPM US Select C Net Acc,1.22401662050398,
03/21/2007,JPM US Select C Net Acc,1.23043628809404,
03/22/2007,JPM US Select C Net Acc,1.24589104340343,
03/23/2007,JPM US Select C Net Acc,1.24921975993161,
03/24/2007,JPM US Select C Net Acc,1.24921975993161,
03/25/2007,JPM US Select C Net Acc,1.24921975993161,
03/26/2007,JPM US Select C Net Acc,1.25254847645979,
03/27/2007,JPM US Select C Net Acc,1.25254847645979,
03/28/2007,JPM US Select C Net Acc,1.24422668513934,
03/29/2007,JPM US Select C Net Acc,1.2354293628863,
03/30/2007,JPM US Select C Net Acc,1.24422668513934,
03/31/2007,JPM US Select C Net Acc,1.24422668513934,
04/01/2007,JPM US Select C Net Acc,1.24422668513934,
04/02/2007,JPM US Select C Net Acc,1.23328947368962,
04/03/2007,JPM US Select C Net Acc,1.2354293628863,
04/04/2007,JPM US Select C Net Acc,1.24921975993161,
04/05/2007,JPM US Select C Net Acc,1.25349953832498,
04/06/2007,JPM US Select C Net Acc,1.25349953832498,
04/07/2007,JPM US Select C Net Acc,1.25349953832498,
04/08/2007,JPM US Select C Net Acc,1.25349953832498,
04/09/2007,JPM US Select C Net Acc,1.25349953832498,
04/10/2007,JPM US Select C Net Acc,1.25635272392056,
04/11/2007,JPM US Select C Net Acc,1.25682825485316,
04/12/2007,JPM US Select C Net Acc,1.24850646353272,
04/13/2007,JPM US Select C Net Acc,1.25254847645979,
04/14/2007,JPM US Select C Net Acc,1.25254847645979,
04/15/2007,JPM US Select C Net Acc,1.25254847645979,
04/16/2007,JPM US Select C Net Acc,1.25397506925758,
04/17/2007,JPM US Select C Net Acc,1.26110803324653,
04/18/2007,JPM US Select C Net Acc,1.25516389658907,
04/19/2007,JPM US Select C Net Acc,1.26277239151062,
04/20/2007,JPM US Select C Net Acc,1.26063250231393,
04/21/2007,JPM US Select C Net Acc,1.26063250231393,
04/22/2007,JPM US Select C Net Acc,1.26063250231393,
04/23/2007,JPM US Select C Net Acc,1.27275854109515,
04/24/2007,JPM US Select C Net Acc,1.26942982456697,
04/25/2007,JPM US Select C Net Acc,1.26728993537029,
04/26/2007,JPM US Select C Net Acc,1.28868882733714,
04/27/2007,JPM US Select C Net Acc,1.28868882733714,
04/28/2007,JPM US Select C Net Acc,1.28868882733714,
04/29/2007,JPM US Select C Net Acc,1.28868882733714,
04/30/2007,JPM US Select C Net Acc,1.29130424746642,
05/01/2007,JPM US Select C Net Acc,1.27608725762333,
05/02/2007,JPM US Select C Net Acc,1.28583564174156,
05/03/2007,JPM US Select C Net Acc,1.29249307479791,
05/04/2007,JPM US Select C Net Acc,1.30224145891615,
05/05/2007,JPM US Select C Net Acc,1.30224145891615,
05/06/2007,JPM US Select C Net Acc,1.30224145891615,
05/07/2007,JPM US Select C Net Acc,1.30224145891615,
05/08/2007,JPM US Select C Net Acc,1.31103878116919,
05/09/2007,JPM US Select C Net Acc,1.31056325023659,
05/10/2007,JPM US Select C Net Acc,1.31603185596145,
05/11/2007,JPM US Select C Net Acc,1.30295475531504,
05/12/2007,JPM US Select C Net Acc,1.30295475531504,
05/13/2007,JPM US Select C Net Acc,1.30295475531504,
05/14/2007,JPM US Select C Net Acc,1.31389196676477,
05/15/2007,JPM US Select C Net Acc,1.31555632502885,
05/16/2007,JPM US Select C Net Acc,1.31056325023659,
05/17/2007,JPM US Select C Net Acc,1.32744459834377,
05/18/2007,JPM US Select C Net Acc,1.33315096953493,
05/19/2007,JPM US Select C Net Acc,1.33315096953493,
05/20/2007,JPM US Select C Net Acc,1.33315096953493,
05/21/2007,JPM US Select C Net Acc,1.34075946445648,
05/22/2007,JPM US Select C Net Acc,1.34242382272057,
05/23/2007,JPM US Select C Net Acc,1.33457756233272,
05/24/2007,JPM US Select C Net Acc,1.33148661127084,
05/25/2007,JPM US Select C Net Acc,1.31769621422554,
05/26/2007,JPM US Select C Net Acc,1.31769621422554,
05/27/2007,JPM US Select C Net Acc,1.31769621422554,
05/28/2007,JPM US Select C Net Acc,1.31769621422554,
05/29/2007,JPM US Select C Net Acc,1.32197599261891,
05/30/2007,JPM US Select C Net Acc,1.33196214220344,
05/31/2007,JPM US Select C Net Acc,1.34171052632167,
06/01/2007,JPM US Select C Net Acc,1.34028393352388,
06/02/2007,JPM US Select C Net Acc,1.34028393352388,
06/03/2007,JPM US Select C Net Acc,1.34028393352388,
06/04/2007,JPM US Select C Net Acc,1.3379062788609,
06/05/2007,JPM US Select C Net Acc,1.33624192059681,
06/06/2007,JPM US Select C Net Acc,1.33029778393935,
06/07/2007,JPM US Select C Net Acc,1.3231648199504,
06/08/2007,JPM US Select C Net Acc,1.31389196676477,
06/09/2007,JPM US Select C Net Acc,1.31389196676477,
06/10/2007,JPM US Select C Net Acc,1.31389196676477,
06/11/2007,JPM US Select C Net Acc,1.32744459834377,
06/12/2007,JPM US Select C Net Acc,1.32435364728189,
06/13/2007,JPM US Select C Net Acc,1.31270313943327,
06/14/2007,JPM US Select C Net Acc,1.33077331487195,
06/15/2007,JPM US Select C Net Acc,1.33624192059681,
06/16/2007,JPM US Select C Net Acc,1.33624192059681,
06/17/2007,JPM US Select C Net Acc,1.33624192059681,
06/18/2007,JPM US Select C Net Acc,1.3374307479283,
06/19/2007,JPM US Select C Net Acc,1.33196214220344,
06/20/2007,JPM US Select C Net Acc,1.32863342567526,
06/21/2007,JPM US Select C Net Acc,1.31270313943327,
06/22/2007,JPM US Select C Net Acc,1.31650738689405,
06/23/2007,JPM US Select C Net Acc,1.31650738689405,
06/24/2007,JPM US Select C Net Acc,1.31650738689405,
06/25/2007,JPM US Select C Net Acc,1.29843721145537,
06/26/2007,JPM US Select C Net Acc,1.29296860573051,
06/27/2007,JPM US Select C Net Acc,1.28963988920233,
06/28/2007,JPM US Select C Net Acc,1.29796168052278,
06/29/2007,JPM US Select C Net Acc,1.29748614959018,
06/30/2007,JPM US Select C Net Acc,1.29748614959018,
07/01/2007,JPM US Select C Net Acc,1.29748614959018,
07/02/2007,JPM US Select C Net Acc,1.29082871653382,
07/03/2007,JPM US Select C Net Acc,1.30176592798355,
07/04/2007,JPM US Select C Net Acc,1.30390581718023,
07/05/2007,JPM US Select C Net Acc,1.30723453370841,
07/06/2007,JPM US Select C Net Acc,1.3084233610399,
07/07/2007,JPM US Select C Net Acc,1.3084233610399,
07/08/2007,JPM US Select C Net Acc,1.3084233610399,
07/09/2007,JPM US Select C Net Acc,1.31056325023659,
07/10/2007,JPM US Select C Net Acc,1.31103878116919,
07/11/2007,JPM US Select C Net Acc,1.28155586334819,
07/12/2007,JPM US Select C Net Acc,1.28868882733714,
07/13/2007,JPM US Select C Net Acc,1.31817174515814,
07/14/2007,JPM US Select C Net Acc,1.31817174515814,
07/15/2007,JPM US Select C Net Acc,1.31817174515814,
07/16/2007,JPM US Select C Net Acc,1.31603185596145,
07/17/2007,JPM US Select C Net Acc,1.31103878116919,
07/18/2007,JPM US Select C Net Acc,1.31008771930399,
07/19/2007,JPM US Select C Net Acc,1.30771006464101,
07/20/2007,JPM US Select C Net Acc,1.3084233610399,
07/21/2007,JPM US Select C Net Acc,1.3084233610399,
07/22/2007,JPM US Select C Net Acc,1.3084233610399,
07/23/2007,JPM US Select C Net Acc,1.28702446907305,
07/24/2007,JPM US Select C Net Acc,1.29082871653382,
07/25/2007,JPM US Select C Net Acc,1.26895429363437,
07/26/2007,JPM US Select C Net Acc,1.27275854109515,
07/27/2007,JPM US Select C Net Acc,1.25635272392056,
07/28/2007,JPM US Select C Net Acc,1.25635272392056,
07/29/2007,JPM US Select C Net Acc,1.25635272392056,
07/30/2007,JPM US Select C Net Acc,1.23709372115039,
07/31/2007,JPM US Select C Net Acc,1.24422668513934,
08/01/2007,JPM US Select C Net Acc,1.23162511542553,
08/02/2007,JPM US Select C Net Acc,1.23875807941448,
08/03/2007,JPM US Select C Net Acc,1.24137349954376,
08/04/2007,JPM US Select C Net Acc,1.24137349954376,
08/05/2007,JPM US Select C Net Acc,1.24137349954376,
08/06/2007,JPM US Select C Net Acc,1.21236611265536,
08/07/2007,JPM US Select C Net Acc,1.24042243767857,
08/08/2007,JPM US Select C Net Acc,1.24636657433603,
08/09/2007,JPM US Select C Net Acc,1.26610110803879,
08/10/2007,JPM US Select C Net Acc,1.23709372115039,
08/11/2007,JPM US Select C Net Acc,1.23709372115039,
08/12/2007,JPM US Select C Net Acc,1.23709372115039,
08/13/2007,JPM US Select C Net Acc,1.23709372115039,
08/14/2007,JPM US Select C Net Acc,1.24422668513934,
08/15/2007,JPM US Select C Net Acc,1.22663204063327,
08/16/2007,JPM US Select C Net Acc,1.21617036011614,
08/17/2007,JPM US Select C Net Acc,1.22401662050398,
08/18/2007,JPM US Select C Net Acc,1.22401662050398,
08/19/2007,JPM US Select C Net Acc,1.22401662050398,
08/20/2007,JPM US Select C Net Acc,1.2501708217968,
08/21/2007,JPM US Select C Net Acc,1.24969529086421,
08/22/2007,JPM US Select C Net Acc,1.24636657433603,
08/23/2007,JPM US Select C Net Acc,1.2508841181957,
08/24/2007,JPM US Select C Net Acc,1.2501708217968,
08/25/2007,JPM US Select C Net Acc,1.2501708217968,
08/26/2007,JPM US Select C Net Acc,1.2501708217968,
08/27/2007,JPM US Select C Net Acc,1.2501708217968,
08/28/2007,JPM US Select C Net Acc,1.2508841181957,
08/29/2007,JPM US Select C Net Acc,1.22068790397581,
08/30/2007,JPM US Select C Net Acc,1.24850646353272,
08/31/2007,JPM US Select C Net Acc,1.2354293628863,
09/01/2007,JPM US Select C Net Acc,1.2354293628863,
09/02/2007,JPM US Select C Net Acc,1.2354293628863,
09/03/2007,JPM US Select C Net Acc,1.2501708217968,
09/04/2007,JPM US Select C Net Acc,1.25302400739238,
09/05/2007,JPM US Select C Net Acc,1.26895429363437,
09/06/2007,JPM US Select C Net Acc,1.24684210526863,
09/07/2007,JPM US Select C Net Acc,1.25516389658907,
09/08/2007,JPM US Select C Net Acc,1.25516389658907,
09/09/2007,JPM US Select C Net Acc,1.25516389658907,
09/10/2007,JPM US Select C Net Acc,1.22829639889735,
09/11/2007,JPM US Select C Net Acc,1.22568097876807,
09/12/2007,JPM US Select C Net Acc,1.24089796861117,
09/13/2007,JPM US Select C Net Acc,1.24684210526863,
09/14/2007,JPM US Select C Net Acc,1.26610110803879,
09/15/2007,JPM US Select C Net Acc,1.26610110803879,
09/16/2007,JPM US Select C Net Acc,1.26610110803879,
09/17/2007,JPM US Select C Net Acc,1.27703831948852,
09/18/2007,JPM US Select C Net Acc,1.27442289935924,
09/19/2007,JPM US Select C Net Acc,1.3084233610399,
09/20/2007,JPM US Select C Net Acc,1.31175207756808,
09/21/2007,JPM US Select C Net Acc,1.29748614959018,
09/22/2007,JPM US Select C Net Acc,1.29748614959018,
09/23/2007,JPM US Select C Net Acc,1.29748614959018,
09/24/2007,JPM US Select C Net Acc,1.29796168052278,
09/25/2007,JPM US Select C Net Acc,1.29843721145537,
09/26/2007,JPM US Select C Net Acc,1.29748614959018,
09/27/2007,JPM US Select C Net Acc,1.29629732225869,
09/28/2007,JPM US Select C Net Acc,1.29843721145537,
09/29/2007,JPM US Select C Net Acc,1.29843721145537,
09/30/2007,JPM US Select C Net Acc,1.29843721145537,
10/01/2007,JPM US Select C Net Acc,1.28750000000565,
10/02/2007,JPM US Select C Net Acc,1.30557017544432,
10/03/2007,JPM US Select C Net Acc,1.30390581718023,
10/04/2007,JPM US Select C Net Acc,1.30224145891615,
10/05/2007,JPM US Select C Net Acc,1.30129039705095,
10/06/2007,JPM US Select C Net Acc,1.30129039705095,
10/07/2007,JPM US Select C Net Acc,1.30129039705095,
10/08/2007,JPM US Select C Net Acc,1.31769621422554,
10/09/2007,JPM US Select C Net Acc,1.31817174515814,
10/10/2007,JPM US Select C Net Acc,1.31722068329294,
10/11/2007,JPM US Select C Net Acc,1.31769621422554,
10/12/2007,JPM US Select C Net Acc,1.31983610342222,
10/13/2007,JPM US Select C Net Acc,1.31983610342222,
10/14/2007,JPM US Select C Net Acc,1.31983610342222,
10/15/2007,JPM US Select C Net Acc,1.31436749769736,
10/16/2007,JPM US Select C Net Acc,1.31103878116919,
10/17/2007,JPM US Select C Net Acc,1.30176592798355,
10/18/2007,JPM US Select C Net Acc,1.294157433062,
10/19/2007,JPM US Select C Net Acc,1.29082871653382,
10/20/2007,JPM US Select C Net Acc,1.29082871653382,
10/21/2007,JPM US Select C Net Acc,1.29082871653382,
10/22/2007,JPM US Select C Net Acc,1.26728993537029,
10/23/2007,JPM US Select C Net Acc,1.26657663897139,
10/24/2007,JPM US Select C Net Acc,1.26942982456697,
10/25/2007,JPM US Select C Net Acc,1.26348568790951,
10/26/2007,JPM US Select C Net Acc,1.26015697138134,
10/27/2007,JPM US Select C Net Acc,1.26015697138134,
10/28/2007,JPM US Select C Net Acc,1.26015697138134,
10/29/2007,JPM US Select C Net Acc,1.27537396122443,
10/30/2007,JPM US Select C Net Acc,1.27656278855592,
10/31/2007,JPM US Select C Net Acc,1.26348568790951,
11/01/2007,JPM US Select C Net Acc,1.27061865189846,
11/02/2007,JPM US Select C Net Acc,1.23281394275702,
11/03/2007,JPM US Select C Net Acc,1.23281394275702,
11/04/2007,JPM US Select C Net Acc,1.23281394275702,
11/05/2007,JPM US Select C Net Acc,1.2359048938189,
11/06/2007,JPM US Select C Net Acc,1.22496768236918,
11/07/2007,JPM US Select C Net Acc,1.23114958449293,
11/08/2007,JPM US Select C Net Acc,1.1926315789526,
11/09/2007,JPM US Select C Net Acc,1.19596029548078,
11/10/2007,JPM US Select C Net Acc,1.19596029548078,
11/11/2007,JPM US Select C Net Acc,1.19596029548078,
11/12/2007,JPM US Select C Net Acc,1.19643582641337,
11/13/2007,JPM US Select C Net Acc,1.18668744229514,
11/14/2007,JPM US Select C Net Acc,1.22401662050398,
11/15/2007,JPM US Select C Net Acc,1.22615650970067,
11/16/2007,JPM US Select C Net Acc,1.21688365651503,
11/17/2007,JPM US Select C Net Acc,1.21688365651503,
11/18/2007,JPM US Select C Net Acc,1.21688365651503,
11/19/2007,JPM US Select C Net Acc,1.21688365651503,
11/20/2007,JPM US Select C Net Acc,1.19001615882332,
11/21/2007,JPM US Select C Net Acc,1.19762465374486,
11/22/2007,JPM US Select C Net Acc,1.17575023084542,
11/23/2007,JPM US Select C Net Acc,1.1783656509747,
11/24/2007,JPM US Select C Net Acc,1.1783656509747,
11/25/2007,JPM US Select C Net Acc,1.1783656509747,
11/26/2007,JPM US Select C Net Acc,1.1926315789526,
11/27/2007,JPM US Select C Net Acc,1.16481301939569,
11/28/2007,JPM US Select C Net Acc,1.18335872576696,
11/29/2007,JPM US Select C Net Acc,1.21617036011614,
11/30/2007,JPM US Select C Net Acc,1.21569482918354,
12/01/2007,JPM US Select C Net Acc,1.21569482918354,
12/02/2007,JPM US Select C Net Acc,1.21569482918354,
12/03/2007,JPM US Select C Net Acc,1.22829639889735,
12/04/2007,JPM US Select C Net Acc,1.22235226223989,
12/05/2007,JPM US Select C Net Acc,1.22829639889735,
12/06/2007,JPM US Select C Net Acc,1.25349953832498,
12/07/2007,JPM US Select C Net Acc,1.26776546630288,
12/08/2007,JPM US Select C Net Acc,1.26776546630288,
12/09/2007,JPM US Select C Net Acc,1.26776546630288,
12/10/2007,JPM US Select C Net Acc,1.25968144044874,
12/11/2007,JPM US Select C Net Acc,1.2651500461736,
12/12/2007,JPM US Select C Net Acc,1.23709372115039,
12/13/2007,JPM US Select C Net Acc,1.24256232687526,
12/14/2007,JPM US Select C Net Acc,1.25682825485316,
12/15/2007,JPM US Select C Net Acc,1.25682825485316,
12/16/2007,JPM US Select C Net Acc,1.25682825485316,
12/17/2007,JPM US Select C Net Acc,1.24303785780785,
12/18/2007,JPM US Select C Net Acc,1.22663204063327,
12/19/2007,JPM US Select C Net Acc,1.23875807941448,
12/20/2007,JPM US Select C Net Acc,1.24684210526863,
12/21/2007,JPM US Select C Net Acc,1.25563942752167,
12/22/2007,JPM US Select C Net Acc,1.25563942752167,
12/23/2007,JPM US Select C Net Acc,1.25563942752167,
12/24/2007,JPM US Select C Net Acc,1.28084256694929,
12/25/2007,JPM US Select C Net Acc,1.28084256694929,
12/26/2007,JPM US Select C Net Acc,1.28084256694929,
12/27/2007,JPM US Select C Net Acc,1.28583564174156,
12/28/2007,JPM US Select C Net Acc,1.26063250231393,
12/29/2007,JPM US Select C Net Acc,1.26063250231393,
12/30/2007,JPM US Select C Net Acc,1.26063250231393,
12/31/2007,JPM US Select C Net Acc,1.25849261311725,
01/01/2008,JPM US Select C Net Acc,1.25849261311725,
01/02/2008,JPM US Select C Net Acc,1.25968144044874,
01/03/2008,JPM US Select C Net Acc,1.24850646353272,
01/04/2008,JPM US Select C Net Acc,1.2501708217968,
01/05/2008,JPM US Select C Net Acc,1.2501708217968,
01/06/2008,JPM US Select C Net Acc,1.2501708217968,
01/07/2008,JPM US Select C Net Acc,1.22282779317249,
01/08/2008,JPM US Select C Net Acc,1.22496768236918,
01/09/2008,JPM US Select C Net Acc,1.2073730378631,
01/10/2008,JPM US Select C Net Acc,1.22568097876807,
01/11/2008,JPM US Select C Net Acc,1.2366181902178,
01/12/2008,JPM US Select C Net Acc,1.2366181902178,
01/13/2008,JPM US Select C Net Acc,1.2366181902178,
01/14/2008,JPM US Select C Net Acc,1.21854801477912,
01/15/2008,JPM US Select C Net Acc,1.22663204063327,
01/16/2008,JPM US Select C Net Acc,1.19928901200895,
01/17/2008,JPM US Select C Net Acc,1.19096722068851,
01/18/2008,JPM US Select C Net Acc,1.15649122807525,
01/19/2008,JPM US Select C Net Acc,1.15649122807525,
01/20/2008,JPM US Select C Net Acc,1.15649122807525,
01/21/2008,JPM US Select C Net Acc,1.15268698061447,
01/22/2008,JPM US Select C Net Acc,1.1493582640863,
01/23/2008,JPM US Select C Net Acc,1.13723222530508,
01/24/2008,JPM US Select C Net Acc,1.15815558633934,
01/25/2008,JPM US Select C Net Acc,1.16148430286751,
01/26/2008,JPM US Select C Net Acc,1.16148430286751,
01/27/2008,JPM US Select C Net Acc,1.16148430286751,
01/28/2008,JPM US Select C Net Acc,1.14008541090066,
01/29/2008,JPM US Select C Net Acc,1.15601569714265,
01/30/2008,JPM US Select C Net Acc,1.16195983380011,
01/31/2008,JPM US Select C Net Acc,1.15601569714265,
02/01/2008,JPM US Select C Net Acc,1.17575023084542,
02/02/2008,JPM US Select C Net Acc,1.17575023084542,
02/03/2008,JPM US Select C Net Acc,1.17575023084542,
02/04/2008,JPM US Select C Net Acc,1.20475761773382,
02/05/2008,JPM US Select C Net Acc,1.19762465374486,
02/06/2008,JPM US Select C Net Acc,1.16576408126088,
02/07/2008,JPM US Select C Net Acc,1.16243536473271,
02/08/2008,JPM US Select C Net Acc,1.17408587258133,
02/09/2008,JPM US Select C Net Acc,1.17408587258133,
02/10/2008,JPM US Select C Net Acc,1.17408587258133,
02/11/2008,JPM US Select C Net Acc,1.16909279778906,
02/12/2008,JPM US Select C Net Acc,1.17622576177801,
02/13/2008,JPM US Select C Net Acc,1.17456140351392,
02/14/2008,JPM US Select C Net Acc,1.18763850416033,
02/15/2008,JPM US Select C Net Acc,1.17670129271061,
02/16/2008,JPM US Select C Net Acc,1.17670129271061,
02/17/2008,JPM US Select C Net Acc,1.17670129271061,
02/18/2008,JPM US Select C Net Acc,1.18454755309845,
02/19/2008,JPM US Select C Net Acc,1.18383425669956,
02/20/2008,JPM US Select C Net Acc,1.18549861496365,
02/21/2008,JPM US Select C Net Acc,1.18668744229514,
02/22/2008,JPM US Select C Net Acc,1.1631486611316,
02/23/2008,JPM US Select C Net Acc,1.1631486611316,
02/24/2008,JPM US Select C Net Acc,1.1631486611316,
02/25/2008,JPM US Select C Net Acc,1.17503693444652,
02/26/2008,JPM US Select C Net Acc,1.18835180055923,
02/27/2008,JPM US Select C Net Acc,1.18930286242442,
02/28/2008,JPM US Select C Net Acc,1.19001615882332,
02/29/2008,JPM US Select C Net Acc,1.1774145891095,
03/01/2008,JPM US Select C Net Acc,1.1774145891095,
03/02/2008,JPM US Select C Net Acc,1.1774145891095,
03/03/2008,JPM US Select C Net Acc,1.14769390582221,
03/04/2008,JPM US Select C Net Acc,1.14436518929403,
03/05/2008,JPM US Select C Net Acc,1.14602954755812,
03/06/2008,JPM US Select C Net Acc,1.14174976916475,
03/07/2008,JPM US Select C Net Acc,1.10275623269182,
03/08/2008,JPM US Select C Net Acc,1.10275623269182,
03/09/2008,JPM US Select C Net Acc,1.10275623269182,
03/10/2008,JPM US Select C Net Acc,1.09181902124209,
03/11/2008,JPM US Select C Net Acc,1.0758887350001,
03/12/2008,JPM US Select C Net Acc,1.11369344414154,
03/13/2008,JPM US Select C Net Acc,1.09395891043878,
03/14/2008,JPM US Select C Net Acc,1.10656048015259,
03/15/2008,JPM US Select C Net Acc,1.10656048015259,
03/16/2008,JPM US Select C Net Acc,1.10656048015259,
03/17/2008,JPM US Select C Net Acc,1.09514773777027,
03/18/2008,JPM US Select C Net Acc,1.07707756233159,
03/19/2008,JPM US Select C Net Acc,1.13223915051281,
03/20/2008,JPM US Select C Net Acc,1.11416897507414,
03/21/2008,JPM US Select C Net Acc,1.11416897507414,
03/22/2008,JPM US Select C Net Acc,1.11416897507414,
03/23/2008,JPM US Select C Net Acc,1.11416897507414,
03/24/2008,JPM US Select C Net Acc,1.11416897507414,
03/25/2008,JPM US Select C Net Acc,1.15363804247967,
03/26/2008,JPM US Select C Net Acc,1.15482686981116,
03/27/2008,JPM US Select C Net Acc,1.13176361958022,
03/28/2008,JPM US Select C Net Acc,1.12962373038353,
03/29/2008,JPM US Select C Net Acc,1.12962373038353,
03/30/2008,JPM US Select C Net Acc,1.12962373038353,
03/31/2008,JPM US Select C Net Acc,1.12581948292276,
04/01/2008,JPM US Select C Net Acc,1.13176361958022,
04/02/2008,JPM US Select C Net Acc,1.17194598338464,
04/03/2008,JPM US Select C Net Acc,1.16956832872166,
04/04/2008,JPM US Select C Net Acc,1.16077100646862,
04/05/2008,JPM US Select C Net Acc,1.16077100646862,
04/06/2008,JPM US Select C Net Acc,1.16077100646862,
04/07/2008,JPM US Select C Net Acc,1.17194598338464,
04/08/2008,JPM US Select C Net Acc,1.18216989843547,
04/09/2008,JPM US Select C Net Acc,1.17670129271061,
04/10/2008,JPM US Select C Net Acc,1.15768005540674,
04/11/2008,JPM US Select C Net Acc,1.16790397045757,
04/12/2008,JPM US Select C Net Acc,1.16790397045757,
04/13/2008,JPM US Select C Net Acc,1.16790397045757,
04/14/2008,JPM US Select C Net Acc,1.14341412742884,
04/15/2008,JPM US Select C Net Acc,1.14388965836143,
04/16/2008,JPM US Select C Net Acc,1.14270083102994,
04/17/2008,JPM US Select C Net Acc,1.1640997229968,
04/18/2008,JPM US Select C Net Acc,1.15696675900784,
04/19/2008,JPM US Select C Net Acc,1.15696675900784,
04/20/2008,JPM US Select C Net Acc,1.15696675900784,
04/21/2008,JPM US Select C Net Acc,1.18716297322774,
04/22/2008,JPM US Select C Net Acc,1.18383425669956,
04/23/2008,JPM US Select C Net Acc,1.16909279778906,
04/24/2008,JPM US Select C Net Acc,1.18121883657028,
04/25/2008,JPM US Select C Net Acc,1.18454755309845,
04/26/2008,JPM US Select C Net Acc,1.18454755309845,
04/27/2008,JPM US Select C Net Acc,1.18454755309845,
04/28/2008,JPM US Select C Net Acc,1.18882733149183,
04/29/2008,JPM US Select C Net Acc,1.19738688827857,
04/30/2008,JPM US Select C Net Acc,1.19762465374486,
05/01/2008,JPM US Select C Net Acc,1.18240766390177,
05/02/2008,JPM US Select C Net Acc,1.20237996307083,
05/03/2008,JPM US Select C Net Acc,1.20237996307083,
05/04/2008,JPM US Select C Net Acc,1.20237996307083,
05/05/2008,JPM US Select C Net Acc,1.20237996307083,
05/06/2008,JPM US Select C Net Acc,1.21450600185205,
05/07/2008,JPM US Select C Net Acc,1.23019852262774,
05/08/2008,JPM US Select C Net Acc,1.20784856879569,
05/09/2008,JPM US Select C Net Acc,1.21831024931282,
05/10/2008,JPM US Select C Net Acc,1.21831024931282,
05/11/2008,JPM US Select C Net Acc,1.21831024931282,
05/12/2008,JPM US Select C Net Acc,1.20570867959901,
05/13/2008,JPM US Select C Net Acc,1.22472991690288,
05/14/2008,JPM US Select C Net Acc,1.22948522622885,
05/15/2008,JPM US Select C Net Acc,1.23114958449293,
05/16/2008,JPM US Select C Net Acc,1.24113573407747,
05/17/2008,JPM US Select C Net Acc,1.24113573407747,
05/18/2008,JPM US Select C Net Acc,1.24113573407747,
05/19/2008,JPM US Select C Net Acc,1.23923361034708,
05/20/2008,JPM US Select C Net Acc,1.2354293628863,
05/21/2008,JPM US Select C Net Acc,1.22496768236918,
05/22/2008,JPM US Select C Net Acc,1.19643582641337,
05/23/2008,JPM US Select C Net Acc,1.19881348107636,
05/24/2008,JPM US Select C Net Acc,1.19881348107636,
05/25/2008,JPM US Select C Net Acc,1.19881348107636,
05/26/2008,JPM US Select C Net Acc,1.19881348107636,
05/27/2008,JPM US Select C Net Acc,1.18502308403105,
05/28/2008,JPM US Select C Net Acc,1.19453370268299,
05/29/2008,JPM US Select C Net Acc,1.20000230840785,
05/30/2008,JPM US Select C Net Acc,1.20951292705978,
05/31/2008,JPM US Select C Net Acc,1.20951292705978,
06/01/2008,JPM US Select C Net Acc,1.20951292705978,
06/02/2008,JPM US Select C Net Acc,1.21783471838023,
06/03/2008,JPM US Select C Net Acc,1.20119113573934,
06/04/2008,JPM US Select C Net Acc,1.20142890120564,
06/05/2008,JPM US Select C Net Acc,1.20832409972829,
06/06/2008,JPM US Select C Net Acc,1.22758310249846,
06/07/2008,JPM US Select C Net Acc,1.22758310249846,
06/08/2008,JPM US Select C Net Acc,1.22758310249846,
06/09/2008,JPM US Select C Net Acc,1.17717682364321,
06/10/2008,JPM US Select C Net Acc,1.19120498615481,
06/11/2008,JPM US Select C Net Acc,1.18597414589625,
06/12/2008,JPM US Select C Net Acc,1.17242151431724,
06/13/2008,JPM US Select C Net Acc,1.17884118190729,
06/14/2008,JPM US Select C Net Acc,1.17884118190729,
06/15/2008,JPM US Select C Net Acc,1.17884118190729,
06/16/2008,JPM US Select C Net Acc,1.18478531856475,
06/17/2008,JPM US Select C Net Acc,1.1928693444189,
06/18/2008,JPM US Select C Net Acc,1.18264542936807,
06/19/2008,JPM US Select C Net Acc,1.16077100646862,
06/20/2008,JPM US Select C Net Acc,1.16195983380011,
06/21/2008,JPM US Select C Net Acc,1.16195983380011,
06/22/2008,JPM US Select C Net Acc,1.16195983380011,
06/23/2008,JPM US Select C Net Acc,1.14769390582221,
06/24/2008,JPM US Select C Net Acc,1.1484072022211,
06/25/2008,JPM US Select C Net Acc,1.14127423823215,
06/26/2008,JPM US Select C Net Acc,1.14174976916475,
06/27/2008,JPM US Select C Net Acc,1.10679824561889,
06/28/2008,JPM US Select C Net Acc,1.10679824561889,
06/29/2008,JPM US Select C Net Acc,1.10679824561889,
06/30/2008,JPM US Select C Net Acc,1.09966528162994,
07/01/2008,JPM US Select C Net Acc,1.09467220683767,
07/02/2008,JPM US Select C Net Acc,1.10679824561889,
07/03/2008,JPM US Select C Net Acc,1.08468605725314,
07/04/2008,JPM US Select C Net Acc,1.0913434903095,
07/05/2008,JPM US Select C Net Acc,1.0913434903095,
07/06/2008,JPM US Select C Net Acc,1.0913434903095,
07/07/2008,JPM US Select C Net Acc,1.09871421976475,
07/08/2008,JPM US Select C Net Acc,1.08539935365204,
07/09/2008,JPM US Select C Net Acc,1.10323176362441,
07/10/2008,JPM US Select C Net Acc,1.07874192059568,
07/11/2008,JPM US Select C Net Acc,1.08753924284872,
07/12/2008,JPM US Select C Net Acc,1.08753924284872,
07/13/2008,JPM US Select C Net Acc,1.08753924284872,
07/14/2008,JPM US Select C Net Acc,1.07137119114043,
07/15/2008,JPM US Select C Net Acc,1.0475946445106,
07/16/2008,JPM US Select C Net Acc,1.04141274238684,
07/17/2008,JPM US Select C Net Acc,1.06851800554485,
07/18/2008,JPM US Select C Net Acc,1.08159510619126,
07/19/2008,JPM US Select C Net Acc,1.08159510619126,
07/20/2008,JPM US Select C Net Acc,1.08159510619126,
07/21/2008,JPM US Select C Net Acc,1.08230840259016,
07/22/2008,JPM US Select C Net Acc,1.0756509695338,
07/23/2008,JPM US Select C Net Acc,1.09158125577579,
07/24/2008,JPM US Select C Net Acc,1.10346952909071,
07/25/2008,JPM US Select C Net Acc,1.07731532779789,
07/26/2008,JPM US Select C Net Acc,1.07731532779789,
07/27/2008,JPM US Select C Net Acc,1.07731532779789,
07/28/2008,JPM US Select C Net Acc,1.08635041551723,
07/29/2008,JPM US Select C Net Acc,1.06376269621889,
07/30/2008,JPM US Select C Net Acc,1.09490997230397,
07/31/2008,JPM US Select C Net Acc,1.11202908587745,
08/01/2008,JPM US Select C Net Acc,1.09847645429845,
08/02/2008,JPM US Select C Net Acc,1.09847645429845,
08/03/2008,JPM US Select C Net Acc,1.09847645429845,
08/04/2008,JPM US Select C Net Acc,1.09800092336585,
08/05/2008,JPM US Select C Net Acc,1.09609879963546,
08/06/2008,JPM US Select C Net Acc,1.12914819945094,
08/07/2008,JPM US Select C Net Acc,1.13699445983878,
08/08/2008,JPM US Select C Net Acc,1.13105032318132,
08/09/2008,JPM US Select C Net Acc,1.13105032318132,
08/10/2008,JPM US Select C Net Acc,1.13105032318132,
08/11/2008,JPM US Select C Net Acc,1.16029547553602,
08/12/2008,JPM US Select C Net Acc,1.18098107110398,
08/13/2008,JPM US Select C Net Acc,1.18335872576696,
08/14/2008,JPM US Select C Net Acc,1.18145660203658,
08/15/2008,JPM US Select C Net Acc,1.19810018467746,
08/16/2008,JPM US Select C Net Acc,1.19810018467746,
08/17/2008,JPM US Select C Net Acc,1.19810018467746,
08/18/2008,JPM US Select C Net Acc,1.19667359187967,
08/19/2008,JPM US Select C Net Acc,1.18145660203658,
08/20/2008,JPM US Select C Net Acc,1.17337257618243,
08/21/2008,JPM US Select C Net Acc,1.17670129271061,
08/22/2008,JPM US Select C Net Acc,1.18193213296917,
08/23/2008,JPM US Select C Net Acc,1.18193213296917,
08/24/2008,JPM US Select C Net Acc,1.18193213296917,
08/25/2008,JPM US Select C Net Acc,1.18193213296917,
08/26/2008,JPM US Select C Net Acc,1.19096722068851,
08/27/2008,JPM US Select C Net Acc,1.18573638042995,
08/28/2008,JPM US Select C Net Acc,1.20166666667194,
08/29/2008,JPM US Select C Net Acc,1.221638965841,
08/30/2008,JPM US Select C Net Acc,1.221638965841,
08/31/2008,JPM US Select C Net Acc,1.221638965841,
09/01/2008,JPM US Select C Net Acc,1.22401662050398,
09/02/2008,JPM US Select C Net Acc,1.23828254848189,
09/03/2008,JPM US Select C Net Acc,1.23875807941448,
09/04/2008,JPM US Select C Net Acc,1.23019852262774,
09/05/2008,JPM US Select C Net Acc,1.2064219759979,
09/06/2008,JPM US Select C Net Acc,1.2064219759979,
09/07/2008,JPM US Select C Net Acc,1.2064219759979,
09/08/2008,JPM US Select C Net Acc,1.24232456140896,
09/09/2008,JPM US Select C Net Acc,1.23376500462222,
09/10/2008,JPM US Select C Net Acc,1.20000230840785,
09/11/2008,JPM US Select C Net Acc,1.20998845799238,
09/12/2008,JPM US Select C Net Acc,1.21545706371724,
09/13/2008,JPM US Select C Net Acc,1.21545706371724,
09/14/2008,JPM US Select C Net Acc,1.21545706371724,
09/15/2008,JPM US Select C Net Acc,1.15815558633934,
09/16/2008,JPM US Select C Net Acc,1.15815558633934,
09/17/2008,JPM US Select C Net Acc,1.17194598338464,
09/18/2008,JPM US Select C Net Acc,1.09609879963546,
09/19/2008,JPM US Select C Net Acc,1.19334487535149,
09/20/2008,JPM US Select C Net Acc,1.19334487535149,
09/21/2008,JPM US Select C Net Acc,1.19334487535149,
09/22/2008,JPM US Select C Net Acc,1.17456140351392,
09/23/2008,JPM US Select C Net Acc,1.1203508771979,
09/24/2008,JPM US Select C Net Acc,1.1051338873548,
09/25/2008,JPM US Select C Net Acc,1.10632271468629,
09/26/2008,JPM US Select C Net Acc,1.13746999077138,
09/27/2008,JPM US Select C Net Acc,1.13746999077138,
09/28/2008,JPM US Select C Net Acc,1.13746999077138,
09/29/2008,JPM US Select C Net Acc,1.14602954755812,
09/30/2008,JPM US Select C Net Acc,1.09918975069734,
10/01/2008,JPM US Select C Net Acc,1.13295244691171,
10/02/2008,JPM US Select C Net Acc,1.14079870729956,
10/03/2008,JPM US Select C Net Acc,1.08730147738242,
10/04/2008,JPM US Select C Net Acc,1.08730147738242,
10/05/2008,JPM US Select C Net Acc,1.08730147738242,
10/06/2008,JPM US Select C Net Acc,1.05758079409513,
10/07/2008,JPM US Select C Net Acc,1.05092336103877,
10/08/2008,JPM US Select C Net Acc,0.98601338873932,
10/09/2008,JPM US Select C Net Acc,0.981258079413353,
10/10/2008,JPM US Select C Net Acc,0.905410895664174,
10/11/2008,JPM US Select C Net Acc,0.905410895664174,
10/12/2008,JPM US Select C Net Acc,0.905410895664174,
10/13/2008,JPM US Select C Net Acc,0.949397506929372,
10/14/2008,JPM US Select C Net Acc,1.01597183749291,
10/15/2008,JPM US Select C Net Acc,0.988628808868602,
10/16/2008,JPM US Select C Net Acc,0.918250230844286,
10/17/2008,JPM US Select C Net Acc,0.952250692524952,
10/18/2008,JPM US Select C Net Acc,0.952250692524952,
10/19/2008,JPM US Select C Net Acc,0.952250692524952,
10/20/2008,JPM US Select C Net Acc,0.967229916901749,
10/21/2008,JPM US Select C Net Acc,1.00978993536916,
10/22/2008,JPM US Select C Net Acc,0.990293167132691,
10/23/2008,JPM US Select C Net Acc,0.966516620502854,
10/24/2008,JPM US Select C Net Acc,0.956530470918323,
10/25/2008,JPM US Select C Net Acc,0.956530470918323,
10/26/2008,JPM US Select C Net Acc,0.956530470918323,
10/27/2008,JPM US Select C Net Acc,0.968180978766943,
10/28/2008,JPM US Select C Net Acc,0.984824561407828,
10/29/2008,JPM US Select C Net Acc,1.0173984302907,
10/30/2008,JPM US Select C Net Acc,1.01406971376253,
10/31/2008,JPM US Select C Net Acc,1.0328531856001,
11/01/2008,JPM US Select C Net Acc,1.0328531856001,
11/02/2008,JPM US Select C Net Acc,1.0328531856001,
11/03/2008,JPM US Select C Net Acc,1.04949676824098,
11/04/2008,JPM US Select C Net Acc,1.06376269621889,
11/05/2008,JPM US Select C Net Acc,1.09681209603436,
11/06/2008,JPM US Select C Net Acc,1.05330101570176,
11/07/2008,JPM US Select C Net Acc,1.00574792244208,
11/08/2008,JPM US Select C Net Acc,1.00574792244208,
11/09/2008,JPM US Select C Net Acc,1.00574792244208,
11/10/2008,JPM US Select C Net Acc,1.05068559557248,
11/11/2008,JPM US Select C Net Acc,1.02786011080783,
11/12/2008,JPM US Select C Net Acc,1.02524469067855,
11/13/2008,JPM US Select C Net Acc,0.995999538323851,
11/14/2008,JPM US Select C Net Acc,1.06970683287634,
11/15/2008,JPM US Select C Net Acc,1.06970683287634,
11/16/2008,JPM US Select C Net Acc,1.06970683287634,
11/17/2008,JPM US Select C Net Acc,1.02048938135258,
11/18/2008,JPM US Select C Net Acc,0.961999076643185,
11/19/2008,JPM US Select C Net Acc,0.991006463531586,
11/20/2008,JPM US Select C Net Acc,0.948921975996775,
11/21/2008,JPM US Select C Net Acc,0.906599722995666,
11/22/2008,JPM US Select C Net Acc,0.906599722995666,
11/23/2008,JPM US Select C Net Acc,0.906599722995666,
11/24/2008,JPM US Select C Net Acc,0.95843259464871,
11/25/2008,JPM US Select C Net Acc,0.983635734076336,
11/26/2008,JPM US Select C Net Acc,0.978404893817772,
11/27/2008,JPM US Select C Net Acc,1.00669898430728,
11/28/2008,JPM US Select C Net Acc,1.01097876270065,
11/29/2008,JPM US Select C Net Acc,1.01097876270065,
11/30/2008,JPM US Select C Net Acc,1.01097876270065,
12/01/2008,JPM US Select C Net Acc,1.02096491228518,
12/02/2008,JPM US Select C Net Acc,0.985537857806723,
12/03/2008,JPM US Select C Net Acc,1.00717451523987,
12/04/2008,JPM US Select C Net Acc,1.04402816251612,
12/05/2008,JPM US Select C Net Acc,1.00978993536916,
12/06/2008,JPM US Select C Net Acc,1.00978993536916,
12/07/2008,JPM US Select C Net Acc,1.00978993536916,
12/08/2008,JPM US Select C Net Acc,1.05710526316253,
12/09/2008,JPM US Select C Net Acc,1.07874192059568,
12/10/2008,JPM US Select C Net Acc,1.05068559557248,
12/11/2008,JPM US Select C Net Acc,1.05496537396585,
12/12/2008,JPM US Select C Net Acc,0.977453831952579,
12/13/2008,JPM US Select C Net Acc,0.977453831952579,
12/14/2008,JPM US Select C Net Acc,0.977453831952579,
12/15/2008,JPM US Select C Net Acc,1.03641966759457,
12/16/2008,JPM US Select C Net Acc,1.00075484764982,
12/17/2008,JPM US Select C Net Acc,1.04331486611723,
12/18/2008,JPM US Select C Net Acc,1.02976223453822,
12/19/2008,JPM US Select C Net Acc,1.04925900277469,
12/20/2008,JPM US Select C Net Acc,1.04925900277469,
12/21/2008,JPM US Select C Net Acc,1.04925900277469,
12/22/2008,JPM US Select C Net Acc,1.06019621422441,
12/23/2008,JPM US Select C Net Acc,1.04355263158352,
12/24/2008,JPM US Select C Net Acc,1.03570637119568,
12/25/2008,JPM US Select C Net Acc,1.03570637119568,
12/26/2008,JPM US Select C Net Acc,1.03570637119568,
12/27/2008,JPM US Select C Net Acc,1.03570637119568,
12/28/2008,JPM US Select C Net Acc,1.03570637119568,
12/29/2008,JPM US Select C Net Acc,1.05187442290397,
12/30/2008,JPM US Select C Net Acc,1.0613850415559,
12/31/2008,JPM US Select C Net Acc,1.08349722992165,
01/01/2009,JPM US Select C Net Acc,1.08349722992165,
01/02/2009,JPM US Select C Net Acc,1.10608494921999,
01/03/2009,JPM US Select C Net Acc,1.10608494921999,
01/04/2009,JPM US Select C Net Acc,1.10608494921999,
01/05/2009,JPM US Select C Net Acc,1.13960987996806,
01/06/2009,JPM US Select C Net Acc,1.13033702678243,
01/07/2009,JPM US Select C Net Acc,1.11559556787193,
01/08/2009,JPM US Select C Net Acc,1.07279778393822,
01/09/2009,JPM US Select C Net Acc,1.06400046168518,
01/10/2009,JPM US Select C Net Acc,1.06400046168518,
01/11/2009,JPM US Select C Net Acc,1.06400046168518,
01/12/2009,JPM US Select C Net Acc,1.06423822715148,
01/13/2009,JPM US Select C Net Acc,1.06423822715148,
01/14/2009,JPM US Select C Net Acc,1.06994459834264,
01/15/2009,JPM US Select C Net Acc,1.03000000000452,
01/16/2009,JPM US Select C Net Acc,1.00931440443656,
01/17/2009,JPM US Select C Net Acc,1.00931440443656,
01/18/2009,JPM US Select C Net Acc,1.00931440443656,
01/19/2009,JPM US Select C Net Acc,1.0323776546675,
01/20/2009,JPM US Select C Net Acc,1.08468605725314,
01/21/2009,JPM US Select C Net Acc,1.03808402585866,
01/22/2009,JPM US Select C Net Acc,1.08135734072496,
01/23/2009,JPM US Select C Net Acc,1.06281163435369,
01/24/2009,JPM US Select C Net Acc,1.06281163435369,
01/25/2009,JPM US Select C Net Acc,1.06281163435369,
01/26/2009,JPM US Select C Net Acc,1.06899353647745,
01/27/2009,JPM US Select C Net Acc,1.06257386888739,
01/28/2009,JPM US Select C Net Acc,1.08302169898905,
01/29/2009,JPM US Select C Net Acc,1.09443444137137,
01/30/2009,JPM US Select C Net Acc,1.05924515235922,
01/31/2009,JPM US Select C Net Acc,1.05924515235922,
02/01/2009,JPM US Select C Net Acc,1.05924515235922,
02/02/2009,JPM US Select C Net Acc,1.0466435826454,
02/03/2009,JPM US Select C Net Acc,1.03927285319015,
02/04/2009,JPM US Select C Net Acc,1.04783240997689,
02/05/2009,JPM US Select C Net Acc,1.03546860572938,
02/06/2009,JPM US Select C Net Acc,1.03641966759457,
02/07/2009,JPM US Select C Net Acc,1.03641966759457,
02/08/2009,JPM US Select C Net Acc,1.03641966759457,
02/09/2009,JPM US Select C Net Acc,1.05615420129734,
02/10/2009,JPM US Select C Net Acc,1.06518928901668,
02/11/2009,JPM US Select C Net Acc,1.04236380425203,
02/12/2009,JPM US Select C Net Acc,1.06043397969071,
02/13/2009,JPM US Select C Net Acc,1.03808402585866,
02/14/2009,JPM US Select C Net Acc,1.03808402585866,
02/15/2009,JPM US Select C Net Acc,1.03808402585866,
02/16/2009,JPM US Select C Net Acc,1.05258771930286,
02/17/2009,JPM US Select C Net Acc,1.05139889197137,
02/18/2009,JPM US Select C Net Acc,1.00574792244208,
02/19/2009,JPM US Select C Net Acc,0.992195290863077,
02/20/2009,JPM US Select C Net Acc,0.985775623273022,
02/21/2009,JPM US Select C Net Acc,0.985775623273022,
02/22/2009,JPM US Select C Net Acc,0.985775623273022,
02/23/2009,JPM US Select C Net Acc,0.956292705452024,
02/24/2009,JPM US Select C Net Acc,0.930614035091801,
02/25/2009,JPM US Select C Net Acc,0.978404893817772,
02/26/2009,JPM US Select C Net Acc,0.976265004621087,
02/27/2009,JPM US Select C Net Acc,0.966041089570257,
02/28/2009,JPM US Select C Net Acc,0.966041089570257,
03/01/2009,JPM US Select C Net Acc,0.966041089570257,
03/02/2009,JPM US Select C Net Acc,0.925858725765834,
03/03/2009,JPM US Select C Net Acc,0.913732686984617,
03/04/2009,JPM US Select C Net Acc,0.904459833798981,
03/05/2009,JPM US Select C Net Acc,0.928474145895116,
03/06/2009,JPM US Select C Net Acc,0.880207756236547,
03/07/2009,JPM US Select C Net Acc,0.880207756236547,
03/08/2009,JPM US Select C Net Acc,0.880207756236547,
03/09/2009,JPM US Select C Net Acc,0.904697599265279,
03/10/2009,JPM US Select C Net Acc,0.893998153281853,
03/11/2009,JPM US Select C Net Acc,0.953677285322742,
03/12/2009,JPM US Select C Net Acc,0.961523545710588,
03/13/2009,JPM US Select C Net Acc,0.987202216070812,
03/14/2009,JPM US Select C Net Acc,0.987202216070812,
03/15/2009,JPM US Select C Net Acc,0.987202216070812,
03/16/2009,JPM US Select C Net Acc,0.985775623273022,
03/17/2009,JPM US Select C Net Acc,0.992433056329376,
03/18/2009,JPM US Select C Net Acc,1.03356648199899,
03/19/2009,JPM US Select C Net Acc,1.01074099723435,
03/20/2009,JPM US Select C Net Acc,1.00027931671722,
03/21/2009,JPM US Select C Net Acc,1.00027931671722,
03/22/2009,JPM US Select C Net Acc,1.00027931671722,
03/23/2009,JPM US Select C Net Acc,1.00241920591391,
03/24/2009,JPM US Select C Net Acc,1.03,
03/25/2009,JPM US Select C Net Acc,1.022,
03/26/2009,JPM US Select C Net Acc,1.031,
03/27/2009,JPM US Select C Net Acc,1.074,
03/28/2009,JPM US Select C Net Acc,1.074,
03/29/2009,JPM US Select C Net Acc,1.074,
03/30/2009,JPM US Select C Net Acc,1.037,
03/31/2009,JPM US Select C Net Acc,1.011,
04/01/2009,JPM US Select C Net Acc,1.019,
04/02/2009,JPM US Select C Net Acc,1.041,
04/03/2009,JPM US Select C Net Acc,1.046,
04/04/2009,JPM US Select C Net Acc,1.046,
04/05/2009,JPM US Select C Net Acc,1.046,
04/06/2009,JPM US Select C Net Acc,1.047,
04/07/2009,JPM US Select C Net Acc,1.056,
04/08/2009,JPM US Select C Net Acc,1.024,
04/09/2009,JPM US Select C Net Acc,1.04,
04/10/2009,JPM US Select C Net Acc,1.04,
04/11/2009,JPM US Select C Net Acc,1.04,
04/12/2009,JPM US Select C Net Acc,1.04,
04/13/2009,JPM US Select C Net Acc,1.04,
04/14/2009,JPM US Select C Net Acc,1.065,
04/15/2009,JPM US Select C Net Acc,1.036,
04/16/2009,JPM US Select C Net Acc,1.062,
04/17/2009,JPM US Select C Net Acc,1.08,
04/18/2009,JPM US Select C Net Acc,1.08,
04/19/2009,JPM US Select C Net Acc,1.08,
04/20/2009,JPM US Select C Net Acc,1.101,
04/21/2009,JPM US Select C Net Acc,1.056,
04/22/2009,JPM US Select C Net Acc,1.07,
04/23/2009,JPM US Select C Net Acc,1.068,
04/24/2009,JPM US Select C Net Acc,1.073,
04/25/2009,JPM US Select C Net Acc,1.073,
04/26/2009,JPM US Select C Net Acc,1.073,
04/27/2009,JPM US Select C Net Acc,1.097,
04/28/2009,JPM US Select C Net Acc,1.086,
04/29/2009,JPM US Select C Net Acc,1.065,
04/30/2009,JPM US Select C Net Acc,1.084,
05/01/2009,JPM US Select C Net Acc,1.077,
05/02/2009,JPM US Select C Net Acc,1.077,
05/03/2009,JPM US Select C Net Acc,1.077,
05/04/2009,JPM US Select C Net Acc,1.077,
05/05/2009,JPM US Select C Net Acc,1.11,
05/06/2009,JPM US Select C Net Acc,1.104,
05/07/2009,JPM US Select C Net Acc,1.119,
05/08/2009,JPM US Select C Net Acc,1.111,
05/09/2009,JPM US Select C Net Acc,1.111,
05/10/2009,JPM US Select C Net Acc,1.111,
05/11/2009,JPM US Select C Net Acc,1.13,
05/12/2009,JPM US Select C Net Acc,1.095,
05/13/2009,JPM US Select C Net Acc,1.104,
05/14/2009,JPM US Select C Net Acc,1.085,
05/15/2009,JPM US Select C Net Acc,1.089,
05/16/2009,JPM US Select C Net Acc,1.089,
05/17/2009,JPM US Select C Net Acc,1.089,
05/18/2009,JPM US Select C Net Acc,1.072,
05/19/2009,JPM US Select C Net Acc,1.085,
05/20/2009,JPM US Select C Net Acc,1.085,
05/21/2009,JPM US Select C Net Acc,1.067,
05/22/2009,JPM US Select C Net Acc,1.037,
05/23/2009,JPM US Select C Net Acc,1.037,
05/24/2009,JPM US Select C Net Acc,1.037,
05/25/2009,JPM US Select C Net Acc,1.037,
05/26/2009,JPM US Select C Net Acc,1.04,
05/27/2009,JPM US Select C Net Acc,1.052,
05/28/2009,JPM US Select C Net Acc,1.04,
05/29/2009,JPM US Select C Net Acc,1.044,
05/30/2009,JPM US Select C Net Acc,1.044,
05/31/2009,JPM US Select C Net Acc,1.044,
06/01/2009,JPM US Select C Net Acc,1.044,
06/02/2009,JPM US Select C Net Acc,1.066,
06/03/2009,JPM US Select C Net Acc,1.06,
06/04/2009,JPM US Select C Net Acc,1.058,
06/05/2009,JPM US Select C Net Acc,1.09,
06/06/2009,JPM US Select C Net Acc,1.09,
06/07/2009,JPM US Select C Net Acc,1.09,
06/08/2009,JPM US Select C Net Acc,1.107,
06/09/2009,JPM US Select C Net Acc,1.089,
06/10/2009,JPM US Select C Net Acc,1.076,
06/11/2009,JPM US Select C Net Acc,1.066,
06/12/2009,JPM US Select C Net Acc,1.071,
06/13/2009,JPM US Select C Net Acc,1.071,
06/14/2009,JPM US Select C Net Acc,1.071,
06/15/2009,JPM US Select C Net Acc,1.082,
06/16/2009,JPM US Select C Net Acc,1.052,
06/17/2009,JPM US Select C Net Acc,1.051,
06/18/2009,JPM US Select C Net Acc,1.049,
06/19/2009,JPM US Select C Net Acc,1.046,
06/20/2009,JPM US Select C Net Acc,1.046,
06/21/2009,JPM US Select C Net Acc,1.046,
06/22/2009,JPM US Select C Net Acc,1.049,
06/23/2009,JPM US Select C Net Acc,1.027,
06/24/2009,JPM US Select C Net Acc,1.012,
06/25/2009,JPM US Select C Net Acc,1.039,
06/26/2009,JPM US Select C Net Acc,1.045,
06/27/2009,JPM US Select C Net Acc,1.045,
06/28/2009,JPM US Select C Net Acc,1.045,
06/29/2009,JPM US Select C Net Acc,1.04,
06/30/2009,JPM US Select C Net Acc,1.049,
07/01/2009,JPM US Select C Net Acc,1.049,
07/02/2009,JPM US Select C Net Acc,1.056,
07/03/2009,JPM US Select C Net Acc,1.031,
07/04/2009,JPM US Select C Net Acc,1.031,
07/05/2009,JPM US Select C Net Acc,1.031,
07/06/2009,JPM US Select C Net Acc,1.043,
07/07/2009,JPM US Select C Net Acc,1.038,
07/08/2009,JPM US Select C Net Acc,1.026,
07/09/2009,JPM US Select C Net Acc,1.018,
07/10/2009,JPM US Select C Net Acc,1.021,
07/11/2009,JPM US Select C Net Acc,1.021,
07/12/2009,JPM US Select C Net Acc,1.021,
07/13/2009,JPM US Select C Net Acc,1.024,
07/14/2009,JPM US Select C Net Acc,1.036,
07/15/2009,JPM US Select C Net Acc,1.034,
07/16/2009,JPM US Select C Net Acc,1.067,
07/17/2009,JPM US Select C Net Acc,1.087,
07/18/2009,JPM US Select C Net Acc,1.087,
07/19/2009,JPM US Select C Net Acc,1.087,
07/20/2009,JPM US Select C Net Acc,1.072,
07/21/2009,JPM US Select C Net Acc,1.094,
07/22/2009,JPM US Select C Net Acc,1.101,
07/23/2009,JPM US Select C Net Acc,1.095,
07/24/2009,JPM US Select C Net Acc,1.121,
07/25/2009,JPM US Select C Net Acc,1.121,
07/26/2009,JPM US Select C Net Acc,1.121,
07/27/2009,JPM US Select C Net Acc,1.125,
07/28/2009,JPM US Select C Net Acc,1.123,
07/29/2009,JPM US Select C Net Acc,1.126,
07/30/2009,JPM US Select C Net Acc,1.112,
07/31/2009,JPM US Select C Net Acc,1.12,
08/01/2009,JPM US Select C Net Acc,1.12,
08/02/2009,JPM US Select C Net Acc,1.12,
08/03/2009,JPM US Select C Net Acc,1.105,
08/04/2009,JPM US Select C Net Acc,1.116,
08/05/2009,JPM US Select C Net Acc,1.115,
08/06/2009,JPM US Select C Net Acc,1.113,
08/07/2009,JPM US Select C Net Acc,1.121,
08/08/2009,JPM US Select C Net Acc,1.121,
08/09/2009,JPM US Select C Net Acc,1.121,
08/10/2009,JPM US Select C Net Acc,1.143,
08/11/2009,JPM US Select C Net Acc,1.148,
08/12/2009,JPM US Select C Net Acc,1.135,
08/13/2009,JPM US Select C Net Acc,1.138,
08/14/2009,JPM US Select C Net Acc,1.151,
08/15/2009,JPM US Select C Net Acc,1.151,
08/16/2009,JPM US Select C Net Acc,1.151,
08/17/2009,JPM US Select C Net Acc,1.134,
08/18/2009,JPM US Select C Net Acc,1.119,
08/19/2009,JPM US Select C Net Acc,1.137,
08/20/2009,JPM US Select C Net Acc,1.14,
08/21/2009,JPM US Select C Net Acc,1.145,
08/22/2009,JPM US Select C Net Acc,1.145,
08/23/2009,JPM US Select C Net Acc,1.145,
08/24/2009,JPM US Select C Net Acc,1.172,
08/25/2009,JPM US Select C Net Acc,1.182,
08/26/2009,JPM US Select C Net Acc,1.189,
08/27/2009,JPM US Select C Net Acc,1.196,
08/28/2009,JPM US Select C Net Acc,1.188,
08/29/2009,JPM US Select C Net Acc,1.188,
08/30/2009,JPM US Select C Net Acc,1.188,
08/31/2009,JPM US Select C Net Acc,1.188,
09/01/2009,JPM US Select C Net Acc,1.183,
09/02/2009,JPM US Select C Net Acc,1.156,
09/03/2009,JPM US Select C Net Acc,1.142,
09/04/2009,JPM US Select C Net Acc,1.152,
09/05/2009,JPM US Select C Net Acc,1.152,
09/06/2009,JPM US Select C Net Acc,1.152,
09/07/2009,JPM US Select C Net Acc,1.163,
09/08/2009,JPM US Select C Net Acc,1.154,
09/09/2009,JPM US Select C Net Acc,1.168,
09/10/2009,JPM US Select C Net Acc,1.178,
09/11/2009,JPM US Select C Net Acc,1.181,
09/12/2009,JPM US Select C Net Acc,1.181,
09/13/2009,JPM US Select C Net Acc,1.181,
09/14/2009,JPM US Select C Net Acc,1.191,
09/15/2009,JPM US Select C Net Acc,1.201,
09/16/2009,JPM US Select C Net Acc,1.201,
09/17/2009,JPM US Select C Net Acc,1.215,
09/18/2009,JPM US Select C Net Acc,1.225,
09/19/2009,JPM US Select C Net Acc,1.225,
09/20/2009,JPM US Select C Net Acc,1.225,
09/21/2009,JPM US Select C Net Acc,1.24,
09/22/2009,JPM US Select C Net Acc,1.226,
09/23/2009,JPM US Select C Net Acc,1.229,
09/24/2009,JPM US Select C Net Acc,1.232,
09/25/2009,JPM US Select C Net Acc,1.235,
09/26/2009,JPM US Select C Net Acc,1.235,
09/27/2009,JPM US Select C Net Acc,1.235,
09/28/2009,JPM US Select C Net Acc,1.242,
09/29/2009,JPM US Select C Net Acc,1.254,
09/30/2009,JPM US Select C Net Acc,1.239,
10/01/2009,JPM US Select C Net Acc,1.246,
10/02/2009,JPM US Select C Net Acc,1.227,
10/03/2009,JPM US Select C Net Acc,1.227,
10/04/2009,JPM US Select C Net Acc,1.227,
10/05/2009,JPM US Select C Net Acc,1.214,
10/06/2009,JPM US Select C Net Acc,1.233,
10/07/2009,JPM US Select C Net Acc,1.254,
10/08/2009,JPM US Select C Net Acc,1.243,
10/09/2009,JPM US Select C Net Acc,1.261,
10/10/2009,JPM US Select C Net Acc,1.261,
10/11/2009,JPM US Select C Net Acc,1.261,
10/12/2009,JPM US Select C Net Acc,1.282,
10/13/2009,JPM US Select C Net Acc,1.287,
10/14/2009,JPM US Select C Net Acc,1.268,
10/15/2009,JPM US Select C Net Acc,1.27,
10/16/2009,JPM US Select C Net Acc,1.273,
10/17/2009,JPM US Select C Net Acc,1.273,
10/18/2009,JPM US Select C Net Acc,1.273,
10/19/2009,JPM US Select C Net Acc,1.266,
10/20/2009,JPM US Select C Net Acc,1.267,
10/21/2009,JPM US Select C Net Acc,1.249,
10/22/2009,JPM US Select C Net Acc,1.243,
10/23/2009,JPM US Select C Net Acc,1.265,
10/24/2009,JPM US Select C Net Acc,1.265,
10/25/2009,JPM US Select C Net Acc,1.265,
10/26/2009,JPM US Select C Net Acc,1.258,
10/27/2009,JPM US Select C Net Acc,1.24,
10/28/2009,JPM US Select C Net Acc,1.241,
10/29/2009,JPM US Select C Net Acc,1.208,
10/30/2009,JPM US Select C Net Acc,1.228,
10/31/2009,JPM US Select C Net Acc,1.228,
11/01/2009,JPM US Select C Net Acc,1.228,
11/02/2009,JPM US Select C Net Acc,1.205,
11/03/2009,JPM US Select C Net Acc,1.218,
11/04/2009,JPM US Select C Net Acc,1.203,
11/05/2009,JPM US Select C Net Acc,1.209,
11/06/2009,JPM US Select C Net Acc,1.224,
11/07/2009,JPM US Select C Net Acc,1.224,
11/08/2009,JPM US Select C Net Acc,1.224,
11/09/2009,JPM US Select C Net Acc,1.213,
11/10/2009,JPM US Select C Net Acc,1.249,
11/11/2009,JPM US Select C Net Acc,1.249,
11/12/2009,JPM US Select C Net Acc,1.262,
11/13/2009,JPM US Select C Net Acc,1.241,
11/14/2009,JPM US Select C Net Acc,1.241,
11/15/2009,JPM US Select C Net Acc,1.241,
11/16/2009,JPM US Select C Net Acc,1.249,
11/17/2009,JPM US Select C Net Acc,1.26,
11/18/2009,JPM US Select C Net Acc,1.261,
11/19/2009,JPM US Select C Net Acc,1.274,
11/20/2009,JPM US Select C Net Acc,1.267,
11/21/2009,JPM US Select C Net Acc,1.267,
11/22/2009,JPM US Select C Net Acc,1.267,
11/23/2009,JPM US Select C Net Acc,1.256,
11/24/2009,JPM US Select C Net Acc,1.28,
11/25/2009,JPM US Select C Net Acc,1.269,
11/26/2009,JPM US Select C Net Acc,1.284,
11/27/2009,JPM US Select C Net Acc,1.261,
11/28/2009,JPM US Select C Net Acc,1.261,
11/29/2009,JPM US Select C Net Acc,1.261,
11/30/2009,JPM US Select C Net Acc,1.268,
12/01/2009,JPM US Select C Net Acc,1.267,
12/02/2009,JPM US Select C Net Acc,1.273,
12/03/2009,JPM US Select C Net Acc,1.276,
12/04/2009,JPM US Select C Net Acc,1.267,
12/05/2009,JPM US Select C Net Acc,1.267,
12/06/2009,JPM US Select C Net Acc,1.267,
12/07/2009,JPM US Select C Net Acc,1.293,
12/08/2009,JPM US Select C Net Acc,1.293,
12/09/2009,JPM US Select C Net Acc,1.277,
12/10/2009,JPM US Select C Net Acc,1.284,
12/11/2009,JPM US Select C Net Acc,1.293,
12/12/2009,JPM US Select C Net Acc,1.293,
12/13/2009,JPM US Select C Net Acc,1.293,
12/14/2009,JPM US Select C Net Acc,1.301,
12/15/2009,JPM US Select C Net Acc,1.309,
12/16/2009,JPM US Select C Net Acc,1.291,
12/17/2009,JPM US Select C Net Acc,1.312,
12/18/2009,JPM US Select C Net Acc,1.293,
12/19/2009,JPM US Select C Net Acc,1.293,
12/20/2009,JPM US Select C Net Acc,1.293,
12/21/2009,JPM US Select C Net Acc,1.307,
12/22/2009,JPM US Select C Net Acc,1.329,
12/23/2009,JPM US Select C Net Acc,1.34,
12/24/2009,JPM US Select C Net Acc,1.338,
12/25/2009,JPM US Select C Net Acc,1.338,
12/26/2009,JPM US Select C Net Acc,1.338,
12/27/2009,JPM US Select C Net Acc,1.338,
12/28/2009,JPM US Select C Net Acc,1.338,
12/29/2009,JPM US Select C Net Acc,1.346,
12/30/2009,JPM US Select C Net Acc,1.356,
12/31/2009,JPM US Select C Net Acc,1.328,
01/01/2010,JPM US Select C Net Acc,1.328,
01/02/2010,JPM US Select C Net Acc,1.328,
01/03/2010,JPM US Select C Net Acc,1.328,
01/04/2010,JPM US Select C Net Acc,1.313,
01/05/2010,JPM US Select C Net Acc,1.353,
01/06/2010,JPM US Select C Net Acc,1.359,
01/07/2010,JPM US Select C Net Acc,1.365,
01/08/2010,JPM US Select C Net Acc,1.362,
01/09/2010,JPM US Select C Net Acc,1.362,
01/10/2010,JPM US Select C Net Acc,1.362,
01/11/2010,JPM US Select C Net Acc,1.353,
01/12/2010,JPM US Select C Net Acc,1.359,
01/13/2010,JPM US Select C Net Acc,1.333,
01/14/2010,JPM US Select C Net Acc,1.346,
01/15/2010,JPM US Select C Net Acc,1.348,
01/16/2010,JPM US Select C Net Acc,1.348,
01/17/2010,JPM US Select C Net Acc,1.348,
01/18/2010,JPM US Select C Net Acc,1.329,
01/19/2010,JPM US Select C Net Acc,1.329,
01/20/2010,JPM US Select C Net Acc,1.351,
01/21/2010,JPM US Select C Net Acc,1.347,
01/22/2010,JPM US Select C Net Acc,1.321,
01/23/2010,JPM US Select C Net Acc,1.321,
01/24/2010,JPM US Select C Net Acc,1.321,
01/25/2010,JPM US Select C Net Acc,1.291,
01/26/2010,JPM US Select C Net Acc,1.298,
01/27/2010,JPM US Select C Net Acc,1.282,
01/28/2010,JPM US Select C Net Acc,1.285,
01/29/2010,JPM US Select C Net Acc,1.277,
01/30/2010,JPM US Select C Net Acc,1.277,
01/31/2010,JPM US Select C Net Acc,1.277,
02/01/2010,JPM US Select C Net Acc,1.286,
02/02/2010,JPM US Select C Net Acc,1.299,
02/03/2010,JPM US Select C Net Acc,1.313,
02/04/2010,JPM US Select C Net Acc,1.319,
02/05/2010,JPM US Select C Net Acc,1.285,
02/06/2010,JPM US Select C Net Acc,1.285,
02/07/2010,JPM US Select C Net Acc,1.285,
02/08/2010,JPM US Select C Net Acc,1.301,
02/09/2010,JPM US Select C Net Acc,1.29,
02/10/2010,JPM US Select C Net Acc,1.299,
02/11/2010,JPM US Select C Net Acc,1.299,
02/12/2010,JPM US Select C Net Acc,1.316,
02/13/2010,JPM US Select C Net Acc,1.316,
02/14/2010,JPM US Select C Net Acc,1.316,
02/15/2010,JPM US Select C Net Acc,1.306,
02/16/2010,JPM US Select C Net Acc,1.306,
02/17/2010,JPM US Select C Net Acc,1.324,
02/18/2010,JPM US Select C Net Acc,1.345,
02/19/2010,JPM US Select C Net Acc,1.371,
02/20/2010,JPM US Select C Net Acc,1.371,
02/21/2010,JPM US Select C Net Acc,1.371,
02/22/2010,JPM US Select C Net Acc,1.368,
02/23/2010,JPM US Select C Net Acc,1.371,
02/24/2010,JPM US Select C Net Acc,1.35,
02/25/2010,JPM US Select C Net Acc,1.376,
02/26/2010,JPM US Select C Net Acc,1.38,
02/27/2010,JPM US Select C Net Acc,1.38,
02/28/2010,JPM US Select C Net Acc,1.38,
03/01/2010,JPM US Select C Net Acc,1.416,
03/02/2010,JPM US Select C Net Acc,1.42,
03/03/2010,JPM US Select C Net Acc,1.416,
03/04/2010,JPM US Select C Net Acc,1.414,
03/05/2010,JPM US Select C Net Acc,1.424,
03/06/2010,JPM US Select C Net Acc,1.424,
03/07/2010,JPM US Select C Net Acc,1.424,
03/08/2010,JPM US Select C Net Acc,1.436,
03/09/2010,JPM US Select C Net Acc,1.452,
03/10/2010,JPM US Select C Net Acc,1.457,
03/11/2010,JPM US Select C Net Acc,1.453,
03/12/2010,JPM US Select C Net Acc,1.447,
03/13/2010,JPM US Select C Net Acc,1.447,
03/14/2010,JPM US Select C Net Acc,1.447,
03/15/2010,JPM US Select C Net Acc,1.459,
03/16/2010,JPM US Select C Net Acc,1.449,
03/17/2010,JPM US Select C Net Acc,1.443,
03/18/2010,JPM US Select C Net Acc,1.457,
03/19/2010,JPM US Select C Net Acc,1.467,
03/20/2010,JPM US Select C Net Acc,1.467,
03/21/2010,JPM US Select C Net Acc,1.467,
03/22/2010,JPM US Select C Net Acc,1.477,
03/23/2010,JPM US Select C Net Acc,1.484,
03/24/2010,JPM US Select C Net Acc,1.498,
03/25/2010,JPM US Select C Net Acc,1.492,
03/26/2010,JPM US Select C Net Acc,1.498,
03/27/2010,JPM US Select C Net Acc,1.498,
03/28/2010,JPM US Select C Net Acc,1.498,
03/29/2010,JPM US Select C Net Acc,1.489,
03/30/2010,JPM US Select C Net Acc,1.486,
03/31/2010,JPM US Select C Net Acc,1.481,
04/01/2010,JPM US Select C Net Acc,1.468,
04/02/2010,JPM US Select C Net Acc,1.468,
04/03/2010,JPM US Select C Net Acc,1.468,
04/04/2010,JPM US Select C Net Acc,1.468,
04/05/2010,JPM US Select C Net Acc,1.468,
04/06/2010,JPM US Select C Net Acc,1.496,
04/07/2010,JPM US Select C Net Acc,1.502,
04/08/2010,JPM US Select C Net Acc,1.487,
04/09/2010,JPM US Select C Net Acc,1.48,
04/10/2010,JPM US Select C Net Acc,1.48,
04/11/2010,JPM US Select C Net Acc,1.48,
04/12/2010,JPM US Select C Net Acc,1.483,
04/13/2010,JPM US Select C Net Acc,1.483,
04/14/2010,JPM US Select C Net Acc,1.483,
04/15/2010,JPM US Select C Net Acc,1.501,
04/16/2010,JPM US Select C Net Acc,1.497,
04/17/2010,JPM US Select C Net Acc,1.497,
04/18/2010,JPM US Select C Net Acc,1.497,
04/19/2010,JPM US Select C Net Acc,1.495,
04/20/2010,JPM US Select C Net Acc,1.482,
04/21/2010,JPM US Select C Net Acc,1.496,
04/22/2010,JPM US Select C Net Acc,1.492,
04/23/2010,JPM US Select C Net Acc,1.496,
04/24/2010,JPM US Select C Net Acc,1.496,
04/25/2010,JPM US Select C Net Acc,1.496,
04/26/2010,JPM US Select C Net Acc,1.5,
04/27/2010,JPM US Select C Net Acc,1.502,
04/28/2010,JPM US Select C Net Acc,1.483,
04/29/2010,JPM US Select C Net Acc,1.488,
04/30/2010,JPM US Select C Net Acc,1.497,
05/01/2010,JPM US Select C Net Acc,1.497,
05/02/2010,JPM US Select C Net Acc,1.497,
05/03/2010,JPM US Select C Net Acc,1.497,
05/04/2010,JPM US Select C Net Acc,1.507,
05/05/2010,JPM US Select C Net Acc,1.472,
05/06/2010,JPM US Select C Net Acc,1.469,
05/07/2010,JPM US Select C Net Acc,1.454,
05/08/2010,JPM US Select C Net Acc,1.454,
05/09/2010,JPM US Select C Net Acc,1.454,
05/10/2010,JPM US Select C Net Acc,1.466,
05/11/2010,JPM US Select C Net Acc,1.491,
05/12/2010,JPM US Select C Net Acc,1.47,
05/13/2010,JPM US Select C Net Acc,1.506,
05/14/2010,JPM US Select C Net Acc,1.509,
05/15/2010,JPM US Select C Net Acc,1.509,
05/16/2010,JPM US Select C Net Acc,1.509,
05/17/2010,JPM US Select C Net Acc,1.494,
05/18/2010,JPM US Select C Net Acc,1.493,
05/19/2010,JPM US Select C Net Acc,1.493,
05/20/2010,JPM US Select C Net Acc,1.478,
05/21/2010,JPM US Select C Net Acc,1.418,
05/22/2010,JPM US Select C Net Acc,1.418,
05/23/2010,JPM US Select C Net Acc,1.418,
05/24/2010,JPM US Select C Net Acc,1.439,
05/25/2010,JPM US Select C Net Acc,1.393,
05/26/2010,JPM US Select C Net Acc,1.417,
05/27/2010,JPM US Select C Net Acc,1.428,
05/28/2010,JPM US Select C Net Acc,1.442,
05/29/2010,JPM US Select C Net Acc,1.442,
05/30/2010,JPM US Select C Net Acc,1.442,
05/31/2010,JPM US Select C Net Acc,1.442,
06/01/2010,JPM US Select C Net Acc,1.433,
06/02/2010,JPM US Select C Net Acc,1.392,
06/03/2010,JPM US Select C Net Acc,1.428,
06/04/2010,JPM US Select C Net Acc,1.437,
06/05/2010,JPM US Select C Net Acc,1.437,
06/06/2010,JPM US Select C Net Acc,1.437,
06/07/2010,JPM US Select C Net Acc,1.403,
06/08/2010,JPM US Select C Net Acc,1.391,
06/09/2010,JPM US Select C Net Acc,1.4,
06/10/2010,JPM US Select C Net Acc,1.378,
06/11/2010,JPM US Select C Net Acc,1.418,
06/12/2010,JPM US Select C Net Acc,1.418,
06/13/2010,JPM US Select C Net Acc,1.418,
06/14/2010,JPM US Select C Net Acc,1.418,
06/15/2010,JPM US Select C Net Acc,1.413,
06/16/2010,JPM US Select C Net Acc,1.441,
06/17/2010,JPM US Select C Net Acc,1.437,
06/18/2010,JPM US Select C Net Acc,1.439,
06/19/2010,JPM US Select C Net Acc,1.439,
06/20/2010,JPM US Select C Net Acc,1.439,
06/21/2010,JPM US Select C Net Acc,1.437,
06/22/2010,JPM US Select C Net Acc,1.443,
06/23/2010,JPM US Select C Net Acc,1.402,
06/24/2010,JPM US Select C Net Acc,1.391,
06/25/2010,JPM US Select C Net Acc,1.374,
06/26/2010,JPM US Select C Net Acc,1.374,
06/27/2010,JPM US Select C Net Acc,1.374,
06/28/2010,JPM US Select C Net Acc,1.365,
06/29/2010,JPM US Select C Net Acc,1.361,
06/30/2010,JPM US Select C Net Acc,1.32,
07/01/2010,JPM US Select C Net Acc,1.309,
07/02/2010,JPM US Select C Net Acc,1.285,
07/03/2010,JPM US Select C Net Acc,1.285,
07/04/2010,JPM US Select C Net Acc,1.285,
07/05/2010,JPM US Select C Net Acc,1.284,
07/06/2010,JPM US Select C Net Acc,1.279,
07/07/2010,JPM US Select C Net Acc,1.291,
07/08/2010,JPM US Select C Net Acc,1.334,
07/09/2010,JPM US Select C Net Acc,1.343,
07/10/2010,JPM US Select C Net Acc,1.343,
07/11/2010,JPM US Select C Net Acc,1.343,
07/12/2010,JPM US Select C Net Acc,1.368,
07/13/2010,JPM US Select C Net Acc,1.362,
07/14/2010,JPM US Select C Net Acc,1.367,
07/15/2010,JPM US Select C Net Acc,1.361,
07/16/2010,JPM US Select C Net Acc,1.362,
07/17/2010,JPM US Select C Net Acc,1.362,
07/18/2010,JPM US Select C Net Acc,1.362,
07/19/2010,JPM US Select C Net Acc,1.327,
07/20/2010,JPM US Select C Net Acc,1.344,
07/21/2010,JPM US Select C Net Acc,1.35,
07/22/2010,JPM US Select C Net Acc,1.336,
07/23/2010,JPM US Select C Net Acc,1.352,
07/24/2010,JPM US Select C Net Acc,1.352,
07/25/2010,JPM US Select C Net Acc,1.352,
07/26/2010,JPM US Select C Net Acc,1.358,
07/27/2010,JPM US Select C Net Acc,1.37,
07/28/2010,JPM US Select C Net Acc,1.363,
07/29/2010,JPM US Select C Net Acc,1.347,
07/30/2010,JPM US Select C Net Acc,1.348,
07/31/2010,JPM US Select C Net Acc,1.348,
08/01/2010,JPM US Select C Net Acc,1.348,
08/02/2010,JPM US Select C Net Acc,1.328,
08/03/2010,JPM US Select C Net Acc,1.345,
08/04/2010,JPM US Select C Net Acc,1.339,
08/05/2010,JPM US Select C Net Acc,1.347,
08/06/2010,JPM US Select C Net Acc,1.349,
08/07/2010,JPM US Select C Net Acc,1.349,
08/08/2010,JPM US Select C Net Acc,1.349,
08/09/2010,JPM US Select C Net Acc,1.336,
08/10/2010,JPM US Select C Net Acc,1.361,
08/11/2010,JPM US Select C Net Acc,1.359,
08/12/2010,JPM US Select C Net Acc,1.329,
08/13/2010,JPM US Select C Net Acc,1.32,
08/14/2010,JPM US Select C Net Acc,1.32,
08/15/2010,JPM US Select C Net Acc,1.32,
08/16/2010,JPM US Select C Net Acc,1.314,
08/17/2010,JPM US Select C Net Acc,1.311,
08/18/2010,JPM US Select C Net Acc,1.325,
08/19/2010,JPM US Select C Net Acc,1.329,
08/20/2010,JPM US Select C Net Acc,1.319,
08/21/2010,JPM US Select C Net Acc,1.319,
08/22/2010,JPM US Select C Net Acc,1.319,
08/23/2010,JPM US Select C Net Acc,1.307,
08/24/2010,JPM US Select C Net Acc,1.314,
08/25/2010,JPM US Select C Net Acc,1.291,
08/26/2010,JPM US Select C Net Acc,1.287,
08/27/2010,JPM US Select C Net Acc,1.279,
08/28/2010,JPM US Select C Net Acc,1.279,
08/29/2010,JPM US Select C Net Acc,1.279,
08/30/2010,JPM US Select C Net Acc,1.279,
08/31/2010,JPM US Select C Net Acc,1.29,
09/01/2010,JPM US Select C Net Acc,1.293,
09/02/2010,JPM US Select C Net Acc,1.331,
09/03/2010,JPM US Select C Net Acc,1.343,
09/04/2010,JPM US Select C Net Acc,1.343,
09/05/2010,JPM US Select C Net Acc,1.343,
09/06/2010,JPM US Select C Net Acc,1.366,
09/07/2010,JPM US Select C Net Acc,1.365,
09/08/2010,JPM US Select C Net Acc,1.341,
09/09/2010,JPM US Select C Net Acc,1.353,
09/10/2010,JPM US Select C Net Acc,1.355,
09/11/2010,JPM US Select C Net Acc,1.355,
09/12/2010,JPM US Select C Net Acc,1.355,
09/13/2010,JPM US Select C Net Acc,1.368,
09/14/2010,JPM US Select C Net Acc,1.383,
09/15/2010,JPM US Select C Net Acc,1.372,
09/16/2010,JPM US Select C Net Acc,1.366,
09/17/2010,JPM US Select C Net Acc,1.363,
09/18/2010,JPM US Select C Net Acc,1.363,
09/19/2010,JPM US Select C Net Acc,1.363,
09/20/2010,JPM US Select C Net Acc,1.368,
09/21/2010,JPM US Select C Net Acc,1.395,
09/22/2010,JPM US Select C Net Acc,1.381,
09/23/2010,JPM US Select C Net Acc,1.37,
09/24/2010,JPM US Select C Net Acc,1.357,
09/25/2010,JPM US Select C Net Acc,1.357,
09/26/2010,JPM US Select C Net Acc,1.357,
09/27/2010,JPM US Select C Net Acc,1.373,
09/28/2010,JPM US Select C Net Acc,1.366,
09/29/2010,JPM US Select C Net Acc,1.376,
09/30/2010,JPM US Select C Net Acc,1.363,
10/01/2010,JPM US Select C Net Acc,1.367,
10/02/2010,JPM US Select C Net Acc,1.367,
10/03/2010,JPM US Select C Net Acc,1.367,
10/04/2010,JPM US Select C Net Acc,1.374,
10/05/2010,JPM US Select C Net Acc,1.358,
10/06/2010,JPM US Select C Net Acc,1.386,
10/07/2010,JPM US Select C Net Acc,1.382,
10/08/2010,JPM US Select C Net Acc,1.386,
10/09/2010,JPM US Select C Net Acc,1.386,
10/10/2010,JPM US Select C Net Acc,1.386,
10/11/2010,JPM US Select C Net Acc,1.39,
10/12/2010,JPM US Select C Net Acc,1.398,
10/13/2010,JPM US Select C Net Acc,1.403,
10/14/2010,JPM US Select C Net Acc,1.401,
10/15/2010,JPM US Select C Net Acc,1.391,
10/16/2010,JPM US Select C Net Acc,1.391,
10/17/2010,JPM US Select C Net Acc,1.391,
10/18/2010,JPM US Select C Net Acc,1.407,
10/19/2010,JPM US Select C Net Acc,1.427,
10/20/2010,JPM US Select C Net Acc,1.41,
10/21/2010,JPM US Select C Net Acc,1.42,
10/22/2010,JPM US Select C Net Acc,1.428,
10/23/2010,JPM US Select C Net Acc,1.428,
10/24/2010,JPM US Select C Net Acc,1.428,
10/25/2010,JPM US Select C Net Acc,1.427,
10/26/2010,JPM US Select C Net Acc,1.419,
10/27/2010,JPM US Select C Net Acc,1.423,
10/28/2010,JPM US Select C Net Acc,1.416,
10/29/2010,JPM US Select C Net Acc,1.417,
10/30/2010,JPM US Select C Net Acc,1.417,
10/31/2010,JPM US Select C Net Acc,1.417,
11/01/2010,JPM US Select C Net Acc,1.403,
11/02/2010,JPM US Select C Net Acc,1.41,
11/03/2010,JPM US Select C Net Acc,1.41,
11/04/2010,JPM US Select C Net Acc,1.41,
11/05/2010,JPM US Select C Net Acc,1.431,
11/06/2010,JPM US Select C Net Acc,1.431,
11/07/2010,JPM US Select C Net Acc,1.431,
11/08/2010,JPM US Select C Net Acc,1.445,
11/09/2010,JPM US Select C Net Acc,1.439,
11/10/2010,JPM US Select C Net Acc,1.437,
11/11/2010,JPM US Select C Net Acc,1.44,
11/12/2010,JPM US Select C Net Acc,1.437,
11/13/2010,JPM US Select C Net Acc,1.437,
11/14/2010,JPM US Select C Net Acc,1.437,
11/15/2010,JPM US Select C Net Acc,1.419,
11/16/2010,JPM US Select C Net Acc,1.422,
11/17/2010,JPM US Select C Net Acc,1.408,
11/18/2010,JPM US Select C Net Acc,1.398,
11/19/2010,JPM US Select C Net Acc,1.415,
11/20/2010,JPM US Select C Net Acc,1.415,
11/21/2010,JPM US Select C Net Acc,1.415,
11/22/2010,JPM US Select C Net Acc,1.424,
11/23/2010,JPM US Select C Net Acc,1.428,
11/24/2010,JPM US Select C Net Acc,1.422,
11/25/2010,JPM US Select C Net Acc,1.445,
11/26/2010,JPM US Select C Net Acc,1.45,
11/27/2010,JPM US Select C Net Acc,1.45,
11/28/2010,JPM US Select C Net Acc,1.45,
11/29/2010,JPM US Select C Net Acc,1.449,
11/30/2010,JPM US Select C Net Acc,1.454,
12/01/2010,JPM US Select C Net Acc,1.438,
12/02/2010,JPM US Select C Net Acc,1.472,
12/03/2010,JPM US Select C Net Acc,1.488,
12/04/2010,JPM US Select C Net Acc,1.488,
12/05/2010,JPM US Select C Net Acc,1.488,
12/06/2010,JPM US Select C Net Acc,1.488,
12/07/2010,JPM US Select C Net Acc,1.476,
12/08/2010,JPM US Select C Net Acc,1.477,
12/09/2010,JPM US Select C Net Acc,1.486,
12/10/2010,JPM US Select C Net Acc,1.482,
12/11/2010,JPM US Select C Net Acc,1.482,
12/12/2010,JPM US Select C Net Acc,1.482,
12/13/2010,JPM US Select C Net Acc,1.499,
12/14/2010,JPM US Select C Net Acc,1.492,
12/15/2010,JPM US Select C Net Acc,1.511,
12/16/2010,JPM US Select C Net Acc,1.51,
12/17/2010,JPM US Select C Net Acc,1.524,
12/18/2010,JPM US Select C Net Acc,1.524,
12/19/2010,JPM US Select C Net Acc,1.524,
12/20/2010,JPM US Select C Net Acc,1.527,
12/21/2010,JPM US Select C Net Acc,1.539,
12/22/2010,JPM US Select C Net Acc,1.55,
12/23/2010,JPM US Select C Net Acc,1.565,
12/24/2010,JPM US Select C Net Acc,1.557,
12/25/2010,JPM US Select C Net Acc,1.557,
12/26/2010,JPM US Select C Net Acc,1.557,
12/27/2010,JPM US Select C Net Acc,1.557,
12/28/2010,JPM US Select C Net Acc,1.557,
12/29/2010,JPM US Select C Net Acc,1.564,
12/30/2010,JPM US Select C Net Acc,1.562,
12/31/2010,JPM US Select C Net Acc,1.55,
01/01/2011,JPM US Select C Net Acc,1.55,
01/02/2011,JPM US Select C Net Acc,1.55,
01/03/2011,JPM US Select C Net Acc,1.55,
01/04/2011,JPM US Select C Net Acc,1.562,
01/05/2011,JPM US Select C Net Acc,1.562,
01/06/2011,JPM US Select C Net Acc,1.583,
01/07/2011,JPM US Select C Net Acc,1.586,
01/08/2011,JPM US Select C Net Acc,1.586,
01/09/2011,JPM US Select C Net Acc,1.586,
01/10/2011,JPM US Select C Net Acc,1.577,
01/11/2011,JPM US Select C Net Acc,1.569,
01/12/2011,JPM US Select C Net Acc,1.572,
01/13/2011,JPM US Select C Net Acc,1.568,
01/14/2011,JPM US Select C Net Acc,1.555,
01/15/2011,JPM US Select C Net Acc,1.555,
01/16/2011,JPM US Select C Net Acc,1.555,
01/17/2011,JPM US Select C Net Acc,1.561,
01/18/2011,JPM US Select C Net Acc,1.553,
01/19/2011,JPM US Select C Net Acc,1.552,
01/20/2011,JPM US Select C Net Acc,1.536,
01/21/2011,JPM US Select C Net Acc,1.537,
01/22/2011,JPM US Select C Net Acc,1.537,
01/23/2011,JPM US Select C Net Acc,1.537,
01/24/2011,JPM US Select C Net Acc,1.539,
01/25/2011,JPM US Select C Net Acc,1.563,
01/26/2011,JPM US Select C Net Acc,1.553,
01/27/2011,JPM US Select C Net Acc,1.55,
01/28/2011,JPM US Select C Net Acc,1.556,
01/29/2011,JPM US Select C Net Acc,1.556,
01/30/2011,JPM US Select C Net Acc,1.556,
01/31/2011,JPM US Select C Net Acc,1.53,
02/01/2011,JPM US Select C Net Acc,1.521,
02/02/2011,JPM US Select C Net Acc,1.537,
02/03/2011,JPM US Select C Net Acc,1.535,
02/04/2011,JPM US Select C Net Acc,1.546,
02/05/2011,JPM US Select C Net Acc,1.546,
02/06/2011,JPM US Select C Net Acc,1.546,
02/07/2011,JPM US Select C Net Acc,1.553,
02/08/2011,JPM US Select C Net Acc,1.56,
02/09/2011,JPM US Select C Net Acc,1.572,
02/10/2011,JPM US Select C Net Acc,1.569,
02/11/2011,JPM US Select C Net Acc,1.574,
02/12/2011,JPM US Select C Net Acc,1.574,
02/13/2011,JPM US Select C Net Acc,1.574,
02/14/2011,JPM US Select C Net Acc,1.581,
02/15/2011,JPM US Select C Net Acc,1.575,
02/16/2011,JPM US Select C Net Acc,1.576,
02/17/2011,JPM US Select C Net Acc,1.58,
02/18/2011,JPM US Select C Net Acc,1.575,
02/19/2011,JPM US Select C Net Acc,1.575,
02/20/2011,JPM US Select C Net Acc,1.575,
02/21/2011,JPM US Select C Net Acc,1.578,
02/22/2011,JPM US Select C Net Acc,1.584,
02/23/2011,JPM US Select C Net Acc,1.541,
02/24/2011,JPM US Select C Net Acc,1.543,
02/25/2011,JPM US Select C Net Acc,1.546,
02/26/2011,JPM US Select C Net Acc,1.546,
02/27/2011,JPM US Select C Net Acc,1.546,
02/28/2011,JPM US Select C Net Acc,1.55,
03/01/2011,JPM US Select C Net Acc,1.554,
03/02/2011,JPM US Select C Net Acc,1.525,
03/03/2011,JPM US Select C Net Acc,1.532,
03/04/2011,JPM US Select C Net Acc,1.557,
03/05/2011,JPM US Select C Net Acc,1.557,
03/06/2011,JPM US Select C Net Acc,1.557,
03/07/2011,JPM US Select C Net Acc,1.541,
03/08/2011,JPM US Select C Net Acc,1.542,
03/09/2011,JPM US Select C Net Acc,1.551,
03/10/2011,JPM US Select C Net Acc,1.551,
03/11/2011,JPM US Select C Net Acc,1.539,
03/12/2011,JPM US Select C Net Acc,1.539,
03/13/2011,JPM US Select C Net Acc,1.539,
03/14/2011,JPM US Select C Net Acc,1.539,
03/15/2011,JPM US Select C Net Acc,1.503,
03/16/2011,JPM US Select C Net Acc,1.516,
03/17/2011,JPM US Select C Net Acc,1.481,
03/18/2011,JPM US Select C Net Acc,1.499,
03/19/2011,JPM US Select C Net Acc,1.499,
03/20/2011,JPM US Select C Net Acc,1.499,
03/21/2011,JPM US Select C Net Acc,1.495,
03/22/2011,JPM US Select C Net Acc,1.507,
03/23/2011,JPM US Select C Net Acc,1.511,
03/24/2011,JPM US Select C Net Acc,1.524,
03/25/2011,JPM US Select C Net Acc,1.545,
03/26/2011,JPM US Select C Net Acc,1.545,
03/27/2011,JPM US Select C Net Acc,1.545,
03/28/2011,JPM US Select C Net Acc,1.561,
03/29/2011,JPM US Select C Net Acc,1.556,
03/30/2011,JPM US Select C Net Acc,1.562,
03/31/2011,JPM US Select C Net Acc,1.569,
04/01/2011,JPM US Select C Net Acc,1.57,
04/02/2011,JPM US Select C Net Acc,1.57,
04/03/2011,JPM US Select C Net Acc,1.57,
04/04/2011,JPM US Select C Net Acc,1.566,
04/05/2011,JPM US Select C Net Acc,1.557,
04/06/2011,JPM US Select C Net Acc,1.55,
04/07/2011,JPM US Select C Net Acc,1.553,
04/08/2011,JPM US Select C Net Acc,1.547,
04/09/2011,JPM US Select C Net Acc,1.547,
04/10/2011,JPM US Select C Net Acc,1.547,
04/11/2011,JPM US Select C Net Acc,1.541,
04/12/2011,JPM US Select C Net Acc,1.544,
04/13/2011,JPM US Select C Net Acc,1.53,
04/14/2011,JPM US Select C Net Acc,1.527,
04/15/2011,JPM US Select C Net Acc,1.522,
04/16/2011,JPM US Select C Net Acc,1.522,
04/17/2011,JPM US Select C Net Acc,1.522,
04/18/2011,JPM US Select C Net Acc,1.534,
04/19/2011,JPM US Select C Net Acc,1.514,
04/20/2011,JPM US Select C Net Acc,1.516,
04/21/2011,JPM US Select C Net Acc,1.519,
04/22/2011,JPM US Select C Net Acc,1.519,
04/23/2011,JPM US Select C Net Acc,1.519,
04/24/2011,JPM US Select C Net Acc,1.519,
04/25/2011,JPM US Select C Net Acc,1.519,
04/26/2011,JPM US Select C Net Acc,1.531,
04/27/2011,JPM US Select C Net Acc,1.537,
04/28/2011,JPM US Select C Net Acc,1.539,
04/29/2011,JPM US Select C Net Acc,1.539,
04/30/2011,JPM US Select C Net Acc,1.539,
05/01/2011,JPM US Select C Net Acc,1.539,
05/02/2011,JPM US Select C Net Acc,1.539,
05/03/2011,JPM US Select C Net Acc,1.566,
05/04/2011,JPM US Select C Net Acc,1.558,
05/05/2011,JPM US Select C Net Acc,1.547,
05/06/2011,JPM US Select C Net Acc,1.538,
05/07/2011,JPM US Select C Net Acc,1.538,
05/08/2011,JPM US Select C Net Acc,1.538,
05/09/2011,JPM US Select C Net Acc,1.551,
05/10/2011,JPM US Select C Net Acc,1.562,
05/11/2011,JPM US Select C Net Acc,1.559,
05/12/2011,JPM US Select C Net Acc,1.562,
05/13/2011,JPM US Select C Net Acc,1.568,
05/14/2011,JPM US Select C Net Acc,1.568,
05/15/2011,JPM US Select C Net Acc,1.568,
05/16/2011,JPM US Select C Net Acc,1.562,
05/17/2011,JPM US Select C Net Acc,1.542,
05/18/2011,JPM US Select C Net Acc,1.552,
05/19/2011,JPM US Select C Net Acc,1.562,
05/20/2011,JPM US Select C Net Acc,1.561,
05/21/2011,JPM US Select C Net Acc,1.561,
05/22/2011,JPM US Select C Net Acc,1.561,
05/23/2011,JPM US Select C Net Acc,1.56,
05/24/2011,JPM US Select C Net Acc,1.537,
05/25/2011,JPM US Select C Net Acc,1.531,
05/26/2011,JPM US Select C Net Acc,1.529,
05/27/2011,JPM US Select C Net Acc,1.524,
05/28/2011,JPM US Select C Net Acc,1.524,
05/29/2011,JPM US Select C Net Acc,1.524,
05/30/2011,JPM US Select C Net Acc,1.524,
05/31/2011,JPM US Select C Net Acc,1.524,
06/01/2011,JPM US Select C Net Acc,1.548,
06/02/2011,JPM US Select C Net Acc,1.514,
06/03/2011,JPM US Select C Net Acc,1.521,
06/04/2011,JPM US Select C Net Acc,1.521,
06/05/2011,JPM US Select C Net Acc,1.521,
06/06/2011,JPM US Select C Net Acc,1.497,
06/07/2011,JPM US Select C Net Acc,1.48,
06/08/2011,JPM US Select C Net Acc,1.482,
06/09/2011,JPM US Select C Net Acc,1.473,
06/10/2011,JPM US Select C Net Acc,1.497,
06/11/2011,JPM US Select C Net Acc,1.497,
06/12/2011,JPM US Select C Net Acc,1.497,
06/13/2011,JPM US Select C Net Acc,1.476,
06/14/2011,JPM US Select C Net Acc,1.467,
06/15/2011,JPM US Select C Net Acc,1.498,
06/16/2011,JPM US Select C Net Acc,1.483,
06/17/2011,JPM US Select C Net Acc,1.479,
06/18/2011,JPM US Select C Net Acc,1.479,
06/19/2011,JPM US Select C Net Acc,1.479,
06/20/2011,JPM US Select C Net Acc,1.486,
06/21/2011,JPM US Select C Net Acc,1.49,
06/22/2011,JPM US Select C Net Acc,1.519,
06/23/2011,JPM US Select C Net Acc,1.523,
06/24/2011,JPM US Select C Net Acc,1.518,
06/25/2011,JPM US Select C Net Acc,1.518,
06/26/2011,JPM US Select C Net Acc,1.518,
06/27/2011,JPM US Select C Net Acc,1.504,
06/28/2011,JPM US Select C Net Acc,1.522,
06/29/2011,JPM US Select C Net Acc,1.537,
06/30/2011,JPM US Select C Net Acc,1.551,
07/01/2011,JPM US Select C Net Acc,1.563,
07/02/2011,JPM US Select C Net Acc,1.563,
07/03/2011,JPM US Select C Net Acc,1.563,
07/04/2011,JPM US Select C Net Acc,1.578,
07/05/2011,JPM US Select C Net Acc,1.578,
07/06/2011,JPM US Select C Net Acc,1.585,
07/07/2011,JPM US Select C Net Acc,1.591,
07/08/2011,JPM US Select C Net Acc,1.609,
07/09/2011,JPM US Select C Net Acc,1.609,
07/10/2011,JPM US Select C Net Acc,1.609,
07/11/2011,JPM US Select C Net Acc,1.598,
07/12/2011,JPM US Select C Net Acc,1.583,
07/13/2011,JPM US Select C Net Acc,1.561,
07/14/2011,JPM US Select C Net Acc,1.55,
07/15/2011,JPM US Select C Net Acc,1.539,
07/16/2011,JPM US Select C Net Acc,1.539,
07/17/2011,JPM US Select C Net Acc,1.539,
07/18/2011,JPM US Select C Net Acc,1.551,
07/19/2011,JPM US Select C Net Acc,1.533,
07/20/2011,JPM US Select C Net Acc,1.556,
07/21/2011,JPM US Select C Net Acc,1.552,
07/22/2011,JPM US Select C Net Acc,1.56,
07/23/2011,JPM US Select C Net Acc,1.56,
07/24/2011,JPM US Select C Net Acc,1.56,
07/25/2011,JPM US Select C Net Acc,1.565,
07/26/2011,JPM US Select C Net Acc,1.545,
07/27/2011,JPM US Select C Net Acc,1.541,
07/28/2011,JPM US Select C Net Acc,1.513,
07/29/2011,JPM US Select C Net Acc,1.511,
07/30/2011,JPM US Select C Net Acc,1.511,
07/31/2011,JPM US Select C Net Acc,1.511,
08/01/2011,JPM US Select C Net Acc,1.486,
08/02/2011,JPM US Select C Net Acc,1.494,
08/03/2011,JPM US Select C Net Acc,1.445,
08/04/2011,JPM US Select C Net Acc,1.458,
08/05/2011,JPM US Select C Net Acc,1.39,
08/06/2011,JPM US Select C Net Acc,1.39,
08/07/2011,JPM US Select C Net Acc,1.39,
08/08/2011,JPM US Select C Net Acc,1.343,
08/09/2011,JPM US Select C Net Acc,1.289,
08/10/2011,JPM US Select C Net Acc,1.36,
08/11/2011,JPM US Select C Net Acc,1.303,
08/12/2011,JPM US Select C Net Acc,1.355,
08/13/2011,JPM US Select C Net Acc,1.355,
08/14/2011,JPM US Select C Net Acc,1.355,
08/15/2011,JPM US Select C Net Acc,1.36,
08/16/2011,JPM US Select C Net Acc,1.383,
08/17/2011,JPM US Select C Net Acc,1.364,
08/18/2011,JPM US Select C Net Acc,1.361,
08/19/2011,JPM US Select C Net Acc,1.298,
08/20/2011,JPM US Select C Net Acc,1.298,
08/21/2011,JPM US Select C Net Acc,1.298,
08/22/2011,JPM US Select C Net Acc,1.281,
08/23/2011,JPM US Select C Net Acc,1.275,
08/24/2011,JPM US Select C Net Acc,1.32,
08/25/2011,JPM US Select C Net Acc,1.349,
08/26/2011,JPM US Select C Net Acc,1.332,
08/27/2011,JPM US Select C Net Acc,1.332,
08/28/2011,JPM US Select C Net Acc,1.332,
08/29/2011,JPM US Select C Net Acc,1.332,
08/30/2011,JPM US Select C Net Acc,1.39,
08/31/2011,JPM US Select C Net Acc,1.397,
09/01/2011,JPM US Select C Net Acc,1.411,
09/02/2011,JPM US Select C Net Acc,1.394,
09/03/2011,JPM US Select C Net Acc,1.394,
09/04/2011,JPM US Select C Net Acc,1.394,
09/05/2011,JPM US Select C Net Acc,1.365,
09/06/2011,JPM US Select C Net Acc,1.368,
09/07/2011,JPM US Select C Net Acc,1.369,
09/08/2011,JPM US Select C Net Acc,1.409,
09/09/2011,JPM US Select C Net Acc,1.395,
09/10/2011,JPM US Select C Net Acc,1.395,
09/11/2011,JPM US Select C Net Acc,1.395,
09/12/2011,JPM US Select C Net Acc,1.339,
09/13/2011,JPM US Select C Net Acc,1.379,
09/14/2011,JPM US Select C Net Acc,1.397,
09/15/2011,JPM US Select C Net Acc,1.41,
09/16/2011,JPM US Select C Net Acc,1.437,
09/17/2011,JPM US Select C Net Acc,1.437,
09/18/2011,JPM US Select C Net Acc,1.437,
09/19/2011,JPM US Select C Net Acc,1.452,
09/20/2011,JPM US Select C Net Acc,1.442,
09/21/2011,JPM US Select C Net Acc,1.442,
09/22/2011,JPM US Select C Net Acc,1.387,
09/23/2011,JPM US Select C Net Acc,1.37,
09/24/2011,JPM US Select C Net Acc,1.37,
09/25/2011,JPM US Select C Net Acc,1.37,
09/26/2011,JPM US Select C Net Acc,1.371,
09/27/2011,JPM US Select C Net Acc,1.398,
09/28/2011,JPM US Select C Net Acc,1.405,
09/29/2011,JPM US Select C Net Acc,1.376,
09/30/2011,JPM US Select C Net Acc,1.392,
10/01/2011,JPM US Select C Net Acc,1.392,
10/02/2011,JPM US Select C Net Acc,1.392,
10/03/2011,JPM US Select C Net Acc,1.362,
10/04/2011,JPM US Select C Net Acc,1.334,
10/05/2011,JPM US Select C Net Acc,1.358,
10/06/2011,JPM US Select C Net Acc,1.388,
10/07/2011,JPM US Select C Net Acc,1.407,
10/08/2011,JPM US Select C Net Acc,1.407,
10/09/2011,JPM US Select C Net Acc,1.407,
10/10/2011,JPM US Select C Net Acc,1.383,
10/11/2011,JPM US Select C Net Acc,1.432,
10/12/2011,JPM US Select C Net Acc,1.424,
10/13/2011,JPM US Select C Net Acc,1.445,
10/14/2011,JPM US Select C Net Acc,1.438,
10/15/2011,JPM US Select C Net Acc,1.438,
10/16/2011,JPM US Select C Net Acc,1.438,
10/17/2011,JPM US Select C Net Acc,1.468,
10/18/2011,JPM US Select C Net Acc,1.437,
10/19/2011,JPM US Select C Net Acc,1.463,
10/20/2011,JPM US Select C Net Acc,1.444,
10/21/2011,JPM US Select C Net Acc,1.447,
10/22/2011,JPM US Select C Net Acc,1.447,
10/23/2011,JPM US Select C Net Acc,1.447,
10/24/2011,JPM US Select C Net Acc,1.466,
10/25/2011,JPM US Select C Net Acc,1.477,
10/26/2011,JPM US Select C Net Acc,1.45,
10/27/2011,JPM US Select C Net Acc,1.492,
10/28/2011,JPM US Select C Net Acc,1.508,
10/29/2011,JPM US Select C Net Acc,1.508,
10/30/2011,JPM US Select C Net Acc,1.508,
10/31/2011,JPM US Select C Net Acc,1.518,
11/01/2011,JPM US Select C Net Acc,1.461,
11/02/2011,JPM US Select C Net Acc,1.443,
11/03/2011,JPM US Select C Net Acc,1.462,
11/04/2011,JPM US Select C Net Acc,1.487,
11/05/2011,JPM US Select C Net Acc,1.487,
11/06/2011,JPM US Select C Net Acc,1.487,
11/07/2011,JPM US Select C Net Acc,1.475,
11/08/2011,JPM US Select C Net Acc,1.484,
11/09/2011,JPM US Select C Net Acc,1.478,
11/10/2011,JPM US Select C Net Acc,1.461,
11/11/2011,JPM US Select C Net Acc,1.474,
11/12/2011,JPM US Select C Net Acc,1.474,
11/13/2011,JPM US Select C Net Acc,1.474,
11/14/2011,JPM US Select C Net Acc,1.5,
11/15/2011,JPM US Select C Net Acc,1.494,
11/16/2011,JPM US Select C Net Acc,1.509,
11/17/2011,JPM US Select C Net Acc,1.484,
11/18/2011,JPM US Select C Net Acc,1.444,
11/19/2011,JPM US Select C Net Acc,1.444,
11/20/2011,JPM US Select C Net Acc,1.444,
11/21/2011,JPM US Select C Net Acc,1.463,
11/22/2011,JPM US Select C Net Acc,1.436,
11/23/2011,JPM US Select C Net Acc,1.436,
11/24/2011,JPM US Select C Net Acc,1.405,
11/25/2011,JPM US Select C Net Acc,1.41,
11/26/2011,JPM US Select C Net Acc,1.41,
11/27/2011,JPM US Select C Net Acc,1.41,
11/28/2011,JPM US Select C Net Acc,1.438,
11/29/2011,JPM US Select C Net Acc,1.438,
11/30/2011,JPM US Select C Net Acc,1.443,
12/01/2011,JPM US Select C Net Acc,1.498,
12/02/2011,JPM US Select C Net Acc,1.496,
12/03/2011,JPM US Select C Net Acc,1.496,
12/04/2011,JPM US Select C Net Acc,1.496,
12/05/2011,JPM US Select C Net Acc,1.503,
12/06/2011,JPM US Select C Net Acc,1.519,
12/07/2011,JPM US Select C Net Acc,1.52,
12/08/2011,JPM US Select C Net Acc,1.514,
12/09/2011,JPM US Select C Net Acc,1.479,
12/10/2011,JPM US Select C Net Acc,1.479,
12/11/2011,JPM US Select C Net Acc,1.479,
12/12/2011,JPM US Select C Net Acc,1.514,
12/13/2011,JPM US Select C Net Acc,1.492,
12/14/2011,JPM US Select C Net Acc,1.486,
12/15/2011,JPM US Select C Net Acc,1.466,
12/16/2011,JPM US Select C Net Acc,1.467,
12/17/2011,JPM US Select C Net Acc,1.467,
12/18/2011,JPM US Select C Net Acc,1.467,
12/19/2011,JPM US Select C Net Acc,1.475,
12/20/2011,JPM US Select C Net Acc,1.443,
12/21/2011,JPM US Select C Net Acc,1.483,
12/22/2011,JPM US Select C Net Acc,1.481,
12/23/2011,JPM US Select C Net Acc,1.495,
12/24/2011,JPM US Select C Net Acc,1.495,
12/25/2011,JPM US Select C Net Acc,1.495,
12/26/2011,JPM US Select C Net Acc,1.495,
12/27/2011,JPM US Select C Net Acc,1.495,
12/28/2011,JPM US Select C Net Acc,1.508,
12/29/2011,JPM US Select C Net Acc,1.517,
12/30/2011,JPM US Select C Net Acc,1.525,
12/31/2011,JPM US Select C Net Acc,1.525,
01/01/2012,JPM US Select C Net Acc,1.525,
01/02/2012,JPM US Select C Net Acc,1.525,
01/03/2012,JPM US Select C Net Acc,1.505,
01/04/2012,JPM US Select C Net Acc,1.533,
01/05/2012,JPM US Select C Net Acc,1.545,
01/06/2012,JPM US Select C Net Acc,1.554,
01/07/2012,JPM US Select C Net Acc,1.554,
01/08/2012,JPM US Select C Net Acc,1.554,
01/09/2012,JPM US Select C Net Acc,1.558,
01/10/2012,JPM US Select C Net Acc,1.562,
01/11/2012,JPM US Select C Net Acc,1.585,
01/12/2012,JPM US Select C Net Acc,1.592,
01/13/2012,JPM US Select C Net Acc,1.6,
01/14/2012,JPM US Select C Net Acc,1.6,
01/15/2012,JPM US Select C Net Acc,1.6,
01/16/2012,JPM US Select C Net Acc,1.594,
01/17/2012,JPM US Select C Net Acc,1.588,
01/18/2012,JPM US Select C Net Acc,1.592,
01/19/2012,JPM US Select C Net Acc,1.608,
01/20/2012,JPM US Select C Net Acc,1.611,
01/21/2012,JPM US Select C Net Acc,1.611,
01/22/2012,JPM US Select C Net Acc,1.611,
01/23/2012,JPM US Select C Net Acc,1.599,
01/24/2012,JPM US Select C Net Acc,1.6,
01/25/2012,JPM US Select C Net Acc,1.597,
01/26/2012,JPM US Select C Net Acc,1.6,
01/27/2012,JPM US Select C Net Acc,1.587,
01/28/2012,JPM US Select C Net Acc,1.587,
01/29/2012,JPM US Select C Net Acc,1.587,
01/30/2012,JPM US Select C Net Acc,1.588,
01/31/2012,JPM US Select C Net Acc,1.576,
02/01/2012,JPM US Select C Net Acc,1.577,
02/02/2012,JPM US Select C Net Acc,1.586,
02/03/2012,JPM US Select C Net Acc,1.59,
02/04/2012,JPM US Select C Net Acc,1.59,
02/05/2012,JPM US Select C Net Acc,1.59,
02/06/2012,JPM US Select C Net Acc,1.622,
02/07/2012,JPM US Select C Net Acc,1.616,
02/08/2012,JPM US Select C Net Acc,1.612,
02/09/2012,JPM US Select C Net Acc,1.621,
02/10/2012,JPM US Select C Net Acc,1.625,
02/11/2012,JPM US Select C Net Acc,1.625,
02/12/2012,JPM US Select C Net Acc,1.625,
02/13/2012,JPM US Select C Net Acc,1.615,
02/14/2012,JPM US Select C Net Acc,1.632,
02/15/2012,JPM US Select C Net Acc,1.633,
02/16/2012,JPM US Select C Net Acc,1.628,
02/17/2012,JPM US Select C Net Acc,1.635,
02/18/2012,JPM US Select C Net Acc,1.635,
02/19/2012,JPM US Select C Net Acc,1.635,
02/20/2012,JPM US Select C Net Acc,1.634,
02/21/2012,JPM US Select C Net Acc,1.641,
02/22/2012,JPM US Select C Net Acc,1.654,
02/23/2012,JPM US Select C Net Acc,1.645,
02/24/2012,JPM US Select C Net Acc,1.644,
02/25/2012,JPM US Select C Net Acc,1.644,
02/26/2012,JPM US Select C Net Acc,1.644,
02/27/2012,JPM US Select C Net Acc,1.638,
02/28/2012,JPM US Select C Net Acc,1.643,
02/29/2012,JPM US Select C Net Acc,1.64,
03/01/2012,JPM US Select C Net Acc,1.632,
03/02/2012,JPM US Select C Net Acc,1.646,
03/03/2012,JPM US Select C Net Acc,1.646,
03/04/2012,JPM US Select C Net Acc,1.646,
03/05/2012,JPM US Select C Net Acc,1.647,
03/06/2012,JPM US Select C Net Acc,1.643,
03/07/2012,JPM US Select C Net Acc,1.619,
03/08/2012,JPM US Select C Net Acc,1.624,
03/09/2012,JPM US Select C Net Acc,1.644,
03/10/2012,JPM US Select C Net Acc,1.644,
03/11/2012,JPM US Select C Net Acc,1.644,
03/12/2012,JPM US Select C Net Acc,1.668,
03/13/2012,JPM US Select C Net Acc,1.662,
03/14/2012,JPM US Select C Net Acc,1.69,
03/15/2012,JPM US Select C Net Acc,1.689,
03/16/2012,JPM US Select C Net Acc,1.694,
03/17/2012,JPM US Select C Net Acc,1.694,
03/18/2012,JPM US Select C Net Acc,1.694,
03/19/2012,JPM US Select C Net Acc,1.681,
03/20/2012,JPM US Select C Net Acc,1.69,
03/21/2012,JPM US Select C Net Acc,1.685,
03/22/2012,JPM US Select C Net Acc,1.687,
03/23/2012,JPM US Select C Net Acc,1.669,
03/24/2012,JPM US Select C Net Acc,1.669,
03/25/2012,JPM US Select C Net Acc,1.669,
03/26/2012,JPM US Select C Net Acc,1.674,
03/27/2012,JPM US Select C Net Acc,1.687,
03/28/2012,JPM US Select C Net Acc,1.685,
03/29/2012,JPM US Select C Net Acc,1.68,
03/30/2012,JPM US Select C Net Acc,1.665,
03/31/2012,JPM US Select C Net Acc,1.665,
04/01/2012,JPM US Select C Net Acc,1.665,
04/02/2012,JPM US Select C Net Acc,1.669,
04/03/2012,JPM US Select C Net Acc,1.682,
04/04/2012,JPM US Select C Net Acc,1.692,
04/05/2012,JPM US Select C Net Acc,1.678,
04/06/2012,JPM US Select C Net Acc,1.678,
04/07/2012,JPM US Select C Net Acc,1.678,
04/08/2012,JPM US Select C Net Acc,1.678,
04/09/2012,JPM US Select C Net Acc,1.678,
04/10/2012,JPM US Select C Net Acc,1.657,
04/11/2012,JPM US Select C Net Acc,1.617,
04/12/2012,JPM US Select C Net Acc,1.625,
04/13/2012,JPM US Select C Net Acc,1.652,
04/14/2012,JPM US Select C Net Acc,1.652,
04/15/2012,JPM US Select C Net Acc,1.652,
04/16/2012,JPM US Select C Net Acc,1.638,
04/17/2012,JPM US Select C Net Acc,1.623,
04/18/2012,JPM US Select C Net Acc,1.646,
04/19/2012,JPM US Select C Net Acc,1.635,
04/20/2012,JPM US Select C Net Acc,1.618,
04/21/2012,JPM US Select C Net Acc,1.618,
04/22/2012,JPM US Select C Net Acc,1.618,
04/23/2012,JPM US Select C Net Acc,1.62,
04/24/2012,JPM US Select C Net Acc,1.6,
04/25/2012,JPM US Select C Net Acc,1.613,
04/26/2012,JPM US Select C Net Acc,1.626,
04/27/2012,JPM US Select C Net Acc,1.636,
04/28/2012,JPM US Select C Net Acc,1.636,
04/29/2012,JPM US Select C Net Acc,1.636,
04/30/2012,JPM US Select C Net Acc,1.638,
05/01/2012,JPM US Select C Net Acc,1.633,
05/02/2012,JPM US Select C Net Acc,1.646,
05/03/2012,JPM US Select C Net Acc,1.639,
05/04/2012,JPM US Select C Net Acc,1.622,
05/05/2012,JPM US Select C Net Acc,1.622,
05/06/2012,JPM US Select C Net Acc,1.622,
05/07/2012,JPM US Select C Net Acc,1.622,
05/08/2012,JPM US Select C Net Acc,1.602,
05/09/2012,JPM US Select C Net Acc,1.598,
05/10/2012,JPM US Select C Net Acc,1.588,
05/11/2012,JPM US Select C Net Acc,1.591,
05/12/2012,JPM US Select C Net Acc,1.591,
05/13/2012,JPM US Select C Net Acc,1.591,
05/14/2012,JPM US Select C Net Acc,1.59,
05/15/2012,JPM US Select C Net Acc,1.574,
05/16/2012,JPM US Select C Net Acc,1.576,
05/17/2012,JPM US Select C Net Acc,1.573,
05/18/2012,JPM US Select C Net Acc,1.554,
05/19/2012,JPM US Select C Net Acc,1.554,
05/20/2012,JPM US Select C Net Acc,1.554,
05/21/2012,JPM US Select C Net Acc,1.538,
05/22/2012,JPM US Select C Net Acc,1.569,
05/23/2012,JPM US Select C Net Acc,1.574,
05/24/2012,JPM US Select C Net Acc,1.584,
05/25/2012,JPM US Select C Net Acc,1.584,
05/26/2012,JPM US Select C Net Acc,1.584,
05/27/2012,JPM US Select C Net Acc,1.584,
05/28/2012,JPM US Select C Net Acc,1.581,
05/29/2012,JPM US Select C Net Acc,1.581,
05/30/2012,JPM US Select C Net Acc,1.61,
05/31/2012,JPM US Select C Net Acc,1.591,
06/01/2012,JPM US Select C Net Acc,1.606,
06/02/2012,JPM US Select C Net Acc,1.606,
06/03/2012,JPM US Select C Net Acc,1.606,
06/04/2012,JPM US Select C Net Acc,1.606,
06/05/2012,JPM US Select C Net Acc,1.606,
06/06/2012,JPM US Select C Net Acc,1.558,
06/07/2012,JPM US Select C Net Acc,1.596,
06/08/2012,JPM US Select C Net Acc,1.603,
06/09/2012,JPM US Select C Net Acc,1.603,
06/10/2012,JPM US Select C Net Acc,1.603,
06/11/2012,JPM US Select C Net Acc,1.603,
06/12/2012,JPM US Select C Net Acc,1.582,
06/13/2012,JPM US Select C Net Acc,1.596,
06/14/2012,JPM US Select C Net Acc,1.587,
06/15/2012,JPM US Select C Net Acc,1.602,
06/16/2012,JPM US Select C Net Acc,1.602,
06/17/2012,JPM US Select C Net Acc,1.602,
06/18/2012,JPM US Select C Net Acc,1.606,
06/19/2012,JPM US Select C Net Acc,1.609,
06/20/2012,JPM US Select C Net Acc,1.62,
06/21/2012,JPM US Select C Net Acc,1.616,
06/22/2012,JPM US Select C Net Acc,1.591,
06/23/2012,JPM US Select C Net Acc,1.591,
06/24/2012,JPM US Select C Net Acc,1.591,
06/25/2012,JPM US Select C Net Acc,1.608,
06/26/2012,JPM US Select C Net Acc,1.567,
06/27/2012,JPM US Select C Net Acc,1.577,
06/28/2012,JPM US Select C Net Acc,1.6,
06/29/2012,JPM US Select C Net Acc,1.591,
06/30/2012,JPM US Select C Net Acc,1.591,
07/01/2012,JPM US Select C Net Acc,1.591,
07/02/2012,JPM US Select C Net Acc,1.626,
07/03/2012,JPM US Select C Net Acc,1.627,
07/04/2012,JPM US Select C Net Acc,1.643,
07/05/2012,JPM US Select C Net Acc,1.651,
07/06/2012,JPM US Select C Net Acc,1.644,
07/07/2012,JPM US Select C Net Acc,1.644,
07/08/2012,JPM US Select C Net Acc,1.644,
07/09/2012,JPM US Select C Net Acc,1.633,
07/10/2012,JPM US Select C Net Acc,1.629,
07/11/2012,JPM US Select C Net Acc,1.61,
07/12/2012,JPM US Select C Net Acc,1.622,
07/13/2012,JPM US Select C Net Acc,1.614,
07/14/2012,JPM US Select C Net Acc,1.614,
07/15/2012,JPM US Select C Net Acc,1.614,
07/16/2012,JPM US Select C Net Acc,1.634,
07/17/2012,JPM US Select C Net Acc,1.619,
07/18/2012,JPM US Select C Net Acc,1.634,
07/19/2012,JPM US Select C Net Acc,1.64,
07/20/2012,JPM US Select C Net Acc,1.641,
07/21/2012,JPM US Select C Net Acc,1.641,
07/22/2012,JPM US Select C Net Acc,1.641,
07/23/2012,JPM US Select C Net Acc,1.64,
07/24/2012,JPM US Select C Net Acc,1.623,
07/25/2012,JPM US Select C Net Acc,1.609,
07/26/2012,JPM US Select C Net Acc,1.601,
07/27/2012,JPM US Select C Net Acc,1.612,
07/28/2012,JPM US Select C Net Acc,1.612,
07/29/2012,JPM US Select C Net Acc,1.612,
07/30/2012,JPM US Select C Net Acc,1.652,
07/31/2012,JPM US Select C Net Acc,1.652,
08/01/2012,JPM US Select C Net Acc,1.649,
08/02/2012,JPM US Select C Net Acc,1.654,
08/03/2012,JPM US Select C Net Acc,1.64,
08/04/2012,JPM US Select C Net Acc,1.64,
08/05/2012,JPM US Select C Net Acc,1.64,
08/06/2012,JPM US Select C Net Acc,1.681,
08/07/2012,JPM US Select C Net Acc,1.676,
08/08/2012,JPM US Select C Net Acc,1.69,
08/09/2012,JPM US Select C Net Acc,1.692,
08/10/2012,JPM US Select C Net Acc,1.7,
08/11/2012,JPM US Select C Net Acc,1.7,
08/12/2012,JPM US Select C Net Acc,1.7,
08/13/2012,JPM US Select C Net Acc,1.692,
08/14/2012,JPM US Select C Net Acc,1.692,
08/15/2012,JPM US Select C Net Acc,1.692,
08/16/2012,JPM US Select C Net Acc,1.694,
08/17/2012,JPM US Select C Net Acc,1.71,
08/18/2012,JPM US Select C Net Acc,1.71,
08/19/2012,JPM US Select C Net Acc,1.71,
08/20/2012,JPM US Select C Net Acc,1.715,
08/21/2012,JPM US Select C Net Acc,1.707,
08/22/2012,JPM US Select C Net Acc,1.698,
08/23/2012,JPM US Select C Net Acc,1.69,
08/24/2012,JPM US Select C Net Acc,1.681,
08/25/2012,JPM US Select C Net Acc,1.681,
08/26/2012,JPM US Select C Net Acc,1.681,
08/27/2012,JPM US Select C Net Acc,1.681,
08/28/2012,JPM US Select C Net Acc,1.696,
08/29/2012,JPM US Select C Net Acc,1.691,
08/30/2012,JPM US Select C Net Acc,1.69,
08/31/2012,JPM US Select C Net Acc,1.679,
09/01/2012,JPM US Select C Net Acc,1.679,
09/02/2012,JPM US Select C Net Acc,1.679,
09/03/2012,JPM US Select C Net Acc,1.681,
09/04/2012,JPM US Select C Net Acc,1.683,
09/05/2012,JPM US Select C Net Acc,1.677,
09/06/2012,JPM US Select C Net Acc,1.676,
09/07/2012,JPM US Select C Net Acc,1.709,
09/08/2012,JPM US Select C Net Acc,1.709,
09/09/2012,JPM US Select C Net Acc,1.709,
09/10/2012,JPM US Select C Net Acc,1.712,
09/11/2012,JPM US Select C Net Acc,1.698,
09/12/2012,JPM US Select C Net Acc,1.695,
09/13/2012,JPM US Select C Net Acc,1.699,
09/14/2012,JPM US Select C Net Acc,1.716,
09/15/2012,JPM US Select C Net Acc,1.716,
09/16/2012,JPM US Select C Net Acc,1.716,
09/17/2012,JPM US Select C Net Acc,1.727,
09/18/2012,JPM US Select C Net Acc,1.719,
09/19/2012,JPM US Select C Net Acc,1.722,
09/20/2012,JPM US Select C Net Acc,1.724,
09/21/2012,JPM US Select C Net Acc,1.712,
09/22/2012,JPM US Select C Net Acc,1.712,
09/23/2012,JPM US Select C Net Acc,1.712,
09/24/2012,JPM US Select C Net Acc,1.72,
09/25/2012,JPM US Select C Net Acc,1.712,
09/26/2012,JPM US Select C Net Acc,1.692,
09/27/2012,JPM US Select C Net Acc,1.682,
09/28/2012,JPM US Select C Net Acc,1.698,
09/29/2012,JPM US Select C Net Acc,1.698,
09/30/2012,JPM US Select C Net Acc,1.698,
10/01/2012,JPM US Select C Net Acc,1.695,
10/02/2012,JPM US Select C Net Acc,1.698,
10/03/2012,JPM US Select C Net Acc,1.705,
10/04/2012,JPM US Select C Net Acc,1.714,
10/05/2012,JPM US Select C Net Acc,1.718,
10/06/2012,JPM US Select C Net Acc,1.718,
10/07/2012,JPM US Select C Net Acc,1.718,
10/08/2012,JPM US Select C Net Acc,1.732,
10/09/2012,JPM US Select C Net Acc,1.727,
10/10/2012,JPM US Select C Net Acc,1.712,
10/11/2012,JPM US Select C Net Acc,1.698,
10/12/2012,JPM US Select C Net Acc,1.696,
10/13/2012,JPM US Select C Net Acc,1.696,
10/14/2012,JPM US Select C Net Acc,1.696,
10/15/2012,JPM US Select C Net Acc,1.691,
10/16/2012,JPM US Select C Net Acc,1.7,
10/17/2012,JPM US Select C Net Acc,1.712,
10/18/2012,JPM US Select C Net Acc,1.721,
10/19/2012,JPM US Select C Net Acc,1.734,
10/20/2012,JPM US Select C Net Acc,1.734,
10/21/2012,JPM US Select C Net Acc,1.734,
10/22/2012,JPM US Select C Net Acc,1.705,
10/23/2012,JPM US Select C Net Acc,1.713,
10/24/2012,JPM US Select C Net Acc,1.685,
10/25/2012,JPM US Select C Net Acc,1.666,
10/26/2012,JPM US Select C Net Acc,1.673,
10/27/2012,JPM US Select C Net Acc,1.673,
10/28/2012,JPM US Select C Net Acc,1.673,
10/29/2012,JPM US Select C Net Acc,1.677,
10/30/2012,JPM US Select C Net Acc,1.676,
10/31/2012,JPM US Select C Net Acc,1.671,
11/01/2012,JPM US Select C Net Acc,1.667,
11/02/2012,JPM US Select C Net Acc,1.696,
11/03/2012,JPM US Select C Net Acc,1.696,
11/04/2012,JPM US Select C Net Acc,1.696,
11/05/2012,JPM US Select C Net Acc,1.691,
11/06/2012,JPM US Select C Net Acc,1.695,
11/07/2012,JPM US Select C Net Acc,1.71,
11/08/2012,JPM US Select C Net Acc,1.675,
11/09/2012,JPM US Select C Net Acc,1.652,
11/10/2012,JPM US Select C Net Acc,1.652,
11/11/2012,JPM US Select C Net Acc,1.652,
11/12/2012,JPM US Select C Net Acc,1.664,
11/13/2012,JPM US Select C Net Acc,1.661,
11/14/2012,JPM US Select C Net Acc,1.657,
11/15/2012,JPM US Select C Net Acc,1.637,
11/16/2012,JPM US Select C Net Acc,1.634,
11/17/2012,JPM US Select C Net Acc,1.634,
11/18/2012,JPM US Select C Net Acc,1.634,
11/19/2012,JPM US Select C Net Acc,1.637,
11/20/2012,JPM US Select C Net Acc,1.669,
11/21/2012,JPM US Select C Net Acc,1.672,
11/22/2012,JPM US Select C Net Acc,1.674,
11/23/2012,JPM US Select C Net Acc,1.676,
11/24/2012,JPM US Select C Net Acc,1.676,
11/25/2012,JPM US Select C Net Acc,1.676,
11/26/2012,JPM US Select C Net Acc,1.691,
11/27/2012,JPM US Select C Net Acc,1.686,
11/28/2012,JPM US Select C Net Acc,1.682,
11/29/2012,JPM US Select C Net Acc,1.696,
11/30/2012,JPM US Select C Net Acc,1.699,
12/01/2012,JPM US Select C Net Acc,1.699,
12/02/2012,JPM US Select C Net Acc,1.699,
12/03/2012,JPM US Select C Net Acc,1.697,
12/04/2012,JPM US Select C Net Acc,1.681,
12/05/2012,JPM US Select C Net Acc,1.681,
12/06/2012,JPM US Select C Net Acc,1.679,
12/07/2012,JPM US Select C Net Acc,1.692,
12/08/2012,JPM US Select C Net Acc,1.692,
12/09/2012,JPM US Select C Net Acc,1.692,
12/10/2012,JPM US Select C Net Acc,1.694,
12/11/2012,JPM US Select C Net Acc,1.694,
12/12/2012,JPM US Select C Net Acc,1.697,
12/13/2012,JPM US Select C Net Acc,1.699,
12/14/2012,JPM US Select C Net Acc,1.688,
12/15/2012,JPM US Select C Net Acc,1.688,
12/16/2012,JPM US Select C Net Acc,1.688,
12/17/2012,JPM US Select C Net Acc,1.671,
12/18/2012,JPM US Select C Net Acc,1.696,
12/19/2012,JPM US Select C Net Acc,1.707,
12/20/2012,JPM US Select C Net Acc,1.702,
12/21/2012,JPM US Select C Net Acc,1.713,
12/22/2012,JPM US Select C Net Acc,1.713,
12/23/2012,JPM US Select C Net Acc,1.713,
12/24/2012,JPM US Select C Net Acc,1.702,
12/25/2012,JPM US Select C Net Acc,1.702,
12/26/2012,JPM US Select C Net Acc,1.702,
12/27/2012,JPM US Select C Net Acc,1.69,
12/28/2012,JPM US Select C Net Acc,1.693,
12/29/2012,JPM US Select C Net Acc,1.693,
12/30/2012,JPM US Select C Net Acc,1.693,
12/31/2012,JPM US Select C Net Acc,1.671,
01/01/2013,JPM US Select C Net Acc,1.671,
01/02/2013,JPM US Select C Net Acc,1.687,
01/03/2013,JPM US Select C Net Acc,1.743,
01/04/2013,JPM US Select C Net Acc,1.759,
01/05/2013,JPM US Select C Net Acc,1.759,
01/06/2013,JPM US Select C Net Acc,1.759,
01/07/2013,JPM US Select C Net Acc,1.763,
01/08/2013,JPM US Select C Net Acc,1.751,
01/09/2013,JPM US Select C Net Acc,1.757,
01/10/2013,JPM US Select C Net Acc,1.759,
01/11/2013,JPM US Select C Net Acc,1.768,
01/12/2013,JPM US Select C Net Acc,1.768,
01/13/2013,JPM US Select C Net Acc,1.768,
01/14/2013,JPM US Select C Net Acc,1.772,
01/15/2013,JPM US Select C Net Acc,1.773,
01/16/2013,JPM US Select C Net Acc,1.775,
01/17/2013,JPM US Select C Net Acc,1.776,
01/18/2013,JPM US Select C Net Acc,1.797,
01/19/2013,JPM US Select C Net Acc,1.797,
01/20/2013,JPM US Select C Net Acc,1.797,
01/21/2013,JPM US Select C Net Acc,1.809,
01/22/2013,JPM US Select C Net Acc,1.81,
01/23/2013,JPM US Select C Net Acc,1.821,
01/24/2013,JPM US Select C Net Acc,1.828,
01/25/2013,JPM US Select C Net Acc,1.834,
01/26/2013,JPM US Select C Net Acc,1.834,
01/27/2013,JPM US Select C Net Acc,1.834,
01/28/2013,JPM US Select C Net Acc,1.853,
01/29/2013,JPM US Select C Net Acc,1.845,
01/30/2013,JPM US Select C Net Acc,1.85,
01/31/2013,JPM US Select C Net Acc,1.842,
02/01/2013,JPM US Select C Net Acc,1.831,
02/02/2013,JPM US Select C Net Acc,1.831,
02/03/2013,JPM US Select C Net Acc,1.831,
02/04/2013,JPM US Select C Net Acc,1.862,
02/05/2013,JPM US Select C Net Acc,1.839,
02/06/2013,JPM US Select C Net Acc,1.868,
02/07/2013,JPM US Select C Net Acc,1.861,
02/08/2013,JPM US Select C Net Acc,1.857,
02/09/2013,JPM US Select C Net Acc,1.857,
02/10/2013,JPM US Select C Net Acc,1.857,
02/11/2013,JPM US Select C Net Acc,1.876,
02/12/2013,JPM US Select C Net Acc,1.883,
02/13/2013,JPM US Select C Net Acc,1.895,
02/14/2013,JPM US Select C Net Acc,1.902,
02/15/2013,JPM US Select C Net Acc,1.908,
02/16/2013,JPM US Select C Net Acc,1.908,
02/17/2013,JPM US Select C Net Acc,1.908,
02/18/2013,JPM US Select C Net Acc,1.909,
02/19/2013,JPM US Select C Net Acc,1.91,
02/20/2013,JPM US Select C Net Acc,1.944,
02/21/2013,JPM US Select C Net Acc,1.923,
02/22/2013,JPM US Select C Net Acc,1.907,
02/23/2013,JPM US Select C Net Acc,1.907,
02/24/2013,JPM US Select C Net Acc,1.907,
02/25/2013,JPM US Select C Net Acc,1.938,
02/26/2013,JPM US Select C Net Acc,1.897,
02/27/2013,JPM US Select C Net Acc,1.911,
02/28/2013,JPM US Select C Net Acc,1.93,
03/01/2013,JPM US Select C Net Acc,1.949,
03/02/2013,JPM US Select C Net Acc,1.949,
03/03/2013,JPM US Select C Net Acc,1.949,
03/04/2013,JPM US Select C Net Acc,1.945,
03/05/2013,JPM US Select C Net Acc,1.94,
03/06/2013,JPM US Select C Net Acc,1.97,
03/07/2013,JPM US Select C Net Acc,1.99,
03/08/2013,JPM US Select C Net Acc,1.99,
03/09/2013,JPM US Select C Net Acc,1.99,
03/10/2013,JPM US Select C Net Acc,1.99,
03/11/2013,JPM US Select C Net Acc,2.023,
03/12/2013,JPM US Select C Net Acc,2.03,
03/13/2013,JPM US Select C Net Acc,2.014,
03/14/2013,JPM US Select C Net Acc,2.02,
03/15/2013,JPM US Select C Net Acc,2.004,
03/16/2013,JPM US Select C Net Acc,2.004,
03/17/2013,JPM US Select C Net Acc,2.004,
03/18/2013,JPM US Select C Net Acc,2.009,
03/19/2013,JPM US Select C Net Acc,1.994,
03/20/2013,JPM US Select C Net Acc,1.986,
03/21/2013,JPM US Select C Net Acc,1.991,
03/22/2013,JPM US Select C Net Acc,1.972,
03/23/2013,JPM US Select C Net Acc,1.972,
03/24/2013,JPM US Select C Net Acc,1.972,
03/25/2013,JPM US Select C Net Acc,1.985,
03/26/2013,JPM US Select C Net Acc,1.986,
03/27/2013,JPM US Select C Net Acc,2.005,
03/28/2013,JPM US Select C Net Acc,2.002,
03/29/2013,JPM US Select C Net Acc,2.002,
03/30/2013,JPM US Select C Net Acc,2.002,
03/31/2013,JPM US Select C Net Acc,2.002,
04/01/2013,JPM US Select C Net Acc,2.002,
04/02/2013,JPM US Select C Net Acc,1.99,
04/03/2013,JPM US Select C Net Acc,2.011,
04/04/2013,JPM US Select C Net Acc,1.997,
04/05/2013,JPM US Select C Net Acc,1.98,
04/06/2013,JPM US Select C Net Acc,1.98,
04/07/2013,JPM US Select C Net Acc,1.98,
04/08/2013,JPM US Select C Net Acc,1.961,
04/09/2013,JPM US Select C Net Acc,1.972,
04/10/2013,JPM US Select C Net Acc,1.979,
04/11/2013,JPM US Select C Net Acc,1.993,
04/12/2013,JPM US Select C Net Acc,2.004,
04/13/2013,JPM US Select C Net Acc,2.004,
04/14/2013,JPM US Select C Net Acc,2.004,
04/15/2013,JPM US Select C Net Acc,2.002,
04/16/2013,JPM US Select C Net Acc,1.955,
04/17/2013,JPM US Select C Net Acc,1.992,
04/18/2013,JPM US Select C Net Acc,1.962,
04/19/2013,JPM US Select C Net Acc,1.934,
04/20/2013,JPM US Select C Net Acc,1.934,
04/21/2013,JPM US Select C Net Acc,1.934,
04/22/2013,JPM US Select C Net Acc,1.97,
04/23/2013,JPM US Select C Net Acc,1.983,
04/24/2013,JPM US Select C Net Acc,1.998,
04/25/2013,JPM US Select C Net Acc,1.979,
04/26/2013,JPM US Select C Net Acc,1.989,
04/27/2013,JPM US Select C Net Acc,1.989,
04/28/2013,JPM US Select C Net Acc,1.989,
04/29/2013,JPM US Select C Net Acc,1.976,
04/30/2013,JPM US Select C Net Acc,1.992,
05/01/2013,JPM US Select C Net Acc,1.987,
05/02/2013,JPM US Select C Net Acc,1.966,
05/03/2013,JPM US Select C Net Acc,1.99,
05/04/2013,JPM US Select C Net Acc,1.99,
05/05/2013,JPM US Select C Net Acc,1.99,
05/06/2013,JPM US Select C Net Acc,1.99,
05/07/2013,JPM US Select C Net Acc,2.024,
05/08/2013,JPM US Select C Net Acc,2.036,
05/09/2013,JPM US Select C Net Acc,2.038,
05/10/2013,JPM US Select C Net Acc,2.053,
05/11/2013,JPM US Select C Net Acc,2.053,
05/12/2013,JPM US Select C Net Acc,2.053,
05/13/2013,JPM US Select C Net Acc,2.067,
05/14/2013,JPM US Select C Net Acc,2.081,
05/15/2013,JPM US Select C Net Acc,2.115,
05/16/2013,JPM US Select C Net Acc,2.126,
05/17/2013,JPM US Select C Net Acc,2.11,
05/18/2013,JPM US Select C Net Acc,2.11,
05/19/2013,JPM US Select C Net Acc,2.11,
05/20/2013,JPM US Select C Net Acc,2.14,
05/21/2013,JPM US Select C Net Acc,2.146,
05/22/2013,JPM US Select C Net Acc,2.158,
05/23/2013,JPM US Select C Net Acc,2.138,
05/24/2013,JPM US Select C Net Acc,2.128,
05/25/2013,JPM US Select C Net Acc,2.128,
05/26/2013,JPM US Select C Net Acc,2.128,
05/27/2013,JPM US Select C Net Acc,2.128,
05/28/2013,JPM US Select C Net Acc,2.129,
05/29/2013,JPM US Select C Net Acc,2.152,
05/30/2013,JPM US Select C Net Acc,2.126,
05/31/2013,JPM US Select C Net Acc,2.131,
06/01/2013,JPM US Select C Net Acc,2.131,
06/02/2013,JPM US Select C Net Acc,2.131,
06/03/2013,JPM US Select C Net Acc,2.096,
06/04/2013,JPM US Select C Net Acc,2.099,
06/05/2013,JPM US Select C Net Acc,2.078,
06/06/2013,JPM US Select C Net Acc,2.038,
06/07/2013,JPM US Select C Net Acc,2.039,
06/08/2013,JPM US Select C Net Acc,2.039,
06/09/2013,JPM US Select C Net Acc,2.039,
06/10/2013,JPM US Select C Net Acc,2.074,
06/11/2013,JPM US Select C Net Acc,2.07,
06/12/2013,JPM US Select C Net Acc,2.033,
06/13/2013,JPM US Select C Net Acc,2.011,
06/14/2013,JPM US Select C Net Acc,2.047,
06/15/2013,JPM US Select C Net Acc,2.047,
06/16/2013,JPM US Select C Net Acc,2.047,
06/17/2013,JPM US Select C Net Acc,2.025,
06/18/2013,JPM US Select C Net Acc,2.054,
06/19/2013,JPM US Select C Net Acc,2.066,
06/20/2013,JPM US Select C Net Acc,2.063,
06/21/2013,JPM US Select C Net Acc,2.008,
06/22/2013,JPM US Select C Net Acc,2.008,
06/23/2013,JPM US Select C Net Acc,2.008,
06/24/2013,JPM US Select C Net Acc,2.028,
06/25/2013,JPM US Select C Net Acc,1.99,
06/26/2013,JPM US Select C Net Acc,2.02,
06/27/2013,JPM US Select C Net Acc,2.052,
06/28/2013,JPM US Select C Net Acc,2.071,
06/29/2013,JPM US Select C Net Acc,2.071,
06/30/2013,JPM US Select C Net Acc,2.071,
07/01/2013,JPM US Select C Net Acc,2.067,
07/02/2013,JPM US Select C Net Acc,2.089,
07/03/2013,JPM US Select C Net Acc,2.078,
07/04/2013,JPM US Select C Net Acc,2.082,
07/05/2013,JPM US Select C Net Acc,2.121,
07/06/2013,JPM US Select C Net Acc,2.121,
07/07/2013,JPM US Select C Net Acc,2.121,
07/08/2013,JPM US Select C Net Acc,2.153,
07/09/2013,JPM US Select C Net Acc,2.169,
07/10/2013,JPM US Select C Net Acc,2.181,
07/11/2013,JPM US Select C Net Acc,2.15,
07/12/2013,JPM US Select C Net Acc,2.18,
07/13/2013,JPM US Select C Net Acc,2.18,
07/14/2013,JPM US Select C Net Acc,2.18,
07/15/2013,JPM US Select C Net Acc,2.2,
07/16/2013,JPM US Select C Net Acc,2.194,
07/17/2013,JPM US Select C Net Acc,2.17,
07/18/2013,JPM US Select C Net Acc,2.179,
07/19/2013,JPM US Select C Net Acc,2.188,
07/20/2013,JPM US Select C Net Acc,2.188,
07/21/2013,JPM US Select C Net Acc,2.188,
07/22/2013,JPM US Select C Net Acc,2.18,
07/23/2013,JPM US Select C Net Acc,2.185,
07/24/2013,JPM US Select C Net Acc,2.182,
07/25/2013,JPM US Select C Net Acc,2.181,
07/26/2013,JPM US Select C Net Acc,2.166,
07/27/2013,JPM US Select C Net Acc,2.166,
07/28/2013,JPM US Select C Net Acc,2.166,
07/29/2013,JPM US Select C Net Acc,2.165,
07/30/2013,JPM US Select C Net Acc,2.169,
07/31/2013,JPM US Select C Net Acc,2.184,
08/01/2013,JPM US Select C Net Acc,2.193,
08/02/2013,JPM US Select C Net Acc,2.228,
08/03/2013,JPM US Select C Net Acc,2.228,
08/04/2013,JPM US Select C Net Acc,2.228,
08/05/2013,JPM US Select C Net Acc,2.204,
08/06/2013,JPM US Select C Net Acc,2.198,
08/07/2013,JPM US Select C Net Acc,2.171,
08/08/2013,JPM US Select C Net Acc,2.152,
08/09/2013,JPM US Select C Net Acc,2.156,
08/10/2013,JPM US Select C Net Acc,2.156,
08/11/2013,JPM US Select C Net Acc,2.156,
08/12/2013,JPM US Select C Net Acc,2.156,
08/13/2013,JPM US Select C Net Acc,2.157,
08/14/2013,JPM US Select C Net Acc,2.162,
08/15/2013,JPM US Select C Net Acc,2.136,
08/16/2013,JPM US Select C Net Acc,2.094,
08/17/2013,JPM US Select C Net Acc,2.094,
08/18/2013,JPM US Select C Net Acc,2.094,
08/19/2013,JPM US Select C Net Acc,2.088,
08/20/2013,JPM US Select C Net Acc,2.074,
08/21/2013,JPM US Select C Net Acc,2.083,
08/22/2013,JPM US Select C Net Acc,2.084,
08/23/2013,JPM US Select C Net Acc,2.099,
08/24/2013,JPM US Select C Net Acc,2.099,
08/25/2013,JPM US Select C Net Acc,2.099,
08/26/2013,JPM US Select C Net Acc,2.099,
08/27/2013,JPM US Select C Net Acc,2.111,
08/28/2013,JPM US Select C Net Acc,2.08,
08/29/2013,JPM US Select C Net Acc,2.08,
08/30/2013,JPM US Select C Net Acc,2.091,
08/31/2013,JPM US Select C Net Acc,2.091,
09/01/2013,JPM US Select C Net Acc,2.091,
09/02/2013,JPM US Select C Net Acc,2.071,
09/03/2013,JPM US Select C Net Acc,2.07,
09/04/2013,JPM US Select C Net Acc,2.078,
09/05/2013,JPM US Select C Net Acc,2.097,
09/06/2013,JPM US Select C Net Acc,2.109,
09/07/2013,JPM US Select C Net Acc,2.109,
09/08/2013,JPM US Select C Net Acc,2.109,
09/09/2013,JPM US Select C Net Acc,2.096,
09/10/2013,JPM US Select C Net Acc,2.112,
09/11/2013,JPM US Select C Net Acc,2.118,
09/12/2013,JPM US Select C Net Acc,2.122,
09/13/2013,JPM US Select C Net Acc,2.116,
09/14/2013,JPM US Select C Net Acc,2.116,
09/15/2013,JPM US Select C Net Acc,2.116,
09/16/2013,JPM US Select C Net Acc,2.102,
09/17/2013,JPM US Select C Net Acc,2.115,
09/18/2013,JPM US Select C Net Acc,2.117,
09/19/2013,JPM US Select C Net Acc,2.127,
09/20/2013,JPM US Select C Net Acc,2.134,
09/21/2013,JPM US Select C Net Acc,2.134,
09/22/2013,JPM US Select C Net Acc,2.134,
09/23/2013,JPM US Select C Net Acc,2.118,
09/24/2013,JPM US Select C Net Acc,2.114,
09/25/2013,JPM US Select C Net Acc,2.106,
09/26/2013,JPM US Select C Net Acc,2.1,
09/27/2013,JPM US Select C Net Acc,2.102,
09/28/2013,JPM US Select C Net Acc,2.102,
09/29/2013,JPM US Select C Net Acc,2.102,
09/30/2013,JPM US Select C Net Acc,2.086,
10/01/2013,JPM US Select C Net Acc,2.065,
10/02/2013,JPM US Select C Net Acc,2.085,
10/03/2013,JPM US Select C Net Acc,2.083,
10/04/2013,JPM US Select C Net Acc,2.085,
10/05/2013,JPM US Select C Net Acc,2.085,
10/06/2013,JPM US Select C Net Acc,2.085,
10/07/2013,JPM US Select C Net Acc,2.099,
10/08/2013,JPM US Select C Net Acc,2.079,
10/09/2013,JPM US Select C Net Acc,2.065,
10/10/2013,JPM US Select C Net Acc,2.069,
10/11/2013,JPM US Select C Net Acc,2.111,
10/12/2013,JPM US Select C Net Acc,2.111,
10/13/2013,JPM US Select C Net Acc,2.111,
10/14/2013,JPM US Select C Net Acc,2.126,
10/15/2013,JPM US Select C Net Acc,2.143,
10/16/2013,JPM US Select C Net Acc,2.115,
10/17/2013,JPM US Select C Net Acc,2.138,
10/18/2013,JPM US Select C Net Acc,2.13,
10/19/2013,JPM US Select C Net Acc,2.13,
10/20/2013,JPM US Select C Net Acc,2.13,
10/21/2013,JPM US Select C Net Acc,2.149,
10/22/2013,JPM US Select C Net Acc,2.154,
10/23/2013,JPM US Select C Net Acc,2.167,
10/24/2013,JPM US Select C Net Acc,2.146,
10/25/2013,JPM US Select C Net Acc,2.156,
10/26/2013,JPM US Select C Net Acc,2.156,
10/27/2013,JPM US Select C Net Acc,2.156,
10/28/2013,JPM US Select C Net Acc,2.164,
10/29/2013,JPM US Select C Net Acc,2.183,
10/30/2013,JPM US Select C Net Acc,2.197,
10/31/2013,JPM US Select C Net Acc,2.188,
11/01/2013,JPM US Select C Net Acc,2.192,
11/02/2013,JPM US Select C Net Acc,2.192,
11/03/2013,JPM US Select C Net Acc,2.192,
11/04/2013,JPM US Select C Net Acc,2.195,
11/05/2013,JPM US Select C Net Acc,2.192,
11/06/2013,JPM US Select C Net Acc,2.183,
11/07/2013,JPM US Select C Net Acc,2.193,
11/08/2013,JPM US Select C Net Acc,2.163,
11/09/2013,JPM US Select C Net Acc,2.163,
11/10/2013,JPM US Select C Net Acc,2.163,
11/11/2013,JPM US Select C Net Acc,2.206,
11/12/2013,JPM US Select C Net Acc,2.223,
11/13/2013,JPM US Select C Net Acc,2.204,
11/14/2013,JPM US Select C Net Acc,2.22,
11/15/2013,JPM US Select C Net Acc,2.218,
11/16/2013,JPM US Select C Net Acc,2.218,
11/17/2013,JPM US Select C Net Acc,2.218,
11/18/2013,JPM US Select C Net Acc,2.226,
11/19/2013,JPM US Select C Net Acc,2.216,
11/20/2013,JPM US Select C Net Acc,2.205,
11/21/2013,JPM US Select C Net Acc,2.199,
11/22/2013,JPM US Select C Net Acc,2.213,
11/23/2013,JPM US Select C Net Acc,2.213,
11/24/2013,JPM US Select C Net Acc,2.213,
11/25/2013,JPM US Select C Net Acc,2.228,
11/26/2013,JPM US Select C Net Acc,2.233,
11/27/2013,JPM US Select C Net Acc,2.216,
11/28/2013,JPM US Select C Net Acc,2.216,
11/29/2013,JPM US Select C Net Acc,2.217,
11/30/2013,JPM US Select C Net Acc,2.217,
12/01/2013,JPM US Select C Net Acc,2.217,
12/02/2013,JPM US Select C Net Acc,2.21,
12/03/2013,JPM US Select C Net Acc,2.198,
12/04/2013,JPM US Select C Net Acc,2.2,
12/05/2013,JPM US Select C Net Acc,2.2,
12/06/2013,JPM US Select C Net Acc,2.192,
12/07/2013,JPM US Select C Net Acc,2.192,
12/08/2013,JPM US Select C Net Acc,2.192,
12/09/2013,JPM US Select C Net Acc,2.212,
12/10/2013,JPM US Select C Net Acc,2.208,
12/11/2013,JPM US Select C Net Acc,2.211,
12/12/2013,JPM US Select C Net Acc,2.182,
12/13/2013,JPM US Select C Net Acc,2.189,
12/14/2013,JPM US Select C Net Acc,2.189,
12/15/2013,JPM US Select C Net Acc,2.189,
12/16/2013,JPM US Select C Net Acc,2.182,
12/17/2013,JPM US Select C Net Acc,2.206,
12/18/2013,JPM US Select C Net Acc,2.189,
12/19/2013,JPM US Select C Net Acc,2.225,
12/20/2013,JPM US Select C Net Acc,2.227,
12/21/2013,JPM US Select C Net Acc,2.227,
12/22/2013,JPM US Select C Net Acc,2.227,
12/23/2013,JPM US Select C Net Acc,2.241,
12/24/2013,JPM US Select C Net Acc,2.25,
12/25/2013,JPM US Select C Net Acc,2.25,
12/26/2013,JPM US Select C Net Acc,2.25,
12/27/2013,JPM US Select C Net Acc,2.245,
12/28/2013,JPM US Select C Net Acc,2.245,
12/29/2013,JPM US Select C Net Acc,2.245,
12/30/2013,JPM US Select C Net Acc,2.254,
12/31/2013,JPM US Select C Net Acc,2.244,
01/01/2014,JPM US Select C Net Acc,2.244,
01/02/2014,JPM US Select C Net Acc,2.253,
01/03/2014,JPM US Select C Net Acc,2.245,
01/04/2014,JPM US Select C Net Acc,2.245,
01/05/2014,JPM US Select C Net Acc,2.245,
01/06/2014,JPM US Select C Net Acc,2.255,
01/07/2014,JPM US Select C Net Acc,2.246,
01/08/2014,JPM US Select C Net Acc,2.256,
01/09/2014,JPM US Select C Net Acc,2.254,
01/10/2014,JPM US Select C Net Acc,2.259,
01/11/2014,JPM US Select C Net Acc,2.259,
01/12/2014,JPM US Select C Net Acc,2.259,
01/13/2014,JPM US Select C Net Acc,2.261,
01/14/2014,JPM US Select C Net Acc,2.232,
01/15/2014,JPM US Select C Net Acc,2.259,
01/16/2014,JPM US Select C Net Acc,2.284,
01/17/2014,JPM US Select C Net Acc,2.262,
01/18/2014,JPM US Select C Net Acc,2.262,
01/19/2014,JPM US Select C Net Acc,2.262,
01/20/2014,JPM US Select C Net Acc,2.257,
01/21/2014,JPM US Select C Net Acc,2.26,
01/22/2014,JPM US Select C Net Acc,2.247,
01/23/2014,JPM US Select C Net Acc,2.247,
01/24/2014,JPM US Select C Net Acc,2.223,
01/25/2014,JPM US Select C Net Acc,2.223,
01/26/2014,JPM US Select C Net Acc,2.223,
01/27/2014,JPM US Select C Net Acc,2.179,
01/28/2014,JPM US Select C Net Acc,2.167,
01/29/2014,JPM US Select C Net Acc,2.179,
01/30/2014,JPM US Select C Net Acc,2.17,
01/31/2014,JPM US Select C Net Acc,2.197,
02/01/2014,JPM US Select C Net Acc,2.197,
02/02/2014,JPM US Select C Net Acc,2.197,
02/03/2014,JPM US Select C Net Acc,2.198,
02/04/2014,JPM US Select C Net Acc,2.148,
02/05/2014,JPM US Select C Net Acc,2.17,
02/06/2014,JPM US Select C Net Acc,2.164,
02/07/2014,JPM US Select C Net Acc,2.188,
02/08/2014,JPM US Select C Net Acc,2.188,
02/09/2014,JPM US Select C Net Acc,2.188,
02/10/2014,JPM US Select C Net Acc,2.209,
02/11/2014,JPM US Select C Net Acc,2.207,
02/12/2014,JPM US Select C Net Acc,2.222,
02/13/2014,JPM US Select C Net Acc,2.211,
02/14/2014,JPM US Select C Net Acc,2.211,
02/15/2014,JPM US Select C Net Acc,2.211,
02/16/2014,JPM US Select C Net Acc,2.211,
02/17/2014,JPM US Select C Net Acc,2.221,
02/18/2014,JPM US Select C Net Acc,2.227,
02/19/2014,JPM US Select C Net Acc,2.231,
02/20/2014,JPM US Select C Net Acc,2.215,
02/21/2014,JPM US Select C Net Acc,2.229,
02/22/2014,JPM US Select C Net Acc,2.229,
02/23/2014,JPM US Select C Net Acc,2.229,
02/24/2014,JPM US Select C Net Acc,2.23,
02/25/2014,JPM US Select C Net Acc,2.237,
02/26/2014,JPM US Select C Net Acc,2.233,
02/27/2014,JPM US Select C Net Acc,2.244,
02/28/2014,JPM US Select C Net Acc,2.249,
03/01/2014,JPM US Select C Net Acc,2.249,
03/02/2014,JPM US Select C Net Acc,2.249,
03/03/2014,JPM US Select C Net Acc,2.249,
03/04/2014,JPM US Select C Net Acc,2.236,
03/05/2014,JPM US Select C Net Acc,2.266,
03/06/2014,JPM US Select C Net Acc,2.268,
03/07/2014,JPM US Select C Net Acc,2.27,
03/08/2014,JPM US Select C Net Acc,2.27,
03/09/2014,JPM US Select C Net Acc,2.27,
03/10/2014,JPM US Select C Net Acc,2.286,
03/11/2014,JPM US Select C Net Acc,2.287,
03/12/2014,JPM US Select C Net Acc,2.272,
03/13/2014,JPM US Select C Net Acc,2.258,
03/14/2014,JPM US Select C Net Acc,2.248,
03/15/2014,JPM US Select C Net Acc,2.248,
03/16/2014,JPM US Select C Net Acc,2.248,
03/17/2014,JPM US Select C Net Acc,2.239,
03/18/2014,JPM US Select C Net Acc,2.259,
03/19/2014,JPM US Select C Net Acc,2.273,
03/20/2014,JPM US Select C Net Acc,2.28,
03/21/2014,JPM US Select C Net Acc,2.296,
03/22/2014,JPM US Select C Net Acc,2.296,
03/23/2014,JPM US Select C Net Acc,2.296,
03/24/2014,JPM US Select C Net Acc,2.29,
03/25/2014,JPM US Select C Net Acc,2.277,
03/26/2014,JPM US Select C Net Acc,2.283,
03/27/2014,JPM US Select C Net Acc,2.252,
03/28/2014,JPM US Select C Net Acc,2.248,
03/29/2014,JPM US Select C Net Acc,2.248,
03/30/2014,JPM US Select C Net Acc,2.248,
03/31/2014,JPM US Select C Net Acc,2.256,
04/01/2014,JPM US Select C Net Acc,2.275,
04/02/2014,JPM US Select C Net Acc,2.29,
04/03/2014,JPM US Select C Net Acc,2.306,
04/04/2014,JPM US Select C Net Acc,2.302,
04/05/2014,JPM US Select C Net Acc,2.302,
04/06/2014,JPM US Select C Net Acc,2.302,
04/07/2014,JPM US Select C Net Acc,2.27,
04/08/2014,JPM US Select C Net Acc,2.224,
04/09/2014,JPM US Select C Net Acc,2.232,
04/10/2014,JPM US Select C Net Acc,2.253,
04/11/2014,JPM US Select C Net Acc,2.205,
04/12/2014,JPM US Select C Net Acc,2.205,
04/13/2014,JPM US Select C Net Acc,2.205,
04/14/2014,JPM US Select C Net Acc,2.185,
04/15/2014,JPM US Select C Net Acc,2.2,
04/16/2014,JPM US Select C Net Acc,2.21,
04/17/2014,JPM US Select C Net Acc,2.228,
04/18/2014,JPM US Select C Net Acc,2.228,
04/19/2014,JPM US Select C Net Acc,2.228,
04/20/2014,JPM US Select C Net Acc,2.228,
04/21/2014,JPM US Select C Net Acc,2.228,
04/22/2014,JPM US Select C Net Acc,2.236,
04/23/2014,JPM US Select C Net Acc,2.252,
04/24/2014,JPM US Select C Net Acc,2.253,
04/25/2014,JPM US Select C Net Acc,2.249,
04/26/2014,JPM US Select C Net Acc,2.249,
04/27/2014,JPM US Select C Net Acc,2.249,
04/28/2014,JPM US Select C Net Acc,2.221,
04/29/2014,JPM US Select C Net Acc,2.228,
04/30/2014,JPM US Select C Net Acc,2.236,
05/01/2014,JPM US Select C Net Acc,2.231,
05/02/2014,JPM US Select C Net Acc,2.238,
05/03/2014,JPM US Select C Net Acc,2.238,
05/04/2014,JPM US Select C Net Acc,2.238,
05/05/2014,JPM US Select C Net Acc,2.238,
05/06/2014,JPM US Select C Net Acc,2.226,
05/07/2014,JPM US Select C Net Acc,2.209,
05/08/2014,JPM US Select C Net Acc,2.221,
05/09/2014,JPM US Select C Net Acc,2.226,
05/10/2014,JPM US Select C Net Acc,2.226,
05/11/2014,JPM US Select C Net Acc,2.226,
05/12/2014,JPM US Select C Net Acc,2.229,
05/13/2014,JPM US Select C Net Acc,2.264,
05/14/2014,JPM US Select C Net Acc,2.272,
05/15/2014,JPM US Select C Net Acc,2.262,
05/16/2014,JPM US Select C Net Acc,2.235,
05/17/2014,JPM US Select C Net Acc,2.235,
05/18/2014,JPM US Select C Net Acc,2.235,
05/19/2014,JPM US Select C Net Acc,2.238,
05/20/2014,JPM US Select C Net Acc,2.249,
05/21/2014,JPM US Select C Net Acc,2.224,
05/22/2014,JPM US Select C Net Acc,2.25,
05/23/2014,JPM US Select C Net Acc,2.262,
05/24/2014,JPM US Select C Net Acc,2.262,
05/25/2014,JPM US Select C Net Acc,2.262,
05/26/2014,JPM US Select C Net Acc,2.262,
05/27/2014,JPM US Select C Net Acc,2.279,
05/28/2014,JPM US Select C Net Acc,2.301,
05/29/2014,JPM US Select C Net Acc,2.3,
05/30/2014,JPM US Select C Net Acc,2.314,
05/31/2014,JPM US Select C Net Acc,2.314,
06/01/2014,JPM US Select C Net Acc,2.314,
06/02/2014,JPM US Select C Net Acc,2.312,
06/03/2014,JPM US Select C Net Acc,2.319,
06/04/2014,JPM US Select C Net Acc,2.317,
06/05/2014,JPM US Select C Net Acc,2.322,
06/06/2014,JPM US Select C Net Acc,2.329,
06/07/2014,JPM US Select C Net Acc,2.329,
06/08/2014,JPM US Select C Net Acc,2.329,
06/09/2014,JPM US Select C Net Acc,2.343,
06/10/2014,JPM US Select C Net Acc,2.353,
06/11/2014,JPM US Select C Net Acc,2.352,
06/12/2014,JPM US Select C Net Acc,2.338,
06/13/2014,JPM US Select C Net Acc,2.301,
06/14/2014,JPM US Select C Net Acc,2.301,
06/15/2014,JPM US Select C Net Acc,2.301,
06/16/2014,JPM US Select C Net Acc,2.303,
06/17/2014,JPM US Select C Net Acc,2.299,
06/18/2014,JPM US Select C Net Acc,2.311,
06/19/2014,JPM US Select C Net Acc,2.318,
06/20/2014,JPM US Select C Net Acc,2.319,
06/21/2014,JPM US Select C Net Acc,2.319,
06/22/2014,JPM US Select C Net Acc,2.319,
06/23/2014,JPM US Select C Net Acc,2.329,
06/24/2014,JPM US Select C Net Acc,2.335,
06/25/2014,JPM US Select C Net Acc,2.324,
06/26/2014,JPM US Select C Net Acc,2.333,
06/27/2014,JPM US Select C Net Acc,2.333,
06/28/2014,JPM US Select C Net Acc,2.333,
06/29/2014,JPM US Select C Net Acc,2.333,
06/30/2014,JPM US Select C Net Acc,2.334,
07/01/2014,JPM US Select C Net Acc,2.319,
07/02/2014,JPM US Select C Net Acc,2.336,
07/03/2014,JPM US Select C Net Acc,2.343,
07/04/2014,JPM US Select C Net Acc,2.356,
07/05/2014,JPM US Select C Net Acc,2.356,
07/06/2014,JPM US Select C Net Acc,2.356,
07/07/2014,JPM US Select C Net Acc,2.359,
07/08/2014,JPM US Select C Net Acc,2.348,
07/09/2014,JPM US Select C Net Acc,2.333,
07/10/2014,JPM US Select C Net Acc,2.346,
07/11/2014,JPM US Select C Net Acc,2.334,
07/12/2014,JPM US Select C Net Acc,2.334,
07/13/2014,JPM US Select C Net Acc,2.334,
07/14/2014,JPM US Select C Net Acc,2.345,
07/15/2014,JPM US Select C Net Acc,2.347,
07/16/2014,JPM US Select C Net Acc,2.343,
07/17/2014,JPM US Select C Net Acc,2.36,
07/18/2014,JPM US Select C Net Acc,2.339,
07/19/2014,JPM US Select C Net Acc,2.339,
07/20/2014,JPM US Select C Net Acc,2.339,
07/21/2014,JPM US Select C Net Acc,2.368,
07/22/2014,JPM US Select C Net Acc,2.364,
07/23/2014,JPM US Select C Net Acc,2.38,
07/24/2014,JPM US Select C Net Acc,2.389,
07/25/2014,JPM US Select C Net Acc,2.382,
07/26/2014,JPM US Select C Net Acc,2.382,
07/27/2014,JPM US Select C Net Acc,2.382,
07/28/2014,JPM US Select C Net Acc,2.371,
07/29/2014,JPM US Select C Net Acc,2.375,
07/30/2014,JPM US Select C Net Acc,2.366,
07/31/2014,JPM US Select C Net Acc,2.373,
08/01/2014,JPM US Select C Net Acc,2.334,
08/02/2014,JPM US Select C Net Acc,2.334,
08/03/2014,JPM US Select C Net Acc,2.334,
08/04/2014,JPM US Select C Net Acc,2.329,
08/05/2014,JPM US Select C Net Acc,2.338,
08/06/2014,JPM US Select C Net Acc,2.321,
08/07/2014,JPM US Select C Net Acc,2.313,
08/08/2014,JPM US Select C Net Acc,2.304,
08/09/2014,JPM US Select C Net Acc,2.304,
08/10/2014,JPM US Select C Net Acc,2.304,
08/11/2014,JPM US Select C Net Acc,2.333,
08/12/2014,JPM US Select C Net Acc,2.34,
08/13/2014,JPM US Select C Net Acc,2.347,
08/14/2014,JPM US Select C Net Acc,2.367,
08/15/2014,JPM US Select C Net Acc,2.378,
08/16/2014,JPM US Select C Net Acc,2.378,
08/17/2014,JPM US Select C Net Acc,2.378,
08/18/2014,JPM US Select C Net Acc,2.373,
08/19/2014,JPM US Select C Net Acc,2.408,
08/20/2014,JPM US Select C Net Acc,2.423,
08/21/2014,JPM US Select C Net Acc,2.438,
08/22/2014,JPM US Select C Net Acc,2.442,
08/23/2014,JPM US Select C Net Acc,2.442,
08/24/2014,JPM US Select C Net Acc,2.442,
08/25/2014,JPM US Select C Net Acc,2.442,
08/26/2014,JPM US Select C Net Acc,2.454,
08/27/2014,JPM US Select C Net Acc,2.457,
08/28/2014,JPM US Select C Net Acc,2.456,
08/29/2014,JPM US Select C Net Acc,2.45,
08/30/2014,JPM US Select C Net Acc,2.45,
08/31/2014,JPM US Select C Net Acc,2.45,
09/01/2014,JPM US Select C Net Acc,2.456,
09/02/2014,JPM US Select C Net Acc,2.467,
09/03/2014,JPM US Select C Net Acc,2.481,
09/04/2014,JPM US Select C Net Acc,2.48,
09/05/2014,JPM US Select C Net Acc,2.497,
09/06/2014,JPM US Select C Net Acc,2.497,
09/07/2014,JPM US Select C Net Acc,2.497,
09/08/2014,JPM US Select C Net Acc,2.538,
09/09/2014,JPM US Select C Net Acc,2.53,
09/10/2014,JPM US Select C Net Acc,2.513,
09/11/2014,JPM US Select C Net Acc,2.506,
09/12/2014,JPM US Select C Net Acc,2.51,
09/13/2014,JPM US Select C Net Acc,2.51,
09/14/2014,JPM US Select C Net Acc,2.51,
09/15/2014,JPM US Select C Net Acc,2.496,
09/16/2014,JPM US Select C Net Acc,2.5,
09/17/2014,JPM US Select C Net Acc,2.501,
09/18/2014,JPM US Select C Net Acc,2.504,
09/19/2014,JPM US Select C Net Acc,2.51,
09/20/2014,JPM US Select C Net Acc,2.51,
09/21/2014,JPM US Select C Net Acc,2.51,
09/22/2014,JPM US Select C Net Acc,2.517,
09/23/2014,JPM US Select C Net Acc,2.484,
09/24/2014,JPM US Select C Net Acc,2.468,
09/25/2014,JPM US Select C Net Acc,2.504,
09/26/2014,JPM US Select C Net Acc,2.458,
09/27/2014,JPM US Select C Net Acc,2.458,
09/28/2014,JPM US Select C Net Acc,2.458,
09/29/2014,JPM US Select C Net Acc,2.493,
09/30/2014,JPM US Select C Net Acc,2.492,
10/01/2014,JPM US Select C Net Acc,2.479,
10/02/2014,JPM US Select C Net Acc,2.451,
10/03/2014,JPM US Select C Net Acc,2.464,
10/04/2014,JPM US Select C Net Acc,2.464,
10/05/2014,JPM US Select C Net Acc,2.464,
10/06/2014,JPM US Select C Net Acc,2.506,
10/07/2014,JPM US Select C Net Acc,2.491,
10/08/2014,JPM US Select C Net Acc,2.444,
10/09/2014,JPM US Select C Net Acc,2.466,
10/10/2014,JPM US Select C Net Acc,2.435,
10/11/2014,JPM US Select C Net Acc,2.435,
10/12/2014,JPM US Select C Net Acc,2.435,
10/13/2014,JPM US Select C Net Acc,2.39,
10/14/2014,JPM US Select C Net Acc,2.367,
10/15/2014,JPM US Select C Net Acc,2.374,
10/16/2014,JPM US Select C Net Acc,2.348,
10/17/2014,JPM US Select C Net Acc,2.344,
10/18/2014,JPM US Select C Net Acc,2.344,
10/19/2014,JPM US Select C Net Acc,2.344,
10/20/2014,JPM US Select C Net Acc,2.375,
10/21/2014,JPM US Select C Net Acc,2.396,
10/22/2014,JPM US Select C Net Acc,2.461,
10/23/2014,JPM US Select C Net Acc,2.45,
10/24/2014,JPM US Select C Net Acc,2.479,
10/25/2014,JPM US Select C Net Acc,2.479,
10/26/2014,JPM US Select C Net Acc,2.479,
10/27/2014,JPM US Select C Net Acc,2.486,
10/28/2014,JPM US Select C Net Acc,2.479,
10/29/2014,JPM US Select C Net Acc,2.512,
10/30/2014,JPM US Select C Net Acc,2.53,
10/31/2014,JPM US Select C Net Acc,2.545,
11/01/2014,JPM US Select C Net Acc,2.545,
11/02/2014,JPM US Select C Net Acc,2.545,
11/03/2014,JPM US Select C Net Acc,2.576,
11/04/2014,JPM US Select C Net Acc,2.574,
11/05/2014,JPM US Select C Net Acc,2.578,
11/06/2014,JPM US Select C Net Acc,2.585,
11/07/2014,JPM US Select C Net Acc,2.618,
11/08/2014,JPM US Select C Net Acc,2.618,
11/09/2014,JPM US Select C Net Acc,2.618,
11/10/2014,JPM US Select C Net Acc,2.603,
11/11/2014,JPM US Select C Net Acc,2.616,
11/12/2014,JPM US Select C Net Acc,2.623,
11/13/2014,JPM US Select C Net Acc,2.637,
11/14/2014,JPM US Select C Net Acc,2.653,
11/15/2014,JPM US Select C Net Acc,2.653,
11/16/2014,JPM US Select C Net Acc,2.653,
11/17/2014,JPM US Select C Net Acc,2.654,
11/18/2014,JPM US Select C Net Acc,2.647,
11/19/2014,JPM US Select C Net Acc,2.661,
11/20/2014,JPM US Select C Net Acc,2.656,
11/21/2014,JPM US Select C Net Acc,2.667,
11/22/2014,JPM US Select C Net Acc,2.667,
11/23/2014,JPM US Select C Net Acc,2.667,
11/24/2014,JPM US Select C Net Acc,2.675,
11/25/2014,JPM US Select C Net Acc,2.691,
11/26/2014,JPM US Select C Net Acc,2.677,
11/27/2014,JPM US Select C Net Acc,2.678,
11/28/2014,JPM US Select C Net Acc,2.687,
11/29/2014,JPM US Select C Net Acc,2.687,
11/30/2014,JPM US Select C Net Acc,2.687,
12/01/2014,JPM US Select C Net Acc,2.683,
12/02/2014,JPM US Select C Net Acc,2.666,
12/03/2014,JPM US Select C Net Acc,2.689,
12/04/2014,JPM US Select C Net Acc,2.704,
12/05/2014,JPM US Select C Net Acc,2.707,
12/06/2014,JPM US Select C Net Acc,2.707,
12/07/2014,JPM US Select C Net Acc,2.707,
12/08/2014,JPM US Select C Net Acc,2.725,
12/09/2014,JPM US Select C Net Acc,2.701,
12/10/2014,JPM US Select C Net Acc,2.694,
12/11/2014,JPM US Select C Net Acc,2.649,
12/12/2014,JPM US Select C Net Acc,2.655,
12/13/2014,JPM US Select C Net Acc,2.655,
12/14/2014,JPM US Select C Net Acc,2.655,
12/15/2014,JPM US Select C Net Acc,2.623,
12/16/2014,JPM US Select C Net Acc,2.591,
12/17/2014,JPM US Select C Net Acc,2.567,
12/18/2014,JPM US Select C Net Acc,2.636,
12/19/2014,JPM US Select C Net Acc,2.708,
12/20/2014,JPM US Select C Net Acc,2.708,
12/21/2014,JPM US Select C Net Acc,2.708,
12/22/2014,JPM US Select C Net Acc,2.721,
12/23/2014,JPM US Select C Net Acc,2.739,
12/24/2014,JPM US Select C Net Acc,2.746,
12/25/2014,JPM US Select C Net Acc,2.746,
12/26/2014,JPM US Select C Net Acc,2.746,
12/27/2014,JPM US Select C Net Acc,2.746,
12/28/2014,JPM US Select C Net Acc,2.746,
12/29/2014,JPM US Select C Net Acc,2.753,
12/30/2014,JPM US Select C Net Acc,2.76,
12/31/2014,JPM US Select C Net Acc,2.737,
01/01/2015,JPM US Select C Net Acc,2.737,
01/02/2015,JPM US Select C Net Acc,2.742,
01/03/2015,JPM US Select C Net Acc,2.742,
01/04/2015,JPM US Select C Net Acc,2.742,
01/05/2015,JPM US Select C Net Acc,2.77,
01/06/2015,JPM US Select C Net Acc,2.73,
01/07/2015,JPM US Select C Net Acc,2.716,
01/08/2015,JPM US Select C Net Acc,2.759,
01/09/2015,JPM US Select C Net Acc,2.795,
01/10/2015,JPM US Select C Net Acc,2.795,
01/11/2015,JPM US Select C Net Acc,2.795,
01/12/2015,JPM US Select C Net Acc,2.77,
01/13/2015,JPM US Select C Net Acc,2.747,
01/14/2015,JPM US Select C Net Acc,2.732,
01/15/2015,JPM US Select C Net Acc,2.699,
01/16/2015,JPM US Select C Net Acc,2.676,
01/17/2015,JPM US Select C Net Acc,2.676,
01/18/2015,JPM US Select C Net Acc,2.676,
01/19/2015,JPM US Select C Net Acc,2.727,
01/20/2015,JPM US Select C Net Acc,2.731,
01/21/2015,JPM US Select C Net Acc,2.739,
01/22/2015,JPM US Select C Net Acc,2.745,
01/23/2015,JPM US Select C Net Acc,2.826,
01/24/2015,JPM US Select C Net Acc,2.826,
01/25/2015,JPM US Select C Net Acc,2.826,
01/26/2015,JPM US Select C Net Acc,2.804,
01/27/2015,JPM US Select C Net Acc,2.801,
01/28/2015,JPM US Select C Net Acc,2.742,
01/29/2015,JPM US Select C Net Acc,2.715,
01/30/2015,JPM US Select C Net Acc,2.758,
01/31/2015,JPM US Select C Net Acc,2.758,
02/01/2015,JPM US Select C Net Acc,2.758,
02/02/2015,JPM US Select C Net Acc,2.733,
02/03/2015,JPM US Select C Net Acc,2.756,
02/04/2015,JPM US Select C Net Acc,2.772,
02/05/2015,JPM US Select C Net Acc,2.759,
02/06/2015,JPM US Select C Net Acc,2.769,
02/07/2015,JPM US Select C Net Acc,2.769,
02/08/2015,JPM US Select C Net Acc,2.769,
02/09/2015,JPM US Select C Net Acc,2.784,
02/10/2015,JPM US Select C Net Acc,2.77,
02/11/2015,JPM US Select C Net Acc,2.791,
02/12/2015,JPM US Select C Net Acc,2.784,
02/13/2015,JPM US Select C Net Acc,2.805,
02/14/2015,JPM US Select C Net Acc,2.805,
02/15/2015,JPM US Select C Net Acc,2.805,
02/16/2015,JPM US Select C Net Acc,2.819,
02/17/2015,JPM US Select C Net Acc,2.816,
02/18/2015,JPM US Select C Net Acc,2.815,
02/19/2015,JPM US Select C Net Acc,2.808,
02/20/2015,JPM US Select C Net Acc,2.828,
02/21/2015,JPM US Select C Net Acc,2.828,
02/22/2015,JPM US Select C Net Acc,2.828,
02/23/2015,JPM US Select C Net Acc,2.846,
02/24/2015,JPM US Select C Net Acc,2.829,
02/25/2015,JPM US Select C Net Acc,2.83,
02/26/2015,JPM US Select C Net Acc,2.824,
02/27/2015,JPM US Select C Net Acc,2.84,
02/28/2015,JPM US Select C Net Acc,2.84,
03/01/2015,JPM US Select C Net Acc,2.84,
03/02/2015,JPM US Select C Net Acc,2.831,
03/03/2015,JPM US Select C Net Acc,2.863,
03/04/2015,JPM US Select C Net Acc,2.856,
03/05/2015,JPM US Select C Net Acc,2.863,
03/06/2015,JPM US Select C Net Acc,2.88,
03/07/2015,JPM US Select C Net Acc,2.88,
03/08/2015,JPM US Select C Net Acc,2.88,
03/09/2015,JPM US Select C Net Acc,2.854,
03/10/2015,JPM US Select C Net Acc,2.877,
03/11/2015,JPM US Select C Net Acc,2.825,
03/12/2015,JPM US Select C Net Acc,2.836,
03/13/2015,JPM US Select C Net Acc,2.913,
03/14/2015,JPM US Select C Net Acc,2.913,
03/15/2015,JPM US Select C Net Acc,2.913,
03/16/2015,JPM US Select C Net Acc,2.898,
03/17/2015,JPM US Select C Net Acc,2.944,
03/18/2015,JPM US Select C Net Acc,2.957,
03/19/2015,JPM US Select C Net Acc,2.94,
03/20/2015,JPM US Select C Net Acc,2.951,
03/21/2015,JPM US Select C Net Acc,2.951,
03/22/2015,JPM US Select C Net Acc,2.951,
03/23/2015,JPM US Select C Net Acc,2.952,
03/24/2015,JPM US Select C Net Acc,2.942,
03/25/2015,JPM US Select C Net Acc,2.926,
03/26/2015,JPM US Select C Net Acc,2.87,
03/27/2015,JPM US Select C Net Acc,2.869,
03/28/2015,JPM US Select C Net Acc,2.869,
03/29/2015,JPM US Select C Net Acc,2.869,
03/30/2015,JPM US Select C Net Acc,2.897,
03/31/2015,JPM US Select C Net Acc,2.934,
04/01/2015,JPM US Select C Net Acc,2.91,
04/02/2015,JPM US Select C Net Acc,2.892,
04/03/2015,JPM US Select C Net Acc,2.892,
04/04/2015,JPM US Select C Net Acc,2.892,
04/05/2015,JPM US Select C Net Acc,2.892,
04/06/2015,JPM US Select C Net Acc,2.892,
04/07/2015,JPM US Select C Net Acc,2.899,
04/08/2015,JPM US Select C Net Acc,2.878,
04/09/2015,JPM US Select C Net Acc,2.914,
04/10/2015,JPM US Select C Net Acc,2.967,
04/11/2015,JPM US Select C Net Acc,2.967,
04/12/2015,JPM US Select C Net Acc,2.967,
04/13/2015,JPM US Select C Net Acc,2.979,
04/14/2015,JPM US Select C Net Acc,2.955,
04/15/2015,JPM US Select C Net Acc,2.942,
04/16/2015,JPM US Select C Net Acc,2.926,
04/17/2015,JPM US Select C Net Acc,2.902,
04/18/2015,JPM US Select C Net Acc,2.902,
04/19/2015,JPM US Select C Net Acc,2.902,
04/20/2015,JPM US Select C Net Acc,2.885,
04/21/2015,JPM US Select C Net Acc,2.916,
04/22/2015,JPM US Select C Net Acc,2.888,
04/23/2015,JPM US Select C Net Acc,2.909,
04/24/2015,JPM US Select C Net Acc,2.889,
04/25/2015,JPM US Select C Net Acc,2.889,
04/26/2015,JPM US Select C Net Acc,2.889,
04/27/2015,JPM US Select C Net Acc,2.889,
04/28/2015,JPM US Select C Net Acc,2.848,
04/29/2015,JPM US Select C Net Acc,2.836,
04/30/2015,JPM US Select C Net Acc,2.812,
05/01/2015,JPM US Select C Net Acc,2.806,
05/02/2015,JPM US Select C Net Acc,2.806,
05/03/2015,JPM US Select C Net Acc,2.806,
05/04/2015,JPM US Select C Net Acc,2.806,
05/05/2015,JPM US Select C Net Acc,2.872,
05/06/2015,JPM US Select C Net Acc,2.817,
05/07/2015,JPM US Select C Net Acc,2.806,
05/08/2015,JPM US Select C Net Acc,2.785,
05/09/2015,JPM US Select C Net Acc,2.785,
05/10/2015,JPM US Select C Net Acc,2.785,
05/11/2015,JPM US Select C Net Acc,2.813,
05/12/2015,JPM US Select C Net Acc,2.77,
05/13/2015,JPM US Select C Net Acc,2.759,
05/14/2015,JPM US Select C Net Acc,2.74,
05/15/2015,JPM US Select C Net Acc,2.782,
05/16/2015,JPM US Select C Net Acc,2.782,
05/17/2015,JPM US Select C Net Acc,2.782,
05/18/2015,JPM US Select C Net Acc,2.792,
05/19/2015,JPM US Select C Net Acc,2.834,
05/20/2015,JPM US Select C Net Acc,2.835,
05/21/2015,JPM US Select C Net Acc,2.799,
05/22/2015,JPM US Select C Net Acc,2.811,
05/23/2015,JPM US Select C Net Acc,2.811,
05/24/2015,JPM US Select C Net Acc,2.811,
05/25/2015,JPM US Select C Net Acc,2.811,
05/26/2015,JPM US Select C Net Acc,2.849,
05/27/2015,JPM US Select C Net Acc,2.826,
05/28/2015,JPM US Select C Net Acc,2.879,
05/29/2015,JPM US Select C Net Acc,2.887,
05/30/2015,JPM US Select C Net Acc,2.887,
05/31/2015,JPM US Select C Net Acc,2.887,
06/01/2015,JPM US Select C Net Acc,2.884,
06/02/2015,JPM US Select C Net Acc,2.886,
06/03/2015,JPM US Select C Net Acc,2.875,
06/04/2015,JPM US Select C Net Acc,2.855,
06/05/2015,JPM US Select C Net Acc,2.855,
06/06/2015,JPM US Select C Net Acc,2.855,
06/07/2015,JPM US Select C Net Acc,2.855,
06/08/2015,JPM US Select C Net Acc,2.867,
06/09/2015,JPM US Select C Net Acc,2.835,
06/10/2015,JPM US Select C Net Acc,2.806,
06/11/2015,JPM US Select C Net Acc,2.838,
06/12/2015,JPM US Select C Net Acc,2.839,
06/13/2015,JPM US Select C Net Acc,2.839,
06/14/2015,JPM US Select C Net Acc,2.839,
06/15/2015,JPM US Select C Net Acc,2.82,
06/16/2015,JPM US Select C Net Acc,2.792,
06/17/2015,JPM US Select C Net Acc,2.778,
06/18/2015,JPM US Select C Net Acc,2.751,
06/19/2015,JPM US Select C Net Acc,2.789,
06/20/2015,JPM US Select C Net Acc,2.789,
06/21/2015,JPM US Select C Net Acc,2.789,
06/22/2015,JPM US Select C Net Acc,2.779,
06/23/2015,JPM US Select C Net Acc,2.802,
06/24/2015,JPM US Select C Net Acc,2.812,
06/25/2015,JPM US Select C Net Acc,2.795,
06/26/2015,JPM US Select C Net Acc,2.784,
06/27/2015,JPM US Select C Net Acc,2.784,
06/28/2015,JPM US Select C Net Acc,2.784,
06/29/2015,JPM US Select C Net Acc,2.79,
06/30/2015,JPM US Select C Net Acc,2.726,
07/01/2015,JPM US Select C Net Acc,2.743,
07/02/2015,JPM US Select C Net Acc,2.773,
07/03/2015,JPM US Select C Net Acc,2.762,
07/04/2015,JPM US Select C Net Acc,2.762,
07/05/2015,JPM US Select C Net Acc,2.762,
07/06/2015,JPM US Select C Net Acc,2.775,
07/07/2015,JPM US Select C Net Acc,2.779,
07/08/2015,JPM US Select C Net Acc,2.808,
07/09/2015,JPM US Select C Net Acc,2.749,
07/10/2015,JPM US Select C Net Acc,2.732,
07/11/2015,JPM US Select C Net Acc,2.732,
07/12/2015,JPM US Select C Net Acc,2.732,
07/13/2015,JPM US Select C Net Acc,2.762,
07/14/2015,JPM US Select C Net Acc,2.79,
07/15/2015,JPM US Select C Net Acc,2.796,
07/16/2015,JPM US Select C Net Acc,2.798,
07/17/2015,JPM US Select C Net Acc,2.813,
07/18/2015,JPM US Select C Net Acc,2.813,
07/19/2015,JPM US Select C Net Acc,2.813,
07/20/2015,JPM US Select C Net Acc,2.827,
07/21/2015,JPM US Select C Net Acc,2.83,
07/22/2015,JPM US Select C Net Acc,2.809,
07/23/2015,JPM US Select C Net Acc,2.806,
07/24/2015,JPM US Select C Net Acc,2.813,
07/25/2015,JPM US Select C Net Acc,2.813,
07/26/2015,JPM US Select C Net Acc,2.813,
07/27/2015,JPM US Select C Net Acc,2.775,
07/28/2015,JPM US Select C Net Acc,2.743,
07/29/2015,JPM US Select C Net Acc,2.769,
07/30/2015,JPM US Select C Net Acc,2.793,
07/31/2015,JPM US Select C Net Acc,2.804,
08/01/2015,JPM US Select C Net Acc,2.804,
08/02/2015,JPM US Select C Net Acc,2.804,
08/03/2015,JPM US Select C Net Acc,2.79,
08/04/2015,JPM US Select C Net Acc,2.787,
08/05/2015,JPM US Select C Net Acc,2.782,
08/06/2015,JPM US Select C Net Acc,2.794,
08/07/2015,JPM US Select C Net Acc,2.782,
08/08/2015,JPM US Select C Net Acc,2.782,
08/09/2015,JPM US Select C Net Acc,2.782,
08/10/2015,JPM US Select C Net Acc,2.782,
08/11/2015,JPM US Select C Net Acc,2.801,
08/12/2015,JPM US Select C Net Acc,2.767,
08/13/2015,JPM US Select C Net Acc,2.763,
08/14/2015,JPM US Select C Net Acc,2.759,
08/15/2015,JPM US Select C Net Acc,2.759,
08/16/2015,JPM US Select C Net Acc,2.759,
08/17/2015,JPM US Select C Net Acc,2.77,
08/18/2015,JPM US Select C Net Acc,2.776,
08/19/2015,JPM US Select C Net Acc,2.777,
08/20/2015,JPM US Select C Net Acc,2.757,
08/21/2015,JPM US Select C Net Acc,2.684,
08/22/2015,JPM US Select C Net Acc,2.684,
08/23/2015,JPM US Select C Net Acc,2.684,
08/24/2015,JPM US Select C Net Acc,2.53,
08/25/2015,JPM US Select C Net Acc,2.553,
08/26/2015,JPM US Select C Net Acc,2.466,
08/27/2015,JPM US Select C Net Acc,2.593,
08/28/2015,JPM US Select C Net Acc,2.674,
08/29/2015,JPM US Select C Net Acc,2.674,
08/30/2015,JPM US Select C Net Acc,2.674,
08/31/2015,JPM US Select C Net Acc,2.674,
09/01/2015,JPM US Select C Net Acc,2.622,
09/02/2015,JPM US Select C Net Acc,2.596,
09/03/2015,JPM US Select C Net Acc,2.646,
09/04/2015,JPM US Select C Net Acc,2.656,
09/05/2015,JPM US Select C Net Acc,2.656,
09/06/2015,JPM US Select C Net Acc,2.656,
09/07/2015,JPM US Select C Net Acc,2.61,
09/08/2015,JPM US Select C Net Acc,2.63,
09/09/2015,JPM US Select C Net Acc,2.666,
09/10/2015,JPM US Select C Net Acc,2.624,
09/11/2015,JPM US Select C Net Acc,2.636,
09/12/2015,JPM US Select C Net Acc,2.636,
09/13/2015,JPM US Select C Net Acc,2.636,
09/14/2015,JPM US Select C Net Acc,2.645,
09/15/2015,JPM US Select C Net Acc,2.636,
09/16/2015,JPM US Select C Net Acc,2.671,
09/17/2015,JPM US Select C Net Acc,2.674,
09/18/2015,JPM US Select C Net Acc,2.653,
09/19/2015,JPM US Select C Net Acc,2.653,
09/20/2015,JPM US Select C Net Acc,2.653,
09/21/2015,JPM US Select C Net Acc,2.626,
09/22/2015,JPM US Select C Net Acc,2.647,
09/23/2015,JPM US Select C Net Acc,2.627,
09/24/2015,JPM US Select C Net Acc,2.626,
09/25/2015,JPM US Select C Net Acc,2.619,
09/26/2015,JPM US Select C Net Acc,2.619,
09/27/2015,JPM US Select C Net Acc,2.619,
09/28/2015,JPM US Select C Net Acc,2.614,
09/29/2015,JPM US Select C Net Acc,2.536,
09/30/2015,JPM US Select C Net Acc,2.538,
10/01/2015,JPM US Select C Net Acc,2.608,
10/02/2015,JPM US Select C Net Acc,2.613,
10/03/2015,JPM US Select C Net Acc,2.613,
10/04/2015,JPM US Select C Net Acc,2.613,
10/05/2015,JPM US Select C Net Acc,2.646,
10/06/2015,JPM US Select C Net Acc,2.692,
10/07/2015,JPM US Select C Net Acc,2.648,
10/08/2015,JPM US Select C Net Acc,2.666,
10/09/2015,JPM US Select C Net Acc,2.692,
10/10/2015,JPM US Select C Net Acc,2.692,
10/11/2015,JPM US Select C Net Acc,2.692,
10/12/2015,JPM US Select C Net Acc,2.694,
10/13/2015,JPM US Select C Net Acc,2.711,
10/14/2015,JPM US Select C Net Acc,2.671,
10/15/2015,JPM US Select C Net Acc,2.645,
10/16/2015,JPM US Select C Net Acc,2.695,
10/17/2015,JPM US Select C Net Acc,2.695,
10/18/2015,JPM US Select C Net Acc,2.695,
10/19/2015,JPM US Select C Net Acc,2.695,
10/20/2015,JPM US Select C Net Acc,2.694,
10/21/2015,JPM US Select C Net Acc,2.696,
10/22/2015,JPM US Select C Net Acc,2.677,
10/23/2015,JPM US Select C Net Acc,2.737,
10/24/2015,JPM US Select C Net Acc,2.737,
10/25/2015,JPM US Select C Net Acc,2.737,
10/26/2015,JPM US Select C Net Acc,2.791,
10/27/2015,JPM US Select C Net Acc,2.784,
10/28/2015,JPM US Select C Net Acc,2.785,
10/29/2015,JPM US Select C Net Acc,2.832,
10/30/2015,JPM US Select C Net Acc,2.812,
10/31/2015,JPM US Select C Net Acc,2.812,
11/01/2015,JPM US Select C Net Acc,2.812,
11/02/2015,JPM US Select C Net Acc,2.777,
11/03/2015,JPM US Select C Net Acc,2.82,
11/04/2015,JPM US Select C Net Acc,2.822,
11/05/2015,JPM US Select C Net Acc,2.809,
11/06/2015,JPM US Select C Net Acc,2.856,
11/07/2015,JPM US Select C Net Acc,2.856,
11/08/2015,JPM US Select C Net Acc,2.856,
11/09/2015,JPM US Select C Net Acc,2.871,
11/10/2015,JPM US Select C Net Acc,2.845,
11/11/2015,JPM US Select C Net Acc,2.841,
11/12/2015,JPM US Select C Net Acc,2.83,
11/13/2015,JPM US Select C Net Acc,2.784,
11/14/2015,JPM US Select C Net Acc,2.784,
11/15/2015,JPM US Select C Net Acc,2.784,
11/16/2015,JPM US Select C Net Acc,2.761,
11/17/2015,JPM US Select C Net Acc,2.8,
11/18/2015,JPM US Select C Net Acc,2.791,
11/19/2015,JPM US Select C Net Acc,2.834,
11/20/2015,JPM US Select C Net Acc,2.821,
11/21/2015,JPM US Select C Net Acc,2.821,
11/22/2015,JPM US Select C Net Acc,2.821,
11/23/2015,JPM US Select C Net Acc,2.859,
11/24/2015,JPM US Select C Net Acc,2.852,
11/25/2015,JPM US Select C Net Acc,2.867,
11/26/2015,JPM US Select C Net Acc,2.864,
11/27/2015,JPM US Select C Net Acc,2.871,
11/28/2015,JPM US Select C Net Acc,2.871,
11/29/2015,JPM US Select C Net Acc,2.871,
11/30/2015,JPM US Select C Net Acc,2.882,
12/01/2015,JPM US Select C Net Acc,2.858,
12/02/2015,JPM US Select C Net Acc,2.903,
12/03/2015,JPM US Select C Net Acc,2.89,
12/04/2015,JPM US Select C Net Acc,2.816,
12/05/2015,JPM US Select C Net Acc,2.816,
12/06/2015,JPM US Select C Net Acc,2.816,
12/07/2015,JPM US Select C Net Acc,2.883,
12/08/2015,JPM US Select C Net Acc,2.873,
12/09/2015,JPM US Select C Net Acc,2.842,
12/10/2015,JPM US Select C Net Acc,2.796,
12/11/2015,JPM US Select C Net Acc,2.814,
12/12/2015,JPM US Select C Net Acc,2.814,
12/13/2015,JPM US Select C Net Acc,2.814,
12/14/2015,JPM US Select C Net Acc,2.756,
12/15/2015,JPM US Select C Net Acc,2.754,
12/16/2015,JPM US Select C Net Acc,2.811,
12/17/2015,JPM US Select C Net Acc,2.874,
12/18/2015,JPM US Select C Net Acc,2.825,
12/19/2015,JPM US Select C Net Acc,2.825,
12/20/2015,JPM US Select C Net Acc,2.825,
12/21/2015,JPM US Select C Net Acc,2.777,
12/22/2015,JPM US Select C Net Acc,2.809,
12/23/2015,JPM US Select C Net Acc,2.829,
12/24/2015,JPM US Select C Net Acc,2.859,
12/25/2015,JPM US Select C Net Acc,2.859,
12/26/2015,JPM US Select C Net Acc,2.859,
12/27/2015,JPM US Select C Net Acc,2.859,
12/28/2015,JPM US Select C Net Acc,2.859,
12/29/2015,JPM US Select C Net Acc,2.867,
12/30/2015,JPM US Select C Net Acc,2.901,
12/31/2015,JPM US Select C Net Acc,2.878,
01/01/2016,JPM US Select C Net Acc,2.878,
01/02/2016,JPM US Select C Net Acc,2.878,
01/03/2016,JPM US Select C Net Acc,2.878,
01/04/2016,JPM US Select C Net Acc,2.861,
01/05/2016,JPM US Select C Net Acc,2.835,
01/06/2016,JPM US Select C Net Acc,2.836,
01/07/2016,JPM US Select C Net Acc,2.751,
01/08/2016,JPM US Select C Net Acc,2.726,
01/09/2016,JPM US Select C Net Acc,2.726,
01/10/2016,JPM US Select C Net Acc,2.726,
01/11/2016,JPM US Select C Net Acc,2.7,
01/12/2016,JPM US Select C Net Acc,2.721,
01/13/2016,JPM US Select C Net Acc,2.751,
01/14/2016,JPM US Select C Net Acc,2.679,
01/15/2016,JPM US Select C Net Acc,2.732,
01/16/2016,JPM US Select C Net Acc,2.732,
01/17/2016,JPM US Select C Net Acc,2.732,
01/18/2016,JPM US Select C Net Acc,2.674,
01/19/2016,JPM US Select C Net Acc,2.674,
01/20/2016,JPM US Select C Net Acc,2.674,
01/21/2016,JPM US Select C Net Acc,2.689,
01/22/2016,JPM US Select C Net Acc,2.661,
01/23/2016,JPM US Select C Net Acc,2.661,
01/24/2016,JPM US Select C Net Acc,2.661,
01/25/2016,JPM US Select C Net Acc,2.73,
01/26/2016,JPM US Select C Net Acc,2.682,
01/27/2016,JPM US Select C Net Acc,2.703,
01/28/2016,JPM US Select C Net Acc,2.67,
01/29/2016,JPM US Select C Net Acc,2.68,
01/30/2016,JPM US Select C Net Acc,2.68,
01/31/2016,JPM US Select C Net Acc,2.68,
02/01/2016,JPM US Select C Net Acc,2.761,
02/02/2016,JPM US Select C Net Acc,2.736,
02/03/2016,JPM US Select C Net Acc,2.664,
02/04/2016,JPM US Select C Net Acc,2.648,
02/05/2016,JPM US Select C Net Acc,2.663,
02/06/2016,JPM US Select C Net Acc,2.663,
02/07/2016,JPM US Select C Net Acc,2.663,
02/08/2016,JPM US Select C Net Acc,2.621,
02/09/2016,JPM US Select C Net Acc,2.565,
02/10/2016,JPM US Select C Net Acc,2.548,
02/11/2016,JPM US Select C Net Acc,2.517,
02/12/2016,JPM US Select C Net Acc,2.515,
02/13/2016,JPM US Select C Net Acc,2.515,
02/14/2016,JPM US Select C Net Acc,2.515,
02/15/2016,JPM US Select C Net Acc,2.583,
02/16/2016,JPM US Select C Net Acc,2.59,
02/17/2016,JPM US Select C Net Acc,2.663,
02/18/2016,JPM US Select C Net Acc,2.705,
02/19/2016,JPM US Select C Net Acc,2.696,
02/20/2016,JPM US Select C Net Acc,2.696,
02/21/2016,JPM US Select C Net Acc,2.696,
02/22/2016,JPM US Select C Net Acc,2.729,
02/23/2016,JPM US Select C Net Acc,2.78,
02/24/2016,JPM US Select C Net Acc,2.783,
02/25/2016,JPM US Select C Net Acc,2.783,
02/26/2016,JPM US Select C Net Acc,2.815,
02/27/2016,JPM US Select C Net Acc,2.815,
02/28/2016,JPM US Select C Net Acc,2.815,
02/29/2016,JPM US Select C Net Acc,2.837,
03/01/2016,JPM US Select C Net Acc,2.784,
03/02/2016,JPM US Select C Net Acc,2.856,
03/03/2016,JPM US Select C Net Acc,2.858,
03/04/2016,JPM US Select C Net Acc,2.851,
03/05/2016,JPM US Select C Net Acc,2.851,
03/06/2016,JPM US Select C Net Acc,2.851,
03/07/2016,JPM US Select C Net Acc,2.858,
03/08/2016,JPM US Select C Net Acc,2.847,
03/09/2016,JPM US Select C Net Acc,2.801,
03/10/2016,JPM US Select C Net Acc,2.824,
03/11/2016,JPM US Select C Net Acc,2.809,
03/12/2016,JPM US Select C Net Acc,2.809,
03/13/2016,JPM US Select C Net Acc,2.809,
03/14/2016,JPM US Select C Net Acc,2.861,
03/15/2016,JPM US Select C Net Acc,2.891,
03/16/2016,JPM US Select C Net Acc,2.893,
03/17/2016,JPM US Select C Net Acc,2.854,
03/18/2016,JPM US Select C Net Acc,2.853,
03/19/2016,JPM US Select C Net Acc,2.853,
03/20/2016,JPM US Select C Net Acc,2.853,
03/21/2016,JPM US Select C Net Acc,2.887,
03/22/2016,JPM US Select C Net Acc,2.912,
03/23/2016,JPM US Select C Net Acc,2.936,
03/24/2016,JPM US Select C Net Acc,2.922,
03/25/2016,JPM US Select C Net Acc,2.922,
03/26/2016,JPM US Select C Net Acc,2.922,
03/27/2016,JPM US Select C Net Acc,2.922,
03/28/2016,JPM US Select C Net Acc,2.922,
03/29/2016,JPM US Select C Net Acc,2.888,
03/30/2016,JPM US Select C Net Acc,2.887,
03/31/2016,JPM US Select C Net Acc,2.9,
04/01/2016,JPM US Select C Net Acc,2.919,
04/02/2016,JPM US Select C Net Acc,2.919,
04/03/2016,JPM US Select C Net Acc,2.919,
04/04/2016,JPM US Select C Net Acc,2.951,
04/05/2016,JPM US Select C Net Acc,2.945,
04/06/2016,JPM US Select C Net Acc,2.94,
04/07/2016,JPM US Select C Net Acc,2.981,
04/08/2016,JPM US Select C Net Acc,2.939,
04/09/2016,JPM US Select C Net Acc,2.939,
04/10/2016,JPM US Select C Net Acc,2.939,
04/11/2016,JPM US Select C Net Acc,2.914,
04/12/2016,JPM US Select C Net Acc,2.891,
04/13/2016,JPM US Select C Net Acc,2.935,
04/14/2016,JPM US Select C Net Acc,3.004,
04/15/2016,JPM US Select C Net Acc,2.997,
04/16/2016,JPM US Select C Net Acc,2.997,
04/17/2016,JPM US Select C Net Acc,2.997,
04/18/2016,JPM US Select C Net Acc,2.986,
04/19/2016,JPM US Select C Net Acc,2.971,
04/20/2016,JPM US Select C Net Acc,2.978,
04/21/2016,JPM US Select C Net Acc,2.989,
04/22/2016,JPM US Select C Net Acc,2.977,
04/23/2016,JPM US Select C Net Acc,2.977,
04/24/2016,JPM US Select C Net Acc,2.977,
04/25/2016,JPM US Select C Net Acc,2.957,
04/26/2016,JPM US Select C Net Acc,2.926,
04/27/2016,JPM US Select C Net Acc,2.925,
04/28/2016,JPM US Select C Net Acc,2.938,
04/29/2016,JPM US Select C Net Acc,2.892,
04/30/2016,JPM US Select C Net Acc,2.892,
05/01/2016,JPM US Select C Net Acc,2.892,
05/02/2016,JPM US Select C Net Acc,2.892,
05/03/2016,JPM US Select C Net Acc,2.885,
05/04/2016,JPM US Select C Net Acc,2.897,
05/05/2016,JPM US Select C Net Acc,2.879,
05/06/2016,JPM US Select C Net Acc,2.878,
05/07/2016,JPM US Select C Net Acc,2.878,
05/08/2016,JPM US Select C Net Acc,2.878,
05/09/2016,JPM US Select C Net Acc,2.895,
05/10/2016,JPM US Select C Net Acc,2.904,
05/11/2016,JPM US Select C Net Acc,2.945,
05/12/2016,JPM US Select C Net Acc,2.912,
05/13/2016,JPM US Select C Net Acc,2.911,
05/14/2016,JPM US Select C Net Acc,2.911,
05/15/2016,JPM US Select C Net Acc,2.911,
05/16/2016,JPM US Select C Net Acc,2.899,
05/17/2016,JPM US Select C Net Acc,2.903,
05/18/2016,JPM US Select C Net Acc,2.881,
05/19/2016,JPM US Select C Net Acc,2.865,
05/20/2016,JPM US Select C Net Acc,2.858,
05/21/2016,JPM US Select C Net Acc,2.858,
05/22/2016,JPM US Select C Net Acc,2.858,
05/23/2016,JPM US Select C Net Acc,2.906,
05/24/2016,JPM US Select C Net Acc,2.873,
05/25/2016,JPM US Select C Net Acc,2.908,
05/26/2016,JPM US Select C Net Acc,2.922,
05/27/2016,JPM US Select C Net Acc,2.926,
05/28/2016,JPM US Select C Net Acc,2.926,
05/29/2016,JPM US Select C Net Acc,2.926,
05/30/2016,JPM US Select C Net Acc,2.926,
05/31/2016,JPM US Select C Net Acc,2.949,
06/01/2016,JPM US Select C Net Acc,2.985,
06/02/2016,JPM US Select C Net Acc,2.995,
06/03/2016,JPM US Select C Net Acc,3.01,
06/04/2016,JPM US Select C Net Acc,3.01,
06/05/2016,JPM US Select C Net Acc,3.01,
06/06/2016,JPM US Select C Net Acc,2.994,
06/07/2016,JPM US Select C Net Acc,2.966,
06/08/2016,JPM US Select C Net Acc,2.973,
06/09/2016,JPM US Select C Net Acc,3.001,
06/10/2016,JPM US Select C Net Acc,2.999,
06/11/2016,JPM US Select C Net Acc,2.999,
06/12/2016,JPM US Select C Net Acc,2.999,
06/13/2016,JPM US Select C Net Acc,3.02,
06/14/2016,JPM US Select C Net Acc,2.99,
06/15/2016,JPM US Select C Net Acc,2.971,
06/16/2016,JPM US Select C Net Acc,2.982,
06/17/2016,JPM US Select C Net Acc,2.957,
06/18/2016,JPM US Select C Net Acc,2.957,
06/19/2016,JPM US Select C Net Acc,2.957,
06/20/2016,JPM US Select C Net Acc,2.869,
06/21/2016,JPM US Select C Net Acc,2.866,
06/22/2016,JPM US Select C Net Acc,2.887,
06/23/2016,JPM US Select C Net Acc,2.839,
06/24/2016,JPM US Select C Net Acc,3.02,
06/25/2016,JPM US Select C Net Acc,3.02,
06/26/2016,JPM US Select C Net Acc,3.02,
06/27/2016,JPM US Select C Net Acc,3.102,
06/28/2016,JPM US Select C Net Acc,3.001,
06/29/2016,JPM US Select C Net Acc,3.047,
06/30/2016,JPM US Select C Net Acc,3.086,
07/01/2016,JPM US Select C Net Acc,3.172,
07/02/2016,JPM US Select C Net Acc,3.172,
07/03/2016,JPM US Select C Net Acc,3.172,
07/04/2016,JPM US Select C Net Acc,3.187,
07/05/2016,JPM US Select C Net Acc,3.21,
07/06/2016,JPM US Select C Net Acc,3.222,
07/07/2016,JPM US Select C Net Acc,3.229,
07/08/2016,JPM US Select C Net Acc,3.243,
07/09/2016,JPM US Select C Net Acc,3.243,
07/10/2016,JPM US Select C Net Acc,3.243,
07/11/2016,JPM US Select C Net Acc,3.299,
07/12/2016,JPM US Select C Net Acc,3.266,
07/13/2016,JPM US Select C Net Acc,3.264,
07/14/2016,JPM US Select C Net Acc,3.277,
07/15/2016,JPM US Select C Net Acc,3.265,
07/16/2016,JPM US Select C Net Acc,3.265,
07/17/2016,JPM US Select C Net Acc,3.265,
07/18/2016,JPM US Select C Net Acc,3.291,
07/19/2016,JPM US Select C Net Acc,3.319,
07/20/2016,JPM US Select C Net Acc,3.307,
07/21/2016,JPM US Select C Net Acc,3.333,
07/22/2016,JPM US Select C Net Acc,3.341,
07/23/2016,JPM US Select C Net Acc,3.341,
07/24/2016,JPM US Select C Net Acc,3.341,
07/25/2016,JPM US Select C Net Acc,3.349,
07/26/2016,JPM US Select C Net Acc,3.342,
07/27/2016,JPM US Select C Net Acc,3.354,
07/28/2016,JPM US Select C Net Acc,3.346,
07/29/2016,JPM US Select C Net Acc,3.344,
07/30/2016,JPM US Select C Net Acc,3.344,
07/31/2016,JPM US Select C Net Acc,3.344,
08/01/2016,JPM US Select C Net Acc,3.345,
08/02/2016,JPM US Select C Net Acc,3.33,
08/03/2016,JPM US Select C Net Acc,3.273,
08/04/2016,JPM US Select C Net Acc,3.307,
08/05/2016,JPM US Select C Net Acc,3.343,
08/06/2016,JPM US Select C Net Acc,3.343,
08/07/2016,JPM US Select C Net Acc,3.343,
08/08/2016,JPM US Select C Net Acc,3.399,
08/09/2016,JPM US Select C Net Acc,3.416,
08/10/2016,JPM US Select C Net Acc,3.394,
08/11/2016,JPM US Select C Net Acc,3.408,
08/12/2016,JPM US Select C Net Acc,3.428,
08/13/2016,JPM US Select C Net Acc,3.428,
08/14/2016,JPM US Select C Net Acc,3.428,
08/15/2016,JPM US Select C Net Acc,3.432,
08/16/2016,JPM US Select C Net Acc,3.433,
08/17/2016,JPM US Select C Net Acc,3.408,
08/18/2016,JPM US Select C Net Acc,3.375,
08/19/2016,JPM US Select C Net Acc,3.389,
08/20/2016,JPM US Select C Net Acc,3.389,
08/21/2016,JPM US Select C Net Acc,3.389,
08/22/2016,JPM US Select C Net Acc,3.396,
08/23/2016,JPM US Select C Net Acc,3.373,
08/24/2016,JPM US Select C Net Acc,3.366,
08/25/2016,JPM US Select C Net Acc,3.36,
08/26/2016,JPM US Select C Net Acc,3.355,
08/27/2016,JPM US Select C Net Acc,3.355,
08/28/2016,JPM US Select C Net Acc,3.355,
08/29/2016,JPM US Select C Net Acc,3.355,
08/30/2016,JPM US Select C Net Acc,3.401,
08/31/2016,JPM US Select C Net Acc,3.388,
09/01/2016,JPM US Select C Net Acc,3.352,
09/02/2016,JPM US Select C Net Acc,3.348,
09/03/2016,JPM US Select C Net Acc,3.348,
09/04/2016,JPM US Select C Net Acc,3.348,
09/05/2016,JPM US Select C Net Acc,3.343,
09/06/2016,JPM US Select C Net Acc,3.343,
09/07/2016,JPM US Select C Net Acc,3.336,
09/08/2016,JPM US Select C Net Acc,3.337,
09/09/2016,JPM US Select C Net Acc,3.344,
09/10/2016,JPM US Select C Net Acc,3.344,
09/11/2016,JPM US Select C Net Acc,3.344,
09/12/2016,JPM US Select C Net Acc,3.275,
09/13/2016,JPM US Select C Net Acc,3.321,
09/14/2016,JPM US Select C Net Acc,3.289,
09/15/2016,JPM US Select C Net Acc,3.281,
09/16/2016,JPM US Select C Net Acc,3.331,
09/17/2016,JPM US Select C Net Acc,3.331,
09/18/2016,JPM US Select C Net Acc,3.331,
09/19/2016,JPM US Select C Net Acc,3.347,
09/20/2016,JPM US Select C Net Acc,3.369,
09/21/2016,JPM US Select C Net Acc,3.363,
09/22/2016,JPM US Select C Net Acc,3.387,
09/23/2016,JPM US Select C Net Acc,3.428,
09/24/2016,JPM US Select C Net Acc,3.428,
09/25/2016,JPM US Select C Net Acc,3.428,
09/26/2016,JPM US Select C Net Acc,3.418,
09/27/2016,JPM US Select C Net Acc,3.378,
09/28/2016,JPM US Select C Net Acc,3.386,
09/29/2016,JPM US Select C Net Acc,3.41,
09/30/2016,JPM US Select C Net Acc,3.4,
10/01/2016,JPM US Select C Net Acc,3.4,
10/02/2016,JPM US Select C Net Acc,3.4,
10/03/2016,JPM US Select C Net Acc,3.453,
10/04/2016,JPM US Select C Net Acc,3.471,
10/05/2016,JPM US Select C Net Acc,3.474,
10/06/2016,JPM US Select C Net Acc,3.5,
10/07/2016,JPM US Select C Net Acc,3.597,
10/08/2016,JPM US Select C Net Acc,3.597,
10/09/2016,JPM US Select C Net Acc,3.597,
10/10/2016,JPM US Select C Net Acc,3.568,
10/11/2016,JPM US Select C Net Acc,3.637,
10/12/2016,JPM US Select C Net Acc,3.591,
10/13/2016,JPM US Select C Net Acc,3.609,
10/14/2016,JPM US Select C Net Acc,3.586,
10/15/2016,JPM US Select C Net Acc,3.586,
10/16/2016,JPM US Select C Net Acc,3.586,
10/17/2016,JPM US Select C Net Acc,3.61,
10/18/2016,JPM US Select C Net Acc,3.562,
10/19/2016,JPM US Select C Net Acc,3.583,
10/20/2016,JPM US Select C Net Acc,3.61,
10/21/2016,JPM US Select C Net Acc,3.626,
10/22/2016,JPM US Select C Net Acc,3.626,
10/23/2016,JPM US Select C Net Acc,3.626,
10/24/2016,JPM US Select C Net Acc,3.619,
10/25/2016,JPM US Select C Net Acc,3.638,
10/26/2016,JPM US Select C Net Acc,3.623,
10/27/2016,JPM US Select C Net Acc,3.609,
10/28/2016,JPM US Select C Net Acc,3.636,
10/29/2016,JPM US Select C Net Acc,3.636,
10/30/2016,JPM US Select C Net Acc,3.636,
10/31/2016,JPM US Select C Net Acc,3.617,
11/01/2016,JPM US Select C Net Acc,3.595,
11/02/2016,JPM US Select C Net Acc,3.549,
11/03/2016,JPM US Select C Net Acc,3.49,
11/04/2016,JPM US Select C Net Acc,3.455,
11/05/2016,JPM US Select C Net Acc,3.455,
11/06/2016,JPM US Select C Net Acc,3.455,
11/07/2016,JPM US Select C Net Acc,3.475,
11/08/2016,JPM US Select C Net Acc,3.557,
11/09/2016,JPM US Select C Net Acc,3.484,
11/10/2016,JPM US Select C Net Acc,3.619,
11/11/2016,JPM US Select C Net Acc,3.577,
11/12/2016,JPM US Select C Net Acc,3.577,
11/13/2016,JPM US Select C Net Acc,3.577,
11/14/2016,JPM US Select C Net Acc,3.595,
11/15/2016,JPM US Select C Net Acc,3.628,
11/16/2016,JPM US Select C Net Acc,3.656,
11/17/2016,JPM US Select C Net Acc,3.629,
11/18/2016,JPM US Select C Net Acc,3.672,
11/19/2016,JPM US Select C Net Acc,3.672,
11/20/2016,JPM US Select C Net Acc,3.672,
11/21/2016,JPM US Select C Net Acc,3.678,
11/22/2016,JPM US Select C Net Acc,3.69,
11/23/2016,JPM US Select C Net Acc,3.715,
11/24/2016,JPM US Select C Net Acc,3.697,
11/25/2016,JPM US Select C Net Acc,3.7,
11/26/2016,JPM US Select C Net Acc,3.7,
11/27/2016,JPM US Select C Net Acc,3.7,
11/28/2016,JPM US Select C Net Acc,3.725,
11/29/2016,JPM US Select C Net Acc,3.677,
11/30/2016,JPM US Select C Net Acc,3.694,
12/01/2016,JPM US Select C Net Acc,3.648,
12/02/2016,JPM US Select C Net Acc,3.634,
12/03/2016,JPM US Select C Net Acc,3.634,
12/04/2016,JPM US Select C Net Acc,3.634,
12/05/2016,JPM US Select C Net Acc,3.596,
12/06/2016,JPM US Select C Net Acc,3.605,
12/07/2016,JPM US Select C Net Acc,3.664,
12/08/2016,JPM US Select C Net Acc,3.687,
12/09/2016,JPM US Select C Net Acc,3.723,
12/10/2016,JPM US Select C Net Acc,3.723,
12/11/2016,JPM US Select C Net Acc,3.723,
12/12/2016,JPM US Select C Net Acc,3.739,
12/13/2016,JPM US Select C Net Acc,3.7,
12/14/2016,JPM US Select C Net Acc,3.742,
12/15/2016,JPM US Select C Net Acc,3.769,
12/16/2016,JPM US Select C Net Acc,3.805,
12/17/2016,JPM US Select C Net Acc,3.805,
12/18/2016,JPM US Select C Net Acc,3.805,
12/19/2016,JPM US Select C Net Acc,3.799,
12/20/2016,JPM US Select C Net Acc,3.825,
12/21/2016,JPM US Select C Net Acc,3.835,
12/22/2016,JPM US Select C Net Acc,3.835,
12/23/2016,JPM US Select C Net Acc,3.851,
12/24/2016,JPM US Select C Net Acc,3.851,
12/25/2016,JPM US Select C Net Acc,3.851,
12/26/2016,JPM US Select C Net Acc,3.851,
12/27/2016,JPM US Select C Net Acc,3.851,
12/28/2016,JPM US Select C Net Acc,3.875,
12/29/2016,JPM US Select C Net Acc,3.834,
12/30/2016,JPM US Select C Net Acc,3.816,
12/31/2016,JPM US Select C Net Acc,3.816,
01/01/2017,JPM US Select C Net Acc,3.816,
01/02/2017,JPM US Select C Net Acc,3.816,
01/03/2017,JPM US Select C Net Acc,3.804,
01/04/2017,JPM US Select C Net Acc,3.833,
01/05/2017,JPM US Select C Net Acc,3.852,
01/06/2017,JPM US Select C Net Acc,3.829,
01/07/2017,JPM US Select C Net Acc,3.829,
01/08/2017,JPM US Select C Net Acc,3.829,
01/09/2017,JPM US Select C Net Acc,3.912,
01/10/2017,JPM US Select C Net Acc,3.906,
01/11/2017,JPM US Select C Net Acc,3.919,
01/12/2017,JPM US Select C Net Acc,3.882,
01/13/2017,JPM US Select C Net Acc,3.902,
01/14/2017,JPM US Select C Net Acc,3.902,
01/15/2017,JPM US Select C Net Acc,3.902,
01/16/2017,JPM US Select C Net Acc,3.952,
01/17/2017,JPM US Select C Net Acc,3.903,
01/18/2017,JPM US Select C Net Acc,3.86,
01/19/2017,JPM US Select C Net Acc,3.858,
01/20/2017,JPM US Select C Net Acc,3.854,
01/21/2017,JPM US Select C Net Acc,3.854,
01/22/2017,JPM US Select C Net Acc,3.854,
01/23/2017,JPM US Select C Net Acc,3.817,
01/24/2017,JPM US Select C Net Acc,3.805,
01/25/2017,JPM US Select C Net Acc,3.794,
01/26/2017,JPM US Select C Net Acc,3.826,
01/27/2017,JPM US Select C Net Acc,3.844,
01/28/2017,JPM US Select C Net Acc,3.844,
01/29/2017,JPM US Select C Net Acc,3.844,
01/30/2017,JPM US Select C Net Acc,3.845,
01/31/2017,JPM US Select C Net Acc,3.833,
02/01/2017,JPM US Select C Net Acc,3.77,
02/02/2017,JPM US Select C Net Acc,3.771,
02/03/2017,JPM US Select C Net Acc,3.829,
02/04/2017,JPM US Select C Net Acc,3.829,
02/05/2017,JPM US Select C Net Acc,3.829,
02/06/2017,JPM US Select C Net Acc,3.862,
02/07/2017,JPM US Select C Net Acc,3.886,
02/08/2017,JPM US Select C Net Acc,3.841,
02/09/2017,JPM US Select C Net Acc,3.824,
02/10/2017,JPM US Select C Net Acc,3.887,
02/11/2017,JPM US Select C Net Acc,3.887,
02/12/2017,JPM US Select C Net Acc,3.887,
02/13/2017,JPM US Select C Net Acc,3.877,
02/14/2017,JPM US Select C Net Acc,3.921,
02/15/2017,JPM US Select C Net Acc,3.957,
02/16/2017,JPM US Select C Net Acc,3.955,
02/17/2017,JPM US Select C Net Acc,3.974,
02/18/2017,JPM US Select C Net Acc,3.974,
02/19/2017,JPM US Select C Net Acc,3.974,
02/20/2017,JPM US Select C Net Acc,3.954,
02/21/2017,JPM US Select C Net Acc,3.971,
02/22/2017,JPM US Select C Net Acc,3.987,
02/23/2017,JPM US Select C Net Acc,3.967,
02/24/2017,JPM US Select C Net Acc,3.94,
02/25/2017,JPM US Select C Net Acc,3.94,
02/26/2017,JPM US Select C Net Acc,3.94,
02/27/2017,JPM US Select C Net Acc,3.984,
02/28/2017,JPM US Select C Net Acc,3.985,
03/01/2017,JPM US Select C Net Acc,4.012,
03/02/2017,JPM US Select C Net Acc,4.085,
03/03/2017,JPM US Select C Net Acc,4.074,
03/04/2017,JPM US Select C Net Acc,4.074,
03/05/2017,JPM US Select C Net Acc,4.074,
03/06/2017,JPM US Select C Net Acc,4.071,
03/07/2017,JPM US Select C Net Acc,4.082,
03/08/2017,JPM US Select C Net Acc,4.085,
03/09/2017,JPM US Select C Net Acc,4.076,
03/10/2017,JPM US Select C Net Acc,4.085,
03/11/2017,JPM US Select C Net Acc,4.085,
03/12/2017,JPM US Select C Net Acc,4.085,
03/13/2017,JPM US Select C Net Acc,4.069,
03/14/2017,JPM US Select C Net Acc,4.105,
03/15/2017,JPM US Select C Net Acc,4.068,
03/16/2017,JPM US Select C Net Acc,4.076,
03/17/2017,JPM US Select C Net Acc,4.036,
03/18/2017,JPM US Select C Net Acc,4.036,
03/19/2017,JPM US Select C Net Acc,4.036,
03/20/2017,JPM US Select C Net Acc,4.024,
03/21/2017,JPM US Select C Net Acc,3.986,
03/22/2017,JPM US Select C Net Acc,3.93,
03/23/2017,JPM US Select C Net Acc,3.927,
03/24/2017,JPM US Select C Net Acc,3.923,
03/25/2017,JPM US Select C Net Acc,3.923,
03/26/2017,JPM US Select C Net Acc,3.923,
03/27/2017,JPM US Select C Net Acc,3.891,
03/28/2017,JPM US Select C Net Acc,3.894,
03/29/2017,JPM US Select C Net Acc,3.97,
03/30/2017,JPM US Select C Net Acc,3.974,
03/31/2017,JPM US Select C Net Acc,3.985,
04/01/2017,JPM US Select C Net Acc,3.985,
04/02/2017,JPM US Select C Net Acc,3.985,
04/03/2017,JPM US Select C Net Acc,3.961,
04/04/2017,JPM US Select C Net Acc,3.975,
04/05/2017,JPM US Select C Net Acc,3.97,
04/06/2017,JPM US Select C Net Acc,3.962,
04/07/2017,JPM US Select C Net Acc,3.984,
04/08/2017,JPM US Select C Net Acc,3.984,
04/09/2017,JPM US Select C Net Acc,3.984,
04/10/2017,JPM US Select C Net Acc,3.984,
04/11/2017,JPM US Select C Net Acc,3.98,
04/12/2017,JPM US Select C Net Acc,3.951,
04/13/2017,JPM US Select C Net Acc,3.919,
04/14/2017,JPM US Select C Net Acc,3.919,
04/15/2017,JPM US Select C Net Acc,3.919,
04/16/2017,JPM US Select C Net Acc,3.919,
04/17/2017,JPM US Select C Net Acc,3.919,
04/18/2017,JPM US Select C Net Acc,3.89,
04/19/2017,JPM US Select C Net Acc,3.823,
04/20/2017,JPM US Select C Net Acc,3.828,
04/21/2017,JPM US Select C Net Acc,3.867,
04/22/2017,JPM US Select C Net Acc,3.867,
04/23/2017,JPM US Select C Net Acc,3.867,
04/24/2017,JPM US Select C Net Acc,3.851,
04/25/2017,JPM US Select C Net Acc,3.894,
04/26/2017,JPM US Select C Net Acc,3.919,
04/27/2017,JPM US Select C Net Acc,3.891,
04/28/2017,JPM US Select C Net Acc,3.877,
04/29/2017,JPM US Select C Net Acc,3.877,
04/30/2017,JPM US Select C Net Acc,3.877,
05/01/2017,JPM US Select C Net Acc,3.877,
05/02/2017,JPM US Select C Net Acc,3.885,
05/03/2017,JPM US Select C Net Acc,3.887,
05/04/2017,JPM US Select C Net Acc,3.896,
05/05/2017,JPM US Select C Net Acc,3.881,
05/06/2017,JPM US Select C Net Acc,3.881,
05/07/2017,JPM US Select C Net Acc,3.881,
05/08/2017,JPM US Select C Net Acc,3.889,
05/09/2017,JPM US Select C Net Acc,3.903,
05/10/2017,JPM US Select C Net Acc,3.896,
05/11/2017,JPM US Select C Net Acc,3.909,
05/12/2017,JPM US Select C Net Acc,3.921,
05/13/2017,JPM US Select C Net Acc,3.921,
05/14/2017,JPM US Select C Net Acc,3.921,
05/15/2017,JPM US Select C Net Acc,3.893,
05/16/2017,JPM US Select C Net Acc,3.922,
05/17/2017,JPM US Select C Net Acc,3.895,
05/18/2017,JPM US Select C Net Acc,3.798,
05/19/2017,JPM US Select C Net Acc,3.823,
05/20/2017,JPM US Select C Net Acc,3.823,
05/21/2017,JPM US Select C Net Acc,3.823,
05/22/2017,JPM US Select C Net Acc,3.855,
05/23/2017,JPM US Select C Net Acc,3.88,
05/24/2017,JPM US Select C Net Acc,3.89,
05/25/2017,JPM US Select C Net Acc,3.902,
05/26/2017,JPM US Select C Net Acc,3.955,
05/27/2017,JPM US Select C Net Acc,3.955,
05/28/2017,JPM US Select C Net Acc,3.955,
05/29/2017,JPM US Select C Net Acc,3.955,
05/30/2017,JPM US Select C Net Acc,3.957,
05/31/2017,JPM US Select C Net Acc,3.957,
06/01/2017,JPM US Select C Net Acc,3.947,
06/02/2017,JPM US Select C Net Acc,3.971,
06/03/2017,JPM US Select C Net Acc,3.971,
06/04/2017,JPM US Select C Net Acc,3.971,
06/05/2017,JPM US Select C Net Acc,3.968,
06/06/2017,JPM US Select C Net Acc,3.96,
06/07/2017,JPM US Select C Net Acc,3.952,
06/08/2017,JPM US Select C Net Acc,3.944,
06/09/2017,JPM US Select C Net Acc,4.002,
06/10/2017,JPM US Select C Net Acc,4.002,
06/11/2017,JPM US Select C Net Acc,4.002,
06/12/2017,JPM US Select C Net Acc,4.014,
06/13/2017,JPM US Select C Net Acc,3.994,
06/14/2017,JPM US Select C Net Acc,4.017,
06/15/2017,JPM US Select C Net Acc,4.018,
06/16/2017,JPM US Select C Net Acc,3.973,
06/17/2017,JPM US Select C Net Acc,3.973,
06/18/2017,JPM US Select C Net Acc,3.973,
06/19/2017,JPM US Select C Net Acc,3.966,
06/20/2017,JPM US Select C Net Acc,4.042,
06/21/2017,JPM US Select C Net Acc,4.018,
06/22/2017,JPM US Select C Net Acc,4.01,
06/23/2017,JPM US Select C Net Acc,3.979,
06/24/2017,JPM US Select C Net Acc,3.979,
06/25/2017,JPM US Select C Net Acc,3.979,
06/26/2017,JPM US Select C Net Acc,3.985,
06/27/2017,JPM US Select C Net Acc,3.976,
06/28/2017,JPM US Select C Net Acc,3.924,
06/29/2017,JPM US Select C Net Acc,3.919,
06/30/2017,JPM US Select C Net Acc,3.889,
07/01/2017,JPM US Select C Net Acc,3.889,
07/02/2017,JPM US Select C Net Acc,3.889,
07/03/2017,JPM US Select C Net Acc,3.902,
07/04/2017,JPM US Select C Net Acc,3.919,
07/05/2017,JPM US Select C Net Acc,3.928,
07/06/2017,JPM US Select C Net Acc,3.919,
07/07/2017,JPM US Select C Net Acc,3.907,
07/08/2017,JPM US Select C Net Acc,3.907,
07/09/2017,JPM US Select C Net Acc,3.907,
07/10/2017,JPM US Select C Net Acc,3.939,
07/11/2017,JPM US Select C Net Acc,3.939,
07/12/2017,JPM US Select C Net Acc,3.951,
07/13/2017,JPM US Select C Net Acc,3.958,
07/14/2017,JPM US Select C Net Acc,3.952,
07/15/2017,JPM US Select C Net Acc,3.952,
07/16/2017,JPM US Select C Net Acc,3.952,
07/17/2017,JPM US Select C Net Acc,3.94,
07/18/2017,JPM US Select C Net Acc,3.952,
07/19/2017,JPM US Select C Net Acc,3.947,
07/20/2017,JPM US Select C Net Acc,4.007,
07/21/2017,JPM US Select C Net Acc,3.981,
07/22/2017,JPM US Select C Net Acc,3.981,
07/23/2017,JPM US Select C Net Acc,3.981,
07/24/2017,JPM US Select C Net Acc,3.963,
07/25/2017,JPM US Select C Net Acc,3.964,
07/26/2017,JPM US Select C Net Acc,3.968,
07/27/2017,JPM US Select C Net Acc,3.938,
07/28/2017,JPM US Select C Net Acc,3.95,
07/29/2017,JPM US Select C Net Acc,3.95,
07/30/2017,JPM US Select C Net Acc,3.95,
07/31/2017,JPM US Select C Net Acc,3.935,
08/01/2017,JPM US Select C Net Acc,3.907,
08/02/2017,JPM US Select C Net Acc,3.909,
08/03/2017,JPM US Select C Net Acc,3.906,
08/04/2017,JPM US Select C Net Acc,3.917,
08/05/2017,JPM US Select C Net Acc,3.917,
08/06/2017,JPM US Select C Net Acc,3.917,
08/07/2017,JPM US Select C Net Acc,3.958,
08/08/2017,JPM US Select C Net Acc,3.966,
08/09/2017,JPM US Select C Net Acc,3.976,
08/10/2017,JPM US Select C Net Acc,3.97,
08/11/2017,JPM US Select C Net Acc,3.919,
08/12/2017,JPM US Select C Net Acc,3.919,
08/13/2017,JPM US Select C Net Acc,3.919,
08/14/2017,JPM US Select C Net Acc,3.93,
08/15/2017,JPM US Select C Net Acc,3.988,
08/16/2017,JPM US Select C Net Acc,3.99,
08/17/2017,JPM US Select C Net Acc,3.997,
08/18/2017,JPM US Select C Net Acc,3.923,
08/19/2017,JPM US Select C Net Acc,3.923,
08/20/2017,JPM US Select C Net Acc,3.923,
08/21/2017,JPM US Select C Net Acc,3.913,
08/22/2017,JPM US Select C Net Acc,3.934,
08/23/2017,JPM US Select C Net Acc,3.985,
08/24/2017,JPM US Select C Net Acc,3.966,
08/25/2017,JPM US Select C Net Acc,3.951,
08/26/2017,JPM US Select C Net Acc,3.951,
08/27/2017,JPM US Select C Net Acc,3.951,
08/28/2017,JPM US Select C Net Acc,3.951,
08/29/2017,JPM US Select C Net Acc,3.922,
08/30/2017,JPM US Select C Net Acc,3.934,
08/31/2017,JPM US Select C Net Acc,3.973,
09/01/2017,JPM US Select C Net Acc,3.981,
09/02/2017,JPM US Select C Net Acc,3.981,
09/03/2017,JPM US Select C Net Acc,3.981,
09/04/2017,JPM US Select C Net Acc,3.983,
09/05/2017,JPM US Select C Net Acc,3.981,
09/06/2017,JPM US Select C Net Acc,3.924,
09/07/2017,JPM US Select C Net Acc,3.923,
09/08/2017,JPM US Select C Net Acc,3.886,
09/09/2017,JPM US Select C Net Acc,3.886,
09/10/2017,JPM US Select C Net Acc,3.886,
09/11/2017,JPM US Select C Net Acc,3.872,
09/12/2017,JPM US Select C Net Acc,3.891,
09/13/2017,JPM US Select C Net Acc,3.912,
09/14/2017,JPM US Select C Net Acc,3.938,
09/15/2017,JPM US Select C Net Acc,3.825,
09/16/2017,JPM US Select C Net Acc,3.825,
09/17/2017,JPM US Select C Net Acc,3.825,
09/18/2017,JPM US Select C Net Acc,3.844,
09/19/2017,JPM US Select C Net Acc,3.866,
09/20/2017,JPM US Select C Net Acc,3.857,
09/21/2017,JPM US Select C Net Acc,3.879,
09/22/2017,JPM US Select C Net Acc,3.852,
09/23/2017,JPM US Select C Net Acc,3.852,
09/24/2017,JPM US Select C Net Acc,3.852,
09/25/2017,JPM US Select C Net Acc,3.871,
09/26/2017,JPM US Select C Net Acc,3.876,
09/27/2017,JPM US Select C Net Acc,3.882,
09/28/2017,JPM US Select C Net Acc,3.907,
09/29/2017,JPM US Select C Net Acc,3.92,
09/30/2017,JPM US Select C Net Acc,3.92,
10/01/2017,JPM US Select C Net Acc,3.92,
10/02/2017,JPM US Select C Net Acc,3.956,
10/03/2017,JPM US Select C Net Acc,3.99,
10/04/2017,JPM US Select C Net Acc,3.991,
10/05/2017,JPM US Select C Net Acc,4.025,
10/06/2017,JPM US Select C Net Acc,4.084,
10/07/2017,JPM US Select C Net Acc,4.084,
10/08/2017,JPM US Select C Net Acc,4.084,
10/09/2017,JPM US Select C Net Acc,4.055,
10/10/2017,JPM US Select C Net Acc,4.038,
10/11/2017,JPM US Select C Net Acc,4.043,
10/12/2017,JPM US Select C Net Acc,4.053,
10/13/2017,JPM US Select C Net Acc,4.008,
10/14/2017,JPM US Select C Net Acc,4.008,
10/15/2017,JPM US Select C Net Acc,4.008,
10/16/2017,JPM US Select C Net Acc,4.006,
10/17/2017,JPM US Select C Net Acc,4.038,
10/18/2017,JPM US Select C Net Acc,4.05,
10/19/2017,JPM US Select C Net Acc,4.06,
10/20/2017,JPM US Select C Net Acc,4.058,
10/21/2017,JPM US Select C Net Acc,4.058,
10/22/2017,JPM US Select C Net Acc,4.058,
10/23/2017,JPM US Select C Net Acc,4.086,
10/24/2017,JPM US Select C Net Acc,4.067,
10/25/2017,JPM US Select C Net Acc,4.057,
10/26/2017,JPM US Select C Net Acc,4.05,
10/27/2017,JPM US Select C Net Acc,4.092,
10/28/2017,JPM US Select C Net Acc,4.092,
10/29/2017,JPM US Select C Net Acc,4.092,
10/30/2017,JPM US Select C Net Acc,4.107,
10/31/2017,JPM US Select C Net Acc,4.085,
11/01/2017,JPM US Select C Net Acc,4.066,
11/02/2017,JPM US Select C Net Acc,4.097,
11/03/2017,JPM US Select C Net Acc,4.141,
11/04/2017,JPM US Select C Net Acc,4.141,
11/05/2017,JPM US Select C Net Acc,4.141,
11/06/2017,JPM US Select C Net Acc,4.151,
11/07/2017,JPM US Select C Net Acc,4.155,
11/08/2017,JPM US Select C Net Acc,4.155,
11/09/2017,JPM US Select C Net Acc,4.155,
11/10/2017,JPM US Select C Net Acc,4.131,
11/11/2017,JPM US Select C Net Acc,4.131,
11/12/2017,JPM US Select C Net Acc,4.131,
11/13/2017,JPM US Select C Net Acc,4.148,
11/14/2017,JPM US Select C Net Acc,4.143,
11/15/2017,JPM US Select C Net Acc,4.114,
11/16/2017,JPM US Select C Net Acc,4.087,
11/17/2017,JPM US Select C Net Acc,4.112,
11/18/2017,JPM US Select C Net Acc,4.112,
11/19/2017,JPM US Select C Net Acc,4.112,
11/20/2017,JPM US Select C Net Acc,4.087,
11/21/2017,JPM US Select C Net Acc,4.099,
11/22/2017,JPM US Select C Net Acc,4.119,
11/23/2017,JPM US Select C Net Acc,4.094,
11/24/2017,JPM US Select C Net Acc,4.094,
11/25/2017,JPM US Select C Net Acc,4.094,
11/26/2017,JPM US Select C Net Acc,4.094,
11/27/2017,JPM US Select C Net Acc,4.093,
11/28/2017,JPM US Select C Net Acc,4.105,
11/29/2017,JPM US Select C Net Acc,4.108,
11/30/2017,JPM US Select C Net Acc,4.097,
12/01/2017,JPM US Select C Net Acc,4.112,
12/02/2017,JPM US Select C Net Acc,4.112,
12/03/2017,JPM US Select C Net Acc,4.112,
12/04/2017,JPM US Select C Net Acc,4.099,
12/05/2017,JPM US Select C Net Acc,4.123,
12/06/2017,JPM US Select C Net Acc,4.122,
12/07/2017,JPM US Select C Net Acc,4.129,
12/08/2017,JPM US Select C Net Acc,4.106,
12/09/2017,JPM US Select C Net Acc,4.106,
12/10/2017,JPM US Select C Net Acc,4.106,
12/11/2017,JPM US Select C Net Acc,4.159,
12/12/2017,JPM US Select C Net Acc,4.183,
12/13/2017,JPM US Select C Net Acc,4.186,
12/14/2017,JPM US Select C Net Acc,4.153,
12/15/2017,JPM US Select C Net Acc,4.151,
12/16/2017,JPM US Select C Net Acc,4.151,
12/17/2017,JPM US Select C Net Acc,4.151,
12/18/2017,JPM US Select C Net Acc,4.194,
12/19/2017,JPM US Select C Net Acc,4.218,
12/20/2017,JPM US Select C Net Acc,4.202,
12/21/2017,JPM US Select C Net Acc,4.212,
12/22/2017,JPM US Select C Net Acc,4.22,
12/23/2017,JPM US Select C Net Acc,4.22,
12/24/2017,JPM US Select C Net Acc,4.22,
12/25/2017,JPM US Select C Net Acc,4.22,
12/26/2017,JPM US Select C Net Acc,4.22,
12/27/2017,JPM US Select C Net Acc,4.205,
12/28/2017,JPM US Select C Net Acc,4.2,
12/29/2017,JPM US Select C Net Acc,4.187,
12/30/2017,JPM US Select C Net Acc,4.187,
12/31/2017,JPM US Select C Net Acc,4.187,
01/01/2018,JPM US Select C Net Acc,4.187,
01/02/2018,JPM US Select C Net Acc,4.156,
01/03/2018,JPM US Select C Net Acc,4.188,
01/04/2018,JPM US Select C Net Acc,4.22,
01/05/2018,JPM US Select C Net Acc,4.244,
01/06/2018,JPM US Select C Net Acc,4.244,
01/07/2018,JPM US Select C Net Acc,4.244,
01/08/2018,JPM US Select C Net Acc,4.277,
01/09/2018,JPM US Select C Net Acc,4.281,
01/10/2018,JPM US Select C Net Acc,4.291,
01/11/2018,JPM US Select C Net Acc,4.313,
01/12/2018,JPM US Select C Net Acc,4.288,
01/13/2018,JPM US Select C Net Acc,4.288,
01/14/2018,JPM US Select C Net Acc,4.288,
01/15/2018,JPM US Select C Net Acc,4.279,
01/16/2018,JPM US Select C Net Acc,4.287,
01/17/2018,JPM US Select C Net Acc,4.256,
01/18/2018,JPM US Select C Net Acc,4.268,
01/19/2018,JPM US Select C Net Acc,4.263,
01/20/2018,JPM US Select C Net Acc,4.263,
01/21/2018,JPM US Select C Net Acc,4.263,
01/22/2018,JPM US Select C Net Acc,4.282,
01/23/2018,JPM US Select C Net Acc,4.303,
01/24/2018,JPM US Select C Net Acc,4.253,
01/25/2018,JPM US Select C Net Acc,4.213,
01/26/2018,JPM US Select C Net Acc,4.212,
01/27/2018,JPM US Select C Net Acc,4.212,
01/28/2018,JPM US Select C Net Acc,4.212,
01/29/2018,JPM US Select C Net Acc,4.32,
01/30/2018,JPM US Select C Net Acc,4.278,
01/31/2018,JPM US Select C Net Acc,4.217,
02/01/2018,JPM US Select C Net Acc,4.2,
02/02/2018,JPM US Select C Net Acc,4.2,
02/03/2018,JPM US Select C Net Acc,4.2,
02/04/2018,JPM US Select C Net Acc,4.2,
02/05/2018,JPM US Select C Net Acc,4.16,
02/06/2018,JPM US Select C Net Acc,3.927,
02/07/2018,JPM US Select C Net Acc,4.114,
02/08/2018,JPM US Select C Net Acc,4.085,
02/09/2018,JPM US Select C Net Acc,3.94,
02/10/2018,JPM US Select C Net Acc,3.94,
02/11/2018,JPM US Select C Net Acc,3.94,
02/12/2018,JPM US Select C Net Acc,3.993,
02/13/2018,JPM US Select C Net Acc,4.035,
02/14/2018,JPM US Select C Net Acc,4.059,
02/15/2018,JPM US Select C Net Acc,4.064,
02/16/2018,JPM US Select C Net Acc,4.104,
02/17/2018,JPM US Select C Net Acc,4.104,
02/18/2018,JPM US Select C Net Acc,4.104,
02/19/2018,JPM US Select C Net Acc,4.115,
02/20/2018,JPM US Select C Net Acc,4.126,
02/21/2018,JPM US Select C Net Acc,4.124,
02/22/2018,JPM US Select C Net Acc,4.121,
02/23/2018,JPM US Select C Net Acc,4.094,
02/24/2018,JPM US Select C Net Acc,4.094,
02/25/2018,JPM US Select C Net Acc,4.094,
02/26/2018,JPM US Select C Net Acc,4.137,
02/27/2018,JPM US Select C Net Acc,4.211,
02/28/2018,JPM US Select C Net Acc,4.183,
03/01/2018,JPM US Select C Net Acc,4.164,
03/02/2018,JPM US Select C Net Acc,4.092,
03/03/2018,JPM US Select C Net Acc,4.092,
03/04/2018,JPM US Select C Net Acc,4.092,
03/05/2018,JPM US Select C Net Acc,4.107,
03/06/2018,JPM US Select C Net Acc,4.13,
03/07/2018,JPM US Select C Net Acc,4.151,
03/08/2018,JPM US Select C Net Acc,4.149,
03/09/2018,JPM US Select C Net Acc,4.172,
03/10/2018,JPM US Select C Net Acc,4.172,
03/11/2018,JPM US Select C Net Acc,4.172,
03/12/2018,JPM US Select C Net Acc,4.238,
03/13/2018,JPM US Select C Net Acc,4.222,
03/14/2018,JPM US Select C Net Acc,4.168,
03/15/2018,JPM US Select C Net Acc,4.155,
03/16/2018,JPM US Select C Net Acc,4.142,
03/17/2018,JPM US Select C Net Acc,4.142,
03/18/2018,JPM US Select C Net Acc,4.142,
03/19/2018,JPM US Select C Net Acc,4.123,
03/20/2018,JPM US Select C Net Acc,4.079,
03/21/2018,JPM US Select C Net Acc,4.076,
03/22/2018,JPM US Select C Net Acc,4.042,
03/23/2018,JPM US Select C Net Acc,3.949,
03/24/2018,JPM US Select C Net Acc,3.949,
03/25/2018,JPM US Select C Net Acc,3.949,
03/26/2018,JPM US Select C Net Acc,3.838,
03/27/2018,JPM US Select C Net Acc,3.98,
03/28/2018,JPM US Select C Net Acc,3.895,
03/29/2018,JPM US Select C Net Acc,3.905,
03/30/2018,JPM US Select C Net Acc,3.905,
03/31/2018,JPM US Select C Net Acc,3.905,
04/01/2018,JPM US Select C Net Acc,3.905,
04/02/2018,JPM US Select C Net Acc,3.905,
04/03/2018,JPM US Select C Net Acc,3.877,
04/04/2018,JPM US Select C Net Acc,3.864,
04/05/2018,JPM US Select C Net Acc,3.966,
04/06/2018,JPM US Select C Net Acc,4.005,
04/07/2018,JPM US Select C Net Acc,4.005,
04/08/2018,JPM US Select C Net Acc,4.005,
04/09/2018,JPM US Select C Net Acc,3.885,
04/10/2018,JPM US Select C Net Acc,3.883,
04/11/2018,JPM US Select C Net Acc,3.937,
04/12/2018,JPM US Select C Net Acc,3.916,
04/13/2018,JPM US Select C Net Acc,3.929,
04/14/2018,JPM US Select C Net Acc,3.929,
04/15/2018,JPM US Select C Net Acc,3.929,
04/16/2018,JPM US Select C Net Acc,3.914,
04/17/2018,JPM US Select C Net Acc,3.937,
04/18/2018,JPM US Select C Net Acc,4.008,
04/19/2018,JPM US Select C Net Acc,4.008,
04/20/2018,JPM US Select C Net Acc,4.032,
04/21/2018,JPM US Select C Net Acc,4.032,
04/22/2018,JPM US Select C Net Acc,4.032,
04/23/2018,JPM US Select C Net Acc,4.034,
04/24/2018,JPM US Select C Net Acc,4.037,
04/25/2018,JPM US Select C Net Acc,3.976,
04/26/2018,JPM US Select C Net Acc,3.985,
04/27/2018,JPM US Select C Net Acc,4.084,
04/28/2018,JPM US Select C Net Acc,4.084,
04/29/2018,JPM US Select C Net Acc,4.084,
04/30/2018,JPM US Select C Net Acc,4.101,
05/01/2018,JPM US Select C Net Acc,4.084,
05/02/2018,JPM US Select C Net Acc,4.094,
05/03/2018,JPM US Select C Net Acc,4.082,
05/04/2018,JPM US Select C Net Acc,4.074,
05/05/2018,JPM US Select C Net Acc,4.074,
05/06/2018,JPM US Select C Net Acc,4.074,
05/07/2018,JPM US Select C Net Acc,4.074,
05/08/2018,JPM US Select C Net Acc,4.167,
05/09/2018,JPM US Select C Net Acc,4.156,
05/10/2018,JPM US Select C Net Acc,4.188,
05/11/2018,JPM US Select C Net Acc,4.232,
05/12/2018,JPM US Select C Net Acc,4.232,
05/13/2018,JPM US Select C Net Acc,4.232,
05/14/2018,JPM US Select C Net Acc,4.236,
05/15/2018,JPM US Select C Net Acc,4.258,
05/16/2018,JPM US Select C Net Acc,4.251,
05/17/2018,JPM US Select C Net Acc,4.261,
05/18/2018,JPM US Select C Net Acc,4.27,
05/19/2018,JPM US Select C Net Acc,4.27,
05/20/2018,JPM US Select C Net Acc,4.27,
05/21/2018,JPM US Select C Net Acc,4.286,
05/22/2018,JPM US Select C Net Acc,4.3,
05/23/2018,JPM US Select C Net Acc,4.311,
05/24/2018,JPM US Select C Net Acc,4.303,
05/25/2018,JPM US Select C Net Acc,4.315,
05/26/2018,JPM US Select C Net Acc,4.315,
05/27/2018,JPM US Select C Net Acc,4.315,
05/28/2018,JPM US Select C Net Acc,4.315,
05/29/2018,JPM US Select C Net Acc,4.337,
05/30/2018,JPM US Select C Net Acc,4.274,
05/31/2018,JPM US Select C Net Acc,4.312,
06/01/2018,JPM US Select C Net Acc,4.286,
06/02/2018,JPM US Select C Net Acc,4.286,
06/03/2018,JPM US Select C Net Acc,4.286,
06/04/2018,JPM US Select C Net Acc,4.31,
06/05/2018,JPM US Select C Net Acc,4.341,
06/06/2018,JPM US Select C Net Acc,4.319,
06/07/2018,JPM US Select C Net Acc,4.348,
06/08/2018,JPM US Select C Net Acc,4.365,
06/09/2018,JPM US Select C Net Acc,4.365,
06/10/2018,JPM US Select C Net Acc,4.365,
06/11/2018,JPM US Select C Net Acc,4.389,
06/12/2018,JPM US Select C Net Acc,4.388,
06/13/2018,JPM US Select C Net Acc,4.417,
06/14/2018,JPM US Select C Net Acc,4.368,
06/15/2018,JPM US Select C Net Acc,4.426,
06/16/2018,JPM US Select C Net Acc,4.426,
06/17/2018,JPM US Select C Net Acc,4.426,
06/18/2018,JPM US Select C Net Acc,4.431,
06/19/2018,JPM US Select C Net Acc,4.455,
06/20/2018,JPM US Select C Net Acc,4.439,
06/21/2018,JPM US Select C Net Acc,4.459,
06/22/2018,JPM US Select C Net Acc,4.369,
06/23/2018,JPM US Select C Net Acc,4.369,
06/24/2018,JPM US Select C Net Acc,4.369,
06/25/2018,JPM US Select C Net Acc,4.39,
06/26/2018,JPM US Select C Net Acc,4.333,
06/27/2018,JPM US Select C Net Acc,4.353,
06/28/2018,JPM US Select C Net Acc,4.351,
06/29/2018,JPM US Select C Net Acc,4.364,
06/30/2018,JPM US Select C Net Acc,4.364,
07/01/2018,JPM US Select C Net Acc,4.364,
07/02/2018,JPM US Select C Net Acc,4.358,
07/03/2018,JPM US Select C Net Acc,4.369,
07/04/2018,JPM US Select C Net Acc,4.337,
07/05/2018,JPM US Select C Net Acc,4.326,
07/06/2018,JPM US Select C Net Acc,4.368,
07/07/2018,JPM US Select C Net Acc,4.368,
07/08/2018,JPM US Select C Net Acc,4.368,
07/09/2018,JPM US Select C Net Acc,4.377,
07/10/2018,JPM US Select C Net Acc,4.457,
07/11/2018,JPM US Select C Net Acc,4.465,
07/12/2018,JPM US Select C Net Acc,4.449,
07/13/2018,JPM US Select C Net Acc,4.509,
07/14/2018,JPM US Select C Net Acc,4.509,
07/15/2018,JPM US Select C Net Acc,4.509,
07/16/2018,JPM US Select C Net Acc,4.463,
07/17/2018,JPM US Select C Net Acc,4.472,
07/18/2018,JPM US Select C Net Acc,4.572,
07/19/2018,JPM US Select C Net Acc,4.595,
07/20/2018,JPM US Select C Net Acc,4.559,
07/21/2018,JPM US Select C Net Acc,4.559,
07/22/2018,JPM US Select C Net Acc,4.559,
07/23/2018,JPM US Select C Net Acc,4.521,
07/24/2018,JPM US Select C Net Acc,4.533,
07/25/2018,JPM US Select C Net Acc,4.546,
07/26/2018,JPM US Select C Net Acc,4.583,
07/27/2018,JPM US Select C Net Acc,4.608,
07/28/2018,JPM US Select C Net Acc,4.608,
07/29/2018,JPM US Select C Net Acc,4.608,
07/30/2018,JPM US Select C Net Acc,4.578,
07/31/2018,JPM US Select C Net Acc,4.533,
08/01/2018,JPM US Select C Net Acc,4.565,
08/02/2018,JPM US Select C Net Acc,4.58,
08/03/2018,JPM US Select C Net Acc,4.631,
08/04/2018,JPM US Select C Net Acc,4.631,
08/05/2018,JPM US Select C Net Acc,4.631,
08/06/2018,JPM US Select C Net Acc,4.67,
08/07/2018,JPM US Select C Net Acc,4.677,
08/08/2018,JPM US Select C Net Acc,4.734,
08/09/2018,JPM US Select C Net Acc,4.727,
08/10/2018,JPM US Select C Net Acc,4.762,
08/11/2018,JPM US Select C Net Acc,4.762,
08/12/2018,JPM US Select C Net Acc,4.762,
08/13/2018,JPM US Select C Net Acc,4.733,
08/14/2018,JPM US Select C Net Acc,4.702,
08/15/2018,JPM US Select C Net Acc,4.76,
08/16/2018,JPM US Select C Net Acc,4.719,
08/17/2018,JPM US Select C Net Acc,4.75,
08/18/2018,JPM US Select C Net Acc,4.75,
08/19/2018,JPM US Select C Net Acc,4.75,
08/20/2018,JPM US Select C Net Acc,4.748,
08/21/2018,JPM US Select C Net Acc,4.727,
08/22/2018,JPM US Select C Net Acc,4.721,
08/23/2018,JPM US Select C Net Acc,4.713,
08/24/2018,JPM US Select C Net Acc,4.724,
08/25/2018,JPM US Select C Net Acc,4.724,
08/26/2018,JPM US Select C Net Acc,4.724,
08/27/2018,JPM US Select C Net Acc,4.724,
08/28/2018,JPM US Select C Net Acc,4.784,
08/29/2018,JPM US Select C Net Acc,4.788,
08/30/2018,JPM US Select C Net Acc,4.769,
08/31/2018,JPM US Select C Net Acc,4.746,
09/01/2018,JPM US Select C Net Acc,4.746,
09/02/2018,JPM US Select C Net Acc,4.746,
09/03/2018,JPM US Select C Net Acc,4.786,
09/04/2018,JPM US Select C Net Acc,4.81,
09/05/2018,JPM US Select C Net Acc,4.805,
09/06/2018,JPM US Select C Net Acc,4.748,
09/07/2018,JPM US Select C Net Acc,4.703,
09/08/2018,JPM US Select C Net Acc,4.703,
09/09/2018,JPM US Select C Net Acc,4.703,
09/10/2018,JPM US Select C Net Acc,4.72,
09/11/2018,JPM US Select C Net Acc,4.697,
09/12/2018,JPM US Select C Net Acc,4.727,
09/13/2018,JPM US Select C Net Acc,4.704,
09/14/2018,JPM US Select C Net Acc,4.713,
09/15/2018,JPM US Select C Net Acc,4.713,
09/16/2018,JPM US Select C Net Acc,4.713,
09/17/2018,JPM US Select C Net Acc,4.72,
09/18/2018,JPM US Select C Net Acc,4.68,
09/19/2018,JPM US Select C Net Acc,4.696,
09/20/2018,JPM US Select C Net Acc,4.687,
09/21/2018,JPM US Select C Net Acc,4.74,
09/22/2018,JPM US Select C Net Acc,4.74,
09/23/2018,JPM US Select C Net Acc,4.74,
09/24/2018,JPM US Select C Net Acc,4.762,
09/25/2018,JPM US Select C Net Acc,4.746,
09/26/2018,JPM US Select C Net Acc,4.743,
09/27/2018,JPM US Select C Net Acc,4.73,
09/28/2018,JPM US Select C Net Acc,4.783,
09/29/2018,JPM US Select C Net Acc,4.783,
09/30/2018,JPM US Select C Net Acc,4.783,
10/01/2018,JPM US Select C Net Acc,4.789,
10/02/2018,JPM US Select C Net Acc,4.846,
10/03/2018,JPM US Select C Net Acc,4.826,
10/04/2018,JPM US Select C Net Acc,4.833,
10/05/2018,JPM US Select C Net Acc,4.767,
10/06/2018,JPM US Select C Net Acc,4.767,
10/07/2018,JPM US Select C Net Acc,4.767,
10/08/2018,JPM US Select C Net Acc,4.74,
10/09/2018,JPM US Select C Net Acc,4.724,
10/10/2018,JPM US Select C Net Acc,4.68,
10/11/2018,JPM US Select C Net Acc,4.501,
10/12/2018,JPM US Select C Net Acc,4.469,
10/13/2018,JPM US Select C Net Acc,4.469,
10/14/2018,JPM US Select C Net Acc,4.469,
10/15/2018,JPM US Select C Net Acc,4.489,
10/16/2018,JPM US Select C Net Acc,4.438,
10/17/2018,JPM US Select C Net Acc,4.566,
10/18/2018,JPM US Select C Net Acc,4.558,
10/19/2018,JPM US Select C Net Acc,4.522,
10/20/2018,JPM US Select C Net Acc,4.522,
10/21/2018,JPM US Select C Net Acc,4.522,
10/22/2018,JPM US Select C Net Acc,4.511,
10/23/2018,JPM US Select C Net Acc,4.507,
10/24/2018,JPM US Select C Net Acc,4.496,
10/25/2018,JPM US Select C Net Acc,4.354,
10/26/2018,JPM US Select C Net Acc,4.403,
10/27/2018,JPM US Select C Net Acc,4.403,
10/28/2018,JPM US Select C Net Acc,4.403,
10/29/2018,JPM US Select C Net Acc,4.39,
10/30/2018,JPM US Select C Net Acc,4.374,
10/31/2018,JPM US Select C Net Acc,4.431,
11/01/2018,JPM US Select C Net Acc,4.445,
11/02/2018,JPM US Select C Net Acc,4.469,
11/03/2018,JPM US Select C Net Acc,4.469,
11/04/2018,JPM US Select C Net Acc,4.469,
11/05/2018,JPM US Select C Net Acc,4.438,
11/06/2018,JPM US Select C Net Acc,4.434,
11/07/2018,JPM US Select C Net Acc,4.432,
11/08/2018,JPM US Select C Net Acc,4.553,
11/09/2018,JPM US Select C Net Acc,4.567,
11/10/2018,JPM US Select C Net Acc,4.567,
11/11/2018,JPM US Select C Net Acc,4.567,
11/12/2018,JPM US Select C Net Acc,4.587,
11/13/2018,JPM US Select C Net Acc,4.477,
11/14/2018,JPM US Select C Net Acc,4.469,
11/15/2018,JPM US Select C Net Acc,4.481,
11/16/2018,JPM US Select C Net Acc,4.535,
11/17/2018,JPM US Select C Net Acc,4.535,
11/18/2018,JPM US Select C Net Acc,4.535,
11/19/2018,JPM US Select C Net Acc,4.539,
11/20/2018,JPM US Select C Net Acc,4.439,
11/21/2018,JPM US Select C Net Acc,4.372,
11/22/2018,JPM US Select C Net Acc,4.362,
11/23/2018,JPM US Select C Net Acc,4.383,
11/24/2018,JPM US Select C Net Acc,4.383,
11/25/2018,JPM US Select C Net Acc,4.383,
11/26/2018,JPM US Select C Net Acc,4.344,
11/27/2018,JPM US Select C Net Acc,4.454,
11/28/2018,JPM US Select C Net Acc,4.453,
11/29/2018,JPM US Select C Net Acc,4.571,
11/30/2018,JPM US Select C Net Acc,4.566,
12/01/2018,JPM US Select C Net Acc,4.566,
12/02/2018,JPM US Select C Net Acc,4.566,
12/03/2018,JPM US Select C Net Acc,4.693,
12/04/2018,JPM US Select C Net Acc,4.641,
12/05/2018,JPM US Select C Net Acc,4.499,
12/06/2018,JPM US Select C Net Acc,4.435,
12/07/2018,JPM US Select C Net Acc,4.489,
12/08/2018,JPM US Select C Net Acc,4.489,
12/09/2018,JPM US Select C Net Acc,4.489,
12/10/2018,JPM US Select C Net Acc,4.412,
12/11/2018,JPM US Select C Net Acc,4.438,
12/12/2018,JPM US Select C Net Acc,4.455,
12/13/2018,JPM US Select C Net Acc,4.444,
12/14/2018,JPM US Select C Net Acc,4.472,
12/15/2018,JPM US Select C Net Acc,4.472,
12/16/2018,JPM US Select C Net Acc,4.472,
12/17/2018,JPM US Select C Net Acc,4.352,
12/18/2018,JPM US Select C Net Acc,4.242,
12/19/2018,JPM US Select C Net Acc,4.258,
12/20/2018,JPM US Select C Net Acc,4.182,
12/21/2018,JPM US Select C Net Acc,4.119,
12/22/2018,JPM US Select C Net Acc,4.119,
12/23/2018,JPM US Select C Net Acc,4.119,
12/24/2018,JPM US Select C Net Acc,4.036,
12/25/2018,JPM US Select C Net Acc,4.036,
12/26/2018,JPM US Select C Net Acc,4.036,
12/27/2018,JPM US Select C Net Acc,4.136,
12/28/2018,JPM US Select C Net Acc,4.147,
12/29/2018,JPM US Select C Net Acc,4.147,
12/30/2018,JPM US Select C Net Acc,4.147,
12/31/2018,JPM US Select C Net Acc,4.116,
01/01/2019,JPM US Select C Net Acc,4.116,
01/02/2019,JPM US Select C Net Acc,4.126,
01/03/2019,JPM US Select C Net Acc,4.16,
01/04/2019,JPM US Select C Net Acc,4.166,
01/05/2019,JPM US Select C Net Acc,4.166,
01/06/2019,JPM US Select C Net Acc,4.166,
01/07/2019,JPM US Select C Net Acc,4.221,
01/08/2019,JPM US Select C Net Acc,4.256,
01/09/2019,JPM US Select C Net Acc,4.315,
01/10/2019,JPM US Select C Net Acc,4.34,
01/11/2019,JPM US Select C Net Acc,4.327,
01/12/2019,JPM US Select C Net Acc,4.327,
01/13/2019,JPM US Select C Net Acc,4.327,
01/14/2019,JPM US Select C Net Acc,4.318,
01/15/2019,JPM US Select C Net Acc,4.3,
01/16/2019,JPM US Select C Net Acc,4.357,
01/17/2019,JPM US Select C Net Acc,4.358,
01/18/2019,JPM US Select C Net Acc,4.376,
01/19/2019,JPM US Select C Net Acc,4.376,
01/20/2019,JPM US Select C Net Acc,4.376,
01/21/2019,JPM US Select C Net Acc,4.451,
01/22/2019,JPM US Select C Net Acc,4.443,
01/23/2019,JPM US Select C Net Acc,4.321,
01/24/2019,JPM US Select C Net Acc,4.331,
01/25/2019,JPM US Select C Net Acc,4.313,
01/26/2019,JPM US Select C Net Acc,4.313,
01/27/2019,JPM US Select C Net Acc,4.313,
01/28/2019,JPM US Select C Net Acc,4.339,
01/29/2019,JPM US Select C Net Acc,4.287,
01/30/2019,JPM US Select C Net Acc,4.297,
01/31/2019,JPM US Select C Net Acc,4.361,
02/01/2019,JPM US Select C Net Acc,4.426,
02/02/2019,JPM US Select C Net Acc,4.426,
02/03/2019,JPM US Select C Net Acc,4.426,
02/04/2019,JPM US Select C Net Acc,4.427,
02/05/2019,JPM US Select C Net Acc,4.476,
02/06/2019,JPM US Select C Net Acc,4.509,
02/07/2019,JPM US Select C Net Acc,4.519,
02/08/2019,JPM US Select C Net Acc,4.462,
02/09/2019,JPM US Select C Net Acc,4.462,
02/10/2019,JPM US Select C Net Acc,4.462,
02/11/2019,JPM US Select C Net Acc,4.48,
02/12/2019,JPM US Select C Net Acc,4.514,
02/13/2019,JPM US Select C Net Acc,4.542,
02/14/2019,JPM US Select C Net Acc,4.601,
02/15/2019,JPM US Select C Net Acc,4.589,
02/16/2019,JPM US Select C Net Acc,4.589,
02/17/2019,JPM US Select C Net Acc,4.589,
02/18/2019,JPM US Select C Net Acc,4.601,
02/19/2019,JPM US Select C Net Acc,4.606,
02/20/2019,JPM US Select C Net Acc,4.575,
02/21/2019,JPM US Select C Net Acc,4.567,
02/22/2019,JPM US Select C Net Acc,4.561,
02/23/2019,JPM US Select C Net Acc,4.561,
02/24/2019,JPM US Select C Net Acc,4.561,
02/25/2019,JPM US Select C Net Acc,4.572,
02/26/2019,JPM US Select C Net Acc,4.524,
02/27/2019,JPM US Select C Net Acc,4.484,
02/28/2019,JPM US Select C Net Acc,4.479,
03/01/2019,JPM US Select C Net Acc,4.497,
03/02/2019,JPM US Select C Net Acc,4.497,
03/03/2019,JPM US Select C Net Acc,4.497,
03/04/2019,JPM US Select C Net Acc,4.538,
03/05/2019,JPM US Select C Net Acc,4.524,
03/06/2019,JPM US Select C Net Acc,4.526,
03/07/2019,JPM US Select C Net Acc,4.488,
03/08/2019,JPM US Select C Net Acc,4.47,
03/09/2019,JPM US Select C Net Acc,4.47,
03/10/2019,JPM US Select C Net Acc,4.47,
03/11/2019,JPM US Select C Net Acc,4.469,
03/12/2019,JPM US Select C Net Acc,4.527,
03/13/2019,JPM US Select C Net Acc,4.512,
03/14/2019,JPM US Select C Net Acc,4.516,
03/15/2019,JPM US Select C Net Acc,4.505,
03/16/2019,JPM US Select C Net Acc,4.505,
03/17/2019,JPM US Select C Net Acc,4.505,
03/18/2019,JPM US Select C Net Acc,4.528,
03/19/2019,JPM US Select C Net Acc,4.544,
03/20/2019,JPM US Select C Net Acc,4.566,
03/21/2019,JPM US Select C Net Acc,4.59,
03/22/2019,JPM US Select C Net Acc,4.632,
03/23/2019,JPM US Select C Net Acc,4.632,
03/24/2019,JPM US Select C Net Acc,4.632,
03/25/2019,JPM US Select C Net Acc,4.519,
03/26/2019,JPM US Select C Net Acc,4.496,
03/27/2019,JPM US Select C Net Acc,4.534,
03/28/2019,JPM US Select C Net Acc,4.548,
03/29/2019,JPM US Select C Net Acc,4.575,
03/30/2019,JPM US Select C Net Acc,4.575,
03/31/2019,JPM US Select C Net Acc,4.575,
04/01/2019,JPM US Select C Net Acc,4.602,
04/02/2019,JPM US Select C Net Acc,4.677,
04/03/2019,JPM US Select C Net Acc,4.638,
04/04/2019,JPM US Select C Net Acc,4.66,
04/05/2019,JPM US Select C Net Acc,4.701,
04/06/2019,JPM US Select C Net Acc,4.701,
04/07/2019,JPM US Select C Net Acc,4.701,
04/08/2019,JPM US Select C Net Acc,4.733,
04/09/2019,JPM US Select C Net Acc,4.728,
04/10/2019,JPM US Select C Net Acc,4.698,
04/11/2019,JPM US Select C Net Acc,4.717,
04/12/2019,JPM US Select C Net Acc,4.718,
04/13/2019,JPM US Select C Net Acc,4.718,
04/14/2019,JPM US Select C Net Acc,4.718,
04/15/2019,JPM US Select C Net Acc,4.746,
04/16/2019,JPM US Select C Net Acc,4.745,
04/17/2019,JPM US Select C Net Acc,4.757,
04/18/2019,JPM US Select C Net Acc,4.755,
04/19/2019,JPM US Select C Net Acc,4.755,
04/20/2019,JPM US Select C Net Acc,4.755,
04/21/2019,JPM US Select C Net Acc,4.755,
04/22/2019,JPM US Select C Net Acc,4.755,
04/23/2019,JPM US Select C Net Acc,4.775,
04/24/2019,JPM US Select C Net Acc,4.849,
04/25/2019,JPM US Select C Net Acc,4.864,
04/26/2019,JPM US Select C Net Acc,4.849,
04/27/2019,JPM US Select C Net Acc,4.849,
04/28/2019,JPM US Select C Net Acc,4.849,
04/29/2019,JPM US Select C Net Acc,4.872,
04/30/2019,JPM US Select C Net Acc,4.84,
05/01/2019,JPM US Select C Net Acc,4.819,
05/02/2019,JPM US Select C Net Acc,4.787,
05/03/2019,JPM US Select C Net Acc,4.798,
05/04/2019,JPM US Select C Net Acc,4.798,
05/05/2019,JPM US Select C Net Acc,4.798,
05/06/2019,JPM US Select C Net Acc,4.798,
05/07/2019,JPM US Select C Net Acc,4.794,
05/08/2019,JPM US Select C Net Acc,4.74,
05/09/2019,JPM US Select C Net Acc,4.746,
05/10/2019,JPM US Select C Net Acc,4.725,
05/11/2019,JPM US Select C Net Acc,4.725,
05/12/2019,JPM US Select C Net Acc,4.725,
05/13/2019,JPM US Select C Net Acc,4.744,
05/14/2019,JPM US Select C Net Acc,4.647,
05/15/2019,JPM US Select C Net Acc,4.706,
05/16/2019,JPM US Select C Net Acc,4.765,
05/17/2019,JPM US Select C Net Acc,4.838,
05/18/2019,JPM US Select C Net Acc,4.838,
05/19/2019,JPM US Select C Net Acc,4.838,
05/20/2019,JPM US Select C Net Acc,4.811,
05/21/2019,JPM US Select C Net Acc,4.797,
05/22/2019,JPM US Select C Net Acc,4.855,
05/23/2019,JPM US Select C Net Acc,4.856,
05/24/2019,JPM US Select C Net Acc,4.774,
05/25/2019,JPM US Select C Net Acc,4.774,
05/26/2019,JPM US Select C Net Acc,4.774,
05/27/2019,JPM US Select C Net Acc,4.774,
05/28/2019,JPM US Select C Net Acc,4.784,
05/29/2019,JPM US Select C Net Acc,4.768,
05/30/2019,JPM US Select C Net Acc,4.732,
05/31/2019,JPM US Select C Net Acc,4.754,
06/01/2019,JPM US Select C Net Acc,4.754,
06/02/2019,JPM US Select C Net Acc,4.754,
06/03/2019,JPM US Select C Net Acc,4.662,
06/04/2019,JPM US Select C Net Acc,4.631,
06/05/2019,JPM US Select C Net Acc,4.721,
06/06/2019,JPM US Select C Net Acc,4.767,
06/07/2019,JPM US Select C Net Acc,4.79,
06/08/2019,JPM US Select C Net Acc,4.79,
06/09/2019,JPM US Select C Net Acc,4.79,
06/10/2019,JPM US Select C Net Acc,4.858,
06/11/2019,JPM US Select C Net Acc,4.87,
06/12/2019,JPM US Select C Net Acc,4.844,
06/13/2019,JPM US Select C Net Acc,4.857,
06/14/2019,JPM US Select C Net Acc,4.884,
06/15/2019,JPM US Select C Net Acc,4.884,
06/16/2019,JPM US Select C Net Acc,4.884,
06/17/2019,JPM US Select C Net Acc,4.886,
06/18/2019,JPM US Select C Net Acc,4.917,
06/19/2019,JPM US Select C Net Acc,4.951,
06/20/2019,JPM US Select C Net Acc,4.911,
06/21/2019,JPM US Select C Net Acc,4.982,
06/22/2019,JPM US Select C Net Acc,4.982,
06/23/2019,JPM US Select C Net Acc,4.982,
06/24/2019,JPM US Select C Net Acc,4.951,
06/25/2019,JPM US Select C Net Acc,4.935,
06/26/2019,JPM US Select C Net Acc,4.901,
06/27/2019,JPM US Select C Net Acc,4.884,
06/28/2019,JPM US Select C Net Acc,4.919,
06/29/2019,JPM US Select C Net Acc,4.919,
06/30/2019,JPM US Select C Net Acc,4.919,
07/01/2019,JPM US Select C Net Acc,4.964,
07/02/2019,JPM US Select C Net Acc,5.006,
07/03/2019,JPM US Select C Net Acc,5.038,
07/04/2019,JPM US Select C Net Acc,5.066,
07/05/2019,JPM US Select C Net Acc,5.075,
07/06/2019,JPM US Select C Net Acc,5.075,
07/07/2019,JPM US Select C Net Acc,5.075,
07/08/2019,JPM US Select C Net Acc,5.084,
07/09/2019,JPM US Select C Net Acc,5.076,
07/10/2019,JPM US Select C Net Acc,5.083,
07/11/2019,JPM US Select C Net Acc,5.081,
07/12/2019,JPM US Select C Net Acc,5.11,
07/13/2019,JPM US Select C Net Acc,5.11,
07/14/2019,JPM US Select C Net Acc,5.11,
07/15/2019,JPM US Select C Net Acc,5.125,
07/16/2019,JPM US Select C Net Acc,5.174,
07/17/2019,JPM US Select C Net Acc,5.169,
07/18/2019,JPM US Select C Net Acc,5.102,
07/19/2019,JPM US Select C Net Acc,5.087,
07/20/2019,JPM US Select C Net Acc,5.087,
07/21/2019,JPM US Select C Net Acc,5.087,
07/22/2019,JPM US Select C Net Acc,5.089,
07/23/2019,JPM US Select C Net Acc,5.108,
07/24/2019,JPM US Select C Net Acc,5.124,
07/25/2019,JPM US Select C Net Acc,5.164,
07/26/2019,JPM US Select C Net Acc,5.149,
07/27/2019,JPM US Select C Net Acc,5.149,
07/28/2019,JPM US Select C Net Acc,5.149,
07/29/2019,JPM US Select C Net Acc,5.234,
07/30/2019,JPM US Select C Net Acc,5.284,
07/31/2019,JPM US Select C Net Acc,5.265,
08/01/2019,JPM US Select C Net Acc,5.217,
08/02/2019,JPM US Select C Net Acc,5.158,
08/03/2019,JPM US Select C Net Acc,5.158,
08/04/2019,JPM US Select C Net Acc,5.158,
08/05/2019,JPM US Select C Net Acc,5.083,
08/06/2019,JPM US Select C Net Acc,4.93,
08/07/2019,JPM US Select C Net Acc,5.014,
08/08/2019,JPM US Select C Net Acc,5.017,
08/09/2019,JPM US Select C Net Acc,5.148,
08/10/2019,JPM US Select C Net Acc,5.148,
08/11/2019,JPM US Select C Net Acc,5.148,
08/12/2019,JPM US Select C Net Acc,5.115,
08/13/2019,JPM US Select C Net Acc,5.051,
08/14/2019,JPM US Select C Net Acc,5.118,
08/15/2019,JPM US Select C Net Acc,4.97,
08/16/2019,JPM US Select C Net Acc,4.968,
08/17/2019,JPM US Select C Net Acc,4.968,
08/18/2019,JPM US Select C Net Acc,4.968,
08/19/2019,JPM US Select C Net Acc,5.049,
08/20/2019,JPM US Select C Net Acc,5.126,
08/21/2019,JPM US Select C Net Acc,5.074,
08/22/2019,JPM US Select C Net Acc,5.106,
08/23/2019,JPM US Select C Net Acc,5.067,
08/24/2019,JPM US Select C Net Acc,5.067,
08/25/2019,JPM US Select C Net Acc,5.067,
08/26/2019,JPM US Select C Net Acc,5.067,
08/27/2019,JPM US Select C Net Acc,4.984,
08/28/2019,JPM US Select C Net Acc,4.975,
08/29/2019,JPM US Select C Net Acc,5.02,
08/30/2019,JPM US Select C Net Acc,5.101,
08/31/2019,JPM US Select C Net Acc,5.101,
09/01/2019,JPM US Select C Net Acc,5.101,
09/02/2019,JPM US Select C Net Acc,5.146,
09/03/2019,JPM US Select C Net Acc,5.16,
09/04/2019,JPM US Select C Net Acc,5.052,
09/05/2019,JPM US Select C Net Acc,5.045,
09/06/2019,JPM US Select C Net Acc,5.124,
09/07/2019,JPM US Select C Net Acc,5.124,
09/08/2019,JPM US Select C Net Acc,5.124,
09/09/2019,JPM US Select C Net Acc,5.088,
09/10/2019,JPM US Select C Net Acc,5.108,
09/11/2019,JPM US Select C Net Acc,5.129,
09/12/2019,JPM US Select C Net Acc,5.167,
09/13/2019,JPM US Select C Net Acc,5.126,
09/14/2019,JPM US Select C Net Acc,5.126,
09/15/2019,JPM US Select C Net Acc,5.126,
09/16/2019,JPM US Select C Net Acc,5.13,
09/17/2019,JPM US Select C Net Acc,5.153,
09/18/2019,JPM US Select C Net Acc,5.134,
09/19/2019,JPM US Select C Net Acc,5.138,
09/20/2019,JPM US Select C Net Acc,5.122,
09/21/2019,JPM US Select C Net Acc,5.122,
09/22/2019,JPM US Select C Net Acc,5.122,
09/23/2019,JPM US Select C Net Acc,5.118,
09/24/2019,JPM US Select C Net Acc,5.108,
09/25/2019,JPM US Select C Net Acc,5.072,
09/26/2019,JPM US Select C Net Acc,5.132,
09/27/2019,JPM US Select C Net Acc,5.134,
09/28/2019,JPM US Select C Net Acc,5.134,
09/29/2019,JPM US Select C Net Acc,5.134,
09/30/2019,JPM US Select C Net Acc,5.095,
10/01/2019,JPM US Select C Net Acc,5.12,
10/02/2019,JPM US Select C Net Acc,5.085,
10/03/2019,JPM US Select C Net Acc,4.977,
10/04/2019,JPM US Select C Net Acc,4.996,
10/05/2019,JPM US Select C Net Acc,4.996,
10/06/2019,JPM US Select C Net Acc,4.996,
10/07/2019,JPM US Select C Net Acc,5.061,
10/08/2019,JPM US Select C Net Acc,5.088,
10/09/2019,JPM US Select C Net Acc,5.002,
10/10/2019,JPM US Select C Net Acc,5.044,
10/11/2019,JPM US Select C Net Acc,4.952,
10/12/2019,JPM US Select C Net Acc,4.952,
10/13/2019,JPM US Select C Net Acc,4.952,
10/14/2019,JPM US Select C Net Acc,4.994,
10/15/2019,JPM US Select C Net Acc,4.958,
10/16/2019,JPM US Select C Net Acc,4.983,
10/17/2019,JPM US Select C Net Acc,4.917,
10/18/2019,JPM US Select C Net Acc,4.928,
10/19/2019,JPM US Select C Net Acc,4.928,
10/20/2019,JPM US Select C Net Acc,4.928,
10/21/2019,JPM US Select C Net Acc,4.877,
10/22/2019,JPM US Select C Net Acc,4.911,
10/23/2019,JPM US Select C Net Acc,4.926,
10/24/2019,JPM US Select C Net Acc,4.94,
10/25/2019,JPM US Select C Net Acc,4.996,
10/26/2019,JPM US Select C Net Acc,4.996,
10/27/2019,JPM US Select C Net Acc,4.996,
10/28/2019,JPM US Select C Net Acc,5.024,
10/29/2019,JPM US Select C Net Acc,5.048,
10/30/2019,JPM US Select C Net Acc,5.034,
10/31/2019,JPM US Select C Net Acc,5.029,
11/01/2019,JPM US Select C Net Acc,5.013,
11/02/2019,JPM US Select C Net Acc,5.013,
11/03/2019,JPM US Select C Net Acc,5.013,
11/04/2019,JPM US Select C Net Acc,5.075,
11/05/2019,JPM US Select C Net Acc,5.109,
11/06/2019,JPM US Select C Net Acc,5.098,
11/07/2019,JPM US Select C Net Acc,5.106,
11/08/2019,JPM US Select C Net Acc,5.143,
11/09/2019,JPM US Select C Net Acc,5.143,
11/10/2019,JPM US Select C Net Acc,5.143,
11/11/2019,JPM US Select C Net Acc,5.139,
11/12/2019,JPM US Select C Net Acc,5.134,
11/13/2019,JPM US Select C Net Acc,5.145,
11/14/2019,JPM US Select C Net Acc,5.143,
11/15/2019,JPM US Select C Net Acc,5.143,
11/16/2019,JPM US Select C Net Acc,5.143,
11/17/2019,JPM US Select C Net Acc,5.143,
11/18/2019,JPM US Select C Net Acc,5.156,
11/19/2019,JPM US Select C Net Acc,5.161,
11/20/2019,JPM US Select C Net Acc,5.193,
11/21/2019,JPM US Select C Net Acc,5.162,
11/22/2019,JPM US Select C Net Acc,5.182,
11/23/2019,JPM US Select C Net Acc,5.182,
11/24/2019,JPM US Select C Net Acc,5.182,
11/25/2019,JPM US Select C Net Acc,5.187,
11/26/2019,JPM US Select C Net Acc,5.236,
11/27/2019,JPM US Select C Net Acc,5.244,
11/28/2019,JPM US Select C Net Acc,5.244,
11/29/2019,JPM US Select C Net Acc,5.269,
11/30/2019,JPM US Select C Net Acc,5.269,
12/01/2019,JPM US Select C Net Acc,5.269,
12/02/2019,JPM US Select C Net Acc,5.238,
12/03/2019,JPM US Select C Net Acc,5.163,
12/04/2019,JPM US Select C Net Acc,5.11,
12/05/2019,JPM US Select C Net Acc,5.113,
12/06/2019,JPM US Select C Net Acc,5.125,
12/07/2019,JPM US Select C Net Acc,5.125,
12/08/2019,JPM US Select C Net Acc,5.125,
12/09/2019,JPM US Select C Net Acc,5.156,
12/10/2019,JPM US Select C Net Acc,5.131,
12/11/2019,JPM US Select C Net Acc,5.136,
12/12/2019,JPM US Select C Net Acc,5.139,
12/13/2019,JPM US Select C Net Acc,5.108,
12/14/2019,JPM US Select C Net Acc,5.108,
12/15/2019,JPM US Select C Net Acc,5.108,
12/16/2019,JPM US Select C Net Acc,5.121,
12/17/2019,JPM US Select C Net Acc,5.221,
12/18/2019,JPM US Select C Net Acc,5.269,
12/19/2019,JPM US Select C Net Acc,5.278,
12/20/2019,JPM US Select C Net Acc,5.323,
12/21/2019,JPM US Select C Net Acc,5.323,
12/22/2019,JPM US Select C Net Acc,5.323,
12/23/2019,JPM US Select C Net Acc,5.375,
12/24/2019,JPM US Select C Net Acc,5.393,
12/25/2019,JPM US Select C Net Acc,5.393,
12/26/2019,JPM US Select C Net Acc,5.393,
12/27/2019,JPM US Select C Net Acc,5.374,
12/28/2019,JPM US Select C Net Acc,5.374,
12/29/2019,JPM US Select C Net Acc,5.374,
12/30/2019,JPM US Select C Net Acc,5.353,
12/31/2019,JPM US Select C Net Acc,5.288,
01/01/2020,JPM US Select C Net Acc,5.288,
01/02/2020,JPM US Select C Net Acc,5.303,
01/03/2020,JPM US Select C Net Acc,5.414,
01/04/2020,JPM US Select C Net Acc,5.414,
01/05/2020,JPM US Select C Net Acc,5.414,
01/06/2020,JPM US Select C Net Acc,5.339,
01/07/2020,JPM US Select C Net Acc,5.37,
01/08/2020,JPM US Select C Net Acc,5.371,
01/09/2020,JPM US Select C Net Acc,5.443,
01/10/2020,JPM US Select C Net Acc,5.465,
01/11/2020,JPM US Select C Net Acc,5.465,
01/12/2020,JPM US Select C Net Acc,5.465,
01/13/2020,JPM US Select C Net Acc,5.496,
01/14/2020,JPM US Select C Net Acc,5.52,
01/15/2020,JPM US Select C Net Acc,5.495,
01/16/2020,JPM US Select C Net Acc,5.492,
01/17/2020,JPM US Select C Net Acc,5.552,
01/18/2020,JPM US Select C Net Acc,5.552,
01/19/2020,JPM US Select C Net Acc,5.552,
01/20/2020,JPM US Select C Net Acc,5.552,
01/21/2020,JPM US Select C Net Acc,5.566,
01/22/2020,JPM US Select C Net Acc,5.542,
01/23/2020,JPM US Select C Net Acc,5.531,
01/24/2020,JPM US Select C Net Acc,5.561,
01/25/2020,JPM US Select C Net Acc,5.561,
01/26/2020,JPM US Select C Net Acc,5.561,
01/27/2020,JPM US Select C Net Acc,5.421,
01/28/2020,JPM US Select C Net Acc,5.436,
01/29/2020,JPM US Select C Net Acc,5.499,
01/30/2020,JPM US Select C Net Acc,5.489,
01/31/2020,JPM US Select C Net Acc,5.468,
02/01/2020,JPM US Select C Net Acc,5.468,
02/02/2020,JPM US Select C Net Acc,5.468,
02/03/2020,JPM US Select C Net Acc,5.415,
02/04/2020,JPM US Select C Net Acc,5.485,
02/05/2020,JPM US Select C Net Acc,5.558,
02/06/2020,JPM US Select C Net Acc,5.663,
02/07/2020,JPM US Select C Net Acc,5.696,
02/08/2020,JPM US Select C Net Acc,5.696,
02/09/2020,JPM US Select C Net Acc,5.696,
02/10/2020,JPM US Select C Net Acc,5.671,
02/11/2020,JPM US Select C Net Acc,5.722,
02/12/2020,JPM US Select C Net Acc,5.718,
02/13/2020,JPM US Select C Net Acc,5.753,
02/14/2020,JPM US Select C Net Acc,5.732,
02/15/2020,JPM US Select C Net Acc,5.732,
02/16/2020,JPM US Select C Net Acc,5.732,
02/17/2020,JPM US Select C Net Acc,5.732,
02/18/2020,JPM US Select C Net Acc,5.734,
02/19/2020,JPM US Select C Net Acc,5.766,
02/20/2020,JPM US Select C Net Acc,5.851,
02/21/2020,JPM US Select C Net Acc,5.79,
02/22/2020,JPM US Select C Net Acc,5.79,
02/23/2020,JPM US Select C Net Acc,5.79,
02/24/2020,JPM US Select C Net Acc,5.607,
02/25/2020,JPM US Select C Net Acc,5.511,
02/26/2020,JPM US Select C Net Acc,5.35,
02/27/2020,JPM US Select C Net Acc,5.354,
02/28/2020,JPM US Select C Net Acc,5.011,
02/29/2020,JPM US Select C Net Acc,5.011,
03/01/2020,JPM US Select C Net Acc,5.011,
03/02/2020,JPM US Select C Net Acc,5.123,
03/03/2020,JPM US Select C Net Acc,5.345,
03/04/2020,JPM US Select C Net Acc,5.3,
03/05/2020,JPM US Select C Net Acc,5.245,
03/06/2020,JPM US Select C Net Acc,4.994,
03/07/2020,JPM US Select C Net Acc,4.994,
03/08/2020,JPM US Select C Net Acc,4.994,
03/09/2020,JPM US Select C Net Acc,4.771,
03/10/2020,JPM US Select C Net Acc,4.825,
03/11/2020,JPM US Select C Net Acc,4.785,
03/12/2020,JPM US Select C Net Acc,4.522,
03/13/2020,JPM US Select C Net Acc,4.617,
03/14/2020,JPM US Select C Net Acc,4.617,
03/15/2020,JPM US Select C Net Acc,4.617,
03/16/2020,JPM US Select C Net Acc,4.619,
03/17/2020,JPM US Select C Net Acc,4.319,
03/18/2020,JPM US Select C Net Acc,4.467,
03/19/2020,JPM US Select C Net Acc,4.442,
03/20/2020,JPM US Select C Net Acc,4.597,
03/21/2020,JPM US Select C Net Acc,4.597,
03/22/2020,JPM US Select C Net Acc,4.597,
03/23/2020,JPM US Select C Net Acc,4.314,
03/24/2020,JPM US Select C Net Acc,4.436,
03/25/2020,JPM US Select C Net Acc,4.576,
03/26/2020,JPM US Select C Net Acc,4.521,
03/27/2020,JPM US Select C Net Acc,4.65,
03/28/2020,JPM US Select C Net Acc,4.65,
03/29/2020,JPM US Select C Net Acc,4.65,
03/30/2020,JPM US Select C Net Acc,4.559,
03/31/2020,JPM US Select C Net Acc,4.727,
04/01/2020,JPM US Select C Net Acc,4.509,
04/02/2020,JPM US Select C Net Acc,4.49,
04/03/2020,JPM US Select C Net Acc,4.574,
04/04/2020,JPM US Select C Net Acc,4.574,
04/05/2020,JPM US Select C Net Acc,4.574,
04/06/2020,JPM US Select C Net Acc,4.658,
04/07/2020,JPM US Select C Net Acc,5,
04/08/2020,JPM US Select C Net Acc,4.805,
04/09/2020,JPM US Select C Net Acc,4.936,
04/10/2020,JPM US Select C Net Acc,4.936,
04/11/2020,JPM US Select C Net Acc,4.936,
04/12/2020,JPM US Select C Net Acc,4.936,
04/13/2020,JPM US Select C Net Acc,4.936,
04/14/2020,JPM US Select C Net Acc,4.915,
04/15/2020,JPM US Select C Net Acc,4.997,
04/16/2020,JPM US Select C Net Acc,5.011,
04/17/2020,JPM US Select C Net Acc,5.225,
04/18/2020,JPM US Select C Net Acc,5.225,
04/19/2020,JPM US Select C Net Acc,5.225,
04/20/2020,JPM US Select C Net Acc,5.195,
04/21/2020,JPM US Select C Net Acc,5.175,
04/22/2020,JPM US Select C Net Acc,5.003,
04/23/2020,JPM US Select C Net Acc,5.131,
04/24/2020,JPM US Select C Net Acc,5.133,
04/25/2020,JPM US Select C Net Acc,5.133,
04/26/2020,JPM US Select C Net Acc,5.133,
04/27/2020,JPM US Select C Net Acc,5.186,
04/28/2020,JPM US Select C Net Acc,5.243,
04/29/2020,JPM US Select C Net Acc,5.225,
04/30/2020,JPM US Select C Net Acc,5.33,
05/01/2020,JPM US Select C Net Acc,5.152,
05/02/2020,JPM US Select C Net Acc,5.152,
05/03/2020,JPM US Select C Net Acc,5.152,
05/04/2020,JPM US Select C Net Acc,5.175,
05/05/2020,JPM US Select C Net Acc,5.184,
05/06/2020,JPM US Select C Net Acc,5.268,
05/07/2020,JPM US Select C Net Acc,5.247,
05/08/2020,JPM US Select C Net Acc,5.247,
05/09/2020,JPM US Select C Net Acc,5.247,
05/10/2020,JPM US Select C Net Acc,5.247,
05/11/2020,JPM US Select C Net Acc,5.414,
05/12/2020,JPM US Select C Net Acc,5.4,
05/13/2020,JPM US Select C Net Acc,5.306,
05/14/2020,JPM US Select C Net Acc,5.242,
05/15/2020,JPM US Select C Net Acc,5.313,
05/16/2020,JPM US Select C Net Acc,5.313,
05/17/2020,JPM US Select C Net Acc,5.313,
05/18/2020,JPM US Select C Net Acc,5.348,
05/19/2020,JPM US Select C Net Acc,5.456,
05/20/2020,JPM US Select C Net Acc,5.402,
05/21/2020,JPM US Select C Net Acc,5.523,
05/22/2020,JPM US Select C Net Acc,5.491,
05/23/2020,JPM US Select C Net Acc,5.491,
05/24/2020,JPM US Select C Net Acc,5.491,
05/25/2020,JPM US Select C Net Acc,5.491,
05/26/2020,JPM US Select C Net Acc,5.448,
05/27/2020,JPM US Select C Net Acc,5.504,
05/28/2020,JPM US Select C Net Acc,5.626,
05/29/2020,JPM US Select C Net Acc,5.581,
05/30/2020,JPM US Select C Net Acc,5.581,
05/31/2020,JPM US Select C Net Acc,5.581,
06/01/2020,JPM US Select C Net Acc,5.566,
06/02/2020,JPM US Select C Net Acc,5.511,
06/03/2020,JPM US Select C Net Acc,5.554,
06/04/2020,JPM US Select C Net Acc,5.653,
06/05/2020,JPM US Select C Net Acc,5.595,
06/06/2020,JPM US Select C Net Acc,5.595,
06/07/2020,JPM US Select C Net Acc,5.595,
06/08/2020,JPM US Select C Net Acc,5.722,
06/09/2020,JPM US Select C Net Acc,5.77,
06/10/2020,JPM US Select C Net Acc,5.699,
06/11/2020,JPM US Select C Net Acc,5.622,
06/12/2020,JPM US Select C Net Acc,5.525,
06/13/2020,JPM US Select C Net Acc,5.525,
06/14/2020,JPM US Select C Net Acc,5.525,
06/15/2020,JPM US Select C Net Acc,5.423,
06/16/2020,JPM US Select C Net Acc,5.518,
06/17/2020,JPM US Select C Net Acc,5.675,
06/18/2020,JPM US Select C Net Acc,5.694,
06/19/2020,JPM US Select C Net Acc,5.75,
06/20/2020,JPM US Select C Net Acc,5.75,
06/21/2020,JPM US Select C Net Acc,5.75,
06/22/2020,JPM US Select C Net Acc,5.71,
06/23/2020,JPM US Select C Net Acc,5.717,
06/24/2020,JPM US Select C Net Acc,5.709,
06/25/2020,JPM US Select C Net Acc,5.584,
06/26/2020,JPM US Select C Net Acc,5.661,
06/27/2020,JPM US Select C Net Acc,5.661,
06/28/2020,JPM US Select C Net Acc,5.661,
06/29/2020,JPM US Select C Net Acc,5.565,
06/30/2020,JPM US Select C Net Acc,5.666,
07/01/2020,JPM US Select C Net Acc,5.687,
07/02/2020,JPM US Select C Net Acc,5.688,
07/03/2020,JPM US Select C Net Acc,5.688,
07/04/2020,JPM US Select C Net Acc,5.688,
07/05/2020,JPM US Select C Net Acc,5.688,
07/06/2020,JPM US Select C Net Acc,5.72,
07/07/2020,JPM US Select C Net Acc,5.813,
07/08/2020,JPM US Select C Net Acc,5.72,
07/09/2020,JPM US Select C Net Acc,5.722,
07/10/2020,JPM US Select C Net Acc,5.706,
07/11/2020,JPM US Select C Net Acc,5.706,
07/12/2020,JPM US Select C Net Acc,5.706,
07/13/2020,JPM US Select C Net Acc,5.759,
07/14/2020,JPM US Select C Net Acc,5.734,
07/15/2020,JPM US Select C Net Acc,5.764,
07/16/2020,JPM US Select C Net Acc,5.851,
07/17/2020,JPM US Select C Net Acc,5.826,
07/18/2020,JPM US Select C Net Acc,5.826,
07/19/2020,JPM US Select C Net Acc,5.826,
07/20/2020,JPM US Select C Net Acc,5.831,
07/21/2020,JPM US Select C Net Acc,5.848,
07/22/2020,JPM US Select C Net Acc,5.862,
07/23/2020,JPM US Select C Net Acc,5.889,
07/24/2020,JPM US Select C Net Acc,5.799,
07/25/2020,JPM US Select C Net Acc,5.799,
07/26/2020,JPM US Select C Net Acc,5.799,
07/27/2020,JPM US Select C Net Acc,5.742,
07/28/2020,JPM US Select C Net Acc,5.793,
07/29/2020,JPM US Select C Net Acc,5.703,
07/30/2020,JPM US Select C Net Acc,5.781,
07/31/2020,JPM US Select C Net Acc,5.696,
08/01/2020,JPM US Select C Net Acc,5.696,
08/02/2020,JPM US Select C Net Acc,5.696,
08/03/2020,JPM US Select C Net Acc,5.773,
08/04/2020,JPM US Select C Net Acc,5.812,
08/05/2020,JPM US Select C Net Acc,5.779,
08/06/2020,JPM US Select C Net Acc,5.789,
08/07/2020,JPM US Select C Net Acc,5.866,
08/08/2020,JPM US Select C Net Acc,5.866,
08/09/2020,JPM US Select C Net Acc,5.866,
08/10/2020,JPM US Select C Net Acc,5.897,
08/11/2020,JPM US Select C Net Acc,5.872,
08/12/2020,JPM US Select C Net Acc,5.855,
08/13/2020,JPM US Select C Net Acc,5.908,
08/14/2020,JPM US Select C Net Acc,5.897,
08/15/2020,JPM US Select C Net Acc,5.897,
08/16/2020,JPM US Select C Net Acc,5.897,
08/17/2020,JPM US Select C Net Acc,5.904,
08/18/2020,JPM US Select C Net Acc,5.891,
08/19/2020,JPM US Select C Net Acc,5.89,
08/20/2020,JPM US Select C Net Acc,5.9,
08/21/2020,JPM US Select C Net Acc,5.904,
08/22/2020,JPM US Select C Net Acc,5.904,
08/23/2020,JPM US Select C Net Acc,5.904,
08/24/2020,JPM US Select C Net Acc,5.934,
08/25/2020,JPM US Select C Net Acc,5.983,
08/26/2020,JPM US Select C Net Acc,6.005,
08/27/2020,JPM US Select C Net Acc,6.063,
08/28/2020,JPM US Select C Net Acc,6.024,
08/29/2020,JPM US Select C Net Acc,6.024,
08/30/2020,JPM US Select C Net Acc,6.024,
08/31/2020,JPM US Select C Net Acc,6.024,
09/01/2020,JPM US Select C Net Acc,5.977,
09/02/2020,JPM US Select C Net Acc,6.073,
09/03/2020,JPM US Select C Net Acc,6.209,
09/04/2020,JPM US Select C Net Acc,5.985,
09/05/2020,JPM US Select C Net Acc,5.985,
09/06/2020,JPM US Select C Net Acc,5.985,
09/07/2020,JPM US Select C Net Acc,5.985,
09/08/2020,JPM US Select C Net Acc,6.03,
09/09/2020,JPM US Select C Net Acc,5.915,
09/10/2020,JPM US Select C Net Acc,5.995,
09/11/2020,JPM US Select C Net Acc,5.984,
09/12/2020,JPM US Select C Net Acc,5.984,
09/13/2020,JPM US Select C Net Acc,5.984,
09/14/2020,JPM US Select C Net Acc,5.957,
09/15/2020,JPM US Select C Net Acc,6.021,
09/16/2020,JPM US Select C Net Acc,6.042,
09/17/2020,JPM US Select C Net Acc,6.01,
09/18/2020,JPM US Select C Net Acc,5.952,
09/19/2020,JPM US Select C Net Acc,5.952,
09/20/2020,JPM US Select C Net Acc,5.952,
09/21/2020,JPM US Select C Net Acc,5.944,
09/22/2020,JPM US Select C Net Acc,5.875,
09/23/2020,JPM US Select C Net Acc,6,
09/24/2020,JPM US Select C Net Acc,5.834,
09/25/2020,JPM US Select C Net Acc,5.869,
09/26/2020,JPM US Select C Net Acc,5.869,
09/27/2020,JPM US Select C Net Acc,5.869,
09/28/2020,JPM US Select C Net Acc,5.876,
09/29/2020,JPM US Select C Net Acc,5.994,
09/30/2020,JPM US Select C Net Acc,5.972,
10/01/2020,JPM US Select C Net Acc,6.014,
10/02/2020,JPM US Select C Net Acc,5.915,
10/03/2020,JPM US Select C Net Acc,5.915,
10/04/2020,JPM US Select C Net Acc,5.915,
10/05/2020,JPM US Select C Net Acc,5.959,
10/06/2020,JPM US Select C Net Acc,6.079,
10/07/2020,JPM US Select C Net Acc,6.024,
10/08/2020,JPM US Select C Net Acc,6.132,
10/09/2020,JPM US Select C Net Acc,6.159,
10/10/2020,JPM US Select C Net Acc,6.159,
10/11/2020,JPM US Select C Net Acc,6.159,
10/12/2020,JPM US Select C Net Acc,6.197,
10/13/2020,JPM US Select C Net Acc,6.276,
10/14/2020,JPM US Select C Net Acc,6.279,
10/15/2020,JPM US Select C Net Acc,6.238,
10/16/2020,JPM US Select C Net Acc,6.251,
10/17/2020,JPM US Select C Net Acc,6.251,
10/18/2020,JPM US Select C Net Acc,6.251,
10/19/2020,JPM US Select C Net Acc,6.185,
10/20/2020,JPM US Select C Net Acc,6.113,
10/21/2020,JPM US Select C Net Acc,6.082,
10/22/2020,JPM US Select C Net Acc,6.042,
10/23/2020,JPM US Select C Net Acc,6.093,
10/24/2020,JPM US Select C Net Acc,6.093,
10/25/2020,JPM US Select C Net Acc,6.093,
10/26/2020,JPM US Select C Net Acc,6.135,
10/27/2020,JPM US Select C Net Acc,6.025,
10/28/2020,JPM US Select C Net Acc,6.033,
10/29/2020,JPM US Select C Net Acc,5.829,
10/30/2020,JPM US Select C Net Acc,5.882,
10/31/2020,JPM US Select C Net Acc,5.882,
11/01/2020,JPM US Select C Net Acc,5.882,
11/02/2020,JPM US Select C Net Acc,5.875,
11/03/2020,JPM US Select C Net Acc,5.926,
11/04/2020,JPM US Select C Net Acc,6.025,
11/05/2020,JPM US Select C Net Acc,6.168,
11/06/2020,JPM US Select C Net Acc,6.257,
11/07/2020,JPM US Select C Net Acc,6.257,
11/08/2020,JPM US Select C Net Acc,6.257,
11/09/2020,JPM US Select C Net Acc,6.448,
11/10/2020,JPM US Select C Net Acc,6.254,
11/11/2020,JPM US Select C Net Acc,6.24,
11/12/2020,JPM US Select C Net Acc,6.335,
11/13/2020,JPM US Select C Net Acc,6.268,
11/14/2020,JPM US Select C Net Acc,6.268,
11/15/2020,JPM US Select C Net Acc,6.268,
11/16/2020,JPM US Select C Net Acc,6.34,
11/17/2020,JPM US Select C Net Acc,6.375,
11/18/2020,JPM US Select C Net Acc,6.334,
11/19/2020,JPM US Select C Net Acc,6.294,
11/20/2020,JPM US Select C Net Acc,6.311,
11/21/2020,JPM US Select C Net Acc,6.311,
11/22/2020,JPM US Select C Net Acc,6.311,
11/23/2020,JPM US Select C Net Acc,6.223,
11/24/2020,JPM US Select C Net Acc,6.276,
11/25/2020,JPM US Select C Net Acc,6.382,
11/26/2020,JPM US Select C Net Acc,6.382,
11/27/2020,JPM US Select C Net Acc,6.375,
11/28/2020,JPM US Select C Net Acc,6.375,
11/29/2020,JPM US Select C Net Acc,6.375,
11/30/2020,JPM US Select C Net Acc,6.381,
12/01/2020,JPM US Select C Net Acc,6.341,
12/02/2020,JPM US Select C Net Acc,6.405,
12/03/2020,JPM US Select C Net Acc,6.351,
12/04/2020,JPM US Select C Net Acc,6.325,
12/05/2020,JPM US Select C Net Acc,6.325,
12/06/2020,JPM US Select C Net Acc,6.325,
12/07/2020,JPM US Select C Net Acc,6.496,
12/08/2020,JPM US Select C Net Acc,6.464,
12/09/2020,JPM US Select C Net Acc,6.403,
12/10/2020,JPM US Select C Net Acc,6.432,
12/11/2020,JPM US Select C Net Acc,6.468,
12/12/2020,JPM US Select C Net Acc,6.468,
12/13/2020,JPM US Select C Net Acc,6.468,
12/14/2020,JPM US Select C Net Acc,6.334,
12/15/2020,JPM US Select C Net Acc,6.337,
12/16/2020,JPM US Select C Net Acc,6.356,
12/17/2020,JPM US Select C Net Acc,6.335,
12/18/2020,JPM US Select C Net Acc,6.41,
12/19/2020,JPM US Select C Net Acc,6.41,
12/20/2020,JPM US Select C Net Acc,6.41,
12/21/2020,JPM US Select C Net Acc,6.389,
12/22/2020,JPM US Select C Net Acc,6.428,
12/23/2020,JPM US Select C Net Acc,6.414,
12/24/2020,JPM US Select C Net Acc,6.338,
12/25/2020,JPM US Select C Net Acc,6.338,
12/26/2020,JPM US Select C Net Acc,6.338,
12/27/2020,JPM US Select C Net Acc,6.338,
12/28/2020,JPM US Select C Net Acc,6.338,
12/29/2020,JPM US Select C Net Acc,6.469,
12/30/2020,JPM US Select C Net Acc,6.404,
12/31/2020,JPM US Select C Net Acc,6.413,
01/01/2021,JPM US Select C Net Acc,6.413,
01/02/2021,JPM US Select C Net Acc,6.413,
01/03/2021,JPM US Select C Net Acc,6.413,
01/04/2021,JPM US Select C Net Acc,6.437,
01/05/2021,JPM US Select C Net Acc,6.371,
01/06/2021,JPM US Select C Net Acc,6.378,
01/07/2021,JPM US Select C Net Acc,6.465,
01/08/2021,JPM US Select C Net Acc,6.573,
01/09/2021,JPM US Select C Net Acc,6.573,
01/10/2021,JPM US Select C Net Acc,6.573,
01/11/2021,JPM US Select C Net Acc,6.667,
01/12/2021,JPM US Select C Net Acc,6.587,
01/13/2021,JPM US Select C Net Acc,6.556,
01/14/2021,JPM US Select C Net Acc,6.583,
01/15/2021,JPM US Select C Net Acc,6.554,
01/16/2021,JPM US Select C Net Acc,6.554,
01/17/2021,JPM US Select C Net Acc,6.554,
01/18/2021,JPM US Select C Net Acc,6.554,
01/19/2021,JPM US Select C Net Acc,6.517,
01/20/2021,JPM US Select C Net Acc,6.554,
01/21/2021,JPM US Select C Net Acc,6.652,
01/22/2021,JPM US Select C Net Acc,6.681,
01/23/2021,JPM US Select C Net Acc,6.681,
01/24/2021,JPM US Select C Net Acc,6.681,
01/25/2021,JPM US Select C Net Acc,6.654,
01/26/2021,JPM US Select C Net Acc,6.685,
01/27/2021,JPM US Select C Net Acc,6.648,
01/28/2021,JPM US Select C Net Acc,6.473,
01/29/2021,JPM US Select C Net Acc,6.508,
01/30/2021,JPM US Select C Net Acc,6.508,
01/31/2021,JPM US Select C Net Acc,6.508,
02/01/2021,JPM US Select C Net Acc,6.37,
02/02/2021,JPM US Select C Net Acc,6.51,
02/03/2021,JPM US Select C Net Acc,6.626,
02/04/2021,JPM US Select C Net Acc,6.657,
02/05/2021,JPM US Select C Net Acc,6.676,
02/06/2021,JPM US Select C Net Acc,6.676,
02/07/2021,JPM US Select C Net Acc,6.676,
02/08/2021,JPM US Select C Net Acc,6.692,
02/09/2021,JPM US Select C Net Acc,6.673,
02/10/2021,JPM US Select C Net Acc,6.644,
02/11/2021,JPM US Select C Net Acc,6.655,
02/12/2021,JPM US Select C Net Acc,6.704,
02/13/2021,JPM US Select C Net Acc,6.704,
02/14/2021,JPM US Select C Net Acc,6.704,
02/15/2021,JPM US Select C Net Acc,6.704,
02/16/2021,JPM US Select C Net Acc,6.664,
02/17/2021,JPM US Select C Net Acc,6.68,
02/18/2021,JPM US Select C Net Acc,6.627,
02/19/2021,JPM US Select C Net Acc,6.582,
02/20/2021,JPM US Select C Net Acc,6.582,
02/21/2021,JPM US Select C Net Acc,6.582,
02/22/2021,JPM US Select C Net Acc,6.572,
02/23/2021,JPM US Select C Net Acc,6.494,
02/24/2021,JPM US Select C Net Acc,6.448,
02/25/2021,JPM US Select C Net Acc,6.526,
02/26/2021,JPM US Select C Net Acc,6.45,
02/27/2021,JPM US Select C Net Acc,6.45,
02/28/2021,JPM US Select C Net Acc,6.45,
03/01/2021,JPM US Select C Net Acc,6.418,
03/02/2021,JPM US Select C Net Acc,6.581,
03/03/2021,JPM US Select C Net Acc,6.515,
03/04/2021,JPM US Select C Net Acc,6.414,
03/05/2021,JPM US Select C Net Acc,6.377,
03/06/2021,JPM US Select C Net Acc,6.377,
03/07/2021,JPM US Select C Net Acc,6.377,
03/08/2021,JPM US Select C Net Acc,6.496,
03/09/2021,JPM US Select C Net Acc,6.433,
03/10/2021,JPM US Select C Net Acc,6.541,
03/11/2021,JPM US Select C Net Acc,6.522,
03/12/2021,JPM US Select C Net Acc,6.63,
03/13/2021,JPM US Select C Net Acc,6.63,
03/14/2021,JPM US Select C Net Acc,6.63,
03/15/2021,JPM US Select C Net Acc,6.616,
03/16/2021,JPM US Select C Net Acc,6.672,
03/17/2021,JPM US Select C Net Acc,6.646,
03/18/2021,JPM US Select C Net Acc,6.633,
03/19/2021,JPM US Select C Net Acc,6.549,
03/20/2021,JPM US Select C Net Acc,6.549,
03/21/2021,JPM US Select C Net Acc,6.549,
03/22/2021,JPM US Select C Net Acc,6.549,
03/23/2021,JPM US Select C Net Acc,6.654,
03/24/2021,JPM US Select C Net Acc,6.634,
03/25/2021,JPM US Select C Net Acc,6.611,
03/26/2021,JPM US Select C Net Acc,6.612,
03/27/2021,JPM US Select C Net Acc,6.612,
03/28/2021,JPM US Select C Net Acc,6.612,
03/29/2021,JPM US Select C Net Acc,6.68,
03/30/2021,JPM US Select C Net Acc,6.701,
03/31/2021,JPM US Select C Net Acc,6.686,
04/01/2021,JPM US Select C Net Acc,6.706,
04/02/2021,JPM US Select C Net Acc,6.706,
04/03/2021,JPM US Select C Net Acc,6.706,
04/04/2021,JPM US Select C Net Acc,6.706,
04/05/2021,JPM US Select C Net Acc,6.706,
04/06/2021,JPM US Select C Net Acc,6.872,
04/07/2021,JPM US Select C Net Acc,6.877,
04/08/2021,JPM US Select C Net Acc,6.925,
04/09/2021,JPM US Select C Net Acc,6.972,
04/10/2021,JPM US Select C Net Acc,6.972,
04/11/2021,JPM US Select C Net Acc,6.972,
04/12/2021,JPM US Select C Net Acc,7.009,
04/13/2021,JPM US Select C Net Acc,7.02,
04/14/2021,JPM US Select C Net Acc,7.028,
04/15/2021,JPM US Select C Net Acc,7.009,
04/16/2021,JPM US Select C Net Acc,7.071,
04/17/2021,JPM US Select C Net Acc,7.071,
04/18/2021,JPM US Select C Net Acc,7.071,
04/19/2021,JPM US Select C Net Acc,7.029,
04/20/2021,JPM US Select C Net Acc,6.968,
04/21/2021,JPM US Select C Net Acc,6.94,
04/22/2021,JPM US Select C Net Acc,7.032,
04/23/2021,JPM US Select C Net Acc,6.973,
04/24/2021,JPM US Select C Net Acc,6.973,
04/25/2021,JPM US Select C Net Acc,6.973,
04/26/2021,JPM US Select C Net Acc,7.059,
04/27/2021,JPM US Select C Net Acc,7.069,
04/28/2021,JPM US Select C Net Acc,7.091,
04/29/2021,JPM US Select C Net Acc,7.06,
04/30/2021,JPM US Select C Net Acc,7.099,
05/01/2021,JPM US Select C Net Acc,7.099,
05/02/2021,JPM US Select C Net Acc,7.099,
05/03/2021,JPM US Select C Net Acc,7.099,
05/04/2021,JPM US Select C Net Acc,7.063,
05/05/2021,JPM US Select C Net Acc,7.009,
05/06/2021,JPM US Select C Net Acc,6.999,
05/07/2021,JPM US Select C Net Acc,7.044,
05/08/2021,JPM US Select C Net Acc,7.044,
05/09/2021,JPM US Select C Net Acc,7.044,
05/10/2021,JPM US Select C Net Acc,6.996,
05/11/2021,JPM US Select C Net Acc,6.888,
05/12/2021,JPM US Select C Net Acc,6.833,
05/13/2021,JPM US Select C Net Acc,6.731,
05/14/2021,JPM US Select C Net Acc,6.797,
05/15/2021,JPM US Select C Net Acc,6.797,
05/16/2021,JPM US Select C Net Acc,6.797,
05/17/2021,JPM US Select C Net Acc,6.88,
05/18/2021,JPM US Select C Net Acc,6.811,
05/19/2021,JPM US Select C Net Acc,6.77,
05/20/2021,JPM US Select C Net Acc,6.775,
05/21/2021,JPM US Select C Net Acc,6.812,
05/22/2021,JPM US Select C Net Acc,6.812,
05/23/2021,JPM US Select C Net Acc,6.812,
05/24/2021,JPM US Select C Net Acc,6.842,
05/25/2021,JPM US Select C Net Acc,6.902,
05/26/2021,JPM US Select C Net Acc,6.878,
05/27/2021,JPM US Select C Net Acc,6.906,
05/28/2021,JPM US Select C Net Acc,6.879,
05/29/2021,JPM US Select C Net Acc,6.879,
05/30/2021,JPM US Select C Net Acc,6.879,
05/31/2021,JPM US Select C Net Acc,6.879,
06/01/2021,JPM US Select C Net Acc,6.89,
06/02/2021,JPM US Select C Net Acc,6.913,
06/03/2021,JPM US Select C Net Acc,6.884,
06/04/2021,JPM US Select C Net Acc,6.872,
06/05/2021,JPM US Select C Net Acc,6.872,
06/06/2021,JPM US Select C Net Acc,6.872,
06/07/2021,JPM US Select C Net Acc,6.919,
06/08/2021,JPM US Select C Net Acc,6.928,
06/09/2021,JPM US Select C Net Acc,6.912,
06/10/2021,JPM US Select C Net Acc,6.947,
06/11/2021,JPM US Select C Net Acc,6.958,
06/12/2021,JPM US Select C Net Acc,6.958,
06/13/2021,JPM US Select C Net Acc,6.958,
06/14/2021,JPM US Select C Net Acc,6.992,
06/15/2021,JPM US Select C Net Acc,7.019,
06/16/2021,JPM US Select C Net Acc,6.985,
06/17/2021,JPM US Select C Net Acc,7.04,
06/18/2021,JPM US Select C Net Acc,7.064,
06/19/2021,JPM US Select C Net Acc,7.064,
06/20/2021,JPM US Select C Net Acc,7.064,
06/21/2021,JPM US Select C Net Acc,6.975,
06/22/2021,JPM US Select C Net Acc,7.073,
06/23/2021,JPM US Select C Net Acc,7.056,
06/24/2021,JPM US Select C Net Acc,7.04,
06/25/2021,JPM US Select C Net Acc,7.117,
06/26/2021,JPM US Select C Net Acc,7.117,
06/27/2021,JPM US Select C Net Acc,7.117,
06/28/2021,JPM US Select C Net Acc,7.124,
06/29/2021,JPM US Select C Net Acc,7.165,
06/30/2021,JPM US Select C Net Acc,7.162,
07/01/2021,JPM US Select C Net Acc,7.207,
07/02/2021,JPM US Select C Net Acc,7.273,
07/03/2021,JPM US Select C Net Acc,7.273,
07/04/2021,JPM US Select C Net Acc,7.273,
07/05/2021,JPM US Select C Net Acc,7.273,
07/06/2021,JPM US Select C Net Acc,7.285,
07/07/2021,JPM US Select C Net Acc,7.293,
07/08/2021,JPM US Select C Net Acc,7.346,
07/09/2021,JPM US Select C Net Acc,7.251,
07/10/2021,JPM US Select C Net Acc,7.251,
07/11/2021,JPM US Select C Net Acc,7.251,
07/12/2021,JPM US Select C Net Acc,7.311,
07/13/2021,JPM US Select C Net Acc,7.341,
07/14/2021,JPM US Select C Net Acc,7.325,
07/15/2021,JPM US Select C Net Acc,7.347,
07/16/2021,JPM US Select C Net Acc,7.361,
07/17/2021,JPM US Select C Net Acc,7.361,
07/18/2021,JPM US Select C Net Acc,7.361,
07/19/2021,JPM US Select C Net Acc,7.355,
07/20/2021,JPM US Select C Net Acc,7.263,
07/21/2021,JPM US Select C Net Acc,7.379,
07/22/2021,JPM US Select C Net Acc,7.365,
07/23/2021,JPM US Select C Net Acc,7.404,
07/24/2021,JPM US Select C Net Acc,7.404,
07/25/2021,JPM US Select C Net Acc,7.404,
07/26/2021,JPM US Select C Net Acc,7.465,
07/27/2021,JPM US Select C Net Acc,7.479,
07/28/2021,JPM US Select C Net Acc,7.397,
07/29/2021,JPM US Select C Net Acc,7.359,
07/30/2021,JPM US Select C Net Acc,7.392,
07/31/2021,JPM US Select C Net Acc,7.392,
08/01/2021,JPM US Select C Net Acc,7.392,
08/02/2021,JPM US Select C Net Acc,7.381,
08/03/2021,JPM US Select C Net Acc,7.358,
08/04/2021,JPM US Select C Net Acc,7.42,
08/05/2021,JPM US Select C Net Acc,7.393,
08/06/2021,JPM US Select C Net Acc,7.436,
08/07/2021,JPM US Select C Net Acc,7.436,
08/08/2021,JPM US Select C Net Acc,7.436,
08/09/2021,JPM US Select C Net Acc,7.468,
08/10/2021,JPM US Select C Net Acc,7.47,
08/11/2021,JPM US Select C Net Acc,7.5,
08/12/2021,JPM US Select C Net Acc,7.507,
08/13/2021,JPM US Select C Net Acc,7.557,
08/14/2021,JPM US Select C Net Acc,7.557,
08/15/2021,JPM US Select C Net Acc,7.557,
08/16/2021,JPM US Select C Net Acc,7.543,
08/17/2021,JPM US Select C Net Acc,7.605,
08/18/2021,JPM US Select C Net Acc,7.564,
08/19/2021,JPM US Select C Net Acc,7.538,
08/20/2021,JPM US Select C Net Acc,7.58,
08/21/2021,JPM US Select C Net Acc,7.58,
08/22/2021,JPM US Select C Net Acc,7.58,
08/23/2021,JPM US Select C Net Acc,7.608,
08/24/2021,JPM US Select C Net Acc,7.647,
08/25/2021,JPM US Select C Net Acc,7.652,
08/26/2021,JPM US Select C Net Acc,7.658,
08/27/2021,JPM US Select C Net Acc,7.635,
08/28/2021,JPM US Select C Net Acc,7.635,
08/29/2021,JPM US Select C Net Acc,7.635,
08/30/2021,JPM US Select C Net Acc,7.635,
08/31/2021,JPM US Select C Net Acc,7.704,
09/01/2021,JPM US Select C Net Acc,7.681,
09/02/2021,JPM US Select C Net Acc,7.652,
09/03/2021,JPM US Select C Net Acc,7.648,
09/04/2021,JPM US Select C Net Acc,7.648,
09/05/2021,JPM US Select C Net Acc,7.648,
09/06/2021,JPM US Select C Net Acc,7.648,
09/07/2021,JPM US Select C Net Acc,7.649,
09/08/2021,JPM US Select C Net Acc,7.635,
09/09/2021,JPM US Select C Net Acc,7.611,
09/10/2021,JPM US Select C Net Acc,7.538,
09/11/2021,JPM US Select C Net Acc,7.538,
09/12/2021,JPM US Select C Net Acc,7.538,
09/13/2021,JPM US Select C Net Acc,7.503,
09/14/2021,JPM US Select C Net Acc,7.508,
09/15/2021,JPM US Select C Net Acc,7.494,
09/16/2021,JPM US Select C Net Acc,7.565,
09/17/2021,JPM US Select C Net Acc,7.571,
09/18/2021,JPM US Select C Net Acc,7.571,
09/19/2021,JPM US Select C Net Acc,7.571,
09/20/2021,JPM US Select C Net Acc,7.541,
09/21/2021,JPM US Select C Net Acc,7.417,
09/22/2021,JPM US Select C Net Acc,7.443,
09/23/2021,JPM US Select C Net Acc,7.495,
09/24/2021,JPM US Select C Net Acc,7.573,
09/25/2021,JPM US Select C Net Acc,7.573,
09/26/2021,JPM US Select C Net Acc,7.573,
09/27/2021,JPM US Select C Net Acc,7.595,
09/28/2021,JPM US Select C Net Acc,7.633,
09/29/2021,JPM US Select C Net Acc,7.522,
09/30/2021,JPM US Select C Net Acc,7.556,
10/01/2021,JPM US Select C Net Acc,7.425,
10/02/2021,JPM US Select C Net Acc,7.425,
10/03/2021,JPM US Select C Net Acc,7.425,
10/04/2021,JPM US Select C Net Acc,7.473,
10/05/2021,JPM US Select C Net Acc,7.35,
10/06/2021,JPM US Select C Net Acc,7.454,
10/07/2021,JPM US Select C Net Acc,7.502,
10/08/2021,JPM US Select C Net Acc,7.554,
10/09/2021,JPM US Select C Net Acc,7.554,
10/10/2021,JPM US Select C Net Acc,7.554,
10/11/2021,JPM US Select C Net Acc,7.542,
10/12/2021,JPM US Select C Net Acc,7.493,
10/13/2021,JPM US Select C Net Acc,7.469,
10/14/2021,JPM US Select C Net Acc,7.458,
10/15/2021,JPM US Select C Net Acc,7.56,
10/16/2021,JPM US Select C Net Acc,7.56,
10/17/2021,JPM US Select C Net Acc,7.56,
10/18/2021,JPM US Select C Net Acc,7.647,
10/19/2021,JPM US Select C Net Acc,7.624,
10/20/2021,JPM US Select C Net Acc,7.71,
10/21/2021,JPM US Select C Net Acc,7.715,
10/22/2021,JPM US Select C Net Acc,7.776,
10/23/2021,JPM US Select C Net Acc,7.776,
10/24/2021,JPM US Select C Net Acc,7.776,
10/25/2021,JPM US Select C Net Acc,7.761,
10/26/2021,JPM US Select C Net Acc,7.767,
10/27/2021,JPM US Select C Net Acc,7.85,
10/28/2021,JPM US Select C Net Acc,7.812,
10/29/2021,JPM US Select C Net Acc,7.888,
10/30/2021,JPM US Select C Net Acc,7.888,
10/31/2021,JPM US Select C Net Acc,7.888,
11/01/2021,JPM US Select C Net Acc,7.982,
11/02/2021,JPM US Select C Net Acc,8.007,
11/03/2021,JPM US Select C Net Acc,8.037,
11/04/2021,JPM US Select C Net Acc,8.112,
11/05/2021,JPM US Select C Net Acc,8.271,
11/06/2021,JPM US Select C Net Acc,8.271,
11/07/2021,JPM US Select C Net Acc,8.271,
11/08/2021,JPM US Select C Net Acc,8.257,
11/09/2021,JPM US Select C Net Acc,8.223,
11/10/2021,JPM US Select C Net Acc,8.225,
11/11/2021,JPM US Select C Net Acc,8.225,
11/12/2021,JPM US Select C Net Acc,8.227,
11/13/2021,JPM US Select C Net Acc,8.227,
11/14/2021,JPM US Select C Net Acc,8.227,
11/15/2021,JPM US Select C Net Acc,8.263,
11/16/2021,JPM US Select C Net Acc,8.268,
11/17/2021,JPM US Select C Net Acc,8.311,
11/18/2021,JPM US Select C Net Acc,8.273,
11/19/2021,JPM US Select C Net Acc,8.321,
11/20/2021,JPM US Select C Net Acc,8.321,
11/21/2021,JPM US Select C Net Acc,8.321,
11/22/2021,JPM US Select C Net Acc,8.298,
11/23/2021,JPM US Select C Net Acc,8.306,
11/24/2021,JPM US Select C Net Acc,8.314,
11/25/2021,JPM US Select C Net Acc,8.314,
11/26/2021,JPM US Select C Net Acc,8.219,
11/27/2021,JPM US Select C Net Acc,8.219,
11/28/2021,JPM US Select C Net Acc,8.219,
11/29/2021,JPM US Select C Net Acc,8.139,
11/30/2021,JPM US Select C Net Acc,8.239,
12/01/2021,JPM US Select C Net Acc,8.112,
12/02/2021,JPM US Select C Net Acc,8.032,
12/03/2021,JPM US Select C Net Acc,8.191,
12/04/2021,JPM US Select C Net Acc,8.191,
12/05/2021,JPM US Select C Net Acc,8.191,
12/06/2021,JPM US Select C Net Acc,8.118,
12/07/2021,JPM US Select C Net Acc,8.237,
12/08/2021,JPM US Select C Net Acc,8.44,
12/09/2021,JPM US Select C Net Acc,8.471,
12/10/2021,JPM US Select C Net Acc,8.411,
12/11/2021,JPM US Select C Net Acc,8.411,
12/12/2021,JPM US Select C Net Acc,8.411,
12/13/2021,JPM US Select C Net Acc,8.433,
12/14/2021,JPM US Select C Net Acc,8.357,
12/15/2021,JPM US Select C Net Acc,8.285,
12/16/2021,JPM US Select C Net Acc,8.413,
12/17/2021,JPM US Select C Net Acc,8.326,
12/18/2021,JPM US Select C Net Acc,8.326,
12/19/2021,JPM US Select C Net Acc,8.326,
12/20/2021,JPM US Select C Net Acc,8.275,
12/21/2021,JPM US Select C Net Acc,8.146,
12/22/2021,JPM US Select C Net Acc,8.265,
