Date,Name,NAV
12/01/2009,Jupiter Strategic AbsRt Bd I £ H Acc,9.45268929
12/02/2009,Jupiter Strategic AbsRt Bd I £ H Acc,9.446072408
12/03/2009,Jupiter Strategic AbsRt Bd I £ H Acc,9.430948105
12/04/2009,Jupiter Strategic AbsRt Bd I £ H Acc,9.402590037
12/05/2009,Jupiter Strategic AbsRt Bd I £ H Acc,9.402590037
12/06/2009,Jupiter Strategic AbsRt Bd I £ H Acc,9.402590037
12/07/2009,Jupiter Strategic AbsRt Bd I £ H Acc,9.212590982
12/08/2009,Jupiter Strategic AbsRt Bd I £ H Acc,9.245675395
12/09/2009,Jupiter Strategic AbsRt Bd I £ H Acc,9.217317327
12/10/2009,Jupiter Strategic AbsRt Bd I £ H Acc,9.191795066
12/11/2009,Jupiter Strategic AbsRt Bd I £ H Acc,9.15303904
12/12/2009,Jupiter Strategic AbsRt Bd I £ H Acc,9.15303904
12/13/2009,Jupiter Strategic AbsRt Bd I £ H Acc,9.15303904
12/14/2009,Jupiter Strategic AbsRt Bd I £ H Acc,9.115228282
12/15/2009,Jupiter Strategic AbsRt Bd I £ H Acc,9.086870215
12/16/2009,Jupiter Strategic AbsRt Bd I £ H Acc,9.101994517
12/17/2009,Jupiter Strategic AbsRt Bd I £ H Acc,9.032989886
12/18/2009,Jupiter Strategic AbsRt Bd I £ H Acc,9.103885055
12/19/2009,Jupiter Strategic AbsRt Bd I £ H Acc,9.103885055
12/20/2009,Jupiter Strategic AbsRt Bd I £ H Acc,9.103885055
12/21/2009,Jupiter Strategic AbsRt Bd I £ H Acc,9.050004726
12/22/2009,Jupiter Strategic AbsRt Bd I £ H Acc,8.93184611
12/23/2009,Jupiter Strategic AbsRt Bd I £ H Acc,8.864732016
12/24/2009,Jupiter Strategic AbsRt Bd I £ H Acc,8.912940732
12/25/2009,Jupiter Strategic AbsRt Bd I £ H Acc,8.912940732
12/26/2009,Jupiter Strategic AbsRt Bd I £ H Acc,8.912940732
12/27/2009,Jupiter Strategic AbsRt Bd I £ H Acc,8.912940732
12/28/2009,Jupiter Strategic AbsRt Bd I £ H Acc,8.912940732
12/29/2009,Jupiter Strategic AbsRt Bd I £ H Acc,8.912940732
12/30/2009,Jupiter Strategic AbsRt Bd I £ H Acc,8.840155024
12/31/2009,Jupiter Strategic AbsRt Bd I £ H Acc,8.932791379
01/01/2010,Jupiter Strategic AbsRt Bd I £ H Acc,8.932791379
01/02/2010,Jupiter Strategic AbsRt Bd I £ H Acc,8.932791379
01/03/2010,Jupiter Strategic AbsRt Bd I £ H Acc,8.932791379
01/04/2010,Jupiter Strategic AbsRt Bd I £ H Acc,8.932791379
01/05/2010,Jupiter Strategic AbsRt Bd I £ H Acc,8.933736648
01/06/2010,Jupiter Strategic AbsRt Bd I £ H Acc,8.911995463
01/07/2010,Jupiter Strategic AbsRt Bd I £ H Acc,8.872294168
01/08/2010,Jupiter Strategic AbsRt Bd I £ H Acc,8.865677285
01/09/2010,Jupiter Strategic AbsRt Bd I £ H Acc,8.865677285
01/10/2010,Jupiter Strategic AbsRt Bd I £ H Acc,8.865677285
01/11/2010,Jupiter Strategic AbsRt Bd I £ H Acc,8.985726439
01/12/2010,Jupiter Strategic AbsRt Bd I £ H Acc,9.013139238
01/13/2010,Jupiter Strategic AbsRt Bd I £ H Acc,9.050949995
01/14/2010,Jupiter Strategic AbsRt Bd I £ H Acc,9.02070139
01/15/2010,Jupiter Strategic AbsRt Bd I £ H Acc,9.049059457
01/16/2010,Jupiter Strategic AbsRt Bd I £ H Acc,9.049059457
01/17/2010,Jupiter Strategic AbsRt Bd I £ H Acc,9.049059457
01/18/2010,Jupiter Strategic AbsRt Bd I £ H Acc,9.092541828
01/19/2010,Jupiter Strategic AbsRt Bd I £ H Acc,9.04716892
01/20/2010,Jupiter Strategic AbsRt Bd I £ H Acc,8.998014935
01/21/2010,Jupiter Strategic AbsRt Bd I £ H Acc,8.946025144
01/22/2010,Jupiter Strategic AbsRt Bd I £ H Acc,9.032989886
01/23/2010,Jupiter Strategic AbsRt Bd I £ H Acc,9.032989886
01/24/2010,Jupiter Strategic AbsRt Bd I £ H Acc,9.032989886
01/25/2010,Jupiter Strategic AbsRt Bd I £ H Acc,9.0112487
01/26/2010,Jupiter Strategic AbsRt Bd I £ H Acc,9.021646658
01/27/2010,Jupiter Strategic AbsRt Bd I £ H Acc,9.030154079
01/28/2010,Jupiter Strategic AbsRt Bd I £ H Acc,8.997069666
01/29/2010,Jupiter Strategic AbsRt Bd I £ H Acc,8.97627375
01/30/2010,Jupiter Strategic AbsRt Bd I £ H Acc,8.97627375
01/31/2010,Jupiter Strategic AbsRt Bd I £ H Acc,8.97627375
02/01/2010,Jupiter Strategic AbsRt Bd I £ H Acc,8.932791379
02/02/2010,Jupiter Strategic AbsRt Bd I £ H Acc,8.951696758
02/03/2010,Jupiter Strategic AbsRt Bd I £ H Acc,8.952642027
02/04/2010,Jupiter Strategic AbsRt Bd I £ H Acc,8.894035353
02/05/2010,Jupiter Strategic AbsRt Bd I £ H Acc,8.899706967
02/06/2010,Jupiter Strategic AbsRt Bd I £ H Acc,8.899706967
02/07/2010,Jupiter Strategic AbsRt Bd I £ H Acc,8.899706967
02/08/2010,Jupiter Strategic AbsRt Bd I £ H Acc,8.860950941
02/09/2010,Jupiter Strategic AbsRt Bd I £ H Acc,8.867567823
02/10/2010,Jupiter Strategic AbsRt Bd I £ H Acc,8.907269118
02/11/2010,Jupiter Strategic AbsRt Bd I £ H Acc,8.867567823
02/12/2010,Jupiter Strategic AbsRt Bd I £ H Acc,8.823140183
02/13/2010,Jupiter Strategic AbsRt Bd I £ H Acc,8.823140183
02/14/2010,Jupiter Strategic AbsRt Bd I £ H Acc,8.823140183
02/15/2010,Jupiter Strategic AbsRt Bd I £ H Acc,8.848662444
02/16/2010,Jupiter Strategic AbsRt Bd I £ H Acc,8.856224596
02/17/2010,Jupiter Strategic AbsRt Bd I £ H Acc,8.888363739
02/18/2010,Jupiter Strategic AbsRt Bd I £ H Acc,8.809906418
02/19/2010,Jupiter Strategic AbsRt Bd I £ H Acc,8.739011249
02/20/2010,Jupiter Strategic AbsRt Bd I £ H Acc,8.739011249
02/21/2010,Jupiter Strategic AbsRt Bd I £ H Acc,8.739011249
02/22/2010,Jupiter Strategic AbsRt Bd I £ H Acc,8.787219964
02/23/2010,Jupiter Strategic AbsRt Bd I £ H Acc,8.787219964
02/24/2010,Jupiter Strategic AbsRt Bd I £ H Acc,8.814632763
02/25/2010,Jupiter Strategic AbsRt Bd I £ H Acc,8.815578032
02/26/2010,Jupiter Strategic AbsRt Bd I £ H Acc,8.842990831
02/27/2010,Jupiter Strategic AbsRt Bd I £ H Acc,8.842990831
02/28/2010,Jupiter Strategic AbsRt Bd I £ H Acc,8.842990831
03/01/2010,Jupiter Strategic AbsRt Bd I £ H Acc,8.814632763
03/02/2010,Jupiter Strategic AbsRt Bd I £ H Acc,8.853388789
03/03/2010,Jupiter Strategic AbsRt Bd I £ H Acc,8.90537858
03/04/2010,Jupiter Strategic AbsRt Bd I £ H Acc,8.929010303
03/05/2010,Jupiter Strategic AbsRt Bd I £ H Acc,8.914831269
03/06/2010,Jupiter Strategic AbsRt Bd I £ H Acc,8.914831269
03/07/2010,Jupiter Strategic AbsRt Bd I £ H Acc,8.914831269
03/08/2010,Jupiter Strategic AbsRt Bd I £ H Acc,8.908214387
03/09/2010,Jupiter Strategic AbsRt Bd I £ H Acc,8.880801588
03/10/2010,Jupiter Strategic AbsRt Bd I £ H Acc,8.893090084
03/11/2010,Jupiter Strategic AbsRt Bd I £ H Acc,8.882692126
03/12/2010,Jupiter Strategic AbsRt Bd I £ H Acc,8.937517724
03/13/2010,Jupiter Strategic AbsRt Bd I £ H Acc,8.937517724
03/14/2010,Jupiter Strategic AbsRt Bd I £ H Acc,8.937517724
03/15/2010,Jupiter Strategic AbsRt Bd I £ H Acc,8.935627186
03/16/2010,Jupiter Strategic AbsRt Bd I £ H Acc,8.936572455
03/17/2010,Jupiter Strategic AbsRt Bd I £ H Acc,8.936572455
03/18/2010,Jupiter Strategic AbsRt Bd I £ H Acc,8.977219019
03/19/2010,Jupiter Strategic AbsRt Bd I £ H Acc,8.925229228
03/20/2010,Jupiter Strategic AbsRt Bd I £ H Acc,8.925229228
03/21/2010,Jupiter Strategic AbsRt Bd I £ H Acc,8.925229228
03/22/2010,Jupiter Strategic AbsRt Bd I £ H Acc,8.898761698
03/23/2010,Jupiter Strategic AbsRt Bd I £ H Acc,8.906323849
03/24/2010,Jupiter Strategic AbsRt Bd I £ H Acc,8.865677285
03/25/2010,Jupiter Strategic AbsRt Bd I £ H Acc,8.818413839
03/26/2010,Jupiter Strategic AbsRt Bd I £ H Acc,8.803289536
03/27/2010,Jupiter Strategic AbsRt Bd I £ H Acc,8.803289536
03/28/2010,Jupiter Strategic AbsRt Bd I £ H Acc,8.803289536
03/29/2010,Jupiter Strategic AbsRt Bd I £ H Acc,8.8439361
03/30/2010,Jupiter Strategic AbsRt Bd I £ H Acc,8.866622554
03/31/2010,Jupiter Strategic AbsRt Bd I £ H Acc,8.887418471
04/01/2010,Jupiter Strategic AbsRt Bd I £ H Acc,8.927119766
04/02/2010,Jupiter Strategic AbsRt Bd I £ H Acc,8.927119766
04/03/2010,Jupiter Strategic AbsRt Bd I £ H Acc,8.927119766
04/04/2010,Jupiter Strategic AbsRt Bd I £ H Acc,8.927119766
04/05/2010,Jupiter Strategic AbsRt Bd I £ H Acc,8.927119766
04/06/2010,Jupiter Strategic AbsRt Bd I £ H Acc,8.858115134
04/07/2010,Jupiter Strategic AbsRt Bd I £ H Acc,8.85244352
04/08/2010,Jupiter Strategic AbsRt Bd I £ H Acc,8.871348899
04/09/2010,Jupiter Strategic AbsRt Bd I £ H Acc,8.890254277
04/10/2010,Jupiter Strategic AbsRt Bd I £ H Acc,8.890254277
04/11/2010,Jupiter Strategic AbsRt Bd I £ H Acc,8.890254277
04/12/2010,Jupiter Strategic AbsRt Bd I £ H Acc,8.911995463
04/13/2010,Jupiter Strategic AbsRt Bd I £ H Acc,8.932791379
04/14/2010,Jupiter Strategic AbsRt Bd I £ H Acc,8.939408262
04/15/2010,Jupiter Strategic AbsRt Bd I £ H Acc,8.926174497
04/16/2010,Jupiter Strategic AbsRt Bd I £ H Acc,8.944134606
04/17/2010,Jupiter Strategic AbsRt Bd I £ H Acc,8.944134606
04/18/2010,Jupiter Strategic AbsRt Bd I £ H Acc,8.944134606
04/19/2010,Jupiter Strategic AbsRt Bd I £ H Acc,8.929010303
04/20/2010,Jupiter Strategic AbsRt Bd I £ H Acc,8.936572455
04/21/2010,Jupiter Strategic AbsRt Bd I £ H Acc,8.929010303
04/22/2010,Jupiter Strategic AbsRt Bd I £ H Acc,8.924283959
04/23/2010,Jupiter Strategic AbsRt Bd I £ H Acc,8.892144815
04/24/2010,Jupiter Strategic AbsRt Bd I £ H Acc,8.892144815
04/25/2010,Jupiter Strategic AbsRt Bd I £ H Acc,8.892144815
04/26/2010,Jupiter Strategic AbsRt Bd I £ H Acc,8.908214387
04/27/2010,Jupiter Strategic AbsRt Bd I £ H Acc,8.911995463
04/28/2010,Jupiter Strategic AbsRt Bd I £ H Acc,8.911050194
04/29/2010,Jupiter Strategic AbsRt Bd I £ H Acc,8.906323849
04/30/2010,Jupiter Strategic AbsRt Bd I £ H Acc,8.929010303
05/01/2010,Jupiter Strategic AbsRt Bd I £ H Acc,8.929010303
05/02/2010,Jupiter Strategic AbsRt Bd I £ H Acc,8.929010303
05/03/2010,Jupiter Strategic AbsRt Bd I £ H Acc,8.929010303
05/04/2010,Jupiter Strategic AbsRt Bd I £ H Acc,8.906323849
05/05/2010,Jupiter Strategic AbsRt Bd I £ H Acc,8.914831269
05/06/2010,Jupiter Strategic AbsRt Bd I £ H Acc,8.898761698
05/07/2010,Jupiter Strategic AbsRt Bd I £ H Acc,8.924283959
05/08/2010,Jupiter Strategic AbsRt Bd I £ H Acc,8.924283959
05/09/2010,Jupiter Strategic AbsRt Bd I £ H Acc,8.924283959
05/10/2010,Jupiter Strategic AbsRt Bd I £ H Acc,8.87040363
05/11/2010,Jupiter Strategic AbsRt Bd I £ H Acc,8.90537858
05/12/2010,Jupiter Strategic AbsRt Bd I £ H Acc,8.853388789
05/13/2010,Jupiter Strategic AbsRt Bd I £ H Acc,8.850552982
05/14/2010,Jupiter Strategic AbsRt Bd I £ H Acc,8.876075243
05/15/2010,Jupiter Strategic AbsRt Bd I £ H Acc,8.876075243
05/16/2010,Jupiter Strategic AbsRt Bd I £ H Acc,8.876075243
05/17/2010,Jupiter Strategic AbsRt Bd I £ H Acc,8.87040363
05/18/2010,Jupiter Strategic AbsRt Bd I £ H Acc,8.876075243
05/19/2010,Jupiter Strategic AbsRt Bd I £ H Acc,8.871348899
05/20/2010,Jupiter Strategic AbsRt Bd I £ H Acc,8.872294168
05/21/2010,Jupiter Strategic AbsRt Bd I £ H Acc,8.936572455
05/22/2010,Jupiter Strategic AbsRt Bd I £ H Acc,8.936572455
05/23/2010,Jupiter Strategic AbsRt Bd I £ H Acc,8.936572455
05/24/2010,Jupiter Strategic AbsRt Bd I £ H Acc,8.957368371
05/25/2010,Jupiter Strategic AbsRt Bd I £ H Acc,8.963985254
05/26/2010,Jupiter Strategic AbsRt Bd I £ H Acc,8.926174497
05/27/2010,Jupiter Strategic AbsRt Bd I £ H Acc,8.918612345
05/28/2010,Jupiter Strategic AbsRt Bd I £ H Acc,8.914831269
05/29/2010,Jupiter Strategic AbsRt Bd I £ H Acc,8.914831269
05/30/2010,Jupiter Strategic AbsRt Bd I £ H Acc,8.914831269
05/31/2010,Jupiter Strategic AbsRt Bd I £ H Acc,8.921448152
06/01/2010,Jupiter Strategic AbsRt Bd I £ H Acc,8.943189337
06/02/2010,Jupiter Strategic AbsRt Bd I £ H Acc,8.93184611
06/03/2010,Jupiter Strategic AbsRt Bd I £ H Acc,8.899706967
06/04/2010,Jupiter Strategic AbsRt Bd I £ H Acc,8.915776538
06/05/2010,Jupiter Strategic AbsRt Bd I £ H Acc,8.915776538
06/06/2010,Jupiter Strategic AbsRt Bd I £ H Acc,8.915776538
06/07/2010,Jupiter Strategic AbsRt Bd I £ H Acc,8.915776538
06/08/2010,Jupiter Strategic AbsRt Bd I £ H Acc,8.946970413
06/09/2010,Jupiter Strategic AbsRt Bd I £ H Acc,8.953587296
06/10/2010,Jupiter Strategic AbsRt Bd I £ H Acc,8.970602136
06/11/2010,Jupiter Strategic AbsRt Bd I £ H Acc,8.935627186
06/12/2010,Jupiter Strategic AbsRt Bd I £ H Acc,8.935627186
06/13/2010,Jupiter Strategic AbsRt Bd I £ H Acc,8.935627186
06/14/2010,Jupiter Strategic AbsRt Bd I £ H Acc,8.999905473
06/15/2010,Jupiter Strategic AbsRt Bd I £ H Acc,8.980054826
06/16/2010,Jupiter Strategic AbsRt Bd I £ H Acc,9.007467625
06/17/2010,Jupiter Strategic AbsRt Bd I £ H Acc,9.033935155
06/18/2010,Jupiter Strategic AbsRt Bd I £ H Acc,9.05567634
06/19/2010,Jupiter Strategic AbsRt Bd I £ H Acc,9.05567634
06/20/2010,Jupiter Strategic AbsRt Bd I £ H Acc,9.05567634
06/21/2010,Jupiter Strategic AbsRt Bd I £ H Acc,9.071745912
06/22/2010,Jupiter Strategic AbsRt Bd I £ H Acc,9.050004726
06/23/2010,Jupiter Strategic AbsRt Bd I £ H Acc,9.086870215
06/24/2010,Jupiter Strategic AbsRt Bd I £ H Acc,9.106720862
06/25/2010,Jupiter Strategic AbsRt Bd I £ H Acc,9.085924946
06/26/2010,Jupiter Strategic AbsRt Bd I £ H Acc,9.085924946
06/27/2010,Jupiter Strategic AbsRt Bd I £ H Acc,9.085924946
06/28/2010,Jupiter Strategic AbsRt Bd I £ H Acc,9.128462047
06/29/2010,Jupiter Strategic AbsRt Bd I £ H Acc,9.132243123
06/30/2010,Jupiter Strategic AbsRt Bd I £ H Acc,9.123735703
07/01/2010,Jupiter Strategic AbsRt Bd I £ H Acc,9.113337745
07/02/2010,Jupiter Strategic AbsRt Bd I £ H Acc,9.171944418
07/03/2010,Jupiter Strategic AbsRt Bd I £ H Acc,9.171944418
07/04/2010,Jupiter Strategic AbsRt Bd I £ H Acc,9.171944418
07/05/2010,Jupiter Strategic AbsRt Bd I £ H Acc,9.167218074
07/06/2010,Jupiter Strategic AbsRt Bd I £ H Acc,9.17950657
07/07/2010,Jupiter Strategic AbsRt Bd I £ H Acc,9.202193024
07/08/2010,Jupiter Strategic AbsRt Bd I £ H Acc,9.21448152
07/09/2010,Jupiter Strategic AbsRt Bd I £ H Acc,9.205028831
07/10/2010,Jupiter Strategic AbsRt Bd I £ H Acc,9.205028831
07/11/2010,Jupiter Strategic AbsRt Bd I £ H Acc,9.205028831
07/12/2010,Jupiter Strategic AbsRt Bd I £ H Acc,9.200302486
07/13/2010,Jupiter Strategic AbsRt Bd I £ H Acc,9.208809906
07/14/2010,Jupiter Strategic AbsRt Bd I £ H Acc,9.24094905
07/15/2010,Jupiter Strategic AbsRt Bd I £ H Acc,9.265526042
07/16/2010,Jupiter Strategic AbsRt Bd I £ H Acc,9.309008413
07/17/2010,Jupiter Strategic AbsRt Bd I £ H Acc,9.309008413
07/18/2010,Jupiter Strategic AbsRt Bd I £ H Acc,9.309008413
07/19/2010,Jupiter Strategic AbsRt Bd I £ H Acc,9.300500993
07/20/2010,Jupiter Strategic AbsRt Bd I £ H Acc,9.288212496
07/21/2010,Jupiter Strategic AbsRt Bd I £ H Acc,9.295774648
07/22/2010,Jupiter Strategic AbsRt Bd I £ H Acc,9.324132716
07/23/2010,Jupiter Strategic AbsRt Bd I £ H Acc,9.32885906
07/24/2010,Jupiter Strategic AbsRt Bd I £ H Acc,9.32885906
07/25/2010,Jupiter Strategic AbsRt Bd I £ H Acc,9.32885906
07/26/2010,Jupiter Strategic AbsRt Bd I £ H Acc,9.333585405
07/27/2010,Jupiter Strategic AbsRt Bd I £ H Acc,9.351545515
07/28/2010,Jupiter Strategic AbsRt Bd I £ H Acc,9.34681917
07/29/2010,Jupiter Strategic AbsRt Bd I £ H Acc,9.395973154
07/30/2010,Jupiter Strategic AbsRt Bd I £ H Acc,9.409206919
07/31/2010,Jupiter Strategic AbsRt Bd I £ H Acc,9.409206919
08/01/2010,Jupiter Strategic AbsRt Bd I £ H Acc,9.409206919
08/02/2010,Jupiter Strategic AbsRt Bd I £ H Acc,9.409206919
08/03/2010,Jupiter Strategic AbsRt Bd I £ H Acc,9.528310804
08/04/2010,Jupiter Strategic AbsRt Bd I £ H Acc,9.552887797
08/05/2010,Jupiter Strategic AbsRt Bd I £ H Acc,9.545325645
08/06/2010,Jupiter Strategic AbsRt Bd I £ H Acc,9.548161452
08/07/2010,Jupiter Strategic AbsRt Bd I £ H Acc,9.548161452
08/08/2010,Jupiter Strategic AbsRt Bd I £ H Acc,9.548161452
08/09/2010,Jupiter Strategic AbsRt Bd I £ H Acc,9.606768126
08/10/2010,Jupiter Strategic AbsRt Bd I £ H Acc,9.551942528
08/11/2010,Jupiter Strategic AbsRt Bd I £ H Acc,9.543435107
08/12/2010,Jupiter Strategic AbsRt Bd I £ H Acc,9.513186502
08/13/2010,Jupiter Strategic AbsRt Bd I £ H Acc,9.511295964
08/14/2010,Jupiter Strategic AbsRt Bd I £ H Acc,9.511295964
08/15/2010,Jupiter Strategic AbsRt Bd I £ H Acc,9.511295964
08/16/2010,Jupiter Strategic AbsRt Bd I £ H Acc,9.542489838
08/17/2010,Jupiter Strategic AbsRt Bd I £ H Acc,9.605822857
08/18/2010,Jupiter Strategic AbsRt Bd I £ H Acc,9.616220815
08/19/2010,Jupiter Strategic AbsRt Bd I £ H Acc,9.608658663
08/20/2010,Jupiter Strategic AbsRt Bd I £ H Acc,9.600151243
08/21/2010,Jupiter Strategic AbsRt Bd I £ H Acc,9.600151243
08/22/2010,Jupiter Strategic AbsRt Bd I £ H Acc,9.600151243
08/23/2010,Jupiter Strategic AbsRt Bd I £ H Acc,9.607713394
08/24/2010,Jupiter Strategic AbsRt Bd I £ H Acc,9.597315436
08/25/2010,Jupiter Strategic AbsRt Bd I £ H Acc,9.669155875
08/26/2010,Jupiter Strategic AbsRt Bd I £ H Acc,9.695623405
08/27/2010,Jupiter Strategic AbsRt Bd I £ H Acc,9.698459212
08/28/2010,Jupiter Strategic AbsRt Bd I £ H Acc,9.698459212
08/29/2010,Jupiter Strategic AbsRt Bd I £ H Acc,9.698459212
08/30/2010,Jupiter Strategic AbsRt Bd I £ H Acc,9.698459212
08/31/2010,Jupiter Strategic AbsRt Bd I £ H Acc,9.679553833
09/01/2010,Jupiter Strategic AbsRt Bd I £ H Acc,9.715474052
09/02/2010,Jupiter Strategic AbsRt Bd I £ H Acc,9.693732867
09/03/2010,Jupiter Strategic AbsRt Bd I £ H Acc,9.692787598
09/04/2010,Jupiter Strategic AbsRt Bd I £ H Acc,9.692787598
09/05/2010,Jupiter Strategic AbsRt Bd I £ H Acc,9.692787598
09/06/2010,Jupiter Strategic AbsRt Bd I £ H Acc,9.70034975
09/07/2010,Jupiter Strategic AbsRt Bd I £ H Acc,9.671991682
09/08/2010,Jupiter Strategic AbsRt Bd I £ H Acc,9.676718026
09/09/2010,Jupiter Strategic AbsRt Bd I £ H Acc,9.665374799
09/10/2010,Jupiter Strategic AbsRt Bd I £ H Acc,9.654976841
09/11/2010,Jupiter Strategic AbsRt Bd I £ H Acc,9.654976841
09/12/2010,Jupiter Strategic AbsRt Bd I £ H Acc,9.654976841
09/13/2010,Jupiter Strategic AbsRt Bd I £ H Acc,9.644578883
09/14/2010,Jupiter Strategic AbsRt Bd I £ H Acc,9.694678136
09/15/2010,Jupiter Strategic AbsRt Bd I £ H Acc,9.725872011
09/16/2010,Jupiter Strategic AbsRt Bd I £ H Acc,9.750449003
09/17/2010,Jupiter Strategic AbsRt Bd I £ H Acc,9.739105776
09/18/2010,Jupiter Strategic AbsRt Bd I £ H Acc,9.739105776
09/19/2010,Jupiter Strategic AbsRt Bd I £ H Acc,9.739105776
09/20/2010,Jupiter Strategic AbsRt Bd I £ H Acc,9.748558465
09/21/2010,Jupiter Strategic AbsRt Bd I £ H Acc,9.765573306
09/22/2010,Jupiter Strategic AbsRt Bd I £ H Acc,9.928159561
09/23/2010,Jupiter Strategic AbsRt Bd I £ H Acc,9.924378486
09/24/2010,Jupiter Strategic AbsRt Bd I £ H Acc,9.944229133
09/25/2010,Jupiter Strategic AbsRt Bd I £ H Acc,9.944229133
09/26/2010,Jupiter Strategic AbsRt Bd I £ H Acc,9.944229133
09/27/2010,Jupiter Strategic AbsRt Bd I £ H Acc,9.940448057
09/28/2010,Jupiter Strategic AbsRt Bd I £ H Acc,9.976368277
09/29/2010,Jupiter Strategic AbsRt Bd I £ H Acc,10.04726345
09/30/2010,Jupiter Strategic AbsRt Bd I £ H Acc,10.05388033
10/01/2010,Jupiter Strategic AbsRt Bd I £ H Acc,10.04631818
10/02/2010,Jupiter Strategic AbsRt Bd I £ H Acc,10.04631818
10/03/2010,Jupiter Strategic AbsRt Bd I £ H Acc,10.04631818
10/04/2010,Jupiter Strategic AbsRt Bd I £ H Acc,10.04915398
10/05/2010,Jupiter Strategic AbsRt Bd I £ H Acc,10.06616883
10/06/2010,Jupiter Strategic AbsRt Bd I £ H Acc,10.0973627
10/07/2010,Jupiter Strategic AbsRt Bd I £ H Acc,10.15691464
10/08/2010,Jupiter Strategic AbsRt Bd I £ H Acc,10.11437754
10/09/2010,Jupiter Strategic AbsRt Bd I £ H Acc,10.11437754
10/10/2010,Jupiter Strategic AbsRt Bd I £ H Acc,10.11437754
10/11/2010,Jupiter Strategic AbsRt Bd I £ H Acc,10.13422819
10/12/2010,Jupiter Strategic AbsRt Bd I £ H Acc,10.11626808
10/13/2010,Jupiter Strategic AbsRt Bd I £ H Acc,10.1398998
10/14/2010,Jupiter Strategic AbsRt Bd I £ H Acc,10.18149163
10/15/2010,Jupiter Strategic AbsRt Bd I £ H Acc,10.14840722
10/16/2010,Jupiter Strategic AbsRt Bd I £ H Acc,10.14840722
10/17/2010,Jupiter Strategic AbsRt Bd I £ H Acc,10.14840722
10/18/2010,Jupiter Strategic AbsRt Bd I £ H Acc,10.05009925
10/19/2010,Jupiter Strategic AbsRt Bd I £ H Acc,10.04064656
10/20/2010,Jupiter Strategic AbsRt Bd I £ H Acc,10.02079592
10/21/2010,Jupiter Strategic AbsRt Bd I £ H Acc,10.10114378
10/22/2010,Jupiter Strategic AbsRt Bd I £ H Acc,10.03686549
10/23/2010,Jupiter Strategic AbsRt Bd I £ H Acc,10.03686549
10/24/2010,Jupiter Strategic AbsRt Bd I £ H Acc,10.03686549
10/25/2010,Jupiter Strategic AbsRt Bd I £ H Acc,10.03686549
10/26/2010,Jupiter Strategic AbsRt Bd I £ H Acc,10.03875603
10/27/2010,Jupiter Strategic AbsRt Bd I £ H Acc,9.928159561
10/28/2010,Jupiter Strategic AbsRt Bd I £ H Acc,9.930050099
10/29/2010,Jupiter Strategic AbsRt Bd I £ H Acc,9.940448057
10/30/2010,Jupiter Strategic AbsRt Bd I £ H Acc,9.940448057
10/31/2010,Jupiter Strategic AbsRt Bd I £ H Acc,9.940448057
11/01/2010,Jupiter Strategic AbsRt Bd I £ H Acc,10.04348237
11/02/2010,Jupiter Strategic AbsRt Bd I £ H Acc,10.05293506
11/03/2010,Jupiter Strategic AbsRt Bd I £ H Acc,10.11437754
11/04/2010,Jupiter Strategic AbsRt Bd I £ H Acc,10.12288496
11/05/2010,Jupiter Strategic AbsRt Bd I £ H Acc,10.11626808
11/06/2010,Jupiter Strategic AbsRt Bd I £ H Acc,10.11626808
11/07/2010,Jupiter Strategic AbsRt Bd I £ H Acc,10.11626808
11/08/2010,Jupiter Strategic AbsRt Bd I £ H Acc,10.0397013
11/09/2010,Jupiter Strategic AbsRt Bd I £ H Acc,10.05955194
11/10/2010,Jupiter Strategic AbsRt Bd I £ H Acc,9.913035259
11/11/2010,Jupiter Strategic AbsRt Bd I £ H Acc,9.909254183
11/12/2010,Jupiter Strategic AbsRt Bd I £ H Acc,9.864826543
11/13/2010,Jupiter Strategic AbsRt Bd I £ H Acc,9.864826543
11/14/2010,Jupiter Strategic AbsRt Bd I £ H Acc,9.864826543
11/15/2010,Jupiter Strategic AbsRt Bd I £ H Acc,9.79676718
11/16/2010,Jupiter Strategic AbsRt Bd I £ H Acc,9.758011154
11/17/2010,Jupiter Strategic AbsRt Bd I £ H Acc,9.742886851
11/18/2010,Jupiter Strategic AbsRt Bd I £ H Acc,9.749503734
11/19/2010,Jupiter Strategic AbsRt Bd I £ H Acc,9.750449003
11/20/2010,Jupiter Strategic AbsRt Bd I £ H Acc,9.750449003
11/21/2010,Jupiter Strategic AbsRt Bd I £ H Acc,9.750449003
11/22/2010,Jupiter Strategic AbsRt Bd I £ H Acc,9.758956423
11/23/2010,Jupiter Strategic AbsRt Bd I £ H Acc,9.75328481
11/24/2010,Jupiter Strategic AbsRt Bd I £ H Acc,9.725872011
11/25/2010,Jupiter Strategic AbsRt Bd I £ H Acc,9.686170716
11/26/2010,Jupiter Strategic AbsRt Bd I £ H Acc,9.669155875
11/27/2010,Jupiter Strategic AbsRt Bd I £ H Acc,9.669155875
11/28/2010,Jupiter Strategic AbsRt Bd I £ H Acc,9.669155875
11/29/2010,Jupiter Strategic AbsRt Bd I £ H Acc,9.651195765
11/30/2010,Jupiter Strategic AbsRt Bd I £ H Acc,9.677663295
12/01/2010,Jupiter Strategic AbsRt Bd I £ H Acc,9.62945458
12/02/2010,Jupiter Strategic AbsRt Bd I £ H Acc,9.587862747
12/03/2010,Jupiter Strategic AbsRt Bd I £ H Acc,9.594479629
12/04/2010,Jupiter Strategic AbsRt Bd I £ H Acc,9.594479629
12/05/2010,Jupiter Strategic AbsRt Bd I £ H Acc,9.594479629
12/06/2010,Jupiter Strategic AbsRt Bd I £ H Acc,9.608658663
12/07/2010,Jupiter Strategic AbsRt Bd I £ H Acc,9.623782966
12/08/2010,Jupiter Strategic AbsRt Bd I £ H Acc,9.517912846
12/09/2010,Jupiter Strategic AbsRt Bd I £ H Acc,9.518858115
12/10/2010,Jupiter Strategic AbsRt Bd I £ H Acc,9.560449948
12/11/2010,Jupiter Strategic AbsRt Bd I £ H Acc,9.560449948
12/12/2010,Jupiter Strategic AbsRt Bd I £ H Acc,9.560449948
12/13/2010,Jupiter Strategic AbsRt Bd I £ H Acc,9.525474998
12/14/2010,Jupiter Strategic AbsRt Bd I £ H Acc,9.568012099
12/15/2010,Jupiter Strategic AbsRt Bd I £ H Acc,9.482937896
12/16/2010,Jupiter Strategic AbsRt Bd I £ H Acc,9.459306173
12/17/2010,Jupiter Strategic AbsRt Bd I £ H Acc,9.492390585
12/18/2010,Jupiter Strategic AbsRt Bd I £ H Acc,9.492390585
12/19/2010,Jupiter Strategic AbsRt Bd I £ H Acc,9.492390585
12/20/2010,Jupiter Strategic AbsRt Bd I £ H Acc,9.490500047
12/21/2010,Jupiter Strategic AbsRt Bd I £ H Acc,9.501843274
12/22/2010,Jupiter Strategic AbsRt Bd I £ H Acc,9.509405426
12/23/2010,Jupiter Strategic AbsRt Bd I £ H Acc,9.513186502
12/24/2010,Jupiter Strategic AbsRt Bd I £ H Acc,9.506569619
12/25/2010,Jupiter Strategic AbsRt Bd I £ H Acc,9.506569619
12/26/2010,Jupiter Strategic AbsRt Bd I £ H Acc,9.506569619
12/27/2010,Jupiter Strategic AbsRt Bd I £ H Acc,9.506569619
12/28/2010,Jupiter Strategic AbsRt Bd I £ H Acc,9.506569619
12/29/2010,Jupiter Strategic AbsRt Bd I £ H Acc,9.506569619
12/30/2010,Jupiter Strategic AbsRt Bd I £ H Acc,9.559504679
12/31/2010,Jupiter Strategic AbsRt Bd I £ H Acc,9.608658663
01/01/2011,Jupiter Strategic AbsRt Bd I £ H Acc,9.608658663
01/02/2011,Jupiter Strategic AbsRt Bd I £ H Acc,9.608658663
01/03/2011,Jupiter Strategic AbsRt Bd I £ H Acc,9.608658663
01/04/2011,Jupiter Strategic AbsRt Bd I £ H Acc,9.589753285
01/05/2011,Jupiter Strategic AbsRt Bd I £ H Acc,9.582191133
01/06/2011,Jupiter Strategic AbsRt Bd I £ H Acc,9.526420267
01/07/2011,Jupiter Strategic AbsRt Bd I £ H Acc,9.503733812
01/08/2011,Jupiter Strategic AbsRt Bd I £ H Acc,9.503733812
01/09/2011,Jupiter Strategic AbsRt Bd I £ H Acc,9.503733812
01/10/2011,Jupiter Strategic AbsRt Bd I £ H Acc,9.498062199
01/11/2011,Jupiter Strategic AbsRt Bd I £ H Acc,9.510350695
01/12/2011,Jupiter Strategic AbsRt Bd I £ H Acc,9.50562435
01/13/2011,Jupiter Strategic AbsRt Bd I £ H Acc,9.534927687
01/14/2011,Jupiter Strategic AbsRt Bd I £ H Acc,9.521693922
01/15/2011,Jupiter Strategic AbsRt Bd I £ H Acc,9.521693922
01/16/2011,Jupiter Strategic AbsRt Bd I £ H Acc,9.521693922
01/17/2011,Jupiter Strategic AbsRt Bd I £ H Acc,9.548161452
01/18/2011,Jupiter Strategic AbsRt Bd I £ H Acc,9.569902637
01/19/2011,Jupiter Strategic AbsRt Bd I £ H Acc,9.577464789
01/20/2011,Jupiter Strategic AbsRt Bd I £ H Acc,9.55855941
01/21/2011,Jupiter Strategic AbsRt Bd I £ H Acc,9.559504679
01/22/2011,Jupiter Strategic AbsRt Bd I £ H Acc,9.559504679
01/23/2011,Jupiter Strategic AbsRt Bd I £ H Acc,9.559504679
01/24/2011,Jupiter Strategic AbsRt Bd I £ H Acc,9.560449948
01/25/2011,Jupiter Strategic AbsRt Bd I £ H Acc,9.546270914
01/26/2011,Jupiter Strategic AbsRt Bd I £ H Acc,9.556668872
01/27/2011,Jupiter Strategic AbsRt Bd I £ H Acc,9.581245864
01/28/2011,Jupiter Strategic AbsRt Bd I £ H Acc,9.569902637
01/29/2011,Jupiter Strategic AbsRt Bd I £ H Acc,9.569902637
01/30/2011,Jupiter Strategic AbsRt Bd I £ H Acc,9.569902637
01/31/2011,Jupiter Strategic AbsRt Bd I £ H Acc,9.544380376
02/01/2011,Jupiter Strategic AbsRt Bd I £ H Acc,9.591643823
02/02/2011,Jupiter Strategic AbsRt Bd I £ H Acc,9.612439739
02/03/2011,Jupiter Strategic AbsRt Bd I £ H Acc,9.623782966
02/04/2011,Jupiter Strategic AbsRt Bd I £ H Acc,9.614330277
02/05/2011,Jupiter Strategic AbsRt Bd I £ H Acc,9.614330277
02/06/2011,Jupiter Strategic AbsRt Bd I £ H Acc,9.614330277
02/07/2011,Jupiter Strategic AbsRt Bd I £ H Acc,9.62945458
02/08/2011,Jupiter Strategic AbsRt Bd I £ H Acc,9.634180924
02/09/2011,Jupiter Strategic AbsRt Bd I £ H Acc,9.636071462
02/10/2011,Jupiter Strategic AbsRt Bd I £ H Acc,9.614330277
02/11/2011,Jupiter Strategic AbsRt Bd I £ H Acc,9.608658663
02/12/2011,Jupiter Strategic AbsRt Bd I £ H Acc,9.608658663
02/13/2011,Jupiter Strategic AbsRt Bd I £ H Acc,9.608658663
02/14/2011,Jupiter Strategic AbsRt Bd I £ H Acc,9.608658663
02/15/2011,Jupiter Strategic AbsRt Bd I £ H Acc,9.626618773
02/16/2011,Jupiter Strategic AbsRt Bd I £ H Acc,9.609603932
02/17/2011,Jupiter Strategic AbsRt Bd I £ H Acc,9.620001891
02/18/2011,Jupiter Strategic AbsRt Bd I £ H Acc,9.620001891
02/19/2011,Jupiter Strategic AbsRt Bd I £ H Acc,9.620001891
02/20/2011,Jupiter Strategic AbsRt Bd I £ H Acc,9.620001891
02/21/2011,Jupiter Strategic AbsRt Bd I £ H Acc,9.633235656
02/22/2011,Jupiter Strategic AbsRt Bd I £ H Acc,9.618111353
02/23/2011,Jupiter Strategic AbsRt Bd I £ H Acc,9.620001891
02/24/2011,Jupiter Strategic AbsRt Bd I £ H Acc,9.631345118
02/25/2011,Jupiter Strategic AbsRt Bd I £ H Acc,9.642688345
02/26/2011,Jupiter Strategic AbsRt Bd I £ H Acc,9.642688345
02/27/2011,Jupiter Strategic AbsRt Bd I £ H Acc,9.642688345
02/28/2011,Jupiter Strategic AbsRt Bd I £ H Acc,9.665374799
03/01/2011,Jupiter Strategic AbsRt Bd I £ H Acc,9.680499102
03/02/2011,Jupiter Strategic AbsRt Bd I £ H Acc,9.677663295
03/03/2011,Jupiter Strategic AbsRt Bd I £ H Acc,9.687115984
03/04/2011,Jupiter Strategic AbsRt Bd I £ H Acc,9.705076094
03/05/2011,Jupiter Strategic AbsRt Bd I £ H Acc,9.705076094
03/06/2011,Jupiter Strategic AbsRt Bd I £ H Acc,9.705076094
03/07/2011,Jupiter Strategic AbsRt Bd I £ H Acc,9.707911901
03/08/2011,Jupiter Strategic AbsRt Bd I £ H Acc,9.675772757
03/09/2011,Jupiter Strategic AbsRt Bd I £ H Acc,9.689006522
03/10/2011,Jupiter Strategic AbsRt Bd I £ H Acc,9.656867379
03/11/2011,Jupiter Strategic AbsRt Bd I £ H Acc,9.593534361
03/12/2011,Jupiter Strategic AbsRt Bd I £ H Acc,9.593534361
03/13/2011,Jupiter Strategic AbsRt Bd I £ H Acc,9.593534361
03/14/2011,Jupiter Strategic AbsRt Bd I £ H Acc,9.623782966
03/15/2011,Jupiter Strategic AbsRt Bd I £ H Acc,9.536818225
03/16/2011,Jupiter Strategic AbsRt Bd I £ H Acc,9.533982418
03/17/2011,Jupiter Strategic AbsRt Bd I £ H Acc,9.533982418
03/18/2011,Jupiter Strategic AbsRt Bd I £ H Acc,9.551942528
03/19/2011,Jupiter Strategic AbsRt Bd I £ H Acc,9.551942528
03/20/2011,Jupiter Strategic AbsRt Bd I £ H Acc,9.551942528
03/21/2011,Jupiter Strategic AbsRt Bd I £ H Acc,9.57651952
03/22/2011,Jupiter Strategic AbsRt Bd I £ H Acc,9.596370167
03/23/2011,Jupiter Strategic AbsRt Bd I £ H Acc,9.564231024
03/24/2011,Jupiter Strategic AbsRt Bd I £ H Acc,9.567066831
03/25/2011,Jupiter Strategic AbsRt Bd I £ H Acc,9.574628982
03/26/2011,Jupiter Strategic AbsRt Bd I £ H Acc,9.574628982
03/27/2011,Jupiter Strategic AbsRt Bd I £ H Acc,9.574628982
03/28/2011,Jupiter Strategic AbsRt Bd I £ H Acc,9.566121562
03/29/2011,Jupiter Strategic AbsRt Bd I £ H Acc,9.563285755
03/30/2011,Jupiter Strategic AbsRt Bd I £ H Acc,9.593534361
03/31/2011,Jupiter Strategic AbsRt Bd I £ H Acc,9.60298705
04/01/2011,Jupiter Strategic AbsRt Bd I £ H Acc,9.606768126
04/02/2011,Jupiter Strategic AbsRt Bd I £ H Acc,9.606768126
04/03/2011,Jupiter Strategic AbsRt Bd I £ H Acc,9.606768126
04/04/2011,Jupiter Strategic AbsRt Bd I £ H Acc,9.624728235
04/05/2011,Jupiter Strategic AbsRt Bd I £ H Acc,9.623782966
04/06/2011,Jupiter Strategic AbsRt Bd I £ H Acc,9.660648454
04/07/2011,Jupiter Strategic AbsRt Bd I £ H Acc,9.677663295
04/08/2011,Jupiter Strategic AbsRt Bd I £ H Acc,9.71736459
04/09/2011,Jupiter Strategic AbsRt Bd I £ H Acc,9.71736459
04/10/2011,Jupiter Strategic AbsRt Bd I £ H Acc,9.71736459
04/11/2011,Jupiter Strategic AbsRt Bd I £ H Acc,9.730598355
04/12/2011,Jupiter Strategic AbsRt Bd I £ H Acc,9.715474052
04/13/2011,Jupiter Strategic AbsRt Bd I £ H Acc,9.704130825
04/14/2011,Jupiter Strategic AbsRt Bd I £ H Acc,9.659703186
04/15/2011,Jupiter Strategic AbsRt Bd I £ H Acc,9.686170716
04/16/2011,Jupiter Strategic AbsRt Bd I £ H Acc,9.686170716
04/17/2011,Jupiter Strategic AbsRt Bd I £ H Acc,9.686170716
04/18/2011,Jupiter Strategic AbsRt Bd I £ H Acc,9.620947159
04/19/2011,Jupiter Strategic AbsRt Bd I £ H Acc,9.602041781
04/20/2011,Jupiter Strategic AbsRt Bd I £ H Acc,9.667265337
04/21/2011,Jupiter Strategic AbsRt Bd I £ H Acc,9.706966632
04/22/2011,Jupiter Strategic AbsRt Bd I £ H Acc,9.706966632
04/23/2011,Jupiter Strategic AbsRt Bd I £ H Acc,9.706966632
04/24/2011,Jupiter Strategic AbsRt Bd I £ H Acc,9.706966632
04/25/2011,Jupiter Strategic AbsRt Bd I £ H Acc,9.706966632
04/26/2011,Jupiter Strategic AbsRt Bd I £ H Acc,9.691842329
04/27/2011,Jupiter Strategic AbsRt Bd I £ H Acc,9.697513943
04/28/2011,Jupiter Strategic AbsRt Bd I £ H Acc,9.748558465
04/29/2011,Jupiter Strategic AbsRt Bd I £ H Acc,9.748558465
04/30/2011,Jupiter Strategic AbsRt Bd I £ H Acc,9.748558465
05/01/2011,Jupiter Strategic AbsRt Bd I £ H Acc,9.748558465
05/02/2011,Jupiter Strategic AbsRt Bd I £ H Acc,9.748558465
05/03/2011,Jupiter Strategic AbsRt Bd I £ H Acc,9.711692977
05/04/2011,Jupiter Strategic AbsRt Bd I £ H Acc,9.730598355
05/05/2011,Jupiter Strategic AbsRt Bd I £ H Acc,9.701295018
05/06/2011,Jupiter Strategic AbsRt Bd I £ H Acc,9.588808016
05/07/2011,Jupiter Strategic AbsRt Bd I £ H Acc,9.588808016
05/08/2011,Jupiter Strategic AbsRt Bd I £ H Acc,9.588808016
05/09/2011,Jupiter Strategic AbsRt Bd I £ H Acc,9.552887797
05/10/2011,Jupiter Strategic AbsRt Bd I £ H Acc,9.537763494
05/11/2011,Jupiter Strategic AbsRt Bd I £ H Acc,9.568957368
05/12/2011,Jupiter Strategic AbsRt Bd I £ H Acc,9.456470366
05/13/2011,Jupiter Strategic AbsRt Bd I £ H Acc,9.516967577
05/14/2011,Jupiter Strategic AbsRt Bd I £ H Acc,9.516967577
05/15/2011,Jupiter Strategic AbsRt Bd I £ H Acc,9.516967577
05/16/2011,Jupiter Strategic AbsRt Bd I £ H Acc,9.428112298
05/17/2011,Jupiter Strategic AbsRt Bd I £ H Acc,9.46119671
05/18/2011,Jupiter Strategic AbsRt Bd I £ H Acc,9.455525097
05/19/2011,Jupiter Strategic AbsRt Bd I £ H Acc,9.489554778
05/20/2011,Jupiter Strategic AbsRt Bd I £ H Acc,9.482937896
05/21/2011,Jupiter Strategic AbsRt Bd I £ H Acc,9.482937896
05/22/2011,Jupiter Strategic AbsRt Bd I £ H Acc,9.482937896
05/23/2011,Jupiter Strategic AbsRt Bd I £ H Acc,9.369505624
05/24/2011,Jupiter Strategic AbsRt Bd I £ H Acc,9.386520465
05/25/2011,Jupiter Strategic AbsRt Bd I £ H Acc,9.369505624
05/26/2011,Jupiter Strategic AbsRt Bd I £ H Acc,9.392192079
05/27/2011,Jupiter Strategic AbsRt Bd I £ H Acc,9.412987995
05/28/2011,Jupiter Strategic AbsRt Bd I £ H Acc,9.412987995
05/29/2011,Jupiter Strategic AbsRt Bd I £ H Acc,9.412987995
05/30/2011,Jupiter Strategic AbsRt Bd I £ H Acc,9.412987995
05/31/2011,Jupiter Strategic AbsRt Bd I £ H Acc,9.465923055
06/01/2011,Jupiter Strategic AbsRt Bd I £ H Acc,9.469704131
06/02/2011,Jupiter Strategic AbsRt Bd I £ H Acc,9.464032517
06/03/2011,Jupiter Strategic AbsRt Bd I £ H Acc,9.468758862
06/04/2011,Jupiter Strategic AbsRt Bd I £ H Acc,9.468758862
06/05/2011,Jupiter Strategic AbsRt Bd I £ H Acc,9.468758862
06/06/2011,Jupiter Strategic AbsRt Bd I £ H Acc,9.468758862
06/07/2011,Jupiter Strategic AbsRt Bd I £ H Acc,9.522639191
06/08/2011,Jupiter Strategic AbsRt Bd I £ H Acc,9.494281123
06/09/2011,Jupiter Strategic AbsRt Bd I £ H Acc,9.471594669
06/10/2011,Jupiter Strategic AbsRt Bd I £ H Acc,9.430948105
06/11/2011,Jupiter Strategic AbsRt Bd I £ H Acc,9.430948105
06/12/2011,Jupiter Strategic AbsRt Bd I £ H Acc,9.430948105
06/13/2011,Jupiter Strategic AbsRt Bd I £ H Acc,9.372341431
06/14/2011,Jupiter Strategic AbsRt Bd I £ H Acc,9.411097457
06/15/2011,Jupiter Strategic AbsRt Bd I £ H Acc,9.386520465
06/16/2011,Jupiter Strategic AbsRt Bd I £ H Acc,9.257963891
06/17/2011,Jupiter Strategic AbsRt Bd I £ H Acc,9.32035164
06/18/2011,Jupiter Strategic AbsRt Bd I £ H Acc,9.32035164
06/19/2011,Jupiter Strategic AbsRt Bd I £ H Acc,9.32035164
06/20/2011,Jupiter Strategic AbsRt Bd I £ H Acc,9.292938841
06/21/2011,Jupiter Strategic AbsRt Bd I £ H Acc,9.352490784
06/22/2011,Jupiter Strategic AbsRt Bd I £ H Acc,9.354381321
06/23/2011,Jupiter Strategic AbsRt Bd I £ H Acc,9.291048303
06/24/2011,Jupiter Strategic AbsRt Bd I £ H Acc,9.255128084
06/25/2011,Jupiter Strategic AbsRt Bd I £ H Acc,9.255128084
06/26/2011,Jupiter Strategic AbsRt Bd I £ H Acc,9.255128084
06/27/2011,Jupiter Strategic AbsRt Bd I £ H Acc,9.233386899
06/28/2011,Jupiter Strategic AbsRt Bd I £ H Acc,9.256073353
06/29/2011,Jupiter Strategic AbsRt Bd I £ H Acc,9.375177238
06/30/2011,Jupiter Strategic AbsRt Bd I £ H Acc,9.412987995
07/01/2011,Jupiter Strategic AbsRt Bd I £ H Acc,9.447017677
07/02/2011,Jupiter Strategic AbsRt Bd I £ H Acc,9.447017677
07/03/2011,Jupiter Strategic AbsRt Bd I £ H Acc,9.447017677
07/04/2011,Jupiter Strategic AbsRt Bd I £ H Acc,9.481047358
07/05/2011,Jupiter Strategic AbsRt Bd I £ H Acc,9.4706494
07/06/2011,Jupiter Strategic AbsRt Bd I £ H Acc,9.402590037
07/07/2011,Jupiter Strategic AbsRt Bd I £ H Acc,9.395027885
07/08/2011,Jupiter Strategic AbsRt Bd I £ H Acc,9.40826165
07/09/2011,Jupiter Strategic AbsRt Bd I £ H Acc,9.40826165
07/10/2011,Jupiter Strategic AbsRt Bd I £ H Acc,9.40826165
07/11/2011,Jupiter Strategic AbsRt Bd I £ H Acc,9.28537669
07/12/2011,Jupiter Strategic AbsRt Bd I £ H Acc,9.266471311
07/13/2011,Jupiter Strategic AbsRt Bd I £ H Acc,9.255128084
07/14/2011,Jupiter Strategic AbsRt Bd I £ H Acc,9.28537669
07/15/2011,Jupiter Strategic AbsRt Bd I £ H Acc,9.274033463
07/16/2011,Jupiter Strategic AbsRt Bd I £ H Acc,9.274033463
07/17/2011,Jupiter Strategic AbsRt Bd I £ H Acc,9.274033463
07/18/2011,Jupiter Strategic AbsRt Bd I £ H Acc,9.291993572
07/19/2011,Jupiter Strategic AbsRt Bd I £ H Acc,9.269307118
07/20/2011,Jupiter Strategic AbsRt Bd I £ H Acc,9.270252387
07/21/2011,Jupiter Strategic AbsRt Bd I £ H Acc,9.257018622
07/22/2011,Jupiter Strategic AbsRt Bd I £ H Acc,9.239058512
07/23/2011,Jupiter Strategic AbsRt Bd I £ H Acc,9.239058512
07/24/2011,Jupiter Strategic AbsRt Bd I £ H Acc,9.239058512
07/25/2011,Jupiter Strategic AbsRt Bd I £ H Acc,9.292938841
07/26/2011,Jupiter Strategic AbsRt Bd I £ H Acc,9.30239153
07/27/2011,Jupiter Strategic AbsRt Bd I £ H Acc,9.336421212
07/28/2011,Jupiter Strategic AbsRt Bd I £ H Acc,9.351545515
07/29/2011,Jupiter Strategic AbsRt Bd I £ H Acc,9.372341431
07/30/2011,Jupiter Strategic AbsRt Bd I £ H Acc,9.372341431
07/31/2011,Jupiter Strategic AbsRt Bd I £ H Acc,9.372341431
08/01/2011,Jupiter Strategic AbsRt Bd I £ H Acc,9.372341431
08/02/2011,Jupiter Strategic AbsRt Bd I £ H Acc,9.488609509
08/03/2011,Jupiter Strategic AbsRt Bd I £ H Acc,9.529256073
08/04/2011,Jupiter Strategic AbsRt Bd I £ H Acc,9.490500047
08/05/2011,Jupiter Strategic AbsRt Bd I £ H Acc,9.535872956
08/06/2011,Jupiter Strategic AbsRt Bd I £ H Acc,9.535872956
08/07/2011,Jupiter Strategic AbsRt Bd I £ H Acc,9.535872956
08/08/2011,Jupiter Strategic AbsRt Bd I £ H Acc,9.516022308
08/09/2011,Jupiter Strategic AbsRt Bd I £ H Acc,9.572738444
08/10/2011,Jupiter Strategic AbsRt Bd I £ H Acc,9.609603932
08/11/2011,Jupiter Strategic AbsRt Bd I £ H Acc,9.603932319
08/12/2011,Jupiter Strategic AbsRt Bd I £ H Acc,9.538708763
08/13/2011,Jupiter Strategic AbsRt Bd I £ H Acc,9.538708763
08/14/2011,Jupiter Strategic AbsRt Bd I £ H Acc,9.538708763
08/15/2011,Jupiter Strategic AbsRt Bd I £ H Acc,9.564231024
08/16/2011,Jupiter Strategic AbsRt Bd I £ H Acc,9.573683713
08/17/2011,Jupiter Strategic AbsRt Bd I £ H Acc,9.610549201
08/18/2011,Jupiter Strategic AbsRt Bd I £ H Acc,9.656867379
08/19/2011,Jupiter Strategic AbsRt Bd I £ H Acc,9.672936951
08/20/2011,Jupiter Strategic AbsRt Bd I £ H Acc,9.672936951
08/21/2011,Jupiter Strategic AbsRt Bd I £ H Acc,9.672936951
08/22/2011,Jupiter Strategic AbsRt Bd I £ H Acc,9.666320068
08/23/2011,Jupiter Strategic AbsRt Bd I £ H Acc,9.665374799
08/24/2011,Jupiter Strategic AbsRt Bd I £ H Acc,9.62945458
08/25/2011,Jupiter Strategic AbsRt Bd I £ H Acc,9.545325645
08/26/2011,Jupiter Strategic AbsRt Bd I £ H Acc,9.579355327
08/27/2011,Jupiter Strategic AbsRt Bd I £ H Acc,9.579355327
08/28/2011,Jupiter Strategic AbsRt Bd I £ H Acc,9.579355327
08/29/2011,Jupiter Strategic AbsRt Bd I £ H Acc,9.579355327
08/30/2011,Jupiter Strategic AbsRt Bd I £ H Acc,9.568957368
08/31/2011,Jupiter Strategic AbsRt Bd I £ H Acc,9.612439739
09/01/2011,Jupiter Strategic AbsRt Bd I £ H Acc,9.586917478
09/02/2011,Jupiter Strategic AbsRt Bd I £ H Acc,9.637962
09/03/2011,Jupiter Strategic AbsRt Bd I £ H Acc,9.637962
09/04/2011,Jupiter Strategic AbsRt Bd I £ H Acc,9.637962
09/05/2011,Jupiter Strategic AbsRt Bd I £ H Acc,9.74383212
09/06/2011,Jupiter Strategic AbsRt Bd I £ H Acc,9.694678136
09/07/2011,Jupiter Strategic AbsRt Bd I £ H Acc,9.691842329
09/08/2011,Jupiter Strategic AbsRt Bd I £ H Acc,9.687115984
09/09/2011,Jupiter Strategic AbsRt Bd I £ H Acc,9.69089706
09/10/2011,Jupiter Strategic AbsRt Bd I £ H Acc,9.69089706
09/11/2011,Jupiter Strategic AbsRt Bd I £ H Acc,9.69089706
09/12/2011,Jupiter Strategic AbsRt Bd I £ H Acc,9.739105776
09/13/2011,Jupiter Strategic AbsRt Bd I £ H Acc,9.714528783
09/14/2011,Jupiter Strategic AbsRt Bd I £ H Acc,9.658757917
09/15/2011,Jupiter Strategic AbsRt Bd I £ H Acc,9.636071462
09/16/2011,Jupiter Strategic AbsRt Bd I £ H Acc,9.62945458
09/17/2011,Jupiter Strategic AbsRt Bd I £ H Acc,9.62945458
09/18/2011,Jupiter Strategic AbsRt Bd I £ H Acc,9.62945458
09/19/2011,Jupiter Strategic AbsRt Bd I £ H Acc,9.689951791
09/20/2011,Jupiter Strategic AbsRt Bd I £ H Acc,9.723036204
09/21/2011,Jupiter Strategic AbsRt Bd I £ H Acc,9.722090935
09/22/2011,Jupiter Strategic AbsRt Bd I £ H Acc,9.790150298
09/23/2011,Jupiter Strategic AbsRt Bd I £ H Acc,9.826070517
09/24/2011,Jupiter Strategic AbsRt Bd I £ H Acc,9.826070517
09/25/2011,Jupiter Strategic AbsRt Bd I £ H Acc,9.826070517
09/26/2011,Jupiter Strategic AbsRt Bd I £ H Acc,9.773135457
09/27/2011,Jupiter Strategic AbsRt Bd I £ H Acc,9.742886851
09/28/2011,Jupiter Strategic AbsRt Bd I £ H Acc,9.74383212
09/29/2011,Jupiter Strategic AbsRt Bd I £ H Acc,9.729653086
09/30/2011,Jupiter Strategic AbsRt Bd I £ H Acc,9.706966632
10/01/2011,Jupiter Strategic AbsRt Bd I £ H Acc,9.706966632
10/02/2011,Jupiter Strategic AbsRt Bd I £ H Acc,9.706966632
10/03/2011,Jupiter Strategic AbsRt Bd I £ H Acc,9.69089706
10/04/2011,Jupiter Strategic AbsRt Bd I £ H Acc,9.663484261
10/05/2011,Jupiter Strategic AbsRt Bd I £ H Acc,9.671046413
10/06/2011,Jupiter Strategic AbsRt Bd I £ H Acc,9.662538992
10/07/2011,Jupiter Strategic AbsRt Bd I £ H Acc,9.691842329
10/08/2011,Jupiter Strategic AbsRt Bd I £ H Acc,9.691842329
10/09/2011,Jupiter Strategic AbsRt Bd I £ H Acc,9.691842329
10/10/2011,Jupiter Strategic AbsRt Bd I £ H Acc,9.724926742
10/11/2011,Jupiter Strategic AbsRt Bd I £ H Acc,9.740996313
10/12/2011,Jupiter Strategic AbsRt Bd I £ H Acc,9.78825976
10/13/2011,Jupiter Strategic AbsRt Bd I £ H Acc,9.793931373
10/14/2011,Jupiter Strategic AbsRt Bd I £ H Acc,9.811891483
10/15/2011,Jupiter Strategic AbsRt Bd I £ H Acc,9.811891483
10/16/2011,Jupiter Strategic AbsRt Bd I £ H Acc,9.811891483
10/17/2011,Jupiter Strategic AbsRt Bd I £ H Acc,9.829851593
10/18/2011,Jupiter Strategic AbsRt Bd I £ H Acc,9.799602987
10/19/2011,Jupiter Strategic AbsRt Bd I £ H Acc,9.882786653
10/20/2011,Jupiter Strategic AbsRt Bd I £ H Acc,9.869552888
10/21/2011,Jupiter Strategic AbsRt Bd I £ H Acc,9.868607619
10/22/2011,Jupiter Strategic AbsRt Bd I £ H Acc,9.868607619
10/23/2011,Jupiter Strategic AbsRt Bd I £ H Acc,9.868607619
10/24/2011,Jupiter Strategic AbsRt Bd I £ H Acc,9.913980527
10/25/2011,Jupiter Strategic AbsRt Bd I £ H Acc,9.953681822
10/26/2011,Jupiter Strategic AbsRt Bd I £ H Acc,9.934776444
10/27/2011,Jupiter Strategic AbsRt Bd I £ H Acc,10.00189054
10/28/2011,Jupiter Strategic AbsRt Bd I £ H Acc,10.0850742
10/29/2011,Jupiter Strategic AbsRt Bd I £ H Acc,10.0850742
10/30/2011,Jupiter Strategic AbsRt Bd I £ H Acc,10.0850742
10/31/2011,Jupiter Strategic AbsRt Bd I £ H Acc,10.0850742
11/01/2011,Jupiter Strategic AbsRt Bd I £ H Acc,9.906418376
11/02/2011,Jupiter Strategic AbsRt Bd I £ H Acc,9.887512997
11/03/2011,Jupiter Strategic AbsRt Bd I £ H Acc,9.878060308
11/04/2011,Jupiter Strategic AbsRt Bd I £ H Acc,9.88562246
11/05/2011,Jupiter Strategic AbsRt Bd I £ H Acc,9.88562246
11/06/2011,Jupiter Strategic AbsRt Bd I £ H Acc,9.88562246
11/07/2011,Jupiter Strategic AbsRt Bd I £ H Acc,9.903582569
11/08/2011,Jupiter Strategic AbsRt Bd I £ H Acc,9.903582569
11/09/2011,Jupiter Strategic AbsRt Bd I £ H Acc,9.9026373
11/10/2011,Jupiter Strategic AbsRt Bd I £ H Acc,9.905473107
11/11/2011,Jupiter Strategic AbsRt Bd I £ H Acc,9.886567729
11/12/2011,Jupiter Strategic AbsRt Bd I £ H Acc,9.886567729
11/13/2011,Jupiter Strategic AbsRt Bd I £ H Acc,9.886567729
11/14/2011,Jupiter Strategic AbsRt Bd I £ H Acc,9.880896115
11/15/2011,Jupiter Strategic AbsRt Bd I £ H Acc,9.908308914
11/16/2011,Jupiter Strategic AbsRt Bd I £ H Acc,9.892239342
11/17/2011,Jupiter Strategic AbsRt Bd I £ H Acc,9.883731922
11/18/2011,Jupiter Strategic AbsRt Bd I £ H Acc,9.85915493
11/19/2011,Jupiter Strategic AbsRt Bd I £ H Acc,9.85915493
11/20/2011,Jupiter Strategic AbsRt Bd I £ H Acc,9.85915493
11/21/2011,Jupiter Strategic AbsRt Bd I £ H Acc,9.853483316
11/22/2011,Jupiter Strategic AbsRt Bd I £ H Acc,9.845921165
11/23/2011,Jupiter Strategic AbsRt Bd I £ H Acc,9.825125248
11/24/2011,Jupiter Strategic AbsRt Bd I £ H Acc,9.813782021
11/25/2011,Jupiter Strategic AbsRt Bd I £ H Acc,9.794876642
11/26/2011,Jupiter Strategic AbsRt Bd I £ H Acc,9.794876642
11/27/2011,Jupiter Strategic AbsRt Bd I £ H Acc,9.794876642
11/28/2011,Jupiter Strategic AbsRt Bd I £ H Acc,9.801493525
11/29/2011,Jupiter Strategic AbsRt Bd I £ H Acc,9.799602987
11/30/2011,Jupiter Strategic AbsRt Bd I £ H Acc,9.802438794
12/01/2011,Jupiter Strategic AbsRt Bd I £ H Acc,9.824179979
12/02/2011,Jupiter Strategic AbsRt Bd I £ H Acc,9.820398903
12/03/2011,Jupiter Strategic AbsRt Bd I £ H Acc,9.820398903
12/04/2011,Jupiter Strategic AbsRt Bd I £ H Acc,9.820398903
12/05/2011,Jupiter Strategic AbsRt Bd I £ H Acc,9.811891483
12/06/2011,Jupiter Strategic AbsRt Bd I £ H Acc,9.815672559
12/07/2011,Jupiter Strategic AbsRt Bd I £ H Acc,9.819453635
12/08/2011,Jupiter Strategic AbsRt Bd I £ H Acc,9.821344172
12/09/2011,Jupiter Strategic AbsRt Bd I £ H Acc,9.80621987
12/10/2011,Jupiter Strategic AbsRt Bd I £ H Acc,9.80621987
12/11/2011,Jupiter Strategic AbsRt Bd I £ H Acc,9.80621987
12/12/2011,Jupiter Strategic AbsRt Bd I £ H Acc,9.799602987
12/13/2011,Jupiter Strategic AbsRt Bd I £ H Acc,9.786369222
12/14/2011,Jupiter Strategic AbsRt Bd I £ H Acc,9.755175347
12/15/2011,Jupiter Strategic AbsRt Bd I £ H Acc,9.738160507
12/16/2011,Jupiter Strategic AbsRt Bd I £ H Acc,9.749503734
12/17/2011,Jupiter Strategic AbsRt Bd I £ H Acc,9.749503734
12/18/2011,Jupiter Strategic AbsRt Bd I £ H Acc,9.749503734
12/19/2011,Jupiter Strategic AbsRt Bd I £ H Acc,9.741941582
12/20/2011,Jupiter Strategic AbsRt Bd I £ H Acc,9.764628037
12/21/2011,Jupiter Strategic AbsRt Bd I £ H Acc,9.78825976
12/22/2011,Jupiter Strategic AbsRt Bd I £ H Acc,9.792040836
12/23/2011,Jupiter Strategic AbsRt Bd I £ H Acc,9.787314491
12/24/2011,Jupiter Strategic AbsRt Bd I £ H Acc,9.787314491
12/25/2011,Jupiter Strategic AbsRt Bd I £ H Acc,9.787314491
12/26/2011,Jupiter Strategic AbsRt Bd I £ H Acc,9.787314491
12/27/2011,Jupiter Strategic AbsRt Bd I £ H Acc,9.787314491
12/28/2011,Jupiter Strategic AbsRt Bd I £ H Acc,9.787314491
12/29/2011,Jupiter Strategic AbsRt Bd I £ H Acc,9.741941582
12/30/2011,Jupiter Strategic AbsRt Bd I £ H Acc,9.754230078
12/31/2011,Jupiter Strategic AbsRt Bd I £ H Acc,9.754230078
01/01/2012,Jupiter Strategic AbsRt Bd I £ H Acc,9.754230078
01/02/2012,Jupiter Strategic AbsRt Bd I £ H Acc,9.754230078
01/03/2012,Jupiter Strategic AbsRt Bd I £ H Acc,9.785423953
01/04/2012,Jupiter Strategic AbsRt Bd I £ H Acc,9.791095567
01/05/2012,Jupiter Strategic AbsRt Bd I £ H Acc,9.78825976
01/06/2012,Jupiter Strategic AbsRt Bd I £ H Acc,9.787314491
01/07/2012,Jupiter Strategic AbsRt Bd I £ H Acc,9.787314491
01/08/2012,Jupiter Strategic AbsRt Bd I £ H Acc,9.787314491
01/09/2012,Jupiter Strategic AbsRt Bd I £ H Acc,9.775971264
01/10/2012,Jupiter Strategic AbsRt Bd I £ H Acc,9.784478684
01/11/2012,Jupiter Strategic AbsRt Bd I £ H Acc,9.774080726
01/12/2012,Jupiter Strategic AbsRt Bd I £ H Acc,9.77029965
01/13/2012,Jupiter Strategic AbsRt Bd I £ H Acc,9.773135457
01/14/2012,Jupiter Strategic AbsRt Bd I £ H Acc,9.773135457
01/15/2012,Jupiter Strategic AbsRt Bd I £ H Acc,9.773135457
01/16/2012,Jupiter Strategic AbsRt Bd I £ H Acc,9.756120616
01/17/2012,Jupiter Strategic AbsRt Bd I £ H Acc,9.776916533
01/18/2012,Jupiter Strategic AbsRt Bd I £ H Acc,9.785423953
01/19/2012,Jupiter Strategic AbsRt Bd I £ H Acc,9.802438794
01/20/2012,Jupiter Strategic AbsRt Bd I £ H Acc,9.820398903
01/21/2012,Jupiter Strategic AbsRt Bd I £ H Acc,9.820398903
01/22/2012,Jupiter Strategic AbsRt Bd I £ H Acc,9.820398903
01/23/2012,Jupiter Strategic AbsRt Bd I £ H Acc,9.848756971
01/24/2012,Jupiter Strategic AbsRt Bd I £ H Acc,9.84970224
01/25/2012,Jupiter Strategic AbsRt Bd I £ H Acc,9.844975896
01/26/2012,Jupiter Strategic AbsRt Bd I £ H Acc,9.909254183
01/27/2012,Jupiter Strategic AbsRt Bd I £ H Acc,9.909254183
01/28/2012,Jupiter Strategic AbsRt Bd I £ H Acc,9.909254183
01/29/2012,Jupiter Strategic AbsRt Bd I £ H Acc,9.909254183
01/30/2012,Jupiter Strategic AbsRt Bd I £ H Acc,9.9026373
01/31/2012,Jupiter Strategic AbsRt Bd I £ H Acc,9.921542679
02/01/2012,Jupiter Strategic AbsRt Bd I £ H Acc,9.925323755
02/02/2012,Jupiter Strategic AbsRt Bd I £ H Acc,9.951791285
02/03/2012,Jupiter Strategic AbsRt Bd I £ H Acc,9.964079781
02/04/2012,Jupiter Strategic AbsRt Bd I £ H Acc,9.964079781
02/05/2012,Jupiter Strategic AbsRt Bd I £ H Acc,9.964079781
02/06/2012,Jupiter Strategic AbsRt Bd I £ H Acc,9.962189243
02/07/2012,Jupiter Strategic AbsRt Bd I £ H Acc,9.97353247
02/08/2012,Jupiter Strategic AbsRt Bd I £ H Acc,10.01985065
02/09/2012,Jupiter Strategic AbsRt Bd I £ H Acc,10.01323377
02/10/2012,Jupiter Strategic AbsRt Bd I £ H Acc,10.00094527
02/11/2012,Jupiter Strategic AbsRt Bd I £ H Acc,10.00094527
02/12/2012,Jupiter Strategic AbsRt Bd I £ H Acc,10.00094527
02/13/2012,Jupiter Strategic AbsRt Bd I £ H Acc,9.988656773
02/14/2012,Jupiter Strategic AbsRt Bd I £ H Acc,9.978258815
02/15/2012,Jupiter Strategic AbsRt Bd I £ H Acc,9.965970319
02/16/2012,Jupiter Strategic AbsRt Bd I £ H Acc,9.935721713
02/17/2012,Jupiter Strategic AbsRt Bd I £ H Acc,9.949900747
02/18/2012,Jupiter Strategic AbsRt Bd I £ H Acc,9.949900747
02/19/2012,Jupiter Strategic AbsRt Bd I £ H Acc,9.949900747
02/20/2012,Jupiter Strategic AbsRt Bd I £ H Acc,9.966915587
02/21/2012,Jupiter Strategic AbsRt Bd I £ H Acc,9.950846016
02/22/2012,Jupiter Strategic AbsRt Bd I £ H Acc,9.95557236
02/23/2012,Jupiter Strategic AbsRt Bd I £ H Acc,9.966915587
02/24/2012,Jupiter Strategic AbsRt Bd I £ H Acc,9.992437849
02/25/2012,Jupiter Strategic AbsRt Bd I £ H Acc,9.992437849
02/26/2012,Jupiter Strategic AbsRt Bd I £ H Acc,9.992437849
02/27/2012,Jupiter Strategic AbsRt Bd I £ H Acc,9.970696663
02/28/2012,Jupiter Strategic AbsRt Bd I £ H Acc,9.986766235
02/29/2012,Jupiter Strategic AbsRt Bd I £ H Acc,10.00661688
03/01/2012,Jupiter Strategic AbsRt Bd I £ H Acc,9.980149352
03/02/2012,Jupiter Strategic AbsRt Bd I £ H Acc,9.975423008
03/03/2012,Jupiter Strategic AbsRt Bd I £ H Acc,9.975423008
03/04/2012,Jupiter Strategic AbsRt Bd I £ H Acc,9.975423008
03/05/2012,Jupiter Strategic AbsRt Bd I £ H Acc,9.939502789
03/06/2012,Jupiter Strategic AbsRt Bd I £ H Acc,9.91208999
03/07/2012,Jupiter Strategic AbsRt Bd I £ H Acc,9.893184611
03/08/2012,Jupiter Strategic AbsRt Bd I £ H Acc,9.948010209
03/09/2012,Jupiter Strategic AbsRt Bd I £ H Acc,9.956517629
03/10/2012,Jupiter Strategic AbsRt Bd I £ H Acc,9.956517629
03/11/2012,Jupiter Strategic AbsRt Bd I £ H Acc,9.956517629
03/12/2012,Jupiter Strategic AbsRt Bd I £ H Acc,9.92910483
03/13/2012,Jupiter Strategic AbsRt Bd I £ H Acc,9.92910483
03/14/2012,Jupiter Strategic AbsRt Bd I £ H Acc,9.966915587
03/15/2012,Jupiter Strategic AbsRt Bd I £ H Acc,9.983930428
03/16/2012,Jupiter Strategic AbsRt Bd I £ H Acc,9.996218924
03/17/2012,Jupiter Strategic AbsRt Bd I £ H Acc,9.996218924
03/18/2012,Jupiter Strategic AbsRt Bd I £ H Acc,9.996218924
03/19/2012,Jupiter Strategic AbsRt Bd I £ H Acc,9.996218924
03/20/2012,Jupiter Strategic AbsRt Bd I £ H Acc,10.01796011
03/21/2012,Jupiter Strategic AbsRt Bd I £ H Acc,10.03497495
03/22/2012,Jupiter Strategic AbsRt Bd I £ H Acc,9.968806125
03/23/2012,Jupiter Strategic AbsRt Bd I £ H Acc,9.960298705
03/24/2012,Jupiter Strategic AbsRt Bd I £ H Acc,9.960298705
03/25/2012,Jupiter Strategic AbsRt Bd I £ H Acc,9.960298705
03/26/2012,Jupiter Strategic AbsRt Bd I £ H Acc,9.968806125
03/27/2012,Jupiter Strategic AbsRt Bd I £ H Acc,10.01985065
03/28/2012,Jupiter Strategic AbsRt Bd I £ H Acc,9.999054731
03/29/2012,Jupiter Strategic AbsRt Bd I £ H Acc,9.963134512
03/30/2012,Jupiter Strategic AbsRt Bd I £ H Acc,9.96502505
03/31/2012,Jupiter Strategic AbsRt Bd I £ H Acc,9.96502505
04/01/2012,Jupiter Strategic AbsRt Bd I £ H Acc,9.96502505
04/02/2012,Jupiter Strategic AbsRt Bd I £ H Acc,9.980149352
04/03/2012,Jupiter Strategic AbsRt Bd I £ H Acc,9.989602042
04/04/2012,Jupiter Strategic AbsRt Bd I £ H Acc,9.945174402
04/05/2012,Jupiter Strategic AbsRt Bd I £ H Acc,9.911144721
04/06/2012,Jupiter Strategic AbsRt Bd I £ H Acc,9.911144721
04/07/2012,Jupiter Strategic AbsRt Bd I £ H Acc,9.911144721
04/08/2012,Jupiter Strategic AbsRt Bd I £ H Acc,9.911144721
04/09/2012,Jupiter Strategic AbsRt Bd I £ H Acc,9.911144721
04/10/2012,Jupiter Strategic AbsRt Bd I £ H Acc,9.888458266
04/11/2012,Jupiter Strategic AbsRt Bd I £ H Acc,9.895075149
04/12/2012,Jupiter Strategic AbsRt Bd I £ H Acc,9.898856225
04/13/2012,Jupiter Strategic AbsRt Bd I £ H Acc,9.931940637
04/14/2012,Jupiter Strategic AbsRt Bd I £ H Acc,9.931940637
04/15/2012,Jupiter Strategic AbsRt Bd I £ H Acc,9.931940637
04/16/2012,Jupiter Strategic AbsRt Bd I £ H Acc,9.926269024
04/17/2012,Jupiter Strategic AbsRt Bd I £ H Acc,9.921542679
04/18/2012,Jupiter Strategic AbsRt Bd I £ H Acc,9.91208999
04/19/2012,Jupiter Strategic AbsRt Bd I £ H Acc,9.918706872
04/20/2012,Jupiter Strategic AbsRt Bd I £ H Acc,9.917761603
04/21/2012,Jupiter Strategic AbsRt Bd I £ H Acc,9.917761603
04/22/2012,Jupiter Strategic AbsRt Bd I £ H Acc,9.917761603
04/23/2012,Jupiter Strategic AbsRt Bd I £ H Acc,9.916816334
04/24/2012,Jupiter Strategic AbsRt Bd I £ H Acc,9.913035259
04/25/2012,Jupiter Strategic AbsRt Bd I £ H Acc,9.911144721
04/26/2012,Jupiter Strategic AbsRt Bd I £ H Acc,9.92910483
04/27/2012,Jupiter Strategic AbsRt Bd I £ H Acc,9.944229133
04/28/2012,Jupiter Strategic AbsRt Bd I £ H Acc,9.944229133
04/29/2012,Jupiter Strategic AbsRt Bd I £ H Acc,9.944229133
04/30/2012,Jupiter Strategic AbsRt Bd I £ H Acc,9.96502505
05/01/2012,Jupiter Strategic AbsRt Bd I £ H Acc,9.970696663
05/02/2012,Jupiter Strategic AbsRt Bd I £ H Acc,9.968806125
05/03/2012,Jupiter Strategic AbsRt Bd I £ H Acc,9.986766235
05/04/2012,Jupiter Strategic AbsRt Bd I £ H Acc,9.983930428
05/05/2012,Jupiter Strategic AbsRt Bd I £ H Acc,9.983930428
05/06/2012,Jupiter Strategic AbsRt Bd I £ H Acc,9.983930428
05/07/2012,Jupiter Strategic AbsRt Bd I £ H Acc,9.983930428
05/08/2012,Jupiter Strategic AbsRt Bd I £ H Acc,10.01323377
05/09/2012,Jupiter Strategic AbsRt Bd I £ H Acc,10.02552226
05/10/2012,Jupiter Strategic AbsRt Bd I £ H Acc,10.0122885
05/11/2012,Jupiter Strategic AbsRt Bd I £ H Acc,10.00661688
05/12/2012,Jupiter Strategic AbsRt Bd I £ H Acc,10.00661688
05/13/2012,Jupiter Strategic AbsRt Bd I £ H Acc,10.00661688
05/14/2012,Jupiter Strategic AbsRt Bd I £ H Acc,10.04442764
05/15/2012,Jupiter Strategic AbsRt Bd I £ H Acc,10.04537291
05/16/2012,Jupiter Strategic AbsRt Bd I £ H Acc,10.03592022
05/17/2012,Jupiter Strategic AbsRt Bd I £ H Acc,10.05577087
05/18/2012,Jupiter Strategic AbsRt Bd I £ H Acc,10.10208904
05/19/2012,Jupiter Strategic AbsRt Bd I £ H Acc,10.10208904
05/20/2012,Jupiter Strategic AbsRt Bd I £ H Acc,10.10208904
05/21/2012,Jupiter Strategic AbsRt Bd I £ H Acc,10.08791001
05/22/2012,Jupiter Strategic AbsRt Bd I £ H Acc,10.08318367
05/23/2012,Jupiter Strategic AbsRt Bd I £ H Acc,10.07656678
05/24/2012,Jupiter Strategic AbsRt Bd I £ H Acc,10.05860667
05/25/2012,Jupiter Strategic AbsRt Bd I £ H Acc,10.06427829
05/26/2012,Jupiter Strategic AbsRt Bd I £ H Acc,10.06427829
05/27/2012,Jupiter Strategic AbsRt Bd I £ H Acc,10.06427829
05/28/2012,Jupiter Strategic AbsRt Bd I £ H Acc,10.06900463
05/29/2012,Jupiter Strategic AbsRt Bd I £ H Acc,10.05388033
05/30/2012,Jupiter Strategic AbsRt Bd I £ H Acc,10.01985065
05/31/2012,Jupiter Strategic AbsRt Bd I £ H Acc,10.01606957
06/01/2012,Jupiter Strategic AbsRt Bd I £ H Acc,9.996218924
06/02/2012,Jupiter Strategic AbsRt Bd I £ H Acc,9.996218924
06/03/2012,Jupiter Strategic AbsRt Bd I £ H Acc,9.996218924
06/04/2012,Jupiter Strategic AbsRt Bd I £ H Acc,9.996218924
06/05/2012,Jupiter Strategic AbsRt Bd I £ H Acc,9.996218924
06/06/2012,Jupiter Strategic AbsRt Bd I £ H Acc,10.00756215
06/07/2012,Jupiter Strategic AbsRt Bd I £ H Acc,10.06144248
06/08/2012,Jupiter Strategic AbsRt Bd I £ H Acc,10.05009925
06/09/2012,Jupiter Strategic AbsRt Bd I £ H Acc,10.05009925
06/10/2012,Jupiter Strategic AbsRt Bd I £ H Acc,10.05009925
06/11/2012,Jupiter Strategic AbsRt Bd I £ H Acc,10.05577087
06/12/2012,Jupiter Strategic AbsRt Bd I £ H Acc,10.07467625
06/13/2012,Jupiter Strategic AbsRt Bd I £ H Acc,10.11059646
06/14/2012,Jupiter Strategic AbsRt Bd I £ H Acc,10.13517346
06/15/2012,Jupiter Strategic AbsRt Bd I £ H Acc,10.13044711
06/16/2012,Jupiter Strategic AbsRt Bd I £ H Acc,10.13044711
06/17/2012,Jupiter Strategic AbsRt Bd I £ H Acc,10.13044711
06/18/2012,Jupiter Strategic AbsRt Bd I £ H Acc,10.09925324
06/19/2012,Jupiter Strategic AbsRt Bd I £ H Acc,10.14557142
06/20/2012,Jupiter Strategic AbsRt Bd I £ H Acc,10.17487475
06/21/2012,Jupiter Strategic AbsRt Bd I £ H Acc,10.17865583
06/22/2012,Jupiter Strategic AbsRt Bd I £ H Acc,10.16069572
06/23/2012,Jupiter Strategic AbsRt Bd I £ H Acc,10.16069572
06/24/2012,Jupiter Strategic AbsRt Bd I £ H Acc,10.16069572
06/25/2012,Jupiter Strategic AbsRt Bd I £ H Acc,10.16164099
06/26/2012,Jupiter Strategic AbsRt Bd I £ H Acc,10.15975045
06/27/2012,Jupiter Strategic AbsRt Bd I £ H Acc,10.17298421
06/28/2012,Jupiter Strategic AbsRt Bd I £ H Acc,10.19094432
06/29/2012,Jupiter Strategic AbsRt Bd I £ H Acc,10.20039701
06/30/2012,Jupiter Strategic AbsRt Bd I £ H Acc,10.20039701
07/01/2012,Jupiter Strategic AbsRt Bd I £ H Acc,10.20039701
07/02/2012,Jupiter Strategic AbsRt Bd I £ H Acc,10.21835712
07/03/2012,Jupiter Strategic AbsRt Bd I £ H Acc,10.22875508
07/04/2012,Jupiter Strategic AbsRt Bd I £ H Acc,10.21646658
07/05/2012,Jupiter Strategic AbsRt Bd I £ H Acc,10.21457605
07/06/2012,Jupiter Strategic AbsRt Bd I £ H Acc,10.19567067
07/07/2012,Jupiter Strategic AbsRt Bd I £ H Acc,10.19567067
07/08/2012,Jupiter Strategic AbsRt Bd I £ H Acc,10.19567067
07/09/2012,Jupiter Strategic AbsRt Bd I £ H Acc,10.18621798
07/10/2012,Jupiter Strategic AbsRt Bd I £ H Acc,10.18621798
07/11/2012,Jupiter Strategic AbsRt Bd I £ H Acc,10.1947254
07/12/2012,Jupiter Strategic AbsRt Bd I £ H Acc,10.17771056
07/13/2012,Jupiter Strategic AbsRt Bd I £ H Acc,10.1824369
07/14/2012,Jupiter Strategic AbsRt Bd I £ H Acc,10.1824369
07/15/2012,Jupiter Strategic AbsRt Bd I £ H Acc,10.1824369
07/16/2012,Jupiter Strategic AbsRt Bd I £ H Acc,10.2070139
07/17/2012,Jupiter Strategic AbsRt Bd I £ H Acc,10.2098497
07/18/2012,Jupiter Strategic AbsRt Bd I £ H Acc,10.20606863
07/19/2012,Jupiter Strategic AbsRt Bd I £ H Acc,10.19850648
07/20/2012,Jupiter Strategic AbsRt Bd I £ H Acc,10.21174024
07/21/2012,Jupiter Strategic AbsRt Bd I £ H Acc,10.21174024
07/22/2012,Jupiter Strategic AbsRt Bd I £ H Acc,10.21174024
07/23/2012,Jupiter Strategic AbsRt Bd I £ H Acc,10.22591927
07/24/2012,Jupiter Strategic AbsRt Bd I £ H Acc,10.21552132
07/25/2012,Jupiter Strategic AbsRt Bd I £ H Acc,10.23442669
07/26/2012,Jupiter Strategic AbsRt Bd I £ H Acc,10.23064562
07/27/2012,Jupiter Strategic AbsRt Bd I £ H Acc,10.24387938
07/28/2012,Jupiter Strategic AbsRt Bd I £ H Acc,10.24387938
07/29/2012,Jupiter Strategic AbsRt Bd I £ H Acc,10.24387938
07/30/2012,Jupiter Strategic AbsRt Bd I £ H Acc,10.2523868
07/31/2012,Jupiter Strategic AbsRt Bd I £ H Acc,10.26751111
08/01/2012,Jupiter Strategic AbsRt Bd I £ H Acc,10.26940164
08/02/2012,Jupiter Strategic AbsRt Bd I £ H Acc,10.26845638
08/03/2012,Jupiter Strategic AbsRt Bd I £ H Acc,10.23442669
08/04/2012,Jupiter Strategic AbsRt Bd I £ H Acc,10.23442669
08/05/2012,Jupiter Strategic AbsRt Bd I £ H Acc,10.23442669
08/06/2012,Jupiter Strategic AbsRt Bd I £ H Acc,10.23442669
08/07/2012,Jupiter Strategic AbsRt Bd I £ H Acc,10.29397864
08/08/2012,Jupiter Strategic AbsRt Bd I £ H Acc,10.30910294
08/09/2012,Jupiter Strategic AbsRt Bd I £ H Acc,10.29681444
08/10/2012,Jupiter Strategic AbsRt Bd I £ H Acc,10.29870498
08/11/2012,Jupiter Strategic AbsRt Bd I £ H Acc,10.29870498
08/12/2012,Jupiter Strategic AbsRt Bd I £ H Acc,10.29870498
08/13/2012,Jupiter Strategic AbsRt Bd I £ H Acc,10.29019756
08/14/2012,Jupiter Strategic AbsRt Bd I £ H Acc,10.29303337
08/15/2012,Jupiter Strategic AbsRt Bd I £ H Acc,10.28074487
08/16/2012,Jupiter Strategic AbsRt Bd I £ H Acc,10.27790907
08/17/2012,Jupiter Strategic AbsRt Bd I £ H Acc,10.26845638
08/18/2012,Jupiter Strategic AbsRt Bd I £ H Acc,10.26845638
08/19/2012,Jupiter Strategic AbsRt Bd I £ H Acc,10.26845638
08/20/2012,Jupiter Strategic AbsRt Bd I £ H Acc,10.26278476
08/21/2012,Jupiter Strategic AbsRt Bd I £ H Acc,10.27223745
08/22/2012,Jupiter Strategic AbsRt Bd I £ H Acc,10.28452595
08/23/2012,Jupiter Strategic AbsRt Bd I £ H Acc,10.27885433
08/24/2012,Jupiter Strategic AbsRt Bd I £ H Acc,10.26278476
08/25/2012,Jupiter Strategic AbsRt Bd I £ H Acc,10.26278476
08/26/2012,Jupiter Strategic AbsRt Bd I £ H Acc,10.26278476
08/27/2012,Jupiter Strategic AbsRt Bd I £ H Acc,10.26278476
08/28/2012,Jupiter Strategic AbsRt Bd I £ H Acc,10.29303337
08/29/2012,Jupiter Strategic AbsRt Bd I £ H Acc,10.27885433
08/30/2012,Jupiter Strategic AbsRt Bd I £ H Acc,10.28925229
08/31/2012,Jupiter Strategic AbsRt Bd I £ H Acc,10.28547122
09/01/2012,Jupiter Strategic AbsRt Bd I £ H Acc,10.28547122
09/02/2012,Jupiter Strategic AbsRt Bd I £ H Acc,10.28547122
09/03/2012,Jupiter Strategic AbsRt Bd I £ H Acc,10.30343133
09/04/2012,Jupiter Strategic AbsRt Bd I £ H Acc,10.32422724
09/05/2012,Jupiter Strategic AbsRt Bd I £ H Acc,10.33084413
09/06/2012,Jupiter Strategic AbsRt Bd I £ H Acc,10.32706305
09/07/2012,Jupiter Strategic AbsRt Bd I £ H Acc,10.29775971
09/08/2012,Jupiter Strategic AbsRt Bd I £ H Acc,10.29775971
09/09/2012,Jupiter Strategic AbsRt Bd I £ H Acc,10.29775971
09/10/2012,Jupiter Strategic AbsRt Bd I £ H Acc,10.33084413
09/11/2012,Jupiter Strategic AbsRt Bd I £ H Acc,10.33273466
09/12/2012,Jupiter Strategic AbsRt Bd I £ H Acc,10.32328197
09/13/2012,Jupiter Strategic AbsRt Bd I £ H Acc,10.32328197
09/14/2012,Jupiter Strategic AbsRt Bd I £ H Acc,10.35353058
09/15/2012,Jupiter Strategic AbsRt Bd I £ H Acc,10.35353058
09/16/2012,Jupiter Strategic AbsRt Bd I £ H Acc,10.35353058
09/17/2012,Jupiter Strategic AbsRt Bd I £ H Acc,10.38661499
09/18/2012,Jupiter Strategic AbsRt Bd I £ H Acc,10.37338123
09/19/2012,Jupiter Strategic AbsRt Bd I £ H Acc,10.36487381
09/20/2012,Jupiter Strategic AbsRt Bd I £ H Acc,10.36487381
09/21/2012,Jupiter Strategic AbsRt Bd I £ H Acc,10.36392854
09/22/2012,Jupiter Strategic AbsRt Bd I £ H Acc,10.36392854
09/23/2012,Jupiter Strategic AbsRt Bd I £ H Acc,10.36392854
09/24/2012,Jupiter Strategic AbsRt Bd I £ H Acc,10.32706305
09/25/2012,Jupiter Strategic AbsRt Bd I £ H Acc,10.30532186
09/26/2012,Jupiter Strategic AbsRt Bd I £ H Acc,10.27412799
09/27/2012,Jupiter Strategic AbsRt Bd I £ H Acc,10.23159089
09/28/2012,Jupiter Strategic AbsRt Bd I £ H Acc,10.25900369
09/29/2012,Jupiter Strategic AbsRt Bd I £ H Acc,10.25900369
09/30/2012,Jupiter Strategic AbsRt Bd I £ H Acc,10.25900369
10/01/2012,Jupiter Strategic AbsRt Bd I £ H Acc,10.249551
10/02/2012,Jupiter Strategic AbsRt Bd I £ H Acc,10.24671519
10/03/2012,Jupiter Strategic AbsRt Bd I £ H Acc,10.27034691
10/04/2012,Jupiter Strategic AbsRt Bd I £ H Acc,10.27885433
10/05/2012,Jupiter Strategic AbsRt Bd I £ H Acc,10.29492391
10/06/2012,Jupiter Strategic AbsRt Bd I £ H Acc,10.29492391
10/07/2012,Jupiter Strategic AbsRt Bd I £ H Acc,10.29492391
10/08/2012,Jupiter Strategic AbsRt Bd I £ H Acc,10.28169014
10/09/2012,Jupiter Strategic AbsRt Bd I £ H Acc,10.28925229
10/10/2012,Jupiter Strategic AbsRt Bd I £ H Acc,10.27318272
10/11/2012,Jupiter Strategic AbsRt Bd I £ H Acc,10.28074487
10/12/2012,Jupiter Strategic AbsRt Bd I £ H Acc,10.29586917
10/13/2012,Jupiter Strategic AbsRt Bd I £ H Acc,10.29586917
10/14/2012,Jupiter Strategic AbsRt Bd I £ H Acc,10.29586917
10/15/2012,Jupiter Strategic AbsRt Bd I £ H Acc,10.31761036
10/16/2012,Jupiter Strategic AbsRt Bd I £ H Acc,10.31382928
10/17/2012,Jupiter Strategic AbsRt Bd I £ H Acc,10.32328197
10/18/2012,Jupiter Strategic AbsRt Bd I £ H Acc,10.36676434
10/19/2012,Jupiter Strategic AbsRt Bd I £ H Acc,10.35825692
10/20/2012,Jupiter Strategic AbsRt Bd I £ H Acc,10.35825692
10/21/2012,Jupiter Strategic AbsRt Bd I £ H Acc,10.35825692
10/22/2012,Jupiter Strategic AbsRt Bd I £ H Acc,10.33557047
10/23/2012,Jupiter Strategic AbsRt Bd I £ H Acc,10.34880423
10/24/2012,Jupiter Strategic AbsRt Bd I £ H Acc,10.31099348
10/25/2012,Jupiter Strategic AbsRt Bd I £ H Acc,10.31193875
10/26/2012,Jupiter Strategic AbsRt Bd I £ H Acc,10.30626713
10/27/2012,Jupiter Strategic AbsRt Bd I £ H Acc,10.30626713
10/28/2012,Jupiter Strategic AbsRt Bd I £ H Acc,10.30626713
10/29/2012,Jupiter Strategic AbsRt Bd I £ H Acc,10.30626713
10/30/2012,Jupiter Strategic AbsRt Bd I £ H Acc,10.31004821
10/31/2012,Jupiter Strategic AbsRt Bd I £ H Acc,10.3346252
11/01/2012,Jupiter Strategic AbsRt Bd I £ H Acc,10.32800832
11/02/2012,Jupiter Strategic AbsRt Bd I £ H Acc,10.3195009
11/03/2012,Jupiter Strategic AbsRt Bd I £ H Acc,10.3195009
11/04/2012,Jupiter Strategic AbsRt Bd I £ H Acc,10.3195009
11/05/2012,Jupiter Strategic AbsRt Bd I £ H Acc,10.30532186
11/06/2012,Jupiter Strategic AbsRt Bd I £ H Acc,10.29019756
11/07/2012,Jupiter Strategic AbsRt Bd I £ H Acc,10.34596843
11/08/2012,Jupiter Strategic AbsRt Bd I £ H Acc,10.27223745
11/09/2012,Jupiter Strategic AbsRt Bd I £ H Acc,10.27223745
11/10/2012,Jupiter Strategic AbsRt Bd I £ H Acc,10.27223745
11/11/2012,Jupiter Strategic AbsRt Bd I £ H Acc,10.27223745
11/12/2012,Jupiter Strategic AbsRt Bd I £ H Acc,10.26089422
11/13/2012,Jupiter Strategic AbsRt Bd I £ H Acc,10.25427734
11/14/2012,Jupiter Strategic AbsRt Bd I £ H Acc,10.25711315
11/15/2012,Jupiter Strategic AbsRt Bd I £ H Acc,10.24576992
11/16/2012,Jupiter Strategic AbsRt Bd I £ H Acc,10.21363078
11/17/2012,Jupiter Strategic AbsRt Bd I £ H Acc,10.21363078
11/18/2012,Jupiter Strategic AbsRt Bd I £ H Acc,10.21363078
11/19/2012,Jupiter Strategic AbsRt Bd I £ H Acc,10.24104358
11/20/2012,Jupiter Strategic AbsRt Bd I £ H Acc,10.27129218
11/21/2012,Jupiter Strategic AbsRt Bd I £ H Acc,10.28736175
11/22/2012,Jupiter Strategic AbsRt Bd I £ H Acc,10.31855563
11/23/2012,Jupiter Strategic AbsRt Bd I £ H Acc,10.32800832
11/24/2012,Jupiter Strategic AbsRt Bd I £ H Acc,10.32800832
11/25/2012,Jupiter Strategic AbsRt Bd I £ H Acc,10.32800832
11/26/2012,Jupiter Strategic AbsRt Bd I £ H Acc,10.37149069
11/27/2012,Jupiter Strategic AbsRt Bd I £ H Acc,10.36298327
11/28/2012,Jupiter Strategic AbsRt Bd I £ H Acc,10.34218735
11/29/2012,Jupiter Strategic AbsRt Bd I £ H Acc,10.35069477
11/30/2012,Jupiter Strategic AbsRt Bd I £ H Acc,10.36770961
12/01/2012,Jupiter Strategic AbsRt Bd I £ H Acc,10.36770961
12/02/2012,Jupiter Strategic AbsRt Bd I £ H Acc,10.36770961
12/03/2012,Jupiter Strategic AbsRt Bd I £ H Acc,10.37810757
12/04/2012,Jupiter Strategic AbsRt Bd I £ H Acc,10.42348048
12/05/2012,Jupiter Strategic AbsRt Bd I £ H Acc,10.41308252
12/06/2012,Jupiter Strategic AbsRt Bd I £ H Acc,10.41875414
12/07/2012,Jupiter Strategic AbsRt Bd I £ H Acc,10.3894508
12/08/2012,Jupiter Strategic AbsRt Bd I £ H Acc,10.3894508
12/09/2012,Jupiter Strategic AbsRt Bd I £ H Acc,10.3894508
12/10/2012,Jupiter Strategic AbsRt Bd I £ H Acc,10.39701295
12/11/2012,Jupiter Strategic AbsRt Bd I £ H Acc,10.4319879
12/12/2012,Jupiter Strategic AbsRt Bd I £ H Acc,10.46412704
12/13/2012,Jupiter Strategic AbsRt Bd I £ H Acc,10.47357973
12/14/2012,Jupiter Strategic AbsRt Bd I £ H Acc,10.49059457
12/15/2012,Jupiter Strategic AbsRt Bd I £ H Acc,10.49059457
12/16/2012,Jupiter Strategic AbsRt Bd I £ H Acc,10.49059457
12/17/2012,Jupiter Strategic AbsRt Bd I £ H Acc,10.53407694
12/18/2012,Jupiter Strategic AbsRt Bd I £ H Acc,10.53880329
12/19/2012,Jupiter Strategic AbsRt Bd I £ H Acc,10.60686265
12/20/2012,Jupiter Strategic AbsRt Bd I £ H Acc,10.55959921
12/21/2012,Jupiter Strategic AbsRt Bd I £ H Acc,10.54542017
12/22/2012,Jupiter Strategic AbsRt Bd I £ H Acc,10.54542017
12/23/2012,Jupiter Strategic AbsRt Bd I £ H Acc,10.54542017
12/24/2012,Jupiter Strategic AbsRt Bd I £ H Acc,10.52746006
12/25/2012,Jupiter Strategic AbsRt Bd I £ H Acc,10.52746006
12/26/2012,Jupiter Strategic AbsRt Bd I £ H Acc,10.52746006
12/27/2012,Jupiter Strategic AbsRt Bd I £ H Acc,10.52746006
12/28/2012,Jupiter Strategic AbsRt Bd I £ H Acc,10.50571888
12/29/2012,Jupiter Strategic AbsRt Bd I £ H Acc,10.50571888
12/30/2012,Jupiter Strategic AbsRt Bd I £ H Acc,10.50571888
12/31/2012,Jupiter Strategic AbsRt Bd I £ H Acc,10.50382834
01/01/2013,Jupiter Strategic AbsRt Bd I £ H Acc,10.50382834
01/02/2013,Jupiter Strategic AbsRt Bd I £ H Acc,10.52651479
01/03/2013,Jupiter Strategic AbsRt Bd I £ H Acc,10.55014652
01/04/2013,Jupiter Strategic AbsRt Bd I £ H Acc,10.51611684
01/05/2013,Jupiter Strategic AbsRt Bd I £ H Acc,10.51611684
01/06/2013,Jupiter Strategic AbsRt Bd I £ H Acc,10.51611684
01/07/2013,Jupiter Strategic AbsRt Bd I £ H Acc,10.55298232
01/08/2013,Jupiter Strategic AbsRt Bd I £ H Acc,10.58512147
01/09/2013,Jupiter Strategic AbsRt Bd I £ H Acc,10.55109179
01/10/2013,Jupiter Strategic AbsRt Bd I £ H Acc,10.62954911
01/11/2013,Jupiter Strategic AbsRt Bd I £ H Acc,10.70989697
01/12/2013,Jupiter Strategic AbsRt Bd I £ H Acc,10.70989697
01/13/2013,Jupiter Strategic AbsRt Bd I £ H Acc,10.70989697
01/14/2013,Jupiter Strategic AbsRt Bd I £ H Acc,10.72974761
01/15/2013,Jupiter Strategic AbsRt Bd I £ H Acc,10.71084223
01/16/2013,Jupiter Strategic AbsRt Bd I £ H Acc,10.67870309
01/17/2013,Jupiter Strategic AbsRt Bd I £ H Acc,10.69288212
01/18/2013,Jupiter Strategic AbsRt Bd I £ H Acc,10.70233481
01/19/2013,Jupiter Strategic AbsRt Bd I £ H Acc,10.70233481
01/20/2013,Jupiter Strategic AbsRt Bd I £ H Acc,10.70233481
01/21/2013,Jupiter Strategic AbsRt Bd I £ H Acc,10.67019567
01/22/2013,Jupiter Strategic AbsRt Bd I £ H Acc,10.6843747
01/23/2013,Jupiter Strategic AbsRt Bd I £ H Acc,10.67870309
01/24/2013,Jupiter Strategic AbsRt Bd I £ H Acc,10.6541261
01/25/2013,Jupiter Strategic AbsRt Bd I £ H Acc,10.67775782
01/26/2013,Jupiter Strategic AbsRt Bd I £ H Acc,10.67775782
01/27/2013,Jupiter Strategic AbsRt Bd I £ H Acc,10.67775782
01/28/2013,Jupiter Strategic AbsRt Bd I £ H Acc,10.71367804
01/29/2013,Jupiter Strategic AbsRt Bd I £ H Acc,10.70989697
01/30/2013,Jupiter Strategic AbsRt Bd I £ H Acc,10.70800643
01/31/2013,Jupiter Strategic AbsRt Bd I £ H Acc,10.71651385
02/01/2013,Jupiter Strategic AbsRt Bd I £ H Acc,10.75054353
02/02/2013,Jupiter Strategic AbsRt Bd I £ H Acc,10.75054353
02/03/2013,Jupiter Strategic AbsRt Bd I £ H Acc,10.75054353
02/04/2013,Jupiter Strategic AbsRt Bd I £ H Acc,10.75526987
02/05/2013,Jupiter Strategic AbsRt Bd I £ H Acc,10.75432461
02/06/2013,Jupiter Strategic AbsRt Bd I £ H Acc,10.74581718
02/07/2013,Jupiter Strategic AbsRt Bd I £ H Acc,10.73447396
02/08/2013,Jupiter Strategic AbsRt Bd I £ H Acc,10.71462331
02/09/2013,Jupiter Strategic AbsRt Bd I £ H Acc,10.71462331
02/10/2013,Jupiter Strategic AbsRt Bd I £ H Acc,10.71462331
02/11/2013,Jupiter Strategic AbsRt Bd I £ H Acc,10.69571793
02/12/2013,Jupiter Strategic AbsRt Bd I £ H Acc,10.70611589
02/13/2013,Jupiter Strategic AbsRt Bd I £ H Acc,10.73730976
02/14/2013,Jupiter Strategic AbsRt Bd I £ H Acc,10.71462331
02/15/2013,Jupiter Strategic AbsRt Bd I £ H Acc,10.68721051
02/16/2013,Jupiter Strategic AbsRt Bd I £ H Acc,10.68721051
02/17/2013,Jupiter Strategic AbsRt Bd I £ H Acc,10.68721051
02/18/2013,Jupiter Strategic AbsRt Bd I £ H Acc,10.6815389
02/19/2013,Jupiter Strategic AbsRt Bd I £ H Acc,10.67586728
02/20/2013,Jupiter Strategic AbsRt Bd I £ H Acc,10.69949901
02/21/2013,Jupiter Strategic AbsRt Bd I £ H Acc,10.6418376
02/22/2013,Jupiter Strategic AbsRt Bd I £ H Acc,10.61347953
02/23/2013,Jupiter Strategic AbsRt Bd I £ H Acc,10.61347953
02/24/2013,Jupiter Strategic AbsRt Bd I £ H Acc,10.61347953
02/25/2013,Jupiter Strategic AbsRt Bd I £ H Acc,10.63616599
02/26/2013,Jupiter Strategic AbsRt Bd I £ H Acc,10.57377824
02/27/2013,Jupiter Strategic AbsRt Bd I £ H Acc,10.55487286
02/28/2013,Jupiter Strategic AbsRt Bd I £ H Acc,10.57283297
03/01/2013,Jupiter Strategic AbsRt Bd I £ H Acc,10.55014652
03/02/2013,Jupiter Strategic AbsRt Bd I £ H Acc,10.55014652
03/03/2013,Jupiter Strategic AbsRt Bd I £ H Acc,10.55014652
03/04/2013,Jupiter Strategic AbsRt Bd I £ H Acc,10.53596748
03/05/2013,Jupiter Strategic AbsRt Bd I £ H Acc,10.53407694
03/06/2013,Jupiter Strategic AbsRt Bd I £ H Acc,10.52746006
03/07/2013,Jupiter Strategic AbsRt Bd I £ H Acc,10.53785802
03/08/2013,Jupiter Strategic AbsRt Bd I £ H Acc,10.52651479
03/09/2013,Jupiter Strategic AbsRt Bd I £ H Acc,10.52651479
03/10/2013,Jupiter Strategic AbsRt Bd I £ H Acc,10.52651479
03/11/2013,Jupiter Strategic AbsRt Bd I £ H Acc,10.52840533
03/12/2013,Jupiter Strategic AbsRt Bd I £ H Acc,10.55865394
03/13/2013,Jupiter Strategic AbsRt Bd I £ H Acc,10.56432555
03/14/2013,Jupiter Strategic AbsRt Bd I £ H Acc,10.5293506
03/15/2013,Jupiter Strategic AbsRt Bd I £ H Acc,10.53880329
03/16/2013,Jupiter Strategic AbsRt Bd I £ H Acc,10.53880329
03/17/2013,Jupiter Strategic AbsRt Bd I £ H Acc,10.53880329
03/18/2013,Jupiter Strategic AbsRt Bd I £ H Acc,10.53880329
03/19/2013,Jupiter Strategic AbsRt Bd I £ H Acc,10.5567634
03/20/2013,Jupiter Strategic AbsRt Bd I £ H Acc,10.54258437
03/21/2013,Jupiter Strategic AbsRt Bd I £ H Acc,10.51800737
03/22/2013,Jupiter Strategic AbsRt Bd I £ H Acc,10.51328103
03/23/2013,Jupiter Strategic AbsRt Bd I £ H Acc,10.51328103
03/24/2013,Jupiter Strategic AbsRt Bd I £ H Acc,10.51328103
03/25/2013,Jupiter Strategic AbsRt Bd I £ H Acc,10.51895264
03/26/2013,Jupiter Strategic AbsRt Bd I £ H Acc,10.51611684
03/27/2013,Jupiter Strategic AbsRt Bd I £ H Acc,10.52462426
03/28/2013,Jupiter Strategic AbsRt Bd I £ H Acc,10.5019378
03/29/2013,Jupiter Strategic AbsRt Bd I £ H Acc,10.5019378
03/30/2013,Jupiter Strategic AbsRt Bd I £ H Acc,10.5019378
03/31/2013,Jupiter Strategic AbsRt Bd I £ H Acc,10.5019378
04/01/2013,Jupiter Strategic AbsRt Bd I £ H Acc,10.5019378
04/02/2013,Jupiter Strategic AbsRt Bd I £ H Acc,10.51800737
04/03/2013,Jupiter Strategic AbsRt Bd I £ H Acc,10.51611684
04/04/2013,Jupiter Strategic AbsRt Bd I £ H Acc,10.48775877
04/05/2013,Jupiter Strategic AbsRt Bd I £ H Acc,10.55203705
04/06/2013,Jupiter Strategic AbsRt Bd I £ H Acc,10.55203705
04/07/2013,Jupiter Strategic AbsRt Bd I £ H Acc,10.55203705
04/08/2013,Jupiter Strategic AbsRt Bd I £ H Acc,10.54069383
04/09/2013,Jupiter Strategic AbsRt Bd I £ H Acc,10.54920125
04/10/2013,Jupiter Strategic AbsRt Bd I £ H Acc,10.57661405
04/11/2013,Jupiter Strategic AbsRt Bd I £ H Acc,10.60875319
04/12/2013,Jupiter Strategic AbsRt Bd I £ H Acc,10.63049438
04/13/2013,Jupiter Strategic AbsRt Bd I £ H Acc,10.63049438
04/14/2013,Jupiter Strategic AbsRt Bd I £ H Acc,10.63049438
04/15/2013,Jupiter Strategic AbsRt Bd I £ H Acc,10.58984781
04/16/2013,Jupiter Strategic AbsRt Bd I £ H Acc,10.56148974
04/17/2013,Jupiter Strategic AbsRt Bd I £ H Acc,10.56621609
04/18/2013,Jupiter Strategic AbsRt Bd I £ H Acc,10.50571888
04/19/2013,Jupiter Strategic AbsRt Bd I £ H Acc,10.46696285
04/20/2013,Jupiter Strategic AbsRt Bd I £ H Acc,10.46696285
04/21/2013,Jupiter Strategic AbsRt Bd I £ H Acc,10.46696285
04/22/2013,Jupiter Strategic AbsRt Bd I £ H Acc,10.49532092
04/23/2013,Jupiter Strategic AbsRt Bd I £ H Acc,10.50477361
04/24/2013,Jupiter Strategic AbsRt Bd I £ H Acc,10.50571888
04/25/2013,Jupiter Strategic AbsRt Bd I £ H Acc,10.53029587
04/26/2013,Jupiter Strategic AbsRt Bd I £ H Acc,10.5444749
04/27/2013,Jupiter Strategic AbsRt Bd I £ H Acc,10.5444749
04/28/2013,Jupiter Strategic AbsRt Bd I £ H Acc,10.5444749
04/29/2013,Jupiter Strategic AbsRt Bd I £ H Acc,10.53880329
04/30/2013,Jupiter Strategic AbsRt Bd I £ H Acc,10.54352963
05/01/2013,Jupiter Strategic AbsRt Bd I £ H Acc,10.5567634
05/02/2013,Jupiter Strategic AbsRt Bd I £ H Acc,10.51328103
05/03/2013,Jupiter Strategic AbsRt Bd I £ H Acc,10.50855468
05/04/2013,Jupiter Strategic AbsRt Bd I £ H Acc,10.50855468
05/05/2013,Jupiter Strategic AbsRt Bd I £ H Acc,10.50855468
05/06/2013,Jupiter Strategic AbsRt Bd I £ H Acc,10.50855468
05/07/2013,Jupiter Strategic AbsRt Bd I £ H Acc,10.5444749
05/08/2013,Jupiter Strategic AbsRt Bd I £ H Acc,10.55487286
05/09/2013,Jupiter Strategic AbsRt Bd I £ H Acc,10.55770867
05/10/2013,Jupiter Strategic AbsRt Bd I £ H Acc,10.49248511
05/11/2013,Jupiter Strategic AbsRt Bd I £ H Acc,10.49248511
05/12/2013,Jupiter Strategic AbsRt Bd I £ H Acc,10.49248511
05/13/2013,Jupiter Strategic AbsRt Bd I £ H Acc,10.53407694
05/14/2013,Jupiter Strategic AbsRt Bd I £ H Acc,10.53313168
05/15/2013,Jupiter Strategic AbsRt Bd I £ H Acc,10.50477361
05/16/2013,Jupiter Strategic AbsRt Bd I £ H Acc,10.48019662
05/17/2013,Jupiter Strategic AbsRt Bd I £ H Acc,10.44333113
05/18/2013,Jupiter Strategic AbsRt Bd I £ H Acc,10.44333113
05/19/2013,Jupiter Strategic AbsRt Bd I £ H Acc,10.44333113
05/20/2013,Jupiter Strategic AbsRt Bd I £ H Acc,10.46318178
05/21/2013,Jupiter Strategic AbsRt Bd I £ H Acc,10.46601758
05/22/2013,Jupiter Strategic AbsRt Bd I £ H Acc,10.47263446
05/23/2013,Jupiter Strategic AbsRt Bd I £ H Acc,10.43293317
05/24/2013,Jupiter Strategic AbsRt Bd I £ H Acc,10.44900274
05/25/2013,Jupiter Strategic AbsRt Bd I £ H Acc,10.44900274
05/26/2013,Jupiter Strategic AbsRt Bd I £ H Acc,10.44900274
05/27/2013,Jupiter Strategic AbsRt Bd I £ H Acc,10.44900274
05/28/2013,Jupiter Strategic AbsRt Bd I £ H Acc,10.44144059
05/29/2013,Jupiter Strategic AbsRt Bd I £ H Acc,10.46885339
05/30/2013,Jupiter Strategic AbsRt Bd I £ H Acc,10.44616693
05/31/2013,Jupiter Strategic AbsRt Bd I £ H Acc,10.41780887
06/01/2013,Jupiter Strategic AbsRt Bd I £ H Acc,10.41780887
06/02/2013,Jupiter Strategic AbsRt Bd I £ H Acc,10.41780887
06/03/2013,Jupiter Strategic AbsRt Bd I £ H Acc,10.41780887
06/04/2013,Jupiter Strategic AbsRt Bd I £ H Acc,10.40930145
06/05/2013,Jupiter Strategic AbsRt Bd I £ H Acc,10.38850553
06/06/2013,Jupiter Strategic AbsRt Bd I £ H Acc,10.3195009
06/07/2013,Jupiter Strategic AbsRt Bd I £ H Acc,10.32044617
06/08/2013,Jupiter Strategic AbsRt Bd I £ H Acc,10.32044617
06/09/2013,Jupiter Strategic AbsRt Bd I £ H Acc,10.32044617
06/10/2013,Jupiter Strategic AbsRt Bd I £ H Acc,10.32800832
06/11/2013,Jupiter Strategic AbsRt Bd I £ H Acc,10.26089422
06/12/2013,Jupiter Strategic AbsRt Bd I £ H Acc,10.31099348
06/13/2013,Jupiter Strategic AbsRt Bd I £ H Acc,10.29586917
06/14/2013,Jupiter Strategic AbsRt Bd I £ H Acc,10.32895359
06/15/2013,Jupiter Strategic AbsRt Bd I £ H Acc,10.32895359
06/16/2013,Jupiter Strategic AbsRt Bd I £ H Acc,10.32895359
06/17/2013,Jupiter Strategic AbsRt Bd I £ H Acc,10.31855563
06/18/2013,Jupiter Strategic AbsRt Bd I £ H Acc,10.27223745
06/19/2013,Jupiter Strategic AbsRt Bd I £ H Acc,10.29019756
06/20/2013,Jupiter Strategic AbsRt Bd I £ H Acc,10.10681539
06/21/2013,Jupiter Strategic AbsRt Bd I £ H Acc,10.10397958
06/22/2013,Jupiter Strategic AbsRt Bd I £ H Acc,10.10397958
06/23/2013,Jupiter Strategic AbsRt Bd I £ H Acc,10.10397958
06/24/2013,Jupiter Strategic AbsRt Bd I £ H Acc,10.04820872
06/25/2013,Jupiter Strategic AbsRt Bd I £ H Acc,10.04726345
06/26/2013,Jupiter Strategic AbsRt Bd I £ H Acc,10.08318367
06/27/2013,Jupiter Strategic AbsRt Bd I £ H Acc,10.0822384
06/28/2013,Jupiter Strategic AbsRt Bd I £ H Acc,10.09358162
06/29/2013,Jupiter Strategic AbsRt Bd I £ H Acc,10.09358162
06/30/2013,Jupiter Strategic AbsRt Bd I £ H Acc,10.09358162
07/01/2013,Jupiter Strategic AbsRt Bd I £ H Acc,10.09169109
07/02/2013,Jupiter Strategic AbsRt Bd I £ H Acc,10.12288496
07/03/2013,Jupiter Strategic AbsRt Bd I £ H Acc,10.09641743
07/04/2013,Jupiter Strategic AbsRt Bd I £ H Acc,10.12288496
07/05/2013,Jupiter Strategic AbsRt Bd I £ H Acc,10.14651668
07/06/2013,Jupiter Strategic AbsRt Bd I £ H Acc,10.14651668
07/07/2013,Jupiter Strategic AbsRt Bd I £ H Acc,10.14651668
07/08/2013,Jupiter Strategic AbsRt Bd I £ H Acc,10.22970035
07/09/2013,Jupiter Strategic AbsRt Bd I £ H Acc,10.20795916
07/10/2013,Jupiter Strategic AbsRt Bd I £ H Acc,10.21457605
07/11/2013,Jupiter Strategic AbsRt Bd I £ H Acc,10.26845638
07/12/2013,Jupiter Strategic AbsRt Bd I £ H Acc,10.22024766
07/13/2013,Jupiter Strategic AbsRt Bd I £ H Acc,10.22024766
07/14/2013,Jupiter Strategic AbsRt Bd I £ H Acc,10.22024766
07/15/2013,Jupiter Strategic AbsRt Bd I £ H Acc,10.22497401
07/16/2013,Jupiter Strategic AbsRt Bd I £ H Acc,10.22119293
07/17/2013,Jupiter Strategic AbsRt Bd I £ H Acc,10.2098497
07/18/2013,Jupiter Strategic AbsRt Bd I £ H Acc,10.22024766
07/19/2013,Jupiter Strategic AbsRt Bd I £ H Acc,10.23348143
07/20/2013,Jupiter Strategic AbsRt Bd I £ H Acc,10.23348143
07/21/2013,Jupiter Strategic AbsRt Bd I £ H Acc,10.23348143
07/22/2013,Jupiter Strategic AbsRt Bd I £ H Acc,10.19756121
07/23/2013,Jupiter Strategic AbsRt Bd I £ H Acc,10.18432744
07/24/2013,Jupiter Strategic AbsRt Bd I £ H Acc,10.19378013
07/25/2013,Jupiter Strategic AbsRt Bd I £ H Acc,10.21363078
07/26/2013,Jupiter Strategic AbsRt Bd I £ H Acc,10.2098497
07/27/2013,Jupiter Strategic AbsRt Bd I £ H Acc,10.2098497
07/28/2013,Jupiter Strategic AbsRt Bd I £ H Acc,10.2098497
07/29/2013,Jupiter Strategic AbsRt Bd I £ H Acc,10.18527271
07/30/2013,Jupiter Strategic AbsRt Bd I £ H Acc,10.19850648
07/31/2013,Jupiter Strategic AbsRt Bd I £ H Acc,10.2098497
08/01/2013,Jupiter Strategic AbsRt Bd I £ H Acc,10.21268551
08/02/2013,Jupiter Strategic AbsRt Bd I £ H Acc,10.29492391
08/03/2013,Jupiter Strategic AbsRt Bd I £ H Acc,10.29492391
08/04/2013,Jupiter Strategic AbsRt Bd I £ H Acc,10.29492391
08/05/2013,Jupiter Strategic AbsRt Bd I £ H Acc,10.29492391
08/06/2013,Jupiter Strategic AbsRt Bd I £ H Acc,10.26373003
08/07/2013,Jupiter Strategic AbsRt Bd I £ H Acc,10.26278476
08/08/2013,Jupiter Strategic AbsRt Bd I £ H Acc,10.22780981
08/09/2013,Jupiter Strategic AbsRt Bd I £ H Acc,10.22024766
08/10/2013,Jupiter Strategic AbsRt Bd I £ H Acc,10.22024766
08/11/2013,Jupiter Strategic AbsRt Bd I £ H Acc,10.22024766
08/12/2013,Jupiter Strategic AbsRt Bd I £ H Acc,10.20606863
08/13/2013,Jupiter Strategic AbsRt Bd I £ H Acc,10.21174024
08/14/2013,Jupiter Strategic AbsRt Bd I £ H Acc,10.27223745
08/15/2013,Jupiter Strategic AbsRt Bd I £ H Acc,10.26751111
08/16/2013,Jupiter Strategic AbsRt Bd I £ H Acc,10.27034691
08/17/2013,Jupiter Strategic AbsRt Bd I £ H Acc,10.27034691
08/18/2013,Jupiter Strategic AbsRt Bd I £ H Acc,10.27034691
08/19/2013,Jupiter Strategic AbsRt Bd I £ H Acc,10.29775971
08/20/2013,Jupiter Strategic AbsRt Bd I £ H Acc,10.30532186
08/21/2013,Jupiter Strategic AbsRt Bd I £ H Acc,10.28452595
08/22/2013,Jupiter Strategic AbsRt Bd I £ H Acc,10.28641649
08/23/2013,Jupiter Strategic AbsRt Bd I £ H Acc,10.28736175
08/24/2013,Jupiter Strategic AbsRt Bd I £ H Acc,10.28736175
08/25/2013,Jupiter Strategic AbsRt Bd I £ H Acc,10.28736175
08/26/2013,Jupiter Strategic AbsRt Bd I £ H Acc,10.28736175
08/27/2013,Jupiter Strategic AbsRt Bd I £ H Acc,10.22970035
08/28/2013,Jupiter Strategic AbsRt Bd I £ H Acc,10.18999905
08/29/2013,Jupiter Strategic AbsRt Bd I £ H Acc,10.20417809
08/30/2013,Jupiter Strategic AbsRt Bd I £ H Acc,10.18338217
08/31/2013,Jupiter Strategic AbsRt Bd I £ H Acc,10.18338217
09/01/2013,Jupiter Strategic AbsRt Bd I £ H Acc,10.18338217
09/02/2013,Jupiter Strategic AbsRt Bd I £ H Acc,10.18810852
09/03/2013,Jupiter Strategic AbsRt Bd I £ H Acc,10.18810852
09/04/2013,Jupiter Strategic AbsRt Bd I £ H Acc,10.24766046
09/05/2013,Jupiter Strategic AbsRt Bd I £ H Acc,10.26089422
09/06/2013,Jupiter Strategic AbsRt Bd I £ H Acc,10.30815767
09/07/2013,Jupiter Strategic AbsRt Bd I £ H Acc,10.30815767
09/08/2013,Jupiter Strategic AbsRt Bd I £ H Acc,10.30815767
09/09/2013,Jupiter Strategic AbsRt Bd I £ H Acc,10.29586917
09/10/2013,Jupiter Strategic AbsRt Bd I £ H Acc,10.28263541
09/11/2013,Jupiter Strategic AbsRt Bd I £ H Acc,10.31004821
09/12/2013,Jupiter Strategic AbsRt Bd I £ H Acc,10.29019756
09/13/2013,Jupiter Strategic AbsRt Bd I £ H Acc,10.2797996
09/14/2013,Jupiter Strategic AbsRt Bd I £ H Acc,10.2797996
09/15/2013,Jupiter Strategic AbsRt Bd I £ H Acc,10.2797996
09/16/2013,Jupiter Strategic AbsRt Bd I £ H Acc,10.29303337
09/17/2013,Jupiter Strategic AbsRt Bd I £ H Acc,10.29492391
09/18/2013,Jupiter Strategic AbsRt Bd I £ H Acc,10.28452595
09/19/2013,Jupiter Strategic AbsRt Bd I £ H Acc,10.26562057
09/20/2013,Jupiter Strategic AbsRt Bd I £ H Acc,10.28358068
09/21/2013,Jupiter Strategic AbsRt Bd I £ H Acc,10.28358068
09/22/2013,Jupiter Strategic AbsRt Bd I £ H Acc,10.28358068
09/23/2013,Jupiter Strategic AbsRt Bd I £ H Acc,10.28169014
09/24/2013,Jupiter Strategic AbsRt Bd I £ H Acc,10.25333207
09/25/2013,Jupiter Strategic AbsRt Bd I £ H Acc,10.22591927
09/26/2013,Jupiter Strategic AbsRt Bd I £ H Acc,10.22591927
09/27/2013,Jupiter Strategic AbsRt Bd I £ H Acc,10.23537196
09/28/2013,Jupiter Strategic AbsRt Bd I £ H Acc,10.23537196
09/29/2013,Jupiter Strategic AbsRt Bd I £ H Acc,10.23537196
09/30/2013,Jupiter Strategic AbsRt Bd I £ H Acc,10.2372625
10/01/2013,Jupiter Strategic AbsRt Bd I £ H Acc,10.22970035
10/02/2013,Jupiter Strategic AbsRt Bd I £ H Acc,10.21646658
10/03/2013,Jupiter Strategic AbsRt Bd I £ H Acc,10.21552132
10/04/2013,Jupiter Strategic AbsRt Bd I £ H Acc,10.21363078
10/05/2013,Jupiter Strategic AbsRt Bd I £ H Acc,10.21363078
10/06/2013,Jupiter Strategic AbsRt Bd I £ H Acc,10.21363078
10/07/2013,Jupiter Strategic AbsRt Bd I £ H Acc,10.22780981
10/08/2013,Jupiter Strategic AbsRt Bd I £ H Acc,10.22780981
10/09/2013,Jupiter Strategic AbsRt Bd I £ H Acc,10.2221382
10/10/2013,Jupiter Strategic AbsRt Bd I £ H Acc,10.22402874
10/11/2013,Jupiter Strategic AbsRt Bd I £ H Acc,10.24671519
10/12/2013,Jupiter Strategic AbsRt Bd I £ H Acc,10.24671519
10/13/2013,Jupiter Strategic AbsRt Bd I £ H Acc,10.24671519
10/14/2013,Jupiter Strategic AbsRt Bd I £ H Acc,10.24860573
10/15/2013,Jupiter Strategic AbsRt Bd I £ H Acc,10.26278476
10/16/2013,Jupiter Strategic AbsRt Bd I £ H Acc,10.26751111
10/17/2013,Jupiter Strategic AbsRt Bd I £ H Acc,10.27129218
10/18/2013,Jupiter Strategic AbsRt Bd I £ H Acc,10.25522261
10/19/2013,Jupiter Strategic AbsRt Bd I £ H Acc,10.25522261
10/20/2013,Jupiter Strategic AbsRt Bd I £ H Acc,10.25522261
10/21/2013,Jupiter Strategic AbsRt Bd I £ H Acc,10.25711315
10/22/2013,Jupiter Strategic AbsRt Bd I £ H Acc,10.26373003
10/23/2013,Jupiter Strategic AbsRt Bd I £ H Acc,10.22780981
10/24/2013,Jupiter Strategic AbsRt Bd I £ H Acc,10.21741185
10/25/2013,Jupiter Strategic AbsRt Bd I £ H Acc,10.22780981
10/26/2013,Jupiter Strategic AbsRt Bd I £ H Acc,10.22780981
10/27/2013,Jupiter Strategic AbsRt Bd I £ H Acc,10.22780981
10/28/2013,Jupiter Strategic AbsRt Bd I £ H Acc,10.22780981
10/29/2013,Jupiter Strategic AbsRt Bd I £ H Acc,10.21930239
10/30/2013,Jupiter Strategic AbsRt Bd I £ H Acc,10.22024766
10/31/2013,Jupiter Strategic AbsRt Bd I £ H Acc,10.21552132
11/01/2013,Jupiter Strategic AbsRt Bd I £ H Acc,10.21741185
11/02/2013,Jupiter Strategic AbsRt Bd I £ H Acc,10.21741185
11/03/2013,Jupiter Strategic AbsRt Bd I £ H Acc,10.21741185
11/04/2013,Jupiter Strategic AbsRt Bd I £ H Acc,10.24671519
11/05/2013,Jupiter Strategic AbsRt Bd I £ H Acc,10.24198885
11/06/2013,Jupiter Strategic AbsRt Bd I £ H Acc,10.27034691
11/07/2013,Jupiter Strategic AbsRt Bd I £ H Acc,10.26940164
11/08/2013,Jupiter Strategic AbsRt Bd I £ H Acc,10.24860573
11/09/2013,Jupiter Strategic AbsRt Bd I £ H Acc,10.24860573
11/10/2013,Jupiter Strategic AbsRt Bd I £ H Acc,10.24860573
11/11/2013,Jupiter Strategic AbsRt Bd I £ H Acc,10.30059552
11/12/2013,Jupiter Strategic AbsRt Bd I £ H Acc,10.29114283
11/13/2013,Jupiter Strategic AbsRt Bd I £ H Acc,10.29870498
11/14/2013,Jupiter Strategic AbsRt Bd I £ H Acc,10.28263541
11/15/2013,Jupiter Strategic AbsRt Bd I £ H Acc,10.26940164
11/16/2013,Jupiter Strategic AbsRt Bd I £ H Acc,10.26940164
11/17/2013,Jupiter Strategic AbsRt Bd I £ H Acc,10.26940164
11/18/2013,Jupiter Strategic AbsRt Bd I £ H Acc,10.27790907
11/19/2013,Jupiter Strategic AbsRt Bd I £ H Acc,10.25900369
11/20/2013,Jupiter Strategic AbsRt Bd I £ H Acc,10.27318272
11/21/2013,Jupiter Strategic AbsRt Bd I £ H Acc,10.31193875
11/22/2013,Jupiter Strategic AbsRt Bd I £ H Acc,10.30154079
11/23/2013,Jupiter Strategic AbsRt Bd I £ H Acc,10.30154079
11/24/2013,Jupiter Strategic AbsRt Bd I £ H Acc,10.30154079
11/25/2013,Jupiter Strategic AbsRt Bd I £ H Acc,10.28358068
11/26/2013,Jupiter Strategic AbsRt Bd I £ H Acc,10.27318272
11/27/2013,Jupiter Strategic AbsRt Bd I £ H Acc,10.24671519
11/28/2013,Jupiter Strategic AbsRt Bd I £ H Acc,10.26562057
11/29/2013,Jupiter Strategic AbsRt Bd I £ H Acc,10.25711315
11/30/2013,Jupiter Strategic AbsRt Bd I £ H Acc,10.25711315
12/01/2013,Jupiter Strategic AbsRt Bd I £ H Acc,10.25711315
12/02/2013,Jupiter Strategic AbsRt Bd I £ H Acc,10.27223745
12/03/2013,Jupiter Strategic AbsRt Bd I £ H Acc,10.29870498
12/04/2013,Jupiter Strategic AbsRt Bd I £ H Acc,10.29681444
12/05/2013,Jupiter Strategic AbsRt Bd I £ H Acc,10.32706305
12/06/2013,Jupiter Strategic AbsRt Bd I £ H Acc,10.34785897
12/07/2013,Jupiter Strategic AbsRt Bd I £ H Acc,10.34785897
12/08/2013,Jupiter Strategic AbsRt Bd I £ H Acc,10.34785897
12/09/2013,Jupiter Strategic AbsRt Bd I £ H Acc,10.34596843
12/10/2013,Jupiter Strategic AbsRt Bd I £ H Acc,10.32989886
12/11/2013,Jupiter Strategic AbsRt Bd I £ H Acc,10.29870498
12/12/2013,Jupiter Strategic AbsRt Bd I £ H Acc,10.32517251
12/13/2013,Jupiter Strategic AbsRt Bd I £ H Acc,10.32989886
12/14/2013,Jupiter Strategic AbsRt Bd I £ H Acc,10.32989886
12/15/2013,Jupiter Strategic AbsRt Bd I £ H Acc,10.32989886
12/16/2013,Jupiter Strategic AbsRt Bd I £ H Acc,10.31004821
12/17/2013,Jupiter Strategic AbsRt Bd I £ H Acc,10.32044617
12/18/2013,Jupiter Strategic AbsRt Bd I £ H Acc,10.32328197
12/19/2013,Jupiter Strategic AbsRt Bd I £ H Acc,10.33651574
12/20/2013,Jupiter Strategic AbsRt Bd I £ H Acc,10.34029681
12/21/2013,Jupiter Strategic AbsRt Bd I £ H Acc,10.34029681
12/22/2013,Jupiter Strategic AbsRt Bd I £ H Acc,10.34029681
12/23/2013,Jupiter Strategic AbsRt Bd I £ H Acc,10.31761036
12/24/2013,Jupiter Strategic AbsRt Bd I £ H Acc,10.33651574
12/25/2013,Jupiter Strategic AbsRt Bd I £ H Acc,10.33651574
12/26/2013,Jupiter Strategic AbsRt Bd I £ H Acc,10.33651574
12/27/2013,Jupiter Strategic AbsRt Bd I £ H Acc,10.33651574
12/28/2013,Jupiter Strategic AbsRt Bd I £ H Acc,10.33651574
12/29/2013,Jupiter Strategic AbsRt Bd I £ H Acc,10.33651574
12/30/2013,Jupiter Strategic AbsRt Bd I £ H Acc,10.36676434
12/31/2013,Jupiter Strategic AbsRt Bd I £ H Acc,10.35825692
01/01/2014,Jupiter Strategic AbsRt Bd I £ H Acc,10.35825692
01/02/2014,Jupiter Strategic AbsRt Bd I £ H Acc,10.36392854
01/03/2014,Jupiter Strategic AbsRt Bd I £ H Acc,10.35447585
01/04/2014,Jupiter Strategic AbsRt Bd I £ H Acc,10.35447585
01/05/2014,Jupiter Strategic AbsRt Bd I £ H Acc,10.35447585
01/06/2014,Jupiter Strategic AbsRt Bd I £ H Acc,10.34029681
01/07/2014,Jupiter Strategic AbsRt Bd I £ H Acc,10.31666509
01/08/2014,Jupiter Strategic AbsRt Bd I £ H Acc,10.31382928
01/09/2014,Jupiter Strategic AbsRt Bd I £ H Acc,10.31761036
01/10/2014,Jupiter Strategic AbsRt Bd I £ H Acc,10.30815767
01/11/2014,Jupiter Strategic AbsRt Bd I £ H Acc,10.30815767
01/12/2014,Jupiter Strategic AbsRt Bd I £ H Acc,10.30815767
01/13/2014,Jupiter Strategic AbsRt Bd I £ H Acc,10.2646753
01/14/2014,Jupiter Strategic AbsRt Bd I £ H Acc,10.25711315
01/15/2014,Jupiter Strategic AbsRt Bd I £ H Acc,10.26183949
01/16/2014,Jupiter Strategic AbsRt Bd I £ H Acc,10.26562057
01/17/2014,Jupiter Strategic AbsRt Bd I £ H Acc,10.24387938
01/18/2014,Jupiter Strategic AbsRt Bd I £ H Acc,10.24387938
01/19/2014,Jupiter Strategic AbsRt Bd I £ H Acc,10.24387938
01/20/2014,Jupiter Strategic AbsRt Bd I £ H Acc,10.23253616
01/21/2014,Jupiter Strategic AbsRt Bd I £ H Acc,10.24104358
01/22/2014,Jupiter Strategic AbsRt Bd I £ H Acc,10.24009831
01/23/2014,Jupiter Strategic AbsRt Bd I £ H Acc,10.22780981
01/24/2014,Jupiter Strategic AbsRt Bd I £ H Acc,10.18810852
01/25/2014,Jupiter Strategic AbsRt Bd I £ H Acc,10.18810852
01/26/2014,Jupiter Strategic AbsRt Bd I £ H Acc,10.18810852
01/27/2014,Jupiter Strategic AbsRt Bd I £ H Acc,10.18149163
01/28/2014,Jupiter Strategic AbsRt Bd I £ H Acc,10.19188959
01/29/2014,Jupiter Strategic AbsRt Bd I £ H Acc,10.18527271
01/30/2014,Jupiter Strategic AbsRt Bd I £ H Acc,10.14462615
01/31/2014,Jupiter Strategic AbsRt Bd I £ H Acc,10.14179034
02/01/2014,Jupiter Strategic AbsRt Bd I £ H Acc,10.14179034
02/02/2014,Jupiter Strategic AbsRt Bd I £ H Acc,10.14179034
02/03/2014,Jupiter Strategic AbsRt Bd I £ H Acc,10.1398998
02/04/2014,Jupiter Strategic AbsRt Bd I £ H Acc,10.12099442
02/05/2014,Jupiter Strategic AbsRt Bd I £ H Acc,10.13517346
02/06/2014,Jupiter Strategic AbsRt Bd I £ H Acc,10.17203895
02/07/2014,Jupiter Strategic AbsRt Bd I £ H Acc,10.17865583
02/08/2014,Jupiter Strategic AbsRt Bd I £ H Acc,10.17865583
02/09/2014,Jupiter Strategic AbsRt Bd I £ H Acc,10.17865583
02/10/2014,Jupiter Strategic AbsRt Bd I £ H Acc,10.17487475
02/11/2014,Jupiter Strategic AbsRt Bd I £ H Acc,10.18338217
02/12/2014,Jupiter Strategic AbsRt Bd I £ H Acc,10.20134228
02/13/2014,Jupiter Strategic AbsRt Bd I £ H Acc,10.18905379
02/14/2014,Jupiter Strategic AbsRt Bd I £ H Acc,10.19094432
02/15/2014,Jupiter Strategic AbsRt Bd I £ H Acc,10.19094432
02/16/2014,Jupiter Strategic AbsRt Bd I £ H Acc,10.19094432
02/17/2014,Jupiter Strategic AbsRt Bd I £ H Acc,10.19850648
02/18/2014,Jupiter Strategic AbsRt Bd I £ H Acc,10.19094432
02/19/2014,Jupiter Strategic AbsRt Bd I £ H Acc,10.17392948
02/20/2014,Jupiter Strategic AbsRt Bd I £ H Acc,10.17771056
02/21/2014,Jupiter Strategic AbsRt Bd I £ H Acc,10.1796011
02/22/2014,Jupiter Strategic AbsRt Bd I £ H Acc,10.1796011
02/23/2014,Jupiter Strategic AbsRt Bd I £ H Acc,10.1796011
02/24/2014,Jupiter Strategic AbsRt Bd I £ H Acc,10.17392948
02/25/2014,Jupiter Strategic AbsRt Bd I £ H Acc,10.1796011
02/26/2014,Jupiter Strategic AbsRt Bd I £ H Acc,10.1796011
02/27/2014,Jupiter Strategic AbsRt Bd I £ H Acc,10.18716325
02/28/2014,Jupiter Strategic AbsRt Bd I £ H Acc,10.17392948
03/01/2014,Jupiter Strategic AbsRt Bd I £ H Acc,10.17392948
03/02/2014,Jupiter Strategic AbsRt Bd I £ H Acc,10.17392948
03/03/2014,Jupiter Strategic AbsRt Bd I £ H Acc,10.17298421
03/04/2014,Jupiter Strategic AbsRt Bd I £ H Acc,10.17203895
03/05/2014,Jupiter Strategic AbsRt Bd I £ H Acc,10.19094432
03/06/2014,Jupiter Strategic AbsRt Bd I £ H Acc,10.18999905
03/07/2014,Jupiter Strategic AbsRt Bd I £ H Acc,10.2070139
03/08/2014,Jupiter Strategic AbsRt Bd I £ H Acc,10.2070139
03/09/2014,Jupiter Strategic AbsRt Bd I £ H Acc,10.2070139
03/10/2014,Jupiter Strategic AbsRt Bd I £ H Acc,10.20890443
03/11/2014,Jupiter Strategic AbsRt Bd I £ H Acc,10.2070139
03/12/2014,Jupiter Strategic AbsRt Bd I £ H Acc,10.19188959
03/13/2014,Jupiter Strategic AbsRt Bd I £ H Acc,10.19378013
03/14/2014,Jupiter Strategic AbsRt Bd I £ H Acc,10.16258626
03/15/2014,Jupiter Strategic AbsRt Bd I £ H Acc,10.16258626
03/16/2014,Jupiter Strategic AbsRt Bd I £ H Acc,10.16258626
03/17/2014,Jupiter Strategic AbsRt Bd I £ H Acc,10.16258626
03/18/2014,Jupiter Strategic AbsRt Bd I £ H Acc,10.17771056
03/19/2014,Jupiter Strategic AbsRt Bd I £ H Acc,10.17392948
03/20/2014,Jupiter Strategic AbsRt Bd I £ H Acc,10.15691464
03/21/2014,Jupiter Strategic AbsRt Bd I £ H Acc,10.16164099
03/22/2014,Jupiter Strategic AbsRt Bd I £ H Acc,10.16164099
03/23/2014,Jupiter Strategic AbsRt Bd I £ H Acc,10.16164099
03/24/2014,Jupiter Strategic AbsRt Bd I £ H Acc,10.14557142
03/25/2014,Jupiter Strategic AbsRt Bd I £ H Acc,10.12572077
03/26/2014,Jupiter Strategic AbsRt Bd I £ H Acc,10.14840722
03/27/2014,Jupiter Strategic AbsRt Bd I £ H Acc,10.13044711
03/28/2014,Jupiter Strategic AbsRt Bd I £ H Acc,10.13233765
03/29/2014,Jupiter Strategic AbsRt Bd I £ H Acc,10.13233765
03/30/2014,Jupiter Strategic AbsRt Bd I £ H Acc,10.13233765
03/31/2014,Jupiter Strategic AbsRt Bd I £ H Acc,10.14179034
04/01/2014,Jupiter Strategic AbsRt Bd I £ H Acc,10.15596937
04/02/2014,Jupiter Strategic AbsRt Bd I £ H Acc,10.16542206
04/03/2014,Jupiter Strategic AbsRt Bd I £ H Acc,10.18054637
04/04/2014,Jupiter Strategic AbsRt Bd I £ H Acc,10.18054637
04/05/2014,Jupiter Strategic AbsRt Bd I £ H Acc,10.18054637
04/06/2014,Jupiter Strategic AbsRt Bd I £ H Acc,10.18054637
04/07/2014,Jupiter Strategic AbsRt Bd I £ H Acc,10.15975045
04/08/2014,Jupiter Strategic AbsRt Bd I £ H Acc,10.1521883
04/09/2014,Jupiter Strategic AbsRt Bd I £ H Acc,10.15124303
04/10/2014,Jupiter Strategic AbsRt Bd I £ H Acc,10.17109368
04/11/2014,Jupiter Strategic AbsRt Bd I £ H Acc,10.14179034
04/12/2014,Jupiter Strategic AbsRt Bd I £ H Acc,10.14179034
04/13/2014,Jupiter Strategic AbsRt Bd I £ H Acc,10.14179034
04/14/2014,Jupiter Strategic AbsRt Bd I £ H Acc,10.1247755
04/15/2014,Jupiter Strategic AbsRt Bd I £ H Acc,10.13895453
04/16/2014,Jupiter Strategic AbsRt Bd I £ H Acc,10.13800926
04/17/2014,Jupiter Strategic AbsRt Bd I £ H Acc,10.12004915
04/18/2014,Jupiter Strategic AbsRt Bd I £ H Acc,10.12004915
04/19/2014,Jupiter Strategic AbsRt Bd I £ H Acc,10.12004915
04/20/2014,Jupiter Strategic AbsRt Bd I £ H Acc,10.12004915
04/21/2014,Jupiter Strategic AbsRt Bd I £ H Acc,10.12004915
04/22/2014,Jupiter Strategic AbsRt Bd I £ H Acc,10.14651668
04/23/2014,Jupiter Strategic AbsRt Bd I £ H Acc,10.14179034
04/24/2014,Jupiter Strategic AbsRt Bd I £ H Acc,10.13800926
04/25/2014,Jupiter Strategic AbsRt Bd I £ H Acc,10.11721335
04/26/2014,Jupiter Strategic AbsRt Bd I £ H Acc,10.11721335
04/27/2014,Jupiter Strategic AbsRt Bd I £ H Acc,10.11721335
04/28/2014,Jupiter Strategic AbsRt Bd I £ H Acc,10.1247755
04/29/2014,Jupiter Strategic AbsRt Bd I £ H Acc,10.14462615
04/30/2014,Jupiter Strategic AbsRt Bd I £ H Acc,10.14368088
05/01/2014,Jupiter Strategic AbsRt Bd I £ H Acc,10.13611873
05/02/2014,Jupiter Strategic AbsRt Bd I £ H Acc,10.11437754
05/03/2014,Jupiter Strategic AbsRt Bd I £ H Acc,10.11437754
05/04/2014,Jupiter Strategic AbsRt Bd I £ H Acc,10.11437754
05/05/2014,Jupiter Strategic AbsRt Bd I £ H Acc,10.11437754
05/06/2014,Jupiter Strategic AbsRt Bd I £ H Acc,10.10587012
05/07/2014,Jupiter Strategic AbsRt Bd I £ H Acc,10.09641743
05/08/2014,Jupiter Strategic AbsRt Bd I £ H Acc,10.11343227
05/09/2014,Jupiter Strategic AbsRt Bd I £ H Acc,10.12193969
05/10/2014,Jupiter Strategic AbsRt Bd I £ H Acc,10.12193969
05/11/2014,Jupiter Strategic AbsRt Bd I £ H Acc,10.12193969
05/12/2014,Jupiter Strategic AbsRt Bd I £ H Acc,10.14557142
05/13/2014,Jupiter Strategic AbsRt Bd I £ H Acc,10.15313357
05/14/2014,Jupiter Strategic AbsRt Bd I £ H Acc,10.13517346
05/15/2014,Jupiter Strategic AbsRt Bd I £ H Acc,10.11343227
05/16/2014,Jupiter Strategic AbsRt Bd I £ H Acc,10.08412893
05/17/2014,Jupiter Strategic AbsRt Bd I £ H Acc,10.08412893
05/18/2014,Jupiter Strategic AbsRt Bd I £ H Acc,10.08412893
05/19/2014,Jupiter Strategic AbsRt Bd I £ H Acc,10.07940259
05/20/2014,Jupiter Strategic AbsRt Bd I £ H Acc,10.08980055
05/21/2014,Jupiter Strategic AbsRt Bd I £ H Acc,10.09169109
05/22/2014,Jupiter Strategic AbsRt Bd I £ H Acc,10.10397958
05/23/2014,Jupiter Strategic AbsRt Bd I £ H Acc,10.10587012
05/24/2014,Jupiter Strategic AbsRt Bd I £ H Acc,10.10587012
05/25/2014,Jupiter Strategic AbsRt Bd I £ H Acc,10.10587012
05/26/2014,Jupiter Strategic AbsRt Bd I £ H Acc,10.10587012
05/27/2014,Jupiter Strategic AbsRt Bd I £ H Acc,10.09641743
05/28/2014,Jupiter Strategic AbsRt Bd I £ H Acc,10.07278571
05/29/2014,Jupiter Strategic AbsRt Bd I £ H Acc,10.04159183
05/30/2014,Jupiter Strategic AbsRt Bd I £ H Acc,10.05860667
05/31/2014,Jupiter Strategic AbsRt Bd I £ H Acc,10.05860667
06/01/2014,Jupiter Strategic AbsRt Bd I £ H Acc,10.05860667
06/02/2014,Jupiter Strategic AbsRt Bd I £ H Acc,10.05860667
06/03/2014,Jupiter Strategic AbsRt Bd I £ H Acc,10.1096512
06/04/2014,Jupiter Strategic AbsRt Bd I £ H Acc,10.12193969
06/05/2014,Jupiter Strategic AbsRt Bd I £ H Acc,10.11815862
06/06/2014,Jupiter Strategic AbsRt Bd I £ H Acc,10.13233765
06/07/2014,Jupiter Strategic AbsRt Bd I £ H Acc,10.13233765
06/08/2014,Jupiter Strategic AbsRt Bd I £ H Acc,10.13233765
06/09/2014,Jupiter Strategic AbsRt Bd I £ H Acc,10.15596937
06/10/2014,Jupiter Strategic AbsRt Bd I £ H Acc,10.15691464
06/11/2014,Jupiter Strategic AbsRt Bd I £ H Acc,10.15880518
06/12/2014,Jupiter Strategic AbsRt Bd I £ H Acc,10.16447679
06/13/2014,Jupiter Strategic AbsRt Bd I £ H Acc,10.12193969
06/14/2014,Jupiter Strategic AbsRt Bd I £ H Acc,10.12193969
06/15/2014,Jupiter Strategic AbsRt Bd I £ H Acc,10.12193969
06/16/2014,Jupiter Strategic AbsRt Bd I £ H Acc,10.12099442
06/17/2014,Jupiter Strategic AbsRt Bd I £ H Acc,10.12099442
06/18/2014,Jupiter Strategic AbsRt Bd I £ H Acc,10.14557142
06/19/2014,Jupiter Strategic AbsRt Bd I £ H Acc,10.13139238
06/20/2014,Jupiter Strategic AbsRt Bd I £ H Acc,10.17392948
06/21/2014,Jupiter Strategic AbsRt Bd I £ H Acc,10.17392948
06/22/2014,Jupiter Strategic AbsRt Bd I £ H Acc,10.17392948
06/23/2014,Jupiter Strategic AbsRt Bd I £ H Acc,10.1521883
06/24/2014,Jupiter Strategic AbsRt Bd I £ H Acc,10.15029776
06/25/2014,Jupiter Strategic AbsRt Bd I £ H Acc,10.13517346
06/26/2014,Jupiter Strategic AbsRt Bd I £ H Acc,10.11626808
06/27/2014,Jupiter Strategic AbsRt Bd I £ H Acc,10.08791001
06/28/2014,Jupiter Strategic AbsRt Bd I £ H Acc,10.08791001
06/29/2014,Jupiter Strategic AbsRt Bd I £ H Acc,10.08791001
06/30/2014,Jupiter Strategic AbsRt Bd I £ H Acc,10.09830797
07/01/2014,Jupiter Strategic AbsRt Bd I £ H Acc,10.11059646
07/02/2014,Jupiter Strategic AbsRt Bd I £ H Acc,10.1247755
07/03/2014,Jupiter Strategic AbsRt Bd I £ H Acc,10.14746195
07/04/2014,Jupiter Strategic AbsRt Bd I £ H Acc,10.16825787
07/05/2014,Jupiter Strategic AbsRt Bd I £ H Acc,10.16825787
07/06/2014,Jupiter Strategic AbsRt Bd I £ H Acc,10.16825787
07/07/2014,Jupiter Strategic AbsRt Bd I £ H Acc,10.16447679
07/08/2014,Jupiter Strategic AbsRt Bd I £ H Acc,10.13422819
07/09/2014,Jupiter Strategic AbsRt Bd I £ H Acc,10.11154173
07/10/2014,Jupiter Strategic AbsRt Bd I £ H Acc,10.10303431
07/11/2014,Jupiter Strategic AbsRt Bd I £ H Acc,10.10870593
07/12/2014,Jupiter Strategic AbsRt Bd I £ H Acc,10.10870593
07/13/2014,Jupiter Strategic AbsRt Bd I £ H Acc,10.10870593
07/14/2014,Jupiter Strategic AbsRt Bd I £ H Acc,10.0973627
07/15/2014,Jupiter Strategic AbsRt Bd I £ H Acc,10.10681539
07/16/2014,Jupiter Strategic AbsRt Bd I £ H Acc,10.10870593
07/17/2014,Jupiter Strategic AbsRt Bd I £ H Acc,10.10019851
07/18/2014,Jupiter Strategic AbsRt Bd I £ H Acc,10.09169109
07/19/2014,Jupiter Strategic AbsRt Bd I £ H Acc,10.09169109
07/20/2014,Jupiter Strategic AbsRt Bd I £ H Acc,10.09169109
07/21/2014,Jupiter Strategic AbsRt Bd I £ H Acc,10.09169109
07/22/2014,Jupiter Strategic AbsRt Bd I £ H Acc,10.08129313
07/23/2014,Jupiter Strategic AbsRt Bd I £ H Acc,10.06427829
07/24/2014,Jupiter Strategic AbsRt Bd I £ H Acc,10.07278571
07/25/2014,Jupiter Strategic AbsRt Bd I £ H Acc,10.07845732
07/26/2014,Jupiter Strategic AbsRt Bd I £ H Acc,10.07845732
07/27/2014,Jupiter Strategic AbsRt Bd I £ H Acc,10.07845732
07/28/2014,Jupiter Strategic AbsRt Bd I £ H Acc,10.06616883
07/29/2014,Jupiter Strategic AbsRt Bd I £ H Acc,10.06333302
07/30/2014,Jupiter Strategic AbsRt Bd I £ H Acc,10.06427829
07/31/2014,Jupiter Strategic AbsRt Bd I £ H Acc,10.09452689
08/01/2014,Jupiter Strategic AbsRt Bd I £ H Acc,10.10303431
08/02/2014,Jupiter Strategic AbsRt Bd I £ H Acc,10.10303431
08/03/2014,Jupiter Strategic AbsRt Bd I £ H Acc,10.10303431
08/04/2014,Jupiter Strategic AbsRt Bd I £ H Acc,10.10303431
08/05/2014,Jupiter Strategic AbsRt Bd I £ H Acc,10.06144248
08/06/2014,Jupiter Strategic AbsRt Bd I £ H Acc,10.01985065
08/07/2014,Jupiter Strategic AbsRt Bd I £ H Acc,10.03308441
08/08/2014,Jupiter Strategic AbsRt Bd I £ H Acc,9.981094621
08/09/2014,Jupiter Strategic AbsRt Bd I £ H Acc,9.981094621
08/10/2014,Jupiter Strategic AbsRt Bd I £ H Acc,9.981094621
08/11/2014,Jupiter Strategic AbsRt Bd I £ H Acc,10.01890538
08/12/2014,Jupiter Strategic AbsRt Bd I £ H Acc,10.01796011
08/13/2014,Jupiter Strategic AbsRt Bd I £ H Acc,10.04537291
08/14/2014,Jupiter Strategic AbsRt Bd I £ H Acc,10.01985065
08/15/2014,Jupiter Strategic AbsRt Bd I £ H Acc,9.989602042
08/16/2014,Jupiter Strategic AbsRt Bd I £ H Acc,9.989602042
08/17/2014,Jupiter Strategic AbsRt Bd I £ H Acc,9.989602042
08/18/2014,Jupiter Strategic AbsRt Bd I £ H Acc,9.97353247
08/19/2014,Jupiter Strategic AbsRt Bd I £ H Acc,9.98203989
08/20/2014,Jupiter Strategic AbsRt Bd I £ H Acc,10.00756215
08/21/2014,Jupiter Strategic AbsRt Bd I £ H Acc,10.02363172
08/22/2014,Jupiter Strategic AbsRt Bd I £ H Acc,9.985820966
08/23/2014,Jupiter Strategic AbsRt Bd I £ H Acc,9.985820966
08/24/2014,Jupiter Strategic AbsRt Bd I £ H Acc,9.985820966
08/25/2014,Jupiter Strategic AbsRt Bd I £ H Acc,9.985820966
08/26/2014,Jupiter Strategic AbsRt Bd I £ H Acc,9.970696663
08/27/2014,Jupiter Strategic AbsRt Bd I £ H Acc,9.978258815
08/28/2014,Jupiter Strategic AbsRt Bd I £ H Acc,9.933831175
08/29/2014,Jupiter Strategic AbsRt Bd I £ H Acc,9.937612251
08/30/2014,Jupiter Strategic AbsRt Bd I £ H Acc,9.937612251
08/31/2014,Jupiter Strategic AbsRt Bd I £ H Acc,9.937612251
09/01/2014,Jupiter Strategic AbsRt Bd I £ H Acc,9.939502789
09/02/2014,Jupiter Strategic AbsRt Bd I £ H Acc,9.956517629
09/03/2014,Jupiter Strategic AbsRt Bd I £ H Acc,10.00567161
09/04/2014,Jupiter Strategic AbsRt Bd I £ H Acc,9.971641932
09/05/2014,Jupiter Strategic AbsRt Bd I £ H Acc,10.00567161
09/06/2014,Jupiter Strategic AbsRt Bd I £ H Acc,10.00567161
09/07/2014,Jupiter Strategic AbsRt Bd I £ H Acc,10.00567161
09/08/2014,Jupiter Strategic AbsRt Bd I £ H Acc,10
09/09/2014,Jupiter Strategic AbsRt Bd I £ H Acc,10.02268645
09/10/2014,Jupiter Strategic AbsRt Bd I £ H Acc,10.01985065
09/11/2014,Jupiter Strategic AbsRt Bd I £ H Acc,10.02835807
09/12/2014,Jupiter Strategic AbsRt Bd I £ H Acc,10.0576614
09/13/2014,Jupiter Strategic AbsRt Bd I £ H Acc,10.0576614
09/14/2014,Jupiter Strategic AbsRt Bd I £ H Acc,10.0576614
09/15/2014,Jupiter Strategic AbsRt Bd I £ H Acc,10.07845732
09/16/2014,Jupiter Strategic AbsRt Bd I £ H Acc,10.06427829
09/17/2014,Jupiter Strategic AbsRt Bd I £ H Acc,10.07089517
09/18/2014,Jupiter Strategic AbsRt Bd I £ H Acc,10.09641743
09/19/2014,Jupiter Strategic AbsRt Bd I £ H Acc,10.09547216
09/20/2014,Jupiter Strategic AbsRt Bd I £ H Acc,10.09547216
09/21/2014,Jupiter Strategic AbsRt Bd I £ H Acc,10.09547216
09/22/2014,Jupiter Strategic AbsRt Bd I £ H Acc,10.05009925
09/23/2014,Jupiter Strategic AbsRt Bd I £ H Acc,10.04348237
09/24/2014,Jupiter Strategic AbsRt Bd I £ H Acc,10.0274128
09/25/2014,Jupiter Strategic AbsRt Bd I £ H Acc,10.03686549
09/26/2014,Jupiter Strategic AbsRt Bd I £ H Acc,9.997164193
09/27/2014,Jupiter Strategic AbsRt Bd I £ H Acc,9.997164193
09/28/2014,Jupiter Strategic AbsRt Bd I £ H Acc,9.997164193
09/29/2014,Jupiter Strategic AbsRt Bd I £ H Acc,9.992437849
09/30/2014,Jupiter Strategic AbsRt Bd I £ H Acc,10.00189054
10/01/2014,Jupiter Strategic AbsRt Bd I £ H Acc,9.988656773
10/02/2014,Jupiter Strategic AbsRt Bd I £ H Acc,9.932885906
10/03/2014,Jupiter Strategic AbsRt Bd I £ H Acc,9.945174402
10/04/2014,Jupiter Strategic AbsRt Bd I £ H Acc,9.945174402
10/05/2014,Jupiter Strategic AbsRt Bd I £ H Acc,9.945174402
10/06/2014,Jupiter Strategic AbsRt Bd I £ H Acc,9.937612251
10/07/2014,Jupiter Strategic AbsRt Bd I £ H Acc,9.922487948
10/08/2014,Jupiter Strategic AbsRt Bd I £ H Acc,9.869552888
10/09/2014,Jupiter Strategic AbsRt Bd I £ H Acc,9.844030627
10/10/2014,Jupiter Strategic AbsRt Bd I £ H Acc,9.831742131
10/11/2014,Jupiter Strategic AbsRt Bd I £ H Acc,9.831742131
10/12/2014,Jupiter Strategic AbsRt Bd I £ H Acc,9.831742131
10/13/2014,Jupiter Strategic AbsRt Bd I £ H Acc,9.807165138
10/14/2014,Jupiter Strategic AbsRt Bd I £ H Acc,9.790150298
10/15/2014,Jupiter Strategic AbsRt Bd I £ H Acc,9.79676718
10/16/2014,Jupiter Strategic AbsRt Bd I £ H Acc,9.769354381
10/17/2014,Jupiter Strategic AbsRt Bd I £ H Acc,9.78825976
10/18/2014,Jupiter Strategic AbsRt Bd I £ H Acc,9.78825976
10/19/2014,Jupiter Strategic AbsRt Bd I £ H Acc,9.78825976
10/20/2014,Jupiter Strategic AbsRt Bd I £ H Acc,9.792986105
10/21/2014,Jupiter Strategic AbsRt Bd I £ H Acc,9.797712449
10/22/2014,Jupiter Strategic AbsRt Bd I £ H Acc,9.792040836
10/23/2014,Jupiter Strategic AbsRt Bd I £ H Acc,9.802438794
10/24/2014,Jupiter Strategic AbsRt Bd I £ H Acc,9.819453635
10/25/2014,Jupiter Strategic AbsRt Bd I £ H Acc,9.819453635
10/26/2014,Jupiter Strategic AbsRt Bd I £ H Acc,9.819453635
10/27/2014,Jupiter Strategic AbsRt Bd I £ H Acc,9.819453635
10/28/2014,Jupiter Strategic AbsRt Bd I £ H Acc,9.842140089
10/29/2014,Jupiter Strategic AbsRt Bd I £ H Acc,9.854428585
10/30/2014,Jupiter Strategic AbsRt Bd I £ H Acc,9.840249551
10/31/2014,Jupiter Strategic AbsRt Bd I £ H Acc,9.87616977
11/01/2014,Jupiter Strategic AbsRt Bd I £ H Acc,9.87616977
11/02/2014,Jupiter Strategic AbsRt Bd I £ H Acc,9.87616977
11/03/2014,Jupiter Strategic AbsRt Bd I £ H Acc,9.864826543
11/04/2014,Jupiter Strategic AbsRt Bd I £ H Acc,9.850647509
11/05/2014,Jupiter Strategic AbsRt Bd I £ H Acc,9.846866434
11/06/2014,Jupiter Strategic AbsRt Bd I £ H Acc,9.844030627
11/07/2014,Jupiter Strategic AbsRt Bd I £ H Acc,9.86766235
11/08/2014,Jupiter Strategic AbsRt Bd I £ H Acc,9.86766235
11/09/2014,Jupiter Strategic AbsRt Bd I £ H Acc,9.86766235
11/10/2014,Jupiter Strategic AbsRt Bd I £ H Acc,9.84970224
11/11/2014,Jupiter Strategic AbsRt Bd I £ H Acc,9.875224501
11/12/2014,Jupiter Strategic AbsRt Bd I £ H Acc,9.879005577
11/13/2014,Jupiter Strategic AbsRt Bd I £ H Acc,9.901692031
11/14/2014,Jupiter Strategic AbsRt Bd I £ H Acc,9.888458266
11/15/2014,Jupiter Strategic AbsRt Bd I £ H Acc,9.888458266
11/16/2014,Jupiter Strategic AbsRt Bd I £ H Acc,9.888458266
11/17/2014,Jupiter Strategic AbsRt Bd I £ H Acc,9.869552888
11/18/2014,Jupiter Strategic AbsRt Bd I £ H Acc,9.892239342
11/19/2014,Jupiter Strategic AbsRt Bd I £ H Acc,9.866717081
11/20/2014,Jupiter Strategic AbsRt Bd I £ H Acc,9.863881274
11/21/2014,Jupiter Strategic AbsRt Bd I £ H Acc,9.9026373
11/22/2014,Jupiter Strategic AbsRt Bd I £ H Acc,9.9026373
11/23/2014,Jupiter Strategic AbsRt Bd I £ H Acc,9.9026373
11/24/2014,Jupiter Strategic AbsRt Bd I £ H Acc,9.900746762
11/25/2014,Jupiter Strategic AbsRt Bd I £ H Acc,9.889403535
11/26/2014,Jupiter Strategic AbsRt Bd I £ H Acc,9.877115039
11/27/2014,Jupiter Strategic AbsRt Bd I £ H Acc,9.878060308
11/28/2014,Jupiter Strategic AbsRt Bd I £ H Acc,9.87616977
11/29/2014,Jupiter Strategic AbsRt Bd I £ H Acc,9.87616977
11/30/2014,Jupiter Strategic AbsRt Bd I £ H Acc,9.87616977
12/01/2014,Jupiter Strategic AbsRt Bd I £ H Acc,9.856319123
12/02/2014,Jupiter Strategic AbsRt Bd I £ H Acc,9.879950846
12/03/2014,Jupiter Strategic AbsRt Bd I £ H Acc,9.914925796
12/04/2014,Jupiter Strategic AbsRt Bd I £ H Acc,9.883731922
12/05/2014,Jupiter Strategic AbsRt Bd I £ H Acc,9.875224501
12/06/2014,Jupiter Strategic AbsRt Bd I £ H Acc,9.875224501
12/07/2014,Jupiter Strategic AbsRt Bd I £ H Acc,9.875224501
12/08/2014,Jupiter Strategic AbsRt Bd I £ H Acc,9.899801494
12/09/2014,Jupiter Strategic AbsRt Bd I £ H Acc,9.858209661
12/10/2014,Jupiter Strategic AbsRt Bd I £ H Acc,9.845921165
12/11/2014,Jupiter Strategic AbsRt Bd I £ H Acc,9.819453635
12/12/2014,Jupiter Strategic AbsRt Bd I £ H Acc,9.802438794
12/13/2014,Jupiter Strategic AbsRt Bd I £ H Acc,9.802438794
12/14/2014,Jupiter Strategic AbsRt Bd I £ H Acc,9.802438794
12/15/2014,Jupiter Strategic AbsRt Bd I £ H Acc,9.804329332
12/16/2014,Jupiter Strategic AbsRt Bd I £ H Acc,9.765573306
12/17/2014,Jupiter Strategic AbsRt Bd I £ H Acc,9.790150298
12/18/2014,Jupiter Strategic AbsRt Bd I £ H Acc,9.843085358
12/19/2014,Jupiter Strategic AbsRt Bd I £ H Acc,9.856319123
12/20/2014,Jupiter Strategic AbsRt Bd I £ H Acc,9.856319123
12/21/2014,Jupiter Strategic AbsRt Bd I £ H Acc,9.856319123
12/22/2014,Jupiter Strategic AbsRt Bd I £ H Acc,9.827961055
12/23/2014,Jupiter Strategic AbsRt Bd I £ H Acc,9.821344172
12/24/2014,Jupiter Strategic AbsRt Bd I £ H Acc,9.879950846
12/25/2014,Jupiter Strategic AbsRt Bd I £ H Acc,9.879950846
12/26/2014,Jupiter Strategic AbsRt Bd I £ H Acc,9.879950846
12/27/2014,Jupiter Strategic AbsRt Bd I £ H Acc,9.879950846
12/28/2014,Jupiter Strategic AbsRt Bd I £ H Acc,9.879950846
12/29/2014,Jupiter Strategic AbsRt Bd I £ H Acc,9.879950846
12/30/2014,Jupiter Strategic AbsRt Bd I £ H Acc,9.842140089
12/31/2014,Jupiter Strategic AbsRt Bd I £ H Acc,9.831742131
01/01/2015,Jupiter Strategic AbsRt Bd I £ H Acc,9.831742131
01/02/2015,Jupiter Strategic AbsRt Bd I £ H Acc,9.850647509
01/03/2015,Jupiter Strategic AbsRt Bd I £ H Acc,9.850647509
01/04/2015,Jupiter Strategic AbsRt Bd I £ H Acc,9.850647509
01/05/2015,Jupiter Strategic AbsRt Bd I £ H Acc,9.798657718
01/06/2015,Jupiter Strategic AbsRt Bd I £ H Acc,9.774080726
01/07/2015,Jupiter Strategic AbsRt Bd I £ H Acc,9.765573306
01/08/2015,Jupiter Strategic AbsRt Bd I £ H Acc,9.744777389
01/09/2015,Jupiter Strategic AbsRt Bd I £ H Acc,9.734379431
01/10/2015,Jupiter Strategic AbsRt Bd I £ H Acc,9.734379431
01/11/2015,Jupiter Strategic AbsRt Bd I £ H Acc,9.734379431
01/12/2015,Jupiter Strategic AbsRt Bd I £ H Acc,9.731543624
01/13/2015,Jupiter Strategic AbsRt Bd I £ H Acc,9.715474052
01/14/2015,Jupiter Strategic AbsRt Bd I £ H Acc,9.723036204
01/15/2015,Jupiter Strategic AbsRt Bd I £ H Acc,9.706021363
01/16/2015,Jupiter Strategic AbsRt Bd I £ H Acc,9.684280178
01/17/2015,Jupiter Strategic AbsRt Bd I £ H Acc,9.684280178
01/18/2015,Jupiter Strategic AbsRt Bd I £ H Acc,9.684280178
01/19/2015,Jupiter Strategic AbsRt Bd I £ H Acc,9.715474052
01/20/2015,Jupiter Strategic AbsRt Bd I £ H Acc,9.723981473
01/21/2015,Jupiter Strategic AbsRt Bd I £ H Acc,9.701295018
01/22/2015,Jupiter Strategic AbsRt Bd I £ H Acc,9.705076094
01/23/2015,Jupiter Strategic AbsRt Bd I £ H Acc,9.754230078
01/24/2015,Jupiter Strategic AbsRt Bd I £ H Acc,9.754230078
01/25/2015,Jupiter Strategic AbsRt Bd I £ H Acc,9.754230078
01/26/2015,Jupiter Strategic AbsRt Bd I £ H Acc,9.747613196
01/27/2015,Jupiter Strategic AbsRt Bd I £ H Acc,9.744777389
01/28/2015,Jupiter Strategic AbsRt Bd I £ H Acc,9.744777389
01/29/2015,Jupiter Strategic AbsRt Bd I £ H Acc,9.70885717
01/30/2015,Jupiter Strategic AbsRt Bd I £ H Acc,9.706021363
01/31/2015,Jupiter Strategic AbsRt Bd I £ H Acc,9.706021363
02/01/2015,Jupiter Strategic AbsRt Bd I £ H Acc,9.706021363
02/02/2015,Jupiter Strategic AbsRt Bd I £ H Acc,9.703185556
02/03/2015,Jupiter Strategic AbsRt Bd I £ H Acc,9.732488893
02/04/2015,Jupiter Strategic AbsRt Bd I £ H Acc,9.757065885
02/05/2015,Jupiter Strategic AbsRt Bd I £ H Acc,9.74383212
02/06/2015,Jupiter Strategic AbsRt Bd I £ H Acc,9.769354381
02/07/2015,Jupiter Strategic AbsRt Bd I £ H Acc,9.769354381
02/08/2015,Jupiter Strategic AbsRt Bd I £ H Acc,9.769354381
02/09/2015,Jupiter Strategic AbsRt Bd I £ H Acc,9.808110407
02/10/2015,Jupiter Strategic AbsRt Bd I £ H Acc,9.831742131
02/11/2015,Jupiter Strategic AbsRt Bd I £ H Acc,9.826070517
02/12/2015,Jupiter Strategic AbsRt Bd I £ H Acc,9.860100199
02/13/2015,Jupiter Strategic AbsRt Bd I £ H Acc,9.861990736
02/14/2015,Jupiter Strategic AbsRt Bd I £ H Acc,9.861990736
02/15/2015,Jupiter Strategic AbsRt Bd I £ H Acc,9.861990736
02/16/2015,Jupiter Strategic AbsRt Bd I £ H Acc,9.899801494
02/17/2015,Jupiter Strategic AbsRt Bd I £ H Acc,9.889403535
02/18/2015,Jupiter Strategic AbsRt Bd I £ H Acc,9.92910483
02/19/2015,Jupiter Strategic AbsRt Bd I £ H Acc,9.904527838
02/20/2015,Jupiter Strategic AbsRt Bd I £ H Acc,9.921542679
02/21/2015,Jupiter Strategic AbsRt Bd I £ H Acc,9.921542679
02/22/2015,Jupiter Strategic AbsRt Bd I £ H Acc,9.921542679
02/23/2015,Jupiter Strategic AbsRt Bd I £ H Acc,9.918706872
02/24/2015,Jupiter Strategic AbsRt Bd I £ H Acc,9.889403535
02/25/2015,Jupiter Strategic AbsRt Bd I £ H Acc,9.844030627
02/26/2015,Jupiter Strategic AbsRt Bd I £ H Acc,9.865771812
02/27/2015,Jupiter Strategic AbsRt Bd I £ H Acc,9.886567729
02/28/2015,Jupiter Strategic AbsRt Bd I £ H Acc,9.886567729
03/01/2015,Jupiter Strategic AbsRt Bd I £ H Acc,9.886567729
03/02/2015,Jupiter Strategic AbsRt Bd I £ H Acc,9.868607619
03/03/2015,Jupiter Strategic AbsRt Bd I £ H Acc,9.917761603
03/04/2015,Jupiter Strategic AbsRt Bd I £ H Acc,9.918706872
03/05/2015,Jupiter Strategic AbsRt Bd I £ H Acc,9.914925796
03/06/2015,Jupiter Strategic AbsRt Bd I £ H Acc,9.931940637
03/07/2015,Jupiter Strategic AbsRt Bd I £ H Acc,9.931940637
03/08/2015,Jupiter Strategic AbsRt Bd I £ H Acc,9.931940637
03/09/2015,Jupiter Strategic AbsRt Bd I £ H Acc,9.993383117
03/10/2015,Jupiter Strategic AbsRt Bd I £ H Acc,10.00189054
03/11/2015,Jupiter Strategic AbsRt Bd I £ H Acc,10.01323377
03/12/2015,Jupiter Strategic AbsRt Bd I £ H Acc,10.01134323
03/13/2015,Jupiter Strategic AbsRt Bd I £ H Acc,9.990547311
03/14/2015,Jupiter Strategic AbsRt Bd I £ H Acc,9.990547311
03/15/2015,Jupiter Strategic AbsRt Bd I £ H Acc,9.990547311
03/16/2015,Jupiter Strategic AbsRt Bd I £ H Acc,9.977313546
03/17/2015,Jupiter Strategic AbsRt Bd I £ H Acc,9.977313546
03/18/2015,Jupiter Strategic AbsRt Bd I £ H Acc,9.965970319
03/19/2015,Jupiter Strategic AbsRt Bd I £ H Acc,9.979204084
03/20/2015,Jupiter Strategic AbsRt Bd I £ H Acc,9.990547311
03/21/2015,Jupiter Strategic AbsRt Bd I £ H Acc,9.990547311
03/22/2015,Jupiter Strategic AbsRt Bd I £ H Acc,9.990547311
03/23/2015,Jupiter Strategic AbsRt Bd I £ H Acc,10.01417903
03/24/2015,Jupiter Strategic AbsRt Bd I £ H Acc,10.03497495
03/25/2015,Jupiter Strategic AbsRt Bd I £ H Acc,10.02835807
03/26/2015,Jupiter Strategic AbsRt Bd I £ H Acc,10.02363172
03/27/2015,Jupiter Strategic AbsRt Bd I £ H Acc,9.958408167
03/28/2015,Jupiter Strategic AbsRt Bd I £ H Acc,9.958408167
03/29/2015,Jupiter Strategic AbsRt Bd I £ H Acc,9.958408167
03/30/2015,Jupiter Strategic AbsRt Bd I £ H Acc,9.966915587
03/31/2015,Jupiter Strategic AbsRt Bd I £ H Acc,9.933831175
04/01/2015,Jupiter Strategic AbsRt Bd I £ H Acc,9.939502789
04/02/2015,Jupiter Strategic AbsRt Bd I £ H Acc,9.959353436
04/03/2015,Jupiter Strategic AbsRt Bd I £ H Acc,9.959353436
04/04/2015,Jupiter Strategic AbsRt Bd I £ H Acc,9.959353436
04/05/2015,Jupiter Strategic AbsRt Bd I £ H Acc,9.959353436
04/06/2015,Jupiter Strategic AbsRt Bd I £ H Acc,9.959353436
04/07/2015,Jupiter Strategic AbsRt Bd I £ H Acc,9.937612251
04/08/2015,Jupiter Strategic AbsRt Bd I £ H Acc,9.952736554
04/09/2015,Jupiter Strategic AbsRt Bd I £ H Acc,9.939502789
04/10/2015,Jupiter Strategic AbsRt Bd I £ H Acc,9.893184611
04/11/2015,Jupiter Strategic AbsRt Bd I £ H Acc,9.893184611
04/12/2015,Jupiter Strategic AbsRt Bd I £ H Acc,9.893184611
04/13/2015,Jupiter Strategic AbsRt Bd I £ H Acc,9.878060308
04/14/2015,Jupiter Strategic AbsRt Bd I £ H Acc,9.91208999
04/15/2015,Jupiter Strategic AbsRt Bd I £ H Acc,9.917761603
04/16/2015,Jupiter Strategic AbsRt Bd I £ H Acc,9.95557236
04/17/2015,Jupiter Strategic AbsRt Bd I £ H Acc,9.974477739
04/18/2015,Jupiter Strategic AbsRt Bd I £ H Acc,9.974477739
04/19/2015,Jupiter Strategic AbsRt Bd I £ H Acc,9.974477739
04/20/2015,Jupiter Strategic AbsRt Bd I £ H Acc,9.957462898
04/21/2015,Jupiter Strategic AbsRt Bd I £ H Acc,9.948010209
04/22/2015,Jupiter Strategic AbsRt Bd I £ H Acc,9.948955478
04/23/2015,Jupiter Strategic AbsRt Bd I £ H Acc,9.911144721
04/24/2015,Jupiter Strategic AbsRt Bd I £ H Acc,9.914925796
04/25/2015,Jupiter Strategic AbsRt Bd I £ H Acc,9.914925796
04/26/2015,Jupiter Strategic AbsRt Bd I £ H Acc,9.914925796
04/27/2015,Jupiter Strategic AbsRt Bd I £ H Acc,9.93855752
04/28/2015,Jupiter Strategic AbsRt Bd I £ H Acc,9.944229133
04/29/2015,Jupiter Strategic AbsRt Bd I £ H Acc,9.905473107
04/30/2015,Jupiter Strategic AbsRt Bd I £ H Acc,9.88562246
05/01/2015,Jupiter Strategic AbsRt Bd I £ H Acc,9.879950846
05/02/2015,Jupiter Strategic AbsRt Bd I £ H Acc,9.879950846
05/03/2015,Jupiter Strategic AbsRt Bd I £ H Acc,9.879950846
05/04/2015,Jupiter Strategic AbsRt Bd I £ H Acc,9.879950846
05/05/2015,Jupiter Strategic AbsRt Bd I £ H Acc,9.789205029
05/06/2015,Jupiter Strategic AbsRt Bd I £ H Acc,9.818508366
05/07/2015,Jupiter Strategic AbsRt Bd I £ H Acc,9.811891483
05/08/2015,Jupiter Strategic AbsRt Bd I £ H Acc,9.739105776
05/09/2015,Jupiter Strategic AbsRt Bd I £ H Acc,9.739105776
05/10/2015,Jupiter Strategic AbsRt Bd I £ H Acc,9.739105776
05/11/2015,Jupiter Strategic AbsRt Bd I £ H Acc,9.725872011
05/12/2015,Jupiter Strategic AbsRt Bd I £ H Acc,9.767463843
05/13/2015,Jupiter Strategic AbsRt Bd I £ H Acc,9.7353247
05/14/2015,Jupiter Strategic AbsRt Bd I £ H Acc,9.648359958
05/15/2015,Jupiter Strategic AbsRt Bd I £ H Acc,9.627564042
05/16/2015,Jupiter Strategic AbsRt Bd I £ H Acc,9.627564042
05/17/2015,Jupiter Strategic AbsRt Bd I £ H Acc,9.627564042
05/18/2015,Jupiter Strategic AbsRt Bd I £ H Acc,9.758956423
05/19/2015,Jupiter Strategic AbsRt Bd I £ H Acc,9.745722658
05/20/2015,Jupiter Strategic AbsRt Bd I £ H Acc,9.730598355
05/21/2015,Jupiter Strategic AbsRt Bd I £ H Acc,9.744777389
05/22/2015,Jupiter Strategic AbsRt Bd I £ H Acc,9.738160507
05/23/2015,Jupiter Strategic AbsRt Bd I £ H Acc,9.738160507
05/24/2015,Jupiter Strategic AbsRt Bd I £ H Acc,9.738160507
05/25/2015,Jupiter Strategic AbsRt Bd I £ H Acc,9.738160507
05/26/2015,Jupiter Strategic AbsRt Bd I £ H Acc,9.707911901
05/27/2015,Jupiter Strategic AbsRt Bd I £ H Acc,9.70034975
05/28/2015,Jupiter Strategic AbsRt Bd I £ H Acc,9.692787598
05/29/2015,Jupiter Strategic AbsRt Bd I £ H Acc,9.69089706
05/30/2015,Jupiter Strategic AbsRt Bd I £ H Acc,9.69089706
05/31/2015,Jupiter Strategic AbsRt Bd I £ H Acc,9.69089706
06/01/2015,Jupiter Strategic AbsRt Bd I £ H Acc,9.69089706
06/02/2015,Jupiter Strategic AbsRt Bd I £ H Acc,9.694678136
06/03/2015,Jupiter Strategic AbsRt Bd I £ H Acc,9.71736459
06/04/2015,Jupiter Strategic AbsRt Bd I £ H Acc,9.766518575
06/05/2015,Jupiter Strategic AbsRt Bd I £ H Acc,9.734379431
06/06/2015,Jupiter Strategic AbsRt Bd I £ H Acc,9.734379431
06/07/2015,Jupiter Strategic AbsRt Bd I £ H Acc,9.734379431
06/08/2015,Jupiter Strategic AbsRt Bd I £ H Acc,9.725872011
06/09/2015,Jupiter Strategic AbsRt Bd I £ H Acc,9.732488893
06/10/2015,Jupiter Strategic AbsRt Bd I £ H Acc,9.783533415
06/11/2015,Jupiter Strategic AbsRt Bd I £ H Acc,9.774080726
06/12/2015,Jupiter Strategic AbsRt Bd I £ H Acc,9.741941582
06/13/2015,Jupiter Strategic AbsRt Bd I £ H Acc,9.741941582
06/14/2015,Jupiter Strategic AbsRt Bd I £ H Acc,9.741941582
06/15/2015,Jupiter Strategic AbsRt Bd I £ H Acc,9.70034975
06/16/2015,Jupiter Strategic AbsRt Bd I £ H Acc,9.683334909
06/17/2015,Jupiter Strategic AbsRt Bd I £ H Acc,9.697513943
06/18/2015,Jupiter Strategic AbsRt Bd I £ H Acc,9.683334909
06/19/2015,Jupiter Strategic AbsRt Bd I £ H Acc,9.701295018
06/20/2015,Jupiter Strategic AbsRt Bd I £ H Acc,9.701295018
06/21/2015,Jupiter Strategic AbsRt Bd I £ H Acc,9.701295018
06/22/2015,Jupiter Strategic AbsRt Bd I £ H Acc,9.740051045
06/23/2015,Jupiter Strategic AbsRt Bd I £ H Acc,9.774080726
06/24/2015,Jupiter Strategic AbsRt Bd I £ H Acc,9.760846961
06/25/2015,Jupiter Strategic AbsRt Bd I £ H Acc,9.774080726
06/26/2015,Jupiter Strategic AbsRt Bd I £ H Acc,9.772190188
06/27/2015,Jupiter Strategic AbsRt Bd I £ H Acc,9.772190188
06/28/2015,Jupiter Strategic AbsRt Bd I £ H Acc,9.772190188
06/29/2015,Jupiter Strategic AbsRt Bd I £ H Acc,9.70034975
06/30/2015,Jupiter Strategic AbsRt Bd I £ H Acc,9.695623405
07/01/2015,Jupiter Strategic AbsRt Bd I £ H Acc,9.729653086
07/02/2015,Jupiter Strategic AbsRt Bd I £ H Acc,9.754230078
07/03/2015,Jupiter Strategic AbsRt Bd I £ H Acc,9.711692977
07/04/2015,Jupiter Strategic AbsRt Bd I £ H Acc,9.711692977
07/05/2015,Jupiter Strategic AbsRt Bd I £ H Acc,9.711692977
07/06/2015,Jupiter Strategic AbsRt Bd I £ H Acc,9.651195765
07/07/2015,Jupiter Strategic AbsRt Bd I £ H Acc,9.61149447
07/08/2015,Jupiter Strategic AbsRt Bd I £ H Acc,9.577464789
07/09/2015,Jupiter Strategic AbsRt Bd I £ H Acc,9.609603932
07/10/2015,Jupiter Strategic AbsRt Bd I £ H Acc,9.725872011
07/11/2015,Jupiter Strategic AbsRt Bd I £ H Acc,9.725872011
07/12/2015,Jupiter Strategic AbsRt Bd I £ H Acc,9.725872011
07/13/2015,Jupiter Strategic AbsRt Bd I £ H Acc,9.787314491
07/14/2015,Jupiter Strategic AbsRt Bd I £ H Acc,9.760846961
07/15/2015,Jupiter Strategic AbsRt Bd I £ H Acc,9.734379431
07/16/2015,Jupiter Strategic AbsRt Bd I £ H Acc,9.7353247
07/17/2015,Jupiter Strategic AbsRt Bd I £ H Acc,9.70034975
07/18/2015,Jupiter Strategic AbsRt Bd I £ H Acc,9.70034975
07/19/2015,Jupiter Strategic AbsRt Bd I £ H Acc,9.70034975
07/20/2015,Jupiter Strategic AbsRt Bd I £ H Acc,9.632290387
07/21/2015,Jupiter Strategic AbsRt Bd I £ H Acc,9.657812648
07/22/2015,Jupiter Strategic AbsRt Bd I £ H Acc,9.673882219
07/23/2015,Jupiter Strategic AbsRt Bd I £ H Acc,9.638907269
07/24/2015,Jupiter Strategic AbsRt Bd I £ H Acc,9.60298705
07/25/2015,Jupiter Strategic AbsRt Bd I £ H Acc,9.60298705
07/26/2015,Jupiter Strategic AbsRt Bd I £ H Acc,9.60298705
07/27/2015,Jupiter Strategic AbsRt Bd I £ H Acc,9.583136402
07/28/2015,Jupiter Strategic AbsRt Bd I £ H Acc,9.597315436
07/29/2015,Jupiter Strategic AbsRt Bd I £ H Acc,9.600151243
07/30/2015,Jupiter Strategic AbsRt Bd I £ H Acc,9.620001891
07/31/2015,Jupiter Strategic AbsRt Bd I £ H Acc,9.602041781
08/01/2015,Jupiter Strategic AbsRt Bd I £ H Acc,9.602041781
08/02/2015,Jupiter Strategic AbsRt Bd I £ H Acc,9.602041781
08/03/2015,Jupiter Strategic AbsRt Bd I £ H Acc,9.602041781
08/04/2015,Jupiter Strategic AbsRt Bd I £ H Acc,9.553833066
08/05/2015,Jupiter Strategic AbsRt Bd I £ H Acc,9.590698554
08/06/2015,Jupiter Strategic AbsRt Bd I £ H Acc,9.603932319
08/07/2015,Jupiter Strategic AbsRt Bd I £ H Acc,9.568957368
08/08/2015,Jupiter Strategic AbsRt Bd I £ H Acc,9.568957368
08/09/2015,Jupiter Strategic AbsRt Bd I £ H Acc,9.568957368
08/10/2015,Jupiter Strategic AbsRt Bd I £ H Acc,9.536818225
08/11/2015,Jupiter Strategic AbsRt Bd I £ H Acc,9.547216183
08/12/2015,Jupiter Strategic AbsRt Bd I £ H Acc,9.47915682
08/13/2015,Jupiter Strategic AbsRt Bd I £ H Acc,9.462141979
08/14/2015,Jupiter Strategic AbsRt Bd I £ H Acc,9.4706494
08/15/2015,Jupiter Strategic AbsRt Bd I £ H Acc,9.4706494
08/16/2015,Jupiter Strategic AbsRt Bd I £ H Acc,9.4706494
08/17/2015,Jupiter Strategic AbsRt Bd I £ H Acc,9.473485207
08/18/2015,Jupiter Strategic AbsRt Bd I £ H Acc,9.464977786
08/19/2015,Jupiter Strategic AbsRt Bd I £ H Acc,9.46119671
08/20/2015,Jupiter Strategic AbsRt Bd I £ H Acc,9.46119671
08/21/2015,Jupiter Strategic AbsRt Bd I £ H Acc,9.445127139
08/22/2015,Jupiter Strategic AbsRt Bd I £ H Acc,9.445127139
08/23/2015,Jupiter Strategic AbsRt Bd I £ H Acc,9.445127139
08/24/2015,Jupiter Strategic AbsRt Bd I £ H Acc,9.462141979
08/25/2015,Jupiter Strategic AbsRt Bd I £ H Acc,9.396918423
08/26/2015,Jupiter Strategic AbsRt Bd I £ H Acc,9.393137348
08/27/2015,Jupiter Strategic AbsRt Bd I £ H Acc,9.374231969
08/28/2015,Jupiter Strategic AbsRt Bd I £ H Acc,9.398808961
08/29/2015,Jupiter Strategic AbsRt Bd I £ H Acc,9.398808961
08/30/2015,Jupiter Strategic AbsRt Bd I £ H Acc,9.398808961
08/31/2015,Jupiter Strategic AbsRt Bd I £ H Acc,9.398808961
09/01/2015,Jupiter Strategic AbsRt Bd I £ H Acc,9.407316382
09/02/2015,Jupiter Strategic AbsRt Bd I £ H Acc,9.402590037
09/03/2015,Jupiter Strategic AbsRt Bd I £ H Acc,9.395973154
09/04/2015,Jupiter Strategic AbsRt Bd I £ H Acc,9.422440684
09/05/2015,Jupiter Strategic AbsRt Bd I £ H Acc,9.422440684
09/06/2015,Jupiter Strategic AbsRt Bd I £ H Acc,9.422440684
09/07/2015,Jupiter Strategic AbsRt Bd I £ H Acc,9.438510256
09/08/2015,Jupiter Strategic AbsRt Bd I £ H Acc,9.428112298
09/09/2015,Jupiter Strategic AbsRt Bd I £ H Acc,9.412042726
09/10/2015,Jupiter Strategic AbsRt Bd I £ H Acc,9.419604878
09/11/2015,Jupiter Strategic AbsRt Bd I £ H Acc,9.437564987
09/12/2015,Jupiter Strategic AbsRt Bd I £ H Acc,9.437564987
09/13/2015,Jupiter Strategic AbsRt Bd I £ H Acc,9.437564987
09/14/2015,Jupiter Strategic AbsRt Bd I £ H Acc,9.438510256
09/15/2015,Jupiter Strategic AbsRt Bd I £ H Acc,9.439455525
09/16/2015,Jupiter Strategic AbsRt Bd I £ H Acc,9.402590037
09/17/2015,Jupiter Strategic AbsRt Bd I £ H Acc,9.402590037
09/18/2015,Jupiter Strategic AbsRt Bd I £ H Acc,9.443236601
09/19/2015,Jupiter Strategic AbsRt Bd I £ H Acc,9.443236601
09/20/2015,Jupiter Strategic AbsRt Bd I £ H Acc,9.443236601
09/21/2015,Jupiter Strategic AbsRt Bd I £ H Acc,9.428112298
09/22/2015,Jupiter Strategic AbsRt Bd I £ H Acc,9.412042726
09/23/2015,Jupiter Strategic AbsRt Bd I £ H Acc,9.411097457
09/24/2015,Jupiter Strategic AbsRt Bd I £ H Acc,9.427167029
09/25/2015,Jupiter Strategic AbsRt Bd I £ H Acc,9.393137348
09/26/2015,Jupiter Strategic AbsRt Bd I £ H Acc,9.393137348
09/27/2015,Jupiter Strategic AbsRt Bd I £ H Acc,9.393137348
09/28/2015,Jupiter Strategic AbsRt Bd I £ H Acc,9.403535306
09/29/2015,Jupiter Strategic AbsRt Bd I £ H Acc,9.389356272
09/30/2015,Jupiter Strategic AbsRt Bd I £ H Acc,9.387465734
10/01/2015,Jupiter Strategic AbsRt Bd I £ H Acc,9.401644768
10/02/2015,Jupiter Strategic AbsRt Bd I £ H Acc,9.413933264
10/03/2015,Jupiter Strategic AbsRt Bd I £ H Acc,9.413933264
10/04/2015,Jupiter Strategic AbsRt Bd I £ H Acc,9.413933264
10/05/2015,Jupiter Strategic AbsRt Bd I £ H Acc,9.420550147
10/06/2015,Jupiter Strategic AbsRt Bd I £ H Acc,9.407316382
10/07/2015,Jupiter Strategic AbsRt Bd I £ H Acc,9.397863692
10/08/2015,Jupiter Strategic AbsRt Bd I £ H Acc,9.431893374
10/09/2015,Jupiter Strategic AbsRt Bd I £ H Acc,9.414878533
10/10/2015,Jupiter Strategic AbsRt Bd I £ H Acc,9.414878533
10/11/2015,Jupiter Strategic AbsRt Bd I £ H Acc,9.414878533
10/12/2015,Jupiter Strategic AbsRt Bd I £ H Acc,9.412987995
10/13/2015,Jupiter Strategic AbsRt Bd I £ H Acc,9.422440684
10/14/2015,Jupiter Strategic AbsRt Bd I £ H Acc,9.430948105
10/15/2015,Jupiter Strategic AbsRt Bd I £ H Acc,9.447017677
10/16/2015,Jupiter Strategic AbsRt Bd I £ H Acc,9.449853483
10/17/2015,Jupiter Strategic AbsRt Bd I £ H Acc,9.449853483
10/18/2015,Jupiter Strategic AbsRt Bd I £ H Acc,9.449853483
10/19/2015,Jupiter Strategic AbsRt Bd I £ H Acc,9.432838643
10/20/2015,Jupiter Strategic AbsRt Bd I £ H Acc,9.430002836
10/21/2015,Jupiter Strategic AbsRt Bd I £ H Acc,9.433783912
10/22/2015,Jupiter Strategic AbsRt Bd I £ H Acc,9.435674449
10/23/2015,Jupiter Strategic AbsRt Bd I £ H Acc,9.439455525
10/24/2015,Jupiter Strategic AbsRt Bd I £ H Acc,9.439455525
10/25/2015,Jupiter Strategic AbsRt Bd I £ H Acc,9.439455525
10/26/2015,Jupiter Strategic AbsRt Bd I £ H Acc,9.439455525
10/27/2015,Jupiter Strategic AbsRt Bd I £ H Acc,9.459306173
10/28/2015,Jupiter Strategic AbsRt Bd I £ H Acc,9.473485207
10/29/2015,Jupiter Strategic AbsRt Bd I £ H Acc,9.437564987
10/30/2015,Jupiter Strategic AbsRt Bd I £ H Acc,9.397863692
10/31/2015,Jupiter Strategic AbsRt Bd I £ H Acc,9.397863692
11/01/2015,Jupiter Strategic AbsRt Bd I £ H Acc,9.397863692
11/02/2015,Jupiter Strategic AbsRt Bd I £ H Acc,9.389356272
11/03/2015,Jupiter Strategic AbsRt Bd I £ H Acc,9.394082617
11/04/2015,Jupiter Strategic AbsRt Bd I £ H Acc,9.390301541
11/05/2015,Jupiter Strategic AbsRt Bd I £ H Acc,9.380848851
11/06/2015,Jupiter Strategic AbsRt Bd I £ H Acc,9.378013045
11/07/2015,Jupiter Strategic AbsRt Bd I £ H Acc,9.378013045
11/08/2015,Jupiter Strategic AbsRt Bd I £ H Acc,9.378013045
11/09/2015,Jupiter Strategic AbsRt Bd I £ H Acc,9.331694867
11/10/2015,Jupiter Strategic AbsRt Bd I £ H Acc,9.349654977
11/11/2015,Jupiter Strategic AbsRt Bd I £ H Acc,9.343038094
11/12/2015,Jupiter Strategic AbsRt Bd I £ H Acc,9.354381321
11/13/2015,Jupiter Strategic AbsRt Bd I £ H Acc,9.356271859
11/14/2015,Jupiter Strategic AbsRt Bd I £ H Acc,9.356271859
11/15/2015,Jupiter Strategic AbsRt Bd I £ H Acc,9.356271859
11/16/2015,Jupiter Strategic AbsRt Bd I £ H Acc,9.361943473
11/17/2015,Jupiter Strategic AbsRt Bd I £ H Acc,9.354381321
11/18/2015,Jupiter Strategic AbsRt Bd I £ H Acc,9.372341431
11/19/2015,Jupiter Strategic AbsRt Bd I £ H Acc,9.379903583
11/20/2015,Jupiter Strategic AbsRt Bd I £ H Acc,9.388411003
11/21/2015,Jupiter Strategic AbsRt Bd I £ H Acc,9.388411003
11/22/2015,Jupiter Strategic AbsRt Bd I £ H Acc,9.388411003
11/23/2015,Jupiter Strategic AbsRt Bd I £ H Acc,9.384629927
11/24/2015,Jupiter Strategic AbsRt Bd I £ H Acc,9.403535306
11/25/2015,Jupiter Strategic AbsRt Bd I £ H Acc,9.400699499
11/26/2015,Jupiter Strategic AbsRt Bd I £ H Acc,9.400699499
11/27/2015,Jupiter Strategic AbsRt Bd I £ H Acc,9.415823802
11/28/2015,Jupiter Strategic AbsRt Bd I £ H Acc,9.415823802
11/29/2015,Jupiter Strategic AbsRt Bd I £ H Acc,9.415823802
11/30/2015,Jupiter Strategic AbsRt Bd I £ H Acc,9.409206919
12/01/2015,Jupiter Strategic AbsRt Bd I £ H Acc,9.395973154
12/02/2015,Jupiter Strategic AbsRt Bd I £ H Acc,9.432838643
12/03/2015,Jupiter Strategic AbsRt Bd I £ H Acc,9.413933264
12/04/2015,Jupiter Strategic AbsRt Bd I £ H Acc,9.36477928
12/05/2015,Jupiter Strategic AbsRt Bd I £ H Acc,9.36477928
12/06/2015,Jupiter Strategic AbsRt Bd I £ H Acc,9.36477928
12/07/2015,Jupiter Strategic AbsRt Bd I £ H Acc,9.378013045
12/08/2015,Jupiter Strategic AbsRt Bd I £ H Acc,9.38179412
12/09/2015,Jupiter Strategic AbsRt Bd I £ H Acc,9.378013045
12/10/2015,Jupiter Strategic AbsRt Bd I £ H Acc,9.362888742
12/11/2015,Jupiter Strategic AbsRt Bd I £ H Acc,9.374231969
12/12/2015,Jupiter Strategic AbsRt Bd I £ H Acc,9.374231969
12/13/2015,Jupiter Strategic AbsRt Bd I £ H Acc,9.374231969
12/14/2015,Jupiter Strategic AbsRt Bd I £ H Acc,9.360998204
12/15/2015,Jupiter Strategic AbsRt Bd I £ H Acc,9.307117875
12/16/2015,Jupiter Strategic AbsRt Bd I £ H Acc,9.317515833
12/17/2015,Jupiter Strategic AbsRt Bd I £ H Acc,9.334530674
12/18/2015,Jupiter Strategic AbsRt Bd I £ H Acc,9.349654977
12/19/2015,Jupiter Strategic AbsRt Bd I £ H Acc,9.349654977
12/20/2015,Jupiter Strategic AbsRt Bd I £ H Acc,9.349654977
12/21/2015,Jupiter Strategic AbsRt Bd I £ H Acc,9.351545515
12/22/2015,Jupiter Strategic AbsRt Bd I £ H Acc,9.341147556
12/23/2015,Jupiter Strategic AbsRt Bd I £ H Acc,9.325077985
12/24/2015,Jupiter Strategic AbsRt Bd I £ H Acc,9.330749598
12/25/2015,Jupiter Strategic AbsRt Bd I £ H Acc,9.330749598
12/26/2015,Jupiter Strategic AbsRt Bd I £ H Acc,9.330749598
12/27/2015,Jupiter Strategic AbsRt Bd I £ H Acc,9.330749598
12/28/2015,Jupiter Strategic AbsRt Bd I £ H Acc,9.330749598
12/29/2015,Jupiter Strategic AbsRt Bd I £ H Acc,9.330749598
12/30/2015,Jupiter Strategic AbsRt Bd I £ H Acc,9.332640136
12/31/2015,Jupiter Strategic AbsRt Bd I £ H Acc,9.339257019
01/01/2016,Jupiter Strategic AbsRt Bd I £ H Acc,9.339257019
01/02/2016,Jupiter Strategic AbsRt Bd I £ H Acc,9.339257019
01/03/2016,Jupiter Strategic AbsRt Bd I £ H Acc,9.339257019
01/04/2016,Jupiter Strategic AbsRt Bd I £ H Acc,9.3732867
01/05/2016,Jupiter Strategic AbsRt Bd I £ H Acc,9.3732867
01/06/2016,Jupiter Strategic AbsRt Bd I £ H Acc,9.39975423
01/07/2016,Jupiter Strategic AbsRt Bd I £ H Acc,9.413933264
01/08/2016,Jupiter Strategic AbsRt Bd I £ H Acc,9.387465734
01/09/2016,Jupiter Strategic AbsRt Bd I £ H Acc,9.387465734
01/10/2016,Jupiter Strategic AbsRt Bd I £ H Acc,9.387465734
01/11/2016,Jupiter Strategic AbsRt Bd I £ H Acc,9.398808961
01/12/2016,Jupiter Strategic AbsRt Bd I £ H Acc,9.38179412
01/13/2016,Jupiter Strategic AbsRt Bd I £ H Acc,9.395027885
01/14/2016,Jupiter Strategic AbsRt Bd I £ H Acc,9.413933264
01/15/2016,Jupiter Strategic AbsRt Bd I £ H Acc,9.412042726
01/16/2016,Jupiter Strategic AbsRt Bd I £ H Acc,9.412042726
01/17/2016,Jupiter Strategic AbsRt Bd I £ H Acc,9.412042726
01/18/2016,Jupiter Strategic AbsRt Bd I £ H Acc,9.396918423
01/19/2016,Jupiter Strategic AbsRt Bd I £ H Acc,9.368560355
01/20/2016,Jupiter Strategic AbsRt Bd I £ H Acc,9.430948105
01/21/2016,Jupiter Strategic AbsRt Bd I £ H Acc,9.422440684
01/22/2016,Jupiter Strategic AbsRt Bd I £ H Acc,9.360052935
01/23/2016,Jupiter Strategic AbsRt Bd I £ H Acc,9.360052935
01/24/2016,Jupiter Strategic AbsRt Bd I £ H Acc,9.360052935
01/25/2016,Jupiter Strategic AbsRt Bd I £ H Acc,9.379903583
01/26/2016,Jupiter Strategic AbsRt Bd I £ H Acc,9.401644768
01/27/2016,Jupiter Strategic AbsRt Bd I £ H Acc,9.398808961
01/28/2016,Jupiter Strategic AbsRt Bd I £ H Acc,9.400699499
01/29/2016,Jupiter Strategic AbsRt Bd I £ H Acc,9.440400794
01/30/2016,Jupiter Strategic AbsRt Bd I £ H Acc,9.440400794
01/31/2016,Jupiter Strategic AbsRt Bd I £ H Acc,9.440400794
02/01/2016,Jupiter Strategic AbsRt Bd I £ H Acc,9.435674449
02/02/2016,Jupiter Strategic AbsRt Bd I £ H Acc,9.432838643
02/03/2016,Jupiter Strategic AbsRt Bd I £ H Acc,9.45268929
02/04/2016,Jupiter Strategic AbsRt Bd I £ H Acc,9.436619718
02/05/2016,Jupiter Strategic AbsRt Bd I £ H Acc,9.462141979
02/06/2016,Jupiter Strategic AbsRt Bd I £ H Acc,9.462141979
02/07/2016,Jupiter Strategic AbsRt Bd I £ H Acc,9.462141979
02/08/2016,Jupiter Strategic AbsRt Bd I £ H Acc,9.481992627
02/09/2016,Jupiter Strategic AbsRt Bd I £ H Acc,9.499007468
02/10/2016,Jupiter Strategic AbsRt Bd I £ H Acc,9.483883165
02/11/2016,Jupiter Strategic AbsRt Bd I £ H Acc,9.587862747
02/12/2016,Jupiter Strategic AbsRt Bd I £ H Acc,9.528310804
02/13/2016,Jupiter Strategic AbsRt Bd I £ H Acc,9.528310804
02/14/2016,Jupiter Strategic AbsRt Bd I £ H Acc,9.528310804
02/15/2016,Jupiter Strategic AbsRt Bd I £ H Acc,9.482937896
02/16/2016,Jupiter Strategic AbsRt Bd I £ H Acc,9.482937896
02/17/2016,Jupiter Strategic AbsRt Bd I £ H Acc,9.480102089
02/18/2016,Jupiter Strategic AbsRt Bd I £ H Acc,9.481992627
02/19/2016,Jupiter Strategic AbsRt Bd I £ H Acc,9.511295964
02/20/2016,Jupiter Strategic AbsRt Bd I £ H Acc,9.511295964
02/21/2016,Jupiter Strategic AbsRt Bd I £ H Acc,9.511295964
02/22/2016,Jupiter Strategic AbsRt Bd I £ H Acc,9.492390585
02/23/2016,Jupiter Strategic AbsRt Bd I £ H Acc,9.510350695
02/24/2016,Jupiter Strategic AbsRt Bd I £ H Acc,9.527365535
02/25/2016,Jupiter Strategic AbsRt Bd I £ H Acc,9.507514888
02/26/2016,Jupiter Strategic AbsRt Bd I £ H Acc,9.521693922
02/27/2016,Jupiter Strategic AbsRt Bd I £ H Acc,9.521693922
02/28/2016,Jupiter Strategic AbsRt Bd I £ H Acc,9.521693922
02/29/2016,Jupiter Strategic AbsRt Bd I £ H Acc,9.526420267
03/01/2016,Jupiter Strategic AbsRt Bd I £ H Acc,9.519803384
03/02/2016,Jupiter Strategic AbsRt Bd I £ H Acc,9.500898005
03/03/2016,Jupiter Strategic AbsRt Bd I £ H Acc,9.512241233
03/04/2016,Jupiter Strategic AbsRt Bd I £ H Acc,9.520748653
03/05/2016,Jupiter Strategic AbsRt Bd I £ H Acc,9.520748653
03/06/2016,Jupiter Strategic AbsRt Bd I £ H Acc,9.520748653
03/07/2016,Jupiter Strategic AbsRt Bd I £ H Acc,9.516967577
03/08/2016,Jupiter Strategic AbsRt Bd I £ H Acc,9.535872956
03/09/2016,Jupiter Strategic AbsRt Bd I £ H Acc,9.512241233
03/10/2016,Jupiter Strategic AbsRt Bd I £ H Acc,9.526420267
03/11/2016,Jupiter Strategic AbsRt Bd I £ H Acc,9.490500047
03/12/2016,Jupiter Strategic AbsRt Bd I £ H Acc,9.490500047
03/13/2016,Jupiter Strategic AbsRt Bd I £ H Acc,9.490500047
03/14/2016,Jupiter Strategic AbsRt Bd I £ H Acc,9.499952737
03/15/2016,Jupiter Strategic AbsRt Bd I £ H Acc,9.501843274
03/16/2016,Jupiter Strategic AbsRt Bd I £ H Acc,9.493335854
03/17/2016,Jupiter Strategic AbsRt Bd I £ H Acc,9.493335854
03/18/2016,Jupiter Strategic AbsRt Bd I £ H Acc,9.543435107
03/19/2016,Jupiter Strategic AbsRt Bd I £ H Acc,9.543435107
03/20/2016,Jupiter Strategic AbsRt Bd I £ H Acc,9.543435107
03/21/2016,Jupiter Strategic AbsRt Bd I £ H Acc,9.546270914
03/22/2016,Jupiter Strategic AbsRt Bd I £ H Acc,9.542489838
03/23/2016,Jupiter Strategic AbsRt Bd I £ H Acc,9.528310804
03/24/2016,Jupiter Strategic AbsRt Bd I £ H Acc,9.541544569
03/25/2016,Jupiter Strategic AbsRt Bd I £ H Acc,9.541544569
03/26/2016,Jupiter Strategic AbsRt Bd I £ H Acc,9.541544569
03/27/2016,Jupiter Strategic AbsRt Bd I £ H Acc,9.541544569
03/28/2016,Jupiter Strategic AbsRt Bd I £ H Acc,9.541544569
03/29/2016,Jupiter Strategic AbsRt Bd I £ H Acc,9.541544569
03/30/2016,Jupiter Strategic AbsRt Bd I £ H Acc,9.565176293
03/31/2016,Jupiter Strategic AbsRt Bd I £ H Acc,9.573683713
04/01/2016,Jupiter Strategic AbsRt Bd I £ H Acc,9.571793175
04/02/2016,Jupiter Strategic AbsRt Bd I £ H Acc,9.571793175
04/03/2016,Jupiter Strategic AbsRt Bd I £ H Acc,9.571793175
04/04/2016,Jupiter Strategic AbsRt Bd I £ H Acc,9.574628982
04/05/2016,Jupiter Strategic AbsRt Bd I £ H Acc,9.600151243
04/06/2016,Jupiter Strategic AbsRt Bd I £ H Acc,9.575574251
04/07/2016,Jupiter Strategic AbsRt Bd I £ H Acc,9.589753285
04/08/2016,Jupiter Strategic AbsRt Bd I £ H Acc,9.592589092
04/09/2016,Jupiter Strategic AbsRt Bd I £ H Acc,9.592589092
04/10/2016,Jupiter Strategic AbsRt Bd I £ H Acc,9.592589092
04/11/2016,Jupiter Strategic AbsRt Bd I £ H Acc,9.584081671
04/12/2016,Jupiter Strategic AbsRt Bd I £ H Acc,9.571793175
04/13/2016,Jupiter Strategic AbsRt Bd I £ H Acc,9.567066831
04/14/2016,Jupiter Strategic AbsRt Bd I £ H Acc,9.57651952
04/15/2016,Jupiter Strategic AbsRt Bd I £ H Acc,9.589753285
04/16/2016,Jupiter Strategic AbsRt Bd I £ H Acc,9.589753285
04/17/2016,Jupiter Strategic AbsRt Bd I £ H Acc,9.589753285
04/18/2016,Jupiter Strategic AbsRt Bd I £ H Acc,9.588808016
04/19/2016,Jupiter Strategic AbsRt Bd I £ H Acc,9.571793175
04/20/2016,Jupiter Strategic AbsRt Bd I £ H Acc,9.589753285
04/21/2016,Jupiter Strategic AbsRt Bd I £ H Acc,9.560449948
04/22/2016,Jupiter Strategic AbsRt Bd I £ H Acc,9.553833066
04/23/2016,Jupiter Strategic AbsRt Bd I £ H Acc,9.553833066
04/24/2016,Jupiter Strategic AbsRt Bd I £ H Acc,9.553833066
04/25/2016,Jupiter Strategic AbsRt Bd I £ H Acc,9.535872956
04/26/2016,Jupiter Strategic AbsRt Bd I £ H Acc,9.521693922
04/27/2016,Jupiter Strategic AbsRt Bd I £ H Acc,9.520748653
04/28/2016,Jupiter Strategic AbsRt Bd I £ H Acc,9.55005199
04/29/2016,Jupiter Strategic AbsRt Bd I £ H Acc,9.547216183
04/30/2016,Jupiter Strategic AbsRt Bd I £ H Acc,9.547216183
05/01/2016,Jupiter Strategic AbsRt Bd I £ H Acc,9.547216183
05/02/2016,Jupiter Strategic AbsRt Bd I £ H Acc,9.547216183
05/03/2016,Jupiter Strategic AbsRt Bd I £ H Acc,9.55005199
05/04/2016,Jupiter Strategic AbsRt Bd I £ H Acc,9.555723603
05/05/2016,Jupiter Strategic AbsRt Bd I £ H Acc,9.540599301
05/06/2016,Jupiter Strategic AbsRt Bd I £ H Acc,9.578410058
05/07/2016,Jupiter Strategic AbsRt Bd I £ H Acc,9.578410058
05/08/2016,Jupiter Strategic AbsRt Bd I £ H Acc,9.578410058
05/09/2016,Jupiter Strategic AbsRt Bd I £ H Acc,9.573683713
05/10/2016,Jupiter Strategic AbsRt Bd I £ H Acc,9.57651952
05/11/2016,Jupiter Strategic AbsRt Bd I £ H Acc,9.588808016
05/12/2016,Jupiter Strategic AbsRt Bd I £ H Acc,9.585972209
05/13/2016,Jupiter Strategic AbsRt Bd I £ H Acc,9.595424898
05/14/2016,Jupiter Strategic AbsRt Bd I £ H Acc,9.595424898
05/15/2016,Jupiter Strategic AbsRt Bd I £ H Acc,9.595424898
05/16/2016,Jupiter Strategic AbsRt Bd I £ H Acc,9.61149447
05/17/2016,Jupiter Strategic AbsRt Bd I £ H Acc,9.595424898
05/18/2016,Jupiter Strategic AbsRt Bd I £ H Acc,9.595424898
05/19/2016,Jupiter Strategic AbsRt Bd I £ H Acc,9.554778334
05/20/2016,Jupiter Strategic AbsRt Bd I £ H Acc,9.556668872
05/21/2016,Jupiter Strategic AbsRt Bd I £ H Acc,9.556668872
05/22/2016,Jupiter Strategic AbsRt Bd I £ H Acc,9.556668872
05/23/2016,Jupiter Strategic AbsRt Bd I £ H Acc,9.568012099
05/24/2016,Jupiter Strategic AbsRt Bd I £ H Acc,9.561395217
05/25/2016,Jupiter Strategic AbsRt Bd I £ H Acc,9.557614141
05/26/2016,Jupiter Strategic AbsRt Bd I £ H Acc,9.556668872
05/27/2016,Jupiter Strategic AbsRt Bd I £ H Acc,9.577464789
05/28/2016,Jupiter Strategic AbsRt Bd I £ H Acc,9.577464789
05/29/2016,Jupiter Strategic AbsRt Bd I £ H Acc,9.577464789
05/30/2016,Jupiter Strategic AbsRt Bd I £ H Acc,9.577464789
05/31/2016,Jupiter Strategic AbsRt Bd I £ H Acc,9.561395217
06/01/2016,Jupiter Strategic AbsRt Bd I £ H Acc,9.583136402
06/02/2016,Jupiter Strategic AbsRt Bd I £ H Acc,9.585972209
06/03/2016,Jupiter Strategic AbsRt Bd I £ H Acc,9.617166084
06/04/2016,Jupiter Strategic AbsRt Bd I £ H Acc,9.617166084
06/05/2016,Jupiter Strategic AbsRt Bd I £ H Acc,9.617166084
06/06/2016,Jupiter Strategic AbsRt Bd I £ H Acc,9.617166084
06/07/2016,Jupiter Strategic AbsRt Bd I £ H Acc,9.648359958
06/08/2016,Jupiter Strategic AbsRt Bd I £ H Acc,9.659703186
06/09/2016,Jupiter Strategic AbsRt Bd I £ H Acc,9.683334909
06/10/2016,Jupiter Strategic AbsRt Bd I £ H Acc,9.692787598
06/11/2016,Jupiter Strategic AbsRt Bd I £ H Acc,9.692787598
06/12/2016,Jupiter Strategic AbsRt Bd I £ H Acc,9.692787598
06/13/2016,Jupiter Strategic AbsRt Bd I £ H Acc,9.699404481
06/14/2016,Jupiter Strategic AbsRt Bd I £ H Acc,9.714528783
06/15/2016,Jupiter Strategic AbsRt Bd I £ H Acc,9.695623405
06/16/2016,Jupiter Strategic AbsRt Bd I £ H Acc,9.739105776
06/17/2016,Jupiter Strategic AbsRt Bd I £ H Acc,9.713583515
06/18/2016,Jupiter Strategic AbsRt Bd I £ H Acc,9.713583515
06/19/2016,Jupiter Strategic AbsRt Bd I £ H Acc,9.713583515
06/20/2016,Jupiter Strategic AbsRt Bd I £ H Acc,9.683334909
06/21/2016,Jupiter Strategic AbsRt Bd I £ H Acc,9.672936951
06/22/2016,Jupiter Strategic AbsRt Bd I £ H Acc,9.665374799
06/23/2016,Jupiter Strategic AbsRt Bd I £ H Acc,9.65592211
06/24/2016,Jupiter Strategic AbsRt Bd I £ H Acc,9.736269969
06/25/2016,Jupiter Strategic AbsRt Bd I £ H Acc,9.736269969
06/26/2016,Jupiter Strategic AbsRt Bd I £ H Acc,9.736269969
06/27/2016,Jupiter Strategic AbsRt Bd I £ H Acc,9.763682768
06/28/2016,Jupiter Strategic AbsRt Bd I £ H Acc,9.771244919
06/29/2016,Jupiter Strategic AbsRt Bd I £ H Acc,9.790150298
06/30/2016,Jupiter Strategic AbsRt Bd I £ H Acc,9.784478684
07/01/2016,Jupiter Strategic AbsRt Bd I £ H Acc,9.848756971
07/02/2016,Jupiter Strategic AbsRt Bd I £ H Acc,9.848756971
07/03/2016,Jupiter Strategic AbsRt Bd I £ H Acc,9.848756971
07/04/2016,Jupiter Strategic AbsRt Bd I £ H Acc,9.835523206
07/05/2016,Jupiter Strategic AbsRt Bd I £ H Acc,9.86766235
07/06/2016,Jupiter Strategic AbsRt Bd I £ H Acc,9.896020418
07/07/2016,Jupiter Strategic AbsRt Bd I £ H Acc,9.879950846
07/08/2016,Jupiter Strategic AbsRt Bd I £ H Acc,9.878060308
07/09/2016,Jupiter Strategic AbsRt Bd I £ H Acc,9.878060308
07/10/2016,Jupiter Strategic AbsRt Bd I £ H Acc,9.878060308
07/11/2016,Jupiter Strategic AbsRt Bd I £ H Acc,9.900746762
07/12/2016,Jupiter Strategic AbsRt Bd I £ H Acc,9.856319123
07/13/2016,Jupiter Strategic AbsRt Bd I £ H Acc,9.861990736
07/14/2016,Jupiter Strategic AbsRt Bd I £ H Acc,9.861990736
07/15/2016,Jupiter Strategic AbsRt Bd I £ H Acc,9.827015786
07/16/2016,Jupiter Strategic AbsRt Bd I £ H Acc,9.827015786
07/17/2016,Jupiter Strategic AbsRt Bd I £ H Acc,9.827015786
07/18/2016,Jupiter Strategic AbsRt Bd I £ H Acc,9.811891483
07/19/2016,Jupiter Strategic AbsRt Bd I £ H Acc,9.809055676
07/20/2016,Jupiter Strategic AbsRt Bd I £ H Acc,9.805274601
07/21/2016,Jupiter Strategic AbsRt Bd I £ H Acc,9.78825976
07/22/2016,Jupiter Strategic AbsRt Bd I £ H Acc,9.797712449
07/23/2016,Jupiter Strategic AbsRt Bd I £ H Acc,9.797712449
07/24/2016,Jupiter Strategic AbsRt Bd I £ H Acc,9.797712449
07/25/2016,Jupiter Strategic AbsRt Bd I £ H Acc,9.794876642
07/26/2016,Jupiter Strategic AbsRt Bd I £ H Acc,9.817563097
07/27/2016,Jupiter Strategic AbsRt Bd I £ H Acc,9.815672559
07/28/2016,Jupiter Strategic AbsRt Bd I £ H Acc,9.844030627
07/29/2016,Jupiter Strategic AbsRt Bd I £ H Acc,9.836468475
07/30/2016,Jupiter Strategic AbsRt Bd I £ H Acc,9.836468475
07/31/2016,Jupiter Strategic AbsRt Bd I £ H Acc,9.836468475
08/01/2016,Jupiter Strategic AbsRt Bd I £ H Acc,9.836468475
08/02/2016,Jupiter Strategic AbsRt Bd I £ H Acc,9.810000945
08/03/2016,Jupiter Strategic AbsRt Bd I £ H Acc,9.802438794
08/04/2016,Jupiter Strategic AbsRt Bd I £ H Acc,9.811891483
08/05/2016,Jupiter Strategic AbsRt Bd I £ H Acc,9.857264392
08/06/2016,Jupiter Strategic AbsRt Bd I £ H Acc,9.857264392
08/07/2016,Jupiter Strategic AbsRt Bd I £ H Acc,9.857264392
08/08/2016,Jupiter Strategic AbsRt Bd I £ H Acc,9.842140089
08/09/2016,Jupiter Strategic AbsRt Bd I £ H Acc,9.858209661
08/10/2016,Jupiter Strategic AbsRt Bd I £ H Acc,9.883731922
08/11/2016,Jupiter Strategic AbsRt Bd I £ H Acc,9.884677191
08/12/2016,Jupiter Strategic AbsRt Bd I £ H Acc,9.890348804
08/13/2016,Jupiter Strategic AbsRt Bd I £ H Acc,9.890348804
08/14/2016,Jupiter Strategic AbsRt Bd I £ H Acc,9.890348804
08/15/2016,Jupiter Strategic AbsRt Bd I £ H Acc,9.907363645
08/16/2016,Jupiter Strategic AbsRt Bd I £ H Acc,9.899801494
08/17/2016,Jupiter Strategic AbsRt Bd I £ H Acc,9.87616977
08/18/2016,Jupiter Strategic AbsRt Bd I £ H Acc,9.891294073
08/19/2016,Jupiter Strategic AbsRt Bd I £ H Acc,9.892239342
08/20/2016,Jupiter Strategic AbsRt Bd I £ H Acc,9.892239342
08/21/2016,Jupiter Strategic AbsRt Bd I £ H Acc,9.892239342
08/22/2016,Jupiter Strategic AbsRt Bd I £ H Acc,9.877115039
08/23/2016,Jupiter Strategic AbsRt Bd I £ H Acc,9.888458266
08/24/2016,Jupiter Strategic AbsRt Bd I £ H Acc,9.89412988
08/25/2016,Jupiter Strategic AbsRt Bd I £ H Acc,9.89412988
08/26/2016,Jupiter Strategic AbsRt Bd I £ H Acc,9.880896115
08/27/2016,Jupiter Strategic AbsRt Bd I £ H Acc,9.880896115
08/28/2016,Jupiter Strategic AbsRt Bd I £ H Acc,9.880896115
08/29/2016,Jupiter Strategic AbsRt Bd I £ H Acc,9.880896115
08/30/2016,Jupiter Strategic AbsRt Bd I £ H Acc,9.861990736
08/31/2016,Jupiter Strategic AbsRt Bd I £ H Acc,9.858209661
09/01/2016,Jupiter Strategic AbsRt Bd I £ H Acc,9.844975896
09/02/2016,Jupiter Strategic AbsRt Bd I £ H Acc,9.838359013
09/03/2016,Jupiter Strategic AbsRt Bd I £ H Acc,9.838359013
09/04/2016,Jupiter Strategic AbsRt Bd I £ H Acc,9.838359013
09/05/2016,Jupiter Strategic AbsRt Bd I £ H Acc,9.8326874
09/06/2016,Jupiter Strategic AbsRt Bd I £ H Acc,9.842140089
09/07/2016,Jupiter Strategic AbsRt Bd I £ H Acc,9.877115039
09/08/2016,Jupiter Strategic AbsRt Bd I £ H Acc,9.892239342
09/09/2016,Jupiter Strategic AbsRt Bd I £ H Acc,9.837413744
09/10/2016,Jupiter Strategic AbsRt Bd I £ H Acc,9.837413744
09/11/2016,Jupiter Strategic AbsRt Bd I £ H Acc,9.837413744
09/12/2016,Jupiter Strategic AbsRt Bd I £ H Acc,9.795821911
09/13/2016,Jupiter Strategic AbsRt Bd I £ H Acc,9.801493525
09/14/2016,Jupiter Strategic AbsRt Bd I £ H Acc,9.776916533
09/15/2016,Jupiter Strategic AbsRt Bd I £ H Acc,9.783533415
09/16/2016,Jupiter Strategic AbsRt Bd I £ H Acc,9.77975234
09/17/2016,Jupiter Strategic AbsRt Bd I £ H Acc,9.77975234
09/18/2016,Jupiter Strategic AbsRt Bd I £ H Acc,9.77975234
09/19/2016,Jupiter Strategic AbsRt Bd I £ H Acc,9.762737499
09/20/2016,Jupiter Strategic AbsRt Bd I £ H Acc,9.755175347
09/21/2016,Jupiter Strategic AbsRt Bd I £ H Acc,9.766518575
09/22/2016,Jupiter Strategic AbsRt Bd I £ H Acc,9.778807071
09/23/2016,Jupiter Strategic AbsRt Bd I £ H Acc,9.798657718
09/24/2016,Jupiter Strategic AbsRt Bd I £ H Acc,9.798657718
09/25/2016,Jupiter Strategic AbsRt Bd I £ H Acc,9.798657718
09/26/2016,Jupiter Strategic AbsRt Bd I £ H Acc,9.800548256
09/27/2016,Jupiter Strategic AbsRt Bd I £ H Acc,9.819453635
09/28/2016,Jupiter Strategic AbsRt Bd I £ H Acc,9.82323471
09/29/2016,Jupiter Strategic AbsRt Bd I £ H Acc,9.820398903
09/30/2016,Jupiter Strategic AbsRt Bd I £ H Acc,9.824179979
10/01/2016,Jupiter Strategic AbsRt Bd I £ H Acc,9.824179979
10/02/2016,Jupiter Strategic AbsRt Bd I £ H Acc,9.824179979
10/03/2016,Jupiter Strategic AbsRt Bd I £ H Acc,9.801493525
10/04/2016,Jupiter Strategic AbsRt Bd I £ H Acc,9.792040836
10/05/2016,Jupiter Strategic AbsRt Bd I £ H Acc,9.777861802
10/06/2016,Jupiter Strategic AbsRt Bd I £ H Acc,9.768409112
10/07/2016,Jupiter Strategic AbsRt Bd I £ H Acc,9.74383212
10/08/2016,Jupiter Strategic AbsRt Bd I £ H Acc,9.74383212
10/09/2016,Jupiter Strategic AbsRt Bd I £ H Acc,9.74383212
10/10/2016,Jupiter Strategic AbsRt Bd I £ H Acc,9.749503734
10/11/2016,Jupiter Strategic AbsRt Bd I £ H Acc,9.7353247
10/12/2016,Jupiter Strategic AbsRt Bd I £ H Acc,9.736269969
10/13/2016,Jupiter Strategic AbsRt Bd I £ H Acc,9.755175347
10/14/2016,Jupiter Strategic AbsRt Bd I £ H Acc,9.7353247
10/15/2016,Jupiter Strategic AbsRt Bd I £ H Acc,9.7353247
10/16/2016,Jupiter Strategic AbsRt Bd I £ H Acc,9.7353247
10/17/2016,Jupiter Strategic AbsRt Bd I £ H Acc,9.756120616
10/18/2016,Jupiter Strategic AbsRt Bd I £ H Acc,9.745722658
10/19/2016,Jupiter Strategic AbsRt Bd I £ H Acc,9.751394272
10/20/2016,Jupiter Strategic AbsRt Bd I £ H Acc,9.741941582
10/21/2016,Jupiter Strategic AbsRt Bd I £ H Acc,9.756120616
10/22/2016,Jupiter Strategic AbsRt Bd I £ H Acc,9.756120616
10/23/2016,Jupiter Strategic AbsRt Bd I £ H Acc,9.756120616
10/24/2016,Jupiter Strategic AbsRt Bd I £ H Acc,9.758956423
10/25/2016,Jupiter Strategic AbsRt Bd I £ H Acc,9.752339541
10/26/2016,Jupiter Strategic AbsRt Bd I £ H Acc,9.748558465
10/27/2016,Jupiter Strategic AbsRt Bd I £ H Acc,9.741941582
10/28/2016,Jupiter Strategic AbsRt Bd I £ H Acc,9.72681728
10/29/2016,Jupiter Strategic AbsRt Bd I £ H Acc,9.72681728
10/30/2016,Jupiter Strategic AbsRt Bd I £ H Acc,9.72681728
10/31/2016,Jupiter Strategic AbsRt Bd I £ H Acc,9.72681728
11/01/2016,Jupiter Strategic AbsRt Bd I £ H Acc,9.733434162
11/02/2016,Jupiter Strategic AbsRt Bd I £ H Acc,9.742886851
11/03/2016,Jupiter Strategic AbsRt Bd I £ H Acc,9.739105776
11/04/2016,Jupiter Strategic AbsRt Bd I £ H Acc,9.745722658
11/05/2016,Jupiter Strategic AbsRt Bd I £ H Acc,9.745722658
11/06/2016,Jupiter Strategic AbsRt Bd I £ H Acc,9.745722658
11/07/2016,Jupiter Strategic AbsRt Bd I £ H Acc,9.740051045
11/08/2016,Jupiter Strategic AbsRt Bd I £ H Acc,9.737215238
11/09/2016,Jupiter Strategic AbsRt Bd I £ H Acc,9.731543624
11/10/2016,Jupiter Strategic AbsRt Bd I £ H Acc,9.689951791
11/11/2016,Jupiter Strategic AbsRt Bd I £ H Acc,9.698459212
11/12/2016,Jupiter Strategic AbsRt Bd I £ H Acc,9.698459212
11/13/2016,Jupiter Strategic AbsRt Bd I £ H Acc,9.698459212
11/14/2016,Jupiter Strategic AbsRt Bd I £ H Acc,9.681444371
11/15/2016,Jupiter Strategic AbsRt Bd I £ H Acc,9.681444371
11/16/2016,Jupiter Strategic AbsRt Bd I £ H Acc,9.671991682
11/17/2016,Jupiter Strategic AbsRt Bd I £ H Acc,9.688061253
11/18/2016,Jupiter Strategic AbsRt Bd I £ H Acc,9.673882219
11/19/2016,Jupiter Strategic AbsRt Bd I £ H Acc,9.673882219
11/20/2016,Jupiter Strategic AbsRt Bd I £ H Acc,9.673882219
11/21/2016,Jupiter Strategic AbsRt Bd I £ H Acc,9.663484261
11/22/2016,Jupiter Strategic AbsRt Bd I £ H Acc,9.669155875
11/23/2016,Jupiter Strategic AbsRt Bd I £ H Acc,9.665374799
11/24/2016,Jupiter Strategic AbsRt Bd I £ H Acc,9.668210606
11/25/2016,Jupiter Strategic AbsRt Bd I £ H Acc,9.654976841
11/26/2016,Jupiter Strategic AbsRt Bd I £ H Acc,9.654976841
11/27/2016,Jupiter Strategic AbsRt Bd I £ H Acc,9.654976841
11/28/2016,Jupiter Strategic AbsRt Bd I £ H Acc,9.678608564
11/29/2016,Jupiter Strategic AbsRt Bd I £ H Acc,9.688061253
11/30/2016,Jupiter Strategic AbsRt Bd I £ H Acc,9.689951791
12/01/2016,Jupiter Strategic AbsRt Bd I £ H Acc,9.671991682
12/02/2016,Jupiter Strategic AbsRt Bd I £ H Acc,9.667265337
12/03/2016,Jupiter Strategic AbsRt Bd I £ H Acc,9.667265337
12/04/2016,Jupiter Strategic AbsRt Bd I £ H Acc,9.667265337
12/05/2016,Jupiter Strategic AbsRt Bd I £ H Acc,9.681444371
12/06/2016,Jupiter Strategic AbsRt Bd I £ H Acc,9.684280178
12/07/2016,Jupiter Strategic AbsRt Bd I £ H Acc,9.679553833
12/08/2016,Jupiter Strategic AbsRt Bd I £ H Acc,9.66442953
12/09/2016,Jupiter Strategic AbsRt Bd I £ H Acc,9.65592211
12/10/2016,Jupiter Strategic AbsRt Bd I £ H Acc,9.65592211
12/11/2016,Jupiter Strategic AbsRt Bd I £ H Acc,9.65592211
12/12/2016,Jupiter Strategic AbsRt Bd I £ H Acc,9.642688345
12/13/2016,Jupiter Strategic AbsRt Bd I £ H Acc,9.654031572
12/14/2016,Jupiter Strategic AbsRt Bd I £ H Acc,9.658757917
12/15/2016,Jupiter Strategic AbsRt Bd I £ H Acc,9.627564042
12/16/2016,Jupiter Strategic AbsRt Bd I £ H Acc,9.640797807
12/17/2016,Jupiter Strategic AbsRt Bd I £ H Acc,9.640797807
12/18/2016,Jupiter Strategic AbsRt Bd I £ H Acc,9.640797807
12/19/2016,Jupiter Strategic AbsRt Bd I £ H Acc,9.65592211
12/20/2016,Jupiter Strategic AbsRt Bd I £ H Acc,9.657812648
12/21/2016,Jupiter Strategic AbsRt Bd I £ H Acc,9.660648454
12/22/2016,Jupiter Strategic AbsRt Bd I £ H Acc,9.669155875
12/23/2016,Jupiter Strategic AbsRt Bd I £ H Acc,9.668210606
12/24/2016,Jupiter Strategic AbsRt Bd I £ H Acc,9.668210606
12/25/2016,Jupiter Strategic AbsRt Bd I £ H Acc,9.668210606
12/26/2016,Jupiter Strategic AbsRt Bd I £ H Acc,9.668210606
12/27/2016,Jupiter Strategic AbsRt Bd I £ H Acc,9.668210606
12/28/2016,Jupiter Strategic AbsRt Bd I £ H Acc,9.668210606
12/29/2016,Jupiter Strategic AbsRt Bd I £ H Acc,9.687115984
12/30/2016,Jupiter Strategic AbsRt Bd I £ H Acc,9.69089706
12/31/2016,Jupiter Strategic AbsRt Bd I £ H Acc,9.69089706
01/01/2017,Jupiter Strategic AbsRt Bd I £ H Acc,9.69089706
01/02/2017,Jupiter Strategic AbsRt Bd I £ H Acc,9.69089706
01/03/2017,Jupiter Strategic AbsRt Bd I £ H Acc,9.683334909
01/04/2017,Jupiter Strategic AbsRt Bd I £ H Acc,9.686170716
01/05/2017,Jupiter Strategic AbsRt Bd I £ H Acc,9.677663295
01/06/2017,Jupiter Strategic AbsRt Bd I £ H Acc,9.701295018
01/07/2017,Jupiter Strategic AbsRt Bd I £ H Acc,9.701295018
01/08/2017,Jupiter Strategic AbsRt Bd I £ H Acc,9.701295018
01/09/2017,Jupiter Strategic AbsRt Bd I £ H Acc,9.696568674
01/10/2017,Jupiter Strategic AbsRt Bd I £ H Acc,9.702240287
01/11/2017,Jupiter Strategic AbsRt Bd I £ H Acc,9.694678136
01/12/2017,Jupiter Strategic AbsRt Bd I £ H Acc,9.694678136
01/13/2017,Jupiter Strategic AbsRt Bd I £ H Acc,9.689006522
01/14/2017,Jupiter Strategic AbsRt Bd I £ H Acc,9.689006522
01/15/2017,Jupiter Strategic AbsRt Bd I £ H Acc,9.689006522
01/16/2017,Jupiter Strategic AbsRt Bd I £ H Acc,9.677663295
01/17/2017,Jupiter Strategic AbsRt Bd I £ H Acc,9.680499102
01/18/2017,Jupiter Strategic AbsRt Bd I £ H Acc,9.675772757
01/19/2017,Jupiter Strategic AbsRt Bd I £ H Acc,9.654031572
01/20/2017,Jupiter Strategic AbsRt Bd I £ H Acc,9.647414689
01/21/2017,Jupiter Strategic AbsRt Bd I £ H Acc,9.647414689
01/22/2017,Jupiter Strategic AbsRt Bd I £ H Acc,9.647414689
01/23/2017,Jupiter Strategic AbsRt Bd I £ H Acc,9.646469421
01/24/2017,Jupiter Strategic AbsRt Bd I £ H Acc,9.654976841
01/25/2017,Jupiter Strategic AbsRt Bd I £ H Acc,9.641743076
01/26/2017,Jupiter Strategic AbsRt Bd I £ H Acc,9.624728235
01/27/2017,Jupiter Strategic AbsRt Bd I £ H Acc,9.638907269
01/28/2017,Jupiter Strategic AbsRt Bd I £ H Acc,9.638907269
01/29/2017,Jupiter Strategic AbsRt Bd I £ H Acc,9.638907269
01/30/2017,Jupiter Strategic AbsRt Bd I £ H Acc,9.646469421
01/31/2017,Jupiter Strategic AbsRt Bd I £ H Acc,9.642688345
02/01/2017,Jupiter Strategic AbsRt Bd I £ H Acc,9.644578883
02/02/2017,Jupiter Strategic AbsRt Bd I £ H Acc,9.633235656
02/03/2017,Jupiter Strategic AbsRt Bd I £ H Acc,9.632290387
02/04/2017,Jupiter Strategic AbsRt Bd I £ H Acc,9.632290387
02/05/2017,Jupiter Strategic AbsRt Bd I £ H Acc,9.632290387
02/06/2017,Jupiter Strategic AbsRt Bd I £ H Acc,9.627564042
02/07/2017,Jupiter Strategic AbsRt Bd I £ H Acc,9.634180924
02/08/2017,Jupiter Strategic AbsRt Bd I £ H Acc,9.640797807
02/09/2017,Jupiter Strategic AbsRt Bd I £ H Acc,9.659703186
02/10/2017,Jupiter Strategic AbsRt Bd I £ H Acc,9.647414689
02/11/2017,Jupiter Strategic AbsRt Bd I £ H Acc,9.647414689
02/12/2017,Jupiter Strategic AbsRt Bd I £ H Acc,9.647414689
02/13/2017,Jupiter Strategic AbsRt Bd I £ H Acc,9.641743076
02/14/2017,Jupiter Strategic AbsRt Bd I £ H Acc,9.632290387
02/15/2017,Jupiter Strategic AbsRt Bd I £ H Acc,9.626618773
02/16/2017,Jupiter Strategic AbsRt Bd I £ H Acc,9.623782966
02/17/2017,Jupiter Strategic AbsRt Bd I £ H Acc,9.645524152
02/18/2017,Jupiter Strategic AbsRt Bd I £ H Acc,9.645524152
02/19/2017,Jupiter Strategic AbsRt Bd I £ H Acc,9.645524152
02/20/2017,Jupiter Strategic AbsRt Bd I £ H Acc,9.644578883
02/21/2017,Jupiter Strategic AbsRt Bd I £ H Acc,9.636071462
02/22/2017,Jupiter Strategic AbsRt Bd I £ H Acc,9.649305227
02/23/2017,Jupiter Strategic AbsRt Bd I £ H Acc,9.652141034
02/24/2017,Jupiter Strategic AbsRt Bd I £ H Acc,9.667265337
02/25/2017,Jupiter Strategic AbsRt Bd I £ H Acc,9.667265337
02/26/2017,Jupiter Strategic AbsRt Bd I £ H Acc,9.667265337
02/27/2017,Jupiter Strategic AbsRt Bd I £ H Acc,9.675772757
02/28/2017,Jupiter Strategic AbsRt Bd I £ H Acc,9.667265337
03/01/2017,Jupiter Strategic AbsRt Bd I £ H Acc,9.666320068
03/02/2017,Jupiter Strategic AbsRt Bd I £ H Acc,9.657812648
03/03/2017,Jupiter Strategic AbsRt Bd I £ H Acc,9.658757917
03/04/2017,Jupiter Strategic AbsRt Bd I £ H Acc,9.658757917
03/05/2017,Jupiter Strategic AbsRt Bd I £ H Acc,9.658757917
03/06/2017,Jupiter Strategic AbsRt Bd I £ H Acc,9.658757917
03/07/2017,Jupiter Strategic AbsRt Bd I £ H Acc,9.658757917
03/08/2017,Jupiter Strategic AbsRt Bd I £ H Acc,9.65592211
03/09/2017,Jupiter Strategic AbsRt Bd I £ H Acc,9.654031572
03/10/2017,Jupiter Strategic AbsRt Bd I £ H Acc,9.645524152
03/11/2017,Jupiter Strategic AbsRt Bd I £ H Acc,9.645524152
03/12/2017,Jupiter Strategic AbsRt Bd I £ H Acc,9.645524152
03/13/2017,Jupiter Strategic AbsRt Bd I £ H Acc,9.649305227
03/14/2017,Jupiter Strategic AbsRt Bd I £ H Acc,9.650250496
03/15/2017,Jupiter Strategic AbsRt Bd I £ H Acc,9.648359958
03/16/2017,Jupiter Strategic AbsRt Bd I £ H Acc,9.644578883
03/17/2017,Jupiter Strategic AbsRt Bd I £ H Acc,9.644578883
03/18/2017,Jupiter Strategic AbsRt Bd I £ H Acc,9.644578883
03/19/2017,Jupiter Strategic AbsRt Bd I £ H Acc,9.644578883
03/20/2017,Jupiter Strategic AbsRt Bd I £ H Acc,9.649305227
03/21/2017,Jupiter Strategic AbsRt Bd I £ H Acc,9.642688345
03/22/2017,Jupiter Strategic AbsRt Bd I £ H Acc,9.667265337
03/23/2017,Jupiter Strategic AbsRt Bd I £ H Acc,9.662538992
03/24/2017,Jupiter Strategic AbsRt Bd I £ H Acc,9.661593723
03/25/2017,Jupiter Strategic AbsRt Bd I £ H Acc,9.661593723
03/26/2017,Jupiter Strategic AbsRt Bd I £ H Acc,9.661593723
03/27/2017,Jupiter Strategic AbsRt Bd I £ H Acc,9.672936951
03/28/2017,Jupiter Strategic AbsRt Bd I £ H Acc,9.667265337
03/29/2017,Jupiter Strategic AbsRt Bd I £ H Acc,9.648359958
03/30/2017,Jupiter Strategic AbsRt Bd I £ H Acc,9.648359958
03/31/2017,Jupiter Strategic AbsRt Bd I £ H Acc,9.637016731
04/01/2017,Jupiter Strategic AbsRt Bd I £ H Acc,9.637016731
04/02/2017,Jupiter Strategic AbsRt Bd I £ H Acc,9.637016731
04/03/2017,Jupiter Strategic AbsRt Bd I £ H Acc,9.646469421
04/04/2017,Jupiter Strategic AbsRt Bd I £ H Acc,9.659703186
04/05/2017,Jupiter Strategic AbsRt Bd I £ H Acc,9.653086303
04/06/2017,Jupiter Strategic AbsRt Bd I £ H Acc,9.661593723
04/07/2017,Jupiter Strategic AbsRt Bd I £ H Acc,9.663484261
04/08/2017,Jupiter Strategic AbsRt Bd I £ H Acc,9.663484261
04/09/2017,Jupiter Strategic AbsRt Bd I £ H Acc,9.663484261
04/10/2017,Jupiter Strategic AbsRt Bd I £ H Acc,9.661593723
04/11/2017,Jupiter Strategic AbsRt Bd I £ H Acc,9.670101144
04/12/2017,Jupiter Strategic AbsRt Bd I £ H Acc,9.676718026
04/13/2017,Jupiter Strategic AbsRt Bd I £ H Acc,9.685225447
04/14/2017,Jupiter Strategic AbsRt Bd I £ H Acc,9.685225447
04/15/2017,Jupiter Strategic AbsRt Bd I £ H Acc,9.685225447
04/16/2017,Jupiter Strategic AbsRt Bd I £ H Acc,9.685225447
04/17/2017,Jupiter Strategic AbsRt Bd I £ H Acc,9.685225447
04/18/2017,Jupiter Strategic AbsRt Bd I £ H Acc,9.691842329
04/19/2017,Jupiter Strategic AbsRt Bd I £ H Acc,9.70885717
04/20/2017,Jupiter Strategic AbsRt Bd I £ H Acc,9.70034975
04/21/2017,Jupiter Strategic AbsRt Bd I £ H Acc,9.686170716
04/22/2017,Jupiter Strategic AbsRt Bd I £ H Acc,9.686170716
04/23/2017,Jupiter Strategic AbsRt Bd I £ H Acc,9.686170716
04/24/2017,Jupiter Strategic AbsRt Bd I £ H Acc,9.673882219
04/25/2017,Jupiter Strategic AbsRt Bd I £ H Acc,9.681444371
04/26/2017,Jupiter Strategic AbsRt Bd I £ H Acc,9.677663295
04/27/2017,Jupiter Strategic AbsRt Bd I £ H Acc,9.69089706
04/28/2017,Jupiter Strategic AbsRt Bd I £ H Acc,9.703185556
04/29/2017,Jupiter Strategic AbsRt Bd I £ H Acc,9.703185556
04/30/2017,Jupiter Strategic AbsRt Bd I £ H Acc,9.703185556
05/01/2017,Jupiter Strategic AbsRt Bd I £ H Acc,9.703185556
05/02/2017,Jupiter Strategic AbsRt Bd I £ H Acc,9.688061253
05/03/2017,Jupiter Strategic AbsRt Bd I £ H Acc,9.704130825
05/04/2017,Jupiter Strategic AbsRt Bd I £ H Acc,9.705076094
05/05/2017,Jupiter Strategic AbsRt Bd I £ H Acc,9.705076094
05/06/2017,Jupiter Strategic AbsRt Bd I £ H Acc,9.705076094
05/07/2017,Jupiter Strategic AbsRt Bd I £ H Acc,9.705076094
05/08/2017,Jupiter Strategic AbsRt Bd I £ H Acc,9.70034975
05/09/2017,Jupiter Strategic AbsRt Bd I £ H Acc,9.698459212
05/10/2017,Jupiter Strategic AbsRt Bd I £ H Acc,9.685225447
05/11/2017,Jupiter Strategic AbsRt Bd I £ H Acc,9.681444371
05/12/2017,Jupiter Strategic AbsRt Bd I £ H Acc,9.689006522
05/13/2017,Jupiter Strategic AbsRt Bd I £ H Acc,9.689006522
05/14/2017,Jupiter Strategic AbsRt Bd I £ H Acc,9.689006522
05/15/2017,Jupiter Strategic AbsRt Bd I £ H Acc,9.698459212
05/16/2017,Jupiter Strategic AbsRt Bd I £ H Acc,9.702240287
05/17/2017,Jupiter Strategic AbsRt Bd I £ H Acc,9.723036204
05/18/2017,Jupiter Strategic AbsRt Bd I £ H Acc,9.750449003
05/19/2017,Jupiter Strategic AbsRt Bd I £ H Acc,9.742886851
05/20/2017,Jupiter Strategic AbsRt Bd I £ H Acc,9.742886851
05/21/2017,Jupiter Strategic AbsRt Bd I £ H Acc,9.742886851
05/22/2017,Jupiter Strategic AbsRt Bd I £ H Acc,9.747613196
05/23/2017,Jupiter Strategic AbsRt Bd I £ H Acc,9.754230078
05/24/2017,Jupiter Strategic AbsRt Bd I £ H Acc,9.747613196
05/25/2017,Jupiter Strategic AbsRt Bd I £ H Acc,9.749503734
05/26/2017,Jupiter Strategic AbsRt Bd I £ H Acc,9.746667927
05/27/2017,Jupiter Strategic AbsRt Bd I £ H Acc,9.746667927
05/28/2017,Jupiter Strategic AbsRt Bd I £ H Acc,9.746667927
05/29/2017,Jupiter Strategic AbsRt Bd I £ H Acc,9.746667927
05/30/2017,Jupiter Strategic AbsRt Bd I £ H Acc,9.754230078
05/31/2017,Jupiter Strategic AbsRt Bd I £ H Acc,9.745722658
06/01/2017,Jupiter Strategic AbsRt Bd I £ H Acc,9.757065885
06/02/2017,Jupiter Strategic AbsRt Bd I £ H Acc,9.750449003
06/03/2017,Jupiter Strategic AbsRt Bd I £ H Acc,9.750449003
06/04/2017,Jupiter Strategic AbsRt Bd I £ H Acc,9.750449003
06/05/2017,Jupiter Strategic AbsRt Bd I £ H Acc,9.750449003
06/06/2017,Jupiter Strategic AbsRt Bd I £ H Acc,9.728707817
06/07/2017,Jupiter Strategic AbsRt Bd I £ H Acc,9.719255128
06/08/2017,Jupiter Strategic AbsRt Bd I £ H Acc,9.739105776
06/09/2017,Jupiter Strategic AbsRt Bd I £ H Acc,9.740051045
06/10/2017,Jupiter Strategic AbsRt Bd I £ H Acc,9.740051045
06/11/2017,Jupiter Strategic AbsRt Bd I £ H Acc,9.740051045
06/12/2017,Jupiter Strategic AbsRt Bd I £ H Acc,9.742886851
06/13/2017,Jupiter Strategic AbsRt Bd I £ H Acc,9.757065885
06/14/2017,Jupiter Strategic AbsRt Bd I £ H Acc,9.750449003
06/15/2017,Jupiter Strategic AbsRt Bd I £ H Acc,9.739105776
06/16/2017,Jupiter Strategic AbsRt Bd I £ H Acc,9.771244919
06/17/2017,Jupiter Strategic AbsRt Bd I £ H Acc,9.771244919
06/18/2017,Jupiter Strategic AbsRt Bd I £ H Acc,9.771244919
06/19/2017,Jupiter Strategic AbsRt Bd I £ H Acc,9.759901692
06/20/2017,Jupiter Strategic AbsRt Bd I £ H Acc,9.762737499
06/21/2017,Jupiter Strategic AbsRt Bd I £ H Acc,9.758011154
06/22/2017,Jupiter Strategic AbsRt Bd I £ H Acc,9.769354381
06/23/2017,Jupiter Strategic AbsRt Bd I £ H Acc,9.768409112
06/24/2017,Jupiter Strategic AbsRt Bd I £ H Acc,9.768409112
06/25/2017,Jupiter Strategic AbsRt Bd I £ H Acc,9.768409112
06/26/2017,Jupiter Strategic AbsRt Bd I £ H Acc,9.772190188
06/27/2017,Jupiter Strategic AbsRt Bd I £ H Acc,9.805274601
06/28/2017,Jupiter Strategic AbsRt Bd I £ H Acc,9.827961055
06/29/2017,Jupiter Strategic AbsRt Bd I £ H Acc,9.846866434
06/30/2017,Jupiter Strategic AbsRt Bd I £ H Acc,9.848756971
07/01/2017,Jupiter Strategic AbsRt Bd I £ H Acc,9.848756971
07/02/2017,Jupiter Strategic AbsRt Bd I £ H Acc,9.848756971
07/03/2017,Jupiter Strategic AbsRt Bd I £ H Acc,9.863881274
07/04/2017,Jupiter Strategic AbsRt Bd I £ H Acc,9.866717081
07/05/2017,Jupiter Strategic AbsRt Bd I £ H Acc,9.878060308
07/06/2017,Jupiter Strategic AbsRt Bd I £ H Acc,9.897910956
07/07/2017,Jupiter Strategic AbsRt Bd I £ H Acc,9.903582569
07/08/2017,Jupiter Strategic AbsRt Bd I £ H Acc,9.903582569
07/09/2017,Jupiter Strategic AbsRt Bd I £ H Acc,9.903582569
07/10/2017,Jupiter Strategic AbsRt Bd I £ H Acc,9.892239342
07/11/2017,Jupiter Strategic AbsRt Bd I £ H Acc,9.903582569
07/12/2017,Jupiter Strategic AbsRt Bd I £ H Acc,9.895075149
07/13/2017,Jupiter Strategic AbsRt Bd I £ H Acc,9.857264392
07/14/2017,Jupiter Strategic AbsRt Bd I £ H Acc,9.878060308
07/15/2017,Jupiter Strategic AbsRt Bd I £ H Acc,9.878060308
07/16/2017,Jupiter Strategic AbsRt Bd I £ H Acc,9.878060308
07/17/2017,Jupiter Strategic AbsRt Bd I £ H Acc,9.869552888
07/18/2017,Jupiter Strategic AbsRt Bd I £ H Acc,9.858209661
07/19/2017,Jupiter Strategic AbsRt Bd I £ H Acc,9.855373854
07/20/2017,Jupiter Strategic AbsRt Bd I £ H Acc,9.851592778
07/21/2017,Jupiter Strategic AbsRt Bd I £ H Acc,9.829851593
07/22/2017,Jupiter Strategic AbsRt Bd I £ H Acc,9.829851593
07/23/2017,Jupiter Strategic AbsRt Bd I £ H Acc,9.829851593
07/24/2017,Jupiter Strategic AbsRt Bd I £ H Acc,9.821344172
07/25/2017,Jupiter Strategic AbsRt Bd I £ H Acc,9.840249551
07/26/2017,Jupiter Strategic AbsRt Bd I £ H Acc,9.850647509
07/27/2017,Jupiter Strategic AbsRt Bd I £ H Acc,9.84119482
07/28/2017,Jupiter Strategic AbsRt Bd I £ H Acc,9.87616977
07/29/2017,Jupiter Strategic AbsRt Bd I £ H Acc,9.87616977
07/30/2017,Jupiter Strategic AbsRt Bd I £ H Acc,9.87616977
07/31/2017,Jupiter Strategic AbsRt Bd I £ H Acc,9.855373854
08/01/2017,Jupiter Strategic AbsRt Bd I £ H Acc,9.853483316
08/02/2017,Jupiter Strategic AbsRt Bd I £ H Acc,9.854428585
08/03/2017,Jupiter Strategic AbsRt Bd I £ H Acc,9.861990736
08/04/2017,Jupiter Strategic AbsRt Bd I £ H Acc,9.851592778
08/05/2017,Jupiter Strategic AbsRt Bd I £ H Acc,9.851592778
08/06/2017,Jupiter Strategic AbsRt Bd I £ H Acc,9.851592778
08/07/2017,Jupiter Strategic AbsRt Bd I £ H Acc,9.851592778
08/08/2017,Jupiter Strategic AbsRt Bd I £ H Acc,9.862936005
08/09/2017,Jupiter Strategic AbsRt Bd I £ H Acc,9.84970224
08/10/2017,Jupiter Strategic AbsRt Bd I £ H Acc,9.843085358
08/11/2017,Jupiter Strategic AbsRt Bd I £ H Acc,9.831742131
08/12/2017,Jupiter Strategic AbsRt Bd I £ H Acc,9.831742131
08/13/2017,Jupiter Strategic AbsRt Bd I £ H Acc,9.831742131
08/14/2017,Jupiter Strategic AbsRt Bd I £ H Acc,9.850647509
08/15/2017,Jupiter Strategic AbsRt Bd I £ H Acc,9.870498157
08/16/2017,Jupiter Strategic AbsRt Bd I £ H Acc,9.870498157
08/17/2017,Jupiter Strategic AbsRt Bd I £ H Acc,9.858209661
08/18/2017,Jupiter Strategic AbsRt Bd I £ H Acc,9.842140089
08/19/2017,Jupiter Strategic AbsRt Bd I £ H Acc,9.842140089
08/20/2017,Jupiter Strategic AbsRt Bd I £ H Acc,9.842140089
08/21/2017,Jupiter Strategic AbsRt Bd I £ H Acc,9.842140089
08/22/2017,Jupiter Strategic AbsRt Bd I £ H Acc,9.852538047
08/23/2017,Jupiter Strategic AbsRt Bd I £ H Acc,9.861045467
08/24/2017,Jupiter Strategic AbsRt Bd I £ H Acc,9.84970224
08/25/2017,Jupiter Strategic AbsRt Bd I £ H Acc,9.858209661
08/26/2017,Jupiter Strategic AbsRt Bd I £ H Acc,9.858209661
08/27/2017,Jupiter Strategic AbsRt Bd I £ H Acc,9.858209661
08/28/2017,Jupiter Strategic AbsRt Bd I £ H Acc,9.858209661
08/29/2017,Jupiter Strategic AbsRt Bd I £ H Acc,9.829851593
08/30/2017,Jupiter Strategic AbsRt Bd I £ H Acc,9.836468475
08/31/2017,Jupiter Strategic AbsRt Bd I £ H Acc,9.838359013
09/01/2017,Jupiter Strategic AbsRt Bd I £ H Acc,9.851592778
09/02/2017,Jupiter Strategic AbsRt Bd I £ H Acc,9.851592778
09/03/2017,Jupiter Strategic AbsRt Bd I £ H Acc,9.851592778
09/04/2017,Jupiter Strategic AbsRt Bd I £ H Acc,9.857264392
09/05/2017,Jupiter Strategic AbsRt Bd I £ H Acc,9.850647509
09/06/2017,Jupiter Strategic AbsRt Bd I £ H Acc,9.836468475
09/07/2017,Jupiter Strategic AbsRt Bd I £ H Acc,9.8326874
09/08/2017,Jupiter Strategic AbsRt Bd I £ H Acc,9.811891483
09/09/2017,Jupiter Strategic AbsRt Bd I £ H Acc,9.811891483
09/10/2017,Jupiter Strategic AbsRt Bd I £ H Acc,9.811891483
09/11/2017,Jupiter Strategic AbsRt Bd I £ H Acc,9.839304282
09/12/2017,Jupiter Strategic AbsRt Bd I £ H Acc,9.865771812
09/13/2017,Jupiter Strategic AbsRt Bd I £ H Acc,9.879950846
09/14/2017,Jupiter Strategic AbsRt Bd I £ H Acc,9.88562246
09/15/2017,Jupiter Strategic AbsRt Bd I £ H Acc,9.901692031
09/16/2017,Jupiter Strategic AbsRt Bd I £ H Acc,9.901692031
09/17/2017,Jupiter Strategic AbsRt Bd I £ H Acc,9.901692031
09/18/2017,Jupiter Strategic AbsRt Bd I £ H Acc,9.898856225
09/19/2017,Jupiter Strategic AbsRt Bd I £ H Acc,9.905473107
09/20/2017,Jupiter Strategic AbsRt Bd I £ H Acc,9.903582569
09/21/2017,Jupiter Strategic AbsRt Bd I £ H Acc,9.92910483
09/22/2017,Jupiter Strategic AbsRt Bd I £ H Acc,9.917761603
09/23/2017,Jupiter Strategic AbsRt Bd I £ H Acc,9.917761603
09/24/2017,Jupiter Strategic AbsRt Bd I £ H Acc,9.917761603
09/25/2017,Jupiter Strategic AbsRt Bd I £ H Acc,9.908308914
09/26/2017,Jupiter Strategic AbsRt Bd I £ H Acc,9.899801494
09/27/2017,Jupiter Strategic AbsRt Bd I £ H Acc,9.92910483
09/28/2017,Jupiter Strategic AbsRt Bd I £ H Acc,9.934776444
09/29/2017,Jupiter Strategic AbsRt Bd I £ H Acc,9.921542679
09/30/2017,Jupiter Strategic AbsRt Bd I £ H Acc,9.921542679
10/01/2017,Jupiter Strategic AbsRt Bd I £ H Acc,9.921542679
10/02/2017,Jupiter Strategic AbsRt Bd I £ H Acc,9.922487948
10/03/2017,Jupiter Strategic AbsRt Bd I £ H Acc,9.939502789
10/04/2017,Jupiter Strategic AbsRt Bd I £ H Acc,9.914925796
10/05/2017,Jupiter Strategic AbsRt Bd I £ H Acc,9.925323755
10/06/2017,Jupiter Strategic AbsRt Bd I £ H Acc,9.946119671
10/07/2017,Jupiter Strategic AbsRt Bd I £ H Acc,9.946119671
10/08/2017,Jupiter Strategic AbsRt Bd I £ H Acc,9.946119671
10/09/2017,Jupiter Strategic AbsRt Bd I £ H Acc,9.940448057
10/10/2017,Jupiter Strategic AbsRt Bd I £ H Acc,9.937612251
10/11/2017,Jupiter Strategic AbsRt Bd I £ H Acc,9.939502789
10/12/2017,Jupiter Strategic AbsRt Bd I £ H Acc,9.933831175
10/13/2017,Jupiter Strategic AbsRt Bd I £ H Acc,9.926269024
10/14/2017,Jupiter Strategic AbsRt Bd I £ H Acc,9.926269024
10/15/2017,Jupiter Strategic AbsRt Bd I £ H Acc,9.926269024
10/16/2017,Jupiter Strategic AbsRt Bd I £ H Acc,9.916816334
10/17/2017,Jupiter Strategic AbsRt Bd I £ H Acc,9.907363645
10/18/2017,Jupiter Strategic AbsRt Bd I £ H Acc,9.924378486
10/19/2017,Jupiter Strategic AbsRt Bd I £ H Acc,9.914925796
10/20/2017,Jupiter Strategic AbsRt Bd I £ H Acc,9.946119671
10/21/2017,Jupiter Strategic AbsRt Bd I £ H Acc,9.946119671
10/22/2017,Jupiter Strategic AbsRt Bd I £ H Acc,9.946119671
10/23/2017,Jupiter Strategic AbsRt Bd I £ H Acc,9.942338595
10/24/2017,Jupiter Strategic AbsRt Bd I £ H Acc,9.959353436
10/25/2017,Jupiter Strategic AbsRt Bd I £ H Acc,9.979204084
10/26/2017,Jupiter Strategic AbsRt Bd I £ H Acc,9.972587201
10/27/2017,Jupiter Strategic AbsRt Bd I £ H Acc,9.956517629
10/28/2017,Jupiter Strategic AbsRt Bd I £ H Acc,9.956517629
10/29/2017,Jupiter Strategic AbsRt Bd I £ H Acc,9.956517629
10/30/2017,Jupiter Strategic AbsRt Bd I £ H Acc,9.956517629
10/31/2017,Jupiter Strategic AbsRt Bd I £ H Acc,9.94706494
11/01/2017,Jupiter Strategic AbsRt Bd I £ H Acc,9.957462898
11/02/2017,Jupiter Strategic AbsRt Bd I £ H Acc,9.965970319
11/03/2017,Jupiter Strategic AbsRt Bd I £ H Acc,9.958408167
11/04/2017,Jupiter Strategic AbsRt Bd I £ H Acc,9.958408167
11/05/2017,Jupiter Strategic AbsRt Bd I £ H Acc,9.958408167
11/06/2017,Jupiter Strategic AbsRt Bd I £ H Acc,9.943283864
11/07/2017,Jupiter Strategic AbsRt Bd I £ H Acc,9.945174402
11/08/2017,Jupiter Strategic AbsRt Bd I £ H Acc,9.940448057
11/09/2017,Jupiter Strategic AbsRt Bd I £ H Acc,9.960298705
11/10/2017,Jupiter Strategic AbsRt Bd I £ H Acc,9.972587201
11/11/2017,Jupiter Strategic AbsRt Bd I £ H Acc,9.972587201
11/12/2017,Jupiter Strategic AbsRt Bd I £ H Acc,9.972587201
11/13/2017,Jupiter Strategic AbsRt Bd I £ H Acc,9.96502505
11/14/2017,Jupiter Strategic AbsRt Bd I £ H Acc,9.967860856
11/15/2017,Jupiter Strategic AbsRt Bd I £ H Acc,9.946119671
11/16/2017,Jupiter Strategic AbsRt Bd I £ H Acc,9.953681822
11/17/2017,Jupiter Strategic AbsRt Bd I £ H Acc,9.945174402
11/18/2017,Jupiter Strategic AbsRt Bd I £ H Acc,9.945174402
11/19/2017,Jupiter Strategic AbsRt Bd I £ H Acc,9.945174402
11/20/2017,Jupiter Strategic AbsRt Bd I £ H Acc,9.937612251
11/21/2017,Jupiter Strategic AbsRt Bd I £ H Acc,9.925323755
11/22/2017,Jupiter Strategic AbsRt Bd I £ H Acc,9.933831175
11/23/2017,Jupiter Strategic AbsRt Bd I £ H Acc,9.927214292
11/24/2017,Jupiter Strategic AbsRt Bd I £ H Acc,9.934776444
11/25/2017,Jupiter Strategic AbsRt Bd I £ H Acc,9.934776444
11/26/2017,Jupiter Strategic AbsRt Bd I £ H Acc,9.934776444
11/27/2017,Jupiter Strategic AbsRt Bd I £ H Acc,9.932885906
11/28/2017,Jupiter Strategic AbsRt Bd I £ H Acc,9.927214292
11/29/2017,Jupiter Strategic AbsRt Bd I £ H Acc,9.931940637
11/30/2017,Jupiter Strategic AbsRt Bd I £ H Acc,9.93855752
12/01/2017,Jupiter Strategic AbsRt Bd I £ H Acc,9.934776444
12/02/2017,Jupiter Strategic AbsRt Bd I £ H Acc,9.934776444
12/03/2017,Jupiter Strategic AbsRt Bd I £ H Acc,9.934776444
12/04/2017,Jupiter Strategic AbsRt Bd I £ H Acc,9.930050099
12/05/2017,Jupiter Strategic AbsRt Bd I £ H Acc,9.930050099
12/06/2017,Jupiter Strategic AbsRt Bd I £ H Acc,9.927214292
12/07/2017,Jupiter Strategic AbsRt Bd I £ H Acc,9.930995368
12/08/2017,Jupiter Strategic AbsRt Bd I £ H Acc,9.939502789
12/09/2017,Jupiter Strategic AbsRt Bd I £ H Acc,9.939502789
12/10/2017,Jupiter Strategic AbsRt Bd I £ H Acc,9.939502789
12/11/2017,Jupiter Strategic AbsRt Bd I £ H Acc,9.930050099
12/12/2017,Jupiter Strategic AbsRt Bd I £ H Acc,9.939502789
12/13/2017,Jupiter Strategic AbsRt Bd I £ H Acc,9.966915587
12/14/2017,Jupiter Strategic AbsRt Bd I £ H Acc,9.957462898
12/15/2017,Jupiter Strategic AbsRt Bd I £ H Acc,9.948955478
12/16/2017,Jupiter Strategic AbsRt Bd I £ H Acc,9.948955478
12/17/2017,Jupiter Strategic AbsRt Bd I £ H Acc,9.948955478
12/18/2017,Jupiter Strategic AbsRt Bd I £ H Acc,9.945174402
12/19/2017,Jupiter Strategic AbsRt Bd I £ H Acc,9.950846016
12/20/2017,Jupiter Strategic AbsRt Bd I £ H Acc,9.982985159
12/21/2017,Jupiter Strategic AbsRt Bd I £ H Acc,9.99149258
12/22/2017,Jupiter Strategic AbsRt Bd I £ H Acc,9.977313546
12/23/2017,Jupiter Strategic AbsRt Bd I £ H Acc,9.977313546
12/24/2017,Jupiter Strategic AbsRt Bd I £ H Acc,9.977313546
12/25/2017,Jupiter Strategic AbsRt Bd I £ H Acc,9.977313546
12/26/2017,Jupiter Strategic AbsRt Bd I £ H Acc,9.977313546
12/27/2017,Jupiter Strategic AbsRt Bd I £ H Acc,9.977313546
12/28/2017,Jupiter Strategic AbsRt Bd I £ H Acc,9.960298705
12/29/2017,Jupiter Strategic AbsRt Bd I £ H Acc,9.96502505
12/30/2017,Jupiter Strategic AbsRt Bd I £ H Acc,9.96502505
12/31/2017,Jupiter Strategic AbsRt Bd I £ H Acc,9.96502505
01/01/2018,Jupiter Strategic AbsRt Bd I £ H Acc,9.96502505
01/02/2018,Jupiter Strategic AbsRt Bd I £ H Acc,9.988656773
01/03/2018,Jupiter Strategic AbsRt Bd I £ H Acc,9.988656773
01/04/2018,Jupiter Strategic AbsRt Bd I £ H Acc,9.996218924
01/05/2018,Jupiter Strategic AbsRt Bd I £ H Acc,9.99149258
01/06/2018,Jupiter Strategic AbsRt Bd I £ H Acc,9.99149258
01/07/2018,Jupiter Strategic AbsRt Bd I £ H Acc,9.99149258
01/08/2018,Jupiter Strategic AbsRt Bd I £ H Acc,9.974477739
01/09/2018,Jupiter Strategic AbsRt Bd I £ H Acc,9.999054731
01/10/2018,Jupiter Strategic AbsRt Bd I £ H Acc,10.03119387
01/11/2018,Jupiter Strategic AbsRt Bd I £ H Acc,10.01417903
01/12/2018,Jupiter Strategic AbsRt Bd I £ H Acc,10.02552226
01/13/2018,Jupiter Strategic AbsRt Bd I £ H Acc,10.02552226
01/14/2018,Jupiter Strategic AbsRt Bd I £ H Acc,10.02552226
01/15/2018,Jupiter Strategic AbsRt Bd I £ H Acc,10.02079592
01/16/2018,Jupiter Strategic AbsRt Bd I £ H Acc,10.01417903
01/17/2018,Jupiter Strategic AbsRt Bd I £ H Acc,10.02457699
01/18/2018,Jupiter Strategic AbsRt Bd I £ H Acc,10.03024861
01/19/2018,Jupiter Strategic AbsRt Bd I £ H Acc,10.02930334
01/20/2018,Jupiter Strategic AbsRt Bd I £ H Acc,10.02930334
01/21/2018,Jupiter Strategic AbsRt Bd I £ H Acc,10.02930334
01/22/2018,Jupiter Strategic AbsRt Bd I £ H Acc,10.02646753
01/23/2018,Jupiter Strategic AbsRt Bd I £ H Acc,10.01701484
01/24/2018,Jupiter Strategic AbsRt Bd I £ H Acc,10.02457699
01/25/2018,Jupiter Strategic AbsRt Bd I £ H Acc,10.0274128
01/26/2018,Jupiter Strategic AbsRt Bd I £ H Acc,10.03686549
01/27/2018,Jupiter Strategic AbsRt Bd I £ H Acc,10.03686549
01/28/2018,Jupiter Strategic AbsRt Bd I £ H Acc,10.03686549
01/29/2018,Jupiter Strategic AbsRt Bd I £ H Acc,10.05577087
01/30/2018,Jupiter Strategic AbsRt Bd I £ H Acc,10.05009925
01/31/2018,Jupiter Strategic AbsRt Bd I £ H Acc,10.0425371
02/01/2018,Jupiter Strategic AbsRt Bd I £ H Acc,10.06144248
02/02/2018,Jupiter Strategic AbsRt Bd I £ H Acc,10.07373098
02/03/2018,Jupiter Strategic AbsRt Bd I £ H Acc,10.07373098
02/04/2018,Jupiter Strategic AbsRt Bd I £ H Acc,10.07373098
02/05/2018,Jupiter Strategic AbsRt Bd I £ H Acc,10.08791001
02/06/2018,Jupiter Strategic AbsRt Bd I £ H Acc,10.05860667
02/07/2018,Jupiter Strategic AbsRt Bd I £ H Acc,10.05577087
02/08/2018,Jupiter Strategic AbsRt Bd I £ H Acc,10.08696474
02/09/2018,Jupiter Strategic AbsRt Bd I £ H Acc,10.09925324
02/10/2018,Jupiter Strategic AbsRt Bd I £ H Acc,10.09925324
02/11/2018,Jupiter Strategic AbsRt Bd I £ H Acc,10.09925324
02/12/2018,Jupiter Strategic AbsRt Bd I £ H Acc,10.07656678
02/13/2018,Jupiter Strategic AbsRt Bd I £ H Acc,10.07089517
02/14/2018,Jupiter Strategic AbsRt Bd I £ H Acc,10.05955194
02/15/2018,Jupiter Strategic AbsRt Bd I £ H Acc,10.07278571
02/16/2018,Jupiter Strategic AbsRt Bd I £ H Acc,10.05104452
02/17/2018,Jupiter Strategic AbsRt Bd I £ H Acc,10.05104452
02/18/2018,Jupiter Strategic AbsRt Bd I £ H Acc,10.05104452
02/19/2018,Jupiter Strategic AbsRt Bd I £ H Acc,10.05388033
02/20/2018,Jupiter Strategic AbsRt Bd I £ H Acc,10.0548256
02/21/2018,Jupiter Strategic AbsRt Bd I £ H Acc,10.04442764
02/22/2018,Jupiter Strategic AbsRt Bd I £ H Acc,10.06144248
02/23/2018,Jupiter Strategic AbsRt Bd I £ H Acc,10.0548256
02/24/2018,Jupiter Strategic AbsRt Bd I £ H Acc,10.0548256
02/25/2018,Jupiter Strategic AbsRt Bd I £ H Acc,10.0548256
02/26/2018,Jupiter Strategic AbsRt Bd I £ H Acc,10.0425371
02/27/2018,Jupiter Strategic AbsRt Bd I £ H Acc,10.04820872
02/28/2018,Jupiter Strategic AbsRt Bd I £ H Acc,10.04159183
03/01/2018,Jupiter Strategic AbsRt Bd I £ H Acc,10.02835807
03/02/2018,Jupiter Strategic AbsRt Bd I £ H Acc,10.02930334
03/03/2018,Jupiter Strategic AbsRt Bd I £ H Acc,10.02930334
03/04/2018,Jupiter Strategic AbsRt Bd I £ H Acc,10.02930334
03/05/2018,Jupiter Strategic AbsRt Bd I £ H Acc,10.03875603
03/06/2018,Jupiter Strategic AbsRt Bd I £ H Acc,10.0576614
03/07/2018,Jupiter Strategic AbsRt Bd I £ H Acc,10.03213914
03/08/2018,Jupiter Strategic AbsRt Bd I £ H Acc,10.04631818
03/09/2018,Jupiter Strategic AbsRt Bd I £ H Acc,10.04064656
03/10/2018,Jupiter Strategic AbsRt Bd I £ H Acc,10.04064656
03/11/2018,Jupiter Strategic AbsRt Bd I £ H Acc,10.04064656
03/12/2018,Jupiter Strategic AbsRt Bd I £ H Acc,10.03781076
03/13/2018,Jupiter Strategic AbsRt Bd I £ H Acc,10.02930334
03/14/2018,Jupiter Strategic AbsRt Bd I £ H Acc,10.03308441
03/15/2018,Jupiter Strategic AbsRt Bd I £ H Acc,10.01606957
03/16/2018,Jupiter Strategic AbsRt Bd I £ H Acc,10.00756215
03/17/2018,Jupiter Strategic AbsRt Bd I £ H Acc,10.00756215
03/18/2018,Jupiter Strategic AbsRt Bd I £ H Acc,10.00756215
03/19/2018,Jupiter Strategic AbsRt Bd I £ H Acc,10.00756215
03/20/2018,Jupiter Strategic AbsRt Bd I £ H Acc,10.0122885
03/21/2018,Jupiter Strategic AbsRt Bd I £ H Acc,10.02268645
03/22/2018,Jupiter Strategic AbsRt Bd I £ H Acc,10.00945269
03/23/2018,Jupiter Strategic AbsRt Bd I £ H Acc,10.00283581
03/24/2018,Jupiter Strategic AbsRt Bd I £ H Acc,10.00283581
03/25/2018,Jupiter Strategic AbsRt Bd I £ H Acc,10.00283581
03/26/2018,Jupiter Strategic AbsRt Bd I £ H Acc,10.01890538
03/27/2018,Jupiter Strategic AbsRt Bd I £ H Acc,10.00945269
03/28/2018,Jupiter Strategic AbsRt Bd I £ H Acc,9.985820966
03/29/2018,Jupiter Strategic AbsRt Bd I £ H Acc,9.977313546
03/30/2018,Jupiter Strategic AbsRt Bd I £ H Acc,9.977313546
03/31/2018,Jupiter Strategic AbsRt Bd I £ H Acc,9.977313546
04/01/2018,Jupiter Strategic AbsRt Bd I £ H Acc,9.977313546
04/02/2018,Jupiter Strategic AbsRt Bd I £ H Acc,9.977313546
04/03/2018,Jupiter Strategic AbsRt Bd I £ H Acc,9.975423008
04/04/2018,Jupiter Strategic AbsRt Bd I £ H Acc,9.967860856
04/05/2018,Jupiter Strategic AbsRt Bd I £ H Acc,10.00945269
04/06/2018,Jupiter Strategic AbsRt Bd I £ H Acc,10
04/07/2018,Jupiter Strategic AbsRt Bd I £ H Acc,10
04/08/2018,Jupiter Strategic AbsRt Bd I £ H Acc,10
04/09/2018,Jupiter Strategic AbsRt Bd I £ H Acc,9.9811
04/10/2018,Jupiter Strategic AbsRt Bd I £ H Acc,9.9679
04/11/2018,Jupiter Strategic AbsRt Bd I £ H Acc,9.9603
04/12/2018,Jupiter Strategic AbsRt Bd I £ H Acc,9.9826
04/13/2018,Jupiter Strategic AbsRt Bd I £ H Acc,9.9851
04/14/2018,Jupiter Strategic AbsRt Bd I £ H Acc,9.9851
04/15/2018,Jupiter Strategic AbsRt Bd I £ H Acc,9.9851
04/16/2018,Jupiter Strategic AbsRt Bd I £ H Acc,10.0041
04/17/2018,Jupiter Strategic AbsRt Bd I £ H Acc,9.9923
04/18/2018,Jupiter Strategic AbsRt Bd I £ H Acc,9.9925
04/19/2018,Jupiter Strategic AbsRt Bd I £ H Acc,10.0164
04/20/2018,Jupiter Strategic AbsRt Bd I £ H Acc,10.0179
04/21/2018,Jupiter Strategic AbsRt Bd I £ H Acc,10.0179
04/22/2018,Jupiter Strategic AbsRt Bd I £ H Acc,10.0179
04/23/2018,Jupiter Strategic AbsRt Bd I £ H Acc,10.0225
04/24/2018,Jupiter Strategic AbsRt Bd I £ H Acc,10.02
04/25/2018,Jupiter Strategic AbsRt Bd I £ H Acc,10.0275
04/26/2018,Jupiter Strategic AbsRt Bd I £ H Acc,10.0188
04/27/2018,Jupiter Strategic AbsRt Bd I £ H Acc,10.0078
04/28/2018,Jupiter Strategic AbsRt Bd I £ H Acc,10.0078
04/29/2018,Jupiter Strategic AbsRt Bd I £ H Acc,10.0078
04/30/2018,Jupiter Strategic AbsRt Bd I £ H Acc,10.0077
05/01/2018,Jupiter Strategic AbsRt Bd I £ H Acc,9.998
05/02/2018,Jupiter Strategic AbsRt Bd I £ H Acc,9.9956
05/03/2018,Jupiter Strategic AbsRt Bd I £ H Acc,9.9724
05/04/2018,Jupiter Strategic AbsRt Bd I £ H Acc,9.9598
05/05/2018,Jupiter Strategic AbsRt Bd I £ H Acc,9.9598
05/06/2018,Jupiter Strategic AbsRt Bd I £ H Acc,9.9598
05/07/2018,Jupiter Strategic AbsRt Bd I £ H Acc,9.9598
05/08/2018,Jupiter Strategic AbsRt Bd I £ H Acc,9.9647
05/09/2018,Jupiter Strategic AbsRt Bd I £ H Acc,9.9539
05/10/2018,Jupiter Strategic AbsRt Bd I £ H Acc,9.957
05/11/2018,Jupiter Strategic AbsRt Bd I £ H Acc,9.9705
05/12/2018,Jupiter Strategic AbsRt Bd I £ H Acc,9.9705
05/13/2018,Jupiter Strategic AbsRt Bd I £ H Acc,9.9705
05/14/2018,Jupiter Strategic AbsRt Bd I £ H Acc,9.9775
05/15/2018,Jupiter Strategic AbsRt Bd I £ H Acc,9.9626
05/16/2018,Jupiter Strategic AbsRt Bd I £ H Acc,9.9426
05/17/2018,Jupiter Strategic AbsRt Bd I £ H Acc,9.9433
05/18/2018,Jupiter Strategic AbsRt Bd I £ H Acc,9.9397
05/19/2018,Jupiter Strategic AbsRt Bd I £ H Acc,9.9397
05/20/2018,Jupiter Strategic AbsRt Bd I £ H Acc,9.9397
05/21/2018,Jupiter Strategic AbsRt Bd I £ H Acc,9.9052
05/22/2018,Jupiter Strategic AbsRt Bd I £ H Acc,9.9295
05/23/2018,Jupiter Strategic AbsRt Bd I £ H Acc,9.9127
05/24/2018,Jupiter Strategic AbsRt Bd I £ H Acc,9.9366
05/25/2018,Jupiter Strategic AbsRt Bd I £ H Acc,9.9151
05/26/2018,Jupiter Strategic AbsRt Bd I £ H Acc,9.9151
05/27/2018,Jupiter Strategic AbsRt Bd I £ H Acc,9.9151
05/28/2018,Jupiter Strategic AbsRt Bd I £ H Acc,9.9151
05/29/2018,Jupiter Strategic AbsRt Bd I £ H Acc,9.843
05/30/2018,Jupiter Strategic AbsRt Bd I £ H Acc,9.8594
05/31/2018,Jupiter Strategic AbsRt Bd I £ H Acc,9.8694
06/01/2018,Jupiter Strategic AbsRt Bd I £ H Acc,9.8934
06/02/2018,Jupiter Strategic AbsRt Bd I £ H Acc,9.8934
06/03/2018,Jupiter Strategic AbsRt Bd I £ H Acc,9.8934
06/04/2018,Jupiter Strategic AbsRt Bd I £ H Acc,9.8934
06/05/2018,Jupiter Strategic AbsRt Bd I £ H Acc,9.8885
06/06/2018,Jupiter Strategic AbsRt Bd I £ H Acc,9.8945
06/07/2018,Jupiter Strategic AbsRt Bd I £ H Acc,9.911
06/08/2018,Jupiter Strategic AbsRt Bd I £ H Acc,9.8414
06/09/2018,Jupiter Strategic AbsRt Bd I £ H Acc,9.8414
06/10/2018,Jupiter Strategic AbsRt Bd I £ H Acc,9.8414
06/11/2018,Jupiter Strategic AbsRt Bd I £ H Acc,9.8812
06/12/2018,Jupiter Strategic AbsRt Bd I £ H Acc,9.9025
06/13/2018,Jupiter Strategic AbsRt Bd I £ H Acc,9.8848
06/14/2018,Jupiter Strategic AbsRt Bd I £ H Acc,9.8778
06/15/2018,Jupiter Strategic AbsRt Bd I £ H Acc,9.8416
06/16/2018,Jupiter Strategic AbsRt Bd I £ H Acc,9.8416
06/17/2018,Jupiter Strategic AbsRt Bd I £ H Acc,9.8416
06/18/2018,Jupiter Strategic AbsRt Bd I £ H Acc,9.8418
06/19/2018,Jupiter Strategic AbsRt Bd I £ H Acc,9.8126
06/20/2018,Jupiter Strategic AbsRt Bd I £ H Acc,9.8325
06/21/2018,Jupiter Strategic AbsRt Bd I £ H Acc,9.8207
06/22/2018,Jupiter Strategic AbsRt Bd I £ H Acc,9.8558
06/23/2018,Jupiter Strategic AbsRt Bd I £ H Acc,9.8558
06/24/2018,Jupiter Strategic AbsRt Bd I £ H Acc,9.8558
06/25/2018,Jupiter Strategic AbsRt Bd I £ H Acc,9.8426
06/26/2018,Jupiter Strategic AbsRt Bd I £ H Acc,9.8338
06/27/2018,Jupiter Strategic AbsRt Bd I £ H Acc,9.8234
06/28/2018,Jupiter Strategic AbsRt Bd I £ H Acc,9.8094
06/29/2018,Jupiter Strategic AbsRt Bd I £ H Acc,9.8113
06/30/2018,Jupiter Strategic AbsRt Bd I £ H Acc,9.8113
07/01/2018,Jupiter Strategic AbsRt Bd I £ H Acc,9.8113
07/02/2018,Jupiter Strategic AbsRt Bd I £ H Acc,9.8062
07/03/2018,Jupiter Strategic AbsRt Bd I £ H Acc,9.8162
07/04/2018,Jupiter Strategic AbsRt Bd I £ H Acc,9.82
07/05/2018,Jupiter Strategic AbsRt Bd I £ H Acc,9.8352
07/06/2018,Jupiter Strategic AbsRt Bd I £ H Acc,9.8323
07/07/2018,Jupiter Strategic AbsRt Bd I £ H Acc,9.8323
07/08/2018,Jupiter Strategic AbsRt Bd I £ H Acc,9.8323
07/09/2018,Jupiter Strategic AbsRt Bd I £ H Acc,9.881
07/10/2018,Jupiter Strategic AbsRt Bd I £ H Acc,9.8862
07/11/2018,Jupiter Strategic AbsRt Bd I £ H Acc,9.8768
07/12/2018,Jupiter Strategic AbsRt Bd I £ H Acc,9.8671
07/13/2018,Jupiter Strategic AbsRt Bd I £ H Acc,9.8575
07/14/2018,Jupiter Strategic AbsRt Bd I £ H Acc,9.8575
07/15/2018,Jupiter Strategic AbsRt Bd I £ H Acc,9.8575
07/16/2018,Jupiter Strategic AbsRt Bd I £ H Acc,9.8839
07/17/2018,Jupiter Strategic AbsRt Bd I £ H Acc,9.8773
07/18/2018,Jupiter Strategic AbsRt Bd I £ H Acc,9.8536
07/19/2018,Jupiter Strategic AbsRt Bd I £ H Acc,9.8435
07/20/2018,Jupiter Strategic AbsRt Bd I £ H Acc,9.8314
07/21/2018,Jupiter Strategic AbsRt Bd I £ H Acc,9.8314
07/22/2018,Jupiter Strategic AbsRt Bd I £ H Acc,9.8314
07/23/2018,Jupiter Strategic AbsRt Bd I £ H Acc,9.8682
07/24/2018,Jupiter Strategic AbsRt Bd I £ H Acc,9.8697
07/25/2018,Jupiter Strategic AbsRt Bd I £ H Acc,9.8701
07/26/2018,Jupiter Strategic AbsRt Bd I £ H Acc,9.8963
07/27/2018,Jupiter Strategic AbsRt Bd I £ H Acc,9.8978
07/28/2018,Jupiter Strategic AbsRt Bd I £ H Acc,9.8978
07/29/2018,Jupiter Strategic AbsRt Bd I £ H Acc,9.8978
07/30/2018,Jupiter Strategic AbsRt Bd I £ H Acc,9.9159
07/31/2018,Jupiter Strategic AbsRt Bd I £ H Acc,9.9157
08/01/2018,Jupiter Strategic AbsRt Bd I £ H Acc,9.9298
08/02/2018,Jupiter Strategic AbsRt Bd I £ H Acc,9.8961
08/03/2018,Jupiter Strategic AbsRt Bd I £ H Acc,9.8798
08/04/2018,Jupiter Strategic AbsRt Bd I £ H Acc,9.8798
08/05/2018,Jupiter Strategic AbsRt Bd I £ H Acc,9.8798
08/06/2018,Jupiter Strategic AbsRt Bd I £ H Acc,9.8798
08/07/2018,Jupiter Strategic AbsRt Bd I £ H Acc,9.8771
08/08/2018,Jupiter Strategic AbsRt Bd I £ H Acc,9.8733
08/09/2018,Jupiter Strategic AbsRt Bd I £ H Acc,9.8639
08/10/2018,Jupiter Strategic AbsRt Bd I £ H Acc,9.821
08/11/2018,Jupiter Strategic AbsRt Bd I £ H Acc,9.821
08/12/2018,Jupiter Strategic AbsRt Bd I £ H Acc,9.821
08/13/2018,Jupiter Strategic AbsRt Bd I £ H Acc,9.7785
08/14/2018,Jupiter Strategic AbsRt Bd I £ H Acc,9.765
08/15/2018,Jupiter Strategic AbsRt Bd I £ H Acc,9.7682
08/16/2018,Jupiter Strategic AbsRt Bd I £ H Acc,9.7607
08/17/2018,Jupiter Strategic AbsRt Bd I £ H Acc,9.7744
08/18/2018,Jupiter Strategic AbsRt Bd I £ H Acc,9.7744
08/19/2018,Jupiter Strategic AbsRt Bd I £ H Acc,9.7744
08/20/2018,Jupiter Strategic AbsRt Bd I £ H Acc,9.766
08/21/2018,Jupiter Strategic AbsRt Bd I £ H Acc,9.7811
08/22/2018,Jupiter Strategic AbsRt Bd I £ H Acc,9.7949
08/23/2018,Jupiter Strategic AbsRt Bd I £ H Acc,9.7941
08/24/2018,Jupiter Strategic AbsRt Bd I £ H Acc,9.7912
08/25/2018,Jupiter Strategic AbsRt Bd I £ H Acc,9.7912
08/26/2018,Jupiter Strategic AbsRt Bd I £ H Acc,9.7912
08/27/2018,Jupiter Strategic AbsRt Bd I £ H Acc,9.7912
08/28/2018,Jupiter Strategic AbsRt Bd I £ H Acc,9.7821
08/29/2018,Jupiter Strategic AbsRt Bd I £ H Acc,9.7928
08/30/2018,Jupiter Strategic AbsRt Bd I £ H Acc,9.7943
08/31/2018,Jupiter Strategic AbsRt Bd I £ H Acc,9.8072
09/01/2018,Jupiter Strategic AbsRt Bd I £ H Acc,9.8072
09/02/2018,Jupiter Strategic AbsRt Bd I £ H Acc,9.8072
09/03/2018,Jupiter Strategic AbsRt Bd I £ H Acc,9.7983
09/04/2018,Jupiter Strategic AbsRt Bd I £ H Acc,9.7966
09/05/2018,Jupiter Strategic AbsRt Bd I £ H Acc,9.798
09/06/2018,Jupiter Strategic AbsRt Bd I £ H Acc,9.7917
09/07/2018,Jupiter Strategic AbsRt Bd I £ H Acc,9.7894
09/08/2018,Jupiter Strategic AbsRt Bd I £ H Acc,9.7894
09/09/2018,Jupiter Strategic AbsRt Bd I £ H Acc,9.7894
09/10/2018,Jupiter Strategic AbsRt Bd I £ H Acc,9.7856
09/11/2018,Jupiter Strategic AbsRt Bd I £ H Acc,9.7894
09/12/2018,Jupiter Strategic AbsRt Bd I £ H Acc,9.7953
09/13/2018,Jupiter Strategic AbsRt Bd I £ H Acc,9.7885
09/14/2018,Jupiter Strategic AbsRt Bd I £ H Acc,9.7955
09/15/2018,Jupiter Strategic AbsRt Bd I £ H Acc,9.7955
09/16/2018,Jupiter Strategic AbsRt Bd I £ H Acc,9.7955
09/17/2018,Jupiter Strategic AbsRt Bd I £ H Acc,9.8009
09/18/2018,Jupiter Strategic AbsRt Bd I £ H Acc,9.7998
09/19/2018,Jupiter Strategic AbsRt Bd I £ H Acc,9.8154
09/20/2018,Jupiter Strategic AbsRt Bd I £ H Acc,9.8212
09/21/2018,Jupiter Strategic AbsRt Bd I £ H Acc,9.8236
09/22/2018,Jupiter Strategic AbsRt Bd I £ H Acc,9.8236
09/23/2018,Jupiter Strategic AbsRt Bd I £ H Acc,9.8236
09/24/2018,Jupiter Strategic AbsRt Bd I £ H Acc,9.8317
09/25/2018,Jupiter Strategic AbsRt Bd I £ H Acc,9.8662
09/26/2018,Jupiter Strategic AbsRt Bd I £ H Acc,9.8468
09/27/2018,Jupiter Strategic AbsRt Bd I £ H Acc,9.8386
09/28/2018,Jupiter Strategic AbsRt Bd I £ H Acc,9.8019
09/29/2018,Jupiter Strategic AbsRt Bd I £ H Acc,9.8019
09/30/2018,Jupiter Strategic AbsRt Bd I £ H Acc,9.8019
10/01/2018,Jupiter Strategic AbsRt Bd I £ H Acc,9.8439
10/02/2018,Jupiter Strategic AbsRt Bd I £ H Acc,9.7748
10/03/2018,Jupiter Strategic AbsRt Bd I £ H Acc,9.7735
10/04/2018,Jupiter Strategic AbsRt Bd I £ H Acc,9.8003
10/05/2018,Jupiter Strategic AbsRt Bd I £ H Acc,9.7957
10/06/2018,Jupiter Strategic AbsRt Bd I £ H Acc,9.7957
10/07/2018,Jupiter Strategic AbsRt Bd I £ H Acc,9.7957
10/08/2018,Jupiter Strategic AbsRt Bd I £ H Acc,9.7863
10/09/2018,Jupiter Strategic AbsRt Bd I £ H Acc,9.7961
10/10/2018,Jupiter Strategic AbsRt Bd I £ H Acc,9.7861
10/11/2018,Jupiter Strategic AbsRt Bd I £ H Acc,9.7997
10/12/2018,Jupiter Strategic AbsRt Bd I £ H Acc,9.7796
10/13/2018,Jupiter Strategic AbsRt Bd I £ H Acc,9.7796
10/14/2018,Jupiter Strategic AbsRt Bd I £ H Acc,9.7796
10/15/2018,Jupiter Strategic AbsRt Bd I £ H Acc,9.7641
10/16/2018,Jupiter Strategic AbsRt Bd I £ H Acc,9.7701
10/17/2018,Jupiter Strategic AbsRt Bd I £ H Acc,9.7483
10/18/2018,Jupiter Strategic AbsRt Bd I £ H Acc,9.7518
10/19/2018,Jupiter Strategic AbsRt Bd I £ H Acc,9.7317
10/20/2018,Jupiter Strategic AbsRt Bd I £ H Acc,9.7317
10/21/2018,Jupiter Strategic AbsRt Bd I £ H Acc,9.7317
10/22/2018,Jupiter Strategic AbsRt Bd I £ H Acc,9.7412
10/23/2018,Jupiter Strategic AbsRt Bd I £ H Acc,9.7303
10/24/2018,Jupiter Strategic AbsRt Bd I £ H Acc,9.7103
10/25/2018,Jupiter Strategic AbsRt Bd I £ H Acc,9.7275
10/26/2018,Jupiter Strategic AbsRt Bd I £ H Acc,9.7252
10/27/2018,Jupiter Strategic AbsRt Bd I £ H Acc,9.7252
10/28/2018,Jupiter Strategic AbsRt Bd I £ H Acc,9.7252
10/29/2018,Jupiter Strategic AbsRt Bd I £ H Acc,9.7252
10/30/2018,Jupiter Strategic AbsRt Bd I £ H Acc,9.727
10/31/2018,Jupiter Strategic AbsRt Bd I £ H Acc,9.716
11/01/2018,Jupiter Strategic AbsRt Bd I £ H Acc,9.7239
11/02/2018,Jupiter Strategic AbsRt Bd I £ H Acc,9.7211
11/03/2018,Jupiter Strategic AbsRt Bd I £ H Acc,9.7211
11/04/2018,Jupiter Strategic AbsRt Bd I £ H Acc,9.7211
11/05/2018,Jupiter Strategic AbsRt Bd I £ H Acc,9.7325
11/06/2018,Jupiter Strategic AbsRt Bd I £ H Acc,9.7311
11/07/2018,Jupiter Strategic AbsRt Bd I £ H Acc,9.7468
11/08/2018,Jupiter Strategic AbsRt Bd I £ H Acc,9.7396
11/09/2018,Jupiter Strategic AbsRt Bd I £ H Acc,9.7107
11/10/2018,Jupiter Strategic AbsRt Bd I £ H Acc,9.7107
11/11/2018,Jupiter Strategic AbsRt Bd I £ H Acc,9.7107
11/12/2018,Jupiter Strategic AbsRt Bd I £ H Acc,9.6837
11/13/2018,Jupiter Strategic AbsRt Bd I £ H Acc,9.6948
11/14/2018,Jupiter Strategic AbsRt Bd I £ H Acc,9.6948
11/15/2018,Jupiter Strategic AbsRt Bd I £ H Acc,9.6949
11/16/2018,Jupiter Strategic AbsRt Bd I £ H Acc,9.7024
11/17/2018,Jupiter Strategic AbsRt Bd I £ H Acc,9.7024
11/18/2018,Jupiter Strategic AbsRt Bd I £ H Acc,9.7024
11/19/2018,Jupiter Strategic AbsRt Bd I £ H Acc,9.7235
11/20/2018,Jupiter Strategic AbsRt Bd I £ H Acc,9.7086
11/21/2018,Jupiter Strategic AbsRt Bd I £ H Acc,9.689
11/22/2018,Jupiter Strategic AbsRt Bd I £ H Acc,9.7053
11/23/2018,Jupiter Strategic AbsRt Bd I £ H Acc,9.7028
11/24/2018,Jupiter Strategic AbsRt Bd I £ H Acc,9.7028
11/25/2018,Jupiter Strategic AbsRt Bd I £ H Acc,9.7028
11/26/2018,Jupiter Strategic AbsRt Bd I £ H Acc,9.7095
11/27/2018,Jupiter Strategic AbsRt Bd I £ H Acc,9.694
11/28/2018,Jupiter Strategic AbsRt Bd I £ H Acc,9.6801
11/29/2018,Jupiter Strategic AbsRt Bd I £ H Acc,9.6984
11/30/2018,Jupiter Strategic AbsRt Bd I £ H Acc,9.7098
12/01/2018,Jupiter Strategic AbsRt Bd I £ H Acc,9.7098
12/02/2018,Jupiter Strategic AbsRt Bd I £ H Acc,9.7098
12/03/2018,Jupiter Strategic AbsRt Bd I £ H Acc,9.7394
12/04/2018,Jupiter Strategic AbsRt Bd I £ H Acc,9.729
12/05/2018,Jupiter Strategic AbsRt Bd I £ H Acc,9.7066
12/06/2018,Jupiter Strategic AbsRt Bd I £ H Acc,9.6768
12/07/2018,Jupiter Strategic AbsRt Bd I £ H Acc,9.6746
12/08/2018,Jupiter Strategic AbsRt Bd I £ H Acc,9.6746
12/09/2018,Jupiter Strategic AbsRt Bd I £ H Acc,9.6746
12/10/2018,Jupiter Strategic AbsRt Bd I £ H Acc,9.6812
12/11/2018,Jupiter Strategic AbsRt Bd I £ H Acc,9.6536
12/12/2018,Jupiter Strategic AbsRt Bd I £ H Acc,9.6451
12/13/2018,Jupiter Strategic AbsRt Bd I £ H Acc,9.6821
12/14/2018,Jupiter Strategic AbsRt Bd I £ H Acc,9.6727
12/15/2018,Jupiter Strategic AbsRt Bd I £ H Acc,9.6727
12/16/2018,Jupiter Strategic AbsRt Bd I £ H Acc,9.6727
12/17/2018,Jupiter Strategic AbsRt Bd I £ H Acc,9.6719
12/18/2018,Jupiter Strategic AbsRt Bd I £ H Acc,9.6609
12/19/2018,Jupiter Strategic AbsRt Bd I £ H Acc,9.6786
12/20/2018,Jupiter Strategic AbsRt Bd I £ H Acc,9.6769
12/21/2018,Jupiter Strategic AbsRt Bd I £ H Acc,9.6684
12/22/2018,Jupiter Strategic AbsRt Bd I £ H Acc,9.6684
12/23/2018,Jupiter Strategic AbsRt Bd I £ H Acc,9.6684
12/24/2018,Jupiter Strategic AbsRt Bd I £ H Acc,9.6506
12/25/2018,Jupiter Strategic AbsRt Bd I £ H Acc,9.6506
12/26/2018,Jupiter Strategic AbsRt Bd I £ H Acc,9.6506
12/27/2018,Jupiter Strategic AbsRt Bd I £ H Acc,9.6506
12/28/2018,Jupiter Strategic AbsRt Bd I £ H Acc,9.6646
12/29/2018,Jupiter Strategic AbsRt Bd I £ H Acc,9.6646
12/30/2018,Jupiter Strategic AbsRt Bd I £ H Acc,9.6646
12/31/2018,Jupiter Strategic AbsRt Bd I £ H Acc,9.6751
01/01/2019,Jupiter Strategic AbsRt Bd I £ H Acc,9.6751
01/02/2019,Jupiter Strategic AbsRt Bd I £ H Acc,9.6143
01/03/2019,Jupiter Strategic AbsRt Bd I £ H Acc,9.6063
01/04/2019,Jupiter Strategic AbsRt Bd I £ H Acc,9.6521
01/05/2019,Jupiter Strategic AbsRt Bd I £ H Acc,9.6521
01/06/2019,Jupiter Strategic AbsRt Bd I £ H Acc,9.6521
01/07/2019,Jupiter Strategic AbsRt Bd I £ H Acc,9.6895
01/08/2019,Jupiter Strategic AbsRt Bd I £ H Acc,9.7159
01/09/2019,Jupiter Strategic AbsRt Bd I £ H Acc,9.7411
01/10/2019,Jupiter Strategic AbsRt Bd I £ H Acc,9.7409
01/11/2019,Jupiter Strategic AbsRt Bd I £ H Acc,9.7658
01/12/2019,Jupiter Strategic AbsRt Bd I £ H Acc,9.7658
01/13/2019,Jupiter Strategic AbsRt Bd I £ H Acc,9.7658
01/14/2019,Jupiter Strategic AbsRt Bd I £ H Acc,9.7383
01/15/2019,Jupiter Strategic AbsRt Bd I £ H Acc,9.7509
01/16/2019,Jupiter Strategic AbsRt Bd I £ H Acc,9.7836
01/17/2019,Jupiter Strategic AbsRt Bd I £ H Acc,9.7812
01/18/2019,Jupiter Strategic AbsRt Bd I £ H Acc,9.8163
01/19/2019,Jupiter Strategic AbsRt Bd I £ H Acc,9.8163
01/20/2019,Jupiter Strategic AbsRt Bd I £ H Acc,9.8163
01/21/2019,Jupiter Strategic AbsRt Bd I £ H Acc,9.8039
01/22/2019,Jupiter Strategic AbsRt Bd I £ H Acc,9.7909
01/23/2019,Jupiter Strategic AbsRt Bd I £ H Acc,9.8015
01/24/2019,Jupiter Strategic AbsRt Bd I £ H Acc,9.787
01/25/2019,Jupiter Strategic AbsRt Bd I £ H Acc,9.8049
01/26/2019,Jupiter Strategic AbsRt Bd I £ H Acc,9.8049
01/27/2019,Jupiter Strategic AbsRt Bd I £ H Acc,9.8049
01/28/2019,Jupiter Strategic AbsRt Bd I £ H Acc,9.8273
01/29/2019,Jupiter Strategic AbsRt Bd I £ H Acc,9.8167
01/30/2019,Jupiter Strategic AbsRt Bd I £ H Acc,9.8259
01/31/2019,Jupiter Strategic AbsRt Bd I £ H Acc,9.8807
02/01/2019,Jupiter Strategic AbsRt Bd I £ H Acc,9.8804
02/02/2019,Jupiter Strategic AbsRt Bd I £ H Acc,9.8804
02/03/2019,Jupiter Strategic AbsRt Bd I £ H Acc,9.8804
02/04/2019,Jupiter Strategic AbsRt Bd I £ H Acc,9.8875
02/05/2019,Jupiter Strategic AbsRt Bd I £ H Acc,9.9052
02/06/2019,Jupiter Strategic AbsRt Bd I £ H Acc,9.8745
02/07/2019,Jupiter Strategic AbsRt Bd I £ H Acc,9.8352
02/08/2019,Jupiter Strategic AbsRt Bd I £ H Acc,9.8191
02/09/2019,Jupiter Strategic AbsRt Bd I £ H Acc,9.8191
02/10/2019,Jupiter Strategic AbsRt Bd I £ H Acc,9.8191
02/11/2019,Jupiter Strategic AbsRt Bd I £ H Acc,9.803
02/12/2019,Jupiter Strategic AbsRt Bd I £ H Acc,9.783
02/13/2019,Jupiter Strategic AbsRt Bd I £ H Acc,9.7875
02/14/2019,Jupiter Strategic AbsRt Bd I £ H Acc,9.7794
02/15/2019,Jupiter Strategic AbsRt Bd I £ H Acc,9.7923
02/16/2019,Jupiter Strategic AbsRt Bd I £ H Acc,9.7923
02/17/2019,Jupiter Strategic AbsRt Bd I £ H Acc,9.7923
02/18/2019,Jupiter Strategic AbsRt Bd I £ H Acc,9.7838
02/19/2019,Jupiter Strategic AbsRt Bd I £ H Acc,9.7898
02/20/2019,Jupiter Strategic AbsRt Bd I £ H Acc,9.7988
02/21/2019,Jupiter Strategic AbsRt Bd I £ H Acc,9.804
02/22/2019,Jupiter Strategic AbsRt Bd I £ H Acc,9.791307
02/23/2019,Jupiter Strategic AbsRt Bd I £ H Acc,9.791307
02/24/2019,Jupiter Strategic AbsRt Bd I £ H Acc,9.791307
02/25/2019,Jupiter Strategic AbsRt Bd I £ H Acc,9.8158
02/26/2019,Jupiter Strategic AbsRt Bd I £ H Acc,9.8236
02/27/2019,Jupiter Strategic AbsRt Bd I £ H Acc,9.8318
02/28/2019,Jupiter Strategic AbsRt Bd I £ H Acc,9.8471
03/01/2019,Jupiter Strategic AbsRt Bd I £ H Acc,9.8515
03/02/2019,Jupiter Strategic AbsRt Bd I £ H Acc,9.8515
03/03/2019,Jupiter Strategic AbsRt Bd I £ H Acc,9.8515
03/04/2019,Jupiter Strategic AbsRt Bd I £ H Acc,9.8389
03/05/2019,Jupiter Strategic AbsRt Bd I £ H Acc,9.8435
03/06/2019,Jupiter Strategic AbsRt Bd I £ H Acc,9.827
03/07/2019,Jupiter Strategic AbsRt Bd I £ H Acc,9.8172
03/08/2019,Jupiter Strategic AbsRt Bd I £ H Acc,9.7998
03/09/2019,Jupiter Strategic AbsRt Bd I £ H Acc,9.7998
03/10/2019,Jupiter Strategic AbsRt Bd I £ H Acc,9.7998
03/11/2019,Jupiter Strategic AbsRt Bd I £ H Acc,9.8108
03/12/2019,Jupiter Strategic AbsRt Bd I £ H Acc,9.8445
03/13/2019,Jupiter Strategic AbsRt Bd I £ H Acc,9.8391
03/14/2019,Jupiter Strategic AbsRt Bd I £ H Acc,9.8455
03/15/2019,Jupiter Strategic AbsRt Bd I £ H Acc,9.866
03/16/2019,Jupiter Strategic AbsRt Bd I £ H Acc,9.866
03/17/2019,Jupiter Strategic AbsRt Bd I £ H Acc,9.866
03/18/2019,Jupiter Strategic AbsRt Bd I £ H Acc,9.866
03/19/2019,Jupiter Strategic AbsRt Bd I £ H Acc,9.8882
03/20/2019,Jupiter Strategic AbsRt Bd I £ H Acc,9.8822
03/21/2019,Jupiter Strategic AbsRt Bd I £ H Acc,9.8889
03/22/2019,Jupiter Strategic AbsRt Bd I £ H Acc,9.843
03/23/2019,Jupiter Strategic AbsRt Bd I £ H Acc,9.843
03/24/2019,Jupiter Strategic AbsRt Bd I £ H Acc,9.843
03/25/2019,Jupiter Strategic AbsRt Bd I £ H Acc,9.8456
03/26/2019,Jupiter Strategic AbsRt Bd I £ H Acc,9.8453
03/27/2019,Jupiter Strategic AbsRt Bd I £ H Acc,9.833
03/28/2019,Jupiter Strategic AbsRt Bd I £ H Acc,9.8063
03/29/2019,Jupiter Strategic AbsRt Bd I £ H Acc,9.8171
03/30/2019,Jupiter Strategic AbsRt Bd I £ H Acc,9.8171
03/31/2019,Jupiter Strategic AbsRt Bd I £ H Acc,9.8171
04/01/2019,Jupiter Strategic AbsRt Bd I £ H Acc,9.8105
04/02/2019,Jupiter Strategic AbsRt Bd I £ H Acc,9.8163
04/03/2019,Jupiter Strategic AbsRt Bd I £ H Acc,9.8434
04/04/2019,Jupiter Strategic AbsRt Bd I £ H Acc,9.824
04/05/2019,Jupiter Strategic AbsRt Bd I £ H Acc,9.8575
04/06/2019,Jupiter Strategic AbsRt Bd I £ H Acc,9.8575
04/07/2019,Jupiter Strategic AbsRt Bd I £ H Acc,9.8575
04/08/2019,Jupiter Strategic AbsRt Bd I £ H Acc,9.8537
04/09/2019,Jupiter Strategic AbsRt Bd I £ H Acc,9.8671
04/10/2019,Jupiter Strategic AbsRt Bd I £ H Acc,9.8695
04/11/2019,Jupiter Strategic AbsRt Bd I £ H Acc,9.8745
04/12/2019,Jupiter Strategic AbsRt Bd I £ H Acc,9.909
04/13/2019,Jupiter Strategic AbsRt Bd I £ H Acc,9.909
04/14/2019,Jupiter Strategic AbsRt Bd I £ H Acc,9.909
04/15/2019,Jupiter Strategic AbsRt Bd I £ H Acc,9.9338
04/16/2019,Jupiter Strategic AbsRt Bd I £ H Acc,9.9188
04/17/2019,Jupiter Strategic AbsRt Bd I £ H Acc,9.9572
04/18/2019,Jupiter Strategic AbsRt Bd I £ H Acc,9.90277
04/19/2019,Jupiter Strategic AbsRt Bd I £ H Acc,9.90277
04/20/2019,Jupiter Strategic AbsRt Bd I £ H Acc,9.90277
04/21/2019,Jupiter Strategic AbsRt Bd I £ H Acc,9.90277
04/22/2019,Jupiter Strategic AbsRt Bd I £ H Acc,9.90277
04/23/2019,Jupiter Strategic AbsRt Bd I £ H Acc,9.904654
04/24/2019,Jupiter Strategic AbsRt Bd I £ H Acc,9.869268
04/25/2019,Jupiter Strategic AbsRt Bd I £ H Acc,9.847918
04/26/2019,Jupiter Strategic AbsRt Bd I £ H Acc,9.844691
04/27/2019,Jupiter Strategic AbsRt Bd I £ H Acc,9.844691
04/28/2019,Jupiter Strategic AbsRt Bd I £ H Acc,9.844691
04/29/2019,Jupiter Strategic AbsRt Bd I £ H Acc,9.863233
04/30/2019,Jupiter Strategic AbsRt Bd I £ H Acc,9.87113
05/01/2019,Jupiter Strategic AbsRt Bd I £ H Acc,9.870124
05/02/2019,Jupiter Strategic AbsRt Bd I £ H Acc,9.853414
05/03/2019,Jupiter Strategic AbsRt Bd I £ H Acc,9.841321
05/04/2019,Jupiter Strategic AbsRt Bd I £ H Acc,9.841321
05/05/2019,Jupiter Strategic AbsRt Bd I £ H Acc,9.841321
05/06/2019,Jupiter Strategic AbsRt Bd I £ H Acc,9.841321
05/07/2019,Jupiter Strategic AbsRt Bd I £ H Acc,9.842133
05/08/2019,Jupiter Strategic AbsRt Bd I £ H Acc,9.813276
05/09/2019,Jupiter Strategic AbsRt Bd I £ H Acc,9.801537
05/10/2019,Jupiter Strategic AbsRt Bd I £ H Acc,9.806145
05/11/2019,Jupiter Strategic AbsRt Bd I £ H Acc,9.806145
05/12/2019,Jupiter Strategic AbsRt Bd I £ H Acc,9.806145
05/13/2019,Jupiter Strategic AbsRt Bd I £ H Acc,9.801235
05/14/2019,Jupiter Strategic AbsRt Bd I £ H Acc,9.797378
05/15/2019,Jupiter Strategic AbsRt Bd I £ H Acc,9.793264
05/16/2019,Jupiter Strategic AbsRt Bd I £ H Acc,9.792719
05/17/2019,Jupiter Strategic AbsRt Bd I £ H Acc,9.798201
05/18/2019,Jupiter Strategic AbsRt Bd I £ H Acc,9.798201
05/19/2019,Jupiter Strategic AbsRt Bd I £ H Acc,9.798201
05/20/2019,Jupiter Strategic AbsRt Bd I £ H Acc,9.792021
05/21/2019,Jupiter Strategic AbsRt Bd I £ H Acc,9.787439
05/22/2019,Jupiter Strategic AbsRt Bd I £ H Acc,9.788239
05/23/2019,Jupiter Strategic AbsRt Bd I £ H Acc,9.806525
05/24/2019,Jupiter Strategic AbsRt Bd I £ H Acc,9.806979
05/25/2019,Jupiter Strategic AbsRt Bd I £ H Acc,9.806979
05/26/2019,Jupiter Strategic AbsRt Bd I £ H Acc,9.806979
05/27/2019,Jupiter Strategic AbsRt Bd I £ H Acc,9.806979
05/28/2019,Jupiter Strategic AbsRt Bd I £ H Acc,9.834507
05/29/2019,Jupiter Strategic AbsRt Bd I £ H Acc,9.855323
05/30/2019,Jupiter Strategic AbsRt Bd I £ H Acc,9.856858
05/31/2019,Jupiter Strategic AbsRt Bd I £ H Acc,9.897204
06/01/2019,Jupiter Strategic AbsRt Bd I £ H Acc,9.897204
06/02/2019,Jupiter Strategic AbsRt Bd I £ H Acc,9.897204
06/03/2019,Jupiter Strategic AbsRt Bd I £ H Acc,9.897204
06/04/2019,Jupiter Strategic AbsRt Bd I £ H Acc,9.930723
06/05/2019,Jupiter Strategic AbsRt Bd I £ H Acc,9.935241
06/06/2019,Jupiter Strategic AbsRt Bd I £ H Acc,9.947016
06/07/2019,Jupiter Strategic AbsRt Bd I £ H Acc,9.941004
06/08/2019,Jupiter Strategic AbsRt Bd I £ H Acc,9.941004
06/09/2019,Jupiter Strategic AbsRt Bd I £ H Acc,9.941004
06/10/2019,Jupiter Strategic AbsRt Bd I £ H Acc,9.954536
06/11/2019,Jupiter Strategic AbsRt Bd I £ H Acc,9.945246
06/12/2019,Jupiter Strategic AbsRt Bd I £ H Acc,9.950856
06/13/2019,Jupiter Strategic AbsRt Bd I £ H Acc,9.962175
06/14/2019,Jupiter Strategic AbsRt Bd I £ H Acc,9.968076
06/15/2019,Jupiter Strategic AbsRt Bd I £ H Acc,9.968076
06/16/2019,Jupiter Strategic AbsRt Bd I £ H Acc,9.968076
06/17/2019,Jupiter Strategic AbsRt Bd I £ H Acc,9.971803
06/18/2019,Jupiter Strategic AbsRt Bd I £ H Acc,9.977638
06/19/2019,Jupiter Strategic AbsRt Bd I £ H Acc,10.010484
06/20/2019,Jupiter Strategic AbsRt Bd I £ H Acc,10.058406
06/21/2019,Jupiter Strategic AbsRt Bd I £ H Acc,10.064996
06/22/2019,Jupiter Strategic AbsRt Bd I £ H Acc,10.064996
06/23/2019,Jupiter Strategic AbsRt Bd I £ H Acc,10.064996
06/24/2019,Jupiter Strategic AbsRt Bd I £ H Acc,10.056438
06/25/2019,Jupiter Strategic AbsRt Bd I £ H Acc,10.054468
06/26/2019,Jupiter Strategic AbsRt Bd I £ H Acc,10.050815
06/27/2019,Jupiter Strategic AbsRt Bd I £ H Acc,10.052989
06/28/2019,Jupiter Strategic AbsRt Bd I £ H Acc,10.0568
06/29/2019,Jupiter Strategic AbsRt Bd I £ H Acc,10.0568
06/30/2019,Jupiter Strategic AbsRt Bd I £ H Acc,10.0568
07/01/2019,Jupiter Strategic AbsRt Bd I £ H Acc,10.076272
07/02/2019,Jupiter Strategic AbsRt Bd I £ H Acc,10.089113
07/03/2019,Jupiter Strategic AbsRt Bd I £ H Acc,10.114802
07/04/2019,Jupiter Strategic AbsRt Bd I £ H Acc,10.122148
07/05/2019,Jupiter Strategic AbsRt Bd I £ H Acc,10.134
07/06/2019,Jupiter Strategic AbsRt Bd I £ H Acc,10.134
07/07/2019,Jupiter Strategic AbsRt Bd I £ H Acc,10.134
07/08/2019,Jupiter Strategic AbsRt Bd I £ H Acc,10.1309
07/09/2019,Jupiter Strategic AbsRt Bd I £ H Acc,10.1232
07/10/2019,Jupiter Strategic AbsRt Bd I £ H Acc,10.1193
07/11/2019,Jupiter Strategic AbsRt Bd I £ H Acc,10.1346
07/12/2019,Jupiter Strategic AbsRt Bd I £ H Acc,10.1487
07/13/2019,Jupiter Strategic AbsRt Bd I £ H Acc,10.1487
07/14/2019,Jupiter Strategic AbsRt Bd I £ H Acc,10.1487
07/15/2019,Jupiter Strategic AbsRt Bd I £ H Acc,10.1606
07/16/2019,Jupiter Strategic AbsRt Bd I £ H Acc,10.1434
07/17/2019,Jupiter Strategic AbsRt Bd I £ H Acc,10.1305
07/18/2019,Jupiter Strategic AbsRt Bd I £ H Acc,10.1294
07/19/2019,Jupiter Strategic AbsRt Bd I £ H Acc,10.1408
07/20/2019,Jupiter Strategic AbsRt Bd I £ H Acc,10.1408
07/21/2019,Jupiter Strategic AbsRt Bd I £ H Acc,10.1408
07/22/2019,Jupiter Strategic AbsRt Bd I £ H Acc,10.1365
07/23/2019,Jupiter Strategic AbsRt Bd I £ H Acc,10.134
07/24/2019,Jupiter Strategic AbsRt Bd I £ H Acc,10.1369
07/25/2019,Jupiter Strategic AbsRt Bd I £ H Acc,10.1444
07/26/2019,Jupiter Strategic AbsRt Bd I £ H Acc,10.1252
07/27/2019,Jupiter Strategic AbsRt Bd I £ H Acc,10.1252
07/28/2019,Jupiter Strategic AbsRt Bd I £ H Acc,10.1252
07/29/2019,Jupiter Strategic AbsRt Bd I £ H Acc,10.1207
07/30/2019,Jupiter Strategic AbsRt Bd I £ H Acc,10.1114
07/31/2019,Jupiter Strategic AbsRt Bd I £ H Acc,10.103
08/01/2019,Jupiter Strategic AbsRt Bd I £ H Acc,10.0801
08/02/2019,Jupiter Strategic AbsRt Bd I £ H Acc,10.0964
08/03/2019,Jupiter Strategic AbsRt Bd I £ H Acc,10.0964
08/04/2019,Jupiter Strategic AbsRt Bd I £ H Acc,10.0964
08/05/2019,Jupiter Strategic AbsRt Bd I £ H Acc,10.0964
08/06/2019,Jupiter Strategic AbsRt Bd I £ H Acc,10.1207
08/07/2019,Jupiter Strategic AbsRt Bd I £ H Acc,10.127
08/08/2019,Jupiter Strategic AbsRt Bd I £ H Acc,10.1321
08/09/2019,Jupiter Strategic AbsRt Bd I £ H Acc,10.1108
08/10/2019,Jupiter Strategic AbsRt Bd I £ H Acc,10.1108
08/11/2019,Jupiter Strategic AbsRt Bd I £ H Acc,10.1108
08/12/2019,Jupiter Strategic AbsRt Bd I £ H Acc,10.1202
08/13/2019,Jupiter Strategic AbsRt Bd I £ H Acc,10.1233
08/14/2019,Jupiter Strategic AbsRt Bd I £ H Acc,10.1023
08/15/2019,Jupiter Strategic AbsRt Bd I £ H Acc,10.1227
08/16/2019,Jupiter Strategic AbsRt Bd I £ H Acc,10.1124
08/17/2019,Jupiter Strategic AbsRt Bd I £ H Acc,10.1124
08/18/2019,Jupiter Strategic AbsRt Bd I £ H Acc,10.1124
08/19/2019,Jupiter Strategic AbsRt Bd I £ H Acc,10.1089
08/20/2019,Jupiter Strategic AbsRt Bd I £ H Acc,10.0947
08/21/2019,Jupiter Strategic AbsRt Bd I £ H Acc,10.0997
08/22/2019,Jupiter Strategic AbsRt Bd I £ H Acc,10.0986
08/23/2019,Jupiter Strategic AbsRt Bd I £ H Acc,10.1053
08/24/2019,Jupiter Strategic AbsRt Bd I £ H Acc,10.1053
08/25/2019,Jupiter Strategic AbsRt Bd I £ H Acc,10.1053
08/26/2019,Jupiter Strategic AbsRt Bd I £ H Acc,10.1053
08/27/2019,Jupiter Strategic AbsRt Bd I £ H Acc,10.1159
08/28/2019,Jupiter Strategic AbsRt Bd I £ H Acc,10.1269
08/29/2019,Jupiter Strategic AbsRt Bd I £ H Acc,10.1306
08/30/2019,Jupiter Strategic AbsRt Bd I £ H Acc,10.1298
08/31/2019,Jupiter Strategic AbsRt Bd I £ H Acc,10.1298
09/01/2019,Jupiter Strategic AbsRt Bd I £ H Acc,10.1298
09/02/2019,Jupiter Strategic AbsRt Bd I £ H Acc,10.1205
09/03/2019,Jupiter Strategic AbsRt Bd I £ H Acc,10.1105
09/04/2019,Jupiter Strategic AbsRt Bd I £ H Acc,10.1339
09/05/2019,Jupiter Strategic AbsRt Bd I £ H Acc,10.1476
09/06/2019,Jupiter Strategic AbsRt Bd I £ H Acc,10.1415
09/07/2019,Jupiter Strategic AbsRt Bd I £ H Acc,10.1415
09/08/2019,Jupiter Strategic AbsRt Bd I £ H Acc,10.1415
09/09/2019,Jupiter Strategic AbsRt Bd I £ H Acc,10.1341
09/10/2019,Jupiter Strategic AbsRt Bd I £ H Acc,10.133
09/11/2019,Jupiter Strategic AbsRt Bd I £ H Acc,10.1314
09/12/2019,Jupiter Strategic AbsRt Bd I £ H Acc,10.1285
09/13/2019,Jupiter Strategic AbsRt Bd I £ H Acc,10.1663
09/14/2019,Jupiter Strategic AbsRt Bd I £ H Acc,10.1663
09/15/2019,Jupiter Strategic AbsRt Bd I £ H Acc,10.1663
09/16/2019,Jupiter Strategic AbsRt Bd I £ H Acc,10.1773
09/17/2019,Jupiter Strategic AbsRt Bd I £ H Acc,10.1671
09/18/2019,Jupiter Strategic AbsRt Bd I £ H Acc,10.1648
09/19/2019,Jupiter Strategic AbsRt Bd I £ H Acc,10.1583
09/20/2019,Jupiter Strategic AbsRt Bd I £ H Acc,10.1569
09/21/2019,Jupiter Strategic AbsRt Bd I £ H Acc,10.1569
09/22/2019,Jupiter Strategic AbsRt Bd I £ H Acc,10.1569
09/23/2019,Jupiter Strategic AbsRt Bd I £ H Acc,10.1299
09/24/2019,Jupiter Strategic AbsRt Bd I £ H Acc,10.13
09/25/2019,Jupiter Strategic AbsRt Bd I £ H Acc,10.1253
09/26/2019,Jupiter Strategic AbsRt Bd I £ H Acc,10.1193
09/27/2019,Jupiter Strategic AbsRt Bd I £ H Acc,10.1292
09/28/2019,Jupiter Strategic AbsRt Bd I £ H Acc,10.1292
09/29/2019,Jupiter Strategic AbsRt Bd I £ H Acc,10.1292
09/30/2019,Jupiter Strategic AbsRt Bd I £ H Acc,10.1221
10/01/2019,Jupiter Strategic AbsRt Bd I £ H Acc,10.125
10/02/2019,Jupiter Strategic AbsRt Bd I £ H Acc,10.1031
10/03/2019,Jupiter Strategic AbsRt Bd I £ H Acc,10.1011
10/04/2019,Jupiter Strategic AbsRt Bd I £ H Acc,10.1051
10/05/2019,Jupiter Strategic AbsRt Bd I £ H Acc,10.1051
10/06/2019,Jupiter Strategic AbsRt Bd I £ H Acc,10.1051
10/07/2019,Jupiter Strategic AbsRt Bd I £ H Acc,10.1198
10/08/2019,Jupiter Strategic AbsRt Bd I £ H Acc,10.1095
10/09/2019,Jupiter Strategic AbsRt Bd I £ H Acc,10.1172
10/10/2019,Jupiter Strategic AbsRt Bd I £ H Acc,10.1329
10/11/2019,Jupiter Strategic AbsRt Bd I £ H Acc,10.163
10/12/2019,Jupiter Strategic AbsRt Bd I £ H Acc,10.163
10/13/2019,Jupiter Strategic AbsRt Bd I £ H Acc,10.163
10/14/2019,Jupiter Strategic AbsRt Bd I £ H Acc,10.1616
10/15/2019,Jupiter Strategic AbsRt Bd I £ H Acc,10.1687
10/16/2019,Jupiter Strategic AbsRt Bd I £ H Acc,10.1827
10/17/2019,Jupiter Strategic AbsRt Bd I £ H Acc,10.2345
10/18/2019,Jupiter Strategic AbsRt Bd I £ H Acc,10.2365
10/19/2019,Jupiter Strategic AbsRt Bd I £ H Acc,10.2365
10/20/2019,Jupiter Strategic AbsRt Bd I £ H Acc,10.2365
10/21/2019,Jupiter Strategic AbsRt Bd I £ H Acc,10.2614
10/22/2019,Jupiter Strategic AbsRt Bd I £ H Acc,10.2548
10/23/2019,Jupiter Strategic AbsRt Bd I £ H Acc,10.2353
10/24/2019,Jupiter Strategic AbsRt Bd I £ H Acc,10.2465
10/25/2019,Jupiter Strategic AbsRt Bd I £ H Acc,10.2565
10/26/2019,Jupiter Strategic AbsRt Bd I £ H Acc,10.2565
10/27/2019,Jupiter Strategic AbsRt Bd I £ H Acc,10.2565
10/28/2019,Jupiter Strategic AbsRt Bd I £ H Acc,10.2565
10/29/2019,Jupiter Strategic AbsRt Bd I £ H Acc,10.2731
10/30/2019,Jupiter Strategic AbsRt Bd I £ H Acc,10.2681
10/31/2019,Jupiter Strategic AbsRt Bd I £ H Acc,10.2437
11/01/2019,Jupiter Strategic AbsRt Bd I £ H Acc,10.2426
11/02/2019,Jupiter Strategic AbsRt Bd I £ H Acc,10.2426
11/03/2019,Jupiter Strategic AbsRt Bd I £ H Acc,10.2426
11/04/2019,Jupiter Strategic AbsRt Bd I £ H Acc,10.2784
11/05/2019,Jupiter Strategic AbsRt Bd I £ H Acc,10.3068
11/06/2019,Jupiter Strategic AbsRt Bd I £ H Acc,10.3089
11/07/2019,Jupiter Strategic AbsRt Bd I £ H Acc,10.34
11/08/2019,Jupiter Strategic AbsRt Bd I £ H Acc,10.3248
11/09/2019,Jupiter Strategic AbsRt Bd I £ H Acc,10.3248
11/10/2019,Jupiter Strategic AbsRt Bd I £ H Acc,10.3248
11/11/2019,Jupiter Strategic AbsRt Bd I £ H Acc,10.3102
11/12/2019,Jupiter Strategic AbsRt Bd I £ H Acc,10.3233
11/13/2019,Jupiter Strategic AbsRt Bd I £ H Acc,10.2827
11/14/2019,Jupiter Strategic AbsRt Bd I £ H Acc,10.2639
11/15/2019,Jupiter Strategic AbsRt Bd I £ H Acc,10.2671
11/16/2019,Jupiter Strategic AbsRt Bd I £ H Acc,10.2671
11/17/2019,Jupiter Strategic AbsRt Bd I £ H Acc,10.2671
11/18/2019,Jupiter Strategic AbsRt Bd I £ H Acc,10.2769
11/19/2019,Jupiter Strategic AbsRt Bd I £ H Acc,10.2722
11/20/2019,Jupiter Strategic AbsRt Bd I £ H Acc,10.2454
11/21/2019,Jupiter Strategic AbsRt Bd I £ H Acc,10.2592
11/22/2019,Jupiter Strategic AbsRt Bd I £ H Acc,10.2466
11/23/2019,Jupiter Strategic AbsRt Bd I £ H Acc,10.2466
11/24/2019,Jupiter Strategic AbsRt Bd I £ H Acc,10.2466
11/25/2019,Jupiter Strategic AbsRt Bd I £ H Acc,10.2439
11/26/2019,Jupiter Strategic AbsRt Bd I £ H Acc,10.2367
11/27/2019,Jupiter Strategic AbsRt Bd I £ H Acc,10.2325
11/28/2019,Jupiter Strategic AbsRt Bd I £ H Acc,10.2267
11/29/2019,Jupiter Strategic AbsRt Bd I £ H Acc,10.2239
11/30/2019,Jupiter Strategic AbsRt Bd I £ H Acc,10.2239
12/01/2019,Jupiter Strategic AbsRt Bd I £ H Acc,10.2239
12/02/2019,Jupiter Strategic AbsRt Bd I £ H Acc,10.2321
12/03/2019,Jupiter Strategic AbsRt Bd I £ H Acc,10.2364
12/04/2019,Jupiter Strategic AbsRt Bd I £ H Acc,10.2394
12/05/2019,Jupiter Strategic AbsRt Bd I £ H Acc,10.2332
12/06/2019,Jupiter Strategic AbsRt Bd I £ H Acc,10.2354
12/07/2019,Jupiter Strategic AbsRt Bd I £ H Acc,10.2354
12/08/2019,Jupiter Strategic AbsRt Bd I £ H Acc,10.2354
12/09/2019,Jupiter Strategic AbsRt Bd I £ H Acc,10.2405
12/10/2019,Jupiter Strategic AbsRt Bd I £ H Acc,10.2459
12/11/2019,Jupiter Strategic AbsRt Bd I £ H Acc,10.2376
12/12/2019,Jupiter Strategic AbsRt Bd I £ H Acc,10.2375
12/13/2019,Jupiter Strategic AbsRt Bd I £ H Acc,10.2354
12/14/2019,Jupiter Strategic AbsRt Bd I £ H Acc,10.2354
12/15/2019,Jupiter Strategic AbsRt Bd I £ H Acc,10.2354
12/16/2019,Jupiter Strategic AbsRt Bd I £ H Acc,10.2295
12/17/2019,Jupiter Strategic AbsRt Bd I £ H Acc,10.2275
12/18/2019,Jupiter Strategic AbsRt Bd I £ H Acc,10.2272
12/19/2019,Jupiter Strategic AbsRt Bd I £ H Acc,10.2357
12/20/2019,Jupiter Strategic AbsRt Bd I £ H Acc,10.2377
12/21/2019,Jupiter Strategic AbsRt Bd I £ H Acc,10.2377
12/22/2019,Jupiter Strategic AbsRt Bd I £ H Acc,10.2377
12/23/2019,Jupiter Strategic AbsRt Bd I £ H Acc,10.233
12/24/2019,Jupiter Strategic AbsRt Bd I £ H Acc,10.227
12/25/2019,Jupiter Strategic AbsRt Bd I £ H Acc,10.227
12/26/2019,Jupiter Strategic AbsRt Bd I £ H Acc,10.227
12/27/2019,Jupiter Strategic AbsRt Bd I £ H Acc,10.227
12/28/2019,Jupiter Strategic AbsRt Bd I £ H Acc,10.227
12/29/2019,Jupiter Strategic AbsRt Bd I £ H Acc,10.227
12/30/2019,Jupiter Strategic AbsRt Bd I £ H Acc,10.261
12/31/2019,Jupiter Strategic AbsRt Bd I £ H Acc,10.2681
01/01/2020,Jupiter Strategic AbsRt Bd I £ H Acc,10.2681
01/02/2020,Jupiter Strategic AbsRt Bd I £ H Acc,10.2674
01/03/2020,Jupiter Strategic AbsRt Bd I £ H Acc,10.2363
01/04/2020,Jupiter Strategic AbsRt Bd I £ H Acc,10.2363
01/05/2020,Jupiter Strategic AbsRt Bd I £ H Acc,10.2363
01/06/2020,Jupiter Strategic AbsRt Bd I £ H Acc,10.2423
01/07/2020,Jupiter Strategic AbsRt Bd I £ H Acc,10.2443
01/08/2020,Jupiter Strategic AbsRt Bd I £ H Acc,10.2452
01/09/2020,Jupiter Strategic AbsRt Bd I £ H Acc,10.2583
01/10/2020,Jupiter Strategic AbsRt Bd I £ H Acc,10.2574
01/11/2020,Jupiter Strategic AbsRt Bd I £ H Acc,10.2574
01/12/2020,Jupiter Strategic AbsRt Bd I £ H Acc,10.2574
01/13/2020,Jupiter Strategic AbsRt Bd I £ H Acc,10.2631
01/14/2020,Jupiter Strategic AbsRt Bd I £ H Acc,10.2596
01/15/2020,Jupiter Strategic AbsRt Bd I £ H Acc,10.2456
01/16/2020,Jupiter Strategic AbsRt Bd I £ H Acc,10.2461
01/17/2020,Jupiter Strategic AbsRt Bd I £ H Acc,10.2497
01/18/2020,Jupiter Strategic AbsRt Bd I £ H Acc,10.2497
01/19/2020,Jupiter Strategic AbsRt Bd I £ H Acc,10.2497
01/20/2020,Jupiter Strategic AbsRt Bd I £ H Acc,10.2564
01/21/2020,Jupiter Strategic AbsRt Bd I £ H Acc,10.252
01/22/2020,Jupiter Strategic AbsRt Bd I £ H Acc,10.245
01/23/2020,Jupiter Strategic AbsRt Bd I £ H Acc,10.2379
01/24/2020,Jupiter Strategic AbsRt Bd I £ H Acc,10.2393
01/25/2020,Jupiter Strategic AbsRt Bd I £ H Acc,10.2393
01/26/2020,Jupiter Strategic AbsRt Bd I £ H Acc,10.2393
01/27/2020,Jupiter Strategic AbsRt Bd I £ H Acc,10.2196
01/28/2020,Jupiter Strategic AbsRt Bd I £ H Acc,10.2172
01/29/2020,Jupiter Strategic AbsRt Bd I £ H Acc,10.212
01/30/2020,Jupiter Strategic AbsRt Bd I £ H Acc,10.223
01/31/2020,Jupiter Strategic AbsRt Bd I £ H Acc,10.2256
02/01/2020,Jupiter Strategic AbsRt Bd I £ H Acc,10.2256
02/02/2020,Jupiter Strategic AbsRt Bd I £ H Acc,10.2256
02/03/2020,Jupiter Strategic AbsRt Bd I £ H Acc,10.2385
02/04/2020,Jupiter Strategic AbsRt Bd I £ H Acc,10.218
02/05/2020,Jupiter Strategic AbsRt Bd I £ H Acc,10.2108
02/06/2020,Jupiter Strategic AbsRt Bd I £ H Acc,10.2064
02/07/2020,Jupiter Strategic AbsRt Bd I £ H Acc,10.2217
02/08/2020,Jupiter Strategic AbsRt Bd I £ H Acc,10.2217
02/09/2020,Jupiter Strategic AbsRt Bd I £ H Acc,10.2217
02/10/2020,Jupiter Strategic AbsRt Bd I £ H Acc,10.2284
02/11/2020,Jupiter Strategic AbsRt Bd I £ H Acc,10.23
02/12/2020,Jupiter Strategic AbsRt Bd I £ H Acc,10.2219
02/13/2020,Jupiter Strategic AbsRt Bd I £ H Acc,10.2271
02/14/2020,Jupiter Strategic AbsRt Bd I £ H Acc,10.225
02/15/2020,Jupiter Strategic AbsRt Bd I £ H Acc,10.225
02/16/2020,Jupiter Strategic AbsRt Bd I £ H Acc,10.225
02/17/2020,Jupiter Strategic AbsRt Bd I £ H Acc,10.227
02/18/2020,Jupiter Strategic AbsRt Bd I £ H Acc,10.2392
02/19/2020,Jupiter Strategic AbsRt Bd I £ H Acc,10.2317
02/20/2020,Jupiter Strategic AbsRt Bd I £ H Acc,10.2347
02/21/2020,Jupiter Strategic AbsRt Bd I £ H Acc,10.252
02/22/2020,Jupiter Strategic AbsRt Bd I £ H Acc,10.252
02/23/2020,Jupiter Strategic AbsRt Bd I £ H Acc,10.252
02/24/2020,Jupiter Strategic AbsRt Bd I £ H Acc,10.2786
02/25/2020,Jupiter Strategic AbsRt Bd I £ H Acc,10.2888
02/26/2020,Jupiter Strategic AbsRt Bd I £ H Acc,10.297
02/27/2020,Jupiter Strategic AbsRt Bd I £ H Acc,10.3134
02/28/2020,Jupiter Strategic AbsRt Bd I £ H Acc,10.3637
02/29/2020,Jupiter Strategic AbsRt Bd I £ H Acc,10.3637
03/01/2020,Jupiter Strategic AbsRt Bd I £ H Acc,10.3637
03/02/2020,Jupiter Strategic AbsRt Bd I £ H Acc,10.3773
03/03/2020,Jupiter Strategic AbsRt Bd I £ H Acc,10.3753
03/04/2020,Jupiter Strategic AbsRt Bd I £ H Acc,10.3881
03/05/2020,Jupiter Strategic AbsRt Bd I £ H Acc,10.4001
03/06/2020,Jupiter Strategic AbsRt Bd I £ H Acc,10.3752
03/07/2020,Jupiter Strategic AbsRt Bd I £ H Acc,10.3752
03/08/2020,Jupiter Strategic AbsRt Bd I £ H Acc,10.3752
03/09/2020,Jupiter Strategic AbsRt Bd I £ H Acc,10.3324
03/10/2020,Jupiter Strategic AbsRt Bd I £ H Acc,10.3437
03/11/2020,Jupiter Strategic AbsRt Bd I £ H Acc,10.3132
03/12/2020,Jupiter Strategic AbsRt Bd I £ H Acc,10.2236
03/13/2020,Jupiter Strategic AbsRt Bd I £ H Acc,10.1971
03/14/2020,Jupiter Strategic AbsRt Bd I £ H Acc,10.1971
03/15/2020,Jupiter Strategic AbsRt Bd I £ H Acc,10.1971
03/16/2020,Jupiter Strategic AbsRt Bd I £ H Acc,10.1285
03/17/2020,Jupiter Strategic AbsRt Bd I £ H Acc,10.1285
03/18/2020,Jupiter Strategic AbsRt Bd I £ H Acc,10.0096
03/19/2020,Jupiter Strategic AbsRt Bd I £ H Acc,9.9613
03/20/2020,Jupiter Strategic AbsRt Bd I £ H Acc,9.9985
03/21/2020,Jupiter Strategic AbsRt Bd I £ H Acc,9.9985
03/22/2020,Jupiter Strategic AbsRt Bd I £ H Acc,9.9985
03/23/2020,Jupiter Strategic AbsRt Bd I £ H Acc,10.0022
03/24/2020,Jupiter Strategic AbsRt Bd I £ H Acc,10.0328
03/25/2020,Jupiter Strategic AbsRt Bd I £ H Acc,10.0778
03/26/2020,Jupiter Strategic AbsRt Bd I £ H Acc,10.199
03/27/2020,Jupiter Strategic AbsRt Bd I £ H Acc,10.2726
03/28/2020,Jupiter Strategic AbsRt Bd I £ H Acc,10.2726
03/29/2020,Jupiter Strategic AbsRt Bd I £ H Acc,10.2726
03/30/2020,Jupiter Strategic AbsRt Bd I £ H Acc,10.2828
03/31/2020,Jupiter Strategic AbsRt Bd I £ H Acc,10.2724
04/01/2020,Jupiter Strategic AbsRt Bd I £ H Acc,10.2539
04/02/2020,Jupiter Strategic AbsRt Bd I £ H Acc,10.252
04/03/2020,Jupiter Strategic AbsRt Bd I £ H Acc,10.2702
04/04/2020,Jupiter Strategic AbsRt Bd I £ H Acc,10.2702
04/05/2020,Jupiter Strategic AbsRt Bd I £ H Acc,10.2702
04/06/2020,Jupiter Strategic AbsRt Bd I £ H Acc,10.2718
04/07/2020,Jupiter Strategic AbsRt Bd I £ H Acc,10.2967
04/08/2020,Jupiter Strategic AbsRt Bd I £ H Acc,10.3071
04/09/2020,Jupiter Strategic AbsRt Bd I £ H Acc,10.3369
04/10/2020,Jupiter Strategic AbsRt Bd I £ H Acc,10.3369
04/11/2020,Jupiter Strategic AbsRt Bd I £ H Acc,10.3369
04/12/2020,Jupiter Strategic AbsRt Bd I £ H Acc,10.3369
04/13/2020,Jupiter Strategic AbsRt Bd I £ H Acc,10.3369
04/14/2020,Jupiter Strategic AbsRt Bd I £ H Acc,10.3895
04/15/2020,Jupiter Strategic AbsRt Bd I £ H Acc,10.3944
04/16/2020,Jupiter Strategic AbsRt Bd I £ H Acc,10.3784
04/17/2020,Jupiter Strategic AbsRt Bd I £ H Acc,10.3653
04/18/2020,Jupiter Strategic AbsRt Bd I £ H Acc,10.3653
04/19/2020,Jupiter Strategic AbsRt Bd I £ H Acc,10.3653
04/20/2020,Jupiter Strategic AbsRt Bd I £ H Acc,10.3633
04/21/2020,Jupiter Strategic AbsRt Bd I £ H Acc,10.322
04/22/2020,Jupiter Strategic AbsRt Bd I £ H Acc,10.2996
04/23/2020,Jupiter Strategic AbsRt Bd I £ H Acc,10.3244
04/24/2020,Jupiter Strategic AbsRt Bd I £ H Acc,10.3225
04/25/2020,Jupiter Strategic AbsRt Bd I £ H Acc,10.3225
04/26/2020,Jupiter Strategic AbsRt Bd I £ H Acc,10.3225
04/27/2020,Jupiter Strategic AbsRt Bd I £ H Acc,10.3459
04/28/2020,Jupiter Strategic AbsRt Bd I £ H Acc,10.3572
04/29/2020,Jupiter Strategic AbsRt Bd I £ H Acc,10.3632
04/30/2020,Jupiter Strategic AbsRt Bd I £ H Acc,10.4011
05/01/2020,Jupiter Strategic AbsRt Bd I £ H Acc,10.392
05/02/2020,Jupiter Strategic AbsRt Bd I £ H Acc,10.392
05/03/2020,Jupiter Strategic AbsRt Bd I £ H Acc,10.392
05/04/2020,Jupiter Strategic AbsRt Bd I £ H Acc,10.392
05/05/2020,Jupiter Strategic AbsRt Bd I £ H Acc,10.3786
05/06/2020,Jupiter Strategic AbsRt Bd I £ H Acc,10.3964
05/07/2020,Jupiter Strategic AbsRt Bd I £ H Acc,10.3994
05/08/2020,Jupiter Strategic AbsRt Bd I £ H Acc,10.3994
05/09/2020,Jupiter Strategic AbsRt Bd I £ H Acc,10.3994
05/10/2020,Jupiter Strategic AbsRt Bd I £ H Acc,10.3994
05/11/2020,Jupiter Strategic AbsRt Bd I £ H Acc,10.4272
05/12/2020,Jupiter Strategic AbsRt Bd I £ H Acc,10.4374
05/13/2020,Jupiter Strategic AbsRt Bd I £ H Acc,10.439
05/14/2020,Jupiter Strategic AbsRt Bd I £ H Acc,10.4268
05/15/2020,Jupiter Strategic AbsRt Bd I £ H Acc,10.4271
05/16/2020,Jupiter Strategic AbsRt Bd I £ H Acc,10.4271
05/17/2020,Jupiter Strategic AbsRt Bd I £ H Acc,10.4271
05/18/2020,Jupiter Strategic AbsRt Bd I £ H Acc,10.4391
05/19/2020,Jupiter Strategic AbsRt Bd I £ H Acc,10.4751
05/20/2020,Jupiter Strategic AbsRt Bd I £ H Acc,10.4909
05/21/2020,Jupiter Strategic AbsRt Bd I £ H Acc,10.52
05/22/2020,Jupiter Strategic AbsRt Bd I £ H Acc,10.5324
05/23/2020,Jupiter Strategic AbsRt Bd I £ H Acc,10.5324
05/24/2020,Jupiter Strategic AbsRt Bd I £ H Acc,10.5324
05/25/2020,Jupiter Strategic AbsRt Bd I £ H Acc,10.5324
05/26/2020,Jupiter Strategic AbsRt Bd I £ H Acc,10.5595
05/27/2020,Jupiter Strategic AbsRt Bd I £ H Acc,10.5968
05/28/2020,Jupiter Strategic AbsRt Bd I £ H Acc,10.6101
05/29/2020,Jupiter Strategic AbsRt Bd I £ H Acc,10.6451
05/30/2020,Jupiter Strategic AbsRt Bd I £ H Acc,10.6451
05/31/2020,Jupiter Strategic AbsRt Bd I £ H Acc,10.6451
06/01/2020,Jupiter Strategic AbsRt Bd I £ H Acc,10.6451
06/02/2020,Jupiter Strategic AbsRt Bd I £ H Acc,10.6626
06/03/2020,Jupiter Strategic AbsRt Bd I £ H Acc,10.6973
06/04/2020,Jupiter Strategic AbsRt Bd I £ H Acc,10.7226
06/05/2020,Jupiter Strategic AbsRt Bd I £ H Acc,10.7624
06/06/2020,Jupiter Strategic AbsRt Bd I £ H Acc,10.7624
06/07/2020,Jupiter Strategic AbsRt Bd I £ H Acc,10.7624
06/08/2020,Jupiter Strategic AbsRt Bd I £ H Acc,10.7827
06/09/2020,Jupiter Strategic AbsRt Bd I £ H Acc,10.7748
06/10/2020,Jupiter Strategic AbsRt Bd I £ H Acc,10.7686
06/11/2020,Jupiter Strategic AbsRt Bd I £ H Acc,10.761
06/12/2020,Jupiter Strategic AbsRt Bd I £ H Acc,10.7387
06/13/2020,Jupiter Strategic AbsRt Bd I £ H Acc,10.7387
06/14/2020,Jupiter Strategic AbsRt Bd I £ H Acc,10.7387
06/15/2020,Jupiter Strategic AbsRt Bd I £ H Acc,10.7353
06/16/2020,Jupiter Strategic AbsRt Bd I £ H Acc,10.7516
06/17/2020,Jupiter Strategic AbsRt Bd I £ H Acc,10.7508
06/18/2020,Jupiter Strategic AbsRt Bd I £ H Acc,10.7421
06/19/2020,Jupiter Strategic AbsRt Bd I £ H Acc,10.7351
06/20/2020,Jupiter Strategic AbsRt Bd I £ H Acc,10.7351
06/21/2020,Jupiter Strategic AbsRt Bd I £ H Acc,10.7351
06/22/2020,Jupiter Strategic AbsRt Bd I £ H Acc,10.7326
06/23/2020,Jupiter Strategic AbsRt Bd I £ H Acc,10.7486
06/24/2020,Jupiter Strategic AbsRt Bd I £ H Acc,10.757
06/25/2020,Jupiter Strategic AbsRt Bd I £ H Acc,10.7184
06/26/2020,Jupiter Strategic AbsRt Bd I £ H Acc,10.7278
06/27/2020,Jupiter Strategic AbsRt Bd I £ H Acc,10.7278
06/28/2020,Jupiter Strategic AbsRt Bd I £ H Acc,10.7278
06/29/2020,Jupiter Strategic AbsRt Bd I £ H Acc,10.7189
06/30/2020,Jupiter Strategic AbsRt Bd I £ H Acc,10.7181
07/01/2020,Jupiter Strategic AbsRt Bd I £ H Acc,10.733
07/02/2020,Jupiter Strategic AbsRt Bd I £ H Acc,10.7582
07/03/2020,Jupiter Strategic AbsRt Bd I £ H Acc,10.7537
07/04/2020,Jupiter Strategic AbsRt Bd I £ H Acc,10.7537
07/05/2020,Jupiter Strategic AbsRt Bd I £ H Acc,10.7537
07/06/2020,Jupiter Strategic AbsRt Bd I £ H Acc,10.7669
07/07/2020,Jupiter Strategic AbsRt Bd I £ H Acc,10.7347
07/08/2020,Jupiter Strategic AbsRt Bd I £ H Acc,10.7584
07/09/2020,Jupiter Strategic AbsRt Bd I £ H Acc,10.7375
07/10/2020,Jupiter Strategic AbsRt Bd I £ H Acc,10.7559
07/11/2020,Jupiter Strategic AbsRt Bd I £ H Acc,10.7559
07/12/2020,Jupiter Strategic AbsRt Bd I £ H Acc,10.7559
07/13/2020,Jupiter Strategic AbsRt Bd I £ H Acc,10.7705
07/14/2020,Jupiter Strategic AbsRt Bd I £ H Acc,10.7663
07/15/2020,Jupiter Strategic AbsRt Bd I £ H Acc,10.786
07/16/2020,Jupiter Strategic AbsRt Bd I £ H Acc,10.779
07/17/2020,Jupiter Strategic AbsRt Bd I £ H Acc,10.7876
07/18/2020,Jupiter Strategic AbsRt Bd I £ H Acc,10.7876
07/19/2020,Jupiter Strategic AbsRt Bd I £ H Acc,10.7876
07/20/2020,Jupiter Strategic AbsRt Bd I £ H Acc,10.7963
07/21/2020,Jupiter Strategic AbsRt Bd I £ H Acc,10.8165
07/22/2020,Jupiter Strategic AbsRt Bd I £ H Acc,10.8318
07/23/2020,Jupiter Strategic AbsRt Bd I £ H Acc,10.8171
07/24/2020,Jupiter Strategic AbsRt Bd I £ H Acc,10.8469
07/25/2020,Jupiter Strategic AbsRt Bd I £ H Acc,10.8469
07/26/2020,Jupiter Strategic AbsRt Bd I £ H Acc,10.8469
07/27/2020,Jupiter Strategic AbsRt Bd I £ H Acc,10.8611
07/28/2020,Jupiter Strategic AbsRt Bd I £ H Acc,10.8761
07/29/2020,Jupiter Strategic AbsRt Bd I £ H Acc,10.8713
07/30/2020,Jupiter Strategic AbsRt Bd I £ H Acc,10.8564
07/31/2020,Jupiter Strategic AbsRt Bd I £ H Acc,10.8569
08/01/2020,Jupiter Strategic AbsRt Bd I £ H Acc,10.8569
08/02/2020,Jupiter Strategic AbsRt Bd I £ H Acc,10.8569
08/03/2020,Jupiter Strategic AbsRt Bd I £ H Acc,10.8569
08/04/2020,Jupiter Strategic AbsRt Bd I £ H Acc,10.817
08/05/2020,Jupiter Strategic AbsRt Bd I £ H Acc,10.8383
08/06/2020,Jupiter Strategic AbsRt Bd I £ H Acc,10.8727
08/07/2020,Jupiter Strategic AbsRt Bd I £ H Acc,10.886
08/08/2020,Jupiter Strategic AbsRt Bd I £ H Acc,10.886
08/09/2020,Jupiter Strategic AbsRt Bd I £ H Acc,10.886
08/10/2020,Jupiter Strategic AbsRt Bd I £ H Acc,10.8841
08/11/2020,Jupiter Strategic AbsRt Bd I £ H Acc,10.906
08/12/2020,Jupiter Strategic AbsRt Bd I £ H Acc,10.9101
08/13/2020,Jupiter Strategic AbsRt Bd I £ H Acc,10.9146
08/14/2020,Jupiter Strategic AbsRt Bd I £ H Acc,10.9197
08/15/2020,Jupiter Strategic AbsRt Bd I £ H Acc,10.9197
08/16/2020,Jupiter Strategic AbsRt Bd I £ H Acc,10.9197
08/17/2020,Jupiter Strategic AbsRt Bd I £ H Acc,10.9217
08/18/2020,Jupiter Strategic AbsRt Bd I £ H Acc,10.9162
08/19/2020,Jupiter Strategic AbsRt Bd I £ H Acc,10.9115
08/20/2020,Jupiter Strategic AbsRt Bd I £ H Acc,10.9114
08/21/2020,Jupiter Strategic AbsRt Bd I £ H Acc,10.9045
08/22/2020,Jupiter Strategic AbsRt Bd I £ H Acc,10.9045
08/23/2020,Jupiter Strategic AbsRt Bd I £ H Acc,10.9045
08/24/2020,Jupiter Strategic AbsRt Bd I £ H Acc,10.9109
08/25/2020,Jupiter Strategic AbsRt Bd I £ H Acc,10.9225
08/26/2020,Jupiter Strategic AbsRt Bd I £ H Acc,10.9253
08/27/2020,Jupiter Strategic AbsRt Bd I £ H Acc,10.9161
08/28/2020,Jupiter Strategic AbsRt Bd I £ H Acc,10.9334
08/29/2020,Jupiter Strategic AbsRt Bd I £ H Acc,10.9334
08/30/2020,Jupiter Strategic AbsRt Bd I £ H Acc,10.9334
08/31/2020,Jupiter Strategic AbsRt Bd I £ H Acc,10.9334
09/01/2020,Jupiter Strategic AbsRt Bd I £ H Acc,10.9483
09/02/2020,Jupiter Strategic AbsRt Bd I £ H Acc,10.9333
09/03/2020,Jupiter Strategic AbsRt Bd I £ H Acc,10.9255
09/04/2020,Jupiter Strategic AbsRt Bd I £ H Acc,10.9261
09/05/2020,Jupiter Strategic AbsRt Bd I £ H Acc,10.9261
09/06/2020,Jupiter Strategic AbsRt Bd I £ H Acc,10.9261
09/07/2020,Jupiter Strategic AbsRt Bd I £ H Acc,10.9267
09/08/2020,Jupiter Strategic AbsRt Bd I £ H Acc,10.9179
09/09/2020,Jupiter Strategic AbsRt Bd I £ H Acc,10.9169
09/10/2020,Jupiter Strategic AbsRt Bd I £ H Acc,10.9259
09/11/2020,Jupiter Strategic AbsRt Bd I £ H Acc,10.9279
09/12/2020,Jupiter Strategic AbsRt Bd I £ H Acc,10.9279
09/13/2020,Jupiter Strategic AbsRt Bd I £ H Acc,10.9279
09/14/2020,Jupiter Strategic AbsRt Bd I £ H Acc,10.9246
09/15/2020,Jupiter Strategic AbsRt Bd I £ H Acc,10.9358
09/16/2020,Jupiter Strategic AbsRt Bd I £ H Acc,10.9421
09/17/2020,Jupiter Strategic AbsRt Bd I £ H Acc,10.9444
09/18/2020,Jupiter Strategic AbsRt Bd I £ H Acc,10.9476
09/19/2020,Jupiter Strategic AbsRt Bd I £ H Acc,10.9476
09/20/2020,Jupiter Strategic AbsRt Bd I £ H Acc,10.9476
09/21/2020,Jupiter Strategic AbsRt Bd I £ H Acc,10.9358
09/22/2020,Jupiter Strategic AbsRt Bd I £ H Acc,10.9254
09/23/2020,Jupiter Strategic AbsRt Bd I £ H Acc,10.9366
09/24/2020,Jupiter Strategic AbsRt Bd I £ H Acc,10.9217
09/25/2020,Jupiter Strategic AbsRt Bd I £ H Acc,10.9006
09/26/2020,Jupiter Strategic AbsRt Bd I £ H Acc,10.9006
09/27/2020,Jupiter Strategic AbsRt Bd I £ H Acc,10.9006
09/28/2020,Jupiter Strategic AbsRt Bd I £ H Acc,10.894
09/29/2020,Jupiter Strategic AbsRt Bd I £ H Acc,10.8845
09/30/2020,Jupiter Strategic AbsRt Bd I £ H Acc,10.8842
10/01/2020,Jupiter Strategic AbsRt Bd I £ H Acc,10.8925
10/02/2020,Jupiter Strategic AbsRt Bd I £ H Acc,10.8904
10/03/2020,Jupiter Strategic AbsRt Bd I £ H Acc,10.8904
10/04/2020,Jupiter Strategic AbsRt Bd I £ H Acc,10.8904
10/05/2020,Jupiter Strategic AbsRt Bd I £ H Acc,10.8988
10/06/2020,Jupiter Strategic AbsRt Bd I £ H Acc,10.9085
10/07/2020,Jupiter Strategic AbsRt Bd I £ H Acc,10.9128
10/08/2020,Jupiter Strategic AbsRt Bd I £ H Acc,10.915
10/09/2020,Jupiter Strategic AbsRt Bd I £ H Acc,10.9255
10/10/2020,Jupiter Strategic AbsRt Bd I £ H Acc,10.9255
10/11/2020,Jupiter Strategic AbsRt Bd I £ H Acc,10.9255
10/12/2020,Jupiter Strategic AbsRt Bd I £ H Acc,10.936
10/13/2020,Jupiter Strategic AbsRt Bd I £ H Acc,10.9412
10/14/2020,Jupiter Strategic AbsRt Bd I £ H Acc,10.9296
10/15/2020,Jupiter Strategic AbsRt Bd I £ H Acc,10.9169
10/16/2020,Jupiter Strategic AbsRt Bd I £ H Acc,10.915
10/17/2020,Jupiter Strategic AbsRt Bd I £ H Acc,10.915
10/18/2020,Jupiter Strategic AbsRt Bd I £ H Acc,10.915
10/19/2020,Jupiter Strategic AbsRt Bd I £ H Acc,10.9284
10/20/2020,Jupiter Strategic AbsRt Bd I £ H Acc,10.9208
10/21/2020,Jupiter Strategic AbsRt Bd I £ H Acc,10.9317
10/22/2020,Jupiter Strategic AbsRt Bd I £ H Acc,10.9306
10/23/2020,Jupiter Strategic AbsRt Bd I £ H Acc,10.9441
10/24/2020,Jupiter Strategic AbsRt Bd I £ H Acc,10.9441
10/25/2020,Jupiter Strategic AbsRt Bd I £ H Acc,10.9441
10/26/2020,Jupiter Strategic AbsRt Bd I £ H Acc,10.9441
10/27/2020,Jupiter Strategic AbsRt Bd I £ H Acc,10.9417
10/28/2020,Jupiter Strategic AbsRt Bd I £ H Acc,10.9165
10/29/2020,Jupiter Strategic AbsRt Bd I £ H Acc,10.9016
10/30/2020,Jupiter Strategic AbsRt Bd I £ H Acc,10.9043
10/31/2020,Jupiter Strategic AbsRt Bd I £ H Acc,10.9043
11/01/2020,Jupiter Strategic AbsRt Bd I £ H Acc,10.9043
11/02/2020,Jupiter Strategic AbsRt Bd I £ H Acc,10.896
11/03/2020,Jupiter Strategic AbsRt Bd I £ H Acc,10.9069
11/04/2020,Jupiter Strategic AbsRt Bd I £ H Acc,10.9111
11/05/2020,Jupiter Strategic AbsRt Bd I £ H Acc,10.9472
11/06/2020,Jupiter Strategic AbsRt Bd I £ H Acc,10.9795
11/07/2020,Jupiter Strategic AbsRt Bd I £ H Acc,10.9795
11/08/2020,Jupiter Strategic AbsRt Bd I £ H Acc,10.9795
11/09/2020,Jupiter Strategic AbsRt Bd I £ H Acc,11.0102
11/10/2020,Jupiter Strategic AbsRt Bd I £ H Acc,11.0328
11/11/2020,Jupiter Strategic AbsRt Bd I £ H Acc,11.0319
11/12/2020,Jupiter Strategic AbsRt Bd I £ H Acc,11.0237
11/13/2020,Jupiter Strategic AbsRt Bd I £ H Acc,11.0127
11/14/2020,Jupiter Strategic AbsRt Bd I £ H Acc,11.0127
11/15/2020,Jupiter Strategic AbsRt Bd I £ H Acc,11.0127
11/16/2020,Jupiter Strategic AbsRt Bd I £ H Acc,11.0298
11/17/2020,Jupiter Strategic AbsRt Bd I £ H Acc,11.0308
11/18/2020,Jupiter Strategic AbsRt Bd I £ H Acc,11.032
11/19/2020,Jupiter Strategic AbsRt Bd I £ H Acc,11.0225
11/20/2020,Jupiter Strategic AbsRt Bd I £ H Acc,11.0326
11/21/2020,Jupiter Strategic AbsRt Bd I £ H Acc,11.0326
11/22/2020,Jupiter Strategic AbsRt Bd I £ H Acc,11.0326
11/23/2020,Jupiter Strategic AbsRt Bd I £ H Acc,11.0392
11/24/2020,Jupiter Strategic AbsRt Bd I £ H Acc,11.0422
11/25/2020,Jupiter Strategic AbsRt Bd I £ H Acc,11.0541
11/26/2020,Jupiter Strategic AbsRt Bd I £ H Acc,11.0567
11/27/2020,Jupiter Strategic AbsRt Bd I £ H Acc,11.0562
11/28/2020,Jupiter Strategic AbsRt Bd I £ H Acc,11.0562
11/29/2020,Jupiter Strategic AbsRt Bd I £ H Acc,11.0562
11/30/2020,Jupiter Strategic AbsRt Bd I £ H Acc,11.0591
12/01/2020,Jupiter Strategic AbsRt Bd I £ H Acc,11.0604
12/02/2020,Jupiter Strategic AbsRt Bd I £ H Acc,11.0758
12/03/2020,Jupiter Strategic AbsRt Bd I £ H Acc,11.0821
12/04/2020,Jupiter Strategic AbsRt Bd I £ H Acc,11.097
12/05/2020,Jupiter Strategic AbsRt Bd I £ H Acc,11.097
12/06/2020,Jupiter Strategic AbsRt Bd I £ H Acc,11.097
12/07/2020,Jupiter Strategic AbsRt Bd I £ H Acc,11.0968
12/08/2020,Jupiter Strategic AbsRt Bd I £ H Acc,11.1037
12/09/2020,Jupiter Strategic AbsRt Bd I £ H Acc,11.1062
12/10/2020,Jupiter Strategic AbsRt Bd I £ H Acc,11.0988
12/11/2020,Jupiter Strategic AbsRt Bd I £ H Acc,11.0953
12/12/2020,Jupiter Strategic AbsRt Bd I £ H Acc,11.0953
12/13/2020,Jupiter Strategic AbsRt Bd I £ H Acc,11.0953
12/14/2020,Jupiter Strategic AbsRt Bd I £ H Acc,11.1007
12/15/2020,Jupiter Strategic AbsRt Bd I £ H Acc,11.0974
12/16/2020,Jupiter Strategic AbsRt Bd I £ H Acc,11.1142
12/17/2020,Jupiter Strategic AbsRt Bd I £ H Acc,11.1507
12/18/2020,Jupiter Strategic AbsRt Bd I £ H Acc,11.1281
12/19/2020,Jupiter Strategic AbsRt Bd I £ H Acc,11.1281
12/20/2020,Jupiter Strategic AbsRt Bd I £ H Acc,11.1281
12/21/2020,Jupiter Strategic AbsRt Bd I £ H Acc,11.0989
12/22/2020,Jupiter Strategic AbsRt Bd I £ H Acc,11.1056
12/23/2020,Jupiter Strategic AbsRt Bd I £ H Acc,11.1105
12/24/2020,Jupiter Strategic AbsRt Bd I £ H Acc,11.1191
12/25/2020,Jupiter Strategic AbsRt Bd I £ H Acc,11.1191
12/26/2020,Jupiter Strategic AbsRt Bd I £ H Acc,11.1191
12/27/2020,Jupiter Strategic AbsRt Bd I £ H Acc,11.1191
12/28/2020,Jupiter Strategic AbsRt Bd I £ H Acc,11.1191
12/29/2020,Jupiter Strategic AbsRt Bd I £ H Acc,11.1191
12/30/2020,Jupiter Strategic AbsRt Bd I £ H Acc,11.1254
12/31/2020,Jupiter Strategic AbsRt Bd I £ H Acc,11.12
01/01/2021,Jupiter Strategic AbsRt Bd I £ H Acc,11.12
01/02/2021,Jupiter Strategic AbsRt Bd I £ H Acc,11.12
01/03/2021,Jupiter Strategic AbsRt Bd I £ H Acc,11.12
01/04/2021,Jupiter Strategic AbsRt Bd I £ H Acc,11.1331
01/05/2021,Jupiter Strategic AbsRt Bd I £ H Acc,11.1276
01/06/2021,Jupiter Strategic AbsRt Bd I £ H Acc,11.1502
01/07/2021,Jupiter Strategic AbsRt Bd I £ H Acc,11.1426
01/08/2021,Jupiter Strategic AbsRt Bd I £ H Acc,11.1466
01/09/2021,Jupiter Strategic AbsRt Bd I £ H Acc,11.1466
01/10/2021,Jupiter Strategic AbsRt Bd I £ H Acc,11.1466
01/11/2021,Jupiter Strategic AbsRt Bd I £ H Acc,11.1324
01/12/2021,Jupiter Strategic AbsRt Bd I £ H Acc,11.1494
01/13/2021,Jupiter Strategic AbsRt Bd I £ H Acc,11.1516
01/14/2021,Jupiter Strategic AbsRt Bd I £ H Acc,11.1459
01/15/2021,Jupiter Strategic AbsRt Bd I £ H Acc,11.1422
01/16/2021,Jupiter Strategic AbsRt Bd I £ H Acc,11.1422
01/17/2021,Jupiter Strategic AbsRt Bd I £ H Acc,11.1422
01/18/2021,Jupiter Strategic AbsRt Bd I £ H Acc,11.1418
01/19/2021,Jupiter Strategic AbsRt Bd I £ H Acc,11.151
01/20/2021,Jupiter Strategic AbsRt Bd I £ H Acc,11.1537
01/21/2021,Jupiter Strategic AbsRt Bd I £ H Acc,11.1567
01/22/2021,Jupiter Strategic AbsRt Bd I £ H Acc,11.1634
01/23/2021,Jupiter Strategic AbsRt Bd I £ H Acc,11.1634
01/24/2021,Jupiter Strategic AbsRt Bd I £ H Acc,11.1634
01/25/2021,Jupiter Strategic AbsRt Bd I £ H Acc,11.1466
01/26/2021,Jupiter Strategic AbsRt Bd I £ H Acc,11.1418
01/27/2021,Jupiter Strategic AbsRt Bd I £ H Acc,11.1461
01/28/2021,Jupiter Strategic AbsRt Bd I £ H Acc,11.148
01/29/2021,Jupiter Strategic AbsRt Bd I £ H Acc,11.1585
01/30/2021,Jupiter Strategic AbsRt Bd I £ H Acc,11.1585
01/31/2021,Jupiter Strategic AbsRt Bd I £ H Acc,11.1585
02/01/2021,Jupiter Strategic AbsRt Bd I £ H Acc,11.1576
02/02/2021,Jupiter Strategic AbsRt Bd I £ H Acc,11.1724
02/03/2021,Jupiter Strategic AbsRt Bd I £ H Acc,11.1789
02/04/2021,Jupiter Strategic AbsRt Bd I £ H Acc,11.1843
02/05/2021,Jupiter Strategic AbsRt Bd I £ H Acc,11.1962
02/06/2021,Jupiter Strategic AbsRt Bd I £ H Acc,11.1962
02/07/2021,Jupiter Strategic AbsRt Bd I £ H Acc,11.1962
02/08/2021,Jupiter Strategic AbsRt Bd I £ H Acc,11.2079
02/09/2021,Jupiter Strategic AbsRt Bd I £ H Acc,11.2015
02/10/2021,Jupiter Strategic AbsRt Bd I £ H Acc,11.2042
02/11/2021,Jupiter Strategic AbsRt Bd I £ H Acc,11.1957
02/12/2021,Jupiter Strategic AbsRt Bd I £ H Acc,11.198
02/13/2021,Jupiter Strategic AbsRt Bd I £ H Acc,11.198
02/14/2021,Jupiter Strategic AbsRt Bd I £ H Acc,11.198
02/15/2021,Jupiter Strategic AbsRt Bd I £ H Acc,11.2287
02/16/2021,Jupiter Strategic AbsRt Bd I £ H Acc,11.2374
02/17/2021,Jupiter Strategic AbsRt Bd I £ H Acc,11.2258
02/18/2021,Jupiter Strategic AbsRt Bd I £ H Acc,11.2225
02/19/2021,Jupiter Strategic AbsRt Bd I £ H Acc,11.2165
02/20/2021,Jupiter Strategic AbsRt Bd I £ H Acc,11.2165
02/21/2021,Jupiter Strategic AbsRt Bd I £ H Acc,11.2165
02/22/2021,Jupiter Strategic AbsRt Bd I £ H Acc,11.2214
02/23/2021,Jupiter Strategic AbsRt Bd I £ H Acc,11.2246
02/24/2021,Jupiter Strategic AbsRt Bd I £ H Acc,11.2434
02/25/2021,Jupiter Strategic AbsRt Bd I £ H Acc,11.2653
02/26/2021,Jupiter Strategic AbsRt Bd I £ H Acc,11.2373
02/27/2021,Jupiter Strategic AbsRt Bd I £ H Acc,11.2373
02/28/2021,Jupiter Strategic AbsRt Bd I £ H Acc,11.2373
03/01/2021,Jupiter Strategic AbsRt Bd I £ H Acc,11.2323
03/02/2021,Jupiter Strategic AbsRt Bd I £ H Acc,11.2252
03/03/2021,Jupiter Strategic AbsRt Bd I £ H Acc,11.2317
03/04/2021,Jupiter Strategic AbsRt Bd I £ H Acc,11.2354
03/05/2021,Jupiter Strategic AbsRt Bd I £ H Acc,11.24
03/06/2021,Jupiter Strategic AbsRt Bd I £ H Acc,11.24
03/07/2021,Jupiter Strategic AbsRt Bd I £ H Acc,11.24
03/08/2021,Jupiter Strategic AbsRt Bd I £ H Acc,11.2402
03/09/2021,Jupiter Strategic AbsRt Bd I £ H Acc,11.2292
03/10/2021,Jupiter Strategic AbsRt Bd I £ H Acc,11.2308
03/11/2021,Jupiter Strategic AbsRt Bd I £ H Acc,11.2297
03/12/2021,Jupiter Strategic AbsRt Bd I £ H Acc,11.2354
03/13/2021,Jupiter Strategic AbsRt Bd I £ H Acc,11.2354
03/14/2021,Jupiter Strategic AbsRt Bd I £ H Acc,11.2354
03/15/2021,Jupiter Strategic AbsRt Bd I £ H Acc,11.2366
03/16/2021,Jupiter Strategic AbsRt Bd I £ H Acc,11.2306
03/17/2021,Jupiter Strategic AbsRt Bd I £ H Acc,11.2306
03/18/2021,Jupiter Strategic AbsRt Bd I £ H Acc,11.2522
03/19/2021,Jupiter Strategic AbsRt Bd I £ H Acc,11.2335
03/20/2021,Jupiter Strategic AbsRt Bd I £ H Acc,11.2335
03/21/2021,Jupiter Strategic AbsRt Bd I £ H Acc,11.2335
03/22/2021,Jupiter Strategic AbsRt Bd I £ H Acc,11.2289
03/23/2021,Jupiter Strategic AbsRt Bd I £ H Acc,11.2119
03/24/2021,Jupiter Strategic AbsRt Bd I £ H Acc,11.217
03/25/2021,Jupiter Strategic AbsRt Bd I £ H Acc,11.2172
03/26/2021,Jupiter Strategic AbsRt Bd I £ H Acc,11.2109
03/27/2021,Jupiter Strategic AbsRt Bd I £ H Acc,11.2109
03/28/2021,Jupiter Strategic AbsRt Bd I £ H Acc,11.2109
03/29/2021,Jupiter Strategic AbsRt Bd I £ H Acc,11.2065
03/30/2021,Jupiter Strategic AbsRt Bd I £ H Acc,11.2162
03/31/2021,Jupiter Strategic AbsRt Bd I £ H Acc,11.2077
04/01/2021,Jupiter Strategic AbsRt Bd I £ H Acc,11.2017
04/02/2021,Jupiter Strategic AbsRt Bd I £ H Acc,11.2017
04/03/2021,Jupiter Strategic AbsRt Bd I £ H Acc,11.2017
04/04/2021,Jupiter Strategic AbsRt Bd I £ H Acc,11.2017
04/05/2021,Jupiter Strategic AbsRt Bd I £ H Acc,11.2017
04/06/2021,Jupiter Strategic AbsRt Bd I £ H Acc,11.1992
04/07/2021,Jupiter Strategic AbsRt Bd I £ H Acc,11.1993
04/08/2021,Jupiter Strategic AbsRt Bd I £ H Acc,11.2077
04/09/2021,Jupiter Strategic AbsRt Bd I £ H Acc,11.2113
04/10/2021,Jupiter Strategic AbsRt Bd I £ H Acc,11.2113
04/11/2021,Jupiter Strategic AbsRt Bd I £ H Acc,11.2113
04/12/2021,Jupiter Strategic AbsRt Bd I £ H Acc,11.2079
04/13/2021,Jupiter Strategic AbsRt Bd I £ H Acc,11.2011
04/14/2021,Jupiter Strategic AbsRt Bd I £ H Acc,11.2077
04/15/2021,Jupiter Strategic AbsRt Bd I £ H Acc,11.2078
04/16/2021,Jupiter Strategic AbsRt Bd I £ H Acc,11.2128
04/17/2021,Jupiter Strategic AbsRt Bd I £ H Acc,11.2128
04/18/2021,Jupiter Strategic AbsRt Bd I £ H Acc,11.2128
04/19/2021,Jupiter Strategic AbsRt Bd I £ H Acc,11.2295
04/20/2021,Jupiter Strategic AbsRt Bd I £ H Acc,11.2269
04/21/2021,Jupiter Strategic AbsRt Bd I £ H Acc,11.224
04/22/2021,Jupiter Strategic AbsRt Bd I £ H Acc,11.2202
04/23/2021,Jupiter Strategic AbsRt Bd I £ H Acc,11.2162
04/24/2021,Jupiter Strategic AbsRt Bd I £ H Acc,11.2162
04/25/2021,Jupiter Strategic AbsRt Bd I £ H Acc,11.2162
04/26/2021,Jupiter Strategic AbsRt Bd I £ H Acc,11.2237
04/27/2021,Jupiter Strategic AbsRt Bd I £ H Acc,11.2201
04/28/2021,Jupiter Strategic AbsRt Bd I £ H Acc,11.2182
04/29/2021,Jupiter Strategic AbsRt Bd I £ H Acc,11.2303
04/30/2021,Jupiter Strategic AbsRt Bd I £ H Acc,11.2223
05/01/2021,Jupiter Strategic AbsRt Bd I £ H Acc,11.2223
05/02/2021,Jupiter Strategic AbsRt Bd I £ H Acc,11.2223
05/03/2021,Jupiter Strategic AbsRt Bd I £ H Acc,11.2223
05/04/2021,Jupiter Strategic AbsRt Bd I £ H Acc,11.2204
05/05/2021,Jupiter Strategic AbsRt Bd I £ H Acc,11.2156
05/06/2021,Jupiter Strategic AbsRt Bd I £ H Acc,11.2172
05/07/2021,Jupiter Strategic AbsRt Bd I £ H Acc,11.2279
05/08/2021,Jupiter Strategic AbsRt Bd I £ H Acc,11.2279
05/09/2021,Jupiter Strategic AbsRt Bd I £ H Acc,11.2279
05/10/2021,Jupiter Strategic AbsRt Bd I £ H Acc,11.2603
05/11/2021,Jupiter Strategic AbsRt Bd I £ H Acc,11.2952
05/12/2021,Jupiter Strategic AbsRt Bd I £ H Acc,11.2889
05/13/2021,Jupiter Strategic AbsRt Bd I £ H Acc,11.2666
05/14/2021,Jupiter Strategic AbsRt Bd I £ H Acc,11.2649
05/15/2021,Jupiter Strategic AbsRt Bd I £ H Acc,11.2649
05/16/2021,Jupiter Strategic AbsRt Bd I £ H Acc,11.2649
05/17/2021,Jupiter Strategic AbsRt Bd I £ H Acc,11.2653
05/18/2021,Jupiter Strategic AbsRt Bd I £ H Acc,11.2809
05/19/2021,Jupiter Strategic AbsRt Bd I £ H Acc,11.284
05/20/2021,Jupiter Strategic AbsRt Bd I £ H Acc,11.267
05/21/2021,Jupiter Strategic AbsRt Bd I £ H Acc,11.2844
05/22/2021,Jupiter Strategic AbsRt Bd I £ H Acc,11.2844
05/23/2021,Jupiter Strategic AbsRt Bd I £ H Acc,11.2844
05/24/2021,Jupiter Strategic AbsRt Bd I £ H Acc,11.2705
05/25/2021,Jupiter Strategic AbsRt Bd I £ H Acc,11.2805
05/26/2021,Jupiter Strategic AbsRt Bd I £ H Acc,11.2968
05/27/2021,Jupiter Strategic AbsRt Bd I £ H Acc,11.3057
05/28/2021,Jupiter Strategic AbsRt Bd I £ H Acc,11.2887
05/29/2021,Jupiter Strategic AbsRt Bd I £ H Acc,11.2887
05/30/2021,Jupiter Strategic AbsRt Bd I £ H Acc,11.2887
05/31/2021,Jupiter Strategic AbsRt Bd I £ H Acc,11.2887
06/01/2021,Jupiter Strategic AbsRt Bd I £ H Acc,11.3013
06/02/2021,Jupiter Strategic AbsRt Bd I £ H Acc,11.306
06/03/2021,Jupiter Strategic AbsRt Bd I £ H Acc,11.3146
06/04/2021,Jupiter Strategic AbsRt Bd I £ H Acc,11.3046
06/05/2021,Jupiter Strategic AbsRt Bd I £ H Acc,11.3046
06/06/2021,Jupiter Strategic AbsRt Bd I £ H Acc,11.3046
06/07/2021,Jupiter Strategic AbsRt Bd I £ H Acc,11.3046
06/08/2021,Jupiter Strategic AbsRt Bd I £ H Acc,11.3164
06/09/2021,Jupiter Strategic AbsRt Bd I £ H Acc,11.3254
06/10/2021,Jupiter Strategic AbsRt Bd I £ H Acc,11.319
06/11/2021,Jupiter Strategic AbsRt Bd I £ H Acc,11.3249
06/12/2021,Jupiter Strategic AbsRt Bd I £ H Acc,11.3249
06/13/2021,Jupiter Strategic AbsRt Bd I £ H Acc,11.3249
06/14/2021,Jupiter Strategic AbsRt Bd I £ H Acc,11.3083
06/15/2021,Jupiter Strategic AbsRt Bd I £ H Acc,11.3026
06/16/2021,Jupiter Strategic AbsRt Bd I £ H Acc,11.2997
06/17/2021,Jupiter Strategic AbsRt Bd I £ H Acc,11.2515
06/18/2021,Jupiter Strategic AbsRt Bd I £ H Acc,11.2352
06/19/2021,Jupiter Strategic AbsRt Bd I £ H Acc,11.2352
06/20/2021,Jupiter Strategic AbsRt Bd I £ H Acc,11.2352
06/21/2021,Jupiter Strategic AbsRt Bd I £ H Acc,11.2144
06/22/2021,Jupiter Strategic AbsRt Bd I £ H Acc,11.2003
06/23/2021,Jupiter Strategic AbsRt Bd I £ H Acc,11.2014
06/24/2021,Jupiter Strategic AbsRt Bd I £ H Acc,11.2079
06/25/2021,Jupiter Strategic AbsRt Bd I £ H Acc,11.21
06/26/2021,Jupiter Strategic AbsRt Bd I £ H Acc,11.21
06/27/2021,Jupiter Strategic AbsRt Bd I £ H Acc,11.21
06/28/2021,Jupiter Strategic AbsRt Bd I £ H Acc,11.207
06/29/2021,Jupiter Strategic AbsRt Bd I £ H Acc,11.2062
06/30/2021,Jupiter Strategic AbsRt Bd I £ H Acc,11.207
07/01/2021,Jupiter Strategic AbsRt Bd I £ H Acc,11.2097
07/02/2021,Jupiter Strategic AbsRt Bd I £ H Acc,11.2131
07/03/2021,Jupiter Strategic AbsRt Bd I £ H Acc,11.2131
07/04/2021,Jupiter Strategic AbsRt Bd I £ H Acc,11.2131
07/05/2021,Jupiter Strategic AbsRt Bd I £ H Acc,11.2064
07/06/2021,Jupiter Strategic AbsRt Bd I £ H Acc,11.2111
07/07/2021,Jupiter Strategic AbsRt Bd I £ H Acc,11.2243
07/08/2021,Jupiter Strategic AbsRt Bd I £ H Acc,11.2499
07/09/2021,Jupiter Strategic AbsRt Bd I £ H Acc,11.2341
07/10/2021,Jupiter Strategic AbsRt Bd I £ H Acc,11.2341
07/11/2021,Jupiter Strategic AbsRt Bd I £ H Acc,11.2341
07/12/2021,Jupiter Strategic AbsRt Bd I £ H Acc,11.2359
07/13/2021,Jupiter Strategic AbsRt Bd I £ H Acc,11.2312
07/14/2021,Jupiter Strategic AbsRt Bd I £ H Acc,11.2274
07/15/2021,Jupiter Strategic AbsRt Bd I £ H Acc,11.2281
07/16/2021,Jupiter Strategic AbsRt Bd I £ H Acc,11.2328
07/17/2021,Jupiter Strategic AbsRt Bd I £ H Acc,11.2328
07/18/2021,Jupiter Strategic AbsRt Bd I £ H Acc,11.2328
07/19/2021,Jupiter Strategic AbsRt Bd I £ H Acc,11.244
07/20/2021,Jupiter Strategic AbsRt Bd I £ H Acc,11.2641
07/21/2021,Jupiter Strategic AbsRt Bd I £ H Acc,11.2513
07/22/2021,Jupiter Strategic AbsRt Bd I £ H Acc,11.2449
07/23/2021,Jupiter Strategic AbsRt Bd I £ H Acc,11.2437
07/24/2021,Jupiter Strategic AbsRt Bd I £ H Acc,11.2437
07/25/2021,Jupiter Strategic AbsRt Bd I £ H Acc,11.2437
07/26/2021,Jupiter Strategic AbsRt Bd I £ H Acc,11.2477
07/27/2021,Jupiter Strategic AbsRt Bd I £ H Acc,11.2429
07/28/2021,Jupiter Strategic AbsRt Bd I £ H Acc,11.2472
07/29/2021,Jupiter Strategic AbsRt Bd I £ H Acc,11.2467
07/30/2021,Jupiter Strategic AbsRt Bd I £ H Acc,11.2417
07/31/2021,Jupiter Strategic AbsRt Bd I £ H Acc,11.2417
08/01/2021,Jupiter Strategic AbsRt Bd I £ H Acc,11.2417
08/02/2021,Jupiter Strategic AbsRt Bd I £ H Acc,11.2417
08/03/2021,Jupiter Strategic AbsRt Bd I £ H Acc,11.2384
08/04/2021,Jupiter Strategic AbsRt Bd I £ H Acc,11.2363
08/05/2021,Jupiter Strategic AbsRt Bd I £ H Acc,11.2369
08/06/2021,Jupiter Strategic AbsRt Bd I £ H Acc,11.2373
08/07/2021,Jupiter Strategic AbsRt Bd I £ H Acc,11.2373
08/08/2021,Jupiter Strategic AbsRt Bd I £ H Acc,11.2373
08/09/2021,Jupiter Strategic AbsRt Bd I £ H Acc,11.2279
08/10/2021,Jupiter Strategic AbsRt Bd I £ H Acc,11.2326
08/11/2021,Jupiter Strategic AbsRt Bd I £ H Acc,11.2357
08/12/2021,Jupiter Strategic AbsRt Bd I £ H Acc,11.2312
08/13/2021,Jupiter Strategic AbsRt Bd I £ H Acc,11.231
08/14/2021,Jupiter Strategic AbsRt Bd I £ H Acc,11.231
08/15/2021,Jupiter Strategic AbsRt Bd I £ H Acc,11.231
08/16/2021,Jupiter Strategic AbsRt Bd I £ H Acc,11.2215
08/17/2021,Jupiter Strategic AbsRt Bd I £ H Acc,11.2203
08/18/2021,Jupiter Strategic AbsRt Bd I £ H Acc,11.2234
08/19/2021,Jupiter Strategic AbsRt Bd I £ H Acc,11.2161
08/20/2021,Jupiter Strategic AbsRt Bd I £ H Acc,11.219
08/21/2021,Jupiter Strategic AbsRt Bd I £ H Acc,11.219
08/22/2021,Jupiter Strategic AbsRt Bd I £ H Acc,11.219
08/23/2021,Jupiter Strategic AbsRt Bd I £ H Acc,11.2151
08/24/2021,Jupiter Strategic AbsRt Bd I £ H Acc,11.2101
08/25/2021,Jupiter Strategic AbsRt Bd I £ H Acc,11.2048
08/26/2021,Jupiter Strategic AbsRt Bd I £ H Acc,11.1906
08/27/2021,Jupiter Strategic AbsRt Bd I £ H Acc,11.1918
08/28/2021,Jupiter Strategic AbsRt Bd I £ H Acc,11.1918
08/29/2021,Jupiter Strategic AbsRt Bd I £ H Acc,11.1918
08/30/2021,Jupiter Strategic AbsRt Bd I £ H Acc,11.1918
08/31/2021,Jupiter Strategic AbsRt Bd I £ H Acc,11.1792
09/01/2021,Jupiter Strategic AbsRt Bd I £ H Acc,11.1776
09/02/2021,Jupiter Strategic AbsRt Bd I £ H Acc,11.1735
09/03/2021,Jupiter Strategic AbsRt Bd I £ H Acc,11.1773
09/04/2021,Jupiter Strategic AbsRt Bd I £ H Acc,11.1773
09/05/2021,Jupiter Strategic AbsRt Bd I £ H Acc,11.1773
09/06/2021,Jupiter Strategic AbsRt Bd I £ H Acc,11.1818
09/07/2021,Jupiter Strategic AbsRt Bd I £ H Acc,11.1824
09/08/2021,Jupiter Strategic AbsRt Bd I £ H Acc,11.1701
09/09/2021,Jupiter Strategic AbsRt Bd I £ H Acc,11.1694
09/10/2021,Jupiter Strategic AbsRt Bd I £ H Acc,11.174
09/11/2021,Jupiter Strategic AbsRt Bd I £ H Acc,11.174
09/12/2021,Jupiter Strategic AbsRt Bd I £ H Acc,11.174
09/13/2021,Jupiter Strategic AbsRt Bd I £ H Acc,11.1716
09/14/2021,Jupiter Strategic AbsRt Bd I £ H Acc,11.1787
09/15/2021,Jupiter Strategic AbsRt Bd I £ H Acc,11.1638
09/16/2021,Jupiter Strategic AbsRt Bd I £ H Acc,11.1678
09/17/2021,Jupiter Strategic AbsRt Bd I £ H Acc,11.1672
09/18/2021,Jupiter Strategic AbsRt Bd I £ H Acc,11.1672
09/19/2021,Jupiter Strategic AbsRt Bd I £ H Acc,11.1672
09/20/2021,Jupiter Strategic AbsRt Bd I £ H Acc,11.1563
09/21/2021,Jupiter Strategic AbsRt Bd I £ H Acc,11.1573
09/22/2021,Jupiter Strategic AbsRt Bd I £ H Acc,11.1549
09/23/2021,Jupiter Strategic AbsRt Bd I £ H Acc,11.1534
09/24/2021,Jupiter Strategic AbsRt Bd I £ H Acc,11.1558
09/25/2021,Jupiter Strategic AbsRt Bd I £ H Acc,11.1558
09/26/2021,Jupiter Strategic AbsRt Bd I £ H Acc,11.1558
09/27/2021,Jupiter Strategic AbsRt Bd I £ H Acc,11.1773
09/28/2021,Jupiter Strategic AbsRt Bd I £ H Acc,11.1821
09/29/2021,Jupiter Strategic AbsRt Bd I £ H Acc,11.1594
09/30/2021,Jupiter Strategic AbsRt Bd I £ H Acc,11.1642
10/01/2021,Jupiter Strategic AbsRt Bd I £ H Acc,11.1586
10/02/2021,Jupiter Strategic AbsRt Bd I £ H Acc,11.1586
10/03/2021,Jupiter Strategic AbsRt Bd I £ H Acc,11.1586
10/04/2021,Jupiter Strategic AbsRt Bd I £ H Acc,11.1769
10/05/2021,Jupiter Strategic AbsRt Bd I £ H Acc,11.1683
10/06/2021,Jupiter Strategic AbsRt Bd I £ H Acc,11.1787
10/07/2021,Jupiter Strategic AbsRt Bd I £ H Acc,11.178
10/08/2021,Jupiter Strategic AbsRt Bd I £ H Acc,11.1994
10/09/2021,Jupiter Strategic AbsRt Bd I £ H Acc,11.1994
10/10/2021,Jupiter Strategic AbsRt Bd I £ H Acc,11.1994
10/11/2021,Jupiter Strategic AbsRt Bd I £ H Acc,11.223
10/12/2021,Jupiter Strategic AbsRt Bd I £ H Acc,11.212
10/13/2021,Jupiter Strategic AbsRt Bd I £ H Acc,11.1983
10/14/2021,Jupiter Strategic AbsRt Bd I £ H Acc,11.1893
10/15/2021,Jupiter Strategic AbsRt Bd I £ H Acc,11.2047
10/16/2021,Jupiter Strategic AbsRt Bd I £ H Acc,11.2047
10/17/2021,Jupiter Strategic AbsRt Bd I £ H Acc,11.2047
10/18/2021,Jupiter Strategic AbsRt Bd I £ H Acc,11.2121
10/19/2021,Jupiter Strategic AbsRt Bd I £ H Acc,11.2062
10/20/2021,Jupiter Strategic AbsRt Bd I £ H Acc,11.2153
10/21/2021,Jupiter Strategic AbsRt Bd I £ H Acc,11.2166
10/22/2021,Jupiter Strategic AbsRt Bd I £ H Acc,11.2169
10/23/2021,Jupiter Strategic AbsRt Bd I £ H Acc,11.2169
10/24/2021,Jupiter Strategic AbsRt Bd I £ H Acc,11.2169
10/25/2021,Jupiter Strategic AbsRt Bd I £ H Acc,11.2169
10/26/2021,Jupiter Strategic AbsRt Bd I £ H Acc,11.2071
10/27/2021,Jupiter Strategic AbsRt Bd I £ H Acc,11.1975
10/28/2021,Jupiter Strategic AbsRt Bd I £ H Acc,11.2203
10/29/2021,Jupiter Strategic AbsRt Bd I £ H Acc,11.1981
10/30/2021,Jupiter Strategic AbsRt Bd I £ H Acc,11.1981
10/31/2021,Jupiter Strategic AbsRt Bd I £ H Acc,11.1981
11/01/2021,Jupiter Strategic AbsRt Bd I £ H Acc,11.2029
11/02/2021,Jupiter Strategic AbsRt Bd I £ H Acc,11.177
11/03/2021,Jupiter Strategic AbsRt Bd I £ H Acc,11.1724
11/04/2021,Jupiter Strategic AbsRt Bd I £ H Acc,11.1748
11/05/2021,Jupiter Strategic AbsRt Bd I £ H Acc,11.1733
11/06/2021,Jupiter Strategic AbsRt Bd I £ H Acc,11.1733
11/07/2021,Jupiter Strategic AbsRt Bd I £ H Acc,11.1733
11/08/2021,Jupiter Strategic AbsRt Bd I £ H Acc,11.1841
11/09/2021,Jupiter Strategic AbsRt Bd I £ H Acc,11.1884
11/10/2021,Jupiter Strategic AbsRt Bd I £ H Acc,11.1887
11/11/2021,Jupiter Strategic AbsRt Bd I £ H Acc,11.1837
11/12/2021,Jupiter Strategic AbsRt Bd I £ H Acc,11.1936
11/13/2021,Jupiter Strategic AbsRt Bd I £ H Acc,11.1936
11/14/2021,Jupiter Strategic AbsRt Bd I £ H Acc,11.1936
11/15/2021,Jupiter Strategic AbsRt Bd I £ H Acc,11.1867
11/16/2021,Jupiter Strategic AbsRt Bd I £ H Acc,11.1868
11/17/2021,Jupiter Strategic AbsRt Bd I £ H Acc,11.1782
11/18/2021,Jupiter Strategic AbsRt Bd I £ H Acc,11.1715
11/19/2021,Jupiter Strategic AbsRt Bd I £ H Acc,11.1592
11/20/2021,Jupiter Strategic AbsRt Bd I £ H Acc,11.1592
11/21/2021,Jupiter Strategic AbsRt Bd I £ H Acc,11.1592
11/22/2021,Jupiter Strategic AbsRt Bd I £ H Acc,11.1778
11/23/2021,Jupiter Strategic AbsRt Bd I £ H Acc,11.1794
11/24/2021,Jupiter Strategic AbsRt Bd I £ H Acc,11.1622
11/25/2021,Jupiter Strategic AbsRt Bd I £ H Acc,11.175
11/26/2021,Jupiter Strategic AbsRt Bd I £ H Acc,11.1588
11/27/2021,Jupiter Strategic AbsRt Bd I £ H Acc,11.1588
11/28/2021,Jupiter Strategic AbsRt Bd I £ H Acc,11.1588
11/29/2021,Jupiter Strategic AbsRt Bd I £ H Acc,11.1732
11/30/2021,Jupiter Strategic AbsRt Bd I £ H Acc,11.1728
12/01/2021,Jupiter Strategic AbsRt Bd I £ H Acc,11.174
12/02/2021,Jupiter Strategic AbsRt Bd I £ H Acc,11.185
12/03/2021,Jupiter Strategic AbsRt Bd I £ H Acc,11.186
12/04/2021,Jupiter Strategic AbsRt Bd I £ H Acc,11.186
12/05/2021,Jupiter Strategic AbsRt Bd I £ H Acc,11.186
12/06/2021,Jupiter Strategic AbsRt Bd I £ H Acc,11.1971
12/07/2021,Jupiter Strategic AbsRt Bd I £ H Acc,11.1775
12/08/2021,Jupiter Strategic AbsRt Bd I £ H Acc,11.1759
12/09/2021,Jupiter Strategic AbsRt Bd I £ H Acc,11.1644
12/10/2021,Jupiter Strategic AbsRt Bd I £ H Acc,11.178
12/11/2021,Jupiter Strategic AbsRt Bd I £ H Acc,11.178
12/12/2021,Jupiter Strategic AbsRt Bd I £ H Acc,11.178
12/13/2021,Jupiter Strategic AbsRt Bd I £ H Acc,11.1671
12/14/2021,Jupiter Strategic AbsRt Bd I £ H Acc,11.171
12/15/2021,Jupiter Strategic AbsRt Bd I £ H Acc,11.1745
12/16/2021,Jupiter Strategic AbsRt Bd I £ H Acc,11.1595
12/17/2021,Jupiter Strategic AbsRt Bd I £ H Acc,11.15
12/18/2021,Jupiter Strategic AbsRt Bd I £ H Acc,11.15
12/19/2021,Jupiter Strategic AbsRt Bd I £ H Acc,11.15
12/20/2021,Jupiter Strategic AbsRt Bd I £ H Acc,11.1559
