Date,Name,NAV
06/30/2009,JupiterMerian Glb Eq AbsRt I £ H Acc,1
07/01/2009,JupiterMerian Glb Eq AbsRt I £ H Acc,0.9993
07/02/2009,JupiterMerian Glb Eq AbsRt I £ H Acc,0.9993
07/03/2009,JupiterMerian Glb Eq AbsRt I £ H Acc,0.9977
07/04/2009,JupiterMerian Glb Eq AbsRt I £ H Acc,0.9977
07/05/2009,JupiterMerian Glb Eq AbsRt I £ H Acc,0.9977
07/06/2009,JupiterMerian Glb Eq AbsRt I £ H Acc,0.9988
07/07/2009,JupiterMerian Glb Eq AbsRt I £ H Acc,0.9972
07/08/2009,JupiterMerian Glb Eq AbsRt I £ H Acc,1.0068
07/09/2009,JupiterMerian Glb Eq AbsRt I £ H Acc,1.0034
07/10/2009,JupiterMerian Glb Eq AbsRt I £ H Acc,1.0011
07/11/2009,JupiterMerian Glb Eq AbsRt I £ H Acc,1.0011
07/12/2009,JupiterMerian Glb Eq AbsRt I £ H Acc,1.0011
07/13/2009,JupiterMerian Glb Eq AbsRt I £ H Acc,0.998
07/14/2009,JupiterMerian Glb Eq AbsRt I £ H Acc,1.0015
07/15/2009,JupiterMerian Glb Eq AbsRt I £ H Acc,1.002
07/16/2009,JupiterMerian Glb Eq AbsRt I £ H Acc,1.0032
07/17/2009,JupiterMerian Glb Eq AbsRt I £ H Acc,1.0013
07/18/2009,JupiterMerian Glb Eq AbsRt I £ H Acc,1.0013
07/19/2009,JupiterMerian Glb Eq AbsRt I £ H Acc,1.0013
07/20/2009,JupiterMerian Glb Eq AbsRt I £ H Acc,1.0026
07/21/2009,JupiterMerian Glb Eq AbsRt I £ H Acc,1.0039
07/22/2009,JupiterMerian Glb Eq AbsRt I £ H Acc,1.0049
07/23/2009,JupiterMerian Glb Eq AbsRt I £ H Acc,1.0019
07/24/2009,JupiterMerian Glb Eq AbsRt I £ H Acc,1.0011
07/25/2009,JupiterMerian Glb Eq AbsRt I £ H Acc,1.0011
07/26/2009,JupiterMerian Glb Eq AbsRt I £ H Acc,1.0011
07/27/2009,JupiterMerian Glb Eq AbsRt I £ H Acc,1.0053
07/28/2009,JupiterMerian Glb Eq AbsRt I £ H Acc,1.0048
07/29/2009,JupiterMerian Glb Eq AbsRt I £ H Acc,1.0064
07/30/2009,JupiterMerian Glb Eq AbsRt I £ H Acc,1.0091
07/31/2009,JupiterMerian Glb Eq AbsRt I £ H Acc,1.0091
08/01/2009,JupiterMerian Glb Eq AbsRt I £ H Acc,1.0091
08/02/2009,JupiterMerian Glb Eq AbsRt I £ H Acc,1.0091
08/03/2009,JupiterMerian Glb Eq AbsRt I £ H Acc,1.0091
08/04/2009,JupiterMerian Glb Eq AbsRt I £ H Acc,1.0032
08/05/2009,JupiterMerian Glb Eq AbsRt I £ H Acc,1.0011
08/06/2009,JupiterMerian Glb Eq AbsRt I £ H Acc,1.0001
08/07/2009,JupiterMerian Glb Eq AbsRt I £ H Acc,0.999
08/08/2009,JupiterMerian Glb Eq AbsRt I £ H Acc,0.999
08/09/2009,JupiterMerian Glb Eq AbsRt I £ H Acc,0.999
08/10/2009,JupiterMerian Glb Eq AbsRt I £ H Acc,0.9995
08/11/2009,JupiterMerian Glb Eq AbsRt I £ H Acc,1.0032
08/12/2009,JupiterMerian Glb Eq AbsRt I £ H Acc,1.0025
08/13/2009,JupiterMerian Glb Eq AbsRt I £ H Acc,1.0039
08/14/2009,JupiterMerian Glb Eq AbsRt I £ H Acc,1.007
08/15/2009,JupiterMerian Glb Eq AbsRt I £ H Acc,1.007
08/16/2009,JupiterMerian Glb Eq AbsRt I £ H Acc,1.007
08/17/2009,JupiterMerian Glb Eq AbsRt I £ H Acc,1.0057
08/18/2009,JupiterMerian Glb Eq AbsRt I £ H Acc,1.0056
08/19/2009,JupiterMerian Glb Eq AbsRt I £ H Acc,1.0041
08/20/2009,JupiterMerian Glb Eq AbsRt I £ H Acc,1.0081
08/21/2009,JupiterMerian Glb Eq AbsRt I £ H Acc,1.0112
08/22/2009,JupiterMerian Glb Eq AbsRt I £ H Acc,1.0112
08/23/2009,JupiterMerian Glb Eq AbsRt I £ H Acc,1.0112
08/24/2009,JupiterMerian Glb Eq AbsRt I £ H Acc,1.0134
08/25/2009,JupiterMerian Glb Eq AbsRt I £ H Acc,1.0128
08/26/2009,JupiterMerian Glb Eq AbsRt I £ H Acc,1.0121
08/27/2009,JupiterMerian Glb Eq AbsRt I £ H Acc,1.0112
08/28/2009,JupiterMerian Glb Eq AbsRt I £ H Acc,1.0109
08/29/2009,JupiterMerian Glb Eq AbsRt I £ H Acc,1.0109
08/30/2009,JupiterMerian Glb Eq AbsRt I £ H Acc,1.0109
08/31/2009,JupiterMerian Glb Eq AbsRt I £ H Acc,1.0109
09/01/2009,JupiterMerian Glb Eq AbsRt I £ H Acc,1.0088
09/02/2009,JupiterMerian Glb Eq AbsRt I £ H Acc,1.0179
09/03/2009,JupiterMerian Glb Eq AbsRt I £ H Acc,1.0047
09/04/2009,JupiterMerian Glb Eq AbsRt I £ H Acc,1.0035
09/05/2009,JupiterMerian Glb Eq AbsRt I £ H Acc,1.0035
09/06/2009,JupiterMerian Glb Eq AbsRt I £ H Acc,1.0035
09/07/2009,JupiterMerian Glb Eq AbsRt I £ H Acc,1.0048
09/08/2009,JupiterMerian Glb Eq AbsRt I £ H Acc,1.0029
09/09/2009,JupiterMerian Glb Eq AbsRt I £ H Acc,0.9998
09/10/2009,JupiterMerian Glb Eq AbsRt I £ H Acc,0.9922
09/11/2009,JupiterMerian Glb Eq AbsRt I £ H Acc,0.992
09/12/2009,JupiterMerian Glb Eq AbsRt I £ H Acc,0.992
09/13/2009,JupiterMerian Glb Eq AbsRt I £ H Acc,0.992
09/14/2009,JupiterMerian Glb Eq AbsRt I £ H Acc,0.9921
09/15/2009,JupiterMerian Glb Eq AbsRt I £ H Acc,0.9922
09/16/2009,JupiterMerian Glb Eq AbsRt I £ H Acc,0.9949
09/17/2009,JupiterMerian Glb Eq AbsRt I £ H Acc,0.9988
09/18/2009,JupiterMerian Glb Eq AbsRt I £ H Acc,0.9976
09/19/2009,JupiterMerian Glb Eq AbsRt I £ H Acc,0.9976
09/20/2009,JupiterMerian Glb Eq AbsRt I £ H Acc,0.9976
09/21/2009,JupiterMerian Glb Eq AbsRt I £ H Acc,0.9981
09/22/2009,JupiterMerian Glb Eq AbsRt I £ H Acc,0.998
09/23/2009,JupiterMerian Glb Eq AbsRt I £ H Acc,0.9984
09/24/2009,JupiterMerian Glb Eq AbsRt I £ H Acc,0.9995
09/25/2009,JupiterMerian Glb Eq AbsRt I £ H Acc,0.994
09/26/2009,JupiterMerian Glb Eq AbsRt I £ H Acc,0.994
09/27/2009,JupiterMerian Glb Eq AbsRt I £ H Acc,0.994
09/28/2009,JupiterMerian Glb Eq AbsRt I £ H Acc,0.9951
09/29/2009,JupiterMerian Glb Eq AbsRt I £ H Acc,0.9949
09/30/2009,JupiterMerian Glb Eq AbsRt I £ H Acc,0.9935
10/01/2009,JupiterMerian Glb Eq AbsRt I £ H Acc,0.9953
10/02/2009,JupiterMerian Glb Eq AbsRt I £ H Acc,0.9968
10/03/2009,JupiterMerian Glb Eq AbsRt I £ H Acc,0.9968
10/04/2009,JupiterMerian Glb Eq AbsRt I £ H Acc,0.9968
10/05/2009,JupiterMerian Glb Eq AbsRt I £ H Acc,0.9982
10/06/2009,JupiterMerian Glb Eq AbsRt I £ H Acc,1.0056
10/07/2009,JupiterMerian Glb Eq AbsRt I £ H Acc,1.0089
10/08/2009,JupiterMerian Glb Eq AbsRt I £ H Acc,1.0078
10/09/2009,JupiterMerian Glb Eq AbsRt I £ H Acc,1.0084
10/10/2009,JupiterMerian Glb Eq AbsRt I £ H Acc,1.0084
10/11/2009,JupiterMerian Glb Eq AbsRt I £ H Acc,1.0084
10/12/2009,JupiterMerian Glb Eq AbsRt I £ H Acc,1.0094
10/13/2009,JupiterMerian Glb Eq AbsRt I £ H Acc,1.013
10/14/2009,JupiterMerian Glb Eq AbsRt I £ H Acc,1.015
10/15/2009,JupiterMerian Glb Eq AbsRt I £ H Acc,1.0147
10/16/2009,JupiterMerian Glb Eq AbsRt I £ H Acc,1.0128
10/17/2009,JupiterMerian Glb Eq AbsRt I £ H Acc,1.0128
10/18/2009,JupiterMerian Glb Eq AbsRt I £ H Acc,1.0128
10/19/2009,JupiterMerian Glb Eq AbsRt I £ H Acc,1.0134
10/20/2009,JupiterMerian Glb Eq AbsRt I £ H Acc,1.0133
10/21/2009,JupiterMerian Glb Eq AbsRt I £ H Acc,1.0152
10/22/2009,JupiterMerian Glb Eq AbsRt I £ H Acc,1.0105
10/23/2009,JupiterMerian Glb Eq AbsRt I £ H Acc,1.0099
10/24/2009,JupiterMerian Glb Eq AbsRt I £ H Acc,1.0099
10/25/2009,JupiterMerian Glb Eq AbsRt I £ H Acc,1.0099
10/26/2009,JupiterMerian Glb Eq AbsRt I £ H Acc,1.0099
10/27/2009,JupiterMerian Glb Eq AbsRt I £ H Acc,1.0074
10/28/2009,JupiterMerian Glb Eq AbsRt I £ H Acc,1.0071
10/29/2009,JupiterMerian Glb Eq AbsRt I £ H Acc,1.0084
10/30/2009,JupiterMerian Glb Eq AbsRt I £ H Acc,1.0091
10/31/2009,JupiterMerian Glb Eq AbsRt I £ H Acc,1.0091
11/01/2009,JupiterMerian Glb Eq AbsRt I £ H Acc,1.0091
11/02/2009,JupiterMerian Glb Eq AbsRt I £ H Acc,1.0076
11/03/2009,JupiterMerian Glb Eq AbsRt I £ H Acc,1.0082
11/04/2009,JupiterMerian Glb Eq AbsRt I £ H Acc,1.008
11/05/2009,JupiterMerian Glb Eq AbsRt I £ H Acc,1.008
11/06/2009,JupiterMerian Glb Eq AbsRt I £ H Acc,1.0081
11/07/2009,JupiterMerian Glb Eq AbsRt I £ H Acc,1.0081
11/08/2009,JupiterMerian Glb Eq AbsRt I £ H Acc,1.0081
11/09/2009,JupiterMerian Glb Eq AbsRt I £ H Acc,1.0103
11/10/2009,JupiterMerian Glb Eq AbsRt I £ H Acc,1.0077
11/11/2009,JupiterMerian Glb Eq AbsRt I £ H Acc,1.0099
11/12/2009,JupiterMerian Glb Eq AbsRt I £ H Acc,1.0102
11/13/2009,JupiterMerian Glb Eq AbsRt I £ H Acc,1.0102
11/14/2009,JupiterMerian Glb Eq AbsRt I £ H Acc,1.0102
11/15/2009,JupiterMerian Glb Eq AbsRt I £ H Acc,1.0102
11/16/2009,JupiterMerian Glb Eq AbsRt I £ H Acc,1.009
11/17/2009,JupiterMerian Glb Eq AbsRt I £ H Acc,1.009
11/18/2009,JupiterMerian Glb Eq AbsRt I £ H Acc,1.0074
11/19/2009,JupiterMerian Glb Eq AbsRt I £ H Acc,1.0092
11/20/2009,JupiterMerian Glb Eq AbsRt I £ H Acc,1.0061
11/21/2009,JupiterMerian Glb Eq AbsRt I £ H Acc,1.0061
11/22/2009,JupiterMerian Glb Eq AbsRt I £ H Acc,1.0061
11/23/2009,JupiterMerian Glb Eq AbsRt I £ H Acc,1.0064
11/24/2009,JupiterMerian Glb Eq AbsRt I £ H Acc,1.006
11/25/2009,JupiterMerian Glb Eq AbsRt I £ H Acc,1.0036
11/26/2009,JupiterMerian Glb Eq AbsRt I £ H Acc,1.0034
11/27/2009,JupiterMerian Glb Eq AbsRt I £ H Acc,1.0025
11/28/2009,JupiterMerian Glb Eq AbsRt I £ H Acc,1.0025
11/29/2009,JupiterMerian Glb Eq AbsRt I £ H Acc,1.0025
11/30/2009,JupiterMerian Glb Eq AbsRt I £ H Acc,1.0002
12/01/2009,JupiterMerian Glb Eq AbsRt I £ H Acc,1.0004
12/02/2009,JupiterMerian Glb Eq AbsRt I £ H Acc,1.0011
12/03/2009,JupiterMerian Glb Eq AbsRt I £ H Acc,0.9989
12/04/2009,JupiterMerian Glb Eq AbsRt I £ H Acc,1.0019
12/05/2009,JupiterMerian Glb Eq AbsRt I £ H Acc,1.0019
12/06/2009,JupiterMerian Glb Eq AbsRt I £ H Acc,1.0019
12/07/2009,JupiterMerian Glb Eq AbsRt I £ H Acc,1.0002
12/08/2009,JupiterMerian Glb Eq AbsRt I £ H Acc,1.0012
12/09/2009,JupiterMerian Glb Eq AbsRt I £ H Acc,1.0009
12/10/2009,JupiterMerian Glb Eq AbsRt I £ H Acc,1.0043
12/11/2009,JupiterMerian Glb Eq AbsRt I £ H Acc,1.0063
12/12/2009,JupiterMerian Glb Eq AbsRt I £ H Acc,1.0063
12/13/2009,JupiterMerian Glb Eq AbsRt I £ H Acc,1.0063
12/14/2009,JupiterMerian Glb Eq AbsRt I £ H Acc,1.0042
12/15/2009,JupiterMerian Glb Eq AbsRt I £ H Acc,1.0027
12/16/2009,JupiterMerian Glb Eq AbsRt I £ H Acc,1.0009
12/17/2009,JupiterMerian Glb Eq AbsRt I £ H Acc,1.001
12/18/2009,JupiterMerian Glb Eq AbsRt I £ H Acc,1.0025
12/19/2009,JupiterMerian Glb Eq AbsRt I £ H Acc,1.0025
12/20/2009,JupiterMerian Glb Eq AbsRt I £ H Acc,1.0025
12/21/2009,JupiterMerian Glb Eq AbsRt I £ H Acc,0.9995
12/22/2009,JupiterMerian Glb Eq AbsRt I £ H Acc,1.0035
12/23/2009,JupiterMerian Glb Eq AbsRt I £ H Acc,1.0045
12/24/2009,JupiterMerian Glb Eq AbsRt I £ H Acc,1.0058
12/25/2009,JupiterMerian Glb Eq AbsRt I £ H Acc,1.0058
12/26/2009,JupiterMerian Glb Eq AbsRt I £ H Acc,1.0058
12/27/2009,JupiterMerian Glb Eq AbsRt I £ H Acc,1.0058
12/28/2009,JupiterMerian Glb Eq AbsRt I £ H Acc,1.0058
12/29/2009,JupiterMerian Glb Eq AbsRt I £ H Acc,1.0058
12/30/2009,JupiterMerian Glb Eq AbsRt I £ H Acc,1.0094
12/31/2009,JupiterMerian Glb Eq AbsRt I £ H Acc,1.0112
01/01/2010,JupiterMerian Glb Eq AbsRt I £ H Acc,1.0112
01/02/2010,JupiterMerian Glb Eq AbsRt I £ H Acc,1.0112
01/03/2010,JupiterMerian Glb Eq AbsRt I £ H Acc,1.0112
01/04/2010,JupiterMerian Glb Eq AbsRt I £ H Acc,1.0104
01/05/2010,JupiterMerian Glb Eq AbsRt I £ H Acc,1.0115
01/06/2010,JupiterMerian Glb Eq AbsRt I £ H Acc,1.0145
01/07/2010,JupiterMerian Glb Eq AbsRt I £ H Acc,1.0151
01/08/2010,JupiterMerian Glb Eq AbsRt I £ H Acc,1.0147
01/09/2010,JupiterMerian Glb Eq AbsRt I £ H Acc,1.0147
01/10/2010,JupiterMerian Glb Eq AbsRt I £ H Acc,1.0147
01/11/2010,JupiterMerian Glb Eq AbsRt I £ H Acc,1.0146
01/12/2010,JupiterMerian Glb Eq AbsRt I £ H Acc,1.0149
01/13/2010,JupiterMerian Glb Eq AbsRt I £ H Acc,1.0179
01/14/2010,JupiterMerian Glb Eq AbsRt I £ H Acc,1.0176
01/15/2010,JupiterMerian Glb Eq AbsRt I £ H Acc,1.0158
01/16/2010,JupiterMerian Glb Eq AbsRt I £ H Acc,1.0158
01/17/2010,JupiterMerian Glb Eq AbsRt I £ H Acc,1.0158
01/18/2010,JupiterMerian Glb Eq AbsRt I £ H Acc,1.0149
01/19/2010,JupiterMerian Glb Eq AbsRt I £ H Acc,1.0138
01/20/2010,JupiterMerian Glb Eq AbsRt I £ H Acc,1.0125
01/21/2010,JupiterMerian Glb Eq AbsRt I £ H Acc,1.0138
01/22/2010,JupiterMerian Glb Eq AbsRt I £ H Acc,1.0157
01/23/2010,JupiterMerian Glb Eq AbsRt I £ H Acc,1.0157
01/24/2010,JupiterMerian Glb Eq AbsRt I £ H Acc,1.0157
01/25/2010,JupiterMerian Glb Eq AbsRt I £ H Acc,1.0152
01/26/2010,JupiterMerian Glb Eq AbsRt I £ H Acc,1.0173
01/27/2010,JupiterMerian Glb Eq AbsRt I £ H Acc,1.0167
01/28/2010,JupiterMerian Glb Eq AbsRt I £ H Acc,1.0153
01/29/2010,JupiterMerian Glb Eq AbsRt I £ H Acc,1.0161
01/30/2010,JupiterMerian Glb Eq AbsRt I £ H Acc,1.0161
01/31/2010,JupiterMerian Glb Eq AbsRt I £ H Acc,1.0161
02/01/2010,JupiterMerian Glb Eq AbsRt I £ H Acc,1.0152
02/02/2010,JupiterMerian Glb Eq AbsRt I £ H Acc,1.0188
02/03/2010,JupiterMerian Glb Eq AbsRt I £ H Acc,1.0189
02/04/2010,JupiterMerian Glb Eq AbsRt I £ H Acc,1.0209
02/05/2010,JupiterMerian Glb Eq AbsRt I £ H Acc,1.0183
02/06/2010,JupiterMerian Glb Eq AbsRt I £ H Acc,1.0183
02/07/2010,JupiterMerian Glb Eq AbsRt I £ H Acc,1.0183
02/08/2010,JupiterMerian Glb Eq AbsRt I £ H Acc,1.0152
02/09/2010,JupiterMerian Glb Eq AbsRt I £ H Acc,1.0147
02/10/2010,JupiterMerian Glb Eq AbsRt I £ H Acc,1.0171
02/11/2010,JupiterMerian Glb Eq AbsRt I £ H Acc,1.0176
02/12/2010,JupiterMerian Glb Eq AbsRt I £ H Acc,1.0156
02/13/2010,JupiterMerian Glb Eq AbsRt I £ H Acc,1.0156
02/14/2010,JupiterMerian Glb Eq AbsRt I £ H Acc,1.0156
02/15/2010,JupiterMerian Glb Eq AbsRt I £ H Acc,1.0143
02/16/2010,JupiterMerian Glb Eq AbsRt I £ H Acc,1.0146
02/17/2010,JupiterMerian Glb Eq AbsRt I £ H Acc,1.0169
02/18/2010,JupiterMerian Glb Eq AbsRt I £ H Acc,1.0203
02/19/2010,JupiterMerian Glb Eq AbsRt I £ H Acc,1.0208
02/20/2010,JupiterMerian Glb Eq AbsRt I £ H Acc,1.0208
02/21/2010,JupiterMerian Glb Eq AbsRt I £ H Acc,1.0208
02/22/2010,JupiterMerian Glb Eq AbsRt I £ H Acc,1.0242
02/23/2010,JupiterMerian Glb Eq AbsRt I £ H Acc,1.0231
02/24/2010,JupiterMerian Glb Eq AbsRt I £ H Acc,1.0215
02/25/2010,JupiterMerian Glb Eq AbsRt I £ H Acc,1.0177
02/26/2010,JupiterMerian Glb Eq AbsRt I £ H Acc,1.0201
02/27/2010,JupiterMerian Glb Eq AbsRt I £ H Acc,1.0201
02/28/2010,JupiterMerian Glb Eq AbsRt I £ H Acc,1.0201
03/01/2010,JupiterMerian Glb Eq AbsRt I £ H Acc,1.0218
03/02/2010,JupiterMerian Glb Eq AbsRt I £ H Acc,1.0207
03/03/2010,JupiterMerian Glb Eq AbsRt I £ H Acc,1.0215
03/04/2010,JupiterMerian Glb Eq AbsRt I £ H Acc,1.0244
03/05/2010,JupiterMerian Glb Eq AbsRt I £ H Acc,1.0248
03/06/2010,JupiterMerian Glb Eq AbsRt I £ H Acc,1.0248
03/07/2010,JupiterMerian Glb Eq AbsRt I £ H Acc,1.0248
03/08/2010,JupiterMerian Glb Eq AbsRt I £ H Acc,1.0251
03/09/2010,JupiterMerian Glb Eq AbsRt I £ H Acc,1.0265
03/10/2010,JupiterMerian Glb Eq AbsRt I £ H Acc,1.0287
03/11/2010,JupiterMerian Glb Eq AbsRt I £ H Acc,1.0302
03/12/2010,JupiterMerian Glb Eq AbsRt I £ H Acc,1.0259
03/13/2010,JupiterMerian Glb Eq AbsRt I £ H Acc,1.0259
03/14/2010,JupiterMerian Glb Eq AbsRt I £ H Acc,1.0259
03/15/2010,JupiterMerian Glb Eq AbsRt I £ H Acc,1.0249
03/16/2010,JupiterMerian Glb Eq AbsRt I £ H Acc,1.0262
03/17/2010,JupiterMerian Glb Eq AbsRt I £ H Acc,1.0262
03/18/2010,JupiterMerian Glb Eq AbsRt I £ H Acc,1.0256
03/19/2010,JupiterMerian Glb Eq AbsRt I £ H Acc,1.0249
03/20/2010,JupiterMerian Glb Eq AbsRt I £ H Acc,1.0249
03/21/2010,JupiterMerian Glb Eq AbsRt I £ H Acc,1.0249
03/22/2010,JupiterMerian Glb Eq AbsRt I £ H Acc,1.0259
03/23/2010,JupiterMerian Glb Eq AbsRt I £ H Acc,1.0262
03/24/2010,JupiterMerian Glb Eq AbsRt I £ H Acc,1.0285
03/25/2010,JupiterMerian Glb Eq AbsRt I £ H Acc,1.0278
03/26/2010,JupiterMerian Glb Eq AbsRt I £ H Acc,1.0263
03/27/2010,JupiterMerian Glb Eq AbsRt I £ H Acc,1.0263
03/28/2010,JupiterMerian Glb Eq AbsRt I £ H Acc,1.0263
03/29/2010,JupiterMerian Glb Eq AbsRt I £ H Acc,1.0242
03/30/2010,JupiterMerian Glb Eq AbsRt I £ H Acc,1.0249
03/31/2010,JupiterMerian Glb Eq AbsRt I £ H Acc,1.026
04/01/2010,JupiterMerian Glb Eq AbsRt I £ H Acc,1.0293
04/02/2010,JupiterMerian Glb Eq AbsRt I £ H Acc,1.0293
04/03/2010,JupiterMerian Glb Eq AbsRt I £ H Acc,1.0293
04/04/2010,JupiterMerian Glb Eq AbsRt I £ H Acc,1.0293
04/05/2010,JupiterMerian Glb Eq AbsRt I £ H Acc,1.0293
04/06/2010,JupiterMerian Glb Eq AbsRt I £ H Acc,1.0327
04/07/2010,JupiterMerian Glb Eq AbsRt I £ H Acc,1.0325
04/08/2010,JupiterMerian Glb Eq AbsRt I £ H Acc,1.0323
04/09/2010,JupiterMerian Glb Eq AbsRt I £ H Acc,1.0275
04/10/2010,JupiterMerian Glb Eq AbsRt I £ H Acc,1.0275
04/11/2010,JupiterMerian Glb Eq AbsRt I £ H Acc,1.0275
04/12/2010,JupiterMerian Glb Eq AbsRt I £ H Acc,1.0266
04/13/2010,JupiterMerian Glb Eq AbsRt I £ H Acc,1.0287
04/14/2010,JupiterMerian Glb Eq AbsRt I £ H Acc,1.0274
04/15/2010,JupiterMerian Glb Eq AbsRt I £ H Acc,1.0304
04/16/2010,JupiterMerian Glb Eq AbsRt I £ H Acc,1.0309
04/17/2010,JupiterMerian Glb Eq AbsRt I £ H Acc,1.0309
04/18/2010,JupiterMerian Glb Eq AbsRt I £ H Acc,1.0309
04/19/2010,JupiterMerian Glb Eq AbsRt I £ H Acc,1.0296
04/20/2010,JupiterMerian Glb Eq AbsRt I £ H Acc,1.0313
04/21/2010,JupiterMerian Glb Eq AbsRt I £ H Acc,1.0313
04/22/2010,JupiterMerian Glb Eq AbsRt I £ H Acc,1.0298
04/23/2010,JupiterMerian Glb Eq AbsRt I £ H Acc,1.0301
04/24/2010,JupiterMerian Glb Eq AbsRt I £ H Acc,1.0301
04/25/2010,JupiterMerian Glb Eq AbsRt I £ H Acc,1.0301
04/26/2010,JupiterMerian Glb Eq AbsRt I £ H Acc,1.0318
04/27/2010,JupiterMerian Glb Eq AbsRt I £ H Acc,1.0297
04/28/2010,JupiterMerian Glb Eq AbsRt I £ H Acc,1.0262
04/29/2010,JupiterMerian Glb Eq AbsRt I £ H Acc,1.0287
04/30/2010,JupiterMerian Glb Eq AbsRt I £ H Acc,1.0239
05/01/2010,JupiterMerian Glb Eq AbsRt I £ H Acc,1.0239
05/02/2010,JupiterMerian Glb Eq AbsRt I £ H Acc,1.0239
05/03/2010,JupiterMerian Glb Eq AbsRt I £ H Acc,1.0239
05/04/2010,JupiterMerian Glb Eq AbsRt I £ H Acc,1.021
05/05/2010,JupiterMerian Glb Eq AbsRt I £ H Acc,1.0205
05/06/2010,JupiterMerian Glb Eq AbsRt I £ H Acc,1.02
05/07/2010,JupiterMerian Glb Eq AbsRt I £ H Acc,1.0206
05/08/2010,JupiterMerian Glb Eq AbsRt I £ H Acc,1.0206
05/09/2010,JupiterMerian Glb Eq AbsRt I £ H Acc,1.0206
05/10/2010,JupiterMerian Glb Eq AbsRt I £ H Acc,1.017
05/11/2010,JupiterMerian Glb Eq AbsRt I £ H Acc,1.0183
05/12/2010,JupiterMerian Glb Eq AbsRt I £ H Acc,1.0154
05/13/2010,JupiterMerian Glb Eq AbsRt I £ H Acc,1.0195
05/14/2010,JupiterMerian Glb Eq AbsRt I £ H Acc,1.015
05/15/2010,JupiterMerian Glb Eq AbsRt I £ H Acc,1.015
05/16/2010,JupiterMerian Glb Eq AbsRt I £ H Acc,1.015
05/17/2010,JupiterMerian Glb Eq AbsRt I £ H Acc,1.0142
05/18/2010,JupiterMerian Glb Eq AbsRt I £ H Acc,1.0136
05/19/2010,JupiterMerian Glb Eq AbsRt I £ H Acc,1.0097
05/20/2010,JupiterMerian Glb Eq AbsRt I £ H Acc,1.012
05/21/2010,JupiterMerian Glb Eq AbsRt I £ H Acc,1.0111
05/22/2010,JupiterMerian Glb Eq AbsRt I £ H Acc,1.0111
05/23/2010,JupiterMerian Glb Eq AbsRt I £ H Acc,1.0111
05/24/2010,JupiterMerian Glb Eq AbsRt I £ H Acc,1.0126
05/25/2010,JupiterMerian Glb Eq AbsRt I £ H Acc,1.0091
05/26/2010,JupiterMerian Glb Eq AbsRt I £ H Acc,1.0077
05/27/2010,JupiterMerian Glb Eq AbsRt I £ H Acc,1.0107
05/28/2010,JupiterMerian Glb Eq AbsRt I £ H Acc,1.0093
05/29/2010,JupiterMerian Glb Eq AbsRt I £ H Acc,1.0093
05/30/2010,JupiterMerian Glb Eq AbsRt I £ H Acc,1.0093
05/31/2010,JupiterMerian Glb Eq AbsRt I £ H Acc,1.0076
06/01/2010,JupiterMerian Glb Eq AbsRt I £ H Acc,1.0059
06/02/2010,JupiterMerian Glb Eq AbsRt I £ H Acc,1.0043
06/03/2010,JupiterMerian Glb Eq AbsRt I £ H Acc,1.0103
06/04/2010,JupiterMerian Glb Eq AbsRt I £ H Acc,1.0109
06/05/2010,JupiterMerian Glb Eq AbsRt I £ H Acc,1.0109
06/06/2010,JupiterMerian Glb Eq AbsRt I £ H Acc,1.0109
06/07/2010,JupiterMerian Glb Eq AbsRt I £ H Acc,1.0109
06/08/2010,JupiterMerian Glb Eq AbsRt I £ H Acc,1.0038
06/09/2010,JupiterMerian Glb Eq AbsRt I £ H Acc,1.0037
06/10/2010,JupiterMerian Glb Eq AbsRt I £ H Acc,1.0019
06/11/2010,JupiterMerian Glb Eq AbsRt I £ H Acc,1
06/12/2010,JupiterMerian Glb Eq AbsRt I £ H Acc,1
06/13/2010,JupiterMerian Glb Eq AbsRt I £ H Acc,1
06/14/2010,JupiterMerian Glb Eq AbsRt I £ H Acc,1.0022
06/15/2010,JupiterMerian Glb Eq AbsRt I £ H Acc,1.0042
06/16/2010,JupiterMerian Glb Eq AbsRt I £ H Acc,1.0056
06/17/2010,JupiterMerian Glb Eq AbsRt I £ H Acc,1.0059
06/18/2010,JupiterMerian Glb Eq AbsRt I £ H Acc,1.0052
06/19/2010,JupiterMerian Glb Eq AbsRt I £ H Acc,1.0052
06/20/2010,JupiterMerian Glb Eq AbsRt I £ H Acc,1.0052
06/21/2010,JupiterMerian Glb Eq AbsRt I £ H Acc,1.0072
06/22/2010,JupiterMerian Glb Eq AbsRt I £ H Acc,1.0037
06/23/2010,JupiterMerian Glb Eq AbsRt I £ H Acc,0.9993
06/24/2010,JupiterMerian Glb Eq AbsRt I £ H Acc,0.9983
06/25/2010,JupiterMerian Glb Eq AbsRt I £ H Acc,0.9962
06/26/2010,JupiterMerian Glb Eq AbsRt I £ H Acc,0.9962
06/27/2010,JupiterMerian Glb Eq AbsRt I £ H Acc,0.9962
06/28/2010,JupiterMerian Glb Eq AbsRt I £ H Acc,0.9902
06/29/2010,JupiterMerian Glb Eq AbsRt I £ H Acc,0.9913
06/30/2010,JupiterMerian Glb Eq AbsRt I £ H Acc,0.9919
07/01/2010,JupiterMerian Glb Eq AbsRt I £ H Acc,0.9925
07/02/2010,JupiterMerian Glb Eq AbsRt I £ H Acc,0.9946
07/03/2010,JupiterMerian Glb Eq AbsRt I £ H Acc,0.9946
07/04/2010,JupiterMerian Glb Eq AbsRt I £ H Acc,0.9946
07/05/2010,JupiterMerian Glb Eq AbsRt I £ H Acc,0.9979
07/06/2010,JupiterMerian Glb Eq AbsRt I £ H Acc,0.9967
07/07/2010,JupiterMerian Glb Eq AbsRt I £ H Acc,0.9988
07/08/2010,JupiterMerian Glb Eq AbsRt I £ H Acc,0.997
07/09/2010,JupiterMerian Glb Eq AbsRt I £ H Acc,0.9984
07/10/2010,JupiterMerian Glb Eq AbsRt I £ H Acc,0.9984
07/11/2010,JupiterMerian Glb Eq AbsRt I £ H Acc,0.9984
07/12/2010,JupiterMerian Glb Eq AbsRt I £ H Acc,1.0017
07/13/2010,JupiterMerian Glb Eq AbsRt I £ H Acc,1.0055
07/14/2010,JupiterMerian Glb Eq AbsRt I £ H Acc,1.0064
07/15/2010,JupiterMerian Glb Eq AbsRt I £ H Acc,1.0048
07/16/2010,JupiterMerian Glb Eq AbsRt I £ H Acc,1.0058
07/17/2010,JupiterMerian Glb Eq AbsRt I £ H Acc,1.0058
07/18/2010,JupiterMerian Glb Eq AbsRt I £ H Acc,1.0058
07/19/2010,JupiterMerian Glb Eq AbsRt I £ H Acc,1.0067
07/20/2010,JupiterMerian Glb Eq AbsRt I £ H Acc,1.0107
07/21/2010,JupiterMerian Glb Eq AbsRt I £ H Acc,1.0057
07/22/2010,JupiterMerian Glb Eq AbsRt I £ H Acc,1.0106
07/23/2010,JupiterMerian Glb Eq AbsRt I £ H Acc,1.0105
07/24/2010,JupiterMerian Glb Eq AbsRt I £ H Acc,1.0105
07/25/2010,JupiterMerian Glb Eq AbsRt I £ H Acc,1.0105
07/26/2010,JupiterMerian Glb Eq AbsRt I £ H Acc,1.0069
07/27/2010,JupiterMerian Glb Eq AbsRt I £ H Acc,1.0041
07/28/2010,JupiterMerian Glb Eq AbsRt I £ H Acc,1.0015
07/29/2010,JupiterMerian Glb Eq AbsRt I £ H Acc,0.9949
07/30/2010,JupiterMerian Glb Eq AbsRt I £ H Acc,0.9882
07/31/2010,JupiterMerian Glb Eq AbsRt I £ H Acc,0.9882
08/01/2010,JupiterMerian Glb Eq AbsRt I £ H Acc,0.9882
08/02/2010,JupiterMerian Glb Eq AbsRt I £ H Acc,0.9882
08/03/2010,JupiterMerian Glb Eq AbsRt I £ H Acc,0.9862
08/04/2010,JupiterMerian Glb Eq AbsRt I £ H Acc,0.9885
08/05/2010,JupiterMerian Glb Eq AbsRt I £ H Acc,0.9897
08/06/2010,JupiterMerian Glb Eq AbsRt I £ H Acc,0.9907
08/07/2010,JupiterMerian Glb Eq AbsRt I £ H Acc,0.9907
08/08/2010,JupiterMerian Glb Eq AbsRt I £ H Acc,0.9907
08/09/2010,JupiterMerian Glb Eq AbsRt I £ H Acc,0.9911
08/10/2010,JupiterMerian Glb Eq AbsRt I £ H Acc,0.9903
08/11/2010,JupiterMerian Glb Eq AbsRt I £ H Acc,0.9898
08/12/2010,JupiterMerian Glb Eq AbsRt I £ H Acc,0.9875
08/13/2010,JupiterMerian Glb Eq AbsRt I £ H Acc,0.9868
08/14/2010,JupiterMerian Glb Eq AbsRt I £ H Acc,0.9868
08/15/2010,JupiterMerian Glb Eq AbsRt I £ H Acc,0.9868
08/16/2010,JupiterMerian Glb Eq AbsRt I £ H Acc,0.9818
08/17/2010,JupiterMerian Glb Eq AbsRt I £ H Acc,0.9795
08/18/2010,JupiterMerian Glb Eq AbsRt I £ H Acc,0.979
08/19/2010,JupiterMerian Glb Eq AbsRt I £ H Acc,0.9824
08/20/2010,JupiterMerian Glb Eq AbsRt I £ H Acc,0.9808
08/21/2010,JupiterMerian Glb Eq AbsRt I £ H Acc,0.9808
08/22/2010,JupiterMerian Glb Eq AbsRt I £ H Acc,0.9808
08/23/2010,JupiterMerian Glb Eq AbsRt I £ H Acc,0.9775
08/24/2010,JupiterMerian Glb Eq AbsRt I £ H Acc,0.9756
08/25/2010,JupiterMerian Glb Eq AbsRt I £ H Acc,0.9741
08/26/2010,JupiterMerian Glb Eq AbsRt I £ H Acc,0.9729
08/27/2010,JupiterMerian Glb Eq AbsRt I £ H Acc,0.9727
08/28/2010,JupiterMerian Glb Eq AbsRt I £ H Acc,0.9727
08/29/2010,JupiterMerian Glb Eq AbsRt I £ H Acc,0.9727
08/30/2010,JupiterMerian Glb Eq AbsRt I £ H Acc,0.9727
08/31/2010,JupiterMerian Glb Eq AbsRt I £ H Acc,0.9703
09/01/2010,JupiterMerian Glb Eq AbsRt I £ H Acc,0.969
09/02/2010,JupiterMerian Glb Eq AbsRt I £ H Acc,0.9728
09/03/2010,JupiterMerian Glb Eq AbsRt I £ H Acc,0.9709
09/04/2010,JupiterMerian Glb Eq AbsRt I £ H Acc,0.9709
09/05/2010,JupiterMerian Glb Eq AbsRt I £ H Acc,0.9709
09/06/2010,JupiterMerian Glb Eq AbsRt I £ H Acc,0.9727
09/07/2010,JupiterMerian Glb Eq AbsRt I £ H Acc,0.9734
09/08/2010,JupiterMerian Glb Eq AbsRt I £ H Acc,0.9719
09/09/2010,JupiterMerian Glb Eq AbsRt I £ H Acc,0.9712
09/10/2010,JupiterMerian Glb Eq AbsRt I £ H Acc,0.9706
09/11/2010,JupiterMerian Glb Eq AbsRt I £ H Acc,0.9706
09/12/2010,JupiterMerian Glb Eq AbsRt I £ H Acc,0.9706
09/13/2010,JupiterMerian Glb Eq AbsRt I £ H Acc,0.9714
09/14/2010,JupiterMerian Glb Eq AbsRt I £ H Acc,0.9717
09/15/2010,JupiterMerian Glb Eq AbsRt I £ H Acc,0.974
09/16/2010,JupiterMerian Glb Eq AbsRt I £ H Acc,0.9749
09/17/2010,JupiterMerian Glb Eq AbsRt I £ H Acc,0.9778
09/18/2010,JupiterMerian Glb Eq AbsRt I £ H Acc,0.9778
09/19/2010,JupiterMerian Glb Eq AbsRt I £ H Acc,0.9778
09/20/2010,JupiterMerian Glb Eq AbsRt I £ H Acc,0.9793
09/21/2010,JupiterMerian Glb Eq AbsRt I £ H Acc,0.979
09/22/2010,JupiterMerian Glb Eq AbsRt I £ H Acc,0.9824
09/23/2010,JupiterMerian Glb Eq AbsRt I £ H Acc,0.9853
09/24/2010,JupiterMerian Glb Eq AbsRt I £ H Acc,0.9835
09/25/2010,JupiterMerian Glb Eq AbsRt I £ H Acc,0.9835
09/26/2010,JupiterMerian Glb Eq AbsRt I £ H Acc,0.9835
09/27/2010,JupiterMerian Glb Eq AbsRt I £ H Acc,0.983
09/28/2010,JupiterMerian Glb Eq AbsRt I £ H Acc,0.9864
09/29/2010,JupiterMerian Glb Eq AbsRt I £ H Acc,0.9879
09/30/2010,JupiterMerian Glb Eq AbsRt I £ H Acc,0.9952
10/01/2010,JupiterMerian Glb Eq AbsRt I £ H Acc,0.9926
10/02/2010,JupiterMerian Glb Eq AbsRt I £ H Acc,0.9926
10/03/2010,JupiterMerian Glb Eq AbsRt I £ H Acc,0.9926
10/04/2010,JupiterMerian Glb Eq AbsRt I £ H Acc,0.9896
10/05/2010,JupiterMerian Glb Eq AbsRt I £ H Acc,0.9874
10/06/2010,JupiterMerian Glb Eq AbsRt I £ H Acc,0.9911
10/07/2010,JupiterMerian Glb Eq AbsRt I £ H Acc,0.9868
10/08/2010,JupiterMerian Glb Eq AbsRt I £ H Acc,0.9899
10/09/2010,JupiterMerian Glb Eq AbsRt I £ H Acc,0.9899
10/10/2010,JupiterMerian Glb Eq AbsRt I £ H Acc,0.9899
10/11/2010,JupiterMerian Glb Eq AbsRt I £ H Acc,0.9897
10/12/2010,JupiterMerian Glb Eq AbsRt I £ H Acc,0.9897
10/13/2010,JupiterMerian Glb Eq AbsRt I £ H Acc,0.9954
10/14/2010,JupiterMerian Glb Eq AbsRt I £ H Acc,0.9932
10/15/2010,JupiterMerian Glb Eq AbsRt I £ H Acc,0.9914
10/16/2010,JupiterMerian Glb Eq AbsRt I £ H Acc,0.9914
10/17/2010,JupiterMerian Glb Eq AbsRt I £ H Acc,0.9914
10/18/2010,JupiterMerian Glb Eq AbsRt I £ H Acc,0.9948
10/19/2010,JupiterMerian Glb Eq AbsRt I £ H Acc,0.9909
10/20/2010,JupiterMerian Glb Eq AbsRt I £ H Acc,0.9927
10/21/2010,JupiterMerian Glb Eq AbsRt I £ H Acc,0.994
10/22/2010,JupiterMerian Glb Eq AbsRt I £ H Acc,0.9973
10/23/2010,JupiterMerian Glb Eq AbsRt I £ H Acc,0.9973
10/24/2010,JupiterMerian Glb Eq AbsRt I £ H Acc,0.9973
10/25/2010,JupiterMerian Glb Eq AbsRt I £ H Acc,0.9973
10/26/2010,JupiterMerian Glb Eq AbsRt I £ H Acc,0.997
10/27/2010,JupiterMerian Glb Eq AbsRt I £ H Acc,0.9991
10/28/2010,JupiterMerian Glb Eq AbsRt I £ H Acc,0.9995
10/29/2010,JupiterMerian Glb Eq AbsRt I £ H Acc,0.9984
10/30/2010,JupiterMerian Glb Eq AbsRt I £ H Acc,0.9984
10/31/2010,JupiterMerian Glb Eq AbsRt I £ H Acc,0.9984
11/01/2010,JupiterMerian Glb Eq AbsRt I £ H Acc,0.9952
11/02/2010,JupiterMerian Glb Eq AbsRt I £ H Acc,0.9936
11/03/2010,JupiterMerian Glb Eq AbsRt I £ H Acc,0.9926
11/04/2010,JupiterMerian Glb Eq AbsRt I £ H Acc,0.9983
11/05/2010,JupiterMerian Glb Eq AbsRt I £ H Acc,1.0014
11/06/2010,JupiterMerian Glb Eq AbsRt I £ H Acc,1.0014
11/07/2010,JupiterMerian Glb Eq AbsRt I £ H Acc,1.0014
11/08/2010,JupiterMerian Glb Eq AbsRt I £ H Acc,1.0051
11/09/2010,JupiterMerian Glb Eq AbsRt I £ H Acc,1.0037
11/10/2010,JupiterMerian Glb Eq AbsRt I £ H Acc,0.9984
11/11/2010,JupiterMerian Glb Eq AbsRt I £ H Acc,0.9984
11/12/2010,JupiterMerian Glb Eq AbsRt I £ H Acc,1.0019
11/13/2010,JupiterMerian Glb Eq AbsRt I £ H Acc,1.0019
11/14/2010,JupiterMerian Glb Eq AbsRt I £ H Acc,1.0019
11/15/2010,JupiterMerian Glb Eq AbsRt I £ H Acc,1.0012
11/16/2010,JupiterMerian Glb Eq AbsRt I £ H Acc,1.003
11/17/2010,JupiterMerian Glb Eq AbsRt I £ H Acc,1.0049
11/18/2010,JupiterMerian Glb Eq AbsRt I £ H Acc,1.0124
11/19/2010,JupiterMerian Glb Eq AbsRt I £ H Acc,1.0113
11/20/2010,JupiterMerian Glb Eq AbsRt I £ H Acc,1.0113
11/21/2010,JupiterMerian Glb Eq AbsRt I £ H Acc,1.0113
11/22/2010,JupiterMerian Glb Eq AbsRt I £ H Acc,1.0143
11/23/2010,JupiterMerian Glb Eq AbsRt I £ H Acc,1.0154
11/24/2010,JupiterMerian Glb Eq AbsRt I £ H Acc,1.0155
11/25/2010,JupiterMerian Glb Eq AbsRt I £ H Acc,1.0185
11/26/2010,JupiterMerian Glb Eq AbsRt I £ H Acc,1.0186
11/27/2010,JupiterMerian Glb Eq AbsRt I £ H Acc,1.0186
11/28/2010,JupiterMerian Glb Eq AbsRt I £ H Acc,1.0186
11/29/2010,JupiterMerian Glb Eq AbsRt I £ H Acc,1.0189
11/30/2010,JupiterMerian Glb Eq AbsRt I £ H Acc,1.0201
12/01/2010,JupiterMerian Glb Eq AbsRt I £ H Acc,1.0263
12/02/2010,JupiterMerian Glb Eq AbsRt I £ H Acc,1.0284
12/03/2010,JupiterMerian Glb Eq AbsRt I £ H Acc,1.028
12/04/2010,JupiterMerian Glb Eq AbsRt I £ H Acc,1.028
12/05/2010,JupiterMerian Glb Eq AbsRt I £ H Acc,1.028
12/06/2010,JupiterMerian Glb Eq AbsRt I £ H Acc,1.0269
12/07/2010,JupiterMerian Glb Eq AbsRt I £ H Acc,1.0259
12/08/2010,JupiterMerian Glb Eq AbsRt I £ H Acc,1.0237
12/09/2010,JupiterMerian Glb Eq AbsRt I £ H Acc,1.0207
12/10/2010,JupiterMerian Glb Eq AbsRt I £ H Acc,1.0191
12/11/2010,JupiterMerian Glb Eq AbsRt I £ H Acc,1.0191
12/12/2010,JupiterMerian Glb Eq AbsRt I £ H Acc,1.0191
12/13/2010,JupiterMerian Glb Eq AbsRt I £ H Acc,1.0201
12/14/2010,JupiterMerian Glb Eq AbsRt I £ H Acc,1.0191
12/15/2010,JupiterMerian Glb Eq AbsRt I £ H Acc,1.0209
12/16/2010,JupiterMerian Glb Eq AbsRt I £ H Acc,1.0213
12/17/2010,JupiterMerian Glb Eq AbsRt I £ H Acc,1.0172
12/18/2010,JupiterMerian Glb Eq AbsRt I £ H Acc,1.0172
12/19/2010,JupiterMerian Glb Eq AbsRt I £ H Acc,1.0172
12/20/2010,JupiterMerian Glb Eq AbsRt I £ H Acc,1.017
12/21/2010,JupiterMerian Glb Eq AbsRt I £ H Acc,1.0115
12/22/2010,JupiterMerian Glb Eq AbsRt I £ H Acc,1.0112
12/23/2010,JupiterMerian Glb Eq AbsRt I £ H Acc,1.0109
12/24/2010,JupiterMerian Glb Eq AbsRt I £ H Acc,1.0129
12/25/2010,JupiterMerian Glb Eq AbsRt I £ H Acc,1.0129
12/26/2010,JupiterMerian Glb Eq AbsRt I £ H Acc,1.0129
12/27/2010,JupiterMerian Glb Eq AbsRt I £ H Acc,1.0129
12/28/2010,JupiterMerian Glb Eq AbsRt I £ H Acc,1.0129
12/29/2010,JupiterMerian Glb Eq AbsRt I £ H Acc,1.0129
12/30/2010,JupiterMerian Glb Eq AbsRt I £ H Acc,1.0158
12/31/2010,JupiterMerian Glb Eq AbsRt I £ H Acc,1.0149
01/01/2011,JupiterMerian Glb Eq AbsRt I £ H Acc,1.0149
01/02/2011,JupiterMerian Glb Eq AbsRt I £ H Acc,1.0149
01/03/2011,JupiterMerian Glb Eq AbsRt I £ H Acc,1.0149
01/04/2011,JupiterMerian Glb Eq AbsRt I £ H Acc,1.0149
01/05/2011,JupiterMerian Glb Eq AbsRt I £ H Acc,1.0149
01/06/2011,JupiterMerian Glb Eq AbsRt I £ H Acc,1.0176
01/07/2011,JupiterMerian Glb Eq AbsRt I £ H Acc,1.0177
01/08/2011,JupiterMerian Glb Eq AbsRt I £ H Acc,1.0177
01/09/2011,JupiterMerian Glb Eq AbsRt I £ H Acc,1.0177
01/10/2011,JupiterMerian Glb Eq AbsRt I £ H Acc,1.0185
01/11/2011,JupiterMerian Glb Eq AbsRt I £ H Acc,1.0274
01/12/2011,JupiterMerian Glb Eq AbsRt I £ H Acc,1.021
01/13/2011,JupiterMerian Glb Eq AbsRt I £ H Acc,1.0214
01/14/2011,JupiterMerian Glb Eq AbsRt I £ H Acc,1.0237
01/15/2011,JupiterMerian Glb Eq AbsRt I £ H Acc,1.0237
01/16/2011,JupiterMerian Glb Eq AbsRt I £ H Acc,1.0237
01/17/2011,JupiterMerian Glb Eq AbsRt I £ H Acc,1.028
01/18/2011,JupiterMerian Glb Eq AbsRt I £ H Acc,1.0263
01/19/2011,JupiterMerian Glb Eq AbsRt I £ H Acc,1.0208
01/20/2011,JupiterMerian Glb Eq AbsRt I £ H Acc,1.0189
01/21/2011,JupiterMerian Glb Eq AbsRt I £ H Acc,1.0156
01/22/2011,JupiterMerian Glb Eq AbsRt I £ H Acc,1.0156
01/23/2011,JupiterMerian Glb Eq AbsRt I £ H Acc,1.0156
01/24/2011,JupiterMerian Glb Eq AbsRt I £ H Acc,1.0178
01/25/2011,JupiterMerian Glb Eq AbsRt I £ H Acc,1.0175
01/26/2011,JupiterMerian Glb Eq AbsRt I £ H Acc,1.023
01/27/2011,JupiterMerian Glb Eq AbsRt I £ H Acc,1.0255
01/28/2011,JupiterMerian Glb Eq AbsRt I £ H Acc,1.0272
01/29/2011,JupiterMerian Glb Eq AbsRt I £ H Acc,1.0272
01/30/2011,JupiterMerian Glb Eq AbsRt I £ H Acc,1.0272
01/31/2011,JupiterMerian Glb Eq AbsRt I £ H Acc,1.0285
02/01/2011,JupiterMerian Glb Eq AbsRt I £ H Acc,1.033
02/02/2011,JupiterMerian Glb Eq AbsRt I £ H Acc,1.0281
02/03/2011,JupiterMerian Glb Eq AbsRt I £ H Acc,1.029
02/04/2011,JupiterMerian Glb Eq AbsRt I £ H Acc,1.0286
02/05/2011,JupiterMerian Glb Eq AbsRt I £ H Acc,1.0286
02/06/2011,JupiterMerian Glb Eq AbsRt I £ H Acc,1.0286
02/07/2011,JupiterMerian Glb Eq AbsRt I £ H Acc,1.0301
02/08/2011,JupiterMerian Glb Eq AbsRt I £ H Acc,1.0273
02/09/2011,JupiterMerian Glb Eq AbsRt I £ H Acc,1.0248
02/10/2011,JupiterMerian Glb Eq AbsRt I £ H Acc,1.0308
02/11/2011,JupiterMerian Glb Eq AbsRt I £ H Acc,1.0308
02/12/2011,JupiterMerian Glb Eq AbsRt I £ H Acc,1.0308
02/13/2011,JupiterMerian Glb Eq AbsRt I £ H Acc,1.0308
02/14/2011,JupiterMerian Glb Eq AbsRt I £ H Acc,1.0323
02/15/2011,JupiterMerian Glb Eq AbsRt I £ H Acc,1.0348
02/16/2011,JupiterMerian Glb Eq AbsRt I £ H Acc,1.0331
02/17/2011,JupiterMerian Glb Eq AbsRt I £ H Acc,1.0284
02/18/2011,JupiterMerian Glb Eq AbsRt I £ H Acc,1.0284
02/19/2011,JupiterMerian Glb Eq AbsRt I £ H Acc,1.0284
02/20/2011,JupiterMerian Glb Eq AbsRt I £ H Acc,1.0284
02/21/2011,JupiterMerian Glb Eq AbsRt I £ H Acc,1.0299
02/22/2011,JupiterMerian Glb Eq AbsRt I £ H Acc,1.0309
02/23/2011,JupiterMerian Glb Eq AbsRt I £ H Acc,1.03
02/24/2011,JupiterMerian Glb Eq AbsRt I £ H Acc,1.0275
02/25/2011,JupiterMerian Glb Eq AbsRt I £ H Acc,1.0287
02/26/2011,JupiterMerian Glb Eq AbsRt I £ H Acc,1.0287
02/27/2011,JupiterMerian Glb Eq AbsRt I £ H Acc,1.0287
02/28/2011,JupiterMerian Glb Eq AbsRt I £ H Acc,1.0268
03/01/2011,JupiterMerian Glb Eq AbsRt I £ H Acc,1.0308
03/02/2011,JupiterMerian Glb Eq AbsRt I £ H Acc,1.0331
03/03/2011,JupiterMerian Glb Eq AbsRt I £ H Acc,1.0348
03/04/2011,JupiterMerian Glb Eq AbsRt I £ H Acc,1.0402
03/05/2011,JupiterMerian Glb Eq AbsRt I £ H Acc,1.0402
03/06/2011,JupiterMerian Glb Eq AbsRt I £ H Acc,1.0402
03/07/2011,JupiterMerian Glb Eq AbsRt I £ H Acc,1.0381
03/08/2011,JupiterMerian Glb Eq AbsRt I £ H Acc,1.0379
03/09/2011,JupiterMerian Glb Eq AbsRt I £ H Acc,1.0349
03/10/2011,JupiterMerian Glb Eq AbsRt I £ H Acc,1.0305
03/11/2011,JupiterMerian Glb Eq AbsRt I £ H Acc,1.0294
03/12/2011,JupiterMerian Glb Eq AbsRt I £ H Acc,1.0294
03/13/2011,JupiterMerian Glb Eq AbsRt I £ H Acc,1.0294
03/14/2011,JupiterMerian Glb Eq AbsRt I £ H Acc,1.0272
03/15/2011,JupiterMerian Glb Eq AbsRt I £ H Acc,1.0238
03/16/2011,JupiterMerian Glb Eq AbsRt I £ H Acc,1.0287
03/17/2011,JupiterMerian Glb Eq AbsRt I £ H Acc,1.0287
03/18/2011,JupiterMerian Glb Eq AbsRt I £ H Acc,1.0299
03/19/2011,JupiterMerian Glb Eq AbsRt I £ H Acc,1.0299
03/20/2011,JupiterMerian Glb Eq AbsRt I £ H Acc,1.0299
03/21/2011,JupiterMerian Glb Eq AbsRt I £ H Acc,1.0294
03/22/2011,JupiterMerian Glb Eq AbsRt I £ H Acc,1.0297
03/23/2011,JupiterMerian Glb Eq AbsRt I £ H Acc,1.0314
03/24/2011,JupiterMerian Glb Eq AbsRt I £ H Acc,1.0317
03/25/2011,JupiterMerian Glb Eq AbsRt I £ H Acc,1.0335
03/26/2011,JupiterMerian Glb Eq AbsRt I £ H Acc,1.0335
03/27/2011,JupiterMerian Glb Eq AbsRt I £ H Acc,1.0335
03/28/2011,JupiterMerian Glb Eq AbsRt I £ H Acc,1.0333
03/29/2011,JupiterMerian Glb Eq AbsRt I £ H Acc,1.0342
03/30/2011,JupiterMerian Glb Eq AbsRt I £ H Acc,1.0389
03/31/2011,JupiterMerian Glb Eq AbsRt I £ H Acc,1.0409
04/01/2011,JupiterMerian Glb Eq AbsRt I £ H Acc,1.0444
04/02/2011,JupiterMerian Glb Eq AbsRt I £ H Acc,1.0444
04/03/2011,JupiterMerian Glb Eq AbsRt I £ H Acc,1.0444
04/04/2011,JupiterMerian Glb Eq AbsRt I £ H Acc,1.0437
04/05/2011,JupiterMerian Glb Eq AbsRt I £ H Acc,1.0475
04/06/2011,JupiterMerian Glb Eq AbsRt I £ H Acc,1.0444
04/07/2011,JupiterMerian Glb Eq AbsRt I £ H Acc,1.0424
04/08/2011,JupiterMerian Glb Eq AbsRt I £ H Acc,1.0422
04/09/2011,JupiterMerian Glb Eq AbsRt I £ H Acc,1.0422
04/10/2011,JupiterMerian Glb Eq AbsRt I £ H Acc,1.0422
04/11/2011,JupiterMerian Glb Eq AbsRt I £ H Acc,1.042
04/12/2011,JupiterMerian Glb Eq AbsRt I £ H Acc,1.0391
04/13/2011,JupiterMerian Glb Eq AbsRt I £ H Acc,1.0426
04/14/2011,JupiterMerian Glb Eq AbsRt I £ H Acc,1.0421
04/15/2011,JupiterMerian Glb Eq AbsRt I £ H Acc,1.0418
04/16/2011,JupiterMerian Glb Eq AbsRt I £ H Acc,1.0418
04/17/2011,JupiterMerian Glb Eq AbsRt I £ H Acc,1.0418
04/18/2011,JupiterMerian Glb Eq AbsRt I £ H Acc,1.0423
04/19/2011,JupiterMerian Glb Eq AbsRt I £ H Acc,1.0418
04/20/2011,JupiterMerian Glb Eq AbsRt I £ H Acc,1.0477
04/21/2011,JupiterMerian Glb Eq AbsRt I £ H Acc,1.0481
04/22/2011,JupiterMerian Glb Eq AbsRt I £ H Acc,1.0481
04/23/2011,JupiterMerian Glb Eq AbsRt I £ H Acc,1.0481
04/24/2011,JupiterMerian Glb Eq AbsRt I £ H Acc,1.0481
04/25/2011,JupiterMerian Glb Eq AbsRt I £ H Acc,1.0481
04/26/2011,JupiterMerian Glb Eq AbsRt I £ H Acc,1.0517
04/27/2011,JupiterMerian Glb Eq AbsRt I £ H Acc,1.052
04/28/2011,JupiterMerian Glb Eq AbsRt I £ H Acc,1.049
04/29/2011,JupiterMerian Glb Eq AbsRt I £ H Acc,1.049
04/30/2011,JupiterMerian Glb Eq AbsRt I £ H Acc,1.049
05/01/2011,JupiterMerian Glb Eq AbsRt I £ H Acc,1.049
05/02/2011,JupiterMerian Glb Eq AbsRt I £ H Acc,1.049
05/03/2011,JupiterMerian Glb Eq AbsRt I £ H Acc,1.0516
05/04/2011,JupiterMerian Glb Eq AbsRt I £ H Acc,1.0537
05/05/2011,JupiterMerian Glb Eq AbsRt I £ H Acc,1.0602
05/06/2011,JupiterMerian Glb Eq AbsRt I £ H Acc,1.0607
05/07/2011,JupiterMerian Glb Eq AbsRt I £ H Acc,1.0607
05/08/2011,JupiterMerian Glb Eq AbsRt I £ H Acc,1.0607
05/09/2011,JupiterMerian Glb Eq AbsRt I £ H Acc,1.063
05/10/2011,JupiterMerian Glb Eq AbsRt I £ H Acc,1.065
05/11/2011,JupiterMerian Glb Eq AbsRt I £ H Acc,1.0667
05/12/2011,JupiterMerian Glb Eq AbsRt I £ H Acc,1.0665
05/13/2011,JupiterMerian Glb Eq AbsRt I £ H Acc,1.0663
05/14/2011,JupiterMerian Glb Eq AbsRt I £ H Acc,1.0663
05/15/2011,JupiterMerian Glb Eq AbsRt I £ H Acc,1.0663
05/16/2011,JupiterMerian Glb Eq AbsRt I £ H Acc,1.0683
05/17/2011,JupiterMerian Glb Eq AbsRt I £ H Acc,1.0673
05/18/2011,JupiterMerian Glb Eq AbsRt I £ H Acc,1.0708
05/19/2011,JupiterMerian Glb Eq AbsRt I £ H Acc,1.0693
05/20/2011,JupiterMerian Glb Eq AbsRt I £ H Acc,1.0713
05/21/2011,JupiterMerian Glb Eq AbsRt I £ H Acc,1.0713
05/22/2011,JupiterMerian Glb Eq AbsRt I £ H Acc,1.0713
05/23/2011,JupiterMerian Glb Eq AbsRt I £ H Acc,1.0697
05/24/2011,JupiterMerian Glb Eq AbsRt I £ H Acc,1.0737
05/25/2011,JupiterMerian Glb Eq AbsRt I £ H Acc,1.0735
05/26/2011,JupiterMerian Glb Eq AbsRt I £ H Acc,1.0711
05/27/2011,JupiterMerian Glb Eq AbsRt I £ H Acc,1.0693
05/28/2011,JupiterMerian Glb Eq AbsRt I £ H Acc,1.0693
05/29/2011,JupiterMerian Glb Eq AbsRt I £ H Acc,1.0693
05/30/2011,JupiterMerian Glb Eq AbsRt I £ H Acc,1.0693
05/31/2011,JupiterMerian Glb Eq AbsRt I £ H Acc,1.0685
06/01/2011,JupiterMerian Glb Eq AbsRt I £ H Acc,1.0715
06/02/2011,JupiterMerian Glb Eq AbsRt I £ H Acc,1.0709
06/03/2011,JupiterMerian Glb Eq AbsRt I £ H Acc,1.0698
06/04/2011,JupiterMerian Glb Eq AbsRt I £ H Acc,1.0698
06/05/2011,JupiterMerian Glb Eq AbsRt I £ H Acc,1.0698
06/06/2011,JupiterMerian Glb Eq AbsRt I £ H Acc,1.0698
06/07/2011,JupiterMerian Glb Eq AbsRt I £ H Acc,1.0729
06/08/2011,JupiterMerian Glb Eq AbsRt I £ H Acc,1.0732
06/09/2011,JupiterMerian Glb Eq AbsRt I £ H Acc,1.0775
06/10/2011,JupiterMerian Glb Eq AbsRt I £ H Acc,1.0774
06/11/2011,JupiterMerian Glb Eq AbsRt I £ H Acc,1.0774
06/12/2011,JupiterMerian Glb Eq AbsRt I £ H Acc,1.0774
06/13/2011,JupiterMerian Glb Eq AbsRt I £ H Acc,1.0741
06/14/2011,JupiterMerian Glb Eq AbsRt I £ H Acc,1.0791
06/15/2011,JupiterMerian Glb Eq AbsRt I £ H Acc,1.0774
06/16/2011,JupiterMerian Glb Eq AbsRt I £ H Acc,1.0753
06/17/2011,JupiterMerian Glb Eq AbsRt I £ H Acc,1.0774
06/18/2011,JupiterMerian Glb Eq AbsRt I £ H Acc,1.0774
06/19/2011,JupiterMerian Glb Eq AbsRt I £ H Acc,1.0774
06/20/2011,JupiterMerian Glb Eq AbsRt I £ H Acc,1.0752
06/21/2011,JupiterMerian Glb Eq AbsRt I £ H Acc,1.0804
06/22/2011,JupiterMerian Glb Eq AbsRt I £ H Acc,1.0845
06/23/2011,JupiterMerian Glb Eq AbsRt I £ H Acc,1.0838
06/24/2011,JupiterMerian Glb Eq AbsRt I £ H Acc,1.0838
06/25/2011,JupiterMerian Glb Eq AbsRt I £ H Acc,1.0838
06/26/2011,JupiterMerian Glb Eq AbsRt I £ H Acc,1.0838
06/27/2011,JupiterMerian Glb Eq AbsRt I £ H Acc,1.0867
06/28/2011,JupiterMerian Glb Eq AbsRt I £ H Acc,1.0869
06/29/2011,JupiterMerian Glb Eq AbsRt I £ H Acc,1.0881
06/30/2011,JupiterMerian Glb Eq AbsRt I £ H Acc,1.0877
07/01/2011,JupiterMerian Glb Eq AbsRt I £ H Acc,1.0872
07/02/2011,JupiterMerian Glb Eq AbsRt I £ H Acc,1.0872
07/03/2011,JupiterMerian Glb Eq AbsRt I £ H Acc,1.0872
07/04/2011,JupiterMerian Glb Eq AbsRt I £ H Acc,1.0883
07/05/2011,JupiterMerian Glb Eq AbsRt I £ H Acc,1.0896
07/06/2011,JupiterMerian Glb Eq AbsRt I £ H Acc,1.0959
07/07/2011,JupiterMerian Glb Eq AbsRt I £ H Acc,1.1014
07/08/2011,JupiterMerian Glb Eq AbsRt I £ H Acc,1.1014
07/09/2011,JupiterMerian Glb Eq AbsRt I £ H Acc,1.1014
07/10/2011,JupiterMerian Glb Eq AbsRt I £ H Acc,1.1014
07/11/2011,JupiterMerian Glb Eq AbsRt I £ H Acc,1.1046
07/12/2011,JupiterMerian Glb Eq AbsRt I £ H Acc,1.1097
07/13/2011,JupiterMerian Glb Eq AbsRt I £ H Acc,1.117
07/14/2011,JupiterMerian Glb Eq AbsRt I £ H Acc,1.1237
07/15/2011,JupiterMerian Glb Eq AbsRt I £ H Acc,1.1234
07/16/2011,JupiterMerian Glb Eq AbsRt I £ H Acc,1.1234
07/17/2011,JupiterMerian Glb Eq AbsRt I £ H Acc,1.1234
07/18/2011,JupiterMerian Glb Eq AbsRt I £ H Acc,1.1229
07/19/2011,JupiterMerian Glb Eq AbsRt I £ H Acc,1.1269
07/20/2011,JupiterMerian Glb Eq AbsRt I £ H Acc,1.126
07/21/2011,JupiterMerian Glb Eq AbsRt I £ H Acc,1.1271
07/22/2011,JupiterMerian Glb Eq AbsRt I £ H Acc,1.1199
07/23/2011,JupiterMerian Glb Eq AbsRt I £ H Acc,1.1199
07/24/2011,JupiterMerian Glb Eq AbsRt I £ H Acc,1.1199
07/25/2011,JupiterMerian Glb Eq AbsRt I £ H Acc,1.1245
07/26/2011,JupiterMerian Glb Eq AbsRt I £ H Acc,1.1245
07/27/2011,JupiterMerian Glb Eq AbsRt I £ H Acc,1.1273
07/28/2011,JupiterMerian Glb Eq AbsRt I £ H Acc,1.1255
07/29/2011,JupiterMerian Glb Eq AbsRt I £ H Acc,1.1253
07/30/2011,JupiterMerian Glb Eq AbsRt I £ H Acc,1.1253
07/31/2011,JupiterMerian Glb Eq AbsRt I £ H Acc,1.1253
08/01/2011,JupiterMerian Glb Eq AbsRt I £ H Acc,1.1253
08/02/2011,JupiterMerian Glb Eq AbsRt I £ H Acc,1.1251
08/03/2011,JupiterMerian Glb Eq AbsRt I £ H Acc,1.1307
08/04/2011,JupiterMerian Glb Eq AbsRt I £ H Acc,1.1321
08/05/2011,JupiterMerian Glb Eq AbsRt I £ H Acc,1.1368
08/06/2011,JupiterMerian Glb Eq AbsRt I £ H Acc,1.1368
08/07/2011,JupiterMerian Glb Eq AbsRt I £ H Acc,1.1368
08/08/2011,JupiterMerian Glb Eq AbsRt I £ H Acc,1.14
08/09/2011,JupiterMerian Glb Eq AbsRt I £ H Acc,1.1484
08/10/2011,JupiterMerian Glb Eq AbsRt I £ H Acc,1.1601
08/11/2011,JupiterMerian Glb Eq AbsRt I £ H Acc,1.1642
08/12/2011,JupiterMerian Glb Eq AbsRt I £ H Acc,1.1629
08/13/2011,JupiterMerian Glb Eq AbsRt I £ H Acc,1.1629
08/14/2011,JupiterMerian Glb Eq AbsRt I £ H Acc,1.1629
08/15/2011,JupiterMerian Glb Eq AbsRt I £ H Acc,1.1699
08/16/2011,JupiterMerian Glb Eq AbsRt I £ H Acc,1.1626
08/17/2011,JupiterMerian Glb Eq AbsRt I £ H Acc,1.1605
08/18/2011,JupiterMerian Glb Eq AbsRt I £ H Acc,1.1586
08/19/2011,JupiterMerian Glb Eq AbsRt I £ H Acc,1.1555
08/20/2011,JupiterMerian Glb Eq AbsRt I £ H Acc,1.1555
08/21/2011,JupiterMerian Glb Eq AbsRt I £ H Acc,1.1555
08/22/2011,JupiterMerian Glb Eq AbsRt I £ H Acc,1.1513
08/23/2011,JupiterMerian Glb Eq AbsRt I £ H Acc,1.1526
08/24/2011,JupiterMerian Glb Eq AbsRt I £ H Acc,1.1561
08/25/2011,JupiterMerian Glb Eq AbsRt I £ H Acc,1.1531
08/26/2011,JupiterMerian Glb Eq AbsRt I £ H Acc,1.1563
08/27/2011,JupiterMerian Glb Eq AbsRt I £ H Acc,1.1563
08/28/2011,JupiterMerian Glb Eq AbsRt I £ H Acc,1.1563
08/29/2011,JupiterMerian Glb Eq AbsRt I £ H Acc,1.1563
08/30/2011,JupiterMerian Glb Eq AbsRt I £ H Acc,1.1587
08/31/2011,JupiterMerian Glb Eq AbsRt I £ H Acc,1.1632
09/01/2011,JupiterMerian Glb Eq AbsRt I £ H Acc,1.1606
09/02/2011,JupiterMerian Glb Eq AbsRt I £ H Acc,1.1608
09/03/2011,JupiterMerian Glb Eq AbsRt I £ H Acc,1.1608
09/04/2011,JupiterMerian Glb Eq AbsRt I £ H Acc,1.1608
09/05/2011,JupiterMerian Glb Eq AbsRt I £ H Acc,1.1661
09/06/2011,JupiterMerian Glb Eq AbsRt I £ H Acc,1.1642
09/07/2011,JupiterMerian Glb Eq AbsRt I £ H Acc,1.1681
09/08/2011,JupiterMerian Glb Eq AbsRt I £ H Acc,1.1691
09/09/2011,JupiterMerian Glb Eq AbsRt I £ H Acc,1.1725
09/10/2011,JupiterMerian Glb Eq AbsRt I £ H Acc,1.1725
09/11/2011,JupiterMerian Glb Eq AbsRt I £ H Acc,1.1725
09/12/2011,JupiterMerian Glb Eq AbsRt I £ H Acc,1.1753
09/13/2011,JupiterMerian Glb Eq AbsRt I £ H Acc,1.1762
09/14/2011,JupiterMerian Glb Eq AbsRt I £ H Acc,1.1754
09/15/2011,JupiterMerian Glb Eq AbsRt I £ H Acc,1.1766
09/16/2011,JupiterMerian Glb Eq AbsRt I £ H Acc,1.1696
09/17/2011,JupiterMerian Glb Eq AbsRt I £ H Acc,1.1696
09/18/2011,JupiterMerian Glb Eq AbsRt I £ H Acc,1.1696
09/19/2011,JupiterMerian Glb Eq AbsRt I £ H Acc,1.1737
09/20/2011,JupiterMerian Glb Eq AbsRt I £ H Acc,1.1795
09/21/2011,JupiterMerian Glb Eq AbsRt I £ H Acc,1.1772
09/22/2011,JupiterMerian Glb Eq AbsRt I £ H Acc,1.1757
09/23/2011,JupiterMerian Glb Eq AbsRt I £ H Acc,1.1756
09/24/2011,JupiterMerian Glb Eq AbsRt I £ H Acc,1.1756
09/25/2011,JupiterMerian Glb Eq AbsRt I £ H Acc,1.1756
09/26/2011,JupiterMerian Glb Eq AbsRt I £ H Acc,1.1655
09/27/2011,JupiterMerian Glb Eq AbsRt I £ H Acc,1.1635
09/28/2011,JupiterMerian Glb Eq AbsRt I £ H Acc,1.164
09/29/2011,JupiterMerian Glb Eq AbsRt I £ H Acc,1.1607
09/30/2011,JupiterMerian Glb Eq AbsRt I £ H Acc,1.157
10/01/2011,JupiterMerian Glb Eq AbsRt I £ H Acc,1.157
10/02/2011,JupiterMerian Glb Eq AbsRt I £ H Acc,1.157
10/03/2011,JupiterMerian Glb Eq AbsRt I £ H Acc,1.157
10/04/2011,JupiterMerian Glb Eq AbsRt I £ H Acc,1.1629
10/05/2011,JupiterMerian Glb Eq AbsRt I £ H Acc,1.1611
10/06/2011,JupiterMerian Glb Eq AbsRt I £ H Acc,1.1584
10/07/2011,JupiterMerian Glb Eq AbsRt I £ H Acc,1.1602
10/08/2011,JupiterMerian Glb Eq AbsRt I £ H Acc,1.1602
10/09/2011,JupiterMerian Glb Eq AbsRt I £ H Acc,1.1602
10/10/2011,JupiterMerian Glb Eq AbsRt I £ H Acc,1.1637
10/11/2011,JupiterMerian Glb Eq AbsRt I £ H Acc,1.1602
10/12/2011,JupiterMerian Glb Eq AbsRt I £ H Acc,1.1626
10/13/2011,JupiterMerian Glb Eq AbsRt I £ H Acc,1.1607
10/14/2011,JupiterMerian Glb Eq AbsRt I £ H Acc,1.1617
10/15/2011,JupiterMerian Glb Eq AbsRt I £ H Acc,1.1617
10/16/2011,JupiterMerian Glb Eq AbsRt I £ H Acc,1.1617
10/17/2011,JupiterMerian Glb Eq AbsRt I £ H Acc,1.1632
10/18/2011,JupiterMerian Glb Eq AbsRt I £ H Acc,1.1649
10/19/2011,JupiterMerian Glb Eq AbsRt I £ H Acc,1.1556
10/20/2011,JupiterMerian Glb Eq AbsRt I £ H Acc,1.162
10/21/2011,JupiterMerian Glb Eq AbsRt I £ H Acc,1.1616
10/22/2011,JupiterMerian Glb Eq AbsRt I £ H Acc,1.1616
10/23/2011,JupiterMerian Glb Eq AbsRt I £ H Acc,1.1616
10/24/2011,JupiterMerian Glb Eq AbsRt I £ H Acc,1.1576
10/25/2011,JupiterMerian Glb Eq AbsRt I £ H Acc,1.1556
10/26/2011,JupiterMerian Glb Eq AbsRt I £ H Acc,1.1519
10/27/2011,JupiterMerian Glb Eq AbsRt I £ H Acc,1.1483
10/28/2011,JupiterMerian Glb Eq AbsRt I £ H Acc,1.1461
10/29/2011,JupiterMerian Glb Eq AbsRt I £ H Acc,1.1461
10/30/2011,JupiterMerian Glb Eq AbsRt I £ H Acc,1.1461
10/31/2011,JupiterMerian Glb Eq AbsRt I £ H Acc,1.1461
11/01/2011,JupiterMerian Glb Eq AbsRt I £ H Acc,1.1534
11/02/2011,JupiterMerian Glb Eq AbsRt I £ H Acc,1.1558
11/03/2011,JupiterMerian Glb Eq AbsRt I £ H Acc,1.1557
11/04/2011,JupiterMerian Glb Eq AbsRt I £ H Acc,1.1488
11/05/2011,JupiterMerian Glb Eq AbsRt I £ H Acc,1.1488
11/06/2011,JupiterMerian Glb Eq AbsRt I £ H Acc,1.1488
11/07/2011,JupiterMerian Glb Eq AbsRt I £ H Acc,1.1517
11/08/2011,JupiterMerian Glb Eq AbsRt I £ H Acc,1.1518
11/09/2011,JupiterMerian Glb Eq AbsRt I £ H Acc,1.1493
11/10/2011,JupiterMerian Glb Eq AbsRt I £ H Acc,1.1515
11/11/2011,JupiterMerian Glb Eq AbsRt I £ H Acc,1.1523
11/12/2011,JupiterMerian Glb Eq AbsRt I £ H Acc,1.1523
11/13/2011,JupiterMerian Glb Eq AbsRt I £ H Acc,1.1523
11/14/2011,JupiterMerian Glb Eq AbsRt I £ H Acc,1.1517
11/15/2011,JupiterMerian Glb Eq AbsRt I £ H Acc,1.1547
11/16/2011,JupiterMerian Glb Eq AbsRt I £ H Acc,1.1549
11/17/2011,JupiterMerian Glb Eq AbsRt I £ H Acc,1.153
11/18/2011,JupiterMerian Glb Eq AbsRt I £ H Acc,1.1527
11/19/2011,JupiterMerian Glb Eq AbsRt I £ H Acc,1.1527
11/20/2011,JupiterMerian Glb Eq AbsRt I £ H Acc,1.1527
11/21/2011,JupiterMerian Glb Eq AbsRt I £ H Acc,1.1522
11/22/2011,JupiterMerian Glb Eq AbsRt I £ H Acc,1.1532
11/23/2011,JupiterMerian Glb Eq AbsRt I £ H Acc,1.1565
11/24/2011,JupiterMerian Glb Eq AbsRt I £ H Acc,1.1554
11/25/2011,JupiterMerian Glb Eq AbsRt I £ H Acc,1.1564
11/26/2011,JupiterMerian Glb Eq AbsRt I £ H Acc,1.1564
11/27/2011,JupiterMerian Glb Eq AbsRt I £ H Acc,1.1564
11/28/2011,JupiterMerian Glb Eq AbsRt I £ H Acc,1.15
11/29/2011,JupiterMerian Glb Eq AbsRt I £ H Acc,1.1476
11/30/2011,JupiterMerian Glb Eq AbsRt I £ H Acc,1.1439
12/01/2011,JupiterMerian Glb Eq AbsRt I £ H Acc,1.1377
12/02/2011,JupiterMerian Glb Eq AbsRt I £ H Acc,1.1354
12/03/2011,JupiterMerian Glb Eq AbsRt I £ H Acc,1.1354
12/04/2011,JupiterMerian Glb Eq AbsRt I £ H Acc,1.1354
12/05/2011,JupiterMerian Glb Eq AbsRt I £ H Acc,1.133
12/06/2011,JupiterMerian Glb Eq AbsRt I £ H Acc,1.1325
12/07/2011,JupiterMerian Glb Eq AbsRt I £ H Acc,1.1298
12/08/2011,JupiterMerian Glb Eq AbsRt I £ H Acc,1.1315
12/09/2011,JupiterMerian Glb Eq AbsRt I £ H Acc,1.1348
12/10/2011,JupiterMerian Glb Eq AbsRt I £ H Acc,1.1348
12/11/2011,JupiterMerian Glb Eq AbsRt I £ H Acc,1.1348
12/12/2011,JupiterMerian Glb Eq AbsRt I £ H Acc,1.1372
12/13/2011,JupiterMerian Glb Eq AbsRt I £ H Acc,1.1421
12/14/2011,JupiterMerian Glb Eq AbsRt I £ H Acc,1.1465
12/15/2011,JupiterMerian Glb Eq AbsRt I £ H Acc,1.1522
12/16/2011,JupiterMerian Glb Eq AbsRt I £ H Acc,1.1502
12/17/2011,JupiterMerian Glb Eq AbsRt I £ H Acc,1.1502
12/18/2011,JupiterMerian Glb Eq AbsRt I £ H Acc,1.1502
12/19/2011,JupiterMerian Glb Eq AbsRt I £ H Acc,1.1508
12/20/2011,JupiterMerian Glb Eq AbsRt I £ H Acc,1.15
12/21/2011,JupiterMerian Glb Eq AbsRt I £ H Acc,1.1456
12/22/2011,JupiterMerian Glb Eq AbsRt I £ H Acc,1.1465
12/23/2011,JupiterMerian Glb Eq AbsRt I £ H Acc,1.1437
12/24/2011,JupiterMerian Glb Eq AbsRt I £ H Acc,1.1437
12/25/2011,JupiterMerian Glb Eq AbsRt I £ H Acc,1.1437
12/26/2011,JupiterMerian Glb Eq AbsRt I £ H Acc,1.1437
12/27/2011,JupiterMerian Glb Eq AbsRt I £ H Acc,1.1437
12/28/2011,JupiterMerian Glb Eq AbsRt I £ H Acc,1.1437
12/29/2011,JupiterMerian Glb Eq AbsRt I £ H Acc,1.1507
12/30/2011,JupiterMerian Glb Eq AbsRt I £ H Acc,1.1485
12/31/2011,JupiterMerian Glb Eq AbsRt I £ H Acc,1.1485
01/01/2012,JupiterMerian Glb Eq AbsRt I £ H Acc,1.1485
01/02/2012,JupiterMerian Glb Eq AbsRt I £ H Acc,1.1485
01/03/2012,JupiterMerian Glb Eq AbsRt I £ H Acc,1.1466
01/04/2012,JupiterMerian Glb Eq AbsRt I £ H Acc,1.1456
01/05/2012,JupiterMerian Glb Eq AbsRt I £ H Acc,1.1505
01/06/2012,JupiterMerian Glb Eq AbsRt I £ H Acc,1.15
01/07/2012,JupiterMerian Glb Eq AbsRt I £ H Acc,1.15
01/08/2012,JupiterMerian Glb Eq AbsRt I £ H Acc,1.15
01/09/2012,JupiterMerian Glb Eq AbsRt I £ H Acc,1.1508
01/10/2012,JupiterMerian Glb Eq AbsRt I £ H Acc,1.1479
01/11/2012,JupiterMerian Glb Eq AbsRt I £ H Acc,1.1464
01/12/2012,JupiterMerian Glb Eq AbsRt I £ H Acc,1.1398
01/13/2012,JupiterMerian Glb Eq AbsRt I £ H Acc,1.1434
01/14/2012,JupiterMerian Glb Eq AbsRt I £ H Acc,1.1434
01/15/2012,JupiterMerian Glb Eq AbsRt I £ H Acc,1.1434
01/16/2012,JupiterMerian Glb Eq AbsRt I £ H Acc,1.1455
01/17/2012,JupiterMerian Glb Eq AbsRt I £ H Acc,1.1433
01/18/2012,JupiterMerian Glb Eq AbsRt I £ H Acc,1.1413
01/19/2012,JupiterMerian Glb Eq AbsRt I £ H Acc,1.1311
01/20/2012,JupiterMerian Glb Eq AbsRt I £ H Acc,1.1249
01/21/2012,JupiterMerian Glb Eq AbsRt I £ H Acc,1.1249
01/22/2012,JupiterMerian Glb Eq AbsRt I £ H Acc,1.1249
01/23/2012,JupiterMerian Glb Eq AbsRt I £ H Acc,1.1281
01/24/2012,JupiterMerian Glb Eq AbsRt I £ H Acc,1.1335
01/25/2012,JupiterMerian Glb Eq AbsRt I £ H Acc,1.1389
01/26/2012,JupiterMerian Glb Eq AbsRt I £ H Acc,1.1447
01/27/2012,JupiterMerian Glb Eq AbsRt I £ H Acc,1.141
01/28/2012,JupiterMerian Glb Eq AbsRt I £ H Acc,1.141
01/29/2012,JupiterMerian Glb Eq AbsRt I £ H Acc,1.141
01/30/2012,JupiterMerian Glb Eq AbsRt I £ H Acc,1.1433
01/31/2012,JupiterMerian Glb Eq AbsRt I £ H Acc,1.1432
02/01/2012,JupiterMerian Glb Eq AbsRt I £ H Acc,1.1464
02/02/2012,JupiterMerian Glb Eq AbsRt I £ H Acc,1.1468
02/03/2012,JupiterMerian Glb Eq AbsRt I £ H Acc,1.1491
02/04/2012,JupiterMerian Glb Eq AbsRt I £ H Acc,1.1491
02/05/2012,JupiterMerian Glb Eq AbsRt I £ H Acc,1.1491
02/06/2012,JupiterMerian Glb Eq AbsRt I £ H Acc,1.1469
02/07/2012,JupiterMerian Glb Eq AbsRt I £ H Acc,1.1504
02/08/2012,JupiterMerian Glb Eq AbsRt I £ H Acc,1.1494
02/09/2012,JupiterMerian Glb Eq AbsRt I £ H Acc,1.1468
02/10/2012,JupiterMerian Glb Eq AbsRt I £ H Acc,1.1493
02/11/2012,JupiterMerian Glb Eq AbsRt I £ H Acc,1.1493
02/12/2012,JupiterMerian Glb Eq AbsRt I £ H Acc,1.1493
02/13/2012,JupiterMerian Glb Eq AbsRt I £ H Acc,1.1505
02/14/2012,JupiterMerian Glb Eq AbsRt I £ H Acc,1.1511
02/15/2012,JupiterMerian Glb Eq AbsRt I £ H Acc,1.1505
02/16/2012,JupiterMerian Glb Eq AbsRt I £ H Acc,1.1523
02/17/2012,JupiterMerian Glb Eq AbsRt I £ H Acc,1.1533
02/18/2012,JupiterMerian Glb Eq AbsRt I £ H Acc,1.1533
02/19/2012,JupiterMerian Glb Eq AbsRt I £ H Acc,1.1533
02/20/2012,JupiterMerian Glb Eq AbsRt I £ H Acc,1.1532
02/21/2012,JupiterMerian Glb Eq AbsRt I £ H Acc,1.1569
02/22/2012,JupiterMerian Glb Eq AbsRt I £ H Acc,1.1625
02/23/2012,JupiterMerian Glb Eq AbsRt I £ H Acc,1.1652
02/24/2012,JupiterMerian Glb Eq AbsRt I £ H Acc,1.1634
02/25/2012,JupiterMerian Glb Eq AbsRt I £ H Acc,1.1634
02/26/2012,JupiterMerian Glb Eq AbsRt I £ H Acc,1.1634
02/27/2012,JupiterMerian Glb Eq AbsRt I £ H Acc,1.1664
02/28/2012,JupiterMerian Glb Eq AbsRt I £ H Acc,1.1637
02/29/2012,JupiterMerian Glb Eq AbsRt I £ H Acc,1.1653
03/01/2012,JupiterMerian Glb Eq AbsRt I £ H Acc,1.1665
03/02/2012,JupiterMerian Glb Eq AbsRt I £ H Acc,1.1683
03/03/2012,JupiterMerian Glb Eq AbsRt I £ H Acc,1.1683
03/04/2012,JupiterMerian Glb Eq AbsRt I £ H Acc,1.1683
03/05/2012,JupiterMerian Glb Eq AbsRt I £ H Acc,1.1684
03/06/2012,JupiterMerian Glb Eq AbsRt I £ H Acc,1.1706
03/07/2012,JupiterMerian Glb Eq AbsRt I £ H Acc,1.1719
03/08/2012,JupiterMerian Glb Eq AbsRt I £ H Acc,1.1721
03/09/2012,JupiterMerian Glb Eq AbsRt I £ H Acc,1.17
03/10/2012,JupiterMerian Glb Eq AbsRt I £ H Acc,1.17
03/11/2012,JupiterMerian Glb Eq AbsRt I £ H Acc,1.17
03/12/2012,JupiterMerian Glb Eq AbsRt I £ H Acc,1.1724
03/13/2012,JupiterMerian Glb Eq AbsRt I £ H Acc,1.1719
03/14/2012,JupiterMerian Glb Eq AbsRt I £ H Acc,1.1678
03/15/2012,JupiterMerian Glb Eq AbsRt I £ H Acc,1.168
03/16/2012,JupiterMerian Glb Eq AbsRt I £ H Acc,1.1655
03/17/2012,JupiterMerian Glb Eq AbsRt I £ H Acc,1.1655
03/18/2012,JupiterMerian Glb Eq AbsRt I £ H Acc,1.1655
03/19/2012,JupiterMerian Glb Eq AbsRt I £ H Acc,1.1655
03/20/2012,JupiterMerian Glb Eq AbsRt I £ H Acc,1.1656
03/21/2012,JupiterMerian Glb Eq AbsRt I £ H Acc,1.1666
03/22/2012,JupiterMerian Glb Eq AbsRt I £ H Acc,1.1706
03/23/2012,JupiterMerian Glb Eq AbsRt I £ H Acc,1.1716
03/24/2012,JupiterMerian Glb Eq AbsRt I £ H Acc,1.1716
03/25/2012,JupiterMerian Glb Eq AbsRt I £ H Acc,1.1716
03/26/2012,JupiterMerian Glb Eq AbsRt I £ H Acc,1.1736
03/27/2012,JupiterMerian Glb Eq AbsRt I £ H Acc,1.1752
03/28/2012,JupiterMerian Glb Eq AbsRt I £ H Acc,1.1732
03/29/2012,JupiterMerian Glb Eq AbsRt I £ H Acc,1.1745
03/30/2012,JupiterMerian Glb Eq AbsRt I £ H Acc,1.1745
03/31/2012,JupiterMerian Glb Eq AbsRt I £ H Acc,1.1745
04/01/2012,JupiterMerian Glb Eq AbsRt I £ H Acc,1.1745
04/02/2012,JupiterMerian Glb Eq AbsRt I £ H Acc,1.174
04/03/2012,JupiterMerian Glb Eq AbsRt I £ H Acc,1.1754
04/04/2012,JupiterMerian Glb Eq AbsRt I £ H Acc,1.1774
04/05/2012,JupiterMerian Glb Eq AbsRt I £ H Acc,1.1786
04/06/2012,JupiterMerian Glb Eq AbsRt I £ H Acc,1.1786
04/07/2012,JupiterMerian Glb Eq AbsRt I £ H Acc,1.1786
04/08/2012,JupiterMerian Glb Eq AbsRt I £ H Acc,1.1786
04/09/2012,JupiterMerian Glb Eq AbsRt I £ H Acc,1.1786
04/10/2012,JupiterMerian Glb Eq AbsRt I £ H Acc,1.1822
04/11/2012,JupiterMerian Glb Eq AbsRt I £ H Acc,1.1818
04/12/2012,JupiterMerian Glb Eq AbsRt I £ H Acc,1.1817
04/13/2012,JupiterMerian Glb Eq AbsRt I £ H Acc,1.1791
04/14/2012,JupiterMerian Glb Eq AbsRt I £ H Acc,1.1791
04/15/2012,JupiterMerian Glb Eq AbsRt I £ H Acc,1.1791
04/16/2012,JupiterMerian Glb Eq AbsRt I £ H Acc,1.1858
04/17/2012,JupiterMerian Glb Eq AbsRt I £ H Acc,1.185
04/18/2012,JupiterMerian Glb Eq AbsRt I £ H Acc,1.1856
04/19/2012,JupiterMerian Glb Eq AbsRt I £ H Acc,1.1875
04/20/2012,JupiterMerian Glb Eq AbsRt I £ H Acc,1.1896
04/21/2012,JupiterMerian Glb Eq AbsRt I £ H Acc,1.1896
04/22/2012,JupiterMerian Glb Eq AbsRt I £ H Acc,1.1896
04/23/2012,JupiterMerian Glb Eq AbsRt I £ H Acc,1.1908
04/24/2012,JupiterMerian Glb Eq AbsRt I £ H Acc,1.1924
04/25/2012,JupiterMerian Glb Eq AbsRt I £ H Acc,1.1902
04/26/2012,JupiterMerian Glb Eq AbsRt I £ H Acc,1.1919
04/27/2012,JupiterMerian Glb Eq AbsRt I £ H Acc,1.189
04/28/2012,JupiterMerian Glb Eq AbsRt I £ H Acc,1.189
04/29/2012,JupiterMerian Glb Eq AbsRt I £ H Acc,1.189
04/30/2012,JupiterMerian Glb Eq AbsRt I £ H Acc,1.1894
05/01/2012,JupiterMerian Glb Eq AbsRt I £ H Acc,1.1905
05/02/2012,JupiterMerian Glb Eq AbsRt I £ H Acc,1.1899
05/03/2012,JupiterMerian Glb Eq AbsRt I £ H Acc,1.1913
05/04/2012,JupiterMerian Glb Eq AbsRt I £ H Acc,1.1887
05/05/2012,JupiterMerian Glb Eq AbsRt I £ H Acc,1.1887
05/06/2012,JupiterMerian Glb Eq AbsRt I £ H Acc,1.1887
05/07/2012,JupiterMerian Glb Eq AbsRt I £ H Acc,1.1887
05/08/2012,JupiterMerian Glb Eq AbsRt I £ H Acc,1.1828
05/09/2012,JupiterMerian Glb Eq AbsRt I £ H Acc,1.1807
05/10/2012,JupiterMerian Glb Eq AbsRt I £ H Acc,1.1823
05/11/2012,JupiterMerian Glb Eq AbsRt I £ H Acc,1.1836
05/12/2012,JupiterMerian Glb Eq AbsRt I £ H Acc,1.1836
05/13/2012,JupiterMerian Glb Eq AbsRt I £ H Acc,1.1836
05/14/2012,JupiterMerian Glb Eq AbsRt I £ H Acc,1.1866
05/15/2012,JupiterMerian Glb Eq AbsRt I £ H Acc,1.1862
05/16/2012,JupiterMerian Glb Eq AbsRt I £ H Acc,1.181
05/17/2012,JupiterMerian Glb Eq AbsRt I £ H Acc,1.1866
05/18/2012,JupiterMerian Glb Eq AbsRt I £ H Acc,1.1817
05/19/2012,JupiterMerian Glb Eq AbsRt I £ H Acc,1.1817
05/20/2012,JupiterMerian Glb Eq AbsRt I £ H Acc,1.1817
05/21/2012,JupiterMerian Glb Eq AbsRt I £ H Acc,1.1827
05/22/2012,JupiterMerian Glb Eq AbsRt I £ H Acc,1.1821
05/23/2012,JupiterMerian Glb Eq AbsRt I £ H Acc,1.1823
05/24/2012,JupiterMerian Glb Eq AbsRt I £ H Acc,1.1816
05/25/2012,JupiterMerian Glb Eq AbsRt I £ H Acc,1.1836
05/26/2012,JupiterMerian Glb Eq AbsRt I £ H Acc,1.1836
05/27/2012,JupiterMerian Glb Eq AbsRt I £ H Acc,1.1836
05/28/2012,JupiterMerian Glb Eq AbsRt I £ H Acc,1.1829
05/29/2012,JupiterMerian Glb Eq AbsRt I £ H Acc,1.1847
05/30/2012,JupiterMerian Glb Eq AbsRt I £ H Acc,1.1846
05/31/2012,JupiterMerian Glb Eq AbsRt I £ H Acc,1.1859
06/01/2012,JupiterMerian Glb Eq AbsRt I £ H Acc,1.1804
06/02/2012,JupiterMerian Glb Eq AbsRt I £ H Acc,1.1804
06/03/2012,JupiterMerian Glb Eq AbsRt I £ H Acc,1.1804
06/04/2012,JupiterMerian Glb Eq AbsRt I £ H Acc,1.1804
06/05/2012,JupiterMerian Glb Eq AbsRt I £ H Acc,1.1804
06/06/2012,JupiterMerian Glb Eq AbsRt I £ H Acc,1.1769
06/07/2012,JupiterMerian Glb Eq AbsRt I £ H Acc,1.1736
06/08/2012,JupiterMerian Glb Eq AbsRt I £ H Acc,1.1749
06/09/2012,JupiterMerian Glb Eq AbsRt I £ H Acc,1.1749
06/10/2012,JupiterMerian Glb Eq AbsRt I £ H Acc,1.1749
06/11/2012,JupiterMerian Glb Eq AbsRt I £ H Acc,1.1762
06/12/2012,JupiterMerian Glb Eq AbsRt I £ H Acc,1.1823
06/13/2012,JupiterMerian Glb Eq AbsRt I £ H Acc,1.1885
06/14/2012,JupiterMerian Glb Eq AbsRt I £ H Acc,1.1864
06/15/2012,JupiterMerian Glb Eq AbsRt I £ H Acc,1.1807
06/16/2012,JupiterMerian Glb Eq AbsRt I £ H Acc,1.1807
06/17/2012,JupiterMerian Glb Eq AbsRt I £ H Acc,1.1807
06/18/2012,JupiterMerian Glb Eq AbsRt I £ H Acc,1.1833
06/19/2012,JupiterMerian Glb Eq AbsRt I £ H Acc,1.1833
06/20/2012,JupiterMerian Glb Eq AbsRt I £ H Acc,1.1842
06/21/2012,JupiterMerian Glb Eq AbsRt I £ H Acc,1.1851
06/22/2012,JupiterMerian Glb Eq AbsRt I £ H Acc,1.1844
06/23/2012,JupiterMerian Glb Eq AbsRt I £ H Acc,1.1844
06/24/2012,JupiterMerian Glb Eq AbsRt I £ H Acc,1.1844
06/25/2012,JupiterMerian Glb Eq AbsRt I £ H Acc,1.1841
06/26/2012,JupiterMerian Glb Eq AbsRt I £ H Acc,1.1872
06/27/2012,JupiterMerian Glb Eq AbsRt I £ H Acc,1.1901
06/28/2012,JupiterMerian Glb Eq AbsRt I £ H Acc,1.1882
06/29/2012,JupiterMerian Glb Eq AbsRt I £ H Acc,1.1781
06/30/2012,JupiterMerian Glb Eq AbsRt I £ H Acc,1.1781
07/01/2012,JupiterMerian Glb Eq AbsRt I £ H Acc,1.1781
07/02/2012,JupiterMerian Glb Eq AbsRt I £ H Acc,1.1772
07/03/2012,JupiterMerian Glb Eq AbsRt I £ H Acc,1.18
07/04/2012,JupiterMerian Glb Eq AbsRt I £ H Acc,1.1847
07/05/2012,JupiterMerian Glb Eq AbsRt I £ H Acc,1.1829
07/06/2012,JupiterMerian Glb Eq AbsRt I £ H Acc,1.1832
07/07/2012,JupiterMerian Glb Eq AbsRt I £ H Acc,1.1832
07/08/2012,JupiterMerian Glb Eq AbsRt I £ H Acc,1.1832
07/09/2012,JupiterMerian Glb Eq AbsRt I £ H Acc,1.1831
07/10/2012,JupiterMerian Glb Eq AbsRt I £ H Acc,1.1852
07/11/2012,JupiterMerian Glb Eq AbsRt I £ H Acc,1.186
07/12/2012,JupiterMerian Glb Eq AbsRt I £ H Acc,1.1909
07/13/2012,JupiterMerian Glb Eq AbsRt I £ H Acc,1.1902
07/14/2012,JupiterMerian Glb Eq AbsRt I £ H Acc,1.1902
07/15/2012,JupiterMerian Glb Eq AbsRt I £ H Acc,1.1902
07/16/2012,JupiterMerian Glb Eq AbsRt I £ H Acc,1.1925
07/17/2012,JupiterMerian Glb Eq AbsRt I £ H Acc,1.1967
07/18/2012,JupiterMerian Glb Eq AbsRt I £ H Acc,1.1993
07/19/2012,JupiterMerian Glb Eq AbsRt I £ H Acc,1.1964
07/20/2012,JupiterMerian Glb Eq AbsRt I £ H Acc,1.1977
07/21/2012,JupiterMerian Glb Eq AbsRt I £ H Acc,1.1977
07/22/2012,JupiterMerian Glb Eq AbsRt I £ H Acc,1.1977
07/23/2012,JupiterMerian Glb Eq AbsRt I £ H Acc,1.1963
07/24/2012,JupiterMerian Glb Eq AbsRt I £ H Acc,1.1973
07/25/2012,JupiterMerian Glb Eq AbsRt I £ H Acc,1.1957
07/26/2012,JupiterMerian Glb Eq AbsRt I £ H Acc,1.1981
07/27/2012,JupiterMerian Glb Eq AbsRt I £ H Acc,1.1977
07/28/2012,JupiterMerian Glb Eq AbsRt I £ H Acc,1.1977
07/29/2012,JupiterMerian Glb Eq AbsRt I £ H Acc,1.1977
07/30/2012,JupiterMerian Glb Eq AbsRt I £ H Acc,1.196
07/31/2012,JupiterMerian Glb Eq AbsRt I £ H Acc,1.1944
08/01/2012,JupiterMerian Glb Eq AbsRt I £ H Acc,1.1957
08/02/2012,JupiterMerian Glb Eq AbsRt I £ H Acc,1.1895
08/03/2012,JupiterMerian Glb Eq AbsRt I £ H Acc,1.1944
08/04/2012,JupiterMerian Glb Eq AbsRt I £ H Acc,1.1944
08/05/2012,JupiterMerian Glb Eq AbsRt I £ H Acc,1.1944
08/06/2012,JupiterMerian Glb Eq AbsRt I £ H Acc,1.1944
08/07/2012,JupiterMerian Glb Eq AbsRt I £ H Acc,1.1911
08/08/2012,JupiterMerian Glb Eq AbsRt I £ H Acc,1.1882
08/09/2012,JupiterMerian Glb Eq AbsRt I £ H Acc,1.1898
08/10/2012,JupiterMerian Glb Eq AbsRt I £ H Acc,1.1875
08/11/2012,JupiterMerian Glb Eq AbsRt I £ H Acc,1.1875
08/12/2012,JupiterMerian Glb Eq AbsRt I £ H Acc,1.1875
08/13/2012,JupiterMerian Glb Eq AbsRt I £ H Acc,1.1874
08/14/2012,JupiterMerian Glb Eq AbsRt I £ H Acc,1.1908
08/15/2012,JupiterMerian Glb Eq AbsRt I £ H Acc,1.1937
08/16/2012,JupiterMerian Glb Eq AbsRt I £ H Acc,1.1939
08/17/2012,JupiterMerian Glb Eq AbsRt I £ H Acc,1.189
08/18/2012,JupiterMerian Glb Eq AbsRt I £ H Acc,1.189
08/19/2012,JupiterMerian Glb Eq AbsRt I £ H Acc,1.189
08/20/2012,JupiterMerian Glb Eq AbsRt I £ H Acc,1.1889
08/21/2012,JupiterMerian Glb Eq AbsRt I £ H Acc,1.1912
08/22/2012,JupiterMerian Glb Eq AbsRt I £ H Acc,1.1929
08/23/2012,JupiterMerian Glb Eq AbsRt I £ H Acc,1.1927
08/24/2012,JupiterMerian Glb Eq AbsRt I £ H Acc,1.1967
08/25/2012,JupiterMerian Glb Eq AbsRt I £ H Acc,1.1967
08/26/2012,JupiterMerian Glb Eq AbsRt I £ H Acc,1.1967
08/27/2012,JupiterMerian Glb Eq AbsRt I £ H Acc,1.1967
08/28/2012,JupiterMerian Glb Eq AbsRt I £ H Acc,1.2011
08/29/2012,JupiterMerian Glb Eq AbsRt I £ H Acc,1.203
08/30/2012,JupiterMerian Glb Eq AbsRt I £ H Acc,1.2052
08/31/2012,JupiterMerian Glb Eq AbsRt I £ H Acc,1.2061
09/01/2012,JupiterMerian Glb Eq AbsRt I £ H Acc,1.2061
09/02/2012,JupiterMerian Glb Eq AbsRt I £ H Acc,1.2061
09/03/2012,JupiterMerian Glb Eq AbsRt I £ H Acc,1.2082
09/04/2012,JupiterMerian Glb Eq AbsRt I £ H Acc,1.2091
09/05/2012,JupiterMerian Glb Eq AbsRt I £ H Acc,1.2161
09/06/2012,JupiterMerian Glb Eq AbsRt I £ H Acc,1.2152
09/07/2012,JupiterMerian Glb Eq AbsRt I £ H Acc,1.2034
09/08/2012,JupiterMerian Glb Eq AbsRt I £ H Acc,1.2034
09/09/2012,JupiterMerian Glb Eq AbsRt I £ H Acc,1.2034
09/10/2012,JupiterMerian Glb Eq AbsRt I £ H Acc,1.2007
09/11/2012,JupiterMerian Glb Eq AbsRt I £ H Acc,1.2071
09/12/2012,JupiterMerian Glb Eq AbsRt I £ H Acc,1.2
09/13/2012,JupiterMerian Glb Eq AbsRt I £ H Acc,1.1992
09/14/2012,JupiterMerian Glb Eq AbsRt I £ H Acc,1.1876
09/15/2012,JupiterMerian Glb Eq AbsRt I £ H Acc,1.1876
09/16/2012,JupiterMerian Glb Eq AbsRt I £ H Acc,1.1876
09/17/2012,JupiterMerian Glb Eq AbsRt I £ H Acc,1.1889
09/18/2012,JupiterMerian Glb Eq AbsRt I £ H Acc,1.1959
09/19/2012,JupiterMerian Glb Eq AbsRt I £ H Acc,1.1941
09/20/2012,JupiterMerian Glb Eq AbsRt I £ H Acc,1.2009
09/21/2012,JupiterMerian Glb Eq AbsRt I £ H Acc,1.2007
09/22/2012,JupiterMerian Glb Eq AbsRt I £ H Acc,1.2007
09/23/2012,JupiterMerian Glb Eq AbsRt I £ H Acc,1.2007
09/24/2012,JupiterMerian Glb Eq AbsRt I £ H Acc,1.2032
09/25/2012,JupiterMerian Glb Eq AbsRt I £ H Acc,1.2024
09/26/2012,JupiterMerian Glb Eq AbsRt I £ H Acc,1.2065
09/27/2012,JupiterMerian Glb Eq AbsRt I £ H Acc,1.2077
09/28/2012,JupiterMerian Glb Eq AbsRt I £ H Acc,1.2113
09/29/2012,JupiterMerian Glb Eq AbsRt I £ H Acc,1.2113
09/30/2012,JupiterMerian Glb Eq AbsRt I £ H Acc,1.2113
10/01/2012,JupiterMerian Glb Eq AbsRt I £ H Acc,1.2118
10/02/2012,JupiterMerian Glb Eq AbsRt I £ H Acc,1.2147
10/03/2012,JupiterMerian Glb Eq AbsRt I £ H Acc,1.2151
10/04/2012,JupiterMerian Glb Eq AbsRt I £ H Acc,1.2173
10/05/2012,JupiterMerian Glb Eq AbsRt I £ H Acc,1.2152
10/06/2012,JupiterMerian Glb Eq AbsRt I £ H Acc,1.2152
10/07/2012,JupiterMerian Glb Eq AbsRt I £ H Acc,1.2152
10/08/2012,JupiterMerian Glb Eq AbsRt I £ H Acc,1.217
10/09/2012,JupiterMerian Glb Eq AbsRt I £ H Acc,1.2174
10/10/2012,JupiterMerian Glb Eq AbsRt I £ H Acc,1.2199
10/11/2012,JupiterMerian Glb Eq AbsRt I £ H Acc,1.2222
10/12/2012,JupiterMerian Glb Eq AbsRt I £ H Acc,1.2227
10/13/2012,JupiterMerian Glb Eq AbsRt I £ H Acc,1.2227
10/14/2012,JupiterMerian Glb Eq AbsRt I £ H Acc,1.2227
10/15/2012,JupiterMerian Glb Eq AbsRt I £ H Acc,1.2219
10/16/2012,JupiterMerian Glb Eq AbsRt I £ H Acc,1.2234
10/17/2012,JupiterMerian Glb Eq AbsRt I £ H Acc,1.2238
10/18/2012,JupiterMerian Glb Eq AbsRt I £ H Acc,1.2189
10/19/2012,JupiterMerian Glb Eq AbsRt I £ H Acc,1.216
10/20/2012,JupiterMerian Glb Eq AbsRt I £ H Acc,1.216
10/21/2012,JupiterMerian Glb Eq AbsRt I £ H Acc,1.216
10/22/2012,JupiterMerian Glb Eq AbsRt I £ H Acc,1.2157
10/23/2012,JupiterMerian Glb Eq AbsRt I £ H Acc,1.2157
10/24/2012,JupiterMerian Glb Eq AbsRt I £ H Acc,1.2137
10/25/2012,JupiterMerian Glb Eq AbsRt I £ H Acc,1.2213
10/26/2012,JupiterMerian Glb Eq AbsRt I £ H Acc,1.2231
10/27/2012,JupiterMerian Glb Eq AbsRt I £ H Acc,1.2231
10/28/2012,JupiterMerian Glb Eq AbsRt I £ H Acc,1.2231
10/29/2012,JupiterMerian Glb Eq AbsRt I £ H Acc,1.2231
10/30/2012,JupiterMerian Glb Eq AbsRt I £ H Acc,1.2228
10/31/2012,JupiterMerian Glb Eq AbsRt I £ H Acc,1.2208
11/01/2012,JupiterMerian Glb Eq AbsRt I £ H Acc,1.2199
11/02/2012,JupiterMerian Glb Eq AbsRt I £ H Acc,1.2166
11/03/2012,JupiterMerian Glb Eq AbsRt I £ H Acc,1.2166
11/04/2012,JupiterMerian Glb Eq AbsRt I £ H Acc,1.2166
11/05/2012,JupiterMerian Glb Eq AbsRt I £ H Acc,1.2132
11/06/2012,JupiterMerian Glb Eq AbsRt I £ H Acc,1.2124
11/07/2012,JupiterMerian Glb Eq AbsRt I £ H Acc,1.2072
11/08/2012,JupiterMerian Glb Eq AbsRt I £ H Acc,1.2081
11/09/2012,JupiterMerian Glb Eq AbsRt I £ H Acc,1.2108
11/10/2012,JupiterMerian Glb Eq AbsRt I £ H Acc,1.2108
11/11/2012,JupiterMerian Glb Eq AbsRt I £ H Acc,1.2108
11/12/2012,JupiterMerian Glb Eq AbsRt I £ H Acc,1.2123
11/13/2012,JupiterMerian Glb Eq AbsRt I £ H Acc,1.2152
11/14/2012,JupiterMerian Glb Eq AbsRt I £ H Acc,1.2162
11/15/2012,JupiterMerian Glb Eq AbsRt I £ H Acc,1.2117
11/16/2012,JupiterMerian Glb Eq AbsRt I £ H Acc,1.202
11/17/2012,JupiterMerian Glb Eq AbsRt I £ H Acc,1.202
11/18/2012,JupiterMerian Glb Eq AbsRt I £ H Acc,1.202
11/19/2012,JupiterMerian Glb Eq AbsRt I £ H Acc,1.2035
11/20/2012,JupiterMerian Glb Eq AbsRt I £ H Acc,1.2073
11/21/2012,JupiterMerian Glb Eq AbsRt I £ H Acc,1.2077
11/22/2012,JupiterMerian Glb Eq AbsRt I £ H Acc,1.2049
11/23/2012,JupiterMerian Glb Eq AbsRt I £ H Acc,1.2033
11/24/2012,JupiterMerian Glb Eq AbsRt I £ H Acc,1.2033
11/25/2012,JupiterMerian Glb Eq AbsRt I £ H Acc,1.2033
11/26/2012,JupiterMerian Glb Eq AbsRt I £ H Acc,1.1992
11/27/2012,JupiterMerian Glb Eq AbsRt I £ H Acc,1.2019
11/28/2012,JupiterMerian Glb Eq AbsRt I £ H Acc,1.2056
11/29/2012,JupiterMerian Glb Eq AbsRt I £ H Acc,1.2035
11/30/2012,JupiterMerian Glb Eq AbsRt I £ H Acc,1.2034
12/01/2012,JupiterMerian Glb Eq AbsRt I £ H Acc,1.2034
12/02/2012,JupiterMerian Glb Eq AbsRt I £ H Acc,1.2034
12/03/2012,JupiterMerian Glb Eq AbsRt I £ H Acc,1.2021
12/04/2012,JupiterMerian Glb Eq AbsRt I £ H Acc,1.2046
12/05/2012,JupiterMerian Glb Eq AbsRt I £ H Acc,1.2012
12/06/2012,JupiterMerian Glb Eq AbsRt I £ H Acc,1.1999
12/07/2012,JupiterMerian Glb Eq AbsRt I £ H Acc,1.2022
12/08/2012,JupiterMerian Glb Eq AbsRt I £ H Acc,1.2022
12/09/2012,JupiterMerian Glb Eq AbsRt I £ H Acc,1.2022
12/10/2012,JupiterMerian Glb Eq AbsRt I £ H Acc,1.199
12/11/2012,JupiterMerian Glb Eq AbsRt I £ H Acc,1.1964
12/12/2012,JupiterMerian Glb Eq AbsRt I £ H Acc,1.1982
12/13/2012,JupiterMerian Glb Eq AbsRt I £ H Acc,1.1925
12/14/2012,JupiterMerian Glb Eq AbsRt I £ H Acc,1.1873
12/15/2012,JupiterMerian Glb Eq AbsRt I £ H Acc,1.1873
12/16/2012,JupiterMerian Glb Eq AbsRt I £ H Acc,1.1873
12/17/2012,JupiterMerian Glb Eq AbsRt I £ H Acc,1.1834
12/18/2012,JupiterMerian Glb Eq AbsRt I £ H Acc,1.185
12/19/2012,JupiterMerian Glb Eq AbsRt I £ H Acc,1.1793
12/20/2012,JupiterMerian Glb Eq AbsRt I £ H Acc,1.1787
12/21/2012,JupiterMerian Glb Eq AbsRt I £ H Acc,1.1777
12/22/2012,JupiterMerian Glb Eq AbsRt I £ H Acc,1.1777
12/23/2012,JupiterMerian Glb Eq AbsRt I £ H Acc,1.1777
12/24/2012,JupiterMerian Glb Eq AbsRt I £ H Acc,1.1735
12/25/2012,JupiterMerian Glb Eq AbsRt I £ H Acc,1.1735
12/26/2012,JupiterMerian Glb Eq AbsRt I £ H Acc,1.1735
12/27/2012,JupiterMerian Glb Eq AbsRt I £ H Acc,1.1735
12/28/2012,JupiterMerian Glb Eq AbsRt I £ H Acc,1.1653
12/29/2012,JupiterMerian Glb Eq AbsRt I £ H Acc,1.1653
12/30/2012,JupiterMerian Glb Eq AbsRt I £ H Acc,1.1653
12/31/2012,JupiterMerian Glb Eq AbsRt I £ H Acc,1.1661
01/01/2013,JupiterMerian Glb Eq AbsRt I £ H Acc,1.1661
01/02/2013,JupiterMerian Glb Eq AbsRt I £ H Acc,1.1675
01/03/2013,JupiterMerian Glb Eq AbsRt I £ H Acc,1.1682
01/04/2013,JupiterMerian Glb Eq AbsRt I £ H Acc,1.1662
01/05/2013,JupiterMerian Glb Eq AbsRt I £ H Acc,1.1662
01/06/2013,JupiterMerian Glb Eq AbsRt I £ H Acc,1.1662
01/07/2013,JupiterMerian Glb Eq AbsRt I £ H Acc,1.1739
01/08/2013,JupiterMerian Glb Eq AbsRt I £ H Acc,1.1814
01/09/2013,JupiterMerian Glb Eq AbsRt I £ H Acc,1.1878
01/10/2013,JupiterMerian Glb Eq AbsRt I £ H Acc,1.1873
01/11/2013,JupiterMerian Glb Eq AbsRt I £ H Acc,1.1933
01/12/2013,JupiterMerian Glb Eq AbsRt I £ H Acc,1.1933
01/13/2013,JupiterMerian Glb Eq AbsRt I £ H Acc,1.1933
01/14/2013,JupiterMerian Glb Eq AbsRt I £ H Acc,1.1983
01/15/2013,JupiterMerian Glb Eq AbsRt I £ H Acc,1.1993
01/16/2013,JupiterMerian Glb Eq AbsRt I £ H Acc,1.2051
01/17/2013,JupiterMerian Glb Eq AbsRt I £ H Acc,1.207
01/18/2013,JupiterMerian Glb Eq AbsRt I £ H Acc,1.2064
01/19/2013,JupiterMerian Glb Eq AbsRt I £ H Acc,1.2064
01/20/2013,JupiterMerian Glb Eq AbsRt I £ H Acc,1.2064
01/21/2013,JupiterMerian Glb Eq AbsRt I £ H Acc,1.2082
01/22/2013,JupiterMerian Glb Eq AbsRt I £ H Acc,1.2092
01/23/2013,JupiterMerian Glb Eq AbsRt I £ H Acc,1.2066
01/24/2013,JupiterMerian Glb Eq AbsRt I £ H Acc,1.2084
01/25/2013,JupiterMerian Glb Eq AbsRt I £ H Acc,1.2109
01/26/2013,JupiterMerian Glb Eq AbsRt I £ H Acc,1.2109
01/27/2013,JupiterMerian Glb Eq AbsRt I £ H Acc,1.2109
01/28/2013,JupiterMerian Glb Eq AbsRt I £ H Acc,1.2158
01/29/2013,JupiterMerian Glb Eq AbsRt I £ H Acc,1.2156
01/30/2013,JupiterMerian Glb Eq AbsRt I £ H Acc,1.2134
01/31/2013,JupiterMerian Glb Eq AbsRt I £ H Acc,1.2159
02/01/2013,JupiterMerian Glb Eq AbsRt I £ H Acc,1.2186
02/02/2013,JupiterMerian Glb Eq AbsRt I £ H Acc,1.2186
02/03/2013,JupiterMerian Glb Eq AbsRt I £ H Acc,1.2186
02/04/2013,JupiterMerian Glb Eq AbsRt I £ H Acc,1.2185
02/05/2013,JupiterMerian Glb Eq AbsRt I £ H Acc,1.2185
02/06/2013,JupiterMerian Glb Eq AbsRt I £ H Acc,1.2233
02/07/2013,JupiterMerian Glb Eq AbsRt I £ H Acc,1.2286
02/08/2013,JupiterMerian Glb Eq AbsRt I £ H Acc,1.232
02/09/2013,JupiterMerian Glb Eq AbsRt I £ H Acc,1.232
02/10/2013,JupiterMerian Glb Eq AbsRt I £ H Acc,1.232
02/11/2013,JupiterMerian Glb Eq AbsRt I £ H Acc,1.2278
02/12/2013,JupiterMerian Glb Eq AbsRt I £ H Acc,1.2245
02/13/2013,JupiterMerian Glb Eq AbsRt I £ H Acc,1.2219
02/14/2013,JupiterMerian Glb Eq AbsRt I £ H Acc,1.2262
02/15/2013,JupiterMerian Glb Eq AbsRt I £ H Acc,1.225
02/16/2013,JupiterMerian Glb Eq AbsRt I £ H Acc,1.225
02/17/2013,JupiterMerian Glb Eq AbsRt I £ H Acc,1.225
02/18/2013,JupiterMerian Glb Eq AbsRt I £ H Acc,1.2304
02/19/2013,JupiterMerian Glb Eq AbsRt I £ H Acc,1.2333
02/20/2013,JupiterMerian Glb Eq AbsRt I £ H Acc,1.2333
02/21/2013,JupiterMerian Glb Eq AbsRt I £ H Acc,1.2334
02/22/2013,JupiterMerian Glb Eq AbsRt I £ H Acc,1.2365
02/23/2013,JupiterMerian Glb Eq AbsRt I £ H Acc,1.2365
02/24/2013,JupiterMerian Glb Eq AbsRt I £ H Acc,1.2365
02/25/2013,JupiterMerian Glb Eq AbsRt I £ H Acc,1.2311
02/26/2013,JupiterMerian Glb Eq AbsRt I £ H Acc,1.2289
02/27/2013,JupiterMerian Glb Eq AbsRt I £ H Acc,1.2294
02/28/2013,JupiterMerian Glb Eq AbsRt I £ H Acc,1.2328
03/01/2013,JupiterMerian Glb Eq AbsRt I £ H Acc,1.24
03/02/2013,JupiterMerian Glb Eq AbsRt I £ H Acc,1.24
03/03/2013,JupiterMerian Glb Eq AbsRt I £ H Acc,1.24
03/04/2013,JupiterMerian Glb Eq AbsRt I £ H Acc,1.2411
03/05/2013,JupiterMerian Glb Eq AbsRt I £ H Acc,1.2452
03/06/2013,JupiterMerian Glb Eq AbsRt I £ H Acc,1.2479
03/07/2013,JupiterMerian Glb Eq AbsRt I £ H Acc,1.2488
03/08/2013,JupiterMerian Glb Eq AbsRt I £ H Acc,1.2491
03/09/2013,JupiterMerian Glb Eq AbsRt I £ H Acc,1.2491
03/10/2013,JupiterMerian Glb Eq AbsRt I £ H Acc,1.2491
03/11/2013,JupiterMerian Glb Eq AbsRt I £ H Acc,1.2497
03/12/2013,JupiterMerian Glb Eq AbsRt I £ H Acc,1.2453
03/13/2013,JupiterMerian Glb Eq AbsRt I £ H Acc,1.2495
03/14/2013,JupiterMerian Glb Eq AbsRt I £ H Acc,1.2537
03/15/2013,JupiterMerian Glb Eq AbsRt I £ H Acc,1.2506
03/16/2013,JupiterMerian Glb Eq AbsRt I £ H Acc,1.2506
03/17/2013,JupiterMerian Glb Eq AbsRt I £ H Acc,1.2506
03/18/2013,JupiterMerian Glb Eq AbsRt I £ H Acc,1.2506
03/19/2013,JupiterMerian Glb Eq AbsRt I £ H Acc,1.2541
03/20/2013,JupiterMerian Glb Eq AbsRt I £ H Acc,1.2541
03/21/2013,JupiterMerian Glb Eq AbsRt I £ H Acc,1.2564
03/22/2013,JupiterMerian Glb Eq AbsRt I £ H Acc,1.2591
03/23/2013,JupiterMerian Glb Eq AbsRt I £ H Acc,1.2591
03/24/2013,JupiterMerian Glb Eq AbsRt I £ H Acc,1.2591
03/25/2013,JupiterMerian Glb Eq AbsRt I £ H Acc,1.2609
03/26/2013,JupiterMerian Glb Eq AbsRt I £ H Acc,1.2625
03/27/2013,JupiterMerian Glb Eq AbsRt I £ H Acc,1.264
03/28/2013,JupiterMerian Glb Eq AbsRt I £ H Acc,1.2671
03/29/2013,JupiterMerian Glb Eq AbsRt I £ H Acc,1.2671
03/30/2013,JupiterMerian Glb Eq AbsRt I £ H Acc,1.2671
03/31/2013,JupiterMerian Glb Eq AbsRt I £ H Acc,1.2671
04/01/2013,JupiterMerian Glb Eq AbsRt I £ H Acc,1.2671
04/02/2013,JupiterMerian Glb Eq AbsRt I £ H Acc,1.2693
04/03/2013,JupiterMerian Glb Eq AbsRt I £ H Acc,1.2739
04/04/2013,JupiterMerian Glb Eq AbsRt I £ H Acc,1.2655
04/05/2013,JupiterMerian Glb Eq AbsRt I £ H Acc,1.2634
04/06/2013,JupiterMerian Glb Eq AbsRt I £ H Acc,1.2634
04/07/2013,JupiterMerian Glb Eq AbsRt I £ H Acc,1.2634
04/08/2013,JupiterMerian Glb Eq AbsRt I £ H Acc,1.2697
04/09/2013,JupiterMerian Glb Eq AbsRt I £ H Acc,1.2667
04/10/2013,JupiterMerian Glb Eq AbsRt I £ H Acc,1.2603
04/11/2013,JupiterMerian Glb Eq AbsRt I £ H Acc,1.2703
04/12/2013,JupiterMerian Glb Eq AbsRt I £ H Acc,1.2693
04/13/2013,JupiterMerian Glb Eq AbsRt I £ H Acc,1.2693
04/14/2013,JupiterMerian Glb Eq AbsRt I £ H Acc,1.2693
04/15/2013,JupiterMerian Glb Eq AbsRt I £ H Acc,1.2779
04/16/2013,JupiterMerian Glb Eq AbsRt I £ H Acc,1.2806
04/17/2013,JupiterMerian Glb Eq AbsRt I £ H Acc,1.2921
04/18/2013,JupiterMerian Glb Eq AbsRt I £ H Acc,1.2987
04/19/2013,JupiterMerian Glb Eq AbsRt I £ H Acc,1.2951
04/20/2013,JupiterMerian Glb Eq AbsRt I £ H Acc,1.2951
04/21/2013,JupiterMerian Glb Eq AbsRt I £ H Acc,1.2951
04/22/2013,JupiterMerian Glb Eq AbsRt I £ H Acc,1.3028
04/23/2013,JupiterMerian Glb Eq AbsRt I £ H Acc,1.3088
04/24/2013,JupiterMerian Glb Eq AbsRt I £ H Acc,1.3086
04/25/2013,JupiterMerian Glb Eq AbsRt I £ H Acc,1.3122
04/26/2013,JupiterMerian Glb Eq AbsRt I £ H Acc,1.3114
04/27/2013,JupiterMerian Glb Eq AbsRt I £ H Acc,1.3114
04/28/2013,JupiterMerian Glb Eq AbsRt I £ H Acc,1.3114
04/29/2013,JupiterMerian Glb Eq AbsRt I £ H Acc,1.3127
04/30/2013,JupiterMerian Glb Eq AbsRt I £ H Acc,1.3177
05/01/2013,JupiterMerian Glb Eq AbsRt I £ H Acc,1.3159
05/02/2013,JupiterMerian Glb Eq AbsRt I £ H Acc,1.3219
05/03/2013,JupiterMerian Glb Eq AbsRt I £ H Acc,1.3249
05/04/2013,JupiterMerian Glb Eq AbsRt I £ H Acc,1.3249
05/05/2013,JupiterMerian Glb Eq AbsRt I £ H Acc,1.3249
05/06/2013,JupiterMerian Glb Eq AbsRt I £ H Acc,1.3249
05/07/2013,JupiterMerian Glb Eq AbsRt I £ H Acc,1.3288
05/08/2013,JupiterMerian Glb Eq AbsRt I £ H Acc,1.3268
05/09/2013,JupiterMerian Glb Eq AbsRt I £ H Acc,1.3265
05/10/2013,JupiterMerian Glb Eq AbsRt I £ H Acc,1.3225
05/11/2013,JupiterMerian Glb Eq AbsRt I £ H Acc,1.3225
05/12/2013,JupiterMerian Glb Eq AbsRt I £ H Acc,1.3225
05/13/2013,JupiterMerian Glb Eq AbsRt I £ H Acc,1.327
05/14/2013,JupiterMerian Glb Eq AbsRt I £ H Acc,1.3281
05/15/2013,JupiterMerian Glb Eq AbsRt I £ H Acc,1.3297
05/16/2013,JupiterMerian Glb Eq AbsRt I £ H Acc,1.3304
05/17/2013,JupiterMerian Glb Eq AbsRt I £ H Acc,1.3265
05/18/2013,JupiterMerian Glb Eq AbsRt I £ H Acc,1.3265
05/19/2013,JupiterMerian Glb Eq AbsRt I £ H Acc,1.3265
05/20/2013,JupiterMerian Glb Eq AbsRt I £ H Acc,1.3345
05/21/2013,JupiterMerian Glb Eq AbsRt I £ H Acc,1.3352
05/22/2013,JupiterMerian Glb Eq AbsRt I £ H Acc,1.3378
05/23/2013,JupiterMerian Glb Eq AbsRt I £ H Acc,1.338
05/24/2013,JupiterMerian Glb Eq AbsRt I £ H Acc,1.3404
05/25/2013,JupiterMerian Glb Eq AbsRt I £ H Acc,1.3404
05/26/2013,JupiterMerian Glb Eq AbsRt I £ H Acc,1.3404
05/27/2013,JupiterMerian Glb Eq AbsRt I £ H Acc,1.3404
05/28/2013,JupiterMerian Glb Eq AbsRt I £ H Acc,1.3409
05/29/2013,JupiterMerian Glb Eq AbsRt I £ H Acc,1.3423
05/30/2013,JupiterMerian Glb Eq AbsRt I £ H Acc,1.3438
05/31/2013,JupiterMerian Glb Eq AbsRt I £ H Acc,1.3418
06/01/2013,JupiterMerian Glb Eq AbsRt I £ H Acc,1.3418
06/02/2013,JupiterMerian Glb Eq AbsRt I £ H Acc,1.3418
06/03/2013,JupiterMerian Glb Eq AbsRt I £ H Acc,1.3418
06/04/2013,JupiterMerian Glb Eq AbsRt I £ H Acc,1.3446
06/05/2013,JupiterMerian Glb Eq AbsRt I £ H Acc,1.3461
06/06/2013,JupiterMerian Glb Eq AbsRt I £ H Acc,1.3437
06/07/2013,JupiterMerian Glb Eq AbsRt I £ H Acc,1.3398
06/08/2013,JupiterMerian Glb Eq AbsRt I £ H Acc,1.3398
06/09/2013,JupiterMerian Glb Eq AbsRt I £ H Acc,1.3398
06/10/2013,JupiterMerian Glb Eq AbsRt I £ H Acc,1.3489
06/11/2013,JupiterMerian Glb Eq AbsRt I £ H Acc,1.3492
06/12/2013,JupiterMerian Glb Eq AbsRt I £ H Acc,1.3474
06/13/2013,JupiterMerian Glb Eq AbsRt I £ H Acc,1.3484
06/14/2013,JupiterMerian Glb Eq AbsRt I £ H Acc,1.3509
06/15/2013,JupiterMerian Glb Eq AbsRt I £ H Acc,1.3509
06/16/2013,JupiterMerian Glb Eq AbsRt I £ H Acc,1.3509
06/17/2013,JupiterMerian Glb Eq AbsRt I £ H Acc,1.35
06/18/2013,JupiterMerian Glb Eq AbsRt I £ H Acc,1.3527
06/19/2013,JupiterMerian Glb Eq AbsRt I £ H Acc,1.3559
06/20/2013,JupiterMerian Glb Eq AbsRt I £ H Acc,1.3573
06/21/2013,JupiterMerian Glb Eq AbsRt I £ H Acc,1.3569
06/22/2013,JupiterMerian Glb Eq AbsRt I £ H Acc,1.3569
06/23/2013,JupiterMerian Glb Eq AbsRt I £ H Acc,1.3569
06/24/2013,JupiterMerian Glb Eq AbsRt I £ H Acc,1.3503
06/25/2013,JupiterMerian Glb Eq AbsRt I £ H Acc,1.3505
06/26/2013,JupiterMerian Glb Eq AbsRt I £ H Acc,1.3571
06/27/2013,JupiterMerian Glb Eq AbsRt I £ H Acc,1.3576
06/28/2013,JupiterMerian Glb Eq AbsRt I £ H Acc,1.3566
06/29/2013,JupiterMerian Glb Eq AbsRt I £ H Acc,1.3566
06/30/2013,JupiterMerian Glb Eq AbsRt I £ H Acc,1.3566
07/01/2013,JupiterMerian Glb Eq AbsRt I £ H Acc,1.3537
07/02/2013,JupiterMerian Glb Eq AbsRt I £ H Acc,1.3544
07/03/2013,JupiterMerian Glb Eq AbsRt I £ H Acc,1.3572
07/04/2013,JupiterMerian Glb Eq AbsRt I £ H Acc,1.3557
07/05/2013,JupiterMerian Glb Eq AbsRt I £ H Acc,1.3575
07/06/2013,JupiterMerian Glb Eq AbsRt I £ H Acc,1.3575
07/07/2013,JupiterMerian Glb Eq AbsRt I £ H Acc,1.3575
07/08/2013,JupiterMerian Glb Eq AbsRt I £ H Acc,1.3632
07/09/2013,JupiterMerian Glb Eq AbsRt I £ H Acc,1.3592
07/10/2013,JupiterMerian Glb Eq AbsRt I £ H Acc,1.3623
07/11/2013,JupiterMerian Glb Eq AbsRt I £ H Acc,1.3611
07/12/2013,JupiterMerian Glb Eq AbsRt I £ H Acc,1.3624
07/13/2013,JupiterMerian Glb Eq AbsRt I £ H Acc,1.3624
07/14/2013,JupiterMerian Glb Eq AbsRt I £ H Acc,1.3624
07/15/2013,JupiterMerian Glb Eq AbsRt I £ H Acc,1.3651
07/16/2013,JupiterMerian Glb Eq AbsRt I £ H Acc,1.365
07/17/2013,JupiterMerian Glb Eq AbsRt I £ H Acc,1.3592
07/18/2013,JupiterMerian Glb Eq AbsRt I £ H Acc,1.364
07/19/2013,JupiterMerian Glb Eq AbsRt I £ H Acc,1.3624
07/20/2013,JupiterMerian Glb Eq AbsRt I £ H Acc,1.3624
07/21/2013,JupiterMerian Glb Eq AbsRt I £ H Acc,1.3624
07/22/2013,JupiterMerian Glb Eq AbsRt I £ H Acc,1.3618
07/23/2013,JupiterMerian Glb Eq AbsRt I £ H Acc,1.3545
07/24/2013,JupiterMerian Glb Eq AbsRt I £ H Acc,1.3536
07/25/2013,JupiterMerian Glb Eq AbsRt I £ H Acc,1.3581
07/26/2013,JupiterMerian Glb Eq AbsRt I £ H Acc,1.3558
07/27/2013,JupiterMerian Glb Eq AbsRt I £ H Acc,1.3558
07/28/2013,JupiterMerian Glb Eq AbsRt I £ H Acc,1.3558
07/29/2013,JupiterMerian Glb Eq AbsRt I £ H Acc,1.3528
07/30/2013,JupiterMerian Glb Eq AbsRt I £ H Acc,1.3568
07/31/2013,JupiterMerian Glb Eq AbsRt I £ H Acc,1.3604
08/01/2013,JupiterMerian Glb Eq AbsRt I £ H Acc,1.3601
08/02/2013,JupiterMerian Glb Eq AbsRt I £ H Acc,1.36
08/03/2013,JupiterMerian Glb Eq AbsRt I £ H Acc,1.36
08/04/2013,JupiterMerian Glb Eq AbsRt I £ H Acc,1.36
08/05/2013,JupiterMerian Glb Eq AbsRt I £ H Acc,1.36
08/06/2013,JupiterMerian Glb Eq AbsRt I £ H Acc,1.3599
08/07/2013,JupiterMerian Glb Eq AbsRt I £ H Acc,1.3566
08/08/2013,JupiterMerian Glb Eq AbsRt I £ H Acc,1.3573
08/09/2013,JupiterMerian Glb Eq AbsRt I £ H Acc,1.3578
08/10/2013,JupiterMerian Glb Eq AbsRt I £ H Acc,1.3578
08/11/2013,JupiterMerian Glb Eq AbsRt I £ H Acc,1.3578
08/12/2013,JupiterMerian Glb Eq AbsRt I £ H Acc,1.3568
08/13/2013,JupiterMerian Glb Eq AbsRt I £ H Acc,1.356
08/14/2013,JupiterMerian Glb Eq AbsRt I £ H Acc,1.3544
08/15/2013,JupiterMerian Glb Eq AbsRt I £ H Acc,1.3524
08/16/2013,JupiterMerian Glb Eq AbsRt I £ H Acc,1.3513
08/17/2013,JupiterMerian Glb Eq AbsRt I £ H Acc,1.3513
08/18/2013,JupiterMerian Glb Eq AbsRt I £ H Acc,1.3513
08/19/2013,JupiterMerian Glb Eq AbsRt I £ H Acc,1.3513
08/20/2013,JupiterMerian Glb Eq AbsRt I £ H Acc,1.3507
08/21/2013,JupiterMerian Glb Eq AbsRt I £ H Acc,1.351
08/22/2013,JupiterMerian Glb Eq AbsRt I £ H Acc,1.3514
08/23/2013,JupiterMerian Glb Eq AbsRt I £ H Acc,1.351
08/24/2013,JupiterMerian Glb Eq AbsRt I £ H Acc,1.351
08/25/2013,JupiterMerian Glb Eq AbsRt I £ H Acc,1.351
08/26/2013,JupiterMerian Glb Eq AbsRt I £ H Acc,1.351
08/27/2013,JupiterMerian Glb Eq AbsRt I £ H Acc,1.3435
08/28/2013,JupiterMerian Glb Eq AbsRt I £ H Acc,1.3376
08/29/2013,JupiterMerian Glb Eq AbsRt I £ H Acc,1.3409
08/30/2013,JupiterMerian Glb Eq AbsRt I £ H Acc,1.338
08/31/2013,JupiterMerian Glb Eq AbsRt I £ H Acc,1.338
09/01/2013,JupiterMerian Glb Eq AbsRt I £ H Acc,1.338
09/02/2013,JupiterMerian Glb Eq AbsRt I £ H Acc,1.337
09/03/2013,JupiterMerian Glb Eq AbsRt I £ H Acc,1.3379
09/04/2013,JupiterMerian Glb Eq AbsRt I £ H Acc,1.3346
09/05/2013,JupiterMerian Glb Eq AbsRt I £ H Acc,1.3363
09/06/2013,JupiterMerian Glb Eq AbsRt I £ H Acc,1.342
09/07/2013,JupiterMerian Glb Eq AbsRt I £ H Acc,1.342
09/08/2013,JupiterMerian Glb Eq AbsRt I £ H Acc,1.342
09/09/2013,JupiterMerian Glb Eq AbsRt I £ H Acc,1.3362
09/10/2013,JupiterMerian Glb Eq AbsRt I £ H Acc,1.3372
09/11/2013,JupiterMerian Glb Eq AbsRt I £ H Acc,1.3363
09/12/2013,JupiterMerian Glb Eq AbsRt I £ H Acc,1.3359
09/13/2013,JupiterMerian Glb Eq AbsRt I £ H Acc,1.3342
09/14/2013,JupiterMerian Glb Eq AbsRt I £ H Acc,1.3342
09/15/2013,JupiterMerian Glb Eq AbsRt I £ H Acc,1.3342
09/16/2013,JupiterMerian Glb Eq AbsRt I £ H Acc,1.3417
09/17/2013,JupiterMerian Glb Eq AbsRt I £ H Acc,1.3452
09/18/2013,JupiterMerian Glb Eq AbsRt I £ H Acc,1.3413
09/19/2013,JupiterMerian Glb Eq AbsRt I £ H Acc,1.3358
09/20/2013,JupiterMerian Glb Eq AbsRt I £ H Acc,1.3349
09/21/2013,JupiterMerian Glb Eq AbsRt I £ H Acc,1.3349
09/22/2013,JupiterMerian Glb Eq AbsRt I £ H Acc,1.3349
09/23/2013,JupiterMerian Glb Eq AbsRt I £ H Acc,1.3378
09/24/2013,JupiterMerian Glb Eq AbsRt I £ H Acc,1.3372
09/25/2013,JupiterMerian Glb Eq AbsRt I £ H Acc,1.3411
09/26/2013,JupiterMerian Glb Eq AbsRt I £ H Acc,1.3391
09/27/2013,JupiterMerian Glb Eq AbsRt I £ H Acc,1.3396
09/28/2013,JupiterMerian Glb Eq AbsRt I £ H Acc,1.3396
09/29/2013,JupiterMerian Glb Eq AbsRt I £ H Acc,1.3396
09/30/2013,JupiterMerian Glb Eq AbsRt I £ H Acc,1.34
10/01/2013,JupiterMerian Glb Eq AbsRt I £ H Acc,1.3379
10/02/2013,JupiterMerian Glb Eq AbsRt I £ H Acc,1.34
10/03/2013,JupiterMerian Glb Eq AbsRt I £ H Acc,1.3405
10/04/2013,JupiterMerian Glb Eq AbsRt I £ H Acc,1.3447
10/05/2013,JupiterMerian Glb Eq AbsRt I £ H Acc,1.3447
10/06/2013,JupiterMerian Glb Eq AbsRt I £ H Acc,1.3447
10/07/2013,JupiterMerian Glb Eq AbsRt I £ H Acc,1.3448
10/08/2013,JupiterMerian Glb Eq AbsRt I £ H Acc,1.3408
10/09/2013,JupiterMerian Glb Eq AbsRt I £ H Acc,1.3445
10/10/2013,JupiterMerian Glb Eq AbsRt I £ H Acc,1.3494
10/11/2013,JupiterMerian Glb Eq AbsRt I £ H Acc,1.3529
10/12/2013,JupiterMerian Glb Eq AbsRt I £ H Acc,1.3529
10/13/2013,JupiterMerian Glb Eq AbsRt I £ H Acc,1.3529
10/14/2013,JupiterMerian Glb Eq AbsRt I £ H Acc,1.3498
10/15/2013,JupiterMerian Glb Eq AbsRt I £ H Acc,1.3538
10/16/2013,JupiterMerian Glb Eq AbsRt I £ H Acc,1.3566
10/17/2013,JupiterMerian Glb Eq AbsRt I £ H Acc,1.358
10/18/2013,JupiterMerian Glb Eq AbsRt I £ H Acc,1.3595
10/19/2013,JupiterMerian Glb Eq AbsRt I £ H Acc,1.3595
10/20/2013,JupiterMerian Glb Eq AbsRt I £ H Acc,1.3595
10/21/2013,JupiterMerian Glb Eq AbsRt I £ H Acc,1.3596
10/22/2013,JupiterMerian Glb Eq AbsRt I £ H Acc,1.3568
10/23/2013,JupiterMerian Glb Eq AbsRt I £ H Acc,1.3577
10/24/2013,JupiterMerian Glb Eq AbsRt I £ H Acc,1.361
10/25/2013,JupiterMerian Glb Eq AbsRt I £ H Acc,1.355
10/26/2013,JupiterMerian Glb Eq AbsRt I £ H Acc,1.355
10/27/2013,JupiterMerian Glb Eq AbsRt I £ H Acc,1.355
10/28/2013,JupiterMerian Glb Eq AbsRt I £ H Acc,1.355
10/29/2013,JupiterMerian Glb Eq AbsRt I £ H Acc,1.3533
10/30/2013,JupiterMerian Glb Eq AbsRt I £ H Acc,1.3543
10/31/2013,JupiterMerian Glb Eq AbsRt I £ H Acc,1.3578
11/01/2013,JupiterMerian Glb Eq AbsRt I £ H Acc,1.3596
11/02/2013,JupiterMerian Glb Eq AbsRt I £ H Acc,1.3596
11/03/2013,JupiterMerian Glb Eq AbsRt I £ H Acc,1.3596
11/04/2013,JupiterMerian Glb Eq AbsRt I £ H Acc,1.3599
11/05/2013,JupiterMerian Glb Eq AbsRt I £ H Acc,1.3576
11/06/2013,JupiterMerian Glb Eq AbsRt I £ H Acc,1.3604
11/07/2013,JupiterMerian Glb Eq AbsRt I £ H Acc,1.3609
11/08/2013,JupiterMerian Glb Eq AbsRt I £ H Acc,1.36
11/09/2013,JupiterMerian Glb Eq AbsRt I £ H Acc,1.36
11/10/2013,JupiterMerian Glb Eq AbsRt I £ H Acc,1.36
11/11/2013,JupiterMerian Glb Eq AbsRt I £ H Acc,1.3634
11/12/2013,JupiterMerian Glb Eq AbsRt I £ H Acc,1.3637
11/13/2013,JupiterMerian Glb Eq AbsRt I £ H Acc,1.3675
11/14/2013,JupiterMerian Glb Eq AbsRt I £ H Acc,1.3669
11/15/2013,JupiterMerian Glb Eq AbsRt I £ H Acc,1.3676
11/16/2013,JupiterMerian Glb Eq AbsRt I £ H Acc,1.3676
11/17/2013,JupiterMerian Glb Eq AbsRt I £ H Acc,1.3676
11/18/2013,JupiterMerian Glb Eq AbsRt I £ H Acc,1.3684
11/19/2013,JupiterMerian Glb Eq AbsRt I £ H Acc,1.3691
11/20/2013,JupiterMerian Glb Eq AbsRt I £ H Acc,1.3706
11/21/2013,JupiterMerian Glb Eq AbsRt I £ H Acc,1.3751
11/22/2013,JupiterMerian Glb Eq AbsRt I £ H Acc,1.3766
11/23/2013,JupiterMerian Glb Eq AbsRt I £ H Acc,1.3766
11/24/2013,JupiterMerian Glb Eq AbsRt I £ H Acc,1.3766
11/25/2013,JupiterMerian Glb Eq AbsRt I £ H Acc,1.3784
11/26/2013,JupiterMerian Glb Eq AbsRt I £ H Acc,1.385
11/27/2013,JupiterMerian Glb Eq AbsRt I £ H Acc,1.3852
11/28/2013,JupiterMerian Glb Eq AbsRt I £ H Acc,1.3886
11/29/2013,JupiterMerian Glb Eq AbsRt I £ H Acc,1.3894
11/30/2013,JupiterMerian Glb Eq AbsRt I £ H Acc,1.3894
12/01/2013,JupiterMerian Glb Eq AbsRt I £ H Acc,1.3894
12/02/2013,JupiterMerian Glb Eq AbsRt I £ H Acc,1.3896
12/03/2013,JupiterMerian Glb Eq AbsRt I £ H Acc,1.3922
12/04/2013,JupiterMerian Glb Eq AbsRt I £ H Acc,1.3914
12/05/2013,JupiterMerian Glb Eq AbsRt I £ H Acc,1.3898
12/06/2013,JupiterMerian Glb Eq AbsRt I £ H Acc,1.3855
12/07/2013,JupiterMerian Glb Eq AbsRt I £ H Acc,1.3855
12/08/2013,JupiterMerian Glb Eq AbsRt I £ H Acc,1.3855
12/09/2013,JupiterMerian Glb Eq AbsRt I £ H Acc,1.3894
12/10/2013,JupiterMerian Glb Eq AbsRt I £ H Acc,1.3882
12/11/2013,JupiterMerian Glb Eq AbsRt I £ H Acc,1.3894
12/12/2013,JupiterMerian Glb Eq AbsRt I £ H Acc,1.391
12/13/2013,JupiterMerian Glb Eq AbsRt I £ H Acc,1.3921
12/14/2013,JupiterMerian Glb Eq AbsRt I £ H Acc,1.3921
12/15/2013,JupiterMerian Glb Eq AbsRt I £ H Acc,1.3921
12/16/2013,JupiterMerian Glb Eq AbsRt I £ H Acc,1.3949
12/17/2013,JupiterMerian Glb Eq AbsRt I £ H Acc,1.3954
12/18/2013,JupiterMerian Glb Eq AbsRt I £ H Acc,1.3927
12/19/2013,JupiterMerian Glb Eq AbsRt I £ H Acc,1.393
12/20/2013,JupiterMerian Glb Eq AbsRt I £ H Acc,1.3926
12/21/2013,JupiterMerian Glb Eq AbsRt I £ H Acc,1.3926
12/22/2013,JupiterMerian Glb Eq AbsRt I £ H Acc,1.3926
12/23/2013,JupiterMerian Glb Eq AbsRt I £ H Acc,1.3908
12/24/2013,JupiterMerian Glb Eq AbsRt I £ H Acc,1.387
12/25/2013,JupiterMerian Glb Eq AbsRt I £ H Acc,1.387
12/26/2013,JupiterMerian Glb Eq AbsRt I £ H Acc,1.387
12/27/2013,JupiterMerian Glb Eq AbsRt I £ H Acc,1.387
12/28/2013,JupiterMerian Glb Eq AbsRt I £ H Acc,1.387
12/29/2013,JupiterMerian Glb Eq AbsRt I £ H Acc,1.387
12/30/2013,JupiterMerian Glb Eq AbsRt I £ H Acc,1.3819
12/31/2013,JupiterMerian Glb Eq AbsRt I £ H Acc,1.381
01/01/2014,JupiterMerian Glb Eq AbsRt I £ H Acc,1.381
01/02/2014,JupiterMerian Glb Eq AbsRt I £ H Acc,1.3842
01/03/2014,JupiterMerian Glb Eq AbsRt I £ H Acc,1.3879
01/04/2014,JupiterMerian Glb Eq AbsRt I £ H Acc,1.3879
01/05/2014,JupiterMerian Glb Eq AbsRt I £ H Acc,1.3879
01/06/2014,JupiterMerian Glb Eq AbsRt I £ H Acc,1.3967
01/07/2014,JupiterMerian Glb Eq AbsRt I £ H Acc,1.4034
01/08/2014,JupiterMerian Glb Eq AbsRt I £ H Acc,1.4089
01/09/2014,JupiterMerian Glb Eq AbsRt I £ H Acc,1.414
01/10/2014,JupiterMerian Glb Eq AbsRt I £ H Acc,1.4178
01/11/2014,JupiterMerian Glb Eq AbsRt I £ H Acc,1.4178
01/12/2014,JupiterMerian Glb Eq AbsRt I £ H Acc,1.4178
01/13/2014,JupiterMerian Glb Eq AbsRt I £ H Acc,1.418
01/14/2014,JupiterMerian Glb Eq AbsRt I £ H Acc,1.408
01/15/2014,JupiterMerian Glb Eq AbsRt I £ H Acc,1.4133
01/16/2014,JupiterMerian Glb Eq AbsRt I £ H Acc,1.4105
01/17/2014,JupiterMerian Glb Eq AbsRt I £ H Acc,1.4072
01/18/2014,JupiterMerian Glb Eq AbsRt I £ H Acc,1.4072
01/19/2014,JupiterMerian Glb Eq AbsRt I £ H Acc,1.4072
01/20/2014,JupiterMerian Glb Eq AbsRt I £ H Acc,1.4048
01/21/2014,JupiterMerian Glb Eq AbsRt I £ H Acc,1.4024
01/22/2014,JupiterMerian Glb Eq AbsRt I £ H Acc,1.4034
01/23/2014,JupiterMerian Glb Eq AbsRt I £ H Acc,1.4054
01/24/2014,JupiterMerian Glb Eq AbsRt I £ H Acc,1.3973
01/25/2014,JupiterMerian Glb Eq AbsRt I £ H Acc,1.3973
01/26/2014,JupiterMerian Glb Eq AbsRt I £ H Acc,1.3973
01/27/2014,JupiterMerian Glb Eq AbsRt I £ H Acc,1.392
01/28/2014,JupiterMerian Glb Eq AbsRt I £ H Acc,1.4
01/29/2014,JupiterMerian Glb Eq AbsRt I £ H Acc,1.3993
01/30/2014,JupiterMerian Glb Eq AbsRt I £ H Acc,1.401
01/31/2014,JupiterMerian Glb Eq AbsRt I £ H Acc,1.404
02/01/2014,JupiterMerian Glb Eq AbsRt I £ H Acc,1.404
02/02/2014,JupiterMerian Glb Eq AbsRt I £ H Acc,1.404
02/03/2014,JupiterMerian Glb Eq AbsRt I £ H Acc,1.402
02/04/2014,JupiterMerian Glb Eq AbsRt I £ H Acc,1.3992
02/05/2014,JupiterMerian Glb Eq AbsRt I £ H Acc,1.4007
02/06/2014,JupiterMerian Glb Eq AbsRt I £ H Acc,1.402
02/07/2014,JupiterMerian Glb Eq AbsRt I £ H Acc,1.4031
02/08/2014,JupiterMerian Glb Eq AbsRt I £ H Acc,1.4031
02/09/2014,JupiterMerian Glb Eq AbsRt I £ H Acc,1.4031
02/10/2014,JupiterMerian Glb Eq AbsRt I £ H Acc,1.3979
02/11/2014,JupiterMerian Glb Eq AbsRt I £ H Acc,1.3969
02/12/2014,JupiterMerian Glb Eq AbsRt I £ H Acc,1.4013
02/13/2014,JupiterMerian Glb Eq AbsRt I £ H Acc,1.4067
02/14/2014,JupiterMerian Glb Eq AbsRt I £ H Acc,1.4074
02/15/2014,JupiterMerian Glb Eq AbsRt I £ H Acc,1.4074
02/16/2014,JupiterMerian Glb Eq AbsRt I £ H Acc,1.4074
02/17/2014,JupiterMerian Glb Eq AbsRt I £ H Acc,1.4055
02/18/2014,JupiterMerian Glb Eq AbsRt I £ H Acc,1.4083
02/19/2014,JupiterMerian Glb Eq AbsRt I £ H Acc,1.4093
02/20/2014,JupiterMerian Glb Eq AbsRt I £ H Acc,1.4079
02/21/2014,JupiterMerian Glb Eq AbsRt I £ H Acc,1.4101
02/22/2014,JupiterMerian Glb Eq AbsRt I £ H Acc,1.4101
02/23/2014,JupiterMerian Glb Eq AbsRt I £ H Acc,1.4101
02/24/2014,JupiterMerian Glb Eq AbsRt I £ H Acc,1.4085
02/25/2014,JupiterMerian Glb Eq AbsRt I £ H Acc,1.4119
02/26/2014,JupiterMerian Glb Eq AbsRt I £ H Acc,1.4151
02/27/2014,JupiterMerian Glb Eq AbsRt I £ H Acc,1.4233
02/28/2014,JupiterMerian Glb Eq AbsRt I £ H Acc,1.4231
03/01/2014,JupiterMerian Glb Eq AbsRt I £ H Acc,1.4231
03/02/2014,JupiterMerian Glb Eq AbsRt I £ H Acc,1.4231
03/03/2014,JupiterMerian Glb Eq AbsRt I £ H Acc,1.4228
03/04/2014,JupiterMerian Glb Eq AbsRt I £ H Acc,1.4262
03/05/2014,JupiterMerian Glb Eq AbsRt I £ H Acc,1.4272
03/06/2014,JupiterMerian Glb Eq AbsRt I £ H Acc,1.4296
03/07/2014,JupiterMerian Glb Eq AbsRt I £ H Acc,1.4277
03/08/2014,JupiterMerian Glb Eq AbsRt I £ H Acc,1.4277
03/09/2014,JupiterMerian Glb Eq AbsRt I £ H Acc,1.4277
03/10/2014,JupiterMerian Glb Eq AbsRt I £ H Acc,1.4311
03/11/2014,JupiterMerian Glb Eq AbsRt I £ H Acc,1.4335
03/12/2014,JupiterMerian Glb Eq AbsRt I £ H Acc,1.4339
03/13/2014,JupiterMerian Glb Eq AbsRt I £ H Acc,1.434
03/14/2014,JupiterMerian Glb Eq AbsRt I £ H Acc,1.4283
03/15/2014,JupiterMerian Glb Eq AbsRt I £ H Acc,1.4283
03/16/2014,JupiterMerian Glb Eq AbsRt I £ H Acc,1.4283
03/17/2014,JupiterMerian Glb Eq AbsRt I £ H Acc,1.4283
03/18/2014,JupiterMerian Glb Eq AbsRt I £ H Acc,1.4304
03/19/2014,JupiterMerian Glb Eq AbsRt I £ H Acc,1.4287
03/20/2014,JupiterMerian Glb Eq AbsRt I £ H Acc,1.4292
03/21/2014,JupiterMerian Glb Eq AbsRt I £ H Acc,1.425
03/22/2014,JupiterMerian Glb Eq AbsRt I £ H Acc,1.425
03/23/2014,JupiterMerian Glb Eq AbsRt I £ H Acc,1.425
03/24/2014,JupiterMerian Glb Eq AbsRt I £ H Acc,1.4202
03/25/2014,JupiterMerian Glb Eq AbsRt I £ H Acc,1.4286
03/26/2014,JupiterMerian Glb Eq AbsRt I £ H Acc,1.4304
03/27/2014,JupiterMerian Glb Eq AbsRt I £ H Acc,1.436
03/28/2014,JupiterMerian Glb Eq AbsRt I £ H Acc,1.4295
03/29/2014,JupiterMerian Glb Eq AbsRt I £ H Acc,1.4295
03/30/2014,JupiterMerian Glb Eq AbsRt I £ H Acc,1.4295
03/31/2014,JupiterMerian Glb Eq AbsRt I £ H Acc,1.4289
04/01/2014,JupiterMerian Glb Eq AbsRt I £ H Acc,1.4392
04/02/2014,JupiterMerian Glb Eq AbsRt I £ H Acc,1.4382
04/03/2014,JupiterMerian Glb Eq AbsRt I £ H Acc,1.4379
04/04/2014,JupiterMerian Glb Eq AbsRt I £ H Acc,1.442
04/05/2014,JupiterMerian Glb Eq AbsRt I £ H Acc,1.442
04/06/2014,JupiterMerian Glb Eq AbsRt I £ H Acc,1.442
04/07/2014,JupiterMerian Glb Eq AbsRt I £ H Acc,1.4377
04/08/2014,JupiterMerian Glb Eq AbsRt I £ H Acc,1.432
04/09/2014,JupiterMerian Glb Eq AbsRt I £ H Acc,1.4317
04/10/2014,JupiterMerian Glb Eq AbsRt I £ H Acc,1.4309
04/11/2014,JupiterMerian Glb Eq AbsRt I £ H Acc,1.4299
04/12/2014,JupiterMerian Glb Eq AbsRt I £ H Acc,1.4299
04/13/2014,JupiterMerian Glb Eq AbsRt I £ H Acc,1.4299
04/14/2014,JupiterMerian Glb Eq AbsRt I £ H Acc,1.4255
04/15/2014,JupiterMerian Glb Eq AbsRt I £ H Acc,1.4268
04/16/2014,JupiterMerian Glb Eq AbsRt I £ H Acc,1.4278
04/17/2014,JupiterMerian Glb Eq AbsRt I £ H Acc,1.4331
04/18/2014,JupiterMerian Glb Eq AbsRt I £ H Acc,1.4331
04/19/2014,JupiterMerian Glb Eq AbsRt I £ H Acc,1.4331
04/20/2014,JupiterMerian Glb Eq AbsRt I £ H Acc,1.4331
04/21/2014,JupiterMerian Glb Eq AbsRt I £ H Acc,1.4331
04/22/2014,JupiterMerian Glb Eq AbsRt I £ H Acc,1.437
04/23/2014,JupiterMerian Glb Eq AbsRt I £ H Acc,1.4354
04/24/2014,JupiterMerian Glb Eq AbsRt I £ H Acc,1.4413
04/25/2014,JupiterMerian Glb Eq AbsRt I £ H Acc,1.4374
04/26/2014,JupiterMerian Glb Eq AbsRt I £ H Acc,1.4374
04/27/2014,JupiterMerian Glb Eq AbsRt I £ H Acc,1.4374
04/28/2014,JupiterMerian Glb Eq AbsRt I £ H Acc,1.4426
04/29/2014,JupiterMerian Glb Eq AbsRt I £ H Acc,1.4466
04/30/2014,JupiterMerian Glb Eq AbsRt I £ H Acc,1.4418
05/01/2014,JupiterMerian Glb Eq AbsRt I £ H Acc,1.4448
05/02/2014,JupiterMerian Glb Eq AbsRt I £ H Acc,1.4476
05/03/2014,JupiterMerian Glb Eq AbsRt I £ H Acc,1.4476
05/04/2014,JupiterMerian Glb Eq AbsRt I £ H Acc,1.4476
05/05/2014,JupiterMerian Glb Eq AbsRt I £ H Acc,1.4476
05/06/2014,JupiterMerian Glb Eq AbsRt I £ H Acc,1.4466
05/07/2014,JupiterMerian Glb Eq AbsRt I £ H Acc,1.4496
05/08/2014,JupiterMerian Glb Eq AbsRt I £ H Acc,1.4547
05/09/2014,JupiterMerian Glb Eq AbsRt I £ H Acc,1.4571
05/10/2014,JupiterMerian Glb Eq AbsRt I £ H Acc,1.4571
05/11/2014,JupiterMerian Glb Eq AbsRt I £ H Acc,1.4571
05/12/2014,JupiterMerian Glb Eq AbsRt I £ H Acc,1.4524
05/13/2014,JupiterMerian Glb Eq AbsRt I £ H Acc,1.4453
05/14/2014,JupiterMerian Glb Eq AbsRt I £ H Acc,1.4443
05/15/2014,JupiterMerian Glb Eq AbsRt I £ H Acc,1.439
05/16/2014,JupiterMerian Glb Eq AbsRt I £ H Acc,1.4293
05/17/2014,JupiterMerian Glb Eq AbsRt I £ H Acc,1.4293
05/18/2014,JupiterMerian Glb Eq AbsRt I £ H Acc,1.4293
05/19/2014,JupiterMerian Glb Eq AbsRt I £ H Acc,1.4297
05/20/2014,JupiterMerian Glb Eq AbsRt I £ H Acc,1.4335
05/21/2014,JupiterMerian Glb Eq AbsRt I £ H Acc,1.4401
05/22/2014,JupiterMerian Glb Eq AbsRt I £ H Acc,1.4424
05/23/2014,JupiterMerian Glb Eq AbsRt I £ H Acc,1.4435
05/24/2014,JupiterMerian Glb Eq AbsRt I £ H Acc,1.4435
05/25/2014,JupiterMerian Glb Eq AbsRt I £ H Acc,1.4435
05/26/2014,JupiterMerian Glb Eq AbsRt I £ H Acc,1.4435
05/27/2014,JupiterMerian Glb Eq AbsRt I £ H Acc,1.4425
05/28/2014,JupiterMerian Glb Eq AbsRt I £ H Acc,1.4434
05/29/2014,JupiterMerian Glb Eq AbsRt I £ H Acc,1.4446
05/30/2014,JupiterMerian Glb Eq AbsRt I £ H Acc,1.4431
05/31/2014,JupiterMerian Glb Eq AbsRt I £ H Acc,1.4431
06/01/2014,JupiterMerian Glb Eq AbsRt I £ H Acc,1.4431
06/02/2014,JupiterMerian Glb Eq AbsRt I £ H Acc,1.4431
06/03/2014,JupiterMerian Glb Eq AbsRt I £ H Acc,1.4478
06/04/2014,JupiterMerian Glb Eq AbsRt I £ H Acc,1.452
06/05/2014,JupiterMerian Glb Eq AbsRt I £ H Acc,1.454
06/06/2014,JupiterMerian Glb Eq AbsRt I £ H Acc,1.4537
06/07/2014,JupiterMerian Glb Eq AbsRt I £ H Acc,1.4537
06/08/2014,JupiterMerian Glb Eq AbsRt I £ H Acc,1.4537
06/09/2014,JupiterMerian Glb Eq AbsRt I £ H Acc,1.4495
06/10/2014,JupiterMerian Glb Eq AbsRt I £ H Acc,1.444
06/11/2014,JupiterMerian Glb Eq AbsRt I £ H Acc,1.4401
06/12/2014,JupiterMerian Glb Eq AbsRt I £ H Acc,1.438
06/13/2014,JupiterMerian Glb Eq AbsRt I £ H Acc,1.4296
06/14/2014,JupiterMerian Glb Eq AbsRt I £ H Acc,1.4296
06/15/2014,JupiterMerian Glb Eq AbsRt I £ H Acc,1.4296
06/16/2014,JupiterMerian Glb Eq AbsRt I £ H Acc,1.4268
06/17/2014,JupiterMerian Glb Eq AbsRt I £ H Acc,1.4206
06/18/2014,JupiterMerian Glb Eq AbsRt I £ H Acc,1.4212
06/19/2014,JupiterMerian Glb Eq AbsRt I £ H Acc,1.4251
06/20/2014,JupiterMerian Glb Eq AbsRt I £ H Acc,1.4266
06/21/2014,JupiterMerian Glb Eq AbsRt I £ H Acc,1.4266
06/22/2014,JupiterMerian Glb Eq AbsRt I £ H Acc,1.4266
06/23/2014,JupiterMerian Glb Eq AbsRt I £ H Acc,1.427
06/24/2014,JupiterMerian Glb Eq AbsRt I £ H Acc,1.4237
06/25/2014,JupiterMerian Glb Eq AbsRt I £ H Acc,1.4201
06/26/2014,JupiterMerian Glb Eq AbsRt I £ H Acc,1.422
06/27/2014,JupiterMerian Glb Eq AbsRt I £ H Acc,1.4205
06/28/2014,JupiterMerian Glb Eq AbsRt I £ H Acc,1.4205
06/29/2014,JupiterMerian Glb Eq AbsRt I £ H Acc,1.4205
06/30/2014,JupiterMerian Glb Eq AbsRt I £ H Acc,1.4209
07/01/2014,JupiterMerian Glb Eq AbsRt I £ H Acc,1.418
07/02/2014,JupiterMerian Glb Eq AbsRt I £ H Acc,1.4219
07/03/2014,JupiterMerian Glb Eq AbsRt I £ H Acc,1.4243
07/04/2014,JupiterMerian Glb Eq AbsRt I £ H Acc,1.426
07/05/2014,JupiterMerian Glb Eq AbsRt I £ H Acc,1.426
07/06/2014,JupiterMerian Glb Eq AbsRt I £ H Acc,1.426
07/07/2014,JupiterMerian Glb Eq AbsRt I £ H Acc,1.4239
07/08/2014,JupiterMerian Glb Eq AbsRt I £ H Acc,1.4291
07/09/2014,JupiterMerian Glb Eq AbsRt I £ H Acc,1.4315
07/10/2014,JupiterMerian Glb Eq AbsRt I £ H Acc,1.4285
07/11/2014,JupiterMerian Glb Eq AbsRt I £ H Acc,1.434
07/12/2014,JupiterMerian Glb Eq AbsRt I £ H Acc,1.434
07/13/2014,JupiterMerian Glb Eq AbsRt I £ H Acc,1.434
07/14/2014,JupiterMerian Glb Eq AbsRt I £ H Acc,1.4341
07/15/2014,JupiterMerian Glb Eq AbsRt I £ H Acc,1.4351
07/16/2014,JupiterMerian Glb Eq AbsRt I £ H Acc,1.4425
07/17/2014,JupiterMerian Glb Eq AbsRt I £ H Acc,1.4417
07/18/2014,JupiterMerian Glb Eq AbsRt I £ H Acc,1.4355
07/19/2014,JupiterMerian Glb Eq AbsRt I £ H Acc,1.4355
07/20/2014,JupiterMerian Glb Eq AbsRt I £ H Acc,1.4355
07/21/2014,JupiterMerian Glb Eq AbsRt I £ H Acc,1.4389
07/22/2014,JupiterMerian Glb Eq AbsRt I £ H Acc,1.4398
07/23/2014,JupiterMerian Glb Eq AbsRt I £ H Acc,1.4426
07/24/2014,JupiterMerian Glb Eq AbsRt I £ H Acc,1.4449
07/25/2014,JupiterMerian Glb Eq AbsRt I £ H Acc,1.4365
07/26/2014,JupiterMerian Glb Eq AbsRt I £ H Acc,1.4365
07/27/2014,JupiterMerian Glb Eq AbsRt I £ H Acc,1.4365
07/28/2014,JupiterMerian Glb Eq AbsRt I £ H Acc,1.4359
07/29/2014,JupiterMerian Glb Eq AbsRt I £ H Acc,1.4335
07/30/2014,JupiterMerian Glb Eq AbsRt I £ H Acc,1.4298
07/31/2014,JupiterMerian Glb Eq AbsRt I £ H Acc,1.4281
08/01/2014,JupiterMerian Glb Eq AbsRt I £ H Acc,1.4339
08/02/2014,JupiterMerian Glb Eq AbsRt I £ H Acc,1.4339
08/03/2014,JupiterMerian Glb Eq AbsRt I £ H Acc,1.4339
08/04/2014,JupiterMerian Glb Eq AbsRt I £ H Acc,1.4339
08/05/2014,JupiterMerian Glb Eq AbsRt I £ H Acc,1.4333
08/06/2014,JupiterMerian Glb Eq AbsRt I £ H Acc,1.434
08/07/2014,JupiterMerian Glb Eq AbsRt I £ H Acc,1.4311
08/08/2014,JupiterMerian Glb Eq AbsRt I £ H Acc,1.427
08/09/2014,JupiterMerian Glb Eq AbsRt I £ H Acc,1.427
08/10/2014,JupiterMerian Glb Eq AbsRt I £ H Acc,1.427
08/11/2014,JupiterMerian Glb Eq AbsRt I £ H Acc,1.4293
08/12/2014,JupiterMerian Glb Eq AbsRt I £ H Acc,1.4272
08/13/2014,JupiterMerian Glb Eq AbsRt I £ H Acc,1.4317
08/14/2014,JupiterMerian Glb Eq AbsRt I £ H Acc,1.4353
08/15/2014,JupiterMerian Glb Eq AbsRt I £ H Acc,1.4358
08/16/2014,JupiterMerian Glb Eq AbsRt I £ H Acc,1.4358
08/17/2014,JupiterMerian Glb Eq AbsRt I £ H Acc,1.4358
08/18/2014,JupiterMerian Glb Eq AbsRt I £ H Acc,1.4342
08/19/2014,JupiterMerian Glb Eq AbsRt I £ H Acc,1.4355
08/20/2014,JupiterMerian Glb Eq AbsRt I £ H Acc,1.4371
08/21/2014,JupiterMerian Glb Eq AbsRt I £ H Acc,1.4361
08/22/2014,JupiterMerian Glb Eq AbsRt I £ H Acc,1.4373
08/23/2014,JupiterMerian Glb Eq AbsRt I £ H Acc,1.4373
08/24/2014,JupiterMerian Glb Eq AbsRt I £ H Acc,1.4373
08/25/2014,JupiterMerian Glb Eq AbsRt I £ H Acc,1.4373
08/26/2014,JupiterMerian Glb Eq AbsRt I £ H Acc,1.4358
08/27/2014,JupiterMerian Glb Eq AbsRt I £ H Acc,1.4323
08/28/2014,JupiterMerian Glb Eq AbsRt I £ H Acc,1.4333
08/29/2014,JupiterMerian Glb Eq AbsRt I £ H Acc,1.4361
08/30/2014,JupiterMerian Glb Eq AbsRt I £ H Acc,1.4361
08/31/2014,JupiterMerian Glb Eq AbsRt I £ H Acc,1.4361
09/01/2014,JupiterMerian Glb Eq AbsRt I £ H Acc,1.4369
09/02/2014,JupiterMerian Glb Eq AbsRt I £ H Acc,1.434
09/03/2014,JupiterMerian Glb Eq AbsRt I £ H Acc,1.434
09/04/2014,JupiterMerian Glb Eq AbsRt I £ H Acc,1.4323
09/05/2014,JupiterMerian Glb Eq AbsRt I £ H Acc,1.4284
09/06/2014,JupiterMerian Glb Eq AbsRt I £ H Acc,1.4284
09/07/2014,JupiterMerian Glb Eq AbsRt I £ H Acc,1.4284
09/08/2014,JupiterMerian Glb Eq AbsRt I £ H Acc,1.4303
09/09/2014,JupiterMerian Glb Eq AbsRt I £ H Acc,1.4308
09/10/2014,JupiterMerian Glb Eq AbsRt I £ H Acc,1.4347
09/11/2014,JupiterMerian Glb Eq AbsRt I £ H Acc,1.4377
09/12/2014,JupiterMerian Glb Eq AbsRt I £ H Acc,1.4333
09/13/2014,JupiterMerian Glb Eq AbsRt I £ H Acc,1.4333
09/14/2014,JupiterMerian Glb Eq AbsRt I £ H Acc,1.4333
09/15/2014,JupiterMerian Glb Eq AbsRt I £ H Acc,1.4311
09/16/2014,JupiterMerian Glb Eq AbsRt I £ H Acc,1.4303
09/17/2014,JupiterMerian Glb Eq AbsRt I £ H Acc,1.4372
09/18/2014,JupiterMerian Glb Eq AbsRt I £ H Acc,1.4379
09/19/2014,JupiterMerian Glb Eq AbsRt I £ H Acc,1.4407
09/20/2014,JupiterMerian Glb Eq AbsRt I £ H Acc,1.4407
09/21/2014,JupiterMerian Glb Eq AbsRt I £ H Acc,1.4407
09/22/2014,JupiterMerian Glb Eq AbsRt I £ H Acc,1.4458
09/23/2014,JupiterMerian Glb Eq AbsRt I £ H Acc,1.449
09/24/2014,JupiterMerian Glb Eq AbsRt I £ H Acc,1.449
09/25/2014,JupiterMerian Glb Eq AbsRt I £ H Acc,1.4484
09/26/2014,JupiterMerian Glb Eq AbsRt I £ H Acc,1.4496
09/27/2014,JupiterMerian Glb Eq AbsRt I £ H Acc,1.4496
09/28/2014,JupiterMerian Glb Eq AbsRt I £ H Acc,1.4496
09/29/2014,JupiterMerian Glb Eq AbsRt I £ H Acc,1.4536
09/30/2014,JupiterMerian Glb Eq AbsRt I £ H Acc,1.4514
10/01/2014,JupiterMerian Glb Eq AbsRt I £ H Acc,1.4547
10/02/2014,JupiterMerian Glb Eq AbsRt I £ H Acc,1.4573
10/03/2014,JupiterMerian Glb Eq AbsRt I £ H Acc,1.4589
10/04/2014,JupiterMerian Glb Eq AbsRt I £ H Acc,1.4589
10/05/2014,JupiterMerian Glb Eq AbsRt I £ H Acc,1.4589
10/06/2014,JupiterMerian Glb Eq AbsRt I £ H Acc,1.4617
10/07/2014,JupiterMerian Glb Eq AbsRt I £ H Acc,1.4591
10/08/2014,JupiterMerian Glb Eq AbsRt I £ H Acc,1.4605
10/09/2014,JupiterMerian Glb Eq AbsRt I £ H Acc,1.4591
10/10/2014,JupiterMerian Glb Eq AbsRt I £ H Acc,1.4606
10/11/2014,JupiterMerian Glb Eq AbsRt I £ H Acc,1.4606
10/12/2014,JupiterMerian Glb Eq AbsRt I £ H Acc,1.4606
10/13/2014,JupiterMerian Glb Eq AbsRt I £ H Acc,1.4601
10/14/2014,JupiterMerian Glb Eq AbsRt I £ H Acc,1.4581
10/15/2014,JupiterMerian Glb Eq AbsRt I £ H Acc,1.457
10/16/2014,JupiterMerian Glb Eq AbsRt I £ H Acc,1.4508
10/17/2014,JupiterMerian Glb Eq AbsRt I £ H Acc,1.4464
10/18/2014,JupiterMerian Glb Eq AbsRt I £ H Acc,1.4464
10/19/2014,JupiterMerian Glb Eq AbsRt I £ H Acc,1.4464
10/20/2014,JupiterMerian Glb Eq AbsRt I £ H Acc,1.4469
10/21/2014,JupiterMerian Glb Eq AbsRt I £ H Acc,1.4484
10/22/2014,JupiterMerian Glb Eq AbsRt I £ H Acc,1.455
10/23/2014,JupiterMerian Glb Eq AbsRt I £ H Acc,1.4617
10/24/2014,JupiterMerian Glb Eq AbsRt I £ H Acc,1.4595
10/25/2014,JupiterMerian Glb Eq AbsRt I £ H Acc,1.4595
10/26/2014,JupiterMerian Glb Eq AbsRt I £ H Acc,1.4595
10/27/2014,JupiterMerian Glb Eq AbsRt I £ H Acc,1.4595
10/28/2014,JupiterMerian Glb Eq AbsRt I £ H Acc,1.4631
10/29/2014,JupiterMerian Glb Eq AbsRt I £ H Acc,1.46
10/30/2014,JupiterMerian Glb Eq AbsRt I £ H Acc,1.4627
10/31/2014,JupiterMerian Glb Eq AbsRt I £ H Acc,1.4593
11/01/2014,JupiterMerian Glb Eq AbsRt I £ H Acc,1.4593
11/02/2014,JupiterMerian Glb Eq AbsRt I £ H Acc,1.4593
11/03/2014,JupiterMerian Glb Eq AbsRt I £ H Acc,1.461
11/04/2014,JupiterMerian Glb Eq AbsRt I £ H Acc,1.4663
11/05/2014,JupiterMerian Glb Eq AbsRt I £ H Acc,1.4732
11/06/2014,JupiterMerian Glb Eq AbsRt I £ H Acc,1.4714
11/07/2014,JupiterMerian Glb Eq AbsRt I £ H Acc,1.4692
11/08/2014,JupiterMerian Glb Eq AbsRt I £ H Acc,1.4692
11/09/2014,JupiterMerian Glb Eq AbsRt I £ H Acc,1.4692
11/10/2014,JupiterMerian Glb Eq AbsRt I £ H Acc,1.4565
11/11/2014,JupiterMerian Glb Eq AbsRt I £ H Acc,1.4618
11/12/2014,JupiterMerian Glb Eq AbsRt I £ H Acc,1.4581
11/13/2014,JupiterMerian Glb Eq AbsRt I £ H Acc,1.4555
11/14/2014,JupiterMerian Glb Eq AbsRt I £ H Acc,1.4617
11/15/2014,JupiterMerian Glb Eq AbsRt I £ H Acc,1.4617
11/16/2014,JupiterMerian Glb Eq AbsRt I £ H Acc,1.4617
11/17/2014,JupiterMerian Glb Eq AbsRt I £ H Acc,1.4562
11/18/2014,JupiterMerian Glb Eq AbsRt I £ H Acc,1.4601
11/19/2014,JupiterMerian Glb Eq AbsRt I £ H Acc,1.4646
11/20/2014,JupiterMerian Glb Eq AbsRt I £ H Acc,1.4696
11/21/2014,JupiterMerian Glb Eq AbsRt I £ H Acc,1.4643
11/22/2014,JupiterMerian Glb Eq AbsRt I £ H Acc,1.4643
11/23/2014,JupiterMerian Glb Eq AbsRt I £ H Acc,1.4643
11/24/2014,JupiterMerian Glb Eq AbsRt I £ H Acc,1.4597
11/25/2014,JupiterMerian Glb Eq AbsRt I £ H Acc,1.4659
11/26/2014,JupiterMerian Glb Eq AbsRt I £ H Acc,1.4704
11/27/2014,JupiterMerian Glb Eq AbsRt I £ H Acc,1.4755
11/28/2014,JupiterMerian Glb Eq AbsRt I £ H Acc,1.4838
11/29/2014,JupiterMerian Glb Eq AbsRt I £ H Acc,1.4838
11/30/2014,JupiterMerian Glb Eq AbsRt I £ H Acc,1.4838
12/01/2014,JupiterMerian Glb Eq AbsRt I £ H Acc,1.493
12/02/2014,JupiterMerian Glb Eq AbsRt I £ H Acc,1.4967
12/03/2014,JupiterMerian Glb Eq AbsRt I £ H Acc,1.4998
12/04/2014,JupiterMerian Glb Eq AbsRt I £ H Acc,1.5048
12/05/2014,JupiterMerian Glb Eq AbsRt I £ H Acc,1.5106
12/06/2014,JupiterMerian Glb Eq AbsRt I £ H Acc,1.5106
12/07/2014,JupiterMerian Glb Eq AbsRt I £ H Acc,1.5106
12/08/2014,JupiterMerian Glb Eq AbsRt I £ H Acc,1.5105
12/09/2014,JupiterMerian Glb Eq AbsRt I £ H Acc,1.5142
12/10/2014,JupiterMerian Glb Eq AbsRt I £ H Acc,1.5112
12/11/2014,JupiterMerian Glb Eq AbsRt I £ H Acc,1.5185
12/12/2014,JupiterMerian Glb Eq AbsRt I £ H Acc,1.5246
12/13/2014,JupiterMerian Glb Eq AbsRt I £ H Acc,1.5246
12/14/2014,JupiterMerian Glb Eq AbsRt I £ H Acc,1.5246
12/15/2014,JupiterMerian Glb Eq AbsRt I £ H Acc,1.5182
12/16/2014,JupiterMerian Glb Eq AbsRt I £ H Acc,1.5206
12/17/2014,JupiterMerian Glb Eq AbsRt I £ H Acc,1.5197
12/18/2014,JupiterMerian Glb Eq AbsRt I £ H Acc,1.5136
12/19/2014,JupiterMerian Glb Eq AbsRt I £ H Acc,1.5164
12/20/2014,JupiterMerian Glb Eq AbsRt I £ H Acc,1.5164
12/21/2014,JupiterMerian Glb Eq AbsRt I £ H Acc,1.5164
12/22/2014,JupiterMerian Glb Eq AbsRt I £ H Acc,1.5095
12/23/2014,JupiterMerian Glb Eq AbsRt I £ H Acc,1.5079
12/24/2014,JupiterMerian Glb Eq AbsRt I £ H Acc,1.5027
12/25/2014,JupiterMerian Glb Eq AbsRt I £ H Acc,1.5027
12/26/2014,JupiterMerian Glb Eq AbsRt I £ H Acc,1.5027
12/27/2014,JupiterMerian Glb Eq AbsRt I £ H Acc,1.5027
12/28/2014,JupiterMerian Glb Eq AbsRt I £ H Acc,1.5027
12/29/2014,JupiterMerian Glb Eq AbsRt I £ H Acc,1.5027
12/30/2014,JupiterMerian Glb Eq AbsRt I £ H Acc,1.5062
12/31/2014,JupiterMerian Glb Eq AbsRt I £ H Acc,1.5079
01/01/2015,JupiterMerian Glb Eq AbsRt I £ H Acc,1.5079
01/02/2015,JupiterMerian Glb Eq AbsRt I £ H Acc,1.5044
01/03/2015,JupiterMerian Glb Eq AbsRt I £ H Acc,1.5044
01/04/2015,JupiterMerian Glb Eq AbsRt I £ H Acc,1.5044
01/05/2015,JupiterMerian Glb Eq AbsRt I £ H Acc,1.5109
01/06/2015,JupiterMerian Glb Eq AbsRt I £ H Acc,1.5139
01/07/2015,JupiterMerian Glb Eq AbsRt I £ H Acc,1.5156
01/08/2015,JupiterMerian Glb Eq AbsRt I £ H Acc,1.5188
01/09/2015,JupiterMerian Glb Eq AbsRt I £ H Acc,1.5177
01/10/2015,JupiterMerian Glb Eq AbsRt I £ H Acc,1.5177
01/11/2015,JupiterMerian Glb Eq AbsRt I £ H Acc,1.5177
01/12/2015,JupiterMerian Glb Eq AbsRt I £ H Acc,1.519
01/13/2015,JupiterMerian Glb Eq AbsRt I £ H Acc,1.5121
01/14/2015,JupiterMerian Glb Eq AbsRt I £ H Acc,1.5117
01/15/2015,JupiterMerian Glb Eq AbsRt I £ H Acc,1.5041
01/16/2015,JupiterMerian Glb Eq AbsRt I £ H Acc,1.5101
01/17/2015,JupiterMerian Glb Eq AbsRt I £ H Acc,1.5101
01/18/2015,JupiterMerian Glb Eq AbsRt I £ H Acc,1.5101
01/19/2015,JupiterMerian Glb Eq AbsRt I £ H Acc,1.5111
01/20/2015,JupiterMerian Glb Eq AbsRt I £ H Acc,1.5129
01/21/2015,JupiterMerian Glb Eq AbsRt I £ H Acc,1.516
01/22/2015,JupiterMerian Glb Eq AbsRt I £ H Acc,1.509
01/23/2015,JupiterMerian Glb Eq AbsRt I £ H Acc,1.5191
01/24/2015,JupiterMerian Glb Eq AbsRt I £ H Acc,1.5191
01/25/2015,JupiterMerian Glb Eq AbsRt I £ H Acc,1.5191
01/26/2015,JupiterMerian Glb Eq AbsRt I £ H Acc,1.524
01/27/2015,JupiterMerian Glb Eq AbsRt I £ H Acc,1.5215
01/28/2015,JupiterMerian Glb Eq AbsRt I £ H Acc,1.5201
01/29/2015,JupiterMerian Glb Eq AbsRt I £ H Acc,1.5276
01/30/2015,JupiterMerian Glb Eq AbsRt I £ H Acc,1.5264
01/31/2015,JupiterMerian Glb Eq AbsRt I £ H Acc,1.5264
02/01/2015,JupiterMerian Glb Eq AbsRt I £ H Acc,1.5264
02/02/2015,JupiterMerian Glb Eq AbsRt I £ H Acc,1.5189
02/03/2015,JupiterMerian Glb Eq AbsRt I £ H Acc,1.5107
02/04/2015,JupiterMerian Glb Eq AbsRt I £ H Acc,1.5066
02/05/2015,JupiterMerian Glb Eq AbsRt I £ H Acc,1.5076
02/06/2015,JupiterMerian Glb Eq AbsRt I £ H Acc,1.4969
02/07/2015,JupiterMerian Glb Eq AbsRt I £ H Acc,1.4969
02/08/2015,JupiterMerian Glb Eq AbsRt I £ H Acc,1.4969
02/09/2015,JupiterMerian Glb Eq AbsRt I £ H Acc,1.4923
02/10/2015,JupiterMerian Glb Eq AbsRt I £ H Acc,1.4923
02/11/2015,JupiterMerian Glb Eq AbsRt I £ H Acc,1.4964
02/12/2015,JupiterMerian Glb Eq AbsRt I £ H Acc,1.4963
02/13/2015,JupiterMerian Glb Eq AbsRt I £ H Acc,1.4922
02/14/2015,JupiterMerian Glb Eq AbsRt I £ H Acc,1.4922
02/15/2015,JupiterMerian Glb Eq AbsRt I £ H Acc,1.4922
02/16/2015,JupiterMerian Glb Eq AbsRt I £ H Acc,1.4835
02/17/2015,JupiterMerian Glb Eq AbsRt I £ H Acc,1.4843
02/18/2015,JupiterMerian Glb Eq AbsRt I £ H Acc,1.4885
02/19/2015,JupiterMerian Glb Eq AbsRt I £ H Acc,1.487
02/20/2015,JupiterMerian Glb Eq AbsRt I £ H Acc,1.4887
02/21/2015,JupiterMerian Glb Eq AbsRt I £ H Acc,1.4887
02/22/2015,JupiterMerian Glb Eq AbsRt I £ H Acc,1.4887
02/23/2015,JupiterMerian Glb Eq AbsRt I £ H Acc,1.4925
02/24/2015,JupiterMerian Glb Eq AbsRt I £ H Acc,1.4967
02/25/2015,JupiterMerian Glb Eq AbsRt I £ H Acc,1.4969
02/26/2015,JupiterMerian Glb Eq AbsRt I £ H Acc,1.4925
02/27/2015,JupiterMerian Glb Eq AbsRt I £ H Acc,1.4957
02/28/2015,JupiterMerian Glb Eq AbsRt I £ H Acc,1.4957
03/01/2015,JupiterMerian Glb Eq AbsRt I £ H Acc,1.4957
03/02/2015,JupiterMerian Glb Eq AbsRt I £ H Acc,1.4955
03/03/2015,JupiterMerian Glb Eq AbsRt I £ H Acc,1.4976
03/04/2015,JupiterMerian Glb Eq AbsRt I £ H Acc,1.4964
03/05/2015,JupiterMerian Glb Eq AbsRt I £ H Acc,1.495
03/06/2015,JupiterMerian Glb Eq AbsRt I £ H Acc,1.4922
03/07/2015,JupiterMerian Glb Eq AbsRt I £ H Acc,1.4922
03/08/2015,JupiterMerian Glb Eq AbsRt I £ H Acc,1.4922
03/09/2015,JupiterMerian Glb Eq AbsRt I £ H Acc,1.4926
03/10/2015,JupiterMerian Glb Eq AbsRt I £ H Acc,1.4934
03/11/2015,JupiterMerian Glb Eq AbsRt I £ H Acc,1.4906
03/12/2015,JupiterMerian Glb Eq AbsRt I £ H Acc,1.4898
03/13/2015,JupiterMerian Glb Eq AbsRt I £ H Acc,1.493
03/14/2015,JupiterMerian Glb Eq AbsRt I £ H Acc,1.493
03/15/2015,JupiterMerian Glb Eq AbsRt I £ H Acc,1.493
03/16/2015,JupiterMerian Glb Eq AbsRt I £ H Acc,1.5002
03/17/2015,JupiterMerian Glb Eq AbsRt I £ H Acc,1.5002
03/18/2015,JupiterMerian Glb Eq AbsRt I £ H Acc,1.5006
03/19/2015,JupiterMerian Glb Eq AbsRt I £ H Acc,1.4987
03/20/2015,JupiterMerian Glb Eq AbsRt I £ H Acc,1.5025
03/21/2015,JupiterMerian Glb Eq AbsRt I £ H Acc,1.5025
03/22/2015,JupiterMerian Glb Eq AbsRt I £ H Acc,1.5025
03/23/2015,JupiterMerian Glb Eq AbsRt I £ H Acc,1.5009
03/24/2015,JupiterMerian Glb Eq AbsRt I £ H Acc,1.4995
03/25/2015,JupiterMerian Glb Eq AbsRt I £ H Acc,1.4989
03/26/2015,JupiterMerian Glb Eq AbsRt I £ H Acc,1.4849
03/27/2015,JupiterMerian Glb Eq AbsRt I £ H Acc,1.4834
03/28/2015,JupiterMerian Glb Eq AbsRt I £ H Acc,1.4834
03/29/2015,JupiterMerian Glb Eq AbsRt I £ H Acc,1.4834
03/30/2015,JupiterMerian Glb Eq AbsRt I £ H Acc,1.486
03/31/2015,JupiterMerian Glb Eq AbsRt I £ H Acc,1.4894
04/01/2015,JupiterMerian Glb Eq AbsRt I £ H Acc,1.4869
04/02/2015,JupiterMerian Glb Eq AbsRt I £ H Acc,1.4857
04/03/2015,JupiterMerian Glb Eq AbsRt I £ H Acc,1.4857
04/04/2015,JupiterMerian Glb Eq AbsRt I £ H Acc,1.4857
04/05/2015,JupiterMerian Glb Eq AbsRt I £ H Acc,1.4857
04/06/2015,JupiterMerian Glb Eq AbsRt I £ H Acc,1.4857
04/07/2015,JupiterMerian Glb Eq AbsRt I £ H Acc,1.4778
04/08/2015,JupiterMerian Glb Eq AbsRt I £ H Acc,1.4767
04/09/2015,JupiterMerian Glb Eq AbsRt I £ H Acc,1.4774
04/10/2015,JupiterMerian Glb Eq AbsRt I £ H Acc,1.4815
04/11/2015,JupiterMerian Glb Eq AbsRt I £ H Acc,1.4815
04/12/2015,JupiterMerian Glb Eq AbsRt I £ H Acc,1.4815
04/13/2015,JupiterMerian Glb Eq AbsRt I £ H Acc,1.4761
04/14/2015,JupiterMerian Glb Eq AbsRt I £ H Acc,1.4759
04/15/2015,JupiterMerian Glb Eq AbsRt I £ H Acc,1.4762
04/16/2015,JupiterMerian Glb Eq AbsRt I £ H Acc,1.4731
04/17/2015,JupiterMerian Glb Eq AbsRt I £ H Acc,1.4751
04/18/2015,JupiterMerian Glb Eq AbsRt I £ H Acc,1.4751
04/19/2015,JupiterMerian Glb Eq AbsRt I £ H Acc,1.4751
04/20/2015,JupiterMerian Glb Eq AbsRt I £ H Acc,1.4805
04/21/2015,JupiterMerian Glb Eq AbsRt I £ H Acc,1.484
04/22/2015,JupiterMerian Glb Eq AbsRt I £ H Acc,1.4844
04/23/2015,JupiterMerian Glb Eq AbsRt I £ H Acc,1.485
04/24/2015,JupiterMerian Glb Eq AbsRt I £ H Acc,1.4817
04/25/2015,JupiterMerian Glb Eq AbsRt I £ H Acc,1.4817
04/26/2015,JupiterMerian Glb Eq AbsRt I £ H Acc,1.4817
04/27/2015,JupiterMerian Glb Eq AbsRt I £ H Acc,1.4818
04/28/2015,JupiterMerian Glb Eq AbsRt I £ H Acc,1.4799
04/29/2015,JupiterMerian Glb Eq AbsRt I £ H Acc,1.4758
04/30/2015,JupiterMerian Glb Eq AbsRt I £ H Acc,1.468
05/01/2015,JupiterMerian Glb Eq AbsRt I £ H Acc,1.4709
05/02/2015,JupiterMerian Glb Eq AbsRt I £ H Acc,1.4709
05/03/2015,JupiterMerian Glb Eq AbsRt I £ H Acc,1.4709
05/04/2015,JupiterMerian Glb Eq AbsRt I £ H Acc,1.4709
05/05/2015,JupiterMerian Glb Eq AbsRt I £ H Acc,1.4766
05/06/2015,JupiterMerian Glb Eq AbsRt I £ H Acc,1.4777
05/07/2015,JupiterMerian Glb Eq AbsRt I £ H Acc,1.4793
05/08/2015,JupiterMerian Glb Eq AbsRt I £ H Acc,1.4807
05/09/2015,JupiterMerian Glb Eq AbsRt I £ H Acc,1.4807
05/10/2015,JupiterMerian Glb Eq AbsRt I £ H Acc,1.4807
05/11/2015,JupiterMerian Glb Eq AbsRt I £ H Acc,1.4825
05/12/2015,JupiterMerian Glb Eq AbsRt I £ H Acc,1.4813
05/13/2015,JupiterMerian Glb Eq AbsRt I £ H Acc,1.4807
05/14/2015,JupiterMerian Glb Eq AbsRt I £ H Acc,1.4763
05/15/2015,JupiterMerian Glb Eq AbsRt I £ H Acc,1.4789
05/16/2015,JupiterMerian Glb Eq AbsRt I £ H Acc,1.4789
05/17/2015,JupiterMerian Glb Eq AbsRt I £ H Acc,1.4789
05/18/2015,JupiterMerian Glb Eq AbsRt I £ H Acc,1.476
05/19/2015,JupiterMerian Glb Eq AbsRt I £ H Acc,1.48
05/20/2015,JupiterMerian Glb Eq AbsRt I £ H Acc,1.4801
05/21/2015,JupiterMerian Glb Eq AbsRt I £ H Acc,1.4772
05/22/2015,JupiterMerian Glb Eq AbsRt I £ H Acc,1.4781
05/23/2015,JupiterMerian Glb Eq AbsRt I £ H Acc,1.4781
05/24/2015,JupiterMerian Glb Eq AbsRt I £ H Acc,1.4781
05/25/2015,JupiterMerian Glb Eq AbsRt I £ H Acc,1.4781
05/26/2015,JupiterMerian Glb Eq AbsRt I £ H Acc,1.4815
05/27/2015,JupiterMerian Glb Eq AbsRt I £ H Acc,1.4824
05/28/2015,JupiterMerian Glb Eq AbsRt I £ H Acc,1.4827
05/29/2015,JupiterMerian Glb Eq AbsRt I £ H Acc,1.4813
05/30/2015,JupiterMerian Glb Eq AbsRt I £ H Acc,1.4813
05/31/2015,JupiterMerian Glb Eq AbsRt I £ H Acc,1.4813
06/01/2015,JupiterMerian Glb Eq AbsRt I £ H Acc,1.4813
06/02/2015,JupiterMerian Glb Eq AbsRt I £ H Acc,1.4845
06/03/2015,JupiterMerian Glb Eq AbsRt I £ H Acc,1.486
06/04/2015,JupiterMerian Glb Eq AbsRt I £ H Acc,1.4856
06/05/2015,JupiterMerian Glb Eq AbsRt I £ H Acc,1.4848
06/06/2015,JupiterMerian Glb Eq AbsRt I £ H Acc,1.4848
06/07/2015,JupiterMerian Glb Eq AbsRt I £ H Acc,1.4848
06/08/2015,JupiterMerian Glb Eq AbsRt I £ H Acc,1.4857
06/09/2015,JupiterMerian Glb Eq AbsRt I £ H Acc,1.4835
06/10/2015,JupiterMerian Glb Eq AbsRt I £ H Acc,1.4856
06/11/2015,JupiterMerian Glb Eq AbsRt I £ H Acc,1.4889
06/12/2015,JupiterMerian Glb Eq AbsRt I £ H Acc,1.4876
06/13/2015,JupiterMerian Glb Eq AbsRt I £ H Acc,1.4876
06/14/2015,JupiterMerian Glb Eq AbsRt I £ H Acc,1.4876
06/15/2015,JupiterMerian Glb Eq AbsRt I £ H Acc,1.4861
06/16/2015,JupiterMerian Glb Eq AbsRt I £ H Acc,1.4865
06/17/2015,JupiterMerian Glb Eq AbsRt I £ H Acc,1.4882
06/18/2015,JupiterMerian Glb Eq AbsRt I £ H Acc,1.4862
06/19/2015,JupiterMerian Glb Eq AbsRt I £ H Acc,1.4891
06/20/2015,JupiterMerian Glb Eq AbsRt I £ H Acc,1.4891
06/21/2015,JupiterMerian Glb Eq AbsRt I £ H Acc,1.4891
06/22/2015,JupiterMerian Glb Eq AbsRt I £ H Acc,1.4906
06/23/2015,JupiterMerian Glb Eq AbsRt I £ H Acc,1.4912
06/24/2015,JupiterMerian Glb Eq AbsRt I £ H Acc,1.4892
06/25/2015,JupiterMerian Glb Eq AbsRt I £ H Acc,1.4914
06/26/2015,JupiterMerian Glb Eq AbsRt I £ H Acc,1.4973
06/27/2015,JupiterMerian Glb Eq AbsRt I £ H Acc,1.4973
06/28/2015,JupiterMerian Glb Eq AbsRt I £ H Acc,1.4973
06/29/2015,JupiterMerian Glb Eq AbsRt I £ H Acc,1.496
06/30/2015,JupiterMerian Glb Eq AbsRt I £ H Acc,1.4979
07/01/2015,JupiterMerian Glb Eq AbsRt I £ H Acc,1.501
07/02/2015,JupiterMerian Glb Eq AbsRt I £ H Acc,1.4988
07/03/2015,JupiterMerian Glb Eq AbsRt I £ H Acc,1.4959
07/04/2015,JupiterMerian Glb Eq AbsRt I £ H Acc,1.4959
07/05/2015,JupiterMerian Glb Eq AbsRt I £ H Acc,1.4959
07/06/2015,JupiterMerian Glb Eq AbsRt I £ H Acc,1.4925
07/07/2015,JupiterMerian Glb Eq AbsRt I £ H Acc,1.4898
07/08/2015,JupiterMerian Glb Eq AbsRt I £ H Acc,1.4883
07/09/2015,JupiterMerian Glb Eq AbsRt I £ H Acc,1.4899
07/10/2015,JupiterMerian Glb Eq AbsRt I £ H Acc,1.4888
07/11/2015,JupiterMerian Glb Eq AbsRt I £ H Acc,1.4888
07/12/2015,JupiterMerian Glb Eq AbsRt I £ H Acc,1.4888
07/13/2015,JupiterMerian Glb Eq AbsRt I £ H Acc,1.4893
07/14/2015,JupiterMerian Glb Eq AbsRt I £ H Acc,1.4875
07/15/2015,JupiterMerian Glb Eq AbsRt I £ H Acc,1.4869
07/16/2015,JupiterMerian Glb Eq AbsRt I £ H Acc,1.4921
07/17/2015,JupiterMerian Glb Eq AbsRt I £ H Acc,1.4885
07/18/2015,JupiterMerian Glb Eq AbsRt I £ H Acc,1.4885
07/19/2015,JupiterMerian Glb Eq AbsRt I £ H Acc,1.4885
07/20/2015,JupiterMerian Glb Eq AbsRt I £ H Acc,1.4906
07/21/2015,JupiterMerian Glb Eq AbsRt I £ H Acc,1.4957
07/22/2015,JupiterMerian Glb Eq AbsRt I £ H Acc,1.496
07/23/2015,JupiterMerian Glb Eq AbsRt I £ H Acc,1.4975
07/24/2015,JupiterMerian Glb Eq AbsRt I £ H Acc,1.5012
07/25/2015,JupiterMerian Glb Eq AbsRt I £ H Acc,1.5012
07/26/2015,JupiterMerian Glb Eq AbsRt I £ H Acc,1.5012
07/27/2015,JupiterMerian Glb Eq AbsRt I £ H Acc,1.4946
07/28/2015,JupiterMerian Glb Eq AbsRt I £ H Acc,1.496
07/29/2015,JupiterMerian Glb Eq AbsRt I £ H Acc,1.493
07/30/2015,JupiterMerian Glb Eq AbsRt I £ H Acc,1.4866
07/31/2015,JupiterMerian Glb Eq AbsRt I £ H Acc,1.4899
08/01/2015,JupiterMerian Glb Eq AbsRt I £ H Acc,1.4899
08/02/2015,JupiterMerian Glb Eq AbsRt I £ H Acc,1.4899
08/03/2015,JupiterMerian Glb Eq AbsRt I £ H Acc,1.4899
08/04/2015,JupiterMerian Glb Eq AbsRt I £ H Acc,1.4976
08/05/2015,JupiterMerian Glb Eq AbsRt I £ H Acc,1.4975
08/06/2015,JupiterMerian Glb Eq AbsRt I £ H Acc,1.5003
08/07/2015,JupiterMerian Glb Eq AbsRt I £ H Acc,1.5035
08/08/2015,JupiterMerian Glb Eq AbsRt I £ H Acc,1.5035
08/09/2015,JupiterMerian Glb Eq AbsRt I £ H Acc,1.5035
08/10/2015,JupiterMerian Glb Eq AbsRt I £ H Acc,1.5099
08/11/2015,JupiterMerian Glb Eq AbsRt I £ H Acc,1.509
08/12/2015,JupiterMerian Glb Eq AbsRt I £ H Acc,1.5093
08/13/2015,JupiterMerian Glb Eq AbsRt I £ H Acc,1.5092
08/14/2015,JupiterMerian Glb Eq AbsRt I £ H Acc,1.5118
08/15/2015,JupiterMerian Glb Eq AbsRt I £ H Acc,1.5118
08/16/2015,JupiterMerian Glb Eq AbsRt I £ H Acc,1.5118
08/17/2015,JupiterMerian Glb Eq AbsRt I £ H Acc,1.514
08/18/2015,JupiterMerian Glb Eq AbsRt I £ H Acc,1.5133
08/19/2015,JupiterMerian Glb Eq AbsRt I £ H Acc,1.511
08/20/2015,JupiterMerian Glb Eq AbsRt I £ H Acc,1.5104
08/21/2015,JupiterMerian Glb Eq AbsRt I £ H Acc,1.5107
08/22/2015,JupiterMerian Glb Eq AbsRt I £ H Acc,1.5107
08/23/2015,JupiterMerian Glb Eq AbsRt I £ H Acc,1.5107
08/24/2015,JupiterMerian Glb Eq AbsRt I £ H Acc,1.5055
08/25/2015,JupiterMerian Glb Eq AbsRt I £ H Acc,1.5116
08/26/2015,JupiterMerian Glb Eq AbsRt I £ H Acc,1.514
08/27/2015,JupiterMerian Glb Eq AbsRt I £ H Acc,1.5201
08/28/2015,JupiterMerian Glb Eq AbsRt I £ H Acc,1.5079
08/29/2015,JupiterMerian Glb Eq AbsRt I £ H Acc,1.5079
08/30/2015,JupiterMerian Glb Eq AbsRt I £ H Acc,1.5079
08/31/2015,JupiterMerian Glb Eq AbsRt I £ H Acc,1.5079
09/01/2015,JupiterMerian Glb Eq AbsRt I £ H Acc,1.5061
09/02/2015,JupiterMerian Glb Eq AbsRt I £ H Acc,1.5088
09/03/2015,JupiterMerian Glb Eq AbsRt I £ H Acc,1.5143
09/04/2015,JupiterMerian Glb Eq AbsRt I £ H Acc,1.5109
09/05/2015,JupiterMerian Glb Eq AbsRt I £ H Acc,1.5109
09/06/2015,JupiterMerian Glb Eq AbsRt I £ H Acc,1.5109
09/07/2015,JupiterMerian Glb Eq AbsRt I £ H Acc,1.5107
09/08/2015,JupiterMerian Glb Eq AbsRt I £ H Acc,1.5098
09/09/2015,JupiterMerian Glb Eq AbsRt I £ H Acc,1.51
09/10/2015,JupiterMerian Glb Eq AbsRt I £ H Acc,1.5118
09/11/2015,JupiterMerian Glb Eq AbsRt I £ H Acc,1.5114
09/12/2015,JupiterMerian Glb Eq AbsRt I £ H Acc,1.5114
09/13/2015,JupiterMerian Glb Eq AbsRt I £ H Acc,1.5114
09/14/2015,JupiterMerian Glb Eq AbsRt I £ H Acc,1.512
09/15/2015,JupiterMerian Glb Eq AbsRt I £ H Acc,1.5131
09/16/2015,JupiterMerian Glb Eq AbsRt I £ H Acc,1.5132
09/17/2015,JupiterMerian Glb Eq AbsRt I £ H Acc,1.5155
09/18/2015,JupiterMerian Glb Eq AbsRt I £ H Acc,1.5129
09/19/2015,JupiterMerian Glb Eq AbsRt I £ H Acc,1.5129
09/20/2015,JupiterMerian Glb Eq AbsRt I £ H Acc,1.5129
09/21/2015,JupiterMerian Glb Eq AbsRt I £ H Acc,1.5128
09/22/2015,JupiterMerian Glb Eq AbsRt I £ H Acc,1.5231
09/23/2015,JupiterMerian Glb Eq AbsRt I £ H Acc,1.5284
09/24/2015,JupiterMerian Glb Eq AbsRt I £ H Acc,1.5325
09/25/2015,JupiterMerian Glb Eq AbsRt I £ H Acc,1.5357
09/26/2015,JupiterMerian Glb Eq AbsRt I £ H Acc,1.5357
09/27/2015,JupiterMerian Glb Eq AbsRt I £ H Acc,1.5357
09/28/2015,JupiterMerian Glb Eq AbsRt I £ H Acc,1.5412
09/29/2015,JupiterMerian Glb Eq AbsRt I £ H Acc,1.5433
09/30/2015,JupiterMerian Glb Eq AbsRt I £ H Acc,1.5465
10/01/2015,JupiterMerian Glb Eq AbsRt I £ H Acc,1.539
10/02/2015,JupiterMerian Glb Eq AbsRt I £ H Acc,1.5397
10/03/2015,JupiterMerian Glb Eq AbsRt I £ H Acc,1.5397
10/04/2015,JupiterMerian Glb Eq AbsRt I £ H Acc,1.5397
10/05/2015,JupiterMerian Glb Eq AbsRt I £ H Acc,1.5347
10/06/2015,JupiterMerian Glb Eq AbsRt I £ H Acc,1.5332
10/07/2015,JupiterMerian Glb Eq AbsRt I £ H Acc,1.5189
10/08/2015,JupiterMerian Glb Eq AbsRt I £ H Acc,1.5155
10/09/2015,JupiterMerian Glb Eq AbsRt I £ H Acc,1.5096
10/10/2015,JupiterMerian Glb Eq AbsRt I £ H Acc,1.5096
10/11/2015,JupiterMerian Glb Eq AbsRt I £ H Acc,1.5096
10/12/2015,JupiterMerian Glb Eq AbsRt I £ H Acc,1.5095
10/13/2015,JupiterMerian Glb Eq AbsRt I £ H Acc,1.515
10/14/2015,JupiterMerian Glb Eq AbsRt I £ H Acc,1.5123
10/15/2015,JupiterMerian Glb Eq AbsRt I £ H Acc,1.5163
10/16/2015,JupiterMerian Glb Eq AbsRt I £ H Acc,1.5159
10/17/2015,JupiterMerian Glb Eq AbsRt I £ H Acc,1.5159
10/18/2015,JupiterMerian Glb Eq AbsRt I £ H Acc,1.5159
10/19/2015,JupiterMerian Glb Eq AbsRt I £ H Acc,1.5198
10/20/2015,JupiterMerian Glb Eq AbsRt I £ H Acc,1.525
10/21/2015,JupiterMerian Glb Eq AbsRt I £ H Acc,1.5293
10/22/2015,JupiterMerian Glb Eq AbsRt I £ H Acc,1.53
10/23/2015,JupiterMerian Glb Eq AbsRt I £ H Acc,1.5329
10/24/2015,JupiterMerian Glb Eq AbsRt I £ H Acc,1.5329
10/25/2015,JupiterMerian Glb Eq AbsRt I £ H Acc,1.5329
10/26/2015,JupiterMerian Glb Eq AbsRt I £ H Acc,1.5329
10/27/2015,JupiterMerian Glb Eq AbsRt I £ H Acc,1.5336
10/28/2015,JupiterMerian Glb Eq AbsRt I £ H Acc,1.537
10/29/2015,JupiterMerian Glb Eq AbsRt I £ H Acc,1.5356
10/30/2015,JupiterMerian Glb Eq AbsRt I £ H Acc,1.5327
10/31/2015,JupiterMerian Glb Eq AbsRt I £ H Acc,1.5327
11/01/2015,JupiterMerian Glb Eq AbsRt I £ H Acc,1.5327
11/02/2015,JupiterMerian Glb Eq AbsRt I £ H Acc,1.5384
11/03/2015,JupiterMerian Glb Eq AbsRt I £ H Acc,1.5361
11/04/2015,JupiterMerian Glb Eq AbsRt I £ H Acc,1.5327
11/05/2015,JupiterMerian Glb Eq AbsRt I £ H Acc,1.5408
11/06/2015,JupiterMerian Glb Eq AbsRt I £ H Acc,1.545
11/07/2015,JupiterMerian Glb Eq AbsRt I £ H Acc,1.545
11/08/2015,JupiterMerian Glb Eq AbsRt I £ H Acc,1.545
11/09/2015,JupiterMerian Glb Eq AbsRt I £ H Acc,1.5456
11/10/2015,JupiterMerian Glb Eq AbsRt I £ H Acc,1.5525
11/11/2015,JupiterMerian Glb Eq AbsRt I £ H Acc,1.5513
11/12/2015,JupiterMerian Glb Eq AbsRt I £ H Acc,1.5502
11/13/2015,JupiterMerian Glb Eq AbsRt I £ H Acc,1.5526
11/14/2015,JupiterMerian Glb Eq AbsRt I £ H Acc,1.5526
11/15/2015,JupiterMerian Glb Eq AbsRt I £ H Acc,1.5526
11/16/2015,JupiterMerian Glb Eq AbsRt I £ H Acc,1.5494
11/17/2015,JupiterMerian Glb Eq AbsRt I £ H Acc,1.5544
11/18/2015,JupiterMerian Glb Eq AbsRt I £ H Acc,1.5538
11/19/2015,JupiterMerian Glb Eq AbsRt I £ H Acc,1.5513
11/20/2015,JupiterMerian Glb Eq AbsRt I £ H Acc,1.5501
11/21/2015,JupiterMerian Glb Eq AbsRt I £ H Acc,1.5501
11/22/2015,JupiterMerian Glb Eq AbsRt I £ H Acc,1.5501
11/23/2015,JupiterMerian Glb Eq AbsRt I £ H Acc,1.5525
11/24/2015,JupiterMerian Glb Eq AbsRt I £ H Acc,1.5497
11/25/2015,JupiterMerian Glb Eq AbsRt I £ H Acc,1.5554
11/26/2015,JupiterMerian Glb Eq AbsRt I £ H Acc,1.5547
11/27/2015,JupiterMerian Glb Eq AbsRt I £ H Acc,1.5538
11/28/2015,JupiterMerian Glb Eq AbsRt I £ H Acc,1.5538
11/29/2015,JupiterMerian Glb Eq AbsRt I £ H Acc,1.5538
11/30/2015,JupiterMerian Glb Eq AbsRt I £ H Acc,1.5547
12/01/2015,JupiterMerian Glb Eq AbsRt I £ H Acc,1.5576
12/02/2015,JupiterMerian Glb Eq AbsRt I £ H Acc,1.561
12/03/2015,JupiterMerian Glb Eq AbsRt I £ H Acc,1.5615
12/04/2015,JupiterMerian Glb Eq AbsRt I £ H Acc,1.5588
12/05/2015,JupiterMerian Glb Eq AbsRt I £ H Acc,1.5588
12/06/2015,JupiterMerian Glb Eq AbsRt I £ H Acc,1.5588
12/07/2015,JupiterMerian Glb Eq AbsRt I £ H Acc,1.5638
12/08/2015,JupiterMerian Glb Eq AbsRt I £ H Acc,1.5716
12/09/2015,JupiterMerian Glb Eq AbsRt I £ H Acc,1.5733
12/10/2015,JupiterMerian Glb Eq AbsRt I £ H Acc,1.5689
12/11/2015,JupiterMerian Glb Eq AbsRt I £ H Acc,1.569
12/12/2015,JupiterMerian Glb Eq AbsRt I £ H Acc,1.569
12/13/2015,JupiterMerian Glb Eq AbsRt I £ H Acc,1.569
12/14/2015,JupiterMerian Glb Eq AbsRt I £ H Acc,1.5736
12/15/2015,JupiterMerian Glb Eq AbsRt I £ H Acc,1.5729
12/16/2015,JupiterMerian Glb Eq AbsRt I £ H Acc,1.579
12/17/2015,JupiterMerian Glb Eq AbsRt I £ H Acc,1.5768
12/18/2015,JupiterMerian Glb Eq AbsRt I £ H Acc,1.5782
12/19/2015,JupiterMerian Glb Eq AbsRt I £ H Acc,1.5782
12/20/2015,JupiterMerian Glb Eq AbsRt I £ H Acc,1.5782
12/21/2015,JupiterMerian Glb Eq AbsRt I £ H Acc,1.5794
12/22/2015,JupiterMerian Glb Eq AbsRt I £ H Acc,1.5787
12/23/2015,JupiterMerian Glb Eq AbsRt I £ H Acc,1.5732
12/24/2015,JupiterMerian Glb Eq AbsRt I £ H Acc,1.574
12/25/2015,JupiterMerian Glb Eq AbsRt I £ H Acc,1.574
12/26/2015,JupiterMerian Glb Eq AbsRt I £ H Acc,1.574
12/27/2015,JupiterMerian Glb Eq AbsRt I £ H Acc,1.574
12/28/2015,JupiterMerian Glb Eq AbsRt I £ H Acc,1.574
12/29/2015,JupiterMerian Glb Eq AbsRt I £ H Acc,1.574
12/30/2015,JupiterMerian Glb Eq AbsRt I £ H Acc,1.5747
12/31/2015,JupiterMerian Glb Eq AbsRt I £ H Acc,1.574
01/01/2016,JupiterMerian Glb Eq AbsRt I £ H Acc,1.574
01/02/2016,JupiterMerian Glb Eq AbsRt I £ H Acc,1.574
01/03/2016,JupiterMerian Glb Eq AbsRt I £ H Acc,1.574
01/04/2016,JupiterMerian Glb Eq AbsRt I £ H Acc,1.5753
01/05/2016,JupiterMerian Glb Eq AbsRt I £ H Acc,1.5767
01/06/2016,JupiterMerian Glb Eq AbsRt I £ H Acc,1.5783
01/07/2016,JupiterMerian Glb Eq AbsRt I £ H Acc,1.5771
01/08/2016,JupiterMerian Glb Eq AbsRt I £ H Acc,1.5796
01/09/2016,JupiterMerian Glb Eq AbsRt I £ H Acc,1.5796
01/10/2016,JupiterMerian Glb Eq AbsRt I £ H Acc,1.5796
01/11/2016,JupiterMerian Glb Eq AbsRt I £ H Acc,1.5788
01/12/2016,JupiterMerian Glb Eq AbsRt I £ H Acc,1.58
01/13/2016,JupiterMerian Glb Eq AbsRt I £ H Acc,1.5879
01/14/2016,JupiterMerian Glb Eq AbsRt I £ H Acc,1.5854
01/15/2016,JupiterMerian Glb Eq AbsRt I £ H Acc,1.5857
01/16/2016,JupiterMerian Glb Eq AbsRt I £ H Acc,1.5857
01/17/2016,JupiterMerian Glb Eq AbsRt I £ H Acc,1.5857
01/18/2016,JupiterMerian Glb Eq AbsRt I £ H Acc,1.585
01/19/2016,JupiterMerian Glb Eq AbsRt I £ H Acc,1.5855
01/20/2016,JupiterMerian Glb Eq AbsRt I £ H Acc,1.5874
01/21/2016,JupiterMerian Glb Eq AbsRt I £ H Acc,1.5899
01/22/2016,JupiterMerian Glb Eq AbsRt I £ H Acc,1.5837
01/23/2016,JupiterMerian Glb Eq AbsRt I £ H Acc,1.5837
01/24/2016,JupiterMerian Glb Eq AbsRt I £ H Acc,1.5837
01/25/2016,JupiterMerian Glb Eq AbsRt I £ H Acc,1.5848
01/26/2016,JupiterMerian Glb Eq AbsRt I £ H Acc,1.5819
01/27/2016,JupiterMerian Glb Eq AbsRt I £ H Acc,1.5841
01/28/2016,JupiterMerian Glb Eq AbsRt I £ H Acc,1.5781
01/29/2016,JupiterMerian Glb Eq AbsRt I £ H Acc,1.5769
01/30/2016,JupiterMerian Glb Eq AbsRt I £ H Acc,1.5769
01/31/2016,JupiterMerian Glb Eq AbsRt I £ H Acc,1.5769
02/01/2016,JupiterMerian Glb Eq AbsRt I £ H Acc,1.5793
02/02/2016,JupiterMerian Glb Eq AbsRt I £ H Acc,1.58
02/03/2016,JupiterMerian Glb Eq AbsRt I £ H Acc,1.5784
02/04/2016,JupiterMerian Glb Eq AbsRt I £ H Acc,1.5672
02/05/2016,JupiterMerian Glb Eq AbsRt I £ H Acc,1.563
02/06/2016,JupiterMerian Glb Eq AbsRt I £ H Acc,1.563
02/07/2016,JupiterMerian Glb Eq AbsRt I £ H Acc,1.563
02/08/2016,JupiterMerian Glb Eq AbsRt I £ H Acc,1.563
02/09/2016,JupiterMerian Glb Eq AbsRt I £ H Acc,1.565
02/10/2016,JupiterMerian Glb Eq AbsRt I £ H Acc,1.5715
02/11/2016,JupiterMerian Glb Eq AbsRt I £ H Acc,1.5678
02/12/2016,JupiterMerian Glb Eq AbsRt I £ H Acc,1.5597
02/13/2016,JupiterMerian Glb Eq AbsRt I £ H Acc,1.5597
02/14/2016,JupiterMerian Glb Eq AbsRt I £ H Acc,1.5597
02/15/2016,JupiterMerian Glb Eq AbsRt I £ H Acc,1.5657
02/16/2016,JupiterMerian Glb Eq AbsRt I £ H Acc,1.5631
02/17/2016,JupiterMerian Glb Eq AbsRt I £ H Acc,1.5625
02/18/2016,JupiterMerian Glb Eq AbsRt I £ H Acc,1.5632
02/19/2016,JupiterMerian Glb Eq AbsRt I £ H Acc,1.57
02/20/2016,JupiterMerian Glb Eq AbsRt I £ H Acc,1.57
02/21/2016,JupiterMerian Glb Eq AbsRt I £ H Acc,1.57
02/22/2016,JupiterMerian Glb Eq AbsRt I £ H Acc,1.5655
02/23/2016,JupiterMerian Glb Eq AbsRt I £ H Acc,1.5639
02/24/2016,JupiterMerian Glb Eq AbsRt I £ H Acc,1.5673
02/25/2016,JupiterMerian Glb Eq AbsRt I £ H Acc,1.5687
02/26/2016,JupiterMerian Glb Eq AbsRt I £ H Acc,1.5629
02/27/2016,JupiterMerian Glb Eq AbsRt I £ H Acc,1.5629
02/28/2016,JupiterMerian Glb Eq AbsRt I £ H Acc,1.5629
02/29/2016,JupiterMerian Glb Eq AbsRt I £ H Acc,1.5656
03/01/2016,JupiterMerian Glb Eq AbsRt I £ H Acc,1.5674
03/02/2016,JupiterMerian Glb Eq AbsRt I £ H Acc,1.5712
03/03/2016,JupiterMerian Glb Eq AbsRt I £ H Acc,1.5634
03/04/2016,JupiterMerian Glb Eq AbsRt I £ H Acc,1.5649
03/05/2016,JupiterMerian Glb Eq AbsRt I £ H Acc,1.5649
03/06/2016,JupiterMerian Glb Eq AbsRt I £ H Acc,1.5649
03/07/2016,JupiterMerian Glb Eq AbsRt I £ H Acc,1.5665
03/08/2016,JupiterMerian Glb Eq AbsRt I £ H Acc,1.5677
03/09/2016,JupiterMerian Glb Eq AbsRt I £ H Acc,1.568
03/10/2016,JupiterMerian Glb Eq AbsRt I £ H Acc,1.5683
03/11/2016,JupiterMerian Glb Eq AbsRt I £ H Acc,1.5706
03/12/2016,JupiterMerian Glb Eq AbsRt I £ H Acc,1.5706
03/13/2016,JupiterMerian Glb Eq AbsRt I £ H Acc,1.5706
03/14/2016,JupiterMerian Glb Eq AbsRt I £ H Acc,1.5759
03/15/2016,JupiterMerian Glb Eq AbsRt I £ H Acc,1.5762
03/16/2016,JupiterMerian Glb Eq AbsRt I £ H Acc,1.5744
03/17/2016,JupiterMerian Glb Eq AbsRt I £ H Acc,1.5744
03/18/2016,JupiterMerian Glb Eq AbsRt I £ H Acc,1.5667
03/19/2016,JupiterMerian Glb Eq AbsRt I £ H Acc,1.5667
03/20/2016,JupiterMerian Glb Eq AbsRt I £ H Acc,1.5667
03/21/2016,JupiterMerian Glb Eq AbsRt I £ H Acc,1.5689
03/22/2016,JupiterMerian Glb Eq AbsRt I £ H Acc,1.5687
03/23/2016,JupiterMerian Glb Eq AbsRt I £ H Acc,1.5706
03/24/2016,JupiterMerian Glb Eq AbsRt I £ H Acc,1.574
03/25/2016,JupiterMerian Glb Eq AbsRt I £ H Acc,1.574
03/26/2016,JupiterMerian Glb Eq AbsRt I £ H Acc,1.574
03/27/2016,JupiterMerian Glb Eq AbsRt I £ H Acc,1.574
03/28/2016,JupiterMerian Glb Eq AbsRt I £ H Acc,1.574
03/29/2016,JupiterMerian Glb Eq AbsRt I £ H Acc,1.5725
03/30/2016,JupiterMerian Glb Eq AbsRt I £ H Acc,1.5682
03/31/2016,JupiterMerian Glb Eq AbsRt I £ H Acc,1.5669
04/01/2016,JupiterMerian Glb Eq AbsRt I £ H Acc,1.5733
04/02/2016,JupiterMerian Glb Eq AbsRt I £ H Acc,1.5733
04/03/2016,JupiterMerian Glb Eq AbsRt I £ H Acc,1.5733
04/04/2016,JupiterMerian Glb Eq AbsRt I £ H Acc,1.5736
04/05/2016,JupiterMerian Glb Eq AbsRt I £ H Acc,1.5714
04/06/2016,JupiterMerian Glb Eq AbsRt I £ H Acc,1.5702
04/07/2016,JupiterMerian Glb Eq AbsRt I £ H Acc,1.5672
04/08/2016,JupiterMerian Glb Eq AbsRt I £ H Acc,1.5634
04/09/2016,JupiterMerian Glb Eq AbsRt I £ H Acc,1.5634
04/10/2016,JupiterMerian Glb Eq AbsRt I £ H Acc,1.5634
04/11/2016,JupiterMerian Glb Eq AbsRt I £ H Acc,1.5595
04/12/2016,JupiterMerian Glb Eq AbsRt I £ H Acc,1.558
04/13/2016,JupiterMerian Glb Eq AbsRt I £ H Acc,1.5612
04/14/2016,JupiterMerian Glb Eq AbsRt I £ H Acc,1.5665
04/15/2016,JupiterMerian Glb Eq AbsRt I £ H Acc,1.5605
04/16/2016,JupiterMerian Glb Eq AbsRt I £ H Acc,1.5605
04/17/2016,JupiterMerian Glb Eq AbsRt I £ H Acc,1.5605
04/18/2016,JupiterMerian Glb Eq AbsRt I £ H Acc,1.5618
04/19/2016,JupiterMerian Glb Eq AbsRt I £ H Acc,1.5612
04/20/2016,JupiterMerian Glb Eq AbsRt I £ H Acc,1.5618
04/21/2016,JupiterMerian Glb Eq AbsRt I £ H Acc,1.5629
04/22/2016,JupiterMerian Glb Eq AbsRt I £ H Acc,1.5661
04/23/2016,JupiterMerian Glb Eq AbsRt I £ H Acc,1.5661
04/24/2016,JupiterMerian Glb Eq AbsRt I £ H Acc,1.5661
04/25/2016,JupiterMerian Glb Eq AbsRt I £ H Acc,1.5671
04/26/2016,JupiterMerian Glb Eq AbsRt I £ H Acc,1.567
04/27/2016,JupiterMerian Glb Eq AbsRt I £ H Acc,1.5691
04/28/2016,JupiterMerian Glb Eq AbsRt I £ H Acc,1.5718
04/29/2016,JupiterMerian Glb Eq AbsRt I £ H Acc,1.5653
04/30/2016,JupiterMerian Glb Eq AbsRt I £ H Acc,1.5653
05/01/2016,JupiterMerian Glb Eq AbsRt I £ H Acc,1.5653
05/02/2016,JupiterMerian Glb Eq AbsRt I £ H Acc,1.5653
05/03/2016,JupiterMerian Glb Eq AbsRt I £ H Acc,1.5625
05/04/2016,JupiterMerian Glb Eq AbsRt I £ H Acc,1.5666
05/05/2016,JupiterMerian Glb Eq AbsRt I £ H Acc,1.5656
05/06/2016,JupiterMerian Glb Eq AbsRt I £ H Acc,1.5616
05/07/2016,JupiterMerian Glb Eq AbsRt I £ H Acc,1.5616
05/08/2016,JupiterMerian Glb Eq AbsRt I £ H Acc,1.5616
05/09/2016,JupiterMerian Glb Eq AbsRt I £ H Acc,1.5631
05/10/2016,JupiterMerian Glb Eq AbsRt I £ H Acc,1.5639
05/11/2016,JupiterMerian Glb Eq AbsRt I £ H Acc,1.5645
05/12/2016,JupiterMerian Glb Eq AbsRt I £ H Acc,1.5638
05/13/2016,JupiterMerian Glb Eq AbsRt I £ H Acc,1.5634
05/14/2016,JupiterMerian Glb Eq AbsRt I £ H Acc,1.5634
05/15/2016,JupiterMerian Glb Eq AbsRt I £ H Acc,1.5634
05/16/2016,JupiterMerian Glb Eq AbsRt I £ H Acc,1.5642
05/17/2016,JupiterMerian Glb Eq AbsRt I £ H Acc,1.5583
05/18/2016,JupiterMerian Glb Eq AbsRt I £ H Acc,1.5573
05/19/2016,JupiterMerian Glb Eq AbsRt I £ H Acc,1.5547
05/20/2016,JupiterMerian Glb Eq AbsRt I £ H Acc,1.556
05/21/2016,JupiterMerian Glb Eq AbsRt I £ H Acc,1.556
05/22/2016,JupiterMerian Glb Eq AbsRt I £ H Acc,1.556
05/23/2016,JupiterMerian Glb Eq AbsRt I £ H Acc,1.5573
05/24/2016,JupiterMerian Glb Eq AbsRt I £ H Acc,1.5595
05/25/2016,JupiterMerian Glb Eq AbsRt I £ H Acc,1.5633
05/26/2016,JupiterMerian Glb Eq AbsRt I £ H Acc,1.5665
05/27/2016,JupiterMerian Glb Eq AbsRt I £ H Acc,1.5628
05/28/2016,JupiterMerian Glb Eq AbsRt I £ H Acc,1.5628
05/29/2016,JupiterMerian Glb Eq AbsRt I £ H Acc,1.5628
05/30/2016,JupiterMerian Glb Eq AbsRt I £ H Acc,1.5628
05/31/2016,JupiterMerian Glb Eq AbsRt I £ H Acc,1.5648
06/01/2016,JupiterMerian Glb Eq AbsRt I £ H Acc,1.5689
06/02/2016,JupiterMerian Glb Eq AbsRt I £ H Acc,1.5715
06/03/2016,JupiterMerian Glb Eq AbsRt I £ H Acc,1.5677
06/04/2016,JupiterMerian Glb Eq AbsRt I £ H Acc,1.5677
06/05/2016,JupiterMerian Glb Eq AbsRt I £ H Acc,1.5677
06/06/2016,JupiterMerian Glb Eq AbsRt I £ H Acc,1.5677
06/07/2016,JupiterMerian Glb Eq AbsRt I £ H Acc,1.5623
06/08/2016,JupiterMerian Glb Eq AbsRt I £ H Acc,1.5705
06/09/2016,JupiterMerian Glb Eq AbsRt I £ H Acc,1.5692
06/10/2016,JupiterMerian Glb Eq AbsRt I £ H Acc,1.5692
06/11/2016,JupiterMerian Glb Eq AbsRt I £ H Acc,1.5692
06/12/2016,JupiterMerian Glb Eq AbsRt I £ H Acc,1.5692
06/13/2016,JupiterMerian Glb Eq AbsRt I £ H Acc,1.5657
06/14/2016,JupiterMerian Glb Eq AbsRt I £ H Acc,1.566
06/15/2016,JupiterMerian Glb Eq AbsRt I £ H Acc,1.5646
06/16/2016,JupiterMerian Glb Eq AbsRt I £ H Acc,1.5641
06/17/2016,JupiterMerian Glb Eq AbsRt I £ H Acc,1.5658
06/18/2016,JupiterMerian Glb Eq AbsRt I £ H Acc,1.5658
06/19/2016,JupiterMerian Glb Eq AbsRt I £ H Acc,1.5658
06/20/2016,JupiterMerian Glb Eq AbsRt I £ H Acc,1.5679
06/21/2016,JupiterMerian Glb Eq AbsRt I £ H Acc,1.5669
06/22/2016,JupiterMerian Glb Eq AbsRt I £ H Acc,1.5662
06/23/2016,JupiterMerian Glb Eq AbsRt I £ H Acc,1.5683
06/24/2016,JupiterMerian Glb Eq AbsRt I £ H Acc,1.5626
06/25/2016,JupiterMerian Glb Eq AbsRt I £ H Acc,1.5626
06/26/2016,JupiterMerian Glb Eq AbsRt I £ H Acc,1.5626
06/27/2016,JupiterMerian Glb Eq AbsRt I £ H Acc,1.5558
06/28/2016,JupiterMerian Glb Eq AbsRt I £ H Acc,1.5483
06/29/2016,JupiterMerian Glb Eq AbsRt I £ H Acc,1.5471
06/30/2016,JupiterMerian Glb Eq AbsRt I £ H Acc,1.5469
07/01/2016,JupiterMerian Glb Eq AbsRt I £ H Acc,1.5514
07/02/2016,JupiterMerian Glb Eq AbsRt I £ H Acc,1.5514
07/03/2016,JupiterMerian Glb Eq AbsRt I £ H Acc,1.5514
07/04/2016,JupiterMerian Glb Eq AbsRt I £ H Acc,1.5549
07/05/2016,JupiterMerian Glb Eq AbsRt I £ H Acc,1.555
07/06/2016,JupiterMerian Glb Eq AbsRt I £ H Acc,1.5532
07/07/2016,JupiterMerian Glb Eq AbsRt I £ H Acc,1.5578
07/08/2016,JupiterMerian Glb Eq AbsRt I £ H Acc,1.558
07/09/2016,JupiterMerian Glb Eq AbsRt I £ H Acc,1.558
07/10/2016,JupiterMerian Glb Eq AbsRt I £ H Acc,1.558
07/11/2016,JupiterMerian Glb Eq AbsRt I £ H Acc,1.5601
07/12/2016,JupiterMerian Glb Eq AbsRt I £ H Acc,1.558
07/13/2016,JupiterMerian Glb Eq AbsRt I £ H Acc,1.5584
07/14/2016,JupiterMerian Glb Eq AbsRt I £ H Acc,1.5604
07/15/2016,JupiterMerian Glb Eq AbsRt I £ H Acc,1.5594
07/16/2016,JupiterMerian Glb Eq AbsRt I £ H Acc,1.5594
07/17/2016,JupiterMerian Glb Eq AbsRt I £ H Acc,1.5594
07/18/2016,JupiterMerian Glb Eq AbsRt I £ H Acc,1.5644
07/19/2016,JupiterMerian Glb Eq AbsRt I £ H Acc,1.5678
07/20/2016,JupiterMerian Glb Eq AbsRt I £ H Acc,1.5681
07/21/2016,JupiterMerian Glb Eq AbsRt I £ H Acc,1.5657
07/22/2016,JupiterMerian Glb Eq AbsRt I £ H Acc,1.5667
07/23/2016,JupiterMerian Glb Eq AbsRt I £ H Acc,1.5667
07/24/2016,JupiterMerian Glb Eq AbsRt I £ H Acc,1.5667
07/25/2016,JupiterMerian Glb Eq AbsRt I £ H Acc,1.5617
07/26/2016,JupiterMerian Glb Eq AbsRt I £ H Acc,1.5652
07/27/2016,JupiterMerian Glb Eq AbsRt I £ H Acc,1.5688
07/28/2016,JupiterMerian Glb Eq AbsRt I £ H Acc,1.5688
07/29/2016,JupiterMerian Glb Eq AbsRt I £ H Acc,1.5644
07/30/2016,JupiterMerian Glb Eq AbsRt I £ H Acc,1.5644
07/31/2016,JupiterMerian Glb Eq AbsRt I £ H Acc,1.5644
08/01/2016,JupiterMerian Glb Eq AbsRt I £ H Acc,1.5644
08/02/2016,JupiterMerian Glb Eq AbsRt I £ H Acc,1.5623
08/03/2016,JupiterMerian Glb Eq AbsRt I £ H Acc,1.5615
08/04/2016,JupiterMerian Glb Eq AbsRt I £ H Acc,1.5614
08/05/2016,JupiterMerian Glb Eq AbsRt I £ H Acc,1.561
08/06/2016,JupiterMerian Glb Eq AbsRt I £ H Acc,1.561
08/07/2016,JupiterMerian Glb Eq AbsRt I £ H Acc,1.561
08/08/2016,JupiterMerian Glb Eq AbsRt I £ H Acc,1.5632
08/09/2016,JupiterMerian Glb Eq AbsRt I £ H Acc,1.5611
08/10/2016,JupiterMerian Glb Eq AbsRt I £ H Acc,1.5559
08/11/2016,JupiterMerian Glb Eq AbsRt I £ H Acc,1.5511
08/12/2016,JupiterMerian Glb Eq AbsRt I £ H Acc,1.5465
08/13/2016,JupiterMerian Glb Eq AbsRt I £ H Acc,1.5465
08/14/2016,JupiterMerian Glb Eq AbsRt I £ H Acc,1.5465
08/15/2016,JupiterMerian Glb Eq AbsRt I £ H Acc,1.5392
08/16/2016,JupiterMerian Glb Eq AbsRt I £ H Acc,1.5427
08/17/2016,JupiterMerian Glb Eq AbsRt I £ H Acc,1.5413
08/18/2016,JupiterMerian Glb Eq AbsRt I £ H Acc,1.5436
08/19/2016,JupiterMerian Glb Eq AbsRt I £ H Acc,1.5478
08/20/2016,JupiterMerian Glb Eq AbsRt I £ H Acc,1.5478
08/21/2016,JupiterMerian Glb Eq AbsRt I £ H Acc,1.5478
08/22/2016,JupiterMerian Glb Eq AbsRt I £ H Acc,1.5463
08/23/2016,JupiterMerian Glb Eq AbsRt I £ H Acc,1.5465
08/24/2016,JupiterMerian Glb Eq AbsRt I £ H Acc,1.5492
08/25/2016,JupiterMerian Glb Eq AbsRt I £ H Acc,1.5454
08/26/2016,JupiterMerian Glb Eq AbsRt I £ H Acc,1.5491
08/27/2016,JupiterMerian Glb Eq AbsRt I £ H Acc,1.5491
08/28/2016,JupiterMerian Glb Eq AbsRt I £ H Acc,1.5491
08/29/2016,JupiterMerian Glb Eq AbsRt I £ H Acc,1.5491
08/30/2016,JupiterMerian Glb Eq AbsRt I £ H Acc,1.5539
08/31/2016,JupiterMerian Glb Eq AbsRt I £ H Acc,1.549
09/01/2016,JupiterMerian Glb Eq AbsRt I £ H Acc,1.5478
09/02/2016,JupiterMerian Glb Eq AbsRt I £ H Acc,1.5425
09/03/2016,JupiterMerian Glb Eq AbsRt I £ H Acc,1.5425
09/04/2016,JupiterMerian Glb Eq AbsRt I £ H Acc,1.5425
09/05/2016,JupiterMerian Glb Eq AbsRt I £ H Acc,1.5439
09/06/2016,JupiterMerian Glb Eq AbsRt I £ H Acc,1.545
09/07/2016,JupiterMerian Glb Eq AbsRt I £ H Acc,1.5398
09/08/2016,JupiterMerian Glb Eq AbsRt I £ H Acc,1.5329
09/09/2016,JupiterMerian Glb Eq AbsRt I £ H Acc,1.5294
09/10/2016,JupiterMerian Glb Eq AbsRt I £ H Acc,1.5294
09/11/2016,JupiterMerian Glb Eq AbsRt I £ H Acc,1.5294
09/12/2016,JupiterMerian Glb Eq AbsRt I £ H Acc,1.5255
09/13/2016,JupiterMerian Glb Eq AbsRt I £ H Acc,1.5255
09/14/2016,JupiterMerian Glb Eq AbsRt I £ H Acc,1.5262
09/15/2016,JupiterMerian Glb Eq AbsRt I £ H Acc,1.524
09/16/2016,JupiterMerian Glb Eq AbsRt I £ H Acc,1.5249
09/17/2016,JupiterMerian Glb Eq AbsRt I £ H Acc,1.5249
09/18/2016,JupiterMerian Glb Eq AbsRt I £ H Acc,1.5249
09/19/2016,JupiterMerian Glb Eq AbsRt I £ H Acc,1.5298
09/20/2016,JupiterMerian Glb Eq AbsRt I £ H Acc,1.5324
09/21/2016,JupiterMerian Glb Eq AbsRt I £ H Acc,1.5319
09/22/2016,JupiterMerian Glb Eq AbsRt I £ H Acc,1.5381
09/23/2016,JupiterMerian Glb Eq AbsRt I £ H Acc,1.5384
09/24/2016,JupiterMerian Glb Eq AbsRt I £ H Acc,1.5384
09/25/2016,JupiterMerian Glb Eq AbsRt I £ H Acc,1.5384
09/26/2016,JupiterMerian Glb Eq AbsRt I £ H Acc,1.5356
09/27/2016,JupiterMerian Glb Eq AbsRt I £ H Acc,1.5397
09/28/2016,JupiterMerian Glb Eq AbsRt I £ H Acc,1.5357
09/29/2016,JupiterMerian Glb Eq AbsRt I £ H Acc,1.5434
09/30/2016,JupiterMerian Glb Eq AbsRt I £ H Acc,1.5514
10/01/2016,JupiterMerian Glb Eq AbsRt I £ H Acc,1.5514
10/02/2016,JupiterMerian Glb Eq AbsRt I £ H Acc,1.5514
10/03/2016,JupiterMerian Glb Eq AbsRt I £ H Acc,1.5539
10/04/2016,JupiterMerian Glb Eq AbsRt I £ H Acc,1.5515
10/05/2016,JupiterMerian Glb Eq AbsRt I £ H Acc,1.5505
10/06/2016,JupiterMerian Glb Eq AbsRt I £ H Acc,1.5556
10/07/2016,JupiterMerian Glb Eq AbsRt I £ H Acc,1.5682
10/08/2016,JupiterMerian Glb Eq AbsRt I £ H Acc,1.5682
10/09/2016,JupiterMerian Glb Eq AbsRt I £ H Acc,1.5682
10/10/2016,JupiterMerian Glb Eq AbsRt I £ H Acc,1.5729
10/11/2016,JupiterMerian Glb Eq AbsRt I £ H Acc,1.569
10/12/2016,JupiterMerian Glb Eq AbsRt I £ H Acc,1.5597
10/13/2016,JupiterMerian Glb Eq AbsRt I £ H Acc,1.5608
10/14/2016,JupiterMerian Glb Eq AbsRt I £ H Acc,1.5586
10/15/2016,JupiterMerian Glb Eq AbsRt I £ H Acc,1.5586
10/16/2016,JupiterMerian Glb Eq AbsRt I £ H Acc,1.5586
10/17/2016,JupiterMerian Glb Eq AbsRt I £ H Acc,1.5641
10/18/2016,JupiterMerian Glb Eq AbsRt I £ H Acc,1.5694
10/19/2016,JupiterMerian Glb Eq AbsRt I £ H Acc,1.5692
10/20/2016,JupiterMerian Glb Eq AbsRt I £ H Acc,1.5711
10/21/2016,JupiterMerian Glb Eq AbsRt I £ H Acc,1.5738
10/22/2016,JupiterMerian Glb Eq AbsRt I £ H Acc,1.5738
10/23/2016,JupiterMerian Glb Eq AbsRt I £ H Acc,1.5738
10/24/2016,JupiterMerian Glb Eq AbsRt I £ H Acc,1.572
10/25/2016,JupiterMerian Glb Eq AbsRt I £ H Acc,1.5743
10/26/2016,JupiterMerian Glb Eq AbsRt I £ H Acc,1.5718
10/27/2016,JupiterMerian Glb Eq AbsRt I £ H Acc,1.5746
10/28/2016,JupiterMerian Glb Eq AbsRt I £ H Acc,1.5782
10/29/2016,JupiterMerian Glb Eq AbsRt I £ H Acc,1.5782
10/30/2016,JupiterMerian Glb Eq AbsRt I £ H Acc,1.5782
10/31/2016,JupiterMerian Glb Eq AbsRt I £ H Acc,1.5782
11/01/2016,JupiterMerian Glb Eq AbsRt I £ H Acc,1.5763
11/02/2016,JupiterMerian Glb Eq AbsRt I £ H Acc,1.57
11/03/2016,JupiterMerian Glb Eq AbsRt I £ H Acc,1.5738
11/04/2016,JupiterMerian Glb Eq AbsRt I £ H Acc,1.5725
11/05/2016,JupiterMerian Glb Eq AbsRt I £ H Acc,1.5725
11/06/2016,JupiterMerian Glb Eq AbsRt I £ H Acc,1.5725
11/07/2016,JupiterMerian Glb Eq AbsRt I £ H Acc,1.5724
11/08/2016,JupiterMerian Glb Eq AbsRt I £ H Acc,1.5733
11/09/2016,JupiterMerian Glb Eq AbsRt I £ H Acc,1.5675
11/10/2016,JupiterMerian Glb Eq AbsRt I £ H Acc,1.5767
11/11/2016,JupiterMerian Glb Eq AbsRt I £ H Acc,1.5785
11/12/2016,JupiterMerian Glb Eq AbsRt I £ H Acc,1.5785
11/13/2016,JupiterMerian Glb Eq AbsRt I £ H Acc,1.5785
11/14/2016,JupiterMerian Glb Eq AbsRt I £ H Acc,1.5796
11/15/2016,JupiterMerian Glb Eq AbsRt I £ H Acc,1.5792
11/16/2016,JupiterMerian Glb Eq AbsRt I £ H Acc,1.582
11/17/2016,JupiterMerian Glb Eq AbsRt I £ H Acc,1.5802
11/18/2016,JupiterMerian Glb Eq AbsRt I £ H Acc,1.5815
11/19/2016,JupiterMerian Glb Eq AbsRt I £ H Acc,1.5815
11/20/2016,JupiterMerian Glb Eq AbsRt I £ H Acc,1.5815
11/21/2016,JupiterMerian Glb Eq AbsRt I £ H Acc,1.5836
11/22/2016,JupiterMerian Glb Eq AbsRt I £ H Acc,1.5882
11/23/2016,JupiterMerian Glb Eq AbsRt I £ H Acc,1.5948
11/24/2016,JupiterMerian Glb Eq AbsRt I £ H Acc,1.5929
11/25/2016,JupiterMerian Glb Eq AbsRt I £ H Acc,1.5936
11/26/2016,JupiterMerian Glb Eq AbsRt I £ H Acc,1.5936
11/27/2016,JupiterMerian Glb Eq AbsRt I £ H Acc,1.5936
11/28/2016,JupiterMerian Glb Eq AbsRt I £ H Acc,1.592
11/29/2016,JupiterMerian Glb Eq AbsRt I £ H Acc,1.5944
11/30/2016,JupiterMerian Glb Eq AbsRt I £ H Acc,1.5893
12/01/2016,JupiterMerian Glb Eq AbsRt I £ H Acc,1.598
12/02/2016,JupiterMerian Glb Eq AbsRt I £ H Acc,1.6032
12/03/2016,JupiterMerian Glb Eq AbsRt I £ H Acc,1.6032
12/04/2016,JupiterMerian Glb Eq AbsRt I £ H Acc,1.6032
12/05/2016,JupiterMerian Glb Eq AbsRt I £ H Acc,1.6013
12/06/2016,JupiterMerian Glb Eq AbsRt I £ H Acc,1.6065
12/07/2016,JupiterMerian Glb Eq AbsRt I £ H Acc,1.609
12/08/2016,JupiterMerian Glb Eq AbsRt I £ H Acc,1.616
12/09/2016,JupiterMerian Glb Eq AbsRt I £ H Acc,1.6171
12/10/2016,JupiterMerian Glb Eq AbsRt I £ H Acc,1.6171
12/11/2016,JupiterMerian Glb Eq AbsRt I £ H Acc,1.6171
12/12/2016,JupiterMerian Glb Eq AbsRt I £ H Acc,1.6164
12/13/2016,JupiterMerian Glb Eq AbsRt I £ H Acc,1.6141
12/14/2016,JupiterMerian Glb Eq AbsRt I £ H Acc,1.6132
12/15/2016,JupiterMerian Glb Eq AbsRt I £ H Acc,1.6138
12/16/2016,JupiterMerian Glb Eq AbsRt I £ H Acc,1.618
12/17/2016,JupiterMerian Glb Eq AbsRt I £ H Acc,1.618
12/18/2016,JupiterMerian Glb Eq AbsRt I £ H Acc,1.618
12/19/2016,JupiterMerian Glb Eq AbsRt I £ H Acc,1.6131
12/20/2016,JupiterMerian Glb Eq AbsRt I £ H Acc,1.6125
12/21/2016,JupiterMerian Glb Eq AbsRt I £ H Acc,1.613
12/22/2016,JupiterMerian Glb Eq AbsRt I £ H Acc,1.6158
12/23/2016,JupiterMerian Glb Eq AbsRt I £ H Acc,1.6144
12/24/2016,JupiterMerian Glb Eq AbsRt I £ H Acc,1.6144
12/25/2016,JupiterMerian Glb Eq AbsRt I £ H Acc,1.6144
12/26/2016,JupiterMerian Glb Eq AbsRt I £ H Acc,1.6144
12/27/2016,JupiterMerian Glb Eq AbsRt I £ H Acc,1.6144
12/28/2016,JupiterMerian Glb Eq AbsRt I £ H Acc,1.6144
12/29/2016,JupiterMerian Glb Eq AbsRt I £ H Acc,1.6091
12/30/2016,JupiterMerian Glb Eq AbsRt I £ H Acc,1.6121
12/31/2016,JupiterMerian Glb Eq AbsRt I £ H Acc,1.6121
01/01/2017,JupiterMerian Glb Eq AbsRt I £ H Acc,1.6121
01/02/2017,JupiterMerian Glb Eq AbsRt I £ H Acc,1.6121
01/03/2017,JupiterMerian Glb Eq AbsRt I £ H Acc,1.6115
01/04/2017,JupiterMerian Glb Eq AbsRt I £ H Acc,1.6125
01/05/2017,JupiterMerian Glb Eq AbsRt I £ H Acc,1.6059
01/06/2017,JupiterMerian Glb Eq AbsRt I £ H Acc,1.6086
01/07/2017,JupiterMerian Glb Eq AbsRt I £ H Acc,1.6086
01/08/2017,JupiterMerian Glb Eq AbsRt I £ H Acc,1.6086
01/09/2017,JupiterMerian Glb Eq AbsRt I £ H Acc,1.6078
01/10/2017,JupiterMerian Glb Eq AbsRt I £ H Acc,1.6148
01/11/2017,JupiterMerian Glb Eq AbsRt I £ H Acc,1.6209
01/12/2017,JupiterMerian Glb Eq AbsRt I £ H Acc,1.6274
01/13/2017,JupiterMerian Glb Eq AbsRt I £ H Acc,1.6232
01/14/2017,JupiterMerian Glb Eq AbsRt I £ H Acc,1.6232
01/15/2017,JupiterMerian Glb Eq AbsRt I £ H Acc,1.6232
01/16/2017,JupiterMerian Glb Eq AbsRt I £ H Acc,1.6227
01/17/2017,JupiterMerian Glb Eq AbsRt I £ H Acc,1.6238
01/18/2017,JupiterMerian Glb Eq AbsRt I £ H Acc,1.6254
01/19/2017,JupiterMerian Glb Eq AbsRt I £ H Acc,1.6279
01/20/2017,JupiterMerian Glb Eq AbsRt I £ H Acc,1.6261
01/21/2017,JupiterMerian Glb Eq AbsRt I £ H Acc,1.6261
01/22/2017,JupiterMerian Glb Eq AbsRt I £ H Acc,1.6261
01/23/2017,JupiterMerian Glb Eq AbsRt I £ H Acc,1.6287
01/24/2017,JupiterMerian Glb Eq AbsRt I £ H Acc,1.6361
01/25/2017,JupiterMerian Glb Eq AbsRt I £ H Acc,1.639
01/26/2017,JupiterMerian Glb Eq AbsRt I £ H Acc,1.6406
01/27/2017,JupiterMerian Glb Eq AbsRt I £ H Acc,1.6397
01/28/2017,JupiterMerian Glb Eq AbsRt I £ H Acc,1.6397
01/29/2017,JupiterMerian Glb Eq AbsRt I £ H Acc,1.6397
01/30/2017,JupiterMerian Glb Eq AbsRt I £ H Acc,1.6397
01/31/2017,JupiterMerian Glb Eq AbsRt I £ H Acc,1.6364
02/01/2017,JupiterMerian Glb Eq AbsRt I £ H Acc,1.6329
02/02/2017,JupiterMerian Glb Eq AbsRt I £ H Acc,1.6434
02/03/2017,JupiterMerian Glb Eq AbsRt I £ H Acc,1.6374
02/04/2017,JupiterMerian Glb Eq AbsRt I £ H Acc,1.6374
02/05/2017,JupiterMerian Glb Eq AbsRt I £ H Acc,1.6374
02/06/2017,JupiterMerian Glb Eq AbsRt I £ H Acc,1.6332
02/07/2017,JupiterMerian Glb Eq AbsRt I £ H Acc,1.6332
02/08/2017,JupiterMerian Glb Eq AbsRt I £ H Acc,1.6343
02/09/2017,JupiterMerian Glb Eq AbsRt I £ H Acc,1.6261
02/10/2017,JupiterMerian Glb Eq AbsRt I £ H Acc,1.6262
02/11/2017,JupiterMerian Glb Eq AbsRt I £ H Acc,1.6262
02/12/2017,JupiterMerian Glb Eq AbsRt I £ H Acc,1.6262
02/13/2017,JupiterMerian Glb Eq AbsRt I £ H Acc,1.6315
02/14/2017,JupiterMerian Glb Eq AbsRt I £ H Acc,1.6353
02/15/2017,JupiterMerian Glb Eq AbsRt I £ H Acc,1.6335
02/16/2017,JupiterMerian Glb Eq AbsRt I £ H Acc,1.6342
02/17/2017,JupiterMerian Glb Eq AbsRt I £ H Acc,1.6356
02/18/2017,JupiterMerian Glb Eq AbsRt I £ H Acc,1.6356
02/19/2017,JupiterMerian Glb Eq AbsRt I £ H Acc,1.6356
02/20/2017,JupiterMerian Glb Eq AbsRt I £ H Acc,1.6348
02/21/2017,JupiterMerian Glb Eq AbsRt I £ H Acc,1.6346
02/22/2017,JupiterMerian Glb Eq AbsRt I £ H Acc,1.6382
02/23/2017,JupiterMerian Glb Eq AbsRt I £ H Acc,1.639
02/24/2017,JupiterMerian Glb Eq AbsRt I £ H Acc,1.6263
02/25/2017,JupiterMerian Glb Eq AbsRt I £ H Acc,1.6263
02/26/2017,JupiterMerian Glb Eq AbsRt I £ H Acc,1.6263
02/27/2017,JupiterMerian Glb Eq AbsRt I £ H Acc,1.6286
02/28/2017,JupiterMerian Glb Eq AbsRt I £ H Acc,1.628
03/01/2017,JupiterMerian Glb Eq AbsRt I £ H Acc,1.6292
03/02/2017,JupiterMerian Glb Eq AbsRt I £ H Acc,1.6372
03/03/2017,JupiterMerian Glb Eq AbsRt I £ H Acc,1.634
03/04/2017,JupiterMerian Glb Eq AbsRt I £ H Acc,1.634
03/05/2017,JupiterMerian Glb Eq AbsRt I £ H Acc,1.634
03/06/2017,JupiterMerian Glb Eq AbsRt I £ H Acc,1.6354
03/07/2017,JupiterMerian Glb Eq AbsRt I £ H Acc,1.6357
03/08/2017,JupiterMerian Glb Eq AbsRt I £ H Acc,1.6378
03/09/2017,JupiterMerian Glb Eq AbsRt I £ H Acc,1.632
03/10/2017,JupiterMerian Glb Eq AbsRt I £ H Acc,1.6315
03/11/2017,JupiterMerian Glb Eq AbsRt I £ H Acc,1.6315
03/12/2017,JupiterMerian Glb Eq AbsRt I £ H Acc,1.6315
03/13/2017,JupiterMerian Glb Eq AbsRt I £ H Acc,1.6326
03/14/2017,JupiterMerian Glb Eq AbsRt I £ H Acc,1.6351
03/15/2017,JupiterMerian Glb Eq AbsRt I £ H Acc,1.6384
03/16/2017,JupiterMerian Glb Eq AbsRt I £ H Acc,1.6403
03/17/2017,JupiterMerian Glb Eq AbsRt I £ H Acc,1.6403
03/18/2017,JupiterMerian Glb Eq AbsRt I £ H Acc,1.6403
03/19/2017,JupiterMerian Glb Eq AbsRt I £ H Acc,1.6403
03/20/2017,JupiterMerian Glb Eq AbsRt I £ H Acc,1.6336
03/21/2017,JupiterMerian Glb Eq AbsRt I £ H Acc,1.6322
03/22/2017,JupiterMerian Glb Eq AbsRt I £ H Acc,1.6256
03/23/2017,JupiterMerian Glb Eq AbsRt I £ H Acc,1.6312
03/24/2017,JupiterMerian Glb Eq AbsRt I £ H Acc,1.6285
03/25/2017,JupiterMerian Glb Eq AbsRt I £ H Acc,1.6285
03/26/2017,JupiterMerian Glb Eq AbsRt I £ H Acc,1.6285
03/27/2017,JupiterMerian Glb Eq AbsRt I £ H Acc,1.6263
03/28/2017,JupiterMerian Glb Eq AbsRt I £ H Acc,1.6247
03/29/2017,JupiterMerian Glb Eq AbsRt I £ H Acc,1.6235
03/30/2017,JupiterMerian Glb Eq AbsRt I £ H Acc,1.6232
03/31/2017,JupiterMerian Glb Eq AbsRt I £ H Acc,1.6251
04/01/2017,JupiterMerian Glb Eq AbsRt I £ H Acc,1.6251
04/02/2017,JupiterMerian Glb Eq AbsRt I £ H Acc,1.6251
04/03/2017,JupiterMerian Glb Eq AbsRt I £ H Acc,1.6222
04/04/2017,JupiterMerian Glb Eq AbsRt I £ H Acc,1.6216
04/05/2017,JupiterMerian Glb Eq AbsRt I £ H Acc,1.6202
04/06/2017,JupiterMerian Glb Eq AbsRt I £ H Acc,1.6183
04/07/2017,JupiterMerian Glb Eq AbsRt I £ H Acc,1.6155
04/08/2017,JupiterMerian Glb Eq AbsRt I £ H Acc,1.6155
04/09/2017,JupiterMerian Glb Eq AbsRt I £ H Acc,1.6155
04/10/2017,JupiterMerian Glb Eq AbsRt I £ H Acc,1.6169
04/11/2017,JupiterMerian Glb Eq AbsRt I £ H Acc,1.6121
04/12/2017,JupiterMerian Glb Eq AbsRt I £ H Acc,1.6089
04/13/2017,JupiterMerian Glb Eq AbsRt I £ H Acc,1.6019
04/14/2017,JupiterMerian Glb Eq AbsRt I £ H Acc,1.6019
04/15/2017,JupiterMerian Glb Eq AbsRt I £ H Acc,1.6019
04/16/2017,JupiterMerian Glb Eq AbsRt I £ H Acc,1.6019
04/17/2017,JupiterMerian Glb Eq AbsRt I £ H Acc,1.6019
04/18/2017,JupiterMerian Glb Eq AbsRt I £ H Acc,1.5976
04/19/2017,JupiterMerian Glb Eq AbsRt I £ H Acc,1.598
04/20/2017,JupiterMerian Glb Eq AbsRt I £ H Acc,1.599
04/21/2017,JupiterMerian Glb Eq AbsRt I £ H Acc,1.6067
04/22/2017,JupiterMerian Glb Eq AbsRt I £ H Acc,1.6067
04/23/2017,JupiterMerian Glb Eq AbsRt I £ H Acc,1.6067
04/24/2017,JupiterMerian Glb Eq AbsRt I £ H Acc,1.606
04/25/2017,JupiterMerian Glb Eq AbsRt I £ H Acc,1.6148
04/26/2017,JupiterMerian Glb Eq AbsRt I £ H Acc,1.6127
04/27/2017,JupiterMerian Glb Eq AbsRt I £ H Acc,1.6139
04/28/2017,JupiterMerian Glb Eq AbsRt I £ H Acc,1.6123
04/29/2017,JupiterMerian Glb Eq AbsRt I £ H Acc,1.6123
04/30/2017,JupiterMerian Glb Eq AbsRt I £ H Acc,1.6123
05/01/2017,JupiterMerian Glb Eq AbsRt I £ H Acc,1.6123
05/02/2017,JupiterMerian Glb Eq AbsRt I £ H Acc,1.6158
05/03/2017,JupiterMerian Glb Eq AbsRt I £ H Acc,1.6091
05/04/2017,JupiterMerian Glb Eq AbsRt I £ H Acc,1.6076
05/05/2017,JupiterMerian Glb Eq AbsRt I £ H Acc,1.6015
05/06/2017,JupiterMerian Glb Eq AbsRt I £ H Acc,1.6015
05/07/2017,JupiterMerian Glb Eq AbsRt I £ H Acc,1.6015
05/08/2017,JupiterMerian Glb Eq AbsRt I £ H Acc,1.5972
05/09/2017,JupiterMerian Glb Eq AbsRt I £ H Acc,1.596
05/10/2017,JupiterMerian Glb Eq AbsRt I £ H Acc,1.5964
05/11/2017,JupiterMerian Glb Eq AbsRt I £ H Acc,1.6015
05/12/2017,JupiterMerian Glb Eq AbsRt I £ H Acc,1.5938
05/13/2017,JupiterMerian Glb Eq AbsRt I £ H Acc,1.5938
05/14/2017,JupiterMerian Glb Eq AbsRt I £ H Acc,1.5938
05/15/2017,JupiterMerian Glb Eq AbsRt I £ H Acc,1.591
05/16/2017,JupiterMerian Glb Eq AbsRt I £ H Acc,1.5973
05/17/2017,JupiterMerian Glb Eq AbsRt I £ H Acc,1.6109
05/18/2017,JupiterMerian Glb Eq AbsRt I £ H Acc,1.5892
05/19/2017,JupiterMerian Glb Eq AbsRt I £ H Acc,1.5985
05/20/2017,JupiterMerian Glb Eq AbsRt I £ H Acc,1.5985
05/21/2017,JupiterMerian Glb Eq AbsRt I £ H Acc,1.5985
05/22/2017,JupiterMerian Glb Eq AbsRt I £ H Acc,1.5968
05/23/2017,JupiterMerian Glb Eq AbsRt I £ H Acc,1.5978
05/24/2017,JupiterMerian Glb Eq AbsRt I £ H Acc,1.593
05/25/2017,JupiterMerian Glb Eq AbsRt I £ H Acc,1.5928
05/26/2017,JupiterMerian Glb Eq AbsRt I £ H Acc,1.5939
05/27/2017,JupiterMerian Glb Eq AbsRt I £ H Acc,1.5939
05/28/2017,JupiterMerian Glb Eq AbsRt I £ H Acc,1.5939
05/29/2017,JupiterMerian Glb Eq AbsRt I £ H Acc,1.5939
05/30/2017,JupiterMerian Glb Eq AbsRt I £ H Acc,1.5969
05/31/2017,JupiterMerian Glb Eq AbsRt I £ H Acc,1.6017
06/01/2017,JupiterMerian Glb Eq AbsRt I £ H Acc,1.6028
06/02/2017,JupiterMerian Glb Eq AbsRt I £ H Acc,1.6052
06/03/2017,JupiterMerian Glb Eq AbsRt I £ H Acc,1.6052
06/04/2017,JupiterMerian Glb Eq AbsRt I £ H Acc,1.6052
06/05/2017,JupiterMerian Glb Eq AbsRt I £ H Acc,1.6052
06/06/2017,JupiterMerian Glb Eq AbsRt I £ H Acc,1.6079
06/07/2017,JupiterMerian Glb Eq AbsRt I £ H Acc,1.612
06/08/2017,JupiterMerian Glb Eq AbsRt I £ H Acc,1.6224
06/09/2017,JupiterMerian Glb Eq AbsRt I £ H Acc,1.6266
06/10/2017,JupiterMerian Glb Eq AbsRt I £ H Acc,1.6266
06/11/2017,JupiterMerian Glb Eq AbsRt I £ H Acc,1.6266
06/12/2017,JupiterMerian Glb Eq AbsRt I £ H Acc,1.6193
06/13/2017,JupiterMerian Glb Eq AbsRt I £ H Acc,1.6181
06/14/2017,JupiterMerian Glb Eq AbsRt I £ H Acc,1.6114
06/15/2017,JupiterMerian Glb Eq AbsRt I £ H Acc,1.6059
06/16/2017,JupiterMerian Glb Eq AbsRt I £ H Acc,1.6079
06/17/2017,JupiterMerian Glb Eq AbsRt I £ H Acc,1.6079
06/18/2017,JupiterMerian Glb Eq AbsRt I £ H Acc,1.6079
06/19/2017,JupiterMerian Glb Eq AbsRt I £ H Acc,1.6118
06/20/2017,JupiterMerian Glb Eq AbsRt I £ H Acc,1.6212
06/21/2017,JupiterMerian Glb Eq AbsRt I £ H Acc,1.6223
06/22/2017,JupiterMerian Glb Eq AbsRt I £ H Acc,1.6245
06/23/2017,JupiterMerian Glb Eq AbsRt I £ H Acc,1.6208
06/24/2017,JupiterMerian Glb Eq AbsRt I £ H Acc,1.6208
06/25/2017,JupiterMerian Glb Eq AbsRt I £ H Acc,1.6208
06/26/2017,JupiterMerian Glb Eq AbsRt I £ H Acc,1.6219
06/27/2017,JupiterMerian Glb Eq AbsRt I £ H Acc,1.623
06/28/2017,JupiterMerian Glb Eq AbsRt I £ H Acc,1.6207
06/29/2017,JupiterMerian Glb Eq AbsRt I £ H Acc,1.625
06/30/2017,JupiterMerian Glb Eq AbsRt I £ H Acc,1.622
07/01/2017,JupiterMerian Glb Eq AbsRt I £ H Acc,1.622
07/02/2017,JupiterMerian Glb Eq AbsRt I £ H Acc,1.622
07/03/2017,JupiterMerian Glb Eq AbsRt I £ H Acc,1.6277
07/04/2017,JupiterMerian Glb Eq AbsRt I £ H Acc,1.6258
07/05/2017,JupiterMerian Glb Eq AbsRt I £ H Acc,1.6333
07/06/2017,JupiterMerian Glb Eq AbsRt I £ H Acc,1.6408
07/07/2017,JupiterMerian Glb Eq AbsRt I £ H Acc,1.646
07/08/2017,JupiterMerian Glb Eq AbsRt I £ H Acc,1.646
07/09/2017,JupiterMerian Glb Eq AbsRt I £ H Acc,1.646
07/10/2017,JupiterMerian Glb Eq AbsRt I £ H Acc,1.6512
07/11/2017,JupiterMerian Glb Eq AbsRt I £ H Acc,1.6573
07/12/2017,JupiterMerian Glb Eq AbsRt I £ H Acc,1.6595
07/13/2017,JupiterMerian Glb Eq AbsRt I £ H Acc,1.6596
07/14/2017,JupiterMerian Glb Eq AbsRt I £ H Acc,1.6556
07/15/2017,JupiterMerian Glb Eq AbsRt I £ H Acc,1.6556
07/16/2017,JupiterMerian Glb Eq AbsRt I £ H Acc,1.6556
07/17/2017,JupiterMerian Glb Eq AbsRt I £ H Acc,1.6554
07/18/2017,JupiterMerian Glb Eq AbsRt I £ H Acc,1.658
07/19/2017,JupiterMerian Glb Eq AbsRt I £ H Acc,1.6594
07/20/2017,JupiterMerian Glb Eq AbsRt I £ H Acc,1.6572
07/21/2017,JupiterMerian Glb Eq AbsRt I £ H Acc,1.6519
07/22/2017,JupiterMerian Glb Eq AbsRt I £ H Acc,1.6519
07/23/2017,JupiterMerian Glb Eq AbsRt I £ H Acc,1.6519
07/24/2017,JupiterMerian Glb Eq AbsRt I £ H Acc,1.654
07/25/2017,JupiterMerian Glb Eq AbsRt I £ H Acc,1.6564
07/26/2017,JupiterMerian Glb Eq AbsRt I £ H Acc,1.6549
07/27/2017,JupiterMerian Glb Eq AbsRt I £ H Acc,1.6585
07/28/2017,JupiterMerian Glb Eq AbsRt I £ H Acc,1.6534
07/29/2017,JupiterMerian Glb Eq AbsRt I £ H Acc,1.6534
07/30/2017,JupiterMerian Glb Eq AbsRt I £ H Acc,1.6534
07/31/2017,JupiterMerian Glb Eq AbsRt I £ H Acc,1.6576
08/01/2017,JupiterMerian Glb Eq AbsRt I £ H Acc,1.6553
08/02/2017,JupiterMerian Glb Eq AbsRt I £ H Acc,1.6585
08/03/2017,JupiterMerian Glb Eq AbsRt I £ H Acc,1.6604
08/04/2017,JupiterMerian Glb Eq AbsRt I £ H Acc,1.6612
08/05/2017,JupiterMerian Glb Eq AbsRt I £ H Acc,1.6612
08/06/2017,JupiterMerian Glb Eq AbsRt I £ H Acc,1.6612
08/07/2017,JupiterMerian Glb Eq AbsRt I £ H Acc,1.6612
08/08/2017,JupiterMerian Glb Eq AbsRt I £ H Acc,1.673
08/09/2017,JupiterMerian Glb Eq AbsRt I £ H Acc,1.6751
08/10/2017,JupiterMerian Glb Eq AbsRt I £ H Acc,1.6727
08/11/2017,JupiterMerian Glb Eq AbsRt I £ H Acc,1.6626
08/12/2017,JupiterMerian Glb Eq AbsRt I £ H Acc,1.6626
08/13/2017,JupiterMerian Glb Eq AbsRt I £ H Acc,1.6626
08/14/2017,JupiterMerian Glb Eq AbsRt I £ H Acc,1.6699
08/15/2017,JupiterMerian Glb Eq AbsRt I £ H Acc,1.674
08/16/2017,JupiterMerian Glb Eq AbsRt I £ H Acc,1.6757
08/17/2017,JupiterMerian Glb Eq AbsRt I £ H Acc,1.6803
08/18/2017,JupiterMerian Glb Eq AbsRt I £ H Acc,1.68
08/19/2017,JupiterMerian Glb Eq AbsRt I £ H Acc,1.68
08/20/2017,JupiterMerian Glb Eq AbsRt I £ H Acc,1.68
08/21/2017,JupiterMerian Glb Eq AbsRt I £ H Acc,1.6828
08/22/2017,JupiterMerian Glb Eq AbsRt I £ H Acc,1.6811
08/23/2017,JupiterMerian Glb Eq AbsRt I £ H Acc,1.6848
08/24/2017,JupiterMerian Glb Eq AbsRt I £ H Acc,1.6865
08/25/2017,JupiterMerian Glb Eq AbsRt I £ H Acc,1.689
08/26/2017,JupiterMerian Glb Eq AbsRt I £ H Acc,1.689
08/27/2017,JupiterMerian Glb Eq AbsRt I £ H Acc,1.689
08/28/2017,JupiterMerian Glb Eq AbsRt I £ H Acc,1.689
08/29/2017,JupiterMerian Glb Eq AbsRt I £ H Acc,1.6854
08/30/2017,JupiterMerian Glb Eq AbsRt I £ H Acc,1.6889
08/31/2017,JupiterMerian Glb Eq AbsRt I £ H Acc,1.6966
09/01/2017,JupiterMerian Glb Eq AbsRt I £ H Acc,1.6989
09/02/2017,JupiterMerian Glb Eq AbsRt I £ H Acc,1.6989
09/03/2017,JupiterMerian Glb Eq AbsRt I £ H Acc,1.6989
09/04/2017,JupiterMerian Glb Eq AbsRt I £ H Acc,1.6993
09/05/2017,JupiterMerian Glb Eq AbsRt I £ H Acc,1.6982
09/06/2017,JupiterMerian Glb Eq AbsRt I £ H Acc,1.6976
09/07/2017,JupiterMerian Glb Eq AbsRt I £ H Acc,1.6953
09/08/2017,JupiterMerian Glb Eq AbsRt I £ H Acc,1.6944
09/09/2017,JupiterMerian Glb Eq AbsRt I £ H Acc,1.6944
09/10/2017,JupiterMerian Glb Eq AbsRt I £ H Acc,1.6944
09/11/2017,JupiterMerian Glb Eq AbsRt I £ H Acc,1.6994
09/12/2017,JupiterMerian Glb Eq AbsRt I £ H Acc,1.7032
09/13/2017,JupiterMerian Glb Eq AbsRt I £ H Acc,1.7057
09/14/2017,JupiterMerian Glb Eq AbsRt I £ H Acc,1.7004
09/15/2017,JupiterMerian Glb Eq AbsRt I £ H Acc,1.704
09/16/2017,JupiterMerian Glb Eq AbsRt I £ H Acc,1.704
09/17/2017,JupiterMerian Glb Eq AbsRt I £ H Acc,1.704
09/18/2017,JupiterMerian Glb Eq AbsRt I £ H Acc,1.7083
09/19/2017,JupiterMerian Glb Eq AbsRt I £ H Acc,1.7087
09/20/2017,JupiterMerian Glb Eq AbsRt I £ H Acc,1.7151
09/21/2017,JupiterMerian Glb Eq AbsRt I £ H Acc,1.7153
09/22/2017,JupiterMerian Glb Eq AbsRt I £ H Acc,1.7117
09/23/2017,JupiterMerian Glb Eq AbsRt I £ H Acc,1.7117
09/24/2017,JupiterMerian Glb Eq AbsRt I £ H Acc,1.7117
09/25/2017,JupiterMerian Glb Eq AbsRt I £ H Acc,1.7102
09/26/2017,JupiterMerian Glb Eq AbsRt I £ H Acc,1.6994
09/27/2017,JupiterMerian Glb Eq AbsRt I £ H Acc,1.7053
09/28/2017,JupiterMerian Glb Eq AbsRt I £ H Acc,1.7087
09/29/2017,JupiterMerian Glb Eq AbsRt I £ H Acc,1.7093
09/30/2017,JupiterMerian Glb Eq AbsRt I £ H Acc,1.7093
10/01/2017,JupiterMerian Glb Eq AbsRt I £ H Acc,1.7093
10/02/2017,JupiterMerian Glb Eq AbsRt I £ H Acc,1.7147
10/03/2017,JupiterMerian Glb Eq AbsRt I £ H Acc,1.7235
10/04/2017,JupiterMerian Glb Eq AbsRt I £ H Acc,1.7216
10/05/2017,JupiterMerian Glb Eq AbsRt I £ H Acc,1.7217
10/06/2017,JupiterMerian Glb Eq AbsRt I £ H Acc,1.7234
10/07/2017,JupiterMerian Glb Eq AbsRt I £ H Acc,1.7234
10/08/2017,JupiterMerian Glb Eq AbsRt I £ H Acc,1.7234
10/09/2017,JupiterMerian Glb Eq AbsRt I £ H Acc,1.726
10/10/2017,JupiterMerian Glb Eq AbsRt I £ H Acc,1.7289
10/11/2017,JupiterMerian Glb Eq AbsRt I £ H Acc,1.7297
10/12/2017,JupiterMerian Glb Eq AbsRt I £ H Acc,1.7306
10/13/2017,JupiterMerian Glb Eq AbsRt I £ H Acc,1.7299
10/14/2017,JupiterMerian Glb Eq AbsRt I £ H Acc,1.7299
10/15/2017,JupiterMerian Glb Eq AbsRt I £ H Acc,1.7299
10/16/2017,JupiterMerian Glb Eq AbsRt I £ H Acc,1.7303
10/17/2017,JupiterMerian Glb Eq AbsRt I £ H Acc,1.7305
10/18/2017,JupiterMerian Glb Eq AbsRt I £ H Acc,1.7311
10/19/2017,JupiterMerian Glb Eq AbsRt I £ H Acc,1.7304
10/20/2017,JupiterMerian Glb Eq AbsRt I £ H Acc,1.7385
10/21/2017,JupiterMerian Glb Eq AbsRt I £ H Acc,1.7385
10/22/2017,JupiterMerian Glb Eq AbsRt I £ H Acc,1.7385
10/23/2017,JupiterMerian Glb Eq AbsRt I £ H Acc,1.7427
10/24/2017,JupiterMerian Glb Eq AbsRt I £ H Acc,1.7488
10/25/2017,JupiterMerian Glb Eq AbsRt I £ H Acc,1.7548
10/26/2017,JupiterMerian Glb Eq AbsRt I £ H Acc,1.7513
10/27/2017,JupiterMerian Glb Eq AbsRt I £ H Acc,1.7542
10/28/2017,JupiterMerian Glb Eq AbsRt I £ H Acc,1.7542
10/29/2017,JupiterMerian Glb Eq AbsRt I £ H Acc,1.7542
10/30/2017,JupiterMerian Glb Eq AbsRt I £ H Acc,1.7542
10/31/2017,JupiterMerian Glb Eq AbsRt I £ H Acc,1.7504
11/01/2017,JupiterMerian Glb Eq AbsRt I £ H Acc,1.7548
11/02/2017,JupiterMerian Glb Eq AbsRt I £ H Acc,1.7534
11/03/2017,JupiterMerian Glb Eq AbsRt I £ H Acc,1.7591
11/04/2017,JupiterMerian Glb Eq AbsRt I £ H Acc,1.7591
11/05/2017,JupiterMerian Glb Eq AbsRt I £ H Acc,1.7591
11/06/2017,JupiterMerian Glb Eq AbsRt I £ H Acc,1.7599
11/07/2017,JupiterMerian Glb Eq AbsRt I £ H Acc,1.7578
11/08/2017,JupiterMerian Glb Eq AbsRt I £ H Acc,1.761
11/09/2017,JupiterMerian Glb Eq AbsRt I £ H Acc,1.7656
11/10/2017,JupiterMerian Glb Eq AbsRt I £ H Acc,1.7643
11/11/2017,JupiterMerian Glb Eq AbsRt I £ H Acc,1.7643
11/12/2017,JupiterMerian Glb Eq AbsRt I £ H Acc,1.7643
11/13/2017,JupiterMerian Glb Eq AbsRt I £ H Acc,1.7617
11/14/2017,JupiterMerian Glb Eq AbsRt I £ H Acc,1.7658
11/15/2017,JupiterMerian Glb Eq AbsRt I £ H Acc,1.7678
11/16/2017,JupiterMerian Glb Eq AbsRt I £ H Acc,1.7748
11/17/2017,JupiterMerian Glb Eq AbsRt I £ H Acc,1.775
11/18/2017,JupiterMerian Glb Eq AbsRt I £ H Acc,1.775
11/19/2017,JupiterMerian Glb Eq AbsRt I £ H Acc,1.775
11/20/2017,JupiterMerian Glb Eq AbsRt I £ H Acc,1.7675
11/21/2017,JupiterMerian Glb Eq AbsRt I £ H Acc,1.7781
11/22/2017,JupiterMerian Glb Eq AbsRt I £ H Acc,1.7767
11/23/2017,JupiterMerian Glb Eq AbsRt I £ H Acc,1.7682
11/24/2017,JupiterMerian Glb Eq AbsRt I £ H Acc,1.7686
11/25/2017,JupiterMerian Glb Eq AbsRt I £ H Acc,1.7686
11/26/2017,JupiterMerian Glb Eq AbsRt I £ H Acc,1.7686
11/27/2017,JupiterMerian Glb Eq AbsRt I £ H Acc,1.7661
11/28/2017,JupiterMerian Glb Eq AbsRt I £ H Acc,1.7674
11/29/2017,JupiterMerian Glb Eq AbsRt I £ H Acc,1.7649
11/30/2017,JupiterMerian Glb Eq AbsRt I £ H Acc,1.7455
12/01/2017,JupiterMerian Glb Eq AbsRt I £ H Acc,1.7465
12/02/2017,JupiterMerian Glb Eq AbsRt I £ H Acc,1.7465
12/03/2017,JupiterMerian Glb Eq AbsRt I £ H Acc,1.7465
12/04/2017,JupiterMerian Glb Eq AbsRt I £ H Acc,1.7418
12/05/2017,JupiterMerian Glb Eq AbsRt I £ H Acc,1.7309
12/06/2017,JupiterMerian Glb Eq AbsRt I £ H Acc,1.7304
12/07/2017,JupiterMerian Glb Eq AbsRt I £ H Acc,1.7361
12/08/2017,JupiterMerian Glb Eq AbsRt I £ H Acc,1.7424
12/09/2017,JupiterMerian Glb Eq AbsRt I £ H Acc,1.7424
12/10/2017,JupiterMerian Glb Eq AbsRt I £ H Acc,1.7424
12/11/2017,JupiterMerian Glb Eq AbsRt I £ H Acc,1.7407
12/12/2017,JupiterMerian Glb Eq AbsRt I £ H Acc,1.7289
12/13/2017,JupiterMerian Glb Eq AbsRt I £ H Acc,1.7238
12/14/2017,JupiterMerian Glb Eq AbsRt I £ H Acc,1.7266
12/15/2017,JupiterMerian Glb Eq AbsRt I £ H Acc,1.7251
12/16/2017,JupiterMerian Glb Eq AbsRt I £ H Acc,1.7251
12/17/2017,JupiterMerian Glb Eq AbsRt I £ H Acc,1.7251
12/18/2017,JupiterMerian Glb Eq AbsRt I £ H Acc,1.7321
12/19/2017,JupiterMerian Glb Eq AbsRt I £ H Acc,1.7313
12/20/2017,JupiterMerian Glb Eq AbsRt I £ H Acc,1.7327
12/21/2017,JupiterMerian Glb Eq AbsRt I £ H Acc,1.7331
12/22/2017,JupiterMerian Glb Eq AbsRt I £ H Acc,1.7207
12/23/2017,JupiterMerian Glb Eq AbsRt I £ H Acc,1.7207
12/24/2017,JupiterMerian Glb Eq AbsRt I £ H Acc,1.7207
12/25/2017,JupiterMerian Glb Eq AbsRt I £ H Acc,1.7207
12/26/2017,JupiterMerian Glb Eq AbsRt I £ H Acc,1.7207
12/27/2017,JupiterMerian Glb Eq AbsRt I £ H Acc,1.7207
12/28/2017,JupiterMerian Glb Eq AbsRt I £ H Acc,1.7197
12/29/2017,JupiterMerian Glb Eq AbsRt I £ H Acc,1.7182
12/30/2017,JupiterMerian Glb Eq AbsRt I £ H Acc,1.7182
12/31/2017,JupiterMerian Glb Eq AbsRt I £ H Acc,1.7182
01/01/2018,JupiterMerian Glb Eq AbsRt I £ H Acc,1.7182
01/02/2018,JupiterMerian Glb Eq AbsRt I £ H Acc,1.7177
01/03/2018,JupiterMerian Glb Eq AbsRt I £ H Acc,1.7177
01/04/2018,JupiterMerian Glb Eq AbsRt I £ H Acc,1.7304
01/05/2018,JupiterMerian Glb Eq AbsRt I £ H Acc,1.7371
01/06/2018,JupiterMerian Glb Eq AbsRt I £ H Acc,1.7371
01/07/2018,JupiterMerian Glb Eq AbsRt I £ H Acc,1.7371
01/08/2018,JupiterMerian Glb Eq AbsRt I £ H Acc,1.741
01/09/2018,JupiterMerian Glb Eq AbsRt I £ H Acc,1.7414
01/10/2018,JupiterMerian Glb Eq AbsRt I £ H Acc,1.7406
01/11/2018,JupiterMerian Glb Eq AbsRt I £ H Acc,1.7379
01/12/2018,JupiterMerian Glb Eq AbsRt I £ H Acc,1.735
01/13/2018,JupiterMerian Glb Eq AbsRt I £ H Acc,1.735
01/14/2018,JupiterMerian Glb Eq AbsRt I £ H Acc,1.735
01/15/2018,JupiterMerian Glb Eq AbsRt I £ H Acc,1.7305
01/16/2018,JupiterMerian Glb Eq AbsRt I £ H Acc,1.7313
01/17/2018,JupiterMerian Glb Eq AbsRt I £ H Acc,1.7361
01/18/2018,JupiterMerian Glb Eq AbsRt I £ H Acc,1.7411
01/19/2018,JupiterMerian Glb Eq AbsRt I £ H Acc,1.7466
01/20/2018,JupiterMerian Glb Eq AbsRt I £ H Acc,1.7466
01/21/2018,JupiterMerian Glb Eq AbsRt I £ H Acc,1.7466
01/22/2018,JupiterMerian Glb Eq AbsRt I £ H Acc,1.7432
01/23/2018,JupiterMerian Glb Eq AbsRt I £ H Acc,1.7466
01/24/2018,JupiterMerian Glb Eq AbsRt I £ H Acc,1.7429
01/25/2018,JupiterMerian Glb Eq AbsRt I £ H Acc,1.74
01/26/2018,JupiterMerian Glb Eq AbsRt I £ H Acc,1.7435
01/27/2018,JupiterMerian Glb Eq AbsRt I £ H Acc,1.7435
01/28/2018,JupiterMerian Glb Eq AbsRt I £ H Acc,1.7435
01/29/2018,JupiterMerian Glb Eq AbsRt I £ H Acc,1.7474
01/30/2018,JupiterMerian Glb Eq AbsRt I £ H Acc,1.7417
01/31/2018,JupiterMerian Glb Eq AbsRt I £ H Acc,1.741
02/01/2018,JupiterMerian Glb Eq AbsRt I £ H Acc,1.739
02/02/2018,JupiterMerian Glb Eq AbsRt I £ H Acc,1.7375
02/03/2018,JupiterMerian Glb Eq AbsRt I £ H Acc,1.7375
02/04/2018,JupiterMerian Glb Eq AbsRt I £ H Acc,1.7375
02/05/2018,JupiterMerian Glb Eq AbsRt I £ H Acc,1.7338
02/06/2018,JupiterMerian Glb Eq AbsRt I £ H Acc,1.7287
02/07/2018,JupiterMerian Glb Eq AbsRt I £ H Acc,1.7324
02/08/2018,JupiterMerian Glb Eq AbsRt I £ H Acc,1.7272
02/09/2018,JupiterMerian Glb Eq AbsRt I £ H Acc,1.7237
02/10/2018,JupiterMerian Glb Eq AbsRt I £ H Acc,1.7237
02/11/2018,JupiterMerian Glb Eq AbsRt I £ H Acc,1.7237
02/12/2018,JupiterMerian Glb Eq AbsRt I £ H Acc,1.7358
02/13/2018,JupiterMerian Glb Eq AbsRt I £ H Acc,1.7364
02/14/2018,JupiterMerian Glb Eq AbsRt I £ H Acc,1.7386
02/15/2018,JupiterMerian Glb Eq AbsRt I £ H Acc,1.7362
02/16/2018,JupiterMerian Glb Eq AbsRt I £ H Acc,1.7351
02/17/2018,JupiterMerian Glb Eq AbsRt I £ H Acc,1.7351
02/18/2018,JupiterMerian Glb Eq AbsRt I £ H Acc,1.7351
02/19/2018,JupiterMerian Glb Eq AbsRt I £ H Acc,1.736
02/20/2018,JupiterMerian Glb Eq AbsRt I £ H Acc,1.7387
02/21/2018,JupiterMerian Glb Eq AbsRt I £ H Acc,1.7432
02/22/2018,JupiterMerian Glb Eq AbsRt I £ H Acc,1.7435
02/23/2018,JupiterMerian Glb Eq AbsRt I £ H Acc,1.7458
02/24/2018,JupiterMerian Glb Eq AbsRt I £ H Acc,1.7458
02/25/2018,JupiterMerian Glb Eq AbsRt I £ H Acc,1.7458
02/26/2018,JupiterMerian Glb Eq AbsRt I £ H Acc,1.7459
02/27/2018,JupiterMerian Glb Eq AbsRt I £ H Acc,1.7466
02/28/2018,JupiterMerian Glb Eq AbsRt I £ H Acc,1.7504
03/01/2018,JupiterMerian Glb Eq AbsRt I £ H Acc,1.759
03/02/2018,JupiterMerian Glb Eq AbsRt I £ H Acc,1.7487
03/03/2018,JupiterMerian Glb Eq AbsRt I £ H Acc,1.7487
03/04/2018,JupiterMerian Glb Eq AbsRt I £ H Acc,1.7487
03/05/2018,JupiterMerian Glb Eq AbsRt I £ H Acc,1.7434
03/06/2018,JupiterMerian Glb Eq AbsRt I £ H Acc,1.7436
03/07/2018,JupiterMerian Glb Eq AbsRt I £ H Acc,1.7434
03/08/2018,JupiterMerian Glb Eq AbsRt I £ H Acc,1.7459
03/09/2018,JupiterMerian Glb Eq AbsRt I £ H Acc,1.7512
03/10/2018,JupiterMerian Glb Eq AbsRt I £ H Acc,1.7512
03/11/2018,JupiterMerian Glb Eq AbsRt I £ H Acc,1.7512
03/12/2018,JupiterMerian Glb Eq AbsRt I £ H Acc,1.7533
03/13/2018,JupiterMerian Glb Eq AbsRt I £ H Acc,1.7493
03/14/2018,JupiterMerian Glb Eq AbsRt I £ H Acc,1.7551
03/15/2018,JupiterMerian Glb Eq AbsRt I £ H Acc,1.7574
03/16/2018,JupiterMerian Glb Eq AbsRt I £ H Acc,1.762
03/17/2018,JupiterMerian Glb Eq AbsRt I £ H Acc,1.762
03/18/2018,JupiterMerian Glb Eq AbsRt I £ H Acc,1.762
03/19/2018,JupiterMerian Glb Eq AbsRt I £ H Acc,1.762
03/20/2018,JupiterMerian Glb Eq AbsRt I £ H Acc,1.7724
03/21/2018,JupiterMerian Glb Eq AbsRt I £ H Acc,1.7789
03/22/2018,JupiterMerian Glb Eq AbsRt I £ H Acc,1.7738
03/23/2018,JupiterMerian Glb Eq AbsRt I £ H Acc,1.7664
03/24/2018,JupiterMerian Glb Eq AbsRt I £ H Acc,1.7664
03/25/2018,JupiterMerian Glb Eq AbsRt I £ H Acc,1.7664
03/26/2018,JupiterMerian Glb Eq AbsRt I £ H Acc,1.7653
03/27/2018,JupiterMerian Glb Eq AbsRt I £ H Acc,1.7731
03/28/2018,JupiterMerian Glb Eq AbsRt I £ H Acc,1.7659
03/29/2018,JupiterMerian Glb Eq AbsRt I £ H Acc,1.7716
03/30/2018,JupiterMerian Glb Eq AbsRt I £ H Acc,1.7716
03/31/2018,JupiterMerian Glb Eq AbsRt I £ H Acc,1.7716
04/01/2018,JupiterMerian Glb Eq AbsRt I £ H Acc,1.7716
04/02/2018,JupiterMerian Glb Eq AbsRt I £ H Acc,1.7716
04/03/2018,JupiterMerian Glb Eq AbsRt I £ H Acc,1.7739
04/04/2018,JupiterMerian Glb Eq AbsRt I £ H Acc,1.7698
04/05/2018,JupiterMerian Glb Eq AbsRt I £ H Acc,1.7703
04/06/2018,JupiterMerian Glb Eq AbsRt I £ H Acc,1.7655
04/07/2018,JupiterMerian Glb Eq AbsRt I £ H Acc,1.7655
04/08/2018,JupiterMerian Glb Eq AbsRt I £ H Acc,1.7655
04/09/2018,JupiterMerian Glb Eq AbsRt I £ H Acc,1.7686
04/10/2018,JupiterMerian Glb Eq AbsRt I £ H Acc,1.7715
04/11/2018,JupiterMerian Glb Eq AbsRt I £ H Acc,1.7727
04/12/2018,JupiterMerian Glb Eq AbsRt I £ H Acc,1.7699
04/13/2018,JupiterMerian Glb Eq AbsRt I £ H Acc,1.7745
04/14/2018,JupiterMerian Glb Eq AbsRt I £ H Acc,1.7745
04/15/2018,JupiterMerian Glb Eq AbsRt I £ H Acc,1.7745
04/16/2018,JupiterMerian Glb Eq AbsRt I £ H Acc,1.7722
04/17/2018,JupiterMerian Glb Eq AbsRt I £ H Acc,1.7733
04/18/2018,JupiterMerian Glb Eq AbsRt I £ H Acc,1.7759
04/19/2018,JupiterMerian Glb Eq AbsRt I £ H Acc,1.769
04/20/2018,JupiterMerian Glb Eq AbsRt I £ H Acc,1.7633
04/21/2018,JupiterMerian Glb Eq AbsRt I £ H Acc,1.7633
04/22/2018,JupiterMerian Glb Eq AbsRt I £ H Acc,1.7633
04/23/2018,JupiterMerian Glb Eq AbsRt I £ H Acc,1.7624
04/24/2018,JupiterMerian Glb Eq AbsRt I £ H Acc,1.7641
04/25/2018,JupiterMerian Glb Eq AbsRt I £ H Acc,1.7603
04/26/2018,JupiterMerian Glb Eq AbsRt I £ H Acc,1.7584
04/27/2018,JupiterMerian Glb Eq AbsRt I £ H Acc,1.7567
04/28/2018,JupiterMerian Glb Eq AbsRt I £ H Acc,1.7567
04/29/2018,JupiterMerian Glb Eq AbsRt I £ H Acc,1.7567
04/30/2018,JupiterMerian Glb Eq AbsRt I £ H Acc,1.7534
05/01/2018,JupiterMerian Glb Eq AbsRt I £ H Acc,1.7513
05/02/2018,JupiterMerian Glb Eq AbsRt I £ H Acc,1.7535
05/03/2018,JupiterMerian Glb Eq AbsRt I £ H Acc,1.7452
05/04/2018,JupiterMerian Glb Eq AbsRt I £ H Acc,1.7488
05/05/2018,JupiterMerian Glb Eq AbsRt I £ H Acc,1.7488
05/06/2018,JupiterMerian Glb Eq AbsRt I £ H Acc,1.7488
05/07/2018,JupiterMerian Glb Eq AbsRt I £ H Acc,1.7488
05/08/2018,JupiterMerian Glb Eq AbsRt I £ H Acc,1.7401
05/09/2018,JupiterMerian Glb Eq AbsRt I £ H Acc,1.7461
05/10/2018,JupiterMerian Glb Eq AbsRt I £ H Acc,1.7444
05/11/2018,JupiterMerian Glb Eq AbsRt I £ H Acc,1.7464
05/12/2018,JupiterMerian Glb Eq AbsRt I £ H Acc,1.7464
05/13/2018,JupiterMerian Glb Eq AbsRt I £ H Acc,1.7464
05/14/2018,JupiterMerian Glb Eq AbsRt I £ H Acc,1.7482
05/15/2018,JupiterMerian Glb Eq AbsRt I £ H Acc,1.7548
05/16/2018,JupiterMerian Glb Eq AbsRt I £ H Acc,1.7525
05/17/2018,JupiterMerian Glb Eq AbsRt I £ H Acc,1.7491
05/18/2018,JupiterMerian Glb Eq AbsRt I £ H Acc,1.7495
05/19/2018,JupiterMerian Glb Eq AbsRt I £ H Acc,1.7495
05/20/2018,JupiterMerian Glb Eq AbsRt I £ H Acc,1.7495
05/21/2018,JupiterMerian Glb Eq AbsRt I £ H Acc,1.7547
05/22/2018,JupiterMerian Glb Eq AbsRt I £ H Acc,1.757
05/23/2018,JupiterMerian Glb Eq AbsRt I £ H Acc,1.7542
05/24/2018,JupiterMerian Glb Eq AbsRt I £ H Acc,1.7608
05/25/2018,JupiterMerian Glb Eq AbsRt I £ H Acc,1.7633
05/26/2018,JupiterMerian Glb Eq AbsRt I £ H Acc,1.7633
05/27/2018,JupiterMerian Glb Eq AbsRt I £ H Acc,1.7633
05/28/2018,JupiterMerian Glb Eq AbsRt I £ H Acc,1.7633
05/29/2018,JupiterMerian Glb Eq AbsRt I £ H Acc,1.7649
05/30/2018,JupiterMerian Glb Eq AbsRt I £ H Acc,1.767
05/31/2018,JupiterMerian Glb Eq AbsRt I £ H Acc,1.7621
06/01/2018,JupiterMerian Glb Eq AbsRt I £ H Acc,1.7653
06/02/2018,JupiterMerian Glb Eq AbsRt I £ H Acc,1.7653
06/03/2018,JupiterMerian Glb Eq AbsRt I £ H Acc,1.7653
06/04/2018,JupiterMerian Glb Eq AbsRt I £ H Acc,1.7653
06/05/2018,JupiterMerian Glb Eq AbsRt I £ H Acc,1.7703
06/06/2018,JupiterMerian Glb Eq AbsRt I £ H Acc,1.7743
06/07/2018,JupiterMerian Glb Eq AbsRt I £ H Acc,1.7649
06/08/2018,JupiterMerian Glb Eq AbsRt I £ H Acc,1.7619
06/09/2018,JupiterMerian Glb Eq AbsRt I £ H Acc,1.7619
06/10/2018,JupiterMerian Glb Eq AbsRt I £ H Acc,1.7619
06/11/2018,JupiterMerian Glb Eq AbsRt I £ H Acc,1.7652
06/12/2018,JupiterMerian Glb Eq AbsRt I £ H Acc,1.7588
06/13/2018,JupiterMerian Glb Eq AbsRt I £ H Acc,1.7539
06/14/2018,JupiterMerian Glb Eq AbsRt I £ H Acc,1.7518
06/15/2018,JupiterMerian Glb Eq AbsRt I £ H Acc,1.7551
06/16/2018,JupiterMerian Glb Eq AbsRt I £ H Acc,1.7551
06/17/2018,JupiterMerian Glb Eq AbsRt I £ H Acc,1.7551
06/18/2018,JupiterMerian Glb Eq AbsRt I £ H Acc,1.7548
06/19/2018,JupiterMerian Glb Eq AbsRt I £ H Acc,1.7495
06/20/2018,JupiterMerian Glb Eq AbsRt I £ H Acc,1.7415
06/21/2018,JupiterMerian Glb Eq AbsRt I £ H Acc,1.7362
06/22/2018,JupiterMerian Glb Eq AbsRt I £ H Acc,1.7335
06/23/2018,JupiterMerian Glb Eq AbsRt I £ H Acc,1.7335
06/24/2018,JupiterMerian Glb Eq AbsRt I £ H Acc,1.7335
06/25/2018,JupiterMerian Glb Eq AbsRt I £ H Acc,1.7273
06/26/2018,JupiterMerian Glb Eq AbsRt I £ H Acc,1.7267
06/27/2018,JupiterMerian Glb Eq AbsRt I £ H Acc,1.7268
06/28/2018,JupiterMerian Glb Eq AbsRt I £ H Acc,1.7188
06/29/2018,JupiterMerian Glb Eq AbsRt I £ H Acc,1.7239
06/30/2018,JupiterMerian Glb Eq AbsRt I £ H Acc,1.7239
07/01/2018,JupiterMerian Glb Eq AbsRt I £ H Acc,1.7239
07/02/2018,JupiterMerian Glb Eq AbsRt I £ H Acc,1.7242
07/03/2018,JupiterMerian Glb Eq AbsRt I £ H Acc,1.7225
07/04/2018,JupiterMerian Glb Eq AbsRt I £ H Acc,1.7124
07/05/2018,JupiterMerian Glb Eq AbsRt I £ H Acc,1.7108
07/06/2018,JupiterMerian Glb Eq AbsRt I £ H Acc,1.7038
07/07/2018,JupiterMerian Glb Eq AbsRt I £ H Acc,1.7038
07/08/2018,JupiterMerian Glb Eq AbsRt I £ H Acc,1.7038
07/09/2018,JupiterMerian Glb Eq AbsRt I £ H Acc,1.6978
07/10/2018,JupiterMerian Glb Eq AbsRt I £ H Acc,1.7023
07/11/2018,JupiterMerian Glb Eq AbsRt I £ H Acc,1.7025
07/12/2018,JupiterMerian Glb Eq AbsRt I £ H Acc,1.7023
07/13/2018,JupiterMerian Glb Eq AbsRt I £ H Acc,1.7116
07/14/2018,JupiterMerian Glb Eq AbsRt I £ H Acc,1.7116
07/15/2018,JupiterMerian Glb Eq AbsRt I £ H Acc,1.7116
07/16/2018,JupiterMerian Glb Eq AbsRt I £ H Acc,1.7121
07/17/2018,JupiterMerian Glb Eq AbsRt I £ H Acc,1.7181
07/18/2018,JupiterMerian Glb Eq AbsRt I £ H Acc,1.7247
07/19/2018,JupiterMerian Glb Eq AbsRt I £ H Acc,1.7321
07/20/2018,JupiterMerian Glb Eq AbsRt I £ H Acc,1.7253
07/21/2018,JupiterMerian Glb Eq AbsRt I £ H Acc,1.7253
07/22/2018,JupiterMerian Glb Eq AbsRt I £ H Acc,1.7253
07/23/2018,JupiterMerian Glb Eq AbsRt I £ H Acc,1.7183
07/24/2018,JupiterMerian Glb Eq AbsRt I £ H Acc,1.7197
07/25/2018,JupiterMerian Glb Eq AbsRt I £ H Acc,1.7255
07/26/2018,JupiterMerian Glb Eq AbsRt I £ H Acc,1.729
07/27/2018,JupiterMerian Glb Eq AbsRt I £ H Acc,1.7227
07/28/2018,JupiterMerian Glb Eq AbsRt I £ H Acc,1.7227
07/29/2018,JupiterMerian Glb Eq AbsRt I £ H Acc,1.7227
07/30/2018,JupiterMerian Glb Eq AbsRt I £ H Acc,1.7214
07/31/2018,JupiterMerian Glb Eq AbsRt I £ H Acc,1.7074
08/01/2018,JupiterMerian Glb Eq AbsRt I £ H Acc,1.7141
08/02/2018,JupiterMerian Glb Eq AbsRt I £ H Acc,1.718
08/03/2018,JupiterMerian Glb Eq AbsRt I £ H Acc,1.7164
08/04/2018,JupiterMerian Glb Eq AbsRt I £ H Acc,1.7164
08/05/2018,JupiterMerian Glb Eq AbsRt I £ H Acc,1.7164
08/06/2018,JupiterMerian Glb Eq AbsRt I £ H Acc,1.7164
08/07/2018,JupiterMerian Glb Eq AbsRt I £ H Acc,1.7135
08/08/2018,JupiterMerian Glb Eq AbsRt I £ H Acc,1.7093
08/09/2018,JupiterMerian Glb Eq AbsRt I £ H Acc,1.7062
08/10/2018,JupiterMerian Glb Eq AbsRt I £ H Acc,1.6999
08/11/2018,JupiterMerian Glb Eq AbsRt I £ H Acc,1.6999
08/12/2018,JupiterMerian Glb Eq AbsRt I £ H Acc,1.6999
08/13/2018,JupiterMerian Glb Eq AbsRt I £ H Acc,1.7017
08/14/2018,JupiterMerian Glb Eq AbsRt I £ H Acc,1.7054
08/15/2018,JupiterMerian Glb Eq AbsRt I £ H Acc,1.7022
08/16/2018,JupiterMerian Glb Eq AbsRt I £ H Acc,1.6984
08/17/2018,JupiterMerian Glb Eq AbsRt I £ H Acc,1.6968
08/18/2018,JupiterMerian Glb Eq AbsRt I £ H Acc,1.6968
08/19/2018,JupiterMerian Glb Eq AbsRt I £ H Acc,1.6968
08/20/2018,JupiterMerian Glb Eq AbsRt I £ H Acc,1.6959
08/21/2018,JupiterMerian Glb Eq AbsRt I £ H Acc,1.6997
08/22/2018,JupiterMerian Glb Eq AbsRt I £ H Acc,1.6963
08/23/2018,JupiterMerian Glb Eq AbsRt I £ H Acc,1.6999
08/24/2018,JupiterMerian Glb Eq AbsRt I £ H Acc,1.7016
08/25/2018,JupiterMerian Glb Eq AbsRt I £ H Acc,1.7016
08/26/2018,JupiterMerian Glb Eq AbsRt I £ H Acc,1.7016
08/27/2018,JupiterMerian Glb Eq AbsRt I £ H Acc,1.7016
08/28/2018,JupiterMerian Glb Eq AbsRt I £ H Acc,1.704
08/29/2018,JupiterMerian Glb Eq AbsRt I £ H Acc,1.7065
08/30/2018,JupiterMerian Glb Eq AbsRt I £ H Acc,1.7099
08/31/2018,JupiterMerian Glb Eq AbsRt I £ H Acc,1.7074
09/01/2018,JupiterMerian Glb Eq AbsRt I £ H Acc,1.7074
09/02/2018,JupiterMerian Glb Eq AbsRt I £ H Acc,1.7074
09/03/2018,JupiterMerian Glb Eq AbsRt I £ H Acc,1.7112
09/04/2018,JupiterMerian Glb Eq AbsRt I £ H Acc,1.7138
09/05/2018,JupiterMerian Glb Eq AbsRt I £ H Acc,1.715
09/06/2018,JupiterMerian Glb Eq AbsRt I £ H Acc,1.7049
09/07/2018,JupiterMerian Glb Eq AbsRt I £ H Acc,1.7082
09/08/2018,JupiterMerian Glb Eq AbsRt I £ H Acc,1.7082
09/09/2018,JupiterMerian Glb Eq AbsRt I £ H Acc,1.7082
09/10/2018,JupiterMerian Glb Eq AbsRt I £ H Acc,1.7009
09/11/2018,JupiterMerian Glb Eq AbsRt I £ H Acc,1.7008
09/12/2018,JupiterMerian Glb Eq AbsRt I £ H Acc,1.7031
09/13/2018,JupiterMerian Glb Eq AbsRt I £ H Acc,1.6949
09/14/2018,JupiterMerian Glb Eq AbsRt I £ H Acc,1.6963
09/15/2018,JupiterMerian Glb Eq AbsRt I £ H Acc,1.6963
09/16/2018,JupiterMerian Glb Eq AbsRt I £ H Acc,1.6963
09/17/2018,JupiterMerian Glb Eq AbsRt I £ H Acc,1.6957
09/18/2018,JupiterMerian Glb Eq AbsRt I £ H Acc,1.688
09/19/2018,JupiterMerian Glb Eq AbsRt I £ H Acc,1.6892
09/20/2018,JupiterMerian Glb Eq AbsRt I £ H Acc,1.6771
09/21/2018,JupiterMerian Glb Eq AbsRt I £ H Acc,1.6755
09/22/2018,JupiterMerian Glb Eq AbsRt I £ H Acc,1.6755
09/23/2018,JupiterMerian Glb Eq AbsRt I £ H Acc,1.6755
09/24/2018,JupiterMerian Glb Eq AbsRt I £ H Acc,1.6813
09/25/2018,JupiterMerian Glb Eq AbsRt I £ H Acc,1.6923
09/26/2018,JupiterMerian Glb Eq AbsRt I £ H Acc,1.7021
09/27/2018,JupiterMerian Glb Eq AbsRt I £ H Acc,1.7041
09/28/2018,JupiterMerian Glb Eq AbsRt I £ H Acc,1.7044
09/29/2018,JupiterMerian Glb Eq AbsRt I £ H Acc,1.7044
09/30/2018,JupiterMerian Glb Eq AbsRt I £ H Acc,1.7044
10/01/2018,JupiterMerian Glb Eq AbsRt I £ H Acc,1.7049
10/02/2018,JupiterMerian Glb Eq AbsRt I £ H Acc,1.7029
10/03/2018,JupiterMerian Glb Eq AbsRt I £ H Acc,1.6924
10/04/2018,JupiterMerian Glb Eq AbsRt I £ H Acc,1.6887
10/05/2018,JupiterMerian Glb Eq AbsRt I £ H Acc,1.6828
10/06/2018,JupiterMerian Glb Eq AbsRt I £ H Acc,1.6828
10/07/2018,JupiterMerian Glb Eq AbsRt I £ H Acc,1.6828
10/08/2018,JupiterMerian Glb Eq AbsRt I £ H Acc,1.6856
10/09/2018,JupiterMerian Glb Eq AbsRt I £ H Acc,1.6785
10/10/2018,JupiterMerian Glb Eq AbsRt I £ H Acc,1.672
10/11/2018,JupiterMerian Glb Eq AbsRt I £ H Acc,1.6559
10/12/2018,JupiterMerian Glb Eq AbsRt I £ H Acc,1.6653
10/13/2018,JupiterMerian Glb Eq AbsRt I £ H Acc,1.6653
10/14/2018,JupiterMerian Glb Eq AbsRt I £ H Acc,1.6653
10/15/2018,JupiterMerian Glb Eq AbsRt I £ H Acc,1.6681
10/16/2018,JupiterMerian Glb Eq AbsRt I £ H Acc,1.6609
10/17/2018,JupiterMerian Glb Eq AbsRt I £ H Acc,1.6631
10/18/2018,JupiterMerian Glb Eq AbsRt I £ H Acc,1.6608
10/19/2018,JupiterMerian Glb Eq AbsRt I £ H Acc,1.6619
10/20/2018,JupiterMerian Glb Eq AbsRt I £ H Acc,1.6619
10/21/2018,JupiterMerian Glb Eq AbsRt I £ H Acc,1.6619
10/22/2018,JupiterMerian Glb Eq AbsRt I £ H Acc,1.6503
10/23/2018,JupiterMerian Glb Eq AbsRt I £ H Acc,1.6573
10/24/2018,JupiterMerian Glb Eq AbsRt I £ H Acc,1.6578
10/25/2018,JupiterMerian Glb Eq AbsRt I £ H Acc,1.6693
10/26/2018,JupiterMerian Glb Eq AbsRt I £ H Acc,1.6604
10/27/2018,JupiterMerian Glb Eq AbsRt I £ H Acc,1.6604
10/28/2018,JupiterMerian Glb Eq AbsRt I £ H Acc,1.6604
10/29/2018,JupiterMerian Glb Eq AbsRt I £ H Acc,1.6604
10/30/2018,JupiterMerian Glb Eq AbsRt I £ H Acc,1.6741
10/31/2018,JupiterMerian Glb Eq AbsRt I £ H Acc,1.6801
11/01/2018,JupiterMerian Glb Eq AbsRt I £ H Acc,1.6675
11/02/2018,JupiterMerian Glb Eq AbsRt I £ H Acc,1.6679
11/03/2018,JupiterMerian Glb Eq AbsRt I £ H Acc,1.6679
11/04/2018,JupiterMerian Glb Eq AbsRt I £ H Acc,1.6679
11/05/2018,JupiterMerian Glb Eq AbsRt I £ H Acc,1.6616
11/06/2018,JupiterMerian Glb Eq AbsRt I £ H Acc,1.6615
11/07/2018,JupiterMerian Glb Eq AbsRt I £ H Acc,1.664
11/08/2018,JupiterMerian Glb Eq AbsRt I £ H Acc,1.6679
11/09/2018,JupiterMerian Glb Eq AbsRt I £ H Acc,1.6738
11/10/2018,JupiterMerian Glb Eq AbsRt I £ H Acc,1.6738
11/11/2018,JupiterMerian Glb Eq AbsRt I £ H Acc,1.6738
11/12/2018,JupiterMerian Glb Eq AbsRt I £ H Acc,1.6809
11/13/2018,JupiterMerian Glb Eq AbsRt I £ H Acc,1.6814
11/14/2018,JupiterMerian Glb Eq AbsRt I £ H Acc,1.672
11/15/2018,JupiterMerian Glb Eq AbsRt I £ H Acc,1.6718
11/16/2018,JupiterMerian Glb Eq AbsRt I £ H Acc,1.6595
11/17/2018,JupiterMerian Glb Eq AbsRt I £ H Acc,1.6595
11/18/2018,JupiterMerian Glb Eq AbsRt I £ H Acc,1.6595
11/19/2018,JupiterMerian Glb Eq AbsRt I £ H Acc,1.6569
11/20/2018,JupiterMerian Glb Eq AbsRt I £ H Acc,1.6476
11/21/2018,JupiterMerian Glb Eq AbsRt I £ H Acc,1.6487
11/22/2018,JupiterMerian Glb Eq AbsRt I £ H Acc,1.6452
11/23/2018,JupiterMerian Glb Eq AbsRt I £ H Acc,1.6423
11/24/2018,JupiterMerian Glb Eq AbsRt I £ H Acc,1.6423
11/25/2018,JupiterMerian Glb Eq AbsRt I £ H Acc,1.6423
11/26/2018,JupiterMerian Glb Eq AbsRt I £ H Acc,1.6378
11/27/2018,JupiterMerian Glb Eq AbsRt I £ H Acc,1.6254
11/28/2018,JupiterMerian Glb Eq AbsRt I £ H Acc,1.628
11/29/2018,JupiterMerian Glb Eq AbsRt I £ H Acc,1.6325
11/30/2018,JupiterMerian Glb Eq AbsRt I £ H Acc,1.6332
12/01/2018,JupiterMerian Glb Eq AbsRt I £ H Acc,1.6332
12/02/2018,JupiterMerian Glb Eq AbsRt I £ H Acc,1.6332
12/03/2018,JupiterMerian Glb Eq AbsRt I £ H Acc,1.6349
12/04/2018,JupiterMerian Glb Eq AbsRt I £ H Acc,1.637
12/05/2018,JupiterMerian Glb Eq AbsRt I £ H Acc,1.6401
12/06/2018,JupiterMerian Glb Eq AbsRt I £ H Acc,1.6393
12/07/2018,JupiterMerian Glb Eq AbsRt I £ H Acc,1.6451
12/08/2018,JupiterMerian Glb Eq AbsRt I £ H Acc,1.6451
12/09/2018,JupiterMerian Glb Eq AbsRt I £ H Acc,1.6451
12/10/2018,JupiterMerian Glb Eq AbsRt I £ H Acc,1.6403
12/11/2018,JupiterMerian Glb Eq AbsRt I £ H Acc,1.6433
12/12/2018,JupiterMerian Glb Eq AbsRt I £ H Acc,1.6506
12/13/2018,JupiterMerian Glb Eq AbsRt I £ H Acc,1.6396
12/14/2018,JupiterMerian Glb Eq AbsRt I £ H Acc,1.6454
12/15/2018,JupiterMerian Glb Eq AbsRt I £ H Acc,1.6454
12/16/2018,JupiterMerian Glb Eq AbsRt I £ H Acc,1.6454
12/17/2018,JupiterMerian Glb Eq AbsRt I £ H Acc,1.6392
12/18/2018,JupiterMerian Glb Eq AbsRt I £ H Acc,1.6404
12/19/2018,JupiterMerian Glb Eq AbsRt I £ H Acc,1.6514
12/20/2018,JupiterMerian Glb Eq AbsRt I £ H Acc,1.6554
12/21/2018,JupiterMerian Glb Eq AbsRt I £ H Acc,1.6638
12/22/2018,JupiterMerian Glb Eq AbsRt I £ H Acc,1.6638
12/23/2018,JupiterMerian Glb Eq AbsRt I £ H Acc,1.6638
12/24/2018,JupiterMerian Glb Eq AbsRt I £ H Acc,1.6665
12/25/2018,JupiterMerian Glb Eq AbsRt I £ H Acc,1.6665
12/26/2018,JupiterMerian Glb Eq AbsRt I £ H Acc,1.6665
12/27/2018,JupiterMerian Glb Eq AbsRt I £ H Acc,1.6665
12/28/2018,JupiterMerian Glb Eq AbsRt I £ H Acc,1.6749
12/29/2018,JupiterMerian Glb Eq AbsRt I £ H Acc,1.6749
12/30/2018,JupiterMerian Glb Eq AbsRt I £ H Acc,1.6749
12/31/2018,JupiterMerian Glb Eq AbsRt I £ H Acc,1.6714
01/01/2019,JupiterMerian Glb Eq AbsRt I £ H Acc,1.6714
01/02/2019,JupiterMerian Glb Eq AbsRt I £ H Acc,1.6754
01/03/2019,JupiterMerian Glb Eq AbsRt I £ H Acc,1.6635
01/04/2019,JupiterMerian Glb Eq AbsRt I £ H Acc,1.6601
01/05/2019,JupiterMerian Glb Eq AbsRt I £ H Acc,1.6601
01/06/2019,JupiterMerian Glb Eq AbsRt I £ H Acc,1.6601
01/07/2019,JupiterMerian Glb Eq AbsRt I £ H Acc,1.6523
01/08/2019,JupiterMerian Glb Eq AbsRt I £ H Acc,1.6453
01/09/2019,JupiterMerian Glb Eq AbsRt I £ H Acc,1.6432
01/10/2019,JupiterMerian Glb Eq AbsRt I £ H Acc,1.6399
01/11/2019,JupiterMerian Glb Eq AbsRt I £ H Acc,1.6376
01/12/2019,JupiterMerian Glb Eq AbsRt I £ H Acc,1.6376
01/13/2019,JupiterMerian Glb Eq AbsRt I £ H Acc,1.6376
01/14/2019,JupiterMerian Glb Eq AbsRt I £ H Acc,1.628
01/15/2019,JupiterMerian Glb Eq AbsRt I £ H Acc,1.631
01/16/2019,JupiterMerian Glb Eq AbsRt I £ H Acc,1.6356
01/17/2019,JupiterMerian Glb Eq AbsRt I £ H Acc,1.6337
01/18/2019,JupiterMerian Glb Eq AbsRt I £ H Acc,1.6349
01/19/2019,JupiterMerian Glb Eq AbsRt I £ H Acc,1.6349
01/20/2019,JupiterMerian Glb Eq AbsRt I £ H Acc,1.6349
01/21/2019,JupiterMerian Glb Eq AbsRt I £ H Acc,1.6389
01/22/2019,JupiterMerian Glb Eq AbsRt I £ H Acc,1.6407
01/23/2019,JupiterMerian Glb Eq AbsRt I £ H Acc,1.651
01/24/2019,JupiterMerian Glb Eq AbsRt I £ H Acc,1.6552
01/25/2019,JupiterMerian Glb Eq AbsRt I £ H Acc,1.6434
01/26/2019,JupiterMerian Glb Eq AbsRt I £ H Acc,1.6434
01/27/2019,JupiterMerian Glb Eq AbsRt I £ H Acc,1.6434
01/28/2019,JupiterMerian Glb Eq AbsRt I £ H Acc,1.6349
01/29/2019,JupiterMerian Glb Eq AbsRt I £ H Acc,1.6337
01/30/2019,JupiterMerian Glb Eq AbsRt I £ H Acc,1.6398
01/31/2019,JupiterMerian Glb Eq AbsRt I £ H Acc,1.6394
02/01/2019,JupiterMerian Glb Eq AbsRt I £ H Acc,1.6359
02/02/2019,JupiterMerian Glb Eq AbsRt I £ H Acc,1.6359
02/03/2019,JupiterMerian Glb Eq AbsRt I £ H Acc,1.6359
02/04/2019,JupiterMerian Glb Eq AbsRt I £ H Acc,1.635
02/05/2019,JupiterMerian Glb Eq AbsRt I £ H Acc,1.6306
02/06/2019,JupiterMerian Glb Eq AbsRt I £ H Acc,1.633
02/07/2019,JupiterMerian Glb Eq AbsRt I £ H Acc,1.634
02/08/2019,JupiterMerian Glb Eq AbsRt I £ H Acc,1.6377
02/09/2019,JupiterMerian Glb Eq AbsRt I £ H Acc,1.6377
02/10/2019,JupiterMerian Glb Eq AbsRt I £ H Acc,1.6377
02/11/2019,JupiterMerian Glb Eq AbsRt I £ H Acc,1.6426
02/12/2019,JupiterMerian Glb Eq AbsRt I £ H Acc,1.6482
02/13/2019,JupiterMerian Glb Eq AbsRt I £ H Acc,1.647
02/14/2019,JupiterMerian Glb Eq AbsRt I £ H Acc,1.6477
02/15/2019,JupiterMerian Glb Eq AbsRt I £ H Acc,1.6506
02/16/2019,JupiterMerian Glb Eq AbsRt I £ H Acc,1.6506
02/17/2019,JupiterMerian Glb Eq AbsRt I £ H Acc,1.6506
02/18/2019,JupiterMerian Glb Eq AbsRt I £ H Acc,1.6459
02/19/2019,JupiterMerian Glb Eq AbsRt I £ H Acc,1.6452
02/20/2019,JupiterMerian Glb Eq AbsRt I £ H Acc,1.6348
02/21/2019,JupiterMerian Glb Eq AbsRt I £ H Acc,1.6375
02/22/2019,JupiterMerian Glb Eq AbsRt I £ H Acc,1.637633
02/23/2019,JupiterMerian Glb Eq AbsRt I £ H Acc,1.637633
02/24/2019,JupiterMerian Glb Eq AbsRt I £ H Acc,1.637633
02/25/2019,JupiterMerian Glb Eq AbsRt I £ H Acc,1.63
02/26/2019,JupiterMerian Glb Eq AbsRt I £ H Acc,1.6299
02/27/2019,JupiterMerian Glb Eq AbsRt I £ H Acc,1.6299
02/28/2019,JupiterMerian Glb Eq AbsRt I £ H Acc,1.6234
03/01/2019,JupiterMerian Glb Eq AbsRt I £ H Acc,1.6224
03/02/2019,JupiterMerian Glb Eq AbsRt I £ H Acc,1.6224
03/03/2019,JupiterMerian Glb Eq AbsRt I £ H Acc,1.6224
03/04/2019,JupiterMerian Glb Eq AbsRt I £ H Acc,1.6183
03/05/2019,JupiterMerian Glb Eq AbsRt I £ H Acc,1.6149
03/06/2019,JupiterMerian Glb Eq AbsRt I £ H Acc,1.6138
03/07/2019,JupiterMerian Glb Eq AbsRt I £ H Acc,1.6141
03/08/2019,JupiterMerian Glb Eq AbsRt I £ H Acc,1.6193
03/09/2019,JupiterMerian Glb Eq AbsRt I £ H Acc,1.6193
03/10/2019,JupiterMerian Glb Eq AbsRt I £ H Acc,1.6193
03/11/2019,JupiterMerian Glb Eq AbsRt I £ H Acc,1.6122
03/12/2019,JupiterMerian Glb Eq AbsRt I £ H Acc,1.6088
03/13/2019,JupiterMerian Glb Eq AbsRt I £ H Acc,1.6063
03/14/2019,JupiterMerian Glb Eq AbsRt I £ H Acc,1.6113
03/15/2019,JupiterMerian Glb Eq AbsRt I £ H Acc,1.6174
03/16/2019,JupiterMerian Glb Eq AbsRt I £ H Acc,1.6174
03/17/2019,JupiterMerian Glb Eq AbsRt I £ H Acc,1.6174
03/18/2019,JupiterMerian Glb Eq AbsRt I £ H Acc,1.6174
03/19/2019,JupiterMerian Glb Eq AbsRt I £ H Acc,1.6123
03/20/2019,JupiterMerian Glb Eq AbsRt I £ H Acc,1.6139
03/21/2019,JupiterMerian Glb Eq AbsRt I £ H Acc,1.6165
03/22/2019,JupiterMerian Glb Eq AbsRt I £ H Acc,1.6104
03/23/2019,JupiterMerian Glb Eq AbsRt I £ H Acc,1.6104
03/24/2019,JupiterMerian Glb Eq AbsRt I £ H Acc,1.6104
03/25/2019,JupiterMerian Glb Eq AbsRt I £ H Acc,1.6126
03/26/2019,JupiterMerian Glb Eq AbsRt I £ H Acc,1.614
03/27/2019,JupiterMerian Glb Eq AbsRt I £ H Acc,1.6152
03/28/2019,JupiterMerian Glb Eq AbsRt I £ H Acc,1.6209
03/29/2019,JupiterMerian Glb Eq AbsRt I £ H Acc,1.6196
03/30/2019,JupiterMerian Glb Eq AbsRt I £ H Acc,1.6196
03/31/2019,JupiterMerian Glb Eq AbsRt I £ H Acc,1.6196
04/01/2019,JupiterMerian Glb Eq AbsRt I £ H Acc,1.6186
04/02/2019,JupiterMerian Glb Eq AbsRt I £ H Acc,1.6108
04/03/2019,JupiterMerian Glb Eq AbsRt I £ H Acc,1.6039
04/04/2019,JupiterMerian Glb Eq AbsRt I £ H Acc,1.5965
04/05/2019,JupiterMerian Glb Eq AbsRt I £ H Acc,1.5929
04/06/2019,JupiterMerian Glb Eq AbsRt I £ H Acc,1.5929
04/07/2019,JupiterMerian Glb Eq AbsRt I £ H Acc,1.5929
04/08/2019,JupiterMerian Glb Eq AbsRt I £ H Acc,1.5955
04/09/2019,JupiterMerian Glb Eq AbsRt I £ H Acc,1.5941
04/10/2019,JupiterMerian Glb Eq AbsRt I £ H Acc,1.5991
04/11/2019,JupiterMerian Glb Eq AbsRt I £ H Acc,1.593
04/12/2019,JupiterMerian Glb Eq AbsRt I £ H Acc,1.5836
04/13/2019,JupiterMerian Glb Eq AbsRt I £ H Acc,1.5836
04/14/2019,JupiterMerian Glb Eq AbsRt I £ H Acc,1.5836
04/15/2019,JupiterMerian Glb Eq AbsRt I £ H Acc,1.5763
04/16/2019,JupiterMerian Glb Eq AbsRt I £ H Acc,1.5795
04/17/2019,JupiterMerian Glb Eq AbsRt I £ H Acc,1.569
04/18/2019,JupiterMerian Glb Eq AbsRt I £ H Acc,1.564
04/19/2019,JupiterMerian Glb Eq AbsRt I £ H Acc,1.564
04/20/2019,JupiterMerian Glb Eq AbsRt I £ H Acc,1.564
04/21/2019,JupiterMerian Glb Eq AbsRt I £ H Acc,1.564
04/22/2019,JupiterMerian Glb Eq AbsRt I £ H Acc,1.564
04/23/2019,JupiterMerian Glb Eq AbsRt I £ H Acc,1.5655
04/24/2019,JupiterMerian Glb Eq AbsRt I £ H Acc,1.5709
04/25/2019,JupiterMerian Glb Eq AbsRt I £ H Acc,1.5719
04/26/2019,JupiterMerian Glb Eq AbsRt I £ H Acc,1.5696
04/27/2019,JupiterMerian Glb Eq AbsRt I £ H Acc,1.5696
04/28/2019,JupiterMerian Glb Eq AbsRt I £ H Acc,1.5696
04/29/2019,JupiterMerian Glb Eq AbsRt I £ H Acc,1.5639
04/30/2019,JupiterMerian Glb Eq AbsRt I £ H Acc,1.5622
05/01/2019,JupiterMerian Glb Eq AbsRt I £ H Acc,1.5605
05/02/2019,JupiterMerian Glb Eq AbsRt I £ H Acc,1.5569
05/03/2019,JupiterMerian Glb Eq AbsRt I £ H Acc,1.5585
05/04/2019,JupiterMerian Glb Eq AbsRt I £ H Acc,1.5585
05/05/2019,JupiterMerian Glb Eq AbsRt I £ H Acc,1.5585
05/06/2019,JupiterMerian Glb Eq AbsRt I £ H Acc,1.5585
05/07/2019,JupiterMerian Glb Eq AbsRt I £ H Acc,1.5625
05/08/2019,JupiterMerian Glb Eq AbsRt I £ H Acc,1.5642
05/09/2019,JupiterMerian Glb Eq AbsRt I £ H Acc,1.5637
05/10/2019,JupiterMerian Glb Eq AbsRt I £ H Acc,1.5653
05/11/2019,JupiterMerian Glb Eq AbsRt I £ H Acc,1.5653
05/12/2019,JupiterMerian Glb Eq AbsRt I £ H Acc,1.5653
05/13/2019,JupiterMerian Glb Eq AbsRt I £ H Acc,1.5693
05/14/2019,JupiterMerian Glb Eq AbsRt I £ H Acc,1.5742
05/15/2019,JupiterMerian Glb Eq AbsRt I £ H Acc,1.5759
05/16/2019,JupiterMerian Glb Eq AbsRt I £ H Acc,1.5716
05/17/2019,JupiterMerian Glb Eq AbsRt I £ H Acc,1.5747
05/18/2019,JupiterMerian Glb Eq AbsRt I £ H Acc,1.5747
05/19/2019,JupiterMerian Glb Eq AbsRt I £ H Acc,1.5747
05/20/2019,JupiterMerian Glb Eq AbsRt I £ H Acc,1.5747
05/21/2019,JupiterMerian Glb Eq AbsRt I £ H Acc,1.5802
05/22/2019,JupiterMerian Glb Eq AbsRt I £ H Acc,1.5803
05/23/2019,JupiterMerian Glb Eq AbsRt I £ H Acc,1.5835
05/24/2019,JupiterMerian Glb Eq AbsRt I £ H Acc,1.5814
05/25/2019,JupiterMerian Glb Eq AbsRt I £ H Acc,1.5814
05/26/2019,JupiterMerian Glb Eq AbsRt I £ H Acc,1.5814
05/27/2019,JupiterMerian Glb Eq AbsRt I £ H Acc,1.5814
05/28/2019,JupiterMerian Glb Eq AbsRt I £ H Acc,1.5769
05/29/2019,JupiterMerian Glb Eq AbsRt I £ H Acc,1.5808
05/30/2019,JupiterMerian Glb Eq AbsRt I £ H Acc,1.5744
05/31/2019,JupiterMerian Glb Eq AbsRt I £ H Acc,1.5746
06/01/2019,JupiterMerian Glb Eq AbsRt I £ H Acc,1.5746
06/02/2019,JupiterMerian Glb Eq AbsRt I £ H Acc,1.5746
06/03/2019,JupiterMerian Glb Eq AbsRt I £ H Acc,1.5746
06/04/2019,JupiterMerian Glb Eq AbsRt I £ H Acc,1.5674
06/05/2019,JupiterMerian Glb Eq AbsRt I £ H Acc,1.5714
06/06/2019,JupiterMerian Glb Eq AbsRt I £ H Acc,1.5739
06/07/2019,JupiterMerian Glb Eq AbsRt I £ H Acc,1.5776
06/08/2019,JupiterMerian Glb Eq AbsRt I £ H Acc,1.5776
06/09/2019,JupiterMerian Glb Eq AbsRt I £ H Acc,1.5776
06/10/2019,JupiterMerian Glb Eq AbsRt I £ H Acc,1.5748
06/11/2019,JupiterMerian Glb Eq AbsRt I £ H Acc,1.5749
06/12/2019,JupiterMerian Glb Eq AbsRt I £ H Acc,1.5793
06/13/2019,JupiterMerian Glb Eq AbsRt I £ H Acc,1.5844
06/14/2019,JupiterMerian Glb Eq AbsRt I £ H Acc,1.5886
06/15/2019,JupiterMerian Glb Eq AbsRt I £ H Acc,1.5886
06/16/2019,JupiterMerian Glb Eq AbsRt I £ H Acc,1.5886
06/17/2019,JupiterMerian Glb Eq AbsRt I £ H Acc,1.5855
06/18/2019,JupiterMerian Glb Eq AbsRt I £ H Acc,1.5926
06/19/2019,JupiterMerian Glb Eq AbsRt I £ H Acc,1.5835
06/20/2019,JupiterMerian Glb Eq AbsRt I £ H Acc,1.5854
06/21/2019,JupiterMerian Glb Eq AbsRt I £ H Acc,1.5866
06/22/2019,JupiterMerian Glb Eq AbsRt I £ H Acc,1.5866
06/23/2019,JupiterMerian Glb Eq AbsRt I £ H Acc,1.5866
06/24/2019,JupiterMerian Glb Eq AbsRt I £ H Acc,1.5877
06/25/2019,JupiterMerian Glb Eq AbsRt I £ H Acc,1.5929
06/26/2019,JupiterMerian Glb Eq AbsRt I £ H Acc,1.592
06/27/2019,JupiterMerian Glb Eq AbsRt I £ H Acc,1.5869
06/28/2019,JupiterMerian Glb Eq AbsRt I £ H Acc,1.5818
06/29/2019,JupiterMerian Glb Eq AbsRt I £ H Acc,1.5818
06/30/2019,JupiterMerian Glb Eq AbsRt I £ H Acc,1.5818
07/01/2019,JupiterMerian Glb Eq AbsRt I £ H Acc,1.5861
07/02/2019,JupiterMerian Glb Eq AbsRt I £ H Acc,1.587
07/03/2019,JupiterMerian Glb Eq AbsRt I £ H Acc,1.5842
07/04/2019,JupiterMerian Glb Eq AbsRt I £ H Acc,1.5784
07/05/2019,JupiterMerian Glb Eq AbsRt I £ H Acc,1.5763
07/06/2019,JupiterMerian Glb Eq AbsRt I £ H Acc,1.5763
07/07/2019,JupiterMerian Glb Eq AbsRt I £ H Acc,1.5763
07/08/2019,JupiterMerian Glb Eq AbsRt I £ H Acc,1.5742
07/09/2019,JupiterMerian Glb Eq AbsRt I £ H Acc,1.5817
07/10/2019,JupiterMerian Glb Eq AbsRt I £ H Acc,1.5773
07/11/2019,JupiterMerian Glb Eq AbsRt I £ H Acc,1.5806
07/12/2019,JupiterMerian Glb Eq AbsRt I £ H Acc,1.5781
07/13/2019,JupiterMerian Glb Eq AbsRt I £ H Acc,1.5781
07/14/2019,JupiterMerian Glb Eq AbsRt I £ H Acc,1.5781
07/15/2019,JupiterMerian Glb Eq AbsRt I £ H Acc,1.5781
07/16/2019,JupiterMerian Glb Eq AbsRt I £ H Acc,1.5782
07/17/2019,JupiterMerian Glb Eq AbsRt I £ H Acc,1.5809
07/18/2019,JupiterMerian Glb Eq AbsRt I £ H Acc,1.578
07/19/2019,JupiterMerian Glb Eq AbsRt I £ H Acc,1.5758
07/20/2019,JupiterMerian Glb Eq AbsRt I £ H Acc,1.5758
07/21/2019,JupiterMerian Glb Eq AbsRt I £ H Acc,1.5758
07/22/2019,JupiterMerian Glb Eq AbsRt I £ H Acc,1.5748
07/23/2019,JupiterMerian Glb Eq AbsRt I £ H Acc,1.5682
07/24/2019,JupiterMerian Glb Eq AbsRt I £ H Acc,1.5662
07/25/2019,JupiterMerian Glb Eq AbsRt I £ H Acc,1.5664
07/26/2019,JupiterMerian Glb Eq AbsRt I £ H Acc,1.5627
07/27/2019,JupiterMerian Glb Eq AbsRt I £ H Acc,1.5627
07/28/2019,JupiterMerian Glb Eq AbsRt I £ H Acc,1.5627
07/29/2019,JupiterMerian Glb Eq AbsRt I £ H Acc,1.5592
07/30/2019,JupiterMerian Glb Eq AbsRt I £ H Acc,1.5569
07/31/2019,JupiterMerian Glb Eq AbsRt I £ H Acc,1.5513
08/01/2019,JupiterMerian Glb Eq AbsRt I £ H Acc,1.552
08/02/2019,JupiterMerian Glb Eq AbsRt I £ H Acc,1.551
08/03/2019,JupiterMerian Glb Eq AbsRt I £ H Acc,1.551
08/04/2019,JupiterMerian Glb Eq AbsRt I £ H Acc,1.551
08/05/2019,JupiterMerian Glb Eq AbsRt I £ H Acc,1.551
08/06/2019,JupiterMerian Glb Eq AbsRt I £ H Acc,1.5457
08/07/2019,JupiterMerian Glb Eq AbsRt I £ H Acc,1.553
08/08/2019,JupiterMerian Glb Eq AbsRt I £ H Acc,1.5515
08/09/2019,JupiterMerian Glb Eq AbsRt I £ H Acc,1.5496
08/10/2019,JupiterMerian Glb Eq AbsRt I £ H Acc,1.5496
08/11/2019,JupiterMerian Glb Eq AbsRt I £ H Acc,1.5496
08/12/2019,JupiterMerian Glb Eq AbsRt I £ H Acc,1.5459
08/13/2019,JupiterMerian Glb Eq AbsRt I £ H Acc,1.5426
08/14/2019,JupiterMerian Glb Eq AbsRt I £ H Acc,1.5417
08/15/2019,JupiterMerian Glb Eq AbsRt I £ H Acc,1.54
08/16/2019,JupiterMerian Glb Eq AbsRt I £ H Acc,1.5422
08/17/2019,JupiterMerian Glb Eq AbsRt I £ H Acc,1.5422
08/18/2019,JupiterMerian Glb Eq AbsRt I £ H Acc,1.5422
08/19/2019,JupiterMerian Glb Eq AbsRt I £ H Acc,1.5346
08/20/2019,JupiterMerian Glb Eq AbsRt I £ H Acc,1.5356
08/21/2019,JupiterMerian Glb Eq AbsRt I £ H Acc,1.537
08/22/2019,JupiterMerian Glb Eq AbsRt I £ H Acc,1.5318
08/23/2019,JupiterMerian Glb Eq AbsRt I £ H Acc,1.5328
08/24/2019,JupiterMerian Glb Eq AbsRt I £ H Acc,1.5328
08/25/2019,JupiterMerian Glb Eq AbsRt I £ H Acc,1.5328
08/26/2019,JupiterMerian Glb Eq AbsRt I £ H Acc,1.5328
08/27/2019,JupiterMerian Glb Eq AbsRt I £ H Acc,1.5309
08/28/2019,JupiterMerian Glb Eq AbsRt I £ H Acc,1.5325
08/29/2019,JupiterMerian Glb Eq AbsRt I £ H Acc,1.5286
08/30/2019,JupiterMerian Glb Eq AbsRt I £ H Acc,1.5249
08/31/2019,JupiterMerian Glb Eq AbsRt I £ H Acc,1.5249
09/01/2019,JupiterMerian Glb Eq AbsRt I £ H Acc,1.5249
09/02/2019,JupiterMerian Glb Eq AbsRt I £ H Acc,1.532
09/03/2019,JupiterMerian Glb Eq AbsRt I £ H Acc,1.5336
09/04/2019,JupiterMerian Glb Eq AbsRt I £ H Acc,1.5295
09/05/2019,JupiterMerian Glb Eq AbsRt I £ H Acc,1.519
09/06/2019,JupiterMerian Glb Eq AbsRt I £ H Acc,1.5211
09/07/2019,JupiterMerian Glb Eq AbsRt I £ H Acc,1.5211
09/08/2019,JupiterMerian Glb Eq AbsRt I £ H Acc,1.5211
09/09/2019,JupiterMerian Glb Eq AbsRt I £ H Acc,1.5144
09/10/2019,JupiterMerian Glb Eq AbsRt I £ H Acc,1.5081
09/11/2019,JupiterMerian Glb Eq AbsRt I £ H Acc,1.5077
09/12/2019,JupiterMerian Glb Eq AbsRt I £ H Acc,1.5069
09/13/2019,JupiterMerian Glb Eq AbsRt I £ H Acc,1.4981
09/14/2019,JupiterMerian Glb Eq AbsRt I £ H Acc,1.4981
09/15/2019,JupiterMerian Glb Eq AbsRt I £ H Acc,1.4981
09/16/2019,JupiterMerian Glb Eq AbsRt I £ H Acc,1.4924
09/17/2019,JupiterMerian Glb Eq AbsRt I £ H Acc,1.4967
09/18/2019,JupiterMerian Glb Eq AbsRt I £ H Acc,1.4952
09/19/2019,JupiterMerian Glb Eq AbsRt I £ H Acc,1.493
09/20/2019,JupiterMerian Glb Eq AbsRt I £ H Acc,1.4923
09/21/2019,JupiterMerian Glb Eq AbsRt I £ H Acc,1.4923
09/22/2019,JupiterMerian Glb Eq AbsRt I £ H Acc,1.4923
09/23/2019,JupiterMerian Glb Eq AbsRt I £ H Acc,1.4992
09/24/2019,JupiterMerian Glb Eq AbsRt I £ H Acc,1.4996
09/25/2019,JupiterMerian Glb Eq AbsRt I £ H Acc,1.5035
09/26/2019,JupiterMerian Glb Eq AbsRt I £ H Acc,1.508
09/27/2019,JupiterMerian Glb Eq AbsRt I £ H Acc,1.5074
09/28/2019,JupiterMerian Glb Eq AbsRt I £ H Acc,1.5074
09/29/2019,JupiterMerian Glb Eq AbsRt I £ H Acc,1.5074
09/30/2019,JupiterMerian Glb Eq AbsRt I £ H Acc,1.5094
10/01/2019,JupiterMerian Glb Eq AbsRt I £ H Acc,1.5084
10/02/2019,JupiterMerian Glb Eq AbsRt I £ H Acc,1.503
10/03/2019,JupiterMerian Glb Eq AbsRt I £ H Acc,1.504
10/04/2019,JupiterMerian Glb Eq AbsRt I £ H Acc,1.5045
10/05/2019,JupiterMerian Glb Eq AbsRt I £ H Acc,1.5045
10/06/2019,JupiterMerian Glb Eq AbsRt I £ H Acc,1.5045
10/07/2019,JupiterMerian Glb Eq AbsRt I £ H Acc,1.4965
10/08/2019,JupiterMerian Glb Eq AbsRt I £ H Acc,1.492
10/09/2019,JupiterMerian Glb Eq AbsRt I £ H Acc,1.49
10/10/2019,JupiterMerian Glb Eq AbsRt I £ H Acc,1.4862
10/11/2019,JupiterMerian Glb Eq AbsRt I £ H Acc,1.488
10/12/2019,JupiterMerian Glb Eq AbsRt I £ H Acc,1.488
10/13/2019,JupiterMerian Glb Eq AbsRt I £ H Acc,1.488
10/14/2019,JupiterMerian Glb Eq AbsRt I £ H Acc,1.4841
10/15/2019,JupiterMerian Glb Eq AbsRt I £ H Acc,1.4863
10/16/2019,JupiterMerian Glb Eq AbsRt I £ H Acc,1.4802
10/17/2019,JupiterMerian Glb Eq AbsRt I £ H Acc,1.4828
10/18/2019,JupiterMerian Glb Eq AbsRt I £ H Acc,1.484
10/19/2019,JupiterMerian Glb Eq AbsRt I £ H Acc,1.484
10/20/2019,JupiterMerian Glb Eq AbsRt I £ H Acc,1.484
10/21/2019,JupiterMerian Glb Eq AbsRt I £ H Acc,1.4829
10/22/2019,JupiterMerian Glb Eq AbsRt I £ H Acc,1.4791
10/23/2019,JupiterMerian Glb Eq AbsRt I £ H Acc,1.4819
10/24/2019,JupiterMerian Glb Eq AbsRt I £ H Acc,1.4831
10/25/2019,JupiterMerian Glb Eq AbsRt I £ H Acc,1.4809
10/26/2019,JupiterMerian Glb Eq AbsRt I £ H Acc,1.4809
10/27/2019,JupiterMerian Glb Eq AbsRt I £ H Acc,1.4809
10/28/2019,JupiterMerian Glb Eq AbsRt I £ H Acc,1.4809
10/29/2019,JupiterMerian Glb Eq AbsRt I £ H Acc,1.4828
10/30/2019,JupiterMerian Glb Eq AbsRt I £ H Acc,1.4858
10/31/2019,JupiterMerian Glb Eq AbsRt I £ H Acc,1.4882
11/01/2019,JupiterMerian Glb Eq AbsRt I £ H Acc,1.4863
11/02/2019,JupiterMerian Glb Eq AbsRt I £ H Acc,1.4863
11/03/2019,JupiterMerian Glb Eq AbsRt I £ H Acc,1.4863
11/04/2019,JupiterMerian Glb Eq AbsRt I £ H Acc,1.4858
11/05/2019,JupiterMerian Glb Eq AbsRt I £ H Acc,1.4862
11/06/2019,JupiterMerian Glb Eq AbsRt I £ H Acc,1.4888
11/07/2019,JupiterMerian Glb Eq AbsRt I £ H Acc,1.4877
11/08/2019,JupiterMerian Glb Eq AbsRt I £ H Acc,1.4771
11/09/2019,JupiterMerian Glb Eq AbsRt I £ H Acc,1.4771
11/10/2019,JupiterMerian Glb Eq AbsRt I £ H Acc,1.4771
11/11/2019,JupiterMerian Glb Eq AbsRt I £ H Acc,1.4783
11/12/2019,JupiterMerian Glb Eq AbsRt I £ H Acc,1.4815
11/13/2019,JupiterMerian Glb Eq AbsRt I £ H Acc,1.4835
11/14/2019,JupiterMerian Glb Eq AbsRt I £ H Acc,1.4824
11/15/2019,JupiterMerian Glb Eq AbsRt I £ H Acc,1.4823
11/16/2019,JupiterMerian Glb Eq AbsRt I £ H Acc,1.4823
11/17/2019,JupiterMerian Glb Eq AbsRt I £ H Acc,1.4823
11/18/2019,JupiterMerian Glb Eq AbsRt I £ H Acc,1.4845
11/19/2019,JupiterMerian Glb Eq AbsRt I £ H Acc,1.4799
11/20/2019,JupiterMerian Glb Eq AbsRt I £ H Acc,1.4777
11/21/2019,JupiterMerian Glb Eq AbsRt I £ H Acc,1.4717
11/22/2019,JupiterMerian Glb Eq AbsRt I £ H Acc,1.4781
11/23/2019,JupiterMerian Glb Eq AbsRt I £ H Acc,1.4781
11/24/2019,JupiterMerian Glb Eq AbsRt I £ H Acc,1.4781
11/25/2019,JupiterMerian Glb Eq AbsRt I £ H Acc,1.4812
11/26/2019,JupiterMerian Glb Eq AbsRt I £ H Acc,1.48
11/27/2019,JupiterMerian Glb Eq AbsRt I £ H Acc,1.4816
11/28/2019,JupiterMerian Glb Eq AbsRt I £ H Acc,1.4801
11/29/2019,JupiterMerian Glb Eq AbsRt I £ H Acc,1.4799
11/30/2019,JupiterMerian Glb Eq AbsRt I £ H Acc,1.4799
12/01/2019,JupiterMerian Glb Eq AbsRt I £ H Acc,1.4799
12/02/2019,JupiterMerian Glb Eq AbsRt I £ H Acc,1.4792
12/03/2019,JupiterMerian Glb Eq AbsRt I £ H Acc,1.4757
12/04/2019,JupiterMerian Glb Eq AbsRt I £ H Acc,1.47
12/05/2019,JupiterMerian Glb Eq AbsRt I £ H Acc,1.4799
12/06/2019,JupiterMerian Glb Eq AbsRt I £ H Acc,1.4785
12/07/2019,JupiterMerian Glb Eq AbsRt I £ H Acc,1.4785
12/08/2019,JupiterMerian Glb Eq AbsRt I £ H Acc,1.4785
12/09/2019,JupiterMerian Glb Eq AbsRt I £ H Acc,1.4792
12/10/2019,JupiterMerian Glb Eq AbsRt I £ H Acc,1.4766
12/11/2019,JupiterMerian Glb Eq AbsRt I £ H Acc,1.4792
12/12/2019,JupiterMerian Glb Eq AbsRt I £ H Acc,1.4818
12/13/2019,JupiterMerian Glb Eq AbsRt I £ H Acc,1.4792
12/14/2019,JupiterMerian Glb Eq AbsRt I £ H Acc,1.4792
12/15/2019,JupiterMerian Glb Eq AbsRt I £ H Acc,1.4792
12/16/2019,JupiterMerian Glb Eq AbsRt I £ H Acc,1.4698
12/17/2019,JupiterMerian Glb Eq AbsRt I £ H Acc,1.4692
12/18/2019,JupiterMerian Glb Eq AbsRt I £ H Acc,1.4691
12/19/2019,JupiterMerian Glb Eq AbsRt I £ H Acc,1.468
12/20/2019,JupiterMerian Glb Eq AbsRt I £ H Acc,1.4632
12/21/2019,JupiterMerian Glb Eq AbsRt I £ H Acc,1.4632
12/22/2019,JupiterMerian Glb Eq AbsRt I £ H Acc,1.4632
12/23/2019,JupiterMerian Glb Eq AbsRt I £ H Acc,1.4592
12/24/2019,JupiterMerian Glb Eq AbsRt I £ H Acc,1.4581
12/25/2019,JupiterMerian Glb Eq AbsRt I £ H Acc,1.4581
12/26/2019,JupiterMerian Glb Eq AbsRt I £ H Acc,1.4581
12/27/2019,JupiterMerian Glb Eq AbsRt I £ H Acc,1.4581
12/28/2019,JupiterMerian Glb Eq AbsRt I £ H Acc,1.4581
12/29/2019,JupiterMerian Glb Eq AbsRt I £ H Acc,1.4581
12/30/2019,JupiterMerian Glb Eq AbsRt I £ H Acc,1.4495
12/31/2019,JupiterMerian Glb Eq AbsRt I £ H Acc,1.451
01/01/2020,JupiterMerian Glb Eq AbsRt I £ H Acc,1.451
01/02/2020,JupiterMerian Glb Eq AbsRt I £ H Acc,1.4552
01/03/2020,JupiterMerian Glb Eq AbsRt I £ H Acc,1.4563
01/04/2020,JupiterMerian Glb Eq AbsRt I £ H Acc,1.4563
01/05/2020,JupiterMerian Glb Eq AbsRt I £ H Acc,1.4563
01/06/2020,JupiterMerian Glb Eq AbsRt I £ H Acc,1.4575
01/07/2020,JupiterMerian Glb Eq AbsRt I £ H Acc,1.4587
01/08/2020,JupiterMerian Glb Eq AbsRt I £ H Acc,1.4637
01/09/2020,JupiterMerian Glb Eq AbsRt I £ H Acc,1.4681
01/10/2020,JupiterMerian Glb Eq AbsRt I £ H Acc,1.4688
01/11/2020,JupiterMerian Glb Eq AbsRt I £ H Acc,1.4688
01/12/2020,JupiterMerian Glb Eq AbsRt I £ H Acc,1.4688
01/13/2020,JupiterMerian Glb Eq AbsRt I £ H Acc,1.4708
01/14/2020,JupiterMerian Glb Eq AbsRt I £ H Acc,1.4728
01/15/2020,JupiterMerian Glb Eq AbsRt I £ H Acc,1.4742
01/16/2020,JupiterMerian Glb Eq AbsRt I £ H Acc,1.4746
01/17/2020,JupiterMerian Glb Eq AbsRt I £ H Acc,1.4807
01/18/2020,JupiterMerian Glb Eq AbsRt I £ H Acc,1.4807
01/19/2020,JupiterMerian Glb Eq AbsRt I £ H Acc,1.4807
01/20/2020,JupiterMerian Glb Eq AbsRt I £ H Acc,1.4804
01/21/2020,JupiterMerian Glb Eq AbsRt I £ H Acc,1.4793
01/22/2020,JupiterMerian Glb Eq AbsRt I £ H Acc,1.4795
01/23/2020,JupiterMerian Glb Eq AbsRt I £ H Acc,1.4796
01/24/2020,JupiterMerian Glb Eq AbsRt I £ H Acc,1.4786
01/25/2020,JupiterMerian Glb Eq AbsRt I £ H Acc,1.4786
01/26/2020,JupiterMerian Glb Eq AbsRt I £ H Acc,1.4786
01/27/2020,JupiterMerian Glb Eq AbsRt I £ H Acc,1.4735
01/28/2020,JupiterMerian Glb Eq AbsRt I £ H Acc,1.472
01/29/2020,JupiterMerian Glb Eq AbsRt I £ H Acc,1.473
01/30/2020,JupiterMerian Glb Eq AbsRt I £ H Acc,1.4686
01/31/2020,JupiterMerian Glb Eq AbsRt I £ H Acc,1.4647
02/01/2020,JupiterMerian Glb Eq AbsRt I £ H Acc,1.4647
02/02/2020,JupiterMerian Glb Eq AbsRt I £ H Acc,1.4647
02/03/2020,JupiterMerian Glb Eq AbsRt I £ H Acc,1.4595
02/04/2020,JupiterMerian Glb Eq AbsRt I £ H Acc,1.4626
02/05/2020,JupiterMerian Glb Eq AbsRt I £ H Acc,1.4614
02/06/2020,JupiterMerian Glb Eq AbsRt I £ H Acc,1.4583
02/07/2020,JupiterMerian Glb Eq AbsRt I £ H Acc,1.4603
02/08/2020,JupiterMerian Glb Eq AbsRt I £ H Acc,1.4603
02/09/2020,JupiterMerian Glb Eq AbsRt I £ H Acc,1.4603
02/10/2020,JupiterMerian Glb Eq AbsRt I £ H Acc,1.4638
02/11/2020,JupiterMerian Glb Eq AbsRt I £ H Acc,1.4599
02/12/2020,JupiterMerian Glb Eq AbsRt I £ H Acc,1.4602
02/13/2020,JupiterMerian Glb Eq AbsRt I £ H Acc,1.459
02/14/2020,JupiterMerian Glb Eq AbsRt I £ H Acc,1.4608
02/15/2020,JupiterMerian Glb Eq AbsRt I £ H Acc,1.4608
02/16/2020,JupiterMerian Glb Eq AbsRt I £ H Acc,1.4608
02/17/2020,JupiterMerian Glb Eq AbsRt I £ H Acc,1.4635
02/18/2020,JupiterMerian Glb Eq AbsRt I £ H Acc,1.4574
02/19/2020,JupiterMerian Glb Eq AbsRt I £ H Acc,1.464
02/20/2020,JupiterMerian Glb Eq AbsRt I £ H Acc,1.4599
02/21/2020,JupiterMerian Glb Eq AbsRt I £ H Acc,1.4535
02/22/2020,JupiterMerian Glb Eq AbsRt I £ H Acc,1.4535
02/23/2020,JupiterMerian Glb Eq AbsRt I £ H Acc,1.4535
02/24/2020,JupiterMerian Glb Eq AbsRt I £ H Acc,1.4485
02/25/2020,JupiterMerian Glb Eq AbsRt I £ H Acc,1.4492
02/26/2020,JupiterMerian Glb Eq AbsRt I £ H Acc,1.4483
02/27/2020,JupiterMerian Glb Eq AbsRt I £ H Acc,1.4477
02/28/2020,JupiterMerian Glb Eq AbsRt I £ H Acc,1.4441
02/29/2020,JupiterMerian Glb Eq AbsRt I £ H Acc,1.4441
03/01/2020,JupiterMerian Glb Eq AbsRt I £ H Acc,1.4441
03/02/2020,JupiterMerian Glb Eq AbsRt I £ H Acc,1.439
03/03/2020,JupiterMerian Glb Eq AbsRt I £ H Acc,1.4362
03/04/2020,JupiterMerian Glb Eq AbsRt I £ H Acc,1.4358
03/05/2020,JupiterMerian Glb Eq AbsRt I £ H Acc,1.4311
03/06/2020,JupiterMerian Glb Eq AbsRt I £ H Acc,1.4288
03/07/2020,JupiterMerian Glb Eq AbsRt I £ H Acc,1.4288
03/08/2020,JupiterMerian Glb Eq AbsRt I £ H Acc,1.4288
03/09/2020,JupiterMerian Glb Eq AbsRt I £ H Acc,1.4277
03/10/2020,JupiterMerian Glb Eq AbsRt I £ H Acc,1.4247
03/11/2020,JupiterMerian Glb Eq AbsRt I £ H Acc,1.425
03/12/2020,JupiterMerian Glb Eq AbsRt I £ H Acc,1.4246
03/13/2020,JupiterMerian Glb Eq AbsRt I £ H Acc,1.4218
03/14/2020,JupiterMerian Glb Eq AbsRt I £ H Acc,1.4218
03/15/2020,JupiterMerian Glb Eq AbsRt I £ H Acc,1.4218
03/16/2020,JupiterMerian Glb Eq AbsRt I £ H Acc,1.4085
03/17/2020,JupiterMerian Glb Eq AbsRt I £ H Acc,1.4085
03/18/2020,JupiterMerian Glb Eq AbsRt I £ H Acc,1.3809
03/19/2020,JupiterMerian Glb Eq AbsRt I £ H Acc,1.3759
03/20/2020,JupiterMerian Glb Eq AbsRt I £ H Acc,1.3826
03/21/2020,JupiterMerian Glb Eq AbsRt I £ H Acc,1.3826
03/22/2020,JupiterMerian Glb Eq AbsRt I £ H Acc,1.3826
03/23/2020,JupiterMerian Glb Eq AbsRt I £ H Acc,1.3744
03/24/2020,JupiterMerian Glb Eq AbsRt I £ H Acc,1.384
03/25/2020,JupiterMerian Glb Eq AbsRt I £ H Acc,1.3912
03/26/2020,JupiterMerian Glb Eq AbsRt I £ H Acc,1.3893
03/27/2020,JupiterMerian Glb Eq AbsRt I £ H Acc,1.3941
03/28/2020,JupiterMerian Glb Eq AbsRt I £ H Acc,1.3941
03/29/2020,JupiterMerian Glb Eq AbsRt I £ H Acc,1.3941
03/30/2020,JupiterMerian Glb Eq AbsRt I £ H Acc,1.3983
03/31/2020,JupiterMerian Glb Eq AbsRt I £ H Acc,1.4069
04/01/2020,JupiterMerian Glb Eq AbsRt I £ H Acc,1.3998
04/02/2020,JupiterMerian Glb Eq AbsRt I £ H Acc,1.4028
04/03/2020,JupiterMerian Glb Eq AbsRt I £ H Acc,1.406
04/04/2020,JupiterMerian Glb Eq AbsRt I £ H Acc,1.406
04/05/2020,JupiterMerian Glb Eq AbsRt I £ H Acc,1.406
04/06/2020,JupiterMerian Glb Eq AbsRt I £ H Acc,1.4202
04/07/2020,JupiterMerian Glb Eq AbsRt I £ H Acc,1.4234
04/08/2020,JupiterMerian Glb Eq AbsRt I £ H Acc,1.4185
04/09/2020,JupiterMerian Glb Eq AbsRt I £ H Acc,1.415
04/10/2020,JupiterMerian Glb Eq AbsRt I £ H Acc,1.415
04/11/2020,JupiterMerian Glb Eq AbsRt I £ H Acc,1.415
04/12/2020,JupiterMerian Glb Eq AbsRt I £ H Acc,1.415
04/13/2020,JupiterMerian Glb Eq AbsRt I £ H Acc,1.415
04/14/2020,JupiterMerian Glb Eq AbsRt I £ H Acc,1.4094
04/15/2020,JupiterMerian Glb Eq AbsRt I £ H Acc,1.3992
04/16/2020,JupiterMerian Glb Eq AbsRt I £ H Acc,1.4019
04/17/2020,JupiterMerian Glb Eq AbsRt I £ H Acc,1.4043
04/18/2020,JupiterMerian Glb Eq AbsRt I £ H Acc,1.4043
04/19/2020,JupiterMerian Glb Eq AbsRt I £ H Acc,1.4043
04/20/2020,JupiterMerian Glb Eq AbsRt I £ H Acc,1.3976
04/21/2020,JupiterMerian Glb Eq AbsRt I £ H Acc,1.3958
04/22/2020,JupiterMerian Glb Eq AbsRt I £ H Acc,1.3968
04/23/2020,JupiterMerian Glb Eq AbsRt I £ H Acc,1.4018
04/24/2020,JupiterMerian Glb Eq AbsRt I £ H Acc,1.4035
04/25/2020,JupiterMerian Glb Eq AbsRt I £ H Acc,1.4035
04/26/2020,JupiterMerian Glb Eq AbsRt I £ H Acc,1.4035
04/27/2020,JupiterMerian Glb Eq AbsRt I £ H Acc,1.4004
04/28/2020,JupiterMerian Glb Eq AbsRt I £ H Acc,1.3992
04/29/2020,JupiterMerian Glb Eq AbsRt I £ H Acc,1.3974
04/30/2020,JupiterMerian Glb Eq AbsRt I £ H Acc,1.3945
05/01/2020,JupiterMerian Glb Eq AbsRt I £ H Acc,1.3884
05/02/2020,JupiterMerian Glb Eq AbsRt I £ H Acc,1.3884
05/03/2020,JupiterMerian Glb Eq AbsRt I £ H Acc,1.3884
05/04/2020,JupiterMerian Glb Eq AbsRt I £ H Acc,1.3884
05/05/2020,JupiterMerian Glb Eq AbsRt I £ H Acc,1.3871
05/06/2020,JupiterMerian Glb Eq AbsRt I £ H Acc,1.3882
05/07/2020,JupiterMerian Glb Eq AbsRt I £ H Acc,1.3855
05/08/2020,JupiterMerian Glb Eq AbsRt I £ H Acc,1.3855
05/09/2020,JupiterMerian Glb Eq AbsRt I £ H Acc,1.3855
05/10/2020,JupiterMerian Glb Eq AbsRt I £ H Acc,1.3855
05/11/2020,JupiterMerian Glb Eq AbsRt I £ H Acc,1.3804
05/12/2020,JupiterMerian Glb Eq AbsRt I £ H Acc,1.3812
05/13/2020,JupiterMerian Glb Eq AbsRt I £ H Acc,1.3714
05/14/2020,JupiterMerian Glb Eq AbsRt I £ H Acc,1.3715
05/15/2020,JupiterMerian Glb Eq AbsRt I £ H Acc,1.3793
05/16/2020,JupiterMerian Glb Eq AbsRt I £ H Acc,1.3793
05/17/2020,JupiterMerian Glb Eq AbsRt I £ H Acc,1.3793
05/18/2020,JupiterMerian Glb Eq AbsRt I £ H Acc,1.3728
05/19/2020,JupiterMerian Glb Eq AbsRt I £ H Acc,1.3746
05/20/2020,JupiterMerian Glb Eq AbsRt I £ H Acc,1.3689
05/21/2020,JupiterMerian Glb Eq AbsRt I £ H Acc,1.3673
05/22/2020,JupiterMerian Glb Eq AbsRt I £ H Acc,1.365
05/23/2020,JupiterMerian Glb Eq AbsRt I £ H Acc,1.365
05/24/2020,JupiterMerian Glb Eq AbsRt I £ H Acc,1.365
05/25/2020,JupiterMerian Glb Eq AbsRt I £ H Acc,1.365
05/26/2020,JupiterMerian Glb Eq AbsRt I £ H Acc,1.3627
05/27/2020,JupiterMerian Glb Eq AbsRt I £ H Acc,1.3699
05/28/2020,JupiterMerian Glb Eq AbsRt I £ H Acc,1.3778
05/29/2020,JupiterMerian Glb Eq AbsRt I £ H Acc,1.3741
05/30/2020,JupiterMerian Glb Eq AbsRt I £ H Acc,1.3741
05/31/2020,JupiterMerian Glb Eq AbsRt I £ H Acc,1.3741
06/01/2020,JupiterMerian Glb Eq AbsRt I £ H Acc,1.3741
06/02/2020,JupiterMerian Glb Eq AbsRt I £ H Acc,1.3741
06/03/2020,JupiterMerian Glb Eq AbsRt I £ H Acc,1.3684
06/04/2020,JupiterMerian Glb Eq AbsRt I £ H Acc,1.3686
06/05/2020,JupiterMerian Glb Eq AbsRt I £ H Acc,1.3702
06/06/2020,JupiterMerian Glb Eq AbsRt I £ H Acc,1.3702
06/07/2020,JupiterMerian Glb Eq AbsRt I £ H Acc,1.3702
06/08/2020,JupiterMerian Glb Eq AbsRt I £ H Acc,1.3712
06/09/2020,JupiterMerian Glb Eq AbsRt I £ H Acc,1.3674
06/10/2020,JupiterMerian Glb Eq AbsRt I £ H Acc,1.3702
06/11/2020,JupiterMerian Glb Eq AbsRt I £ H Acc,1.3715
06/12/2020,JupiterMerian Glb Eq AbsRt I £ H Acc,1.3681
06/13/2020,JupiterMerian Glb Eq AbsRt I £ H Acc,1.3681
06/14/2020,JupiterMerian Glb Eq AbsRt I £ H Acc,1.3681
06/15/2020,JupiterMerian Glb Eq AbsRt I £ H Acc,1.3708
06/16/2020,JupiterMerian Glb Eq AbsRt I £ H Acc,1.3763
06/17/2020,JupiterMerian Glb Eq AbsRt I £ H Acc,1.3802
06/18/2020,JupiterMerian Glb Eq AbsRt I £ H Acc,1.377
06/19/2020,JupiterMerian Glb Eq AbsRt I £ H Acc,1.3766
06/20/2020,JupiterMerian Glb Eq AbsRt I £ H Acc,1.3766
06/21/2020,JupiterMerian Glb Eq AbsRt I £ H Acc,1.3766
06/22/2020,JupiterMerian Glb Eq AbsRt I £ H Acc,1.3838
06/23/2020,JupiterMerian Glb Eq AbsRt I £ H Acc,1.3897
06/24/2020,JupiterMerian Glb Eq AbsRt I £ H Acc,1.3888
06/25/2020,JupiterMerian Glb Eq AbsRt I £ H Acc,1.3868
06/26/2020,JupiterMerian Glb Eq AbsRt I £ H Acc,1.3872
06/27/2020,JupiterMerian Glb Eq AbsRt I £ H Acc,1.3872
06/28/2020,JupiterMerian Glb Eq AbsRt I £ H Acc,1.3872
06/29/2020,JupiterMerian Glb Eq AbsRt I £ H Acc,1.3854
06/30/2020,JupiterMerian Glb Eq AbsRt I £ H Acc,1.3914
07/01/2020,JupiterMerian Glb Eq AbsRt I £ H Acc,1.3965
07/02/2020,JupiterMerian Glb Eq AbsRt I £ H Acc,1.3956
07/03/2020,JupiterMerian Glb Eq AbsRt I £ H Acc,1.3928
07/04/2020,JupiterMerian Glb Eq AbsRt I £ H Acc,1.3928
07/05/2020,JupiterMerian Glb Eq AbsRt I £ H Acc,1.3928
07/06/2020,JupiterMerian Glb Eq AbsRt I £ H Acc,1.3968
07/07/2020,JupiterMerian Glb Eq AbsRt I £ H Acc,1.4038
07/08/2020,JupiterMerian Glb Eq AbsRt I £ H Acc,1.4021
07/09/2020,JupiterMerian Glb Eq AbsRt I £ H Acc,1.41
07/10/2020,JupiterMerian Glb Eq AbsRt I £ H Acc,1.4114
07/11/2020,JupiterMerian Glb Eq AbsRt I £ H Acc,1.4114
07/12/2020,JupiterMerian Glb Eq AbsRt I £ H Acc,1.4114
07/13/2020,JupiterMerian Glb Eq AbsRt I £ H Acc,1.4097
07/14/2020,JupiterMerian Glb Eq AbsRt I £ H Acc,1.4088
07/15/2020,JupiterMerian Glb Eq AbsRt I £ H Acc,1.4082
07/16/2020,JupiterMerian Glb Eq AbsRt I £ H Acc,1.4052
07/17/2020,JupiterMerian Glb Eq AbsRt I £ H Acc,1.4076
07/18/2020,JupiterMerian Glb Eq AbsRt I £ H Acc,1.4076
07/19/2020,JupiterMerian Glb Eq AbsRt I £ H Acc,1.4076
07/20/2020,JupiterMerian Glb Eq AbsRt I £ H Acc,1.4104
07/21/2020,JupiterMerian Glb Eq AbsRt I £ H Acc,1.41
07/22/2020,JupiterMerian Glb Eq AbsRt I £ H Acc,1.4139
07/23/2020,JupiterMerian Glb Eq AbsRt I £ H Acc,1.4117
07/24/2020,JupiterMerian Glb Eq AbsRt I £ H Acc,1.4097
07/25/2020,JupiterMerian Glb Eq AbsRt I £ H Acc,1.4097
07/26/2020,JupiterMerian Glb Eq AbsRt I £ H Acc,1.4097
07/27/2020,JupiterMerian Glb Eq AbsRt I £ H Acc,1.411
07/28/2020,JupiterMerian Glb Eq AbsRt I £ H Acc,1.4139
07/29/2020,JupiterMerian Glb Eq AbsRt I £ H Acc,1.4068
07/30/2020,JupiterMerian Glb Eq AbsRt I £ H Acc,1.4004
07/31/2020,JupiterMerian Glb Eq AbsRt I £ H Acc,1.401
08/01/2020,JupiterMerian Glb Eq AbsRt I £ H Acc,1.401
08/02/2020,JupiterMerian Glb Eq AbsRt I £ H Acc,1.401
08/03/2020,JupiterMerian Glb Eq AbsRt I £ H Acc,1.401
08/04/2020,JupiterMerian Glb Eq AbsRt I £ H Acc,1.413
08/05/2020,JupiterMerian Glb Eq AbsRt I £ H Acc,1.4139
08/06/2020,JupiterMerian Glb Eq AbsRt I £ H Acc,1.4099
08/07/2020,JupiterMerian Glb Eq AbsRt I £ H Acc,1.4043
08/08/2020,JupiterMerian Glb Eq AbsRt I £ H Acc,1.4043
08/09/2020,JupiterMerian Glb Eq AbsRt I £ H Acc,1.4043
08/10/2020,JupiterMerian Glb Eq AbsRt I £ H Acc,1.4009
08/11/2020,JupiterMerian Glb Eq AbsRt I £ H Acc,1.3973
08/12/2020,JupiterMerian Glb Eq AbsRt I £ H Acc,1.3963
08/13/2020,JupiterMerian Glb Eq AbsRt I £ H Acc,1.395
08/14/2020,JupiterMerian Glb Eq AbsRt I £ H Acc,1.3926
08/15/2020,JupiterMerian Glb Eq AbsRt I £ H Acc,1.3926
08/16/2020,JupiterMerian Glb Eq AbsRt I £ H Acc,1.3926
08/17/2020,JupiterMerian Glb Eq AbsRt I £ H Acc,1.3999
08/18/2020,JupiterMerian Glb Eq AbsRt I £ H Acc,1.3949
08/19/2020,JupiterMerian Glb Eq AbsRt I £ H Acc,1.3917
08/20/2020,JupiterMerian Glb Eq AbsRt I £ H Acc,1.3913
08/21/2020,JupiterMerian Glb Eq AbsRt I £ H Acc,1.3908
08/22/2020,JupiterMerian Glb Eq AbsRt I £ H Acc,1.3908
08/23/2020,JupiterMerian Glb Eq AbsRt I £ H Acc,1.3908
08/24/2020,JupiterMerian Glb Eq AbsRt I £ H Acc,1.3951
08/25/2020,JupiterMerian Glb Eq AbsRt I £ H Acc,1.3941
08/26/2020,JupiterMerian Glb Eq AbsRt I £ H Acc,1.393
08/27/2020,JupiterMerian Glb Eq AbsRt I £ H Acc,1.3944
08/28/2020,JupiterMerian Glb Eq AbsRt I £ H Acc,1.3897
08/29/2020,JupiterMerian Glb Eq AbsRt I £ H Acc,1.3897
08/30/2020,JupiterMerian Glb Eq AbsRt I £ H Acc,1.3897
08/31/2020,JupiterMerian Glb Eq AbsRt I £ H Acc,1.3897
09/01/2020,JupiterMerian Glb Eq AbsRt I £ H Acc,1.3937
09/02/2020,JupiterMerian Glb Eq AbsRt I £ H Acc,1.3982
09/03/2020,JupiterMerian Glb Eq AbsRt I £ H Acc,1.3986
09/04/2020,JupiterMerian Glb Eq AbsRt I £ H Acc,1.3978
09/05/2020,JupiterMerian Glb Eq AbsRt I £ H Acc,1.3978
09/06/2020,JupiterMerian Glb Eq AbsRt I £ H Acc,1.3978
09/07/2020,JupiterMerian Glb Eq AbsRt I £ H Acc,1.3999
09/08/2020,JupiterMerian Glb Eq AbsRt I £ H Acc,1.3996
09/09/2020,JupiterMerian Glb Eq AbsRt I £ H Acc,1.3999
09/10/2020,JupiterMerian Glb Eq AbsRt I £ H Acc,1.3996
09/11/2020,JupiterMerian Glb Eq AbsRt I £ H Acc,1.402
09/12/2020,JupiterMerian Glb Eq AbsRt I £ H Acc,1.402
09/13/2020,JupiterMerian Glb Eq AbsRt I £ H Acc,1.402
09/14/2020,JupiterMerian Glb Eq AbsRt I £ H Acc,1.4043
09/15/2020,JupiterMerian Glb Eq AbsRt I £ H Acc,1.4077
09/16/2020,JupiterMerian Glb Eq AbsRt I £ H Acc,1.411
09/17/2020,JupiterMerian Glb Eq AbsRt I £ H Acc,1.4078
09/18/2020,JupiterMerian Glb Eq AbsRt I £ H Acc,1.409
09/19/2020,JupiterMerian Glb Eq AbsRt I £ H Acc,1.409
09/20/2020,JupiterMerian Glb Eq AbsRt I £ H Acc,1.409
09/21/2020,JupiterMerian Glb Eq AbsRt I £ H Acc,1.4052
09/22/2020,JupiterMerian Glb Eq AbsRt I £ H Acc,1.4121
09/23/2020,JupiterMerian Glb Eq AbsRt I £ H Acc,1.4116
09/24/2020,JupiterMerian Glb Eq AbsRt I £ H Acc,1.4109
09/25/2020,JupiterMerian Glb Eq AbsRt I £ H Acc,1.4106
09/26/2020,JupiterMerian Glb Eq AbsRt I £ H Acc,1.4106
09/27/2020,JupiterMerian Glb Eq AbsRt I £ H Acc,1.4106
09/28/2020,JupiterMerian Glb Eq AbsRt I £ H Acc,1.4129
09/29/2020,JupiterMerian Glb Eq AbsRt I £ H Acc,1.4167
09/30/2020,JupiterMerian Glb Eq AbsRt I £ H Acc,1.4179
10/01/2020,JupiterMerian Glb Eq AbsRt I £ H Acc,1.4269
10/02/2020,JupiterMerian Glb Eq AbsRt I £ H Acc,1.43
10/03/2020,JupiterMerian Glb Eq AbsRt I £ H Acc,1.43
10/04/2020,JupiterMerian Glb Eq AbsRt I £ H Acc,1.43
10/05/2020,JupiterMerian Glb Eq AbsRt I £ H Acc,1.43
10/06/2020,JupiterMerian Glb Eq AbsRt I £ H Acc,1.4258
10/07/2020,JupiterMerian Glb Eq AbsRt I £ H Acc,1.4232
10/08/2020,JupiterMerian Glb Eq AbsRt I £ H Acc,1.4267
10/09/2020,JupiterMerian Glb Eq AbsRt I £ H Acc,1.4318
10/10/2020,JupiterMerian Glb Eq AbsRt I £ H Acc,1.4318
10/11/2020,JupiterMerian Glb Eq AbsRt I £ H Acc,1.4318
10/12/2020,JupiterMerian Glb Eq AbsRt I £ H Acc,1.4356
10/13/2020,JupiterMerian Glb Eq AbsRt I £ H Acc,1.444
10/14/2020,JupiterMerian Glb Eq AbsRt I £ H Acc,1.4475
10/15/2020,JupiterMerian Glb Eq AbsRt I £ H Acc,1.4509
10/16/2020,JupiterMerian Glb Eq AbsRt I £ H Acc,1.4492
10/17/2020,JupiterMerian Glb Eq AbsRt I £ H Acc,1.4492
10/18/2020,JupiterMerian Glb Eq AbsRt I £ H Acc,1.4492
10/19/2020,JupiterMerian Glb Eq AbsRt I £ H Acc,1.4428
10/20/2020,JupiterMerian Glb Eq AbsRt I £ H Acc,1.4437
10/21/2020,JupiterMerian Glb Eq AbsRt I £ H Acc,1.4458
10/22/2020,JupiterMerian Glb Eq AbsRt I £ H Acc,1.4468
10/23/2020,JupiterMerian Glb Eq AbsRt I £ H Acc,1.4402
10/24/2020,JupiterMerian Glb Eq AbsRt I £ H Acc,1.4402
10/25/2020,JupiterMerian Glb Eq AbsRt I £ H Acc,1.4402
10/26/2020,JupiterMerian Glb Eq AbsRt I £ H Acc,1.4402
10/27/2020,JupiterMerian Glb Eq AbsRt I £ H Acc,1.4376
10/28/2020,JupiterMerian Glb Eq AbsRt I £ H Acc,1.4329
10/29/2020,JupiterMerian Glb Eq AbsRt I £ H Acc,1.4376
10/30/2020,JupiterMerian Glb Eq AbsRt I £ H Acc,1.4341
10/31/2020,JupiterMerian Glb Eq AbsRt I £ H Acc,1.4341
11/01/2020,JupiterMerian Glb Eq AbsRt I £ H Acc,1.4341
11/02/2020,JupiterMerian Glb Eq AbsRt I £ H Acc,1.4312
11/03/2020,JupiterMerian Glb Eq AbsRt I £ H Acc,1.4302
11/04/2020,JupiterMerian Glb Eq AbsRt I £ H Acc,1.4245
11/05/2020,JupiterMerian Glb Eq AbsRt I £ H Acc,1.4131
11/06/2020,JupiterMerian Glb Eq AbsRt I £ H Acc,1.4102
11/07/2020,JupiterMerian Glb Eq AbsRt I £ H Acc,1.4102
11/08/2020,JupiterMerian Glb Eq AbsRt I £ H Acc,1.4102
11/09/2020,JupiterMerian Glb Eq AbsRt I £ H Acc,1.4052
11/10/2020,JupiterMerian Glb Eq AbsRt I £ H Acc,1.3739
11/11/2020,JupiterMerian Glb Eq AbsRt I £ H Acc,1.3633
11/12/2020,JupiterMerian Glb Eq AbsRt I £ H Acc,1.3642
11/13/2020,JupiterMerian Glb Eq AbsRt I £ H Acc,1.3676
11/14/2020,JupiterMerian Glb Eq AbsRt I £ H Acc,1.3676
11/15/2020,JupiterMerian Glb Eq AbsRt I £ H Acc,1.3676
11/16/2020,JupiterMerian Glb Eq AbsRt I £ H Acc,1.3709
11/17/2020,JupiterMerian Glb Eq AbsRt I £ H Acc,1.3711
11/18/2020,JupiterMerian Glb Eq AbsRt I £ H Acc,1.3748
11/19/2020,JupiterMerian Glb Eq AbsRt I £ H Acc,1.3744
11/20/2020,JupiterMerian Glb Eq AbsRt I £ H Acc,1.3793
11/21/2020,JupiterMerian Glb Eq AbsRt I £ H Acc,1.3793
11/22/2020,JupiterMerian Glb Eq AbsRt I £ H Acc,1.3793
11/23/2020,JupiterMerian Glb Eq AbsRt I £ H Acc,1.3854
11/24/2020,JupiterMerian Glb Eq AbsRt I £ H Acc,1.3844
11/25/2020,JupiterMerian Glb Eq AbsRt I £ H Acc,1.3906
11/26/2020,JupiterMerian Glb Eq AbsRt I £ H Acc,1.3924
11/27/2020,JupiterMerian Glb Eq AbsRt I £ H Acc,1.3949
11/28/2020,JupiterMerian Glb Eq AbsRt I £ H Acc,1.3949
11/29/2020,JupiterMerian Glb Eq AbsRt I £ H Acc,1.3949
11/30/2020,JupiterMerian Glb Eq AbsRt I £ H Acc,1.3931
12/01/2020,JupiterMerian Glb Eq AbsRt I £ H Acc,1.3931
12/02/2020,JupiterMerian Glb Eq AbsRt I £ H Acc,1.396
12/03/2020,JupiterMerian Glb Eq AbsRt I £ H Acc,1.3978
12/04/2020,JupiterMerian Glb Eq AbsRt I £ H Acc,1.3984
12/05/2020,JupiterMerian Glb Eq AbsRt I £ H Acc,1.3984
12/06/2020,JupiterMerian Glb Eq AbsRt I £ H Acc,1.3984
12/07/2020,JupiterMerian Glb Eq AbsRt I £ H Acc,1.3973
12/08/2020,JupiterMerian Glb Eq AbsRt I £ H Acc,1.3979
12/09/2020,JupiterMerian Glb Eq AbsRt I £ H Acc,1.3987
12/10/2020,JupiterMerian Glb Eq AbsRt I £ H Acc,1.3974
12/11/2020,JupiterMerian Glb Eq AbsRt I £ H Acc,1.3943
12/12/2020,JupiterMerian Glb Eq AbsRt I £ H Acc,1.3943
12/13/2020,JupiterMerian Glb Eq AbsRt I £ H Acc,1.3943
12/14/2020,JupiterMerian Glb Eq AbsRt I £ H Acc,1.394
12/15/2020,JupiterMerian Glb Eq AbsRt I £ H Acc,1.3921
12/16/2020,JupiterMerian Glb Eq AbsRt I £ H Acc,1.3952
12/17/2020,JupiterMerian Glb Eq AbsRt I £ H Acc,1.397
12/18/2020,JupiterMerian Glb Eq AbsRt I £ H Acc,1.3997
12/19/2020,JupiterMerian Glb Eq AbsRt I £ H Acc,1.3997
12/20/2020,JupiterMerian Glb Eq AbsRt I £ H Acc,1.3997
12/21/2020,JupiterMerian Glb Eq AbsRt I £ H Acc,1.4046
12/22/2020,JupiterMerian Glb Eq AbsRt I £ H Acc,1.4016
12/23/2020,JupiterMerian Glb Eq AbsRt I £ H Acc,1.4054
12/24/2020,JupiterMerian Glb Eq AbsRt I £ H Acc,1.4096
12/25/2020,JupiterMerian Glb Eq AbsRt I £ H Acc,1.4096
12/26/2020,JupiterMerian Glb Eq AbsRt I £ H Acc,1.4096
12/27/2020,JupiterMerian Glb Eq AbsRt I £ H Acc,1.4096
12/28/2020,JupiterMerian Glb Eq AbsRt I £ H Acc,1.4096
12/29/2020,JupiterMerian Glb Eq AbsRt I £ H Acc,1.4096
12/30/2020,JupiterMerian Glb Eq AbsRt I £ H Acc,1.4122
12/31/2020,JupiterMerian Glb Eq AbsRt I £ H Acc,1.4131
01/01/2021,JupiterMerian Glb Eq AbsRt I £ H Acc,1.4131
01/02/2021,JupiterMerian Glb Eq AbsRt I £ H Acc,1.4131
01/03/2021,JupiterMerian Glb Eq AbsRt I £ H Acc,1.4131
01/04/2021,JupiterMerian Glb Eq AbsRt I £ H Acc,1.4141
01/05/2021,JupiterMerian Glb Eq AbsRt I £ H Acc,1.4221
01/06/2021,JupiterMerian Glb Eq AbsRt I £ H Acc,1.4293
01/07/2021,JupiterMerian Glb Eq AbsRt I £ H Acc,1.4394
01/08/2021,JupiterMerian Glb Eq AbsRt I £ H Acc,1.4383
01/09/2021,JupiterMerian Glb Eq AbsRt I £ H Acc,1.4383
01/10/2021,JupiterMerian Glb Eq AbsRt I £ H Acc,1.4383
01/11/2021,JupiterMerian Glb Eq AbsRt I £ H Acc,1.447
01/12/2021,JupiterMerian Glb Eq AbsRt I £ H Acc,1.4538
01/13/2021,JupiterMerian Glb Eq AbsRt I £ H Acc,1.4562
01/14/2021,JupiterMerian Glb Eq AbsRt I £ H Acc,1.4545
01/15/2021,JupiterMerian Glb Eq AbsRt I £ H Acc,1.4558
01/16/2021,JupiterMerian Glb Eq AbsRt I £ H Acc,1.4558
01/17/2021,JupiterMerian Glb Eq AbsRt I £ H Acc,1.4558
01/18/2021,JupiterMerian Glb Eq AbsRt I £ H Acc,1.4591
01/19/2021,JupiterMerian Glb Eq AbsRt I £ H Acc,1.4588
01/20/2021,JupiterMerian Glb Eq AbsRt I £ H Acc,1.4609
01/21/2021,JupiterMerian Glb Eq AbsRt I £ H Acc,1.4652
01/22/2021,JupiterMerian Glb Eq AbsRt I £ H Acc,1.4703
01/23/2021,JupiterMerian Glb Eq AbsRt I £ H Acc,1.4703
01/24/2021,JupiterMerian Glb Eq AbsRt I £ H Acc,1.4703
01/25/2021,JupiterMerian Glb Eq AbsRt I £ H Acc,1.4736
01/26/2021,JupiterMerian Glb Eq AbsRt I £ H Acc,1.4721
01/27/2021,JupiterMerian Glb Eq AbsRt I £ H Acc,1.4821
01/28/2021,JupiterMerian Glb Eq AbsRt I £ H Acc,1.4838
01/29/2021,JupiterMerian Glb Eq AbsRt I £ H Acc,1.4821
01/30/2021,JupiterMerian Glb Eq AbsRt I £ H Acc,1.4821
01/31/2021,JupiterMerian Glb Eq AbsRt I £ H Acc,1.4821
02/01/2021,JupiterMerian Glb Eq AbsRt I £ H Acc,1.4879
02/02/2021,JupiterMerian Glb Eq AbsRt I £ H Acc,1.4792
02/03/2021,JupiterMerian Glb Eq AbsRt I £ H Acc,1.4776
02/04/2021,JupiterMerian Glb Eq AbsRt I £ H Acc,1.4818
02/05/2021,JupiterMerian Glb Eq AbsRt I £ H Acc,1.4745
02/06/2021,JupiterMerian Glb Eq AbsRt I £ H Acc,1.4745
02/07/2021,JupiterMerian Glb Eq AbsRt I £ H Acc,1.4745
02/08/2021,JupiterMerian Glb Eq AbsRt I £ H Acc,1.4819
02/09/2021,JupiterMerian Glb Eq AbsRt I £ H Acc,1.4805
02/10/2021,JupiterMerian Glb Eq AbsRt I £ H Acc,1.485
02/11/2021,JupiterMerian Glb Eq AbsRt I £ H Acc,1.4875
02/12/2021,JupiterMerian Glb Eq AbsRt I £ H Acc,1.486
02/13/2021,JupiterMerian Glb Eq AbsRt I £ H Acc,1.486
02/14/2021,JupiterMerian Glb Eq AbsRt I £ H Acc,1.486
02/15/2021,JupiterMerian Glb Eq AbsRt I £ H Acc,1.4862
02/16/2021,JupiterMerian Glb Eq AbsRt I £ H Acc,1.4879
02/17/2021,JupiterMerian Glb Eq AbsRt I £ H Acc,1.4901
02/18/2021,JupiterMerian Glb Eq AbsRt I £ H Acc,1.4947
02/19/2021,JupiterMerian Glb Eq AbsRt I £ H Acc,1.4944
02/20/2021,JupiterMerian Glb Eq AbsRt I £ H Acc,1.4944
02/21/2021,JupiterMerian Glb Eq AbsRt I £ H Acc,1.4944
02/22/2021,JupiterMerian Glb Eq AbsRt I £ H Acc,1.4856
02/23/2021,JupiterMerian Glb Eq AbsRt I £ H Acc,1.4731
02/24/2021,JupiterMerian Glb Eq AbsRt I £ H Acc,1.47
02/25/2021,JupiterMerian Glb Eq AbsRt I £ H Acc,1.4758
02/26/2021,JupiterMerian Glb Eq AbsRt I £ H Acc,1.4769
02/27/2021,JupiterMerian Glb Eq AbsRt I £ H Acc,1.4769
02/28/2021,JupiterMerian Glb Eq AbsRt I £ H Acc,1.4769
03/01/2021,JupiterMerian Glb Eq AbsRt I £ H Acc,1.4802
03/02/2021,JupiterMerian Glb Eq AbsRt I £ H Acc,1.482
03/03/2021,JupiterMerian Glb Eq AbsRt I £ H Acc,1.491
03/04/2021,JupiterMerian Glb Eq AbsRt I £ H Acc,1.4925
03/05/2021,JupiterMerian Glb Eq AbsRt I £ H Acc,1.4977
03/06/2021,JupiterMerian Glb Eq AbsRt I £ H Acc,1.4977
03/07/2021,JupiterMerian Glb Eq AbsRt I £ H Acc,1.4977
03/08/2021,JupiterMerian Glb Eq AbsRt I £ H Acc,1.5076
03/09/2021,JupiterMerian Glb Eq AbsRt I £ H Acc,1.5024
03/10/2021,JupiterMerian Glb Eq AbsRt I £ H Acc,1.5012
03/11/2021,JupiterMerian Glb Eq AbsRt I £ H Acc,1.5107
03/12/2021,JupiterMerian Glb Eq AbsRt I £ H Acc,1.5071
03/13/2021,JupiterMerian Glb Eq AbsRt I £ H Acc,1.5071
03/14/2021,JupiterMerian Glb Eq AbsRt I £ H Acc,1.5071
03/15/2021,JupiterMerian Glb Eq AbsRt I £ H Acc,1.5021
03/16/2021,JupiterMerian Glb Eq AbsRt I £ H Acc,1.5044
03/17/2021,JupiterMerian Glb Eq AbsRt I £ H Acc,1.5044
03/18/2021,JupiterMerian Glb Eq AbsRt I £ H Acc,1.5237
03/19/2021,JupiterMerian Glb Eq AbsRt I £ H Acc,1.5334
03/20/2021,JupiterMerian Glb Eq AbsRt I £ H Acc,1.5334
03/21/2021,JupiterMerian Glb Eq AbsRt I £ H Acc,1.5334
03/22/2021,JupiterMerian Glb Eq AbsRt I £ H Acc,1.5407
03/23/2021,JupiterMerian Glb Eq AbsRt I £ H Acc,1.542
03/24/2021,JupiterMerian Glb Eq AbsRt I £ H Acc,1.5428
03/25/2021,JupiterMerian Glb Eq AbsRt I £ H Acc,1.5493
03/26/2021,JupiterMerian Glb Eq AbsRt I £ H Acc,1.5527
03/27/2021,JupiterMerian Glb Eq AbsRt I £ H Acc,1.5527
03/28/2021,JupiterMerian Glb Eq AbsRt I £ H Acc,1.5527
03/29/2021,JupiterMerian Glb Eq AbsRt I £ H Acc,1.5535
03/30/2021,JupiterMerian Glb Eq AbsRt I £ H Acc,1.5575
03/31/2021,JupiterMerian Glb Eq AbsRt I £ H Acc,1.5538
04/01/2021,JupiterMerian Glb Eq AbsRt I £ H Acc,1.5521
04/02/2021,JupiterMerian Glb Eq AbsRt I £ H Acc,1.5521
04/03/2021,JupiterMerian Glb Eq AbsRt I £ H Acc,1.5521
04/04/2021,JupiterMerian Glb Eq AbsRt I £ H Acc,1.5521
04/05/2021,JupiterMerian Glb Eq AbsRt I £ H Acc,1.5521
04/06/2021,JupiterMerian Glb Eq AbsRt I £ H Acc,1.5599
04/07/2021,JupiterMerian Glb Eq AbsRt I £ H Acc,1.5591
04/08/2021,JupiterMerian Glb Eq AbsRt I £ H Acc,1.5658
04/09/2021,JupiterMerian Glb Eq AbsRt I £ H Acc,1.5644
04/10/2021,JupiterMerian Glb Eq AbsRt I £ H Acc,1.5644
04/11/2021,JupiterMerian Glb Eq AbsRt I £ H Acc,1.5644
04/12/2021,JupiterMerian Glb Eq AbsRt I £ H Acc,1.5632
04/13/2021,JupiterMerian Glb Eq AbsRt I £ H Acc,1.5645
04/14/2021,JupiterMerian Glb Eq AbsRt I £ H Acc,1.5568
04/15/2021,JupiterMerian Glb Eq AbsRt I £ H Acc,1.562
04/16/2021,JupiterMerian Glb Eq AbsRt I £ H Acc,1.5654
04/17/2021,JupiterMerian Glb Eq AbsRt I £ H Acc,1.5654
04/18/2021,JupiterMerian Glb Eq AbsRt I £ H Acc,1.5654
04/19/2021,JupiterMerian Glb Eq AbsRt I £ H Acc,1.5676
04/20/2021,JupiterMerian Glb Eq AbsRt I £ H Acc,1.5689
04/21/2021,JupiterMerian Glb Eq AbsRt I £ H Acc,1.57
04/22/2021,JupiterMerian Glb Eq AbsRt I £ H Acc,1.5659
04/23/2021,JupiterMerian Glb Eq AbsRt I £ H Acc,1.5729
04/24/2021,JupiterMerian Glb Eq AbsRt I £ H Acc,1.5729
04/25/2021,JupiterMerian Glb Eq AbsRt I £ H Acc,1.5729
04/26/2021,JupiterMerian Glb Eq AbsRt I £ H Acc,1.5737
04/27/2021,JupiterMerian Glb Eq AbsRt I £ H Acc,1.5798
04/28/2021,JupiterMerian Glb Eq AbsRt I £ H Acc,1.5801
04/29/2021,JupiterMerian Glb Eq AbsRt I £ H Acc,1.5807
04/30/2021,JupiterMerian Glb Eq AbsRt I £ H Acc,1.5862
05/01/2021,JupiterMerian Glb Eq AbsRt I £ H Acc,1.5862
05/02/2021,JupiterMerian Glb Eq AbsRt I £ H Acc,1.5862
05/03/2021,JupiterMerian Glb Eq AbsRt I £ H Acc,1.5862
05/04/2021,JupiterMerian Glb Eq AbsRt I £ H Acc,1.5905
05/05/2021,JupiterMerian Glb Eq AbsRt I £ H Acc,1.586
05/06/2021,JupiterMerian Glb Eq AbsRt I £ H Acc,1.5979
05/07/2021,JupiterMerian Glb Eq AbsRt I £ H Acc,1.6105
05/08/2021,JupiterMerian Glb Eq AbsRt I £ H Acc,1.6105
05/09/2021,JupiterMerian Glb Eq AbsRt I £ H Acc,1.6105
05/10/2021,JupiterMerian Glb Eq AbsRt I £ H Acc,1.6113
05/11/2021,JupiterMerian Glb Eq AbsRt I £ H Acc,1.6088
05/12/2021,JupiterMerian Glb Eq AbsRt I £ H Acc,1.6059
05/13/2021,JupiterMerian Glb Eq AbsRt I £ H Acc,1.6069
05/14/2021,JupiterMerian Glb Eq AbsRt I £ H Acc,1.6094
05/15/2021,JupiterMerian Glb Eq AbsRt I £ H Acc,1.6094
05/16/2021,JupiterMerian Glb Eq AbsRt I £ H Acc,1.6094
05/17/2021,JupiterMerian Glb Eq AbsRt I £ H Acc,1.6063
05/18/2021,JupiterMerian Glb Eq AbsRt I £ H Acc,1.6164
05/19/2021,JupiterMerian Glb Eq AbsRt I £ H Acc,1.6188
05/20/2021,JupiterMerian Glb Eq AbsRt I £ H Acc,1.6167
05/21/2021,JupiterMerian Glb Eq AbsRt I £ H Acc,1.6212
05/22/2021,JupiterMerian Glb Eq AbsRt I £ H Acc,1.6212
05/23/2021,JupiterMerian Glb Eq AbsRt I £ H Acc,1.6212
05/24/2021,JupiterMerian Glb Eq AbsRt I £ H Acc,1.6232
05/25/2021,JupiterMerian Glb Eq AbsRt I £ H Acc,1.6247
05/26/2021,JupiterMerian Glb Eq AbsRt I £ H Acc,1.6198
05/27/2021,JupiterMerian Glb Eq AbsRt I £ H Acc,1.6233
05/28/2021,JupiterMerian Glb Eq AbsRt I £ H Acc,1.6292
05/29/2021,JupiterMerian Glb Eq AbsRt I £ H Acc,1.6292
05/30/2021,JupiterMerian Glb Eq AbsRt I £ H Acc,1.6292
05/31/2021,JupiterMerian Glb Eq AbsRt I £ H Acc,1.6292
06/01/2021,JupiterMerian Glb Eq AbsRt I £ H Acc,1.6289
06/02/2021,JupiterMerian Glb Eq AbsRt I £ H Acc,1.6264
06/03/2021,JupiterMerian Glb Eq AbsRt I £ H Acc,1.6281
06/04/2021,JupiterMerian Glb Eq AbsRt I £ H Acc,1.6311
06/05/2021,JupiterMerian Glb Eq AbsRt I £ H Acc,1.6311
06/06/2021,JupiterMerian Glb Eq AbsRt I £ H Acc,1.6311
06/07/2021,JupiterMerian Glb Eq AbsRt I £ H Acc,1.6311
06/08/2021,JupiterMerian Glb Eq AbsRt I £ H Acc,1.6247
06/09/2021,JupiterMerian Glb Eq AbsRt I £ H Acc,1.6167
06/10/2021,JupiterMerian Glb Eq AbsRt I £ H Acc,1.6211
06/11/2021,JupiterMerian Glb Eq AbsRt I £ H Acc,1.6177
06/12/2021,JupiterMerian Glb Eq AbsRt I £ H Acc,1.6177
06/13/2021,JupiterMerian Glb Eq AbsRt I £ H Acc,1.6177
06/14/2021,JupiterMerian Glb Eq AbsRt I £ H Acc,1.6162
06/15/2021,JupiterMerian Glb Eq AbsRt I £ H Acc,1.6212
06/16/2021,JupiterMerian Glb Eq AbsRt I £ H Acc,1.6178
06/17/2021,JupiterMerian Glb Eq AbsRt I £ H Acc,1.6229
06/18/2021,JupiterMerian Glb Eq AbsRt I £ H Acc,1.6183
06/19/2021,JupiterMerian Glb Eq AbsRt I £ H Acc,1.6183
06/20/2021,JupiterMerian Glb Eq AbsRt I £ H Acc,1.6183
06/21/2021,JupiterMerian Glb Eq AbsRt I £ H Acc,1.6093
06/22/2021,JupiterMerian Glb Eq AbsRt I £ H Acc,1.6108
06/23/2021,JupiterMerian Glb Eq AbsRt I £ H Acc,1.6132
06/24/2021,JupiterMerian Glb Eq AbsRt I £ H Acc,1.6158
06/25/2021,JupiterMerian Glb Eq AbsRt I £ H Acc,1.6159
06/26/2021,JupiterMerian Glb Eq AbsRt I £ H Acc,1.6159
06/27/2021,JupiterMerian Glb Eq AbsRt I £ H Acc,1.6159
06/28/2021,JupiterMerian Glb Eq AbsRt I £ H Acc,1.6209
06/29/2021,JupiterMerian Glb Eq AbsRt I £ H Acc,1.619
06/30/2021,JupiterMerian Glb Eq AbsRt I £ H Acc,1.6208
07/01/2021,JupiterMerian Glb Eq AbsRt I £ H Acc,1.6206
07/02/2021,JupiterMerian Glb Eq AbsRt I £ H Acc,1.6179
07/03/2021,JupiterMerian Glb Eq AbsRt I £ H Acc,1.6179
07/04/2021,JupiterMerian Glb Eq AbsRt I £ H Acc,1.6179
07/05/2021,JupiterMerian Glb Eq AbsRt I £ H Acc,1.6078
07/06/2021,JupiterMerian Glb Eq AbsRt I £ H Acc,1.6062
07/07/2021,JupiterMerian Glb Eq AbsRt I £ H Acc,1.604
07/08/2021,JupiterMerian Glb Eq AbsRt I £ H Acc,1.6019
07/09/2021,JupiterMerian Glb Eq AbsRt I £ H Acc,1.603
07/10/2021,JupiterMerian Glb Eq AbsRt I £ H Acc,1.603
07/11/2021,JupiterMerian Glb Eq AbsRt I £ H Acc,1.603
07/12/2021,JupiterMerian Glb Eq AbsRt I £ H Acc,1.6034
07/13/2021,JupiterMerian Glb Eq AbsRt I £ H Acc,1.6064
07/14/2021,JupiterMerian Glb Eq AbsRt I £ H Acc,1.6089
07/15/2021,JupiterMerian Glb Eq AbsRt I £ H Acc,1.6134
07/16/2021,JupiterMerian Glb Eq AbsRt I £ H Acc,1.6089
07/17/2021,JupiterMerian Glb Eq AbsRt I £ H Acc,1.6089
07/18/2021,JupiterMerian Glb Eq AbsRt I £ H Acc,1.6089
07/19/2021,JupiterMerian Glb Eq AbsRt I £ H Acc,1.6046
07/20/2021,JupiterMerian Glb Eq AbsRt I £ H Acc,1.6027
07/21/2021,JupiterMerian Glb Eq AbsRt I £ H Acc,1.6054
07/22/2021,JupiterMerian Glb Eq AbsRt I £ H Acc,1.5994
07/23/2021,JupiterMerian Glb Eq AbsRt I £ H Acc,1.599
07/24/2021,JupiterMerian Glb Eq AbsRt I £ H Acc,1.599
07/25/2021,JupiterMerian Glb Eq AbsRt I £ H Acc,1.599
07/26/2021,JupiterMerian Glb Eq AbsRt I £ H Acc,1.604
07/27/2021,JupiterMerian Glb Eq AbsRt I £ H Acc,1.606
07/28/2021,JupiterMerian Glb Eq AbsRt I £ H Acc,1.608
07/29/2021,JupiterMerian Glb Eq AbsRt I £ H Acc,1.6074
07/30/2021,JupiterMerian Glb Eq AbsRt I £ H Acc,1.6019
07/31/2021,JupiterMerian Glb Eq AbsRt I £ H Acc,1.6019
08/01/2021,JupiterMerian Glb Eq AbsRt I £ H Acc,1.6019
08/02/2021,JupiterMerian Glb Eq AbsRt I £ H Acc,1.6019
08/03/2021,JupiterMerian Glb Eq AbsRt I £ H Acc,1.6069
08/04/2021,JupiterMerian Glb Eq AbsRt I £ H Acc,1.6152
08/05/2021,JupiterMerian Glb Eq AbsRt I £ H Acc,1.6075
08/06/2021,JupiterMerian Glb Eq AbsRt I £ H Acc,1.6073
08/07/2021,JupiterMerian Glb Eq AbsRt I £ H Acc,1.6073
08/08/2021,JupiterMerian Glb Eq AbsRt I £ H Acc,1.6073
08/09/2021,JupiterMerian Glb Eq AbsRt I £ H Acc,1.6077
08/10/2021,JupiterMerian Glb Eq AbsRt I £ H Acc,1.606
08/11/2021,JupiterMerian Glb Eq AbsRt I £ H Acc,1.6021
08/12/2021,JupiterMerian Glb Eq AbsRt I £ H Acc,1.609
08/13/2021,JupiterMerian Glb Eq AbsRt I £ H Acc,1.6125
08/14/2021,JupiterMerian Glb Eq AbsRt I £ H Acc,1.6125
08/15/2021,JupiterMerian Glb Eq AbsRt I £ H Acc,1.6125
08/16/2021,JupiterMerian Glb Eq AbsRt I £ H Acc,1.6141
08/17/2021,JupiterMerian Glb Eq AbsRt I £ H Acc,1.6139
08/18/2021,JupiterMerian Glb Eq AbsRt I £ H Acc,1.6178
08/19/2021,JupiterMerian Glb Eq AbsRt I £ H Acc,1.6134
08/20/2021,JupiterMerian Glb Eq AbsRt I £ H Acc,1.6158
08/21/2021,JupiterMerian Glb Eq AbsRt I £ H Acc,1.6158
08/22/2021,JupiterMerian Glb Eq AbsRt I £ H Acc,1.6158
08/23/2021,JupiterMerian Glb Eq AbsRt I £ H Acc,1.6193
08/24/2021,JupiterMerian Glb Eq AbsRt I £ H Acc,1.6047
08/25/2021,JupiterMerian Glb Eq AbsRt I £ H Acc,1.5966
08/26/2021,JupiterMerian Glb Eq AbsRt I £ H Acc,1.5994
08/27/2021,JupiterMerian Glb Eq AbsRt I £ H Acc,1.6016
08/28/2021,JupiterMerian Glb Eq AbsRt I £ H Acc,1.6016
08/29/2021,JupiterMerian Glb Eq AbsRt I £ H Acc,1.6016
08/30/2021,JupiterMerian Glb Eq AbsRt I £ H Acc,1.6016
08/31/2021,JupiterMerian Glb Eq AbsRt I £ H Acc,1.6012
09/01/2021,JupiterMerian Glb Eq AbsRt I £ H Acc,1.5985
09/02/2021,JupiterMerian Glb Eq AbsRt I £ H Acc,1.5925
09/03/2021,JupiterMerian Glb Eq AbsRt I £ H Acc,1.5996
09/04/2021,JupiterMerian Glb Eq AbsRt I £ H Acc,1.5996
09/05/2021,JupiterMerian Glb Eq AbsRt I £ H Acc,1.5996
09/06/2021,JupiterMerian Glb Eq AbsRt I £ H Acc,1.5992
09/07/2021,JupiterMerian Glb Eq AbsRt I £ H Acc,1.5996
09/08/2021,JupiterMerian Glb Eq AbsRt I £ H Acc,1.5928
09/09/2021,JupiterMerian Glb Eq AbsRt I £ H Acc,1.5998
09/10/2021,JupiterMerian Glb Eq AbsRt I £ H Acc,1.6042
09/11/2021,JupiterMerian Glb Eq AbsRt I £ H Acc,1.6042
09/12/2021,JupiterMerian Glb Eq AbsRt I £ H Acc,1.6042
09/13/2021,JupiterMerian Glb Eq AbsRt I £ H Acc,1.6085
09/14/2021,JupiterMerian Glb Eq AbsRt I £ H Acc,1.6114
09/15/2021,JupiterMerian Glb Eq AbsRt I £ H Acc,1.6281
09/16/2021,JupiterMerian Glb Eq AbsRt I £ H Acc,1.6322
09/17/2021,JupiterMerian Glb Eq AbsRt I £ H Acc,1.6349
09/18/2021,JupiterMerian Glb Eq AbsRt I £ H Acc,1.6349
09/19/2021,JupiterMerian Glb Eq AbsRt I £ H Acc,1.6349
09/20/2021,JupiterMerian Glb Eq AbsRt I £ H Acc,1.6311
09/21/2021,JupiterMerian Glb Eq AbsRt I £ H Acc,1.6267
09/22/2021,JupiterMerian Glb Eq AbsRt I £ H Acc,1.6252
09/23/2021,JupiterMerian Glb Eq AbsRt I £ H Acc,1.625
09/24/2021,JupiterMerian Glb Eq AbsRt I £ H Acc,1.6218
09/25/2021,JupiterMerian Glb Eq AbsRt I £ H Acc,1.6218
09/26/2021,JupiterMerian Glb Eq AbsRt I £ H Acc,1.6218
09/27/2021,JupiterMerian Glb Eq AbsRt I £ H Acc,1.6196
09/28/2021,JupiterMerian Glb Eq AbsRt I £ H Acc,1.6187
09/29/2021,JupiterMerian Glb Eq AbsRt I £ H Acc,1.6168
09/30/2021,JupiterMerian Glb Eq AbsRt I £ H Acc,1.6216
10/01/2021,JupiterMerian Glb Eq AbsRt I £ H Acc,1.6194
10/02/2021,JupiterMerian Glb Eq AbsRt I £ H Acc,1.6194
10/03/2021,JupiterMerian Glb Eq AbsRt I £ H Acc,1.6194
10/04/2021,JupiterMerian Glb Eq AbsRt I £ H Acc,1.6181
10/05/2021,JupiterMerian Glb Eq AbsRt I £ H Acc,1.6257
10/06/2021,JupiterMerian Glb Eq AbsRt I £ H Acc,1.6393
10/07/2021,JupiterMerian Glb Eq AbsRt I £ H Acc,1.6348
10/08/2021,JupiterMerian Glb Eq AbsRt I £ H Acc,1.6297
10/09/2021,JupiterMerian Glb Eq AbsRt I £ H Acc,1.6297
10/10/2021,JupiterMerian Glb Eq AbsRt I £ H Acc,1.6297
10/11/2021,JupiterMerian Glb Eq AbsRt I £ H Acc,1.6283
10/12/2021,JupiterMerian Glb Eq AbsRt I £ H Acc,1.6223
10/13/2021,JupiterMerian Glb Eq AbsRt I £ H Acc,1.614
10/14/2021,JupiterMerian Glb Eq AbsRt I £ H Acc,1.6096
10/15/2021,JupiterMerian Glb Eq AbsRt I £ H Acc,1.6076
10/16/2021,JupiterMerian Glb Eq AbsRt I £ H Acc,1.6076
10/17/2021,JupiterMerian Glb Eq AbsRt I £ H Acc,1.6076
10/18/2021,JupiterMerian Glb Eq AbsRt I £ H Acc,1.6029
10/19/2021,JupiterMerian Glb Eq AbsRt I £ H Acc,1.609
10/20/2021,JupiterMerian Glb Eq AbsRt I £ H Acc,1.6054
10/21/2021,JupiterMerian Glb Eq AbsRt I £ H Acc,1.6063
10/22/2021,JupiterMerian Glb Eq AbsRt I £ H Acc,1.6053
10/23/2021,JupiterMerian Glb Eq AbsRt I £ H Acc,1.6053
10/24/2021,JupiterMerian Glb Eq AbsRt I £ H Acc,1.6053
10/25/2021,JupiterMerian Glb Eq AbsRt I £ H Acc,1.6053
10/26/2021,JupiterMerian Glb Eq AbsRt I £ H Acc,1.6154
10/27/2021,JupiterMerian Glb Eq AbsRt I £ H Acc,1.6158
10/28/2021,JupiterMerian Glb Eq AbsRt I £ H Acc,1.6116
10/29/2021,JupiterMerian Glb Eq AbsRt I £ H Acc,1.6064
10/30/2021,JupiterMerian Glb Eq AbsRt I £ H Acc,1.6064
10/31/2021,JupiterMerian Glb Eq AbsRt I £ H Acc,1.6064
11/01/2021,JupiterMerian Glb Eq AbsRt I £ H Acc,1.6051
11/02/2021,JupiterMerian Glb Eq AbsRt I £ H Acc,1.6076
11/03/2021,JupiterMerian Glb Eq AbsRt I £ H Acc,1.6086
11/04/2021,JupiterMerian Glb Eq AbsRt I £ H Acc,1.6112
11/05/2021,JupiterMerian Glb Eq AbsRt I £ H Acc,1.6088
11/06/2021,JupiterMerian Glb Eq AbsRt I £ H Acc,1.6088
11/07/2021,JupiterMerian Glb Eq AbsRt I £ H Acc,1.6088
11/08/2021,JupiterMerian Glb Eq AbsRt I £ H Acc,1.6133
11/09/2021,JupiterMerian Glb Eq AbsRt I £ H Acc,1.6108
11/10/2021,JupiterMerian Glb Eq AbsRt I £ H Acc,1.6084
11/11/2021,JupiterMerian Glb Eq AbsRt I £ H Acc,1.6033
11/12/2021,JupiterMerian Glb Eq AbsRt I £ H Acc,1.6117
11/13/2021,JupiterMerian Glb Eq AbsRt I £ H Acc,1.6117
11/14/2021,JupiterMerian Glb Eq AbsRt I £ H Acc,1.6117
11/15/2021,JupiterMerian Glb Eq AbsRt I £ H Acc,1.6162
11/16/2021,JupiterMerian Glb Eq AbsRt I £ H Acc,1.6194
11/17/2021,JupiterMerian Glb Eq AbsRt I £ H Acc,1.6183
11/18/2021,JupiterMerian Glb Eq AbsRt I £ H Acc,1.6194
11/19/2021,JupiterMerian Glb Eq AbsRt I £ H Acc,1.6171
11/20/2021,JupiterMerian Glb Eq AbsRt I £ H Acc,1.6171
11/21/2021,JupiterMerian Glb Eq AbsRt I £ H Acc,1.6171
11/22/2021,JupiterMerian Glb Eq AbsRt I £ H Acc,1.6204
11/23/2021,JupiterMerian Glb Eq AbsRt I £ H Acc,1.6199
11/24/2021,JupiterMerian Glb Eq AbsRt I £ H Acc,1.6187
11/25/2021,JupiterMerian Glb Eq AbsRt I £ H Acc,1.617
11/26/2021,JupiterMerian Glb Eq AbsRt I £ H Acc,1.6202
11/27/2021,JupiterMerian Glb Eq AbsRt I £ H Acc,1.6202
11/28/2021,JupiterMerian Glb Eq AbsRt I £ H Acc,1.6202
11/29/2021,JupiterMerian Glb Eq AbsRt I £ H Acc,1.6208
11/30/2021,JupiterMerian Glb Eq AbsRt I £ H Acc,1.6243
12/01/2021,JupiterMerian Glb Eq AbsRt I £ H Acc,1.628
12/02/2021,JupiterMerian Glb Eq AbsRt I £ H Acc,1.6329
12/03/2021,JupiterMerian Glb Eq AbsRt I £ H Acc,1.6361
12/04/2021,JupiterMerian Glb Eq AbsRt I £ H Acc,1.6361
12/05/2021,JupiterMerian Glb Eq AbsRt I £ H Acc,1.6361
12/06/2021,JupiterMerian Glb Eq AbsRt I £ H Acc,1.6452
12/07/2021,JupiterMerian Glb Eq AbsRt I £ H Acc,1.6356
12/08/2021,JupiterMerian Glb Eq AbsRt I £ H Acc,1.6409
12/09/2021,JupiterMerian Glb Eq AbsRt I £ H Acc,1.6383
12/10/2021,JupiterMerian Glb Eq AbsRt I £ H Acc,1.6395
12/11/2021,JupiterMerian Glb Eq AbsRt I £ H Acc,1.6395
12/12/2021,JupiterMerian Glb Eq AbsRt I £ H Acc,1.6395
12/13/2021,JupiterMerian Glb Eq AbsRt I £ H Acc,1.6487
12/14/2021,JupiterMerian Glb Eq AbsRt I £ H Acc,1.6568
12/15/2021,JupiterMerian Glb Eq AbsRt I £ H Acc,1.6615
12/16/2021,JupiterMerian Glb Eq AbsRt I £ H Acc,1.6662
12/17/2021,JupiterMerian Glb Eq AbsRt I £ H Acc,1.669
12/18/2021,JupiterMerian Glb Eq AbsRt I £ H Acc,1.669
12/19/2021,JupiterMerian Glb Eq AbsRt I £ H Acc,1.669
12/20/2021,JupiterMerian Glb Eq AbsRt I £ H Acc,1.6727
12/21/2021,JupiterMerian Glb Eq AbsRt I £ H Acc,1.6752
12/22/2021,JupiterMerian Glb Eq AbsRt I £ H Acc,1.673
12/23/2021,JupiterMerian Glb Eq AbsRt I £ H Acc,1.6764
12/24/2021,JupiterMerian Glb Eq AbsRt I £ H Acc,1.6757
