Date,Name,NAV
07/12/2011,Pictet - Global Envir Opps I dy GBP,88.17
07/13/2011,Pictet - Global Envir Opps I dy GBP,88.24
07/14/2011,Pictet - Global Envir Opps I dy GBP,87.28
07/15/2011,Pictet - Global Envir Opps I dy GBP,87.53
07/16/2011,Pictet - Global Envir Opps I dy GBP,87.53
07/17/2011,Pictet - Global Envir Opps I dy GBP,87.53
07/18/2011,Pictet - Global Envir Opps I dy GBP,86.46
07/19/2011,Pictet - Global Envir Opps I dy GBP,87.49
07/20/2011,Pictet - Global Envir Opps I dy GBP,87.62
07/21/2011,Pictet - Global Envir Opps I dy GBP,87.87
07/22/2011,Pictet - Global Envir Opps I dy GBP,88.11
07/23/2011,Pictet - Global Envir Opps I dy GBP,88.11
07/24/2011,Pictet - Global Envir Opps I dy GBP,88.11
07/25/2011,Pictet - Global Envir Opps I dy GBP,87.5
07/26/2011,Pictet - Global Envir Opps I dy GBP,87.15
07/27/2011,Pictet - Global Envir Opps I dy GBP,85.83
07/28/2011,Pictet - Global Envir Opps I dy GBP,85.41
07/29/2011,Pictet - Global Envir Opps I dy GBP,84.59
07/30/2011,Pictet - Global Envir Opps I dy GBP,84.59
07/31/2011,Pictet - Global Envir Opps I dy GBP,84.59
08/01/2011,Pictet - Global Envir Opps I dy GBP,84.49
08/02/2011,Pictet - Global Envir Opps I dy GBP,82.22
08/03/2011,Pictet - Global Envir Opps I dy GBP,82.02
08/04/2011,Pictet - Global Envir Opps I dy GBP,78.39
08/05/2011,Pictet - Global Envir Opps I dy GBP,77.13
08/06/2011,Pictet - Global Envir Opps I dy GBP,77.13
08/07/2011,Pictet - Global Envir Opps I dy GBP,77.13
08/08/2011,Pictet - Global Envir Opps I dy GBP,72.67
08/09/2011,Pictet - Global Envir Opps I dy GBP,76.22
08/10/2011,Pictet - Global Envir Opps I dy GBP,74.8
08/11/2011,Pictet - Global Envir Opps I dy GBP,76.69
08/12/2011,Pictet - Global Envir Opps I dy GBP,76.69
08/13/2011,Pictet - Global Envir Opps I dy GBP,76.69
08/14/2011,Pictet - Global Envir Opps I dy GBP,76.69
08/15/2011,Pictet - Global Envir Opps I dy GBP,78.41
08/16/2011,Pictet - Global Envir Opps I dy GBP,77.32
08/17/2011,Pictet - Global Envir Opps I dy GBP,76.99
08/18/2011,Pictet - Global Envir Opps I dy GBP,73.56
08/19/2011,Pictet - Global Envir Opps I dy GBP,72.82
08/20/2011,Pictet - Global Envir Opps I dy GBP,72.82
08/21/2011,Pictet - Global Envir Opps I dy GBP,72.82
08/22/2011,Pictet - Global Envir Opps I dy GBP,72.9
08/23/2011,Pictet - Global Envir Opps I dy GBP,74.51
08/24/2011,Pictet - Global Envir Opps I dy GBP,76.17
08/25/2011,Pictet - Global Envir Opps I dy GBP,75.56
08/26/2011,Pictet - Global Envir Opps I dy GBP,76.47
08/27/2011,Pictet - Global Envir Opps I dy GBP,76.47
08/28/2011,Pictet - Global Envir Opps I dy GBP,76.47
08/29/2011,Pictet - Global Envir Opps I dy GBP,78.54
08/30/2011,Pictet - Global Envir Opps I dy GBP,79.28
08/31/2011,Pictet - Global Envir Opps I dy GBP,80.29
09/01/2011,Pictet - Global Envir Opps I dy GBP,79.55
09/02/2011,Pictet - Global Envir Opps I dy GBP,77.76
09/03/2011,Pictet - Global Envir Opps I dy GBP,77.76
09/04/2011,Pictet - Global Envir Opps I dy GBP,77.76
09/05/2011,Pictet - Global Envir Opps I dy GBP,77.76
09/06/2011,Pictet - Global Envir Opps I dy GBP,77.17
09/07/2011,Pictet - Global Envir Opps I dy GBP,79.08
09/08/2011,Pictet - Global Envir Opps I dy GBP,78.35
09/09/2011,Pictet - Global Envir Opps I dy GBP,76.48
09/10/2011,Pictet - Global Envir Opps I dy GBP,76.48
09/11/2011,Pictet - Global Envir Opps I dy GBP,76.48
09/12/2011,Pictet - Global Envir Opps I dy GBP,76.21
09/13/2011,Pictet - Global Envir Opps I dy GBP,77.01
09/14/2011,Pictet - Global Envir Opps I dy GBP,78.15
09/15/2011,Pictet - Global Envir Opps I dy GBP,79.26
09/16/2011,Pictet - Global Envir Opps I dy GBP,79.28
09/17/2011,Pictet - Global Envir Opps I dy GBP,79.28
09/18/2011,Pictet - Global Envir Opps I dy GBP,79.28
09/19/2011,Pictet - Global Envir Opps I dy GBP,78.24
09/20/2011,Pictet - Global Envir Opps I dy GBP,78.41
09/21/2011,Pictet - Global Envir Opps I dy GBP,77.27
09/22/2011,Pictet - Global Envir Opps I dy GBP,74.12
09/23/2011,Pictet - Global Envir Opps I dy GBP,73.58
09/24/2011,Pictet - Global Envir Opps I dy GBP,73.58
09/25/2011,Pictet - Global Envir Opps I dy GBP,73.58
09/26/2011,Pictet - Global Envir Opps I dy GBP,74.49
09/27/2011,Pictet - Global Envir Opps I dy GBP,75.74
09/28/2011,Pictet - Global Envir Opps I dy GBP,74.3
09/29/2011,Pictet - Global Envir Opps I dy GBP,74.71
09/30/2011,Pictet - Global Envir Opps I dy GBP,73.07
10/01/2011,Pictet - Global Envir Opps I dy GBP,73.07
10/02/2011,Pictet - Global Envir Opps I dy GBP,73.07
10/03/2011,Pictet - Global Envir Opps I dy GBP,71.58
10/04/2011,Pictet - Global Envir Opps I dy GBP,71.5
10/05/2011,Pictet - Global Envir Opps I dy GBP,72.9
10/06/2011,Pictet - Global Envir Opps I dy GBP,74.81
10/07/2011,Pictet - Global Envir Opps I dy GBP,73.93
10/08/2011,Pictet - Global Envir Opps I dy GBP,73.93
10/09/2011,Pictet - Global Envir Opps I dy GBP,73.93
10/10/2011,Pictet - Global Envir Opps I dy GBP,75.91
10/11/2011,Pictet - Global Envir Opps I dy GBP,75.61
10/12/2011,Pictet - Global Envir Opps I dy GBP,76.97
10/13/2011,Pictet - Global Envir Opps I dy GBP,76.58
10/14/2011,Pictet - Global Envir Opps I dy GBP,77.63
10/15/2011,Pictet - Global Envir Opps I dy GBP,77.63
10/16/2011,Pictet - Global Envir Opps I dy GBP,77.63
10/17/2011,Pictet - Global Envir Opps I dy GBP,76
10/18/2011,Pictet - Global Envir Opps I dy GBP,76.86
10/19/2011,Pictet - Global Envir Opps I dy GBP,76.18
10/20/2011,Pictet - Global Envir Opps I dy GBP,75.64
10/21/2011,Pictet - Global Envir Opps I dy GBP,76.68
10/22/2011,Pictet - Global Envir Opps I dy GBP,76.68
10/23/2011,Pictet - Global Envir Opps I dy GBP,76.68
10/24/2011,Pictet - Global Envir Opps I dy GBP,77.86
10/25/2011,Pictet - Global Envir Opps I dy GBP,76.79
10/26/2011,Pictet - Global Envir Opps I dy GBP,77.93
10/27/2011,Pictet - Global Envir Opps I dy GBP,79.91
10/28/2011,Pictet - Global Envir Opps I dy GBP,79.97
10/29/2011,Pictet - Global Envir Opps I dy GBP,79.97
10/30/2011,Pictet - Global Envir Opps I dy GBP,79.97
10/31/2011,Pictet - Global Envir Opps I dy GBP,78.26
11/01/2011,Pictet - Global Envir Opps I dy GBP,76.22
11/02/2011,Pictet - Global Envir Opps I dy GBP,77.09
11/03/2011,Pictet - Global Envir Opps I dy GBP,78.52
11/04/2011,Pictet - Global Envir Opps I dy GBP,78.32
11/05/2011,Pictet - Global Envir Opps I dy GBP,78.32
11/06/2011,Pictet - Global Envir Opps I dy GBP,78.32
11/07/2011,Pictet - Global Envir Opps I dy GBP,77.99
11/08/2011,Pictet - Global Envir Opps I dy GBP,78.78
11/09/2011,Pictet - Global Envir Opps I dy GBP,76.62
11/10/2011,Pictet - Global Envir Opps I dy GBP,76.91
11/11/2011,Pictet - Global Envir Opps I dy GBP,78.4
11/12/2011,Pictet - Global Envir Opps I dy GBP,78.4
11/13/2011,Pictet - Global Envir Opps I dy GBP,78.4
11/14/2011,Pictet - Global Envir Opps I dy GBP,77.77
11/15/2011,Pictet - Global Envir Opps I dy GBP,77.94
11/16/2011,Pictet - Global Envir Opps I dy GBP,77.57
11/17/2011,Pictet - Global Envir Opps I dy GBP,76.03
11/18/2011,Pictet - Global Envir Opps I dy GBP,76.48
11/19/2011,Pictet - Global Envir Opps I dy GBP,76.48
11/20/2011,Pictet - Global Envir Opps I dy GBP,76.48
11/21/2011,Pictet - Global Envir Opps I dy GBP,75.19
11/22/2011,Pictet - Global Envir Opps I dy GBP,74.97
11/23/2011,Pictet - Global Envir Opps I dy GBP,73.92
11/24/2011,Pictet - Global Envir Opps I dy GBP,73.92
11/25/2011,Pictet - Global Envir Opps I dy GBP,73.63
11/26/2011,Pictet - Global Envir Opps I dy GBP,73.63
11/27/2011,Pictet - Global Envir Opps I dy GBP,73.63
11/28/2011,Pictet - Global Envir Opps I dy GBP,75.64
11/29/2011,Pictet - Global Envir Opps I dy GBP,75.9
11/30/2011,Pictet - Global Envir Opps I dy GBP,78.26
12/01/2011,Pictet - Global Envir Opps I dy GBP,78.39
12/02/2011,Pictet - Global Envir Opps I dy GBP,78.31
12/03/2011,Pictet - Global Envir Opps I dy GBP,78.31
12/04/2011,Pictet - Global Envir Opps I dy GBP,78.31
12/05/2011,Pictet - Global Envir Opps I dy GBP,78.48
12/06/2011,Pictet - Global Envir Opps I dy GBP,78.57
12/07/2011,Pictet - Global Envir Opps I dy GBP,77.76
12/08/2011,Pictet - Global Envir Opps I dy GBP,76.27
12/09/2011,Pictet - Global Envir Opps I dy GBP,77.24
12/10/2011,Pictet - Global Envir Opps I dy GBP,77.24
12/11/2011,Pictet - Global Envir Opps I dy GBP,77.24
12/12/2011,Pictet - Global Envir Opps I dy GBP,75.92
12/13/2011,Pictet - Global Envir Opps I dy GBP,75.8
12/14/2011,Pictet - Global Envir Opps I dy GBP,74.45
12/15/2011,Pictet - Global Envir Opps I dy GBP,75.04
12/16/2011,Pictet - Global Envir Opps I dy GBP,75.48
12/17/2011,Pictet - Global Envir Opps I dy GBP,75.48
12/18/2011,Pictet - Global Envir Opps I dy GBP,75.48
12/19/2011,Pictet - Global Envir Opps I dy GBP,74.28
12/20/2011,Pictet - Global Envir Opps I dy GBP,75.89
12/21/2011,Pictet - Global Envir Opps I dy GBP,76.06
12/22/2011,Pictet - Global Envir Opps I dy GBP,76.72
12/23/2011,Pictet - Global Envir Opps I dy GBP,76.72
12/24/2011,Pictet - Global Envir Opps I dy GBP,76.72
12/25/2011,Pictet - Global Envir Opps I dy GBP,76.72
12/26/2011,Pictet - Global Envir Opps I dy GBP,77.47
12/27/2011,Pictet - Global Envir Opps I dy GBP,77.37
12/28/2011,Pictet - Global Envir Opps I dy GBP,77.64
12/29/2011,Pictet - Global Envir Opps I dy GBP,78.2
12/30/2011,Pictet - Global Envir Opps I dy GBP,77.85
12/31/2011,Pictet - Global Envir Opps I dy GBP,77.85
01/01/2012,Pictet - Global Envir Opps I dy GBP,77.85
01/02/2012,Pictet - Global Envir Opps I dy GBP,77.85
01/03/2012,Pictet - Global Envir Opps I dy GBP,78.77
01/04/2012,Pictet - Global Envir Opps I dy GBP,78.86
01/05/2012,Pictet - Global Envir Opps I dy GBP,79.04
01/06/2012,Pictet - Global Envir Opps I dy GBP,79.21
01/07/2012,Pictet - Global Envir Opps I dy GBP,79.21
01/08/2012,Pictet - Global Envir Opps I dy GBP,79.21
01/09/2012,Pictet - Global Envir Opps I dy GBP,79.38
01/10/2012,Pictet - Global Envir Opps I dy GBP,80.33
01/11/2012,Pictet - Global Envir Opps I dy GBP,80.84
01/12/2012,Pictet - Global Envir Opps I dy GBP,81.46
01/13/2012,Pictet - Global Envir Opps I dy GBP,80.97
01/14/2012,Pictet - Global Envir Opps I dy GBP,80.97
01/15/2012,Pictet - Global Envir Opps I dy GBP,80.97
01/16/2012,Pictet - Global Envir Opps I dy GBP,80.97
01/17/2012,Pictet - Global Envir Opps I dy GBP,81.77
01/18/2012,Pictet - Global Envir Opps I dy GBP,82.15
01/19/2012,Pictet - Global Envir Opps I dy GBP,82.49
01/20/2012,Pictet - Global Envir Opps I dy GBP,82.16
01/21/2012,Pictet - Global Envir Opps I dy GBP,82.16
01/22/2012,Pictet - Global Envir Opps I dy GBP,82.16
01/23/2012,Pictet - Global Envir Opps I dy GBP,82.08
01/24/2012,Pictet - Global Envir Opps I dy GBP,81.86
01/25/2012,Pictet - Global Envir Opps I dy GBP,81.98
01/26/2012,Pictet - Global Envir Opps I dy GBP,82.36
01/27/2012,Pictet - Global Envir Opps I dy GBP,82.27
01/28/2012,Pictet - Global Envir Opps I dy GBP,82.27
01/29/2012,Pictet - Global Envir Opps I dy GBP,82.27
01/30/2012,Pictet - Global Envir Opps I dy GBP,81.56
01/31/2012,Pictet - Global Envir Opps I dy GBP,81.84
02/01/2012,Pictet - Global Envir Opps I dy GBP,82.89
02/02/2012,Pictet - Global Envir Opps I dy GBP,82.98
02/03/2012,Pictet - Global Envir Opps I dy GBP,84.37
02/04/2012,Pictet - Global Envir Opps I dy GBP,84.37
02/05/2012,Pictet - Global Envir Opps I dy GBP,84.37
02/06/2012,Pictet - Global Envir Opps I dy GBP,83.92
02/07/2012,Pictet - Global Envir Opps I dy GBP,83.85
02/08/2012,Pictet - Global Envir Opps I dy GBP,84.39
02/09/2012,Pictet - Global Envir Opps I dy GBP,84.23
02/10/2012,Pictet - Global Envir Opps I dy GBP,83.75
02/11/2012,Pictet - Global Envir Opps I dy GBP,83.75
02/12/2012,Pictet - Global Envir Opps I dy GBP,83.75
02/13/2012,Pictet - Global Envir Opps I dy GBP,84.6
02/14/2012,Pictet - Global Envir Opps I dy GBP,84.82
02/15/2012,Pictet - Global Envir Opps I dy GBP,84.51
02/16/2012,Pictet - Global Envir Opps I dy GBP,84.46
02/17/2012,Pictet - Global Envir Opps I dy GBP,85.01
02/18/2012,Pictet - Global Envir Opps I dy GBP,85.01
02/19/2012,Pictet - Global Envir Opps I dy GBP,85.01
02/20/2012,Pictet - Global Envir Opps I dy GBP,85.01
02/21/2012,Pictet - Global Envir Opps I dy GBP,85.82
02/22/2012,Pictet - Global Envir Opps I dy GBP,85.75
02/23/2012,Pictet - Global Envir Opps I dy GBP,85.35
02/24/2012,Pictet - Global Envir Opps I dy GBP,85.03
02/25/2012,Pictet - Global Envir Opps I dy GBP,85.03
02/26/2012,Pictet - Global Envir Opps I dy GBP,85.03
02/27/2012,Pictet - Global Envir Opps I dy GBP,85.33
02/28/2012,Pictet - Global Envir Opps I dy GBP,85.11
02/29/2012,Pictet - Global Envir Opps I dy GBP,84.52
03/01/2012,Pictet - Global Envir Opps I dy GBP,85.2
03/02/2012,Pictet - Global Envir Opps I dy GBP,85.52
03/03/2012,Pictet - Global Envir Opps I dy GBP,85.52
03/04/2012,Pictet - Global Envir Opps I dy GBP,85.52
03/05/2012,Pictet - Global Envir Opps I dy GBP,85.01
03/06/2012,Pictet - Global Envir Opps I dy GBP,83.28
03/07/2012,Pictet - Global Envir Opps I dy GBP,83.69
03/08/2012,Pictet - Global Envir Opps I dy GBP,85.04
03/09/2012,Pictet - Global Envir Opps I dy GBP,85.96
03/10/2012,Pictet - Global Envir Opps I dy GBP,85.96
03/11/2012,Pictet - Global Envir Opps I dy GBP,85.96
03/12/2012,Pictet - Global Envir Opps I dy GBP,85.8
03/13/2012,Pictet - Global Envir Opps I dy GBP,86.48
03/14/2012,Pictet - Global Envir Opps I dy GBP,86.25
03/15/2012,Pictet - Global Envir Opps I dy GBP,86.33
03/16/2012,Pictet - Global Envir Opps I dy GBP,85.88
03/17/2012,Pictet - Global Envir Opps I dy GBP,85.88
03/18/2012,Pictet - Global Envir Opps I dy GBP,85.88
03/19/2012,Pictet - Global Envir Opps I dy GBP,85.58
03/20/2012,Pictet - Global Envir Opps I dy GBP,84.95
03/21/2012,Pictet - Global Envir Opps I dy GBP,85.05
03/22/2012,Pictet - Global Envir Opps I dy GBP,84.2
03/23/2012,Pictet - Global Envir Opps I dy GBP,84.53
03/24/2012,Pictet - Global Envir Opps I dy GBP,84.53
03/25/2012,Pictet - Global Envir Opps I dy GBP,84.53
03/26/2012,Pictet - Global Envir Opps I dy GBP,85.08
03/27/2012,Pictet - Global Envir Opps I dy GBP,85.02
03/28/2012,Pictet - Global Envir Opps I dy GBP,84.47
03/29/2012,Pictet - Global Envir Opps I dy GBP,83.63
03/30/2012,Pictet - Global Envir Opps I dy GBP,83.92
03/31/2012,Pictet - Global Envir Opps I dy GBP,83.92
04/01/2012,Pictet - Global Envir Opps I dy GBP,83.92
04/02/2012,Pictet - Global Envir Opps I dy GBP,84.75
04/03/2012,Pictet - Global Envir Opps I dy GBP,84.87
04/04/2012,Pictet - Global Envir Opps I dy GBP,83.71
04/05/2012,Pictet - Global Envir Opps I dy GBP,83.71
04/06/2012,Pictet - Global Envir Opps I dy GBP,83.71
04/07/2012,Pictet - Global Envir Opps I dy GBP,83.71
04/08/2012,Pictet - Global Envir Opps I dy GBP,83.71
04/09/2012,Pictet - Global Envir Opps I dy GBP,82.95
04/10/2012,Pictet - Global Envir Opps I dy GBP,81.23
04/11/2012,Pictet - Global Envir Opps I dy GBP,81.7
04/12/2012,Pictet - Global Envir Opps I dy GBP,83
04/13/2012,Pictet - Global Envir Opps I dy GBP,82.47
04/14/2012,Pictet - Global Envir Opps I dy GBP,82.47
04/15/2012,Pictet - Global Envir Opps I dy GBP,82.47
04/16/2012,Pictet - Global Envir Opps I dy GBP,82.09
04/17/2012,Pictet - Global Envir Opps I dy GBP,82.79
04/18/2012,Pictet - Global Envir Opps I dy GBP,82.15
04/19/2012,Pictet - Global Envir Opps I dy GBP,81.86
04/20/2012,Pictet - Global Envir Opps I dy GBP,82.21
04/21/2012,Pictet - Global Envir Opps I dy GBP,82.21
04/22/2012,Pictet - Global Envir Opps I dy GBP,82.21
04/23/2012,Pictet - Global Envir Opps I dy GBP,80.65
04/24/2012,Pictet - Global Envir Opps I dy GBP,81.7
04/25/2012,Pictet - Global Envir Opps I dy GBP,81.99
04/26/2012,Pictet - Global Envir Opps I dy GBP,82.06
04/27/2012,Pictet - Global Envir Opps I dy GBP,82.25
04/28/2012,Pictet - Global Envir Opps I dy GBP,82.25
04/29/2012,Pictet - Global Envir Opps I dy GBP,82.25
04/30/2012,Pictet - Global Envir Opps I dy GBP,82.22
05/01/2012,Pictet - Global Envir Opps I dy GBP,82.41
05/02/2012,Pictet - Global Envir Opps I dy GBP,82.02
05/03/2012,Pictet - Global Envir Opps I dy GBP,81.48
05/04/2012,Pictet - Global Envir Opps I dy GBP,80.26
05/05/2012,Pictet - Global Envir Opps I dy GBP,80.26
05/06/2012,Pictet - Global Envir Opps I dy GBP,80.26
05/07/2012,Pictet - Global Envir Opps I dy GBP,80.65
05/08/2012,Pictet - Global Envir Opps I dy GBP,80.13
05/09/2012,Pictet - Global Envir Opps I dy GBP,79.53
05/10/2012,Pictet - Global Envir Opps I dy GBP,79.81
05/11/2012,Pictet - Global Envir Opps I dy GBP,79.86
05/12/2012,Pictet - Global Envir Opps I dy GBP,79.86
05/13/2012,Pictet - Global Envir Opps I dy GBP,79.86
05/14/2012,Pictet - Global Envir Opps I dy GBP,78.43
05/15/2012,Pictet - Global Envir Opps I dy GBP,78.33
05/16/2012,Pictet - Global Envir Opps I dy GBP,78.33
05/17/2012,Pictet - Global Envir Opps I dy GBP,77.09
05/18/2012,Pictet - Global Envir Opps I dy GBP,76.57
05/19/2012,Pictet - Global Envir Opps I dy GBP,76.57
05/20/2012,Pictet - Global Envir Opps I dy GBP,76.57
05/21/2012,Pictet - Global Envir Opps I dy GBP,77.82
05/22/2012,Pictet - Global Envir Opps I dy GBP,78.16
05/23/2012,Pictet - Global Envir Opps I dy GBP,77.97
05/24/2012,Pictet - Global Envir Opps I dy GBP,78.33
05/25/2012,Pictet - Global Envir Opps I dy GBP,78.33
05/26/2012,Pictet - Global Envir Opps I dy GBP,78.33
05/27/2012,Pictet - Global Envir Opps I dy GBP,78.33
05/28/2012,Pictet - Global Envir Opps I dy GBP,78.32
05/29/2012,Pictet - Global Envir Opps I dy GBP,79.39
05/30/2012,Pictet - Global Envir Opps I dy GBP,78.53
05/31/2012,Pictet - Global Envir Opps I dy GBP,79.28
06/01/2012,Pictet - Global Envir Opps I dy GBP,77.19
06/02/2012,Pictet - Global Envir Opps I dy GBP,77.19
06/03/2012,Pictet - Global Envir Opps I dy GBP,77.19
06/04/2012,Pictet - Global Envir Opps I dy GBP,76.96
06/05/2012,Pictet - Global Envir Opps I dy GBP,77.11
06/06/2012,Pictet - Global Envir Opps I dy GBP,78.65
06/07/2012,Pictet - Global Envir Opps I dy GBP,78.89
06/08/2012,Pictet - Global Envir Opps I dy GBP,78.95
06/09/2012,Pictet - Global Envir Opps I dy GBP,78.95
06/10/2012,Pictet - Global Envir Opps I dy GBP,78.95
06/11/2012,Pictet - Global Envir Opps I dy GBP,78.18
06/12/2012,Pictet - Global Envir Opps I dy GBP,78.51
06/13/2012,Pictet - Global Envir Opps I dy GBP,78.27
06/14/2012,Pictet - Global Envir Opps I dy GBP,78.47
06/15/2012,Pictet - Global Envir Opps I dy GBP,78.6
06/16/2012,Pictet - Global Envir Opps I dy GBP,78.6
06/17/2012,Pictet - Global Envir Opps I dy GBP,78.6
06/18/2012,Pictet - Global Envir Opps I dy GBP,78.89
06/19/2012,Pictet - Global Envir Opps I dy GBP,79.76
06/20/2012,Pictet - Global Envir Opps I dy GBP,79.63
06/21/2012,Pictet - Global Envir Opps I dy GBP,78.49
06/22/2012,Pictet - Global Envir Opps I dy GBP,78.45
06/23/2012,Pictet - Global Envir Opps I dy GBP,78.45
06/24/2012,Pictet - Global Envir Opps I dy GBP,78.45
06/25/2012,Pictet - Global Envir Opps I dy GBP,77.29
06/26/2012,Pictet - Global Envir Opps I dy GBP,77.47
06/27/2012,Pictet - Global Envir Opps I dy GBP,78.62
06/28/2012,Pictet - Global Envir Opps I dy GBP,78.84
06/29/2012,Pictet - Global Envir Opps I dy GBP,80.28
06/30/2012,Pictet - Global Envir Opps I dy GBP,80.28
07/01/2012,Pictet - Global Envir Opps I dy GBP,80.28
07/02/2012,Pictet - Global Envir Opps I dy GBP,80.75
07/03/2012,Pictet - Global Envir Opps I dy GBP,81.58
07/04/2012,Pictet - Global Envir Opps I dy GBP,81.58
07/05/2012,Pictet - Global Envir Opps I dy GBP,81.8
07/06/2012,Pictet - Global Envir Opps I dy GBP,81.14
07/07/2012,Pictet - Global Envir Opps I dy GBP,81.14
07/08/2012,Pictet - Global Envir Opps I dy GBP,81.14
07/09/2012,Pictet - Global Envir Opps I dy GBP,80.82
07/10/2012,Pictet - Global Envir Opps I dy GBP,80.42
07/11/2012,Pictet - Global Envir Opps I dy GBP,80.57
07/12/2012,Pictet - Global Envir Opps I dy GBP,80.42
07/13/2012,Pictet - Global Envir Opps I dy GBP,80.91
07/14/2012,Pictet - Global Envir Opps I dy GBP,80.91
07/15/2012,Pictet - Global Envir Opps I dy GBP,80.91
07/16/2012,Pictet - Global Envir Opps I dy GBP,80.46
07/17/2012,Pictet - Global Envir Opps I dy GBP,81.01
07/18/2012,Pictet - Global Envir Opps I dy GBP,81.32
07/19/2012,Pictet - Global Envir Opps I dy GBP,81.43
07/20/2012,Pictet - Global Envir Opps I dy GBP,81.36
07/21/2012,Pictet - Global Envir Opps I dy GBP,81.36
07/22/2012,Pictet - Global Envir Opps I dy GBP,81.36
07/23/2012,Pictet - Global Envir Opps I dy GBP,80.48
07/24/2012,Pictet - Global Envir Opps I dy GBP,79.85
07/25/2012,Pictet - Global Envir Opps I dy GBP,79.78
07/26/2012,Pictet - Global Envir Opps I dy GBP,80.26
07/27/2012,Pictet - Global Envir Opps I dy GBP,81.67
07/28/2012,Pictet - Global Envir Opps I dy GBP,81.67
07/29/2012,Pictet - Global Envir Opps I dy GBP,81.67
07/30/2012,Pictet - Global Envir Opps I dy GBP,82.02
07/31/2012,Pictet - Global Envir Opps I dy GBP,81.79
08/01/2012,Pictet - Global Envir Opps I dy GBP,81.8
08/02/2012,Pictet - Global Envir Opps I dy GBP,80.95
08/03/2012,Pictet - Global Envir Opps I dy GBP,82.71
08/04/2012,Pictet - Global Envir Opps I dy GBP,82.71
08/05/2012,Pictet - Global Envir Opps I dy GBP,82.71
08/06/2012,Pictet - Global Envir Opps I dy GBP,82.57
08/07/2012,Pictet - Global Envir Opps I dy GBP,82.73
08/08/2012,Pictet - Global Envir Opps I dy GBP,82.64
08/09/2012,Pictet - Global Envir Opps I dy GBP,82.98
08/10/2012,Pictet - Global Envir Opps I dy GBP,82.78
08/11/2012,Pictet - Global Envir Opps I dy GBP,82.78
08/12/2012,Pictet - Global Envir Opps I dy GBP,82.78
08/13/2012,Pictet - Global Envir Opps I dy GBP,82.65
08/14/2012,Pictet - Global Envir Opps I dy GBP,82.65
08/15/2012,Pictet - Global Envir Opps I dy GBP,82.78
08/16/2012,Pictet - Global Envir Opps I dy GBP,83.55
08/17/2012,Pictet - Global Envir Opps I dy GBP,83.79
08/18/2012,Pictet - Global Envir Opps I dy GBP,83.79
08/19/2012,Pictet - Global Envir Opps I dy GBP,83.79
08/20/2012,Pictet - Global Envir Opps I dy GBP,83.3
08/21/2012,Pictet - Global Envir Opps I dy GBP,83.05
08/22/2012,Pictet - Global Envir Opps I dy GBP,82.7
08/23/2012,Pictet - Global Envir Opps I dy GBP,82.2
08/24/2012,Pictet - Global Envir Opps I dy GBP,82.51
08/25/2012,Pictet - Global Envir Opps I dy GBP,82.51
08/26/2012,Pictet - Global Envir Opps I dy GBP,82.51
08/27/2012,Pictet - Global Envir Opps I dy GBP,82.49
08/28/2012,Pictet - Global Envir Opps I dy GBP,82.19
08/29/2012,Pictet - Global Envir Opps I dy GBP,82.03
08/30/2012,Pictet - Global Envir Opps I dy GBP,81.57
08/31/2012,Pictet - Global Envir Opps I dy GBP,81.43
09/01/2012,Pictet - Global Envir Opps I dy GBP,81.43
09/02/2012,Pictet - Global Envir Opps I dy GBP,81.43
09/03/2012,Pictet - Global Envir Opps I dy GBP,81.43
09/04/2012,Pictet - Global Envir Opps I dy GBP,81.3
09/05/2012,Pictet - Global Envir Opps I dy GBP,81.24
09/06/2012,Pictet - Global Envir Opps I dy GBP,82.66
09/07/2012,Pictet - Global Envir Opps I dy GBP,83.05
09/08/2012,Pictet - Global Envir Opps I dy GBP,83.05
09/09/2012,Pictet - Global Envir Opps I dy GBP,83.05
09/10/2012,Pictet - Global Envir Opps I dy GBP,82.71
09/11/2012,Pictet - Global Envir Opps I dy GBP,82.41
09/12/2012,Pictet - Global Envir Opps I dy GBP,82.18
09/13/2012,Pictet - Global Envir Opps I dy GBP,82.59
09/14/2012,Pictet - Global Envir Opps I dy GBP,83.34
09/15/2012,Pictet - Global Envir Opps I dy GBP,83.34
09/16/2012,Pictet - Global Envir Opps I dy GBP,83.34
09/17/2012,Pictet - Global Envir Opps I dy GBP,82.67
09/18/2012,Pictet - Global Envir Opps I dy GBP,82.78
09/19/2012,Pictet - Global Envir Opps I dy GBP,82.83
09/20/2012,Pictet - Global Envir Opps I dy GBP,82.33
09/21/2012,Pictet - Global Envir Opps I dy GBP,82.54
09/22/2012,Pictet - Global Envir Opps I dy GBP,82.54
09/23/2012,Pictet - Global Envir Opps I dy GBP,82.54
09/24/2012,Pictet - Global Envir Opps I dy GBP,82.53
09/25/2012,Pictet - Global Envir Opps I dy GBP,82.25
09/26/2012,Pictet - Global Envir Opps I dy GBP,81.28
09/27/2012,Pictet - Global Envir Opps I dy GBP,81.86
09/28/2012,Pictet - Global Envir Opps I dy GBP,81.87
09/29/2012,Pictet - Global Envir Opps I dy GBP,81.87
09/30/2012,Pictet - Global Envir Opps I dy GBP,81.87
10/01/2012,Pictet - Global Envir Opps I dy GBP,82.31
10/02/2012,Pictet - Global Envir Opps I dy GBP,82.48
10/03/2012,Pictet - Global Envir Opps I dy GBP,82.54
10/04/2012,Pictet - Global Envir Opps I dy GBP,82.61
10/05/2012,Pictet - Global Envir Opps I dy GBP,83.46
10/06/2012,Pictet - Global Envir Opps I dy GBP,83.46
10/07/2012,Pictet - Global Envir Opps I dy GBP,83.46
10/08/2012,Pictet - Global Envir Opps I dy GBP,83.36
10/09/2012,Pictet - Global Envir Opps I dy GBP,82.69
10/10/2012,Pictet - Global Envir Opps I dy GBP,82.18
10/11/2012,Pictet - Global Envir Opps I dy GBP,82.46
10/12/2012,Pictet - Global Envir Opps I dy GBP,82.08
10/13/2012,Pictet - Global Envir Opps I dy GBP,82.08
10/14/2012,Pictet - Global Envir Opps I dy GBP,82.08
10/15/2012,Pictet - Global Envir Opps I dy GBP,82.53
10/16/2012,Pictet - Global Envir Opps I dy GBP,83.04
10/17/2012,Pictet - Global Envir Opps I dy GBP,83.58
10/18/2012,Pictet - Global Envir Opps I dy GBP,83.87
10/19/2012,Pictet - Global Envir Opps I dy GBP,83.18
10/20/2012,Pictet - Global Envir Opps I dy GBP,83.18
10/21/2012,Pictet - Global Envir Opps I dy GBP,83.18
10/22/2012,Pictet - Global Envir Opps I dy GBP,83.18
10/23/2012,Pictet - Global Envir Opps I dy GBP,82.37
10/24/2012,Pictet - Global Envir Opps I dy GBP,81.64
10/25/2012,Pictet - Global Envir Opps I dy GBP,81.7
10/26/2012,Pictet - Global Envir Opps I dy GBP,81.98
10/27/2012,Pictet - Global Envir Opps I dy GBP,81.98
10/28/2012,Pictet - Global Envir Opps I dy GBP,81.98
10/29/2012,Pictet - Global Envir Opps I dy GBP,81.98
10/30/2012,Pictet - Global Envir Opps I dy GBP,81.98
10/31/2012,Pictet - Global Envir Opps I dy GBP,81.86
11/01/2012,Pictet - Global Envir Opps I dy GBP,82.89
11/02/2012,Pictet - Global Envir Opps I dy GBP,82.94
11/03/2012,Pictet - Global Envir Opps I dy GBP,82.94
11/04/2012,Pictet - Global Envir Opps I dy GBP,82.94
11/05/2012,Pictet - Global Envir Opps I dy GBP,83.02
11/06/2012,Pictet - Global Envir Opps I dy GBP,83.53
11/07/2012,Pictet - Global Envir Opps I dy GBP,82.66
11/08/2012,Pictet - Global Envir Opps I dy GBP,81.78
11/09/2012,Pictet - Global Envir Opps I dy GBP,81.92
11/10/2012,Pictet - Global Envir Opps I dy GBP,81.92
11/11/2012,Pictet - Global Envir Opps I dy GBP,81.92
11/12/2012,Pictet - Global Envir Opps I dy GBP,81.62
11/13/2012,Pictet - Global Envir Opps I dy GBP,81.67
11/14/2012,Pictet - Global Envir Opps I dy GBP,80.96
11/15/2012,Pictet - Global Envir Opps I dy GBP,80.42
11/16/2012,Pictet - Global Envir Opps I dy GBP,80.42
11/17/2012,Pictet - Global Envir Opps I dy GBP,80.42
11/18/2012,Pictet - Global Envir Opps I dy GBP,80.42
11/19/2012,Pictet - Global Envir Opps I dy GBP,81.64
11/20/2012,Pictet - Global Envir Opps I dy GBP,81.99
11/21/2012,Pictet - Global Envir Opps I dy GBP,82.04
11/22/2012,Pictet - Global Envir Opps I dy GBP,82.49
11/23/2012,Pictet - Global Envir Opps I dy GBP,82.94
11/24/2012,Pictet - Global Envir Opps I dy GBP,82.94
11/25/2012,Pictet - Global Envir Opps I dy GBP,82.94
11/26/2012,Pictet - Global Envir Opps I dy GBP,82.76
11/27/2012,Pictet - Global Envir Opps I dy GBP,82.56
11/28/2012,Pictet - Global Envir Opps I dy GBP,83.11
11/29/2012,Pictet - Global Envir Opps I dy GBP,83.67
11/30/2012,Pictet - Global Envir Opps I dy GBP,83.59
12/01/2012,Pictet - Global Envir Opps I dy GBP,83.59
12/02/2012,Pictet - Global Envir Opps I dy GBP,83.59
12/03/2012,Pictet - Global Envir Opps I dy GBP,82.64
12/04/2012,Pictet - Global Envir Opps I dy GBP,82.76
12/05/2012,Pictet - Global Envir Opps I dy GBP,82.86
12/06/2012,Pictet - Global Envir Opps I dy GBP,83.31
12/07/2012,Pictet - Global Envir Opps I dy GBP,83.41
12/08/2012,Pictet - Global Envir Opps I dy GBP,83.41
12/09/2012,Pictet - Global Envir Opps I dy GBP,83.41
12/10/2012,Pictet - Global Envir Opps I dy GBP,83.44
12/11/2012,Pictet - Global Envir Opps I dy GBP,83.68
12/12/2012,Pictet - Global Envir Opps I dy GBP,83.82
12/13/2012,Pictet - Global Envir Opps I dy GBP,83.44
12/14/2012,Pictet - Global Envir Opps I dy GBP,83
12/15/2012,Pictet - Global Envir Opps I dy GBP,83
12/16/2012,Pictet - Global Envir Opps I dy GBP,83
12/17/2012,Pictet - Global Envir Opps I dy GBP,83.43
12/18/2012,Pictet - Global Envir Opps I dy GBP,83.96
12/19/2012,Pictet - Global Envir Opps I dy GBP,84.12
12/20/2012,Pictet - Global Envir Opps I dy GBP,84.52
12/21/2012,Pictet - Global Envir Opps I dy GBP,84.58
12/22/2012,Pictet - Global Envir Opps I dy GBP,84.58
12/23/2012,Pictet - Global Envir Opps I dy GBP,84.58
12/24/2012,Pictet - Global Envir Opps I dy GBP,84.58
12/25/2012,Pictet - Global Envir Opps I dy GBP,84.58
12/26/2012,Pictet - Global Envir Opps I dy GBP,84.38
12/27/2012,Pictet - Global Envir Opps I dy GBP,84.87
12/28/2012,Pictet - Global Envir Opps I dy GBP,84
12/29/2012,Pictet - Global Envir Opps I dy GBP,84
12/30/2012,Pictet - Global Envir Opps I dy GBP,84
12/31/2012,Pictet - Global Envir Opps I dy GBP,84.38
01/01/2013,Pictet - Global Envir Opps I dy GBP,84.38
01/02/2013,Pictet - Global Envir Opps I dy GBP,86.47
01/03/2013,Pictet - Global Envir Opps I dy GBP,87.29
01/04/2013,Pictet - Global Envir Opps I dy GBP,87.59
01/05/2013,Pictet - Global Envir Opps I dy GBP,87.59
01/06/2013,Pictet - Global Envir Opps I dy GBP,87.59
01/07/2013,Pictet - Global Envir Opps I dy GBP,87.05
01/08/2013,Pictet - Global Envir Opps I dy GBP,86.87
01/09/2013,Pictet - Global Envir Opps I dy GBP,87.45
01/10/2013,Pictet - Global Envir Opps I dy GBP,87.39
01/11/2013,Pictet - Global Envir Opps I dy GBP,87.65
01/12/2013,Pictet - Global Envir Opps I dy GBP,87.65
01/13/2013,Pictet - Global Envir Opps I dy GBP,87.65
01/14/2013,Pictet - Global Envir Opps I dy GBP,87.79
01/15/2013,Pictet - Global Envir Opps I dy GBP,87.89
01/16/2013,Pictet - Global Envir Opps I dy GBP,88.03
01/17/2013,Pictet - Global Envir Opps I dy GBP,89.48
01/18/2013,Pictet - Global Envir Opps I dy GBP,89.92
01/19/2013,Pictet - Global Envir Opps I dy GBP,89.92
01/20/2013,Pictet - Global Envir Opps I dy GBP,89.92
01/21/2013,Pictet - Global Envir Opps I dy GBP,90.46
01/22/2013,Pictet - Global Envir Opps I dy GBP,90.75
01/23/2013,Pictet - Global Envir Opps I dy GBP,90.77
01/24/2013,Pictet - Global Envir Opps I dy GBP,91.63
01/25/2013,Pictet - Global Envir Opps I dy GBP,92.14
01/26/2013,Pictet - Global Envir Opps I dy GBP,92.14
01/27/2013,Pictet - Global Envir Opps I dy GBP,92.14
01/28/2013,Pictet - Global Envir Opps I dy GBP,92.16
01/29/2013,Pictet - Global Envir Opps I dy GBP,92.3
01/30/2013,Pictet - Global Envir Opps I dy GBP,91.66
01/31/2013,Pictet - Global Envir Opps I dy GBP,91.43
02/01/2013,Pictet - Global Envir Opps I dy GBP,92.51
02/02/2013,Pictet - Global Envir Opps I dy GBP,92.51
02/03/2013,Pictet - Global Envir Opps I dy GBP,92.51
02/04/2013,Pictet - Global Envir Opps I dy GBP,91.31
02/05/2013,Pictet - Global Envir Opps I dy GBP,92.5
02/06/2013,Pictet - Global Envir Opps I dy GBP,92.39
02/07/2013,Pictet - Global Envir Opps I dy GBP,91.8
02/08/2013,Pictet - Global Envir Opps I dy GBP,92.25
02/09/2013,Pictet - Global Envir Opps I dy GBP,92.25
02/10/2013,Pictet - Global Envir Opps I dy GBP,92.25
02/11/2013,Pictet - Global Envir Opps I dy GBP,92.83
02/12/2013,Pictet - Global Envir Opps I dy GBP,93.47
02/13/2013,Pictet - Global Envir Opps I dy GBP,94
02/14/2013,Pictet - Global Envir Opps I dy GBP,93.93
02/15/2013,Pictet - Global Envir Opps I dy GBP,94.23
02/16/2013,Pictet - Global Envir Opps I dy GBP,94.23
02/17/2013,Pictet - Global Envir Opps I dy GBP,94.23
02/18/2013,Pictet - Global Envir Opps I dy GBP,94.13
02/19/2013,Pictet - Global Envir Opps I dy GBP,95.91
02/20/2013,Pictet - Global Envir Opps I dy GBP,95.24
02/21/2013,Pictet - Global Envir Opps I dy GBP,94.2
02/22/2013,Pictet - Global Envir Opps I dy GBP,95.77
02/23/2013,Pictet - Global Envir Opps I dy GBP,95.77
02/24/2013,Pictet - Global Envir Opps I dy GBP,95.77
02/25/2013,Pictet - Global Envir Opps I dy GBP,94.18
02/26/2013,Pictet - Global Envir Opps I dy GBP,94.76
02/27/2013,Pictet - Global Envir Opps I dy GBP,95.72
02/28/2013,Pictet - Global Envir Opps I dy GBP,96.87
03/01/2013,Pictet - Global Envir Opps I dy GBP,96.48
03/02/2013,Pictet - Global Envir Opps I dy GBP,96.48
03/03/2013,Pictet - Global Envir Opps I dy GBP,96.48
03/04/2013,Pictet - Global Envir Opps I dy GBP,96.19
03/05/2013,Pictet - Global Envir Opps I dy GBP,97.51
03/06/2013,Pictet - Global Envir Opps I dy GBP,98.16
03/07/2013,Pictet - Global Envir Opps I dy GBP,98.26
03/08/2013,Pictet - Global Envir Opps I dy GBP,99.63
03/09/2013,Pictet - Global Envir Opps I dy GBP,99.63
03/10/2013,Pictet - Global Envir Opps I dy GBP,99.63
03/11/2013,Pictet - Global Envir Opps I dy GBP,99.89
03/12/2013,Pictet - Global Envir Opps I dy GBP,98.96
03/13/2013,Pictet - Global Envir Opps I dy GBP,98.95
03/14/2013,Pictet - Global Envir Opps I dy GBP,98.42
03/15/2013,Pictet - Global Envir Opps I dy GBP,98.17
03/16/2013,Pictet - Global Envir Opps I dy GBP,98.17
03/17/2013,Pictet - Global Envir Opps I dy GBP,98.17
03/18/2013,Pictet - Global Envir Opps I dy GBP,98.06
03/19/2013,Pictet - Global Envir Opps I dy GBP,97.73
03/20/2013,Pictet - Global Envir Opps I dy GBP,97.84
03/21/2013,Pictet - Global Envir Opps I dy GBP,97.1
03/22/2013,Pictet - Global Envir Opps I dy GBP,97.37
03/23/2013,Pictet - Global Envir Opps I dy GBP,97.37
03/24/2013,Pictet - Global Envir Opps I dy GBP,97.37
03/25/2013,Pictet - Global Envir Opps I dy GBP,97.26
03/26/2013,Pictet - Global Envir Opps I dy GBP,97.82
03/27/2013,Pictet - Global Envir Opps I dy GBP,97.86
03/28/2013,Pictet - Global Envir Opps I dy GBP,97.86
03/29/2013,Pictet - Global Envir Opps I dy GBP,98.16
03/30/2013,Pictet - Global Envir Opps I dy GBP,98.16
03/31/2013,Pictet - Global Envir Opps I dy GBP,98.16
04/01/2013,Pictet - Global Envir Opps I dy GBP,97.45
04/02/2013,Pictet - Global Envir Opps I dy GBP,97.79
04/03/2013,Pictet - Global Envir Opps I dy GBP,97.19
04/04/2013,Pictet - Global Envir Opps I dy GBP,96.31
04/05/2013,Pictet - Global Envir Opps I dy GBP,95.61
04/06/2013,Pictet - Global Envir Opps I dy GBP,95.61
04/07/2013,Pictet - Global Envir Opps I dy GBP,95.61
04/08/2013,Pictet - Global Envir Opps I dy GBP,96.05
04/09/2013,Pictet - Global Envir Opps I dy GBP,96.33
04/10/2013,Pictet - Global Envir Opps I dy GBP,97.13
04/11/2013,Pictet - Global Envir Opps I dy GBP,97.25
04/12/2013,Pictet - Global Envir Opps I dy GBP,97.04
04/13/2013,Pictet - Global Envir Opps I dy GBP,97.04
04/14/2013,Pictet - Global Envir Opps I dy GBP,97.04
04/15/2013,Pictet - Global Envir Opps I dy GBP,95.02
04/16/2013,Pictet - Global Envir Opps I dy GBP,96.35
04/17/2013,Pictet - Global Envir Opps I dy GBP,95.01
04/18/2013,Pictet - Global Envir Opps I dy GBP,94.29
04/19/2013,Pictet - Global Envir Opps I dy GBP,95.56
04/20/2013,Pictet - Global Envir Opps I dy GBP,95.56
04/21/2013,Pictet - Global Envir Opps I dy GBP,95.56
04/22/2013,Pictet - Global Envir Opps I dy GBP,95.47
04/23/2013,Pictet - Global Envir Opps I dy GBP,96.28
04/24/2013,Pictet - Global Envir Opps I dy GBP,96.17
04/25/2013,Pictet - Global Envir Opps I dy GBP,96.49
04/26/2013,Pictet - Global Envir Opps I dy GBP,95.78
04/27/2013,Pictet - Global Envir Opps I dy GBP,95.78
04/28/2013,Pictet - Global Envir Opps I dy GBP,95.78
04/29/2013,Pictet - Global Envir Opps I dy GBP,96.47
04/30/2013,Pictet - Global Envir Opps I dy GBP,96.66
05/01/2013,Pictet - Global Envir Opps I dy GBP,95.74
05/02/2013,Pictet - Global Envir Opps I dy GBP,96.17
05/03/2013,Pictet - Global Envir Opps I dy GBP,96.8
05/04/2013,Pictet - Global Envir Opps I dy GBP,96.8
05/05/2013,Pictet - Global Envir Opps I dy GBP,96.8
05/06/2013,Pictet - Global Envir Opps I dy GBP,97.29
05/07/2013,Pictet - Global Envir Opps I dy GBP,98.01
05/08/2013,Pictet - Global Envir Opps I dy GBP,98.01
05/09/2013,Pictet - Global Envir Opps I dy GBP,98.57
05/10/2013,Pictet - Global Envir Opps I dy GBP,98.82
05/11/2013,Pictet - Global Envir Opps I dy GBP,98.82
05/12/2013,Pictet - Global Envir Opps I dy GBP,98.82
05/13/2013,Pictet - Global Envir Opps I dy GBP,99.12
05/14/2013,Pictet - Global Envir Opps I dy GBP,100.03
05/15/2013,Pictet - Global Envir Opps I dy GBP,100.59
05/16/2013,Pictet - Global Envir Opps I dy GBP,100.3
05/17/2013,Pictet - Global Envir Opps I dy GBP,100.3
05/18/2013,Pictet - Global Envir Opps I dy GBP,100.3
05/19/2013,Pictet - Global Envir Opps I dy GBP,100.3
05/20/2013,Pictet - Global Envir Opps I dy GBP,101.6
05/21/2013,Pictet - Global Envir Opps I dy GBP,102.21
05/22/2013,Pictet - Global Envir Opps I dy GBP,101.33
05/23/2013,Pictet - Global Envir Opps I dy GBP,100.67
05/24/2013,Pictet - Global Envir Opps I dy GBP,100.09
05/25/2013,Pictet - Global Envir Opps I dy GBP,100.09
05/26/2013,Pictet - Global Envir Opps I dy GBP,100.09
05/27/2013,Pictet - Global Envir Opps I dy GBP,100.28
05/28/2013,Pictet - Global Envir Opps I dy GBP,101.03
05/29/2013,Pictet - Global Envir Opps I dy GBP,99.08
05/30/2013,Pictet - Global Envir Opps I dy GBP,99.25
05/31/2013,Pictet - Global Envir Opps I dy GBP,97.99
06/01/2013,Pictet - Global Envir Opps I dy GBP,97.99
06/02/2013,Pictet - Global Envir Opps I dy GBP,97.99
06/03/2013,Pictet - Global Envir Opps I dy GBP,98.03
06/04/2013,Pictet - Global Envir Opps I dy GBP,96.98
06/05/2013,Pictet - Global Envir Opps I dy GBP,95.06
06/06/2013,Pictet - Global Envir Opps I dy GBP,94.91
06/07/2013,Pictet - Global Envir Opps I dy GBP,95.68
06/08/2013,Pictet - Global Envir Opps I dy GBP,95.68
06/09/2013,Pictet - Global Envir Opps I dy GBP,95.68
06/10/2013,Pictet - Global Envir Opps I dy GBP,95.44
06/11/2013,Pictet - Global Envir Opps I dy GBP,94.06
06/12/2013,Pictet - Global Envir Opps I dy GBP,93.21
06/13/2013,Pictet - Global Envir Opps I dy GBP,94.27
06/14/2013,Pictet - Global Envir Opps I dy GBP,93.74
06/15/2013,Pictet - Global Envir Opps I dy GBP,93.74
06/16/2013,Pictet - Global Envir Opps I dy GBP,93.74
06/17/2013,Pictet - Global Envir Opps I dy GBP,94.63
06/18/2013,Pictet - Global Envir Opps I dy GBP,95.59
06/19/2013,Pictet - Global Envir Opps I dy GBP,94.54
06/20/2013,Pictet - Global Envir Opps I dy GBP,92.23
06/21/2013,Pictet - Global Envir Opps I dy GBP,92.18
06/22/2013,Pictet - Global Envir Opps I dy GBP,92.18
06/23/2013,Pictet - Global Envir Opps I dy GBP,92.18
06/24/2013,Pictet - Global Envir Opps I dy GBP,90.57
06/25/2013,Pictet - Global Envir Opps I dy GBP,92.01
06/26/2013,Pictet - Global Envir Opps I dy GBP,93.56
06/27/2013,Pictet - Global Envir Opps I dy GBP,94.79
06/28/2013,Pictet - Global Envir Opps I dy GBP,94.68
06/29/2013,Pictet - Global Envir Opps I dy GBP,94.68
06/30/2013,Pictet - Global Envir Opps I dy GBP,94.68
07/01/2013,Pictet - Global Envir Opps I dy GBP,95.37
07/02/2013,Pictet - Global Envir Opps I dy GBP,94.75
07/03/2013,Pictet - Global Envir Opps I dy GBP,94.54
07/04/2013,Pictet - Global Envir Opps I dy GBP,96.54
07/05/2013,Pictet - Global Envir Opps I dy GBP,96.91
07/06/2013,Pictet - Global Envir Opps I dy GBP,96.91
07/07/2013,Pictet - Global Envir Opps I dy GBP,96.91
07/08/2013,Pictet - Global Envir Opps I dy GBP,97.84
07/09/2013,Pictet - Global Envir Opps I dy GBP,98.61
07/10/2013,Pictet - Global Envir Opps I dy GBP,98.03
07/11/2013,Pictet - Global Envir Opps I dy GBP,99.1
07/12/2013,Pictet - Global Envir Opps I dy GBP,99.3
07/13/2013,Pictet - Global Envir Opps I dy GBP,99.3
07/14/2013,Pictet - Global Envir Opps I dy GBP,99.3
07/15/2013,Pictet - Global Envir Opps I dy GBP,99.87
07/16/2013,Pictet - Global Envir Opps I dy GBP,98.66
07/17/2013,Pictet - Global Envir Opps I dy GBP,98.81
07/18/2013,Pictet - Global Envir Opps I dy GBP,99.15
07/19/2013,Pictet - Global Envir Opps I dy GBP,98.96
07/20/2013,Pictet - Global Envir Opps I dy GBP,98.96
07/21/2013,Pictet - Global Envir Opps I dy GBP,98.96
07/22/2013,Pictet - Global Envir Opps I dy GBP,99.1
07/23/2013,Pictet - Global Envir Opps I dy GBP,99.03
07/24/2013,Pictet - Global Envir Opps I dy GBP,98.69
07/25/2013,Pictet - Global Envir Opps I dy GBP,98.39
07/26/2013,Pictet - Global Envir Opps I dy GBP,97.96
07/27/2013,Pictet - Global Envir Opps I dy GBP,97.96
07/28/2013,Pictet - Global Envir Opps I dy GBP,97.96
07/29/2013,Pictet - Global Envir Opps I dy GBP,98.3
07/30/2013,Pictet - Global Envir Opps I dy GBP,98.64
07/31/2013,Pictet - Global Envir Opps I dy GBP,98.85
08/01/2013,Pictet - Global Envir Opps I dy GBP,100.1
08/02/2013,Pictet - Global Envir Opps I dy GBP,98.94
08/03/2013,Pictet - Global Envir Opps I dy GBP,98.94
08/04/2013,Pictet - Global Envir Opps I dy GBP,98.94
08/05/2013,Pictet - Global Envir Opps I dy GBP,98.82
08/06/2013,Pictet - Global Envir Opps I dy GBP,98.31
08/07/2013,Pictet - Global Envir Opps I dy GBP,96.57
08/08/2013,Pictet - Global Envir Opps I dy GBP,97.11
08/09/2013,Pictet - Global Envir Opps I dy GBP,97.45
08/10/2013,Pictet - Global Envir Opps I dy GBP,97.45
08/11/2013,Pictet - Global Envir Opps I dy GBP,97.45
08/12/2013,Pictet - Global Envir Opps I dy GBP,97.52
08/13/2013,Pictet - Global Envir Opps I dy GBP,97.24
08/14/2013,Pictet - Global Envir Opps I dy GBP,97.24
08/15/2013,Pictet - Global Envir Opps I dy GBP,95.07
08/16/2013,Pictet - Global Envir Opps I dy GBP,94.92
08/17/2013,Pictet - Global Envir Opps I dy GBP,94.92
08/18/2013,Pictet - Global Envir Opps I dy GBP,94.92
08/19/2013,Pictet - Global Envir Opps I dy GBP,94.11
08/20/2013,Pictet - Global Envir Opps I dy GBP,94.37
08/21/2013,Pictet - Global Envir Opps I dy GBP,94.79
08/22/2013,Pictet - Global Envir Opps I dy GBP,95.6
08/23/2013,Pictet - Global Envir Opps I dy GBP,96.39
08/24/2013,Pictet - Global Envir Opps I dy GBP,96.39
08/25/2013,Pictet - Global Envir Opps I dy GBP,96.39
08/26/2013,Pictet - Global Envir Opps I dy GBP,96.4
08/27/2013,Pictet - Global Envir Opps I dy GBP,94.83
08/28/2013,Pictet - Global Envir Opps I dy GBP,94.82
08/29/2013,Pictet - Global Envir Opps I dy GBP,95.43
08/30/2013,Pictet - Global Envir Opps I dy GBP,94.3
08/31/2013,Pictet - Global Envir Opps I dy GBP,94.3
09/01/2013,Pictet - Global Envir Opps I dy GBP,94.3
09/02/2013,Pictet - Global Envir Opps I dy GBP,94.81
09/03/2013,Pictet - Global Envir Opps I dy GBP,94.85
09/04/2013,Pictet - Global Envir Opps I dy GBP,95.49
09/05/2013,Pictet - Global Envir Opps I dy GBP,96.24
09/06/2013,Pictet - Global Envir Opps I dy GBP,96.14
09/07/2013,Pictet - Global Envir Opps I dy GBP,96.14
09/08/2013,Pictet - Global Envir Opps I dy GBP,96.14
09/09/2013,Pictet - Global Envir Opps I dy GBP,97.03
09/10/2013,Pictet - Global Envir Opps I dy GBP,97.66
09/11/2013,Pictet - Global Envir Opps I dy GBP,97.4
09/12/2013,Pictet - Global Envir Opps I dy GBP,97.05
09/13/2013,Pictet - Global Envir Opps I dy GBP,96.63
09/14/2013,Pictet - Global Envir Opps I dy GBP,96.63
09/15/2013,Pictet - Global Envir Opps I dy GBP,96.63
09/16/2013,Pictet - Global Envir Opps I dy GBP,97.6
09/17/2013,Pictet - Global Envir Opps I dy GBP,97.21
09/18/2013,Pictet - Global Envir Opps I dy GBP,98.13
09/19/2013,Pictet - Global Envir Opps I dy GBP,98.29
09/20/2013,Pictet - Global Envir Opps I dy GBP,97.77
09/21/2013,Pictet - Global Envir Opps I dy GBP,97.77
09/22/2013,Pictet - Global Envir Opps I dy GBP,97.77
09/23/2013,Pictet - Global Envir Opps I dy GBP,97.65
09/24/2013,Pictet - Global Envir Opps I dy GBP,97.84
09/25/2013,Pictet - Global Envir Opps I dy GBP,97.66
09/26/2013,Pictet - Global Envir Opps I dy GBP,97.81
09/27/2013,Pictet - Global Envir Opps I dy GBP,97.24
09/28/2013,Pictet - Global Envir Opps I dy GBP,97.24
09/29/2013,Pictet - Global Envir Opps I dy GBP,97.24
09/30/2013,Pictet - Global Envir Opps I dy GBP,96.71
10/01/2013,Pictet - Global Envir Opps I dy GBP,97.68
10/02/2013,Pictet - Global Envir Opps I dy GBP,97.68
10/03/2013,Pictet - Global Envir Opps I dy GBP,98
10/04/2013,Pictet - Global Envir Opps I dy GBP,98.38
10/05/2013,Pictet - Global Envir Opps I dy GBP,98.38
10/06/2013,Pictet - Global Envir Opps I dy GBP,98.38
10/07/2013,Pictet - Global Envir Opps I dy GBP,97.81
10/08/2013,Pictet - Global Envir Opps I dy GBP,97.45
10/09/2013,Pictet - Global Envir Opps I dy GBP,97.41
10/10/2013,Pictet - Global Envir Opps I dy GBP,98.95
10/11/2013,Pictet - Global Envir Opps I dy GBP,99.59
10/12/2013,Pictet - Global Envir Opps I dy GBP,99.59
10/13/2013,Pictet - Global Envir Opps I dy GBP,99.59
10/14/2013,Pictet - Global Envir Opps I dy GBP,100.05
10/15/2013,Pictet - Global Envir Opps I dy GBP,99.05
10/16/2013,Pictet - Global Envir Opps I dy GBP,99.71
10/17/2013,Pictet - Global Envir Opps I dy GBP,99.63
10/18/2013,Pictet - Global Envir Opps I dy GBP,100.69
10/19/2013,Pictet - Global Envir Opps I dy GBP,100.69
10/20/2013,Pictet - Global Envir Opps I dy GBP,100.69
10/21/2013,Pictet - Global Envir Opps I dy GBP,101.13
10/22/2013,Pictet - Global Envir Opps I dy GBP,101.54
10/23/2013,Pictet - Global Envir Opps I dy GBP,100.93
10/24/2013,Pictet - Global Envir Opps I dy GBP,100.92
10/25/2013,Pictet - Global Envir Opps I dy GBP,100.92
10/26/2013,Pictet - Global Envir Opps I dy GBP,100.92
10/27/2013,Pictet - Global Envir Opps I dy GBP,100.92
10/28/2013,Pictet - Global Envir Opps I dy GBP,101.24
10/29/2013,Pictet - Global Envir Opps I dy GBP,101.6
10/30/2013,Pictet - Global Envir Opps I dy GBP,101.17
10/31/2013,Pictet - Global Envir Opps I dy GBP,101.08
11/01/2013,Pictet - Global Envir Opps I dy GBP,101.5
11/02/2013,Pictet - Global Envir Opps I dy GBP,101.5
11/03/2013,Pictet - Global Envir Opps I dy GBP,101.5
11/04/2013,Pictet - Global Envir Opps I dy GBP,101.37
11/05/2013,Pictet - Global Envir Opps I dy GBP,100.43
11/06/2013,Pictet - Global Envir Opps I dy GBP,100.7
11/07/2013,Pictet - Global Envir Opps I dy GBP,99.54
11/08/2013,Pictet - Global Envir Opps I dy GBP,100.44
11/09/2013,Pictet - Global Envir Opps I dy GBP,100.44
11/10/2013,Pictet - Global Envir Opps I dy GBP,100.44
11/11/2013,Pictet - Global Envir Opps I dy GBP,101.36
11/12/2013,Pictet - Global Envir Opps I dy GBP,100.51
11/13/2013,Pictet - Global Envir Opps I dy GBP,100.57
11/14/2013,Pictet - Global Envir Opps I dy GBP,100.93
11/15/2013,Pictet - Global Envir Opps I dy GBP,101.29
11/16/2013,Pictet - Global Envir Opps I dy GBP,101.29
11/17/2013,Pictet - Global Envir Opps I dy GBP,101.29
11/18/2013,Pictet - Global Envir Opps I dy GBP,101.44
11/19/2013,Pictet - Global Envir Opps I dy GBP,100.55
11/20/2013,Pictet - Global Envir Opps I dy GBP,100.41
11/21/2013,Pictet - Global Envir Opps I dy GBP,100.29
11/22/2013,Pictet - Global Envir Opps I dy GBP,100.68
11/23/2013,Pictet - Global Envir Opps I dy GBP,100.68
11/24/2013,Pictet - Global Envir Opps I dy GBP,100.68
11/25/2013,Pictet - Global Envir Opps I dy GBP,100.76
11/26/2013,Pictet - Global Envir Opps I dy GBP,100.17
11/27/2013,Pictet - Global Envir Opps I dy GBP,100.26
11/28/2013,Pictet - Global Envir Opps I dy GBP,100.58
11/29/2013,Pictet - Global Envir Opps I dy GBP,99.97
11/30/2013,Pictet - Global Envir Opps I dy GBP,99.97
12/01/2013,Pictet - Global Envir Opps I dy GBP,99.97
12/02/2013,Pictet - Global Envir Opps I dy GBP,99.41
12/03/2013,Pictet - Global Envir Opps I dy GBP,98
12/04/2013,Pictet - Global Envir Opps I dy GBP,97.79
12/05/2013,Pictet - Global Envir Opps I dy GBP,97.8
12/06/2013,Pictet - Global Envir Opps I dy GBP,98.57
12/07/2013,Pictet - Global Envir Opps I dy GBP,98.57
12/08/2013,Pictet - Global Envir Opps I dy GBP,98.57
12/09/2013,Pictet - Global Envir Opps I dy GBP,98.49
12/10/2013,Pictet - Global Envir Opps I dy GBP,98.7
12/11/2013,Pictet - Global Envir Opps I dy GBP,97.7
12/12/2013,Pictet - Global Envir Opps I dy GBP,97.96
12/13/2013,Pictet - Global Envir Opps I dy GBP,97.95
12/14/2013,Pictet - Global Envir Opps I dy GBP,97.95
12/15/2013,Pictet - Global Envir Opps I dy GBP,97.95
12/16/2013,Pictet - Global Envir Opps I dy GBP,98.89
12/17/2013,Pictet - Global Envir Opps I dy GBP,98.61
12/18/2013,Pictet - Global Envir Opps I dy GBP,99.46
12/19/2013,Pictet - Global Envir Opps I dy GBP,99.78
12/20/2013,Pictet - Global Envir Opps I dy GBP,100.48
12/21/2013,Pictet - Global Envir Opps I dy GBP,100.48
12/22/2013,Pictet - Global Envir Opps I dy GBP,100.48
12/23/2013,Pictet - Global Envir Opps I dy GBP,101.16
12/24/2013,Pictet - Global Envir Opps I dy GBP,101.16
12/25/2013,Pictet - Global Envir Opps I dy GBP,101.16
12/26/2013,Pictet - Global Envir Opps I dy GBP,101.07
12/27/2013,Pictet - Global Envir Opps I dy GBP,101.39
12/28/2013,Pictet - Global Envir Opps I dy GBP,101.39
12/29/2013,Pictet - Global Envir Opps I dy GBP,101.39
12/30/2013,Pictet - Global Envir Opps I dy GBP,101.56
12/31/2013,Pictet - Global Envir Opps I dy GBP,101.27
01/01/2014,Pictet - Global Envir Opps I dy GBP,101.27
01/02/2014,Pictet - Global Envir Opps I dy GBP,100.96
01/03/2014,Pictet - Global Envir Opps I dy GBP,101.6
01/04/2014,Pictet - Global Envir Opps I dy GBP,101.6
01/05/2014,Pictet - Global Envir Opps I dy GBP,101.6
01/06/2014,Pictet - Global Envir Opps I dy GBP,100.89
01/07/2014,Pictet - Global Envir Opps I dy GBP,101.36
01/08/2014,Pictet - Global Envir Opps I dy GBP,101.01
01/09/2014,Pictet - Global Envir Opps I dy GBP,100.99
01/10/2014,Pictet - Global Envir Opps I dy GBP,101.59
01/11/2014,Pictet - Global Envir Opps I dy GBP,101.59
01/12/2014,Pictet - Global Envir Opps I dy GBP,101.59
01/13/2014,Pictet - Global Envir Opps I dy GBP,100.77
01/14/2014,Pictet - Global Envir Opps I dy GBP,101.71
01/15/2014,Pictet - Global Envir Opps I dy GBP,102.87
01/16/2014,Pictet - Global Envir Opps I dy GBP,102.44
01/17/2014,Pictet - Global Envir Opps I dy GBP,102.08
01/18/2014,Pictet - Global Envir Opps I dy GBP,102.08
01/19/2014,Pictet - Global Envir Opps I dy GBP,102.08
01/20/2014,Pictet - Global Envir Opps I dy GBP,102.03
01/21/2014,Pictet - Global Envir Opps I dy GBP,101.56
01/22/2014,Pictet - Global Envir Opps I dy GBP,101.6
01/23/2014,Pictet - Global Envir Opps I dy GBP,100.35
01/24/2014,Pictet - Global Envir Opps I dy GBP,98.08
01/25/2014,Pictet - Global Envir Opps I dy GBP,98.08
01/26/2014,Pictet - Global Envir Opps I dy GBP,98.08
01/27/2014,Pictet - Global Envir Opps I dy GBP,97.68
01/28/2014,Pictet - Global Envir Opps I dy GBP,98.73
01/29/2014,Pictet - Global Envir Opps I dy GBP,98.33
01/30/2014,Pictet - Global Envir Opps I dy GBP,98.91
01/31/2014,Pictet - Global Envir Opps I dy GBP,99.28
02/01/2014,Pictet - Global Envir Opps I dy GBP,99.28
02/02/2014,Pictet - Global Envir Opps I dy GBP,99.28
02/03/2014,Pictet - Global Envir Opps I dy GBP,96.96
02/04/2014,Pictet - Global Envir Opps I dy GBP,97.77
02/05/2014,Pictet - Global Envir Opps I dy GBP,97.71
02/06/2014,Pictet - Global Envir Opps I dy GBP,98.85
02/07/2014,Pictet - Global Envir Opps I dy GBP,99.56
02/08/2014,Pictet - Global Envir Opps I dy GBP,99.56
02/09/2014,Pictet - Global Envir Opps I dy GBP,99.56
02/10/2014,Pictet - Global Envir Opps I dy GBP,99.62
02/11/2014,Pictet - Global Envir Opps I dy GBP,99.85
02/12/2014,Pictet - Global Envir Opps I dy GBP,99.62
02/13/2014,Pictet - Global Envir Opps I dy GBP,99.87
02/14/2014,Pictet - Global Envir Opps I dy GBP,100.23
02/15/2014,Pictet - Global Envir Opps I dy GBP,100.23
02/16/2014,Pictet - Global Envir Opps I dy GBP,100.23
02/17/2014,Pictet - Global Envir Opps I dy GBP,100.49
02/18/2014,Pictet - Global Envir Opps I dy GBP,100.81
02/19/2014,Pictet - Global Envir Opps I dy GBP,100.48
02/20/2014,Pictet - Global Envir Opps I dy GBP,101.28
02/21/2014,Pictet - Global Envir Opps I dy GBP,101.35
02/22/2014,Pictet - Global Envir Opps I dy GBP,101.35
02/23/2014,Pictet - Global Envir Opps I dy GBP,101.35
02/24/2014,Pictet - Global Envir Opps I dy GBP,101.47
02/25/2014,Pictet - Global Envir Opps I dy GBP,101.49
02/26/2014,Pictet - Global Envir Opps I dy GBP,102
02/27/2014,Pictet - Global Envir Opps I dy GBP,102.24
02/28/2014,Pictet - Global Envir Opps I dy GBP,102.5
03/01/2014,Pictet - Global Envir Opps I dy GBP,102.5
03/02/2014,Pictet - Global Envir Opps I dy GBP,102.5
03/03/2014,Pictet - Global Envir Opps I dy GBP,101.66
03/04/2014,Pictet - Global Envir Opps I dy GBP,103.3
03/05/2014,Pictet - Global Envir Opps I dy GBP,103.23
03/06/2014,Pictet - Global Envir Opps I dy GBP,103.91
03/07/2014,Pictet - Global Envir Opps I dy GBP,104.03
03/08/2014,Pictet - Global Envir Opps I dy GBP,104.03
03/09/2014,Pictet - Global Envir Opps I dy GBP,104.03
03/10/2014,Pictet - Global Envir Opps I dy GBP,103.84
03/11/2014,Pictet - Global Envir Opps I dy GBP,103.32
03/12/2014,Pictet - Global Envir Opps I dy GBP,102.54
03/13/2014,Pictet - Global Envir Opps I dy GBP,101.64
03/14/2014,Pictet - Global Envir Opps I dy GBP,101.26
03/15/2014,Pictet - Global Envir Opps I dy GBP,101.26
03/16/2014,Pictet - Global Envir Opps I dy GBP,101.26
03/17/2014,Pictet - Global Envir Opps I dy GBP,102.31
03/18/2014,Pictet - Global Envir Opps I dy GBP,102.83
03/19/2014,Pictet - Global Envir Opps I dy GBP,102.63
03/20/2014,Pictet - Global Envir Opps I dy GBP,102.83
03/21/2014,Pictet - Global Envir Opps I dy GBP,102.82
03/22/2014,Pictet - Global Envir Opps I dy GBP,102.82
03/23/2014,Pictet - Global Envir Opps I dy GBP,102.82
03/24/2014,Pictet - Global Envir Opps I dy GBP,102.19
03/25/2014,Pictet - Global Envir Opps I dy GBP,102.51
03/26/2014,Pictet - Global Envir Opps I dy GBP,101.33
03/27/2014,Pictet - Global Envir Opps I dy GBP,101.56
03/28/2014,Pictet - Global Envir Opps I dy GBP,102.27
03/29/2014,Pictet - Global Envir Opps I dy GBP,102.27
03/30/2014,Pictet - Global Envir Opps I dy GBP,102.27
03/31/2014,Pictet - Global Envir Opps I dy GBP,103.18
04/01/2014,Pictet - Global Envir Opps I dy GBP,104.01
04/02/2014,Pictet - Global Envir Opps I dy GBP,104.46
04/03/2014,Pictet - Global Envir Opps I dy GBP,104.29
04/04/2014,Pictet - Global Envir Opps I dy GBP,103.65
04/05/2014,Pictet - Global Envir Opps I dy GBP,103.65
04/06/2014,Pictet - Global Envir Opps I dy GBP,103.65
04/07/2014,Pictet - Global Envir Opps I dy GBP,101.61
04/08/2014,Pictet - Global Envir Opps I dy GBP,101.77
04/09/2014,Pictet - Global Envir Opps I dy GBP,102.71
04/10/2014,Pictet - Global Envir Opps I dy GBP,101.27
04/11/2014,Pictet - Global Envir Opps I dy GBP,100.18
04/12/2014,Pictet - Global Envir Opps I dy GBP,100.18
04/13/2014,Pictet - Global Envir Opps I dy GBP,100.18
04/14/2014,Pictet - Global Envir Opps I dy GBP,100.2
04/15/2014,Pictet - Global Envir Opps I dy GBP,99.95
04/16/2014,Pictet - Global Envir Opps I dy GBP,101.06
04/17/2014,Pictet - Global Envir Opps I dy GBP,101.06
04/18/2014,Pictet - Global Envir Opps I dy GBP,101.06
04/19/2014,Pictet - Global Envir Opps I dy GBP,101.06
04/20/2014,Pictet - Global Envir Opps I dy GBP,101.06
04/21/2014,Pictet - Global Envir Opps I dy GBP,101.65
04/22/2014,Pictet - Global Envir Opps I dy GBP,102.61
04/23/2014,Pictet - Global Envir Opps I dy GBP,102.3
04/24/2014,Pictet - Global Envir Opps I dy GBP,102.35
04/25/2014,Pictet - Global Envir Opps I dy GBP,101.14
04/26/2014,Pictet - Global Envir Opps I dy GBP,101.14
04/27/2014,Pictet - Global Envir Opps I dy GBP,101.14
04/28/2014,Pictet - Global Envir Opps I dy GBP,101.06
04/29/2014,Pictet - Global Envir Opps I dy GBP,101.11
04/30/2014,Pictet - Global Envir Opps I dy GBP,100.94
05/01/2014,Pictet - Global Envir Opps I dy GBP,100.94
05/02/2014,Pictet - Global Envir Opps I dy GBP,101.35
05/03/2014,Pictet - Global Envir Opps I dy GBP,101.35
05/04/2014,Pictet - Global Envir Opps I dy GBP,101.35
05/05/2014,Pictet - Global Envir Opps I dy GBP,100.85
05/06/2014,Pictet - Global Envir Opps I dy GBP,100.12
05/07/2014,Pictet - Global Envir Opps I dy GBP,100.38
05/08/2014,Pictet - Global Envir Opps I dy GBP,100.48
05/09/2014,Pictet - Global Envir Opps I dy GBP,100.48
05/10/2014,Pictet - Global Envir Opps I dy GBP,100.48
05/11/2014,Pictet - Global Envir Opps I dy GBP,100.48
05/12/2014,Pictet - Global Envir Opps I dy GBP,102.06
05/13/2014,Pictet - Global Envir Opps I dy GBP,102.28
05/14/2014,Pictet - Global Envir Opps I dy GBP,102.17
05/15/2014,Pictet - Global Envir Opps I dy GBP,101.07
05/16/2014,Pictet - Global Envir Opps I dy GBP,101.17
05/17/2014,Pictet - Global Envir Opps I dy GBP,101.17
05/18/2014,Pictet - Global Envir Opps I dy GBP,101.17
05/19/2014,Pictet - Global Envir Opps I dy GBP,101.54
05/20/2014,Pictet - Global Envir Opps I dy GBP,100.55
05/21/2014,Pictet - Global Envir Opps I dy GBP,101.29
05/22/2014,Pictet - Global Envir Opps I dy GBP,101.8
05/23/2014,Pictet - Global Envir Opps I dy GBP,102.52
05/24/2014,Pictet - Global Envir Opps I dy GBP,102.52
05/25/2014,Pictet - Global Envir Opps I dy GBP,102.52
05/26/2014,Pictet - Global Envir Opps I dy GBP,102.52
05/27/2014,Pictet - Global Envir Opps I dy GBP,103.3
05/28/2014,Pictet - Global Envir Opps I dy GBP,103.3
05/29/2014,Pictet - Global Envir Opps I dy GBP,103.79
05/30/2014,Pictet - Global Envir Opps I dy GBP,103.59
05/31/2014,Pictet - Global Envir Opps I dy GBP,103.59
06/01/2014,Pictet - Global Envir Opps I dy GBP,103.59
06/02/2014,Pictet - Global Envir Opps I dy GBP,103.78
06/03/2014,Pictet - Global Envir Opps I dy GBP,103.64
06/04/2014,Pictet - Global Envir Opps I dy GBP,103.57
06/05/2014,Pictet - Global Envir Opps I dy GBP,104.11
06/06/2014,Pictet - Global Envir Opps I dy GBP,104.11
06/07/2014,Pictet - Global Envir Opps I dy GBP,104.11
06/08/2014,Pictet - Global Envir Opps I dy GBP,104.11
06/09/2014,Pictet - Global Envir Opps I dy GBP,105.13
06/10/2014,Pictet - Global Envir Opps I dy GBP,105.12
06/11/2014,Pictet - Global Envir Opps I dy GBP,104.29
06/12/2014,Pictet - Global Envir Opps I dy GBP,103.1
06/13/2014,Pictet - Global Envir Opps I dy GBP,102.95
06/14/2014,Pictet - Global Envir Opps I dy GBP,102.95
06/15/2014,Pictet - Global Envir Opps I dy GBP,102.95
06/16/2014,Pictet - Global Envir Opps I dy GBP,103.25
06/17/2014,Pictet - Global Envir Opps I dy GBP,103.8
06/18/2014,Pictet - Global Envir Opps I dy GBP,103.97
06/19/2014,Pictet - Global Envir Opps I dy GBP,103.91
06/20/2014,Pictet - Global Envir Opps I dy GBP,103.91
06/21/2014,Pictet - Global Envir Opps I dy GBP,103.91
06/22/2014,Pictet - Global Envir Opps I dy GBP,103.91
06/23/2014,Pictet - Global Envir Opps I dy GBP,104.23
06/24/2014,Pictet - Global Envir Opps I dy GBP,103.88
06/25/2014,Pictet - Global Envir Opps I dy GBP,103.6
06/26/2014,Pictet - Global Envir Opps I dy GBP,103.69
06/27/2014,Pictet - Global Envir Opps I dy GBP,104.18
06/28/2014,Pictet - Global Envir Opps I dy GBP,104.18
06/29/2014,Pictet - Global Envir Opps I dy GBP,104.18
06/30/2014,Pictet - Global Envir Opps I dy GBP,103.73
07/01/2014,Pictet - Global Envir Opps I dy GBP,104.05
07/02/2014,Pictet - Global Envir Opps I dy GBP,103.6
07/03/2014,Pictet - Global Envir Opps I dy GBP,104.15
07/04/2014,Pictet - Global Envir Opps I dy GBP,104.15
07/05/2014,Pictet - Global Envir Opps I dy GBP,104.15
07/06/2014,Pictet - Global Envir Opps I dy GBP,104.15
07/07/2014,Pictet - Global Envir Opps I dy GBP,103.57
07/08/2014,Pictet - Global Envir Opps I dy GBP,102.87
07/09/2014,Pictet - Global Envir Opps I dy GBP,102.85
07/10/2014,Pictet - Global Envir Opps I dy GBP,102.04
07/11/2014,Pictet - Global Envir Opps I dy GBP,102.28
07/12/2014,Pictet - Global Envir Opps I dy GBP,102.28
07/13/2014,Pictet - Global Envir Opps I dy GBP,102.28
07/14/2014,Pictet - Global Envir Opps I dy GBP,102.72
07/15/2014,Pictet - Global Envir Opps I dy GBP,102.02
07/16/2014,Pictet - Global Envir Opps I dy GBP,102.4
07/17/2014,Pictet - Global Envir Opps I dy GBP,101.54
07/18/2014,Pictet - Global Envir Opps I dy GBP,102.41
07/19/2014,Pictet - Global Envir Opps I dy GBP,102.41
07/20/2014,Pictet - Global Envir Opps I dy GBP,102.41
07/21/2014,Pictet - Global Envir Opps I dy GBP,102.32
07/22/2014,Pictet - Global Envir Opps I dy GBP,102.85
07/23/2014,Pictet - Global Envir Opps I dy GBP,102.73
07/24/2014,Pictet - Global Envir Opps I dy GBP,103.27
07/25/2014,Pictet - Global Envir Opps I dy GBP,102.49
07/26/2014,Pictet - Global Envir Opps I dy GBP,102.49
07/27/2014,Pictet - Global Envir Opps I dy GBP,102.49
07/28/2014,Pictet - Global Envir Opps I dy GBP,102.23
07/29/2014,Pictet - Global Envir Opps I dy GBP,101.9
07/30/2014,Pictet - Global Envir Opps I dy GBP,101.64
07/31/2014,Pictet - Global Envir Opps I dy GBP,100.23
08/01/2014,Pictet - Global Envir Opps I dy GBP,100.09
08/02/2014,Pictet - Global Envir Opps I dy GBP,100.09
08/03/2014,Pictet - Global Envir Opps I dy GBP,100.09
08/04/2014,Pictet - Global Envir Opps I dy GBP,100.28
08/05/2014,Pictet - Global Envir Opps I dy GBP,99.9
08/06/2014,Pictet - Global Envir Opps I dy GBP,99.93
08/07/2014,Pictet - Global Envir Opps I dy GBP,99.49
08/08/2014,Pictet - Global Envir Opps I dy GBP,100.63
08/09/2014,Pictet - Global Envir Opps I dy GBP,100.63
08/10/2014,Pictet - Global Envir Opps I dy GBP,100.63
08/11/2014,Pictet - Global Envir Opps I dy GBP,101.44
08/12/2014,Pictet - Global Envir Opps I dy GBP,101.09
08/13/2014,Pictet - Global Envir Opps I dy GBP,102.19
08/14/2014,Pictet - Global Envir Opps I dy GBP,102.19
08/15/2014,Pictet - Global Envir Opps I dy GBP,102.87
08/16/2014,Pictet - Global Envir Opps I dy GBP,102.87
08/17/2014,Pictet - Global Envir Opps I dy GBP,102.87
08/18/2014,Pictet - Global Envir Opps I dy GBP,103.65
08/19/2014,Pictet - Global Envir Opps I dy GBP,104.91
08/20/2014,Pictet - Global Envir Opps I dy GBP,104.9
08/21/2014,Pictet - Global Envir Opps I dy GBP,105.44
08/22/2014,Pictet - Global Envir Opps I dy GBP,105.15
08/23/2014,Pictet - Global Envir Opps I dy GBP,105.15
08/24/2014,Pictet - Global Envir Opps I dy GBP,105.15
08/25/2014,Pictet - Global Envir Opps I dy GBP,105.28
08/26/2014,Pictet - Global Envir Opps I dy GBP,105.11
08/27/2014,Pictet - Global Envir Opps I dy GBP,104.98
08/28/2014,Pictet - Global Envir Opps I dy GBP,104.67
08/29/2014,Pictet - Global Envir Opps I dy GBP,104.88
08/30/2014,Pictet - Global Envir Opps I dy GBP,104.88
08/31/2014,Pictet - Global Envir Opps I dy GBP,104.88
09/01/2014,Pictet - Global Envir Opps I dy GBP,104.88
09/02/2014,Pictet - Global Envir Opps I dy GBP,106.2
09/03/2014,Pictet - Global Envir Opps I dy GBP,106.74
09/04/2014,Pictet - Global Envir Opps I dy GBP,107.24
09/05/2014,Pictet - Global Envir Opps I dy GBP,108.03
09/06/2014,Pictet - Global Envir Opps I dy GBP,108.03
09/07/2014,Pictet - Global Envir Opps I dy GBP,108.03
09/08/2014,Pictet - Global Envir Opps I dy GBP,108.99
09/09/2014,Pictet - Global Envir Opps I dy GBP,108.45
09/10/2014,Pictet - Global Envir Opps I dy GBP,108.39
09/11/2014,Pictet - Global Envir Opps I dy GBP,107.95
09/12/2014,Pictet - Global Envir Opps I dy GBP,107.5
09/13/2014,Pictet - Global Envir Opps I dy GBP,107.5
09/14/2014,Pictet - Global Envir Opps I dy GBP,107.5
09/15/2014,Pictet - Global Envir Opps I dy GBP,106.59
09/16/2014,Pictet - Global Envir Opps I dy GBP,106.6
09/17/2014,Pictet - Global Envir Opps I dy GBP,106.43
09/18/2014,Pictet - Global Envir Opps I dy GBP,106.24
09/19/2014,Pictet - Global Envir Opps I dy GBP,106.08
09/20/2014,Pictet - Global Envir Opps I dy GBP,106.08
09/21/2014,Pictet - Global Envir Opps I dy GBP,106.08
09/22/2014,Pictet - Global Envir Opps I dy GBP,104.35
09/23/2014,Pictet - Global Envir Opps I dy GBP,103.3
09/24/2014,Pictet - Global Envir Opps I dy GBP,103.93
09/25/2014,Pictet - Global Envir Opps I dy GBP,102.91
09/26/2014,Pictet - Global Envir Opps I dy GBP,103.61
09/27/2014,Pictet - Global Envir Opps I dy GBP,103.61
09/28/2014,Pictet - Global Envir Opps I dy GBP,103.61
09/29/2014,Pictet - Global Envir Opps I dy GBP,103.13
09/30/2014,Pictet - Global Envir Opps I dy GBP,102.24
10/01/2014,Pictet - Global Envir Opps I dy GBP,101.14
10/02/2014,Pictet - Global Envir Opps I dy GBP,101.76
10/03/2014,Pictet - Global Envir Opps I dy GBP,102.96
10/04/2014,Pictet - Global Envir Opps I dy GBP,102.96
10/05/2014,Pictet - Global Envir Opps I dy GBP,102.96
10/06/2014,Pictet - Global Envir Opps I dy GBP,102.68
10/07/2014,Pictet - Global Envir Opps I dy GBP,101.01
10/08/2014,Pictet - Global Envir Opps I dy GBP,101.79
10/09/2014,Pictet - Global Envir Opps I dy GBP,99.22
10/10/2014,Pictet - Global Envir Opps I dy GBP,97.88
10/11/2014,Pictet - Global Envir Opps I dy GBP,97.88
10/12/2014,Pictet - Global Envir Opps I dy GBP,97.88
10/13/2014,Pictet - Global Envir Opps I dy GBP,96.24
10/14/2014,Pictet - Global Envir Opps I dy GBP,97.82
10/15/2014,Pictet - Global Envir Opps I dy GBP,97.57
10/16/2014,Pictet - Global Envir Opps I dy GBP,98.02
10/17/2014,Pictet - Global Envir Opps I dy GBP,98.92
10/18/2014,Pictet - Global Envir Opps I dy GBP,98.92
10/19/2014,Pictet - Global Envir Opps I dy GBP,98.92
10/20/2014,Pictet - Global Envir Opps I dy GBP,99.55
10/21/2014,Pictet - Global Envir Opps I dy GBP,101.77
10/22/2014,Pictet - Global Envir Opps I dy GBP,101.87
10/23/2014,Pictet - Global Envir Opps I dy GBP,103.2
10/24/2014,Pictet - Global Envir Opps I dy GBP,103.32
10/25/2014,Pictet - Global Envir Opps I dy GBP,103.32
10/26/2014,Pictet - Global Envir Opps I dy GBP,103.32
10/27/2014,Pictet - Global Envir Opps I dy GBP,102.49
10/28/2014,Pictet - Global Envir Opps I dy GBP,104.3
10/29/2014,Pictet - Global Envir Opps I dy GBP,103.74
10/30/2014,Pictet - Global Envir Opps I dy GBP,104.54
10/31/2014,Pictet - Global Envir Opps I dy GBP,106.16
11/01/2014,Pictet - Global Envir Opps I dy GBP,106.16
11/02/2014,Pictet - Global Envir Opps I dy GBP,106.16
11/03/2014,Pictet - Global Envir Opps I dy GBP,106.11
11/04/2014,Pictet - Global Envir Opps I dy GBP,105.13
11/05/2014,Pictet - Global Envir Opps I dy GBP,106
11/06/2014,Pictet - Global Envir Opps I dy GBP,107.09
11/07/2014,Pictet - Global Envir Opps I dy GBP,107.35
11/08/2014,Pictet - Global Envir Opps I dy GBP,107.35
11/09/2014,Pictet - Global Envir Opps I dy GBP,107.35
11/10/2014,Pictet - Global Envir Opps I dy GBP,107.94
11/11/2014,Pictet - Global Envir Opps I dy GBP,107.37
11/12/2014,Pictet - Global Envir Opps I dy GBP,107.56
11/13/2014,Pictet - Global Envir Opps I dy GBP,107.74
11/14/2014,Pictet - Global Envir Opps I dy GBP,108.03
11/15/2014,Pictet - Global Envir Opps I dy GBP,108.03
11/16/2014,Pictet - Global Envir Opps I dy GBP,108.03
11/17/2014,Pictet - Global Envir Opps I dy GBP,108.18
11/18/2014,Pictet - Global Envir Opps I dy GBP,109.03
11/19/2014,Pictet - Global Envir Opps I dy GBP,108.69
11/20/2014,Pictet - Global Envir Opps I dy GBP,108.56
11/21/2014,Pictet - Global Envir Opps I dy GBP,109.6
11/22/2014,Pictet - Global Envir Opps I dy GBP,109.6
11/23/2014,Pictet - Global Envir Opps I dy GBP,109.6
11/24/2014,Pictet - Global Envir Opps I dy GBP,109.84
11/25/2014,Pictet - Global Envir Opps I dy GBP,109.86
11/26/2014,Pictet - Global Envir Opps I dy GBP,109.54
11/27/2014,Pictet - Global Envir Opps I dy GBP,109.54
11/28/2014,Pictet - Global Envir Opps I dy GBP,109.49
11/29/2014,Pictet - Global Envir Opps I dy GBP,109.49
11/30/2014,Pictet - Global Envir Opps I dy GBP,109.49
12/01/2014,Pictet - Global Envir Opps I dy GBP,108.8
12/02/2014,Pictet - Global Envir Opps I dy GBP,109.73
12/03/2014,Pictet - Global Envir Opps I dy GBP,110.04
12/04/2014,Pictet - Global Envir Opps I dy GBP,109.7
12/05/2014,Pictet - Global Envir Opps I dy GBP,110.71
12/06/2014,Pictet - Global Envir Opps I dy GBP,110.71
12/07/2014,Pictet - Global Envir Opps I dy GBP,110.71
12/08/2014,Pictet - Global Envir Opps I dy GBP,109.15
12/09/2014,Pictet - Global Envir Opps I dy GBP,109.8
12/10/2014,Pictet - Global Envir Opps I dy GBP,108.42
12/11/2014,Pictet - Global Envir Opps I dy GBP,108.58
12/12/2014,Pictet - Global Envir Opps I dy GBP,107.34
12/13/2014,Pictet - Global Envir Opps I dy GBP,107.34
12/14/2014,Pictet - Global Envir Opps I dy GBP,107.34
12/15/2014,Pictet - Global Envir Opps I dy GBP,106.82
12/16/2014,Pictet - Global Envir Opps I dy GBP,105.69
12/17/2014,Pictet - Global Envir Opps I dy GBP,107.58
12/18/2014,Pictet - Global Envir Opps I dy GBP,109.32
12/19/2014,Pictet - Global Envir Opps I dy GBP,109.9
12/20/2014,Pictet - Global Envir Opps I dy GBP,109.9
12/21/2014,Pictet - Global Envir Opps I dy GBP,109.9
12/22/2014,Pictet - Global Envir Opps I dy GBP,110.49
12/23/2014,Pictet - Global Envir Opps I dy GBP,111.81
12/24/2014,Pictet - Global Envir Opps I dy GBP,111.81
12/25/2014,Pictet - Global Envir Opps I dy GBP,111.81
12/26/2014,Pictet - Global Envir Opps I dy GBP,111.81
12/27/2014,Pictet - Global Envir Opps I dy GBP,111.81
12/28/2014,Pictet - Global Envir Opps I dy GBP,111.81
12/29/2014,Pictet - Global Envir Opps I dy GBP,112.62
12/30/2014,Pictet - Global Envir Opps I dy GBP,111.78
12/31/2014,Pictet - Global Envir Opps I dy GBP,110.91
01/01/2015,Pictet - Global Envir Opps I dy GBP,110.91
01/02/2015,Pictet - Global Envir Opps I dy GBP,112.14
01/03/2015,Pictet - Global Envir Opps I dy GBP,112.14
01/04/2015,Pictet - Global Envir Opps I dy GBP,112.14
01/05/2015,Pictet - Global Envir Opps I dy GBP,111.21
01/06/2015,Pictet - Global Envir Opps I dy GBP,110.81
01/07/2015,Pictet - Global Envir Opps I dy GBP,112.26
01/08/2015,Pictet - Global Envir Opps I dy GBP,114.14
01/09/2015,Pictet - Global Envir Opps I dy GBP,112.96
01/10/2015,Pictet - Global Envir Opps I dy GBP,112.96
01/11/2015,Pictet - Global Envir Opps I dy GBP,112.96
01/12/2015,Pictet - Global Envir Opps I dy GBP,112.36
01/13/2015,Pictet - Global Envir Opps I dy GBP,112
01/14/2015,Pictet - Global Envir Opps I dy GBP,111.3
01/15/2015,Pictet - Global Envir Opps I dy GBP,110.57
01/16/2015,Pictet - Global Envir Opps I dy GBP,111.34
01/17/2015,Pictet - Global Envir Opps I dy GBP,111.34
01/18/2015,Pictet - Global Envir Opps I dy GBP,111.34
01/19/2015,Pictet - Global Envir Opps I dy GBP,111.34
01/20/2015,Pictet - Global Envir Opps I dy GBP,111.04
01/21/2015,Pictet - Global Envir Opps I dy GBP,112.38
01/22/2015,Pictet - Global Envir Opps I dy GBP,113.81
01/23/2015,Pictet - Global Envir Opps I dy GBP,114.35
01/24/2015,Pictet - Global Envir Opps I dy GBP,114.35
01/25/2015,Pictet - Global Envir Opps I dy GBP,114.35
01/26/2015,Pictet - Global Envir Opps I dy GBP,114.85
01/27/2015,Pictet - Global Envir Opps I dy GBP,113.71
01/28/2015,Pictet - Global Envir Opps I dy GBP,113.36
01/29/2015,Pictet - Global Envir Opps I dy GBP,114.84
01/30/2015,Pictet - Global Envir Opps I dy GBP,114.12
01/31/2015,Pictet - Global Envir Opps I dy GBP,114.12
02/01/2015,Pictet - Global Envir Opps I dy GBP,114.12
02/02/2015,Pictet - Global Envir Opps I dy GBP,114.59
02/03/2015,Pictet - Global Envir Opps I dy GBP,114.67
02/04/2015,Pictet - Global Envir Opps I dy GBP,113.54
02/05/2015,Pictet - Global Envir Opps I dy GBP,113.84
02/06/2015,Pictet - Global Envir Opps I dy GBP,113.69
02/07/2015,Pictet - Global Envir Opps I dy GBP,113.69
02/08/2015,Pictet - Global Envir Opps I dy GBP,113.69
02/09/2015,Pictet - Global Envir Opps I dy GBP,113.12
02/10/2015,Pictet - Global Envir Opps I dy GBP,113.21
02/11/2015,Pictet - Global Envir Opps I dy GBP,113.09
02/12/2015,Pictet - Global Envir Opps I dy GBP,114.05
02/13/2015,Pictet - Global Envir Opps I dy GBP,114.08
02/14/2015,Pictet - Global Envir Opps I dy GBP,114.08
02/15/2015,Pictet - Global Envir Opps I dy GBP,114.08
02/16/2015,Pictet - Global Envir Opps I dy GBP,114.08
02/17/2015,Pictet - Global Envir Opps I dy GBP,114.08
02/18/2015,Pictet - Global Envir Opps I dy GBP,113.94
02/19/2015,Pictet - Global Envir Opps I dy GBP,114.2
02/20/2015,Pictet - Global Envir Opps I dy GBP,115.19
02/21/2015,Pictet - Global Envir Opps I dy GBP,115.19
02/22/2015,Pictet - Global Envir Opps I dy GBP,115.19
02/23/2015,Pictet - Global Envir Opps I dy GBP,114.78
02/24/2015,Pictet - Global Envir Opps I dy GBP,115.26
02/25/2015,Pictet - Global Envir Opps I dy GBP,114.84
02/26/2015,Pictet - Global Envir Opps I dy GBP,114.61
02/27/2015,Pictet - Global Envir Opps I dy GBP,114.47
02/28/2015,Pictet - Global Envir Opps I dy GBP,114.47
03/01/2015,Pictet - Global Envir Opps I dy GBP,114.47
03/02/2015,Pictet - Global Envir Opps I dy GBP,116.36
03/03/2015,Pictet - Global Envir Opps I dy GBP,115.43
03/04/2015,Pictet - Global Envir Opps I dy GBP,115.72
03/05/2015,Pictet - Global Envir Opps I dy GBP,116.76
03/06/2015,Pictet - Global Envir Opps I dy GBP,116.18
03/07/2015,Pictet - Global Envir Opps I dy GBP,116.18
03/08/2015,Pictet - Global Envir Opps I dy GBP,116.18
03/09/2015,Pictet - Global Envir Opps I dy GBP,115.79
03/10/2015,Pictet - Global Envir Opps I dy GBP,114.44
03/11/2015,Pictet - Global Envir Opps I dy GBP,115.75
03/12/2015,Pictet - Global Envir Opps I dy GBP,117.29
03/13/2015,Pictet - Global Envir Opps I dy GBP,118.02
03/14/2015,Pictet - Global Envir Opps I dy GBP,118.02
03/15/2015,Pictet - Global Envir Opps I dy GBP,118.02
03/16/2015,Pictet - Global Envir Opps I dy GBP,119.33
03/17/2015,Pictet - Global Envir Opps I dy GBP,119.72
03/18/2015,Pictet - Global Envir Opps I dy GBP,121.32
03/19/2015,Pictet - Global Envir Opps I dy GBP,120.89
03/20/2015,Pictet - Global Envir Opps I dy GBP,120.46
03/21/2015,Pictet - Global Envir Opps I dy GBP,120.46
03/22/2015,Pictet - Global Envir Opps I dy GBP,120.46
03/23/2015,Pictet - Global Envir Opps I dy GBP,120.22
03/24/2015,Pictet - Global Envir Opps I dy GBP,120.58
03/25/2015,Pictet - Global Envir Opps I dy GBP,118.84
03/26/2015,Pictet - Global Envir Opps I dy GBP,118.74
03/27/2015,Pictet - Global Envir Opps I dy GBP,119.4
03/28/2015,Pictet - Global Envir Opps I dy GBP,119.4
03/29/2015,Pictet - Global Envir Opps I dy GBP,119.4
03/30/2015,Pictet - Global Envir Opps I dy GBP,120.9
03/31/2015,Pictet - Global Envir Opps I dy GBP,120.15
04/01/2015,Pictet - Global Envir Opps I dy GBP,120.24
04/02/2015,Pictet - Global Envir Opps I dy GBP,120.24
04/03/2015,Pictet - Global Envir Opps I dy GBP,120.24
04/04/2015,Pictet - Global Envir Opps I dy GBP,120.24
04/05/2015,Pictet - Global Envir Opps I dy GBP,120.24
04/06/2015,Pictet - Global Envir Opps I dy GBP,120.63
04/07/2015,Pictet - Global Envir Opps I dy GBP,121.52
04/08/2015,Pictet - Global Envir Opps I dy GBP,121.44
04/09/2015,Pictet - Global Envir Opps I dy GBP,122.96
04/10/2015,Pictet - Global Envir Opps I dy GBP,124.12
04/11/2015,Pictet - Global Envir Opps I dy GBP,124.12
04/12/2015,Pictet - Global Envir Opps I dy GBP,124.12
04/13/2015,Pictet - Global Envir Opps I dy GBP,123.58
04/14/2015,Pictet - Global Envir Opps I dy GBP,122.47
04/15/2015,Pictet - Global Envir Opps I dy GBP,123.63
04/16/2015,Pictet - Global Envir Opps I dy GBP,122.61
04/17/2015,Pictet - Global Envir Opps I dy GBP,120.55
04/18/2015,Pictet - Global Envir Opps I dy GBP,120.55
04/19/2015,Pictet - Global Envir Opps I dy GBP,120.55
04/20/2015,Pictet - Global Envir Opps I dy GBP,121.8
04/21/2015,Pictet - Global Envir Opps I dy GBP,121.84
04/22/2015,Pictet - Global Envir Opps I dy GBP,121.22
04/23/2015,Pictet - Global Envir Opps I dy GBP,120.91
04/24/2015,Pictet - Global Envir Opps I dy GBP,120.38
04/25/2015,Pictet - Global Envir Opps I dy GBP,120.38
04/26/2015,Pictet - Global Envir Opps I dy GBP,120.38
04/27/2015,Pictet - Global Envir Opps I dy GBP,119.65
04/28/2015,Pictet - Global Envir Opps I dy GBP,118.62
04/29/2015,Pictet - Global Envir Opps I dy GBP,116.63
04/30/2015,Pictet - Global Envir Opps I dy GBP,116.63
05/01/2015,Pictet - Global Envir Opps I dy GBP,118.9
05/02/2015,Pictet - Global Envir Opps I dy GBP,118.9
05/03/2015,Pictet - Global Envir Opps I dy GBP,118.9
05/04/2015,Pictet - Global Envir Opps I dy GBP,119.61
05/05/2015,Pictet - Global Envir Opps I dy GBP,117.86
05/06/2015,Pictet - Global Envir Opps I dy GBP,117.25
05/07/2015,Pictet - Global Envir Opps I dy GBP,118.28
05/08/2015,Pictet - Global Envir Opps I dy GBP,118.53
05/09/2015,Pictet - Global Envir Opps I dy GBP,118.53
05/10/2015,Pictet - Global Envir Opps I dy GBP,118.53
05/11/2015,Pictet - Global Envir Opps I dy GBP,117.22
05/12/2015,Pictet - Global Envir Opps I dy GBP,115.99
05/13/2015,Pictet - Global Envir Opps I dy GBP,115.99
05/14/2015,Pictet - Global Envir Opps I dy GBP,117.04
05/15/2015,Pictet - Global Envir Opps I dy GBP,117.22
05/16/2015,Pictet - Global Envir Opps I dy GBP,117.22
05/17/2015,Pictet - Global Envir Opps I dy GBP,117.22
05/18/2015,Pictet - Global Envir Opps I dy GBP,118
05/19/2015,Pictet - Global Envir Opps I dy GBP,119.48
05/20/2015,Pictet - Global Envir Opps I dy GBP,119.02
05/21/2015,Pictet - Global Envir Opps I dy GBP,118.44
05/22/2015,Pictet - Global Envir Opps I dy GBP,119.61
05/23/2015,Pictet - Global Envir Opps I dy GBP,119.61
05/24/2015,Pictet - Global Envir Opps I dy GBP,119.61
05/25/2015,Pictet - Global Envir Opps I dy GBP,119.61
05/26/2015,Pictet - Global Envir Opps I dy GBP,119.34
05/27/2015,Pictet - Global Envir Opps I dy GBP,120.64
05/28/2015,Pictet - Global Envir Opps I dy GBP,121.14
05/29/2015,Pictet - Global Envir Opps I dy GBP,120.56
05/30/2015,Pictet - Global Envir Opps I dy GBP,120.56
05/31/2015,Pictet - Global Envir Opps I dy GBP,120.56
06/01/2015,Pictet - Global Envir Opps I dy GBP,120.85
06/02/2015,Pictet - Global Envir Opps I dy GBP,120.24
06/03/2015,Pictet - Global Envir Opps I dy GBP,120.95
06/04/2015,Pictet - Global Envir Opps I dy GBP,119.51
06/05/2015,Pictet - Global Envir Opps I dy GBP,119.62
06/06/2015,Pictet - Global Envir Opps I dy GBP,119.62
06/07/2015,Pictet - Global Envir Opps I dy GBP,119.62
06/08/2015,Pictet - Global Envir Opps I dy GBP,118.43
06/09/2015,Pictet - Global Envir Opps I dy GBP,117.89
06/10/2015,Pictet - Global Envir Opps I dy GBP,117.84
06/11/2015,Pictet - Global Envir Opps I dy GBP,118.55
06/12/2015,Pictet - Global Envir Opps I dy GBP,117.36
06/13/2015,Pictet - Global Envir Opps I dy GBP,117.36
06/14/2015,Pictet - Global Envir Opps I dy GBP,117.36
06/15/2015,Pictet - Global Envir Opps I dy GBP,116.5
06/16/2015,Pictet - Global Envir Opps I dy GBP,116.57
06/17/2015,Pictet - Global Envir Opps I dy GBP,116.15
06/18/2015,Pictet - Global Envir Opps I dy GBP,116.08
06/19/2015,Pictet - Global Envir Opps I dy GBP,116.04
06/20/2015,Pictet - Global Envir Opps I dy GBP,116.04
06/21/2015,Pictet - Global Envir Opps I dy GBP,116.04
06/22/2015,Pictet - Global Envir Opps I dy GBP,116.04
06/23/2015,Pictet - Global Envir Opps I dy GBP,118.49
06/24/2015,Pictet - Global Envir Opps I dy GBP,117.67
06/25/2015,Pictet - Global Envir Opps I dy GBP,117.57
06/26/2015,Pictet - Global Envir Opps I dy GBP,116.75
06/27/2015,Pictet - Global Envir Opps I dy GBP,116.75
06/28/2015,Pictet - Global Envir Opps I dy GBP,116.75
06/29/2015,Pictet - Global Envir Opps I dy GBP,114.56
06/30/2015,Pictet - Global Envir Opps I dy GBP,114.71
07/01/2015,Pictet - Global Envir Opps I dy GBP,116.15
07/02/2015,Pictet - Global Envir Opps I dy GBP,116.11
07/03/2015,Pictet - Global Envir Opps I dy GBP,116.11
07/04/2015,Pictet - Global Envir Opps I dy GBP,116.11
07/05/2015,Pictet - Global Envir Opps I dy GBP,116.11
07/06/2015,Pictet - Global Envir Opps I dy GBP,114.59
07/07/2015,Pictet - Global Envir Opps I dy GBP,115.09
07/08/2015,Pictet - Global Envir Opps I dy GBP,114.02
07/09/2015,Pictet - Global Envir Opps I dy GBP,113.99
07/10/2015,Pictet - Global Envir Opps I dy GBP,115.37
07/11/2015,Pictet - Global Envir Opps I dy GBP,115.37
07/12/2015,Pictet - Global Envir Opps I dy GBP,115.37
07/13/2015,Pictet - Global Envir Opps I dy GBP,116.22
07/14/2015,Pictet - Global Envir Opps I dy GBP,116.27
07/15/2015,Pictet - Global Envir Opps I dy GBP,115.92
07/16/2015,Pictet - Global Envir Opps I dy GBP,116.42
07/17/2015,Pictet - Global Envir Opps I dy GBP,115.92
07/18/2015,Pictet - Global Envir Opps I dy GBP,115.92
07/19/2015,Pictet - Global Envir Opps I dy GBP,115.92
07/20/2015,Pictet - Global Envir Opps I dy GBP,116.74
07/21/2015,Pictet - Global Envir Opps I dy GBP,115.67
07/22/2015,Pictet - Global Envir Opps I dy GBP,114.74
07/23/2015,Pictet - Global Envir Opps I dy GBP,115.71
07/24/2015,Pictet - Global Envir Opps I dy GBP,114.78
07/25/2015,Pictet - Global Envir Opps I dy GBP,114.78
07/26/2015,Pictet - Global Envir Opps I dy GBP,114.78
07/27/2015,Pictet - Global Envir Opps I dy GBP,113.19
07/28/2015,Pictet - Global Envir Opps I dy GBP,113.85
07/29/2015,Pictet - Global Envir Opps I dy GBP,114.09
07/30/2015,Pictet - Global Envir Opps I dy GBP,114.55
07/31/2015,Pictet - Global Envir Opps I dy GBP,114.8
08/01/2015,Pictet - Global Envir Opps I dy GBP,114.8
08/02/2015,Pictet - Global Envir Opps I dy GBP,114.8
08/03/2015,Pictet - Global Envir Opps I dy GBP,114.37
08/04/2015,Pictet - Global Envir Opps I dy GBP,114.7
08/05/2015,Pictet - Global Envir Opps I dy GBP,115.18
08/06/2015,Pictet - Global Envir Opps I dy GBP,114.42
08/07/2015,Pictet - Global Envir Opps I dy GBP,113.98
08/08/2015,Pictet - Global Envir Opps I dy GBP,113.98
08/09/2015,Pictet - Global Envir Opps I dy GBP,113.98
08/10/2015,Pictet - Global Envir Opps I dy GBP,114.77
08/11/2015,Pictet - Global Envir Opps I dy GBP,112.9
08/12/2015,Pictet - Global Envir Opps I dy GBP,111.81
08/13/2015,Pictet - Global Envir Opps I dy GBP,112.56
08/14/2015,Pictet - Global Envir Opps I dy GBP,112.78
08/15/2015,Pictet - Global Envir Opps I dy GBP,112.78
08/16/2015,Pictet - Global Envir Opps I dy GBP,112.78
08/17/2015,Pictet - Global Envir Opps I dy GBP,113.25
08/18/2015,Pictet - Global Envir Opps I dy GBP,112.71
08/19/2015,Pictet - Global Envir Opps I dy GBP,111.69
08/20/2015,Pictet - Global Envir Opps I dy GBP,109.35
08/21/2015,Pictet - Global Envir Opps I dy GBP,106.77
08/22/2015,Pictet - Global Envir Opps I dy GBP,106.77
08/23/2015,Pictet - Global Envir Opps I dy GBP,106.77
08/24/2015,Pictet - Global Envir Opps I dy GBP,102.53
08/25/2015,Pictet - Global Envir Opps I dy GBP,103.03
08/26/2015,Pictet - Global Envir Opps I dy GBP,105.39
08/27/2015,Pictet - Global Envir Opps I dy GBP,108.51
08/28/2015,Pictet - Global Envir Opps I dy GBP,109.02
08/29/2015,Pictet - Global Envir Opps I dy GBP,109.02
08/30/2015,Pictet - Global Envir Opps I dy GBP,109.02
08/31/2015,Pictet - Global Envir Opps I dy GBP,107.7
09/01/2015,Pictet - Global Envir Opps I dy GBP,105.61
09/02/2015,Pictet - Global Envir Opps I dy GBP,106.71
09/03/2015,Pictet - Global Envir Opps I dy GBP,107.91
09/04/2015,Pictet - Global Envir Opps I dy GBP,107.06
09/05/2015,Pictet - Global Envir Opps I dy GBP,107.06
09/06/2015,Pictet - Global Envir Opps I dy GBP,107.06
09/07/2015,Pictet - Global Envir Opps I dy GBP,107.06
09/08/2015,Pictet - Global Envir Opps I dy GBP,108.41
09/09/2015,Pictet - Global Envir Opps I dy GBP,107.46
09/10/2015,Pictet - Global Envir Opps I dy GBP,106.9
09/11/2015,Pictet - Global Envir Opps I dy GBP,107.46
09/12/2015,Pictet - Global Envir Opps I dy GBP,107.46
09/13/2015,Pictet - Global Envir Opps I dy GBP,107.46
09/14/2015,Pictet - Global Envir Opps I dy GBP,107.28
09/15/2015,Pictet - Global Envir Opps I dy GBP,108.62
09/16/2015,Pictet - Global Envir Opps I dy GBP,108.96
09/17/2015,Pictet - Global Envir Opps I dy GBP,108.83
09/18/2015,Pictet - Global Envir Opps I dy GBP,107.18
09/19/2015,Pictet - Global Envir Opps I dy GBP,107.18
09/20/2015,Pictet - Global Envir Opps I dy GBP,107.18
09/21/2015,Pictet - Global Envir Opps I dy GBP,107.96
09/22/2015,Pictet - Global Envir Opps I dy GBP,106.81
09/23/2015,Pictet - Global Envir Opps I dy GBP,107.26
09/24/2015,Pictet - Global Envir Opps I dy GBP,106.59
09/25/2015,Pictet - Global Envir Opps I dy GBP,107.89
09/26/2015,Pictet - Global Envir Opps I dy GBP,107.89
09/27/2015,Pictet - Global Envir Opps I dy GBP,107.89
09/28/2015,Pictet - Global Envir Opps I dy GBP,105.55
09/29/2015,Pictet - Global Envir Opps I dy GBP,105.69
09/30/2015,Pictet - Global Envir Opps I dy GBP,107.3
10/01/2015,Pictet - Global Envir Opps I dy GBP,107.37
10/02/2015,Pictet - Global Envir Opps I dy GBP,108.49
10/03/2015,Pictet - Global Envir Opps I dy GBP,108.49
10/04/2015,Pictet - Global Envir Opps I dy GBP,108.49
10/05/2015,Pictet - Global Envir Opps I dy GBP,110.4
10/06/2015,Pictet - Global Envir Opps I dy GBP,109.98
10/07/2015,Pictet - Global Envir Opps I dy GBP,109.89
10/08/2015,Pictet - Global Envir Opps I dy GBP,111.43
10/09/2015,Pictet - Global Envir Opps I dy GBP,112.09
10/10/2015,Pictet - Global Envir Opps I dy GBP,112.09
10/11/2015,Pictet - Global Envir Opps I dy GBP,112.09
10/12/2015,Pictet - Global Envir Opps I dy GBP,111.63
10/13/2015,Pictet - Global Envir Opps I dy GBP,111.7
10/14/2015,Pictet - Global Envir Opps I dy GBP,110.06
10/15/2015,Pictet - Global Envir Opps I dy GBP,111.17
10/16/2015,Pictet - Global Envir Opps I dy GBP,111.4
10/17/2015,Pictet - Global Envir Opps I dy GBP,111.4
10/18/2015,Pictet - Global Envir Opps I dy GBP,111.4
10/19/2015,Pictet - Global Envir Opps I dy GBP,111.39
10/20/2015,Pictet - Global Envir Opps I dy GBP,111.79
10/21/2015,Pictet - Global Envir Opps I dy GBP,111.62
10/22/2015,Pictet - Global Envir Opps I dy GBP,112.85
10/23/2015,Pictet - Global Envir Opps I dy GBP,113.11
10/24/2015,Pictet - Global Envir Opps I dy GBP,113.11
10/25/2015,Pictet - Global Envir Opps I dy GBP,113.11
10/26/2015,Pictet - Global Envir Opps I dy GBP,112.63
10/27/2015,Pictet - Global Envir Opps I dy GBP,112.88
10/28/2015,Pictet - Global Envir Opps I dy GBP,114.11
10/29/2015,Pictet - Global Envir Opps I dy GBP,113.05
10/30/2015,Pictet - Global Envir Opps I dy GBP,112.37
10/31/2015,Pictet - Global Envir Opps I dy GBP,112.37
11/01/2015,Pictet - Global Envir Opps I dy GBP,112.37
11/02/2015,Pictet - Global Envir Opps I dy GBP,113.46
11/03/2015,Pictet - Global Envir Opps I dy GBP,113.36
11/04/2015,Pictet - Global Envir Opps I dy GBP,113.78
11/05/2015,Pictet - Global Envir Opps I dy GBP,115.34
11/06/2015,Pictet - Global Envir Opps I dy GBP,115.97
11/07/2015,Pictet - Global Envir Opps I dy GBP,115.97
11/08/2015,Pictet - Global Envir Opps I dy GBP,115.97
11/09/2015,Pictet - Global Envir Opps I dy GBP,114.67
11/10/2015,Pictet - Global Envir Opps I dy GBP,114.93
11/11/2015,Pictet - Global Envir Opps I dy GBP,114.24
11/12/2015,Pictet - Global Envir Opps I dy GBP,112.8
11/13/2015,Pictet - Global Envir Opps I dy GBP,111.83
11/14/2015,Pictet - Global Envir Opps I dy GBP,111.83
11/15/2015,Pictet - Global Envir Opps I dy GBP,111.83
11/16/2015,Pictet - Global Envir Opps I dy GBP,112.75
11/17/2015,Pictet - Global Envir Opps I dy GBP,113.15
11/18/2015,Pictet - Global Envir Opps I dy GBP,114.32
11/19/2015,Pictet - Global Envir Opps I dy GBP,114.49
11/20/2015,Pictet - Global Envir Opps I dy GBP,114.86
11/21/2015,Pictet - Global Envir Opps I dy GBP,114.86
11/22/2015,Pictet - Global Envir Opps I dy GBP,114.86
11/23/2015,Pictet - Global Envir Opps I dy GBP,115.29
11/24/2015,Pictet - Global Envir Opps I dy GBP,115.43
11/25/2015,Pictet - Global Envir Opps I dy GBP,115.94
11/26/2015,Pictet - Global Envir Opps I dy GBP,115.94
11/27/2015,Pictet - Global Envir Opps I dy GBP,117.13
11/28/2015,Pictet - Global Envir Opps I dy GBP,117.13
11/29/2015,Pictet - Global Envir Opps I dy GBP,117.13
11/30/2015,Pictet - Global Envir Opps I dy GBP,117.35
12/01/2015,Pictet - Global Envir Opps I dy GBP,117.88
12/02/2015,Pictet - Global Envir Opps I dy GBP,117.69
12/03/2015,Pictet - Global Envir Opps I dy GBP,115.81
12/04/2015,Pictet - Global Envir Opps I dy GBP,116.38
12/05/2015,Pictet - Global Envir Opps I dy GBP,116.38
12/06/2015,Pictet - Global Envir Opps I dy GBP,116.38
12/07/2015,Pictet - Global Envir Opps I dy GBP,116.09
12/08/2015,Pictet - Global Envir Opps I dy GBP,115.68
12/09/2015,Pictet - Global Envir Opps I dy GBP,113.53
12/10/2015,Pictet - Global Envir Opps I dy GBP,113.15
12/11/2015,Pictet - Global Envir Opps I dy GBP,111.46
12/12/2015,Pictet - Global Envir Opps I dy GBP,111.46
12/13/2015,Pictet - Global Envir Opps I dy GBP,111.46
12/14/2015,Pictet - Global Envir Opps I dy GBP,112.13
12/15/2015,Pictet - Global Envir Opps I dy GBP,113.73
12/16/2015,Pictet - Global Envir Opps I dy GBP,115.76
12/17/2015,Pictet - Global Envir Opps I dy GBP,115.78
12/18/2015,Pictet - Global Envir Opps I dy GBP,114.46
12/19/2015,Pictet - Global Envir Opps I dy GBP,114.46
12/20/2015,Pictet - Global Envir Opps I dy GBP,114.46
12/21/2015,Pictet - Global Envir Opps I dy GBP,114.59
12/22/2015,Pictet - Global Envir Opps I dy GBP,115.51
12/23/2015,Pictet - Global Envir Opps I dy GBP,115.51
12/24/2015,Pictet - Global Envir Opps I dy GBP,116.31
12/25/2015,Pictet - Global Envir Opps I dy GBP,116.31
12/26/2015,Pictet - Global Envir Opps I dy GBP,116.31
12/27/2015,Pictet - Global Envir Opps I dy GBP,116.31
12/28/2015,Pictet - Global Envir Opps I dy GBP,116.74
12/29/2015,Pictet - Global Envir Opps I dy GBP,118.32
12/30/2015,Pictet - Global Envir Opps I dy GBP,117.62
12/31/2015,Pictet - Global Envir Opps I dy GBP,116.99
01/01/2016,Pictet - Global Envir Opps I dy GBP,116.99
01/02/2016,Pictet - Global Envir Opps I dy GBP,116.99
01/03/2016,Pictet - Global Envir Opps I dy GBP,116.99
01/04/2016,Pictet - Global Envir Opps I dy GBP,115.75
01/05/2016,Pictet - Global Envir Opps I dy GBP,115.85
01/06/2016,Pictet - Global Envir Opps I dy GBP,114.29
01/07/2016,Pictet - Global Envir Opps I dy GBP,112.64
01/08/2016,Pictet - Global Envir Opps I dy GBP,111.78
01/09/2016,Pictet - Global Envir Opps I dy GBP,111.78
01/10/2016,Pictet - Global Envir Opps I dy GBP,111.78
01/11/2016,Pictet - Global Envir Opps I dy GBP,111.36
01/12/2016,Pictet - Global Envir Opps I dy GBP,113.52
01/13/2016,Pictet - Global Envir Opps I dy GBP,111.05
01/14/2016,Pictet - Global Envir Opps I dy GBP,111.11
01/15/2016,Pictet - Global Envir Opps I dy GBP,109.7
01/16/2016,Pictet - Global Envir Opps I dy GBP,109.7
01/17/2016,Pictet - Global Envir Opps I dy GBP,109.7
01/18/2016,Pictet - Global Envir Opps I dy GBP,109.7
01/19/2016,Pictet - Global Envir Opps I dy GBP,111.41
01/20/2016,Pictet - Global Envir Opps I dy GBP,109.46
01/21/2016,Pictet - Global Envir Opps I dy GBP,110.29
01/22/2016,Pictet - Global Envir Opps I dy GBP,111.24
01/23/2016,Pictet - Global Envir Opps I dy GBP,111.24
01/24/2016,Pictet - Global Envir Opps I dy GBP,111.24
01/25/2016,Pictet - Global Envir Opps I dy GBP,110.66
01/26/2016,Pictet - Global Envir Opps I dy GBP,111.31
01/27/2016,Pictet - Global Envir Opps I dy GBP,111.52
01/28/2016,Pictet - Global Envir Opps I dy GBP,110.11
01/29/2016,Pictet - Global Envir Opps I dy GBP,114.31
01/30/2016,Pictet - Global Envir Opps I dy GBP,114.31
01/31/2016,Pictet - Global Envir Opps I dy GBP,114.31
02/01/2016,Pictet - Global Envir Opps I dy GBP,113.69
02/02/2016,Pictet - Global Envir Opps I dy GBP,111.79
02/03/2016,Pictet - Global Envir Opps I dy GBP,110.76
02/04/2016,Pictet - Global Envir Opps I dy GBP,111.35
02/05/2016,Pictet - Global Envir Opps I dy GBP,109.7
02/06/2016,Pictet - Global Envir Opps I dy GBP,109.7
02/07/2016,Pictet - Global Envir Opps I dy GBP,109.7
02/08/2016,Pictet - Global Envir Opps I dy GBP,107.59
02/09/2016,Pictet - Global Envir Opps I dy GBP,107.9
02/10/2016,Pictet - Global Envir Opps I dy GBP,108.38
02/11/2016,Pictet - Global Envir Opps I dy GBP,106.77
02/12/2016,Pictet - Global Envir Opps I dy GBP,108.3
02/13/2016,Pictet - Global Envir Opps I dy GBP,108.3
02/14/2016,Pictet - Global Envir Opps I dy GBP,108.3
02/15/2016,Pictet - Global Envir Opps I dy GBP,108.3
02/16/2016,Pictet - Global Envir Opps I dy GBP,111.19
02/17/2016,Pictet - Global Envir Opps I dy GBP,112.67
02/18/2016,Pictet - Global Envir Opps I dy GBP,112.22
02/19/2016,Pictet - Global Envir Opps I dy GBP,113.02
02/20/2016,Pictet - Global Envir Opps I dy GBP,113.02
02/21/2016,Pictet - Global Envir Opps I dy GBP,113.02
02/22/2016,Pictet - Global Envir Opps I dy GBP,115.14
02/23/2016,Pictet - Global Envir Opps I dy GBP,114.37
02/24/2016,Pictet - Global Envir Opps I dy GBP,115.48
02/25/2016,Pictet - Global Envir Opps I dy GBP,116.88
02/26/2016,Pictet - Global Envir Opps I dy GBP,117.02
02/27/2016,Pictet - Global Envir Opps I dy GBP,117.02
02/28/2016,Pictet - Global Envir Opps I dy GBP,117.02
02/29/2016,Pictet - Global Envir Opps I dy GBP,116.3
03/01/2016,Pictet - Global Envir Opps I dy GBP,118.66
03/02/2016,Pictet - Global Envir Opps I dy GBP,117.96
03/03/2016,Pictet - Global Envir Opps I dy GBP,117.41
03/04/2016,Pictet - Global Envir Opps I dy GBP,117.5
03/05/2016,Pictet - Global Envir Opps I dy GBP,117.5
03/06/2016,Pictet - Global Envir Opps I dy GBP,117.5
03/07/2016,Pictet - Global Envir Opps I dy GBP,117.07
03/08/2016,Pictet - Global Envir Opps I dy GBP,115.9
03/09/2016,Pictet - Global Envir Opps I dy GBP,116.18
03/10/2016,Pictet - Global Envir Opps I dy GBP,115.52
03/11/2016,Pictet - Global Envir Opps I dy GBP,116.75
03/12/2016,Pictet - Global Envir Opps I dy GBP,116.75
03/13/2016,Pictet - Global Envir Opps I dy GBP,116.75
03/14/2016,Pictet - Global Envir Opps I dy GBP,117.38
03/15/2016,Pictet - Global Envir Opps I dy GBP,118.4
03/16/2016,Pictet - Global Envir Opps I dy GBP,119.74
03/17/2016,Pictet - Global Envir Opps I dy GBP,118.42
03/18/2016,Pictet - Global Envir Opps I dy GBP,118.34
03/19/2016,Pictet - Global Envir Opps I dy GBP,118.34
03/20/2016,Pictet - Global Envir Opps I dy GBP,118.34
03/21/2016,Pictet - Global Envir Opps I dy GBP,119.13
03/22/2016,Pictet - Global Envir Opps I dy GBP,120.71
03/23/2016,Pictet - Global Envir Opps I dy GBP,120.9
03/24/2016,Pictet - Global Envir Opps I dy GBP,120.9
03/25/2016,Pictet - Global Envir Opps I dy GBP,120.9
03/26/2016,Pictet - Global Envir Opps I dy GBP,120.9
03/27/2016,Pictet - Global Envir Opps I dy GBP,120.9
03/28/2016,Pictet - Global Envir Opps I dy GBP,119.73
03/29/2016,Pictet - Global Envir Opps I dy GBP,121.18
03/30/2016,Pictet - Global Envir Opps I dy GBP,120.8
03/31/2016,Pictet - Global Envir Opps I dy GBP,121
04/01/2016,Pictet - Global Envir Opps I dy GBP,122.39
04/02/2016,Pictet - Global Envir Opps I dy GBP,122.39
04/03/2016,Pictet - Global Envir Opps I dy GBP,122.39
04/04/2016,Pictet - Global Envir Opps I dy GBP,120.7
04/05/2016,Pictet - Global Envir Opps I dy GBP,120.7
04/06/2016,Pictet - Global Envir Opps I dy GBP,122.31
04/07/2016,Pictet - Global Envir Opps I dy GBP,121.48
04/08/2016,Pictet - Global Envir Opps I dy GBP,122.15
04/09/2016,Pictet - Global Envir Opps I dy GBP,122.15
04/10/2016,Pictet - Global Envir Opps I dy GBP,122.15
04/11/2016,Pictet - Global Envir Opps I dy GBP,120.71
04/12/2016,Pictet - Global Envir Opps I dy GBP,121.32
04/13/2016,Pictet - Global Envir Opps I dy GBP,123.04
04/14/2016,Pictet - Global Envir Opps I dy GBP,123.39
04/15/2016,Pictet - Global Envir Opps I dy GBP,123.17
04/16/2016,Pictet - Global Envir Opps I dy GBP,123.17
04/17/2016,Pictet - Global Envir Opps I dy GBP,123.17
04/18/2016,Pictet - Global Envir Opps I dy GBP,122.93
04/19/2016,Pictet - Global Envir Opps I dy GBP,122.59
04/20/2016,Pictet - Global Envir Opps I dy GBP,122.23
04/21/2016,Pictet - Global Envir Opps I dy GBP,121.77
04/22/2016,Pictet - Global Envir Opps I dy GBP,121.23
04/23/2016,Pictet - Global Envir Opps I dy GBP,121.23
04/24/2016,Pictet - Global Envir Opps I dy GBP,121.23
04/25/2016,Pictet - Global Envir Opps I dy GBP,120.37
04/26/2016,Pictet - Global Envir Opps I dy GBP,120.69
04/27/2016,Pictet - Global Envir Opps I dy GBP,121.43
04/28/2016,Pictet - Global Envir Opps I dy GBP,120.46
04/29/2016,Pictet - Global Envir Opps I dy GBP,119.34
04/30/2016,Pictet - Global Envir Opps I dy GBP,119.34
05/01/2016,Pictet - Global Envir Opps I dy GBP,119.34
05/02/2016,Pictet - Global Envir Opps I dy GBP,120.05
05/03/2016,Pictet - Global Envir Opps I dy GBP,119.81
05/04/2016,Pictet - Global Envir Opps I dy GBP,119.81
05/05/2016,Pictet - Global Envir Opps I dy GBP,118.33
05/06/2016,Pictet - Global Envir Opps I dy GBP,119.88
05/07/2016,Pictet - Global Envir Opps I dy GBP,119.88
05/08/2016,Pictet - Global Envir Opps I dy GBP,119.88
05/09/2016,Pictet - Global Envir Opps I dy GBP,120.24
05/10/2016,Pictet - Global Envir Opps I dy GBP,120.61
05/11/2016,Pictet - Global Envir Opps I dy GBP,120.45
05/12/2016,Pictet - Global Envir Opps I dy GBP,120.04
05/13/2016,Pictet - Global Envir Opps I dy GBP,120.04
05/14/2016,Pictet - Global Envir Opps I dy GBP,120.04
05/15/2016,Pictet - Global Envir Opps I dy GBP,120.04
05/16/2016,Pictet - Global Envir Opps I dy GBP,121.03
05/17/2016,Pictet - Global Envir Opps I dy GBP,119.41
05/18/2016,Pictet - Global Envir Opps I dy GBP,118.19
05/19/2016,Pictet - Global Envir Opps I dy GBP,117.74
05/20/2016,Pictet - Global Envir Opps I dy GBP,119.61
05/21/2016,Pictet - Global Envir Opps I dy GBP,119.61
05/22/2016,Pictet - Global Envir Opps I dy GBP,119.61
05/23/2016,Pictet - Global Envir Opps I dy GBP,120.1
05/24/2016,Pictet - Global Envir Opps I dy GBP,121
05/25/2016,Pictet - Global Envir Opps I dy GBP,120.51
05/26/2016,Pictet - Global Envir Opps I dy GBP,121.1
05/27/2016,Pictet - Global Envir Opps I dy GBP,122.17
05/28/2016,Pictet - Global Envir Opps I dy GBP,122.17
05/29/2016,Pictet - Global Envir Opps I dy GBP,122.17
05/30/2016,Pictet - Global Envir Opps I dy GBP,122.17
05/31/2016,Pictet - Global Envir Opps I dy GBP,122.71
06/01/2016,Pictet - Global Envir Opps I dy GBP,124.14
06/02/2016,Pictet - Global Envir Opps I dy GBP,124.1
06/03/2016,Pictet - Global Envir Opps I dy GBP,123.46
06/04/2016,Pictet - Global Envir Opps I dy GBP,123.46
06/05/2016,Pictet - Global Envir Opps I dy GBP,123.46
06/06/2016,Pictet - Global Envir Opps I dy GBP,124.76
06/07/2016,Pictet - Global Envir Opps I dy GBP,124.6
06/08/2016,Pictet - Global Envir Opps I dy GBP,124.88
06/09/2016,Pictet - Global Envir Opps I dy GBP,124.95
06/10/2016,Pictet - Global Envir Opps I dy GBP,123.88
06/11/2016,Pictet - Global Envir Opps I dy GBP,123.88
06/12/2016,Pictet - Global Envir Opps I dy GBP,123.88
06/13/2016,Pictet - Global Envir Opps I dy GBP,122.96
06/14/2016,Pictet - Global Envir Opps I dy GBP,123.43
06/15/2016,Pictet - Global Envir Opps I dy GBP,122.78
06/16/2016,Pictet - Global Envir Opps I dy GBP,123.59
06/17/2016,Pictet - Global Envir Opps I dy GBP,122.18
06/18/2016,Pictet - Global Envir Opps I dy GBP,122.18
06/19/2016,Pictet - Global Envir Opps I dy GBP,122.18
06/20/2016,Pictet - Global Envir Opps I dy GBP,121.24
06/21/2016,Pictet - Global Envir Opps I dy GBP,121.04
06/22/2016,Pictet - Global Envir Opps I dy GBP,121.04
06/23/2016,Pictet - Global Envir Opps I dy GBP,121.08
06/24/2016,Pictet - Global Envir Opps I dy GBP,126.14
06/25/2016,Pictet - Global Envir Opps I dy GBP,126.14
06/26/2016,Pictet - Global Envir Opps I dy GBP,126.14
06/27/2016,Pictet - Global Envir Opps I dy GBP,126.78
06/28/2016,Pictet - Global Envir Opps I dy GBP,127.76
06/29/2016,Pictet - Global Envir Opps I dy GBP,128.34
06/30/2016,Pictet - Global Envir Opps I dy GBP,131.87
07/01/2016,Pictet - Global Envir Opps I dy GBP,133.17
07/02/2016,Pictet - Global Envir Opps I dy GBP,133.17
07/03/2016,Pictet - Global Envir Opps I dy GBP,133.17
07/04/2016,Pictet - Global Envir Opps I dy GBP,133.17
07/05/2016,Pictet - Global Envir Opps I dy GBP,133.81
07/06/2016,Pictet - Global Envir Opps I dy GBP,135.21
07/07/2016,Pictet - Global Envir Opps I dy GBP,135.04
07/08/2016,Pictet - Global Envir Opps I dy GBP,137.26
07/09/2016,Pictet - Global Envir Opps I dy GBP,137.26
07/10/2016,Pictet - Global Envir Opps I dy GBP,137.26
07/11/2016,Pictet - Global Envir Opps I dy GBP,138.1
07/12/2016,Pictet - Global Envir Opps I dy GBP,136.74
07/13/2016,Pictet - Global Envir Opps I dy GBP,136.39
07/14/2016,Pictet - Global Envir Opps I dy GBP,135.75
07/15/2016,Pictet - Global Envir Opps I dy GBP,136.26
07/16/2016,Pictet - Global Envir Opps I dy GBP,136.26
07/17/2016,Pictet - Global Envir Opps I dy GBP,136.26
07/18/2016,Pictet - Global Envir Opps I dy GBP,137.22
07/19/2016,Pictet - Global Envir Opps I dy GBP,138.36
07/20/2016,Pictet - Global Envir Opps I dy GBP,139.2
07/21/2016,Pictet - Global Envir Opps I dy GBP,138.07
07/22/2016,Pictet - Global Envir Opps I dy GBP,139.79
07/23/2016,Pictet - Global Envir Opps I dy GBP,139.79
07/24/2016,Pictet - Global Envir Opps I dy GBP,139.79
07/25/2016,Pictet - Global Envir Opps I dy GBP,139.34
07/26/2016,Pictet - Global Envir Opps I dy GBP,140.68
07/27/2016,Pictet - Global Envir Opps I dy GBP,140.45
07/28/2016,Pictet - Global Envir Opps I dy GBP,140.05
07/29/2016,Pictet - Global Envir Opps I dy GBP,138.97
07/30/2016,Pictet - Global Envir Opps I dy GBP,138.97
07/31/2016,Pictet - Global Envir Opps I dy GBP,138.97
08/01/2016,Pictet - Global Envir Opps I dy GBP,139.94
08/02/2016,Pictet - Global Envir Opps I dy GBP,137.46
08/03/2016,Pictet - Global Envir Opps I dy GBP,137.25
08/04/2016,Pictet - Global Envir Opps I dy GBP,139.93
08/05/2016,Pictet - Global Envir Opps I dy GBP,141.6
08/06/2016,Pictet - Global Envir Opps I dy GBP,141.6
08/07/2016,Pictet - Global Envir Opps I dy GBP,141.6
08/08/2016,Pictet - Global Envir Opps I dy GBP,141.59
08/09/2016,Pictet - Global Envir Opps I dy GBP,143.16
08/10/2016,Pictet - Global Envir Opps I dy GBP,143.02
08/11/2016,Pictet - Global Envir Opps I dy GBP,145.06
08/12/2016,Pictet - Global Envir Opps I dy GBP,145.06
08/13/2016,Pictet - Global Envir Opps I dy GBP,145.06
08/14/2016,Pictet - Global Envir Opps I dy GBP,145.06
08/15/2016,Pictet - Global Envir Opps I dy GBP,146.24
08/16/2016,Pictet - Global Envir Opps I dy GBP,144.43
08/17/2016,Pictet - Global Envir Opps I dy GBP,143.65
08/18/2016,Pictet - Global Envir Opps I dy GBP,143
08/19/2016,Pictet - Global Envir Opps I dy GBP,144.1
08/20/2016,Pictet - Global Envir Opps I dy GBP,144.1
08/21/2016,Pictet - Global Envir Opps I dy GBP,144.1
08/22/2016,Pictet - Global Envir Opps I dy GBP,143.28
08/23/2016,Pictet - Global Envir Opps I dy GBP,143.77
08/24/2016,Pictet - Global Envir Opps I dy GBP,142.27
08/25/2016,Pictet - Global Envir Opps I dy GBP,142.91
08/26/2016,Pictet - Global Envir Opps I dy GBP,142.88
08/27/2016,Pictet - Global Envir Opps I dy GBP,142.88
08/28/2016,Pictet - Global Envir Opps I dy GBP,142.88
08/29/2016,Pictet - Global Envir Opps I dy GBP,144.23
08/30/2016,Pictet - Global Envir Opps I dy GBP,143.69
08/31/2016,Pictet - Global Envir Opps I dy GBP,143.01
09/01/2016,Pictet - Global Envir Opps I dy GBP,141.16
09/02/2016,Pictet - Global Envir Opps I dy GBP,142.47
09/03/2016,Pictet - Global Envir Opps I dy GBP,142.47
09/04/2016,Pictet - Global Envir Opps I dy GBP,142.47
09/05/2016,Pictet - Global Envir Opps I dy GBP,142.47
09/06/2016,Pictet - Global Envir Opps I dy GBP,141.74
09/07/2016,Pictet - Global Envir Opps I dy GBP,142.51
09/08/2016,Pictet - Global Envir Opps I dy GBP,142.14
09/09/2016,Pictet - Global Envir Opps I dy GBP,138.43
09/10/2016,Pictet - Global Envir Opps I dy GBP,138.43
09/11/2016,Pictet - Global Envir Opps I dy GBP,138.43
09/12/2016,Pictet - Global Envir Opps I dy GBP,138.75
09/13/2016,Pictet - Global Envir Opps I dy GBP,138.33
09/14/2016,Pictet - Global Envir Opps I dy GBP,138.19
09/15/2016,Pictet - Global Envir Opps I dy GBP,139.48
09/16/2016,Pictet - Global Envir Opps I dy GBP,139.88
09/17/2016,Pictet - Global Envir Opps I dy GBP,139.88
09/18/2016,Pictet - Global Envir Opps I dy GBP,139.88
09/19/2016,Pictet - Global Envir Opps I dy GBP,141.35
09/20/2016,Pictet - Global Envir Opps I dy GBP,142.14
09/21/2016,Pictet - Global Envir Opps I dy GBP,143.51
09/22/2016,Pictet - Global Envir Opps I dy GBP,144.27
09/23/2016,Pictet - Global Envir Opps I dy GBP,144.43
09/24/2016,Pictet - Global Envir Opps I dy GBP,144.43
09/25/2016,Pictet - Global Envir Opps I dy GBP,144.43
09/26/2016,Pictet - Global Envir Opps I dy GBP,143.53
09/27/2016,Pictet - Global Envir Opps I dy GBP,143.46
09/28/2016,Pictet - Global Envir Opps I dy GBP,144.18
09/29/2016,Pictet - Global Envir Opps I dy GBP,143.43
09/30/2016,Pictet - Global Envir Opps I dy GBP,144.87
10/01/2016,Pictet - Global Envir Opps I dy GBP,144.87
10/02/2016,Pictet - Global Envir Opps I dy GBP,144.87
10/03/2016,Pictet - Global Envir Opps I dy GBP,146.31
10/04/2016,Pictet - Global Envir Opps I dy GBP,146.1
10/05/2016,Pictet - Global Envir Opps I dy GBP,146.17
10/06/2016,Pictet - Global Envir Opps I dy GBP,147.32
10/07/2016,Pictet - Global Envir Opps I dy GBP,148.23
10/08/2016,Pictet - Global Envir Opps I dy GBP,148.23
10/09/2016,Pictet - Global Envir Opps I dy GBP,148.23
10/10/2016,Pictet - Global Envir Opps I dy GBP,149.74
10/11/2016,Pictet - Global Envir Opps I dy GBP,149.47
10/12/2016,Pictet - Global Envir Opps I dy GBP,149.96
10/13/2016,Pictet - Global Envir Opps I dy GBP,149.4
10/14/2016,Pictet - Global Envir Opps I dy GBP,149.57
10/15/2016,Pictet - Global Envir Opps I dy GBP,149.57
10/16/2016,Pictet - Global Envir Opps I dy GBP,149.57
10/17/2016,Pictet - Global Envir Opps I dy GBP,149.89
10/18/2016,Pictet - Global Envir Opps I dy GBP,148.68
10/19/2016,Pictet - Global Envir Opps I dy GBP,148.92
10/20/2016,Pictet - Global Envir Opps I dy GBP,148.84
10/21/2016,Pictet - Global Envir Opps I dy GBP,149.05
10/22/2016,Pictet - Global Envir Opps I dy GBP,149.05
10/23/2016,Pictet - Global Envir Opps I dy GBP,149.05
10/24/2016,Pictet - Global Envir Opps I dy GBP,149.22
10/25/2016,Pictet - Global Envir Opps I dy GBP,148.28
10/26/2016,Pictet - Global Envir Opps I dy GBP,147.05
10/27/2016,Pictet - Global Envir Opps I dy GBP,147.32
10/28/2016,Pictet - Global Envir Opps I dy GBP,147.59
10/29/2016,Pictet - Global Envir Opps I dy GBP,147.59
10/30/2016,Pictet - Global Envir Opps I dy GBP,147.59
10/31/2016,Pictet - Global Envir Opps I dy GBP,147.58
11/01/2016,Pictet - Global Envir Opps I dy GBP,147.58
11/02/2016,Pictet - Global Envir Opps I dy GBP,143.96
11/03/2016,Pictet - Global Envir Opps I dy GBP,141.18
11/04/2016,Pictet - Global Envir Opps I dy GBP,140.45
11/05/2016,Pictet - Global Envir Opps I dy GBP,140.45
11/06/2016,Pictet - Global Envir Opps I dy GBP,140.45
11/07/2016,Pictet - Global Envir Opps I dy GBP,144.21
11/08/2016,Pictet - Global Envir Opps I dy GBP,144.08
11/09/2016,Pictet - Global Envir Opps I dy GBP,143.38
11/10/2016,Pictet - Global Envir Opps I dy GBP,142.36
11/11/2016,Pictet - Global Envir Opps I dy GBP,140.88
11/12/2016,Pictet - Global Envir Opps I dy GBP,140.88
11/13/2016,Pictet - Global Envir Opps I dy GBP,140.88
11/14/2016,Pictet - Global Envir Opps I dy GBP,142.05
11/15/2016,Pictet - Global Envir Opps I dy GBP,144.07
11/16/2016,Pictet - Global Envir Opps I dy GBP,143.74
11/17/2016,Pictet - Global Envir Opps I dy GBP,144.18
11/18/2016,Pictet - Global Envir Opps I dy GBP,145
11/19/2016,Pictet - Global Envir Opps I dy GBP,145
11/20/2016,Pictet - Global Envir Opps I dy GBP,145
11/21/2016,Pictet - Global Envir Opps I dy GBP,144.22
11/22/2016,Pictet - Global Envir Opps I dy GBP,145.1
11/23/2016,Pictet - Global Envir Opps I dy GBP,145.12
11/24/2016,Pictet - Global Envir Opps I dy GBP,145.12
11/25/2016,Pictet - Global Envir Opps I dy GBP,145.56
11/26/2016,Pictet - Global Envir Opps I dy GBP,145.56
11/27/2016,Pictet - Global Envir Opps I dy GBP,145.56
11/28/2016,Pictet - Global Envir Opps I dy GBP,144.93
11/29/2016,Pictet - Global Envir Opps I dy GBP,143.53
11/30/2016,Pictet - Global Envir Opps I dy GBP,142.98
12/01/2016,Pictet - Global Envir Opps I dy GBP,140.19
12/02/2016,Pictet - Global Envir Opps I dy GBP,139.88
12/03/2016,Pictet - Global Envir Opps I dy GBP,139.88
12/04/2016,Pictet - Global Envir Opps I dy GBP,139.88
12/05/2016,Pictet - Global Envir Opps I dy GBP,140.05
12/06/2016,Pictet - Global Envir Opps I dy GBP,140.43
12/07/2016,Pictet - Global Envir Opps I dy GBP,143.24
12/08/2016,Pictet - Global Envir Opps I dy GBP,143.96
12/09/2016,Pictet - Global Envir Opps I dy GBP,144.12
12/10/2016,Pictet - Global Envir Opps I dy GBP,144.12
12/11/2016,Pictet - Global Envir Opps I dy GBP,144.12
12/12/2016,Pictet - Global Envir Opps I dy GBP,142.5
12/13/2016,Pictet - Global Envir Opps I dy GBP,142.74
12/14/2016,Pictet - Global Envir Opps I dy GBP,141.15
12/15/2016,Pictet - Global Envir Opps I dy GBP,143.98
12/16/2016,Pictet - Global Envir Opps I dy GBP,143.76
12/17/2016,Pictet - Global Envir Opps I dy GBP,143.76
12/18/2016,Pictet - Global Envir Opps I dy GBP,143.76
12/19/2016,Pictet - Global Envir Opps I dy GBP,144.97
12/20/2016,Pictet - Global Envir Opps I dy GBP,145.12
12/21/2016,Pictet - Global Envir Opps I dy GBP,144.93
12/22/2016,Pictet - Global Envir Opps I dy GBP,145.01
12/23/2016,Pictet - Global Envir Opps I dy GBP,145.75
12/24/2016,Pictet - Global Envir Opps I dy GBP,145.75
12/25/2016,Pictet - Global Envir Opps I dy GBP,145.75
12/26/2016,Pictet - Global Envir Opps I dy GBP,145.75
12/27/2016,Pictet - Global Envir Opps I dy GBP,146.22
12/28/2016,Pictet - Global Envir Opps I dy GBP,145.66
12/29/2016,Pictet - Global Envir Opps I dy GBP,146.3
12/30/2016,Pictet - Global Envir Opps I dy GBP,144.45
12/31/2016,Pictet - Global Envir Opps I dy GBP,144.45
01/01/2017,Pictet - Global Envir Opps I dy GBP,144.45
01/02/2017,Pictet - Global Envir Opps I dy GBP,144.45
01/03/2017,Pictet - Global Envir Opps I dy GBP,146.47
01/04/2017,Pictet - Global Envir Opps I dy GBP,147.11
01/05/2017,Pictet - Global Envir Opps I dy GBP,146.16
01/06/2017,Pictet - Global Envir Opps I dy GBP,147.11
01/07/2017,Pictet - Global Envir Opps I dy GBP,147.11
01/08/2017,Pictet - Global Envir Opps I dy GBP,147.11
01/09/2017,Pictet - Global Envir Opps I dy GBP,148.43
01/10/2017,Pictet - Global Envir Opps I dy GBP,148.92
01/11/2017,Pictet - Global Envir Opps I dy GBP,150.44
01/12/2017,Pictet - Global Envir Opps I dy GBP,149.56
01/13/2017,Pictet - Global Envir Opps I dy GBP,150.61
01/14/2017,Pictet - Global Envir Opps I dy GBP,150.61
01/15/2017,Pictet - Global Envir Opps I dy GBP,150.61
01/16/2017,Pictet - Global Envir Opps I dy GBP,150.61
01/17/2017,Pictet - Global Envir Opps I dy GBP,147.87
01/18/2017,Pictet - Global Envir Opps I dy GBP,148.42
01/19/2017,Pictet - Global Envir Opps I dy GBP,147.98
01/20/2017,Pictet - Global Envir Opps I dy GBP,148.27
01/21/2017,Pictet - Global Envir Opps I dy GBP,148.27
01/22/2017,Pictet - Global Envir Opps I dy GBP,148.27
01/23/2017,Pictet - Global Envir Opps I dy GBP,146.39
01/24/2017,Pictet - Global Envir Opps I dy GBP,147.37
01/25/2017,Pictet - Global Envir Opps I dy GBP,147.86
01/26/2017,Pictet - Global Envir Opps I dy GBP,147.36
01/27/2017,Pictet - Global Envir Opps I dy GBP,147.82
01/28/2017,Pictet - Global Envir Opps I dy GBP,147.82
01/29/2017,Pictet - Global Envir Opps I dy GBP,147.82
01/30/2017,Pictet - Global Envir Opps I dy GBP,147.16
01/31/2017,Pictet - Global Envir Opps I dy GBP,147.33
02/01/2017,Pictet - Global Envir Opps I dy GBP,146.19
02/02/2017,Pictet - Global Envir Opps I dy GBP,149.18
02/03/2017,Pictet - Global Envir Opps I dy GBP,150.17
02/04/2017,Pictet - Global Envir Opps I dy GBP,150.17
02/05/2017,Pictet - Global Envir Opps I dy GBP,150.17
02/06/2017,Pictet - Global Envir Opps I dy GBP,149.56
02/07/2017,Pictet - Global Envir Opps I dy GBP,149.89
02/08/2017,Pictet - Global Envir Opps I dy GBP,149.23
02/09/2017,Pictet - Global Envir Opps I dy GBP,150.12
02/10/2017,Pictet - Global Envir Opps I dy GBP,151.17
02/11/2017,Pictet - Global Envir Opps I dy GBP,151.17
02/12/2017,Pictet - Global Envir Opps I dy GBP,151.17
02/13/2017,Pictet - Global Envir Opps I dy GBP,151.63
02/14/2017,Pictet - Global Envir Opps I dy GBP,152.25
02/15/2017,Pictet - Global Envir Opps I dy GBP,153.54
02/16/2017,Pictet - Global Envir Opps I dy GBP,153.66
02/17/2017,Pictet - Global Envir Opps I dy GBP,154.59
02/18/2017,Pictet - Global Envir Opps I dy GBP,154.59
02/19/2017,Pictet - Global Envir Opps I dy GBP,154.59
02/20/2017,Pictet - Global Envir Opps I dy GBP,154.59
02/21/2017,Pictet - Global Envir Opps I dy GBP,155.46
02/22/2017,Pictet - Global Envir Opps I dy GBP,155.19
02/23/2017,Pictet - Global Envir Opps I dy GBP,153.81
02/24/2017,Pictet - Global Envir Opps I dy GBP,154.22
02/25/2017,Pictet - Global Envir Opps I dy GBP,154.22
02/26/2017,Pictet - Global Envir Opps I dy GBP,154.22
02/27/2017,Pictet - Global Envir Opps I dy GBP,155.14
02/28/2017,Pictet - Global Envir Opps I dy GBP,155.03
03/01/2017,Pictet - Global Envir Opps I dy GBP,158.23
03/02/2017,Pictet - Global Envir Opps I dy GBP,157.6
03/03/2017,Pictet - Global Envir Opps I dy GBP,157.91
03/04/2017,Pictet - Global Envir Opps I dy GBP,157.91
03/05/2017,Pictet - Global Envir Opps I dy GBP,157.91
03/06/2017,Pictet - Global Envir Opps I dy GBP,157.24
03/07/2017,Pictet - Global Envir Opps I dy GBP,157.93
03/08/2017,Pictet - Global Envir Opps I dy GBP,157.63
03/09/2017,Pictet - Global Envir Opps I dy GBP,157.47
03/10/2017,Pictet - Global Envir Opps I dy GBP,158.5
03/11/2017,Pictet - Global Envir Opps I dy GBP,158.5
03/12/2017,Pictet - Global Envir Opps I dy GBP,158.5
03/13/2017,Pictet - Global Envir Opps I dy GBP,158.84
03/14/2017,Pictet - Global Envir Opps I dy GBP,158.83
03/15/2017,Pictet - Global Envir Opps I dy GBP,159.74
03/16/2017,Pictet - Global Envir Opps I dy GBP,158.84
03/17/2017,Pictet - Global Envir Opps I dy GBP,159.04
03/18/2017,Pictet - Global Envir Opps I dy GBP,159.04
03/19/2017,Pictet - Global Envir Opps I dy GBP,159.04
03/20/2017,Pictet - Global Envir Opps I dy GBP,158.78
03/21/2017,Pictet - Global Envir Opps I dy GBP,155.37
03/22/2017,Pictet - Global Envir Opps I dy GBP,155.63
03/23/2017,Pictet - Global Envir Opps I dy GBP,155.48
03/24/2017,Pictet - Global Envir Opps I dy GBP,156.08
03/25/2017,Pictet - Global Envir Opps I dy GBP,156.08
03/26/2017,Pictet - Global Envir Opps I dy GBP,156.08
03/27/2017,Pictet - Global Envir Opps I dy GBP,155.52
03/28/2017,Pictet - Global Envir Opps I dy GBP,156.95
03/29/2017,Pictet - Global Envir Opps I dy GBP,158.2
03/30/2017,Pictet - Global Envir Opps I dy GBP,157.62
03/31/2017,Pictet - Global Envir Opps I dy GBP,157.47
04/01/2017,Pictet - Global Envir Opps I dy GBP,157.47
04/02/2017,Pictet - Global Envir Opps I dy GBP,157.47
04/03/2017,Pictet - Global Envir Opps I dy GBP,156.76
04/04/2017,Pictet - Global Envir Opps I dy GBP,156.64
04/05/2017,Pictet - Global Envir Opps I dy GBP,155.78
04/06/2017,Pictet - Global Envir Opps I dy GBP,156.01
04/07/2017,Pictet - Global Envir Opps I dy GBP,157.31
04/08/2017,Pictet - Global Envir Opps I dy GBP,157.31
04/09/2017,Pictet - Global Envir Opps I dy GBP,157.31
04/10/2017,Pictet - Global Envir Opps I dy GBP,157.34
04/11/2017,Pictet - Global Envir Opps I dy GBP,156.98
04/12/2017,Pictet - Global Envir Opps I dy GBP,155.86
04/13/2017,Pictet - Global Envir Opps I dy GBP,154.97
04/14/2017,Pictet - Global Envir Opps I dy GBP,154.97
04/15/2017,Pictet - Global Envir Opps I dy GBP,154.97
04/16/2017,Pictet - Global Envir Opps I dy GBP,154.97
04/17/2017,Pictet - Global Envir Opps I dy GBP,154.97
04/18/2017,Pictet - Global Envir Opps I dy GBP,153.08
04/19/2017,Pictet - Global Envir Opps I dy GBP,152.85
04/20/2017,Pictet - Global Envir Opps I dy GBP,153.51
04/21/2017,Pictet - Global Envir Opps I dy GBP,154.04
04/22/2017,Pictet - Global Envir Opps I dy GBP,154.04
04/23/2017,Pictet - Global Envir Opps I dy GBP,154.04
04/24/2017,Pictet - Global Envir Opps I dy GBP,156.98
04/25/2017,Pictet - Global Envir Opps I dy GBP,157.15
04/26/2017,Pictet - Global Envir Opps I dy GBP,156.43
04/27/2017,Pictet - Global Envir Opps I dy GBP,156.67
04/28/2017,Pictet - Global Envir Opps I dy GBP,156.39
04/29/2017,Pictet - Global Envir Opps I dy GBP,156.39
04/30/2017,Pictet - Global Envir Opps I dy GBP,156.39
05/01/2017,Pictet - Global Envir Opps I dy GBP,156.39
05/02/2017,Pictet - Global Envir Opps I dy GBP,157.03
05/03/2017,Pictet - Global Envir Opps I dy GBP,157.7
05/04/2017,Pictet - Global Envir Opps I dy GBP,158.21
05/05/2017,Pictet - Global Envir Opps I dy GBP,159.27
05/06/2017,Pictet - Global Envir Opps I dy GBP,159.27
05/07/2017,Pictet - Global Envir Opps I dy GBP,159.27
05/08/2017,Pictet - Global Envir Opps I dy GBP,158.66
05/09/2017,Pictet - Global Envir Opps I dy GBP,158.54
05/10/2017,Pictet - Global Envir Opps I dy GBP,158.67
05/11/2017,Pictet - Global Envir Opps I dy GBP,159.19
05/12/2017,Pictet - Global Envir Opps I dy GBP,158.7
05/13/2017,Pictet - Global Envir Opps I dy GBP,158.7
05/14/2017,Pictet - Global Envir Opps I dy GBP,158.7
05/15/2017,Pictet - Global Envir Opps I dy GBP,159.5
05/16/2017,Pictet - Global Envir Opps I dy GBP,159.97
05/17/2017,Pictet - Global Envir Opps I dy GBP,157.35
05/18/2017,Pictet - Global Envir Opps I dy GBP,156.7
05/19/2017,Pictet - Global Envir Opps I dy GBP,158.43
05/20/2017,Pictet - Global Envir Opps I dy GBP,158.43
05/21/2017,Pictet - Global Envir Opps I dy GBP,158.43
05/22/2017,Pictet - Global Envir Opps I dy GBP,159.74
05/23/2017,Pictet - Global Envir Opps I dy GBP,160.26
05/24/2017,Pictet - Global Envir Opps I dy GBP,160.97
05/25/2017,Pictet - Global Envir Opps I dy GBP,160.97
05/26/2017,Pictet - Global Envir Opps I dy GBP,163.39
05/27/2017,Pictet - Global Envir Opps I dy GBP,163.39
05/28/2017,Pictet - Global Envir Opps I dy GBP,163.39
05/29/2017,Pictet - Global Envir Opps I dy GBP,163.39
05/30/2017,Pictet - Global Envir Opps I dy GBP,162.7
05/31/2017,Pictet - Global Envir Opps I dy GBP,162.9
06/01/2017,Pictet - Global Envir Opps I dy GBP,164.43
06/02/2017,Pictet - Global Envir Opps I dy GBP,165.75
06/03/2017,Pictet - Global Envir Opps I dy GBP,165.75
06/04/2017,Pictet - Global Envir Opps I dy GBP,165.75
06/05/2017,Pictet - Global Envir Opps I dy GBP,165.75
06/06/2017,Pictet - Global Envir Opps I dy GBP,164.8
06/07/2017,Pictet - Global Envir Opps I dy GBP,164.26
06/08/2017,Pictet - Global Envir Opps I dy GBP,163.7
06/09/2017,Pictet - Global Envir Opps I dy GBP,166.34
06/10/2017,Pictet - Global Envir Opps I dy GBP,166.34
06/11/2017,Pictet - Global Envir Opps I dy GBP,166.34
06/12/2017,Pictet - Global Envir Opps I dy GBP,166.01
06/13/2017,Pictet - Global Envir Opps I dy GBP,166.25
06/14/2017,Pictet - Global Envir Opps I dy GBP,166.02
06/15/2017,Pictet - Global Envir Opps I dy GBP,164.47
06/16/2017,Pictet - Global Envir Opps I dy GBP,165.72
06/17/2017,Pictet - Global Envir Opps I dy GBP,165.72
06/18/2017,Pictet - Global Envir Opps I dy GBP,165.72
06/19/2017,Pictet - Global Envir Opps I dy GBP,167.18
06/20/2017,Pictet - Global Envir Opps I dy GBP,167.88
06/21/2017,Pictet - Global Envir Opps I dy GBP,167.54
06/22/2017,Pictet - Global Envir Opps I dy GBP,167.74
06/23/2017,Pictet - Global Envir Opps I dy GBP,167.74
06/24/2017,Pictet - Global Envir Opps I dy GBP,167.74
06/25/2017,Pictet - Global Envir Opps I dy GBP,167.74
06/26/2017,Pictet - Global Envir Opps I dy GBP,167.07
06/27/2017,Pictet - Global Envir Opps I dy GBP,165.36
06/28/2017,Pictet - Global Envir Opps I dy GBP,164.33
06/29/2017,Pictet - Global Envir Opps I dy GBP,162.29
06/30/2017,Pictet - Global Envir Opps I dy GBP,162.82
07/01/2017,Pictet - Global Envir Opps I dy GBP,162.82
07/02/2017,Pictet - Global Envir Opps I dy GBP,162.82
07/03/2017,Pictet - Global Envir Opps I dy GBP,163.43
07/04/2017,Pictet - Global Envir Opps I dy GBP,163.43
07/05/2017,Pictet - Global Envir Opps I dy GBP,163.61
07/06/2017,Pictet - Global Envir Opps I dy GBP,162.46
07/07/2017,Pictet - Global Envir Opps I dy GBP,164.2
07/08/2017,Pictet - Global Envir Opps I dy GBP,164.2
07/09/2017,Pictet - Global Envir Opps I dy GBP,164.2
07/10/2017,Pictet - Global Envir Opps I dy GBP,165.1
07/11/2017,Pictet - Global Envir Opps I dy GBP,165.2
07/12/2017,Pictet - Global Envir Opps I dy GBP,166.77
07/13/2017,Pictet - Global Envir Opps I dy GBP,166.13
07/14/2017,Pictet - Global Envir Opps I dy GBP,164.99
07/15/2017,Pictet - Global Envir Opps I dy GBP,164.99
07/16/2017,Pictet - Global Envir Opps I dy GBP,164.99
07/17/2017,Pictet - Global Envir Opps I dy GBP,165.48
07/18/2017,Pictet - Global Envir Opps I dy GBP,166.25
07/19/2017,Pictet - Global Envir Opps I dy GBP,166.8
07/20/2017,Pictet - Global Envir Opps I dy GBP,167.58
07/21/2017,Pictet - Global Envir Opps I dy GBP,166.61
07/22/2017,Pictet - Global Envir Opps I dy GBP,166.61
07/23/2017,Pictet - Global Envir Opps I dy GBP,166.61
07/24/2017,Pictet - Global Envir Opps I dy GBP,165.13
07/25/2017,Pictet - Global Envir Opps I dy GBP,165.66
07/26/2017,Pictet - Global Envir Opps I dy GBP,166.35
07/27/2017,Pictet - Global Envir Opps I dy GBP,165.82
07/28/2017,Pictet - Global Envir Opps I dy GBP,165.2
07/29/2017,Pictet - Global Envir Opps I dy GBP,165.2
07/30/2017,Pictet - Global Envir Opps I dy GBP,165.2
07/31/2017,Pictet - Global Envir Opps I dy GBP,164.42
08/01/2017,Pictet - Global Envir Opps I dy GBP,164.93
08/02/2017,Pictet - Global Envir Opps I dy GBP,164.87
08/03/2017,Pictet - Global Envir Opps I dy GBP,165.16
08/04/2017,Pictet - Global Envir Opps I dy GBP,166.78
08/05/2017,Pictet - Global Envir Opps I dy GBP,166.78
08/06/2017,Pictet - Global Envir Opps I dy GBP,166.78
08/07/2017,Pictet - Global Envir Opps I dy GBP,167.72
08/08/2017,Pictet - Global Envir Opps I dy GBP,167.65
08/09/2017,Pictet - Global Envir Opps I dy GBP,167.02
08/10/2017,Pictet - Global Envir Opps I dy GBP,165.28
08/11/2017,Pictet - Global Envir Opps I dy GBP,165.34
08/12/2017,Pictet - Global Envir Opps I dy GBP,165.34
08/13/2017,Pictet - Global Envir Opps I dy GBP,165.34
08/14/2017,Pictet - Global Envir Opps I dy GBP,166.73
08/15/2017,Pictet - Global Envir Opps I dy GBP,166.73
08/16/2017,Pictet - Global Envir Opps I dy GBP,169.14
08/17/2017,Pictet - Global Envir Opps I dy GBP,167.5
08/18/2017,Pictet - Global Envir Opps I dy GBP,167.86
08/19/2017,Pictet - Global Envir Opps I dy GBP,167.86
08/20/2017,Pictet - Global Envir Opps I dy GBP,167.86
08/21/2017,Pictet - Global Envir Opps I dy GBP,167.63
08/22/2017,Pictet - Global Envir Opps I dy GBP,169.85
08/23/2017,Pictet - Global Envir Opps I dy GBP,170.17
08/24/2017,Pictet - Global Envir Opps I dy GBP,169.78
08/25/2017,Pictet - Global Envir Opps I dy GBP,169.31
08/26/2017,Pictet - Global Envir Opps I dy GBP,169.31
08/27/2017,Pictet - Global Envir Opps I dy GBP,169.31
08/28/2017,Pictet - Global Envir Opps I dy GBP,168.65
08/29/2017,Pictet - Global Envir Opps I dy GBP,168.28
08/30/2017,Pictet - Global Envir Opps I dy GBP,169.05
08/31/2017,Pictet - Global Envir Opps I dy GBP,170.71
09/01/2017,Pictet - Global Envir Opps I dy GBP,169.8
09/02/2017,Pictet - Global Envir Opps I dy GBP,169.8
09/03/2017,Pictet - Global Envir Opps I dy GBP,169.8
09/04/2017,Pictet - Global Envir Opps I dy GBP,169.8
09/05/2017,Pictet - Global Envir Opps I dy GBP,168.51
09/06/2017,Pictet - Global Envir Opps I dy GBP,168.26
09/07/2017,Pictet - Global Envir Opps I dy GBP,168.9
09/08/2017,Pictet - Global Envir Opps I dy GBP,168.97
09/09/2017,Pictet - Global Envir Opps I dy GBP,168.97
09/10/2017,Pictet - Global Envir Opps I dy GBP,168.97
09/11/2017,Pictet - Global Envir Opps I dy GBP,170.41
09/12/2017,Pictet - Global Envir Opps I dy GBP,169.81
09/13/2017,Pictet - Global Envir Opps I dy GBP,169.38
09/14/2017,Pictet - Global Envir Opps I dy GBP,168.13
09/15/2017,Pictet - Global Envir Opps I dy GBP,165.3
09/16/2017,Pictet - Global Envir Opps I dy GBP,165.3
09/17/2017,Pictet - Global Envir Opps I dy GBP,165.3
09/18/2017,Pictet - Global Envir Opps I dy GBP,166.95
09/19/2017,Pictet - Global Envir Opps I dy GBP,167.47
09/20/2017,Pictet - Global Envir Opps I dy GBP,166.84
09/21/2017,Pictet - Global Envir Opps I dy GBP,166.05
09/22/2017,Pictet - Global Envir Opps I dy GBP,166.89
09/23/2017,Pictet - Global Envir Opps I dy GBP,166.89
09/24/2017,Pictet - Global Envir Opps I dy GBP,166.89
09/25/2017,Pictet - Global Envir Opps I dy GBP,166.41
09/26/2017,Pictet - Global Envir Opps I dy GBP,166.41
09/27/2017,Pictet - Global Envir Opps I dy GBP,167.09
09/28/2017,Pictet - Global Envir Opps I dy GBP,167.15
09/29/2017,Pictet - Global Envir Opps I dy GBP,168.28
09/30/2017,Pictet - Global Envir Opps I dy GBP,168.28
10/01/2017,Pictet - Global Envir Opps I dy GBP,168.28
10/02/2017,Pictet - Global Envir Opps I dy GBP,171.34
10/03/2017,Pictet - Global Envir Opps I dy GBP,171.96
10/04/2017,Pictet - Global Envir Opps I dy GBP,172.13
10/05/2017,Pictet - Global Envir Opps I dy GBP,173.33
10/06/2017,Pictet - Global Envir Opps I dy GBP,174.09
10/07/2017,Pictet - Global Envir Opps I dy GBP,174.09
10/08/2017,Pictet - Global Envir Opps I dy GBP,174.09
10/09/2017,Pictet - Global Envir Opps I dy GBP,173.57
10/10/2017,Pictet - Global Envir Opps I dy GBP,172.9
10/11/2017,Pictet - Global Envir Opps I dy GBP,173.54
10/12/2017,Pictet - Global Envir Opps I dy GBP,174.4
10/13/2017,Pictet - Global Envir Opps I dy GBP,172.69
10/14/2017,Pictet - Global Envir Opps I dy GBP,172.69
10/15/2017,Pictet - Global Envir Opps I dy GBP,172.69
10/16/2017,Pictet - Global Envir Opps I dy GBP,172.91
10/17/2017,Pictet - Global Envir Opps I dy GBP,173.5
10/18/2017,Pictet - Global Envir Opps I dy GBP,173.89
10/19/2017,Pictet - Global Envir Opps I dy GBP,173.6
10/20/2017,Pictet - Global Envir Opps I dy GBP,174.4
10/21/2017,Pictet - Global Envir Opps I dy GBP,174.4
10/22/2017,Pictet - Global Envir Opps I dy GBP,174.4
10/23/2017,Pictet - Global Envir Opps I dy GBP,174.35
10/24/2017,Pictet - Global Envir Opps I dy GBP,175.09
10/25/2017,Pictet - Global Envir Opps I dy GBP,173.31
10/26/2017,Pictet - Global Envir Opps I dy GBP,175.59
10/27/2017,Pictet - Global Envir Opps I dy GBP,176.48
10/28/2017,Pictet - Global Envir Opps I dy GBP,176.48
10/29/2017,Pictet - Global Envir Opps I dy GBP,176.48
10/30/2017,Pictet - Global Envir Opps I dy GBP,175.56
10/31/2017,Pictet - Global Envir Opps I dy GBP,175.38
11/01/2017,Pictet - Global Envir Opps I dy GBP,175.38
11/02/2017,Pictet - Global Envir Opps I dy GBP,179.23
11/03/2017,Pictet - Global Envir Opps I dy GBP,179.32
11/04/2017,Pictet - Global Envir Opps I dy GBP,179.32
11/05/2017,Pictet - Global Envir Opps I dy GBP,179.32
11/06/2017,Pictet - Global Envir Opps I dy GBP,179
11/07/2017,Pictet - Global Envir Opps I dy GBP,178.72
11/08/2017,Pictet - Global Envir Opps I dy GBP,179.46
11/09/2017,Pictet - Global Envir Opps I dy GBP,177.37
11/10/2017,Pictet - Global Envir Opps I dy GBP,175.75
11/11/2017,Pictet - Global Envir Opps I dy GBP,175.75
11/12/2017,Pictet - Global Envir Opps I dy GBP,175.75
11/13/2017,Pictet - Global Envir Opps I dy GBP,177.5
11/14/2017,Pictet - Global Envir Opps I dy GBP,177.91
11/15/2017,Pictet - Global Envir Opps I dy GBP,176.62
11/16/2017,Pictet - Global Envir Opps I dy GBP,177.7
11/17/2017,Pictet - Global Envir Opps I dy GBP,177.24
11/18/2017,Pictet - Global Envir Opps I dy GBP,177.24
11/19/2017,Pictet - Global Envir Opps I dy GBP,177.24
11/20/2017,Pictet - Global Envir Opps I dy GBP,177.47
11/21/2017,Pictet - Global Envir Opps I dy GBP,179.03
11/22/2017,Pictet - Global Envir Opps I dy GBP,177.73
11/23/2017,Pictet - Global Envir Opps I dy GBP,177.73
11/24/2017,Pictet - Global Envir Opps I dy GBP,178.08
11/25/2017,Pictet - Global Envir Opps I dy GBP,178.08
11/26/2017,Pictet - Global Envir Opps I dy GBP,178.08
11/27/2017,Pictet - Global Envir Opps I dy GBP,177.73
11/28/2017,Pictet - Global Envir Opps I dy GBP,179.69
11/29/2017,Pictet - Global Envir Opps I dy GBP,174.77
11/30/2017,Pictet - Global Envir Opps I dy GBP,174.75
12/01/2017,Pictet - Global Envir Opps I dy GBP,173.51
12/02/2017,Pictet - Global Envir Opps I dy GBP,173.51
12/03/2017,Pictet - Global Envir Opps I dy GBP,173.51
12/04/2017,Pictet - Global Envir Opps I dy GBP,172.48
12/05/2017,Pictet - Global Envir Opps I dy GBP,172.54
12/06/2017,Pictet - Global Envir Opps I dy GBP,173.29
12/07/2017,Pictet - Global Envir Opps I dy GBP,173.66
12/08/2017,Pictet - Global Envir Opps I dy GBP,174.23
12/09/2017,Pictet - Global Envir Opps I dy GBP,174.23
12/10/2017,Pictet - Global Envir Opps I dy GBP,174.23
12/11/2017,Pictet - Global Envir Opps I dy GBP,174.48
12/12/2017,Pictet - Global Envir Opps I dy GBP,174.06
12/13/2017,Pictet - Global Envir Opps I dy GBP,173.86
12/14/2017,Pictet - Global Envir Opps I dy GBP,172.2
12/15/2017,Pictet - Global Envir Opps I dy GBP,174.67
12/16/2017,Pictet - Global Envir Opps I dy GBP,174.67
12/17/2017,Pictet - Global Envir Opps I dy GBP,174.67
12/18/2017,Pictet - Global Envir Opps I dy GBP,175.5
12/19/2017,Pictet - Global Envir Opps I dy GBP,175.95
12/20/2017,Pictet - Global Envir Opps I dy GBP,175.6
12/21/2017,Pictet - Global Envir Opps I dy GBP,176.66
12/22/2017,Pictet - Global Envir Opps I dy GBP,176.14
12/23/2017,Pictet - Global Envir Opps I dy GBP,176.14
12/24/2017,Pictet - Global Envir Opps I dy GBP,176.14
12/25/2017,Pictet - Global Envir Opps I dy GBP,176.14
12/26/2017,Pictet - Global Envir Opps I dy GBP,176.14
12/27/2017,Pictet - Global Envir Opps I dy GBP,176.58
12/28/2017,Pictet - Global Envir Opps I dy GBP,176.62
12/29/2017,Pictet - Global Envir Opps I dy GBP,175.5
12/30/2017,Pictet - Global Envir Opps I dy GBP,175.5
12/31/2017,Pictet - Global Envir Opps I dy GBP,175.5
01/01/2018,Pictet - Global Envir Opps I dy GBP,175.5
01/02/2018,Pictet - Global Envir Opps I dy GBP,175.42
01/03/2018,Pictet - Global Envir Opps I dy GBP,178.01
01/04/2018,Pictet - Global Envir Opps I dy GBP,179.06
01/05/2018,Pictet - Global Envir Opps I dy GBP,179.75
01/06/2018,Pictet - Global Envir Opps I dy GBP,179.75
01/07/2018,Pictet - Global Envir Opps I dy GBP,179.75
01/08/2018,Pictet - Global Envir Opps I dy GBP,179.95
01/09/2018,Pictet - Global Envir Opps I dy GBP,181.02
01/10/2018,Pictet - Global Envir Opps I dy GBP,180.05
01/11/2018,Pictet - Global Envir Opps I dy GBP,180.73
01/12/2018,Pictet - Global Envir Opps I dy GBP,179.63
01/13/2018,Pictet - Global Envir Opps I dy GBP,179.63
01/14/2018,Pictet - Global Envir Opps I dy GBP,179.63
01/15/2018,Pictet - Global Envir Opps I dy GBP,179.63
01/16/2018,Pictet - Global Envir Opps I dy GBP,179.71
01/17/2018,Pictet - Global Envir Opps I dy GBP,180.2
01/18/2018,Pictet - Global Envir Opps I dy GBP,180.5
01/19/2018,Pictet - Global Envir Opps I dy GBP,182.35
01/20/2018,Pictet - Global Envir Opps I dy GBP,182.35
01/21/2018,Pictet - Global Envir Opps I dy GBP,182.35
01/22/2018,Pictet - Global Envir Opps I dy GBP,180.83
01/23/2018,Pictet - Global Envir Opps I dy GBP,180.64
01/24/2018,Pictet - Global Envir Opps I dy GBP,177.27
01/25/2018,Pictet - Global Envir Opps I dy GBP,176.17
01/26/2018,Pictet - Global Envir Opps I dy GBP,178.82
01/27/2018,Pictet - Global Envir Opps I dy GBP,178.82
01/28/2018,Pictet - Global Envir Opps I dy GBP,178.82
01/29/2018,Pictet - Global Envir Opps I dy GBP,178.49
01/30/2018,Pictet - Global Envir Opps I dy GBP,176.5
01/31/2018,Pictet - Global Envir Opps I dy GBP,175.86
02/01/2018,Pictet - Global Envir Opps I dy GBP,175.44
02/02/2018,Pictet - Global Envir Opps I dy GBP,174.02
02/03/2018,Pictet - Global Envir Opps I dy GBP,174.02
02/04/2018,Pictet - Global Envir Opps I dy GBP,174.02
02/05/2018,Pictet - Global Envir Opps I dy GBP,169.79
02/06/2018,Pictet - Global Envir Opps I dy GBP,170.2
02/07/2018,Pictet - Global Envir Opps I dy GBP,171.27
02/08/2018,Pictet - Global Envir Opps I dy GBP,164.27
02/09/2018,Pictet - Global Envir Opps I dy GBP,166.55
02/10/2018,Pictet - Global Envir Opps I dy GBP,166.55
02/11/2018,Pictet - Global Envir Opps I dy GBP,166.55
02/12/2018,Pictet - Global Envir Opps I dy GBP,169.26
02/13/2018,Pictet - Global Envir Opps I dy GBP,168.83
02/14/2018,Pictet - Global Envir Opps I dy GBP,170.58
02/15/2018,Pictet - Global Envir Opps I dy GBP,171.57
02/16/2018,Pictet - Global Envir Opps I dy GBP,173.05
02/17/2018,Pictet - Global Envir Opps I dy GBP,173.05
02/18/2018,Pictet - Global Envir Opps I dy GBP,173.05
02/19/2018,Pictet - Global Envir Opps I dy GBP,173.05
02/20/2018,Pictet - Global Envir Opps I dy GBP,173.23
02/21/2018,Pictet - Global Envir Opps I dy GBP,173.2
02/22/2018,Pictet - Global Envir Opps I dy GBP,173.47
02/23/2018,Pictet - Global Envir Opps I dy GBP,173.52
02/24/2018,Pictet - Global Envir Opps I dy GBP,173.52
02/25/2018,Pictet - Global Envir Opps I dy GBP,173.52
02/26/2018,Pictet - Global Envir Opps I dy GBP,175.14
02/27/2018,Pictet - Global Envir Opps I dy GBP,174.32
02/28/2018,Pictet - Global Envir Opps I dy GBP,173.97
03/01/2018,Pictet - Global Envir Opps I dy GBP,172.33
03/02/2018,Pictet - Global Envir Opps I dy GBP,171.41
03/03/2018,Pictet - Global Envir Opps I dy GBP,171.41
03/04/2018,Pictet - Global Envir Opps I dy GBP,171.41
03/05/2018,Pictet - Global Envir Opps I dy GBP,172.3
03/06/2018,Pictet - Global Envir Opps I dy GBP,174.64
03/07/2018,Pictet - Global Envir Opps I dy GBP,175.69
03/08/2018,Pictet - Global Envir Opps I dy GBP,177.34
03/09/2018,Pictet - Global Envir Opps I dy GBP,179.1
03/10/2018,Pictet - Global Envir Opps I dy GBP,179.1
03/11/2018,Pictet - Global Envir Opps I dy GBP,179.1
03/12/2018,Pictet - Global Envir Opps I dy GBP,178.86
03/13/2018,Pictet - Global Envir Opps I dy GBP,176.69
03/14/2018,Pictet - Global Envir Opps I dy GBP,176.33
03/15/2018,Pictet - Global Envir Opps I dy GBP,176.79
03/16/2018,Pictet - Global Envir Opps I dy GBP,176.86
03/17/2018,Pictet - Global Envir Opps I dy GBP,176.86
03/18/2018,Pictet - Global Envir Opps I dy GBP,176.86
03/19/2018,Pictet - Global Envir Opps I dy GBP,173.95
03/20/2018,Pictet - Global Envir Opps I dy GBP,174.53
03/21/2018,Pictet - Global Envir Opps I dy GBP,174.12
03/22/2018,Pictet - Global Envir Opps I dy GBP,170.11
03/23/2018,Pictet - Global Envir Opps I dy GBP,167.21
03/24/2018,Pictet - Global Envir Opps I dy GBP,167.21
03/25/2018,Pictet - Global Envir Opps I dy GBP,167.21
03/26/2018,Pictet - Global Envir Opps I dy GBP,169.02
03/27/2018,Pictet - Global Envir Opps I dy GBP,168.9
03/28/2018,Pictet - Global Envir Opps I dy GBP,167.3
03/29/2018,Pictet - Global Envir Opps I dy GBP,169.49
03/30/2018,Pictet - Global Envir Opps I dy GBP,169.49
03/31/2018,Pictet - Global Envir Opps I dy GBP,169.49
04/01/2018,Pictet - Global Envir Opps I dy GBP,169.49
04/02/2018,Pictet - Global Envir Opps I dy GBP,169.49
04/03/2018,Pictet - Global Envir Opps I dy GBP,167.45
04/04/2018,Pictet - Global Envir Opps I dy GBP,167.3
04/05/2018,Pictet - Global Envir Opps I dy GBP,170.29
04/06/2018,Pictet - Global Envir Opps I dy GBP,167.08
04/07/2018,Pictet - Global Envir Opps I dy GBP,167.08
04/08/2018,Pictet - Global Envir Opps I dy GBP,167.08
04/09/2018,Pictet - Global Envir Opps I dy GBP,167.25
04/10/2018,Pictet - Global Envir Opps I dy GBP,169.03
04/11/2018,Pictet - Global Envir Opps I dy GBP,167.65
04/12/2018,Pictet - Global Envir Opps I dy GBP,168.53
04/13/2018,Pictet - Global Envir Opps I dy GBP,168.4
04/14/2018,Pictet - Global Envir Opps I dy GBP,168.4
04/15/2018,Pictet - Global Envir Opps I dy GBP,168.4
04/16/2018,Pictet - Global Envir Opps I dy GBP,168.51
04/17/2018,Pictet - Global Envir Opps I dy GBP,170.62
04/18/2018,Pictet - Global Envir Opps I dy GBP,171.79
04/19/2018,Pictet - Global Envir Opps I dy GBP,170.2
04/20/2018,Pictet - Global Envir Opps I dy GBP,171.57
04/21/2018,Pictet - Global Envir Opps I dy GBP,171.57
04/22/2018,Pictet - Global Envir Opps I dy GBP,171.57
04/23/2018,Pictet - Global Envir Opps I dy GBP,172.22
04/24/2018,Pictet - Global Envir Opps I dy GBP,170.6
04/25/2018,Pictet - Global Envir Opps I dy GBP,169.69
04/26/2018,Pictet - Global Envir Opps I dy GBP,169.89
04/27/2018,Pictet - Global Envir Opps I dy GBP,171.08
04/28/2018,Pictet - Global Envir Opps I dy GBP,171.08
04/29/2018,Pictet - Global Envir Opps I dy GBP,171.08
04/30/2018,Pictet - Global Envir Opps I dy GBP,170.18
05/01/2018,Pictet - Global Envir Opps I dy GBP,170.18
05/02/2018,Pictet - Global Envir Opps I dy GBP,172.26
05/03/2018,Pictet - Global Envir Opps I dy GBP,173.19
05/04/2018,Pictet - Global Envir Opps I dy GBP,175.11
05/05/2018,Pictet - Global Envir Opps I dy GBP,175.11
05/06/2018,Pictet - Global Envir Opps I dy GBP,175.11
05/07/2018,Pictet - Global Envir Opps I dy GBP,175.32
05/08/2018,Pictet - Global Envir Opps I dy GBP,176.3
05/09/2018,Pictet - Global Envir Opps I dy GBP,176.82
05/10/2018,Pictet - Global Envir Opps I dy GBP,176.82
05/11/2018,Pictet - Global Envir Opps I dy GBP,179.16
05/12/2018,Pictet - Global Envir Opps I dy GBP,179.16
05/13/2018,Pictet - Global Envir Opps I dy GBP,179.16
05/14/2018,Pictet - Global Envir Opps I dy GBP,178.48
05/15/2018,Pictet - Global Envir Opps I dy GBP,177.57
05/16/2018,Pictet - Global Envir Opps I dy GBP,178.15
05/17/2018,Pictet - Global Envir Opps I dy GBP,178.29
05/18/2018,Pictet - Global Envir Opps I dy GBP,178.9
05/19/2018,Pictet - Global Envir Opps I dy GBP,178.9
05/20/2018,Pictet - Global Envir Opps I dy GBP,178.9
05/21/2018,Pictet - Global Envir Opps I dy GBP,178.9
05/22/2018,Pictet - Global Envir Opps I dy GBP,180.77
05/23/2018,Pictet - Global Envir Opps I dy GBP,180.74
05/24/2018,Pictet - Global Envir Opps I dy GBP,180.43
05/25/2018,Pictet - Global Envir Opps I dy GBP,181.02
05/26/2018,Pictet - Global Envir Opps I dy GBP,181.02
05/27/2018,Pictet - Global Envir Opps I dy GBP,181.02
05/28/2018,Pictet - Global Envir Opps I dy GBP,181.02
05/29/2018,Pictet - Global Envir Opps I dy GBP,179.32
05/30/2018,Pictet - Global Envir Opps I dy GBP,180.61
05/31/2018,Pictet - Global Envir Opps I dy GBP,179.5
06/01/2018,Pictet - Global Envir Opps I dy GBP,181.01
06/02/2018,Pictet - Global Envir Opps I dy GBP,181.01
06/03/2018,Pictet - Global Envir Opps I dy GBP,181.01
06/04/2018,Pictet - Global Envir Opps I dy GBP,181.66
06/05/2018,Pictet - Global Envir Opps I dy GBP,181.8
06/06/2018,Pictet - Global Envir Opps I dy GBP,182.01
06/07/2018,Pictet - Global Envir Opps I dy GBP,181.49
06/08/2018,Pictet - Global Envir Opps I dy GBP,181.44
06/09/2018,Pictet - Global Envir Opps I dy GBP,181.44
06/10/2018,Pictet - Global Envir Opps I dy GBP,181.44
06/11/2018,Pictet - Global Envir Opps I dy GBP,181.94
06/12/2018,Pictet - Global Envir Opps I dy GBP,182.37
06/13/2018,Pictet - Global Envir Opps I dy GBP,181.73
06/14/2018,Pictet - Global Envir Opps I dy GBP,182.51
06/15/2018,Pictet - Global Envir Opps I dy GBP,181.99
06/16/2018,Pictet - Global Envir Opps I dy GBP,181.99
06/17/2018,Pictet - Global Envir Opps I dy GBP,181.99
06/18/2018,Pictet - Global Envir Opps I dy GBP,181.21
06/19/2018,Pictet - Global Envir Opps I dy GBP,179.58
06/20/2018,Pictet - Global Envir Opps I dy GBP,179.69
06/21/2018,Pictet - Global Envir Opps I dy GBP,177.03
06/22/2018,Pictet - Global Envir Opps I dy GBP,176.5
06/23/2018,Pictet - Global Envir Opps I dy GBP,176.5
06/24/2018,Pictet - Global Envir Opps I dy GBP,176.5
06/25/2018,Pictet - Global Envir Opps I dy GBP,174.13
06/26/2018,Pictet - Global Envir Opps I dy GBP,175.23
06/27/2018,Pictet - Global Envir Opps I dy GBP,175.14
06/28/2018,Pictet - Global Envir Opps I dy GBP,174.93
06/29/2018,Pictet - Global Envir Opps I dy GBP,174.89
06/30/2018,Pictet - Global Envir Opps I dy GBP,174.89
07/01/2018,Pictet - Global Envir Opps I dy GBP,174.89
07/02/2018,Pictet - Global Envir Opps I dy GBP,174.79
07/03/2018,Pictet - Global Envir Opps I dy GBP,174.16
07/04/2018,Pictet - Global Envir Opps I dy GBP,174.16
07/05/2018,Pictet - Global Envir Opps I dy GBP,174.76
07/06/2018,Pictet - Global Envir Opps I dy GBP,175.32
07/07/2018,Pictet - Global Envir Opps I dy GBP,175.32
07/08/2018,Pictet - Global Envir Opps I dy GBP,175.32
07/09/2018,Pictet - Global Envir Opps I dy GBP,177.13
07/10/2018,Pictet - Global Envir Opps I dy GBP,177.87
07/11/2018,Pictet - Global Envir Opps I dy GBP,175.67
07/12/2018,Pictet - Global Envir Opps I dy GBP,177.36
07/13/2018,Pictet - Global Envir Opps I dy GBP,177.86
07/14/2018,Pictet - Global Envir Opps I dy GBP,177.86
07/15/2018,Pictet - Global Envir Opps I dy GBP,177.86
07/16/2018,Pictet - Global Envir Opps I dy GBP,176.82
07/17/2018,Pictet - Global Envir Opps I dy GBP,179.05
07/18/2018,Pictet - Global Envir Opps I dy GBP,180.92
07/19/2018,Pictet - Global Envir Opps I dy GBP,181.23
07/20/2018,Pictet - Global Envir Opps I dy GBP,179.74
07/21/2018,Pictet - Global Envir Opps I dy GBP,179.74
07/22/2018,Pictet - Global Envir Opps I dy GBP,179.74
07/23/2018,Pictet - Global Envir Opps I dy GBP,179.19
07/24/2018,Pictet - Global Envir Opps I dy GBP,179.15
07/25/2018,Pictet - Global Envir Opps I dy GBP,180.34
07/26/2018,Pictet - Global Envir Opps I dy GBP,181.31
07/27/2018,Pictet - Global Envir Opps I dy GBP,180.88
07/28/2018,Pictet - Global Envir Opps I dy GBP,180.88
07/29/2018,Pictet - Global Envir Opps I dy GBP,180.88
07/30/2018,Pictet - Global Envir Opps I dy GBP,179.45
07/31/2018,Pictet - Global Envir Opps I dy GBP,181.53
08/01/2018,Pictet - Global Envir Opps I dy GBP,180.84
08/02/2018,Pictet - Global Envir Opps I dy GBP,182.46
08/03/2018,Pictet - Global Envir Opps I dy GBP,183.05
08/04/2018,Pictet - Global Envir Opps I dy GBP,183.05
08/05/2018,Pictet - Global Envir Opps I dy GBP,183.05
08/06/2018,Pictet - Global Envir Opps I dy GBP,184.71
08/07/2018,Pictet - Global Envir Opps I dy GBP,185.37
08/08/2018,Pictet - Global Envir Opps I dy GBP,186.07
08/09/2018,Pictet - Global Envir Opps I dy GBP,185.95
08/10/2018,Pictet - Global Envir Opps I dy GBP,184.71
08/11/2018,Pictet - Global Envir Opps I dy GBP,184.71
08/12/2018,Pictet - Global Envir Opps I dy GBP,184.71
08/13/2018,Pictet - Global Envir Opps I dy GBP,183.55
08/14/2018,Pictet - Global Envir Opps I dy GBP,184.44
08/15/2018,Pictet - Global Envir Opps I dy GBP,184.44
08/16/2018,Pictet - Global Envir Opps I dy GBP,183.02
08/17/2018,Pictet - Global Envir Opps I dy GBP,182.41
08/18/2018,Pictet - Global Envir Opps I dy GBP,182.41
08/19/2018,Pictet - Global Envir Opps I dy GBP,182.41
08/20/2018,Pictet - Global Envir Opps I dy GBP,183.56
08/21/2018,Pictet - Global Envir Opps I dy GBP,183.1
08/22/2018,Pictet - Global Envir Opps I dy GBP,181.72
08/23/2018,Pictet - Global Envir Opps I dy GBP,183.16
08/24/2018,Pictet - Global Envir Opps I dy GBP,183.55
08/25/2018,Pictet - Global Envir Opps I dy GBP,183.55
08/26/2018,Pictet - Global Envir Opps I dy GBP,183.55
08/27/2018,Pictet - Global Envir Opps I dy GBP,185.49
08/28/2018,Pictet - Global Envir Opps I dy GBP,186.33
08/29/2018,Pictet - Global Envir Opps I dy GBP,185.61
08/30/2018,Pictet - Global Envir Opps I dy GBP,184.64
08/31/2018,Pictet - Global Envir Opps I dy GBP,184.24
09/01/2018,Pictet - Global Envir Opps I dy GBP,184.24
09/02/2018,Pictet - Global Envir Opps I dy GBP,184.24
09/03/2018,Pictet - Global Envir Opps I dy GBP,184.24
09/04/2018,Pictet - Global Envir Opps I dy GBP,184.47
09/05/2018,Pictet - Global Envir Opps I dy GBP,182.19
09/06/2018,Pictet - Global Envir Opps I dy GBP,182.79
09/07/2018,Pictet - Global Envir Opps I dy GBP,181.14
09/08/2018,Pictet - Global Envir Opps I dy GBP,181.14
09/09/2018,Pictet - Global Envir Opps I dy GBP,181.14
09/10/2018,Pictet - Global Envir Opps I dy GBP,181.55
09/11/2018,Pictet - Global Envir Opps I dy GBP,180.94
09/12/2018,Pictet - Global Envir Opps I dy GBP,180.62
09/13/2018,Pictet - Global Envir Opps I dy GBP,180.85
09/14/2018,Pictet - Global Envir Opps I dy GBP,182.05
09/15/2018,Pictet - Global Envir Opps I dy GBP,182.05
09/16/2018,Pictet - Global Envir Opps I dy GBP,182.05
09/17/2018,Pictet - Global Envir Opps I dy GBP,181.13
09/18/2018,Pictet - Global Envir Opps I dy GBP,180.72
09/19/2018,Pictet - Global Envir Opps I dy GBP,182
09/20/2018,Pictet - Global Envir Opps I dy GBP,180.69
09/21/2018,Pictet - Global Envir Opps I dy GBP,184.39
09/22/2018,Pictet - Global Envir Opps I dy GBP,184.39
09/23/2018,Pictet - Global Envir Opps I dy GBP,184.39
09/24/2018,Pictet - Global Envir Opps I dy GBP,181.37
09/25/2018,Pictet - Global Envir Opps I dy GBP,180.43
09/26/2018,Pictet - Global Envir Opps I dy GBP,179.34
09/27/2018,Pictet - Global Envir Opps I dy GBP,179.32
09/28/2018,Pictet - Global Envir Opps I dy GBP,180.59
09/29/2018,Pictet - Global Envir Opps I dy GBP,180.59
09/30/2018,Pictet - Global Envir Opps I dy GBP,180.59
10/01/2018,Pictet - Global Envir Opps I dy GBP,180.88
10/02/2018,Pictet - Global Envir Opps I dy GBP,181.15
10/03/2018,Pictet - Global Envir Opps I dy GBP,180.29
10/04/2018,Pictet - Global Envir Opps I dy GBP,177.71
10/05/2018,Pictet - Global Envir Opps I dy GBP,174.89
10/06/2018,Pictet - Global Envir Opps I dy GBP,174.89
10/07/2018,Pictet - Global Envir Opps I dy GBP,174.89
10/08/2018,Pictet - Global Envir Opps I dy GBP,173.09
10/09/2018,Pictet - Global Envir Opps I dy GBP,170.87
10/10/2018,Pictet - Global Envir Opps I dy GBP,165.58
10/11/2018,Pictet - Global Envir Opps I dy GBP,162.92
10/12/2018,Pictet - Global Envir Opps I dy GBP,162.13
10/13/2018,Pictet - Global Envir Opps I dy GBP,162.13
10/14/2018,Pictet - Global Envir Opps I dy GBP,162.13
10/15/2018,Pictet - Global Envir Opps I dy GBP,161.29
10/16/2018,Pictet - Global Envir Opps I dy GBP,162.69
10/17/2018,Pictet - Global Envir Opps I dy GBP,165.12
10/18/2018,Pictet - Global Envir Opps I dy GBP,164.33
10/19/2018,Pictet - Global Envir Opps I dy GBP,163.93
10/20/2018,Pictet - Global Envir Opps I dy GBP,163.93
10/21/2018,Pictet - Global Envir Opps I dy GBP,163.93
10/22/2018,Pictet - Global Envir Opps I dy GBP,163.04
10/23/2018,Pictet - Global Envir Opps I dy GBP,159.44
10/24/2018,Pictet - Global Envir Opps I dy GBP,162.24
10/25/2018,Pictet - Global Envir Opps I dy GBP,161.75
10/26/2018,Pictet - Global Envir Opps I dy GBP,160.79
10/27/2018,Pictet - Global Envir Opps I dy GBP,160.79
10/28/2018,Pictet - Global Envir Opps I dy GBP,160.79
10/29/2018,Pictet - Global Envir Opps I dy GBP,163.54
10/30/2018,Pictet - Global Envir Opps I dy GBP,161.89
10/31/2018,Pictet - Global Envir Opps I dy GBP,165.41
11/01/2018,Pictet - Global Envir Opps I dy GBP,165.41
11/02/2018,Pictet - Global Envir Opps I dy GBP,166
11/03/2018,Pictet - Global Envir Opps I dy GBP,166
11/04/2018,Pictet - Global Envir Opps I dy GBP,166
11/05/2018,Pictet - Global Envir Opps I dy GBP,164.12
11/06/2018,Pictet - Global Envir Opps I dy GBP,164.29
11/07/2018,Pictet - Global Envir Opps I dy GBP,164.52
11/08/2018,Pictet - Global Envir Opps I dy GBP,166.69
11/09/2018,Pictet - Global Envir Opps I dy GBP,165.21
11/10/2018,Pictet - Global Envir Opps I dy GBP,165.21
11/11/2018,Pictet - Global Envir Opps I dy GBP,165.21
11/12/2018,Pictet - Global Envir Opps I dy GBP,164.67
11/13/2018,Pictet - Global Envir Opps I dy GBP,163.14
11/14/2018,Pictet - Global Envir Opps I dy GBP,163.78
11/15/2018,Pictet - Global Envir Opps I dy GBP,164.06
11/16/2018,Pictet - Global Envir Opps I dy GBP,165.1
11/17/2018,Pictet - Global Envir Opps I dy GBP,165.1
11/18/2018,Pictet - Global Envir Opps I dy GBP,165.1
11/19/2018,Pictet - Global Envir Opps I dy GBP,165.7
11/20/2018,Pictet - Global Envir Opps I dy GBP,161.68
11/21/2018,Pictet - Global Envir Opps I dy GBP,164.15
11/22/2018,Pictet - Global Envir Opps I dy GBP,164.15
11/23/2018,Pictet - Global Envir Opps I dy GBP,162.39
11/24/2018,Pictet - Global Envir Opps I dy GBP,162.39
11/25/2018,Pictet - Global Envir Opps I dy GBP,162.39
11/26/2018,Pictet - Global Envir Opps I dy GBP,163.92
11/27/2018,Pictet - Global Envir Opps I dy GBP,164.81
11/28/2018,Pictet - Global Envir Opps I dy GBP,165.46
11/29/2018,Pictet - Global Envir Opps I dy GBP,167.83
11/30/2018,Pictet - Global Envir Opps I dy GBP,168.18
12/01/2018,Pictet - Global Envir Opps I dy GBP,168.18
12/02/2018,Pictet - Global Envir Opps I dy GBP,168.18
12/03/2018,Pictet - Global Envir Opps I dy GBP,171.97
12/04/2018,Pictet - Global Envir Opps I dy GBP,169.81
12/05/2018,Pictet - Global Envir Opps I dy GBP,169.81
12/06/2018,Pictet - Global Envir Opps I dy GBP,161.85
12/07/2018,Pictet - Global Envir Opps I dy GBP,163.47
12/08/2018,Pictet - Global Envir Opps I dy GBP,163.47
12/09/2018,Pictet - Global Envir Opps I dy GBP,163.47
12/10/2018,Pictet - Global Envir Opps I dy GBP,160.72
12/11/2018,Pictet - Global Envir Opps I dy GBP,164.34
12/12/2018,Pictet - Global Envir Opps I dy GBP,164.14
12/13/2018,Pictet - Global Envir Opps I dy GBP,163.25
12/14/2018,Pictet - Global Envir Opps I dy GBP,162.14
12/15/2018,Pictet - Global Envir Opps I dy GBP,162.14
12/16/2018,Pictet - Global Envir Opps I dy GBP,162.14
12/17/2018,Pictet - Global Envir Opps I dy GBP,158.58
12/18/2018,Pictet - Global Envir Opps I dy GBP,158.52
12/19/2018,Pictet - Global Envir Opps I dy GBP,158.14
12/20/2018,Pictet - Global Envir Opps I dy GBP,155.45
12/21/2018,Pictet - Global Envir Opps I dy GBP,153.91
12/22/2018,Pictet - Global Envir Opps I dy GBP,153.91
12/23/2018,Pictet - Global Envir Opps I dy GBP,153.91
12/24/2018,Pictet - Global Envir Opps I dy GBP,153.91
12/25/2018,Pictet - Global Envir Opps I dy GBP,153.91
12/26/2018,Pictet - Global Envir Opps I dy GBP,153.91
12/27/2018,Pictet - Global Envir Opps I dy GBP,151.64
12/28/2018,Pictet - Global Envir Opps I dy GBP,155.41
12/29/2018,Pictet - Global Envir Opps I dy GBP,155.41
12/30/2018,Pictet - Global Envir Opps I dy GBP,155.41
12/31/2018,Pictet - Global Envir Opps I dy GBP,154.58
01/01/2019,Pictet - Global Envir Opps I dy GBP,154.58
01/02/2019,Pictet - Global Envir Opps I dy GBP,154.93
01/03/2019,Pictet - Global Envir Opps I dy GBP,153.65
01/04/2019,Pictet - Global Envir Opps I dy GBP,154.99
01/05/2019,Pictet - Global Envir Opps I dy GBP,154.99
01/06/2019,Pictet - Global Envir Opps I dy GBP,154.99
01/07/2019,Pictet - Global Envir Opps I dy GBP,156.07
01/08/2019,Pictet - Global Envir Opps I dy GBP,158.9
01/09/2019,Pictet - Global Envir Opps I dy GBP,160.39
01/10/2019,Pictet - Global Envir Opps I dy GBP,160.75
01/11/2019,Pictet - Global Envir Opps I dy GBP,161.01
01/12/2019,Pictet - Global Envir Opps I dy GBP,161.01
01/13/2019,Pictet - Global Envir Opps I dy GBP,161.01
01/14/2019,Pictet - Global Envir Opps I dy GBP,159.57
01/15/2019,Pictet - Global Envir Opps I dy GBP,160.87
01/16/2019,Pictet - Global Envir Opps I dy GBP,160.93
01/17/2019,Pictet - Global Envir Opps I dy GBP,159.97
01/18/2019,Pictet - Global Envir Opps I dy GBP,162.52
01/19/2019,Pictet - Global Envir Opps I dy GBP,162.52
01/20/2019,Pictet - Global Envir Opps I dy GBP,162.52
01/21/2019,Pictet - Global Envir Opps I dy GBP,162.52
01/22/2019,Pictet - Global Envir Opps I dy GBP,162.34
01/23/2019,Pictet - Global Envir Opps I dy GBP,161.48
01/24/2019,Pictet - Global Envir Opps I dy GBP,162.07
01/25/2019,Pictet - Global Envir Opps I dy GBP,163.56
01/26/2019,Pictet - Global Envir Opps I dy GBP,163.56
01/27/2019,Pictet - Global Envir Opps I dy GBP,163.56
01/28/2019,Pictet - Global Envir Opps I dy GBP,162.11
01/29/2019,Pictet - Global Envir Opps I dy GBP,162.67
01/30/2019,Pictet - Global Envir Opps I dy GBP,163.59
01/31/2019,Pictet - Global Envir Opps I dy GBP,165.15
02/01/2019,Pictet - Global Envir Opps I dy GBP,166.67
02/02/2019,Pictet - Global Envir Opps I dy GBP,166.67
02/03/2019,Pictet - Global Envir Opps I dy GBP,166.67
02/04/2019,Pictet - Global Envir Opps I dy GBP,167.23
02/05/2019,Pictet - Global Envir Opps I dy GBP,170.8
02/06/2019,Pictet - Global Envir Opps I dy GBP,171.74
02/07/2019,Pictet - Global Envir Opps I dy GBP,169.96
02/08/2019,Pictet - Global Envir Opps I dy GBP,168.72
02/09/2019,Pictet - Global Envir Opps I dy GBP,168.72
02/10/2019,Pictet - Global Envir Opps I dy GBP,168.72
02/11/2019,Pictet - Global Envir Opps I dy GBP,171.49
02/12/2019,Pictet - Global Envir Opps I dy GBP,172.72
02/13/2019,Pictet - Global Envir Opps I dy GBP,175.23
02/14/2019,Pictet - Global Envir Opps I dy GBP,176.55
02/15/2019,Pictet - Global Envir Opps I dy GBP,176.46
02/16/2019,Pictet - Global Envir Opps I dy GBP,176.46
02/17/2019,Pictet - Global Envir Opps I dy GBP,176.46
02/18/2019,Pictet - Global Envir Opps I dy GBP,176.46
02/19/2019,Pictet - Global Envir Opps I dy GBP,174.85
02/20/2019,Pictet - Global Envir Opps I dy GBP,175.39
02/21/2019,Pictet - Global Envir Opps I dy GBP,174.92
02/22/2019,Pictet - Global Envir Opps I dy GBP,176.89
02/23/2019,Pictet - Global Envir Opps I dy GBP,176.89
02/24/2019,Pictet - Global Envir Opps I dy GBP,176.89
02/25/2019,Pictet - Global Envir Opps I dy GBP,178.05
02/26/2019,Pictet - Global Envir Opps I dy GBP,176.07
02/27/2019,Pictet - Global Envir Opps I dy GBP,173.25
02/28/2019,Pictet - Global Envir Opps I dy GBP,173.29
03/01/2019,Pictet - Global Envir Opps I dy GBP,174.88
03/02/2019,Pictet - Global Envir Opps I dy GBP,174.88
03/03/2019,Pictet - Global Envir Opps I dy GBP,174.88
03/04/2019,Pictet - Global Envir Opps I dy GBP,177.76
03/05/2019,Pictet - Global Envir Opps I dy GBP,177.2
03/06/2019,Pictet - Global Envir Opps I dy GBP,175.92
03/07/2019,Pictet - Global Envir Opps I dy GBP,174.57
03/08/2019,Pictet - Global Envir Opps I dy GBP,173.85
03/09/2019,Pictet - Global Envir Opps I dy GBP,173.85
03/10/2019,Pictet - Global Envir Opps I dy GBP,173.85
03/11/2019,Pictet - Global Envir Opps I dy GBP,175.79
03/12/2019,Pictet - Global Envir Opps I dy GBP,176.37
03/13/2019,Pictet - Global Envir Opps I dy GBP,177.11
03/14/2019,Pictet - Global Envir Opps I dy GBP,175.57
03/15/2019,Pictet - Global Envir Opps I dy GBP,176.97
03/16/2019,Pictet - Global Envir Opps I dy GBP,176.97
03/17/2019,Pictet - Global Envir Opps I dy GBP,176.97
03/18/2019,Pictet - Global Envir Opps I dy GBP,177.8
03/19/2019,Pictet - Global Envir Opps I dy GBP,178.07
03/20/2019,Pictet - Global Envir Opps I dy GBP,178.29
03/21/2019,Pictet - Global Envir Opps I dy GBP,181
03/22/2019,Pictet - Global Envir Opps I dy GBP,178.69
03/23/2019,Pictet - Global Envir Opps I dy GBP,178.69
03/24/2019,Pictet - Global Envir Opps I dy GBP,178.69
03/25/2019,Pictet - Global Envir Opps I dy GBP,176.48
03/26/2019,Pictet - Global Envir Opps I dy GBP,178.13
03/27/2019,Pictet - Global Envir Opps I dy GBP,177.37
03/28/2019,Pictet - Global Envir Opps I dy GBP,179
03/29/2019,Pictet - Global Envir Opps I dy GBP,181.41
03/30/2019,Pictet - Global Envir Opps I dy GBP,181.41
03/31/2019,Pictet - Global Envir Opps I dy GBP,181.41
04/01/2019,Pictet - Global Envir Opps I dy GBP,182.65
04/02/2019,Pictet - Global Envir Opps I dy GBP,184.12
04/03/2019,Pictet - Global Envir Opps I dy GBP,185.14
04/04/2019,Pictet - Global Envir Opps I dy GBP,185.8
04/05/2019,Pictet - Global Envir Opps I dy GBP,187.22
04/06/2019,Pictet - Global Envir Opps I dy GBP,187.22
04/07/2019,Pictet - Global Envir Opps I dy GBP,187.22
04/08/2019,Pictet - Global Envir Opps I dy GBP,186.56
04/09/2019,Pictet - Global Envir Opps I dy GBP,186.44
04/10/2019,Pictet - Global Envir Opps I dy GBP,186.51
04/11/2019,Pictet - Global Envir Opps I dy GBP,186.22
04/12/2019,Pictet - Global Envir Opps I dy GBP,187.89
04/13/2019,Pictet - Global Envir Opps I dy GBP,187.89
04/14/2019,Pictet - Global Envir Opps I dy GBP,187.89
04/15/2019,Pictet - Global Envir Opps I dy GBP,188.45
04/16/2019,Pictet - Global Envir Opps I dy GBP,189.34
04/17/2019,Pictet - Global Envir Opps I dy GBP,188.66
04/18/2019,Pictet - Global Envir Opps I dy GBP,188.36
04/19/2019,Pictet - Global Envir Opps I dy GBP,188.36
04/20/2019,Pictet - Global Envir Opps I dy GBP,188.36
04/21/2019,Pictet - Global Envir Opps I dy GBP,188.36
04/22/2019,Pictet - Global Envir Opps I dy GBP,188.36
04/23/2019,Pictet - Global Envir Opps I dy GBP,189.8
04/24/2019,Pictet - Global Envir Opps I dy GBP,190.79
04/25/2019,Pictet - Global Envir Opps I dy GBP,191.2
04/26/2019,Pictet - Global Envir Opps I dy GBP,189.9
04/27/2019,Pictet - Global Envir Opps I dy GBP,189.9
04/28/2019,Pictet - Global Envir Opps I dy GBP,189.9
04/29/2019,Pictet - Global Envir Opps I dy GBP,191.83
04/30/2019,Pictet - Global Envir Opps I dy GBP,189.62
05/01/2019,Pictet - Global Envir Opps I dy GBP,189.62
05/02/2019,Pictet - Global Envir Opps I dy GBP,188.97
05/03/2019,Pictet - Global Envir Opps I dy GBP,190.02
05/04/2019,Pictet - Global Envir Opps I dy GBP,190.02
05/05/2019,Pictet - Global Envir Opps I dy GBP,190.02
05/06/2019,Pictet - Global Envir Opps I dy GBP,187.16
05/07/2019,Pictet - Global Envir Opps I dy GBP,186.56
05/08/2019,Pictet - Global Envir Opps I dy GBP,186.22
05/09/2019,Pictet - Global Envir Opps I dy GBP,186.22
05/10/2019,Pictet - Global Envir Opps I dy GBP,184.52
05/11/2019,Pictet - Global Envir Opps I dy GBP,184.52
05/12/2019,Pictet - Global Envir Opps I dy GBP,184.52
05/13/2019,Pictet - Global Envir Opps I dy GBP,181.69
05/14/2019,Pictet - Global Envir Opps I dy GBP,183.99
05/15/2019,Pictet - Global Envir Opps I dy GBP,184.79
05/16/2019,Pictet - Global Envir Opps I dy GBP,187.43
05/17/2019,Pictet - Global Envir Opps I dy GBP,187.56
05/18/2019,Pictet - Global Envir Opps I dy GBP,187.56
05/19/2019,Pictet - Global Envir Opps I dy GBP,187.56
05/20/2019,Pictet - Global Envir Opps I dy GBP,185.34
05/21/2019,Pictet - Global Envir Opps I dy GBP,186.52
05/22/2019,Pictet - Global Envir Opps I dy GBP,188.25
05/23/2019,Pictet - Global Envir Opps I dy GBP,185.37
05/24/2019,Pictet - Global Envir Opps I dy GBP,186.96
05/25/2019,Pictet - Global Envir Opps I dy GBP,186.96
05/26/2019,Pictet - Global Envir Opps I dy GBP,186.96
05/27/2019,Pictet - Global Envir Opps I dy GBP,186.96
05/28/2019,Pictet - Global Envir Opps I dy GBP,186.81
05/29/2019,Pictet - Global Envir Opps I dy GBP,183.91
05/30/2019,Pictet - Global Envir Opps I dy GBP,183.91
05/31/2019,Pictet - Global Envir Opps I dy GBP,184.38
06/01/2019,Pictet - Global Envir Opps I dy GBP,184.38
06/02/2019,Pictet - Global Envir Opps I dy GBP,184.38
06/03/2019,Pictet - Global Envir Opps I dy GBP,184.62
06/04/2019,Pictet - Global Envir Opps I dy GBP,184.45
06/05/2019,Pictet - Global Envir Opps I dy GBP,186.94
06/06/2019,Pictet - Global Envir Opps I dy GBP,188.06
06/07/2019,Pictet - Global Envir Opps I dy GBP,190.32
06/08/2019,Pictet - Global Envir Opps I dy GBP,190.32
06/09/2019,Pictet - Global Envir Opps I dy GBP,190.32
06/10/2019,Pictet - Global Envir Opps I dy GBP,190.32
06/11/2019,Pictet - Global Envir Opps I dy GBP,193.6
06/12/2019,Pictet - Global Envir Opps I dy GBP,191.98
06/13/2019,Pictet - Global Envir Opps I dy GBP,193.16
06/14/2019,Pictet - Global Envir Opps I dy GBP,192.67
06/15/2019,Pictet - Global Envir Opps I dy GBP,192.67
06/16/2019,Pictet - Global Envir Opps I dy GBP,192.67
06/17/2019,Pictet - Global Envir Opps I dy GBP,193.54
06/18/2019,Pictet - Global Envir Opps I dy GBP,196.04
06/19/2019,Pictet - Global Envir Opps I dy GBP,195.15
06/20/2019,Pictet - Global Envir Opps I dy GBP,197.03
06/21/2019,Pictet - Global Envir Opps I dy GBP,196.39
06/22/2019,Pictet - Global Envir Opps I dy GBP,196.39
06/23/2019,Pictet - Global Envir Opps I dy GBP,196.39
06/24/2019,Pictet - Global Envir Opps I dy GBP,195.82
06/25/2019,Pictet - Global Envir Opps I dy GBP,196.38
06/26/2019,Pictet - Global Envir Opps I dy GBP,195.87
06/27/2019,Pictet - Global Envir Opps I dy GBP,195.45
06/28/2019,Pictet - Global Envir Opps I dy GBP,195.88
06/29/2019,Pictet - Global Envir Opps I dy GBP,195.88
06/30/2019,Pictet - Global Envir Opps I dy GBP,195.88
07/01/2019,Pictet - Global Envir Opps I dy GBP,199.68
07/02/2019,Pictet - Global Envir Opps I dy GBP,199.44
07/03/2019,Pictet - Global Envir Opps I dy GBP,201.89
07/04/2019,Pictet - Global Envir Opps I dy GBP,201.89
07/05/2019,Pictet - Global Envir Opps I dy GBP,200.06
07/06/2019,Pictet - Global Envir Opps I dy GBP,200.06
07/07/2019,Pictet - Global Envir Opps I dy GBP,200.06
07/08/2019,Pictet - Global Envir Opps I dy GBP,200.05
07/09/2019,Pictet - Global Envir Opps I dy GBP,199.14
07/10/2019,Pictet - Global Envir Opps I dy GBP,200.26
07/11/2019,Pictet - Global Envir Opps I dy GBP,199.11
07/12/2019,Pictet - Global Envir Opps I dy GBP,198.78
07/13/2019,Pictet - Global Envir Opps I dy GBP,198.78
07/14/2019,Pictet - Global Envir Opps I dy GBP,198.78
07/15/2019,Pictet - Global Envir Opps I dy GBP,199.52
07/16/2019,Pictet - Global Envir Opps I dy GBP,200.91
07/17/2019,Pictet - Global Envir Opps I dy GBP,201.41
07/18/2019,Pictet - Global Envir Opps I dy GBP,199.59
07/19/2019,Pictet - Global Envir Opps I dy GBP,200.39
07/20/2019,Pictet - Global Envir Opps I dy GBP,200.39
07/21/2019,Pictet - Global Envir Opps I dy GBP,200.39
07/22/2019,Pictet - Global Envir Opps I dy GBP,200.72
07/23/2019,Pictet - Global Envir Opps I dy GBP,202
07/24/2019,Pictet - Global Envir Opps I dy GBP,202.44
07/25/2019,Pictet - Global Envir Opps I dy GBP,202.05
07/26/2019,Pictet - Global Envir Opps I dy GBP,202.83
07/27/2019,Pictet - Global Envir Opps I dy GBP,202.83
07/28/2019,Pictet - Global Envir Opps I dy GBP,202.83
07/29/2019,Pictet - Global Envir Opps I dy GBP,204.99
07/30/2019,Pictet - Global Envir Opps I dy GBP,204.93
07/31/2019,Pictet - Global Envir Opps I dy GBP,204.22
08/01/2019,Pictet - Global Envir Opps I dy GBP,204.24
08/02/2019,Pictet - Global Envir Opps I dy GBP,200.98
08/03/2019,Pictet - Global Envir Opps I dy GBP,200.98
08/04/2019,Pictet - Global Envir Opps I dy GBP,200.98
08/05/2019,Pictet - Global Envir Opps I dy GBP,196.1
08/06/2019,Pictet - Global Envir Opps I dy GBP,195.68
08/07/2019,Pictet - Global Envir Opps I dy GBP,194.86
08/08/2019,Pictet - Global Envir Opps I dy GBP,199.68
08/09/2019,Pictet - Global Envir Opps I dy GBP,201.69
08/10/2019,Pictet - Global Envir Opps I dy GBP,201.69
08/11/2019,Pictet - Global Envir Opps I dy GBP,201.69
08/12/2019,Pictet - Global Envir Opps I dy GBP,201.1
08/13/2019,Pictet - Global Envir Opps I dy GBP,202.33
08/14/2019,Pictet - Global Envir Opps I dy GBP,199.93
08/15/2019,Pictet - Global Envir Opps I dy GBP,199.93
08/16/2019,Pictet - Global Envir Opps I dy GBP,198.31
08/17/2019,Pictet - Global Envir Opps I dy GBP,198.31
08/18/2019,Pictet - Global Envir Opps I dy GBP,198.31
08/19/2019,Pictet - Global Envir Opps I dy GBP,201.63
08/20/2019,Pictet - Global Envir Opps I dy GBP,200.27
08/21/2019,Pictet - Global Envir Opps I dy GBP,202.02
08/22/2019,Pictet - Global Envir Opps I dy GBP,200.44
08/23/2019,Pictet - Global Envir Opps I dy GBP,199.05
08/24/2019,Pictet - Global Envir Opps I dy GBP,199.05
08/25/2019,Pictet - Global Envir Opps I dy GBP,199.05
08/26/2019,Pictet - Global Envir Opps I dy GBP,197.12
08/27/2019,Pictet - Global Envir Opps I dy GBP,197.68
08/28/2019,Pictet - Global Envir Opps I dy GBP,196.25
08/29/2019,Pictet - Global Envir Opps I dy GBP,199.45
08/30/2019,Pictet - Global Envir Opps I dy GBP,201.09
08/31/2019,Pictet - Global Envir Opps I dy GBP,201.09
09/01/2019,Pictet - Global Envir Opps I dy GBP,201.09
09/02/2019,Pictet - Global Envir Opps I dy GBP,201.09
09/03/2019,Pictet - Global Envir Opps I dy GBP,202.72
09/04/2019,Pictet - Global Envir Opps I dy GBP,202.68
09/05/2019,Pictet - Global Envir Opps I dy GBP,202.71
09/06/2019,Pictet - Global Envir Opps I dy GBP,203.71
09/07/2019,Pictet - Global Envir Opps I dy GBP,203.71
09/08/2019,Pictet - Global Envir Opps I dy GBP,203.71
09/09/2019,Pictet - Global Envir Opps I dy GBP,201.96
09/10/2019,Pictet - Global Envir Opps I dy GBP,199.23
09/11/2019,Pictet - Global Envir Opps I dy GBP,201.79
09/12/2019,Pictet - Global Envir Opps I dy GBP,204.03
09/13/2019,Pictet - Global Envir Opps I dy GBP,203.2
09/14/2019,Pictet - Global Envir Opps I dy GBP,203.2
09/15/2019,Pictet - Global Envir Opps I dy GBP,203.2
09/16/2019,Pictet - Global Envir Opps I dy GBP,201.75
09/17/2019,Pictet - Global Envir Opps I dy GBP,201.52
09/18/2019,Pictet - Global Envir Opps I dy GBP,201.67
09/19/2019,Pictet - Global Envir Opps I dy GBP,202.55
09/20/2019,Pictet - Global Envir Opps I dy GBP,202.26
09/21/2019,Pictet - Global Envir Opps I dy GBP,202.26
09/22/2019,Pictet - Global Envir Opps I dy GBP,202.26
09/23/2019,Pictet - Global Envir Opps I dy GBP,201.64
09/24/2019,Pictet - Global Envir Opps I dy GBP,202.04
09/25/2019,Pictet - Global Envir Opps I dy GBP,200.04
09/26/2019,Pictet - Global Envir Opps I dy GBP,202.56
09/27/2019,Pictet - Global Envir Opps I dy GBP,203.29
09/28/2019,Pictet - Global Envir Opps I dy GBP,203.29
09/29/2019,Pictet - Global Envir Opps I dy GBP,203.29
09/30/2019,Pictet - Global Envir Opps I dy GBP,203.35
10/01/2019,Pictet - Global Envir Opps I dy GBP,205.79
10/02/2019,Pictet - Global Envir Opps I dy GBP,198.65
10/03/2019,Pictet - Global Envir Opps I dy GBP,196.49
10/04/2019,Pictet - Global Envir Opps I dy GBP,200.51
10/05/2019,Pictet - Global Envir Opps I dy GBP,200.51
10/06/2019,Pictet - Global Envir Opps I dy GBP,200.51
10/07/2019,Pictet - Global Envir Opps I dy GBP,201.08
10/08/2019,Pictet - Global Envir Opps I dy GBP,199.55
10/09/2019,Pictet - Global Envir Opps I dy GBP,200.21
10/10/2019,Pictet - Global Envir Opps I dy GBP,201.53
10/11/2019,Pictet - Global Envir Opps I dy GBP,197.93
10/12/2019,Pictet - Global Envir Opps I dy GBP,197.93
10/13/2019,Pictet - Global Envir Opps I dy GBP,197.93
10/14/2019,Pictet - Global Envir Opps I dy GBP,198.74
10/15/2019,Pictet - Global Envir Opps I dy GBP,199.13
10/16/2019,Pictet - Global Envir Opps I dy GBP,194.78
10/17/2019,Pictet - Global Envir Opps I dy GBP,196.45
10/18/2019,Pictet - Global Envir Opps I dy GBP,194.84
10/19/2019,Pictet - Global Envir Opps I dy GBP,194.84
10/20/2019,Pictet - Global Envir Opps I dy GBP,194.84
10/21/2019,Pictet - Global Envir Opps I dy GBP,193.96
10/22/2019,Pictet - Global Envir Opps I dy GBP,195.68
10/23/2019,Pictet - Global Envir Opps I dy GBP,195.33
10/24/2019,Pictet - Global Envir Opps I dy GBP,196.2
10/25/2019,Pictet - Global Envir Opps I dy GBP,197.78
10/26/2019,Pictet - Global Envir Opps I dy GBP,197.78
10/27/2019,Pictet - Global Envir Opps I dy GBP,197.78
10/28/2019,Pictet - Global Envir Opps I dy GBP,199.41
10/29/2019,Pictet - Global Envir Opps I dy GBP,198.74
10/30/2019,Pictet - Global Envir Opps I dy GBP,199.54
10/31/2019,Pictet - Global Envir Opps I dy GBP,197.92
11/01/2019,Pictet - Global Envir Opps I dy GBP,197.92
11/02/2019,Pictet - Global Envir Opps I dy GBP,197.92
11/03/2019,Pictet - Global Envir Opps I dy GBP,197.92
11/04/2019,Pictet - Global Envir Opps I dy GBP,200.93
11/05/2019,Pictet - Global Envir Opps I dy GBP,199.8
11/06/2019,Pictet - Global Envir Opps I dy GBP,199.58
11/07/2019,Pictet - Global Envir Opps I dy GBP,201.52
11/08/2019,Pictet - Global Envir Opps I dy GBP,200.3
11/09/2019,Pictet - Global Envir Opps I dy GBP,200.3
11/10/2019,Pictet - Global Envir Opps I dy GBP,200.3
11/11/2019,Pictet - Global Envir Opps I dy GBP,199.31
11/12/2019,Pictet - Global Envir Opps I dy GBP,200.84
11/13/2019,Pictet - Global Envir Opps I dy GBP,201.02
11/14/2019,Pictet - Global Envir Opps I dy GBP,200.84
11/15/2019,Pictet - Global Envir Opps I dy GBP,201.23
11/16/2019,Pictet - Global Envir Opps I dy GBP,201.23
11/17/2019,Pictet - Global Envir Opps I dy GBP,201.23
11/18/2019,Pictet - Global Envir Opps I dy GBP,201.1
11/19/2019,Pictet - Global Envir Opps I dy GBP,202.25
11/20/2019,Pictet - Global Envir Opps I dy GBP,203.01
11/21/2019,Pictet - Global Envir Opps I dy GBP,200.6
11/22/2019,Pictet - Global Envir Opps I dy GBP,201.46
11/23/2019,Pictet - Global Envir Opps I dy GBP,201.46
11/24/2019,Pictet - Global Envir Opps I dy GBP,201.46
11/25/2019,Pictet - Global Envir Opps I dy GBP,202.63
11/26/2019,Pictet - Global Envir Opps I dy GBP,204.75
11/27/2019,Pictet - Global Envir Opps I dy GBP,206.03
11/28/2019,Pictet - Global Envir Opps I dy GBP,206.03
11/29/2019,Pictet - Global Envir Opps I dy GBP,205.31
11/30/2019,Pictet - Global Envir Opps I dy GBP,205.31
12/01/2019,Pictet - Global Envir Opps I dy GBP,205.31
12/02/2019,Pictet - Global Envir Opps I dy GBP,203.98
12/03/2019,Pictet - Global Envir Opps I dy GBP,199.93
12/04/2019,Pictet - Global Envir Opps I dy GBP,200.88
12/05/2019,Pictet - Global Envir Opps I dy GBP,199.73
12/06/2019,Pictet - Global Envir Opps I dy GBP,202.34
12/07/2019,Pictet - Global Envir Opps I dy GBP,202.34
12/08/2019,Pictet - Global Envir Opps I dy GBP,202.34
12/09/2019,Pictet - Global Envir Opps I dy GBP,201.82
12/10/2019,Pictet - Global Envir Opps I dy GBP,200.47
12/11/2019,Pictet - Global Envir Opps I dy GBP,200.98
12/12/2019,Pictet - Global Envir Opps I dy GBP,203.13
12/13/2019,Pictet - Global Envir Opps I dy GBP,201.65
12/14/2019,Pictet - Global Envir Opps I dy GBP,201.65
12/15/2019,Pictet - Global Envir Opps I dy GBP,201.65
12/16/2019,Pictet - Global Envir Opps I dy GBP,203.4
12/17/2019,Pictet - Global Envir Opps I dy GBP,206.57
12/18/2019,Pictet - Global Envir Opps I dy GBP,207.38
12/19/2019,Pictet - Global Envir Opps I dy GBP,208.27
12/20/2019,Pictet - Global Envir Opps I dy GBP,209.42
12/21/2019,Pictet - Global Envir Opps I dy GBP,209.42
12/22/2019,Pictet - Global Envir Opps I dy GBP,209.42
12/23/2019,Pictet - Global Envir Opps I dy GBP,211.23
12/24/2019,Pictet - Global Envir Opps I dy GBP,211.23
12/25/2019,Pictet - Global Envir Opps I dy GBP,211.23
12/26/2019,Pictet - Global Envir Opps I dy GBP,211.23
12/27/2019,Pictet - Global Envir Opps I dy GBP,209.79
12/28/2019,Pictet - Global Envir Opps I dy GBP,209.79
12/29/2019,Pictet - Global Envir Opps I dy GBP,209.79
12/30/2019,Pictet - Global Envir Opps I dy GBP,208.71
12/31/2019,Pictet - Global Envir Opps I dy GBP,207.95
01/01/2020,Pictet - Global Envir Opps I dy GBP,207.95
01/02/2020,Pictet - Global Envir Opps I dy GBP,210.03
01/03/2020,Pictet - Global Envir Opps I dy GBP,209.8
01/04/2020,Pictet - Global Envir Opps I dy GBP,209.8
01/05/2020,Pictet - Global Envir Opps I dy GBP,209.8
01/06/2020,Pictet - Global Envir Opps I dy GBP,207.39
01/07/2020,Pictet - Global Envir Opps I dy GBP,207.95
01/08/2020,Pictet - Global Envir Opps I dy GBP,209.01
01/09/2020,Pictet - Global Envir Opps I dy GBP,211.4
01/10/2020,Pictet - Global Envir Opps I dy GBP,211.46
01/11/2020,Pictet - Global Envir Opps I dy GBP,211.46
01/12/2020,Pictet - Global Envir Opps I dy GBP,211.46
01/13/2020,Pictet - Global Envir Opps I dy GBP,213.1
01/14/2020,Pictet - Global Envir Opps I dy GBP,213.27
01/15/2020,Pictet - Global Envir Opps I dy GBP,214.36
01/16/2020,Pictet - Global Envir Opps I dy GBP,214.49
01/17/2020,Pictet - Global Envir Opps I dy GBP,216.31
01/18/2020,Pictet - Global Envir Opps I dy GBP,216.31
01/19/2020,Pictet - Global Envir Opps I dy GBP,216.31
01/20/2020,Pictet - Global Envir Opps I dy GBP,216.31
01/21/2020,Pictet - Global Envir Opps I dy GBP,216.49
01/22/2020,Pictet - Global Envir Opps I dy GBP,217.35
01/23/2020,Pictet - Global Envir Opps I dy GBP,216.11
01/24/2020,Pictet - Global Envir Opps I dy GBP,217.91
01/25/2020,Pictet - Global Envir Opps I dy GBP,217.91
01/26/2020,Pictet - Global Envir Opps I dy GBP,217.91
01/27/2020,Pictet - Global Envir Opps I dy GBP,213.5
01/28/2020,Pictet - Global Envir Opps I dy GBP,214.57
01/29/2020,Pictet - Global Envir Opps I dy GBP,216.69
01/30/2020,Pictet - Global Envir Opps I dy GBP,212.74
01/31/2020,Pictet - Global Envir Opps I dy GBP,211.2
02/01/2020,Pictet - Global Envir Opps I dy GBP,211.2
02/02/2020,Pictet - Global Envir Opps I dy GBP,211.2
02/03/2020,Pictet - Global Envir Opps I dy GBP,212.55
02/04/2020,Pictet - Global Envir Opps I dy GBP,215.35
02/05/2020,Pictet - Global Envir Opps I dy GBP,218.74
02/06/2020,Pictet - Global Envir Opps I dy GBP,219.69
02/07/2020,Pictet - Global Envir Opps I dy GBP,218.02
02/08/2020,Pictet - Global Envir Opps I dy GBP,218.02
02/09/2020,Pictet - Global Envir Opps I dy GBP,218.02
02/10/2020,Pictet - Global Envir Opps I dy GBP,218.33
02/11/2020,Pictet - Global Envir Opps I dy GBP,220.4
02/12/2020,Pictet - Global Envir Opps I dy GBP,221.29
02/13/2020,Pictet - Global Envir Opps I dy GBP,219.67
02/14/2020,Pictet - Global Envir Opps I dy GBP,221.67
02/15/2020,Pictet - Global Envir Opps I dy GBP,221.67
02/16/2020,Pictet - Global Envir Opps I dy GBP,221.67
02/17/2020,Pictet - Global Envir Opps I dy GBP,221.67
02/18/2020,Pictet - Global Envir Opps I dy GBP,220.85
02/19/2020,Pictet - Global Envir Opps I dy GBP,223.05
02/20/2020,Pictet - Global Envir Opps I dy GBP,224.1
02/21/2020,Pictet - Global Envir Opps I dy GBP,219.7
02/22/2020,Pictet - Global Envir Opps I dy GBP,219.7
02/23/2020,Pictet - Global Envir Opps I dy GBP,219.7
02/24/2020,Pictet - Global Envir Opps I dy GBP,213.86
02/25/2020,Pictet - Global Envir Opps I dy GBP,212.21
02/26/2020,Pictet - Global Envir Opps I dy GBP,210.17
02/27/2020,Pictet - Global Envir Opps I dy GBP,205.38
02/28/2020,Pictet - Global Envir Opps I dy GBP,196.05
02/29/2020,Pictet - Global Envir Opps I dy GBP,196.05
03/01/2020,Pictet - Global Envir Opps I dy GBP,196.05
03/02/2020,Pictet - Global Envir Opps I dy GBP,201.41
03/03/2020,Pictet - Global Envir Opps I dy GBP,207.86
03/04/2020,Pictet - Global Envir Opps I dy GBP,208.27
03/05/2020,Pictet - Global Envir Opps I dy GBP,207.77
03/06/2020,Pictet - Global Envir Opps I dy GBP,199.77
03/07/2020,Pictet - Global Envir Opps I dy GBP,199.77
03/08/2020,Pictet - Global Envir Opps I dy GBP,199.77
03/09/2020,Pictet - Global Envir Opps I dy GBP,188.55
03/10/2020,Pictet - Global Envir Opps I dy GBP,190.57
03/11/2020,Pictet - Global Envir Opps I dy GBP,188.13
03/12/2020,Pictet - Global Envir Opps I dy GBP,178.29
03/13/2020,Pictet - Global Envir Opps I dy GBP,178.28
03/14/2020,Pictet - Global Envir Opps I dy GBP,178.28
03/15/2020,Pictet - Global Envir Opps I dy GBP,178.28
03/16/2020,Pictet - Global Envir Opps I dy GBP,176.98
03/17/2020,Pictet - Global Envir Opps I dy GBP,181.48
03/18/2020,Pictet - Global Envir Opps I dy GBP,181.04
03/19/2020,Pictet - Global Envir Opps I dy GBP,180.17
03/20/2020,Pictet - Global Envir Opps I dy GBP,182.81
03/21/2020,Pictet - Global Envir Opps I dy GBP,182.81
03/22/2020,Pictet - Global Envir Opps I dy GBP,182.81
03/23/2020,Pictet - Global Envir Opps I dy GBP,176.59
03/24/2020,Pictet - Global Envir Opps I dy GBP,181.44
03/25/2020,Pictet - Global Envir Opps I dy GBP,185.82
03/26/2020,Pictet - Global Envir Opps I dy GBP,188.6
03/27/2020,Pictet - Global Envir Opps I dy GBP,182.82
03/28/2020,Pictet - Global Envir Opps I dy GBP,182.82
03/29/2020,Pictet - Global Envir Opps I dy GBP,182.82
03/30/2020,Pictet - Global Envir Opps I dy GBP,183.72
03/31/2020,Pictet - Global Envir Opps I dy GBP,184.5
04/01/2020,Pictet - Global Envir Opps I dy GBP,179.12
04/02/2020,Pictet - Global Envir Opps I dy GBP,177.08
04/03/2020,Pictet - Global Envir Opps I dy GBP,181.26
04/04/2020,Pictet - Global Envir Opps I dy GBP,181.26
04/05/2020,Pictet - Global Envir Opps I dy GBP,181.26
04/06/2020,Pictet - Global Envir Opps I dy GBP,184.82
04/07/2020,Pictet - Global Envir Opps I dy GBP,190.9
04/08/2020,Pictet - Global Envir Opps I dy GBP,187.46
04/09/2020,Pictet - Global Envir Opps I dy GBP,194.32
04/10/2020,Pictet - Global Envir Opps I dy GBP,194.32
04/11/2020,Pictet - Global Envir Opps I dy GBP,194.32
04/12/2020,Pictet - Global Envir Opps I dy GBP,194.32
04/13/2020,Pictet - Global Envir Opps I dy GBP,194.32
04/14/2020,Pictet - Global Envir Opps I dy GBP,194.29
04/15/2020,Pictet - Global Envir Opps I dy GBP,194.27
04/16/2020,Pictet - Global Envir Opps I dy GBP,194.02
04/17/2020,Pictet - Global Envir Opps I dy GBP,199.32
04/18/2020,Pictet - Global Envir Opps I dy GBP,199.32
04/19/2020,Pictet - Global Envir Opps I dy GBP,199.32
04/20/2020,Pictet - Global Envir Opps I dy GBP,198.78
04/21/2020,Pictet - Global Envir Opps I dy GBP,196.91
04/22/2020,Pictet - Global Envir Opps I dy GBP,198.22
04/23/2020,Pictet - Global Envir Opps I dy GBP,199.22
04/24/2020,Pictet - Global Envir Opps I dy GBP,197.38
04/25/2020,Pictet - Global Envir Opps I dy GBP,197.38
04/26/2020,Pictet - Global Envir Opps I dy GBP,197.38
04/27/2020,Pictet - Global Envir Opps I dy GBP,200.02
04/28/2020,Pictet - Global Envir Opps I dy GBP,202.34
04/29/2020,Pictet - Global Envir Opps I dy GBP,203.27
04/30/2020,Pictet - Global Envir Opps I dy GBP,200.59
05/01/2020,Pictet - Global Envir Opps I dy GBP,200.59
05/02/2020,Pictet - Global Envir Opps I dy GBP,200.59
05/03/2020,Pictet - Global Envir Opps I dy GBP,200.59
05/04/2020,Pictet - Global Envir Opps I dy GBP,195.54
05/05/2020,Pictet - Global Envir Opps I dy GBP,198.38
05/06/2020,Pictet - Global Envir Opps I dy GBP,200.36
05/07/2020,Pictet - Global Envir Opps I dy GBP,203.13
05/08/2020,Pictet - Global Envir Opps I dy GBP,203.87
05/09/2020,Pictet - Global Envir Opps I dy GBP,203.87
05/10/2020,Pictet - Global Envir Opps I dy GBP,203.87
05/11/2020,Pictet - Global Envir Opps I dy GBP,203.73
05/12/2020,Pictet - Global Envir Opps I dy GBP,204.74
05/13/2020,Pictet - Global Envir Opps I dy GBP,203.36
05/14/2020,Pictet - Global Envir Opps I dy GBP,198.34
05/15/2020,Pictet - Global Envir Opps I dy GBP,203.5
05/16/2020,Pictet - Global Envir Opps I dy GBP,203.5
05/17/2020,Pictet - Global Envir Opps I dy GBP,203.5
05/18/2020,Pictet - Global Envir Opps I dy GBP,207.08
05/19/2020,Pictet - Global Envir Opps I dy GBP,207.57
05/20/2020,Pictet - Global Envir Opps I dy GBP,209.77
05/21/2020,Pictet - Global Envir Opps I dy GBP,209.77
05/22/2020,Pictet - Global Envir Opps I dy GBP,210.07
05/23/2020,Pictet - Global Envir Opps I dy GBP,210.07
05/24/2020,Pictet - Global Envir Opps I dy GBP,210.07
05/25/2020,Pictet - Global Envir Opps I dy GBP,210.07
05/26/2020,Pictet - Global Envir Opps I dy GBP,211.67
05/27/2020,Pictet - Global Envir Opps I dy GBP,211.01
05/28/2020,Pictet - Global Envir Opps I dy GBP,215.74
05/29/2020,Pictet - Global Envir Opps I dy GBP,217.24
05/30/2020,Pictet - Global Envir Opps I dy GBP,217.24
05/31/2020,Pictet - Global Envir Opps I dy GBP,217.24
06/01/2020,Pictet - Global Envir Opps I dy GBP,217.24
06/02/2020,Pictet - Global Envir Opps I dy GBP,217.1
06/03/2020,Pictet - Global Envir Opps I dy GBP,219.73
06/04/2020,Pictet - Global Envir Opps I dy GBP,221.16
06/05/2020,Pictet - Global Envir Opps I dy GBP,219.96
06/06/2020,Pictet - Global Envir Opps I dy GBP,219.96
06/07/2020,Pictet - Global Envir Opps I dy GBP,219.96
06/08/2020,Pictet - Global Envir Opps I dy GBP,218.98
06/09/2020,Pictet - Global Envir Opps I dy GBP,219.08
06/10/2020,Pictet - Global Envir Opps I dy GBP,219.2
06/11/2020,Pictet - Global Envir Opps I dy GBP,215.86
06/12/2020,Pictet - Global Envir Opps I dy GBP,214.15
06/13/2020,Pictet - Global Envir Opps I dy GBP,214.15
06/14/2020,Pictet - Global Envir Opps I dy GBP,214.15
06/15/2020,Pictet - Global Envir Opps I dy GBP,210.74
06/16/2020,Pictet - Global Envir Opps I dy GBP,217.59
06/17/2020,Pictet - Global Envir Opps I dy GBP,219.3
06/18/2020,Pictet - Global Envir Opps I dy GBP,221
06/19/2020,Pictet - Global Envir Opps I dy GBP,224.47
06/20/2020,Pictet - Global Envir Opps I dy GBP,224.47
06/21/2020,Pictet - Global Envir Opps I dy GBP,224.47
06/22/2020,Pictet - Global Envir Opps I dy GBP,220.34
06/23/2020,Pictet - Global Envir Opps I dy GBP,220.34
06/24/2020,Pictet - Global Envir Opps I dy GBP,220.1
06/25/2020,Pictet - Global Envir Opps I dy GBP,217.07
06/26/2020,Pictet - Global Envir Opps I dy GBP,221.67
06/27/2020,Pictet - Global Envir Opps I dy GBP,221.67
06/28/2020,Pictet - Global Envir Opps I dy GBP,221.67
06/29/2020,Pictet - Global Envir Opps I dy GBP,220.57
06/30/2020,Pictet - Global Envir Opps I dy GBP,223.8
07/01/2020,Pictet - Global Envir Opps I dy GBP,223.74
07/02/2020,Pictet - Global Envir Opps I dy GBP,225.77
07/03/2020,Pictet - Global Envir Opps I dy GBP,225.77
07/04/2020,Pictet - Global Envir Opps I dy GBP,225.77
07/05/2020,Pictet - Global Envir Opps I dy GBP,225.77
07/06/2020,Pictet - Global Envir Opps I dy GBP,227.97
07/07/2020,Pictet - Global Envir Opps I dy GBP,226.83
07/08/2020,Pictet - Global Envir Opps I dy GBP,227.1
07/09/2020,Pictet - Global Envir Opps I dy GBP,227.43
07/10/2020,Pictet - Global Envir Opps I dy GBP,226.57
07/11/2020,Pictet - Global Envir Opps I dy GBP,226.57
07/12/2020,Pictet - Global Envir Opps I dy GBP,226.57
07/13/2020,Pictet - Global Envir Opps I dy GBP,229.23
07/14/2020,Pictet - Global Envir Opps I dy GBP,227.23
07/15/2020,Pictet - Global Envir Opps I dy GBP,230.33
07/16/2020,Pictet - Global Envir Opps I dy GBP,231.25
07/17/2020,Pictet - Global Envir Opps I dy GBP,233.49
07/18/2020,Pictet - Global Envir Opps I dy GBP,233.49
07/19/2020,Pictet - Global Envir Opps I dy GBP,233.49
07/20/2020,Pictet - Global Envir Opps I dy GBP,235.01
07/21/2020,Pictet - Global Envir Opps I dy GBP,236.85
07/22/2020,Pictet - Global Envir Opps I dy GBP,238.42
07/23/2020,Pictet - Global Envir Opps I dy GBP,238.43
07/24/2020,Pictet - Global Envir Opps I dy GBP,231.6
07/25/2020,Pictet - Global Envir Opps I dy GBP,231.6
07/26/2020,Pictet - Global Envir Opps I dy GBP,231.6
07/27/2020,Pictet - Global Envir Opps I dy GBP,233.13
07/28/2020,Pictet - Global Envir Opps I dy GBP,231.21
07/29/2020,Pictet - Global Envir Opps I dy GBP,230.91
07/30/2020,Pictet - Global Envir Opps I dy GBP,228.92
07/31/2020,Pictet - Global Envir Opps I dy GBP,228.9
08/01/2020,Pictet - Global Envir Opps I dy GBP,228.9
08/02/2020,Pictet - Global Envir Opps I dy GBP,228.9
08/03/2020,Pictet - Global Envir Opps I dy GBP,232.56
08/04/2020,Pictet - Global Envir Opps I dy GBP,232.05
08/05/2020,Pictet - Global Envir Opps I dy GBP,232.47
08/06/2020,Pictet - Global Envir Opps I dy GBP,231.91
08/07/2020,Pictet - Global Envir Opps I dy GBP,234.87
08/08/2020,Pictet - Global Envir Opps I dy GBP,234.87
08/09/2020,Pictet - Global Envir Opps I dy GBP,234.87
08/10/2020,Pictet - Global Envir Opps I dy GBP,232.21
08/11/2020,Pictet - Global Envir Opps I dy GBP,232.49
08/12/2020,Pictet - Global Envir Opps I dy GBP,234.39
08/13/2020,Pictet - Global Envir Opps I dy GBP,236.1
08/14/2020,Pictet - Global Envir Opps I dy GBP,235.84
08/15/2020,Pictet - Global Envir Opps I dy GBP,235.84
08/16/2020,Pictet - Global Envir Opps I dy GBP,235.84
08/17/2020,Pictet - Global Envir Opps I dy GBP,237.1
08/18/2020,Pictet - Global Envir Opps I dy GBP,235.09
08/19/2020,Pictet - Global Envir Opps I dy GBP,235.44
08/20/2020,Pictet - Global Envir Opps I dy GBP,235.55
08/21/2020,Pictet - Global Envir Opps I dy GBP,236.02
08/22/2020,Pictet - Global Envir Opps I dy GBP,236.02
08/23/2020,Pictet - Global Envir Opps I dy GBP,236.02
08/24/2020,Pictet - Global Envir Opps I dy GBP,239.85
08/25/2020,Pictet - Global Envir Opps I dy GBP,239.1
08/26/2020,Pictet - Global Envir Opps I dy GBP,238.12
08/27/2020,Pictet - Global Envir Opps I dy GBP,237.81
08/28/2020,Pictet - Global Envir Opps I dy GBP,235.94
08/29/2020,Pictet - Global Envir Opps I dy GBP,235.94
08/30/2020,Pictet - Global Envir Opps I dy GBP,235.94
08/31/2020,Pictet - Global Envir Opps I dy GBP,236.41
09/01/2020,Pictet - Global Envir Opps I dy GBP,234.11
09/02/2020,Pictet - Global Envir Opps I dy GBP,239.76
09/03/2020,Pictet - Global Envir Opps I dy GBP,238.91
09/04/2020,Pictet - Global Envir Opps I dy GBP,233.39
09/05/2020,Pictet - Global Envir Opps I dy GBP,233.39
09/06/2020,Pictet - Global Envir Opps I dy GBP,233.39
09/07/2020,Pictet - Global Envir Opps I dy GBP,233.39
09/08/2020,Pictet - Global Envir Opps I dy GBP,231.42
09/09/2020,Pictet - Global Envir Opps I dy GBP,234.69
09/10/2020,Pictet - Global Envir Opps I dy GBP,237.91
09/11/2020,Pictet - Global Envir Opps I dy GBP,239.18
09/12/2020,Pictet - Global Envir Opps I dy GBP,239.18
09/13/2020,Pictet - Global Envir Opps I dy GBP,239.18
09/14/2020,Pictet - Global Envir Opps I dy GBP,239.8
09/15/2020,Pictet - Global Envir Opps I dy GBP,242.79
09/16/2020,Pictet - Global Envir Opps I dy GBP,242.53
09/17/2020,Pictet - Global Envir Opps I dy GBP,239.79
09/18/2020,Pictet - Global Envir Opps I dy GBP,240.08
09/19/2020,Pictet - Global Envir Opps I dy GBP,240.08
09/20/2020,Pictet - Global Envir Opps I dy GBP,240.08
09/21/2020,Pictet - Global Envir Opps I dy GBP,236.93
09/22/2020,Pictet - Global Envir Opps I dy GBP,238.57
09/23/2020,Pictet - Global Envir Opps I dy GBP,241.63
09/24/2020,Pictet - Global Envir Opps I dy GBP,237.83
09/25/2020,Pictet - Global Envir Opps I dy GBP,238.28
09/26/2020,Pictet - Global Envir Opps I dy GBP,238.28
09/27/2020,Pictet - Global Envir Opps I dy GBP,238.28
09/28/2020,Pictet - Global Envir Opps I dy GBP,242.67
09/29/2020,Pictet - Global Envir Opps I dy GBP,245.5
09/30/2020,Pictet - Global Envir Opps I dy GBP,245.97
10/01/2020,Pictet - Global Envir Opps I dy GBP,248.52
10/02/2020,Pictet - Global Envir Opps I dy GBP,245.44
10/03/2020,Pictet - Global Envir Opps I dy GBP,245.44
10/04/2020,Pictet - Global Envir Opps I dy GBP,245.44
10/05/2020,Pictet - Global Envir Opps I dy GBP,247.65
10/06/2020,Pictet - Global Envir Opps I dy GBP,249.2
10/07/2020,Pictet - Global Envir Opps I dy GBP,251.74
10/08/2020,Pictet - Global Envir Opps I dy GBP,253.31
10/09/2020,Pictet - Global Envir Opps I dy GBP,254.11
10/10/2020,Pictet - Global Envir Opps I dy GBP,254.11
10/11/2020,Pictet - Global Envir Opps I dy GBP,254.11
10/12/2020,Pictet - Global Envir Opps I dy GBP,256.22
10/13/2020,Pictet - Global Envir Opps I dy GBP,258.47
10/14/2020,Pictet - Global Envir Opps I dy GBP,258.96
10/15/2020,Pictet - Global Envir Opps I dy GBP,256.23
10/16/2020,Pictet - Global Envir Opps I dy GBP,259.61
10/17/2020,Pictet - Global Envir Opps I dy GBP,259.61
10/18/2020,Pictet - Global Envir Opps I dy GBP,259.61
10/19/2020,Pictet - Global Envir Opps I dy GBP,258.9
10/20/2020,Pictet - Global Envir Opps I dy GBP,257.59
10/21/2020,Pictet - Global Envir Opps I dy GBP,254.49
10/22/2020,Pictet - Global Envir Opps I dy GBP,251.56
10/23/2020,Pictet - Global Envir Opps I dy GBP,251.26
10/24/2020,Pictet - Global Envir Opps I dy GBP,251.26
10/25/2020,Pictet - Global Envir Opps I dy GBP,251.26
10/26/2020,Pictet - Global Envir Opps I dy GBP,248.29
10/27/2020,Pictet - Global Envir Opps I dy GBP,248.11
10/28/2020,Pictet - Global Envir Opps I dy GBP,242.9
10/29/2020,Pictet - Global Envir Opps I dy GBP,245.47
10/30/2020,Pictet - Global Envir Opps I dy GBP,242.01
10/31/2020,Pictet - Global Envir Opps I dy GBP,242.01
11/01/2020,Pictet - Global Envir Opps I dy GBP,242.01
11/02/2020,Pictet - Global Envir Opps I dy GBP,247.41
11/03/2020,Pictet - Global Envir Opps I dy GBP,249.01
11/04/2020,Pictet - Global Envir Opps I dy GBP,253.15
11/05/2020,Pictet - Global Envir Opps I dy GBP,260.48
11/06/2020,Pictet - Global Envir Opps I dy GBP,260.22
11/07/2020,Pictet - Global Envir Opps I dy GBP,260.22
11/08/2020,Pictet - Global Envir Opps I dy GBP,260.22
11/09/2020,Pictet - Global Envir Opps I dy GBP,263.98
11/10/2020,Pictet - Global Envir Opps I dy GBP,254.19
11/11/2020,Pictet - Global Envir Opps I dy GBP,257.19
11/12/2020,Pictet - Global Envir Opps I dy GBP,260.02
11/13/2020,Pictet - Global Envir Opps I dy GBP,259.03
11/14/2020,Pictet - Global Envir Opps I dy GBP,259.03
11/15/2020,Pictet - Global Envir Opps I dy GBP,259.03
11/16/2020,Pictet - Global Envir Opps I dy GBP,258.48
11/17/2020,Pictet - Global Envir Opps I dy GBP,256.62
11/18/2020,Pictet - Global Envir Opps I dy GBP,255.88
11/19/2020,Pictet - Global Envir Opps I dy GBP,256.8
11/20/2020,Pictet - Global Envir Opps I dy GBP,258.99
11/21/2020,Pictet - Global Envir Opps I dy GBP,258.99
11/22/2020,Pictet - Global Envir Opps I dy GBP,258.99
11/23/2020,Pictet - Global Envir Opps I dy GBP,258.13
11/24/2020,Pictet - Global Envir Opps I dy GBP,255.9
11/25/2020,Pictet - Global Envir Opps I dy GBP,256.8
11/26/2020,Pictet - Global Envir Opps I dy GBP,256.8
11/27/2020,Pictet - Global Envir Opps I dy GBP,260.22
11/28/2020,Pictet - Global Envir Opps I dy GBP,260.22
11/29/2020,Pictet - Global Envir Opps I dy GBP,260.22
11/30/2020,Pictet - Global Envir Opps I dy GBP,261.46
12/01/2020,Pictet - Global Envir Opps I dy GBP,262.01
12/02/2020,Pictet - Global Envir Opps I dy GBP,261.01
12/03/2020,Pictet - Global Envir Opps I dy GBP,259.19
12/04/2020,Pictet - Global Envir Opps I dy GBP,258.26
12/05/2020,Pictet - Global Envir Opps I dy GBP,258.26
12/06/2020,Pictet - Global Envir Opps I dy GBP,258.26
12/07/2020,Pictet - Global Envir Opps I dy GBP,264.38
12/08/2020,Pictet - Global Envir Opps I dy GBP,265.75
12/09/2020,Pictet - Global Envir Opps I dy GBP,264.31
12/10/2020,Pictet - Global Envir Opps I dy GBP,264.65
12/11/2020,Pictet - Global Envir Opps I dy GBP,266.89
12/12/2020,Pictet - Global Envir Opps I dy GBP,266.89
12/13/2020,Pictet - Global Envir Opps I dy GBP,266.89
12/14/2020,Pictet - Global Envir Opps I dy GBP,266.52
12/15/2020,Pictet - Global Envir Opps I dy GBP,267
12/16/2020,Pictet - Global Envir Opps I dy GBP,264.88
12/17/2020,Pictet - Global Envir Opps I dy GBP,266.05
12/18/2020,Pictet - Global Envir Opps I dy GBP,269.43
12/19/2020,Pictet - Global Envir Opps I dy GBP,269.43
12/20/2020,Pictet - Global Envir Opps I dy GBP,269.43
12/21/2020,Pictet - Global Envir Opps I dy GBP,270.68
12/22/2020,Pictet - Global Envir Opps I dy GBP,274.26
12/23/2020,Pictet - Global Envir Opps I dy GBP,272.53
12/24/2020,Pictet - Global Envir Opps I dy GBP,272.53
12/25/2020,Pictet - Global Envir Opps I dy GBP,272.53
12/26/2020,Pictet - Global Envir Opps I dy GBP,272.53
12/27/2020,Pictet - Global Envir Opps I dy GBP,272.53
12/28/2020,Pictet - Global Envir Opps I dy GBP,275.5
12/29/2020,Pictet - Global Envir Opps I dy GBP,274.7
12/30/2020,Pictet - Global Envir Opps I dy GBP,274.68
12/31/2020,Pictet - Global Envir Opps I dy GBP,271.91
01/01/2021,Pictet - Global Envir Opps I dy GBP,271.91
01/02/2021,Pictet - Global Envir Opps I dy GBP,271.91
01/03/2021,Pictet - Global Envir Opps I dy GBP,271.91
01/04/2021,Pictet - Global Envir Opps I dy GBP,278.19
01/05/2021,Pictet - Global Envir Opps I dy GBP,274.83
01/06/2021,Pictet - Global Envir Opps I dy GBP,277.86
01/07/2021,Pictet - Global Envir Opps I dy GBP,283.99
01/08/2021,Pictet - Global Envir Opps I dy GBP,290.21
01/09/2021,Pictet - Global Envir Opps I dy GBP,290.21
01/10/2021,Pictet - Global Envir Opps I dy GBP,290.21
01/11/2021,Pictet - Global Envir Opps I dy GBP,287.13
01/12/2021,Pictet - Global Envir Opps I dy GBP,284.78
01/13/2021,Pictet - Global Envir Opps I dy GBP,283.61
01/14/2021,Pictet - Global Envir Opps I dy GBP,284.79
01/15/2021,Pictet - Global Envir Opps I dy GBP,281.49
01/16/2021,Pictet - Global Envir Opps I dy GBP,281.49
01/17/2021,Pictet - Global Envir Opps I dy GBP,281.49
01/18/2021,Pictet - Global Envir Opps I dy GBP,281.49
01/19/2021,Pictet - Global Envir Opps I dy GBP,283.14
01/20/2021,Pictet - Global Envir Opps I dy GBP,287.55
01/21/2021,Pictet - Global Envir Opps I dy GBP,284.95
01/22/2021,Pictet - Global Envir Opps I dy GBP,286.85
01/23/2021,Pictet - Global Envir Opps I dy GBP,286.85
01/24/2021,Pictet - Global Envir Opps I dy GBP,286.85
01/25/2021,Pictet - Global Envir Opps I dy GBP,287.74
01/26/2021,Pictet - Global Envir Opps I dy GBP,283.37
01/27/2021,Pictet - Global Envir Opps I dy GBP,274.73
01/28/2021,Pictet - Global Envir Opps I dy GBP,275.73
01/29/2021,Pictet - Global Envir Opps I dy GBP,273.74
01/30/2021,Pictet - Global Envir Opps I dy GBP,273.74
01/31/2021,Pictet - Global Envir Opps I dy GBP,273.74
02/01/2021,Pictet - Global Envir Opps I dy GBP,275.45
02/02/2021,Pictet - Global Envir Opps I dy GBP,282.22
02/03/2021,Pictet - Global Envir Opps I dy GBP,281.34
02/04/2021,Pictet - Global Envir Opps I dy GBP,280.23
02/05/2021,Pictet - Global Envir Opps I dy GBP,280.83
02/06/2021,Pictet - Global Envir Opps I dy GBP,280.83
02/07/2021,Pictet - Global Envir Opps I dy GBP,280.83
02/08/2021,Pictet - Global Envir Opps I dy GBP,283.64
02/09/2021,Pictet - Global Envir Opps I dy GBP,282.13
02/10/2021,Pictet - Global Envir Opps I dy GBP,283.03
02/11/2021,Pictet - Global Envir Opps I dy GBP,284.02
02/12/2021,Pictet - Global Envir Opps I dy GBP,286.33
02/13/2021,Pictet - Global Envir Opps I dy GBP,286.33
02/14/2021,Pictet - Global Envir Opps I dy GBP,286.33
02/15/2021,Pictet - Global Envir Opps I dy GBP,286.33
02/16/2021,Pictet - Global Envir Opps I dy GBP,291.89
02/17/2021,Pictet - Global Envir Opps I dy GBP,286.25
02/18/2021,Pictet - Global Envir Opps I dy GBP,279.24
02/19/2021,Pictet - Global Envir Opps I dy GBP,280.86
02/20/2021,Pictet - Global Envir Opps I dy GBP,280.86
02/21/2021,Pictet - Global Envir Opps I dy GBP,280.86
02/22/2021,Pictet - Global Envir Opps I dy GBP,276.23
02/23/2021,Pictet - Global Envir Opps I dy GBP,264.25
02/24/2021,Pictet - Global Envir Opps I dy GBP,264.3
02/25/2021,Pictet - Global Envir Opps I dy GBP,267.53
02/26/2021,Pictet - Global Envir Opps I dy GBP,264.91
02/27/2021,Pictet - Global Envir Opps I dy GBP,264.91
02/28/2021,Pictet - Global Envir Opps I dy GBP,264.91
03/01/2021,Pictet - Global Envir Opps I dy GBP,269.33
03/02/2021,Pictet - Global Envir Opps I dy GBP,269.73
03/03/2021,Pictet - Global Envir Opps I dy GBP,262.39
03/04/2021,Pictet - Global Envir Opps I dy GBP,254.63
03/05/2021,Pictet - Global Envir Opps I dy GBP,252.54
03/06/2021,Pictet - Global Envir Opps I dy GBP,252.54
03/07/2021,Pictet - Global Envir Opps I dy GBP,252.54
03/08/2021,Pictet - Global Envir Opps I dy GBP,254.56
03/09/2021,Pictet - Global Envir Opps I dy GBP,256.45
03/10/2021,Pictet - Global Envir Opps I dy GBP,259.35
03/11/2021,Pictet - Global Envir Opps I dy GBP,261.41
03/12/2021,Pictet - Global Envir Opps I dy GBP,261.32
03/13/2021,Pictet - Global Envir Opps I dy GBP,261.32
03/14/2021,Pictet - Global Envir Opps I dy GBP,261.32
03/15/2021,Pictet - Global Envir Opps I dy GBP,262.33
03/16/2021,Pictet - Global Envir Opps I dy GBP,266.35
03/17/2021,Pictet - Global Envir Opps I dy GBP,262.49
03/18/2021,Pictet - Global Envir Opps I dy GBP,261.24
03/19/2021,Pictet - Global Envir Opps I dy GBP,261.07
03/20/2021,Pictet - Global Envir Opps I dy GBP,261.07
03/21/2021,Pictet - Global Envir Opps I dy GBP,261.07
03/22/2021,Pictet - Global Envir Opps I dy GBP,263.86
03/23/2021,Pictet - Global Envir Opps I dy GBP,264.87
03/24/2021,Pictet - Global Envir Opps I dy GBP,264.85
03/25/2021,Pictet - Global Envir Opps I dy GBP,258.43
03/26/2021,Pictet - Global Envir Opps I dy GBP,264.16
03/27/2021,Pictet - Global Envir Opps I dy GBP,264.16
03/28/2021,Pictet - Global Envir Opps I dy GBP,264.16
03/29/2021,Pictet - Global Envir Opps I dy GBP,266.2
03/30/2021,Pictet - Global Envir Opps I dy GBP,266.69
03/31/2021,Pictet - Global Envir Opps I dy GBP,270.76
04/01/2021,Pictet - Global Envir Opps I dy GBP,276.09
04/02/2021,Pictet - Global Envir Opps I dy GBP,276.09
04/03/2021,Pictet - Global Envir Opps I dy GBP,276.09
04/04/2021,Pictet - Global Envir Opps I dy GBP,276.09
04/05/2021,Pictet - Global Envir Opps I dy GBP,276.09
04/06/2021,Pictet - Global Envir Opps I dy GBP,279.34
04/07/2021,Pictet - Global Envir Opps I dy GBP,279.9
04/08/2021,Pictet - Global Envir Opps I dy GBP,280.85
04/09/2021,Pictet - Global Envir Opps I dy GBP,282.5
04/10/2021,Pictet - Global Envir Opps I dy GBP,282.5
04/11/2021,Pictet - Global Envir Opps I dy GBP,282.5
04/12/2021,Pictet - Global Envir Opps I dy GBP,280.73
04/13/2021,Pictet - Global Envir Opps I dy GBP,282.14
04/14/2021,Pictet - Global Envir Opps I dy GBP,282.41
04/15/2021,Pictet - Global Envir Opps I dy GBP,281.01
04/16/2021,Pictet - Global Envir Opps I dy GBP,282.37
04/17/2021,Pictet - Global Envir Opps I dy GBP,282.37
04/18/2021,Pictet - Global Envir Opps I dy GBP,282.37
04/19/2021,Pictet - Global Envir Opps I dy GBP,278.94
04/20/2021,Pictet - Global Envir Opps I dy GBP,275.51
04/21/2021,Pictet - Global Envir Opps I dy GBP,275.56
04/22/2021,Pictet - Global Envir Opps I dy GBP,280.52
04/23/2021,Pictet - Global Envir Opps I dy GBP,282.06
04/24/2021,Pictet - Global Envir Opps I dy GBP,282.06
04/25/2021,Pictet - Global Envir Opps I dy GBP,282.06
04/26/2021,Pictet - Global Envir Opps I dy GBP,283.23
04/27/2021,Pictet - Global Envir Opps I dy GBP,281.81
04/28/2021,Pictet - Global Envir Opps I dy GBP,281.03
04/29/2021,Pictet - Global Envir Opps I dy GBP,277.82
04/30/2021,Pictet - Global Envir Opps I dy GBP,277.3
05/01/2021,Pictet - Global Envir Opps I dy GBP,277.3
05/02/2021,Pictet - Global Envir Opps I dy GBP,277.3
05/03/2021,Pictet - Global Envir Opps I dy GBP,275.57
05/04/2021,Pictet - Global Envir Opps I dy GBP,269.7
05/05/2021,Pictet - Global Envir Opps I dy GBP,271.62
05/06/2021,Pictet - Global Envir Opps I dy GBP,270.32
05/07/2021,Pictet - Global Envir Opps I dy GBP,273.59
05/08/2021,Pictet - Global Envir Opps I dy GBP,273.59
05/09/2021,Pictet - Global Envir Opps I dy GBP,273.59
05/10/2021,Pictet - Global Envir Opps I dy GBP,268.78
05/11/2021,Pictet - Global Envir Opps I dy GBP,262.33
05/12/2021,Pictet - Global Envir Opps I dy GBP,260.69
05/13/2021,Pictet - Global Envir Opps I dy GBP,260.69
05/14/2021,Pictet - Global Envir Opps I dy GBP,261.65
05/15/2021,Pictet - Global Envir Opps I dy GBP,261.65
05/16/2021,Pictet - Global Envir Opps I dy GBP,261.65
05/17/2021,Pictet - Global Envir Opps I dy GBP,261.81
05/18/2021,Pictet - Global Envir Opps I dy GBP,261.43
05/19/2021,Pictet - Global Envir Opps I dy GBP,256.99
05/20/2021,Pictet - Global Envir Opps I dy GBP,263.84
05/21/2021,Pictet - Global Envir Opps I dy GBP,266.7
05/22/2021,Pictet - Global Envir Opps I dy GBP,266.7
05/23/2021,Pictet - Global Envir Opps I dy GBP,266.7
05/24/2021,Pictet - Global Envir Opps I dy GBP,266.7
05/25/2021,Pictet - Global Envir Opps I dy GBP,269.23
05/26/2021,Pictet - Global Envir Opps I dy GBP,270.06
05/27/2021,Pictet - Global Envir Opps I dy GBP,269.54
05/28/2021,Pictet - Global Envir Opps I dy GBP,273.1
05/29/2021,Pictet - Global Envir Opps I dy GBP,273.1
05/30/2021,Pictet - Global Envir Opps I dy GBP,273.1
05/31/2021,Pictet - Global Envir Opps I dy GBP,273.1
06/01/2021,Pictet - Global Envir Opps I dy GBP,273.29
06/02/2021,Pictet - Global Envir Opps I dy GBP,271.17
06/03/2021,Pictet - Global Envir Opps I dy GBP,268.86
06/04/2021,Pictet - Global Envir Opps I dy GBP,271.36
06/05/2021,Pictet - Global Envir Opps I dy GBP,271.36
06/06/2021,Pictet - Global Envir Opps I dy GBP,271.36
06/07/2021,Pictet - Global Envir Opps I dy GBP,271.57
06/08/2021,Pictet - Global Envir Opps I dy GBP,272.7
06/09/2021,Pictet - Global Envir Opps I dy GBP,272.5
06/10/2021,Pictet - Global Envir Opps I dy GBP,273.09
06/11/2021,Pictet - Global Envir Opps I dy GBP,274.87
06/12/2021,Pictet - Global Envir Opps I dy GBP,274.87
06/13/2021,Pictet - Global Envir Opps I dy GBP,274.87
06/14/2021,Pictet - Global Envir Opps I dy GBP,276.08
06/15/2021,Pictet - Global Envir Opps I dy GBP,277.6
06/16/2021,Pictet - Global Envir Opps I dy GBP,276.85
06/17/2021,Pictet - Global Envir Opps I dy GBP,276.98
06/18/2021,Pictet - Global Envir Opps I dy GBP,278.24
06/19/2021,Pictet - Global Envir Opps I dy GBP,278.24
06/20/2021,Pictet - Global Envir Opps I dy GBP,278.24
06/21/2021,Pictet - Global Envir Opps I dy GBP,277.06
06/22/2021,Pictet - Global Envir Opps I dy GBP,278.94
06/23/2021,Pictet - Global Envir Opps I dy GBP,278.94
06/24/2021,Pictet - Global Envir Opps I dy GBP,281.15
06/25/2021,Pictet - Global Envir Opps I dy GBP,281.87
06/26/2021,Pictet - Global Envir Opps I dy GBP,281.87
06/27/2021,Pictet - Global Envir Opps I dy GBP,281.87
06/28/2021,Pictet - Global Envir Opps I dy GBP,282.62
06/29/2021,Pictet - Global Envir Opps I dy GBP,286.75
06/30/2021,Pictet - Global Envir Opps I dy GBP,284.99
07/01/2021,Pictet - Global Envir Opps I dy GBP,285.6
07/02/2021,Pictet - Global Envir Opps I dy GBP,286.46
07/03/2021,Pictet - Global Envir Opps I dy GBP,286.46
07/04/2021,Pictet - Global Envir Opps I dy GBP,286.46
07/05/2021,Pictet - Global Envir Opps I dy GBP,286.46
07/06/2021,Pictet - Global Envir Opps I dy GBP,285.9
07/07/2021,Pictet - Global Envir Opps I dy GBP,288.29
07/08/2021,Pictet - Global Envir Opps I dy GBP,283.75
07/09/2021,Pictet - Global Envir Opps I dy GBP,285.24
07/10/2021,Pictet - Global Envir Opps I dy GBP,285.24
07/11/2021,Pictet - Global Envir Opps I dy GBP,285.24
07/12/2021,Pictet - Global Envir Opps I dy GBP,286.83
07/13/2021,Pictet - Global Envir Opps I dy GBP,287.69
07/14/2021,Pictet - Global Envir Opps I dy GBP,286.98
07/15/2021,Pictet - Global Envir Opps I dy GBP,284.48
07/16/2021,Pictet - Global Envir Opps I dy GBP,284.58
07/17/2021,Pictet - Global Envir Opps I dy GBP,284.58
07/18/2021,Pictet - Global Envir Opps I dy GBP,284.58
07/19/2021,Pictet - Global Envir Opps I dy GBP,279.79
07/20/2021,Pictet - Global Envir Opps I dy GBP,285.09
07/21/2021,Pictet - Global Envir Opps I dy GBP,288.32
07/22/2021,Pictet - Global Envir Opps I dy GBP,288.51
07/23/2021,Pictet - Global Envir Opps I dy GBP,290.31
07/24/2021,Pictet - Global Envir Opps I dy GBP,290.31
07/25/2021,Pictet - Global Envir Opps I dy GBP,290.31
07/26/2021,Pictet - Global Envir Opps I dy GBP,289.65
07/27/2021,Pictet - Global Envir Opps I dy GBP,287.69
07/28/2021,Pictet - Global Envir Opps I dy GBP,287.58
07/29/2021,Pictet - Global Envir Opps I dy GBP,287.51
07/30/2021,Pictet - Global Envir Opps I dy GBP,290.22
07/31/2021,Pictet - Global Envir Opps I dy GBP,290.22
08/01/2021,Pictet - Global Envir Opps I dy GBP,290.22
08/02/2021,Pictet - Global Envir Opps I dy GBP,293.85
08/03/2021,Pictet - Global Envir Opps I dy GBP,294.75
08/04/2021,Pictet - Global Envir Opps I dy GBP,297.15
08/05/2021,Pictet - Global Envir Opps I dy GBP,297.91
08/06/2021,Pictet - Global Envir Opps I dy GBP,296.73
08/07/2021,Pictet - Global Envir Opps I dy GBP,296.73
08/08/2021,Pictet - Global Envir Opps I dy GBP,296.73
08/09/2021,Pictet - Global Envir Opps I dy GBP,297.48
08/10/2021,Pictet - Global Envir Opps I dy GBP,299.5
08/11/2021,Pictet - Global Envir Opps I dy GBP,299.4
08/12/2021,Pictet - Global Envir Opps I dy GBP,297.88
08/13/2021,Pictet - Global Envir Opps I dy GBP,299.42
08/14/2021,Pictet - Global Envir Opps I dy GBP,299.42
08/15/2021,Pictet - Global Envir Opps I dy GBP,299.42
08/16/2021,Pictet - Global Envir Opps I dy GBP,298.66
08/17/2021,Pictet - Global Envir Opps I dy GBP,298.71
08/18/2021,Pictet - Global Envir Opps I dy GBP,299.43
08/19/2021,Pictet - Global Envir Opps I dy GBP,298.26
08/20/2021,Pictet - Global Envir Opps I dy GBP,302.49
08/21/2021,Pictet - Global Envir Opps I dy GBP,302.49
08/22/2021,Pictet - Global Envir Opps I dy GBP,302.49
08/23/2021,Pictet - Global Envir Opps I dy GBP,303.47
08/24/2021,Pictet - Global Envir Opps I dy GBP,305.93
08/25/2021,Pictet - Global Envir Opps I dy GBP,306.51
08/26/2021,Pictet - Global Envir Opps I dy GBP,306.34
08/27/2021,Pictet - Global Envir Opps I dy GBP,306.75
08/28/2021,Pictet - Global Envir Opps I dy GBP,306.75
08/29/2021,Pictet - Global Envir Opps I dy GBP,306.75
08/30/2021,Pictet - Global Envir Opps I dy GBP,309.6
08/31/2021,Pictet - Global Envir Opps I dy GBP,307.95
09/01/2021,Pictet - Global Envir Opps I dy GBP,307.24
09/02/2021,Pictet - Global Envir Opps I dy GBP,309.53
09/03/2021,Pictet - Global Envir Opps I dy GBP,309.4
09/04/2021,Pictet - Global Envir Opps I dy GBP,309.4
09/05/2021,Pictet - Global Envir Opps I dy GBP,309.4
09/06/2021,Pictet - Global Envir Opps I dy GBP,309.4
09/07/2021,Pictet - Global Envir Opps I dy GBP,309.7
09/08/2021,Pictet - Global Envir Opps I dy GBP,308.74
09/09/2021,Pictet - Global Envir Opps I dy GBP,307.8
09/10/2021,Pictet - Global Envir Opps I dy GBP,309.04
09/11/2021,Pictet - Global Envir Opps I dy GBP,309.04
09/12/2021,Pictet - Global Envir Opps I dy GBP,309.04
09/13/2021,Pictet - Global Envir Opps I dy GBP,307.52
09/14/2021,Pictet - Global Envir Opps I dy GBP,306.65
09/15/2021,Pictet - Global Envir Opps I dy GBP,306.05
09/16/2021,Pictet - Global Envir Opps I dy GBP,308.23
09/17/2021,Pictet - Global Envir Opps I dy GBP,306.67
09/18/2021,Pictet - Global Envir Opps I dy GBP,306.67
09/19/2021,Pictet - Global Envir Opps I dy GBP,306.67
09/20/2021,Pictet - Global Envir Opps I dy GBP,302.23
09/21/2021,Pictet - Global Envir Opps I dy GBP,304.08
09/22/2021,Pictet - Global Envir Opps I dy GBP,305.94
09/23/2021,Pictet - Global Envir Opps I dy GBP,308.43
09/24/2021,Pictet - Global Envir Opps I dy GBP,307.27
09/25/2021,Pictet - Global Envir Opps I dy GBP,307.27
09/26/2021,Pictet - Global Envir Opps I dy GBP,307.27
09/27/2021,Pictet - Global Envir Opps I dy GBP,302.78
09/28/2021,Pictet - Global Envir Opps I dy GBP,299.65
09/29/2021,Pictet - Global Envir Opps I dy GBP,299.95
09/30/2021,Pictet - Global Envir Opps I dy GBP,298.51
10/01/2021,Pictet - Global Envir Opps I dy GBP,290.96
10/02/2021,Pictet - Global Envir Opps I dy GBP,290.96
10/03/2021,Pictet - Global Envir Opps I dy GBP,290.96
10/04/2021,Pictet - Global Envir Opps I dy GBP,288.48
10/05/2021,Pictet - Global Envir Opps I dy GBP,286.81
10/06/2021,Pictet - Global Envir Opps I dy GBP,286.89
10/07/2021,Pictet - Global Envir Opps I dy GBP,292.56
10/08/2021,Pictet - Global Envir Opps I dy GBP,289.86
10/09/2021,Pictet - Global Envir Opps I dy GBP,289.86
10/10/2021,Pictet - Global Envir Opps I dy GBP,289.86
10/11/2021,Pictet - Global Envir Opps I dy GBP,289.14
10/12/2021,Pictet - Global Envir Opps I dy GBP,288.81
10/13/2021,Pictet - Global Envir Opps I dy GBP,290.72
10/14/2021,Pictet - Global Envir Opps I dy GBP,293.46
10/15/2021,Pictet - Global Envir Opps I dy GBP,294.83
10/16/2021,Pictet - Global Envir Opps I dy GBP,294.83
10/17/2021,Pictet - Global Envir Opps I dy GBP,294.83
10/18/2021,Pictet - Global Envir Opps I dy GBP,293.62
10/19/2021,Pictet - Global Envir Opps I dy GBP,294.71
10/20/2021,Pictet - Global Envir Opps I dy GBP,296.96
10/21/2021,Pictet - Global Envir Opps I dy GBP,297.08
10/22/2021,Pictet - Global Envir Opps I dy GBP,301.66
10/23/2021,Pictet - Global Envir Opps I dy GBP,301.66
10/24/2021,Pictet - Global Envir Opps I dy GBP,301.66
10/25/2021,Pictet - Global Envir Opps I dy GBP,300.27
10/26/2021,Pictet - Global Envir Opps I dy GBP,300.12
10/27/2021,Pictet - Global Envir Opps I dy GBP,302.13
10/28/2021,Pictet - Global Envir Opps I dy GBP,303.17
10/29/2021,Pictet - Global Envir Opps I dy GBP,304.89
10/30/2021,Pictet - Global Envir Opps I dy GBP,304.89
10/31/2021,Pictet - Global Envir Opps I dy GBP,304.89
11/01/2021,Pictet - Global Envir Opps I dy GBP,304.89
11/02/2021,Pictet - Global Envir Opps I dy GBP,312.9
11/03/2021,Pictet - Global Envir Opps I dy GBP,311.55
11/04/2021,Pictet - Global Envir Opps I dy GBP,318.67
11/05/2021,Pictet - Global Envir Opps I dy GBP,320.13
11/06/2021,Pictet - Global Envir Opps I dy GBP,320.13
11/07/2021,Pictet - Global Envir Opps I dy GBP,320.13
11/08/2021,Pictet - Global Envir Opps I dy GBP,318.69
11/09/2021,Pictet - Global Envir Opps I dy GBP,318.4
11/10/2021,Pictet - Global Envir Opps I dy GBP,318.61
11/11/2021,Pictet - Global Envir Opps I dy GBP,321.42
11/12/2021,Pictet - Global Envir Opps I dy GBP,322.97
11/13/2021,Pictet - Global Envir Opps I dy GBP,322.97
11/14/2021,Pictet - Global Envir Opps I dy GBP,322.97
11/15/2021,Pictet - Global Envir Opps I dy GBP,324.87
11/16/2021,Pictet - Global Envir Opps I dy GBP,324.64
11/17/2021,Pictet - Global Envir Opps I dy GBP,325.17
11/18/2021,Pictet - Global Envir Opps I dy GBP,325.62
11/19/2021,Pictet - Global Envir Opps I dy GBP,327.67
11/20/2021,Pictet - Global Envir Opps I dy GBP,327.67
11/21/2021,Pictet - Global Envir Opps I dy GBP,327.67
11/22/2021,Pictet - Global Envir Opps I dy GBP,328.22
11/23/2021,Pictet - Global Envir Opps I dy GBP,323.94
11/24/2021,Pictet - Global Envir Opps I dy GBP,316.56
11/25/2021,Pictet - Global Envir Opps I dy GBP,316.56
11/26/2021,Pictet - Global Envir Opps I dy GBP,318.62
11/27/2021,Pictet - Global Envir Opps I dy GBP,318.62
11/28/2021,Pictet - Global Envir Opps I dy GBP,318.62
11/29/2021,Pictet - Global Envir Opps I dy GBP,319.59
11/30/2021,Pictet - Global Envir Opps I dy GBP,320.32
12/01/2021,Pictet - Global Envir Opps I dy GBP,319.56
12/02/2021,Pictet - Global Envir Opps I dy GBP,318.15
12/03/2021,Pictet - Global Envir Opps I dy GBP,317.14
12/04/2021,Pictet - Global Envir Opps I dy GBP,317.14
12/05/2021,Pictet - Global Envir Opps I dy GBP,317.14
12/06/2021,Pictet - Global Envir Opps I dy GBP,315.72
12/07/2021,Pictet - Global Envir Opps I dy GBP,325.77
12/08/2021,Pictet - Global Envir Opps I dy GBP,327.12
12/09/2021,Pictet - Global Envir Opps I dy GBP,327.06
12/10/2021,Pictet - Global Envir Opps I dy GBP,323.88
12/11/2021,Pictet - Global Envir Opps I dy GBP,323.88
12/12/2021,Pictet - Global Envir Opps I dy GBP,323.88
12/13/2021,Pictet - Global Envir Opps I dy GBP,323.29
12/14/2021,Pictet - Global Envir Opps I dy GBP,318.88
12/15/2021,Pictet - Global Envir Opps I dy GBP,317.55
12/16/2021,Pictet - Global Envir Opps I dy GBP,322.35
12/17/2021,Pictet - Global Envir Opps I dy GBP,317.05
12/18/2021,Pictet - Global Envir Opps I dy GBP,317.05
12/19/2021,Pictet - Global Envir Opps I dy GBP,317.05
12/20/2021,Pictet - Global Envir Opps I dy GBP,313.55
