Date,Name,NAV
05/13/2002,Rathbone Ethical Bond I Inc,0.945012634
05/14/2002,Rathbone Ethical Bond I Inc,0.942457483
05/15/2002,Rathbone Ethical Bond I Inc,0.940000607
05/16/2002,Rathbone Ethical Bond I Inc,0.942260933
05/17/2002,Rathbone Ethical Bond I Inc,0.941769558
05/18/2002,Rathbone Ethical Bond I Inc,0.941769558
05/19/2002,Rathbone Ethical Bond I Inc,0.941769558
05/20/2002,Rathbone Ethical Bond I Inc,0.941278183
05/21/2002,Rathbone Ethical Bond I Inc,0.942850583
05/22/2002,Rathbone Ethical Bond I Inc,0.943833333
05/23/2002,Rathbone Ethical Bond I Inc,0.943440233
05/24/2002,Rathbone Ethical Bond I Inc,0.943833333
05/25/2002,Rathbone Ethical Bond I Inc,0.943833333
05/26/2002,Rathbone Ethical Bond I Inc,0.943833333
05/27/2002,Rathbone Ethical Bond I Inc,0.943931608
05/28/2002,Rathbone Ethical Bond I Inc,0.943047133
05/29/2002,Rathbone Ethical Bond I Inc,0.943931608
05/30/2002,Rathbone Ethical Bond I Inc,0.945012634
05/31/2002,Rathbone Ethical Bond I Inc,0.945110909
06/01/2002,Rathbone Ethical Bond I Inc,0.945110909
06/02/2002,Rathbone Ethical Bond I Inc,0.945110909
06/03/2002,Rathbone Ethical Bond I Inc,0.945110909
06/04/2002,Rathbone Ethical Bond I Inc,0.945110909
06/05/2002,Rathbone Ethical Bond I Inc,0.945012634
06/06/2002,Rathbone Ethical Bond I Inc,0.945897109
06/07/2002,Rathbone Ethical Bond I Inc,0.946978134
06/08/2002,Rathbone Ethical Bond I Inc,0.946978134
06/09/2002,Rathbone Ethical Bond I Inc,0.946978134
06/10/2002,Rathbone Ethical Bond I Inc,0.947076409
06/11/2002,Rathbone Ethical Bond I Inc,0.947371234
06/12/2002,Rathbone Ethical Bond I Inc,0.947764334
06/13/2002,Rathbone Ethical Bond I Inc,0.947862609
06/14/2002,Rathbone Ethical Bond I Inc,0.952972911
06/15/2002,Rathbone Ethical Bond I Inc,0.952972911
06/16/2002,Rathbone Ethical Bond I Inc,0.952972911
06/17/2002,Rathbone Ethical Bond I Inc,0.953955661
06/18/2002,Rathbone Ethical Bond I Inc,0.955036686
06/19/2002,Rathbone Ethical Bond I Inc,0.955233236
06/20/2002,Rathbone Ethical Bond I Inc,0.955921161
06/21/2002,Rathbone Ethical Bond I Inc,0.953071186
06/22/2002,Rathbone Ethical Bond I Inc,0.953071186
06/23/2002,Rathbone Ethical Bond I Inc,0.953071186
06/24/2002,Rathbone Ethical Bond I Inc,0.954447036
06/25/2002,Rathbone Ethical Bond I Inc,0.95257981
06/26/2002,Rathbone Ethical Bond I Inc,0.952088435
06/27/2002,Rathbone Ethical Bond I Inc,0.95159706
06/28/2002,Rathbone Ethical Bond I Inc,0.95061431
06/29/2002,Rathbone Ethical Bond I Inc,0.95061431
06/30/2002,Rathbone Ethical Bond I Inc,0.95061431
07/01/2002,Rathbone Ethical Bond I Inc,0.95061431
07/02/2002,Rathbone Ethical Bond I Inc,0.950516035
07/03/2002,Rathbone Ethical Bond I Inc,0.95081086
07/04/2002,Rathbone Ethical Bond I Inc,0.947371234
07/05/2002,Rathbone Ethical Bond I Inc,0.946093659
07/06/2002,Rathbone Ethical Bond I Inc,0.946093659
07/07/2002,Rathbone Ethical Bond I Inc,0.946093659
07/08/2002,Rathbone Ethical Bond I Inc,0.944422983
07/09/2002,Rathbone Ethical Bond I Inc,0.942752308
07/10/2002,Rathbone Ethical Bond I Inc,0.944914359
07/11/2002,Rathbone Ethical Bond I Inc,0.948452259
07/12/2002,Rathbone Ethical Bond I Inc,0.950516035
07/13/2002,Rathbone Ethical Bond I Inc,0.950516035
07/14/2002,Rathbone Ethical Bond I Inc,0.950516035
07/15/2002,Rathbone Ethical Bond I Inc,0.952972911
07/16/2002,Rathbone Ethical Bond I Inc,0.956412536
07/17/2002,Rathbone Ethical Bond I Inc,0.953071186
07/18/2002,Rathbone Ethical Bond I Inc,0.951498785
07/19/2002,Rathbone Ethical Bond I Inc,0.953366011
07/20/2002,Rathbone Ethical Bond I Inc,0.953366011
07/21/2002,Rathbone Ethical Bond I Inc,0.953366011
07/22/2002,Rathbone Ethical Bond I Inc,0.955429786
07/23/2002,Rathbone Ethical Bond I Inc,0.955134961
07/24/2002,Rathbone Ethical Bond I Inc,0.956412536
07/25/2002,Rathbone Ethical Bond I Inc,0.956412536
07/26/2002,Rathbone Ethical Bond I Inc,0.955724611
07/27/2002,Rathbone Ethical Bond I Inc,0.955724611
07/28/2002,Rathbone Ethical Bond I Inc,0.955724611
07/29/2002,Rathbone Ethical Bond I Inc,0.953464286
07/30/2002,Rathbone Ethical Bond I Inc,0.950712585
07/31/2002,Rathbone Ethical Bond I Inc,0.94982811
08/01/2002,Rathbone Ethical Bond I Inc,0.945209184
08/02/2002,Rathbone Ethical Bond I Inc,0.94884536
08/03/2002,Rathbone Ethical Bond I Inc,0.94884536
08/04/2002,Rathbone Ethical Bond I Inc,0.94884536
08/05/2002,Rathbone Ethical Bond I Inc,0.953267736
08/06/2002,Rathbone Ethical Bond I Inc,0.953759111
08/07/2002,Rathbone Ethical Bond I Inc,0.95199016
08/08/2002,Rathbone Ethical Bond I Inc,0.953660836
08/09/2002,Rathbone Ethical Bond I Inc,0.955134961
08/10/2002,Rathbone Ethical Bond I Inc,0.955134961
08/11/2002,Rathbone Ethical Bond I Inc,0.955134961
08/12/2002,Rathbone Ethical Bond I Inc,0.958574587
08/13/2002,Rathbone Ethical Bond I Inc,0.959753887
08/14/2002,Rathbone Ethical Bond I Inc,0.961817663
08/15/2002,Rathbone Ethical Bond I Inc,0.962407313
08/16/2002,Rathbone Ethical Bond I Inc,0.959459062
08/17/2002,Rathbone Ethical Bond I Inc,0.959459062
08/18/2002,Rathbone Ethical Bond I Inc,0.959459062
08/19/2002,Rathbone Ethical Bond I Inc,0.958869412
08/20/2002,Rathbone Ethical Bond I Inc,0.959852162
08/21/2002,Rathbone Ethical Bond I Inc,0.960638362
08/22/2002,Rathbone Ethical Bond I Inc,0.957297012
08/23/2002,Rathbone Ethical Bond I Inc,0.956903912
08/24/2002,Rathbone Ethical Bond I Inc,0.956903912
08/25/2002,Rathbone Ethical Bond I Inc,0.956903912
08/26/2002,Rathbone Ethical Bond I Inc,0.956903912
08/27/2002,Rathbone Ethical Bond I Inc,0.957984937
08/28/2002,Rathbone Ethical Bond I Inc,0.960736638
08/29/2002,Rathbone Ethical Bond I Inc,0.964962464
08/30/2002,Rathbone Ethical Bond I Inc,0.966141764
08/31/2002,Rathbone Ethical Bond I Inc,0.966141764
09/01/2002,Rathbone Ethical Bond I Inc,0.966141764
09/02/2002,Rathbone Ethical Bond I Inc,0.968205539
09/03/2002,Rathbone Ethical Bond I Inc,0.970662415
09/04/2002,Rathbone Ethical Bond I Inc,0.975379616
09/05/2002,Rathbone Ethical Bond I Inc,0.977148567
09/06/2002,Rathbone Ethical Bond I Inc,0.976558916
09/07/2002,Rathbone Ethical Bond I Inc,0.976558916
09/08/2002,Rathbone Ethical Bond I Inc,0.976558916
09/09/2002,Rathbone Ethical Bond I Inc,0.975477891
09/10/2002,Rathbone Ethical Bond I Inc,0.973217566
09/11/2002,Rathbone Ethical Bond I Inc,0.97056414
09/12/2002,Rathbone Ethical Bond I Inc,0.968500364
09/13/2002,Rathbone Ethical Bond I Inc,0.972431365
09/14/2002,Rathbone Ethical Bond I Inc,0.972431365
09/15/2002,Rathbone Ethical Bond I Inc,0.972431365
09/16/2002,Rathbone Ethical Bond I Inc,0.974593416
09/17/2002,Rathbone Ethical Bond I Inc,0.974593416
09/18/2002,Rathbone Ethical Bond I Inc,0.977934767
09/19/2002,Rathbone Ethical Bond I Inc,0.979998542
09/20/2002,Rathbone Ethical Bond I Inc,0.978819242
09/21/2002,Rathbone Ethical Bond I Inc,0.978819242
09/22/2002,Rathbone Ethical Bond I Inc,0.978819242
09/23/2002,Rathbone Ethical Bond I Inc,0.978819242
09/24/2002,Rathbone Ethical Bond I Inc,0.979212342
09/25/2002,Rathbone Ethical Bond I Inc,0.975379616
09/26/2002,Rathbone Ethical Bond I Inc,0.974298591
09/27/2002,Rathbone Ethical Bond I Inc,0.974396866
09/28/2002,Rathbone Ethical Bond I Inc,0.974396866
09/29/2002,Rathbone Ethical Bond I Inc,0.974396866
09/30/2002,Rathbone Ethical Bond I Inc,0.975281341
10/01/2002,Rathbone Ethical Bond I Inc,0.977443392
10/02/2002,Rathbone Ethical Bond I Inc,0.972922741
10/03/2002,Rathbone Ethical Bond I Inc,0.972431365
10/04/2002,Rathbone Ethical Bond I Inc,0.97174344
10/05/2002,Rathbone Ethical Bond I Inc,0.97174344
10/06/2002,Rathbone Ethical Bond I Inc,0.97174344
10/07/2002,Rathbone Ethical Bond I Inc,0.972824465
10/08/2002,Rathbone Ethical Bond I Inc,0.972922741
10/09/2002,Rathbone Ethical Bond I Inc,0.974789966
10/10/2002,Rathbone Ethical Bond I Inc,0.973021016
10/11/2002,Rathbone Ethical Bond I Inc,0.966927964
10/12/2002,Rathbone Ethical Bond I Inc,0.966927964
10/13/2002,Rathbone Ethical Bond I Inc,0.966927964
10/14/2002,Rathbone Ethical Bond I Inc,0.964471088
10/15/2002,Rathbone Ethical Bond I Inc,0.958771137
10/16/2002,Rathbone Ethical Bond I Inc,0.956412536
10/17/2002,Rathbone Ethical Bond I Inc,0.953267736
10/18/2002,Rathbone Ethical Bond I Inc,0.957395287
10/19/2002,Rathbone Ethical Bond I Inc,0.957395287
10/20/2002,Rathbone Ethical Bond I Inc,0.957395287
10/21/2002,Rathbone Ethical Bond I Inc,0.958083212
10/22/2002,Rathbone Ethical Bond I Inc,0.964765914
10/23/2002,Rathbone Ethical Bond I Inc,0.959065962
10/24/2002,Rathbone Ethical Bond I Inc,0.958672862
10/25/2002,Rathbone Ethical Bond I Inc,0.958476312
10/26/2002,Rathbone Ethical Bond I Inc,0.958476312
10/27/2002,Rathbone Ethical Bond I Inc,0.958476312
10/28/2002,Rathbone Ethical Bond I Inc,0.962800413
10/29/2002,Rathbone Ethical Bond I Inc,0.964962464
10/30/2002,Rathbone Ethical Bond I Inc,0.966829689
10/31/2002,Rathbone Ethical Bond I Inc,0.965453839
11/01/2002,Rathbone Ethical Bond I Inc,0.958574587
11/02/2002,Rathbone Ethical Bond I Inc,0.958574587
11/03/2002,Rathbone Ethical Bond I Inc,0.958574587
11/04/2002,Rathbone Ethical Bond I Inc,0.955724611
11/05/2002,Rathbone Ethical Bond I Inc,0.955233236
11/06/2002,Rathbone Ethical Bond I Inc,0.95041776
11/07/2002,Rathbone Ethical Bond I Inc,0.955036686
11/08/2002,Rathbone Ethical Bond I Inc,0.959655612
11/09/2002,Rathbone Ethical Bond I Inc,0.959655612
11/10/2002,Rathbone Ethical Bond I Inc,0.959655612
11/11/2002,Rathbone Ethical Bond I Inc,0.963979713
11/12/2002,Rathbone Ethical Bond I Inc,0.965453839
11/13/2002,Rathbone Ethical Bond I Inc,0.963979713
11/14/2002,Rathbone Ethical Bond I Inc,0.962210763
11/15/2002,Rathbone Ethical Bond I Inc,0.961228013
11/16/2002,Rathbone Ethical Bond I Inc,0.961228013
11/17/2002,Rathbone Ethical Bond I Inc,0.961228013
11/18/2002,Rathbone Ethical Bond I Inc,0.959852162
11/19/2002,Rathbone Ethical Bond I Inc,0.962898688
11/20/2002,Rathbone Ethical Bond I Inc,0.963488338
11/21/2002,Rathbone Ethical Bond I Inc,0.960048712
11/22/2002,Rathbone Ethical Bond I Inc,0.958869412
11/23/2002,Rathbone Ethical Bond I Inc,0.958869412
11/24/2002,Rathbone Ethical Bond I Inc,0.958869412
11/25/2002,Rathbone Ethical Bond I Inc,0.956412536
11/26/2002,Rathbone Ethical Bond I Inc,0.957886662
11/27/2002,Rathbone Ethical Bond I Inc,0.959557337
11/28/2002,Rathbone Ethical Bond I Inc,0.953660836
11/29/2002,Rathbone Ethical Bond I Inc,0.954250486
11/30/2002,Rathbone Ethical Bond I Inc,0.954250486
12/01/2002,Rathbone Ethical Bond I Inc,0.954250486
12/02/2002,Rathbone Ethical Bond I Inc,0.952481535
12/03/2002,Rathbone Ethical Bond I Inc,0.954348761
12/04/2002,Rathbone Ethical Bond I Inc,0.955233236
12/05/2002,Rathbone Ethical Bond I Inc,0.957690112
12/06/2002,Rathbone Ethical Bond I Inc,0.960540087
12/07/2002,Rathbone Ethical Bond I Inc,0.960540087
12/08/2002,Rathbone Ethical Bond I Inc,0.960540087
12/09/2002,Rathbone Ethical Bond I Inc,0.962996963
12/10/2002,Rathbone Ethical Bond I Inc,0.962996963
12/11/2002,Rathbone Ethical Bond I Inc,0.962112488
12/12/2002,Rathbone Ethical Bond I Inc,0.964471088
12/13/2002,Rathbone Ethical Bond I Inc,0.965846939
12/14/2002,Rathbone Ethical Bond I Inc,0.965846939
12/15/2002,Rathbone Ethical Bond I Inc,0.965846939
12/16/2002,Rathbone Ethical Bond I Inc,0.967124514
12/17/2002,Rathbone Ethical Bond I Inc,0.964569363
12/18/2002,Rathbone Ethical Bond I Inc,0.966436589
12/19/2002,Rathbone Ethical Bond I Inc,0.96918829
12/20/2002,Rathbone Ethical Bond I Inc,0.970269315
12/21/2002,Rathbone Ethical Bond I Inc,0.970269315
12/22/2002,Rathbone Ethical Bond I Inc,0.970269315
12/23/2002,Rathbone Ethical Bond I Inc,0.96918829
12/24/2002,Rathbone Ethical Bond I Inc,0.96918829
12/25/2002,Rathbone Ethical Bond I Inc,0.96918829
12/26/2002,Rathbone Ethical Bond I Inc,0.96918829
12/27/2002,Rathbone Ethical Bond I Inc,0.972627915
12/28/2002,Rathbone Ethical Bond I Inc,0.972627915
12/29/2002,Rathbone Ethical Bond I Inc,0.972627915
12/30/2002,Rathbone Ethical Bond I Inc,0.973512391
12/31/2002,Rathbone Ethical Bond I Inc,0.974789966
01/01/2003,Rathbone Ethical Bond I Inc,0.974789966
01/02/2003,Rathbone Ethical Bond I Inc,0.974102041
01/03/2003,Rathbone Ethical Bond I Inc,0.969876215
01/04/2003,Rathbone Ethical Bond I Inc,0.969876215
01/05/2003,Rathbone Ethical Bond I Inc,0.969876215
01/06/2003,Rathbone Ethical Bond I Inc,0.96977794
01/07/2003,Rathbone Ethical Bond I Inc,0.96958139
01/08/2003,Rathbone Ethical Bond I Inc,0.97135034
01/09/2003,Rathbone Ethical Bond I Inc,0.975281341
01/10/2003,Rathbone Ethical Bond I Inc,0.974102041
01/11/2003,Rathbone Ethical Bond I Inc,0.974102041
01/12/2003,Rathbone Ethical Bond I Inc,0.974102041
01/13/2003,Rathbone Ethical Bond I Inc,0.97193999
01/14/2003,Rathbone Ethical Bond I Inc,0.971645165
01/15/2003,Rathbone Ethical Bond I Inc,0.971841715
01/16/2003,Rathbone Ethical Bond I Inc,0.972922741
01/17/2003,Rathbone Ethical Bond I Inc,0.975969266
01/18/2003,Rathbone Ethical Bond I Inc,0.975969266
01/19/2003,Rathbone Ethical Bond I Inc,0.975969266
01/20/2003,Rathbone Ethical Bond I Inc,0.978327867
01/21/2003,Rathbone Ethical Bond I Inc,0.979114067
01/22/2003,Rathbone Ethical Bond I Inc,0.977738217
01/23/2003,Rathbone Ethical Bond I Inc,0.977738217
01/24/2003,Rathbone Ethical Bond I Inc,0.982357143
01/25/2003,Rathbone Ethical Bond I Inc,0.982357143
01/26/2003,Rathbone Ethical Bond I Inc,0.982357143
01/27/2003,Rathbone Ethical Bond I Inc,0.985501944
01/28/2003,Rathbone Ethical Bond I Inc,0.983831268
01/29/2003,Rathbone Ethical Bond I Inc,0.984715743
01/30/2003,Rathbone Ethical Bond I Inc,0.980981293
01/31/2003,Rathbone Ethical Bond I Inc,0.981472668
02/01/2003,Rathbone Ethical Bond I Inc,0.981472668
02/02/2003,Rathbone Ethical Bond I Inc,0.981472668
02/03/2003,Rathbone Ethical Bond I Inc,0.968500364
02/04/2003,Rathbone Ethical Bond I Inc,0.97252964
02/05/2003,Rathbone Ethical Bond I Inc,0.973807216
02/06/2003,Rathbone Ethical Bond I Inc,0.97272619
02/07/2003,Rathbone Ethical Bond I Inc,0.975772716
02/08/2003,Rathbone Ethical Bond I Inc,0.975772716
02/09/2003,Rathbone Ethical Bond I Inc,0.975772716
02/10/2003,Rathbone Ethical Bond I Inc,0.976952017
02/11/2003,Rathbone Ethical Bond I Inc,0.974789966
02/12/2003,Rathbone Ethical Bond I Inc,0.978917517
02/13/2003,Rathbone Ethical Bond I Inc,0.980391642
02/14/2003,Rathbone Ethical Bond I Inc,0.979900267
02/15/2003,Rathbone Ethical Bond I Inc,0.979900267
02/16/2003,Rathbone Ethical Bond I Inc,0.979900267
02/17/2003,Rathbone Ethical Bond I Inc,0.977934767
02/18/2003,Rathbone Ethical Bond I Inc,0.978131317
02/19/2003,Rathbone Ethical Bond I Inc,0.979015792
02/20/2003,Rathbone Ethical Bond I Inc,0.980981293
02/21/2003,Rathbone Ethical Bond I Inc,0.982062318
02/22/2003,Rathbone Ethical Bond I Inc,0.982062318
02/23/2003,Rathbone Ethical Bond I Inc,0.982062318
02/24/2003,Rathbone Ethical Bond I Inc,0.981767493
02/25/2003,Rathbone Ethical Bond I Inc,0.982848518
02/26/2003,Rathbone Ethical Bond I Inc,0.979507167
02/27/2003,Rathbone Ethical Bond I Inc,0.981374393
02/28/2003,Rathbone Ethical Bond I Inc,0.977639942
03/01/2003,Rathbone Ethical Bond I Inc,0.977639942
03/02/2003,Rathbone Ethical Bond I Inc,0.977639942
03/03/2003,Rathbone Ethical Bond I Inc,0.980588192
03/04/2003,Rathbone Ethical Bond I Inc,0.983438168
03/05/2003,Rathbone Ethical Bond I Inc,0.982651968
03/06/2003,Rathbone Ethical Bond I Inc,0.982553693
03/07/2003,Rathbone Ethical Bond I Inc,0.984519193
03/08/2003,Rathbone Ethical Bond I Inc,0.984519193
03/09/2003,Rathbone Ethical Bond I Inc,0.984519193
03/10/2003,Rathbone Ethical Bond I Inc,0.987172619
03/11/2003,Rathbone Ethical Bond I Inc,0.987074344
03/12/2003,Rathbone Ethical Bond I Inc,0.986681244
03/13/2003,Rathbone Ethical Bond I Inc,0.980293367
03/14/2003,Rathbone Ethical Bond I Inc,0.975084791
03/15/2003,Rathbone Ethical Bond I Inc,0.975084791
03/16/2003,Rathbone Ethical Bond I Inc,0.975084791
03/17/2003,Rathbone Ethical Bond I Inc,0.974888241
03/18/2003,Rathbone Ethical Bond I Inc,0.966240039
03/19/2003,Rathbone Ethical Bond I Inc,0.962112488
03/20/2003,Rathbone Ethical Bond I Inc,0.962505588
03/21/2003,Rathbone Ethical Bond I Inc,0.959753887
03/22/2003,Rathbone Ethical Bond I Inc,0.959753887
03/23/2003,Rathbone Ethical Bond I Inc,0.959753887
03/24/2003,Rathbone Ethical Bond I Inc,0.960834913
03/25/2003,Rathbone Ethical Bond I Inc,0.964864189
03/26/2003,Rathbone Ethical Bond I Inc,0.962309038
03/27/2003,Rathbone Ethical Bond I Inc,0.968008989
03/28/2003,Rathbone Ethical Bond I Inc,0.969483115
03/29/2003,Rathbone Ethical Bond I Inc,0.969483115
03/30/2003,Rathbone Ethical Bond I Inc,0.969483115
03/31/2003,Rathbone Ethical Bond I Inc,0.97174344
04/01/2003,Rathbone Ethical Bond I Inc,0.974986516
04/02/2003,Rathbone Ethical Bond I Inc,0.970465865
04/03/2003,Rathbone Ethical Bond I Inc,0.967026239
04/04/2003,Rathbone Ethical Bond I Inc,0.968008989
04/05/2003,Rathbone Ethical Bond I Inc,0.968008989
04/06/2003,Rathbone Ethical Bond I Inc,0.968008989
04/07/2003,Rathbone Ethical Bond I Inc,0.964962464
04/08/2003,Rathbone Ethical Bond I Inc,0.965650389
04/09/2003,Rathbone Ethical Bond I Inc,0.968696914
04/10/2003,Rathbone Ethical Bond I Inc,0.97036759
04/11/2003,Rathbone Ethical Bond I Inc,0.967419339
04/12/2003,Rathbone Ethical Bond I Inc,0.967419339
04/13/2003,Rathbone Ethical Bond I Inc,0.967419339
04/14/2003,Rathbone Ethical Bond I Inc,0.965748664
04/15/2003,Rathbone Ethical Bond I Inc,0.965748664
04/16/2003,Rathbone Ethical Bond I Inc,0.967714164
04/17/2003,Rathbone Ethical Bond I Inc,0.971645165
04/18/2003,Rathbone Ethical Bond I Inc,0.971645165
04/19/2003,Rathbone Ethical Bond I Inc,0.971645165
04/20/2003,Rathbone Ethical Bond I Inc,0.971645165
04/21/2003,Rathbone Ethical Bond I Inc,0.971645165
04/22/2003,Rathbone Ethical Bond I Inc,0.973905491
04/23/2003,Rathbone Ethical Bond I Inc,0.971645165
04/24/2003,Rathbone Ethical Bond I Inc,0.974298591
04/25/2003,Rathbone Ethical Bond I Inc,0.977246842
04/26/2003,Rathbone Ethical Bond I Inc,0.977246842
04/27/2003,Rathbone Ethical Bond I Inc,0.977246842
04/28/2003,Rathbone Ethical Bond I Inc,0.979507167
04/29/2003,Rathbone Ethical Bond I Inc,0.976853741
04/30/2003,Rathbone Ethical Bond I Inc,0.976657191
05/01/2003,Rathbone Ethical Bond I Inc,0.97076069
05/02/2003,Rathbone Ethical Bond I Inc,0.97193999
05/03/2003,Rathbone Ethical Bond I Inc,0.97193999
05/04/2003,Rathbone Ethical Bond I Inc,0.97193999
05/05/2003,Rathbone Ethical Bond I Inc,0.97193999
05/06/2003,Rathbone Ethical Bond I Inc,0.967615889
05/07/2003,Rathbone Ethical Bond I Inc,0.973021016
05/08/2003,Rathbone Ethical Bond I Inc,0.976264091
05/09/2003,Rathbone Ethical Bond I Inc,0.976460641
05/10/2003,Rathbone Ethical Bond I Inc,0.976460641
05/11/2003,Rathbone Ethical Bond I Inc,0.976460641
05/12/2003,Rathbone Ethical Bond I Inc,0.978229592
05/13/2003,Rathbone Ethical Bond I Inc,0.977639942
05/14/2003,Rathbone Ethical Bond I Inc,0.976558916
05/15/2003,Rathbone Ethical Bond I Inc,0.979801992
05/16/2003,Rathbone Ethical Bond I Inc,0.981964043
05/17/2003,Rathbone Ethical Bond I Inc,0.981964043
05/18/2003,Rathbone Ethical Bond I Inc,0.981964043
05/19/2003,Rathbone Ethical Bond I Inc,0.985895044
05/20/2003,Rathbone Ethical Bond I Inc,0.983929543
05/21/2003,Rathbone Ethical Bond I Inc,0.988646744
05/22/2003,Rathbone Ethical Bond I Inc,0.988253644
05/23/2003,Rathbone Ethical Bond I Inc,0.99071052
05/24/2003,Rathbone Ethical Bond I Inc,0.99071052
05/25/2003,Rathbone Ethical Bond I Inc,0.99071052
05/26/2003,Rathbone Ethical Bond I Inc,0.99071052
05/27/2003,Rathbone Ethical Bond I Inc,0.993560496
05/28/2003,Rathbone Ethical Bond I Inc,0.985305394
05/29/2003,Rathbone Ethical Bond I Inc,0.984420918
05/30/2003,Rathbone Ethical Bond I Inc,0.990219145
05/31/2003,Rathbone Ethical Bond I Inc,0.990219145
06/01/2003,Rathbone Ethical Bond I Inc,0.990219145
06/02/2003,Rathbone Ethical Bond I Inc,0.985895044
06/03/2003,Rathbone Ethical Bond I Inc,0.985895044
06/04/2003,Rathbone Ethical Bond I Inc,0.989432945
06/05/2003,Rathbone Ethical Bond I Inc,0.987369169
06/06/2003,Rathbone Ethical Bond I Inc,0.99208637
06/07/2003,Rathbone Ethical Bond I Inc,0.99208637
06/08/2003,Rathbone Ethical Bond I Inc,0.99208637
06/09/2003,Rathbone Ethical Bond I Inc,0.992970845
06/10/2003,Rathbone Ethical Bond I Inc,0.995525996
06/11/2003,Rathbone Ethical Bond I Inc,0.997786322
06/12/2003,Rathbone Ethical Bond I Inc,0.996508746
06/13/2003,Rathbone Ethical Bond I Inc,0.999751822
06/14/2003,Rathbone Ethical Bond I Inc,0.999751822
06/15/2003,Rathbone Ethical Bond I Inc,0.999751822
06/16/2003,Rathbone Ethical Bond I Inc,1.003682823
06/17/2003,Rathbone Ethical Bond I Inc,1.000931122
06/18/2003,Rathbone Ethical Bond I Inc,0.994150146
06/19/2003,Rathbone Ethical Bond I Inc,0.992774295
06/20/2003,Rathbone Ethical Bond I Inc,0.994051871
06/21/2003,Rathbone Ethical Bond I Inc,0.994051871
06/22/2003,Rathbone Ethical Bond I Inc,0.994051871
06/23/2003,Rathbone Ethical Bond I Inc,0.991791545
06/24/2003,Rathbone Ethical Bond I Inc,0.99247947
06/25/2003,Rathbone Ethical Bond I Inc,0.994150146
06/26/2003,Rathbone Ethical Bond I Inc,0.988941569
06/27/2003,Rathbone Ethical Bond I Inc,0.985600219
06/28/2003,Rathbone Ethical Bond I Inc,0.985600219
06/29/2003,Rathbone Ethical Bond I Inc,0.985600219
06/30/2003,Rathbone Ethical Bond I Inc,0.986484694
07/01/2003,Rathbone Ethical Bond I Inc,0.98972777
07/02/2003,Rathbone Ethical Bond I Inc,0.984814018
07/03/2003,Rathbone Ethical Bond I Inc,0.982848518
07/04/2003,Rathbone Ethical Bond I Inc,0.983536443
07/05/2003,Rathbone Ethical Bond I Inc,0.983536443
07/06/2003,Rathbone Ethical Bond I Inc,0.983536443
07/07/2003,Rathbone Ethical Bond I Inc,0.982455418
07/08/2003,Rathbone Ethical Bond I Inc,0.982651968
07/09/2003,Rathbone Ethical Bond I Inc,0.985698494
07/10/2003,Rathbone Ethical Bond I Inc,0.986877794
07/11/2003,Rathbone Ethical Bond I Inc,0.989432945
07/12/2003,Rathbone Ethical Bond I Inc,0.989432945
07/13/2003,Rathbone Ethical Bond I Inc,0.989432945
07/14/2003,Rathbone Ethical Bond I Inc,0.99228292
07/15/2003,Rathbone Ethical Bond I Inc,0.989826045
07/16/2003,Rathbone Ethical Bond I Inc,0.982750243
07/17/2003,Rathbone Ethical Bond I Inc,0.985108844
07/18/2003,Rathbone Ethical Bond I Inc,0.983831268
07/19/2003,Rathbone Ethical Bond I Inc,0.983831268
07/20/2003,Rathbone Ethical Bond I Inc,0.983831268
07/21/2003,Rathbone Ethical Bond I Inc,0.981964043
07/22/2003,Rathbone Ethical Bond I Inc,0.981865768
07/23/2003,Rathbone Ethical Bond I Inc,0.984912293
07/24/2003,Rathbone Ethical Bond I Inc,0.983831268
07/25/2003,Rathbone Ethical Bond I Inc,0.982946793
07/26/2003,Rathbone Ethical Bond I Inc,0.982946793
07/27/2003,Rathbone Ethical Bond I Inc,0.982946793
07/28/2003,Rathbone Ethical Bond I Inc,0.981570943
07/29/2003,Rathbone Ethical Bond I Inc,0.980391642
07/30/2003,Rathbone Ethical Bond I Inc,0.978720967
07/31/2003,Rathbone Ethical Bond I Inc,0.980981293
08/01/2003,Rathbone Ethical Bond I Inc,0.962996963
08/02/2003,Rathbone Ethical Bond I Inc,0.962996963
08/03/2003,Rathbone Ethical Bond I Inc,0.962996963
08/04/2003,Rathbone Ethical Bond I Inc,0.963095238
08/05/2003,Rathbone Ethical Bond I Inc,0.962996963
08/06/2003,Rathbone Ethical Bond I Inc,0.960834913
08/07/2003,Rathbone Ethical Bond I Inc,0.966829689
08/08/2003,Rathbone Ethical Bond I Inc,0.969483115
08/09/2003,Rathbone Ethical Bond I Inc,0.969483115
08/10/2003,Rathbone Ethical Bond I Inc,0.969483115
08/11/2003,Rathbone Ethical Bond I Inc,0.969679665
08/12/2003,Rathbone Ethical Bond I Inc,0.968205539
08/13/2003,Rathbone Ethical Bond I Inc,0.966240039
08/14/2003,Rathbone Ethical Bond I Inc,0.959557337
08/15/2003,Rathbone Ethical Bond I Inc,0.960441812
08/16/2003,Rathbone Ethical Bond I Inc,0.960441812
08/17/2003,Rathbone Ethical Bond I Inc,0.960441812
08/18/2003,Rathbone Ethical Bond I Inc,0.960540087
08/19/2003,Rathbone Ethical Bond I Inc,0.961129738
08/20/2003,Rathbone Ethical Bond I Inc,0.964569363
08/21/2003,Rathbone Ethical Bond I Inc,0.959950437
08/22/2003,Rathbone Ethical Bond I Inc,0.960146987
08/23/2003,Rathbone Ethical Bond I Inc,0.960146987
08/24/2003,Rathbone Ethical Bond I Inc,0.960146987
08/25/2003,Rathbone Ethical Bond I Inc,0.960146987
08/26/2003,Rathbone Ethical Bond I Inc,0.960343537
08/27/2003,Rathbone Ethical Bond I Inc,0.960540087
08/28/2003,Rathbone Ethical Bond I Inc,0.957984937
08/29/2003,Rathbone Ethical Bond I Inc,0.961031463
08/30/2003,Rathbone Ethical Bond I Inc,0.961031463
08/31/2003,Rathbone Ethical Bond I Inc,0.961031463
09/01/2003,Rathbone Ethical Bond I Inc,0.960441812
09/02/2003,Rathbone Ethical Bond I Inc,0.953759111
09/03/2003,Rathbone Ethical Bond I Inc,0.953660836
09/04/2003,Rathbone Ethical Bond I Inc,0.955331511
09/05/2003,Rathbone Ethical Bond I Inc,0.959065962
09/06/2003,Rathbone Ethical Bond I Inc,0.959065962
09/07/2003,Rathbone Ethical Bond I Inc,0.959065962
09/08/2003,Rathbone Ethical Bond I Inc,0.960933188
09/09/2003,Rathbone Ethical Bond I Inc,0.960834913
09/10/2003,Rathbone Ethical Bond I Inc,0.959950437
09/11/2003,Rathbone Ethical Bond I Inc,0.963488338
09/12/2003,Rathbone Ethical Bond I Inc,0.962603863
09/13/2003,Rathbone Ethical Bond I Inc,0.962603863
09/14/2003,Rathbone Ethical Bond I Inc,0.962603863
09/15/2003,Rathbone Ethical Bond I Inc,0.966534864
09/16/2003,Rathbone Ethical Bond I Inc,0.964569363
09/17/2003,Rathbone Ethical Bond I Inc,0.961817663
09/18/2003,Rathbone Ethical Bond I Inc,0.965159014
09/19/2003,Rathbone Ethical Bond I Inc,0.966141764
09/20/2003,Rathbone Ethical Bond I Inc,0.966141764
09/21/2003,Rathbone Ethical Bond I Inc,0.966141764
09/22/2003,Rathbone Ethical Bond I Inc,0.967419339
09/23/2003,Rathbone Ethical Bond I Inc,0.965355564
09/24/2003,Rathbone Ethical Bond I Inc,0.965060739
09/25/2003,Rathbone Ethical Bond I Inc,0.966829689
09/26/2003,Rathbone Ethical Bond I Inc,0.967714164
09/27/2003,Rathbone Ethical Bond I Inc,0.967714164
09/28/2003,Rathbone Ethical Bond I Inc,0.967714164
09/29/2003,Rathbone Ethical Bond I Inc,0.967615889
09/30/2003,Rathbone Ethical Bond I Inc,0.966633139
10/01/2003,Rathbone Ethical Bond I Inc,0.97115379
10/02/2003,Rathbone Ethical Bond I Inc,0.964471088
10/03/2003,Rathbone Ethical Bond I Inc,0.962505588
10/04/2003,Rathbone Ethical Bond I Inc,0.962505588
10/05/2003,Rathbone Ethical Bond I Inc,0.962505588
10/06/2003,Rathbone Ethical Bond I Inc,0.959164237
10/07/2003,Rathbone Ethical Bond I Inc,0.959459062
10/08/2003,Rathbone Ethical Bond I Inc,0.957297012
10/09/2003,Rathbone Ethical Bond I Inc,0.956609086
10/10/2003,Rathbone Ethical Bond I Inc,0.959557337
10/11/2003,Rathbone Ethical Bond I Inc,0.959557337
10/12/2003,Rathbone Ethical Bond I Inc,0.959557337
10/13/2003,Rathbone Ethical Bond I Inc,0.960736638
10/14/2003,Rathbone Ethical Bond I Inc,0.954348761
10/15/2003,Rathbone Ethical Bond I Inc,0.951695335
10/16/2003,Rathbone Ethical Bond I Inc,0.953169461
10/17/2003,Rathbone Ethical Bond I Inc,0.950319485
10/18/2003,Rathbone Ethical Bond I Inc,0.950319485
10/19/2003,Rathbone Ethical Bond I Inc,0.950319485
10/20/2003,Rathbone Ethical Bond I Inc,0.951891885
10/21/2003,Rathbone Ethical Bond I Inc,0.954741861
10/22/2003,Rathbone Ethical Bond I Inc,0.95238326
10/23/2003,Rathbone Ethical Bond I Inc,0.955036686
10/24/2003,Rathbone Ethical Bond I Inc,0.95002466
10/25/2003,Rathbone Ethical Bond I Inc,0.95002466
10/26/2003,Rathbone Ethical Bond I Inc,0.95002466
10/27/2003,Rathbone Ethical Bond I Inc,0.948452259
10/28/2003,Rathbone Ethical Bond I Inc,0.947174684
10/29/2003,Rathbone Ethical Bond I Inc,0.947764334
10/30/2003,Rathbone Ethical Bond I Inc,0.946683309
10/31/2003,Rathbone Ethical Bond I Inc,0.948943635
11/01/2003,Rathbone Ethical Bond I Inc,0.948943635
11/02/2003,Rathbone Ethical Bond I Inc,0.948943635
11/03/2003,Rathbone Ethical Bond I Inc,0.934104106
11/04/2003,Rathbone Ethical Bond I Inc,0.935185131
11/05/2003,Rathbone Ethical Bond I Inc,0.938821307
11/06/2003,Rathbone Ethical Bond I Inc,0.936364431
11/07/2003,Rathbone Ethical Bond I Inc,0.934988581
11/08/2003,Rathbone Ethical Bond I Inc,0.934988581
11/09/2003,Rathbone Ethical Bond I Inc,0.934988581
11/10/2003,Rathbone Ethical Bond I Inc,0.936757532
11/11/2003,Rathbone Ethical Bond I Inc,0.936757532
11/12/2003,Rathbone Ethical Bond I Inc,0.934890306
11/13/2003,Rathbone Ethical Bond I Inc,0.938035107
11/14/2003,Rathbone Ethical Bond I Inc,0.942260933
11/15/2003,Rathbone Ethical Bond I Inc,0.942260933
11/16/2003,Rathbone Ethical Bond I Inc,0.942260933
11/17/2003,Rathbone Ethical Bond I Inc,0.944128158
11/18/2003,Rathbone Ethical Bond I Inc,0.942260933
11/19/2003,Rathbone Ethical Bond I Inc,0.942162658
11/20/2003,Rathbone Ethical Bond I Inc,0.938526482
11/21/2003,Rathbone Ethical Bond I Inc,0.938526482
11/22/2003,Rathbone Ethical Bond I Inc,0.938526482
11/23/2003,Rathbone Ethical Bond I Inc,0.938526482
11/24/2003,Rathbone Ethical Bond I Inc,0.935971331
11/25/2003,Rathbone Ethical Bond I Inc,0.933711006
11/26/2003,Rathbone Ethical Bond I Inc,0.938329932
11/27/2003,Rathbone Ethical Bond I Inc,0.936659257
11/28/2003,Rathbone Ethical Bond I Inc,0.937642007
11/29/2003,Rathbone Ethical Bond I Inc,0.937642007
11/30/2003,Rathbone Ethical Bond I Inc,0.937642007
12/01/2003,Rathbone Ethical Bond I Inc,0.938428207
12/02/2003,Rathbone Ethical Bond I Inc,0.934595481
12/03/2003,Rathbone Ethical Bond I Inc,0.938231657
12/04/2003,Rathbone Ethical Bond I Inc,0.937740282
12/05/2003,Rathbone Ethical Bond I Inc,0.942260933
12/06/2003,Rathbone Ethical Bond I Inc,0.942260933
12/07/2003,Rathbone Ethical Bond I Inc,0.942260933
12/08/2003,Rathbone Ethical Bond I Inc,0.948255709
12/09/2003,Rathbone Ethical Bond I Inc,0.946290209
12/10/2003,Rathbone Ethical Bond I Inc,0.947371234
12/11/2003,Rathbone Ethical Bond I Inc,0.948255709
12/12/2003,Rathbone Ethical Bond I Inc,0.951302235
12/13/2003,Rathbone Ethical Bond I Inc,0.951302235
12/14/2003,Rathbone Ethical Bond I Inc,0.951302235
12/15/2003,Rathbone Ethical Bond I Inc,0.954447036
12/16/2003,Rathbone Ethical Bond I Inc,0.958279762
12/17/2003,Rathbone Ethical Bond I Inc,0.960933188
12/18/2003,Rathbone Ethical Bond I Inc,0.963193513
12/19/2003,Rathbone Ethical Bond I Inc,0.962407313
12/20/2003,Rathbone Ethical Bond I Inc,0.962407313
12/21/2003,Rathbone Ethical Bond I Inc,0.962407313
12/22/2003,Rathbone Ethical Bond I Inc,0.962702138
12/23/2003,Rathbone Ethical Bond I Inc,0.960540087
12/24/2003,Rathbone Ethical Bond I Inc,0.961522838
12/25/2003,Rathbone Ethical Bond I Inc,0.961522838
12/26/2003,Rathbone Ethical Bond I Inc,0.961522838
12/27/2003,Rathbone Ethical Bond I Inc,0.961522838
12/28/2003,Rathbone Ethical Bond I Inc,0.961522838
12/29/2003,Rathbone Ethical Bond I Inc,0.963193513
12/30/2003,Rathbone Ethical Bond I Inc,0.958672862
12/31/2003,Rathbone Ethical Bond I Inc,0.959459062
01/01/2004,Rathbone Ethical Bond I Inc,0.959459062
01/02/2004,Rathbone Ethical Bond I Inc,0.961719388
01/03/2004,Rathbone Ethical Bond I Inc,0.961719388
01/04/2004,Rathbone Ethical Bond I Inc,0.961719388
01/05/2004,Rathbone Ethical Bond I Inc,0.955036686
01/06/2004,Rathbone Ethical Bond I Inc,0.957788387
01/07/2004,Rathbone Ethical Bond I Inc,0.958771137
01/08/2004,Rathbone Ethical Bond I Inc,0.957100462
01/09/2004,Rathbone Ethical Bond I Inc,0.963291788
01/10/2004,Rathbone Ethical Bond I Inc,0.963291788
01/11/2004,Rathbone Ethical Bond I Inc,0.963291788
01/12/2004,Rathbone Ethical Bond I Inc,0.968893465
01/13/2004,Rathbone Ethical Bond I Inc,0.968893465
01/14/2004,Rathbone Ethical Bond I Inc,0.967910714
01/15/2004,Rathbone Ethical Bond I Inc,0.965552114
01/16/2004,Rathbone Ethical Bond I Inc,0.967517614
01/17/2004,Rathbone Ethical Bond I Inc,0.967517614
01/18/2004,Rathbone Ethical Bond I Inc,0.967517614
01/19/2004,Rathbone Ethical Bond I Inc,0.962505588
01/20/2004,Rathbone Ethical Bond I Inc,0.962505588
01/21/2004,Rathbone Ethical Bond I Inc,0.962407313
01/22/2004,Rathbone Ethical Bond I Inc,0.962309038
01/23/2004,Rathbone Ethical Bond I Inc,0.960933188
01/24/2004,Rathbone Ethical Bond I Inc,0.960933188
01/25/2004,Rathbone Ethical Bond I Inc,0.960933188
01/26/2004,Rathbone Ethical Bond I Inc,0.958181487
01/27/2004,Rathbone Ethical Bond I Inc,0.956707362
01/28/2004,Rathbone Ethical Bond I Inc,0.954447036
01/29/2004,Rathbone Ethical Bond I Inc,0.95022121
01/30/2004,Rathbone Ethical Bond I Inc,0.94963156
01/31/2004,Rathbone Ethical Bond I Inc,0.94963156
02/01/2004,Rathbone Ethical Bond I Inc,0.94963156
02/02/2004,Rathbone Ethical Bond I Inc,0.940197157
02/03/2004,Rathbone Ethical Bond I Inc,0.940885083
02/04/2004,Rathbone Ethical Bond I Inc,0.944029883
02/05/2004,Rathbone Ethical Bond I Inc,0.942752308
02/06/2004,Rathbone Ethical Bond I Inc,0.940393707
02/07/2004,Rathbone Ethical Bond I Inc,0.940393707
02/08/2004,Rathbone Ethical Bond I Inc,0.940393707
02/09/2004,Rathbone Ethical Bond I Inc,0.947076409
02/10/2004,Rathbone Ethical Bond I Inc,0.948943635
02/11/2004,Rathbone Ethical Bond I Inc,0.94864881
02/12/2004,Rathbone Ethical Bond I Inc,0.95061431
02/13/2004,Rathbone Ethical Bond I Inc,0.953071186
02/14/2004,Rathbone Ethical Bond I Inc,0.953071186
02/15/2004,Rathbone Ethical Bond I Inc,0.953071186
02/16/2004,Rathbone Ethical Bond I Inc,0.951105685
02/17/2004,Rathbone Ethical Bond I Inc,0.952776361
02/18/2004,Rathbone Ethical Bond I Inc,0.951302235
02/19/2004,Rathbone Ethical Bond I Inc,0.945897109
02/20/2004,Rathbone Ethical Bond I Inc,0.945700559
02/21/2004,Rathbone Ethical Bond I Inc,0.945700559
02/22/2004,Rathbone Ethical Bond I Inc,0.945700559
02/23/2004,Rathbone Ethical Bond I Inc,0.945209184
02/24/2004,Rathbone Ethical Bond I Inc,0.945504009
02/25/2004,Rathbone Ethical Bond I Inc,0.946978134
02/26/2004,Rathbone Ethical Bond I Inc,0.946486759
02/27/2004,Rathbone Ethical Bond I Inc,0.948157434
02/28/2004,Rathbone Ethical Bond I Inc,0.948157434
02/29/2004,Rathbone Ethical Bond I Inc,0.948157434
03/01/2004,Rathbone Ethical Bond I Inc,0.946683309
03/02/2004,Rathbone Ethical Bond I Inc,0.947469509
03/03/2004,Rathbone Ethical Bond I Inc,0.944226433
03/04/2004,Rathbone Ethical Bond I Inc,0.945012634
03/05/2004,Rathbone Ethical Bond I Inc,0.944521258
03/06/2004,Rathbone Ethical Bond I Inc,0.944521258
03/07/2004,Rathbone Ethical Bond I Inc,0.944521258
03/08/2004,Rathbone Ethical Bond I Inc,0.952874636
03/09/2004,Rathbone Ethical Bond I Inc,0.953660836
03/10/2004,Rathbone Ethical Bond I Inc,0.954250486
03/11/2004,Rathbone Ethical Bond I Inc,0.957591837
03/12/2004,Rathbone Ethical Bond I Inc,0.954053936
03/13/2004,Rathbone Ethical Bond I Inc,0.954053936
03/14/2004,Rathbone Ethical Bond I Inc,0.954053936
03/15/2004,Rathbone Ethical Bond I Inc,0.954840136
03/16/2004,Rathbone Ethical Bond I Inc,0.953464286
03/17/2004,Rathbone Ethical Bond I Inc,0.951105685
03/18/2004,Rathbone Ethical Bond I Inc,0.949926385
03/19/2004,Rathbone Ethical Bond I Inc,0.95002466
03/20/2004,Rathbone Ethical Bond I Inc,0.95002466
03/21/2004,Rathbone Ethical Bond I Inc,0.95002466
03/22/2004,Rathbone Ethical Bond I Inc,0.952284985
03/23/2004,Rathbone Ethical Bond I Inc,0.952481535
03/24/2004,Rathbone Ethical Bond I Inc,0.952776361
03/25/2004,Rathbone Ethical Bond I Inc,0.953267736
03/26/2004,Rathbone Ethical Bond I Inc,0.953857386
03/27/2004,Rathbone Ethical Bond I Inc,0.953857386
03/28/2004,Rathbone Ethical Bond I Inc,0.953857386
03/29/2004,Rathbone Ethical Bond I Inc,0.948747085
03/30/2004,Rathbone Ethical Bond I Inc,0.948747085
03/31/2004,Rathbone Ethical Bond I Inc,0.948550534
04/01/2004,Rathbone Ethical Bond I Inc,0.95081086
04/02/2004,Rathbone Ethical Bond I Inc,0.949140185
04/03/2004,Rathbone Ethical Bond I Inc,0.949140185
04/04/2004,Rathbone Ethical Bond I Inc,0.949140185
04/05/2004,Rathbone Ethical Bond I Inc,0.941179908
04/06/2004,Rathbone Ethical Bond I Inc,0.941081633
04/07/2004,Rathbone Ethical Bond I Inc,0.943145408
04/08/2004,Rathbone Ethical Bond I Inc,0.943833333
04/09/2004,Rathbone Ethical Bond I Inc,0.943833333
04/10/2004,Rathbone Ethical Bond I Inc,0.943833333
04/11/2004,Rathbone Ethical Bond I Inc,0.943833333
04/12/2004,Rathbone Ethical Bond I Inc,0.943833333
04/13/2004,Rathbone Ethical Bond I Inc,0.941278183
04/14/2004,Rathbone Ethical Bond I Inc,0.940000607
04/15/2004,Rathbone Ethical Bond I Inc,0.939509232
04/16/2004,Rathbone Ethical Bond I Inc,0.941278183
04/17/2004,Rathbone Ethical Bond I Inc,0.941278183
04/18/2004,Rathbone Ethical Bond I Inc,0.941278183
04/19/2004,Rathbone Ethical Bond I Inc,0.942260933
04/20/2004,Rathbone Ethical Bond I Inc,0.940688533
04/21/2004,Rathbone Ethical Bond I Inc,0.938526482
04/22/2004,Rathbone Ethical Bond I Inc,0.940197157
04/23/2004,Rathbone Ethical Bond I Inc,0.942555758
04/24/2004,Rathbone Ethical Bond I Inc,0.942555758
04/25/2004,Rathbone Ethical Bond I Inc,0.942555758
04/26/2004,Rathbone Ethical Bond I Inc,0.939116132
04/27/2004,Rathbone Ethical Bond I Inc,0.940098882
04/28/2004,Rathbone Ethical Bond I Inc,0.940590258
04/29/2004,Rathbone Ethical Bond I Inc,0.937543732
04/30/2004,Rathbone Ethical Bond I Inc,0.937838557
05/01/2004,Rathbone Ethical Bond I Inc,0.937838557
05/02/2004,Rathbone Ethical Bond I Inc,0.937838557
05/03/2004,Rathbone Ethical Bond I Inc,0.937838557
05/04/2004,Rathbone Ethical Bond I Inc,0.930762755
05/05/2004,Rathbone Ethical Bond I Inc,0.93184378
05/06/2004,Rathbone Ethical Bond I Inc,0.92928863
05/07/2004,Rathbone Ethical Bond I Inc,0.924866254
05/08/2004,Rathbone Ethical Bond I Inc,0.924866254
05/09/2004,Rathbone Ethical Bond I Inc,0.924866254
05/10/2004,Rathbone Ethical Bond I Inc,0.920640428
05/11/2004,Rathbone Ethical Bond I Inc,0.920738703
05/12/2004,Rathbone Ethical Bond I Inc,0.921524903
05/13/2004,Rathbone Ethical Bond I Inc,0.918281827
05/14/2004,Rathbone Ethical Bond I Inc,0.917593902
05/15/2004,Rathbone Ethical Bond I Inc,0.917593902
05/16/2004,Rathbone Ethical Bond I Inc,0.917593902
05/17/2004,Rathbone Ethical Bond I Inc,0.922016278
05/18/2004,Rathbone Ethical Bond I Inc,0.922507653
05/19/2004,Rathbone Ethical Bond I Inc,0.917397352
05/20/2004,Rathbone Ethical Bond I Inc,0.917495627
05/21/2004,Rathbone Ethical Bond I Inc,0.918871477
05/22/2004,Rathbone Ethical Bond I Inc,0.918871477
05/23/2004,Rathbone Ethical Bond I Inc,0.918871477
05/24/2004,Rathbone Ethical Bond I Inc,0.916807702
05/25/2004,Rathbone Ethical Bond I Inc,0.917692177
05/26/2004,Rathbone Ethical Bond I Inc,0.919362852
05/27/2004,Rathbone Ethical Bond I Inc,0.918674927
05/28/2004,Rathbone Ethical Bond I Inc,0.919264577
05/29/2004,Rathbone Ethical Bond I Inc,0.919264577
05/30/2004,Rathbone Ethical Bond I Inc,0.919264577
05/31/2004,Rathbone Ethical Bond I Inc,0.919264577
06/01/2004,Rathbone Ethical Bond I Inc,0.915726676
06/02/2004,Rathbone Ethical Bond I Inc,0.914154276
06/03/2004,Rathbone Ethical Bond I Inc,0.913171526
06/04/2004,Rathbone Ethical Bond I Inc,0.914056001
06/05/2004,Rathbone Ethical Bond I Inc,0.914056001
06/06/2004,Rathbone Ethical Bond I Inc,0.914056001
06/07/2004,Rathbone Ethical Bond I Inc,0.913564626
06/08/2004,Rathbone Ethical Bond I Inc,0.914547376
06/09/2004,Rathbone Ethical Bond I Inc,0.914645651
06/10/2004,Rathbone Ethical Bond I Inc,0.91189395
06/11/2004,Rathbone Ethical Bond I Inc,0.913957726
06/12/2004,Rathbone Ethical Bond I Inc,0.913957726
06/13/2004,Rathbone Ethical Bond I Inc,0.913957726
06/14/2004,Rathbone Ethical Bond I Inc,0.913368076
06/15/2004,Rathbone Ethical Bond I Inc,0.913171526
06/16/2004,Rathbone Ethical Bond I Inc,0.917397352
06/17/2004,Rathbone Ethical Bond I Inc,0.915137026
06/18/2004,Rathbone Ethical Bond I Inc,0.917397352
06/19/2004,Rathbone Ethical Bond I Inc,0.917397352
06/20/2004,Rathbone Ethical Bond I Inc,0.917397352
06/21/2004,Rathbone Ethical Bond I Inc,0.917495627
06/22/2004,Rathbone Ethical Bond I Inc,0.918674927
06/23/2004,Rathbone Ethical Bond I Inc,0.919068027
06/24/2004,Rathbone Ethical Bond I Inc,0.920738703
06/25/2004,Rathbone Ethical Bond I Inc,0.922114553
06/26/2004,Rathbone Ethical Bond I Inc,0.922114553
06/27/2004,Rathbone Ethical Bond I Inc,0.922114553
06/28/2004,Rathbone Ethical Bond I Inc,0.922409378
06/29/2004,Rathbone Ethical Bond I Inc,0.920345603
06/30/2004,Rathbone Ethical Bond I Inc,0.920640428
07/01/2004,Rathbone Ethical Bond I Inc,0.922900753
07/02/2004,Rathbone Ethical Bond I Inc,0.923981778
07/03/2004,Rathbone Ethical Bond I Inc,0.923981778
07/04/2004,Rathbone Ethical Bond I Inc,0.923981778
07/05/2004,Rathbone Ethical Bond I Inc,0.925259354
07/06/2004,Rathbone Ethical Bond I Inc,0.925259354
07/07/2004,Rathbone Ethical Bond I Inc,0.924473154
07/08/2004,Rathbone Ethical Bond I Inc,0.926143829
07/09/2004,Rathbone Ethical Bond I Inc,0.926438654
07/10/2004,Rathbone Ethical Bond I Inc,0.926438654
07/11/2004,Rathbone Ethical Bond I Inc,0.926438654
07/12/2004,Rathbone Ethical Bond I Inc,0.925652454
07/13/2004,Rathbone Ethical Bond I Inc,0.923490403
07/14/2004,Rathbone Ethical Bond I Inc,0.923785228
07/15/2004,Rathbone Ethical Bond I Inc,0.923490403
07/16/2004,Rathbone Ethical Bond I Inc,0.923785228
07/17/2004,Rathbone Ethical Bond I Inc,0.923785228
07/18/2004,Rathbone Ethical Bond I Inc,0.923785228
07/19/2004,Rathbone Ethical Bond I Inc,0.927028304
07/20/2004,Rathbone Ethical Bond I Inc,0.927519679
07/21/2004,Rathbone Ethical Bond I Inc,0.924374879
07/22/2004,Rathbone Ethical Bond I Inc,0.922605928
07/23/2004,Rathbone Ethical Bond I Inc,0.922900753
07/24/2004,Rathbone Ethical Bond I Inc,0.922900753
07/25/2004,Rathbone Ethical Bond I Inc,0.922900753
07/26/2004,Rathbone Ethical Bond I Inc,0.922212828
07/27/2004,Rathbone Ethical Bond I Inc,0.921131803
07/28/2004,Rathbone Ethical Bond I Inc,0.919166302
07/29/2004,Rathbone Ethical Bond I Inc,0.919264577
07/30/2004,Rathbone Ethical Bond I Inc,0.920738703
07/31/2004,Rathbone Ethical Bond I Inc,0.920738703
08/01/2004,Rathbone Ethical Bond I Inc,0.920738703
08/02/2004,Rathbone Ethical Bond I Inc,0.915137026
08/03/2004,Rathbone Ethical Bond I Inc,0.913957726
08/04/2004,Rathbone Ethical Bond I Inc,0.916021501
08/05/2004,Rathbone Ethical Bond I Inc,0.916807702
08/06/2004,Rathbone Ethical Bond I Inc,0.920738703
08/07/2004,Rathbone Ethical Bond I Inc,0.920738703
08/08/2004,Rathbone Ethical Bond I Inc,0.920738703
08/09/2004,Rathbone Ethical Bond I Inc,0.923293853
08/10/2004,Rathbone Ethical Bond I Inc,0.923392128
08/11/2004,Rathbone Ethical Bond I Inc,0.922704203
08/12/2004,Rathbone Ethical Bond I Inc,0.923490403
08/13/2004,Rathbone Ethical Bond I Inc,0.925750729
08/14/2004,Rathbone Ethical Bond I Inc,0.925750729
08/15/2004,Rathbone Ethical Bond I Inc,0.925750729
08/16/2004,Rathbone Ethical Bond I Inc,0.925357629
08/17/2004,Rathbone Ethical Bond I Inc,0.922999028
08/18/2004,Rathbone Ethical Bond I Inc,0.925652454
08/19/2004,Rathbone Ethical Bond I Inc,0.924178328
08/20/2004,Rathbone Ethical Bond I Inc,0.926536929
08/21/2004,Rathbone Ethical Bond I Inc,0.926536929
08/22/2004,Rathbone Ethical Bond I Inc,0.926536929
08/23/2004,Rathbone Ethical Bond I Inc,0.923490403
08/24/2004,Rathbone Ethical Bond I Inc,0.922900753
08/25/2004,Rathbone Ethical Bond I Inc,0.922900753
08/26/2004,Rathbone Ethical Bond I Inc,0.924964529
08/27/2004,Rathbone Ethical Bond I Inc,0.927028304
08/28/2004,Rathbone Ethical Bond I Inc,0.927028304
08/29/2004,Rathbone Ethical Bond I Inc,0.927028304
08/30/2004,Rathbone Ethical Bond I Inc,0.927028304
08/31/2004,Rathbone Ethical Bond I Inc,0.924964529
09/01/2004,Rathbone Ethical Bond I Inc,0.928600705
09/02/2004,Rathbone Ethical Bond I Inc,0.928109329
09/03/2004,Rathbone Ethical Bond I Inc,0.926635204
09/04/2004,Rathbone Ethical Bond I Inc,0.926635204
09/05/2004,Rathbone Ethical Bond I Inc,0.926635204
09/06/2004,Rathbone Ethical Bond I Inc,0.924964529
09/07/2004,Rathbone Ethical Bond I Inc,0.925750729
09/08/2004,Rathbone Ethical Bond I Inc,0.926536929
09/09/2004,Rathbone Ethical Bond I Inc,0.92968173
09/10/2004,Rathbone Ethical Bond I Inc,0.93007483
09/11/2004,Rathbone Ethical Bond I Inc,0.93007483
09/12/2004,Rathbone Ethical Bond I Inc,0.93007483
09/13/2004,Rathbone Ethical Bond I Inc,0.929976555
09/14/2004,Rathbone Ethical Bond I Inc,0.931745505
09/15/2004,Rathbone Ethical Bond I Inc,0.932433431
09/16/2004,Rathbone Ethical Bond I Inc,0.928797255
09/17/2004,Rathbone Ethical Bond I Inc,0.932335155
09/18/2004,Rathbone Ethical Bond I Inc,0.932335155
09/19/2004,Rathbone Ethical Bond I Inc,0.932335155
09/20/2004,Rathbone Ethical Bond I Inc,0.932629981
09/21/2004,Rathbone Ethical Bond I Inc,0.932826531
09/22/2004,Rathbone Ethical Bond I Inc,0.935971331
09/23/2004,Rathbone Ethical Bond I Inc,0.937642007
09/24/2004,Rathbone Ethical Bond I Inc,0.937052357
09/25/2004,Rathbone Ethical Bond I Inc,0.937052357
09/26/2004,Rathbone Ethical Bond I Inc,0.937052357
09/27/2004,Rathbone Ethical Bond I Inc,0.937052357
09/28/2004,Rathbone Ethical Bond I Inc,0.937838557
09/29/2004,Rathbone Ethical Bond I Inc,0.937052357
09/30/2004,Rathbone Ethical Bond I Inc,0.936560982
10/01/2004,Rathbone Ethical Bond I Inc,0.936659257
10/02/2004,Rathbone Ethical Bond I Inc,0.936659257
10/03/2004,Rathbone Ethical Bond I Inc,0.936659257
10/04/2004,Rathbone Ethical Bond I Inc,0.935086856
10/05/2004,Rathbone Ethical Bond I Inc,0.936167881
10/06/2004,Rathbone Ethical Bond I Inc,0.937838557
10/07/2004,Rathbone Ethical Bond I Inc,0.936462707
10/08/2004,Rathbone Ethical Bond I Inc,0.938624757
10/09/2004,Rathbone Ethical Bond I Inc,0.938624757
10/10/2004,Rathbone Ethical Bond I Inc,0.938624757
10/11/2004,Rathbone Ethical Bond I Inc,0.939902332
10/12/2004,Rathbone Ethical Bond I Inc,0.942948858
10/13/2004,Rathbone Ethical Bond I Inc,0.942162658
10/14/2004,Rathbone Ethical Bond I Inc,0.943243683
10/15/2004,Rathbone Ethical Bond I Inc,0.945405734
10/16/2004,Rathbone Ethical Bond I Inc,0.945405734
10/17/2004,Rathbone Ethical Bond I Inc,0.945405734
10/18/2004,Rathbone Ethical Bond I Inc,0.943636783
10/19/2004,Rathbone Ethical Bond I Inc,0.944128158
10/20/2004,Rathbone Ethical Bond I Inc,0.945110909
10/21/2004,Rathbone Ethical Bond I Inc,0.946388484
10/22/2004,Rathbone Ethical Bond I Inc,0.946093659
10/23/2004,Rathbone Ethical Bond I Inc,0.946093659
10/24/2004,Rathbone Ethical Bond I Inc,0.946093659
10/25/2004,Rathbone Ethical Bond I Inc,0.948157434
10/26/2004,Rathbone Ethical Bond I Inc,0.947469509
10/27/2004,Rathbone Ethical Bond I Inc,0.946683309
10/28/2004,Rathbone Ethical Bond I Inc,0.944619534
10/29/2004,Rathbone Ethical Bond I Inc,0.945209184
10/30/2004,Rathbone Ethical Bond I Inc,0.945209184
10/31/2004,Rathbone Ethical Bond I Inc,0.945209184
11/01/2004,Rathbone Ethical Bond I Inc,0.934398931
11/02/2004,Rathbone Ethical Bond I Inc,0.93223688
11/03/2004,Rathbone Ethical Bond I Inc,0.931155855
11/04/2004,Rathbone Ethical Bond I Inc,0.935676506
11/05/2004,Rathbone Ethical Bond I Inc,0.935578231
11/06/2004,Rathbone Ethical Bond I Inc,0.935578231
11/07/2004,Rathbone Ethical Bond I Inc,0.935578231
11/08/2004,Rathbone Ethical Bond I Inc,0.933907556
11/09/2004,Rathbone Ethical Bond I Inc,0.934988581
11/10/2004,Rathbone Ethical Bond I Inc,0.937150632
11/11/2004,Rathbone Ethical Bond I Inc,0.938231657
11/12/2004,Rathbone Ethical Bond I Inc,0.939902332
11/13/2004,Rathbone Ethical Bond I Inc,0.939902332
11/14/2004,Rathbone Ethical Bond I Inc,0.939902332
11/15/2004,Rathbone Ethical Bond I Inc,0.944029883
11/16/2004,Rathbone Ethical Bond I Inc,0.944816084
11/17/2004,Rathbone Ethical Bond I Inc,0.943145408
11/18/2004,Rathbone Ethical Bond I Inc,0.942850583
11/19/2004,Rathbone Ethical Bond I Inc,0.942752308
11/20/2004,Rathbone Ethical Bond I Inc,0.942752308
11/21/2004,Rathbone Ethical Bond I Inc,0.942752308
11/22/2004,Rathbone Ethical Bond I Inc,0.943735058
11/23/2004,Rathbone Ethical Bond I Inc,0.945504009
11/24/2004,Rathbone Ethical Bond I Inc,0.945209184
11/25/2004,Rathbone Ethical Bond I Inc,0.947862609
11/26/2004,Rathbone Ethical Bond I Inc,0.948550534
11/27/2004,Rathbone Ethical Bond I Inc,0.948550534
11/28/2004,Rathbone Ethical Bond I Inc,0.948550534
11/29/2004,Rathbone Ethical Bond I Inc,0.948550534
11/30/2004,Rathbone Ethical Bond I Inc,0.947862609
12/01/2004,Rathbone Ethical Bond I Inc,0.947371234
12/02/2004,Rathbone Ethical Bond I Inc,0.946683309
12/03/2004,Rathbone Ethical Bond I Inc,0.941671283
12/04/2004,Rathbone Ethical Bond I Inc,0.941671283
12/05/2004,Rathbone Ethical Bond I Inc,0.941671283
12/06/2004,Rathbone Ethical Bond I Inc,0.946486759
12/07/2004,Rathbone Ethical Bond I Inc,0.946781584
12/08/2004,Rathbone Ethical Bond I Inc,0.948353984
12/09/2004,Rathbone Ethical Bond I Inc,0.949926385
12/10/2004,Rathbone Ethical Bond I Inc,0.949336735
12/11/2004,Rathbone Ethical Bond I Inc,0.949336735
12/12/2004,Rathbone Ethical Bond I Inc,0.949336735
12/13/2004,Rathbone Ethical Bond I Inc,0.951891885
12/14/2004,Rathbone Ethical Bond I Inc,0.95179361
12/15/2004,Rathbone Ethical Bond I Inc,0.954545311
12/16/2004,Rathbone Ethical Bond I Inc,0.956412536
12/17/2004,Rathbone Ethical Bond I Inc,0.953759111
12/18/2004,Rathbone Ethical Bond I Inc,0.953759111
12/19/2004,Rathbone Ethical Bond I Inc,0.953759111
12/20/2004,Rathbone Ethical Bond I Inc,0.955233236
12/21/2004,Rathbone Ethical Bond I Inc,0.957002187
12/22/2004,Rathbone Ethical Bond I Inc,0.955822886
12/23/2004,Rathbone Ethical Bond I Inc,0.957886662
12/24/2004,Rathbone Ethical Bond I Inc,0.957297012
12/25/2004,Rathbone Ethical Bond I Inc,0.957297012
12/26/2004,Rathbone Ethical Bond I Inc,0.957297012
12/27/2004,Rathbone Ethical Bond I Inc,0.957297012
12/28/2004,Rathbone Ethical Bond I Inc,0.957297012
12/29/2004,Rathbone Ethical Bond I Inc,0.952776361
12/30/2004,Rathbone Ethical Bond I Inc,0.949533285
12/31/2004,Rathbone Ethical Bond I Inc,0.95257981
01/01/2005,Rathbone Ethical Bond I Inc,0.95257981
01/02/2005,Rathbone Ethical Bond I Inc,0.95257981
01/03/2005,Rathbone Ethical Bond I Inc,0.95257981
01/04/2005,Rathbone Ethical Bond I Inc,0.953562561
01/05/2005,Rathbone Ethical Bond I Inc,0.95257981
01/06/2005,Rathbone Ethical Bond I Inc,0.953759111
01/07/2005,Rathbone Ethical Bond I Inc,0.955724611
01/08/2005,Rathbone Ethical Bond I Inc,0.955724611
01/09/2005,Rathbone Ethical Bond I Inc,0.955724611
01/10/2005,Rathbone Ethical Bond I Inc,0.956805637
01/11/2005,Rathbone Ethical Bond I Inc,0.956412536
01/12/2005,Rathbone Ethical Bond I Inc,0.955822886
01/13/2005,Rathbone Ethical Bond I Inc,0.956707362
01/14/2005,Rathbone Ethical Bond I Inc,0.959557337
01/15/2005,Rathbone Ethical Bond I Inc,0.959557337
01/16/2005,Rathbone Ethical Bond I Inc,0.959557337
01/17/2005,Rathbone Ethical Bond I Inc,0.959262512
01/18/2005,Rathbone Ethical Bond I Inc,0.957297012
01/19/2005,Rathbone Ethical Bond I Inc,0.957493562
01/20/2005,Rathbone Ethical Bond I Inc,0.955822886
01/21/2005,Rathbone Ethical Bond I Inc,0.953759111
01/22/2005,Rathbone Ethical Bond I Inc,0.953759111
01/23/2005,Rathbone Ethical Bond I Inc,0.953759111
01/24/2005,Rathbone Ethical Bond I Inc,0.954643586
01/25/2005,Rathbone Ethical Bond I Inc,0.955134961
01/26/2005,Rathbone Ethical Bond I Inc,0.955036686
01/27/2005,Rathbone Ethical Bond I Inc,0.952972911
01/28/2005,Rathbone Ethical Bond I Inc,0.955233236
01/29/2005,Rathbone Ethical Bond I Inc,0.955233236
01/30/2005,Rathbone Ethical Bond I Inc,0.955233236
01/31/2005,Rathbone Ethical Bond I Inc,0.955036686
02/01/2005,Rathbone Ethical Bond I Inc,0.946388484
02/02/2005,Rathbone Ethical Bond I Inc,0.946388484
02/03/2005,Rathbone Ethical Bond I Inc,0.945798834
02/04/2005,Rathbone Ethical Bond I Inc,0.946978134
02/05/2005,Rathbone Ethical Bond I Inc,0.946978134
02/06/2005,Rathbone Ethical Bond I Inc,0.946978134
02/07/2005,Rathbone Ethical Bond I Inc,0.95100741
02/08/2005,Rathbone Ethical Bond I Inc,0.952088435
02/09/2005,Rathbone Ethical Bond I Inc,0.954840136
02/10/2005,Rathbone Ethical Bond I Inc,0.953955661
02/11/2005,Rathbone Ethical Bond I Inc,0.952776361
02/12/2005,Rathbone Ethical Bond I Inc,0.952776361
02/13/2005,Rathbone Ethical Bond I Inc,0.952776361
02/14/2005,Rathbone Ethical Bond I Inc,0.950516035
02/15/2005,Rathbone Ethical Bond I Inc,0.950909135
02/16/2005,Rathbone Ethical Bond I Inc,0.952481535
02/17/2005,Rathbone Ethical Bond I Inc,0.950319485
02/18/2005,Rathbone Ethical Bond I Inc,0.948550534
02/19/2005,Rathbone Ethical Bond I Inc,0.948550534
02/20/2005,Rathbone Ethical Bond I Inc,0.948550534
02/21/2005,Rathbone Ethical Bond I Inc,0.946978134
02/22/2005,Rathbone Ethical Bond I Inc,0.944521258
02/23/2005,Rathbone Ethical Bond I Inc,0.944717809
02/24/2005,Rathbone Ethical Bond I Inc,0.942654033
02/25/2005,Rathbone Ethical Bond I Inc,0.943440233
02/26/2005,Rathbone Ethical Bond I Inc,0.943440233
02/27/2005,Rathbone Ethical Bond I Inc,0.943440233
02/28/2005,Rathbone Ethical Bond I Inc,0.945012634
03/01/2005,Rathbone Ethical Bond I Inc,0.941671283
03/02/2005,Rathbone Ethical Bond I Inc,0.940491983
03/03/2005,Rathbone Ethical Bond I Inc,0.939607507
03/04/2005,Rathbone Ethical Bond I Inc,0.939116132
03/05/2005,Rathbone Ethical Bond I Inc,0.939116132
03/06/2005,Rathbone Ethical Bond I Inc,0.939116132
03/07/2005,Rathbone Ethical Bond I Inc,0.940983358
03/08/2005,Rathbone Ethical Bond I Inc,0.939902332
03/09/2005,Rathbone Ethical Bond I Inc,0.935578231
03/10/2005,Rathbone Ethical Bond I Inc,0.933023081
03/11/2005,Rathbone Ethical Bond I Inc,0.933612731
03/12/2005,Rathbone Ethical Bond I Inc,0.933612731
03/13/2005,Rathbone Ethical Bond I Inc,0.933612731
03/14/2005,Rathbone Ethical Bond I Inc,0.932826531
03/15/2005,Rathbone Ethical Bond I Inc,0.935185131
03/16/2005,Rathbone Ethical Bond I Inc,0.935873056
03/17/2005,Rathbone Ethical Bond I Inc,0.934300656
03/18/2005,Rathbone Ethical Bond I Inc,0.933809281
03/19/2005,Rathbone Ethical Bond I Inc,0.933809281
03/20/2005,Rathbone Ethical Bond I Inc,0.933809281
03/21/2005,Rathbone Ethical Bond I Inc,0.93164723
03/22/2005,Rathbone Ethical Bond I Inc,0.933711006
03/23/2005,Rathbone Ethical Bond I Inc,0.93164723
03/24/2005,Rathbone Ethical Bond I Inc,0.932531706
03/25/2005,Rathbone Ethical Bond I Inc,0.932531706
03/26/2005,Rathbone Ethical Bond I Inc,0.932531706
03/27/2005,Rathbone Ethical Bond I Inc,0.932531706
03/28/2005,Rathbone Ethical Bond I Inc,0.932531706
03/29/2005,Rathbone Ethical Bond I Inc,0.934104106
03/30/2005,Rathbone Ethical Bond I Inc,0.937642007
03/31/2005,Rathbone Ethical Bond I Inc,0.938821307
04/01/2005,Rathbone Ethical Bond I Inc,0.938821307
04/02/2005,Rathbone Ethical Bond I Inc,0.938821307
04/03/2005,Rathbone Ethical Bond I Inc,0.938821307
04/04/2005,Rathbone Ethical Bond I Inc,0.936462707
04/05/2005,Rathbone Ethical Bond I Inc,0.935086856
04/06/2005,Rathbone Ethical Bond I Inc,0.937445457
04/07/2005,Rathbone Ethical Bond I Inc,0.939116132
04/08/2005,Rathbone Ethical Bond I Inc,0.938919582
04/09/2005,Rathbone Ethical Bond I Inc,0.938919582
04/10/2005,Rathbone Ethical Bond I Inc,0.938919582
04/11/2005,Rathbone Ethical Bond I Inc,0.939017857
04/12/2005,Rathbone Ethical Bond I Inc,0.937740282
04/13/2005,Rathbone Ethical Bond I Inc,0.938723032
04/14/2005,Rathbone Ethical Bond I Inc,0.939312682
04/15/2005,Rathbone Ethical Bond I Inc,0.940590258
04/16/2005,Rathbone Ethical Bond I Inc,0.940590258
04/17/2005,Rathbone Ethical Bond I Inc,0.940590258
04/18/2005,Rathbone Ethical Bond I Inc,0.941474733
04/19/2005,Rathbone Ethical Bond I Inc,0.938919582
04/20/2005,Rathbone Ethical Bond I Inc,0.942064383
04/21/2005,Rathbone Ethical Bond I Inc,0.944029883
04/22/2005,Rathbone Ethical Bond I Inc,0.943440233
04/23/2005,Rathbone Ethical Bond I Inc,0.943440233
04/24/2005,Rathbone Ethical Bond I Inc,0.943440233
04/25/2005,Rathbone Ethical Bond I Inc,0.944619534
04/26/2005,Rathbone Ethical Bond I Inc,0.944619534
04/27/2005,Rathbone Ethical Bond I Inc,0.943341958
04/28/2005,Rathbone Ethical Bond I Inc,0.944619534
04/29/2005,Rathbone Ethical Bond I Inc,0.944619534
04/30/2005,Rathbone Ethical Bond I Inc,0.944619534
05/01/2005,Rathbone Ethical Bond I Inc,0.944619534
05/02/2005,Rathbone Ethical Bond I Inc,0.944619534
05/03/2005,Rathbone Ethical Bond I Inc,0.936266156
05/04/2005,Rathbone Ethical Bond I Inc,0.935971331
05/05/2005,Rathbone Ethical Bond I Inc,0.935774781
05/06/2005,Rathbone Ethical Bond I Inc,0.935774781
05/07/2005,Rathbone Ethical Bond I Inc,0.935774781
05/08/2005,Rathbone Ethical Bond I Inc,0.935774781
05/09/2005,Rathbone Ethical Bond I Inc,0.933219631
05/10/2005,Rathbone Ethical Bond I Inc,0.935381681
05/11/2005,Rathbone Ethical Bond I Inc,0.939312682
05/12/2005,Rathbone Ethical Bond I Inc,0.941376458
05/13/2005,Rathbone Ethical Bond I Inc,0.943833333
05/14/2005,Rathbone Ethical Bond I Inc,0.943833333
05/15/2005,Rathbone Ethical Bond I Inc,0.943833333
05/16/2005,Rathbone Ethical Bond I Inc,0.943636783
05/17/2005,Rathbone Ethical Bond I Inc,0.942654033
05/18/2005,Rathbone Ethical Bond I Inc,0.943341958
05/19/2005,Rathbone Ethical Bond I Inc,0.944128158
05/20/2005,Rathbone Ethical Bond I Inc,0.943735058
05/21/2005,Rathbone Ethical Bond I Inc,0.943735058
05/22/2005,Rathbone Ethical Bond I Inc,0.943735058
05/23/2005,Rathbone Ethical Bond I Inc,0.943833333
05/24/2005,Rathbone Ethical Bond I Inc,0.948550534
05/25/2005,Rathbone Ethical Bond I Inc,0.949140185
05/26/2005,Rathbone Ethical Bond I Inc,0.947469509
05/27/2005,Rathbone Ethical Bond I Inc,0.946191934
05/28/2005,Rathbone Ethical Bond I Inc,0.946191934
05/29/2005,Rathbone Ethical Bond I Inc,0.946191934
05/30/2005,Rathbone Ethical Bond I Inc,0.946191934
05/31/2005,Rathbone Ethical Bond I Inc,0.947764334
06/01/2005,Rathbone Ethical Bond I Inc,0.951105685
06/02/2005,Rathbone Ethical Bond I Inc,0.953857386
06/03/2005,Rathbone Ethical Bond I Inc,0.955134961
06/04/2005,Rathbone Ethical Bond I Inc,0.955134961
06/05/2005,Rathbone Ethical Bond I Inc,0.955134961
06/06/2005,Rathbone Ethical Bond I Inc,0.953660836
06/07/2005,Rathbone Ethical Bond I Inc,0.954053936
06/08/2005,Rathbone Ethical Bond I Inc,0.957297012
06/09/2005,Rathbone Ethical Bond I Inc,0.955233236
06/10/2005,Rathbone Ethical Bond I Inc,0.954741861
06/11/2005,Rathbone Ethical Bond I Inc,0.954741861
06/12/2005,Rathbone Ethical Bond I Inc,0.954741861
06/13/2005,Rathbone Ethical Bond I Inc,0.951891885
06/14/2005,Rathbone Ethical Bond I Inc,0.95159706
06/15/2005,Rathbone Ethical Bond I Inc,0.94864881
06/16/2005,Rathbone Ethical Bond I Inc,0.945995384
06/17/2005,Rathbone Ethical Bond I Inc,0.945602284
06/18/2005,Rathbone Ethical Bond I Inc,0.945602284
06/19/2005,Rathbone Ethical Bond I Inc,0.945602284
06/20/2005,Rathbone Ethical Bond I Inc,0.945209184
06/21/2005,Rathbone Ethical Bond I Inc,0.947764334
06/22/2005,Rathbone Ethical Bond I Inc,0.954643586
06/23/2005,Rathbone Ethical Bond I Inc,0.955822886
06/24/2005,Rathbone Ethical Bond I Inc,0.957886662
06/25/2005,Rathbone Ethical Bond I Inc,0.957886662
06/26/2005,Rathbone Ethical Bond I Inc,0.957886662
06/27/2005,Rathbone Ethical Bond I Inc,0.962014213
06/28/2005,Rathbone Ethical Bond I Inc,0.960441812
06/29/2005,Rathbone Ethical Bond I Inc,0.958378037
06/30/2005,Rathbone Ethical Bond I Inc,0.962210763
07/01/2005,Rathbone Ethical Bond I Inc,0.963488338
07/02/2005,Rathbone Ethical Bond I Inc,0.963488338
07/03/2005,Rathbone Ethical Bond I Inc,0.963488338
07/04/2005,Rathbone Ethical Bond I Inc,0.960933188
07/05/2005,Rathbone Ethical Bond I Inc,0.960146987
07/06/2005,Rathbone Ethical Bond I Inc,0.960933188
07/07/2005,Rathbone Ethical Bond I Inc,0.968107264
07/08/2005,Rathbone Ethical Bond I Inc,0.963586613
07/09/2005,Rathbone Ethical Bond I Inc,0.963586613
07/10/2005,Rathbone Ethical Bond I Inc,0.963586613
07/11/2005,Rathbone Ethical Bond I Inc,0.963488338
07/12/2005,Rathbone Ethical Bond I Inc,0.959360787
07/13/2005,Rathbone Ethical Bond I Inc,0.958672862
07/14/2005,Rathbone Ethical Bond I Inc,0.956412536
07/15/2005,Rathbone Ethical Bond I Inc,0.956314261
07/16/2005,Rathbone Ethical Bond I Inc,0.956314261
07/17/2005,Rathbone Ethical Bond I Inc,0.956314261
07/18/2005,Rathbone Ethical Bond I Inc,0.960441812
07/19/2005,Rathbone Ethical Bond I Inc,0.958771137
07/20/2005,Rathbone Ethical Bond I Inc,0.956412536
07/21/2005,Rathbone Ethical Bond I Inc,0.956412536
07/22/2005,Rathbone Ethical Bond I Inc,0.957395287
07/23/2005,Rathbone Ethical Bond I Inc,0.957395287
07/24/2005,Rathbone Ethical Bond I Inc,0.957395287
07/25/2005,Rathbone Ethical Bond I Inc,0.960736638
07/26/2005,Rathbone Ethical Bond I Inc,0.959459062
07/27/2005,Rathbone Ethical Bond I Inc,0.960343537
07/28/2005,Rathbone Ethical Bond I Inc,0.958378037
07/29/2005,Rathbone Ethical Bond I Inc,0.960245262
07/30/2005,Rathbone Ethical Bond I Inc,0.960245262
07/31/2005,Rathbone Ethical Bond I Inc,0.960245262
08/01/2005,Rathbone Ethical Bond I Inc,0.946683309
08/02/2005,Rathbone Ethical Bond I Inc,0.946191934
08/03/2005,Rathbone Ethical Bond I Inc,0.944422983
08/04/2005,Rathbone Ethical Bond I Inc,0.944128158
08/05/2005,Rathbone Ethical Bond I Inc,0.944029883
08/06/2005,Rathbone Ethical Bond I Inc,0.944029883
08/07/2005,Rathbone Ethical Bond I Inc,0.944029883
08/08/2005,Rathbone Ethical Bond I Inc,0.943341958
08/09/2005,Rathbone Ethical Bond I Inc,0.943636783
08/10/2005,Rathbone Ethical Bond I Inc,0.944128158
08/11/2005,Rathbone Ethical Bond I Inc,0.943440233
08/12/2005,Rathbone Ethical Bond I Inc,0.946978134
08/13/2005,Rathbone Ethical Bond I Inc,0.946978134
08/14/2005,Rathbone Ethical Bond I Inc,0.946978134
08/15/2005,Rathbone Ethical Bond I Inc,0.94904191
08/16/2005,Rathbone Ethical Bond I Inc,0.948059159
08/17/2005,Rathbone Ethical Bond I Inc,0.95100741
08/18/2005,Rathbone Ethical Bond I Inc,0.953660836
08/19/2005,Rathbone Ethical Bond I Inc,0.955429786
08/20/2005,Rathbone Ethical Bond I Inc,0.955429786
08/21/2005,Rathbone Ethical Bond I Inc,0.955429786
08/22/2005,Rathbone Ethical Bond I Inc,0.955233236
08/23/2005,Rathbone Ethical Bond I Inc,0.953366011
08/24/2005,Rathbone Ethical Bond I Inc,0.956215986
08/25/2005,Rathbone Ethical Bond I Inc,0.957100462
08/26/2005,Rathbone Ethical Bond I Inc,0.957690112
08/27/2005,Rathbone Ethical Bond I Inc,0.957690112
08/28/2005,Rathbone Ethical Bond I Inc,0.957690112
08/29/2005,Rathbone Ethical Bond I Inc,0.957690112
08/30/2005,Rathbone Ethical Bond I Inc,0.957395287
08/31/2005,Rathbone Ethical Bond I Inc,0.959065962
09/01/2005,Rathbone Ethical Bond I Inc,0.960933188
09/02/2005,Rathbone Ethical Bond I Inc,0.962898688
09/03/2005,Rathbone Ethical Bond I Inc,0.962898688
09/04/2005,Rathbone Ethical Bond I Inc,0.962898688
09/05/2005,Rathbone Ethical Bond I Inc,0.962603863
09/06/2005,Rathbone Ethical Bond I Inc,0.959360787
09/07/2005,Rathbone Ethical Bond I Inc,0.959655612
09/08/2005,Rathbone Ethical Bond I Inc,0.957690112
09/09/2005,Rathbone Ethical Bond I Inc,0.960638362
09/10/2005,Rathbone Ethical Bond I Inc,0.960638362
09/11/2005,Rathbone Ethical Bond I Inc,0.960638362
09/12/2005,Rathbone Ethical Bond I Inc,0.960441812
09/13/2005,Rathbone Ethical Bond I Inc,0.957984937
09/14/2005,Rathbone Ethical Bond I Inc,0.960540087
09/15/2005,Rathbone Ethical Bond I Inc,0.960933188
09/16/2005,Rathbone Ethical Bond I Inc,0.958672862
09/17/2005,Rathbone Ethical Bond I Inc,0.958672862
09/18/2005,Rathbone Ethical Bond I Inc,0.958672862
09/19/2005,Rathbone Ethical Bond I Inc,0.957297012
09/20/2005,Rathbone Ethical Bond I Inc,0.958672862
09/21/2005,Rathbone Ethical Bond I Inc,0.960245262
09/22/2005,Rathbone Ethical Bond I Inc,0.962800413
09/23/2005,Rathbone Ethical Bond I Inc,0.960048712
09/24/2005,Rathbone Ethical Bond I Inc,0.960048712
09/25/2005,Rathbone Ethical Bond I Inc,0.960048712
09/26/2005,Rathbone Ethical Bond I Inc,0.956805637
09/27/2005,Rathbone Ethical Bond I Inc,0.954840136
09/28/2005,Rathbone Ethical Bond I Inc,0.954643586
09/29/2005,Rathbone Ethical Bond I Inc,0.957002187
09/30/2005,Rathbone Ethical Bond I Inc,0.958378037
10/01/2005,Rathbone Ethical Bond I Inc,0.958378037
10/02/2005,Rathbone Ethical Bond I Inc,0.958378037
10/03/2005,Rathbone Ethical Bond I Inc,0.955331511
10/04/2005,Rathbone Ethical Bond I Inc,0.954545311
10/05/2005,Rathbone Ethical Bond I Inc,0.957591837
10/06/2005,Rathbone Ethical Bond I Inc,0.956707362
10/07/2005,Rathbone Ethical Bond I Inc,0.955822886
10/08/2005,Rathbone Ethical Bond I Inc,0.955822886
10/09/2005,Rathbone Ethical Bond I Inc,0.955822886
10/10/2005,Rathbone Ethical Bond I Inc,0.957297012
10/11/2005,Rathbone Ethical Bond I Inc,0.957297012
10/12/2005,Rathbone Ethical Bond I Inc,0.954643586
10/13/2005,Rathbone Ethical Bond I Inc,0.95061431
10/14/2005,Rathbone Ethical Bond I Inc,0.947272959
10/15/2005,Rathbone Ethical Bond I Inc,0.947272959
10/16/2005,Rathbone Ethical Bond I Inc,0.947272959
10/17/2005,Rathbone Ethical Bond I Inc,0.947076409
10/18/2005,Rathbone Ethical Bond I Inc,0.947567784
10/19/2005,Rathbone Ethical Bond I Inc,0.949729835
10/20/2005,Rathbone Ethical Bond I Inc,0.948059159
10/21/2005,Rathbone Ethical Bond I Inc,0.949336735
10/22/2005,Rathbone Ethical Bond I Inc,0.949336735
10/23/2005,Rathbone Ethical Bond I Inc,0.949336735
10/24/2005,Rathbone Ethical Bond I Inc,0.951105685
10/25/2005,Rathbone Ethical Bond I Inc,0.949140185
10/26/2005,Rathbone Ethical Bond I Inc,0.947174684
10/27/2005,Rathbone Ethical Bond I Inc,0.949533285
10/28/2005,Rathbone Ethical Bond I Inc,0.950909135
10/29/2005,Rathbone Ethical Bond I Inc,0.950909135
10/30/2005,Rathbone Ethical Bond I Inc,0.950909135
10/31/2005,Rathbone Ethical Bond I Inc,0.952678086
11/01/2005,Rathbone Ethical Bond I Inc,0.943833333
11/02/2005,Rathbone Ethical Bond I Inc,0.939902332
11/03/2005,Rathbone Ethical Bond I Inc,0.938624757
11/04/2005,Rathbone Ethical Bond I Inc,0.937347182
11/05/2005,Rathbone Ethical Bond I Inc,0.937347182
11/06/2005,Rathbone Ethical Bond I Inc,0.937347182
11/07/2005,Rathbone Ethical Bond I Inc,0.939017857
11/08/2005,Rathbone Ethical Bond I Inc,0.937445457
11/09/2005,Rathbone Ethical Bond I Inc,0.939607507
11/10/2005,Rathbone Ethical Bond I Inc,0.938428207
11/11/2005,Rathbone Ethical Bond I Inc,0.938821307
11/12/2005,Rathbone Ethical Bond I Inc,0.938821307
11/13/2005,Rathbone Ethical Bond I Inc,0.938821307
11/14/2005,Rathbone Ethical Bond I Inc,0.940885083
11/15/2005,Rathbone Ethical Bond I Inc,0.943047133
11/16/2005,Rathbone Ethical Bond I Inc,0.947764334
11/17/2005,Rathbone Ethical Bond I Inc,0.95022121
11/18/2005,Rathbone Ethical Bond I Inc,0.951891885
11/19/2005,Rathbone Ethical Bond I Inc,0.951891885
11/20/2005,Rathbone Ethical Bond I Inc,0.951891885
11/21/2005,Rathbone Ethical Bond I Inc,0.951302235
11/22/2005,Rathbone Ethical Bond I Inc,0.950909135
11/23/2005,Rathbone Ethical Bond I Inc,0.95179361
11/24/2005,Rathbone Ethical Bond I Inc,0.95218671
11/25/2005,Rathbone Ethical Bond I Inc,0.954840136
11/26/2005,Rathbone Ethical Bond I Inc,0.954840136
11/27/2005,Rathbone Ethical Bond I Inc,0.954840136
11/28/2005,Rathbone Ethical Bond I Inc,0.952481535
11/29/2005,Rathbone Ethical Bond I Inc,0.954053936
11/30/2005,Rathbone Ethical Bond I Inc,0.952972911
12/01/2005,Rathbone Ethical Bond I Inc,0.954053936
12/02/2005,Rathbone Ethical Bond I Inc,0.953857386
12/03/2005,Rathbone Ethical Bond I Inc,0.953857386
12/04/2005,Rathbone Ethical Bond I Inc,0.953857386
12/05/2005,Rathbone Ethical Bond I Inc,0.950909135
12/06/2005,Rathbone Ethical Bond I Inc,0.951891885
12/07/2005,Rathbone Ethical Bond I Inc,0.95179361
12/08/2005,Rathbone Ethical Bond I Inc,0.951891885
12/09/2005,Rathbone Ethical Bond I Inc,0.953464286
12/10/2005,Rathbone Ethical Bond I Inc,0.953464286
12/11/2005,Rathbone Ethical Bond I Inc,0.953464286
12/12/2005,Rathbone Ethical Bond I Inc,0.949533285
12/13/2005,Rathbone Ethical Bond I Inc,0.949336735
12/14/2005,Rathbone Ethical Bond I Inc,0.95140051
12/15/2005,Rathbone Ethical Bond I Inc,0.952088435
12/16/2005,Rathbone Ethical Bond I Inc,0.95199016
12/17/2005,Rathbone Ethical Bond I Inc,0.95199016
12/18/2005,Rathbone Ethical Bond I Inc,0.95199016
12/19/2005,Rathbone Ethical Bond I Inc,0.956019436
12/20/2005,Rathbone Ethical Bond I Inc,0.957788387
12/21/2005,Rathbone Ethical Bond I Inc,0.957395287
12/22/2005,Rathbone Ethical Bond I Inc,0.957788387
12/23/2005,Rathbone Ethical Bond I Inc,0.959065962
12/24/2005,Rathbone Ethical Bond I Inc,0.959065962
12/25/2005,Rathbone Ethical Bond I Inc,0.959065962
12/26/2005,Rathbone Ethical Bond I Inc,0.959065962
12/27/2005,Rathbone Ethical Bond I Inc,0.959065962
12/28/2005,Rathbone Ethical Bond I Inc,0.961915938
12/29/2005,Rathbone Ethical Bond I Inc,0.962210763
12/30/2005,Rathbone Ethical Bond I Inc,0.965159014
12/31/2005,Rathbone Ethical Bond I Inc,0.965159014
01/01/2006,Rathbone Ethical Bond I Inc,0.965159014
01/02/2006,Rathbone Ethical Bond I Inc,0.965159014
01/03/2006,Rathbone Ethical Bond I Inc,0.962407313
01/04/2006,Rathbone Ethical Bond I Inc,0.965650389
01/05/2006,Rathbone Ethical Bond I Inc,0.966240039
01/06/2006,Rathbone Ethical Bond I Inc,0.968008989
01/07/2006,Rathbone Ethical Bond I Inc,0.968008989
01/08/2006,Rathbone Ethical Bond I Inc,0.968008989
01/09/2006,Rathbone Ethical Bond I Inc,0.967419339
01/10/2006,Rathbone Ethical Bond I Inc,0.965846939
01/11/2006,Rathbone Ethical Bond I Inc,0.967026239
01/12/2006,Rathbone Ethical Bond I Inc,0.966829689
01/13/2006,Rathbone Ethical Bond I Inc,0.969090015
01/14/2006,Rathbone Ethical Bond I Inc,0.969090015
01/15/2006,Rathbone Ethical Bond I Inc,0.969090015
01/16/2006,Rathbone Ethical Bond I Inc,0.97233309
01/17/2006,Rathbone Ethical Bond I Inc,0.974986516
01/18/2006,Rathbone Ethical Bond I Inc,0.979507167
01/19/2006,Rathbone Ethical Bond I Inc,0.974200316
01/20/2006,Rathbone Ethical Bond I Inc,0.97095724
01/21/2006,Rathbone Ethical Bond I Inc,0.97095724
01/22/2006,Rathbone Ethical Bond I Inc,0.97095724
01/23/2006,Rathbone Ethical Bond I Inc,0.974495141
01/24/2006,Rathbone Ethical Bond I Inc,0.974789966
01/25/2006,Rathbone Ethical Bond I Inc,0.971448615
01/26/2006,Rathbone Ethical Bond I Inc,0.966141764
01/27/2006,Rathbone Ethical Bond I Inc,0.964372813
01/28/2006,Rathbone Ethical Bond I Inc,0.964372813
01/29/2006,Rathbone Ethical Bond I Inc,0.964372813
01/30/2006,Rathbone Ethical Bond I Inc,0.962407313
01/31/2006,Rathbone Ethical Bond I Inc,0.966731414
02/01/2006,Rathbone Ethical Bond I Inc,0.957591837
02/02/2006,Rathbone Ethical Bond I Inc,0.954152211
02/03/2006,Rathbone Ethical Bond I Inc,0.953267736
02/04/2006,Rathbone Ethical Bond I Inc,0.953267736
02/05/2006,Rathbone Ethical Bond I Inc,0.953267736
02/06/2006,Rathbone Ethical Bond I Inc,0.956019436
02/07/2006,Rathbone Ethical Bond I Inc,0.954643586
02/08/2006,Rathbone Ethical Bond I Inc,0.952874636
02/09/2006,Rathbone Ethical Bond I Inc,0.95238326
02/10/2006,Rathbone Ethical Bond I Inc,0.956707362
02/11/2006,Rathbone Ethical Bond I Inc,0.956707362
02/12/2006,Rathbone Ethical Bond I Inc,0.956707362
02/13/2006,Rathbone Ethical Bond I Inc,0.955233236
02/14/2006,Rathbone Ethical Bond I Inc,0.955822886
02/15/2006,Rathbone Ethical Bond I Inc,0.954938411
02/16/2006,Rathbone Ethical Bond I Inc,0.953660836
02/17/2006,Rathbone Ethical Bond I Inc,0.957395287
02/18/2006,Rathbone Ethical Bond I Inc,0.957395287
02/19/2006,Rathbone Ethical Bond I Inc,0.957395287
02/20/2006,Rathbone Ethical Bond I Inc,0.959753887
02/21/2006,Rathbone Ethical Bond I Inc,0.958771137
02/22/2006,Rathbone Ethical Bond I Inc,0.958672862
02/23/2006,Rathbone Ethical Bond I Inc,0.959655612
02/24/2006,Rathbone Ethical Bond I Inc,0.959459062
02/25/2006,Rathbone Ethical Bond I Inc,0.959459062
02/26/2006,Rathbone Ethical Bond I Inc,0.959459062
02/27/2006,Rathbone Ethical Bond I Inc,0.955724611
02/28/2006,Rathbone Ethical Bond I Inc,0.955724611
03/01/2006,Rathbone Ethical Bond I Inc,0.956903912
03/02/2006,Rathbone Ethical Bond I Inc,0.958279762
03/03/2006,Rathbone Ethical Bond I Inc,0.955036686
03/04/2006,Rathbone Ethical Bond I Inc,0.955036686
03/05/2006,Rathbone Ethical Bond I Inc,0.955036686
03/06/2006,Rathbone Ethical Bond I Inc,0.953562561
03/07/2006,Rathbone Ethical Bond I Inc,0.95199016
03/08/2006,Rathbone Ethical Bond I Inc,0.95199016
03/09/2006,Rathbone Ethical Bond I Inc,0.949336735
03/10/2006,Rathbone Ethical Bond I Inc,0.947371234
03/11/2006,Rathbone Ethical Bond I Inc,0.947371234
03/12/2006,Rathbone Ethical Bond I Inc,0.947371234
03/13/2006,Rathbone Ethical Bond I Inc,0.944914359
03/14/2006,Rathbone Ethical Bond I Inc,0.946978134
03/15/2006,Rathbone Ethical Bond I Inc,0.947764334
03/16/2006,Rathbone Ethical Bond I Inc,0.944619534
03/17/2006,Rathbone Ethical Bond I Inc,0.947272959
03/18/2006,Rathbone Ethical Bond I Inc,0.947272959
03/19/2006,Rathbone Ethical Bond I Inc,0.947272959
03/20/2006,Rathbone Ethical Bond I Inc,0.945897109
03/21/2006,Rathbone Ethical Bond I Inc,0.945110909
03/22/2006,Rathbone Ethical Bond I Inc,0.945700559
03/23/2006,Rathbone Ethical Bond I Inc,0.95002466
03/24/2006,Rathbone Ethical Bond I Inc,0.947469509
03/25/2006,Rathbone Ethical Bond I Inc,0.947469509
03/26/2006,Rathbone Ethical Bond I Inc,0.947469509
03/27/2006,Rathbone Ethical Bond I Inc,0.947862609
03/28/2006,Rathbone Ethical Bond I Inc,0.945110909
03/29/2006,Rathbone Ethical Bond I Inc,0.944914359
03/30/2006,Rathbone Ethical Bond I Inc,0.944029883
03/31/2006,Rathbone Ethical Bond I Inc,0.944226433
04/01/2006,Rathbone Ethical Bond I Inc,0.944226433
04/02/2006,Rathbone Ethical Bond I Inc,0.944226433
04/03/2006,Rathbone Ethical Bond I Inc,0.943636783
04/04/2006,Rathbone Ethical Bond I Inc,0.942359208
04/05/2006,Rathbone Ethical Bond I Inc,0.944914359
04/06/2006,Rathbone Ethical Bond I Inc,0.943735058
04/07/2006,Rathbone Ethical Bond I Inc,0.944029883
04/08/2006,Rathbone Ethical Bond I Inc,0.944029883
04/09/2006,Rathbone Ethical Bond I Inc,0.944029883
04/10/2006,Rathbone Ethical Bond I Inc,0.942064383
04/11/2006,Rathbone Ethical Bond I Inc,0.941573008
04/12/2006,Rathbone Ethical Bond I Inc,0.941867833
04/13/2006,Rathbone Ethical Bond I Inc,0.937936832
04/14/2006,Rathbone Ethical Bond I Inc,0.937936832
04/15/2006,Rathbone Ethical Bond I Inc,0.937936832
04/16/2006,Rathbone Ethical Bond I Inc,0.937936832
04/17/2006,Rathbone Ethical Bond I Inc,0.937936832
04/18/2006,Rathbone Ethical Bond I Inc,0.938428207
04/19/2006,Rathbone Ethical Bond I Inc,0.941769558
04/20/2006,Rathbone Ethical Bond I Inc,0.940393707
04/21/2006,Rathbone Ethical Bond I Inc,0.939607507
04/22/2006,Rathbone Ethical Bond I Inc,0.939607507
04/23/2006,Rathbone Ethical Bond I Inc,0.939607507
04/24/2006,Rathbone Ethical Bond I Inc,0.936266156
04/25/2006,Rathbone Ethical Bond I Inc,0.932433431
04/26/2006,Rathbone Ethical Bond I Inc,0.93125413
04/27/2006,Rathbone Ethical Bond I Inc,0.92909208
04/28/2006,Rathbone Ethical Bond I Inc,0.93066448
04/29/2006,Rathbone Ethical Bond I Inc,0.93066448
04/30/2006,Rathbone Ethical Bond I Inc,0.93066448
05/01/2006,Rathbone Ethical Bond I Inc,0.93066448
05/02/2006,Rathbone Ethical Bond I Inc,0.922212828
05/03/2006,Rathbone Ethical Bond I Inc,0.925849004
05/04/2006,Rathbone Ethical Bond I Inc,0.920640428
05/05/2006,Rathbone Ethical Bond I Inc,0.919264577
05/06/2006,Rathbone Ethical Bond I Inc,0.919264577
05/07/2006,Rathbone Ethical Bond I Inc,0.919264577
05/08/2006,Rathbone Ethical Bond I Inc,0.922114553
05/09/2006,Rathbone Ethical Bond I Inc,0.920149052
05/10/2006,Rathbone Ethical Bond I Inc,0.921819728
05/11/2006,Rathbone Ethical Bond I Inc,0.919362852
05/12/2006,Rathbone Ethical Bond I Inc,0.921230078
05/13/2006,Rathbone Ethical Bond I Inc,0.921230078
05/14/2006,Rathbone Ethical Bond I Inc,0.921230078
05/15/2006,Rathbone Ethical Bond I Inc,0.920149052
05/16/2006,Rathbone Ethical Bond I Inc,0.924276603
05/17/2006,Rathbone Ethical Bond I Inc,0.925161079
05/18/2006,Rathbone Ethical Bond I Inc,0.924866254
05/19/2006,Rathbone Ethical Bond I Inc,0.925455904
05/20/2006,Rathbone Ethical Bond I Inc,0.925455904
05/21/2006,Rathbone Ethical Bond I Inc,0.925455904
05/22/2006,Rathbone Ethical Bond I Inc,0.92850243
05/23/2006,Rathbone Ethical Bond I Inc,0.925357629
05/24/2006,Rathbone Ethical Bond I Inc,0.928109329
05/25/2006,Rathbone Ethical Bond I Inc,0.93046793
05/26/2006,Rathbone Ethical Bond I Inc,0.92968173
05/27/2006,Rathbone Ethical Bond I Inc,0.92968173
05/28/2006,Rathbone Ethical Bond I Inc,0.92968173
05/29/2006,Rathbone Ethical Bond I Inc,0.92968173
05/30/2006,Rathbone Ethical Bond I Inc,0.92909208
05/31/2006,Rathbone Ethical Bond I Inc,0.928993805
06/01/2006,Rathbone Ethical Bond I Inc,0.925357629
06/02/2006,Rathbone Ethical Bond I Inc,0.924276603
06/03/2006,Rathbone Ethical Bond I Inc,0.924276603
06/04/2006,Rathbone Ethical Bond I Inc,0.924276603
06/05/2006,Rathbone Ethical Bond I Inc,0.92869898
06/06/2006,Rathbone Ethical Bond I Inc,0.924374879
06/07/2006,Rathbone Ethical Bond I Inc,0.923490403
06/08/2006,Rathbone Ethical Bond I Inc,0.925259354
06/09/2006,Rathbone Ethical Bond I Inc,0.926536929
06/10/2006,Rathbone Ethical Bond I Inc,0.926536929
06/11/2006,Rathbone Ethical Bond I Inc,0.926536929
06/12/2006,Rathbone Ethical Bond I Inc,0.928797255
06/13/2006,Rathbone Ethical Bond I Inc,0.93125413
06/14/2006,Rathbone Ethical Bond I Inc,0.93086103
06/15/2006,Rathbone Ethical Bond I Inc,0.925750729
06/16/2006,Rathbone Ethical Bond I Inc,0.924178328
06/17/2006,Rathbone Ethical Bond I Inc,0.924178328
06/18/2006,Rathbone Ethical Bond I Inc,0.924178328
06/19/2006,Rathbone Ethical Bond I Inc,0.921524903
06/20/2006,Rathbone Ethical Bond I Inc,0.921918003
06/21/2006,Rathbone Ethical Bond I Inc,0.918380102
06/22/2006,Rathbone Ethical Bond I Inc,0.918085277
06/23/2006,Rathbone Ethical Bond I Inc,0.917495627
06/24/2006,Rathbone Ethical Bond I Inc,0.917495627
06/25/2006,Rathbone Ethical Bond I Inc,0.917495627
06/26/2006,Rathbone Ethical Bond I Inc,0.916709427
06/27/2006,Rathbone Ethical Bond I Inc,0.916611152
06/28/2006,Rathbone Ethical Bond I Inc,0.916807702
06/29/2006,Rathbone Ethical Bond I Inc,0.917102527
06/30/2006,Rathbone Ethical Bond I Inc,0.918773202
07/01/2006,Rathbone Ethical Bond I Inc,0.918773202
07/02/2006,Rathbone Ethical Bond I Inc,0.918773202
07/03/2006,Rathbone Ethical Bond I Inc,0.918871477
07/04/2006,Rathbone Ethical Bond I Inc,0.922016278
07/05/2006,Rathbone Ethical Bond I Inc,0.922409378
07/06/2006,Rathbone Ethical Bond I Inc,0.921918003
07/07/2006,Rathbone Ethical Bond I Inc,0.922212828
07/08/2006,Rathbone Ethical Bond I Inc,0.922212828
07/09/2006,Rathbone Ethical Bond I Inc,0.922212828
07/10/2006,Rathbone Ethical Bond I Inc,0.924571429
07/11/2006,Rathbone Ethical Bond I Inc,0.924964529
07/12/2006,Rathbone Ethical Bond I Inc,0.923392128
07/13/2006,Rathbone Ethical Bond I Inc,0.926831754
07/14/2006,Rathbone Ethical Bond I Inc,0.93086103
07/15/2006,Rathbone Ethical Bond I Inc,0.93086103
07/16/2006,Rathbone Ethical Bond I Inc,0.93086103
07/17/2006,Rathbone Ethical Bond I Inc,0.928207604
07/18/2006,Rathbone Ethical Bond I Inc,0.924866254
07/19/2006,Rathbone Ethical Bond I Inc,0.923097303
07/20/2006,Rathbone Ethical Bond I Inc,0.925455904
07/21/2006,Rathbone Ethical Bond I Inc,0.925554179
07/22/2006,Rathbone Ethical Bond I Inc,0.925554179
07/23/2006,Rathbone Ethical Bond I Inc,0.925554179
07/24/2006,Rathbone Ethical Bond I Inc,0.926635204
07/25/2006,Rathbone Ethical Bond I Inc,0.928993805
07/26/2006,Rathbone Ethical Bond I Inc,0.923097303
07/27/2006,Rathbone Ethical Bond I Inc,0.926536929
07/28/2006,Rathbone Ethical Bond I Inc,0.926340379
07/29/2006,Rathbone Ethical Bond I Inc,0.926340379
07/30/2006,Rathbone Ethical Bond I Inc,0.926340379
07/31/2006,Rathbone Ethical Bond I Inc,0.926045554
08/01/2006,Rathbone Ethical Bond I Inc,0.916218051
08/02/2006,Rathbone Ethical Bond I Inc,0.916512877
08/03/2006,Rathbone Ethical Bond I Inc,0.914449101
08/04/2006,Rathbone Ethical Bond I Inc,0.907766399
08/05/2006,Rathbone Ethical Bond I Inc,0.907766399
08/06/2006,Rathbone Ethical Bond I Inc,0.907766399
08/07/2006,Rathbone Ethical Bond I Inc,0.912680151
08/08/2006,Rathbone Ethical Bond I Inc,0.913957726
08/09/2006,Rathbone Ethical Bond I Inc,0.915137026
08/10/2006,Rathbone Ethical Bond I Inc,0.913957726
08/11/2006,Rathbone Ethical Bond I Inc,0.91150085
08/12/2006,Rathbone Ethical Bond I Inc,0.91150085
08/13/2006,Rathbone Ethical Bond I Inc,0.91150085
08/14/2006,Rathbone Ethical Bond I Inc,0.90914225
08/15/2006,Rathbone Ethical Bond I Inc,0.9097319
08/16/2006,Rathbone Ethical Bond I Inc,0.911795675
08/17/2006,Rathbone Ethical Bond I Inc,0.915824951
08/18/2006,Rathbone Ethical Bond I Inc,0.917200802
08/19/2006,Rathbone Ethical Bond I Inc,0.917200802
08/20/2006,Rathbone Ethical Bond I Inc,0.917200802
08/21/2006,Rathbone Ethical Bond I Inc,0.920247327
08/22/2006,Rathbone Ethical Bond I Inc,0.923097303
08/23/2006,Rathbone Ethical Bond I Inc,0.920935253
08/24/2006,Rathbone Ethical Bond I Inc,0.922212828
08/25/2006,Rathbone Ethical Bond I Inc,0.921131803
08/26/2006,Rathbone Ethical Bond I Inc,0.921131803
08/27/2006,Rathbone Ethical Bond I Inc,0.921131803
08/28/2006,Rathbone Ethical Bond I Inc,0.921131803
08/29/2006,Rathbone Ethical Bond I Inc,0.921426628
08/30/2006,Rathbone Ethical Bond I Inc,0.921426628
08/31/2006,Rathbone Ethical Bond I Inc,0.921426628
09/01/2006,Rathbone Ethical Bond I Inc,0.923293853
09/02/2006,Rathbone Ethical Bond I Inc,0.923293853
09/03/2006,Rathbone Ethical Bond I Inc,0.923293853
09/04/2006,Rathbone Ethical Bond I Inc,0.924964529
09/05/2006,Rathbone Ethical Bond I Inc,0.922704203
09/06/2006,Rathbone Ethical Bond I Inc,0.922999028
09/07/2006,Rathbone Ethical Bond I Inc,0.921131803
09/08/2006,Rathbone Ethical Bond I Inc,0.924374879
09/09/2006,Rathbone Ethical Bond I Inc,0.924374879
09/10/2006,Rathbone Ethical Bond I Inc,0.924374879
09/11/2006,Rathbone Ethical Bond I Inc,0.924473154
09/12/2006,Rathbone Ethical Bond I Inc,0.921328353
09/13/2006,Rathbone Ethical Bond I Inc,0.923195578
09/14/2006,Rathbone Ethical Bond I Inc,0.922605928
09/15/2006,Rathbone Ethical Bond I Inc,0.921623178
09/16/2006,Rathbone Ethical Bond I Inc,0.921623178
09/17/2006,Rathbone Ethical Bond I Inc,0.921623178
09/18/2006,Rathbone Ethical Bond I Inc,0.920345603
09/19/2006,Rathbone Ethical Bond I Inc,0.918674927
09/20/2006,Rathbone Ethical Bond I Inc,0.921033528
09/21/2006,Rathbone Ethical Bond I Inc,0.921623178
09/22/2006,Rathbone Ethical Bond I Inc,0.927912779
09/23/2006,Rathbone Ethical Bond I Inc,0.927912779
09/24/2006,Rathbone Ethical Bond I Inc,0.927912779
09/25/2006,Rathbone Ethical Bond I Inc,0.92909208
09/26/2006,Rathbone Ethical Bond I Inc,0.93105758
09/27/2006,Rathbone Ethical Bond I Inc,0.93007483
09/28/2006,Rathbone Ethical Bond I Inc,0.93066448
09/29/2006,Rathbone Ethical Bond I Inc,0.930566205
09/30/2006,Rathbone Ethical Bond I Inc,0.930566205
10/01/2006,Rathbone Ethical Bond I Inc,0.930566205
10/02/2006,Rathbone Ethical Bond I Inc,0.924866254
10/03/2006,Rathbone Ethical Bond I Inc,0.927617954
10/04/2006,Rathbone Ethical Bond I Inc,0.928109329
10/05/2006,Rathbone Ethical Bond I Inc,0.927912779
10/06/2006,Rathbone Ethical Bond I Inc,0.930369655
10/07/2006,Rathbone Ethical Bond I Inc,0.930369655
10/08/2006,Rathbone Ethical Bond I Inc,0.930369655
10/09/2006,Rathbone Ethical Bond I Inc,0.92869898
10/10/2006,Rathbone Ethical Bond I Inc,0.926831754
10/11/2006,Rathbone Ethical Bond I Inc,0.924374879
10/12/2006,Rathbone Ethical Bond I Inc,0.924473154
10/13/2006,Rathbone Ethical Bond I Inc,0.924571429
10/14/2006,Rathbone Ethical Bond I Inc,0.924571429
10/15/2006,Rathbone Ethical Bond I Inc,0.924571429
10/16/2006,Rathbone Ethical Bond I Inc,0.923490403
10/17/2006,Rathbone Ethical Bond I Inc,0.924374879
10/18/2006,Rathbone Ethical Bond I Inc,0.924866254
10/19/2006,Rathbone Ethical Bond I Inc,0.925062804
10/20/2006,Rathbone Ethical Bond I Inc,0.923981778
10/21/2006,Rathbone Ethical Bond I Inc,0.923981778
10/22/2006,Rathbone Ethical Bond I Inc,0.923981778
10/23/2006,Rathbone Ethical Bond I Inc,0.921819728
10/24/2006,Rathbone Ethical Bond I Inc,0.921819728
10/25/2006,Rathbone Ethical Bond I Inc,0.922507653
10/26/2006,Rathbone Ethical Bond I Inc,0.924767979
10/27/2006,Rathbone Ethical Bond I Inc,0.928011054
10/28/2006,Rathbone Ethical Bond I Inc,0.928011054
10/29/2006,Rathbone Ethical Bond I Inc,0.928011054
10/30/2006,Rathbone Ethical Bond I Inc,0.933121356
10/31/2006,Rathbone Ethical Bond I Inc,0.933121356
11/01/2006,Rathbone Ethical Bond I Inc,0.926340379
11/02/2006,Rathbone Ethical Bond I Inc,0.923883503
11/03/2006,Rathbone Ethical Bond I Inc,0.923686953
11/04/2006,Rathbone Ethical Bond I Inc,0.923686953
11/05/2006,Rathbone Ethical Bond I Inc,0.923686953
11/06/2006,Rathbone Ethical Bond I Inc,0.921721453
11/07/2006,Rathbone Ethical Bond I Inc,0.923097303
11/08/2006,Rathbone Ethical Bond I Inc,0.926045554
11/09/2006,Rathbone Ethical Bond I Inc,0.923588678
11/10/2006,Rathbone Ethical Bond I Inc,0.926045554
11/11/2006,Rathbone Ethical Bond I Inc,0.926045554
11/12/2006,Rathbone Ethical Bond I Inc,0.926045554
11/13/2006,Rathbone Ethical Bond I Inc,0.926831754
11/14/2006,Rathbone Ethical Bond I Inc,0.924866254
11/15/2006,Rathbone Ethical Bond I Inc,0.926340379
11/16/2006,Rathbone Ethical Bond I Inc,0.924276603
11/17/2006,Rathbone Ethical Bond I Inc,0.922507653
11/18/2006,Rathbone Ethical Bond I Inc,0.922507653
11/19/2006,Rathbone Ethical Bond I Inc,0.922507653
11/20/2006,Rathbone Ethical Bond I Inc,0.925259354
11/21/2006,Rathbone Ethical Bond I Inc,0.924767979
11/22/2006,Rathbone Ethical Bond I Inc,0.923883503
11/23/2006,Rathbone Ethical Bond I Inc,0.922900753
11/24/2006,Rathbone Ethical Bond I Inc,0.925357629
11/25/2006,Rathbone Ethical Bond I Inc,0.925357629
11/26/2006,Rathbone Ethical Bond I Inc,0.925357629
11/27/2006,Rathbone Ethical Bond I Inc,0.923883503
11/28/2006,Rathbone Ethical Bond I Inc,0.922605928
11/29/2006,Rathbone Ethical Bond I Inc,0.924473154
11/30/2006,Rathbone Ethical Bond I Inc,0.923981778
12/01/2006,Rathbone Ethical Bond I Inc,0.926143829
12/02/2006,Rathbone Ethical Bond I Inc,0.926143829
12/03/2006,Rathbone Ethical Bond I Inc,0.926143829
12/04/2006,Rathbone Ethical Bond I Inc,0.92869898
12/05/2006,Rathbone Ethical Bond I Inc,0.92869898
12/06/2006,Rathbone Ethical Bond I Inc,0.927716229
12/07/2006,Rathbone Ethical Bond I Inc,0.928207604
12/08/2006,Rathbone Ethical Bond I Inc,0.926340379
12/09/2006,Rathbone Ethical Bond I Inc,0.926340379
12/10/2006,Rathbone Ethical Bond I Inc,0.926340379
12/11/2006,Rathbone Ethical Bond I Inc,0.923981778
12/12/2006,Rathbone Ethical Bond I Inc,0.921819728
12/13/2006,Rathbone Ethical Bond I Inc,0.922114553
12/14/2006,Rathbone Ethical Bond I Inc,0.918969752
12/15/2006,Rathbone Ethical Bond I Inc,0.917102527
12/16/2006,Rathbone Ethical Bond I Inc,0.917102527
12/17/2006,Rathbone Ethical Bond I Inc,0.917102527
12/18/2006,Rathbone Ethical Bond I Inc,0.917593902
12/19/2006,Rathbone Ethical Bond I Inc,0.916218051
12/20/2006,Rathbone Ethical Bond I Inc,0.915235301
12/21/2006,Rathbone Ethical Bond I Inc,0.916414602
12/22/2006,Rathbone Ethical Bond I Inc,0.916021501
12/23/2006,Rathbone Ethical Bond I Inc,0.916021501
12/24/2006,Rathbone Ethical Bond I Inc,0.916021501
12/25/2006,Rathbone Ethical Bond I Inc,0.916021501
12/26/2006,Rathbone Ethical Bond I Inc,0.916021501
12/27/2006,Rathbone Ethical Bond I Inc,0.914449101
12/28/2006,Rathbone Ethical Bond I Inc,0.913171526
12/29/2006,Rathbone Ethical Bond I Inc,0.913761176
12/30/2006,Rathbone Ethical Bond I Inc,0.913761176
12/31/2006,Rathbone Ethical Bond I Inc,0.913761176
01/01/2007,Rathbone Ethical Bond I Inc,0.913761176
01/02/2007,Rathbone Ethical Bond I Inc,0.915628401
01/03/2007,Rathbone Ethical Bond I Inc,0.914645651
01/04/2007,Rathbone Ethical Bond I Inc,0.914056001
01/05/2007,Rathbone Ethical Bond I Inc,0.915923226
01/06/2007,Rathbone Ethical Bond I Inc,0.915923226
01/07/2007,Rathbone Ethical Bond I Inc,0.915923226
01/08/2007,Rathbone Ethical Bond I Inc,0.914449101
01/09/2007,Rathbone Ethical Bond I Inc,0.916119776
01/10/2007,Rathbone Ethical Bond I Inc,0.914547376
01/11/2007,Rathbone Ethical Bond I Inc,0.913269801
01/12/2007,Rathbone Ethical Bond I Inc,0.90953535
01/13/2007,Rathbone Ethical Bond I Inc,0.90953535
01/14/2007,Rathbone Ethical Bond I Inc,0.90953535
01/15/2007,Rathbone Ethical Bond I Inc,0.908650875
01/16/2007,Rathbone Ethical Bond I Inc,0.909043975
01/17/2007,Rathbone Ethical Bond I Inc,0.91032155
01/18/2007,Rathbone Ethical Bond I Inc,0.907766399
01/19/2007,Rathbone Ethical Bond I Inc,0.910616375
01/20/2007,Rathbone Ethical Bond I Inc,0.910616375
01/21/2007,Rathbone Ethical Bond I Inc,0.910616375
01/22/2007,Rathbone Ethical Bond I Inc,0.910419825
01/23/2007,Rathbone Ethical Bond I Inc,0.9116974
01/24/2007,Rathbone Ethical Bond I Inc,0.910616375
01/25/2007,Rathbone Ethical Bond I Inc,0.90835605
01/26/2007,Rathbone Ethical Bond I Inc,0.904425049
01/27/2007,Rathbone Ethical Bond I Inc,0.904425049
01/28/2007,Rathbone Ethical Bond I Inc,0.904425049
01/29/2007,Rathbone Ethical Bond I Inc,0.904031948
01/30/2007,Rathbone Ethical Bond I Inc,0.904326774
01/31/2007,Rathbone Ethical Bond I Inc,0.905407799
02/01/2007,Rathbone Ethical Bond I Inc,0.895187196
02/02/2007,Rathbone Ethical Bond I Inc,0.894106171
02/03/2007,Rathbone Ethical Bond I Inc,0.894106171
02/04/2007,Rathbone Ethical Bond I Inc,0.894106171
02/05/2007,Rathbone Ethical Bond I Inc,0.895482021
02/06/2007,Rathbone Ethical Bond I Inc,0.896268222
02/07/2007,Rathbone Ethical Bond I Inc,0.895875121
02/08/2007,Rathbone Ethical Bond I Inc,0.897250972
02/09/2007,Rathbone Ethical Bond I Inc,0.897742347
02/10/2007,Rathbone Ethical Bond I Inc,0.897742347
02/11/2007,Rathbone Ethical Bond I Inc,0.897742347
02/12/2007,Rathbone Ethical Bond I Inc,0.895088921
02/13/2007,Rathbone Ethical Bond I Inc,0.898037172
02/14/2007,Rathbone Ethical Bond I Inc,0.897152697
02/15/2007,Rathbone Ethical Bond I Inc,0.900887148
02/16/2007,Rathbone Ethical Bond I Inc,0.903835398
02/17/2007,Rathbone Ethical Bond I Inc,0.903835398
02/18/2007,Rathbone Ethical Bond I Inc,0.903835398
02/19/2007,Rathbone Ethical Bond I Inc,0.902164723
02/20/2007,Rathbone Ethical Bond I Inc,0.899413022
02/21/2007,Rathbone Ethical Bond I Inc,0.903049198
02/22/2007,Rathbone Ethical Bond I Inc,0.901476798
02/23/2007,Rathbone Ethical Bond I Inc,0.900985423
02/24/2007,Rathbone Ethical Bond I Inc,0.900985423
02/25/2007,Rathbone Ethical Bond I Inc,0.900985423
02/26/2007,Rathbone Ethical Bond I Inc,0.905997449
02/27/2007,Rathbone Ethical Bond I Inc,0.908061224
02/28/2007,Rathbone Ethical Bond I Inc,0.90874915
03/01/2007,Rathbone Ethical Bond I Inc,0.90874915
03/02/2007,Rathbone Ethical Bond I Inc,0.91032155
03/03/2007,Rathbone Ethical Bond I Inc,0.91032155
03/04/2007,Rathbone Ethical Bond I Inc,0.91032155
03/05/2007,Rathbone Ethical Bond I Inc,0.911992225
03/06/2007,Rathbone Ethical Bond I Inc,0.908847425
03/07/2007,Rathbone Ethical Bond I Inc,0.90914225
03/08/2007,Rathbone Ethical Bond I Inc,0.90874915
03/09/2007,Rathbone Ethical Bond I Inc,0.9093388
03/10/2007,Rathbone Ethical Bond I Inc,0.9093388
03/11/2007,Rathbone Ethical Bond I Inc,0.9093388
03/12/2007,Rathbone Ethical Bond I Inc,0.906685374
03/13/2007,Rathbone Ethical Bond I Inc,0.909240525
03/14/2007,Rathbone Ethical Bond I Inc,0.91071465
03/15/2007,Rathbone Ethical Bond I Inc,0.910026725
03/16/2007,Rathbone Ethical Bond I Inc,0.9085526
03/17/2007,Rathbone Ethical Bond I Inc,0.9085526
03/18/2007,Rathbone Ethical Bond I Inc,0.9085526
03/19/2007,Rathbone Ethical Bond I Inc,0.906292274
03/20/2007,Rathbone Ethical Bond I Inc,0.904818149
03/21/2007,Rathbone Ethical Bond I Inc,0.905997449
03/22/2007,Rathbone Ethical Bond I Inc,0.905407799
03/23/2007,Rathbone Ethical Bond I Inc,0.903638848
03/24/2007,Rathbone Ethical Bond I Inc,0.903638848
03/25/2007,Rathbone Ethical Bond I Inc,0.903638848
03/26/2007,Rathbone Ethical Bond I Inc,0.900494048
03/27/2007,Rathbone Ethical Bond I Inc,0.899707847
03/28/2007,Rathbone Ethical Bond I Inc,0.900199223
03/29/2007,Rathbone Ethical Bond I Inc,0.898331997
03/30/2007,Rathbone Ethical Bond I Inc,0.898528547
03/31/2007,Rathbone Ethical Bond I Inc,0.898528547
04/01/2007,Rathbone Ethical Bond I Inc,0.898528547
04/02/2007,Rathbone Ethical Bond I Inc,0.898135447
04/03/2007,Rathbone Ethical Bond I Inc,0.896661322
04/04/2007,Rathbone Ethical Bond I Inc,0.896169947
04/05/2007,Rathbone Ethical Bond I Inc,0.895187196
04/06/2007,Rathbone Ethical Bond I Inc,0.895187196
04/07/2007,Rathbone Ethical Bond I Inc,0.895187196
04/08/2007,Rathbone Ethical Bond I Inc,0.895187196
04/09/2007,Rathbone Ethical Bond I Inc,0.895187196
04/10/2007,Rathbone Ethical Bond I Inc,0.896071672
04/11/2007,Rathbone Ethical Bond I Inc,0.894892371
04/12/2007,Rathbone Ethical Bond I Inc,0.894892371
04/13/2007,Rathbone Ethical Bond I Inc,0.893713071
04/14/2007,Rathbone Ethical Bond I Inc,0.893713071
04/15/2007,Rathbone Ethical Bond I Inc,0.893713071
04/16/2007,Rathbone Ethical Bond I Inc,0.89174757
04/17/2007,Rathbone Ethical Bond I Inc,0.88938897
04/18/2007,Rathbone Ethical Bond I Inc,0.894204446
04/19/2007,Rathbone Ethical Bond I Inc,0.896759597
04/20/2007,Rathbone Ethical Bond I Inc,0.895088921
04/21/2007,Rathbone Ethical Bond I Inc,0.895088921
04/22/2007,Rathbone Ethical Bond I Inc,0.895088921
04/23/2007,Rathbone Ethical Bond I Inc,0.895776846
04/24/2007,Rathbone Ethical Bond I Inc,0.895776846
04/25/2007,Rathbone Ethical Bond I Inc,0.894499271
04/26/2007,Rathbone Ethical Bond I Inc,0.893811346
04/27/2007,Rathbone Ethical Bond I Inc,0.89155102
04/28/2007,Rathbone Ethical Bond I Inc,0.89155102
04/29/2007,Rathbone Ethical Bond I Inc,0.89155102
04/30/2007,Rathbone Ethical Bond I Inc,0.893909621
05/01/2007,Rathbone Ethical Bond I Inc,0.886833819
05/02/2007,Rathbone Ethical Bond I Inc,0.883001093
05/03/2007,Rathbone Ethical Bond I Inc,0.882804543
05/04/2007,Rathbone Ethical Bond I Inc,0.881526968
05/05/2007,Rathbone Ethical Bond I Inc,0.881526968
05/06/2007,Rathbone Ethical Bond I Inc,0.881526968
05/07/2007,Rathbone Ethical Bond I Inc,0.881526968
05/08/2007,Rathbone Ethical Bond I Inc,0.882509718
05/09/2007,Rathbone Ethical Bond I Inc,0.884082119
05/10/2007,Rathbone Ethical Bond I Inc,0.884475219
05/11/2007,Rathbone Ethical Bond I Inc,0.887325194
05/12/2007,Rathbone Ethical Bond I Inc,0.887325194
05/13/2007,Rathbone Ethical Bond I Inc,0.887325194
05/14/2007,Rathbone Ethical Bond I Inc,0.882116618
05/15/2007,Rathbone Ethical Bond I Inc,0.881526968
05/16/2007,Rathbone Ethical Bond I Inc,0.882706268
05/17/2007,Rathbone Ethical Bond I Inc,0.882411443
05/18/2007,Rathbone Ethical Bond I Inc,0.882411443
05/19/2007,Rathbone Ethical Bond I Inc,0.882411443
05/20/2007,Rathbone Ethical Bond I Inc,0.882411443
05/21/2007,Rathbone Ethical Bond I Inc,0.880839043
05/22/2007,Rathbone Ethical Bond I Inc,0.882313168
05/23/2007,Rathbone Ethical Bond I Inc,0.879463192
05/24/2007,Rathbone Ethical Bond I Inc,0.879659742
05/25/2007,Rathbone Ethical Bond I Inc,0.878382167
05/26/2007,Rathbone Ethical Bond I Inc,0.878382167
05/27/2007,Rathbone Ethical Bond I Inc,0.878382167
05/28/2007,Rathbone Ethical Bond I Inc,0.878382167
05/29/2007,Rathbone Ethical Bond I Inc,0.879758017
05/30/2007,Rathbone Ethical Bond I Inc,0.878971817
05/31/2007,Rathbone Ethical Bond I Inc,0.878283892
06/01/2007,Rathbone Ethical Bond I Inc,0.877399417
06/02/2007,Rathbone Ethical Bond I Inc,0.877399417
06/03/2007,Rathbone Ethical Bond I Inc,0.877399417
06/04/2007,Rathbone Ethical Bond I Inc,0.876318392
06/05/2007,Rathbone Ethical Bond I Inc,0.874745991
06/06/2007,Rathbone Ethical Bond I Inc,0.874844266
06/07/2007,Rathbone Ethical Bond I Inc,0.874156341
06/08/2007,Rathbone Ethical Bond I Inc,0.86845639
06/09/2007,Rathbone Ethical Bond I Inc,0.86845639
06/10/2007,Rathbone Ethical Bond I Inc,0.86845639
06/11/2007,Rathbone Ethical Bond I Inc,0.870127065
06/12/2007,Rathbone Ethical Bond I Inc,0.867965015
06/13/2007,Rathbone Ethical Bond I Inc,0.862756438
06/14/2007,Rathbone Ethical Bond I Inc,0.866687439
06/15/2007,Rathbone Ethical Bond I Inc,0.863149538
06/16/2007,Rathbone Ethical Bond I Inc,0.863149538
06/17/2007,Rathbone Ethical Bond I Inc,0.863149538
06/18/2007,Rathbone Ethical Bond I Inc,0.865409864
06/19/2007,Rathbone Ethical Bond I Inc,0.864034014
06/20/2007,Rathbone Ethical Bond I Inc,0.866687439
06/21/2007,Rathbone Ethical Bond I Inc,0.863444363
06/22/2007,Rathbone Ethical Bond I Inc,0.862265063
06/23/2007,Rathbone Ethical Bond I Inc,0.862265063
06/24/2007,Rathbone Ethical Bond I Inc,0.862265063
06/25/2007,Rathbone Ethical Bond I Inc,0.864034014
06/26/2007,Rathbone Ethical Bond I Inc,0.864328839
06/27/2007,Rathbone Ethical Bond I Inc,0.867375364
06/28/2007,Rathbone Ethical Bond I Inc,0.865508139
06/29/2007,Rathbone Ethical Bond I Inc,0.865606414
06/30/2007,Rathbone Ethical Bond I Inc,0.865606414
07/01/2007,Rathbone Ethical Bond I Inc,0.865606414
07/02/2007,Rathbone Ethical Bond I Inc,0.865508139
07/03/2007,Rathbone Ethical Bond I Inc,0.866097789
07/04/2007,Rathbone Ethical Bond I Inc,0.863149538
07/05/2007,Rathbone Ethical Bond I Inc,0.861970238
07/06/2007,Rathbone Ethical Bond I Inc,0.860889213
07/07/2007,Rathbone Ethical Bond I Inc,0.860889213
07/08/2007,Rathbone Ethical Bond I Inc,0.860889213
07/09/2007,Rathbone Ethical Bond I Inc,0.859611638
07/10/2007,Rathbone Ethical Bond I Inc,0.861478863
07/11/2007,Rathbone Ethical Bond I Inc,0.867178814
07/12/2007,Rathbone Ethical Bond I Inc,0.866392614
07/13/2007,Rathbone Ethical Bond I Inc,0.862658163
07/14/2007,Rathbone Ethical Bond I Inc,0.862658163
07/15/2007,Rathbone Ethical Bond I Inc,0.862658163
07/16/2007,Rathbone Ethical Bond I Inc,0.863051263
07/17/2007,Rathbone Ethical Bond I Inc,0.864525389
07/18/2007,Rathbone Ethical Bond I Inc,0.865409864
07/19/2007,Rathbone Ethical Bond I Inc,0.865901239
07/20/2007,Rathbone Ethical Bond I Inc,0.86845639
07/21/2007,Rathbone Ethical Bond I Inc,0.86845639
07/22/2007,Rathbone Ethical Bond I Inc,0.86845639
07/23/2007,Rathbone Ethical Bond I Inc,0.873370141
07/24/2007,Rathbone Ethical Bond I Inc,0.870520165
07/25/2007,Rathbone Ethical Bond I Inc,0.871502915
07/26/2007,Rathbone Ethical Bond I Inc,0.872387391
07/27/2007,Rathbone Ethical Bond I Inc,0.873861516
07/28/2007,Rathbone Ethical Bond I Inc,0.873861516
07/29/2007,Rathbone Ethical Bond I Inc,0.873861516
07/30/2007,Rathbone Ethical Bond I Inc,0.873468416
07/31/2007,Rathbone Ethical Bond I Inc,0.87022534
08/01/2007,Rathbone Ethical Bond I Inc,0.861184038
08/02/2007,Rathbone Ethical Bond I Inc,0.858923712
08/03/2007,Rathbone Ethical Bond I Inc,0.859415087
08/04/2007,Rathbone Ethical Bond I Inc,0.859415087
08/05/2007,Rathbone Ethical Bond I Inc,0.859415087
08/06/2007,Rathbone Ethical Bond I Inc,0.861478863
08/07/2007,Rathbone Ethical Bond I Inc,0.859021987
08/08/2007,Rathbone Ethical Bond I Inc,0.856761662
08/09/2007,Rathbone Ethical Bond I Inc,0.856958212
08/10/2007,Rathbone Ethical Bond I Inc,0.859218537
08/11/2007,Rathbone Ethical Bond I Inc,0.859218537
08/12/2007,Rathbone Ethical Bond I Inc,0.859218537
08/13/2007,Rathbone Ethical Bond I Inc,0.858235787
08/14/2007,Rathbone Ethical Bond I Inc,0.858825437
08/15/2007,Rathbone Ethical Bond I Inc,0.862166788
08/16/2007,Rathbone Ethical Bond I Inc,0.865115039
08/17/2007,Rathbone Ethical Bond I Inc,0.866294339
08/18/2007,Rathbone Ethical Bond I Inc,0.866294339
08/19/2007,Rathbone Ethical Bond I Inc,0.866294339
08/20/2007,Rathbone Ethical Bond I Inc,0.863739189
08/21/2007,Rathbone Ethical Bond I Inc,0.868358115
08/22/2007,Rathbone Ethical Bond I Inc,0.863247813
08/23/2007,Rathbone Ethical Bond I Inc,0.860299563
08/24/2007,Rathbone Ethical Bond I Inc,0.862756438
08/25/2007,Rathbone Ethical Bond I Inc,0.862756438
08/26/2007,Rathbone Ethical Bond I Inc,0.862756438
08/27/2007,Rathbone Ethical Bond I Inc,0.862756438
08/28/2007,Rathbone Ethical Bond I Inc,0.862559888
08/29/2007,Rathbone Ethical Bond I Inc,0.864623664
08/30/2007,Rathbone Ethical Bond I Inc,0.862756438
08/31/2007,Rathbone Ethical Bond I Inc,0.858039237
09/01/2007,Rathbone Ethical Bond I Inc,0.858039237
09/02/2007,Rathbone Ethical Bond I Inc,0.858039237
09/03/2007,Rathbone Ethical Bond I Inc,0.858628887
09/04/2007,Rathbone Ethical Bond I Inc,0.859709913
09/05/2007,Rathbone Ethical Bond I Inc,0.855484086
09/06/2007,Rathbone Ethical Bond I Inc,0.855877187
09/07/2007,Rathbone Ethical Bond I Inc,0.855778912
09/08/2007,Rathbone Ethical Bond I Inc,0.855778912
09/09/2007,Rathbone Ethical Bond I Inc,0.855778912
09/10/2007,Rathbone Ethical Bond I Inc,0.858039237
09/11/2007,Rathbone Ethical Bond I Inc,0.858628887
09/12/2007,Rathbone Ethical Bond I Inc,0.857744412
09/13/2007,Rathbone Ethical Bond I Inc,0.856073737
09/14/2007,Rathbone Ethical Bond I Inc,0.856466837
09/15/2007,Rathbone Ethical Bond I Inc,0.856466837
09/16/2007,Rathbone Ethical Bond I Inc,0.856466837
09/17/2007,Rathbone Ethical Bond I Inc,0.858334062
09/18/2007,Rathbone Ethical Bond I Inc,0.852535836
09/19/2007,Rathbone Ethical Bond I Inc,0.850963435
09/20/2007,Rathbone Ethical Bond I Inc,0.852241011
09/21/2007,Rathbone Ethical Bond I Inc,0.85027551
09/22/2007,Rathbone Ethical Bond I Inc,0.85027551
09/23/2007,Rathbone Ethical Bond I Inc,0.85027551
09/24/2007,Rathbone Ethical Bond I Inc,0.849587585
09/25/2007,Rathbone Ethical Bond I Inc,0.853616861
09/26/2007,Rathbone Ethical Bond I Inc,0.854599611
09/27/2007,Rathbone Ethical Bond I Inc,0.855189261
09/28/2007,Rathbone Ethical Bond I Inc,0.856368562
09/29/2007,Rathbone Ethical Bond I Inc,0.856368562
09/30/2007,Rathbone Ethical Bond I Inc,0.856368562
10/01/2007,Rathbone Ethical Bond I Inc,0.855877187
10/02/2007,Rathbone Ethical Bond I Inc,0.855189261
10/03/2007,Rathbone Ethical Bond I Inc,0.856172012
10/04/2007,Rathbone Ethical Bond I Inc,0.857449587
10/05/2007,Rathbone Ethical Bond I Inc,0.859415087
10/06/2007,Rathbone Ethical Bond I Inc,0.859415087
10/07/2007,Rathbone Ethical Bond I Inc,0.859415087
10/08/2007,Rathbone Ethical Bond I Inc,0.861085763
10/09/2007,Rathbone Ethical Bond I Inc,0.863444363
10/10/2007,Rathbone Ethical Bond I Inc,0.863542638
10/11/2007,Rathbone Ethical Bond I Inc,0.862166788
10/12/2007,Rathbone Ethical Bond I Inc,0.859808188
10/13/2007,Rathbone Ethical Bond I Inc,0.859808188
10/14/2007,Rathbone Ethical Bond I Inc,0.859808188
10/15/2007,Rathbone Ethical Bond I Inc,0.859906463
10/16/2007,Rathbone Ethical Bond I Inc,0.859021987
10/17/2007,Rathbone Ethical Bond I Inc,0.859218537
10/18/2007,Rathbone Ethical Bond I Inc,0.861380588
10/19/2007,Rathbone Ethical Bond I Inc,0.863542638
10/20/2007,Rathbone Ethical Bond I Inc,0.863542638
10/21/2007,Rathbone Ethical Bond I Inc,0.863542638
10/22/2007,Rathbone Ethical Bond I Inc,0.867571914
10/23/2007,Rathbone Ethical Bond I Inc,0.864721939
10/24/2007,Rathbone Ethical Bond I Inc,0.866196064
10/25/2007,Rathbone Ethical Bond I Inc,0.867277089
10/26/2007,Rathbone Ethical Bond I Inc,0.867178814
10/27/2007,Rathbone Ethical Bond I Inc,0.867178814
10/28/2007,Rathbone Ethical Bond I Inc,0.867178814
10/29/2007,Rathbone Ethical Bond I Inc,0.865606414
10/30/2007,Rathbone Ethical Bond I Inc,0.865508139
10/31/2007,Rathbone Ethical Bond I Inc,0.862166788
11/01/2007,Rathbone Ethical Bond I Inc,0.84752381
11/02/2007,Rathbone Ethical Bond I Inc,0.85086516
11/03/2007,Rathbone Ethical Bond I Inc,0.85086516
11/04/2007,Rathbone Ethical Bond I Inc,0.85086516
11/05/2007,Rathbone Ethical Bond I Inc,0.852732386
11/06/2007,Rathbone Ethical Bond I Inc,0.849980685
11/07/2007,Rathbone Ethical Bond I Inc,0.852830661
11/08/2007,Rathbone Ethical Bond I Inc,0.851946186
11/09/2007,Rathbone Ethical Bond I Inc,0.854796161
11/10/2007,Rathbone Ethical Bond I Inc,0.854796161
11/11/2007,Rathbone Ethical Bond I Inc,0.854796161
11/12/2007,Rathbone Ethical Bond I Inc,0.854108236
11/13/2007,Rathbone Ethical Bond I Inc,0.853420311
11/14/2007,Rathbone Ethical Bond I Inc,0.852535836
11/15/2007,Rathbone Ethical Bond I Inc,0.854108236
11/16/2007,Rathbone Ethical Bond I Inc,0.857056487
11/17/2007,Rathbone Ethical Bond I Inc,0.857056487
11/18/2007,Rathbone Ethical Bond I Inc,0.857056487
11/19/2007,Rathbone Ethical Bond I Inc,0.856172012
11/20/2007,Rathbone Ethical Bond I Inc,0.856172012
11/21/2007,Rathbone Ethical Bond I Inc,0.856270287
11/22/2007,Rathbone Ethical Bond I Inc,0.856761662
11/23/2007,Rathbone Ethical Bond I Inc,0.856368562
11/24/2007,Rathbone Ethical Bond I Inc,0.856368562
11/25/2007,Rathbone Ethical Bond I Inc,0.856368562
11/26/2007,Rathbone Ethical Bond I Inc,0.854796161
11/27/2007,Rathbone Ethical Bond I Inc,0.855582362
11/28/2007,Rathbone Ethical Bond I Inc,0.850177235
11/29/2007,Rathbone Ethical Bond I Inc,0.850177235
11/30/2007,Rathbone Ethical Bond I Inc,0.851749636
12/01/2007,Rathbone Ethical Bond I Inc,0.851749636
12/02/2007,Rathbone Ethical Bond I Inc,0.851749636
12/03/2007,Rathbone Ethical Bond I Inc,0.851749636
12/04/2007,Rathbone Ethical Bond I Inc,0.852830661
12/05/2007,Rathbone Ethical Bond I Inc,0.856958212
12/06/2007,Rathbone Ethical Bond I Inc,0.856172012
12/07/2007,Rathbone Ethical Bond I Inc,0.852044461
12/08/2007,Rathbone Ethical Bond I Inc,0.852044461
12/09/2007,Rathbone Ethical Bond I Inc,0.852044461
12/10/2007,Rathbone Ethical Bond I Inc,0.848801385
12/11/2007,Rathbone Ethical Bond I Inc,0.846934159
12/12/2007,Rathbone Ethical Bond I Inc,0.845656584
12/13/2007,Rathbone Ethical Bond I Inc,0.844870384
12/14/2007,Rathbone Ethical Bond I Inc,0.844772109
12/15/2007,Rathbone Ethical Bond I Inc,0.844772109
12/16/2007,Rathbone Ethical Bond I Inc,0.844772109
12/17/2007,Rathbone Ethical Bond I Inc,0.844477284
12/18/2007,Rathbone Ethical Bond I Inc,0.846344509
12/19/2007,Rathbone Ethical Bond I Inc,0.850373785
12/20/2007,Rathbone Ethical Bond I Inc,0.851946186
12/21/2007,Rathbone Ethical Bond I Inc,0.853322036
12/22/2007,Rathbone Ethical Bond I Inc,0.853322036
12/23/2007,Rathbone Ethical Bond I Inc,0.853322036
12/24/2007,Rathbone Ethical Bond I Inc,0.854304786
12/25/2007,Rathbone Ethical Bond I Inc,0.854304786
12/26/2007,Rathbone Ethical Bond I Inc,0.854304786
12/27/2007,Rathbone Ethical Bond I Inc,0.851749636
12/28/2007,Rathbone Ethical Bond I Inc,0.855090986
12/29/2007,Rathbone Ethical Bond I Inc,0.855090986
12/30/2007,Rathbone Ethical Bond I Inc,0.855090986
12/31/2007,Rathbone Ethical Bond I Inc,0.858334062
01/01/2008,Rathbone Ethical Bond I Inc,0.858334062
01/02/2008,Rathbone Ethical Bond I Inc,0.859415087
01/03/2008,Rathbone Ethical Bond I Inc,0.865115039
01/04/2008,Rathbone Ethical Bond I Inc,0.864525389
01/05/2008,Rathbone Ethical Bond I Inc,0.864525389
01/06/2008,Rathbone Ethical Bond I Inc,0.864525389
01/07/2008,Rathbone Ethical Bond I Inc,0.865901239
01/08/2008,Rathbone Ethical Bond I Inc,0.864427114
01/09/2008,Rathbone Ethical Bond I Inc,0.865213314
01/10/2008,Rathbone Ethical Bond I Inc,0.864918489
01/11/2008,Rathbone Ethical Bond I Inc,0.862854713
01/12/2008,Rathbone Ethical Bond I Inc,0.862854713
01/13/2008,Rathbone Ethical Bond I Inc,0.862854713
01/14/2008,Rathbone Ethical Bond I Inc,0.863935739
01/15/2008,Rathbone Ethical Bond I Inc,0.863837464
01/16/2008,Rathbone Ethical Bond I Inc,0.866196064
01/17/2008,Rathbone Ethical Bond I Inc,0.862756438
01/18/2008,Rathbone Ethical Bond I Inc,0.862068513
01/19/2008,Rathbone Ethical Bond I Inc,0.862068513
01/20/2008,Rathbone Ethical Bond I Inc,0.862068513
01/21/2008,Rathbone Ethical Bond I Inc,0.863346088
01/22/2008,Rathbone Ethical Bond I Inc,0.861675413
01/23/2008,Rathbone Ethical Bond I Inc,0.855778912
01/24/2008,Rathbone Ethical Bond I Inc,0.851749636
01/25/2008,Rathbone Ethical Bond I Inc,0.85047206
01/26/2008,Rathbone Ethical Bond I Inc,0.85047206
01/27/2008,Rathbone Ethical Bond I Inc,0.85047206
01/28/2008,Rathbone Ethical Bond I Inc,0.852241011
01/29/2008,Rathbone Ethical Bond I Inc,0.848801385
01/30/2008,Rathbone Ethical Bond I Inc,0.844575559
01/31/2008,Rathbone Ethical Bond I Inc,0.850373785
02/01/2008,Rathbone Ethical Bond I Inc,0.837892857
02/02/2008,Rathbone Ethical Bond I Inc,0.837892857
02/03/2008,Rathbone Ethical Bond I Inc,0.837892857
02/04/2008,Rathbone Ethical Bond I Inc,0.837794582
02/05/2008,Rathbone Ethical Bond I Inc,0.837204932
02/06/2008,Rathbone Ethical Bond I Inc,0.838384232
02/07/2008,Rathbone Ethical Bond I Inc,0.839268707
02/08/2008,Rathbone Ethical Bond I Inc,0.837106657
02/09/2008,Rathbone Ethical Bond I Inc,0.837106657
02/10/2008,Rathbone Ethical Bond I Inc,0.837106657
02/11/2008,Rathbone Ethical Bond I Inc,0.834551506
02/12/2008,Rathbone Ethical Bond I Inc,0.83032568
02/13/2008,Rathbone Ethical Bond I Inc,0.825018829
02/14/2008,Rathbone Ethical Bond I Inc,0.824527454
02/15/2008,Rathbone Ethical Bond I Inc,0.824527454
02/16/2008,Rathbone Ethical Bond I Inc,0.824527454
02/17/2008,Rathbone Ethical Bond I Inc,0.824527454
02/18/2008,Rathbone Ethical Bond I Inc,0.824036079
02/19/2008,Rathbone Ethical Bond I Inc,0.823151603
02/20/2008,Rathbone Ethical Bond I Inc,0.819711978
02/21/2008,Rathbone Ethical Bond I Inc,0.813324101
02/22/2008,Rathbone Ethical Bond I Inc,0.815289602
02/23/2008,Rathbone Ethical Bond I Inc,0.815289602
02/24/2008,Rathbone Ethical Bond I Inc,0.815289602
02/25/2008,Rathbone Ethical Bond I Inc,0.813422376
02/26/2008,Rathbone Ethical Bond I Inc,0.812537901
02/27/2008,Rathbone Ethical Bond I Inc,0.811948251
02/28/2008,Rathbone Ethical Bond I Inc,0.813225826
02/29/2008,Rathbone Ethical Bond I Inc,0.819711978
03/01/2008,Rathbone Ethical Bond I Inc,0.819711978
03/02/2008,Rathbone Ethical Bond I Inc,0.819711978
03/03/2008,Rathbone Ethical Bond I Inc,0.823839529
03/04/2008,Rathbone Ethical Bond I Inc,0.823642979
03/05/2008,Rathbone Ethical Bond I Inc,0.822758503
03/06/2008,Rathbone Ethical Bond I Inc,0.821972303
03/07/2008,Rathbone Ethical Bond I Inc,0.823151603
03/08/2008,Rathbone Ethical Bond I Inc,0.823151603
03/09/2008,Rathbone Ethical Bond I Inc,0.823151603
03/10/2008,Rathbone Ethical Bond I Inc,0.822463678
03/11/2008,Rathbone Ethical Bond I Inc,0.822561953
03/12/2008,Rathbone Ethical Bond I Inc,0.819515428
03/13/2008,Rathbone Ethical Bond I Inc,0.817943027
03/14/2008,Rathbone Ethical Bond I Inc,0.814994776
03/15/2008,Rathbone Ethical Bond I Inc,0.814994776
03/16/2008,Rathbone Ethical Bond I Inc,0.814994776
03/17/2008,Rathbone Ethical Bond I Inc,0.813520651
03/18/2008,Rathbone Ethical Bond I Inc,0.813127551
03/19/2008,Rathbone Ethical Bond I Inc,0.811162051
03/20/2008,Rathbone Ethical Bond I Inc,0.800548348
03/21/2008,Rathbone Ethical Bond I Inc,0.800548348
03/22/2008,Rathbone Ethical Bond I Inc,0.800548348
03/23/2008,Rathbone Ethical Bond I Inc,0.800548348
03/24/2008,Rathbone Ethical Bond I Inc,0.800548348
03/25/2008,Rathbone Ethical Bond I Inc,0.797206997
03/26/2008,Rathbone Ethical Bond I Inc,0.797108722
03/27/2008,Rathbone Ethical Bond I Inc,0.794357021
03/28/2008,Rathbone Ethical Bond I Inc,0.807329325
03/29/2008,Rathbone Ethical Bond I Inc,0.807329325
03/30/2008,Rathbone Ethical Bond I Inc,0.807329325
03/31/2008,Rathbone Ethical Bond I Inc,0.810867225
04/01/2008,Rathbone Ethical Bond I Inc,0.80958965
04/02/2008,Rathbone Ethical Bond I Inc,0.808115525
04/03/2008,Rathbone Ethical Bond I Inc,0.810277575
04/04/2008,Rathbone Ethical Bond I Inc,0.804282799
04/05/2008,Rathbone Ethical Bond I Inc,0.804282799
04/06/2008,Rathbone Ethical Bond I Inc,0.804282799
04/07/2008,Rathbone Ethical Bond I Inc,0.805167274
04/08/2008,Rathbone Ethical Bond I Inc,0.805855199
04/09/2008,Rathbone Ethical Bond I Inc,0.804872449
04/10/2008,Rathbone Ethical Bond I Inc,0.80801725
04/11/2008,Rathbone Ethical Bond I Inc,0.807722425
04/12/2008,Rathbone Ethical Bond I Inc,0.807722425
04/13/2008,Rathbone Ethical Bond I Inc,0.807722425
04/14/2008,Rathbone Ethical Bond I Inc,0.809294825
04/15/2008,Rathbone Ethical Bond I Inc,0.810081025
04/16/2008,Rathbone Ethical Bond I Inc,0.80723105
04/17/2008,Rathbone Ethical Bond I Inc,0.803300049
04/18/2008,Rathbone Ethical Bond I Inc,0.799860423
04/19/2008,Rathbone Ethical Bond I Inc,0.799860423
04/20/2008,Rathbone Ethical Bond I Inc,0.799860423
04/21/2008,Rathbone Ethical Bond I Inc,0.802120748
04/22/2008,Rathbone Ethical Bond I Inc,0.802317298
04/23/2008,Rathbone Ethical Bond I Inc,0.806248299
04/24/2008,Rathbone Ethical Bond I Inc,0.805068999
04/25/2008,Rathbone Ethical Bond I Inc,0.800646623
04/26/2008,Rathbone Ethical Bond I Inc,0.800646623
04/27/2008,Rathbone Ethical Bond I Inc,0.800646623
04/28/2008,Rathbone Ethical Bond I Inc,0.804282799
04/29/2008,Rathbone Ethical Bond I Inc,0.8078207
04/30/2008,Rathbone Ethical Bond I Inc,0.81076895
05/01/2008,Rathbone Ethical Bond I Inc,0.806444849
05/02/2008,Rathbone Ethical Bond I Inc,0.809294825
05/03/2008,Rathbone Ethical Bond I Inc,0.809294825
05/04/2008,Rathbone Ethical Bond I Inc,0.809294825
05/05/2008,Rathbone Ethical Bond I Inc,0.809294825
05/06/2008,Rathbone Ethical Bond I Inc,0.809
05/07/2008,Rathbone Ethical Bond I Inc,0.8097862
05/08/2008,Rathbone Ethical Bond I Inc,0.811358601
05/09/2008,Rathbone Ethical Bond I Inc,0.816567177
05/10/2008,Rathbone Ethical Bond I Inc,0.816567177
05/11/2008,Rathbone Ethical Bond I Inc,0.816567177
05/12/2008,Rathbone Ethical Bond I Inc,0.814601676
05/13/2008,Rathbone Ethical Bond I Inc,0.814110301
05/14/2008,Rathbone Ethical Bond I Inc,0.804577624
05/15/2008,Rathbone Ethical Bond I Inc,0.801727648
05/16/2008,Rathbone Ethical Bond I Inc,0.802120748
05/17/2008,Rathbone Ethical Bond I Inc,0.802120748
05/18/2008,Rathbone Ethical Bond I Inc,0.802120748
05/19/2008,Rathbone Ethical Bond I Inc,0.801825923
05/20/2008,Rathbone Ethical Bond I Inc,0.800253523
05/21/2008,Rathbone Ethical Bond I Inc,0.801531098
05/22/2008,Rathbone Ethical Bond I Inc,0.797010447
05/23/2008,Rathbone Ethical Bond I Inc,0.795143222
05/24/2008,Rathbone Ethical Bond I Inc,0.795143222
05/25/2008,Rathbone Ethical Bond I Inc,0.795143222
05/26/2008,Rathbone Ethical Bond I Inc,0.795143222
05/27/2008,Rathbone Ethical Bond I Inc,0.795339772
05/28/2008,Rathbone Ethical Bond I Inc,0.795339772
05/29/2008,Rathbone Ethical Bond I Inc,0.793374271
05/30/2008,Rathbone Ethical Bond I Inc,0.793472546
05/31/2008,Rathbone Ethical Bond I Inc,0.793472546
06/01/2008,Rathbone Ethical Bond I Inc,0.793472546
06/02/2008,Rathbone Ethical Bond I Inc,0.794455296
06/03/2008,Rathbone Ethical Bond I Inc,0.795536322
06/04/2008,Rathbone Ethical Bond I Inc,0.794848396
06/05/2008,Rathbone Ethical Bond I Inc,0.794848396
06/06/2008,Rathbone Ethical Bond I Inc,0.79081912
06/07/2008,Rathbone Ethical Bond I Inc,0.79081912
06/08/2008,Rathbone Ethical Bond I Inc,0.79081912
06/09/2008,Rathbone Ethical Bond I Inc,0.79022947
06/10/2008,Rathbone Ethical Bond I Inc,0.785217444
06/11/2008,Rathbone Ethical Bond I Inc,0.785413994
06/12/2008,Rathbone Ethical Bond I Inc,0.784332969
06/13/2008,Rathbone Ethical Bond I Inc,0.781777818
06/14/2008,Rathbone Ethical Bond I Inc,0.781777818
06/15/2008,Rathbone Ethical Bond I Inc,0.781777818
06/16/2008,Rathbone Ethical Bond I Inc,0.781089893
06/17/2008,Rathbone Ethical Bond I Inc,0.782858844
06/18/2008,Rathbone Ethical Bond I Inc,0.782760569
06/19/2008,Rathbone Ethical Bond I Inc,0.781581268
06/20/2008,Rathbone Ethical Bond I Inc,0.779714043
06/21/2008,Rathbone Ethical Bond I Inc,0.779714043
06/22/2008,Rathbone Ethical Bond I Inc,0.779714043
06/23/2008,Rathbone Ethical Bond I Inc,0.782858844
06/24/2008,Rathbone Ethical Bond I Inc,0.782170918
06/25/2008,Rathbone Ethical Bond I Inc,0.782662293
06/26/2008,Rathbone Ethical Bond I Inc,0.783743319
06/27/2008,Rathbone Ethical Bond I Inc,0.787182945
06/28/2008,Rathbone Ethical Bond I Inc,0.787182945
06/29/2008,Rathbone Ethical Bond I Inc,0.787182945
06/30/2008,Rathbone Ethical Bond I Inc,0.785708819
07/01/2008,Rathbone Ethical Bond I Inc,0.783055394
07/02/2008,Rathbone Ethical Bond I Inc,0.781089893
07/03/2008,Rathbone Ethical Bond I Inc,0.781876093
07/04/2008,Rathbone Ethical Bond I Inc,0.785905369
07/05/2008,Rathbone Ethical Bond I Inc,0.785905369
07/06/2008,Rathbone Ethical Bond I Inc,0.785905369
07/07/2008,Rathbone Ethical Bond I Inc,0.787772595
07/08/2008,Rathbone Ethical Bond I Inc,0.78787087
07/09/2008,Rathbone Ethical Bond I Inc,0.78728122
07/10/2008,Rathbone Ethical Bond I Inc,0.788165695
07/11/2008,Rathbone Ethical Bond I Inc,0.788165695
07/12/2008,Rathbone Ethical Bond I Inc,0.788165695
07/13/2008,Rathbone Ethical Bond I Inc,0.788165695
07/14/2008,Rathbone Ethical Bond I Inc,0.786495019
07/15/2008,Rathbone Ethical Bond I Inc,0.786986395
07/16/2008,Rathbone Ethical Bond I Inc,0.786298469
07/17/2008,Rathbone Ethical Bond I Inc,0.784234694
07/18/2008,Rathbone Ethical Bond I Inc,0.783153669
07/19/2008,Rathbone Ethical Bond I Inc,0.783153669
07/20/2008,Rathbone Ethical Bond I Inc,0.783153669
07/21/2008,Rathbone Ethical Bond I Inc,0.779517493
07/22/2008,Rathbone Ethical Bond I Inc,0.777945092
07/23/2008,Rathbone Ethical Bond I Inc,0.776962342
07/24/2008,Rathbone Ethical Bond I Inc,0.777453717
07/25/2008,Rathbone Ethical Bond I Inc,0.781482993
07/26/2008,Rathbone Ethical Bond I Inc,0.781482993
07/27/2008,Rathbone Ethical Bond I Inc,0.781482993
07/28/2008,Rathbone Ethical Bond I Inc,0.780303693
07/29/2008,Rathbone Ethical Bond I Inc,0.781679543
07/30/2008,Rathbone Ethical Bond I Inc,0.783546769
07/31/2008,Rathbone Ethical Bond I Inc,0.785020894
08/01/2008,Rathbone Ethical Bond I Inc,0.774702017
08/02/2008,Rathbone Ethical Bond I Inc,0.774702017
08/03/2008,Rathbone Ethical Bond I Inc,0.774702017
08/04/2008,Rathbone Ethical Bond I Inc,0.775488217
08/05/2008,Rathbone Ethical Bond I Inc,0.776765792
08/06/2008,Rathbone Ethical Bond I Inc,0.778338192
08/07/2008,Rathbone Ethical Bond I Inc,0.778338192
08/08/2008,Rathbone Ethical Bond I Inc,0.780107143
08/09/2008,Rathbone Ethical Bond I Inc,0.780107143
08/10/2008,Rathbone Ethical Bond I Inc,0.780107143
08/11/2008,Rathbone Ethical Bond I Inc,0.779910593
08/12/2008,Rathbone Ethical Bond I Inc,0.780500243
08/13/2008,Rathbone Ethical Bond I Inc,0.783939869
08/14/2008,Rathbone Ethical Bond I Inc,0.783251944
08/15/2008,Rathbone Ethical Bond I Inc,0.781777818
08/16/2008,Rathbone Ethical Bond I Inc,0.781777818
08/17/2008,Rathbone Ethical Bond I Inc,0.781777818
08/18/2008,Rathbone Ethical Bond I Inc,0.784332969
08/19/2008,Rathbone Ethical Bond I Inc,0.784234694
08/20/2008,Rathbone Ethical Bond I Inc,0.785413994
08/21/2008,Rathbone Ethical Bond I Inc,0.785217444
08/22/2008,Rathbone Ethical Bond I Inc,0.783546769
08/23/2008,Rathbone Ethical Bond I Inc,0.783546769
08/24/2008,Rathbone Ethical Bond I Inc,0.783546769
08/25/2008,Rathbone Ethical Bond I Inc,0.783546769
08/26/2008,Rathbone Ethical Bond I Inc,0.784332969
08/27/2008,Rathbone Ethical Bond I Inc,0.785315719
08/28/2008,Rathbone Ethical Bond I Inc,0.785413994
08/29/2008,Rathbone Ethical Bond I Inc,0.786101919
08/30/2008,Rathbone Ethical Bond I Inc,0.786101919
08/31/2008,Rathbone Ethical Bond I Inc,0.786101919
09/01/2008,Rathbone Ethical Bond I Inc,0.785708819
09/02/2008,Rathbone Ethical Bond I Inc,0.785119169
09/03/2008,Rathbone Ethical Bond I Inc,0.784824344
09/04/2008,Rathbone Ethical Bond I Inc,0.783645044
09/05/2008,Rathbone Ethical Bond I Inc,0.785413994
09/06/2008,Rathbone Ethical Bond I Inc,0.785413994
09/07/2008,Rathbone Ethical Bond I Inc,0.785413994
09/08/2008,Rathbone Ethical Bond I Inc,0.783153669
09/09/2008,Rathbone Ethical Bond I Inc,0.780696793
09/10/2008,Rathbone Ethical Bond I Inc,0.782269193
09/11/2008,Rathbone Ethical Bond I Inc,0.781089893
09/12/2008,Rathbone Ethical Bond I Inc,0.778043367
09/13/2008,Rathbone Ethical Bond I Inc,0.778043367
09/14/2008,Rathbone Ethical Bond I Inc,0.778043367
09/15/2008,Rathbone Ethical Bond I Inc,0.775783042
09/16/2008,Rathbone Ethical Bond I Inc,0.773326166
09/17/2008,Rathbone Ethical Bond I Inc,0.76792104
09/18/2008,Rathbone Ethical Bond I Inc,0.766053814
09/19/2008,Rathbone Ethical Bond I Inc,0.759371113
09/20/2008,Rathbone Ethical Bond I Inc,0.759371113
09/21/2008,Rathbone Ethical Bond I Inc,0.759371113
09/22/2008,Rathbone Ethical Bond I Inc,0.754555637
09/23/2008,Rathbone Ethical Bond I Inc,0.751017736
09/24/2008,Rathbone Ethical Bond I Inc,0.738241983
09/25/2008,Rathbone Ethical Bond I Inc,0.733623056
09/26/2008,Rathbone Ethical Bond I Inc,0.742959184
09/27/2008,Rathbone Ethical Bond I Inc,0.742959184
09/28/2008,Rathbone Ethical Bond I Inc,0.742959184
09/29/2008,Rathbone Ethical Bond I Inc,0.732542031
09/30/2008,Rathbone Ethical Bond I Inc,0.743450559
10/01/2008,Rathbone Ethical Bond I Inc,0.737947157
10/02/2008,Rathbone Ethical Bond I Inc,0.738438533
10/03/2008,Rathbone Ethical Bond I Inc,0.724778304
10/04/2008,Rathbone Ethical Bond I Inc,0.724778304
10/05/2008,Rathbone Ethical Bond I Inc,0.724778304
10/06/2008,Rathbone Ethical Bond I Inc,0.719766278
10/07/2008,Rathbone Ethical Bond I Inc,0.718095603
10/08/2008,Rathbone Ethical Bond I Inc,0.718783528
10/09/2008,Rathbone Ethical Bond I Inc,0.711904276
10/10/2008,Rathbone Ethical Bond I Inc,0.704533649
10/11/2008,Rathbone Ethical Bond I Inc,0.704533649
10/12/2008,Rathbone Ethical Bond I Inc,0.704533649
10/13/2008,Rathbone Ethical Bond I Inc,0.696475097
10/14/2008,Rathbone Ethical Bond I Inc,0.692249271
10/15/2008,Rathbone Ethical Bond I Inc,0.689792396
10/16/2008,Rathbone Ethical Bond I Inc,0.687433795
10/17/2008,Rathbone Ethical Bond I Inc,0.681144193
10/18/2008,Rathbone Ethical Bond I Inc,0.681144193
10/19/2008,Rathbone Ethical Bond I Inc,0.681144193
10/20/2008,Rathbone Ethical Bond I Inc,0.682225219
10/21/2008,Rathbone Ethical Bond I Inc,0.681144193
10/22/2008,Rathbone Ethical Bond I Inc,0.683797619
10/23/2008,Rathbone Ethical Bond I Inc,0.684387269
10/24/2008,Rathbone Ethical Bond I Inc,0.68890792
10/25/2008,Rathbone Ethical Bond I Inc,0.68890792
10/26/2008,Rathbone Ethical Bond I Inc,0.68890792
10/27/2008,Rathbone Ethical Bond I Inc,0.689792396
10/28/2008,Rathbone Ethical Bond I Inc,0.702862974
10/29/2008,Rathbone Ethical Bond I Inc,0.702371599
10/30/2008,Rathbone Ethical Bond I Inc,0.698145773
10/31/2008,Rathbone Ethical Bond I Inc,0.699128523
11/01/2008,Rathbone Ethical Bond I Inc,0.699128523
11/02/2008,Rathbone Ethical Bond I Inc,0.699128523
11/03/2008,Rathbone Ethical Bond I Inc,0.686451045
11/04/2008,Rathbone Ethical Bond I Inc,0.684092444
11/05/2008,Rathbone Ethical Bond I Inc,0.66659949
11/06/2008,Rathbone Ethical Bond I Inc,0.668466715
11/07/2008,Rathbone Ethical Bond I Inc,0.670137391
11/08/2008,Rathbone Ethical Bond I Inc,0.670137391
11/09/2008,Rathbone Ethical Bond I Inc,0.670137391
11/10/2008,Rathbone Ethical Bond I Inc,0.669547741
11/11/2008,Rathbone Ethical Bond I Inc,0.66699259
11/12/2008,Rathbone Ethical Bond I Inc,0.669842566
11/13/2008,Rathbone Ethical Bond I Inc,0.670923591
11/14/2008,Rathbone Ethical Bond I Inc,0.671906341
11/15/2008,Rathbone Ethical Bond I Inc,0.671906341
11/16/2008,Rathbone Ethical Bond I Inc,0.671906341
11/17/2008,Rathbone Ethical Bond I Inc,0.670039116
11/18/2008,Rathbone Ethical Bond I Inc,0.669252915
11/19/2008,Rathbone Ethical Bond I Inc,0.669547741
11/20/2008,Rathbone Ethical Bond I Inc,0.66915464
11/21/2008,Rathbone Ethical Bond I Inc,0.68910447
11/22/2008,Rathbone Ethical Bond I Inc,0.68910447
11/23/2008,Rathbone Ethical Bond I Inc,0.68910447
11/24/2008,Rathbone Ethical Bond I Inc,0.68930102
11/25/2008,Rathbone Ethical Bond I Inc,0.687630345
11/26/2008,Rathbone Ethical Bond I Inc,0.687040695
11/27/2008,Rathbone Ethical Bond I Inc,0.686254495
11/28/2008,Rathbone Ethical Bond I Inc,0.68733552
11/29/2008,Rathbone Ethical Bond I Inc,0.68733552
11/30/2008,Rathbone Ethical Bond I Inc,0.68733552
12/01/2008,Rathbone Ethical Bond I Inc,0.68792517
12/02/2008,Rathbone Ethical Bond I Inc,0.669449465
12/03/2008,Rathbone Ethical Bond I Inc,0.690775146
12/04/2008,Rathbone Ethical Bond I Inc,0.691168246
12/05/2008,Rathbone Ethical Bond I Inc,0.670923591
12/06/2008,Rathbone Ethical Bond I Inc,0.670923591
12/07/2008,Rathbone Ethical Bond I Inc,0.670923591
12/08/2008,Rathbone Ethical Bond I Inc,0.667483965
12/09/2008,Rathbone Ethical Bond I Inc,0.664830539
12/10/2008,Rathbone Ethical Bond I Inc,0.662275389
12/11/2008,Rathbone Ethical Bond I Inc,0.682913144
12/12/2008,Rathbone Ethical Bond I Inc,0.68753207
12/13/2008,Rathbone Ethical Bond I Inc,0.68753207
12/14/2008,Rathbone Ethical Bond I Inc,0.68753207
12/15/2008,Rathbone Ethical Bond I Inc,0.686844145
12/16/2008,Rathbone Ethical Bond I Inc,0.687433795
12/17/2008,Rathbone Ethical Bond I Inc,0.679768343
12/18/2008,Rathbone Ethical Bond I Inc,0.690382046
12/19/2008,Rathbone Ethical Bond I Inc,0.68792517
12/20/2008,Rathbone Ethical Bond I Inc,0.68792517
12/21/2008,Rathbone Ethical Bond I Inc,0.68792517
12/22/2008,Rathbone Ethical Bond I Inc,0.688023445
12/23/2008,Rathbone Ethical Bond I Inc,0.694706147
12/24/2008,Rathbone Ethical Bond I Inc,0.679866618
12/25/2008,Rathbone Ethical Bond I Inc,0.679866618
12/26/2008,Rathbone Ethical Bond I Inc,0.679866618
12/27/2008,Rathbone Ethical Bond I Inc,0.679866618
12/28/2008,Rathbone Ethical Bond I Inc,0.679866618
12/29/2008,Rathbone Ethical Bond I Inc,0.671906341
12/30/2008,Rathbone Ethical Bond I Inc,0.673085641
12/31/2008,Rathbone Ethical Bond I Inc,0.674166667
01/01/2009,Rathbone Ethical Bond I Inc,0.674166667
01/02/2009,Rathbone Ethical Bond I Inc,0.681733844
01/03/2009,Rathbone Ethical Bond I Inc,0.681733844
01/04/2009,Rathbone Ethical Bond I Inc,0.681733844
01/05/2009,Rathbone Ethical Bond I Inc,0.700012998
01/06/2009,Rathbone Ethical Bond I Inc,0.699914723
01/07/2009,Rathbone Ethical Bond I Inc,0.699325073
01/08/2009,Rathbone Ethical Bond I Inc,0.699816448
01/09/2009,Rathbone Ethical Bond I Inc,0.692740646
01/10/2009,Rathbone Ethical Bond I Inc,0.692740646
01/11/2009,Rathbone Ethical Bond I Inc,0.692740646
01/12/2009,Rathbone Ethical Bond I Inc,0.700700923
01/13/2009,Rathbone Ethical Bond I Inc,0.700209548
01/14/2009,Rathbone Ethical Bond I Inc,0.696081997
01/15/2009,Rathbone Ethical Bond I Inc,0.696868197
01/16/2009,Rathbone Ethical Bond I Inc,0.696966472
01/17/2009,Rathbone Ethical Bond I Inc,0.696966472
01/18/2009,Rathbone Ethical Bond I Inc,0.696966472
01/19/2009,Rathbone Ethical Bond I Inc,0.695295797
01/20/2009,Rathbone Ethical Bond I Inc,0.68713897
01/21/2009,Rathbone Ethical Bond I Inc,0.683502794
01/22/2009,Rathbone Ethical Bond I Inc,0.678883868
01/23/2009,Rathbone Ethical Bond I Inc,0.673773567
01/24/2009,Rathbone Ethical Bond I Inc,0.673773567
01/25/2009,Rathbone Ethical Bond I Inc,0.673773567
01/26/2009,Rathbone Ethical Bond I Inc,0.673183916
01/27/2009,Rathbone Ethical Bond I Inc,0.672495991
01/28/2009,Rathbone Ethical Bond I Inc,0.671218416
01/29/2009,Rathbone Ethical Bond I Inc,0.671120141
01/30/2009,Rathbone Ethical Bond I Inc,0.66561674
01/31/2009,Rathbone Ethical Bond I Inc,0.66561674
02/01/2009,Rathbone Ethical Bond I Inc,0.66561674
02/02/2009,Rathbone Ethical Bond I Inc,0.653922012
02/03/2009,Rathbone Ethical Bond I Inc,0.654511662
02/04/2009,Rathbone Ethical Bond I Inc,0.653135811
02/05/2009,Rathbone Ethical Bond I Inc,0.652840986
02/06/2009,Rathbone Ethical Bond I Inc,0.649794461
02/07/2009,Rathbone Ethical Bond I Inc,0.649794461
02/08/2009,Rathbone Ethical Bond I Inc,0.649794461
02/09/2009,Rathbone Ethical Bond I Inc,0.649106535
02/10/2009,Rathbone Ethical Bond I Inc,0.649303086
02/11/2009,Rathbone Ethical Bond I Inc,0.653922012
02/12/2009,Rathbone Ethical Bond I Inc,0.660408163
02/13/2009,Rathbone Ethical Bond I Inc,0.658835763
02/14/2009,Rathbone Ethical Bond I Inc,0.658835763
02/15/2009,Rathbone Ethical Bond I Inc,0.658835763
02/16/2009,Rathbone Ethical Bond I Inc,0.658049563
02/17/2009,Rathbone Ethical Bond I Inc,0.657558188
02/18/2009,Rathbone Ethical Bond I Inc,0.655985787
02/19/2009,Rathbone Ethical Bond I Inc,0.656084062
02/20/2009,Rathbone Ethical Bond I Inc,0.654216837
02/21/2009,Rathbone Ethical Bond I Inc,0.654216837
02/22/2009,Rathbone Ethical Bond I Inc,0.654216837
02/23/2009,Rathbone Ethical Bond I Inc,0.649892736
02/24/2009,Rathbone Ethical Bond I Inc,0.649401361
02/25/2009,Rathbone Ethical Bond I Inc,0.650384111
02/26/2009,Rathbone Ethical Bond I Inc,0.635348032
02/27/2009,Rathbone Ethical Bond I Inc,0.634168732
02/28/2009,Rathbone Ethical Bond I Inc,0.634168732
03/01/2009,Rathbone Ethical Bond I Inc,0.634168732
03/02/2009,Rathbone Ethical Bond I Inc,0.638984208
03/03/2009,Rathbone Ethical Bond I Inc,0.632596331
03/04/2009,Rathbone Ethical Bond I Inc,0.632498056
03/05/2009,Rathbone Ethical Bond I Inc,0.628173955
03/06/2009,Rathbone Ethical Bond I Inc,0.636134232
03/07/2009,Rathbone Ethical Bond I Inc,0.636134232
03/08/2009,Rathbone Ethical Bond I Inc,0.636134232
03/09/2009,Rathbone Ethical Bond I Inc,0.637116983
03/10/2009,Rathbone Ethical Bond I Inc,0.642718659
03/11/2009,Rathbone Ethical Bond I Inc,0.642030734
03/12/2009,Rathbone Ethical Bond I Inc,0.631515306
03/13/2009,Rathbone Ethical Bond I Inc,0.629451531
03/14/2009,Rathbone Ethical Bond I Inc,0.629451531
03/15/2009,Rathbone Ethical Bond I Inc,0.629451531
03/16/2009,Rathbone Ethical Bond I Inc,0.62807568
03/17/2009,Rathbone Ethical Bond I Inc,0.623063654
03/18/2009,Rathbone Ethical Bond I Inc,0.599870748
03/19/2009,Rathbone Ethical Bond I Inc,0.602032799
03/20/2009,Rathbone Ethical Bond I Inc,0.600656948
03/21/2009,Rathbone Ethical Bond I Inc,0.600656948
03/22/2009,Rathbone Ethical Bond I Inc,0.600656948
03/23/2009,Rathbone Ethical Bond I Inc,0.598101798
03/24/2009,Rathbone Ethical Bond I Inc,0.592500121
03/25/2009,Rathbone Ethical Bond I Inc,0.587291545
03/26/2009,Rathbone Ethical Bond I Inc,0.586112245
03/27/2009,Rathbone Ethical Bond I Inc,0.584539845
03/28/2009,Rathbone Ethical Bond I Inc,0.584539845
03/29/2009,Rathbone Ethical Bond I Inc,0.584539845
03/30/2009,Rathbone Ethical Bond I Inc,0.58522777
03/31/2009,Rathbone Ethical Bond I Inc,0.588470845
04/01/2009,Rathbone Ethical Bond I Inc,0.589158771
04/02/2009,Rathbone Ethical Bond I Inc,0.591124271
04/03/2009,Rathbone Ethical Bond I Inc,0.587684645
04/04/2009,Rathbone Ethical Bond I Inc,0.587684645
04/05/2009,Rathbone Ethical Bond I Inc,0.587684645
04/06/2009,Rathbone Ethical Bond I Inc,0.58719327
04/07/2009,Rathbone Ethical Bond I Inc,0.586701895
04/08/2009,Rathbone Ethical Bond I Inc,0.621196429
04/09/2009,Rathbone Ethical Bond I Inc,0.620115403
04/10/2009,Rathbone Ethical Bond I Inc,0.620115403
04/11/2009,Rathbone Ethical Bond I Inc,0.620115403
04/12/2009,Rathbone Ethical Bond I Inc,0.620115403
04/13/2009,Rathbone Ethical Bond I Inc,0.620115403
04/14/2009,Rathbone Ethical Bond I Inc,0.624144679
04/15/2009,Rathbone Ethical Bond I Inc,0.625225705
04/16/2009,Rathbone Ethical Bond I Inc,0.62630673
04/17/2009,Rathbone Ethical Bond I Inc,0.631023931
04/18/2009,Rathbone Ethical Bond I Inc,0.631023931
04/19/2009,Rathbone Ethical Bond I Inc,0.631023931
04/20/2009,Rathbone Ethical Bond I Inc,0.629156706
04/21/2009,Rathbone Ethical Bond I Inc,0.630729106
04/22/2009,Rathbone Ethical Bond I Inc,0.629058431
04/23/2009,Rathbone Ethical Bond I Inc,0.626601555
04/24/2009,Rathbone Ethical Bond I Inc,0.628763605
04/25/2009,Rathbone Ethical Bond I Inc,0.628763605
04/26/2009,Rathbone Ethical Bond I Inc,0.628763605
04/27/2009,Rathbone Ethical Bond I Inc,0.629746356
04/28/2009,Rathbone Ethical Bond I Inc,0.630925656
04/29/2009,Rathbone Ethical Bond I Inc,0.637018707
04/30/2009,Rathbone Ethical Bond I Inc,0.636232507
05/01/2009,Rathbone Ethical Bond I Inc,0.628370505
05/02/2009,Rathbone Ethical Bond I Inc,0.628370505
05/03/2009,Rathbone Ethical Bond I Inc,0.628370505
05/04/2009,Rathbone Ethical Bond I Inc,0.628370505
05/05/2009,Rathbone Ethical Bond I Inc,0.62827223
05/06/2009,Rathbone Ethical Bond I Inc,0.626011905
05/07/2009,Rathbone Ethical Bond I Inc,0.625029155
05/08/2009,Rathbone Ethical Bond I Inc,0.625029155
05/09/2009,Rathbone Ethical Bond I Inc,0.625029155
05/10/2009,Rathbone Ethical Bond I Inc,0.625029155
05/11/2009,Rathbone Ethical Bond I Inc,0.625815355
05/12/2009,Rathbone Ethical Bond I Inc,0.627780855
05/13/2009,Rathbone Ethical Bond I Inc,0.629254981
05/14/2009,Rathbone Ethical Bond I Inc,0.603703474
05/15/2009,Rathbone Ethical Bond I Inc,0.604882775
05/16/2009,Rathbone Ethical Bond I Inc,0.604882775
05/17/2009,Rathbone Ethical Bond I Inc,0.604882775
05/18/2009,Rathbone Ethical Bond I Inc,0.604391399
05/19/2009,Rathbone Ethical Bond I Inc,0.613629252
05/20/2009,Rathbone Ethical Bond I Inc,0.622080904
05/21/2009,Rathbone Ethical Bond I Inc,0.622375729
05/22/2009,Rathbone Ethical Bond I Inc,0.623653304
05/23/2009,Rathbone Ethical Bond I Inc,0.623653304
05/24/2009,Rathbone Ethical Bond I Inc,0.623653304
05/25/2009,Rathbone Ethical Bond I Inc,0.623653304
05/26/2009,Rathbone Ethical Bond I Inc,0.623456754
05/27/2009,Rathbone Ethical Bond I Inc,0.623260204
05/28/2009,Rathbone Ethical Bond I Inc,0.623260204
05/29/2009,Rathbone Ethical Bond I Inc,0.652644436
05/30/2009,Rathbone Ethical Bond I Inc,0.652644436
05/31/2009,Rathbone Ethical Bond I Inc,0.652644436
06/01/2009,Rathbone Ethical Bond I Inc,0.654020287
06/02/2009,Rathbone Ethical Bond I Inc,0.64881171
06/03/2009,Rathbone Ethical Bond I Inc,0.649892736
06/04/2009,Rathbone Ethical Bond I Inc,0.651563411
06/05/2009,Rathbone Ethical Bond I Inc,0.650973761
06/06/2009,Rathbone Ethical Bond I Inc,0.650973761
06/07/2009,Rathbone Ethical Bond I Inc,0.650973761
06/08/2009,Rathbone Ethical Bond I Inc,0.650973761
06/09/2009,Rathbone Ethical Bond I Inc,0.654609937
06/10/2009,Rathbone Ethical Bond I Inc,0.652349611
06/11/2009,Rathbone Ethical Bond I Inc,0.651759961
06/12/2009,Rathbone Ethical Bond I Inc,0.652939261
06/13/2009,Rathbone Ethical Bond I Inc,0.652939261
06/14/2009,Rathbone Ethical Bond I Inc,0.652939261
06/15/2009,Rathbone Ethical Bond I Inc,0.654413387
06/16/2009,Rathbone Ethical Bond I Inc,0.659916788
06/17/2009,Rathbone Ethical Bond I Inc,0.660113338
06/18/2009,Rathbone Ethical Bond I Inc,0.662766764
06/19/2009,Rathbone Ethical Bond I Inc,0.663552964
06/20/2009,Rathbone Ethical Bond I Inc,0.663552964
06/21/2009,Rathbone Ethical Bond I Inc,0.663552964
06/22/2009,Rathbone Ethical Bond I Inc,0.665321914
06/23/2009,Rathbone Ethical Bond I Inc,0.665911565
06/24/2009,Rathbone Ethical Bond I Inc,0.670137391
06/25/2009,Rathbone Ethical Bond I Inc,0.669449465
06/26/2009,Rathbone Ethical Bond I Inc,0.671906341
06/27/2009,Rathbone Ethical Bond I Inc,0.671906341
06/28/2009,Rathbone Ethical Bond I Inc,0.671906341
06/29/2009,Rathbone Ethical Bond I Inc,0.674166667
06/30/2009,Rathbone Ethical Bond I Inc,0.677409742
07/01/2009,Rathbone Ethical Bond I Inc,0.677901118
07/02/2009,Rathbone Ethical Bond I Inc,0.676426992
07/03/2009,Rathbone Ethical Bond I Inc,0.677409742
07/04/2009,Rathbone Ethical Bond I Inc,0.677409742
07/05/2009,Rathbone Ethical Bond I Inc,0.677409742
07/06/2009,Rathbone Ethical Bond I Inc,0.680161443
07/07/2009,Rathbone Ethical Bond I Inc,0.678392493
07/08/2009,Rathbone Ethical Bond I Inc,0.679276968
07/09/2009,Rathbone Ethical Bond I Inc,0.678687318
07/10/2009,Rathbone Ethical Bond I Inc,0.677901118
07/11/2009,Rathbone Ethical Bond I Inc,0.677901118
07/12/2009,Rathbone Ethical Bond I Inc,0.677901118
07/13/2009,Rathbone Ethical Bond I Inc,0.680554543
07/14/2009,Rathbone Ethical Bond I Inc,0.680947643
07/15/2009,Rathbone Ethical Bond I Inc,0.681144193
07/16/2009,Rathbone Ethical Bond I Inc,0.683502794
07/17/2009,Rathbone Ethical Bond I Inc,0.684780369
07/18/2009,Rathbone Ethical Bond I Inc,0.684780369
07/19/2009,Rathbone Ethical Bond I Inc,0.684780369
07/20/2009,Rathbone Ethical Bond I Inc,0.685861395
07/21/2009,Rathbone Ethical Bond I Inc,0.690578596
07/22/2009,Rathbone Ethical Bond I Inc,0.691463071
07/23/2009,Rathbone Ethical Bond I Inc,0.695492347
07/24/2009,Rathbone Ethical Bond I Inc,0.696376822
07/25/2009,Rathbone Ethical Bond I Inc,0.696376822
07/26/2009,Rathbone Ethical Bond I Inc,0.696376822
07/27/2009,Rathbone Ethical Bond I Inc,0.700504373
07/28/2009,Rathbone Ethical Bond I Inc,0.704337099
07/29/2009,Rathbone Ethical Bond I Inc,0.705811224
07/30/2009,Rathbone Ethical Bond I Inc,0.7066957
07/31/2009,Rathbone Ethical Bond I Inc,0.711904276
08/01/2009,Rathbone Ethical Bond I Inc,0.711904276
08/02/2009,Rathbone Ethical Bond I Inc,0.711904276
08/03/2009,Rathbone Ethical Bond I Inc,0.705811224
08/04/2009,Rathbone Ethical Bond I Inc,0.70767845
08/05/2009,Rathbone Ethical Bond I Inc,0.708562925
08/06/2009,Rathbone Ethical Bond I Inc,0.712297376
08/07/2009,Rathbone Ethical Bond I Inc,0.722714529
08/08/2009,Rathbone Ethical Bond I Inc,0.722714529
08/09/2009,Rathbone Ethical Bond I Inc,0.722714529
08/10/2009,Rathbone Ethical Bond I Inc,0.723795554
08/11/2009,Rathbone Ethical Bond I Inc,0.691659621
08/12/2009,Rathbone Ethical Bond I Inc,0.693035471
08/13/2009,Rathbone Ethical Bond I Inc,0.693625121
08/14/2009,Rathbone Ethical Bond I Inc,0.695787172
08/15/2009,Rathbone Ethical Bond I Inc,0.695787172
08/16/2009,Rathbone Ethical Bond I Inc,0.695787172
08/17/2009,Rathbone Ethical Bond I Inc,0.698244048
08/18/2009,Rathbone Ethical Bond I Inc,0.697064747
08/19/2009,Rathbone Ethical Bond I Inc,0.699619898
08/20/2009,Rathbone Ethical Bond I Inc,0.701290573
08/21/2009,Rathbone Ethical Bond I Inc,0.701487123
08/22/2009,Rathbone Ethical Bond I Inc,0.701487123
08/23/2009,Rathbone Ethical Bond I Inc,0.701487123
08/24/2009,Rathbone Ethical Bond I Inc,0.701880224
08/25/2009,Rathbone Ethical Bond I Inc,0.703256074
08/26/2009,Rathbone Ethical Bond I Inc,0.705025024
08/27/2009,Rathbone Ethical Bond I Inc,0.705221574
08/28/2009,Rathbone Ethical Bond I Inc,0.705811224
08/29/2009,Rathbone Ethical Bond I Inc,0.705811224
08/30/2009,Rathbone Ethical Bond I Inc,0.705811224
08/31/2009,Rathbone Ethical Bond I Inc,0.705811224
09/01/2009,Rathbone Ethical Bond I Inc,0.707383625
09/02/2009,Rathbone Ethical Bond I Inc,0.70649915
09/03/2009,Rathbone Ethical Bond I Inc,0.70885775
09/04/2009,Rathbone Ethical Bond I Inc,0.7059095
09/05/2009,Rathbone Ethical Bond I Inc,0.7059095
09/06/2009,Rathbone Ethical Bond I Inc,0.7059095
09/07/2009,Rathbone Ethical Bond I Inc,0.7074819
09/08/2009,Rathbone Ethical Bond I Inc,0.709152575
09/09/2009,Rathbone Ethical Bond I Inc,0.710823251
09/10/2009,Rathbone Ethical Bond I Inc,0.708759475
09/11/2009,Rathbone Ethical Bond I Inc,0.743254009
09/12/2009,Rathbone Ethical Bond I Inc,0.743254009
09/13/2009,Rathbone Ethical Bond I Inc,0.743254009
09/14/2009,Rathbone Ethical Bond I Inc,0.744040209
09/15/2009,Rathbone Ethical Bond I Inc,0.745514334
09/16/2009,Rathbone Ethical Bond I Inc,0.749838435
09/17/2009,Rathbone Ethical Bond I Inc,0.751607386
09/18/2009,Rathbone Ethical Bond I Inc,0.755734937
09/19/2009,Rathbone Ethical Bond I Inc,0.755734937
09/20/2009,Rathbone Ethical Bond I Inc,0.755734937
09/21/2009,Rathbone Ethical Bond I Inc,0.758584913
09/22/2009,Rathbone Ethical Bond I Inc,0.759469388
09/23/2009,Rathbone Ethical Bond I Inc,0.762515914
09/24/2009,Rathbone Ethical Bond I Inc,0.766545189
09/25/2009,Rathbone Ethical Bond I Inc,0.76890379
09/26/2009,Rathbone Ethical Bond I Inc,0.76890379
09/27/2009,Rathbone Ethical Bond I Inc,0.76890379
09/28/2009,Rathbone Ethical Bond I Inc,0.76693829
09/29/2009,Rathbone Ethical Bond I Inc,0.76890379
09/30/2009,Rathbone Ethical Bond I Inc,0.769591715
10/01/2009,Rathbone Ethical Bond I Inc,0.76910034
10/02/2009,Rathbone Ethical Bond I Inc,0.76929689
10/03/2009,Rathbone Ethical Bond I Inc,0.76929689
10/04/2009,Rathbone Ethical Bond I Inc,0.76929689
10/05/2009,Rathbone Ethical Bond I Inc,0.76910034
10/06/2009,Rathbone Ethical Bond I Inc,0.771557216
10/07/2009,Rathbone Ethical Bond I Inc,0.772048591
10/08/2009,Rathbone Ethical Bond I Inc,0.777355442
10/09/2009,Rathbone Ethical Bond I Inc,0.780696793
10/10/2009,Rathbone Ethical Bond I Inc,0.780696793
10/11/2009,Rathbone Ethical Bond I Inc,0.780696793
10/12/2009,Rathbone Ethical Bond I Inc,0.781384718
10/13/2009,Rathbone Ethical Bond I Inc,0.781384718
10/14/2009,Rathbone Ethical Bond I Inc,0.780696793
10/15/2009,Rathbone Ethical Bond I Inc,0.780696793
10/16/2009,Rathbone Ethical Bond I Inc,0.781384718
10/17/2009,Rathbone Ethical Bond I Inc,0.781384718
10/18/2009,Rathbone Ethical Bond I Inc,0.781384718
10/19/2009,Rathbone Ethical Bond I Inc,0.783743319
10/20/2009,Rathbone Ethical Bond I Inc,0.783743319
10/21/2009,Rathbone Ethical Bond I Inc,0.783448494
10/22/2009,Rathbone Ethical Bond I Inc,0.780696793
10/23/2009,Rathbone Ethical Bond I Inc,0.780991618
10/24/2009,Rathbone Ethical Bond I Inc,0.780991618
10/25/2009,Rathbone Ethical Bond I Inc,0.780991618
10/26/2009,Rathbone Ethical Bond I Inc,0.780795068
10/27/2009,Rathbone Ethical Bond I Inc,0.781777818
10/28/2009,Rathbone Ethical Bond I Inc,0.782760569
10/29/2009,Rathbone Ethical Bond I Inc,0.782170918
10/30/2009,Rathbone Ethical Bond I Inc,0.780205418
10/31/2009,Rathbone Ethical Bond I Inc,0.780205418
11/01/2009,Rathbone Ethical Bond I Inc,0.780205418
11/02/2009,Rathbone Ethical Bond I Inc,0.771164116
11/03/2009,Rathbone Ethical Bond I Inc,0.771557216
11/04/2009,Rathbone Ethical Bond I Inc,0.770574465
11/05/2009,Rathbone Ethical Bond I Inc,0.769591715
11/06/2009,Rathbone Ethical Bond I Inc,0.76831414
11/07/2009,Rathbone Ethical Bond I Inc,0.76831414
11/08/2009,Rathbone Ethical Bond I Inc,0.76831414
11/09/2009,Rathbone Ethical Bond I Inc,0.768608965
11/10/2009,Rathbone Ethical Bond I Inc,0.76910034
11/11/2009,Rathbone Ethical Bond I Inc,0.770377915
11/12/2009,Rathbone Ethical Bond I Inc,0.770771016
11/13/2009,Rathbone Ethical Bond I Inc,0.770672741
11/14/2009,Rathbone Ethical Bond I Inc,0.770672741
11/15/2009,Rathbone Ethical Bond I Inc,0.770672741
11/16/2009,Rathbone Ethical Bond I Inc,0.772441691
11/17/2009,Rathbone Ethical Bond I Inc,0.773031341
11/18/2009,Rathbone Ethical Bond I Inc,0.773915816
11/19/2009,Rathbone Ethical Bond I Inc,0.775783042
11/20/2009,Rathbone Ethical Bond I Inc,0.777650267
11/21/2009,Rathbone Ethical Bond I Inc,0.777650267
11/22/2009,Rathbone Ethical Bond I Inc,0.777650267
11/23/2009,Rathbone Ethical Bond I Inc,0.778927843
11/24/2009,Rathbone Ethical Bond I Inc,0.779026118
11/25/2009,Rathbone Ethical Bond I Inc,0.779517493
11/26/2009,Rathbone Ethical Bond I Inc,0.779320943
11/27/2009,Rathbone Ethical Bond I Inc,0.778731293
11/28/2009,Rathbone Ethical Bond I Inc,0.778731293
11/29/2009,Rathbone Ethical Bond I Inc,0.778731293
11/30/2009,Rathbone Ethical Bond I Inc,0.779124393
12/01/2009,Rathbone Ethical Bond I Inc,0.778829568
12/02/2009,Rathbone Ethical Bond I Inc,0.776667517
12/03/2009,Rathbone Ethical Bond I Inc,0.775979592
12/04/2009,Rathbone Ethical Bond I Inc,0.776372692
12/05/2009,Rathbone Ethical Bond I Inc,0.776372692
12/06/2009,Rathbone Ethical Bond I Inc,0.776372692
12/07/2009,Rathbone Ethical Bond I Inc,0.774996842
12/08/2009,Rathbone Ethical Bond I Inc,0.778338192
12/09/2009,Rathbone Ethical Bond I Inc,0.777650267
12/10/2009,Rathbone Ethical Bond I Inc,0.775291667
12/11/2009,Rathbone Ethical Bond I Inc,0.775488217
12/12/2009,Rathbone Ethical Bond I Inc,0.775488217
12/13/2009,Rathbone Ethical Bond I Inc,0.775488217
12/14/2009,Rathbone Ethical Bond I Inc,0.775979592
12/15/2009,Rathbone Ethical Bond I Inc,0.776274417
12/16/2009,Rathbone Ethical Bond I Inc,0.775193392
12/17/2009,Rathbone Ethical Bond I Inc,0.776176142
12/18/2009,Rathbone Ethical Bond I Inc,0.778141642
12/19/2009,Rathbone Ethical Bond I Inc,0.778141642
12/20/2009,Rathbone Ethical Bond I Inc,0.778141642
12/21/2009,Rathbone Ethical Bond I Inc,0.760550413
12/22/2009,Rathbone Ethical Bond I Inc,0.759076288
12/23/2009,Rathbone Ethical Bond I Inc,0.758093537
12/24/2009,Rathbone Ethical Bond I Inc,0.755145287
12/25/2009,Rathbone Ethical Bond I Inc,0.755145287
12/26/2009,Rathbone Ethical Bond I Inc,0.755145287
12/27/2009,Rathbone Ethical Bond I Inc,0.755145287
12/28/2009,Rathbone Ethical Bond I Inc,0.755145287
12/29/2009,Rathbone Ethical Bond I Inc,0.758584913
12/30/2009,Rathbone Ethical Bond I Inc,0.758290087
12/31/2009,Rathbone Ethical Bond I Inc,0.756324587
01/01/2010,Rathbone Ethical Bond I Inc,0.756324587
01/02/2010,Rathbone Ethical Bond I Inc,0.756324587
01/03/2010,Rathbone Ethical Bond I Inc,0.756324587
01/04/2010,Rathbone Ethical Bond I Inc,0.759862488
01/05/2010,Rathbone Ethical Bond I Inc,0.763203839
01/06/2010,Rathbone Ethical Bond I Inc,0.765758989
01/07/2010,Rathbone Ethical Bond I Inc,0.785905369
01/08/2010,Rathbone Ethical Bond I Inc,0.78924672
01/09/2010,Rathbone Ethical Bond I Inc,0.78924672
01/10/2010,Rathbone Ethical Bond I Inc,0.78924672
01/11/2010,Rathbone Ethical Bond I Inc,0.791998421
01/12/2010,Rathbone Ethical Bond I Inc,0.799762148
01/13/2010,Rathbone Ethical Bond I Inc,0.800548348
01/14/2010,Rathbone Ethical Bond I Inc,0.801039723
01/15/2010,Rathbone Ethical Bond I Inc,0.801924198
01/16/2010,Rathbone Ethical Bond I Inc,0.801924198
01/17/2010,Rathbone Ethical Bond I Inc,0.801924198
01/18/2010,Rathbone Ethical Bond I Inc,0.802513848
01/19/2010,Rathbone Ethical Bond I Inc,0.800548348
01/20/2010,Rathbone Ethical Bond I Inc,0.799958698
01/21/2010,Rathbone Ethical Bond I Inc,0.800744898
01/22/2010,Rathbone Ethical Bond I Inc,0.802906948
01/23/2010,Rathbone Ethical Bond I Inc,0.802906948
01/24/2010,Rathbone Ethical Bond I Inc,0.802906948
01/25/2010,Rathbone Ethical Bond I Inc,0.801825923
01/26/2010,Rathbone Ethical Bond I Inc,0.802513848
01/27/2010,Rathbone Ethical Bond I Inc,0.801531098
01/28/2010,Rathbone Ethical Bond I Inc,0.801137998
01/29/2010,Rathbone Ethical Bond I Inc,0.800941448
01/30/2010,Rathbone Ethical Bond I Inc,0.800941448
01/31/2010,Rathbone Ethical Bond I Inc,0.800941448
02/01/2010,Rathbone Ethical Bond I Inc,0.79062257
02/02/2010,Rathbone Ethical Bond I Inc,0.79003292
02/03/2010,Rathbone Ethical Bond I Inc,0.78924672
02/04/2010,Rathbone Ethical Bond I Inc,0.78924672
02/05/2010,Rathbone Ethical Bond I Inc,0.788755345
02/06/2010,Rathbone Ethical Bond I Inc,0.788755345
02/07/2010,Rathbone Ethical Bond I Inc,0.788755345
02/08/2010,Rathbone Ethical Bond I Inc,0.78865707
02/09/2010,Rathbone Ethical Bond I Inc,0.78708467
02/10/2010,Rathbone Ethical Bond I Inc,0.789148445
02/11/2010,Rathbone Ethical Bond I Inc,0.785020894
02/12/2010,Rathbone Ethical Bond I Inc,0.785413994
02/13/2010,Rathbone Ethical Bond I Inc,0.785413994
02/14/2010,Rathbone Ethical Bond I Inc,0.785413994
02/15/2010,Rathbone Ethical Bond I Inc,0.783055394
02/16/2010,Rathbone Ethical Bond I Inc,0.782957119
02/17/2010,Rathbone Ethical Bond I Inc,0.782072643
02/18/2010,Rathbone Ethical Bond I Inc,0.781581268
02/19/2010,Rathbone Ethical Bond I Inc,0.780107143
02/20/2010,Rathbone Ethical Bond I Inc,0.780107143
02/21/2010,Rathbone Ethical Bond I Inc,0.780107143
02/22/2010,Rathbone Ethical Bond I Inc,0.780991618
02/23/2010,Rathbone Ethical Bond I Inc,0.782858844
02/24/2010,Rathbone Ethical Bond I Inc,0.782760569
02/25/2010,Rathbone Ethical Bond I Inc,0.783939869
02/26/2010,Rathbone Ethical Bond I Inc,0.783841594
02/27/2010,Rathbone Ethical Bond I Inc,0.783841594
02/28/2010,Rathbone Ethical Bond I Inc,0.783841594
03/01/2010,Rathbone Ethical Bond I Inc,0.785315719
03/02/2010,Rathbone Ethical Bond I Inc,0.785413994
03/03/2010,Rathbone Ethical Bond I Inc,0.786003644
03/04/2010,Rathbone Ethical Bond I Inc,0.786003644
03/05/2010,Rathbone Ethical Bond I Inc,0.787969145
03/06/2010,Rathbone Ethical Bond I Inc,0.787969145
03/07/2010,Rathbone Ethical Bond I Inc,0.787969145
03/08/2010,Rathbone Ethical Bond I Inc,0.78905017
03/09/2010,Rathbone Ethical Bond I Inc,0.79003292
03/10/2010,Rathbone Ethical Bond I Inc,0.792784621
03/11/2010,Rathbone Ethical Bond I Inc,0.775193392
03/12/2010,Rathbone Ethical Bond I Inc,0.775979592
03/13/2010,Rathbone Ethical Bond I Inc,0.775979592
03/14/2010,Rathbone Ethical Bond I Inc,0.775979592
03/15/2010,Rathbone Ethical Bond I Inc,0.778141642
03/16/2010,Rathbone Ethical Bond I Inc,0.777748542
03/17/2010,Rathbone Ethical Bond I Inc,0.780008868
03/18/2010,Rathbone Ethical Bond I Inc,0.781974368
03/19/2010,Rathbone Ethical Bond I Inc,0.783645044
03/20/2010,Rathbone Ethical Bond I Inc,0.783645044
03/21/2010,Rathbone Ethical Bond I Inc,0.783645044
03/22/2010,Rathbone Ethical Bond I Inc,0.785020894
03/23/2010,Rathbone Ethical Bond I Inc,0.785610544
03/24/2010,Rathbone Ethical Bond I Inc,0.786986395
03/25/2010,Rathbone Ethical Bond I Inc,0.78708467
03/26/2010,Rathbone Ethical Bond I Inc,0.788558795
03/27/2010,Rathbone Ethical Bond I Inc,0.788558795
03/28/2010,Rathbone Ethical Bond I Inc,0.788558795
03/29/2010,Rathbone Ethical Bond I Inc,0.79022947
03/30/2010,Rathbone Ethical Bond I Inc,0.791507046
03/31/2010,Rathbone Ethical Bond I Inc,0.792588071
04/01/2010,Rathbone Ethical Bond I Inc,0.796125972
04/02/2010,Rathbone Ethical Bond I Inc,0.796125972
04/03/2010,Rathbone Ethical Bond I Inc,0.796125972
04/04/2010,Rathbone Ethical Bond I Inc,0.796125972
04/05/2010,Rathbone Ethical Bond I Inc,0.796125972
04/06/2010,Rathbone Ethical Bond I Inc,0.795732872
04/07/2010,Rathbone Ethical Bond I Inc,0.796224247
04/08/2010,Rathbone Ethical Bond I Inc,0.796715622
04/09/2010,Rathbone Ethical Bond I Inc,0.798091472
04/10/2010,Rathbone Ethical Bond I Inc,0.798091472
04/11/2010,Rathbone Ethical Bond I Inc,0.798091472
04/12/2010,Rathbone Ethical Bond I Inc,0.797698372
04/13/2010,Rathbone Ethical Bond I Inc,0.798779397
04/14/2010,Rathbone Ethical Bond I Inc,0.801629373
04/15/2010,Rathbone Ethical Bond I Inc,0.802808673
04/16/2010,Rathbone Ethical Bond I Inc,0.805167274
04/17/2010,Rathbone Ethical Bond I Inc,0.805167274
04/18/2010,Rathbone Ethical Bond I Inc,0.805167274
04/19/2010,Rathbone Ethical Bond I Inc,0.8078207
04/20/2010,Rathbone Ethical Bond I Inc,0.80762415
04/21/2010,Rathbone Ethical Bond I Inc,0.809294825
04/22/2010,Rathbone Ethical Bond I Inc,0.811260326
04/23/2010,Rathbone Ethical Bond I Inc,0.811358601
04/24/2010,Rathbone Ethical Bond I Inc,0.811358601
04/25/2010,Rathbone Ethical Bond I Inc,0.811358601
04/26/2010,Rathbone Ethical Bond I Inc,0.811162051
04/27/2010,Rathbone Ethical Bond I Inc,0.811948251
04/28/2010,Rathbone Ethical Bond I Inc,0.811162051
04/29/2010,Rathbone Ethical Bond I Inc,0.811948251
04/30/2010,Rathbone Ethical Bond I Inc,0.812243076
05/01/2010,Rathbone Ethical Bond I Inc,0.812243076
05/02/2010,Rathbone Ethical Bond I Inc,0.812243076
05/03/2010,Rathbone Ethical Bond I Inc,0.812243076
05/04/2010,Rathbone Ethical Bond I Inc,0.800843173
05/05/2010,Rathbone Ethical Bond I Inc,0.801727648
05/06/2010,Rathbone Ethical Bond I Inc,0.799074223
05/07/2010,Rathbone Ethical Bond I Inc,0.793767371
05/08/2010,Rathbone Ethical Bond I Inc,0.793767371
05/09/2010,Rathbone Ethical Bond I Inc,0.793767371
05/10/2010,Rathbone Ethical Bond I Inc,0.791703596
05/11/2010,Rathbone Ethical Bond I Inc,0.791900146
05/12/2010,Rathbone Ethical Bond I Inc,0.791703596
05/13/2010,Rathbone Ethical Bond I Inc,0.793669096
05/14/2010,Rathbone Ethical Bond I Inc,0.794553571
05/15/2010,Rathbone Ethical Bond I Inc,0.794553571
05/16/2010,Rathbone Ethical Bond I Inc,0.794553571
05/17/2010,Rathbone Ethical Bond I Inc,0.795536322
05/18/2010,Rathbone Ethical Bond I Inc,0.795044947
05/19/2010,Rathbone Ethical Bond I Inc,0.795438047
05/20/2010,Rathbone Ethical Bond I Inc,0.795634597
05/21/2010,Rathbone Ethical Bond I Inc,0.796912172
05/22/2010,Rathbone Ethical Bond I Inc,0.796912172
05/23/2010,Rathbone Ethical Bond I Inc,0.796912172
05/24/2010,Rathbone Ethical Bond I Inc,0.795143222
05/25/2010,Rathbone Ethical Bond I Inc,0.792194971
05/26/2010,Rathbone Ethical Bond I Inc,0.788755345
05/27/2010,Rathbone Ethical Bond I Inc,0.786298469
05/28/2010,Rathbone Ethical Bond I Inc,0.785610544
05/29/2010,Rathbone Ethical Bond I Inc,0.785610544
05/30/2010,Rathbone Ethical Bond I Inc,0.785610544
05/31/2010,Rathbone Ethical Bond I Inc,0.785610544
06/01/2010,Rathbone Ethical Bond I Inc,0.786200194
06/02/2010,Rathbone Ethical Bond I Inc,0.785807094
06/03/2010,Rathbone Ethical Bond I Inc,0.786003644
06/04/2010,Rathbone Ethical Bond I Inc,0.786200194
06/05/2010,Rathbone Ethical Bond I Inc,0.786200194
06/06/2010,Rathbone Ethical Bond I Inc,0.786200194
06/07/2010,Rathbone Ethical Bond I Inc,0.786986395
06/08/2010,Rathbone Ethical Bond I Inc,0.786298469
06/09/2010,Rathbone Ethical Bond I Inc,0.784136419
06/10/2010,Rathbone Ethical Bond I Inc,0.781679543
06/11/2010,Rathbone Ethical Bond I Inc,0.779517493
06/12/2010,Rathbone Ethical Bond I Inc,0.779517493
06/13/2010,Rathbone Ethical Bond I Inc,0.779517493
06/14/2010,Rathbone Ethical Bond I Inc,0.780795068
06/15/2010,Rathbone Ethical Bond I Inc,0.781384718
06/16/2010,Rathbone Ethical Bond I Inc,0.781286443
06/17/2010,Rathbone Ethical Bond I Inc,0.781286443
06/18/2010,Rathbone Ethical Bond I Inc,0.782072643
06/19/2010,Rathbone Ethical Bond I Inc,0.782072643
06/20/2010,Rathbone Ethical Bond I Inc,0.782072643
06/21/2010,Rathbone Ethical Bond I Inc,0.782662293
06/22/2010,Rathbone Ethical Bond I Inc,0.785217444
06/23/2010,Rathbone Ethical Bond I Inc,0.786003644
06/24/2010,Rathbone Ethical Bond I Inc,0.786986395
06/25/2010,Rathbone Ethical Bond I Inc,0.786593294
06/26/2010,Rathbone Ethical Bond I Inc,0.786593294
06/27/2010,Rathbone Ethical Bond I Inc,0.786593294
06/28/2010,Rathbone Ethical Bond I Inc,0.78708467
06/29/2010,Rathbone Ethical Bond I Inc,0.78767432
06/30/2010,Rathbone Ethical Bond I Inc,0.78688812
07/01/2010,Rathbone Ethical Bond I Inc,0.786101919
07/02/2010,Rathbone Ethical Bond I Inc,0.78728122
07/03/2010,Rathbone Ethical Bond I Inc,0.78728122
07/04/2010,Rathbone Ethical Bond I Inc,0.78728122
07/05/2010,Rathbone Ethical Bond I Inc,0.787182945
07/06/2010,Rathbone Ethical Bond I Inc,0.78767432
07/07/2010,Rathbone Ethical Bond I Inc,0.788165695
07/08/2010,Rathbone Ethical Bond I Inc,0.78787087
07/09/2010,Rathbone Ethical Bond I Inc,0.787772595
07/10/2010,Rathbone Ethical Bond I Inc,0.787772595
07/11/2010,Rathbone Ethical Bond I Inc,0.787772595
07/12/2010,Rathbone Ethical Bond I Inc,0.78905017
07/13/2010,Rathbone Ethical Bond I Inc,0.78905017
07/14/2010,Rathbone Ethical Bond I Inc,0.792981171
07/15/2010,Rathbone Ethical Bond I Inc,0.794160471
07/16/2010,Rathbone Ethical Bond I Inc,0.793963921
07/17/2010,Rathbone Ethical Bond I Inc,0.793963921
07/18/2010,Rathbone Ethical Bond I Inc,0.793963921
07/19/2010,Rathbone Ethical Bond I Inc,0.794848396
07/20/2010,Rathbone Ethical Bond I Inc,0.794258746
07/21/2010,Rathbone Ethical Bond I Inc,0.794946672
07/22/2010,Rathbone Ethical Bond I Inc,0.795634597
07/23/2010,Rathbone Ethical Bond I Inc,0.795732872
07/24/2010,Rathbone Ethical Bond I Inc,0.795732872
07/25/2010,Rathbone Ethical Bond I Inc,0.795732872
07/26/2010,Rathbone Ethical Bond I Inc,0.795536322
07/27/2010,Rathbone Ethical Bond I Inc,0.797305272
07/28/2010,Rathbone Ethical Bond I Inc,0.799369048
07/29/2010,Rathbone Ethical Bond I Inc,0.801432823
07/30/2010,Rathbone Ethical Bond I Inc,0.803300049
07/31/2010,Rathbone Ethical Bond I Inc,0.803300049
08/01/2010,Rathbone Ethical Bond I Inc,0.803300049
08/02/2010,Rathbone Ethical Bond I Inc,0.793275996
08/03/2010,Rathbone Ethical Bond I Inc,0.795536322
08/04/2010,Rathbone Ethical Bond I Inc,0.797993197
08/05/2010,Rathbone Ethical Bond I Inc,0.799172498
08/06/2010,Rathbone Ethical Bond I Inc,0.800351798
08/07/2010,Rathbone Ethical Bond I Inc,0.800351798
08/08/2010,Rathbone Ethical Bond I Inc,0.800351798
08/09/2010,Rathbone Ethical Bond I Inc,0.801924198
08/10/2010,Rathbone Ethical Bond I Inc,0.802219023
08/11/2010,Rathbone Ethical Bond I Inc,0.802710398
08/12/2010,Rathbone Ethical Bond I Inc,0.803398324
08/13/2010,Rathbone Ethical Bond I Inc,0.804774174
08/14/2010,Rathbone Ethical Bond I Inc,0.804774174
08/15/2010,Rathbone Ethical Bond I Inc,0.804774174
08/16/2010,Rathbone Ethical Bond I Inc,0.804675899
08/17/2010,Rathbone Ethical Bond I Inc,0.805462099
08/18/2010,Rathbone Ethical Bond I Inc,0.805462099
08/19/2010,Rathbone Ethical Bond I Inc,0.805953474
08/20/2010,Rathbone Ethical Bond I Inc,0.8074276
08/21/2010,Rathbone Ethical Bond I Inc,0.8074276
08/22/2010,Rathbone Ethical Bond I Inc,0.8074276
08/23/2010,Rathbone Ethical Bond I Inc,0.8086069
08/24/2010,Rathbone Ethical Bond I Inc,0.80919655
08/25/2010,Rathbone Ethical Bond I Inc,0.811063776
08/26/2010,Rathbone Ethical Bond I Inc,0.811948251
08/27/2010,Rathbone Ethical Bond I Inc,0.811653426
08/28/2010,Rathbone Ethical Bond I Inc,0.811653426
08/29/2010,Rathbone Ethical Bond I Inc,0.811653426
08/30/2010,Rathbone Ethical Bond I Inc,0.811653426
08/31/2010,Rathbone Ethical Bond I Inc,0.811555151
09/01/2010,Rathbone Ethical Bond I Inc,0.811358601
09/02/2010,Rathbone Ethical Bond I Inc,0.81037585
09/03/2010,Rathbone Ethical Bond I Inc,0.810277575
09/04/2010,Rathbone Ethical Bond I Inc,0.810277575
09/05/2010,Rathbone Ethical Bond I Inc,0.810277575
09/06/2010,Rathbone Ethical Bond I Inc,0.811063776
09/07/2010,Rathbone Ethical Bond I Inc,0.811751701
09/08/2010,Rathbone Ethical Bond I Inc,0.812243076
09/09/2010,Rathbone Ethical Bond I Inc,0.811948251
09/10/2010,Rathbone Ethical Bond I Inc,0.811358601
09/11/2010,Rathbone Ethical Bond I Inc,0.811358601
09/12/2010,Rathbone Ethical Bond I Inc,0.811358601
09/13/2010,Rathbone Ethical Bond I Inc,0.811456876
09/14/2010,Rathbone Ethical Bond I Inc,0.815584427
09/15/2010,Rathbone Ethical Bond I Inc,0.819613703
09/16/2010,Rathbone Ethical Bond I Inc,0.819515428
09/17/2010,Rathbone Ethical Bond I Inc,0.819908528
09/18/2010,Rathbone Ethical Bond I Inc,0.819908528
09/19/2010,Rathbone Ethical Bond I Inc,0.819908528
09/20/2010,Rathbone Ethical Bond I Inc,0.820399903
09/21/2010,Rathbone Ethical Bond I Inc,0.819908528
09/22/2010,Rathbone Ethical Bond I Inc,0.824625729
09/23/2010,Rathbone Ethical Bond I Inc,0.826492954
09/24/2010,Rathbone Ethical Bond I Inc,0.825805029
09/25/2010,Rathbone Ethical Bond I Inc,0.825805029
09/26/2010,Rathbone Ethical Bond I Inc,0.825805029
09/27/2010,Rathbone Ethical Bond I Inc,0.824232629
09/28/2010,Rathbone Ethical Bond I Inc,0.824920554
09/29/2010,Rathbone Ethical Bond I Inc,0.826296404
09/30/2010,Rathbone Ethical Bond I Inc,0.827082604
10/01/2010,Rathbone Ethical Bond I Inc,0.826394679
10/02/2010,Rathbone Ethical Bond I Inc,0.826394679
10/03/2010,Rathbone Ethical Bond I Inc,0.826394679
10/04/2010,Rathbone Ethical Bond I Inc,0.827672255
10/05/2010,Rathbone Ethical Bond I Inc,0.827180879
10/06/2010,Rathbone Ethical Bond I Inc,0.828851555
10/07/2010,Rathbone Ethical Bond I Inc,0.831504981
10/08/2010,Rathbone Ethical Bond I Inc,0.832389456
10/09/2010,Rathbone Ethical Bond I Inc,0.832389456
10/10/2010,Rathbone Ethical Bond I Inc,0.832389456
10/11/2010,Rathbone Ethical Bond I Inc,0.833372206
10/12/2010,Rathbone Ethical Bond I Inc,0.834649781
10/13/2010,Rathbone Ethical Bond I Inc,0.835239431
10/14/2010,Rathbone Ethical Bond I Inc,0.835239431
10/15/2010,Rathbone Ethical Bond I Inc,0.835927357
10/16/2010,Rathbone Ethical Bond I Inc,0.835927357
10/17/2010,Rathbone Ethical Bond I Inc,0.835927357
10/18/2010,Rathbone Ethical Bond I Inc,0.834158406
10/19/2010,Rathbone Ethical Bond I Inc,0.833863581
10/20/2010,Rathbone Ethical Bond I Inc,0.833961856
10/21/2010,Rathbone Ethical Bond I Inc,0.835534257
10/22/2010,Rathbone Ethical Bond I Inc,0.836713557
10/23/2010,Rathbone Ethical Bond I Inc,0.836713557
10/24/2010,Rathbone Ethical Bond I Inc,0.836713557
10/25/2010,Rathbone Ethical Bond I Inc,0.837401482
10/26/2010,Rathbone Ethical Bond I Inc,0.836615282
10/27/2010,Rathbone Ethical Bond I Inc,0.835337707
10/28/2010,Rathbone Ethical Bond I Inc,0.835534257
10/29/2010,Rathbone Ethical Bond I Inc,0.836320457
10/30/2010,Rathbone Ethical Bond I Inc,0.836320457
10/31/2010,Rathbone Ethical Bond I Inc,0.836320457
11/01/2010,Rathbone Ethical Bond I Inc,0.825903304
11/02/2010,Rathbone Ethical Bond I Inc,0.838973882
11/03/2010,Rathbone Ethical Bond I Inc,0.839170432
11/04/2010,Rathbone Ethical Bond I Inc,0.839268707
11/05/2010,Rathbone Ethical Bond I Inc,0.839956633
11/06/2010,Rathbone Ethical Bond I Inc,0.839956633
11/07/2010,Rathbone Ethical Bond I Inc,0.839956633
11/08/2010,Rathbone Ethical Bond I Inc,0.839268707
11/09/2010,Rathbone Ethical Bond I Inc,0.838285957
11/10/2010,Rathbone Ethical Bond I Inc,0.835632532
11/11/2010,Rathbone Ethical Bond I Inc,0.832684281
11/12/2010,Rathbone Ethical Bond I Inc,0.831013605
11/13/2010,Rathbone Ethical Bond I Inc,0.831013605
11/14/2010,Rathbone Ethical Bond I Inc,0.831013605
11/15/2010,Rathbone Ethical Bond I Inc,0.830227405
11/16/2010,Rathbone Ethical Bond I Inc,0.82993258
11/17/2010,Rathbone Ethical Bond I Inc,0.828458455
11/18/2010,Rathbone Ethical Bond I Inc,0.82836018
11/19/2010,Rathbone Ethical Bond I Inc,0.827475705
11/20/2010,Rathbone Ethical Bond I Inc,0.827475705
11/21/2010,Rathbone Ethical Bond I Inc,0.827475705
11/22/2010,Rathbone Ethical Bond I Inc,0.82816363
11/23/2010,Rathbone Ethical Bond I Inc,0.82796708
11/24/2010,Rathbone Ethical Bond I Inc,0.824724004
11/25/2010,Rathbone Ethical Bond I Inc,0.822561953
11/26/2010,Rathbone Ethical Bond I Inc,0.822463678
11/27/2010,Rathbone Ethical Bond I Inc,0.822463678
11/28/2010,Rathbone Ethical Bond I Inc,0.822463678
11/29/2010,Rathbone Ethical Bond I Inc,0.820694728
11/30/2010,Rathbone Ethical Bond I Inc,0.819318878
12/01/2010,Rathbone Ethical Bond I Inc,0.815289602
12/02/2010,Rathbone Ethical Bond I Inc,0.813913751
12/03/2010,Rathbone Ethical Bond I Inc,0.813913751
12/04/2010,Rathbone Ethical Bond I Inc,0.813913751
12/05/2010,Rathbone Ethical Bond I Inc,0.813913751
12/06/2010,Rathbone Ethical Bond I Inc,0.815387877
12/07/2010,Rathbone Ethical Bond I Inc,0.814994776
12/08/2010,Rathbone Ethical Bond I Inc,0.813618926
12/09/2010,Rathbone Ethical Bond I Inc,0.813225826
12/10/2010,Rathbone Ethical Bond I Inc,0.814405126
12/11/2010,Rathbone Ethical Bond I Inc,0.814405126
12/12/2010,Rathbone Ethical Bond I Inc,0.814405126
12/13/2010,Rathbone Ethical Bond I Inc,0.813520651
12/14/2010,Rathbone Ethical Bond I Inc,0.812439626
12/15/2010,Rathbone Ethical Bond I Inc,0.8109655
12/16/2010,Rathbone Ethical Bond I Inc,0.811456876
12/17/2010,Rathbone Ethical Bond I Inc,0.812046526
12/18/2010,Rathbone Ethical Bond I Inc,0.812046526
12/19/2010,Rathbone Ethical Bond I Inc,0.812046526
12/20/2010,Rathbone Ethical Bond I Inc,0.812537901
12/21/2010,Rathbone Ethical Bond I Inc,0.814208576
12/22/2010,Rathbone Ethical Bond I Inc,0.814601676
12/23/2010,Rathbone Ethical Bond I Inc,0.814405126
12/24/2010,Rathbone Ethical Bond I Inc,0.813913751
12/25/2010,Rathbone Ethical Bond I Inc,0.813913751
12/26/2010,Rathbone Ethical Bond I Inc,0.813913751
12/27/2010,Rathbone Ethical Bond I Inc,0.813913751
12/28/2010,Rathbone Ethical Bond I Inc,0.813913751
12/29/2010,Rathbone Ethical Bond I Inc,0.813618926
12/30/2010,Rathbone Ethical Bond I Inc,0.814994776
12/31/2010,Rathbone Ethical Bond I Inc,0.816075802
01/01/2011,Rathbone Ethical Bond I Inc,0.816075802
01/02/2011,Rathbone Ethical Bond I Inc,0.816075802
01/03/2011,Rathbone Ethical Bond I Inc,0.816075802
01/04/2011,Rathbone Ethical Bond I Inc,0.815486152
01/05/2011,Rathbone Ethical Bond I Inc,0.816174077
01/06/2011,Rathbone Ethical Bond I Inc,0.814405126
01/07/2011,Rathbone Ethical Bond I Inc,0.814601676
01/08/2011,Rathbone Ethical Bond I Inc,0.814601676
01/09/2011,Rathbone Ethical Bond I Inc,0.814601676
01/10/2011,Rathbone Ethical Bond I Inc,0.814110301
01/11/2011,Rathbone Ethical Bond I Inc,0.813913751
01/12/2011,Rathbone Ethical Bond I Inc,0.811555151
01/13/2011,Rathbone Ethical Bond I Inc,0.811653426
01/14/2011,Rathbone Ethical Bond I Inc,0.812144801
01/15/2011,Rathbone Ethical Bond I Inc,0.812144801
01/16/2011,Rathbone Ethical Bond I Inc,0.812144801
01/17/2011,Rathbone Ethical Bond I Inc,0.812734451
01/18/2011,Rathbone Ethical Bond I Inc,0.811555151
01/19/2011,Rathbone Ethical Bond I Inc,0.812243076
01/20/2011,Rathbone Ethical Bond I Inc,0.812734451
01/21/2011,Rathbone Ethical Bond I Inc,0.811555151
01/22/2011,Rathbone Ethical Bond I Inc,0.811555151
01/23/2011,Rathbone Ethical Bond I Inc,0.811555151
01/24/2011,Rathbone Ethical Bond I Inc,0.813618926
01/25/2011,Rathbone Ethical Bond I Inc,0.815977527
01/26/2011,Rathbone Ethical Bond I Inc,0.815191327
01/27/2011,Rathbone Ethical Bond I Inc,0.814110301
01/28/2011,Rathbone Ethical Bond I Inc,0.814405126
01/29/2011,Rathbone Ethical Bond I Inc,0.814405126
01/30/2011,Rathbone Ethical Bond I Inc,0.814405126
01/31/2011,Rathbone Ethical Bond I Inc,0.815191327
02/01/2011,Rathbone Ethical Bond I Inc,0.803693149
02/02/2011,Rathbone Ethical Bond I Inc,0.803300049
02/03/2011,Rathbone Ethical Bond I Inc,0.803791424
02/04/2011,Rathbone Ethical Bond I Inc,0.804282799
02/05/2011,Rathbone Ethical Bond I Inc,0.804282799
02/06/2011,Rathbone Ethical Bond I Inc,0.804282799
02/07/2011,Rathbone Ethical Bond I Inc,0.802415573
02/08/2011,Rathbone Ethical Bond I Inc,0.804184524
02/09/2011,Rathbone Ethical Bond I Inc,0.803300049
02/10/2011,Rathbone Ethical Bond I Inc,0.804675899
02/11/2011,Rathbone Ethical Bond I Inc,0.805068999
02/12/2011,Rathbone Ethical Bond I Inc,0.805068999
02/13/2011,Rathbone Ethical Bond I Inc,0.805068999
02/14/2011,Rathbone Ethical Bond I Inc,0.805363824
02/15/2011,Rathbone Ethical Bond I Inc,0.805953474
02/16/2011,Rathbone Ethical Bond I Inc,0.807329325
02/17/2011,Rathbone Ethical Bond I Inc,0.807722425
02/18/2011,Rathbone Ethical Bond I Inc,0.809294825
02/19/2011,Rathbone Ethical Bond I Inc,0.809294825
02/20/2011,Rathbone Ethical Bond I Inc,0.809294825
02/21/2011,Rathbone Ethical Bond I Inc,0.811063776
02/22/2011,Rathbone Ethical Bond I Inc,0.812439626
02/23/2011,Rathbone Ethical Bond I Inc,0.812341351
02/24/2011,Rathbone Ethical Bond I Inc,0.813127551
02/25/2011,Rathbone Ethical Bond I Inc,0.813913751
02/26/2011,Rathbone Ethical Bond I Inc,0.813913751
02/27/2011,Rathbone Ethical Bond I Inc,0.813913751
02/28/2011,Rathbone Ethical Bond I Inc,0.815486152
03/01/2011,Rathbone Ethical Bond I Inc,0.815879252
03/02/2011,Rathbone Ethical Bond I Inc,0.816468902
03/03/2011,Rathbone Ethical Bond I Inc,0.816075802
03/04/2011,Rathbone Ethical Bond I Inc,0.816567177
03/05/2011,Rathbone Ethical Bond I Inc,0.816567177
03/06/2011,Rathbone Ethical Bond I Inc,0.816567177
03/07/2011,Rathbone Ethical Bond I Inc,0.816862002
03/08/2011,Rathbone Ethical Bond I Inc,0.817844752
03/09/2011,Rathbone Ethical Bond I Inc,0.817746477
03/10/2011,Rathbone Ethical Bond I Inc,0.818532677
03/11/2011,Rathbone Ethical Bond I Inc,0.820596453
03/12/2011,Rathbone Ethical Bond I Inc,0.820596453
03/13/2011,Rathbone Ethical Bond I Inc,0.820596453
03/14/2011,Rathbone Ethical Bond I Inc,0.820105078
03/15/2011,Rathbone Ethical Bond I Inc,0.821874028
03/16/2011,Rathbone Ethical Bond I Inc,0.820694728
03/17/2011,Rathbone Ethical Bond I Inc,0.820891278
03/18/2011,Rathbone Ethical Bond I Inc,0.820596453
03/19/2011,Rathbone Ethical Bond I Inc,0.820596453
03/20/2011,Rathbone Ethical Bond I Inc,0.820596453
03/21/2011,Rathbone Ethical Bond I Inc,0.821284378
03/22/2011,Rathbone Ethical Bond I Inc,0.820891278
03/23/2011,Rathbone Ethical Bond I Inc,0.822168853
03/24/2011,Rathbone Ethical Bond I Inc,0.822758503
03/25/2011,Rathbone Ethical Bond I Inc,0.823151603
03/26/2011,Rathbone Ethical Bond I Inc,0.823151603
03/27/2011,Rathbone Ethical Bond I Inc,0.823151603
03/28/2011,Rathbone Ethical Bond I Inc,0.822758503
03/29/2011,Rathbone Ethical Bond I Inc,0.824036079
03/30/2011,Rathbone Ethical Bond I Inc,0.823348154
03/31/2011,Rathbone Ethical Bond I Inc,0.824036079
04/01/2011,Rathbone Ethical Bond I Inc,0.822856778
04/02/2011,Rathbone Ethical Bond I Inc,0.822856778
04/03/2011,Rathbone Ethical Bond I Inc,0.822856778
04/04/2011,Rathbone Ethical Bond I Inc,0.823741254
04/05/2011,Rathbone Ethical Bond I Inc,0.824036079
04/06/2011,Rathbone Ethical Bond I Inc,0.825313654
04/07/2011,Rathbone Ethical Bond I Inc,0.826689504
04/08/2011,Rathbone Ethical Bond I Inc,0.827672255
04/09/2011,Rathbone Ethical Bond I Inc,0.827672255
04/10/2011,Rathbone Ethical Bond I Inc,0.827672255
04/11/2011,Rathbone Ethical Bond I Inc,0.82777053
04/12/2011,Rathbone Ethical Bond I Inc,0.828261905
04/13/2011,Rathbone Ethical Bond I Inc,0.829637755
04/14/2011,Rathbone Ethical Bond I Inc,0.83091533
04/15/2011,Rathbone Ethical Bond I Inc,0.831013605
04/16/2011,Rathbone Ethical Bond I Inc,0.831013605
04/17/2011,Rathbone Ethical Bond I Inc,0.831013605
04/18/2011,Rathbone Ethical Bond I Inc,0.832586006
04/19/2011,Rathbone Ethical Bond I Inc,0.832586006
04/20/2011,Rathbone Ethical Bond I Inc,0.832782556
04/21/2011,Rathbone Ethical Bond I Inc,0.833470481
04/22/2011,Rathbone Ethical Bond I Inc,0.833470481
04/23/2011,Rathbone Ethical Bond I Inc,0.833470481
04/24/2011,Rathbone Ethical Bond I Inc,0.833470481
04/25/2011,Rathbone Ethical Bond I Inc,0.833470481
04/26/2011,Rathbone Ethical Bond I Inc,0.835534257
04/27/2011,Rathbone Ethical Bond I Inc,0.837303207
04/28/2011,Rathbone Ethical Bond I Inc,0.837598032
04/29/2011,Rathbone Ethical Bond I Inc,0.837598032
04/30/2011,Rathbone Ethical Bond I Inc,0.837598032
05/01/2011,Rathbone Ethical Bond I Inc,0.837598032
05/02/2011,Rathbone Ethical Bond I Inc,0.837598032
05/03/2011,Rathbone Ethical Bond I Inc,0.82875328
05/04/2011,Rathbone Ethical Bond I Inc,0.829834305
05/05/2011,Rathbone Ethical Bond I Inc,0.83032568
05/06/2011,Rathbone Ethical Bond I Inc,0.82973603
05/07/2011,Rathbone Ethical Bond I Inc,0.82973603
05/08/2011,Rathbone Ethical Bond I Inc,0.82973603
05/09/2011,Rathbone Ethical Bond I Inc,0.830620505
05/10/2011,Rathbone Ethical Bond I Inc,0.831406706
05/11/2011,Rathbone Ethical Bond I Inc,0.82953948
05/12/2011,Rathbone Ethical Bond I Inc,0.830227405
05/13/2011,Rathbone Ethical Bond I Inc,0.830227405
05/14/2011,Rathbone Ethical Bond I Inc,0.830227405
05/15/2011,Rathbone Ethical Bond I Inc,0.830227405
05/16/2011,Rathbone Ethical Bond I Inc,0.831701531
05/17/2011,Rathbone Ethical Bond I Inc,0.83071878
05/18/2011,Rathbone Ethical Bond I Inc,0.832389456
05/19/2011,Rathbone Ethical Bond I Inc,0.83091533
05/20/2011,Rathbone Ethical Bond I Inc,0.831799806
05/21/2011,Rathbone Ethical Bond I Inc,0.831799806
05/22/2011,Rathbone Ethical Bond I Inc,0.831799806
05/23/2011,Rathbone Ethical Bond I Inc,0.831996356
05/24/2011,Rathbone Ethical Bond I Inc,0.83091533
05/25/2011,Rathbone Ethical Bond I Inc,0.82796708
05/26/2011,Rathbone Ethical Bond I Inc,0.827868805
05/27/2011,Rathbone Ethical Bond I Inc,0.827475705
05/28/2011,Rathbone Ethical Bond I Inc,0.827475705
05/29/2011,Rathbone Ethical Bond I Inc,0.827475705
05/30/2011,Rathbone Ethical Bond I Inc,0.827475705
05/31/2011,Rathbone Ethical Bond I Inc,0.827475705
06/01/2011,Rathbone Ethical Bond I Inc,0.82816363
06/02/2011,Rathbone Ethical Bond I Inc,0.82973603
06/03/2011,Rathbone Ethical Bond I Inc,0.82934293
06/04/2011,Rathbone Ethical Bond I Inc,0.82934293
06/05/2011,Rathbone Ethical Bond I Inc,0.82934293
06/06/2011,Rathbone Ethical Bond I Inc,0.82973603
06/07/2011,Rathbone Ethical Bond I Inc,0.82973603
06/08/2011,Rathbone Ethical Bond I Inc,0.82914638
06/09/2011,Rathbone Ethical Bond I Inc,0.82914638
06/10/2011,Rathbone Ethical Bond I Inc,0.82953948
06/11/2011,Rathbone Ethical Bond I Inc,0.82953948
06/12/2011,Rathbone Ethical Bond I Inc,0.82953948
06/13/2011,Rathbone Ethical Bond I Inc,0.82953948
06/14/2011,Rathbone Ethical Bond I Inc,0.82875328
06/15/2011,Rathbone Ethical Bond I Inc,0.82816363
06/16/2011,Rathbone Ethical Bond I Inc,0.82875328
06/17/2011,Rathbone Ethical Bond I Inc,0.82816363
06/18/2011,Rathbone Ethical Bond I Inc,0.82816363
06/19/2011,Rathbone Ethical Bond I Inc,0.82816363
06/20/2011,Rathbone Ethical Bond I Inc,0.828655005
06/21/2011,Rathbone Ethical Bond I Inc,0.82816363
06/22/2011,Rathbone Ethical Bond I Inc,0.82953948
06/23/2011,Rathbone Ethical Bond I Inc,0.82953948
06/24/2011,Rathbone Ethical Bond I Inc,0.82894983
06/25/2011,Rathbone Ethical Bond I Inc,0.82894983
06/26/2011,Rathbone Ethical Bond I Inc,0.82894983
06/27/2011,Rathbone Ethical Bond I Inc,0.828851555
06/28/2011,Rathbone Ethical Bond I Inc,0.826689504
06/29/2011,Rathbone Ethical Bond I Inc,0.823839529
06/30/2011,Rathbone Ethical Bond I Inc,0.826099854
07/01/2011,Rathbone Ethical Bond I Inc,0.826099854
07/02/2011,Rathbone Ethical Bond I Inc,0.826099854
07/03/2011,Rathbone Ethical Bond I Inc,0.826099854
07/04/2011,Rathbone Ethical Bond I Inc,0.827279155
07/05/2011,Rathbone Ethical Bond I Inc,0.828261905
07/06/2011,Rathbone Ethical Bond I Inc,0.829441205
07/07/2011,Rathbone Ethical Bond I Inc,0.829441205
07/08/2011,Rathbone Ethical Bond I Inc,0.82894983
07/09/2011,Rathbone Ethical Bond I Inc,0.82894983
07/10/2011,Rathbone Ethical Bond I Inc,0.82894983
07/11/2011,Rathbone Ethical Bond I Inc,0.831898081
07/12/2011,Rathbone Ethical Bond I Inc,0.832192906
07/13/2011,Rathbone Ethical Bond I Inc,0.829834305
07/14/2011,Rathbone Ethical Bond I Inc,0.82993258
07/15/2011,Rathbone Ethical Bond I Inc,0.829637755
07/16/2011,Rathbone Ethical Bond I Inc,0.829637755
07/17/2011,Rathbone Ethical Bond I Inc,0.829637755
07/18/2011,Rathbone Ethical Bond I Inc,0.830227405
07/19/2011,Rathbone Ethical Bond I Inc,0.828458455
07/20/2011,Rathbone Ethical Bond I Inc,0.828065355
07/21/2011,Rathbone Ethical Bond I Inc,0.82894983
07/22/2011,Rathbone Ethical Bond I Inc,0.828655005
07/23/2011,Rathbone Ethical Bond I Inc,0.828655005
07/24/2011,Rathbone Ethical Bond I Inc,0.828655005
07/25/2011,Rathbone Ethical Bond I Inc,0.832192906
07/26/2011,Rathbone Ethical Bond I Inc,0.832389456
07/27/2011,Rathbone Ethical Bond I Inc,0.832291181
07/28/2011,Rathbone Ethical Bond I Inc,0.832684281
07/29/2011,Rathbone Ethical Bond I Inc,0.833568756
07/30/2011,Rathbone Ethical Bond I Inc,0.833568756
07/31/2011,Rathbone Ethical Bond I Inc,0.833568756
08/01/2011,Rathbone Ethical Bond I Inc,0.822955053
08/02/2011,Rathbone Ethical Bond I Inc,0.825117104
08/03/2011,Rathbone Ethical Bond I Inc,0.824920554
08/04/2011,Rathbone Ethical Bond I Inc,0.824920554
08/05/2011,Rathbone Ethical Bond I Inc,0.823348154
08/06/2011,Rathbone Ethical Bond I Inc,0.823348154
08/07/2011,Rathbone Ethical Bond I Inc,0.823348154
08/08/2011,Rathbone Ethical Bond I Inc,0.821284378
08/09/2011,Rathbone Ethical Bond I Inc,0.819515428
08/10/2011,Rathbone Ethical Bond I Inc,0.815780977
08/11/2011,Rathbone Ethical Bond I Inc,0.815682702
08/12/2011,Rathbone Ethical Bond I Inc,0.812832726
08/13/2011,Rathbone Ethical Bond I Inc,0.812832726
08/14/2011,Rathbone Ethical Bond I Inc,0.812832726
08/15/2011,Rathbone Ethical Bond I Inc,0.812734451
08/16/2011,Rathbone Ethical Bond I Inc,0.812832726
08/17/2011,Rathbone Ethical Bond I Inc,0.813815476
08/18/2011,Rathbone Ethical Bond I Inc,0.817549927
08/19/2011,Rathbone Ethical Bond I Inc,0.816075802
08/20/2011,Rathbone Ethical Bond I Inc,0.816075802
08/21/2011,Rathbone Ethical Bond I Inc,0.816075802
08/22/2011,Rathbone Ethical Bond I Inc,0.813717201
08/23/2011,Rathbone Ethical Bond I Inc,0.812537901
08/24/2011,Rathbone Ethical Bond I Inc,0.8097862
08/25/2011,Rathbone Ethical Bond I Inc,0.806248299
08/26/2011,Rathbone Ethical Bond I Inc,0.805855199
08/27/2011,Rathbone Ethical Bond I Inc,0.805855199
08/28/2011,Rathbone Ethical Bond I Inc,0.805855199
08/29/2011,Rathbone Ethical Bond I Inc,0.805855199
08/30/2011,Rathbone Ethical Bond I Inc,0.803791424
08/31/2011,Rathbone Ethical Bond I Inc,0.804970724
09/01/2011,Rathbone Ethical Bond I Inc,0.805167274
09/02/2011,Rathbone Ethical Bond I Inc,0.805855199
09/03/2011,Rathbone Ethical Bond I Inc,0.805855199
09/04/2011,Rathbone Ethical Bond I Inc,0.805855199
09/05/2011,Rathbone Ethical Bond I Inc,0.8082138
09/06/2011,Rathbone Ethical Bond I Inc,0.805560374
09/07/2011,Rathbone Ethical Bond I Inc,0.803496599
09/08/2011,Rathbone Ethical Bond I Inc,0.802317298
09/09/2011,Rathbone Ethical Bond I Inc,0.801236273
09/10/2011,Rathbone Ethical Bond I Inc,0.801236273
09/11/2011,Rathbone Ethical Bond I Inc,0.801236273
09/12/2011,Rathbone Ethical Bond I Inc,0.797698372
09/13/2011,Rathbone Ethical Bond I Inc,0.793275996
09/14/2011,Rathbone Ethical Bond I Inc,0.789344995
09/15/2011,Rathbone Ethical Bond I Inc,0.786101919
09/16/2011,Rathbone Ethical Bond I Inc,0.787772595
09/17/2011,Rathbone Ethical Bond I Inc,0.787772595
09/18/2011,Rathbone Ethical Bond I Inc,0.787772595
09/19/2011,Rathbone Ethical Bond I Inc,0.790917396
09/20/2011,Rathbone Ethical Bond I Inc,0.788951895
09/21/2011,Rathbone Ethical Bond I Inc,0.787182945
09/22/2011,Rathbone Ethical Bond I Inc,0.786003644
09/23/2011,Rathbone Ethical Bond I Inc,0.783645044
09/24/2011,Rathbone Ethical Bond I Inc,0.783645044
09/25/2011,Rathbone Ethical Bond I Inc,0.783645044
09/26/2011,Rathbone Ethical Bond I Inc,0.781286443
09/27/2011,Rathbone Ethical Bond I Inc,0.779222668
09/28/2011,Rathbone Ethical Bond I Inc,0.779615768
09/29/2011,Rathbone Ethical Bond I Inc,0.779714043
09/30/2011,Rathbone Ethical Bond I Inc,0.780500243
10/01/2011,Rathbone Ethical Bond I Inc,0.780500243
10/02/2011,Rathbone Ethical Bond I Inc,0.780500243
10/03/2011,Rathbone Ethical Bond I Inc,0.781188168
10/04/2011,Rathbone Ethical Bond I Inc,0.780696793
10/05/2011,Rathbone Ethical Bond I Inc,0.776077867
10/06/2011,Rathbone Ethical Bond I Inc,0.776176142
10/07/2011,Rathbone Ethical Bond I Inc,0.776667517
10/08/2011,Rathbone Ethical Bond I Inc,0.776667517
10/09/2011,Rathbone Ethical Bond I Inc,0.776667517
10/10/2011,Rathbone Ethical Bond I Inc,0.776667517
10/11/2011,Rathbone Ethical Bond I Inc,0.776765792
10/12/2011,Rathbone Ethical Bond I Inc,0.777453717
10/13/2011,Rathbone Ethical Bond I Inc,0.781188168
10/14/2011,Rathbone Ethical Bond I Inc,0.781679543
10/15/2011,Rathbone Ethical Bond I Inc,0.781679543
10/16/2011,Rathbone Ethical Bond I Inc,0.781679543
10/17/2011,Rathbone Ethical Bond I Inc,0.785119169
10/18/2011,Rathbone Ethical Bond I Inc,0.786003644
10/19/2011,Rathbone Ethical Bond I Inc,0.786593294
10/20/2011,Rathbone Ethical Bond I Inc,0.786495019
10/21/2011,Rathbone Ethical Bond I Inc,0.785807094
10/22/2011,Rathbone Ethical Bond I Inc,0.785807094
10/23/2011,Rathbone Ethical Bond I Inc,0.785807094
10/24/2011,Rathbone Ethical Bond I Inc,0.78708467
10/25/2011,Rathbone Ethical Bond I Inc,0.78708467
10/26/2011,Rathbone Ethical Bond I Inc,0.790524295
10/27/2011,Rathbone Ethical Bond I Inc,0.793275996
10/28/2011,Rathbone Ethical Bond I Inc,0.796125972
10/29/2011,Rathbone Ethical Bond I Inc,0.796125972
10/30/2011,Rathbone Ethical Bond I Inc,0.796125972
10/31/2011,Rathbone Ethical Bond I Inc,0.798779397
11/01/2011,Rathbone Ethical Bond I Inc,0.78905017
11/02/2011,Rathbone Ethical Bond I Inc,0.78708467
11/03/2011,Rathbone Ethical Bond I Inc,0.786396744
11/04/2011,Rathbone Ethical Bond I Inc,0.786298469
11/05/2011,Rathbone Ethical Bond I Inc,0.786298469
11/06/2011,Rathbone Ethical Bond I Inc,0.786298469
11/07/2011,Rathbone Ethical Bond I Inc,0.78767432
11/08/2011,Rathbone Ethical Bond I Inc,0.78826397
11/09/2011,Rathbone Ethical Bond I Inc,0.78865707
11/10/2011,Rathbone Ethical Bond I Inc,0.786986395
11/11/2011,Rathbone Ethical Bond I Inc,0.785413994
11/12/2011,Rathbone Ethical Bond I Inc,0.785413994
11/13/2011,Rathbone Ethical Bond I Inc,0.785413994
11/14/2011,Rathbone Ethical Bond I Inc,0.78708467
11/15/2011,Rathbone Ethical Bond I Inc,0.78728122
11/16/2011,Rathbone Ethical Bond I Inc,0.785512269
11/17/2011,Rathbone Ethical Bond I Inc,0.783055394
11/18/2011,Rathbone Ethical Bond I Inc,0.780893343
11/19/2011,Rathbone Ethical Bond I Inc,0.780893343
11/20/2011,Rathbone Ethical Bond I Inc,0.780893343
11/21/2011,Rathbone Ethical Bond I Inc,0.781974368
11/22/2011,Rathbone Ethical Bond I Inc,0.780107143
11/23/2011,Rathbone Ethical Bond I Inc,0.779419218
11/24/2011,Rathbone Ethical Bond I Inc,0.778338192
11/25/2011,Rathbone Ethical Bond I Inc,0.775979592
11/26/2011,Rathbone Ethical Bond I Inc,0.775979592
11/27/2011,Rathbone Ethical Bond I Inc,0.775979592
11/28/2011,Rathbone Ethical Bond I Inc,0.775389942
11/29/2011,Rathbone Ethical Bond I Inc,0.776274417
11/30/2011,Rathbone Ethical Bond I Inc,0.775881317
12/01/2011,Rathbone Ethical Bond I Inc,0.774014091
12/02/2011,Rathbone Ethical Bond I Inc,0.775193392
12/03/2011,Rathbone Ethical Bond I Inc,0.775193392
12/04/2011,Rathbone Ethical Bond I Inc,0.775193392
12/05/2011,Rathbone Ethical Bond I Inc,0.777355442
12/06/2011,Rathbone Ethical Bond I Inc,0.778338192
12/07/2011,Rathbone Ethical Bond I Inc,0.782072643
12/08/2011,Rathbone Ethical Bond I Inc,0.782858844
12/09/2011,Rathbone Ethical Bond I Inc,0.783939869
12/10/2011,Rathbone Ethical Bond I Inc,0.783939869
12/11/2011,Rathbone Ethical Bond I Inc,0.783939869
12/12/2011,Rathbone Ethical Bond I Inc,0.783350219
12/13/2011,Rathbone Ethical Bond I Inc,0.783841594
12/14/2011,Rathbone Ethical Bond I Inc,0.783350219
12/15/2011,Rathbone Ethical Bond I Inc,0.783251944
12/16/2011,Rathbone Ethical Bond I Inc,0.783055394
12/17/2011,Rathbone Ethical Bond I Inc,0.783055394
12/18/2011,Rathbone Ethical Bond I Inc,0.783055394
12/19/2011,Rathbone Ethical Bond I Inc,0.783939869
12/20/2011,Rathbone Ethical Bond I Inc,0.783251944
12/21/2011,Rathbone Ethical Bond I Inc,0.784136419
12/22/2011,Rathbone Ethical Bond I Inc,0.784332969
12/23/2011,Rathbone Ethical Bond I Inc,0.785512269
12/24/2011,Rathbone Ethical Bond I Inc,0.785512269
12/25/2011,Rathbone Ethical Bond I Inc,0.785512269
12/26/2011,Rathbone Ethical Bond I Inc,0.785512269
12/27/2011,Rathbone Ethical Bond I Inc,0.785512269
12/28/2011,Rathbone Ethical Bond I Inc,0.785315719
12/29/2011,Rathbone Ethical Bond I Inc,0.786396744
12/30/2011,Rathbone Ethical Bond I Inc,0.787969145
12/31/2011,Rathbone Ethical Bond I Inc,0.787969145
01/01/2012,Rathbone Ethical Bond I Inc,0.787969145
01/02/2012,Rathbone Ethical Bond I Inc,0.787969145
01/03/2012,Rathbone Ethical Bond I Inc,0.78747777
01/04/2012,Rathbone Ethical Bond I Inc,0.78846052
01/05/2012,Rathbone Ethical Bond I Inc,0.788558795
01/06/2012,Rathbone Ethical Bond I Inc,0.78846052
01/07/2012,Rathbone Ethical Bond I Inc,0.78846052
01/08/2012,Rathbone Ethical Bond I Inc,0.78846052
01/09/2012,Rathbone Ethical Bond I Inc,0.78846052
01/10/2012,Rathbone Ethical Bond I Inc,0.788951895
01/11/2012,Rathbone Ethical Bond I Inc,0.78944327
01/12/2012,Rathbone Ethical Bond I Inc,0.790720845
01/13/2012,Rathbone Ethical Bond I Inc,0.793374271
01/14/2012,Rathbone Ethical Bond I Inc,0.793374271
01/15/2012,Rathbone Ethical Bond I Inc,0.793374271
01/16/2012,Rathbone Ethical Bond I Inc,0.793669096
01/17/2012,Rathbone Ethical Bond I Inc,0.795044947
01/18/2012,Rathbone Ethical Bond I Inc,0.797010447
01/19/2012,Rathbone Ethical Bond I Inc,0.797010447
01/20/2012,Rathbone Ethical Bond I Inc,0.797698372
01/21/2012,Rathbone Ethical Bond I Inc,0.797698372
01/22/2012,Rathbone Ethical Bond I Inc,0.797698372
01/23/2012,Rathbone Ethical Bond I Inc,0.797501822
01/24/2012,Rathbone Ethical Bond I Inc,0.798877672
01/25/2012,Rathbone Ethical Bond I Inc,0.799860423
01/26/2012,Rathbone Ethical Bond I Inc,0.803103499
01/27/2012,Rathbone Ethical Bond I Inc,0.805068999
01/28/2012,Rathbone Ethical Bond I Inc,0.805068999
01/29/2012,Rathbone Ethical Bond I Inc,0.805068999
01/30/2012,Rathbone Ethical Bond I Inc,0.80801725
01/31/2012,Rathbone Ethical Bond I Inc,0.807525875
02/01/2012,Rathbone Ethical Bond I Inc,0.798877672
02/02/2012,Rathbone Ethical Bond I Inc,0.798779397
02/03/2012,Rathbone Ethical Bond I Inc,0.800548348
02/04/2012,Rathbone Ethical Bond I Inc,0.800548348
02/05/2012,Rathbone Ethical Bond I Inc,0.800548348
02/06/2012,Rathbone Ethical Bond I Inc,0.800744898
02/07/2012,Rathbone Ethical Bond I Inc,0.801924198
02/08/2012,Rathbone Ethical Bond I Inc,0.802415573
02/09/2012,Rathbone Ethical Bond I Inc,0.804577624
02/10/2012,Rathbone Ethical Bond I Inc,0.803496599
02/11/2012,Rathbone Ethical Bond I Inc,0.803496599
02/12/2012,Rathbone Ethical Bond I Inc,0.803496599
02/13/2012,Rathbone Ethical Bond I Inc,0.803496599
02/14/2012,Rathbone Ethical Bond I Inc,0.804282799
02/15/2012,Rathbone Ethical Bond I Inc,0.804774174
02/16/2012,Rathbone Ethical Bond I Inc,0.803594874
02/17/2012,Rathbone Ethical Bond I Inc,0.801432823
02/18/2012,Rathbone Ethical Bond I Inc,0.801432823
02/19/2012,Rathbone Ethical Bond I Inc,0.801432823
02/20/2012,Rathbone Ethical Bond I Inc,0.801727648
02/21/2012,Rathbone Ethical Bond I Inc,0.802612123
02/22/2012,Rathbone Ethical Bond I Inc,0.804381074
02/23/2012,Rathbone Ethical Bond I Inc,0.805560374
02/24/2012,Rathbone Ethical Bond I Inc,0.8078207
02/25/2012,Rathbone Ethical Bond I Inc,0.8078207
02/26/2012,Rathbone Ethical Bond I Inc,0.8078207
02/27/2012,Rathbone Ethical Bond I Inc,0.809294825
02/28/2012,Rathbone Ethical Bond I Inc,0.8101793
02/29/2012,Rathbone Ethical Bond I Inc,0.811260326
03/01/2012,Rathbone Ethical Bond I Inc,0.809
03/02/2012,Rathbone Ethical Bond I Inc,0.8106
03/03/2012,Rathbone Ethical Bond I Inc,0.8106
03/04/2012,Rathbone Ethical Bond I Inc,0.8106
03/05/2012,Rathbone Ethical Bond I Inc,0.813
03/06/2012,Rathbone Ethical Bond I Inc,0.8125
03/07/2012,Rathbone Ethical Bond I Inc,0.8131
03/08/2012,Rathbone Ethical Bond I Inc,0.8128
03/09/2012,Rathbone Ethical Bond I Inc,0.813
03/10/2012,Rathbone Ethical Bond I Inc,0.813
03/11/2012,Rathbone Ethical Bond I Inc,0.813
03/12/2012,Rathbone Ethical Bond I Inc,0.8148
03/13/2012,Rathbone Ethical Bond I Inc,0.8146
03/14/2012,Rathbone Ethical Bond I Inc,0.8124
03/15/2012,Rathbone Ethical Bond I Inc,0.8105
03/16/2012,Rathbone Ethical Bond I Inc,0.8107
03/17/2012,Rathbone Ethical Bond I Inc,0.8107
03/18/2012,Rathbone Ethical Bond I Inc,0.8107
03/19/2012,Rathbone Ethical Bond I Inc,0.8124
03/20/2012,Rathbone Ethical Bond I Inc,0.8128
03/21/2012,Rathbone Ethical Bond I Inc,0.813
03/22/2012,Rathbone Ethical Bond I Inc,0.8141
03/23/2012,Rathbone Ethical Bond I Inc,0.8153
03/24/2012,Rathbone Ethical Bond I Inc,0.8153
03/25/2012,Rathbone Ethical Bond I Inc,0.8153
03/26/2012,Rathbone Ethical Bond I Inc,0.815
03/27/2012,Rathbone Ethical Bond I Inc,0.815
03/28/2012,Rathbone Ethical Bond I Inc,0.8155
03/29/2012,Rathbone Ethical Bond I Inc,0.8162
03/30/2012,Rathbone Ethical Bond I Inc,0.8154
03/31/2012,Rathbone Ethical Bond I Inc,0.8154
04/01/2012,Rathbone Ethical Bond I Inc,0.8154
04/02/2012,Rathbone Ethical Bond I Inc,0.815
04/03/2012,Rathbone Ethical Bond I Inc,0.8142
04/04/2012,Rathbone Ethical Bond I Inc,0.8138
04/05/2012,Rathbone Ethical Bond I Inc,0.8129
04/06/2012,Rathbone Ethical Bond I Inc,0.8129
04/07/2012,Rathbone Ethical Bond I Inc,0.8129
04/08/2012,Rathbone Ethical Bond I Inc,0.8129
04/09/2012,Rathbone Ethical Bond I Inc,0.8129
04/10/2012,Rathbone Ethical Bond I Inc,0.8122
04/11/2012,Rathbone Ethical Bond I Inc,0.8126
04/12/2012,Rathbone Ethical Bond I Inc,0.8117
04/13/2012,Rathbone Ethical Bond I Inc,0.8126
04/14/2012,Rathbone Ethical Bond I Inc,0.8126
04/15/2012,Rathbone Ethical Bond I Inc,0.8126
04/16/2012,Rathbone Ethical Bond I Inc,0.8118
04/17/2012,Rathbone Ethical Bond I Inc,0.8106
04/18/2012,Rathbone Ethical Bond I Inc,0.8094
04/19/2012,Rathbone Ethical Bond I Inc,0.8086
04/20/2012,Rathbone Ethical Bond I Inc,0.8059
04/21/2012,Rathbone Ethical Bond I Inc,0.8059
04/22/2012,Rathbone Ethical Bond I Inc,0.8059
04/23/2012,Rathbone Ethical Bond I Inc,0.8067
04/24/2012,Rathbone Ethical Bond I Inc,0.8067
04/25/2012,Rathbone Ethical Bond I Inc,0.8076
04/26/2012,Rathbone Ethical Bond I Inc,0.8076
04/27/2012,Rathbone Ethical Bond I Inc,0.8082
04/28/2012,Rathbone Ethical Bond I Inc,0.8082
04/29/2012,Rathbone Ethical Bond I Inc,0.8082
04/30/2012,Rathbone Ethical Bond I Inc,0.8094
05/01/2012,Rathbone Ethical Bond I Inc,0.8021
05/02/2012,Rathbone Ethical Bond I Inc,0.8003
05/03/2012,Rathbone Ethical Bond I Inc,0.8016
05/04/2012,Rathbone Ethical Bond I Inc,0.8024
05/05/2012,Rathbone Ethical Bond I Inc,0.8024
05/06/2012,Rathbone Ethical Bond I Inc,0.8024
05/07/2012,Rathbone Ethical Bond I Inc,0.8024
05/08/2012,Rathbone Ethical Bond I Inc,0.8052
05/09/2012,Rathbone Ethical Bond I Inc,0.8054
05/10/2012,Rathbone Ethical Bond I Inc,0.8037
05/11/2012,Rathbone Ethical Bond I Inc,0.8029
05/12/2012,Rathbone Ethical Bond I Inc,0.8029
05/13/2012,Rathbone Ethical Bond I Inc,0.8029
05/14/2012,Rathbone Ethical Bond I Inc,0.8034
05/15/2012,Rathbone Ethical Bond I Inc,0.8024
05/16/2012,Rathbone Ethical Bond I Inc,0.8029
05/17/2012,Rathbone Ethical Bond I Inc,0.8023
05/18/2012,Rathbone Ethical Bond I Inc,0.7971
05/19/2012,Rathbone Ethical Bond I Inc,0.7971
05/20/2012,Rathbone Ethical Bond I Inc,0.7971
05/21/2012,Rathbone Ethical Bond I Inc,0.7947
05/22/2012,Rathbone Ethical Bond I Inc,0.7944
05/23/2012,Rathbone Ethical Bond I Inc,0.7944
05/24/2012,Rathbone Ethical Bond I Inc,0.7918
05/25/2012,Rathbone Ethical Bond I Inc,0.7917
05/26/2012,Rathbone Ethical Bond I Inc,0.7917
05/27/2012,Rathbone Ethical Bond I Inc,0.7917
05/28/2012,Rathbone Ethical Bond I Inc,0.7922
05/29/2012,Rathbone Ethical Bond I Inc,0.7927
05/30/2012,Rathbone Ethical Bond I Inc,0.7931
05/31/2012,Rathbone Ethical Bond I Inc,0.7945
06/01/2012,Rathbone Ethical Bond I Inc,0.7985
06/02/2012,Rathbone Ethical Bond I Inc,0.7985
06/03/2012,Rathbone Ethical Bond I Inc,0.7985
06/04/2012,Rathbone Ethical Bond I Inc,0.7985
06/05/2012,Rathbone Ethical Bond I Inc,0.7985
06/06/2012,Rathbone Ethical Bond I Inc,0.7949
06/07/2012,Rathbone Ethical Bond I Inc,0.7959
06/08/2012,Rathbone Ethical Bond I Inc,0.7974
06/09/2012,Rathbone Ethical Bond I Inc,0.7974
06/10/2012,Rathbone Ethical Bond I Inc,0.7974
06/11/2012,Rathbone Ethical Bond I Inc,0.7982
06/12/2012,Rathbone Ethical Bond I Inc,0.7979
06/13/2012,Rathbone Ethical Bond I Inc,0.7962
06/14/2012,Rathbone Ethical Bond I Inc,0.7962
06/15/2012,Rathbone Ethical Bond I Inc,0.7975
06/16/2012,Rathbone Ethical Bond I Inc,0.7975
06/17/2012,Rathbone Ethical Bond I Inc,0.7975
06/18/2012,Rathbone Ethical Bond I Inc,0.7999
06/19/2012,Rathbone Ethical Bond I Inc,0.8008
06/20/2012,Rathbone Ethical Bond I Inc,0.8003
06/21/2012,Rathbone Ethical Bond I Inc,0.801
06/22/2012,Rathbone Ethical Bond I Inc,0.802
06/23/2012,Rathbone Ethical Bond I Inc,0.802
06/24/2012,Rathbone Ethical Bond I Inc,0.802
06/25/2012,Rathbone Ethical Bond I Inc,0.8028
06/26/2012,Rathbone Ethical Bond I Inc,0.8021
06/27/2012,Rathbone Ethical Bond I Inc,0.8025
06/28/2012,Rathbone Ethical Bond I Inc,0.8038
06/29/2012,Rathbone Ethical Bond I Inc,0.8023
06/30/2012,Rathbone Ethical Bond I Inc,0.8023
07/01/2012,Rathbone Ethical Bond I Inc,0.8023
07/02/2012,Rathbone Ethical Bond I Inc,0.8028
07/03/2012,Rathbone Ethical Bond I Inc,0.8039
07/04/2012,Rathbone Ethical Bond I Inc,0.8047
07/05/2012,Rathbone Ethical Bond I Inc,0.8077
07/06/2012,Rathbone Ethical Bond I Inc,0.8082
07/07/2012,Rathbone Ethical Bond I Inc,0.8082
07/08/2012,Rathbone Ethical Bond I Inc,0.8082
07/09/2012,Rathbone Ethical Bond I Inc,0.8105
07/10/2012,Rathbone Ethical Bond I Inc,0.8102
07/11/2012,Rathbone Ethical Bond I Inc,0.8114
07/12/2012,Rathbone Ethical Bond I Inc,0.8138
07/13/2012,Rathbone Ethical Bond I Inc,0.8138
07/14/2012,Rathbone Ethical Bond I Inc,0.8138
07/15/2012,Rathbone Ethical Bond I Inc,0.8138
07/16/2012,Rathbone Ethical Bond I Inc,0.815
07/17/2012,Rathbone Ethical Bond I Inc,0.8158
07/18/2012,Rathbone Ethical Bond I Inc,0.819
07/19/2012,Rathbone Ethical Bond I Inc,0.8211
07/20/2012,Rathbone Ethical Bond I Inc,0.8228
07/21/2012,Rathbone Ethical Bond I Inc,0.8228
07/22/2012,Rathbone Ethical Bond I Inc,0.8228
07/23/2012,Rathbone Ethical Bond I Inc,0.8243
07/24/2012,Rathbone Ethical Bond I Inc,0.8223
07/25/2012,Rathbone Ethical Bond I Inc,0.8216
07/26/2012,Rathbone Ethical Bond I Inc,0.8217
07/27/2012,Rathbone Ethical Bond I Inc,0.8223
07/28/2012,Rathbone Ethical Bond I Inc,0.8223
07/29/2012,Rathbone Ethical Bond I Inc,0.8223
07/30/2012,Rathbone Ethical Bond I Inc,0.8215
07/31/2012,Rathbone Ethical Bond I Inc,0.8248
08/01/2012,Rathbone Ethical Bond I Inc,0.8128
08/02/2012,Rathbone Ethical Bond I Inc,0.8129
08/03/2012,Rathbone Ethical Bond I Inc,0.8134
08/04/2012,Rathbone Ethical Bond I Inc,0.8134
08/05/2012,Rathbone Ethical Bond I Inc,0.8134
08/06/2012,Rathbone Ethical Bond I Inc,0.8154
08/07/2012,Rathbone Ethical Bond I Inc,0.8154
08/08/2012,Rathbone Ethical Bond I Inc,0.8169
08/09/2012,Rathbone Ethical Bond I Inc,0.8182
08/10/2012,Rathbone Ethical Bond I Inc,0.8197
08/11/2012,Rathbone Ethical Bond I Inc,0.8197
08/12/2012,Rathbone Ethical Bond I Inc,0.8197
08/13/2012,Rathbone Ethical Bond I Inc,0.82
08/14/2012,Rathbone Ethical Bond I Inc,0.8216
08/15/2012,Rathbone Ethical Bond I Inc,0.8214
08/16/2012,Rathbone Ethical Bond I Inc,0.8212
08/17/2012,Rathbone Ethical Bond I Inc,0.8222
08/18/2012,Rathbone Ethical Bond I Inc,0.8222
08/19/2012,Rathbone Ethical Bond I Inc,0.8222
08/20/2012,Rathbone Ethical Bond I Inc,0.823
08/21/2012,Rathbone Ethical Bond I Inc,0.8247
08/22/2012,Rathbone Ethical Bond I Inc,0.8263
08/23/2012,Rathbone Ethical Bond I Inc,0.8283
08/24/2012,Rathbone Ethical Bond I Inc,0.8288
08/25/2012,Rathbone Ethical Bond I Inc,0.8288
08/26/2012,Rathbone Ethical Bond I Inc,0.8288
08/27/2012,Rathbone Ethical Bond I Inc,0.8288
08/28/2012,Rathbone Ethical Bond I Inc,0.8303
08/29/2012,Rathbone Ethical Bond I Inc,0.8312
08/30/2012,Rathbone Ethical Bond I Inc,0.8317
08/31/2012,Rathbone Ethical Bond I Inc,0.8313
09/01/2012,Rathbone Ethical Bond I Inc,0.8313
09/02/2012,Rathbone Ethical Bond I Inc,0.8313
09/03/2012,Rathbone Ethical Bond I Inc,0.8323
09/04/2012,Rathbone Ethical Bond I Inc,0.8329
09/05/2012,Rathbone Ethical Bond I Inc,0.8338
09/06/2012,Rathbone Ethical Bond I Inc,0.8344
09/07/2012,Rathbone Ethical Bond I Inc,0.8345
09/08/2012,Rathbone Ethical Bond I Inc,0.8345
09/09/2012,Rathbone Ethical Bond I Inc,0.8345
09/10/2012,Rathbone Ethical Bond I Inc,0.836
09/11/2012,Rathbone Ethical Bond I Inc,0.8368
09/12/2012,Rathbone Ethical Bond I Inc,0.8362
09/13/2012,Rathbone Ethical Bond I Inc,0.8382
09/14/2012,Rathbone Ethical Bond I Inc,0.8382
09/15/2012,Rathbone Ethical Bond I Inc,0.8382
09/16/2012,Rathbone Ethical Bond I Inc,0.8382
09/17/2012,Rathbone Ethical Bond I Inc,0.8404
09/18/2012,Rathbone Ethical Bond I Inc,0.8427
09/19/2012,Rathbone Ethical Bond I Inc,0.8437
09/20/2012,Rathbone Ethical Bond I Inc,0.8464
09/21/2012,Rathbone Ethical Bond I Inc,0.8472
09/22/2012,Rathbone Ethical Bond I Inc,0.8472
09/23/2012,Rathbone Ethical Bond I Inc,0.8472
09/24/2012,Rathbone Ethical Bond I Inc,0.8481
09/25/2012,Rathbone Ethical Bond I Inc,0.8498
09/26/2012,Rathbone Ethical Bond I Inc,0.8503
09/27/2012,Rathbone Ethical Bond I Inc,0.851
09/28/2012,Rathbone Ethical Bond I Inc,0.8522
09/29/2012,Rathbone Ethical Bond I Inc,0.8522
09/30/2012,Rathbone Ethical Bond I Inc,0.8522
10/01/2012,Rathbone Ethical Bond I Inc,0.851
10/02/2012,Rathbone Ethical Bond I Inc,0.8517
10/03/2012,Rathbone Ethical Bond I Inc,0.8538
10/04/2012,Rathbone Ethical Bond I Inc,0.8561
10/05/2012,Rathbone Ethical Bond I Inc,0.8563
10/06/2012,Rathbone Ethical Bond I Inc,0.8563
10/07/2012,Rathbone Ethical Bond I Inc,0.8563
10/08/2012,Rathbone Ethical Bond I Inc,0.8574
10/09/2012,Rathbone Ethical Bond I Inc,0.8589
10/10/2012,Rathbone Ethical Bond I Inc,0.8592
10/11/2012,Rathbone Ethical Bond I Inc,0.8596
10/12/2012,Rathbone Ethical Bond I Inc,0.8614
10/13/2012,Rathbone Ethical Bond I Inc,0.8614
10/14/2012,Rathbone Ethical Bond I Inc,0.8614
10/15/2012,Rathbone Ethical Bond I Inc,0.8635
10/16/2012,Rathbone Ethical Bond I Inc,0.8645
10/17/2012,Rathbone Ethical Bond I Inc,0.864
10/18/2012,Rathbone Ethical Bond I Inc,0.8646
10/19/2012,Rathbone Ethical Bond I Inc,0.8659
10/20/2012,Rathbone Ethical Bond I Inc,0.8659
10/21/2012,Rathbone Ethical Bond I Inc,0.8659
10/22/2012,Rathbone Ethical Bond I Inc,0.8663
10/23/2012,Rathbone Ethical Bond I Inc,0.8667
10/24/2012,Rathbone Ethical Bond I Inc,0.8662
10/25/2012,Rathbone Ethical Bond I Inc,0.8646
10/26/2012,Rathbone Ethical Bond I Inc,0.8649
10/27/2012,Rathbone Ethical Bond I Inc,0.8649
10/28/2012,Rathbone Ethical Bond I Inc,0.8649
10/29/2012,Rathbone Ethical Bond I Inc,0.8662
10/30/2012,Rathbone Ethical Bond I Inc,0.8668
10/31/2012,Rathbone Ethical Bond I Inc,0.8671
11/01/2012,Rathbone Ethical Bond I Inc,0.8561
11/02/2012,Rathbone Ethical Bond I Inc,0.8575
11/03/2012,Rathbone Ethical Bond I Inc,0.8575
11/04/2012,Rathbone Ethical Bond I Inc,0.8575
11/05/2012,Rathbone Ethical Bond I Inc,0.8596
11/06/2012,Rathbone Ethical Bond I Inc,0.8606
11/07/2012,Rathbone Ethical Bond I Inc,0.8627
11/08/2012,Rathbone Ethical Bond I Inc,0.8635
11/09/2012,Rathbone Ethical Bond I Inc,0.8658
11/10/2012,Rathbone Ethical Bond I Inc,0.8658
11/11/2012,Rathbone Ethical Bond I Inc,0.8658
11/12/2012,Rathbone Ethical Bond I Inc,0.8655
11/13/2012,Rathbone Ethical Bond I Inc,0.865
11/14/2012,Rathbone Ethical Bond I Inc,0.8651
11/15/2012,Rathbone Ethical Bond I Inc,0.8655
11/16/2012,Rathbone Ethical Bond I Inc,0.8661
11/17/2012,Rathbone Ethical Bond I Inc,0.8661
11/18/2012,Rathbone Ethical Bond I Inc,0.8661
11/19/2012,Rathbone Ethical Bond I Inc,0.8654
11/20/2012,Rathbone Ethical Bond I Inc,0.8645
11/21/2012,Rathbone Ethical Bond I Inc,0.8626
11/22/2012,Rathbone Ethical Bond I Inc,0.8634
11/23/2012,Rathbone Ethical Bond I Inc,0.8652
11/24/2012,Rathbone Ethical Bond I Inc,0.8652
11/25/2012,Rathbone Ethical Bond I Inc,0.8652
11/26/2012,Rathbone Ethical Bond I Inc,0.8667
11/27/2012,Rathbone Ethical Bond I Inc,0.8665
11/28/2012,Rathbone Ethical Bond I Inc,0.8684
11/29/2012,Rathbone Ethical Bond I Inc,0.8696
11/30/2012,Rathbone Ethical Bond I Inc,0.8707
12/01/2012,Rathbone Ethical Bond I Inc,0.8707
12/02/2012,Rathbone Ethical Bond I Inc,0.8707
12/03/2012,Rathbone Ethical Bond I Inc,0.8697
12/04/2012,Rathbone Ethical Bond I Inc,0.8693
12/05/2012,Rathbone Ethical Bond I Inc,0.8707
12/06/2012,Rathbone Ethical Bond I Inc,0.872
12/07/2012,Rathbone Ethical Bond I Inc,0.8731
12/08/2012,Rathbone Ethical Bond I Inc,0.8731
12/09/2012,Rathbone Ethical Bond I Inc,0.8731
12/10/2012,Rathbone Ethical Bond I Inc,0.8733
12/11/2012,Rathbone Ethical Bond I Inc,0.8712
12/12/2012,Rathbone Ethical Bond I Inc,0.8712
12/13/2012,Rathbone Ethical Bond I Inc,0.8738
12/14/2012,Rathbone Ethical Bond I Inc,0.8735
12/15/2012,Rathbone Ethical Bond I Inc,0.8735
12/16/2012,Rathbone Ethical Bond I Inc,0.8735
12/17/2012,Rathbone Ethical Bond I Inc,0.875
12/18/2012,Rathbone Ethical Bond I Inc,0.8756
12/19/2012,Rathbone Ethical Bond I Inc,0.8756
12/20/2012,Rathbone Ethical Bond I Inc,0.8765
12/21/2012,Rathbone Ethical Bond I Inc,0.8794
12/22/2012,Rathbone Ethical Bond I Inc,0.8794
12/23/2012,Rathbone Ethical Bond I Inc,0.8794
12/24/2012,Rathbone Ethical Bond I Inc,0.8806
12/25/2012,Rathbone Ethical Bond I Inc,0.8806
12/26/2012,Rathbone Ethical Bond I Inc,0.8806
12/27/2012,Rathbone Ethical Bond I Inc,0.8806
12/28/2012,Rathbone Ethical Bond I Inc,0.8842
12/29/2012,Rathbone Ethical Bond I Inc,0.8842
12/30/2012,Rathbone Ethical Bond I Inc,0.8842
12/31/2012,Rathbone Ethical Bond I Inc,0.8841
01/01/2013,Rathbone Ethical Bond I Inc,0.8841
01/02/2013,Rathbone Ethical Bond I Inc,0.88
01/03/2013,Rathbone Ethical Bond I Inc,0.8809
01/04/2013,Rathbone Ethical Bond I Inc,0.8792
01/05/2013,Rathbone Ethical Bond I Inc,0.8792
01/06/2013,Rathbone Ethical Bond I Inc,0.8792
01/07/2013,Rathbone Ethical Bond I Inc,0.883
01/08/2013,Rathbone Ethical Bond I Inc,0.8859
01/09/2013,Rathbone Ethical Bond I Inc,0.8895
01/10/2013,Rathbone Ethical Bond I Inc,0.8905
01/11/2013,Rathbone Ethical Bond I Inc,0.8918
01/12/2013,Rathbone Ethical Bond I Inc,0.8918
01/13/2013,Rathbone Ethical Bond I Inc,0.8918
01/14/2013,Rathbone Ethical Bond I Inc,0.8927
01/15/2013,Rathbone Ethical Bond I Inc,0.8933
01/16/2013,Rathbone Ethical Bond I Inc,0.8931
01/17/2013,Rathbone Ethical Bond I Inc,0.8917
01/18/2013,Rathbone Ethical Bond I Inc,0.8926
01/19/2013,Rathbone Ethical Bond I Inc,0.8926
01/20/2013,Rathbone Ethical Bond I Inc,0.8926
01/21/2013,Rathbone Ethical Bond I Inc,0.8929
01/22/2013,Rathbone Ethical Bond I Inc,0.8941
01/23/2013,Rathbone Ethical Bond I Inc,0.894
01/24/2013,Rathbone Ethical Bond I Inc,0.8945
01/25/2013,Rathbone Ethical Bond I Inc,0.8914
01/26/2013,Rathbone Ethical Bond I Inc,0.8914
01/27/2013,Rathbone Ethical Bond I Inc,0.8914
01/28/2013,Rathbone Ethical Bond I Inc,0.891
01/29/2013,Rathbone Ethical Bond I Inc,0.8897
01/30/2013,Rathbone Ethical Bond I Inc,0.8857
01/31/2013,Rathbone Ethical Bond I Inc,0.885
02/01/2013,Rathbone Ethical Bond I Inc,0.8742
02/02/2013,Rathbone Ethical Bond I Inc,0.8742
02/03/2013,Rathbone Ethical Bond I Inc,0.8742
02/04/2013,Rathbone Ethical Bond I Inc,0.873
02/05/2013,Rathbone Ethical Bond I Inc,0.8734
02/06/2013,Rathbone Ethical Bond I Inc,0.873
02/07/2013,Rathbone Ethical Bond I Inc,0.8729
02/08/2013,Rathbone Ethical Bond I Inc,0.8739
02/09/2013,Rathbone Ethical Bond I Inc,0.8739
02/10/2013,Rathbone Ethical Bond I Inc,0.8739
02/11/2013,Rathbone Ethical Bond I Inc,0.8733
02/12/2013,Rathbone Ethical Bond I Inc,0.8736
02/13/2013,Rathbone Ethical Bond I Inc,0.873
02/14/2013,Rathbone Ethical Bond I Inc,0.8734
02/15/2013,Rathbone Ethical Bond I Inc,0.875
02/16/2013,Rathbone Ethical Bond I Inc,0.875
02/17/2013,Rathbone Ethical Bond I Inc,0.875
02/18/2013,Rathbone Ethical Bond I Inc,0.8748
02/19/2013,Rathbone Ethical Bond I Inc,0.8747
02/20/2013,Rathbone Ethical Bond I Inc,0.8746
02/21/2013,Rathbone Ethical Bond I Inc,0.8777
02/22/2013,Rathbone Ethical Bond I Inc,0.8782
02/23/2013,Rathbone Ethical Bond I Inc,0.8782
02/24/2013,Rathbone Ethical Bond I Inc,0.8782
02/25/2013,Rathbone Ethical Bond I Inc,0.8788
02/26/2013,Rathbone Ethical Bond I Inc,0.8811
02/27/2013,Rathbone Ethical Bond I Inc,0.8822
02/28/2013,Rathbone Ethical Bond I Inc,0.8822
03/01/2013,Rathbone Ethical Bond I Inc,0.8847
03/02/2013,Rathbone Ethical Bond I Inc,0.8847
03/03/2013,Rathbone Ethical Bond I Inc,0.8847
03/04/2013,Rathbone Ethical Bond I Inc,0.8854
03/05/2013,Rathbone Ethical Bond I Inc,0.8848
03/06/2013,Rathbone Ethical Bond I Inc,0.8849
03/07/2013,Rathbone Ethical Bond I Inc,0.8865
03/08/2013,Rathbone Ethical Bond I Inc,0.8857
03/09/2013,Rathbone Ethical Bond I Inc,0.8857
03/10/2013,Rathbone Ethical Bond I Inc,0.8857
03/11/2013,Rathbone Ethical Bond I Inc,0.8881
03/12/2013,Rathbone Ethical Bond I Inc,0.8904
03/13/2013,Rathbone Ethical Bond I Inc,0.8911
03/14/2013,Rathbone Ethical Bond I Inc,0.8903
03/15/2013,Rathbone Ethical Bond I Inc,0.8902
03/16/2013,Rathbone Ethical Bond I Inc,0.8902
03/17/2013,Rathbone Ethical Bond I Inc,0.8902
03/18/2013,Rathbone Ethical Bond I Inc,0.8916
03/19/2013,Rathbone Ethical Bond I Inc,0.8925
03/20/2013,Rathbone Ethical Bond I Inc,0.8909
03/21/2013,Rathbone Ethical Bond I Inc,0.8918
03/22/2013,Rathbone Ethical Bond I Inc,0.8916
03/23/2013,Rathbone Ethical Bond I Inc,0.8916
03/24/2013,Rathbone Ethical Bond I Inc,0.8916
03/25/2013,Rathbone Ethical Bond I Inc,0.8917
03/26/2013,Rathbone Ethical Bond I Inc,0.8934
03/27/2013,Rathbone Ethical Bond I Inc,0.8954
03/28/2013,Rathbone Ethical Bond I Inc,0.8934
03/29/2013,Rathbone Ethical Bond I Inc,0.8934
03/30/2013,Rathbone Ethical Bond I Inc,0.8934
03/31/2013,Rathbone Ethical Bond I Inc,0.8934
04/01/2013,Rathbone Ethical Bond I Inc,0.8934
04/02/2013,Rathbone Ethical Bond I Inc,0.8939
04/03/2013,Rathbone Ethical Bond I Inc,0.8936
04/04/2013,Rathbone Ethical Bond I Inc,0.8953
04/05/2013,Rathbone Ethical Bond I Inc,0.8972
04/06/2013,Rathbone Ethical Bond I Inc,0.8972
04/07/2013,Rathbone Ethical Bond I Inc,0.8972
04/08/2013,Rathbone Ethical Bond I Inc,0.8995
04/09/2013,Rathbone Ethical Bond I Inc,0.8997
04/10/2013,Rathbone Ethical Bond I Inc,0.9002
04/11/2013,Rathbone Ethical Bond I Inc,0.9015
04/12/2013,Rathbone Ethical Bond I Inc,0.904
04/13/2013,Rathbone Ethical Bond I Inc,0.904
04/14/2013,Rathbone Ethical Bond I Inc,0.904
04/15/2013,Rathbone Ethical Bond I Inc,0.9046
04/16/2013,Rathbone Ethical Bond I Inc,0.905
04/17/2013,Rathbone Ethical Bond I Inc,0.9055
04/18/2013,Rathbone Ethical Bond I Inc,0.9064
04/19/2013,Rathbone Ethical Bond I Inc,0.9071
04/20/2013,Rathbone Ethical Bond I Inc,0.9071
04/21/2013,Rathbone Ethical Bond I Inc,0.9071
04/22/2013,Rathbone Ethical Bond I Inc,0.9081
04/23/2013,Rathbone Ethical Bond I Inc,0.9098
04/24/2013,Rathbone Ethical Bond I Inc,0.9085
04/25/2013,Rathbone Ethical Bond I Inc,0.9096
04/26/2013,Rathbone Ethical Bond I Inc,0.9107
04/27/2013,Rathbone Ethical Bond I Inc,0.9107
04/28/2013,Rathbone Ethical Bond I Inc,0.9107
04/29/2013,Rathbone Ethical Bond I Inc,0.9123
04/30/2013,Rathbone Ethical Bond I Inc,0.916
05/01/2013,Rathbone Ethical Bond I Inc,0.9074
05/02/2013,Rathbone Ethical Bond I Inc,0.9087
05/03/2013,Rathbone Ethical Bond I Inc,0.9103
05/04/2013,Rathbone Ethical Bond I Inc,0.9103
05/05/2013,Rathbone Ethical Bond I Inc,0.9103
05/06/2013,Rathbone Ethical Bond I Inc,0.9103
05/07/2013,Rathbone Ethical Bond I Inc,0.9086
05/08/2013,Rathbone Ethical Bond I Inc,0.9098
05/09/2013,Rathbone Ethical Bond I Inc,0.9102
05/10/2013,Rathbone Ethical Bond I Inc,0.9064
05/11/2013,Rathbone Ethical Bond I Inc,0.9064
05/12/2013,Rathbone Ethical Bond I Inc,0.9064
05/13/2013,Rathbone Ethical Bond I Inc,0.9041
05/14/2013,Rathbone Ethical Bond I Inc,0.9023
05/15/2013,Rathbone Ethical Bond I Inc,0.9013
05/16/2013,Rathbone Ethical Bond I Inc,0.9017
05/17/2013,Rathbone Ethical Bond I Inc,0.9041
05/18/2013,Rathbone Ethical Bond I Inc,0.9041
05/19/2013,Rathbone Ethical Bond I Inc,0.9041
05/20/2013,Rathbone Ethical Bond I Inc,0.9037
05/21/2013,Rathbone Ethical Bond I Inc,0.9041
05/22/2013,Rathbone Ethical Bond I Inc,0.9047
05/23/2013,Rathbone Ethical Bond I Inc,0.904
05/24/2013,Rathbone Ethical Bond I Inc,0.9035
05/25/2013,Rathbone Ethical Bond I Inc,0.9035
05/26/2013,Rathbone Ethical Bond I Inc,0.9035
05/27/2013,Rathbone Ethical Bond I Inc,0.9035
05/28/2013,Rathbone Ethical Bond I Inc,0.9035
05/29/2013,Rathbone Ethical Bond I Inc,0.9004
05/30/2013,Rathbone Ethical Bond I Inc,0.8995
05/31/2013,Rathbone Ethical Bond I Inc,0.8999
06/01/2013,Rathbone Ethical Bond I Inc,0.8999
06/02/2013,Rathbone Ethical Bond I Inc,0.8999
06/03/2013,Rathbone Ethical Bond I Inc,0.8941
06/04/2013,Rathbone Ethical Bond I Inc,0.8942
06/05/2013,Rathbone Ethical Bond I Inc,0.8924
06/06/2013,Rathbone Ethical Bond I Inc,0.891
06/07/2013,Rathbone Ethical Bond I Inc,0.8899
06/08/2013,Rathbone Ethical Bond I Inc,0.8899
06/09/2013,Rathbone Ethical Bond I Inc,0.8899
06/10/2013,Rathbone Ethical Bond I Inc,0.8881
06/11/2013,Rathbone Ethical Bond I Inc,0.8827
06/12/2013,Rathbone Ethical Bond I Inc,0.8826
06/13/2013,Rathbone Ethical Bond I Inc,0.882
06/14/2013,Rathbone Ethical Bond I Inc,0.8849
06/15/2013,Rathbone Ethical Bond I Inc,0.8849
06/16/2013,Rathbone Ethical Bond I Inc,0.8849
06/17/2013,Rathbone Ethical Bond I Inc,0.8855
06/18/2013,Rathbone Ethical Bond I Inc,0.8842
06/19/2013,Rathbone Ethical Bond I Inc,0.8845
06/20/2013,Rathbone Ethical Bond I Inc,0.8776
06/21/2013,Rathbone Ethical Bond I Inc,0.8742
06/22/2013,Rathbone Ethical Bond I Inc,0.8742
06/23/2013,Rathbone Ethical Bond I Inc,0.8742
06/24/2013,Rathbone Ethical Bond I Inc,0.8673
06/25/2013,Rathbone Ethical Bond I Inc,0.8634
06/26/2013,Rathbone Ethical Bond I Inc,0.8634
06/27/2013,Rathbone Ethical Bond I Inc,0.8671
06/28/2013,Rathbone Ethical Bond I Inc,0.8686
06/29/2013,Rathbone Ethical Bond I Inc,0.8686
06/30/2013,Rathbone Ethical Bond I Inc,0.8686
07/01/2013,Rathbone Ethical Bond I Inc,0.8662
07/02/2013,Rathbone Ethical Bond I Inc,0.8692
07/03/2013,Rathbone Ethical Bond I Inc,0.8699
07/04/2013,Rathbone Ethical Bond I Inc,0.8681
07/05/2013,Rathbone Ethical Bond I Inc,0.8687
07/06/2013,Rathbone Ethical Bond I Inc,0.8687
07/07/2013,Rathbone Ethical Bond I Inc,0.8687
07/08/2013,Rathbone Ethical Bond I Inc,0.8677
07/09/2013,Rathbone Ethical Bond I Inc,0.8705
07/10/2013,Rathbone Ethical Bond I Inc,0.8713
07/11/2013,Rathbone Ethical Bond I Inc,0.872
07/12/2013,Rathbone Ethical Bond I Inc,0.8741
07/13/2013,Rathbone Ethical Bond I Inc,0.8741
07/14/2013,Rathbone Ethical Bond I Inc,0.8741
07/15/2013,Rathbone Ethical Bond I Inc,0.8754
07/16/2013,Rathbone Ethical Bond I Inc,0.8769
07/17/2013,Rathbone Ethical Bond I Inc,0.8765
07/18/2013,Rathbone Ethical Bond I Inc,0.8792
07/19/2013,Rathbone Ethical Bond I Inc,0.8799
07/20/2013,Rathbone Ethical Bond I Inc,0.8799
07/21/2013,Rathbone Ethical Bond I Inc,0.8799
07/22/2013,Rathbone Ethical Bond I Inc,0.8803
07/23/2013,Rathbone Ethical Bond I Inc,0.8808
07/24/2013,Rathbone Ethical Bond I Inc,0.8764
07/25/2013,Rathbone Ethical Bond I Inc,0.8789
07/26/2013,Rathbone Ethical Bond I Inc,0.8801
07/27/2013,Rathbone Ethical Bond I Inc,0.8801
07/28/2013,Rathbone Ethical Bond I Inc,0.8801
07/29/2013,Rathbone Ethical Bond I Inc,0.8814
07/30/2013,Rathbone Ethical Bond I Inc,0.8812
07/31/2013,Rathbone Ethical Bond I Inc,0.8817
08/01/2013,Rathbone Ethical Bond I Inc,0.8727
08/02/2013,Rathbone Ethical Bond I Inc,0.8706
08/03/2013,Rathbone Ethical Bond I Inc,0.8706
08/04/2013,Rathbone Ethical Bond I Inc,0.8706
08/05/2013,Rathbone Ethical Bond I Inc,0.8709
08/06/2013,Rathbone Ethical Bond I Inc,0.8708
08/07/2013,Rathbone Ethical Bond I Inc,0.8696
08/08/2013,Rathbone Ethical Bond I Inc,0.8708
08/09/2013,Rathbone Ethical Bond I Inc,0.872
08/10/2013,Rathbone Ethical Bond I Inc,0.872
08/11/2013,Rathbone Ethical Bond I Inc,0.872
08/12/2013,Rathbone Ethical Bond I Inc,0.8722
08/13/2013,Rathbone Ethical Bond I Inc,0.871
08/14/2013,Rathbone Ethical Bond I Inc,0.8694
08/15/2013,Rathbone Ethical Bond I Inc,0.8685
08/16/2013,Rathbone Ethical Bond I Inc,0.868
08/17/2013,Rathbone Ethical Bond I Inc,0.868
08/18/2013,Rathbone Ethical Bond I Inc,0.868
08/19/2013,Rathbone Ethical Bond I Inc,0.8666
08/20/2013,Rathbone Ethical Bond I Inc,0.8658
08/21/2013,Rathbone Ethical Bond I Inc,0.8649
08/22/2013,Rathbone Ethical Bond I Inc,0.8624
08/23/2013,Rathbone Ethical Bond I Inc,0.8634
08/24/2013,Rathbone Ethical Bond I Inc,0.8634
08/25/2013,Rathbone Ethical Bond I Inc,0.8634
08/26/2013,Rathbone Ethical Bond I Inc,0.8634
08/27/2013,Rathbone Ethical Bond I Inc,0.8674
08/28/2013,Rathbone Ethical Bond I Inc,0.8691
08/29/2013,Rathbone Ethical Bond I Inc,0.8689
08/30/2013,Rathbone Ethical Bond I Inc,0.8694
08/31/2013,Rathbone Ethical Bond I Inc,0.8694
09/01/2013,Rathbone Ethical Bond I Inc,0.8694
09/02/2013,Rathbone Ethical Bond I Inc,0.8674
09/03/2013,Rathbone Ethical Bond I Inc,0.8677
09/04/2013,Rathbone Ethical Bond I Inc,0.8678
09/05/2013,Rathbone Ethical Bond I Inc,0.8672
09/06/2013,Rathbone Ethical Bond I Inc,0.8659
09/07/2013,Rathbone Ethical Bond I Inc,0.8659
09/08/2013,Rathbone Ethical Bond I Inc,0.8659
09/09/2013,Rathbone Ethical Bond I Inc,0.8671
09/10/2013,Rathbone Ethical Bond I Inc,0.8657
09/11/2013,Rathbone Ethical Bond I Inc,0.8662
09/12/2013,Rathbone Ethical Bond I Inc,0.868
09/13/2013,Rathbone Ethical Bond I Inc,0.8685
09/14/2013,Rathbone Ethical Bond I Inc,0.8685
09/15/2013,Rathbone Ethical Bond I Inc,0.8685
09/16/2013,Rathbone Ethical Bond I Inc,0.8711
09/17/2013,Rathbone Ethical Bond I Inc,0.871
09/18/2013,Rathbone Ethical Bond I Inc,0.8686
09/19/2013,Rathbone Ethical Bond I Inc,0.8737
09/20/2013,Rathbone Ethical Bond I Inc,0.8733
09/21/2013,Rathbone Ethical Bond I Inc,0.8733
09/22/2013,Rathbone Ethical Bond I Inc,0.8733
09/23/2013,Rathbone Ethical Bond I Inc,0.8728
09/24/2013,Rathbone Ethical Bond I Inc,0.8759
09/25/2013,Rathbone Ethical Bond I Inc,0.8787
09/26/2013,Rathbone Ethical Bond I Inc,0.8798
09/27/2013,Rathbone Ethical Bond I Inc,0.8802
09/28/2013,Rathbone Ethical Bond I Inc,0.8802
09/29/2013,Rathbone Ethical Bond I Inc,0.8802
09/30/2013,Rathbone Ethical Bond I Inc,0.8806
10/01/2013,Rathbone Ethical Bond I Inc,0.8803
10/02/2013,Rathbone Ethical Bond I Inc,0.8818
10/03/2013,Rathbone Ethical Bond I Inc,0.8813
10/04/2013,Rathbone Ethical Bond I Inc,0.8828
10/05/2013,Rathbone Ethical Bond I Inc,0.8828
10/06/2013,Rathbone Ethical Bond I Inc,0.8828
10/07/2013,Rathbone Ethical Bond I Inc,0.8842
10/08/2013,Rathbone Ethical Bond I Inc,0.8852
10/09/2013,Rathbone Ethical Bond I Inc,0.8863
10/10/2013,Rathbone Ethical Bond I Inc,0.8855
10/11/2013,Rathbone Ethical Bond I Inc,0.8863
10/12/2013,Rathbone Ethical Bond I Inc,0.8863
10/13/2013,Rathbone Ethical Bond I Inc,0.8863
10/14/2013,Rathbone Ethical Bond I Inc,0.8871
10/15/2013,Rathbone Ethical Bond I Inc,0.8863
10/16/2013,Rathbone Ethical Bond I Inc,0.8861
10/17/2013,Rathbone Ethical Bond I Inc,0.8881
10/18/2013,Rathbone Ethical Bond I Inc,0.8923
10/19/2013,Rathbone Ethical Bond I Inc,0.8923
10/20/2013,Rathbone Ethical Bond I Inc,0.8923
10/21/2013,Rathbone Ethical Bond I Inc,0.8924
10/22/2013,Rathbone Ethical Bond I Inc,0.8921
10/23/2013,Rathbone Ethical Bond I Inc,0.8955
10/24/2013,Rathbone Ethical Bond I Inc,0.896
10/25/2013,Rathbone Ethical Bond I Inc,0.8956
10/26/2013,Rathbone Ethical Bond I Inc,0.8956
10/27/2013,Rathbone Ethical Bond I Inc,0.8956
10/28/2013,Rathbone Ethical Bond I Inc,0.8968
10/29/2013,Rathbone Ethical Bond I Inc,0.8975
10/30/2013,Rathbone Ethical Bond I Inc,0.8994
10/31/2013,Rathbone Ethical Bond I Inc,0.9005
11/01/2013,Rathbone Ethical Bond I Inc,0.8889
11/02/2013,Rathbone Ethical Bond I Inc,0.8889
11/03/2013,Rathbone Ethical Bond I Inc,0.8889
11/04/2013,Rathbone Ethical Bond I Inc,0.8898
11/05/2013,Rathbone Ethical Bond I Inc,0.8896
11/06/2013,Rathbone Ethical Bond I Inc,0.8864
11/07/2013,Rathbone Ethical Bond I Inc,0.8882
11/08/2013,Rathbone Ethical Bond I Inc,0.8906
11/09/2013,Rathbone Ethical Bond I Inc,0.8906
11/10/2013,Rathbone Ethical Bond I Inc,0.8906
11/11/2013,Rathbone Ethical Bond I Inc,0.8881
11/12/2013,Rathbone Ethical Bond I Inc,0.8882
11/13/2013,Rathbone Ethical Bond I Inc,0.8866
11/14/2013,Rathbone Ethical Bond I Inc,0.8872
11/15/2013,Rathbone Ethical Bond I Inc,0.8893
11/16/2013,Rathbone Ethical Bond I Inc,0.8893
11/17/2013,Rathbone Ethical Bond I Inc,0.8893
11/18/2013,Rathbone Ethical Bond I Inc,0.8889
11/19/2013,Rathbone Ethical Bond I Inc,0.89
11/20/2013,Rathbone Ethical Bond I Inc,0.8888
11/21/2013,Rathbone Ethical Bond I Inc,0.8864
11/22/2013,Rathbone Ethical Bond I Inc,0.8869
11/23/2013,Rathbone Ethical Bond I Inc,0.8869
11/24/2013,Rathbone Ethical Bond I Inc,0.8869
11/25/2013,Rathbone Ethical Bond I Inc,0.8884
11/26/2013,Rathbone Ethical Bond I Inc,0.8897
11/27/2013,Rathbone Ethical Bond I Inc,0.8914
11/28/2013,Rathbone Ethical Bond I Inc,0.8906
11/29/2013,Rathbone Ethical Bond I Inc,0.8915
11/30/2013,Rathbone Ethical Bond I Inc,0.8915
12/01/2013,Rathbone Ethical Bond I Inc,0.8915
12/02/2013,Rathbone Ethical Bond I Inc,0.8907
12/03/2013,Rathbone Ethical Bond I Inc,0.889
12/04/2013,Rathbone Ethical Bond I Inc,0.889
12/05/2013,Rathbone Ethical Bond I Inc,0.8887
12/06/2013,Rathbone Ethical Bond I Inc,0.8875
12/07/2013,Rathbone Ethical Bond I Inc,0.8875
12/08/2013,Rathbone Ethical Bond I Inc,0.8875
12/09/2013,Rathbone Ethical Bond I Inc,0.8874
12/10/2013,Rathbone Ethical Bond I Inc,0.8878
12/11/2013,Rathbone Ethical Bond I Inc,0.8888
12/12/2013,Rathbone Ethical Bond I Inc,0.8883
12/13/2013,Rathbone Ethical Bond I Inc,0.8877
12/14/2013,Rathbone Ethical Bond I Inc,0.8877
12/15/2013,Rathbone Ethical Bond I Inc,0.8877
12/16/2013,Rathbone Ethical Bond I Inc,0.8885
12/17/2013,Rathbone Ethical Bond I Inc,0.8893
12/18/2013,Rathbone Ethical Bond I Inc,0.8892
12/19/2013,Rathbone Ethical Bond I Inc,0.8884
12/20/2013,Rathbone Ethical Bond I Inc,0.8875
12/21/2013,Rathbone Ethical Bond I Inc,0.8875
12/22/2013,Rathbone Ethical Bond I Inc,0.8875
12/23/2013,Rathbone Ethical Bond I Inc,0.8885
12/24/2013,Rathbone Ethical Bond I Inc,0.8877
12/25/2013,Rathbone Ethical Bond I Inc,0.8877
12/26/2013,Rathbone Ethical Bond I Inc,0.8877
12/27/2013,Rathbone Ethical Bond I Inc,0.8867
12/28/2013,Rathbone Ethical Bond I Inc,0.8867
12/29/2013,Rathbone Ethical Bond I Inc,0.8867
12/30/2013,Rathbone Ethical Bond I Inc,0.8865
12/31/2013,Rathbone Ethical Bond I Inc,0.887
01/01/2014,Rathbone Ethical Bond I Inc,0.887
01/02/2014,Rathbone Ethical Bond I Inc,0.8869
01/03/2014,Rathbone Ethical Bond I Inc,0.888
01/04/2014,Rathbone Ethical Bond I Inc,0.888
01/05/2014,Rathbone Ethical Bond I Inc,0.888
01/06/2014,Rathbone Ethical Bond I Inc,0.8899
01/07/2014,Rathbone Ethical Bond I Inc,0.8922
01/08/2014,Rathbone Ethical Bond I Inc,0.8933
01/09/2014,Rathbone Ethical Bond I Inc,0.8929
01/10/2014,Rathbone Ethical Bond I Inc,0.8944
01/11/2014,Rathbone Ethical Bond I Inc,0.8944
01/12/2014,Rathbone Ethical Bond I Inc,0.8944
01/13/2014,Rathbone Ethical Bond I Inc,0.898
01/14/2014,Rathbone Ethical Bond I Inc,0.8991
01/15/2014,Rathbone Ethical Bond I Inc,0.9001
01/16/2014,Rathbone Ethical Bond I Inc,0.9005
01/17/2014,Rathbone Ethical Bond I Inc,0.9016
01/18/2014,Rathbone Ethical Bond I Inc,0.9016
01/19/2014,Rathbone Ethical Bond I Inc,0.9016
01/20/2014,Rathbone Ethical Bond I Inc,0.9019
01/21/2014,Rathbone Ethical Bond I Inc,0.9013
01/22/2014,Rathbone Ethical Bond I Inc,0.9009
01/23/2014,Rathbone Ethical Bond I Inc,0.9013
01/24/2014,Rathbone Ethical Bond I Inc,0.9027
01/25/2014,Rathbone Ethical Bond I Inc,0.9027
01/26/2014,Rathbone Ethical Bond I Inc,0.9027
01/27/2014,Rathbone Ethical Bond I Inc,0.901
01/28/2014,Rathbone Ethical Bond I Inc,0.9005
01/29/2014,Rathbone Ethical Bond I Inc,0.9014
01/30/2014,Rathbone Ethical Bond I Inc,0.9025
01/31/2014,Rathbone Ethical Bond I Inc,0.9035
02/01/2014,Rathbone Ethical Bond I Inc,0.9035
02/02/2014,Rathbone Ethical Bond I Inc,0.9035
02/03/2014,Rathbone Ethical Bond I Inc,0.8951
02/04/2014,Rathbone Ethical Bond I Inc,0.8959
02/05/2014,Rathbone Ethical Bond I Inc,0.8964
02/06/2014,Rathbone Ethical Bond I Inc,0.8955
02/07/2014,Rathbone Ethical Bond I Inc,0.8948
02/08/2014,Rathbone Ethical Bond I Inc,0.8948
02/09/2014,Rathbone Ethical Bond I Inc,0.8948
02/10/2014,Rathbone Ethical Bond I Inc,0.8959
02/11/2014,Rathbone Ethical Bond I Inc,0.8958
02/12/2014,Rathbone Ethical Bond I Inc,0.8944
02/13/2014,Rathbone Ethical Bond I Inc,0.8947
02/14/2014,Rathbone Ethical Bond I Inc,0.8944
02/15/2014,Rathbone Ethical Bond I Inc,0.8944
02/16/2014,Rathbone Ethical Bond I Inc,0.8944
02/17/2014,Rathbone Ethical Bond I Inc,0.8948
02/18/2014,Rathbone Ethical Bond I Inc,0.8963
02/19/2014,Rathbone Ethical Bond I Inc,0.8982
02/20/2014,Rathbone Ethical Bond I Inc,0.8976
02/21/2014,Rathbone Ethical Bond I Inc,0.8959
02/22/2014,Rathbone Ethical Bond I Inc,0.8959
02/23/2014,Rathbone Ethical Bond I Inc,0.8959
02/24/2014,Rathbone Ethical Bond I Inc,0.8968
02/25/2014,Rathbone Ethical Bond I Inc,0.8979
02/26/2014,Rathbone Ethical Bond I Inc,0.8984
02/27/2014,Rathbone Ethical Bond I Inc,0.9015
02/28/2014,Rathbone Ethical Bond I Inc,0.9004
03/01/2014,Rathbone Ethical Bond I Inc,0.9004
03/02/2014,Rathbone Ethical Bond I Inc,0.9004
03/03/2014,Rathbone Ethical Bond I Inc,0.9027
03/04/2014,Rathbone Ethical Bond I Inc,0.9022
03/05/2014,Rathbone Ethical Bond I Inc,0.9021
03/06/2014,Rathbone Ethical Bond I Inc,0.9022
03/07/2014,Rathbone Ethical Bond I Inc,0.9024
03/08/2014,Rathbone Ethical Bond I Inc,0.9024
03/09/2014,Rathbone Ethical Bond I Inc,0.9024
03/10/2014,Rathbone Ethical Bond I Inc,0.9021
03/11/2014,Rathbone Ethical Bond I Inc,0.9028
03/12/2014,Rathbone Ethical Bond I Inc,0.9039
03/13/2014,Rathbone Ethical Bond I Inc,0.9042
03/14/2014,Rathbone Ethical Bond I Inc,0.9064
03/15/2014,Rathbone Ethical Bond I Inc,0.9064
03/16/2014,Rathbone Ethical Bond I Inc,0.9064
03/17/2014,Rathbone Ethical Bond I Inc,0.906
03/18/2014,Rathbone Ethical Bond I Inc,0.9062
03/19/2014,Rathbone Ethical Bond I Inc,0.9066
03/20/2014,Rathbone Ethical Bond I Inc,0.9043
03/21/2014,Rathbone Ethical Bond I Inc,0.9044
03/22/2014,Rathbone Ethical Bond I Inc,0.9044
03/23/2014,Rathbone Ethical Bond I Inc,0.9044
03/24/2014,Rathbone Ethical Bond I Inc,0.9046
03/25/2014,Rathbone Ethical Bond I Inc,0.906
03/26/2014,Rathbone Ethical Bond I Inc,0.9059
03/27/2014,Rathbone Ethical Bond I Inc,0.906
03/28/2014,Rathbone Ethical Bond I Inc,0.9064
03/29/2014,Rathbone Ethical Bond I Inc,0.9064
03/30/2014,Rathbone Ethical Bond I Inc,0.9064
03/31/2014,Rathbone Ethical Bond I Inc,0.905
04/01/2014,Rathbone Ethical Bond I Inc,0.9049
04/02/2014,Rathbone Ethical Bond I Inc,0.9055
04/03/2014,Rathbone Ethical Bond I Inc,0.9054
04/04/2014,Rathbone Ethical Bond I Inc,0.9062
04/05/2014,Rathbone Ethical Bond I Inc,0.9062
04/06/2014,Rathbone Ethical Bond I Inc,0.9062
04/07/2014,Rathbone Ethical Bond I Inc,0.9093
04/08/2014,Rathbone Ethical Bond I Inc,0.9094
04/09/2014,Rathbone Ethical Bond I Inc,0.9096
04/10/2014,Rathbone Ethical Bond I Inc,0.9118
04/11/2014,Rathbone Ethical Bond I Inc,0.9127
04/12/2014,Rathbone Ethical Bond I Inc,0.9127
04/13/2014,Rathbone Ethical Bond I Inc,0.9127
04/14/2014,Rathbone Ethical Bond I Inc,0.9133
04/15/2014,Rathbone Ethical Bond I Inc,0.9122
04/16/2014,Rathbone Ethical Bond I Inc,0.9126
04/17/2014,Rathbone Ethical Bond I Inc,0.913
04/18/2014,Rathbone Ethical Bond I Inc,0.913
04/19/2014,Rathbone Ethical Bond I Inc,0.913
04/20/2014,Rathbone Ethical Bond I Inc,0.913
04/21/2014,Rathbone Ethical Bond I Inc,0.913
04/22/2014,Rathbone Ethical Bond I Inc,0.9117
04/23/2014,Rathbone Ethical Bond I Inc,0.9121
04/24/2014,Rathbone Ethical Bond I Inc,0.9128
04/25/2014,Rathbone Ethical Bond I Inc,0.9141
04/26/2014,Rathbone Ethical Bond I Inc,0.9141
04/27/2014,Rathbone Ethical Bond I Inc,0.9141
04/28/2014,Rathbone Ethical Bond I Inc,0.9151
04/29/2014,Rathbone Ethical Bond I Inc,0.9144
04/30/2014,Rathbone Ethical Bond I Inc,0.914
05/01/2014,Rathbone Ethical Bond I Inc,0.9063
05/02/2014,Rathbone Ethical Bond I Inc,0.9072
05/03/2014,Rathbone Ethical Bond I Inc,0.9072
05/04/2014,Rathbone Ethical Bond I Inc,0.9072
05/05/2014,Rathbone Ethical Bond I Inc,0.9072
05/06/2014,Rathbone Ethical Bond I Inc,0.9077
05/07/2014,Rathbone Ethical Bond I Inc,0.9088
05/08/2014,Rathbone Ethical Bond I Inc,0.9091
05/09/2014,Rathbone Ethical Bond I Inc,0.9102
05/10/2014,Rathbone Ethical Bond I Inc,0.9102
05/11/2014,Rathbone Ethical Bond I Inc,0.9102
05/12/2014,Rathbone Ethical Bond I Inc,0.9091
05/13/2014,Rathbone Ethical Bond I Inc,0.9105
05/14/2014,Rathbone Ethical Bond I Inc,0.9135
05/15/2014,Rathbone Ethical Bond I Inc,0.9156
05/16/2014,Rathbone Ethical Bond I Inc,0.9161
05/17/2014,Rathbone Ethical Bond I Inc,0.9161
05/18/2014,Rathbone Ethical Bond I Inc,0.9161
05/19/2014,Rathbone Ethical Bond I Inc,0.9153
05/20/2014,Rathbone Ethical Bond I Inc,0.9142
05/21/2014,Rathbone Ethical Bond I Inc,0.9134
05/22/2014,Rathbone Ethical Bond I Inc,0.9131
05/23/2014,Rathbone Ethical Bond I Inc,0.9126
05/24/2014,Rathbone Ethical Bond I Inc,0.9126
05/25/2014,Rathbone Ethical Bond I Inc,0.9126
05/26/2014,Rathbone Ethical Bond I Inc,0.9126
05/27/2014,Rathbone Ethical Bond I Inc,0.9136
05/28/2014,Rathbone Ethical Bond I Inc,0.9148
05/29/2014,Rathbone Ethical Bond I Inc,0.917
05/30/2014,Rathbone Ethical Bond I Inc,0.9163
05/31/2014,Rathbone Ethical Bond I Inc,0.9163
06/01/2014,Rathbone Ethical Bond I Inc,0.9163
06/02/2014,Rathbone Ethical Bond I Inc,0.9164
06/03/2014,Rathbone Ethical Bond I Inc,0.9156
06/04/2014,Rathbone Ethical Bond I Inc,0.9156
06/05/2014,Rathbone Ethical Bond I Inc,0.9159
06/06/2014,Rathbone Ethical Bond I Inc,0.9174
06/07/2014,Rathbone Ethical Bond I Inc,0.9174
06/08/2014,Rathbone Ethical Bond I Inc,0.9174
06/09/2014,Rathbone Ethical Bond I Inc,0.9173
06/10/2014,Rathbone Ethical Bond I Inc,0.9172
06/11/2014,Rathbone Ethical Bond I Inc,0.9168
06/12/2014,Rathbone Ethical Bond I Inc,0.9172
06/13/2014,Rathbone Ethical Bond I Inc,0.9164
06/14/2014,Rathbone Ethical Bond I Inc,0.9164
06/15/2014,Rathbone Ethical Bond I Inc,0.9164
06/16/2014,Rathbone Ethical Bond I Inc,0.9164
06/17/2014,Rathbone Ethical Bond I Inc,0.9166
06/18/2014,Rathbone Ethical Bond I Inc,0.9173
06/19/2014,Rathbone Ethical Bond I Inc,0.9182
06/20/2014,Rathbone Ethical Bond I Inc,0.9166
06/21/2014,Rathbone Ethical Bond I Inc,0.9166
06/22/2014,Rathbone Ethical Bond I Inc,0.9166
06/23/2014,Rathbone Ethical Bond I Inc,0.9175
06/24/2014,Rathbone Ethical Bond I Inc,0.9178
06/25/2014,Rathbone Ethical Bond I Inc,0.9189
06/26/2014,Rathbone Ethical Bond I Inc,0.9204
06/27/2014,Rathbone Ethical Bond I Inc,0.9215
06/28/2014,Rathbone Ethical Bond I Inc,0.9215
06/29/2014,Rathbone Ethical Bond I Inc,0.9215
06/30/2014,Rathbone Ethical Bond I Inc,0.9209
07/01/2014,Rathbone Ethical Bond I Inc,0.9193
07/02/2014,Rathbone Ethical Bond I Inc,0.9196
07/03/2014,Rathbone Ethical Bond I Inc,0.9179
07/04/2014,Rathbone Ethical Bond I Inc,0.9181
07/05/2014,Rathbone Ethical Bond I Inc,0.9181
07/06/2014,Rathbone Ethical Bond I Inc,0.9181
07/07/2014,Rathbone Ethical Bond I Inc,0.9188
07/08/2014,Rathbone Ethical Bond I Inc,0.9204
07/09/2014,Rathbone Ethical Bond I Inc,0.9219
07/10/2014,Rathbone Ethical Bond I Inc,0.9233
07/11/2014,Rathbone Ethical Bond I Inc,0.9221
07/12/2014,Rathbone Ethical Bond I Inc,0.9221
07/13/2014,Rathbone Ethical Bond I Inc,0.9221
07/14/2014,Rathbone Ethical Bond I Inc,0.9233
07/15/2014,Rathbone Ethical Bond I Inc,0.9224
07/16/2014,Rathbone Ethical Bond I Inc,0.9221
07/17/2014,Rathbone Ethical Bond I Inc,0.9229
07/18/2014,Rathbone Ethical Bond I Inc,0.9238
07/19/2014,Rathbone Ethical Bond I Inc,0.9238
07/20/2014,Rathbone Ethical Bond I Inc,0.9238
07/21/2014,Rathbone Ethical Bond I Inc,0.9246
07/22/2014,Rathbone Ethical Bond I Inc,0.9243
07/23/2014,Rathbone Ethical Bond I Inc,0.925
07/24/2014,Rathbone Ethical Bond I Inc,0.9248
07/25/2014,Rathbone Ethical Bond I Inc,0.9245
07/26/2014,Rathbone Ethical Bond I Inc,0.9245
07/27/2014,Rathbone Ethical Bond I Inc,0.9245
07/28/2014,Rathbone Ethical Bond I Inc,0.9252
07/29/2014,Rathbone Ethical Bond I Inc,0.9257
07/30/2014,Rathbone Ethical Bond I Inc,0.9263
07/31/2014,Rathbone Ethical Bond I Inc,0.9247
08/01/2014,Rathbone Ethical Bond I Inc,0.9146
08/02/2014,Rathbone Ethical Bond I Inc,0.9146
08/03/2014,Rathbone Ethical Bond I Inc,0.9146
08/04/2014,Rathbone Ethical Bond I Inc,0.9167
08/05/2014,Rathbone Ethical Bond I Inc,0.9161
08/06/2014,Rathbone Ethical Bond I Inc,0.9172
08/07/2014,Rathbone Ethical Bond I Inc,0.9171
08/08/2014,Rathbone Ethical Bond I Inc,0.9187
08/09/2014,Rathbone Ethical Bond I Inc,0.9187
08/10/2014,Rathbone Ethical Bond I Inc,0.9187
08/11/2014,Rathbone Ethical Bond I Inc,0.9165
08/12/2014,Rathbone Ethical Bond I Inc,0.916
08/13/2014,Rathbone Ethical Bond I Inc,0.916
08/14/2014,Rathbone Ethical Bond I Inc,0.9189
08/15/2014,Rathbone Ethical Bond I Inc,0.9198
08/16/2014,Rathbone Ethical Bond I Inc,0.9198
08/17/2014,Rathbone Ethical Bond I Inc,0.9198
08/18/2014,Rathbone Ethical Bond I Inc,0.9207
08/19/2014,Rathbone Ethical Bond I Inc,0.9214
08/20/2014,Rathbone Ethical Bond I Inc,0.9208
08/21/2014,Rathbone Ethical Bond I Inc,0.9201
08/22/2014,Rathbone Ethical Bond I Inc,0.9225
08/23/2014,Rathbone Ethical Bond I Inc,0.9225
08/24/2014,Rathbone Ethical Bond I Inc,0.9225
08/25/2014,Rathbone Ethical Bond I Inc,0.9225
08/26/2014,Rathbone Ethical Bond I Inc,0.9239
08/27/2014,Rathbone Ethical Bond I Inc,0.9255
08/28/2014,Rathbone Ethical Bond I Inc,0.9282
08/29/2014,Rathbone Ethical Bond I Inc,0.9279
08/30/2014,Rathbone Ethical Bond I Inc,0.9279
08/31/2014,Rathbone Ethical Bond I Inc,0.9279
09/01/2014,Rathbone Ethical Bond I Inc,0.9284
09/02/2014,Rathbone Ethical Bond I Inc,0.9271
09/03/2014,Rathbone Ethical Bond I Inc,0.9254
09/04/2014,Rathbone Ethical Bond I Inc,0.9261
09/05/2014,Rathbone Ethical Bond I Inc,0.9254
09/06/2014,Rathbone Ethical Bond I Inc,0.9254
09/07/2014,Rathbone Ethical Bond I Inc,0.9254
09/08/2014,Rathbone Ethical Bond I Inc,0.9263
09/09/2014,Rathbone Ethical Bond I Inc,0.9245
09/10/2014,Rathbone Ethical Bond I Inc,0.925
09/11/2014,Rathbone Ethical Bond I Inc,0.9249
09/12/2014,Rathbone Ethical Bond I Inc,0.9251
09/13/2014,Rathbone Ethical Bond I Inc,0.9251
09/14/2014,Rathbone Ethical Bond I Inc,0.9251
09/15/2014,Rathbone Ethical Bond I Inc,0.9251
09/16/2014,Rathbone Ethical Bond I Inc,0.9246
09/17/2014,Rathbone Ethical Bond I Inc,0.9253
09/18/2014,Rathbone Ethical Bond I Inc,0.924
09/19/2014,Rathbone Ethical Bond I Inc,0.9248
09/20/2014,Rathbone Ethical Bond I Inc,0.9248
09/21/2014,Rathbone Ethical Bond I Inc,0.9248
09/22/2014,Rathbone Ethical Bond I Inc,0.9268
09/23/2014,Rathbone Ethical Bond I Inc,0.9279
09/24/2014,Rathbone Ethical Bond I Inc,0.9276
09/25/2014,Rathbone Ethical Bond I Inc,0.9281
09/26/2014,Rathbone Ethical Bond I Inc,0.9288
09/27/2014,Rathbone Ethical Bond I Inc,0.9288
09/28/2014,Rathbone Ethical Bond I Inc,0.9288
09/29/2014,Rathbone Ethical Bond I Inc,0.9282
09/30/2014,Rathbone Ethical Bond I Inc,0.9276
10/01/2014,Rathbone Ethical Bond I Inc,0.9286
10/02/2014,Rathbone Ethical Bond I Inc,0.9303
10/03/2014,Rathbone Ethical Bond I Inc,0.9298
10/04/2014,Rathbone Ethical Bond I Inc,0.9298
10/05/2014,Rathbone Ethical Bond I Inc,0.9298
10/06/2014,Rathbone Ethical Bond I Inc,0.9299
10/07/2014,Rathbone Ethical Bond I Inc,0.9308
10/08/2014,Rathbone Ethical Bond I Inc,0.9334
10/09/2014,Rathbone Ethical Bond I Inc,0.9352
10/10/2014,Rathbone Ethical Bond I Inc,0.9351
10/11/2014,Rathbone Ethical Bond I Inc,0.9351
10/12/2014,Rathbone Ethical Bond I Inc,0.9351
10/13/2014,Rathbone Ethical Bond I Inc,0.9352
10/14/2014,Rathbone Ethical Bond I Inc,0.9377
10/15/2014,Rathbone Ethical Bond I Inc,0.9365
10/16/2014,Rathbone Ethical Bond I Inc,0.9395
10/17/2014,Rathbone Ethical Bond I Inc,0.9323
10/18/2014,Rathbone Ethical Bond I Inc,0.9323
10/19/2014,Rathbone Ethical Bond I Inc,0.9323
10/20/2014,Rathbone Ethical Bond I Inc,0.9316
10/21/2014,Rathbone Ethical Bond I Inc,0.931
10/22/2014,Rathbone Ethical Bond I Inc,0.9323
10/23/2014,Rathbone Ethical Bond I Inc,0.9321
10/24/2014,Rathbone Ethical Bond I Inc,0.9325
10/25/2014,Rathbone Ethical Bond I Inc,0.9325
10/26/2014,Rathbone Ethical Bond I Inc,0.9325
10/27/2014,Rathbone Ethical Bond I Inc,0.9326
10/28/2014,Rathbone Ethical Bond I Inc,0.9319
10/29/2014,Rathbone Ethical Bond I Inc,0.9323
10/30/2014,Rathbone Ethical Bond I Inc,0.9327
10/31/2014,Rathbone Ethical Bond I Inc,0.9323
11/01/2014,Rathbone Ethical Bond I Inc,0.9323
11/02/2014,Rathbone Ethical Bond I Inc,0.9323
11/03/2014,Rathbone Ethical Bond I Inc,0.9241
11/04/2014,Rathbone Ethical Bond I Inc,0.9251
11/05/2014,Rathbone Ethical Bond I Inc,0.9247
11/06/2014,Rathbone Ethical Bond I Inc,0.9253
11/07/2014,Rathbone Ethical Bond I Inc,0.9249
11/08/2014,Rathbone Ethical Bond I Inc,0.9249
11/09/2014,Rathbone Ethical Bond I Inc,0.9249
11/10/2014,Rathbone Ethical Bond I Inc,0.9282
11/11/2014,Rathbone Ethical Bond I Inc,0.9268
11/12/2014,Rathbone Ethical Bond I Inc,0.9282
11/13/2014,Rathbone Ethical Bond I Inc,0.9284
11/14/2014,Rathbone Ethical Bond I Inc,0.9299
11/15/2014,Rathbone Ethical Bond I Inc,0.9299
11/16/2014,Rathbone Ethical Bond I Inc,0.9299
11/17/2014,Rathbone Ethical Bond I Inc,0.9315
11/18/2014,Rathbone Ethical Bond I Inc,0.9307
11/19/2014,Rathbone Ethical Bond I Inc,0.93
11/20/2014,Rathbone Ethical Bond I Inc,0.9309
11/21/2014,Rathbone Ethical Bond I Inc,0.9315
11/22/2014,Rathbone Ethical Bond I Inc,0.9315
11/23/2014,Rathbone Ethical Bond I Inc,0.9315
11/24/2014,Rathbone Ethical Bond I Inc,0.9321
11/25/2014,Rathbone Ethical Bond I Inc,0.9337
11/26/2014,Rathbone Ethical Bond I Inc,0.9343
11/27/2014,Rathbone Ethical Bond I Inc,0.936
11/28/2014,Rathbone Ethical Bond I Inc,0.9375
11/29/2014,Rathbone Ethical Bond I Inc,0.9375
11/30/2014,Rathbone Ethical Bond I Inc,0.9375
12/01/2014,Rathbone Ethical Bond I Inc,0.9386
12/02/2014,Rathbone Ethical Bond I Inc,0.9377
12/03/2014,Rathbone Ethical Bond I Inc,0.9363
12/04/2014,Rathbone Ethical Bond I Inc,0.9366
12/05/2014,Rathbone Ethical Bond I Inc,0.9363
12/06/2014,Rathbone Ethical Bond I Inc,0.9363
12/07/2014,Rathbone Ethical Bond I Inc,0.9363
12/08/2014,Rathbone Ethical Bond I Inc,0.936
12/09/2014,Rathbone Ethical Bond I Inc,0.9386
12/10/2014,Rathbone Ethical Bond I Inc,0.9391
12/11/2014,Rathbone Ethical Bond I Inc,0.9414
12/12/2014,Rathbone Ethical Bond I Inc,0.9411
12/13/2014,Rathbone Ethical Bond I Inc,0.9411
12/14/2014,Rathbone Ethical Bond I Inc,0.9411
12/15/2014,Rathbone Ethical Bond I Inc,0.9419
12/16/2014,Rathbone Ethical Bond I Inc,0.9457
12/17/2014,Rathbone Ethical Bond I Inc,0.9436
12/18/2014,Rathbone Ethical Bond I Inc,0.9418
12/19/2014,Rathbone Ethical Bond I Inc,0.9393
12/20/2014,Rathbone Ethical Bond I Inc,0.9393
12/21/2014,Rathbone Ethical Bond I Inc,0.9393
12/22/2014,Rathbone Ethical Bond I Inc,0.9407
12/23/2014,Rathbone Ethical Bond I Inc,0.9424
12/24/2014,Rathbone Ethical Bond I Inc,0.9398
12/25/2014,Rathbone Ethical Bond I Inc,0.9398
12/26/2014,Rathbone Ethical Bond I Inc,0.9398
12/27/2014,Rathbone Ethical Bond I Inc,0.9398
12/28/2014,Rathbone Ethical Bond I Inc,0.9398
12/29/2014,Rathbone Ethical Bond I Inc,0.9421
12/30/2014,Rathbone Ethical Bond I Inc,0.9431
12/31/2014,Rathbone Ethical Bond I Inc,0.9449
01/01/2015,Rathbone Ethical Bond I Inc,0.9449
01/02/2015,Rathbone Ethical Bond I Inc,0.9451
01/03/2015,Rathbone Ethical Bond I Inc,0.9451
01/04/2015,Rathbone Ethical Bond I Inc,0.9451
01/05/2015,Rathbone Ethical Bond I Inc,0.9471
01/06/2015,Rathbone Ethical Bond I Inc,0.9514
01/07/2015,Rathbone Ethical Bond I Inc,0.9518
01/08/2015,Rathbone Ethical Bond I Inc,0.952
01/09/2015,Rathbone Ethical Bond I Inc,0.9522
01/10/2015,Rathbone Ethical Bond I Inc,0.9522
01/11/2015,Rathbone Ethical Bond I Inc,0.9522
01/12/2015,Rathbone Ethical Bond I Inc,0.9535
01/13/2015,Rathbone Ethical Bond I Inc,0.9565
01/14/2015,Rathbone Ethical Bond I Inc,0.9573
01/15/2015,Rathbone Ethical Bond I Inc,0.9599
01/16/2015,Rathbone Ethical Bond I Inc,0.9606
01/17/2015,Rathbone Ethical Bond I Inc,0.9606
01/18/2015,Rathbone Ethical Bond I Inc,0.9606
01/19/2015,Rathbone Ethical Bond I Inc,0.9605
01/20/2015,Rathbone Ethical Bond I Inc,0.9607
01/21/2015,Rathbone Ethical Bond I Inc,0.9627
01/22/2015,Rathbone Ethical Bond I Inc,0.9622
01/23/2015,Rathbone Ethical Bond I Inc,0.9662
01/24/2015,Rathbone Ethical Bond I Inc,0.9662
01/25/2015,Rathbone Ethical Bond I Inc,0.9662
01/26/2015,Rathbone Ethical Bond I Inc,0.9665
01/27/2015,Rathbone Ethical Bond I Inc,0.9676
01/28/2015,Rathbone Ethical Bond I Inc,0.9683
01/29/2015,Rathbone Ethical Bond I Inc,0.9705
01/30/2015,Rathbone Ethical Bond I Inc,0.9732
01/31/2015,Rathbone Ethical Bond I Inc,0.9732
02/01/2015,Rathbone Ethical Bond I Inc,0.9732
02/02/2015,Rathbone Ethical Bond I Inc,0.9664
02/03/2015,Rathbone Ethical Bond I Inc,0.9654
02/04/2015,Rathbone Ethical Bond I Inc,0.9647
02/05/2015,Rathbone Ethical Bond I Inc,0.9646
02/06/2015,Rathbone Ethical Bond I Inc,0.9623
02/07/2015,Rathbone Ethical Bond I Inc,0.9623
02/08/2015,Rathbone Ethical Bond I Inc,0.9623
02/09/2015,Rathbone Ethical Bond I Inc,0.9609
02/10/2015,Rathbone Ethical Bond I Inc,0.9597
02/11/2015,Rathbone Ethical Bond I Inc,0.9597
02/12/2015,Rathbone Ethical Bond I Inc,0.9572
02/13/2015,Rathbone Ethical Bond I Inc,0.9584
02/14/2015,Rathbone Ethical Bond I Inc,0.9584
02/15/2015,Rathbone Ethical Bond I Inc,0.9584
02/16/2015,Rathbone Ethical Bond I Inc,0.9583
02/17/2015,Rathbone Ethical Bond I Inc,0.9588
02/18/2015,Rathbone Ethical Bond I Inc,0.9553
02/19/2015,Rathbone Ethical Bond I Inc,0.9549
02/20/2015,Rathbone Ethical Bond I Inc,0.954
02/21/2015,Rathbone Ethical Bond I Inc,0.954
02/22/2015,Rathbone Ethical Bond I Inc,0.954
02/23/2015,Rathbone Ethical Bond I Inc,0.9557
02/24/2015,Rathbone Ethical Bond I Inc,0.9562
02/25/2015,Rathbone Ethical Bond I Inc,0.9603
02/26/2015,Rathbone Ethical Bond I Inc,0.962
02/27/2015,Rathbone Ethical Bond I Inc,0.9601
02/28/2015,Rathbone Ethical Bond I Inc,0.9601
03/01/2015,Rathbone Ethical Bond I Inc,0.9601
03/02/2015,Rathbone Ethical Bond I Inc,0.9584
03/03/2015,Rathbone Ethical Bond I Inc,0.956
03/04/2015,Rathbone Ethical Bond I Inc,0.9546
03/05/2015,Rathbone Ethical Bond I Inc,0.9542
03/06/2015,Rathbone Ethical Bond I Inc,0.9553
03/07/2015,Rathbone Ethical Bond I Inc,0.9553
03/08/2015,Rathbone Ethical Bond I Inc,0.9553
03/09/2015,Rathbone Ethical Bond I Inc,0.953
03/10/2015,Rathbone Ethical Bond I Inc,0.9545
03/11/2015,Rathbone Ethical Bond I Inc,0.9559
03/12/2015,Rathbone Ethical Bond I Inc,0.9589
03/13/2015,Rathbone Ethical Bond I Inc,0.9592
03/14/2015,Rathbone Ethical Bond I Inc,0.9592
03/15/2015,Rathbone Ethical Bond I Inc,0.9592
03/16/2015,Rathbone Ethical Bond I Inc,0.9611
03/17/2015,Rathbone Ethical Bond I Inc,0.9619
03/18/2015,Rathbone Ethical Bond I Inc,0.9618
03/19/2015,Rathbone Ethical Bond I Inc,0.9638
03/20/2015,Rathbone Ethical Bond I Inc,0.9646
03/21/2015,Rathbone Ethical Bond I Inc,0.9646
03/22/2015,Rathbone Ethical Bond I Inc,0.9646
03/23/2015,Rathbone Ethical Bond I Inc,0.9668
03/24/2015,Rathbone Ethical Bond I Inc,0.9668
03/25/2015,Rathbone Ethical Bond I Inc,0.9672
03/26/2015,Rathbone Ethical Bond I Inc,0.9652
03/27/2015,Rathbone Ethical Bond I Inc,0.9632
03/28/2015,Rathbone Ethical Bond I Inc,0.9632
03/29/2015,Rathbone Ethical Bond I Inc,0.9632
03/30/2015,Rathbone Ethical Bond I Inc,0.9651
03/31/2015,Rathbone Ethical Bond I Inc,0.9644
04/01/2015,Rathbone Ethical Bond I Inc,0.9642
04/02/2015,Rathbone Ethical Bond I Inc,0.9661
04/03/2015,Rathbone Ethical Bond I Inc,0.9661
04/04/2015,Rathbone Ethical Bond I Inc,0.9661
04/05/2015,Rathbone Ethical Bond I Inc,0.9661
04/06/2015,Rathbone Ethical Bond I Inc,0.9661
04/07/2015,Rathbone Ethical Bond I Inc,0.9642
04/08/2015,Rathbone Ethical Bond I Inc,0.9653
04/09/2015,Rathbone Ethical Bond I Inc,0.9664
04/10/2015,Rathbone Ethical Bond I Inc,0.9648
04/11/2015,Rathbone Ethical Bond I Inc,0.9648
04/12/2015,Rathbone Ethical Bond I Inc,0.9648
04/13/2015,Rathbone Ethical Bond I Inc,0.9646
04/14/2015,Rathbone Ethical Bond I Inc,0.9665
04/15/2015,Rathbone Ethical Bond I Inc,0.9677
04/16/2015,Rathbone Ethical Bond I Inc,0.9671
04/17/2015,Rathbone Ethical Bond I Inc,0.9667
04/18/2015,Rathbone Ethical Bond I Inc,0.9667
04/19/2015,Rathbone Ethical Bond I Inc,0.9667
04/20/2015,Rathbone Ethical Bond I Inc,0.9656
04/21/2015,Rathbone Ethical Bond I Inc,0.9664
04/22/2015,Rathbone Ethical Bond I Inc,0.965
04/23/2015,Rathbone Ethical Bond I Inc,0.9617
04/24/2015,Rathbone Ethical Bond I Inc,0.9613
04/25/2015,Rathbone Ethical Bond I Inc,0.9613
04/26/2015,Rathbone Ethical Bond I Inc,0.9613
04/27/2015,Rathbone Ethical Bond I Inc,0.9633
04/28/2015,Rathbone Ethical Bond I Inc,0.9633
04/29/2015,Rathbone Ethical Bond I Inc,0.96
04/30/2015,Rathbone Ethical Bond I Inc,0.9576
05/01/2015,Rathbone Ethical Bond I Inc,0.9484
05/02/2015,Rathbone Ethical Bond I Inc,0.9484
05/03/2015,Rathbone Ethical Bond I Inc,0.9484
05/04/2015,Rathbone Ethical Bond I Inc,0.9484
05/05/2015,Rathbone Ethical Bond I Inc,0.9451
05/06/2015,Rathbone Ethical Bond I Inc,0.9421
05/07/2015,Rathbone Ethical Bond I Inc,0.9403
05/08/2015,Rathbone Ethical Bond I Inc,0.9446
05/09/2015,Rathbone Ethical Bond I Inc,0.9446
05/10/2015,Rathbone Ethical Bond I Inc,0.9446
05/11/2015,Rathbone Ethical Bond I Inc,0.9453
05/12/2015,Rathbone Ethical Bond I Inc,0.9417
05/13/2015,Rathbone Ethical Bond I Inc,0.9425
05/14/2015,Rathbone Ethical Bond I Inc,0.94
05/15/2015,Rathbone Ethical Bond I Inc,0.9417
05/16/2015,Rathbone Ethical Bond I Inc,0.9417
05/17/2015,Rathbone Ethical Bond I Inc,0.9417
05/18/2015,Rathbone Ethical Bond I Inc,0.9441
05/19/2015,Rathbone Ethical Bond I Inc,0.9453
05/20/2015,Rathbone Ethical Bond I Inc,0.9421
05/21/2015,Rathbone Ethical Bond I Inc,0.9419
05/22/2015,Rathbone Ethical Bond I Inc,0.9439
05/23/2015,Rathbone Ethical Bond I Inc,0.9439
05/24/2015,Rathbone Ethical Bond I Inc,0.9439
05/25/2015,Rathbone Ethical Bond I Inc,0.9439
05/26/2015,Rathbone Ethical Bond I Inc,0.9451
05/27/2015,Rathbone Ethical Bond I Inc,0.9451
05/28/2015,Rathbone Ethical Bond I Inc,0.947
05/29/2015,Rathbone Ethical Bond I Inc,0.9487
05/30/2015,Rathbone Ethical Bond I Inc,0.9487
05/31/2015,Rathbone Ethical Bond I Inc,0.9487
06/01/2015,Rathbone Ethical Bond I Inc,0.9484
06/02/2015,Rathbone Ethical Bond I Inc,0.9449
06/03/2015,Rathbone Ethical Bond I Inc,0.9411
06/04/2015,Rathbone Ethical Bond I Inc,0.9359
06/05/2015,Rathbone Ethical Bond I Inc,0.9384
06/06/2015,Rathbone Ethical Bond I Inc,0.9384
06/07/2015,Rathbone Ethical Bond I Inc,0.9384
06/08/2015,Rathbone Ethical Bond I Inc,0.9379
06/09/2015,Rathbone Ethical Bond I Inc,0.9382
06/10/2015,Rathbone Ethical Bond I Inc,0.9345
06/11/2015,Rathbone Ethical Bond I Inc,0.9335
06/12/2015,Rathbone Ethical Bond I Inc,0.936
06/13/2015,Rathbone Ethical Bond I Inc,0.936
06/14/2015,Rathbone Ethical Bond I Inc,0.936
06/15/2015,Rathbone Ethical Bond I Inc,0.9387
06/16/2015,Rathbone Ethical Bond I Inc,0.9375
06/17/2015,Rathbone Ethical Bond I Inc,0.9367
06/18/2015,Rathbone Ethical Bond I Inc,0.9365
06/19/2015,Rathbone Ethical Bond I Inc,0.9351
06/20/2015,Rathbone Ethical Bond I Inc,0.9351
06/21/2015,Rathbone Ethical Bond I Inc,0.9351
06/22/2015,Rathbone Ethical Bond I Inc,0.9344
06/23/2015,Rathbone Ethical Bond I Inc,0.9328
06/24/2015,Rathbone Ethical Bond I Inc,0.9317
06/25/2015,Rathbone Ethical Bond I Inc,0.9318
06/26/2015,Rathbone Ethical Bond I Inc,0.9314
06/27/2015,Rathbone Ethical Bond I Inc,0.9314
06/28/2015,Rathbone Ethical Bond I Inc,0.9314
06/29/2015,Rathbone Ethical Bond I Inc,0.9322
06/30/2015,Rathbone Ethical Bond I Inc,0.9324
07/01/2015,Rathbone Ethical Bond I Inc,0.9313
07/02/2015,Rathbone Ethical Bond I Inc,0.9291
07/03/2015,Rathbone Ethical Bond I Inc,0.9318
07/04/2015,Rathbone Ethical Bond I Inc,0.9318
07/05/2015,Rathbone Ethical Bond I Inc,0.9318
07/06/2015,Rathbone Ethical Bond I Inc,0.9341
07/07/2015,Rathbone Ethical Bond I Inc,0.9351
07/08/2015,Rathbone Ethical Bond I Inc,0.9382
07/09/2015,Rathbone Ethical Bond I Inc,0.9358
07/10/2015,Rathbone Ethical Bond I Inc,0.9324
07/11/2015,Rathbone Ethical Bond I Inc,0.9324
07/12/2015,Rathbone Ethical Bond I Inc,0.9324
07/13/2015,Rathbone Ethical Bond I Inc,0.929
07/14/2015,Rathbone Ethical Bond I Inc,0.9286
07/15/2015,Rathbone Ethical Bond I Inc,0.9296
07/16/2015,Rathbone Ethical Bond I Inc,0.9295
07/17/2015,Rathbone Ethical Bond I Inc,0.9326
07/18/2015,Rathbone Ethical Bond I Inc,0.9326
07/19/2015,Rathbone Ethical Bond I Inc,0.9326
07/20/2015,Rathbone Ethical Bond I Inc,0.9339
07/21/2015,Rathbone Ethical Bond I Inc,0.9335
07/22/2015,Rathbone Ethical Bond I Inc,0.9345
07/23/2015,Rathbone Ethical Bond I Inc,0.936
07/24/2015,Rathbone Ethical Bond I Inc,0.9378
07/25/2015,Rathbone Ethical Bond I Inc,0.9378
07/26/2015,Rathbone Ethical Bond I Inc,0.9378
07/27/2015,Rathbone Ethical Bond I Inc,0.9402
07/28/2015,Rathbone Ethical Bond I Inc,0.9391
07/29/2015,Rathbone Ethical Bond I Inc,0.9388
07/30/2015,Rathbone Ethical Bond I Inc,0.9379
07/31/2015,Rathbone Ethical Bond I Inc,0.9387
08/01/2015,Rathbone Ethical Bond I Inc,0.9387
08/02/2015,Rathbone Ethical Bond I Inc,0.9387
08/03/2015,Rathbone Ethical Bond I Inc,0.9324
08/04/2015,Rathbone Ethical Bond I Inc,0.9344
08/05/2015,Rathbone Ethical Bond I Inc,0.9319
08/06/2015,Rathbone Ethical Bond I Inc,0.9305
08/07/2015,Rathbone Ethical Bond I Inc,0.9327
08/08/2015,Rathbone Ethical Bond I Inc,0.9327
08/09/2015,Rathbone Ethical Bond I Inc,0.9327
08/10/2015,Rathbone Ethical Bond I Inc,0.9348
08/11/2015,Rathbone Ethical Bond I Inc,0.9342
08/12/2015,Rathbone Ethical Bond I Inc,0.9354
08/13/2015,Rathbone Ethical Bond I Inc,0.934
08/14/2015,Rathbone Ethical Bond I Inc,0.9333
08/15/2015,Rathbone Ethical Bond I Inc,0.9333
08/16/2015,Rathbone Ethical Bond I Inc,0.9333
08/17/2015,Rathbone Ethical Bond I Inc,0.9327
08/18/2015,Rathbone Ethical Bond I Inc,0.9326
08/19/2015,Rathbone Ethical Bond I Inc,0.9308
08/20/2015,Rathbone Ethical Bond I Inc,0.9334
08/21/2015,Rathbone Ethical Bond I Inc,0.9338
08/22/2015,Rathbone Ethical Bond I Inc,0.9338
08/23/2015,Rathbone Ethical Bond I Inc,0.9338
08/24/2015,Rathbone Ethical Bond I Inc,0.9337
08/25/2015,Rathbone Ethical Bond I Inc,0.9301
08/26/2015,Rathbone Ethical Bond I Inc,0.9283
08/27/2015,Rathbone Ethical Bond I Inc,0.9265
08/28/2015,Rathbone Ethical Bond I Inc,0.9281
08/29/2015,Rathbone Ethical Bond I Inc,0.9281
08/30/2015,Rathbone Ethical Bond I Inc,0.9281
08/31/2015,Rathbone Ethical Bond I Inc,0.9281
09/01/2015,Rathbone Ethical Bond I Inc,0.9277
09/02/2015,Rathbone Ethical Bond I Inc,0.9279
09/03/2015,Rathbone Ethical Bond I Inc,0.9272
09/04/2015,Rathbone Ethical Bond I Inc,0.9296
09/05/2015,Rathbone Ethical Bond I Inc,0.9296
09/06/2015,Rathbone Ethical Bond I Inc,0.9296
09/07/2015,Rathbone Ethical Bond I Inc,0.9311
09/08/2015,Rathbone Ethical Bond I Inc,0.9314
09/09/2015,Rathbone Ethical Bond I Inc,0.9306
09/10/2015,Rathbone Ethical Bond I Inc,0.9305
09/11/2015,Rathbone Ethical Bond I Inc,0.9307
09/12/2015,Rathbone Ethical Bond I Inc,0.9307
09/13/2015,Rathbone Ethical Bond I Inc,0.9307
09/14/2015,Rathbone Ethical Bond I Inc,0.931
09/15/2015,Rathbone Ethical Bond I Inc,0.9305
09/16/2015,Rathbone Ethical Bond I Inc,0.927
09/17/2015,Rathbone Ethical Bond I Inc,0.9266
09/18/2015,Rathbone Ethical Bond I Inc,0.9294
09/19/2015,Rathbone Ethical Bond I Inc,0.9294
09/20/2015,Rathbone Ethical Bond I Inc,0.9294
09/21/2015,Rathbone Ethical Bond I Inc,0.9299
09/22/2015,Rathbone Ethical Bond I Inc,0.93
09/23/2015,Rathbone Ethical Bond I Inc,0.9317
09/24/2015,Rathbone Ethical Bond I Inc,0.9316
09/25/2015,Rathbone Ethical Bond I Inc,0.9299
09/26/2015,Rathbone Ethical Bond I Inc,0.9299
09/27/2015,Rathbone Ethical Bond I Inc,0.9299
09/28/2015,Rathbone Ethical Bond I Inc,0.9301
09/29/2015,Rathbone Ethical Bond I Inc,0.9285
09/30/2015,Rathbone Ethical Bond I Inc,0.9271
10/01/2015,Rathbone Ethical Bond I Inc,0.927
10/02/2015,Rathbone Ethical Bond I Inc,0.9276
10/03/2015,Rathbone Ethical Bond I Inc,0.9276
10/04/2015,Rathbone Ethical Bond I Inc,0.9276
10/05/2015,Rathbone Ethical Bond I Inc,0.9285
10/06/2015,Rathbone Ethical Bond I Inc,0.9274
10/07/2015,Rathbone Ethical Bond I Inc,0.9265
10/08/2015,Rathbone Ethical Bond I Inc,0.9281
10/09/2015,Rathbone Ethical Bond I Inc,0.928
10/10/2015,Rathbone Ethical Bond I Inc,0.928
10/11/2015,Rathbone Ethical Bond I Inc,0.928
10/12/2015,Rathbone Ethical Bond I Inc,0.9279
10/13/2015,Rathbone Ethical Bond I Inc,0.9292
10/14/2015,Rathbone Ethical Bond I Inc,0.9291
10/15/2015,Rathbone Ethical Bond I Inc,0.9308
10/16/2015,Rathbone Ethical Bond I Inc,0.9307
10/17/2015,Rathbone Ethical Bond I Inc,0.9307
10/18/2015,Rathbone Ethical Bond I Inc,0.9307
10/19/2015,Rathbone Ethical Bond I Inc,0.9293
10/20/2015,Rathbone Ethical Bond I Inc,0.9287
10/21/2015,Rathbone Ethical Bond I Inc,0.9287
10/22/2015,Rathbone Ethical Bond I Inc,0.9292
10/23/2015,Rathbone Ethical Bond I Inc,0.9292
10/24/2015,Rathbone Ethical Bond I Inc,0.9292
10/25/2015,Rathbone Ethical Bond I Inc,0.9292
10/26/2015,Rathbone Ethical Bond I Inc,0.9289
10/27/2015,Rathbone Ethical Bond I Inc,0.9305
10/28/2015,Rathbone Ethical Bond I Inc,0.9326
10/29/2015,Rathbone Ethical Bond I Inc,0.9303
10/30/2015,Rathbone Ethical Bond I Inc,0.9272
10/31/2015,Rathbone Ethical Bond I Inc,0.9272
11/01/2015,Rathbone Ethical Bond I Inc,0.9272
11/02/2015,Rathbone Ethical Bond I Inc,0.9184
11/03/2015,Rathbone Ethical Bond I Inc,0.9179
11/04/2015,Rathbone Ethical Bond I Inc,0.9169
11/05/2015,Rathbone Ethical Bond I Inc,0.9172
11/06/2015,Rathbone Ethical Bond I Inc,0.9186
11/07/2015,Rathbone Ethical Bond I Inc,0.9186
11/08/2015,Rathbone Ethical Bond I Inc,0.9186
11/09/2015,Rathbone Ethical Bond I Inc,0.9153
11/10/2015,Rathbone Ethical Bond I Inc,0.916
11/11/2015,Rathbone Ethical Bond I Inc,0.9167
11/12/2015,Rathbone Ethical Bond I Inc,0.9175
11/13/2015,Rathbone Ethical Bond I Inc,0.9188
11/14/2015,Rathbone Ethical Bond I Inc,0.9188
11/15/2015,Rathbone Ethical Bond I Inc,0.9188
11/16/2015,Rathbone Ethical Bond I Inc,0.9202
11/17/2015,Rathbone Ethical Bond I Inc,0.9201
11/18/2015,Rathbone Ethical Bond I Inc,0.9226
11/19/2015,Rathbone Ethical Bond I Inc,0.9242
11/20/2015,Rathbone Ethical Bond I Inc,0.926
11/21/2015,Rathbone Ethical Bond I Inc,0.926
11/22/2015,Rathbone Ethical Bond I Inc,0.926
11/23/2015,Rathbone Ethical Bond I Inc,0.9265
11/24/2015,Rathbone Ethical Bond I Inc,0.9281
11/25/2015,Rathbone Ethical Bond I Inc,0.9279
11/26/2015,Rathbone Ethical Bond I Inc,0.928
11/27/2015,Rathbone Ethical Bond I Inc,0.9297
11/28/2015,Rathbone Ethical Bond I Inc,0.9297
11/29/2015,Rathbone Ethical Bond I Inc,0.9297
11/30/2015,Rathbone Ethical Bond I Inc,0.9294
12/01/2015,Rathbone Ethical Bond I Inc,0.9288
12/02/2015,Rathbone Ethical Bond I Inc,0.9329
12/03/2015,Rathbone Ethical Bond I Inc,0.9326
12/04/2015,Rathbone Ethical Bond I Inc,0.9279
12/05/2015,Rathbone Ethical Bond I Inc,0.9279
12/06/2015,Rathbone Ethical Bond I Inc,0.9279
12/07/2015,Rathbone Ethical Bond I Inc,0.9287
12/08/2015,Rathbone Ethical Bond I Inc,0.9312
12/09/2015,Rathbone Ethical Bond I Inc,0.9313
12/10/2015,Rathbone Ethical Bond I Inc,0.9306
12/11/2015,Rathbone Ethical Bond I Inc,0.9303
12/12/2015,Rathbone Ethical Bond I Inc,0.9303
12/13/2015,Rathbone Ethical Bond I Inc,0.9303
12/14/2015,Rathbone Ethical Bond I Inc,0.9315
12/15/2015,Rathbone Ethical Bond I Inc,0.9269
12/16/2015,Rathbone Ethical Bond I Inc,0.9258
12/17/2015,Rathbone Ethical Bond I Inc,0.9272
12/18/2015,Rathbone Ethical Bond I Inc,0.9287
12/19/2015,Rathbone Ethical Bond I Inc,0.9287
12/20/2015,Rathbone Ethical Bond I Inc,0.9287
12/21/2015,Rathbone Ethical Bond I Inc,0.9291
12/22/2015,Rathbone Ethical Bond I Inc,0.9285
12/23/2015,Rathbone Ethical Bond I Inc,0.9267
12/24/2015,Rathbone Ethical Bond I Inc,0.9262
12/25/2015,Rathbone Ethical Bond I Inc,0.9262
12/26/2015,Rathbone Ethical Bond I Inc,0.9262
12/27/2015,Rathbone Ethical Bond I Inc,0.9262
12/28/2015,Rathbone Ethical Bond I Inc,0.9262
12/29/2015,Rathbone Ethical Bond I Inc,0.9277
12/30/2015,Rathbone Ethical Bond I Inc,0.9259
12/31/2015,Rathbone Ethical Bond I Inc,0.9253
01/01/2016,Rathbone Ethical Bond I Inc,0.9253
01/02/2016,Rathbone Ethical Bond I Inc,0.9253
01/03/2016,Rathbone Ethical Bond I Inc,0.9253
01/04/2016,Rathbone Ethical Bond I Inc,0.9278
01/05/2016,Rathbone Ethical Bond I Inc,0.9287
01/06/2016,Rathbone Ethical Bond I Inc,0.9301
01/07/2016,Rathbone Ethical Bond I Inc,0.9322
01/08/2016,Rathbone Ethical Bond I Inc,0.9304
01/09/2016,Rathbone Ethical Bond I Inc,0.9304
01/10/2016,Rathbone Ethical Bond I Inc,0.9304
01/11/2016,Rathbone Ethical Bond I Inc,0.9308
01/12/2016,Rathbone Ethical Bond I Inc,0.9298
01/13/2016,Rathbone Ethical Bond I Inc,0.9304
01/14/2016,Rathbone Ethical Bond I Inc,0.9309
01/15/2016,Rathbone Ethical Bond I Inc,0.9301
01/16/2016,Rathbone Ethical Bond I Inc,0.9301
01/17/2016,Rathbone Ethical Bond I Inc,0.9301
01/18/2016,Rathbone Ethical Bond I Inc,0.9292
01/19/2016,Rathbone Ethical Bond I Inc,0.9261
01/20/2016,Rathbone Ethical Bond I Inc,0.9263
01/21/2016,Rathbone Ethical Bond I Inc,0.9247
01/22/2016,Rathbone Ethical Bond I Inc,0.9218
01/23/2016,Rathbone Ethical Bond I Inc,0.9218
01/24/2016,Rathbone Ethical Bond I Inc,0.9218
01/25/2016,Rathbone Ethical Bond I Inc,0.9224
01/26/2016,Rathbone Ethical Bond I Inc,0.9224
01/27/2016,Rathbone Ethical Bond I Inc,0.921
01/28/2016,Rathbone Ethical Bond I Inc,0.9212
01/29/2016,Rathbone Ethical Bond I Inc,0.9235
01/30/2016,Rathbone Ethical Bond I Inc,0.9235
01/31/2016,Rathbone Ethical Bond I Inc,0.9235
02/01/2016,Rathbone Ethical Bond I Inc,0.9149
02/02/2016,Rathbone Ethical Bond I Inc,0.9144
02/03/2016,Rathbone Ethical Bond I Inc,0.9135
02/04/2016,Rathbone Ethical Bond I Inc,0.9116
02/05/2016,Rathbone Ethical Bond I Inc,0.9095
02/06/2016,Rathbone Ethical Bond I Inc,0.9095
02/07/2016,Rathbone Ethical Bond I Inc,0.9095
02/08/2016,Rathbone Ethical Bond I Inc,0.9077
02/09/2016,Rathbone Ethical Bond I Inc,0.9073
02/10/2016,Rathbone Ethical Bond I Inc,0.9035
02/11/2016,Rathbone Ethical Bond I Inc,0.9048
02/12/2016,Rathbone Ethical Bond I Inc,0.8998
02/13/2016,Rathbone Ethical Bond I Inc,0.8998
02/14/2016,Rathbone Ethical Bond I Inc,0.8998
02/15/2016,Rathbone Ethical Bond I Inc,0.8978
02/16/2016,Rathbone Ethical Bond I Inc,0.8974
02/17/2016,Rathbone Ethical Bond I Inc,0.8967
02/18/2016,Rathbone Ethical Bond I Inc,0.896
02/19/2016,Rathbone Ethical Bond I Inc,0.8995
02/20/2016,Rathbone Ethical Bond I Inc,0.8995
02/21/2016,Rathbone Ethical Bond I Inc,0.8995
02/22/2016,Rathbone Ethical Bond I Inc,0.8982
02/23/2016,Rathbone Ethical Bond I Inc,0.8983
02/24/2016,Rathbone Ethical Bond I Inc,0.8996
02/25/2016,Rathbone Ethical Bond I Inc,0.8983
02/26/2016,Rathbone Ethical Bond I Inc,0.8995
02/27/2016,Rathbone Ethical Bond I Inc,0.8995
02/28/2016,Rathbone Ethical Bond I Inc,0.8995
02/29/2016,Rathbone Ethical Bond I Inc,0.9005
03/01/2016,Rathbone Ethical Bond I Inc,0.9014
03/02/2016,Rathbone Ethical Bond I Inc,0.9009
03/03/2016,Rathbone Ethical Bond I Inc,0.9012
03/04/2016,Rathbone Ethical Bond I Inc,0.9022
03/05/2016,Rathbone Ethical Bond I Inc,0.9022
03/06/2016,Rathbone Ethical Bond I Inc,0.9022
03/07/2016,Rathbone Ethical Bond I Inc,0.9037
03/08/2016,Rathbone Ethical Bond I Inc,0.9063
03/09/2016,Rathbone Ethical Bond I Inc,0.9057
03/10/2016,Rathbone Ethical Bond I Inc,0.9069
03/11/2016,Rathbone Ethical Bond I Inc,0.9086
03/12/2016,Rathbone Ethical Bond I Inc,0.9086
03/13/2016,Rathbone Ethical Bond I Inc,0.9086
03/14/2016,Rathbone Ethical Bond I Inc,0.9126
03/15/2016,Rathbone Ethical Bond I Inc,0.9163
03/16/2016,Rathbone Ethical Bond I Inc,0.9173
03/17/2016,Rathbone Ethical Bond I Inc,0.9185
03/18/2016,Rathbone Ethical Bond I Inc,0.9184
03/19/2016,Rathbone Ethical Bond I Inc,0.9184
03/20/2016,Rathbone Ethical Bond I Inc,0.9184
03/21/2016,Rathbone Ethical Bond I Inc,0.9192
03/22/2016,Rathbone Ethical Bond I Inc,0.9187
03/23/2016,Rathbone Ethical Bond I Inc,0.92
03/24/2016,Rathbone Ethical Bond I Inc,0.9217
03/25/2016,Rathbone Ethical Bond I Inc,0.9217
03/26/2016,Rathbone Ethical Bond I Inc,0.9217
03/27/2016,Rathbone Ethical Bond I Inc,0.9217
03/28/2016,Rathbone Ethical Bond I Inc,0.9217
03/29/2016,Rathbone Ethical Bond I Inc,0.9224
03/30/2016,Rathbone Ethical Bond I Inc,0.9229
03/31/2016,Rathbone Ethical Bond I Inc,0.9228
04/01/2016,Rathbone Ethical Bond I Inc,0.9229
04/02/2016,Rathbone Ethical Bond I Inc,0.9229
04/03/2016,Rathbone Ethical Bond I Inc,0.9229
04/04/2016,Rathbone Ethical Bond I Inc,0.923
04/05/2016,Rathbone Ethical Bond I Inc,0.9248
04/06/2016,Rathbone Ethical Bond I Inc,0.9241
04/07/2016,Rathbone Ethical Bond I Inc,0.9248
04/08/2016,Rathbone Ethical Bond I Inc,0.9256
04/09/2016,Rathbone Ethical Bond I Inc,0.9256
04/10/2016,Rathbone Ethical Bond I Inc,0.9256
04/11/2016,Rathbone Ethical Bond I Inc,0.9237
04/12/2016,Rathbone Ethical Bond I Inc,0.9229
04/13/2016,Rathbone Ethical Bond I Inc,0.9226
04/14/2016,Rathbone Ethical Bond I Inc,0.9235
04/15/2016,Rathbone Ethical Bond I Inc,0.9245
04/16/2016,Rathbone Ethical Bond I Inc,0.9245
04/17/2016,Rathbone Ethical Bond I Inc,0.9245
04/18/2016,Rathbone Ethical Bond I Inc,0.9246
04/19/2016,Rathbone Ethical Bond I Inc,0.9227
04/20/2016,Rathbone Ethical Bond I Inc,0.9236
04/21/2016,Rathbone Ethical Bond I Inc,0.9228
04/22/2016,Rathbone Ethical Bond I Inc,0.9255
04/23/2016,Rathbone Ethical Bond I Inc,0.9255
04/24/2016,Rathbone Ethical Bond I Inc,0.9255
04/25/2016,Rathbone Ethical Bond I Inc,0.9268
04/26/2016,Rathbone Ethical Bond I Inc,0.9261
04/27/2016,Rathbone Ethical Bond I Inc,0.9261
04/28/2016,Rathbone Ethical Bond I Inc,0.9289
04/29/2016,Rathbone Ethical Bond I Inc,0.9295
04/30/2016,Rathbone Ethical Bond I Inc,0.9295
05/01/2016,Rathbone Ethical Bond I Inc,0.9295
05/02/2016,Rathbone Ethical Bond I Inc,0.9295
05/03/2016,Rathbone Ethical Bond I Inc,0.923
05/04/2016,Rathbone Ethical Bond I Inc,0.9241
05/05/2016,Rathbone Ethical Bond I Inc,0.9239
05/06/2016,Rathbone Ethical Bond I Inc,0.9259
05/07/2016,Rathbone Ethical Bond I Inc,0.9259
05/08/2016,Rathbone Ethical Bond I Inc,0.9259
05/09/2016,Rathbone Ethical Bond I Inc,0.9267
05/10/2016,Rathbone Ethical Bond I Inc,0.9265
05/11/2016,Rathbone Ethical Bond I Inc,0.927
05/12/2016,Rathbone Ethical Bond I Inc,0.9268
05/13/2016,Rathbone Ethical Bond I Inc,0.9268
05/14/2016,Rathbone Ethical Bond I Inc,0.9268
05/15/2016,Rathbone Ethical Bond I Inc,0.9268
05/16/2016,Rathbone Ethical Bond I Inc,0.928
05/17/2016,Rathbone Ethical Bond I Inc,0.9269
05/18/2016,Rathbone Ethical Bond I Inc,0.9274
05/19/2016,Rathbone Ethical Bond I Inc,0.9246
05/20/2016,Rathbone Ethical Bond I Inc,0.925
05/21/2016,Rathbone Ethical Bond I Inc,0.925
05/22/2016,Rathbone Ethical Bond I Inc,0.925
05/23/2016,Rathbone Ethical Bond I Inc,0.9263
05/24/2016,Rathbone Ethical Bond I Inc,0.926
05/25/2016,Rathbone Ethical Bond I Inc,0.9271
05/26/2016,Rathbone Ethical Bond I Inc,0.9277
05/27/2016,Rathbone Ethical Bond I Inc,0.9292
05/28/2016,Rathbone Ethical Bond I Inc,0.9292
05/29/2016,Rathbone Ethical Bond I Inc,0.9292
05/30/2016,Rathbone Ethical Bond I Inc,0.9292
05/31/2016,Rathbone Ethical Bond I Inc,0.9288
06/01/2016,Rathbone Ethical Bond I Inc,0.9318
06/02/2016,Rathbone Ethical Bond I Inc,0.9331
06/03/2016,Rathbone Ethical Bond I Inc,0.9338
06/04/2016,Rathbone Ethical Bond I Inc,0.9338
06/05/2016,Rathbone Ethical Bond I Inc,0.9338
06/06/2016,Rathbone Ethical Bond I Inc,0.936
06/07/2016,Rathbone Ethical Bond I Inc,0.936
06/08/2016,Rathbone Ethical Bond I Inc,0.9367
06/09/2016,Rathbone Ethical Bond I Inc,0.9378
06/10/2016,Rathbone Ethical Bond I Inc,0.939
06/11/2016,Rathbone Ethical Bond I Inc,0.939
06/12/2016,Rathbone Ethical Bond I Inc,0.939
06/13/2016,Rathbone Ethical Bond I Inc,0.9386
06/14/2016,Rathbone Ethical Bond I Inc,0.9382
06/15/2016,Rathbone Ethical Bond I Inc,0.9361
06/16/2016,Rathbone Ethical Bond I Inc,0.9369
06/17/2016,Rathbone Ethical Bond I Inc,0.9354
06/18/2016,Rathbone Ethical Bond I Inc,0.9354
06/19/2016,Rathbone Ethical Bond I Inc,0.9354
06/20/2016,Rathbone Ethical Bond I Inc,0.933
06/21/2016,Rathbone Ethical Bond I Inc,0.9327
06/22/2016,Rathbone Ethical Bond I Inc,0.9331
06/23/2016,Rathbone Ethical Bond I Inc,0.9325
06/24/2016,Rathbone Ethical Bond I Inc,0.9313
06/25/2016,Rathbone Ethical Bond I Inc,0.9313
06/26/2016,Rathbone Ethical Bond I Inc,0.9313
06/27/2016,Rathbone Ethical Bond I Inc,0.9273
06/28/2016,Rathbone Ethical Bond I Inc,0.9258
06/29/2016,Rathbone Ethical Bond I Inc,0.9282
06/30/2016,Rathbone Ethical Bond I Inc,0.9283
07/01/2016,Rathbone Ethical Bond I Inc,0.9291
07/02/2016,Rathbone Ethical Bond I Inc,0.9291
07/03/2016,Rathbone Ethical Bond I Inc,0.9291
07/04/2016,Rathbone Ethical Bond I Inc,0.9299
07/05/2016,Rathbone Ethical Bond I Inc,0.9317
07/06/2016,Rathbone Ethical Bond I Inc,0.9333
07/07/2016,Rathbone Ethical Bond I Inc,0.9322
07/08/2016,Rathbone Ethical Bond I Inc,0.932
07/09/2016,Rathbone Ethical Bond I Inc,0.932
07/10/2016,Rathbone Ethical Bond I Inc,0.932
07/11/2016,Rathbone Ethical Bond I Inc,0.9347
07/12/2016,Rathbone Ethical Bond I Inc,0.935
07/13/2016,Rathbone Ethical Bond I Inc,0.9367
07/14/2016,Rathbone Ethical Bond I Inc,0.9408
07/15/2016,Rathbone Ethical Bond I Inc,0.942
07/16/2016,Rathbone Ethical Bond I Inc,0.942
07/17/2016,Rathbone Ethical Bond I Inc,0.942
07/18/2016,Rathbone Ethical Bond I Inc,0.9443
07/19/2016,Rathbone Ethical Bond I Inc,0.9449
07/20/2016,Rathbone Ethical Bond I Inc,0.945
07/21/2016,Rathbone Ethical Bond I Inc,0.9455
07/22/2016,Rathbone Ethical Bond I Inc,0.9476
07/23/2016,Rathbone Ethical Bond I Inc,0.9476
07/24/2016,Rathbone Ethical Bond I Inc,0.9476
07/25/2016,Rathbone Ethical Bond I Inc,0.949
07/26/2016,Rathbone Ethical Bond I Inc,0.9504
07/27/2016,Rathbone Ethical Bond I Inc,0.9511
07/28/2016,Rathbone Ethical Bond I Inc,0.9538
07/29/2016,Rathbone Ethical Bond I Inc,0.9547
07/30/2016,Rathbone Ethical Bond I Inc,0.9547
07/31/2016,Rathbone Ethical Bond I Inc,0.9547
08/01/2016,Rathbone Ethical Bond I Inc,0.9572
08/02/2016,Rathbone Ethical Bond I Inc,0.9548
08/03/2016,Rathbone Ethical Bond I Inc,0.9541
08/04/2016,Rathbone Ethical Bond I Inc,0.9551
08/05/2016,Rathbone Ethical Bond I Inc,0.9659
08/06/2016,Rathbone Ethical Bond I Inc,0.9659
08/07/2016,Rathbone Ethical Bond I Inc,0.9659
08/08/2016,Rathbone Ethical Bond I Inc,0.9696
08/09/2016,Rathbone Ethical Bond I Inc,0.9716
08/10/2016,Rathbone Ethical Bond I Inc,0.9753
08/11/2016,Rathbone Ethical Bond I Inc,0.9756
08/12/2016,Rathbone Ethical Bond I Inc,0.9762
08/13/2016,Rathbone Ethical Bond I Inc,0.9762
08/14/2016,Rathbone Ethical Bond I Inc,0.9762
08/15/2016,Rathbone Ethical Bond I Inc,0.9778
08/16/2016,Rathbone Ethical Bond I Inc,0.9776
08/17/2016,Rathbone Ethical Bond I Inc,0.9753
08/18/2016,Rathbone Ethical Bond I Inc,0.9762
08/19/2016,Rathbone Ethical Bond I Inc,0.9757
08/20/2016,Rathbone Ethical Bond I Inc,0.9757
08/21/2016,Rathbone Ethical Bond I Inc,0.9757
08/22/2016,Rathbone Ethical Bond I Inc,0.9749
08/23/2016,Rathbone Ethical Bond I Inc,0.9754
08/24/2016,Rathbone Ethical Bond I Inc,0.9762
08/25/2016,Rathbone Ethical Bond I Inc,0.9768
08/26/2016,Rathbone Ethical Bond I Inc,0.9765
08/27/2016,Rathbone Ethical Bond I Inc,0.9765
08/28/2016,Rathbone Ethical Bond I Inc,0.9765
08/29/2016,Rathbone Ethical Bond I Inc,0.9765
08/30/2016,Rathbone Ethical Bond I Inc,0.9778
08/31/2016,Rathbone Ethical Bond I Inc,0.9787
09/01/2016,Rathbone Ethical Bond I Inc,0.9772
09/02/2016,Rathbone Ethical Bond I Inc,0.9773
09/03/2016,Rathbone Ethical Bond I Inc,0.9773
09/04/2016,Rathbone Ethical Bond I Inc,0.9773
09/05/2016,Rathbone Ethical Bond I Inc,0.9774
09/06/2016,Rathbone Ethical Bond I Inc,0.9786
09/07/2016,Rathbone Ethical Bond I Inc,0.9797
09/08/2016,Rathbone Ethical Bond I Inc,0.979
09/09/2016,Rathbone Ethical Bond I Inc,0.9747
09/10/2016,Rathbone Ethical Bond I Inc,0.9747
09/11/2016,Rathbone Ethical Bond I Inc,0.9747
09/12/2016,Rathbone Ethical Bond I Inc,0.9723
09/13/2016,Rathbone Ethical Bond I Inc,0.9739
09/14/2016,Rathbone Ethical Bond I Inc,0.971
09/15/2016,Rathbone Ethical Bond I Inc,0.9707
09/16/2016,Rathbone Ethical Bond I Inc,0.973
09/17/2016,Rathbone Ethical Bond I Inc,0.973
09/18/2016,Rathbone Ethical Bond I Inc,0.973
09/19/2016,Rathbone Ethical Bond I Inc,0.9725
09/20/2016,Rathbone Ethical Bond I Inc,0.9735
09/21/2016,Rathbone Ethical Bond I Inc,0.9736
09/22/2016,Rathbone Ethical Bond I Inc,0.9755
09/23/2016,Rathbone Ethical Bond I Inc,0.9775
09/24/2016,Rathbone Ethical Bond I Inc,0.9775
09/25/2016,Rathbone Ethical Bond I Inc,0.9775
09/26/2016,Rathbone Ethical Bond I Inc,0.9779
09/27/2016,Rathbone Ethical Bond I Inc,0.979
09/28/2016,Rathbone Ethical Bond I Inc,0.9785
09/29/2016,Rathbone Ethical Bond I Inc,0.977
09/30/2016,Rathbone Ethical Bond I Inc,0.9781
10/01/2016,Rathbone Ethical Bond I Inc,0.9781
10/02/2016,Rathbone Ethical Bond I Inc,0.9781
10/03/2016,Rathbone Ethical Bond I Inc,0.9671
10/04/2016,Rathbone Ethical Bond I Inc,0.9675
10/05/2016,Rathbone Ethical Bond I Inc,0.9648
10/06/2016,Rathbone Ethical Bond I Inc,0.9653
10/07/2016,Rathbone Ethical Bond I Inc,0.9607
10/08/2016,Rathbone Ethical Bond I Inc,0.9607
10/09/2016,Rathbone Ethical Bond I Inc,0.9607
10/10/2016,Rathbone Ethical Bond I Inc,0.9594
10/11/2016,Rathbone Ethical Bond I Inc,0.9602
10/12/2016,Rathbone Ethical Bond I Inc,0.9586
10/13/2016,Rathbone Ethical Bond I Inc,0.9587
10/14/2016,Rathbone Ethical Bond I Inc,0.9566
10/15/2016,Rathbone Ethical Bond I Inc,0.9566
10/16/2016,Rathbone Ethical Bond I Inc,0.9566
10/17/2016,Rathbone Ethical Bond I Inc,0.9548
10/18/2016,Rathbone Ethical Bond I Inc,0.9561
10/19/2016,Rathbone Ethical Bond I Inc,0.9565
10/20/2016,Rathbone Ethical Bond I Inc,0.9556
10/21/2016,Rathbone Ethical Bond I Inc,0.9573
10/22/2016,Rathbone Ethical Bond I Inc,0.9573
10/23/2016,Rathbone Ethical Bond I Inc,0.9573
10/24/2016,Rathbone Ethical Bond I Inc,0.9576
10/25/2016,Rathbone Ethical Bond I Inc,0.9559
10/26/2016,Rathbone Ethical Bond I Inc,0.9551
10/27/2016,Rathbone Ethical Bond I Inc,0.9526
10/28/2016,Rathbone Ethical Bond I Inc,0.9516
10/29/2016,Rathbone Ethical Bond I Inc,0.9516
10/30/2016,Rathbone Ethical Bond I Inc,0.9516
10/31/2016,Rathbone Ethical Bond I Inc,0.952
11/01/2016,Rathbone Ethical Bond I Inc,0.952
11/02/2016,Rathbone Ethical Bond I Inc,0.9526
11/03/2016,Rathbone Ethical Bond I Inc,0.9525
11/04/2016,Rathbone Ethical Bond I Inc,0.9526
11/05/2016,Rathbone Ethical Bond I Inc,0.9526
11/06/2016,Rathbone Ethical Bond I Inc,0.9526
11/07/2016,Rathbone Ethical Bond I Inc,0.9537
11/08/2016,Rathbone Ethical Bond I Inc,0.953
11/09/2016,Rathbone Ethical Bond I Inc,0.9502
11/10/2016,Rathbone Ethical Bond I Inc,0.9492
11/11/2016,Rathbone Ethical Bond I Inc,0.9475
11/12/2016,Rathbone Ethical Bond I Inc,0.9475
11/13/2016,Rathbone Ethical Bond I Inc,0.9475
11/14/2016,Rathbone Ethical Bond I Inc,0.9443
11/15/2016,Rathbone Ethical Bond I Inc,0.9453
11/16/2016,Rathbone Ethical Bond I Inc,0.9447
11/17/2016,Rathbone Ethical Bond I Inc,0.9456
11/18/2016,Rathbone Ethical Bond I Inc,0.9426
11/19/2016,Rathbone Ethical Bond I Inc,0.9426
11/20/2016,Rathbone Ethical Bond I Inc,0.9426
11/21/2016,Rathbone Ethical Bond I Inc,0.9425
11/22/2016,Rathbone Ethical Bond I Inc,0.9444
11/23/2016,Rathbone Ethical Bond I Inc,0.9437
11/24/2016,Rathbone Ethical Bond I Inc,0.9423
11/25/2016,Rathbone Ethical Bond I Inc,0.9436
11/26/2016,Rathbone Ethical Bond I Inc,0.9436
11/27/2016,Rathbone Ethical Bond I Inc,0.9436
11/28/2016,Rathbone Ethical Bond I Inc,0.9449
11/29/2016,Rathbone Ethical Bond I Inc,0.944
11/30/2016,Rathbone Ethical Bond I Inc,0.9441
12/01/2016,Rathbone Ethical Bond I Inc,0.9425
12/02/2016,Rathbone Ethical Bond I Inc,0.942
12/03/2016,Rathbone Ethical Bond I Inc,0.942
12/04/2016,Rathbone Ethical Bond I Inc,0.942
12/05/2016,Rathbone Ethical Bond I Inc,0.9432
12/06/2016,Rathbone Ethical Bond I Inc,0.9439
12/07/2016,Rathbone Ethical Bond I Inc,0.9449
12/08/2016,Rathbone Ethical Bond I Inc,0.9455
12/09/2016,Rathbone Ethical Bond I Inc,0.9449
12/10/2016,Rathbone Ethical Bond I Inc,0.9449
12/11/2016,Rathbone Ethical Bond I Inc,0.9449
12/12/2016,Rathbone Ethical Bond I Inc,0.9441
12/13/2016,Rathbone Ethical Bond I Inc,0.9453
12/14/2016,Rathbone Ethical Bond I Inc,0.9472
12/15/2016,Rathbone Ethical Bond I Inc,0.945
12/16/2016,Rathbone Ethical Bond I Inc,0.9467
12/17/2016,Rathbone Ethical Bond I Inc,0.9467
12/18/2016,Rathbone Ethical Bond I Inc,0.9467
12/19/2016,Rathbone Ethical Bond I Inc,0.9475
12/20/2016,Rathbone Ethical Bond I Inc,0.9488
12/21/2016,Rathbone Ethical Bond I Inc,0.9498
12/22/2016,Rathbone Ethical Bond I Inc,0.9516
12/23/2016,Rathbone Ethical Bond I Inc,0.9529
12/24/2016,Rathbone Ethical Bond I Inc,0.9529
12/25/2016,Rathbone Ethical Bond I Inc,0.9529
12/26/2016,Rathbone Ethical Bond I Inc,0.9529
12/27/2016,Rathbone Ethical Bond I Inc,0.9529
12/28/2016,Rathbone Ethical Bond I Inc,0.9544
12/29/2016,Rathbone Ethical Bond I Inc,0.9568
12/30/2016,Rathbone Ethical Bond I Inc,0.9568
12/31/2016,Rathbone Ethical Bond I Inc,0.9568
01/01/2017,Rathbone Ethical Bond I Inc,0.9568
01/02/2017,Rathbone Ethical Bond I Inc,0.9568
01/03/2017,Rathbone Ethical Bond I Inc,0.9471
01/04/2017,Rathbone Ethical Bond I Inc,0.9488
01/05/2017,Rathbone Ethical Bond I Inc,0.9485
01/06/2017,Rathbone Ethical Bond I Inc,0.9502
01/07/2017,Rathbone Ethical Bond I Inc,0.9502
01/08/2017,Rathbone Ethical Bond I Inc,0.9502
01/09/2017,Rathbone Ethical Bond I Inc,0.9508
01/10/2017,Rathbone Ethical Bond I Inc,0.951
01/11/2017,Rathbone Ethical Bond I Inc,0.9507
01/12/2017,Rathbone Ethical Bond I Inc,0.9519
01/13/2017,Rathbone Ethical Bond I Inc,0.9517
01/14/2017,Rathbone Ethical Bond I Inc,0.9517
01/15/2017,Rathbone Ethical Bond I Inc,0.9517
01/16/2017,Rathbone Ethical Bond I Inc,0.9533
01/17/2017,Rathbone Ethical Bond I Inc,0.9541
01/18/2017,Rathbone Ethical Bond I Inc,0.9529
01/19/2017,Rathbone Ethical Bond I Inc,0.9514
01/20/2017,Rathbone Ethical Bond I Inc,0.9504
01/21/2017,Rathbone Ethical Bond I Inc,0.9504
01/22/2017,Rathbone Ethical Bond I Inc,0.9504
01/23/2017,Rathbone Ethical Bond I Inc,0.9514
01/24/2017,Rathbone Ethical Bond I Inc,0.9529
01/25/2017,Rathbone Ethical Bond I Inc,0.9526
01/26/2017,Rathbone Ethical Bond I Inc,0.9509
01/27/2017,Rathbone Ethical Bond I Inc,0.9512
01/28/2017,Rathbone Ethical Bond I Inc,0.9512
01/29/2017,Rathbone Ethical Bond I Inc,0.9512
01/30/2017,Rathbone Ethical Bond I Inc,0.9524
01/31/2017,Rathbone Ethical Bond I Inc,0.953
02/01/2017,Rathbone Ethical Bond I Inc,0.9537
02/02/2017,Rathbone Ethical Bond I Inc,0.9539
02/03/2017,Rathbone Ethical Bond I Inc,0.9556
02/04/2017,Rathbone Ethical Bond I Inc,0.9556
02/05/2017,Rathbone Ethical Bond I Inc,0.9556
02/06/2017,Rathbone Ethical Bond I Inc,0.9584
02/07/2017,Rathbone Ethical Bond I Inc,0.9589
02/08/2017,Rathbone Ethical Bond I Inc,0.9605
02/09/2017,Rathbone Ethical Bond I Inc,0.9613
02/10/2017,Rathbone Ethical Bond I Inc,0.9618
02/11/2017,Rathbone Ethical Bond I Inc,0.9618
02/12/2017,Rathbone Ethical Bond I Inc,0.9618
02/13/2017,Rathbone Ethical Bond I Inc,0.9616
02/14/2017,Rathbone Ethical Bond I Inc,0.9616
02/15/2017,Rathbone Ethical Bond I Inc,0.9624
02/16/2017,Rathbone Ethical Bond I Inc,0.9633
02/17/2017,Rathbone Ethical Bond I Inc,0.965
02/18/2017,Rathbone Ethical Bond I Inc,0.965
02/19/2017,Rathbone Ethical Bond I Inc,0.965
02/20/2017,Rathbone Ethical Bond I Inc,0.9654
02/21/2017,Rathbone Ethical Bond I Inc,0.9653
02/22/2017,Rathbone Ethical Bond I Inc,0.967
02/23/2017,Rathbone Ethical Bond I Inc,0.9677
02/24/2017,Rathbone Ethical Bond I Inc,0.9701
02/25/2017,Rathbone Ethical Bond I Inc,0.9701
02/26/2017,Rathbone Ethical Bond I Inc,0.9701
02/27/2017,Rathbone Ethical Bond I Inc,0.9718
02/28/2017,Rathbone Ethical Bond I Inc,0.9724
03/01/2017,Rathbone Ethical Bond I Inc,0.9731
03/02/2017,Rathbone Ethical Bond I Inc,0.9732
03/03/2017,Rathbone Ethical Bond I Inc,0.9737
03/04/2017,Rathbone Ethical Bond I Inc,0.9737
03/05/2017,Rathbone Ethical Bond I Inc,0.9737
03/06/2017,Rathbone Ethical Bond I Inc,0.9748
03/07/2017,Rathbone Ethical Bond I Inc,0.9752
03/08/2017,Rathbone Ethical Bond I Inc,0.9747
03/09/2017,Rathbone Ethical Bond I Inc,0.9742
03/10/2017,Rathbone Ethical Bond I Inc,0.9737
03/11/2017,Rathbone Ethical Bond I Inc,0.9737
03/12/2017,Rathbone Ethical Bond I Inc,0.9737
03/13/2017,Rathbone Ethical Bond I Inc,0.9742
03/14/2017,Rathbone Ethical Bond I Inc,0.9734
03/15/2017,Rathbone Ethical Bond I Inc,0.9745
03/16/2017,Rathbone Ethical Bond I Inc,0.9751
03/17/2017,Rathbone Ethical Bond I Inc,0.974
03/18/2017,Rathbone Ethical Bond I Inc,0.974
03/19/2017,Rathbone Ethical Bond I Inc,0.974
03/20/2017,Rathbone Ethical Bond I Inc,0.9743
03/21/2017,Rathbone Ethical Bond I Inc,0.9738
03/22/2017,Rathbone Ethical Bond I Inc,0.9751
03/23/2017,Rathbone Ethical Bond I Inc,0.9757
03/24/2017,Rathbone Ethical Bond I Inc,0.9752
03/25/2017,Rathbone Ethical Bond I Inc,0.9752
03/26/2017,Rathbone Ethical Bond I Inc,0.9752
03/27/2017,Rathbone Ethical Bond I Inc,0.9762
03/28/2017,Rathbone Ethical Bond I Inc,0.9765
03/29/2017,Rathbone Ethical Bond I Inc,0.9767
03/30/2017,Rathbone Ethical Bond I Inc,0.9788
03/31/2017,Rathbone Ethical Bond I Inc,0.9794
04/01/2017,Rathbone Ethical Bond I Inc,0.9794
04/02/2017,Rathbone Ethical Bond I Inc,0.9794
04/03/2017,Rathbone Ethical Bond I Inc,0.9688
04/04/2017,Rathbone Ethical Bond I Inc,0.9713
04/05/2017,Rathbone Ethical Bond I Inc,0.9705
04/06/2017,Rathbone Ethical Bond I Inc,0.9701
04/07/2017,Rathbone Ethical Bond I Inc,0.971
04/08/2017,Rathbone Ethical Bond I Inc,0.971
04/09/2017,Rathbone Ethical Bond I Inc,0.971
04/10/2017,Rathbone Ethical Bond I Inc,0.9711
04/11/2017,Rathbone Ethical Bond I Inc,0.972
04/12/2017,Rathbone Ethical Bond I Inc,0.973
04/13/2017,Rathbone Ethical Bond I Inc,0.9739
04/14/2017,Rathbone Ethical Bond I Inc,0.9739
04/15/2017,Rathbone Ethical Bond I Inc,0.9739
04/16/2017,Rathbone Ethical Bond I Inc,0.9739
04/17/2017,Rathbone Ethical Bond I Inc,0.9739
04/18/2017,Rathbone Ethical Bond I Inc,0.9744
04/19/2017,Rathbone Ethical Bond I Inc,0.9742
04/20/2017,Rathbone Ethical Bond I Inc,0.9735
04/21/2017,Rathbone Ethical Bond I Inc,0.9747
04/22/2017,Rathbone Ethical Bond I Inc,0.9747
04/23/2017,Rathbone Ethical Bond I Inc,0.9747
04/24/2017,Rathbone Ethical Bond I Inc,0.9758
04/25/2017,Rathbone Ethical Bond I Inc,0.9768
04/26/2017,Rathbone Ethical Bond I Inc,0.9791
04/27/2017,Rathbone Ethical Bond I Inc,0.9798
04/28/2017,Rathbone Ethical Bond I Inc,0.98
04/29/2017,Rathbone Ethical Bond I Inc,0.98
04/30/2017,Rathbone Ethical Bond I Inc,0.98
05/01/2017,Rathbone Ethical Bond I Inc,0.98
05/02/2017,Rathbone Ethical Bond I Inc,0.9815
05/03/2017,Rathbone Ethical Bond I Inc,0.9834
05/04/2017,Rathbone Ethical Bond I Inc,0.9848
05/05/2017,Rathbone Ethical Bond I Inc,0.9853
05/06/2017,Rathbone Ethical Bond I Inc,0.9853
05/07/2017,Rathbone Ethical Bond I Inc,0.9853
05/08/2017,Rathbone Ethical Bond I Inc,0.9868
05/09/2017,Rathbone Ethical Bond I Inc,0.9852
05/10/2017,Rathbone Ethical Bond I Inc,0.9863
05/11/2017,Rathbone Ethical Bond I Inc,0.9872
05/12/2017,Rathbone Ethical Bond I Inc,0.9884
05/13/2017,Rathbone Ethical Bond I Inc,0.9884
05/14/2017,Rathbone Ethical Bond I Inc,0.9884
05/15/2017,Rathbone Ethical Bond I Inc,0.9899
05/16/2017,Rathbone Ethical Bond I Inc,0.9891
05/17/2017,Rathbone Ethical Bond I Inc,0.9904
05/18/2017,Rathbone Ethical Bond I Inc,0.9917
05/19/2017,Rathbone Ethical Bond I Inc,0.9905
05/20/2017,Rathbone Ethical Bond I Inc,0.9905
05/21/2017,Rathbone Ethical Bond I Inc,0.9905
05/22/2017,Rathbone Ethical Bond I Inc,0.9908
05/23/2017,Rathbone Ethical Bond I Inc,0.9919
05/24/2017,Rathbone Ethical Bond I Inc,0.9926
05/25/2017,Rathbone Ethical Bond I Inc,0.9936
05/26/2017,Rathbone Ethical Bond I Inc,0.9951
05/27/2017,Rathbone Ethical Bond I Inc,0.9951
05/28/2017,Rathbone Ethical Bond I Inc,0.9951
05/29/2017,Rathbone Ethical Bond I Inc,0.9951
05/30/2017,Rathbone Ethical Bond I Inc,0.9959
05/31/2017,Rathbone Ethical Bond I Inc,0.9969
06/01/2017,Rathbone Ethical Bond I Inc,0.9953
06/02/2017,Rathbone Ethical Bond I Inc,0.9954
06/03/2017,Rathbone Ethical Bond I Inc,0.9954
06/04/2017,Rathbone Ethical Bond I Inc,0.9954
06/05/2017,Rathbone Ethical Bond I Inc,0.9959
06/06/2017,Rathbone Ethical Bond I Inc,0.9974
06/07/2017,Rathbone Ethical Bond I Inc,0.9985
06/08/2017,Rathbone Ethical Bond I Inc,0.9974
06/09/2017,Rathbone Ethical Bond I Inc,0.9972
06/10/2017,Rathbone Ethical Bond I Inc,0.9972
06/11/2017,Rathbone Ethical Bond I Inc,0.9972
06/12/2017,Rathbone Ethical Bond I Inc,0.9986
06/13/2017,Rathbone Ethical Bond I Inc,0.9981
06/14/2017,Rathbone Ethical Bond I Inc,0.9994
06/15/2017,Rathbone Ethical Bond I Inc,1.0016
06/16/2017,Rathbone Ethical Bond I Inc,0.999
06/17/2017,Rathbone Ethical Bond I Inc,0.999
06/18/2017,Rathbone Ethical Bond I Inc,0.999
06/19/2017,Rathbone Ethical Bond I Inc,1.0003
06/20/2017,Rathbone Ethical Bond I Inc,1.0018
06/21/2017,Rathbone Ethical Bond I Inc,1.0029
06/22/2017,Rathbone Ethical Bond I Inc,1.002
06/23/2017,Rathbone Ethical Bond I Inc,1.0014
06/24/2017,Rathbone Ethical Bond I Inc,1.0014
06/25/2017,Rathbone Ethical Bond I Inc,1.0014
06/26/2017,Rathbone Ethical Bond I Inc,1.0017
06/27/2017,Rathbone Ethical Bond I Inc,1.0021
06/28/2017,Rathbone Ethical Bond I Inc,0.9993
06/29/2017,Rathbone Ethical Bond I Inc,0.9965
06/30/2017,Rathbone Ethical Bond I Inc,0.9953
07/01/2017,Rathbone Ethical Bond I Inc,0.9953
07/02/2017,Rathbone Ethical Bond I Inc,0.9953
07/03/2017,Rathbone Ethical Bond I Inc,0.9836
07/04/2017,Rathbone Ethical Bond I Inc,0.9842
07/05/2017,Rathbone Ethical Bond I Inc,0.9847
07/06/2017,Rathbone Ethical Bond I Inc,0.984
07/07/2017,Rathbone Ethical Bond I Inc,0.9836
07/08/2017,Rathbone Ethical Bond I Inc,0.9836
07/09/2017,Rathbone Ethical Bond I Inc,0.9836
07/10/2017,Rathbone Ethical Bond I Inc,0.9848
07/11/2017,Rathbone Ethical Bond I Inc,0.985
07/12/2017,Rathbone Ethical Bond I Inc,0.9855
07/13/2017,Rathbone Ethical Bond I Inc,0.9868
07/14/2017,Rathbone Ethical Bond I Inc,0.9856
07/15/2017,Rathbone Ethical Bond I Inc,0.9856
07/16/2017,Rathbone Ethical Bond I Inc,0.9856
07/17/2017,Rathbone Ethical Bond I Inc,0.9862
07/18/2017,Rathbone Ethical Bond I Inc,0.9886
07/19/2017,Rathbone Ethical Bond I Inc,0.9894
07/20/2017,Rathbone Ethical Bond I Inc,0.9906
07/21/2017,Rathbone Ethical Bond I Inc,0.9919
07/22/2017,Rathbone Ethical Bond I Inc,0.9919
07/23/2017,Rathbone Ethical Bond I Inc,0.9919
07/24/2017,Rathbone Ethical Bond I Inc,0.9935
07/25/2017,Rathbone Ethical Bond I Inc,0.9935
07/26/2017,Rathbone Ethical Bond I Inc,0.9928
07/27/2017,Rathbone Ethical Bond I Inc,0.9949
07/28/2017,Rathbone Ethical Bond I Inc,0.9951
07/29/2017,Rathbone Ethical Bond I Inc,0.9951
07/30/2017,Rathbone Ethical Bond I Inc,0.9951
07/31/2017,Rathbone Ethical Bond I Inc,0.9961
08/01/2017,Rathbone Ethical Bond I Inc,0.9961
08/02/2017,Rathbone Ethical Bond I Inc,0.9973
08/03/2017,Rathbone Ethical Bond I Inc,0.9976
08/04/2017,Rathbone Ethical Bond I Inc,1.0013
08/05/2017,Rathbone Ethical Bond I Inc,1.0013
08/06/2017,Rathbone Ethical Bond I Inc,1.0013
08/07/2017,Rathbone Ethical Bond I Inc,1.002
08/08/2017,Rathbone Ethical Bond I Inc,1.0045
08/09/2017,Rathbone Ethical Bond I Inc,1.0044
08/10/2017,Rathbone Ethical Bond I Inc,1.004
08/11/2017,Rathbone Ethical Bond I Inc,1.0026
08/12/2017,Rathbone Ethical Bond I Inc,1.0026
08/13/2017,Rathbone Ethical Bond I Inc,1.0026
08/14/2017,Rathbone Ethical Bond I Inc,1.002
08/15/2017,Rathbone Ethical Bond I Inc,1.003
08/16/2017,Rathbone Ethical Bond I Inc,1.003
08/17/2017,Rathbone Ethical Bond I Inc,1.0036
08/18/2017,Rathbone Ethical Bond I Inc,1.0043
08/19/2017,Rathbone Ethical Bond I Inc,1.0043
08/20/2017,Rathbone Ethical Bond I Inc,1.0043
08/21/2017,Rathbone Ethical Bond I Inc,1.005
08/22/2017,Rathbone Ethical Bond I Inc,1.005
08/23/2017,Rathbone Ethical Bond I Inc,1.0043
08/24/2017,Rathbone Ethical Bond I Inc,1.0048
08/25/2017,Rathbone Ethical Bond I Inc,1.0045
08/26/2017,Rathbone Ethical Bond I Inc,1.0045
08/27/2017,Rathbone Ethical Bond I Inc,1.0045
08/28/2017,Rathbone Ethical Bond I Inc,1.0045
08/29/2017,Rathbone Ethical Bond I Inc,1.0063
08/30/2017,Rathbone Ethical Bond I Inc,1.0062
08/31/2017,Rathbone Ethical Bond I Inc,1.006
09/01/2017,Rathbone Ethical Bond I Inc,1.0058
09/02/2017,Rathbone Ethical Bond I Inc,1.0058
09/03/2017,Rathbone Ethical Bond I Inc,1.0058
09/04/2017,Rathbone Ethical Bond I Inc,1.0058
09/05/2017,Rathbone Ethical Bond I Inc,1.0058
09/06/2017,Rathbone Ethical Bond I Inc,1.007
09/07/2017,Rathbone Ethical Bond I Inc,1.0063
09/08/2017,Rathbone Ethical Bond I Inc,1.0075
09/09/2017,Rathbone Ethical Bond I Inc,1.0075
09/10/2017,Rathbone Ethical Bond I Inc,1.0075
09/11/2017,Rathbone Ethical Bond I Inc,1.006
09/12/2017,Rathbone Ethical Bond I Inc,1.0046
09/13/2017,Rathbone Ethical Bond I Inc,1.003
09/14/2017,Rathbone Ethical Bond I Inc,1.0029
09/15/2017,Rathbone Ethical Bond I Inc,0.9963
09/16/2017,Rathbone Ethical Bond I Inc,0.9963
09/17/2017,Rathbone Ethical Bond I Inc,0.9963
09/18/2017,Rathbone Ethical Bond I Inc,0.9971
09/19/2017,Rathbone Ethical Bond I Inc,0.9979
09/20/2017,Rathbone Ethical Bond I Inc,0.9977
09/21/2017,Rathbone Ethical Bond I Inc,0.9964
09/22/2017,Rathbone Ethical Bond I Inc,0.9969
09/23/2017,Rathbone Ethical Bond I Inc,0.9969
09/24/2017,Rathbone Ethical Bond I Inc,0.9969
09/25/2017,Rathbone Ethical Bond I Inc,0.9982
09/26/2017,Rathbone Ethical Bond I Inc,0.9991
09/27/2017,Rathbone Ethical Bond I Inc,0.9975
09/28/2017,Rathbone Ethical Bond I Inc,0.9966
09/29/2017,Rathbone Ethical Bond I Inc,0.9983
09/30/2017,Rathbone Ethical Bond I Inc,0.9983
10/01/2017,Rathbone Ethical Bond I Inc,0.9983
10/02/2017,Rathbone Ethical Bond I Inc,0.9887
10/03/2017,Rathbone Ethical Bond I Inc,0.9883
10/04/2017,Rathbone Ethical Bond I Inc,0.9897
10/05/2017,Rathbone Ethical Bond I Inc,0.9894
10/06/2017,Rathbone Ethical Bond I Inc,0.9887
10/07/2017,Rathbone Ethical Bond I Inc,0.9887
10/08/2017,Rathbone Ethical Bond I Inc,0.9887
10/09/2017,Rathbone Ethical Bond I Inc,0.9897
10/10/2017,Rathbone Ethical Bond I Inc,0.9899
10/11/2017,Rathbone Ethical Bond I Inc,0.9897
10/12/2017,Rathbone Ethical Bond I Inc,0.9903
10/13/2017,Rathbone Ethical Bond I Inc,0.99
10/14/2017,Rathbone Ethical Bond I Inc,0.99
10/15/2017,Rathbone Ethical Bond I Inc,0.99
10/16/2017,Rathbone Ethical Bond I Inc,0.9911
10/17/2017,Rathbone Ethical Bond I Inc,0.9938
10/18/2017,Rathbone Ethical Bond I Inc,0.9946
10/19/2017,Rathbone Ethical Bond I Inc,0.9955
10/20/2017,Rathbone Ethical Bond I Inc,0.9948
10/21/2017,Rathbone Ethical Bond I Inc,0.9948
10/22/2017,Rathbone Ethical Bond I Inc,0.9948
10/23/2017,Rathbone Ethical Bond I Inc,0.9949
10/24/2017,Rathbone Ethical Bond I Inc,0.9946
10/25/2017,Rathbone Ethical Bond I Inc,0.9925
10/26/2017,Rathbone Ethical Bond I Inc,0.9921
10/27/2017,Rathbone Ethical Bond I Inc,0.9943
10/28/2017,Rathbone Ethical Bond I Inc,0.9943
10/29/2017,Rathbone Ethical Bond I Inc,0.9943
10/30/2017,Rathbone Ethical Bond I Inc,0.9955
10/31/2017,Rathbone Ethical Bond I Inc,0.9969
11/01/2017,Rathbone Ethical Bond I Inc,0.998
11/02/2017,Rathbone Ethical Bond I Inc,0.999
11/03/2017,Rathbone Ethical Bond I Inc,1.0036
11/04/2017,Rathbone Ethical Bond I Inc,1.0036
11/05/2017,Rathbone Ethical Bond I Inc,1.0036
11/06/2017,Rathbone Ethical Bond I Inc,1.0046
11/07/2017,Rathbone Ethical Bond I Inc,1.0057
11/08/2017,Rathbone Ethical Bond I Inc,1.0069
11/09/2017,Rathbone Ethical Bond I Inc,1.0058
11/10/2017,Rathbone Ethical Bond I Inc,1.0019
11/11/2017,Rathbone Ethical Bond I Inc,1.0019
11/12/2017,Rathbone Ethical Bond I Inc,1.0019
11/13/2017,Rathbone Ethical Bond I Inc,1.0014
11/14/2017,Rathbone Ethical Bond I Inc,0.9996
11/15/2017,Rathbone Ethical Bond I Inc,0.9989
11/16/2017,Rathbone Ethical Bond I Inc,0.9985
11/17/2017,Rathbone Ethical Bond I Inc,0.9991
11/18/2017,Rathbone Ethical Bond I Inc,0.9991
11/19/2017,Rathbone Ethical Bond I Inc,0.9991
11/20/2017,Rathbone Ethical Bond I Inc,0.9997
11/21/2017,Rathbone Ethical Bond I Inc,1.0022
11/22/2017,Rathbone Ethical Bond I Inc,1.002
11/23/2017,Rathbone Ethical Bond I Inc,1.0038
11/24/2017,Rathbone Ethical Bond I Inc,1.0037
11/25/2017,Rathbone Ethical Bond I Inc,1.0037
11/26/2017,Rathbone Ethical Bond I Inc,1.0037
11/27/2017,Rathbone Ethical Bond I Inc,1.0049
11/28/2017,Rathbone Ethical Bond I Inc,1.005
11/29/2017,Rathbone Ethical Bond I Inc,1.0033
11/30/2017,Rathbone Ethical Bond I Inc,1.0018
12/01/2017,Rathbone Ethical Bond I Inc,1.0048
12/02/2017,Rathbone Ethical Bond I Inc,1.0048
12/03/2017,Rathbone Ethical Bond I Inc,1.0048
12/04/2017,Rathbone Ethical Bond I Inc,1.0056
12/05/2017,Rathbone Ethical Bond I Inc,1.0059
12/06/2017,Rathbone Ethical Bond I Inc,1.0067
12/07/2017,Rathbone Ethical Bond I Inc,1.0068
12/08/2017,Rathbone Ethical Bond I Inc,1.0044
12/09/2017,Rathbone Ethical Bond I Inc,1.0044
12/10/2017,Rathbone Ethical Bond I Inc,1.0044
12/11/2017,Rathbone Ethical Bond I Inc,1.0082
12/12/2017,Rathbone Ethical Bond I Inc,1.0091
12/13/2017,Rathbone Ethical Bond I Inc,1.0086
12/14/2017,Rathbone Ethical Bond I Inc,1.0096
12/15/2017,Rathbone Ethical Bond I Inc,1.0121
12/16/2017,Rathbone Ethical Bond I Inc,1.0121
12/17/2017,Rathbone Ethical Bond I Inc,1.0121
12/18/2017,Rathbone Ethical Bond I Inc,1.0133
12/19/2017,Rathbone Ethical Bond I Inc,1.0134
12/20/2017,Rathbone Ethical Bond I Inc,1.0109
12/21/2017,Rathbone Ethical Bond I Inc,1.01
12/22/2017,Rathbone Ethical Bond I Inc,1.0112
12/23/2017,Rathbone Ethical Bond I Inc,1.0112
12/24/2017,Rathbone Ethical Bond I Inc,1.0112
12/25/2017,Rathbone Ethical Bond I Inc,1.0112
12/26/2017,Rathbone Ethical Bond I Inc,1.0112
12/27/2017,Rathbone Ethical Bond I Inc,1.0131
12/28/2017,Rathbone Ethical Bond I Inc,1.0146
12/29/2017,Rathbone Ethical Bond I Inc,1.014
12/30/2017,Rathbone Ethical Bond I Inc,1.014
12/31/2017,Rathbone Ethical Bond I Inc,1.014
01/01/2018,Rathbone Ethical Bond I Inc,1.014
01/02/2018,Rathbone Ethical Bond I Inc,1.0034
01/03/2018,Rathbone Ethical Bond I Inc,1.0055
01/04/2018,Rathbone Ethical Bond I Inc,1.0068
01/05/2018,Rathbone Ethical Bond I Inc,1.0089
01/06/2018,Rathbone Ethical Bond I Inc,1.0089
01/07/2018,Rathbone Ethical Bond I Inc,1.0089
01/08/2018,Rathbone Ethical Bond I Inc,1.0096
01/09/2018,Rathbone Ethical Bond I Inc,1.0092
01/10/2018,Rathbone Ethical Bond I Inc,1.0074
01/11/2018,Rathbone Ethical Bond I Inc,1.0079
01/12/2018,Rathbone Ethical Bond I Inc,1.0061
01/13/2018,Rathbone Ethical Bond I Inc,1.0061
01/14/2018,Rathbone Ethical Bond I Inc,1.0061
01/15/2018,Rathbone Ethical Bond I Inc,1.0065
01/16/2018,Rathbone Ethical Bond I Inc,1.0073
01/17/2018,Rathbone Ethical Bond I Inc,1.0076
01/18/2018,Rathbone Ethical Bond I Inc,1.0067
01/19/2018,Rathbone Ethical Bond I Inc,1.0073
01/20/2018,Rathbone Ethical Bond I Inc,1.0073
01/21/2018,Rathbone Ethical Bond I Inc,1.0073
01/22/2018,Rathbone Ethical Bond I Inc,1.0076
01/23/2018,Rathbone Ethical Bond I Inc,1.0089
01/24/2018,Rathbone Ethical Bond I Inc,1.0073
01/25/2018,Rathbone Ethical Bond I Inc,1.0067
01/26/2018,Rathbone Ethical Bond I Inc,1.0073
01/27/2018,Rathbone Ethical Bond I Inc,1.0073
01/28/2018,Rathbone Ethical Bond I Inc,1.0073
01/29/2018,Rathbone Ethical Bond I Inc,1.0065
01/30/2018,Rathbone Ethical Bond I Inc,1.0063
01/31/2018,Rathbone Ethical Bond I Inc,1.0056
02/01/2018,Rathbone Ethical Bond I Inc,1.002
02/02/2018,Rathbone Ethical Bond I Inc,1.0003
02/03/2018,Rathbone Ethical Bond I Inc,1.0003
02/04/2018,Rathbone Ethical Bond I Inc,1.0003
02/05/2018,Rathbone Ethical Bond I Inc,0.9986
02/06/2018,Rathbone Ethical Bond I Inc,0.9984
02/07/2018,Rathbone Ethical Bond I Inc,0.9973
02/08/2018,Rathbone Ethical Bond I Inc,0.9967
02/09/2018,Rathbone Ethical Bond I Inc,0.9917
02/10/2018,Rathbone Ethical Bond I Inc,0.9917
02/11/2018,Rathbone Ethical Bond I Inc,0.9917
02/12/2018,Rathbone Ethical Bond I Inc,0.9892
02/13/2018,Rathbone Ethical Bond I Inc,0.9866
02/14/2018,Rathbone Ethical Bond I Inc,0.9851
02/15/2018,Rathbone Ethical Bond I Inc,0.984
02/16/2018,Rathbone Ethical Bond I Inc,0.9866
02/17/2018,Rathbone Ethical Bond I Inc,0.9866
02/18/2018,Rathbone Ethical Bond I Inc,0.9866
02/19/2018,Rathbone Ethical Bond I Inc,0.9883
02/20/2018,Rathbone Ethical Bond I Inc,0.9873
02/21/2018,Rathbone Ethical Bond I Inc,0.9889
02/22/2018,Rathbone Ethical Bond I Inc,0.9879
02/23/2018,Rathbone Ethical Bond I Inc,0.988
02/24/2018,Rathbone Ethical Bond I Inc,0.988
02/25/2018,Rathbone Ethical Bond I Inc,0.988
02/26/2018,Rathbone Ethical Bond I Inc,0.9886
02/27/2018,Rathbone Ethical Bond I Inc,0.9892
02/28/2018,Rathbone Ethical Bond I Inc,0.9897
03/01/2018,Rathbone Ethical Bond I Inc,0.9928
03/02/2018,Rathbone Ethical Bond I Inc,0.9924
03/03/2018,Rathbone Ethical Bond I Inc,0.9924
03/04/2018,Rathbone Ethical Bond I Inc,0.9924
03/05/2018,Rathbone Ethical Bond I Inc,0.9909
03/06/2018,Rathbone Ethical Bond I Inc,0.988
03/07/2018,Rathbone Ethical Bond I Inc,0.9907
03/08/2018,Rathbone Ethical Bond I Inc,0.991
03/09/2018,Rathbone Ethical Bond I Inc,0.992
03/10/2018,Rathbone Ethical Bond I Inc,0.992
03/11/2018,Rathbone Ethical Bond I Inc,0.992
03/12/2018,Rathbone Ethical Bond I Inc,0.9927
03/13/2018,Rathbone Ethical Bond I Inc,0.9926
03/14/2018,Rathbone Ethical Bond I Inc,0.9919
03/15/2018,Rathbone Ethical Bond I Inc,0.9915
03/16/2018,Rathbone Ethical Bond I Inc,0.9907
03/17/2018,Rathbone Ethical Bond I Inc,0.9907
03/18/2018,Rathbone Ethical Bond I Inc,0.9907
03/19/2018,Rathbone Ethical Bond I Inc,0.9883
03/20/2018,Rathbone Ethical Bond I Inc,0.9875
03/21/2018,Rathbone Ethical Bond I Inc,0.985
03/22/2018,Rathbone Ethical Bond I Inc,0.9855
03/23/2018,Rathbone Ethical Bond I Inc,0.9848
03/24/2018,Rathbone Ethical Bond I Inc,0.9848
03/25/2018,Rathbone Ethical Bond I Inc,0.9848
03/26/2018,Rathbone Ethical Bond I Inc,0.9846
03/27/2018,Rathbone Ethical Bond I Inc,0.9861
03/28/2018,Rathbone Ethical Bond I Inc,0.9876
03/29/2018,Rathbone Ethical Bond I Inc,0.9885
03/30/2018,Rathbone Ethical Bond I Inc,0.9885
03/31/2018,Rathbone Ethical Bond I Inc,0.9885
04/01/2018,Rathbone Ethical Bond I Inc,0.9885
04/02/2018,Rathbone Ethical Bond I Inc,0.9885
04/03/2018,Rathbone Ethical Bond I Inc,0.9803
04/04/2018,Rathbone Ethical Bond I Inc,0.98
04/05/2018,Rathbone Ethical Bond I Inc,0.9784
04/06/2018,Rathbone Ethical Bond I Inc,0.9788
04/07/2018,Rathbone Ethical Bond I Inc,0.9788
04/08/2018,Rathbone Ethical Bond I Inc,0.9788
04/09/2018,Rathbone Ethical Bond I Inc,0.9799
04/10/2018,Rathbone Ethical Bond I Inc,0.9802
04/11/2018,Rathbone Ethical Bond I Inc,0.9811
04/12/2018,Rathbone Ethical Bond I Inc,0.9812
04/13/2018,Rathbone Ethical Bond I Inc,0.9813
04/14/2018,Rathbone Ethical Bond I Inc,0.9813
04/15/2018,Rathbone Ethical Bond I Inc,0.9813
04/16/2018,Rathbone Ethical Bond I Inc,0.9822
04/17/2018,Rathbone Ethical Bond I Inc,0.9838
04/18/2018,Rathbone Ethical Bond I Inc,0.9855
04/19/2018,Rathbone Ethical Bond I Inc,0.9838
04/20/2018,Rathbone Ethical Bond I Inc,0.9825
04/21/2018,Rathbone Ethical Bond I Inc,0.9825
04/22/2018,Rathbone Ethical Bond I Inc,0.9825
04/23/2018,Rathbone Ethical Bond I Inc,0.9812
04/24/2018,Rathbone Ethical Bond I Inc,0.9807
04/25/2018,Rathbone Ethical Bond I Inc,0.9791
04/26/2018,Rathbone Ethical Bond I Inc,0.98
04/27/2018,Rathbone Ethical Bond I Inc,0.9823
04/28/2018,Rathbone Ethical Bond I Inc,0.9823
04/29/2018,Rathbone Ethical Bond I Inc,0.9823
04/30/2018,Rathbone Ethical Bond I Inc,0.9832
05/01/2018,Rathbone Ethical Bond I Inc,0.9841
05/02/2018,Rathbone Ethical Bond I Inc,0.9819
05/03/2018,Rathbone Ethical Bond I Inc,0.9821
05/04/2018,Rathbone Ethical Bond I Inc,0.9834
05/05/2018,Rathbone Ethical Bond I Inc,0.9834
05/06/2018,Rathbone Ethical Bond I Inc,0.9834
05/07/2018,Rathbone Ethical Bond I Inc,0.9834
05/08/2018,Rathbone Ethical Bond I Inc,0.9822
05/09/2018,Rathbone Ethical Bond I Inc,0.9795
05/10/2018,Rathbone Ethical Bond I Inc,0.9799
05/11/2018,Rathbone Ethical Bond I Inc,0.9812
05/12/2018,Rathbone Ethical Bond I Inc,0.9812
05/13/2018,Rathbone Ethical Bond I Inc,0.9812
05/14/2018,Rathbone Ethical Bond I Inc,0.9813
05/15/2018,Rathbone Ethical Bond I Inc,0.9811
05/16/2018,Rathbone Ethical Bond I Inc,0.9798
05/17/2018,Rathbone Ethical Bond I Inc,0.9789
05/18/2018,Rathbone Ethical Bond I Inc,0.9777
05/19/2018,Rathbone Ethical Bond I Inc,0.9777
05/20/2018,Rathbone Ethical Bond I Inc,0.9777
05/21/2018,Rathbone Ethical Bond I Inc,0.9788
05/22/2018,Rathbone Ethical Bond I Inc,0.9776
05/23/2018,Rathbone Ethical Bond I Inc,0.9769
05/24/2018,Rathbone Ethical Bond I Inc,0.9775
05/25/2018,Rathbone Ethical Bond I Inc,0.9796
05/26/2018,Rathbone Ethical Bond I Inc,0.9796
05/27/2018,Rathbone Ethical Bond I Inc,0.9796
05/28/2018,Rathbone Ethical Bond I Inc,0.9796
05/29/2018,Rathbone Ethical Bond I Inc,0.9792
05/30/2018,Rathbone Ethical Bond I Inc,0.9777
05/31/2018,Rathbone Ethical Bond I Inc,0.9791
06/01/2018,Rathbone Ethical Bond I Inc,0.98
06/02/2018,Rathbone Ethical Bond I Inc,0.98
06/03/2018,Rathbone Ethical Bond I Inc,0.98
06/04/2018,Rathbone Ethical Bond I Inc,0.9814
06/05/2018,Rathbone Ethical Bond I Inc,0.9824
06/06/2018,Rathbone Ethical Bond I Inc,0.981
06/07/2018,Rathbone Ethical Bond I Inc,0.9788
06/08/2018,Rathbone Ethical Bond I Inc,0.9795
06/09/2018,Rathbone Ethical Bond I Inc,0.9795
06/10/2018,Rathbone Ethical Bond I Inc,0.9795
06/11/2018,Rathbone Ethical Bond I Inc,0.979
06/12/2018,Rathbone Ethical Bond I Inc,0.9787
06/13/2018,Rathbone Ethical Bond I Inc,0.9809
06/14/2018,Rathbone Ethical Bond I Inc,0.9819
06/15/2018,Rathbone Ethical Bond I Inc,0.985
06/16/2018,Rathbone Ethical Bond I Inc,0.985
06/17/2018,Rathbone Ethical Bond I Inc,0.985
06/18/2018,Rathbone Ethical Bond I Inc,0.9858
06/19/2018,Rathbone Ethical Bond I Inc,0.986
06/20/2018,Rathbone Ethical Bond I Inc,0.9858
06/21/2018,Rathbone Ethical Bond I Inc,0.9843
06/22/2018,Rathbone Ethical Bond I Inc,0.9827
06/23/2018,Rathbone Ethical Bond I Inc,0.9827
06/24/2018,Rathbone Ethical Bond I Inc,0.9827
06/25/2018,Rathbone Ethical Bond I Inc,0.9824
06/26/2018,Rathbone Ethical Bond I Inc,0.9815
06/27/2018,Rathbone Ethical Bond I Inc,0.9794
06/28/2018,Rathbone Ethical Bond I Inc,0.979
06/29/2018,Rathbone Ethical Bond I Inc,0.9776
06/30/2018,Rathbone Ethical Bond I Inc,0.9776
07/01/2018,Rathbone Ethical Bond I Inc,0.9776
07/02/2018,Rathbone Ethical Bond I Inc,0.966
07/03/2018,Rathbone Ethical Bond I Inc,0.9654
07/04/2018,Rathbone Ethical Bond I Inc,0.9659
07/05/2018,Rathbone Ethical Bond I Inc,0.9661
07/06/2018,Rathbone Ethical Bond I Inc,0.968
07/07/2018,Rathbone Ethical Bond I Inc,0.968
07/08/2018,Rathbone Ethical Bond I Inc,0.968
07/09/2018,Rathbone Ethical Bond I Inc,0.9673
07/10/2018,Rathbone Ethical Bond I Inc,0.9695
07/11/2018,Rathbone Ethical Bond I Inc,0.97
07/12/2018,Rathbone Ethical Bond I Inc,0.9704
07/13/2018,Rathbone Ethical Bond I Inc,0.9725
07/14/2018,Rathbone Ethical Bond I Inc,0.9725
07/15/2018,Rathbone Ethical Bond I Inc,0.9725
07/16/2018,Rathbone Ethical Bond I Inc,0.9719
07/17/2018,Rathbone Ethical Bond I Inc,0.9717
07/18/2018,Rathbone Ethical Bond I Inc,0.9731
07/19/2018,Rathbone Ethical Bond I Inc,0.9728
07/20/2018,Rathbone Ethical Bond I Inc,0.9719
07/21/2018,Rathbone Ethical Bond I Inc,0.9719
07/22/2018,Rathbone Ethical Bond I Inc,0.9719
07/23/2018,Rathbone Ethical Bond I Inc,0.9705
07/24/2018,Rathbone Ethical Bond I Inc,0.9693
07/25/2018,Rathbone Ethical Bond I Inc,0.9697
07/26/2018,Rathbone Ethical Bond I Inc,0.9702
07/27/2018,Rathbone Ethical Bond I Inc,0.9715
07/28/2018,Rathbone Ethical Bond I Inc,0.9715
07/29/2018,Rathbone Ethical Bond I Inc,0.9715
07/30/2018,Rathbone Ethical Bond I Inc,0.9708
07/31/2018,Rathbone Ethical Bond I Inc,0.9705
08/01/2018,Rathbone Ethical Bond I Inc,0.9706
08/02/2018,Rathbone Ethical Bond I Inc,0.9699
08/03/2018,Rathbone Ethical Bond I Inc,0.9703
08/04/2018,Rathbone Ethical Bond I Inc,0.9703
08/05/2018,Rathbone Ethical Bond I Inc,0.9703
08/06/2018,Rathbone Ethical Bond I Inc,0.9728
08/07/2018,Rathbone Ethical Bond I Inc,0.9735
08/08/2018,Rathbone Ethical Bond I Inc,0.9735
08/09/2018,Rathbone Ethical Bond I Inc,0.9732
08/10/2018,Rathbone Ethical Bond I Inc,0.974
08/11/2018,Rathbone Ethical Bond I Inc,0.974
08/12/2018,Rathbone Ethical Bond I Inc,0.974
08/13/2018,Rathbone Ethical Bond I Inc,0.9739
08/14/2018,Rathbone Ethical Bond I Inc,0.9733
08/15/2018,Rathbone Ethical Bond I Inc,0.975
08/16/2018,Rathbone Ethical Bond I Inc,0.9747
08/17/2018,Rathbone Ethical Bond I Inc,0.9754
08/18/2018,Rathbone Ethical Bond I Inc,0.9754
08/19/2018,Rathbone Ethical Bond I Inc,0.9754
08/20/2018,Rathbone Ethical Bond I Inc,0.9744
08/21/2018,Rathbone Ethical Bond I Inc,0.9741
08/22/2018,Rathbone Ethical Bond I Inc,0.9737
08/23/2018,Rathbone Ethical Bond I Inc,0.9734
08/24/2018,Rathbone Ethical Bond I Inc,0.9732
08/25/2018,Rathbone Ethical Bond I Inc,0.9732
08/26/2018,Rathbone Ethical Bond I Inc,0.9732
08/27/2018,Rathbone Ethical Bond I Inc,0.9732
08/28/2018,Rathbone Ethical Bond I Inc,0.9731
08/29/2018,Rathbone Ethical Bond I Inc,0.9723
08/30/2018,Rathbone Ethical Bond I Inc,0.9711
08/31/2018,Rathbone Ethical Bond I Inc,0.9716
09/01/2018,Rathbone Ethical Bond I Inc,0.9716
09/02/2018,Rathbone Ethical Bond I Inc,0.9716
09/03/2018,Rathbone Ethical Bond I Inc,0.9725
09/04/2018,Rathbone Ethical Bond I Inc,0.9729
09/05/2018,Rathbone Ethical Bond I Inc,0.9708
09/06/2018,Rathbone Ethical Bond I Inc,0.9703
09/07/2018,Rathbone Ethical Bond I Inc,0.9707
09/08/2018,Rathbone Ethical Bond I Inc,0.9707
09/09/2018,Rathbone Ethical Bond I Inc,0.9707
09/10/2018,Rathbone Ethical Bond I Inc,0.97
09/11/2018,Rathbone Ethical Bond I Inc,0.9689
09/12/2018,Rathbone Ethical Bond I Inc,0.9693
09/13/2018,Rathbone Ethical Bond I Inc,0.9689
09/14/2018,Rathbone Ethical Bond I Inc,0.9686
09/15/2018,Rathbone Ethical Bond I Inc,0.9686
09/16/2018,Rathbone Ethical Bond I Inc,0.9686
09/17/2018,Rathbone Ethical Bond I Inc,0.9684
09/18/2018,Rathbone Ethical Bond I Inc,0.968
09/19/2018,Rathbone Ethical Bond I Inc,0.9655
09/20/2018,Rathbone Ethical Bond I Inc,0.9649
09/21/2018,Rathbone Ethical Bond I Inc,0.9657
09/22/2018,Rathbone Ethical Bond I Inc,0.9657
09/23/2018,Rathbone Ethical Bond I Inc,0.9657
09/24/2018,Rathbone Ethical Bond I Inc,0.9656
09/25/2018,Rathbone Ethical Bond I Inc,0.9631
09/26/2018,Rathbone Ethical Bond I Inc,0.9627
09/27/2018,Rathbone Ethical Bond I Inc,0.9637
09/28/2018,Rathbone Ethical Bond I Inc,0.9642
09/29/2018,Rathbone Ethical Bond I Inc,0.9642
09/30/2018,Rathbone Ethical Bond I Inc,0.9642
10/01/2018,Rathbone Ethical Bond I Inc,0.9537
10/02/2018,Rathbone Ethical Bond I Inc,0.9547
10/03/2018,Rathbone Ethical Bond I Inc,0.9561
10/04/2018,Rathbone Ethical Bond I Inc,0.9529
10/05/2018,Rathbone Ethical Bond I Inc,0.952
10/06/2018,Rathbone Ethical Bond I Inc,0.952
10/07/2018,Rathbone Ethical Bond I Inc,0.952
10/08/2018,Rathbone Ethical Bond I Inc,0.9509
10/09/2018,Rathbone Ethical Bond I Inc,0.9507
10/10/2018,Rathbone Ethical Bond I Inc,0.95
10/11/2018,Rathbone Ethical Bond I Inc,0.9493
10/12/2018,Rathbone Ethical Bond I Inc,0.9505
10/13/2018,Rathbone Ethical Bond I Inc,0.9505
10/14/2018,Rathbone Ethical Bond I Inc,0.9505
10/15/2018,Rathbone Ethical Bond I Inc,0.9523
10/16/2018,Rathbone Ethical Bond I Inc,0.9516
10/17/2018,Rathbone Ethical Bond I Inc,0.9529
10/18/2018,Rathbone Ethical Bond I Inc,0.9526
10/19/2018,Rathbone Ethical Bond I Inc,0.9528
10/20/2018,Rathbone Ethical Bond I Inc,0.9528
10/21/2018,Rathbone Ethical Bond I Inc,0.9528
10/22/2018,Rathbone Ethical Bond I Inc,0.9518
10/23/2018,Rathbone Ethical Bond I Inc,0.954
10/24/2018,Rathbone Ethical Bond I Inc,0.9551
10/25/2018,Rathbone Ethical Bond I Inc,0.9549
10/26/2018,Rathbone Ethical Bond I Inc,0.956
10/27/2018,Rathbone Ethical Bond I Inc,0.956
10/28/2018,Rathbone Ethical Bond I Inc,0.956
10/29/2018,Rathbone Ethical Bond I Inc,0.9559
10/30/2018,Rathbone Ethical Bond I Inc,0.9557
10/31/2018,Rathbone Ethical Bond I Inc,0.9554
11/01/2018,Rathbone Ethical Bond I Inc,0.9553
11/02/2018,Rathbone Ethical Bond I Inc,0.9567
11/03/2018,Rathbone Ethical Bond I Inc,0.9567
11/04/2018,Rathbone Ethical Bond I Inc,0.9567
11/05/2018,Rathbone Ethical Bond I Inc,0.9562
11/06/2018,Rathbone Ethical Bond I Inc,0.9565
11/07/2018,Rathbone Ethical Bond I Inc,0.955
11/08/2018,Rathbone Ethical Bond I Inc,0.9551
11/09/2018,Rathbone Ethical Bond I Inc,0.9554
11/10/2018,Rathbone Ethical Bond I Inc,0.9554
11/11/2018,Rathbone Ethical Bond I Inc,0.9554
11/12/2018,Rathbone Ethical Bond I Inc,0.9586
11/13/2018,Rathbone Ethical Bond I Inc,0.956
11/14/2018,Rathbone Ethical Bond I Inc,0.9536
11/15/2018,Rathbone Ethical Bond I Inc,0.9523
11/16/2018,Rathbone Ethical Bond I Inc,0.9496
11/17/2018,Rathbone Ethical Bond I Inc,0.9496
11/18/2018,Rathbone Ethical Bond I Inc,0.9496
11/19/2018,Rathbone Ethical Bond I Inc,0.9478
11/20/2018,Rathbone Ethical Bond I Inc,0.9425
11/21/2018,Rathbone Ethical Bond I Inc,0.9421
11/22/2018,Rathbone Ethical Bond I Inc,0.9438
11/23/2018,Rathbone Ethical Bond I Inc,0.9473
11/24/2018,Rathbone Ethical Bond I Inc,0.9473
11/25/2018,Rathbone Ethical Bond I Inc,0.9473
11/26/2018,Rathbone Ethical Bond I Inc,0.9475
11/27/2018,Rathbone Ethical Bond I Inc,0.9465
11/28/2018,Rathbone Ethical Bond I Inc,0.9453
11/29/2018,Rathbone Ethical Bond I Inc,0.9446
11/30/2018,Rathbone Ethical Bond I Inc,0.9434
12/01/2018,Rathbone Ethical Bond I Inc,0.9434
12/02/2018,Rathbone Ethical Bond I Inc,0.9434
12/03/2018,Rathbone Ethical Bond I Inc,0.9424
12/04/2018,Rathbone Ethical Bond I Inc,0.9419
12/05/2018,Rathbone Ethical Bond I Inc,0.94
12/06/2018,Rathbone Ethical Bond I Inc,0.9405
12/07/2018,Rathbone Ethical Bond I Inc,0.9409
12/08/2018,Rathbone Ethical Bond I Inc,0.9409
12/09/2018,Rathbone Ethical Bond I Inc,0.9409
12/10/2018,Rathbone Ethical Bond I Inc,0.943
12/11/2018,Rathbone Ethical Bond I Inc,0.943
12/12/2018,Rathbone Ethical Bond I Inc,0.9436
12/13/2018,Rathbone Ethical Bond I Inc,0.9439
12/14/2018,Rathbone Ethical Bond I Inc,0.9436
12/15/2018,Rathbone Ethical Bond I Inc,0.9436
12/16/2018,Rathbone Ethical Bond I Inc,0.9436
12/17/2018,Rathbone Ethical Bond I Inc,0.9443
12/18/2018,Rathbone Ethical Bond I Inc,0.9451
12/19/2018,Rathbone Ethical Bond I Inc,0.945
12/20/2018,Rathbone Ethical Bond I Inc,0.9446
12/21/2018,Rathbone Ethical Bond I Inc,0.9431
12/22/2018,Rathbone Ethical Bond I Inc,0.9431
12/23/2018,Rathbone Ethical Bond I Inc,0.9431
12/24/2018,Rathbone Ethical Bond I Inc,0.9434
12/25/2018,Rathbone Ethical Bond I Inc,0.9434
12/26/2018,Rathbone Ethical Bond I Inc,0.9434
12/27/2018,Rathbone Ethical Bond I Inc,0.9436
12/28/2018,Rathbone Ethical Bond I Inc,0.9436
12/29/2018,Rathbone Ethical Bond I Inc,0.9436
12/30/2018,Rathbone Ethical Bond I Inc,0.9436
12/31/2018,Rathbone Ethical Bond I Inc,0.9436
01/01/2019,Rathbone Ethical Bond I Inc,0.9436
01/02/2019,Rathbone Ethical Bond I Inc,0.9361
01/03/2019,Rathbone Ethical Bond I Inc,0.9348
01/04/2019,Rathbone Ethical Bond I Inc,0.9342
01/05/2019,Rathbone Ethical Bond I Inc,0.9342
01/06/2019,Rathbone Ethical Bond I Inc,0.9342
01/07/2019,Rathbone Ethical Bond I Inc,0.9337
01/08/2019,Rathbone Ethical Bond I Inc,0.9327
01/09/2019,Rathbone Ethical Bond I Inc,0.9321
01/10/2019,Rathbone Ethical Bond I Inc,0.9337
01/11/2019,Rathbone Ethical Bond I Inc,0.9337
01/12/2019,Rathbone Ethical Bond I Inc,0.9337
01/13/2019,Rathbone Ethical Bond I Inc,0.9337
01/14/2019,Rathbone Ethical Bond I Inc,0.9351
01/15/2019,Rathbone Ethical Bond I Inc,0.9362
01/16/2019,Rathbone Ethical Bond I Inc,0.9376
01/17/2019,Rathbone Ethical Bond I Inc,0.9394
01/18/2019,Rathbone Ethical Bond I Inc,0.9398
01/19/2019,Rathbone Ethical Bond I Inc,0.9398
01/20/2019,Rathbone Ethical Bond I Inc,0.9398
01/21/2019,Rathbone Ethical Bond I Inc,0.9471
01/22/2019,Rathbone Ethical Bond I Inc,0.9465
01/23/2019,Rathbone Ethical Bond I Inc,0.9456
01/24/2019,Rathbone Ethical Bond I Inc,0.9482
01/25/2019,Rathbone Ethical Bond I Inc,0.9505
01/26/2019,Rathbone Ethical Bond I Inc,0.9505
01/27/2019,Rathbone Ethical Bond I Inc,0.9505
01/28/2019,Rathbone Ethical Bond I Inc,0.9501
01/29/2019,Rathbone Ethical Bond I Inc,0.9529
01/30/2019,Rathbone Ethical Bond I Inc,0.9546
01/31/2019,Rathbone Ethical Bond I Inc,0.958
02/01/2019,Rathbone Ethical Bond I Inc,0.9597
02/02/2019,Rathbone Ethical Bond I Inc,0.9597
02/03/2019,Rathbone Ethical Bond I Inc,0.9597
02/04/2019,Rathbone Ethical Bond I Inc,0.9588
02/05/2019,Rathbone Ethical Bond I Inc,0.9578
02/06/2019,Rathbone Ethical Bond I Inc,0.9594
02/07/2019,Rathbone Ethical Bond I Inc,0.9605
02/08/2019,Rathbone Ethical Bond I Inc,0.9597
02/09/2019,Rathbone Ethical Bond I Inc,0.9597
02/10/2019,Rathbone Ethical Bond I Inc,0.9597
02/11/2019,Rathbone Ethical Bond I Inc,0.9597
02/12/2019,Rathbone Ethical Bond I Inc,0.9592
02/13/2019,Rathbone Ethical Bond I Inc,0.9586
02/14/2019,Rathbone Ethical Bond I Inc,0.9594
02/15/2019,Rathbone Ethical Bond I Inc,0.959
02/16/2019,Rathbone Ethical Bond I Inc,0.959
02/17/2019,Rathbone Ethical Bond I Inc,0.959
02/18/2019,Rathbone Ethical Bond I Inc,0.9589
02/19/2019,Rathbone Ethical Bond I Inc,0.9599
02/20/2019,Rathbone Ethical Bond I Inc,0.9604
02/21/2019,Rathbone Ethical Bond I Inc,0.9607
02/22/2019,Rathbone Ethical Bond I Inc,0.9619
02/23/2019,Rathbone Ethical Bond I Inc,0.9619
02/24/2019,Rathbone Ethical Bond I Inc,0.9619
02/25/2019,Rathbone Ethical Bond I Inc,0.9624
02/26/2019,Rathbone Ethical Bond I Inc,0.9619
02/27/2019,Rathbone Ethical Bond I Inc,0.9634
02/28/2019,Rathbone Ethical Bond I Inc,0.9628
03/01/2019,Rathbone Ethical Bond I Inc,0.9642
03/02/2019,Rathbone Ethical Bond I Inc,0.9642
03/03/2019,Rathbone Ethical Bond I Inc,0.9642
03/04/2019,Rathbone Ethical Bond I Inc,0.9645
03/05/2019,Rathbone Ethical Bond I Inc,0.9656
03/06/2019,Rathbone Ethical Bond I Inc,0.9652
03/07/2019,Rathbone Ethical Bond I Inc,0.9672
03/08/2019,Rathbone Ethical Bond I Inc,0.9677
03/09/2019,Rathbone Ethical Bond I Inc,0.9677
03/10/2019,Rathbone Ethical Bond I Inc,0.9677
03/11/2019,Rathbone Ethical Bond I Inc,0.9683
03/12/2019,Rathbone Ethical Bond I Inc,0.9696
03/13/2019,Rathbone Ethical Bond I Inc,0.97
03/14/2019,Rathbone Ethical Bond I Inc,0.9721
03/15/2019,Rathbone Ethical Bond I Inc,0.9726
03/16/2019,Rathbone Ethical Bond I Inc,0.9726
03/17/2019,Rathbone Ethical Bond I Inc,0.9726
03/18/2019,Rathbone Ethical Bond I Inc,0.9738
03/19/2019,Rathbone Ethical Bond I Inc,0.9747
03/20/2019,Rathbone Ethical Bond I Inc,0.9755
03/21/2019,Rathbone Ethical Bond I Inc,0.9771
03/22/2019,Rathbone Ethical Bond I Inc,0.9765
03/23/2019,Rathbone Ethical Bond I Inc,0.9765
03/24/2019,Rathbone Ethical Bond I Inc,0.9765
03/25/2019,Rathbone Ethical Bond I Inc,0.9751
03/26/2019,Rathbone Ethical Bond I Inc,0.9764
03/27/2019,Rathbone Ethical Bond I Inc,0.9782
03/28/2019,Rathbone Ethical Bond I Inc,0.9797
03/29/2019,Rathbone Ethical Bond I Inc,0.98
03/30/2019,Rathbone Ethical Bond I Inc,0.98
03/31/2019,Rathbone Ethical Bond I Inc,0.98
04/01/2019,Rathbone Ethical Bond I Inc,0.972
04/02/2019,Rathbone Ethical Bond I Inc,0.9724
04/03/2019,Rathbone Ethical Bond I Inc,0.9718
04/04/2019,Rathbone Ethical Bond I Inc,0.9716
04/05/2019,Rathbone Ethical Bond I Inc,0.9698
04/06/2019,Rathbone Ethical Bond I Inc,0.9698
04/07/2019,Rathbone Ethical Bond I Inc,0.9698
04/08/2019,Rathbone Ethical Bond I Inc,0.971
04/09/2019,Rathbone Ethical Bond I Inc,0.9713
04/10/2019,Rathbone Ethical Bond I Inc,0.9721
04/11/2019,Rathbone Ethical Bond I Inc,0.9738
04/12/2019,Rathbone Ethical Bond I Inc,0.9735
04/13/2019,Rathbone Ethical Bond I Inc,0.9735
04/14/2019,Rathbone Ethical Bond I Inc,0.9735
04/15/2019,Rathbone Ethical Bond I Inc,0.9738
04/16/2019,Rathbone Ethical Bond I Inc,0.9753
04/17/2019,Rathbone Ethical Bond I Inc,0.975
04/18/2019,Rathbone Ethical Bond I Inc,0.9758
04/19/2019,Rathbone Ethical Bond I Inc,0.9758
04/20/2019,Rathbone Ethical Bond I Inc,0.9758
04/21/2019,Rathbone Ethical Bond I Inc,0.9758
04/22/2019,Rathbone Ethical Bond I Inc,0.9758
04/23/2019,Rathbone Ethical Bond I Inc,0.9765
04/24/2019,Rathbone Ethical Bond I Inc,0.9777
04/25/2019,Rathbone Ethical Bond I Inc,0.9788
04/26/2019,Rathbone Ethical Bond I Inc,0.9784
04/27/2019,Rathbone Ethical Bond I Inc,0.9784
04/28/2019,Rathbone Ethical Bond I Inc,0.9784
04/29/2019,Rathbone Ethical Bond I Inc,0.9789
04/30/2019,Rathbone Ethical Bond I Inc,0.9778
05/01/2019,Rathbone Ethical Bond I Inc,0.9789
05/02/2019,Rathbone Ethical Bond I Inc,0.9794
05/03/2019,Rathbone Ethical Bond I Inc,0.9775
05/04/2019,Rathbone Ethical Bond I Inc,0.9775
05/05/2019,Rathbone Ethical Bond I Inc,0.9775
05/06/2019,Rathbone Ethical Bond I Inc,0.9775
05/07/2019,Rathbone Ethical Bond I Inc,0.9776
05/08/2019,Rathbone Ethical Bond I Inc,0.9787
05/09/2019,Rathbone Ethical Bond I Inc,0.9764
05/10/2019,Rathbone Ethical Bond I Inc,0.9758
05/11/2019,Rathbone Ethical Bond I Inc,0.9758
05/12/2019,Rathbone Ethical Bond I Inc,0.9758
05/13/2019,Rathbone Ethical Bond I Inc,0.9756
05/14/2019,Rathbone Ethical Bond I Inc,0.9757
05/15/2019,Rathbone Ethical Bond I Inc,0.9777
05/16/2019,Rathbone Ethical Bond I Inc,0.9783
05/17/2019,Rathbone Ethical Bond I Inc,0.9793
05/18/2019,Rathbone Ethical Bond I Inc,0.9793
05/19/2019,Rathbone Ethical Bond I Inc,0.9793
05/20/2019,Rathbone Ethical Bond I Inc,0.9795
05/21/2019,Rathbone Ethical Bond I Inc,0.978
05/22/2019,Rathbone Ethical Bond I Inc,0.9774
05/23/2019,Rathbone Ethical Bond I Inc,0.9764
05/24/2019,Rathbone Ethical Bond I Inc,0.9759
05/25/2019,Rathbone Ethical Bond I Inc,0.9759
05/26/2019,Rathbone Ethical Bond I Inc,0.9759
05/27/2019,Rathbone Ethical Bond I Inc,0.9759
05/28/2019,Rathbone Ethical Bond I Inc,0.9767
05/29/2019,Rathbone Ethical Bond I Inc,0.976
05/30/2019,Rathbone Ethical Bond I Inc,0.9768
05/31/2019,Rathbone Ethical Bond I Inc,0.9789
06/01/2019,Rathbone Ethical Bond I Inc,0.9789
06/02/2019,Rathbone Ethical Bond I Inc,0.9789
06/03/2019,Rathbone Ethical Bond I Inc,0.9797
06/04/2019,Rathbone Ethical Bond I Inc,0.9817
06/05/2019,Rathbone Ethical Bond I Inc,0.9846
06/06/2019,Rathbone Ethical Bond I Inc,0.9865
06/07/2019,Rathbone Ethical Bond I Inc,0.9871
06/08/2019,Rathbone Ethical Bond I Inc,0.9871
06/09/2019,Rathbone Ethical Bond I Inc,0.9871
06/10/2019,Rathbone Ethical Bond I Inc,0.9893
06/11/2019,Rathbone Ethical Bond I Inc,0.9887
06/12/2019,Rathbone Ethical Bond I Inc,0.9892
06/13/2019,Rathbone Ethical Bond I Inc,0.9896
06/14/2019,Rathbone Ethical Bond I Inc,0.9905
06/15/2019,Rathbone Ethical Bond I Inc,0.9905
06/16/2019,Rathbone Ethical Bond I Inc,0.9905
06/17/2019,Rathbone Ethical Bond I Inc,0.9895
06/18/2019,Rathbone Ethical Bond I Inc,0.9917
06/19/2019,Rathbone Ethical Bond I Inc,0.9918
06/20/2019,Rathbone Ethical Bond I Inc,0.9942
06/21/2019,Rathbone Ethical Bond I Inc,0.9953
06/22/2019,Rathbone Ethical Bond I Inc,0.9953
06/23/2019,Rathbone Ethical Bond I Inc,0.9953
06/24/2019,Rathbone Ethical Bond I Inc,0.996
06/25/2019,Rathbone Ethical Bond I Inc,0.9958
06/26/2019,Rathbone Ethical Bond I Inc,0.996
06/27/2019,Rathbone Ethical Bond I Inc,0.9948
06/28/2019,Rathbone Ethical Bond I Inc,0.9953
06/29/2019,Rathbone Ethical Bond I Inc,0.9953
06/30/2019,Rathbone Ethical Bond I Inc,0.9953
07/01/2019,Rathbone Ethical Bond I Inc,0.9872
07/02/2019,Rathbone Ethical Bond I Inc,0.9899
07/03/2019,Rathbone Ethical Bond I Inc,0.9943
07/04/2019,Rathbone Ethical Bond I Inc,0.9958
07/05/2019,Rathbone Ethical Bond I Inc,0.9966
07/06/2019,Rathbone Ethical Bond I Inc,0.9966
07/07/2019,Rathbone Ethical Bond I Inc,0.9966
07/08/2019,Rathbone Ethical Bond I Inc,0.9961
07/09/2019,Rathbone Ethical Bond I Inc,0.9958
07/10/2019,Rathbone Ethical Bond I Inc,0.9937
07/11/2019,Rathbone Ethical Bond I Inc,0.9934
07/12/2019,Rathbone Ethical Bond I Inc,0.9924
07/13/2019,Rathbone Ethical Bond I Inc,0.9924
07/14/2019,Rathbone Ethical Bond I Inc,0.9924
07/15/2019,Rathbone Ethical Bond I Inc,0.9935
07/16/2019,Rathbone Ethical Bond I Inc,0.995
07/17/2019,Rathbone Ethical Bond I Inc,0.9948
07/18/2019,Rathbone Ethical Bond I Inc,0.9951
07/19/2019,Rathbone Ethical Bond I Inc,0.9951
07/20/2019,Rathbone Ethical Bond I Inc,0.9951
07/21/2019,Rathbone Ethical Bond I Inc,0.9951
07/22/2019,Rathbone Ethical Bond I Inc,0.9965
07/23/2019,Rathbone Ethical Bond I Inc,0.998
07/24/2019,Rathbone Ethical Bond I Inc,0.9997
07/25/2019,Rathbone Ethical Bond I Inc,1.0018
07/26/2019,Rathbone Ethical Bond I Inc,1.001
07/27/2019,Rathbone Ethical Bond I Inc,1.001
07/28/2019,Rathbone Ethical Bond I Inc,1.001
07/29/2019,Rathbone Ethical Bond I Inc,1.0029
07/30/2019,Rathbone Ethical Bond I Inc,0.9996
07/31/2019,Rathbone Ethical Bond I Inc,0.9982
08/01/2019,Rathbone Ethical Bond I Inc,0.9991
08/02/2019,Rathbone Ethical Bond I Inc,1.0012
08/03/2019,Rathbone Ethical Bond I Inc,1.0012
08/04/2019,Rathbone Ethical Bond I Inc,1.0012
08/05/2019,Rathbone Ethical Bond I Inc,1.0016
08/06/2019,Rathbone Ethical Bond I Inc,1.0016
08/07/2019,Rathbone Ethical Bond I Inc,1.0049
08/08/2019,Rathbone Ethical Bond I Inc,1.0023
08/09/2019,Rathbone Ethical Bond I Inc,1.003
08/10/2019,Rathbone Ethical Bond I Inc,1.003
08/11/2019,Rathbone Ethical Bond I Inc,1.003
08/12/2019,Rathbone Ethical Bond I Inc,1.0031
08/13/2019,Rathbone Ethical Bond I Inc,1.0033
08/14/2019,Rathbone Ethical Bond I Inc,1.0036
08/15/2019,Rathbone Ethical Bond I Inc,1.0043
08/16/2019,Rathbone Ethical Bond I Inc,1.0036
08/17/2019,Rathbone Ethical Bond I Inc,1.0036
08/18/2019,Rathbone Ethical Bond I Inc,1.0036
08/19/2019,Rathbone Ethical Bond I Inc,1.0017
08/20/2019,Rathbone Ethical Bond I Inc,1.0047
08/21/2019,Rathbone Ethical Bond I Inc,1.0035
08/22/2019,Rathbone Ethical Bond I Inc,1.0036
08/23/2019,Rathbone Ethical Bond I Inc,1.0016
08/24/2019,Rathbone Ethical Bond I Inc,1.0016
08/25/2019,Rathbone Ethical Bond I Inc,1.0016
08/26/2019,Rathbone Ethical Bond I Inc,1.0016
08/27/2019,Rathbone Ethical Bond I Inc,1.0048
08/28/2019,Rathbone Ethical Bond I Inc,1.0082
08/29/2019,Rathbone Ethical Bond I Inc,1.0091
08/30/2019,Rathbone Ethical Bond I Inc,1.0087
08/31/2019,Rathbone Ethical Bond I Inc,1.0087
09/01/2019,Rathbone Ethical Bond I Inc,1.0087
09/02/2019,Rathbone Ethical Bond I Inc,1.0086
09/03/2019,Rathbone Ethical Bond I Inc,1.0097
09/04/2019,Rathbone Ethical Bond I Inc,1.0059
09/05/2019,Rathbone Ethical Bond I Inc,1.0037
09/06/2019,Rathbone Ethical Bond I Inc,1.0054
09/07/2019,Rathbone Ethical Bond I Inc,1.0054
09/08/2019,Rathbone Ethical Bond I Inc,1.0054
09/09/2019,Rathbone Ethical Bond I Inc,1.0063
09/10/2019,Rathbone Ethical Bond I Inc,1.005
09/11/2019,Rathbone Ethical Bond I Inc,1.0035
09/12/2019,Rathbone Ethical Bond I Inc,1.0054
09/13/2019,Rathbone Ethical Bond I Inc,1.0047
09/14/2019,Rathbone Ethical Bond I Inc,1.0047
09/15/2019,Rathbone Ethical Bond I Inc,1.0047
09/16/2019,Rathbone Ethical Bond I Inc,1.0062
09/17/2019,Rathbone Ethical Bond I Inc,1.0083
09/18/2019,Rathbone Ethical Bond I Inc,1.0075
09/19/2019,Rathbone Ethical Bond I Inc,1.008
09/20/2019,Rathbone Ethical Bond I Inc,1.0084
09/21/2019,Rathbone Ethical Bond I Inc,1.0084
09/22/2019,Rathbone Ethical Bond I Inc,1.0084
09/23/2019,Rathbone Ethical Bond I Inc,1.0118
09/24/2019,Rathbone Ethical Bond I Inc,1.0118
09/25/2019,Rathbone Ethical Bond I Inc,1.0125
09/26/2019,Rathbone Ethical Bond I Inc,1.0114
09/27/2019,Rathbone Ethical Bond I Inc,1.012
09/28/2019,Rathbone Ethical Bond I Inc,1.012
09/29/2019,Rathbone Ethical Bond I Inc,1.012
09/30/2019,Rathbone Ethical Bond I Inc,1.0125
10/01/2019,Rathbone Ethical Bond I Inc,1.0019
10/02/2019,Rathbone Ethical Bond I Inc,1.0042
10/03/2019,Rathbone Ethical Bond I Inc,1.0038
10/04/2019,Rathbone Ethical Bond I Inc,1.0045
10/05/2019,Rathbone Ethical Bond I Inc,1.0045
10/06/2019,Rathbone Ethical Bond I Inc,1.0045
10/07/2019,Rathbone Ethical Bond I Inc,1.0046
10/08/2019,Rathbone Ethical Bond I Inc,1.0056
10/09/2019,Rathbone Ethical Bond I Inc,1.0045
10/10/2019,Rathbone Ethical Bond I Inc,1.0026
10/11/2019,Rathbone Ethical Bond I Inc,0.998
10/12/2019,Rathbone Ethical Bond I Inc,0.998
10/13/2019,Rathbone Ethical Bond I Inc,0.998
10/14/2019,Rathbone Ethical Bond I Inc,1.0006
10/15/2019,Rathbone Ethical Bond I Inc,1.0022
10/16/2019,Rathbone Ethical Bond I Inc,1.0043
10/17/2019,Rathbone Ethical Bond I Inc,1.0021
10/18/2019,Rathbone Ethical Bond I Inc,1.0029
10/19/2019,Rathbone Ethical Bond I Inc,1.0029
10/20/2019,Rathbone Ethical Bond I Inc,1.0029
10/21/2019,Rathbone Ethical Bond I Inc,1.0017
10/22/2019,Rathbone Ethical Bond I Inc,1.0033
10/23/2019,Rathbone Ethical Bond I Inc,1.0053
10/24/2019,Rathbone Ethical Bond I Inc,1.007
10/25/2019,Rathbone Ethical Bond I Inc,1.0086
10/26/2019,Rathbone Ethical Bond I Inc,1.0086
10/27/2019,Rathbone Ethical Bond I Inc,1.0086
10/28/2019,Rathbone Ethical Bond I Inc,1.009
10/29/2019,Rathbone Ethical Bond I Inc,1.007
10/30/2019,Rathbone Ethical Bond I Inc,1.0078
10/31/2019,Rathbone Ethical Bond I Inc,1.0104
11/01/2019,Rathbone Ethical Bond I Inc,1.0114
11/02/2019,Rathbone Ethical Bond I Inc,1.0114
11/03/2019,Rathbone Ethical Bond I Inc,1.0114
11/04/2019,Rathbone Ethical Bond I Inc,1.01
11/05/2019,Rathbone Ethical Bond I Inc,1.0092
11/06/2019,Rathbone Ethical Bond I Inc,1.0079
11/07/2019,Rathbone Ethical Bond I Inc,1.0086
11/08/2019,Rathbone Ethical Bond I Inc,1.0082
11/09/2019,Rathbone Ethical Bond I Inc,1.0082
11/10/2019,Rathbone Ethical Bond I Inc,1.0082
11/11/2019,Rathbone Ethical Bond I Inc,1.0082
11/12/2019,Rathbone Ethical Bond I Inc,1.0065
11/13/2019,Rathbone Ethical Bond I Inc,1.0086
11/14/2019,Rathbone Ethical Bond I Inc,1.0087
11/15/2019,Rathbone Ethical Bond I Inc,1.0094
11/16/2019,Rathbone Ethical Bond I Inc,1.0094
11/17/2019,Rathbone Ethical Bond I Inc,1.0094
11/18/2019,Rathbone Ethical Bond I Inc,1.0085
11/19/2019,Rathbone Ethical Bond I Inc,1.0084
11/20/2019,Rathbone Ethical Bond I Inc,1.0103
11/21/2019,Rathbone Ethical Bond I Inc,1.0078
11/22/2019,Rathbone Ethical Bond I Inc,1.0097
11/23/2019,Rathbone Ethical Bond I Inc,1.0097
11/24/2019,Rathbone Ethical Bond I Inc,1.0097
11/25/2019,Rathbone Ethical Bond I Inc,1.0103
11/26/2019,Rathbone Ethical Bond I Inc,1.0131
11/27/2019,Rathbone Ethical Bond I Inc,1.0142
11/28/2019,Rathbone Ethical Bond I Inc,1.0144
11/29/2019,Rathbone Ethical Bond I Inc,1.0154
11/30/2019,Rathbone Ethical Bond I Inc,1.0154
12/01/2019,Rathbone Ethical Bond I Inc,1.0154
12/02/2019,Rathbone Ethical Bond I Inc,1.0135
12/03/2019,Rathbone Ethical Bond I Inc,1.013
12/04/2019,Rathbone Ethical Bond I Inc,1.0148
12/05/2019,Rathbone Ethical Bond I Inc,1.0135
12/06/2019,Rathbone Ethical Bond I Inc,1.0142
12/07/2019,Rathbone Ethical Bond I Inc,1.0142
12/08/2019,Rathbone Ethical Bond I Inc,1.0142
12/09/2019,Rathbone Ethical Bond I Inc,1.0157
12/10/2019,Rathbone Ethical Bond I Inc,1.0153
12/11/2019,Rathbone Ethical Bond I Inc,1.0157
12/12/2019,Rathbone Ethical Bond I Inc,1.0169
12/13/2019,Rathbone Ethical Bond I Inc,1.0175
12/14/2019,Rathbone Ethical Bond I Inc,1.0175
12/15/2019,Rathbone Ethical Bond I Inc,1.0175
12/16/2019,Rathbone Ethical Bond I Inc,1.0216
12/17/2019,Rathbone Ethical Bond I Inc,1.0211
12/18/2019,Rathbone Ethical Bond I Inc,1.0223
12/19/2019,Rathbone Ethical Bond I Inc,1.021
12/20/2019,Rathbone Ethical Bond I Inc,1.0201
12/21/2019,Rathbone Ethical Bond I Inc,1.0201
12/22/2019,Rathbone Ethical Bond I Inc,1.0201
12/23/2019,Rathbone Ethical Bond I Inc,1.0221
12/24/2019,Rathbone Ethical Bond I Inc,1.0214
12/25/2019,Rathbone Ethical Bond I Inc,1.0214
12/26/2019,Rathbone Ethical Bond I Inc,1.0214
12/27/2019,Rathbone Ethical Bond I Inc,1.0227
12/28/2019,Rathbone Ethical Bond I Inc,1.0227
12/29/2019,Rathbone Ethical Bond I Inc,1.0227
12/30/2019,Rathbone Ethical Bond I Inc,1.0207
12/31/2019,Rathbone Ethical Bond I Inc,1.0182
01/01/2020,Rathbone Ethical Bond I Inc,1.0182
01/02/2020,Rathbone Ethical Bond I Inc,1.0113
01/03/2020,Rathbone Ethical Bond I Inc,1.0159
01/04/2020,Rathbone Ethical Bond I Inc,1.0159
01/05/2020,Rathbone Ethical Bond I Inc,1.0159
01/06/2020,Rathbone Ethical Bond I Inc,1.0159
01/07/2020,Rathbone Ethical Bond I Inc,1.015
01/08/2020,Rathbone Ethical Bond I Inc,1.0143
01/09/2020,Rathbone Ethical Bond I Inc,1.0144
01/10/2020,Rathbone Ethical Bond I Inc,1.0153
01/11/2020,Rathbone Ethical Bond I Inc,1.0153
01/12/2020,Rathbone Ethical Bond I Inc,1.0153
01/13/2020,Rathbone Ethical Bond I Inc,1.0184
01/14/2020,Rathbone Ethical Bond I Inc,1.0193
01/15/2020,Rathbone Ethical Bond I Inc,1.0235
01/16/2020,Rathbone Ethical Bond I Inc,1.0246
01/17/2020,Rathbone Ethical Bond I Inc,1.0257
01/18/2020,Rathbone Ethical Bond I Inc,1.0257
01/19/2020,Rathbone Ethical Bond I Inc,1.0257
01/20/2020,Rathbone Ethical Bond I Inc,1.0252
01/21/2020,Rathbone Ethical Bond I Inc,1.025
01/22/2020,Rathbone Ethical Bond I Inc,1.0264
01/23/2020,Rathbone Ethical Bond I Inc,1.0277
01/24/2020,Rathbone Ethical Bond I Inc,1.0297
01/25/2020,Rathbone Ethical Bond I Inc,1.0297
01/26/2020,Rathbone Ethical Bond I Inc,1.0297
01/27/2020,Rathbone Ethical Bond I Inc,1.032
01/28/2020,Rathbone Ethical Bond I Inc,1.0315
01/29/2020,Rathbone Ethical Bond I Inc,1.0305
01/30/2020,Rathbone Ethical Bond I Inc,1.0319
01/31/2020,Rathbone Ethical Bond I Inc,1.0301
02/01/2020,Rathbone Ethical Bond I Inc,1.0301
02/02/2020,Rathbone Ethical Bond I Inc,1.0301
02/03/2020,Rathbone Ethical Bond I Inc,1.0288
02/04/2020,Rathbone Ethical Bond I Inc,1.0296
02/05/2020,Rathbone Ethical Bond I Inc,1.0294
02/06/2020,Rathbone Ethical Bond I Inc,1.0304
02/07/2020,Rathbone Ethical Bond I Inc,1.0321
02/08/2020,Rathbone Ethical Bond I Inc,1.0321
02/09/2020,Rathbone Ethical Bond I Inc,1.0321
02/10/2020,Rathbone Ethical Bond I Inc,1.0325
02/11/2020,Rathbone Ethical Bond I Inc,1.0331
02/12/2020,Rathbone Ethical Bond I Inc,1.0339
02/13/2020,Rathbone Ethical Bond I Inc,1.0329
02/14/2020,Rathbone Ethical Bond I Inc,1.0326
02/15/2020,Rathbone Ethical Bond I Inc,1.0326
02/16/2020,Rathbone Ethical Bond I Inc,1.0326
02/17/2020,Rathbone Ethical Bond I Inc,1.0332
02/18/2020,Rathbone Ethical Bond I Inc,1.0336
02/19/2020,Rathbone Ethical Bond I Inc,1.0347
02/20/2020,Rathbone Ethical Bond I Inc,1.0355
02/21/2020,Rathbone Ethical Bond I Inc,1.036
02/22/2020,Rathbone Ethical Bond I Inc,1.036
02/23/2020,Rathbone Ethical Bond I Inc,1.036
02/24/2020,Rathbone Ethical Bond I Inc,1.0363
02/25/2020,Rathbone Ethical Bond I Inc,1.0339
02/26/2020,Rathbone Ethical Bond I Inc,1.0322
02/27/2020,Rathbone Ethical Bond I Inc,1.031
02/28/2020,Rathbone Ethical Bond I Inc,1.025
02/29/2020,Rathbone Ethical Bond I Inc,1.025
03/01/2020,Rathbone Ethical Bond I Inc,1.025
03/02/2020,Rathbone Ethical Bond I Inc,1.0263
03/03/2020,Rathbone Ethical Bond I Inc,1.0271
03/04/2020,Rathbone Ethical Bond I Inc,1.0322
03/05/2020,Rathbone Ethical Bond I Inc,1.0326
03/06/2020,Rathbone Ethical Bond I Inc,1.0313
03/07/2020,Rathbone Ethical Bond I Inc,1.0313
03/08/2020,Rathbone Ethical Bond I Inc,1.0313
03/09/2020,Rathbone Ethical Bond I Inc,1.0252
03/10/2020,Rathbone Ethical Bond I Inc,1.0139
03/11/2020,Rathbone Ethical Bond I Inc,1.0127
03/12/2020,Rathbone Ethical Bond I Inc,1.0044
03/13/2020,Rathbone Ethical Bond I Inc,0.9877
03/14/2020,Rathbone Ethical Bond I Inc,0.9877
03/15/2020,Rathbone Ethical Bond I Inc,0.9877
03/16/2020,Rathbone Ethical Bond I Inc,0.9768
03/17/2020,Rathbone Ethical Bond I Inc,0.958
03/18/2020,Rathbone Ethical Bond I Inc,0.9346
03/19/2020,Rathbone Ethical Bond I Inc,0.914
03/20/2020,Rathbone Ethical Bond I Inc,0.9258
03/21/2020,Rathbone Ethical Bond I Inc,0.9258
03/22/2020,Rathbone Ethical Bond I Inc,0.9258
03/23/2020,Rathbone Ethical Bond I Inc,0.9282
03/24/2020,Rathbone Ethical Bond I Inc,0.9289
03/25/2020,Rathbone Ethical Bond I Inc,0.9295
03/26/2020,Rathbone Ethical Bond I Inc,0.9361
03/27/2020,Rathbone Ethical Bond I Inc,0.9447
03/28/2020,Rathbone Ethical Bond I Inc,0.9447
03/29/2020,Rathbone Ethical Bond I Inc,0.9447
03/30/2020,Rathbone Ethical Bond I Inc,0.9525
03/31/2020,Rathbone Ethical Bond I Inc,0.952
04/01/2020,Rathbone Ethical Bond I Inc,0.9474
04/02/2020,Rathbone Ethical Bond I Inc,0.9498
04/03/2020,Rathbone Ethical Bond I Inc,0.9524
04/04/2020,Rathbone Ethical Bond I Inc,0.9524
04/05/2020,Rathbone Ethical Bond I Inc,0.9524
04/06/2020,Rathbone Ethical Bond I Inc,0.9552
04/07/2020,Rathbone Ethical Bond I Inc,0.9623
04/08/2020,Rathbone Ethical Bond I Inc,0.9664
04/09/2020,Rathbone Ethical Bond I Inc,0.9753
04/10/2020,Rathbone Ethical Bond I Inc,0.9753
04/11/2020,Rathbone Ethical Bond I Inc,0.9753
04/12/2020,Rathbone Ethical Bond I Inc,0.9753
04/13/2020,Rathbone Ethical Bond I Inc,0.9753
04/14/2020,Rathbone Ethical Bond I Inc,0.9838
04/15/2020,Rathbone Ethical Bond I Inc,0.9869
04/16/2020,Rathbone Ethical Bond I Inc,0.984
04/17/2020,Rathbone Ethical Bond I Inc,0.9823
04/18/2020,Rathbone Ethical Bond I Inc,0.9823
04/19/2020,Rathbone Ethical Bond I Inc,0.9823
04/20/2020,Rathbone Ethical Bond I Inc,0.9781
04/21/2020,Rathbone Ethical Bond I Inc,0.9748
04/22/2020,Rathbone Ethical Bond I Inc,0.9744
04/23/2020,Rathbone Ethical Bond I Inc,0.9776
04/24/2020,Rathbone Ethical Bond I Inc,0.9788
04/25/2020,Rathbone Ethical Bond I Inc,0.9788
04/26/2020,Rathbone Ethical Bond I Inc,0.9788
04/27/2020,Rathbone Ethical Bond I Inc,0.9813
04/28/2020,Rathbone Ethical Bond I Inc,0.9828
04/29/2020,Rathbone Ethical Bond I Inc,0.9846
04/30/2020,Rathbone Ethical Bond I Inc,0.9865
05/01/2020,Rathbone Ethical Bond I Inc,0.987
05/02/2020,Rathbone Ethical Bond I Inc,0.987
05/03/2020,Rathbone Ethical Bond I Inc,0.987
05/04/2020,Rathbone Ethical Bond I Inc,0.9863
05/05/2020,Rathbone Ethical Bond I Inc,0.987
05/06/2020,Rathbone Ethical Bond I Inc,0.9874
05/07/2020,Rathbone Ethical Bond I Inc,0.9862
05/08/2020,Rathbone Ethical Bond I Inc,0.9862
05/09/2020,Rathbone Ethical Bond I Inc,0.9862
05/10/2020,Rathbone Ethical Bond I Inc,0.9862
05/11/2020,Rathbone Ethical Bond I Inc,0.9872
05/12/2020,Rathbone Ethical Bond I Inc,0.9864
05/13/2020,Rathbone Ethical Bond I Inc,0.987
05/14/2020,Rathbone Ethical Bond I Inc,0.9844
05/15/2020,Rathbone Ethical Bond I Inc,0.9834
05/16/2020,Rathbone Ethical Bond I Inc,0.9834
05/17/2020,Rathbone Ethical Bond I Inc,0.9834
05/18/2020,Rathbone Ethical Bond I Inc,0.9822
05/19/2020,Rathbone Ethical Bond I Inc,0.9813
05/20/2020,Rathbone Ethical Bond I Inc,0.9845
05/21/2020,Rathbone Ethical Bond I Inc,0.9873
05/22/2020,Rathbone Ethical Bond I Inc,0.9899
05/23/2020,Rathbone Ethical Bond I Inc,0.9899
05/24/2020,Rathbone Ethical Bond I Inc,0.9899
05/25/2020,Rathbone Ethical Bond I Inc,0.9899
05/26/2020,Rathbone Ethical Bond I Inc,0.9918
05/27/2020,Rathbone Ethical Bond I Inc,0.9939
05/28/2020,Rathbone Ethical Bond I Inc,0.9978
05/29/2020,Rathbone Ethical Bond I Inc,0.999
05/30/2020,Rathbone Ethical Bond I Inc,0.999
05/31/2020,Rathbone Ethical Bond I Inc,0.999
06/01/2020,Rathbone Ethical Bond I Inc,0.9993
06/02/2020,Rathbone Ethical Bond I Inc,0.9992
06/03/2020,Rathbone Ethical Bond I Inc,1.0002
06/04/2020,Rathbone Ethical Bond I Inc,1.0017
06/05/2020,Rathbone Ethical Bond I Inc,1.0048
06/06/2020,Rathbone Ethical Bond I Inc,1.0048
06/07/2020,Rathbone Ethical Bond I Inc,1.0048
06/08/2020,Rathbone Ethical Bond I Inc,1.009
06/09/2020,Rathbone Ethical Bond I Inc,1.0087
06/10/2020,Rathbone Ethical Bond I Inc,1.0088
06/11/2020,Rathbone Ethical Bond I Inc,1.0083
06/12/2020,Rathbone Ethical Bond I Inc,1.0062
06/13/2020,Rathbone Ethical Bond I Inc,1.0062
06/14/2020,Rathbone Ethical Bond I Inc,1.0062
06/15/2020,Rathbone Ethical Bond I Inc,1.0062
06/16/2020,Rathbone Ethical Bond I Inc,1.0073
06/17/2020,Rathbone Ethical Bond I Inc,1.0099
06/18/2020,Rathbone Ethical Bond I Inc,1.0121
06/19/2020,Rathbone Ethical Bond I Inc,1.0059
06/20/2020,Rathbone Ethical Bond I Inc,1.0059
06/21/2020,Rathbone Ethical Bond I Inc,1.0059
06/22/2020,Rathbone Ethical Bond I Inc,1.0074
06/23/2020,Rathbone Ethical Bond I Inc,1.0085
06/24/2020,Rathbone Ethical Bond I Inc,1.008
06/25/2020,Rathbone Ethical Bond I Inc,1.0107
06/26/2020,Rathbone Ethical Bond I Inc,1.009
06/27/2020,Rathbone Ethical Bond I Inc,1.009
06/28/2020,Rathbone Ethical Bond I Inc,1.009
06/29/2020,Rathbone Ethical Bond I Inc,1.01
06/30/2020,Rathbone Ethical Bond I Inc,1.0106
07/01/2020,Rathbone Ethical Bond I Inc,1
07/02/2020,Rathbone Ethical Bond I Inc,1.0021
07/03/2020,Rathbone Ethical Bond I Inc,1.0044
07/04/2020,Rathbone Ethical Bond I Inc,1.0044
07/05/2020,Rathbone Ethical Bond I Inc,1.0044
07/06/2020,Rathbone Ethical Bond I Inc,1.0064
07/07/2020,Rathbone Ethical Bond I Inc,1.008
07/08/2020,Rathbone Ethical Bond I Inc,1.0095
07/09/2020,Rathbone Ethical Bond I Inc,1.0098
07/10/2020,Rathbone Ethical Bond I Inc,1.0107
07/11/2020,Rathbone Ethical Bond I Inc,1.0107
07/12/2020,Rathbone Ethical Bond I Inc,1.0107
07/13/2020,Rathbone Ethical Bond I Inc,1.0098
07/14/2020,Rathbone Ethical Bond I Inc,1.011
07/15/2020,Rathbone Ethical Bond I Inc,1.0111
07/16/2020,Rathbone Ethical Bond I Inc,1.0133
07/17/2020,Rathbone Ethical Bond I Inc,1.0141
07/18/2020,Rathbone Ethical Bond I Inc,1.0141
07/19/2020,Rathbone Ethical Bond I Inc,1.0141
07/20/2020,Rathbone Ethical Bond I Inc,1.0153
07/21/2020,Rathbone Ethical Bond I Inc,1.0184
07/22/2020,Rathbone Ethical Bond I Inc,1.0203
07/23/2020,Rathbone Ethical Bond I Inc,1.022
07/24/2020,Rathbone Ethical Bond I Inc,1.0205
07/25/2020,Rathbone Ethical Bond I Inc,1.0205
07/26/2020,Rathbone Ethical Bond I Inc,1.0205
07/27/2020,Rathbone Ethical Bond I Inc,1.0217
07/28/2020,Rathbone Ethical Bond I Inc,1.0217
07/29/2020,Rathbone Ethical Bond I Inc,1.0218
07/30/2020,Rathbone Ethical Bond I Inc,1.0236
07/31/2020,Rathbone Ethical Bond I Inc,1.0228
08/01/2020,Rathbone Ethical Bond I Inc,1.0228
08/02/2020,Rathbone Ethical Bond I Inc,1.0228
08/03/2020,Rathbone Ethical Bond I Inc,1.0222
08/04/2020,Rathbone Ethical Bond I Inc,1.0235
08/05/2020,Rathbone Ethical Bond I Inc,1.0238
08/06/2020,Rathbone Ethical Bond I Inc,1.0247
08/07/2020,Rathbone Ethical Bond I Inc,1.0243
08/08/2020,Rathbone Ethical Bond I Inc,1.0243
08/09/2020,Rathbone Ethical Bond I Inc,1.0243
08/10/2020,Rathbone Ethical Bond I Inc,1.0259
08/11/2020,Rathbone Ethical Bond I Inc,1.0263
08/12/2020,Rathbone Ethical Bond I Inc,1.0247
08/13/2020,Rathbone Ethical Bond I Inc,1.0254
08/14/2020,Rathbone Ethical Bond I Inc,1.0245
08/15/2020,Rathbone Ethical Bond I Inc,1.0245
08/16/2020,Rathbone Ethical Bond I Inc,1.0245
08/17/2020,Rathbone Ethical Bond I Inc,1.0256
08/18/2020,Rathbone Ethical Bond I Inc,1.0269
08/19/2020,Rathbone Ethical Bond I Inc,1.0282
08/20/2020,Rathbone Ethical Bond I Inc,1.0263
08/21/2020,Rathbone Ethical Bond I Inc,1.0282
08/22/2020,Rathbone Ethical Bond I Inc,1.0282
08/23/2020,Rathbone Ethical Bond I Inc,1.0282
08/24/2020,Rathbone Ethical Bond I Inc,1.0294
08/25/2020,Rathbone Ethical Bond I Inc,1.0286
08/26/2020,Rathbone Ethical Bond I Inc,1.0271
08/27/2020,Rathbone Ethical Bond I Inc,1.0278
08/28/2020,Rathbone Ethical Bond I Inc,1.0262
08/29/2020,Rathbone Ethical Bond I Inc,1.0262
08/30/2020,Rathbone Ethical Bond I Inc,1.0262
08/31/2020,Rathbone Ethical Bond I Inc,1.0262
09/01/2020,Rathbone Ethical Bond I Inc,1.0274
09/02/2020,Rathbone Ethical Bond I Inc,1.0316
09/03/2020,Rathbone Ethical Bond I Inc,1.0338
09/04/2020,Rathbone Ethical Bond I Inc,1.0332
09/05/2020,Rathbone Ethical Bond I Inc,1.0332
09/06/2020,Rathbone Ethical Bond I Inc,1.0332
09/07/2020,Rathbone Ethical Bond I Inc,1.0326
09/08/2020,Rathbone Ethical Bond I Inc,1.0333
09/09/2020,Rathbone Ethical Bond I Inc,1.0312
09/10/2020,Rathbone Ethical Bond I Inc,1.0274
09/11/2020,Rathbone Ethical Bond I Inc,1.0264
09/12/2020,Rathbone Ethical Bond I Inc,1.0264
09/13/2020,Rathbone Ethical Bond I Inc,1.0264
09/14/2020,Rathbone Ethical Bond I Inc,1.0273
09/15/2020,Rathbone Ethical Bond I Inc,1.0257
09/16/2020,Rathbone Ethical Bond I Inc,1.0277
09/17/2020,Rathbone Ethical Bond I Inc,1.0281
09/18/2020,Rathbone Ethical Bond I Inc,1.0339
09/19/2020,Rathbone Ethical Bond I Inc,1.0339
09/20/2020,Rathbone Ethical Bond I Inc,1.0339
09/21/2020,Rathbone Ethical Bond I Inc,1.0336
09/22/2020,Rathbone Ethical Bond I Inc,1.0288
09/23/2020,Rathbone Ethical Bond I Inc,1.029
09/24/2020,Rathbone Ethical Bond I Inc,1.0256
09/25/2020,Rathbone Ethical Bond I Inc,1.0257
09/26/2020,Rathbone Ethical Bond I Inc,1.0257
09/27/2020,Rathbone Ethical Bond I Inc,1.0257
09/28/2020,Rathbone Ethical Bond I Inc,1.0253
09/29/2020,Rathbone Ethical Bond I Inc,1.0288
09/30/2020,Rathbone Ethical Bond I Inc,1.0315
10/01/2020,Rathbone Ethical Bond I Inc,1.0224
10/02/2020,Rathbone Ethical Bond I Inc,1.0225
10/03/2020,Rathbone Ethical Bond I Inc,1.0225
10/04/2020,Rathbone Ethical Bond I Inc,1.0225
10/05/2020,Rathbone Ethical Bond I Inc,1.0217
10/06/2020,Rathbone Ethical Bond I Inc,1.0222
10/07/2020,Rathbone Ethical Bond I Inc,1.0224
10/08/2020,Rathbone Ethical Bond I Inc,1.0237
10/09/2020,Rathbone Ethical Bond I Inc,1.025
10/10/2020,Rathbone Ethical Bond I Inc,1.025
10/11/2020,Rathbone Ethical Bond I Inc,1.025
10/12/2020,Rathbone Ethical Bond I Inc,1.0243
10/13/2020,Rathbone Ethical Bond I Inc,1.0253
10/14/2020,Rathbone Ethical Bond I Inc,1.0275
10/15/2020,Rathbone Ethical Bond I Inc,1.0264
10/16/2020,Rathbone Ethical Bond I Inc,1.0268
10/17/2020,Rathbone Ethical Bond I Inc,1.0268
10/18/2020,Rathbone Ethical Bond I Inc,1.0268
10/19/2020,Rathbone Ethical Bond I Inc,1.0253
10/20/2020,Rathbone Ethical Bond I Inc,1.027
10/21/2020,Rathbone Ethical Bond I Inc,1.0268
10/22/2020,Rathbone Ethical Bond I Inc,1.0257
10/23/2020,Rathbone Ethical Bond I Inc,1.0272
10/24/2020,Rathbone Ethical Bond I Inc,1.0272
10/25/2020,Rathbone Ethical Bond I Inc,1.0272
10/26/2020,Rathbone Ethical Bond I Inc,1.0293
10/27/2020,Rathbone Ethical Bond I Inc,1.0297
10/28/2020,Rathbone Ethical Bond I Inc,1.0312
10/29/2020,Rathbone Ethical Bond I Inc,1.0299
10/30/2020,Rathbone Ethical Bond I Inc,1.0264
10/31/2020,Rathbone Ethical Bond I Inc,1.0264
11/01/2020,Rathbone Ethical Bond I Inc,1.0264
11/02/2020,Rathbone Ethical Bond I Inc,1.0259
11/03/2020,Rathbone Ethical Bond I Inc,1.0268
11/04/2020,Rathbone Ethical Bond I Inc,1.0282
11/05/2020,Rathbone Ethical Bond I Inc,1.0332
11/06/2020,Rathbone Ethical Bond I Inc,1.0346
11/07/2020,Rathbone Ethical Bond I Inc,1.0346
11/08/2020,Rathbone Ethical Bond I Inc,1.0346
11/09/2020,Rathbone Ethical Bond I Inc,1.0332
11/10/2020,Rathbone Ethical Bond I Inc,1.0333
11/11/2020,Rathbone Ethical Bond I Inc,1.0316
11/12/2020,Rathbone Ethical Bond I Inc,1.0327
11/13/2020,Rathbone Ethical Bond I Inc,1.0359
11/14/2020,Rathbone Ethical Bond I Inc,1.0359
11/15/2020,Rathbone Ethical Bond I Inc,1.0359
11/16/2020,Rathbone Ethical Bond I Inc,1.0366
11/17/2020,Rathbone Ethical Bond I Inc,1.0404
11/18/2020,Rathbone Ethical Bond I Inc,1.042
11/19/2020,Rathbone Ethical Bond I Inc,1.0424
11/20/2020,Rathbone Ethical Bond I Inc,1.0439
11/21/2020,Rathbone Ethical Bond I Inc,1.0439
11/22/2020,Rathbone Ethical Bond I Inc,1.0439
11/23/2020,Rathbone Ethical Bond I Inc,1.046
11/24/2020,Rathbone Ethical Bond I Inc,1.0496
11/25/2020,Rathbone Ethical Bond I Inc,1.052
11/26/2020,Rathbone Ethical Bond I Inc,1.0528
11/27/2020,Rathbone Ethical Bond I Inc,1.0525
11/28/2020,Rathbone Ethical Bond I Inc,1.0525
11/29/2020,Rathbone Ethical Bond I Inc,1.0525
11/30/2020,Rathbone Ethical Bond I Inc,1.0521
12/01/2020,Rathbone Ethical Bond I Inc,1.0512
12/02/2020,Rathbone Ethical Bond I Inc,1.05
12/03/2020,Rathbone Ethical Bond I Inc,1.0515
12/04/2020,Rathbone Ethical Bond I Inc,1.0537
12/05/2020,Rathbone Ethical Bond I Inc,1.0537
12/06/2020,Rathbone Ethical Bond I Inc,1.0537
12/07/2020,Rathbone Ethical Bond I Inc,1.0562
12/08/2020,Rathbone Ethical Bond I Inc,1.0573
12/09/2020,Rathbone Ethical Bond I Inc,1.0581
12/10/2020,Rathbone Ethical Bond I Inc,1.0626
12/11/2020,Rathbone Ethical Bond I Inc,1.0639
12/12/2020,Rathbone Ethical Bond I Inc,1.0639
12/13/2020,Rathbone Ethical Bond I Inc,1.0639
12/14/2020,Rathbone Ethical Bond I Inc,1.0582
12/15/2020,Rathbone Ethical Bond I Inc,1.0604
12/16/2020,Rathbone Ethical Bond I Inc,1.057
12/17/2020,Rathbone Ethical Bond I Inc,1.0612
12/18/2020,Rathbone Ethical Bond I Inc,1.0619
12/19/2020,Rathbone Ethical Bond I Inc,1.0619
12/20/2020,Rathbone Ethical Bond I Inc,1.0619
12/21/2020,Rathbone Ethical Bond I Inc,1.0651
12/22/2020,Rathbone Ethical Bond I Inc,1.062
12/23/2020,Rathbone Ethical Bond I Inc,1.0646
12/24/2020,Rathbone Ethical Bond I Inc,1.062
12/25/2020,Rathbone Ethical Bond I Inc,1.062
12/26/2020,Rathbone Ethical Bond I Inc,1.062
12/27/2020,Rathbone Ethical Bond I Inc,1.062
12/28/2020,Rathbone Ethical Bond I Inc,1.062
12/29/2020,Rathbone Ethical Bond I Inc,1.0666
12/30/2020,Rathbone Ethical Bond I Inc,1.0664
12/31/2020,Rathbone Ethical Bond I Inc,1.0695
01/01/2021,Rathbone Ethical Bond I Inc,1.0695
01/02/2021,Rathbone Ethical Bond I Inc,1.0695
01/03/2021,Rathbone Ethical Bond I Inc,1.0695
01/04/2021,Rathbone Ethical Bond I Inc,1.0663
01/05/2021,Rathbone Ethical Bond I Inc,1.066
01/06/2021,Rathbone Ethical Bond I Inc,1.0622
01/07/2021,Rathbone Ethical Bond I Inc,1.0639
01/08/2021,Rathbone Ethical Bond I Inc,1.062
01/09/2021,Rathbone Ethical Bond I Inc,1.062
01/10/2021,Rathbone Ethical Bond I Inc,1.062
01/11/2021,Rathbone Ethical Bond I Inc,1.0614
01/12/2021,Rathbone Ethical Bond I Inc,1.0572
01/13/2021,Rathbone Ethical Bond I Inc,1.0544
01/14/2021,Rathbone Ethical Bond I Inc,1.0564
01/15/2021,Rathbone Ethical Bond I Inc,1.0564
01/16/2021,Rathbone Ethical Bond I Inc,1.0564
01/17/2021,Rathbone Ethical Bond I Inc,1.0564
01/18/2021,Rathbone Ethical Bond I Inc,1.0564
01/19/2021,Rathbone Ethical Bond I Inc,1.0567
01/20/2021,Rathbone Ethical Bond I Inc,1.0583
01/21/2021,Rathbone Ethical Bond I Inc,1.0599
01/22/2021,Rathbone Ethical Bond I Inc,1.0593
01/23/2021,Rathbone Ethical Bond I Inc,1.0593
01/24/2021,Rathbone Ethical Bond I Inc,1.0593
01/25/2021,Rathbone Ethical Bond I Inc,1.0616
01/26/2021,Rathbone Ethical Bond I Inc,1.0619
01/27/2021,Rathbone Ethical Bond I Inc,1.0622
01/28/2021,Rathbone Ethical Bond I Inc,1.0594
01/29/2021,Rathbone Ethical Bond I Inc,1.0566
01/30/2021,Rathbone Ethical Bond I Inc,1.0566
01/31/2021,Rathbone Ethical Bond I Inc,1.0566
02/01/2021,Rathbone Ethical Bond I Inc,1.0578
02/02/2021,Rathbone Ethical Bond I Inc,1.0582
02/03/2021,Rathbone Ethical Bond I Inc,1.06
02/04/2021,Rathbone Ethical Bond I Inc,1.0603
02/05/2021,Rathbone Ethical Bond I Inc,1.0553
02/06/2021,Rathbone Ethical Bond I Inc,1.0553
02/07/2021,Rathbone Ethical Bond I Inc,1.0553
02/08/2021,Rathbone Ethical Bond I Inc,1.0568
02/09/2021,Rathbone Ethical Bond I Inc,1.059
02/10/2021,Rathbone Ethical Bond I Inc,1.0595
02/11/2021,Rathbone Ethical Bond I Inc,1.0605
02/12/2021,Rathbone Ethical Bond I Inc,1.0606
02/13/2021,Rathbone Ethical Bond I Inc,1.0606
02/14/2021,Rathbone Ethical Bond I Inc,1.0606
02/15/2021,Rathbone Ethical Bond I Inc,1.0559
02/16/2021,Rathbone Ethical Bond I Inc,1.0537
02/17/2021,Rathbone Ethical Bond I Inc,1.0528
02/18/2021,Rathbone Ethical Bond I Inc,1.0516
02/19/2021,Rathbone Ethical Bond I Inc,1.0487
02/20/2021,Rathbone Ethical Bond I Inc,1.0487
02/21/2021,Rathbone Ethical Bond I Inc,1.0487
02/22/2021,Rathbone Ethical Bond I Inc,1.044
02/23/2021,Rathbone Ethical Bond I Inc,1.0432
02/24/2021,Rathbone Ethical Bond I Inc,1.0415
02/25/2021,Rathbone Ethical Bond I Inc,1.0379
02/26/2021,Rathbone Ethical Bond I Inc,1.0352
02/27/2021,Rathbone Ethical Bond I Inc,1.0352
02/28/2021,Rathbone Ethical Bond I Inc,1.0352
03/01/2021,Rathbone Ethical Bond I Inc,1.0375
03/02/2021,Rathbone Ethical Bond I Inc,1.0397
03/03/2021,Rathbone Ethical Bond I Inc,1.043
03/04/2021,Rathbone Ethical Bond I Inc,1.0412
03/05/2021,Rathbone Ethical Bond I Inc,1.0391
03/06/2021,Rathbone Ethical Bond I Inc,1.0391
03/07/2021,Rathbone Ethical Bond I Inc,1.0391
03/08/2021,Rathbone Ethical Bond I Inc,1.0388
03/09/2021,Rathbone Ethical Bond I Inc,1.0407
03/10/2021,Rathbone Ethical Bond I Inc,1.0398
03/11/2021,Rathbone Ethical Bond I Inc,1.0419
03/12/2021,Rathbone Ethical Bond I Inc,1.0382
03/13/2021,Rathbone Ethical Bond I Inc,1.0382
03/14/2021,Rathbone Ethical Bond I Inc,1.0382
03/15/2021,Rathbone Ethical Bond I Inc,1.0346
03/16/2021,Rathbone Ethical Bond I Inc,1.0373
03/17/2021,Rathbone Ethical Bond I Inc,1.034
03/18/2021,Rathbone Ethical Bond I Inc,1.03
03/19/2021,Rathbone Ethical Bond I Inc,1.0333
03/20/2021,Rathbone Ethical Bond I Inc,1.0333
03/21/2021,Rathbone Ethical Bond I Inc,1.0333
03/22/2021,Rathbone Ethical Bond I Inc,1.0337
03/23/2021,Rathbone Ethical Bond I Inc,1.0373
03/24/2021,Rathbone Ethical Bond I Inc,1.0406
03/25/2021,Rathbone Ethical Bond I Inc,1.0422
03/26/2021,Rathbone Ethical Bond I Inc,1.0397
03/27/2021,Rathbone Ethical Bond I Inc,1.0397
03/28/2021,Rathbone Ethical Bond I Inc,1.0397
03/29/2021,Rathbone Ethical Bond I Inc,1.0411
03/30/2021,Rathbone Ethical Bond I Inc,1.0366
03/31/2021,Rathbone Ethical Bond I Inc,1.0373
04/01/2021,Rathbone Ethical Bond I Inc,1.0299
04/02/2021,Rathbone Ethical Bond I Inc,1.0299
04/03/2021,Rathbone Ethical Bond I Inc,1.0299
04/04/2021,Rathbone Ethical Bond I Inc,1.0299
04/05/2021,Rathbone Ethical Bond I Inc,1.0299
04/06/2021,Rathbone Ethical Bond I Inc,1.0314
04/07/2021,Rathbone Ethical Bond I Inc,1.0343
04/08/2021,Rathbone Ethical Bond I Inc,1.0358
04/09/2021,Rathbone Ethical Bond I Inc,1.0362
04/10/2021,Rathbone Ethical Bond I Inc,1.0362
04/11/2021,Rathbone Ethical Bond I Inc,1.0362
04/12/2021,Rathbone Ethical Bond I Inc,1.0373
04/13/2021,Rathbone Ethical Bond I Inc,1.0371
04/14/2021,Rathbone Ethical Bond I Inc,1.0384
04/15/2021,Rathbone Ethical Bond I Inc,1.0386
04/16/2021,Rathbone Ethical Bond I Inc,1.0417
04/17/2021,Rathbone Ethical Bond I Inc,1.0417
04/18/2021,Rathbone Ethical Bond I Inc,1.0417
04/19/2021,Rathbone Ethical Bond I Inc,1.0424
04/20/2021,Rathbone Ethical Bond I Inc,1.0429
04/21/2021,Rathbone Ethical Bond I Inc,1.042
04/22/2021,Rathbone Ethical Bond I Inc,1.0427
04/23/2021,Rathbone Ethical Bond I Inc,1.0436
04/24/2021,Rathbone Ethical Bond I Inc,1.0436
04/25/2021,Rathbone Ethical Bond I Inc,1.0436
04/26/2021,Rathbone Ethical Bond I Inc,1.0425
04/27/2021,Rathbone Ethical Bond I Inc,1.0419
04/28/2021,Rathbone Ethical Bond I Inc,1.0395
04/29/2021,Rathbone Ethical Bond I Inc,1.0396
04/30/2021,Rathbone Ethical Bond I Inc,1.0394
05/01/2021,Rathbone Ethical Bond I Inc,1.0394
05/02/2021,Rathbone Ethical Bond I Inc,1.0394
05/03/2021,Rathbone Ethical Bond I Inc,1.0394
05/04/2021,Rathbone Ethical Bond I Inc,1.0392
05/05/2021,Rathbone Ethical Bond I Inc,1.0399
05/06/2021,Rathbone Ethical Bond I Inc,1.041
05/07/2021,Rathbone Ethical Bond I Inc,1.0412
05/08/2021,Rathbone Ethical Bond I Inc,1.0412
05/09/2021,Rathbone Ethical Bond I Inc,1.0412
05/10/2021,Rathbone Ethical Bond I Inc,1.0415
05/11/2021,Rathbone Ethical Bond I Inc,1.0392
05/12/2021,Rathbone Ethical Bond I Inc,1.0388
05/13/2021,Rathbone Ethical Bond I Inc,1.0319
05/14/2021,Rathbone Ethical Bond I Inc,1.0343
05/15/2021,Rathbone Ethical Bond I Inc,1.0343
05/16/2021,Rathbone Ethical Bond I Inc,1.0343
05/17/2021,Rathbone Ethical Bond I Inc,1.0351
05/18/2021,Rathbone Ethical Bond I Inc,1.0351
05/19/2021,Rathbone Ethical Bond I Inc,1.0326
05/20/2021,Rathbone Ethical Bond I Inc,1.0333
05/21/2021,Rathbone Ethical Bond I Inc,1.0348
05/22/2021,Rathbone Ethical Bond I Inc,1.0348
05/23/2021,Rathbone Ethical Bond I Inc,1.0348
05/24/2021,Rathbone Ethical Bond I Inc,1.0375
05/25/2021,Rathbone Ethical Bond I Inc,1.039
05/26/2021,Rathbone Ethical Bond I Inc,1.0418
05/27/2021,Rathbone Ethical Bond I Inc,1.0412
05/28/2021,Rathbone Ethical Bond I Inc,1.04
05/29/2021,Rathbone Ethical Bond I Inc,1.04
05/30/2021,Rathbone Ethical Bond I Inc,1.04
05/31/2021,Rathbone Ethical Bond I Inc,1.04
06/01/2021,Rathbone Ethical Bond I Inc,1.0411
06/02/2021,Rathbone Ethical Bond I Inc,1.0414
06/03/2021,Rathbone Ethical Bond I Inc,1.042
06/04/2021,Rathbone Ethical Bond I Inc,1.0415
06/05/2021,Rathbone Ethical Bond I Inc,1.0415
06/06/2021,Rathbone Ethical Bond I Inc,1.0415
06/07/2021,Rathbone Ethical Bond I Inc,1.0434
06/08/2021,Rathbone Ethical Bond I Inc,1.0439
06/09/2021,Rathbone Ethical Bond I Inc,1.0472
06/10/2021,Rathbone Ethical Bond I Inc,1.0491
06/11/2021,Rathbone Ethical Bond I Inc,1.0511
06/12/2021,Rathbone Ethical Bond I Inc,1.0511
06/13/2021,Rathbone Ethical Bond I Inc,1.0511
06/14/2021,Rathbone Ethical Bond I Inc,1.0519
06/15/2021,Rathbone Ethical Bond I Inc,1.0505
06/16/2021,Rathbone Ethical Bond I Inc,1.0497
06/17/2021,Rathbone Ethical Bond I Inc,1.0464
06/18/2021,Rathbone Ethical Bond I Inc,1.0489
06/19/2021,Rathbone Ethical Bond I Inc,1.0489
06/20/2021,Rathbone Ethical Bond I Inc,1.0489
06/21/2021,Rathbone Ethical Bond I Inc,1.0499
06/22/2021,Rathbone Ethical Bond I Inc,1.0493
06/23/2021,Rathbone Ethical Bond I Inc,1.0482
06/24/2021,Rathbone Ethical Bond I Inc,1.0487
06/25/2021,Rathbone Ethical Bond I Inc,1.0501
06/26/2021,Rathbone Ethical Bond I Inc,1.0501
06/27/2021,Rathbone Ethical Bond I Inc,1.0501
06/28/2021,Rathbone Ethical Bond I Inc,1.0499
06/29/2021,Rathbone Ethical Bond I Inc,1.0516
06/30/2021,Rathbone Ethical Bond I Inc,1.0527
07/01/2021,Rathbone Ethical Bond I Inc,1.0435
07/02/2021,Rathbone Ethical Bond I Inc,1.0459
07/03/2021,Rathbone Ethical Bond I Inc,1.0459
07/04/2021,Rathbone Ethical Bond I Inc,1.0459
07/05/2021,Rathbone Ethical Bond I Inc,1.0448
07/06/2021,Rathbone Ethical Bond I Inc,1.0468
07/07/2021,Rathbone Ethical Bond I Inc,1.0501
07/08/2021,Rathbone Ethical Bond I Inc,1.0538
07/09/2021,Rathbone Ethical Bond I Inc,1.0488
07/10/2021,Rathbone Ethical Bond I Inc,1.0488
07/11/2021,Rathbone Ethical Bond I Inc,1.0488
07/12/2021,Rathbone Ethical Bond I Inc,1.0496
07/13/2021,Rathbone Ethical Bond I Inc,1.05
07/14/2021,Rathbone Ethical Bond I Inc,1.0485
07/15/2021,Rathbone Ethical Bond I Inc,1.0503
07/16/2021,Rathbone Ethical Bond I Inc,1.0501
07/17/2021,Rathbone Ethical Bond I Inc,1.0501
07/18/2021,Rathbone Ethical Bond I Inc,1.0501
07/19/2021,Rathbone Ethical Bond I Inc,1.0522
07/20/2021,Rathbone Ethical Bond I Inc,1.0552
07/21/2021,Rathbone Ethical Bond I Inc,1.0527
07/22/2021,Rathbone Ethical Bond I Inc,1.0506
07/23/2021,Rathbone Ethical Bond I Inc,1.0524
07/24/2021,Rathbone Ethical Bond I Inc,1.0524
07/25/2021,Rathbone Ethical Bond I Inc,1.0524
07/26/2021,Rathbone Ethical Bond I Inc,1.0542
07/27/2021,Rathbone Ethical Bond I Inc,1.0546
07/28/2021,Rathbone Ethical Bond I Inc,1.0539
07/29/2021,Rathbone Ethical Bond I Inc,1.0523
07/30/2021,Rathbone Ethical Bond I Inc,1.0541
07/31/2021,Rathbone Ethical Bond I Inc,1.0541
08/01/2021,Rathbone Ethical Bond I Inc,1.0541
08/02/2021,Rathbone Ethical Bond I Inc,1.0551
08/03/2021,Rathbone Ethical Bond I Inc,1.0572
08/04/2021,Rathbone Ethical Bond I Inc,1.059
08/05/2021,Rathbone Ethical Bond I Inc,1.0599
08/06/2021,Rathbone Ethical Bond I Inc,1.0583
08/07/2021,Rathbone Ethical Bond I Inc,1.0583
08/08/2021,Rathbone Ethical Bond I Inc,1.0583
08/09/2021,Rathbone Ethical Bond I Inc,1.0571
08/10/2021,Rathbone Ethical Bond I Inc,1.0581
08/11/2021,Rathbone Ethical Bond I Inc,1.0562
08/12/2021,Rathbone Ethical Bond I Inc,1.0569
08/13/2021,Rathbone Ethical Bond I Inc,1.0567
08/14/2021,Rathbone Ethical Bond I Inc,1.0567
08/15/2021,Rathbone Ethical Bond I Inc,1.0567
08/16/2021,Rathbone Ethical Bond I Inc,1.0577
08/17/2021,Rathbone Ethical Bond I Inc,1.0602
08/18/2021,Rathbone Ethical Bond I Inc,1.0594
08/19/2021,Rathbone Ethical Bond I Inc,1.0601
08/20/2021,Rathbone Ethical Bond I Inc,1.0606
08/21/2021,Rathbone Ethical Bond I Inc,1.0606
08/22/2021,Rathbone Ethical Bond I Inc,1.0606
08/23/2021,Rathbone Ethical Bond I Inc,1.0593
08/24/2021,Rathbone Ethical Bond I Inc,1.0605
08/25/2021,Rathbone Ethical Bond I Inc,1.0591
08/26/2021,Rathbone Ethical Bond I Inc,1.0569
08/27/2021,Rathbone Ethical Bond I Inc,1.0571
08/28/2021,Rathbone Ethical Bond I Inc,1.0571
08/29/2021,Rathbone Ethical Bond I Inc,1.0571
08/30/2021,Rathbone Ethical Bond I Inc,1.0571
08/31/2021,Rathbone Ethical Bond I Inc,1.0591
09/01/2021,Rathbone Ethical Bond I Inc,1.0567
09/02/2021,Rathbone Ethical Bond I Inc,1.059
09/03/2021,Rathbone Ethical Bond I Inc,1.0586
09/04/2021,Rathbone Ethical Bond I Inc,1.0586
09/05/2021,Rathbone Ethical Bond I Inc,1.0586
09/06/2021,Rathbone Ethical Bond I Inc,1.0578
09/07/2021,Rathbone Ethical Bond I Inc,1.0577
09/08/2021,Rathbone Ethical Bond I Inc,1.0578
09/09/2021,Rathbone Ethical Bond I Inc,1.0567
09/10/2021,Rathbone Ethical Bond I Inc,1.0573
09/11/2021,Rathbone Ethical Bond I Inc,1.0573
09/12/2021,Rathbone Ethical Bond I Inc,1.0573
09/13/2021,Rathbone Ethical Bond I Inc,1.0576
09/14/2021,Rathbone Ethical Bond I Inc,1.0567
09/15/2021,Rathbone Ethical Bond I Inc,1.0595
09/16/2021,Rathbone Ethical Bond I Inc,1.0573
09/17/2021,Rathbone Ethical Bond I Inc,1.0558
09/18/2021,Rathbone Ethical Bond I Inc,1.0558
09/19/2021,Rathbone Ethical Bond I Inc,1.0558
09/20/2021,Rathbone Ethical Bond I Inc,1.0552
09/21/2021,Rathbone Ethical Bond I Inc,1.0563
09/22/2021,Rathbone Ethical Bond I Inc,1.0556
09/23/2021,Rathbone Ethical Bond I Inc,1.0565
09/24/2021,Rathbone Ethical Bond I Inc,1.0507
09/25/2021,Rathbone Ethical Bond I Inc,1.0507
09/26/2021,Rathbone Ethical Bond I Inc,1.0507
09/27/2021,Rathbone Ethical Bond I Inc,1.0486
09/28/2021,Rathbone Ethical Bond I Inc,1.0447
09/29/2021,Rathbone Ethical Bond I Inc,1.0461
09/30/2021,Rathbone Ethical Bond I Inc,1.0445
10/01/2021,Rathbone Ethical Bond I Inc,1.0351
10/02/2021,Rathbone Ethical Bond I Inc,1.0351
10/03/2021,Rathbone Ethical Bond I Inc,1.0351
10/04/2021,Rathbone Ethical Bond I Inc,1.0335
10/05/2021,Rathbone Ethical Bond I Inc,1.0333
10/06/2021,Rathbone Ethical Bond I Inc,1.0269
10/07/2021,Rathbone Ethical Bond I Inc,1.0297
10/08/2021,Rathbone Ethical Bond I Inc,1.0261
10/09/2021,Rathbone Ethical Bond I Inc,1.0261
10/10/2021,Rathbone Ethical Bond I Inc,1.0261
10/11/2021,Rathbone Ethical Bond I Inc,1.0213
10/12/2021,Rathbone Ethical Bond I Inc,1.0211
10/13/2021,Rathbone Ethical Bond I Inc,1.0252
10/14/2021,Rathbone Ethical Bond I Inc,1.028
10/15/2021,Rathbone Ethical Bond I Inc,1.0293
10/16/2021,Rathbone Ethical Bond I Inc,1.0293
10/17/2021,Rathbone Ethical Bond I Inc,1.0293
10/18/2021,Rathbone Ethical Bond I Inc,1.025
10/19/2021,Rathbone Ethical Bond I Inc,1.026
10/20/2021,Rathbone Ethical Bond I Inc,1.0263
10/21/2021,Rathbone Ethical Bond I Inc,1.0241
10/22/2021,Rathbone Ethical Bond I Inc,1.0233
10/23/2021,Rathbone Ethical Bond I Inc,1.0233
10/24/2021,Rathbone Ethical Bond I Inc,1.0233
10/25/2021,Rathbone Ethical Bond I Inc,1.0253
10/26/2021,Rathbone Ethical Bond I Inc,1.0274
10/27/2021,Rathbone Ethical Bond I Inc,1.0306
10/28/2021,Rathbone Ethical Bond I Inc,1.0362
10/29/2021,Rathbone Ethical Bond I Inc,1.0316
10/30/2021,Rathbone Ethical Bond I Inc,1.0316
10/31/2021,Rathbone Ethical Bond I Inc,1.0316
11/01/2021,Rathbone Ethical Bond I Inc,1.03
11/02/2021,Rathbone Ethical Bond I Inc,1.0307
11/03/2021,Rathbone Ethical Bond I Inc,1.0305
11/04/2021,Rathbone Ethical Bond I Inc,1.0304
11/05/2021,Rathbone Ethical Bond I Inc,1.0388
11/06/2021,Rathbone Ethical Bond I Inc,1.0388
11/07/2021,Rathbone Ethical Bond I Inc,1.0388
11/08/2021,Rathbone Ethical Bond I Inc,1.0398
11/09/2021,Rathbone Ethical Bond I Inc,1.0417
11/10/2021,Rathbone Ethical Bond I Inc,1.0399
11/11/2021,Rathbone Ethical Bond I Inc,1.0362
11/12/2021,Rathbone Ethical Bond I Inc,1.0359
11/13/2021,Rathbone Ethical Bond I Inc,1.0359
11/14/2021,Rathbone Ethical Bond I Inc,1.0359
11/15/2021,Rathbone Ethical Bond I Inc,1.0354
11/16/2021,Rathbone Ethical Bond I Inc,1.0328
11/17/2021,Rathbone Ethical Bond I Inc,1.0304
11/18/2021,Rathbone Ethical Bond I Inc,1.0325
11/19/2021,Rathbone Ethical Bond I Inc,1.0363
11/20/2021,Rathbone Ethical Bond I Inc,1.0363
11/21/2021,Rathbone Ethical Bond I Inc,1.0363
11/22/2021,Rathbone Ethical Bond I Inc,1.0349
11/23/2021,Rathbone Ethical Bond I Inc,1.0313
11/24/2021,Rathbone Ethical Bond I Inc,1.0298
11/25/2021,Rathbone Ethical Bond I Inc,1.029
11/26/2021,Rathbone Ethical Bond I Inc,1.0314
11/27/2021,Rathbone Ethical Bond I Inc,1.0314
11/28/2021,Rathbone Ethical Bond I Inc,1.0314
11/29/2021,Rathbone Ethical Bond I Inc,1.0299
11/30/2021,Rathbone Ethical Bond I Inc,1.0324
12/01/2021,Rathbone Ethical Bond I Inc,1.0315
12/02/2021,Rathbone Ethical Bond I Inc,1.035
12/03/2021,Rathbone Ethical Bond I Inc,1.0359
12/04/2021,Rathbone Ethical Bond I Inc,1.0359
12/05/2021,Rathbone Ethical Bond I Inc,1.0359
12/06/2021,Rathbone Ethical Bond I Inc,1.0383
12/07/2021,Rathbone Ethical Bond I Inc,1.0395
12/08/2021,Rathbone Ethical Bond I Inc,1.0418
12/09/2021,Rathbone Ethical Bond I Inc,1.0416
12/10/2021,Rathbone Ethical Bond I Inc,1.0386
12/11/2021,Rathbone Ethical Bond I Inc,1.0386
12/12/2021,Rathbone Ethical Bond I Inc,1.0386
12/13/2021,Rathbone Ethical Bond I Inc,1.0406
12/14/2021,Rathbone Ethical Bond I Inc,1.0409
12/15/2021,Rathbone Ethical Bond I Inc,1.0387
12/16/2021,Rathbone Ethical Bond I Inc,1.0394
12/17/2021,Rathbone Ethical Bond I Inc,1.0387
12/18/2021,Rathbone Ethical Bond I Inc,1.0387
12/19/2021,Rathbone Ethical Bond I Inc,1.0387
12/20/2021,Rathbone Ethical Bond I Inc,1.0387
12/21/2021,Rathbone Ethical Bond I Inc,1.0353
