Date,Name,NAV
03/18/2016,SLI UK Real Estt Accumulation Fdr P1Inc,0.5
03/19/2016,SLI UK Real Estt Accumulation Fdr P1Inc,0.5
03/20/2016,SLI UK Real Estt Accumulation Fdr P1Inc,0.5
03/21/2016,SLI UK Real Estt Accumulation Fdr P1Inc,0.5261
03/22/2016,SLI UK Real Estt Accumulation Fdr P1Inc,0.5262
03/23/2016,SLI UK Real Estt Accumulation Fdr P1Inc,0.5262
03/24/2016,SLI UK Real Estt Accumulation Fdr P1Inc,0.5263
03/25/2016,SLI UK Real Estt Accumulation Fdr P1Inc,0.5263
03/26/2016,SLI UK Real Estt Accumulation Fdr P1Inc,0.5263
03/27/2016,SLI UK Real Estt Accumulation Fdr P1Inc,0.5263
03/28/2016,SLI UK Real Estt Accumulation Fdr P1Inc,0.5264
03/29/2016,SLI UK Real Estt Accumulation Fdr P1Inc,0.5264
03/30/2016,SLI UK Real Estt Accumulation Fdr P1Inc,0.5265
03/31/2016,SLI UK Real Estt Accumulation Fdr P1Inc,0.5277
04/01/2016,SLI UK Real Estt Accumulation Fdr P1Inc,0.5278
04/02/2016,SLI UK Real Estt Accumulation Fdr P1Inc,0.5278
04/03/2016,SLI UK Real Estt Accumulation Fdr P1Inc,0.5278
04/04/2016,SLI UK Real Estt Accumulation Fdr P1Inc,0.5279
04/05/2016,SLI UK Real Estt Accumulation Fdr P1Inc,0.5279
04/06/2016,SLI UK Real Estt Accumulation Fdr P1Inc,0.528
04/07/2016,SLI UK Real Estt Accumulation Fdr P1Inc,0.528
04/08/2016,SLI UK Real Estt Accumulation Fdr P1Inc,0.528
04/09/2016,SLI UK Real Estt Accumulation Fdr P1Inc,0.528
04/10/2016,SLI UK Real Estt Accumulation Fdr P1Inc,0.528
04/11/2016,SLI UK Real Estt Accumulation Fdr P1Inc,0.5282
04/12/2016,SLI UK Real Estt Accumulation Fdr P1Inc,0.5282
04/13/2016,SLI UK Real Estt Accumulation Fdr P1Inc,0.5282
04/14/2016,SLI UK Real Estt Accumulation Fdr P1Inc,0.5283
04/15/2016,SLI UK Real Estt Accumulation Fdr P1Inc,0.5283
04/16/2016,SLI UK Real Estt Accumulation Fdr P1Inc,0.5283
04/17/2016,SLI UK Real Estt Accumulation Fdr P1Inc,0.5283
04/18/2016,SLI UK Real Estt Accumulation Fdr P1Inc,0.5284
04/19/2016,SLI UK Real Estt Accumulation Fdr P1Inc,0.5284
04/20/2016,SLI UK Real Estt Accumulation Fdr P1Inc,0.5285
04/21/2016,SLI UK Real Estt Accumulation Fdr P1Inc,0.5285
04/22/2016,SLI UK Real Estt Accumulation Fdr P1Inc,0.5286
04/23/2016,SLI UK Real Estt Accumulation Fdr P1Inc,0.5286
04/24/2016,SLI UK Real Estt Accumulation Fdr P1Inc,0.5286
04/25/2016,SLI UK Real Estt Accumulation Fdr P1Inc,0.5287
04/26/2016,SLI UK Real Estt Accumulation Fdr P1Inc,0.5288
04/27/2016,SLI UK Real Estt Accumulation Fdr P1Inc,0.5288
04/28/2016,SLI UK Real Estt Accumulation Fdr P1Inc,0.5288
04/29/2016,SLI UK Real Estt Accumulation Fdr P1Inc,0.5293
04/30/2016,SLI UK Real Estt Accumulation Fdr P1Inc,0.5293
05/01/2016,SLI UK Real Estt Accumulation Fdr P1Inc,0.5293
05/02/2016,SLI UK Real Estt Accumulation Fdr P1Inc,0.5276
05/03/2016,SLI UK Real Estt Accumulation Fdr P1Inc,0.5276
05/04/2016,SLI UK Real Estt Accumulation Fdr P1Inc,0.5276
05/05/2016,SLI UK Real Estt Accumulation Fdr P1Inc,0.5272
05/06/2016,SLI UK Real Estt Accumulation Fdr P1Inc,0.5273
05/07/2016,SLI UK Real Estt Accumulation Fdr P1Inc,0.5273
05/08/2016,SLI UK Real Estt Accumulation Fdr P1Inc,0.5273
05/09/2016,SLI UK Real Estt Accumulation Fdr P1Inc,0.5274
05/10/2016,SLI UK Real Estt Accumulation Fdr P1Inc,0.5274
05/11/2016,SLI UK Real Estt Accumulation Fdr P1Inc,0.5274
05/12/2016,SLI UK Real Estt Accumulation Fdr P1Inc,0.5275
05/13/2016,SLI UK Real Estt Accumulation Fdr P1Inc,0.501
05/14/2016,SLI UK Real Estt Accumulation Fdr P1Inc,0.501
05/15/2016,SLI UK Real Estt Accumulation Fdr P1Inc,0.501
05/16/2016,SLI UK Real Estt Accumulation Fdr P1Inc,0.5011
05/17/2016,SLI UK Real Estt Accumulation Fdr P1Inc,0.5012
05/18/2016,SLI UK Real Estt Accumulation Fdr P1Inc,0.502
05/19/2016,SLI UK Real Estt Accumulation Fdr P1Inc,0.502
05/20/2016,SLI UK Real Estt Accumulation Fdr P1Inc,0.5012
05/21/2016,SLI UK Real Estt Accumulation Fdr P1Inc,0.5012
05/22/2016,SLI UK Real Estt Accumulation Fdr P1Inc,0.5012
05/23/2016,SLI UK Real Estt Accumulation Fdr P1Inc,0.5012
05/24/2016,SLI UK Real Estt Accumulation Fdr P1Inc,0.5013
05/25/2016,SLI UK Real Estt Accumulation Fdr P1Inc,0.5013
05/26/2016,SLI UK Real Estt Accumulation Fdr P1Inc,0.5013
05/27/2016,SLI UK Real Estt Accumulation Fdr P1Inc,0.5013
05/28/2016,SLI UK Real Estt Accumulation Fdr P1Inc,0.5013
05/29/2016,SLI UK Real Estt Accumulation Fdr P1Inc,0.5013
05/30/2016,SLI UK Real Estt Accumulation Fdr P1Inc,0.5014
05/31/2016,SLI UK Real Estt Accumulation Fdr P1Inc,0.5013
06/01/2016,SLI UK Real Estt Accumulation Fdr P1Inc,0.5009
06/02/2016,SLI UK Real Estt Accumulation Fdr P1Inc,0.5009
06/03/2016,SLI UK Real Estt Accumulation Fdr P1Inc,0.5009
06/04/2016,SLI UK Real Estt Accumulation Fdr P1Inc,0.5009
06/05/2016,SLI UK Real Estt Accumulation Fdr P1Inc,0.5009
06/06/2016,SLI UK Real Estt Accumulation Fdr P1Inc,0.501
06/07/2016,SLI UK Real Estt Accumulation Fdr P1Inc,0.5011
06/08/2016,SLI UK Real Estt Accumulation Fdr P1Inc,0.5011
06/09/2016,SLI UK Real Estt Accumulation Fdr P1Inc,0.5011
06/10/2016,SLI UK Real Estt Accumulation Fdr P1Inc,0.5011
06/11/2016,SLI UK Real Estt Accumulation Fdr P1Inc,0.5011
06/12/2016,SLI UK Real Estt Accumulation Fdr P1Inc,0.5011
06/13/2016,SLI UK Real Estt Accumulation Fdr P1Inc,0.5013
06/14/2016,SLI UK Real Estt Accumulation Fdr P1Inc,0.5013
06/15/2016,SLI UK Real Estt Accumulation Fdr P1Inc,0.5013
06/16/2016,SLI UK Real Estt Accumulation Fdr P1Inc,0.5013
06/17/2016,SLI UK Real Estt Accumulation Fdr P1Inc,0.5014
06/18/2016,SLI UK Real Estt Accumulation Fdr P1Inc,0.5014
06/19/2016,SLI UK Real Estt Accumulation Fdr P1Inc,0.5014
06/20/2016,SLI UK Real Estt Accumulation Fdr P1Inc,0.5014
06/21/2016,SLI UK Real Estt Accumulation Fdr P1Inc,0.5015
06/22/2016,SLI UK Real Estt Accumulation Fdr P1Inc,0.5015
06/23/2016,SLI UK Real Estt Accumulation Fdr P1Inc,0.5016
06/24/2016,SLI UK Real Estt Accumulation Fdr P1Inc,0.4957
06/25/2016,SLI UK Real Estt Accumulation Fdr P1Inc,0.4957
06/26/2016,SLI UK Real Estt Accumulation Fdr P1Inc,0.4957
06/27/2016,SLI UK Real Estt Accumulation Fdr P1Inc,0.4747
06/28/2016,SLI UK Real Estt Accumulation Fdr P1Inc,0.4748
06/29/2016,SLI UK Real Estt Accumulation Fdr P1Inc,0.4748
06/30/2016,SLI UK Real Estt Accumulation Fdr P1Inc,0.4749
07/01/2016,SLI UK Real Estt Accumulation Fdr P1Inc,0.4737
07/02/2016,SLI UK Real Estt Accumulation Fdr P1Inc,0.4737
07/03/2016,SLI UK Real Estt Accumulation Fdr P1Inc,0.4737
07/04/2016,SLI UK Real Estt Accumulation Fdr P1Inc,0.4738
07/05/2016,SLI UK Real Estt Accumulation Fdr P1Inc,0.4739
07/06/2016,SLI UK Real Estt Accumulation Fdr P1Inc,0.4739
07/07/2016,SLI UK Real Estt Accumulation Fdr P1Inc,0.4704
07/08/2016,SLI UK Real Estt Accumulation Fdr P1Inc,0.4704
07/09/2016,SLI UK Real Estt Accumulation Fdr P1Inc,0.4704
07/10/2016,SLI UK Real Estt Accumulation Fdr P1Inc,0.4704
07/11/2016,SLI UK Real Estt Accumulation Fdr P1Inc,0.4705
07/12/2016,SLI UK Real Estt Accumulation Fdr P1Inc,0.4705
07/13/2016,SLI UK Real Estt Accumulation Fdr P1Inc,0.4706
07/14/2016,SLI UK Real Estt Accumulation Fdr P1Inc,0.4668
07/15/2016,SLI UK Real Estt Accumulation Fdr P1Inc,0.4669
07/16/2016,SLI UK Real Estt Accumulation Fdr P1Inc,0.4669
07/17/2016,SLI UK Real Estt Accumulation Fdr P1Inc,0.4669
07/18/2016,SLI UK Real Estt Accumulation Fdr P1Inc,0.4669
07/19/2016,SLI UK Real Estt Accumulation Fdr P1Inc,0.467
07/20/2016,SLI UK Real Estt Accumulation Fdr P1Inc,0.467
07/21/2016,SLI UK Real Estt Accumulation Fdr P1Inc,0.4632
07/22/2016,SLI UK Real Estt Accumulation Fdr P1Inc,0.4632
07/23/2016,SLI UK Real Estt Accumulation Fdr P1Inc,0.4632
07/24/2016,SLI UK Real Estt Accumulation Fdr P1Inc,0.4632
07/25/2016,SLI UK Real Estt Accumulation Fdr P1Inc,0.4633
07/26/2016,SLI UK Real Estt Accumulation Fdr P1Inc,0.4634
07/27/2016,SLI UK Real Estt Accumulation Fdr P1Inc,0.4634
07/28/2016,SLI UK Real Estt Accumulation Fdr P1Inc,0.4636
07/29/2016,SLI UK Real Estt Accumulation Fdr P1Inc,0.4599
07/30/2016,SLI UK Real Estt Accumulation Fdr P1Inc,0.4599
07/31/2016,SLI UK Real Estt Accumulation Fdr P1Inc,0.4599
08/01/2016,SLI UK Real Estt Accumulation Fdr P1Inc,0.4588
08/02/2016,SLI UK Real Estt Accumulation Fdr P1Inc,0.4588
08/03/2016,SLI UK Real Estt Accumulation Fdr P1Inc,0.4588
08/04/2016,SLI UK Real Estt Accumulation Fdr P1Inc,0.4579
08/05/2016,SLI UK Real Estt Accumulation Fdr P1Inc,0.4579
08/06/2016,SLI UK Real Estt Accumulation Fdr P1Inc,0.4579
08/07/2016,SLI UK Real Estt Accumulation Fdr P1Inc,0.4579
08/08/2016,SLI UK Real Estt Accumulation Fdr P1Inc,0.458
08/09/2016,SLI UK Real Estt Accumulation Fdr P1Inc,0.458
08/10/2016,SLI UK Real Estt Accumulation Fdr P1Inc,0.4582
08/11/2016,SLI UK Real Estt Accumulation Fdr P1Inc,0.4578
08/12/2016,SLI UK Real Estt Accumulation Fdr P1Inc,0.4578
08/13/2016,SLI UK Real Estt Accumulation Fdr P1Inc,0.4578
08/14/2016,SLI UK Real Estt Accumulation Fdr P1Inc,0.4578
08/15/2016,SLI UK Real Estt Accumulation Fdr P1Inc,0.4621
08/16/2016,SLI UK Real Estt Accumulation Fdr P1Inc,0.4621
08/17/2016,SLI UK Real Estt Accumulation Fdr P1Inc,0.4622
08/18/2016,SLI UK Real Estt Accumulation Fdr P1Inc,0.4608
08/19/2016,SLI UK Real Estt Accumulation Fdr P1Inc,0.4608
08/20/2016,SLI UK Real Estt Accumulation Fdr P1Inc,0.4608
08/21/2016,SLI UK Real Estt Accumulation Fdr P1Inc,0.4608
08/22/2016,SLI UK Real Estt Accumulation Fdr P1Inc,0.4611
08/23/2016,SLI UK Real Estt Accumulation Fdr P1Inc,0.4631
08/24/2016,SLI UK Real Estt Accumulation Fdr P1Inc,0.4631
08/25/2016,SLI UK Real Estt Accumulation Fdr P1Inc,0.4628
08/26/2016,SLI UK Real Estt Accumulation Fdr P1Inc,0.4628
08/27/2016,SLI UK Real Estt Accumulation Fdr P1Inc,0.4628
08/28/2016,SLI UK Real Estt Accumulation Fdr P1Inc,0.4628
08/29/2016,SLI UK Real Estt Accumulation Fdr P1Inc,0.465
08/30/2016,SLI UK Real Estt Accumulation Fdr P1Inc,0.465
08/31/2016,SLI UK Real Estt Accumulation Fdr P1Inc,0.4647
09/01/2016,SLI UK Real Estt Accumulation Fdr P1Inc,0.4634
09/02/2016,SLI UK Real Estt Accumulation Fdr P1Inc,0.4635
09/03/2016,SLI UK Real Estt Accumulation Fdr P1Inc,0.4635
09/04/2016,SLI UK Real Estt Accumulation Fdr P1Inc,0.4635
09/05/2016,SLI UK Real Estt Accumulation Fdr P1Inc,0.4656
09/06/2016,SLI UK Real Estt Accumulation Fdr P1Inc,0.4657
09/07/2016,SLI UK Real Estt Accumulation Fdr P1Inc,0.4658
09/08/2016,SLI UK Real Estt Accumulation Fdr P1Inc,0.4655
09/09/2016,SLI UK Real Estt Accumulation Fdr P1Inc,0.4655
09/10/2016,SLI UK Real Estt Accumulation Fdr P1Inc,0.4655
09/11/2016,SLI UK Real Estt Accumulation Fdr P1Inc,0.4655
09/12/2016,SLI UK Real Estt Accumulation Fdr P1Inc,0.4678
09/13/2016,SLI UK Real Estt Accumulation Fdr P1Inc,0.4678
09/14/2016,SLI UK Real Estt Accumulation Fdr P1Inc,0.4678
09/15/2016,SLI UK Real Estt Accumulation Fdr P1Inc,0.4672
09/16/2016,SLI UK Real Estt Accumulation Fdr P1Inc,0.4672
09/17/2016,SLI UK Real Estt Accumulation Fdr P1Inc,0.4672
09/18/2016,SLI UK Real Estt Accumulation Fdr P1Inc,0.4672
09/19/2016,SLI UK Real Estt Accumulation Fdr P1Inc,0.4715
09/20/2016,SLI UK Real Estt Accumulation Fdr P1Inc,0.4716
09/21/2016,SLI UK Real Estt Accumulation Fdr P1Inc,0.4716
09/22/2016,SLI UK Real Estt Accumulation Fdr P1Inc,0.4708
09/23/2016,SLI UK Real Estt Accumulation Fdr P1Inc,0.4709
09/24/2016,SLI UK Real Estt Accumulation Fdr P1Inc,0.4709
09/25/2016,SLI UK Real Estt Accumulation Fdr P1Inc,0.4709
09/26/2016,SLI UK Real Estt Accumulation Fdr P1Inc,0.4751
09/27/2016,SLI UK Real Estt Accumulation Fdr P1Inc,0.4751
09/28/2016,SLI UK Real Estt Accumulation Fdr P1Inc,0.4751
09/29/2016,SLI UK Real Estt Accumulation Fdr P1Inc,0.4752
09/30/2016,SLI UK Real Estt Accumulation Fdr P1Inc,0.475
10/01/2016,SLI UK Real Estt Accumulation Fdr P1Inc,0.475
10/02/2016,SLI UK Real Estt Accumulation Fdr P1Inc,0.475
10/03/2016,SLI UK Real Estt Accumulation Fdr P1Inc,0.4735
10/04/2016,SLI UK Real Estt Accumulation Fdr P1Inc,0.4736
10/05/2016,SLI UK Real Estt Accumulation Fdr P1Inc,0.4736
10/06/2016,SLI UK Real Estt Accumulation Fdr P1Inc,0.4737
10/07/2016,SLI UK Real Estt Accumulation Fdr P1Inc,0.4737
10/08/2016,SLI UK Real Estt Accumulation Fdr P1Inc,0.4737
10/09/2016,SLI UK Real Estt Accumulation Fdr P1Inc,0.4737
10/10/2016,SLI UK Real Estt Accumulation Fdr P1Inc,0.4739
10/11/2016,SLI UK Real Estt Accumulation Fdr P1Inc,0.4739
10/12/2016,SLI UK Real Estt Accumulation Fdr P1Inc,0.4739
10/13/2016,SLI UK Real Estt Accumulation Fdr P1Inc,0.474
10/14/2016,SLI UK Real Estt Accumulation Fdr P1Inc,0.4744
10/15/2016,SLI UK Real Estt Accumulation Fdr P1Inc,0.4744
10/16/2016,SLI UK Real Estt Accumulation Fdr P1Inc,0.4744
10/17/2016,SLI UK Real Estt Accumulation Fdr P1Inc,0.4746
10/18/2016,SLI UK Real Estt Accumulation Fdr P1Inc,0.4747
10/19/2016,SLI UK Real Estt Accumulation Fdr P1Inc,0.4748
10/20/2016,SLI UK Real Estt Accumulation Fdr P1Inc,0.4748
10/21/2016,SLI UK Real Estt Accumulation Fdr P1Inc,0.4748
10/22/2016,SLI UK Real Estt Accumulation Fdr P1Inc,0.4748
10/23/2016,SLI UK Real Estt Accumulation Fdr P1Inc,0.4748
10/24/2016,SLI UK Real Estt Accumulation Fdr P1Inc,0.4751
10/25/2016,SLI UK Real Estt Accumulation Fdr P1Inc,0.4752
10/26/2016,SLI UK Real Estt Accumulation Fdr P1Inc,0.4752
10/27/2016,SLI UK Real Estt Accumulation Fdr P1Inc,0.4753
10/28/2016,SLI UK Real Estt Accumulation Fdr P1Inc,0.4753
10/29/2016,SLI UK Real Estt Accumulation Fdr P1Inc,0.4753
10/30/2016,SLI UK Real Estt Accumulation Fdr P1Inc,0.4753
10/31/2016,SLI UK Real Estt Accumulation Fdr P1Inc,0.4753
11/01/2016,SLI UK Real Estt Accumulation Fdr P1Inc,0.4737
11/02/2016,SLI UK Real Estt Accumulation Fdr P1Inc,0.4737
11/03/2016,SLI UK Real Estt Accumulation Fdr P1Inc,0.4737
11/04/2016,SLI UK Real Estt Accumulation Fdr P1Inc,0.4738
11/05/2016,SLI UK Real Estt Accumulation Fdr P1Inc,0.4738
11/06/2016,SLI UK Real Estt Accumulation Fdr P1Inc,0.4738
11/07/2016,SLI UK Real Estt Accumulation Fdr P1Inc,0.4739
11/08/2016,SLI UK Real Estt Accumulation Fdr P1Inc,0.4739
11/09/2016,SLI UK Real Estt Accumulation Fdr P1Inc,0.4741
11/10/2016,SLI UK Real Estt Accumulation Fdr P1Inc,0.474
11/11/2016,SLI UK Real Estt Accumulation Fdr P1Inc,0.474
11/12/2016,SLI UK Real Estt Accumulation Fdr P1Inc,0.474
11/13/2016,SLI UK Real Estt Accumulation Fdr P1Inc,0.474
11/14/2016,SLI UK Real Estt Accumulation Fdr P1Inc,0.4742
11/15/2016,SLI UK Real Estt Accumulation Fdr P1Inc,0.4743
11/16/2016,SLI UK Real Estt Accumulation Fdr P1Inc,0.4742
11/17/2016,SLI UK Real Estt Accumulation Fdr P1Inc,0.4742
11/18/2016,SLI UK Real Estt Accumulation Fdr P1Inc,0.4743
11/19/2016,SLI UK Real Estt Accumulation Fdr P1Inc,0.4743
11/20/2016,SLI UK Real Estt Accumulation Fdr P1Inc,0.4743
11/21/2016,SLI UK Real Estt Accumulation Fdr P1Inc,0.4744
11/22/2016,SLI UK Real Estt Accumulation Fdr P1Inc,0.4744
11/23/2016,SLI UK Real Estt Accumulation Fdr P1Inc,0.4746
11/24/2016,SLI UK Real Estt Accumulation Fdr P1Inc,0.4747
11/25/2016,SLI UK Real Estt Accumulation Fdr P1Inc,0.4747
11/26/2016,SLI UK Real Estt Accumulation Fdr P1Inc,0.4747
11/27/2016,SLI UK Real Estt Accumulation Fdr P1Inc,0.4747
11/28/2016,SLI UK Real Estt Accumulation Fdr P1Inc,0.4749
11/29/2016,SLI UK Real Estt Accumulation Fdr P1Inc,0.4748
11/30/2016,SLI UK Real Estt Accumulation Fdr P1Inc,0.4759
12/01/2016,SLI UK Real Estt Accumulation Fdr P1Inc,0.4746
12/02/2016,SLI UK Real Estt Accumulation Fdr P1Inc,0.4746
12/03/2016,SLI UK Real Estt Accumulation Fdr P1Inc,0.4746
12/04/2016,SLI UK Real Estt Accumulation Fdr P1Inc,0.4746
12/05/2016,SLI UK Real Estt Accumulation Fdr P1Inc,0.4747
12/06/2016,SLI UK Real Estt Accumulation Fdr P1Inc,0.4748
12/07/2016,SLI UK Real Estt Accumulation Fdr P1Inc,0.4748
12/08/2016,SLI UK Real Estt Accumulation Fdr P1Inc,0.4748
12/09/2016,SLI UK Real Estt Accumulation Fdr P1Inc,0.4748
12/10/2016,SLI UK Real Estt Accumulation Fdr P1Inc,0.4748
12/11/2016,SLI UK Real Estt Accumulation Fdr P1Inc,0.4748
12/12/2016,SLI UK Real Estt Accumulation Fdr P1Inc,0.4754
12/13/2016,SLI UK Real Estt Accumulation Fdr P1Inc,0.4753
12/14/2016,SLI UK Real Estt Accumulation Fdr P1Inc,0.4754
12/15/2016,SLI UK Real Estt Accumulation Fdr P1Inc,0.4754
12/16/2016,SLI UK Real Estt Accumulation Fdr P1Inc,0.4754
12/17/2016,SLI UK Real Estt Accumulation Fdr P1Inc,0.4754
12/18/2016,SLI UK Real Estt Accumulation Fdr P1Inc,0.4754
12/19/2016,SLI UK Real Estt Accumulation Fdr P1Inc,0.4755
12/20/2016,SLI UK Real Estt Accumulation Fdr P1Inc,0.4755
12/21/2016,SLI UK Real Estt Accumulation Fdr P1Inc,0.4755
12/22/2016,SLI UK Real Estt Accumulation Fdr P1Inc,0.4756
12/23/2016,SLI UK Real Estt Accumulation Fdr P1Inc,0.4756
12/24/2016,SLI UK Real Estt Accumulation Fdr P1Inc,0.4756
12/25/2016,SLI UK Real Estt Accumulation Fdr P1Inc,0.4756
12/26/2016,SLI UK Real Estt Accumulation Fdr P1Inc,0.4756
12/27/2016,SLI UK Real Estt Accumulation Fdr P1Inc,0.4756
12/28/2016,SLI UK Real Estt Accumulation Fdr P1Inc,0.4757
12/29/2016,SLI UK Real Estt Accumulation Fdr P1Inc,0.4757
12/30/2016,SLI UK Real Estt Accumulation Fdr P1Inc,0.478
12/31/2016,SLI UK Real Estt Accumulation Fdr P1Inc,0.478
01/01/2017,SLI UK Real Estt Accumulation Fdr P1Inc,0.478
01/02/2017,SLI UK Real Estt Accumulation Fdr P1Inc,0.478
01/03/2017,SLI UK Real Estt Accumulation Fdr P1Inc,0.4764
01/04/2017,SLI UK Real Estt Accumulation Fdr P1Inc,0.4764
01/05/2017,SLI UK Real Estt Accumulation Fdr P1Inc,0.4764
01/06/2017,SLI UK Real Estt Accumulation Fdr P1Inc,0.4765
01/07/2017,SLI UK Real Estt Accumulation Fdr P1Inc,0.4765
01/08/2017,SLI UK Real Estt Accumulation Fdr P1Inc,0.4765
01/09/2017,SLI UK Real Estt Accumulation Fdr P1Inc,0.4766
01/10/2017,SLI UK Real Estt Accumulation Fdr P1Inc,0.4766
01/11/2017,SLI UK Real Estt Accumulation Fdr P1Inc,0.4766
01/12/2017,SLI UK Real Estt Accumulation Fdr P1Inc,0.4767
01/13/2017,SLI UK Real Estt Accumulation Fdr P1Inc,0.4767
01/14/2017,SLI UK Real Estt Accumulation Fdr P1Inc,0.4767
01/15/2017,SLI UK Real Estt Accumulation Fdr P1Inc,0.4767
01/16/2017,SLI UK Real Estt Accumulation Fdr P1Inc,0.4768
01/17/2017,SLI UK Real Estt Accumulation Fdr P1Inc,0.4768
01/18/2017,SLI UK Real Estt Accumulation Fdr P1Inc,0.4768
01/19/2017,SLI UK Real Estt Accumulation Fdr P1Inc,0.4769
01/20/2017,SLI UK Real Estt Accumulation Fdr P1Inc,0.4769
01/21/2017,SLI UK Real Estt Accumulation Fdr P1Inc,0.4769
01/22/2017,SLI UK Real Estt Accumulation Fdr P1Inc,0.4769
01/23/2017,SLI UK Real Estt Accumulation Fdr P1Inc,0.477
01/24/2017,SLI UK Real Estt Accumulation Fdr P1Inc,0.477
01/25/2017,SLI UK Real Estt Accumulation Fdr P1Inc,0.477
01/26/2017,SLI UK Real Estt Accumulation Fdr P1Inc,0.477
01/27/2017,SLI UK Real Estt Accumulation Fdr P1Inc,0.4771
01/28/2017,SLI UK Real Estt Accumulation Fdr P1Inc,0.4771
01/29/2017,SLI UK Real Estt Accumulation Fdr P1Inc,0.4771
01/30/2017,SLI UK Real Estt Accumulation Fdr P1Inc,0.4771
01/31/2017,SLI UK Real Estt Accumulation Fdr P1Inc,0.4777
02/01/2017,SLI UK Real Estt Accumulation Fdr P1Inc,0.4764
02/02/2017,SLI UK Real Estt Accumulation Fdr P1Inc,0.4764
02/03/2017,SLI UK Real Estt Accumulation Fdr P1Inc,0.4764
02/04/2017,SLI UK Real Estt Accumulation Fdr P1Inc,0.4764
02/05/2017,SLI UK Real Estt Accumulation Fdr P1Inc,0.4764
02/06/2017,SLI UK Real Estt Accumulation Fdr P1Inc,0.4765
02/07/2017,SLI UK Real Estt Accumulation Fdr P1Inc,0.4766
02/08/2017,SLI UK Real Estt Accumulation Fdr P1Inc,0.4765
02/09/2017,SLI UK Real Estt Accumulation Fdr P1Inc,0.4766
02/10/2017,SLI UK Real Estt Accumulation Fdr P1Inc,0.4766
02/11/2017,SLI UK Real Estt Accumulation Fdr P1Inc,0.4766
02/12/2017,SLI UK Real Estt Accumulation Fdr P1Inc,0.4766
02/13/2017,SLI UK Real Estt Accumulation Fdr P1Inc,0.4767
02/14/2017,SLI UK Real Estt Accumulation Fdr P1Inc,0.4767
02/15/2017,SLI UK Real Estt Accumulation Fdr P1Inc,0.4767
02/16/2017,SLI UK Real Estt Accumulation Fdr P1Inc,0.4768
02/17/2017,SLI UK Real Estt Accumulation Fdr P1Inc,0.4768
02/18/2017,SLI UK Real Estt Accumulation Fdr P1Inc,0.4768
02/19/2017,SLI UK Real Estt Accumulation Fdr P1Inc,0.4768
02/20/2017,SLI UK Real Estt Accumulation Fdr P1Inc,0.4769
02/21/2017,SLI UK Real Estt Accumulation Fdr P1Inc,0.4769
02/22/2017,SLI UK Real Estt Accumulation Fdr P1Inc,0.4769
02/23/2017,SLI UK Real Estt Accumulation Fdr P1Inc,0.477
02/24/2017,SLI UK Real Estt Accumulation Fdr P1Inc,0.4771
02/25/2017,SLI UK Real Estt Accumulation Fdr P1Inc,0.4771
02/26/2017,SLI UK Real Estt Accumulation Fdr P1Inc,0.4771
02/27/2017,SLI UK Real Estt Accumulation Fdr P1Inc,0.4772
02/28/2017,SLI UK Real Estt Accumulation Fdr P1Inc,0.4779
03/01/2017,SLI UK Real Estt Accumulation Fdr P1Inc,0.4769
03/02/2017,SLI UK Real Estt Accumulation Fdr P1Inc,0.4769
03/03/2017,SLI UK Real Estt Accumulation Fdr P1Inc,0.477
03/04/2017,SLI UK Real Estt Accumulation Fdr P1Inc,0.477
03/05/2017,SLI UK Real Estt Accumulation Fdr P1Inc,0.477
03/06/2017,SLI UK Real Estt Accumulation Fdr P1Inc,0.4771
03/07/2017,SLI UK Real Estt Accumulation Fdr P1Inc,0.4771
03/08/2017,SLI UK Real Estt Accumulation Fdr P1Inc,0.4771
03/09/2017,SLI UK Real Estt Accumulation Fdr P1Inc,0.4772
03/10/2017,SLI UK Real Estt Accumulation Fdr P1Inc,0.4772
03/11/2017,SLI UK Real Estt Accumulation Fdr P1Inc,0.4772
03/12/2017,SLI UK Real Estt Accumulation Fdr P1Inc,0.4772
03/13/2017,SLI UK Real Estt Accumulation Fdr P1Inc,0.4773
03/14/2017,SLI UK Real Estt Accumulation Fdr P1Inc,0.4773
03/15/2017,SLI UK Real Estt Accumulation Fdr P1Inc,0.4773
03/16/2017,SLI UK Real Estt Accumulation Fdr P1Inc,0.4773
03/17/2017,SLI UK Real Estt Accumulation Fdr P1Inc,0.4774
03/18/2017,SLI UK Real Estt Accumulation Fdr P1Inc,0.4774
03/19/2017,SLI UK Real Estt Accumulation Fdr P1Inc,0.4774
03/20/2017,SLI UK Real Estt Accumulation Fdr P1Inc,0.4775
03/21/2017,SLI UK Real Estt Accumulation Fdr P1Inc,0.4775
03/22/2017,SLI UK Real Estt Accumulation Fdr P1Inc,0.4775
03/23/2017,SLI UK Real Estt Accumulation Fdr P1Inc,0.4776
03/24/2017,SLI UK Real Estt Accumulation Fdr P1Inc,0.4776
03/25/2017,SLI UK Real Estt Accumulation Fdr P1Inc,0.4776
03/26/2017,SLI UK Real Estt Accumulation Fdr P1Inc,0.4776
03/27/2017,SLI UK Real Estt Accumulation Fdr P1Inc,0.4777
03/28/2017,SLI UK Real Estt Accumulation Fdr P1Inc,0.4777
03/29/2017,SLI UK Real Estt Accumulation Fdr P1Inc,0.4777
03/30/2017,SLI UK Real Estt Accumulation Fdr P1Inc,0.4778
03/31/2017,SLI UK Real Estt Accumulation Fdr P1Inc,0.4809
04/01/2017,SLI UK Real Estt Accumulation Fdr P1Inc,0.4809
04/02/2017,SLI UK Real Estt Accumulation Fdr P1Inc,0.4809
04/03/2017,SLI UK Real Estt Accumulation Fdr P1Inc,0.4797
04/04/2017,SLI UK Real Estt Accumulation Fdr P1Inc,0.4797
04/05/2017,SLI UK Real Estt Accumulation Fdr P1Inc,0.4797
04/06/2017,SLI UK Real Estt Accumulation Fdr P1Inc,0.4797
04/07/2017,SLI UK Real Estt Accumulation Fdr P1Inc,0.4797
04/08/2017,SLI UK Real Estt Accumulation Fdr P1Inc,0.4797
04/09/2017,SLI UK Real Estt Accumulation Fdr P1Inc,0.4797
04/10/2017,SLI UK Real Estt Accumulation Fdr P1Inc,0.4798
04/11/2017,SLI UK Real Estt Accumulation Fdr P1Inc,0.4799
04/12/2017,SLI UK Real Estt Accumulation Fdr P1Inc,0.4799
04/13/2017,SLI UK Real Estt Accumulation Fdr P1Inc,0.48
04/14/2017,SLI UK Real Estt Accumulation Fdr P1Inc,0.48
04/15/2017,SLI UK Real Estt Accumulation Fdr P1Inc,0.48
04/16/2017,SLI UK Real Estt Accumulation Fdr P1Inc,0.48
04/17/2017,SLI UK Real Estt Accumulation Fdr P1Inc,0.4801
04/18/2017,SLI UK Real Estt Accumulation Fdr P1Inc,0.4801
04/19/2017,SLI UK Real Estt Accumulation Fdr P1Inc,0.4804
04/20/2017,SLI UK Real Estt Accumulation Fdr P1Inc,0.4805
04/21/2017,SLI UK Real Estt Accumulation Fdr P1Inc,0.4805
04/22/2017,SLI UK Real Estt Accumulation Fdr P1Inc,0.4805
04/23/2017,SLI UK Real Estt Accumulation Fdr P1Inc,0.4805
04/24/2017,SLI UK Real Estt Accumulation Fdr P1Inc,0.4806
04/25/2017,SLI UK Real Estt Accumulation Fdr P1Inc,0.4806
04/26/2017,SLI UK Real Estt Accumulation Fdr P1Inc,0.4806
04/27/2017,SLI UK Real Estt Accumulation Fdr P1Inc,0.4807
04/28/2017,SLI UK Real Estt Accumulation Fdr P1Inc,0.481
04/29/2017,SLI UK Real Estt Accumulation Fdr P1Inc,0.481
04/30/2017,SLI UK Real Estt Accumulation Fdr P1Inc,0.481
05/01/2017,SLI UK Real Estt Accumulation Fdr P1Inc,0.4796
05/02/2017,SLI UK Real Estt Accumulation Fdr P1Inc,0.4796
05/03/2017,SLI UK Real Estt Accumulation Fdr P1Inc,0.4796
05/04/2017,SLI UK Real Estt Accumulation Fdr P1Inc,0.4796
05/05/2017,SLI UK Real Estt Accumulation Fdr P1Inc,0.4797
05/06/2017,SLI UK Real Estt Accumulation Fdr P1Inc,0.4797
05/07/2017,SLI UK Real Estt Accumulation Fdr P1Inc,0.4797
05/08/2017,SLI UK Real Estt Accumulation Fdr P1Inc,0.4798
05/09/2017,SLI UK Real Estt Accumulation Fdr P1Inc,0.4798
05/10/2017,SLI UK Real Estt Accumulation Fdr P1Inc,0.4798
05/11/2017,SLI UK Real Estt Accumulation Fdr P1Inc,0.4798
05/12/2017,SLI UK Real Estt Accumulation Fdr P1Inc,0.4798
05/13/2017,SLI UK Real Estt Accumulation Fdr P1Inc,0.4798
05/14/2017,SLI UK Real Estt Accumulation Fdr P1Inc,0.4798
05/15/2017,SLI UK Real Estt Accumulation Fdr P1Inc,0.4799
05/16/2017,SLI UK Real Estt Accumulation Fdr P1Inc,0.4799
05/17/2017,SLI UK Real Estt Accumulation Fdr P1Inc,0.48
05/18/2017,SLI UK Real Estt Accumulation Fdr P1Inc,0.48
05/19/2017,SLI UK Real Estt Accumulation Fdr P1Inc,0.48
05/20/2017,SLI UK Real Estt Accumulation Fdr P1Inc,0.48
05/21/2017,SLI UK Real Estt Accumulation Fdr P1Inc,0.48
05/22/2017,SLI UK Real Estt Accumulation Fdr P1Inc,0.4801
05/23/2017,SLI UK Real Estt Accumulation Fdr P1Inc,0.4801
05/24/2017,SLI UK Real Estt Accumulation Fdr P1Inc,0.4801
05/25/2017,SLI UK Real Estt Accumulation Fdr P1Inc,0.4802
05/26/2017,SLI UK Real Estt Accumulation Fdr P1Inc,0.4802
05/27/2017,SLI UK Real Estt Accumulation Fdr P1Inc,0.4802
05/28/2017,SLI UK Real Estt Accumulation Fdr P1Inc,0.4802
05/29/2017,SLI UK Real Estt Accumulation Fdr P1Inc,0.4803
05/30/2017,SLI UK Real Estt Accumulation Fdr P1Inc,0.4803
05/31/2017,SLI UK Real Estt Accumulation Fdr P1Inc,0.4821
06/01/2017,SLI UK Real Estt Accumulation Fdr P1Inc,0.4808
06/02/2017,SLI UK Real Estt Accumulation Fdr P1Inc,0.4808
06/03/2017,SLI UK Real Estt Accumulation Fdr P1Inc,0.4808
06/04/2017,SLI UK Real Estt Accumulation Fdr P1Inc,0.4808
06/05/2017,SLI UK Real Estt Accumulation Fdr P1Inc,0.4809
06/06/2017,SLI UK Real Estt Accumulation Fdr P1Inc,0.4809
06/07/2017,SLI UK Real Estt Accumulation Fdr P1Inc,0.4809
06/08/2017,SLI UK Real Estt Accumulation Fdr P1Inc,0.481
06/09/2017,SLI UK Real Estt Accumulation Fdr P1Inc,0.481
06/10/2017,SLI UK Real Estt Accumulation Fdr P1Inc,0.481
06/11/2017,SLI UK Real Estt Accumulation Fdr P1Inc,0.481
06/12/2017,SLI UK Real Estt Accumulation Fdr P1Inc,0.4811
06/13/2017,SLI UK Real Estt Accumulation Fdr P1Inc,0.4811
06/14/2017,SLI UK Real Estt Accumulation Fdr P1Inc,0.4811
06/15/2017,SLI UK Real Estt Accumulation Fdr P1Inc,0.4811
06/16/2017,SLI UK Real Estt Accumulation Fdr P1Inc,0.4812
06/17/2017,SLI UK Real Estt Accumulation Fdr P1Inc,0.4812
06/18/2017,SLI UK Real Estt Accumulation Fdr P1Inc,0.4812
06/19/2017,SLI UK Real Estt Accumulation Fdr P1Inc,0.4813
06/20/2017,SLI UK Real Estt Accumulation Fdr P1Inc,0.4813
06/21/2017,SLI UK Real Estt Accumulation Fdr P1Inc,0.4813
06/22/2017,SLI UK Real Estt Accumulation Fdr P1Inc,0.4814
06/23/2017,SLI UK Real Estt Accumulation Fdr P1Inc,0.4814
06/24/2017,SLI UK Real Estt Accumulation Fdr P1Inc,0.4814
06/25/2017,SLI UK Real Estt Accumulation Fdr P1Inc,0.4814
06/26/2017,SLI UK Real Estt Accumulation Fdr P1Inc,0.4815
06/27/2017,SLI UK Real Estt Accumulation Fdr P1Inc,0.4815
06/28/2017,SLI UK Real Estt Accumulation Fdr P1Inc,0.4815
06/29/2017,SLI UK Real Estt Accumulation Fdr P1Inc,0.4815
06/30/2017,SLI UK Real Estt Accumulation Fdr P1Inc,0.4832
07/01/2017,SLI UK Real Estt Accumulation Fdr P1Inc,0.4832
07/02/2017,SLI UK Real Estt Accumulation Fdr P1Inc,0.4832
07/03/2017,SLI UK Real Estt Accumulation Fdr P1Inc,0.4818
07/04/2017,SLI UK Real Estt Accumulation Fdr P1Inc,0.4819
07/05/2017,SLI UK Real Estt Accumulation Fdr P1Inc,0.4819
07/06/2017,SLI UK Real Estt Accumulation Fdr P1Inc,0.4819
07/07/2017,SLI UK Real Estt Accumulation Fdr P1Inc,0.4819
07/08/2017,SLI UK Real Estt Accumulation Fdr P1Inc,0.4819
07/09/2017,SLI UK Real Estt Accumulation Fdr P1Inc,0.4819
07/10/2017,SLI UK Real Estt Accumulation Fdr P1Inc,0.482
07/11/2017,SLI UK Real Estt Accumulation Fdr P1Inc,0.4821
07/12/2017,SLI UK Real Estt Accumulation Fdr P1Inc,0.482
07/13/2017,SLI UK Real Estt Accumulation Fdr P1Inc,0.482
07/14/2017,SLI UK Real Estt Accumulation Fdr P1Inc,0.4821
07/15/2017,SLI UK Real Estt Accumulation Fdr P1Inc,0.4821
07/16/2017,SLI UK Real Estt Accumulation Fdr P1Inc,0.4821
07/17/2017,SLI UK Real Estt Accumulation Fdr P1Inc,0.4822
07/18/2017,SLI UK Real Estt Accumulation Fdr P1Inc,0.4821
07/19/2017,SLI UK Real Estt Accumulation Fdr P1Inc,0.4822
07/20/2017,SLI UK Real Estt Accumulation Fdr P1Inc,0.4822
07/21/2017,SLI UK Real Estt Accumulation Fdr P1Inc,0.4822
07/22/2017,SLI UK Real Estt Accumulation Fdr P1Inc,0.4822
07/23/2017,SLI UK Real Estt Accumulation Fdr P1Inc,0.4822
07/24/2017,SLI UK Real Estt Accumulation Fdr P1Inc,0.4823
07/25/2017,SLI UK Real Estt Accumulation Fdr P1Inc,0.4823
07/26/2017,SLI UK Real Estt Accumulation Fdr P1Inc,0.4823
07/27/2017,SLI UK Real Estt Accumulation Fdr P1Inc,0.4824
07/28/2017,SLI UK Real Estt Accumulation Fdr P1Inc,0.4824
07/29/2017,SLI UK Real Estt Accumulation Fdr P1Inc,0.4824
07/30/2017,SLI UK Real Estt Accumulation Fdr P1Inc,0.4824
07/31/2017,SLI UK Real Estt Accumulation Fdr P1Inc,0.4838
08/01/2017,SLI UK Real Estt Accumulation Fdr P1Inc,0.4826
08/02/2017,SLI UK Real Estt Accumulation Fdr P1Inc,0.4826
08/03/2017,SLI UK Real Estt Accumulation Fdr P1Inc,0.4826
08/04/2017,SLI UK Real Estt Accumulation Fdr P1Inc,0.4828
08/05/2017,SLI UK Real Estt Accumulation Fdr P1Inc,0.4828
08/06/2017,SLI UK Real Estt Accumulation Fdr P1Inc,0.4828
08/07/2017,SLI UK Real Estt Accumulation Fdr P1Inc,0.4828
08/08/2017,SLI UK Real Estt Accumulation Fdr P1Inc,0.4828
08/09/2017,SLI UK Real Estt Accumulation Fdr P1Inc,0.4828
08/10/2017,SLI UK Real Estt Accumulation Fdr P1Inc,0.4829
08/11/2017,SLI UK Real Estt Accumulation Fdr P1Inc,0.4829
08/12/2017,SLI UK Real Estt Accumulation Fdr P1Inc,0.4829
08/13/2017,SLI UK Real Estt Accumulation Fdr P1Inc,0.4829
08/14/2017,SLI UK Real Estt Accumulation Fdr P1Inc,0.483
08/15/2017,SLI UK Real Estt Accumulation Fdr P1Inc,0.483
08/16/2017,SLI UK Real Estt Accumulation Fdr P1Inc,0.483
08/17/2017,SLI UK Real Estt Accumulation Fdr P1Inc,0.483
08/18/2017,SLI UK Real Estt Accumulation Fdr P1Inc,0.4831
08/19/2017,SLI UK Real Estt Accumulation Fdr P1Inc,0.4831
08/20/2017,SLI UK Real Estt Accumulation Fdr P1Inc,0.4831
08/21/2017,SLI UK Real Estt Accumulation Fdr P1Inc,0.4832
08/22/2017,SLI UK Real Estt Accumulation Fdr P1Inc,0.4832
08/23/2017,SLI UK Real Estt Accumulation Fdr P1Inc,0.4832
08/24/2017,SLI UK Real Estt Accumulation Fdr P1Inc,0.4833
08/25/2017,SLI UK Real Estt Accumulation Fdr P1Inc,0.4833
08/26/2017,SLI UK Real Estt Accumulation Fdr P1Inc,0.4833
08/27/2017,SLI UK Real Estt Accumulation Fdr P1Inc,0.4833
08/28/2017,SLI UK Real Estt Accumulation Fdr P1Inc,0.4834
08/29/2017,SLI UK Real Estt Accumulation Fdr P1Inc,0.4834
08/30/2017,SLI UK Real Estt Accumulation Fdr P1Inc,0.4834
08/31/2017,SLI UK Real Estt Accumulation Fdr P1Inc,0.4857
09/01/2017,SLI UK Real Estt Accumulation Fdr P1Inc,0.4843
09/02/2017,SLI UK Real Estt Accumulation Fdr P1Inc,0.4843
09/03/2017,SLI UK Real Estt Accumulation Fdr P1Inc,0.4843
09/04/2017,SLI UK Real Estt Accumulation Fdr P1Inc,0.4844
09/05/2017,SLI UK Real Estt Accumulation Fdr P1Inc,0.4844
09/06/2017,SLI UK Real Estt Accumulation Fdr P1Inc,0.4844
09/07/2017,SLI UK Real Estt Accumulation Fdr P1Inc,0.4845
09/08/2017,SLI UK Real Estt Accumulation Fdr P1Inc,0.4845
09/09/2017,SLI UK Real Estt Accumulation Fdr P1Inc,0.4845
09/10/2017,SLI UK Real Estt Accumulation Fdr P1Inc,0.4845
09/11/2017,SLI UK Real Estt Accumulation Fdr P1Inc,0.4846
09/12/2017,SLI UK Real Estt Accumulation Fdr P1Inc,0.4846
09/13/2017,SLI UK Real Estt Accumulation Fdr P1Inc,0.4846
09/14/2017,SLI UK Real Estt Accumulation Fdr P1Inc,0.4847
09/15/2017,SLI UK Real Estt Accumulation Fdr P1Inc,0.4847
09/16/2017,SLI UK Real Estt Accumulation Fdr P1Inc,0.4847
09/17/2017,SLI UK Real Estt Accumulation Fdr P1Inc,0.4847
09/18/2017,SLI UK Real Estt Accumulation Fdr P1Inc,0.4848
09/19/2017,SLI UK Real Estt Accumulation Fdr P1Inc,0.4848
09/20/2017,SLI UK Real Estt Accumulation Fdr P1Inc,0.4848
09/21/2017,SLI UK Real Estt Accumulation Fdr P1Inc,0.4848
09/22/2017,SLI UK Real Estt Accumulation Fdr P1Inc,0.4849
09/23/2017,SLI UK Real Estt Accumulation Fdr P1Inc,0.4849
09/24/2017,SLI UK Real Estt Accumulation Fdr P1Inc,0.4849
09/25/2017,SLI UK Real Estt Accumulation Fdr P1Inc,0.4849
09/26/2017,SLI UK Real Estt Accumulation Fdr P1Inc,0.485
09/27/2017,SLI UK Real Estt Accumulation Fdr P1Inc,0.485
09/28/2017,SLI UK Real Estt Accumulation Fdr P1Inc,0.485
09/29/2017,SLI UK Real Estt Accumulation Fdr P1Inc,0.4882
09/30/2017,SLI UK Real Estt Accumulation Fdr P1Inc,0.4882
10/01/2017,SLI UK Real Estt Accumulation Fdr P1Inc,0.4882
10/02/2017,SLI UK Real Estt Accumulation Fdr P1Inc,0.4871
10/03/2017,SLI UK Real Estt Accumulation Fdr P1Inc,0.4871
10/04/2017,SLI UK Real Estt Accumulation Fdr P1Inc,0.4871
10/05/2017,SLI UK Real Estt Accumulation Fdr P1Inc,0.4872
10/06/2017,SLI UK Real Estt Accumulation Fdr P1Inc,0.4872
10/07/2017,SLI UK Real Estt Accumulation Fdr P1Inc,0.4872
10/08/2017,SLI UK Real Estt Accumulation Fdr P1Inc,0.4872
10/09/2017,SLI UK Real Estt Accumulation Fdr P1Inc,0.4873
10/10/2017,SLI UK Real Estt Accumulation Fdr P1Inc,0.4874
10/11/2017,SLI UK Real Estt Accumulation Fdr P1Inc,0.4873
10/12/2017,SLI UK Real Estt Accumulation Fdr P1Inc,0.4873
10/13/2017,SLI UK Real Estt Accumulation Fdr P1Inc,0.4874
10/14/2017,SLI UK Real Estt Accumulation Fdr P1Inc,0.4874
10/15/2017,SLI UK Real Estt Accumulation Fdr P1Inc,0.4874
10/16/2017,SLI UK Real Estt Accumulation Fdr P1Inc,0.4873
10/17/2017,SLI UK Real Estt Accumulation Fdr P1Inc,0.4874
10/18/2017,SLI UK Real Estt Accumulation Fdr P1Inc,0.4874
10/19/2017,SLI UK Real Estt Accumulation Fdr P1Inc,0.4874
10/20/2017,SLI UK Real Estt Accumulation Fdr P1Inc,0.4875
10/21/2017,SLI UK Real Estt Accumulation Fdr P1Inc,0.4875
10/22/2017,SLI UK Real Estt Accumulation Fdr P1Inc,0.4875
10/23/2017,SLI UK Real Estt Accumulation Fdr P1Inc,0.4876
10/24/2017,SLI UK Real Estt Accumulation Fdr P1Inc,0.4876
10/25/2017,SLI UK Real Estt Accumulation Fdr P1Inc,0.4877
10/26/2017,SLI UK Real Estt Accumulation Fdr P1Inc,0.4877
10/27/2017,SLI UK Real Estt Accumulation Fdr P1Inc,0.4877
10/28/2017,SLI UK Real Estt Accumulation Fdr P1Inc,0.4877
10/29/2017,SLI UK Real Estt Accumulation Fdr P1Inc,0.4877
10/30/2017,SLI UK Real Estt Accumulation Fdr P1Inc,0.4878
10/31/2017,SLI UK Real Estt Accumulation Fdr P1Inc,0.4886
11/01/2017,SLI UK Real Estt Accumulation Fdr P1Inc,0.4871
11/02/2017,SLI UK Real Estt Accumulation Fdr P1Inc,0.4871
11/03/2017,SLI UK Real Estt Accumulation Fdr P1Inc,0.4871
11/04/2017,SLI UK Real Estt Accumulation Fdr P1Inc,0.4871
11/05/2017,SLI UK Real Estt Accumulation Fdr P1Inc,0.4871
11/06/2017,SLI UK Real Estt Accumulation Fdr P1Inc,0.4872
11/07/2017,SLI UK Real Estt Accumulation Fdr P1Inc,0.4872
11/08/2017,SLI UK Real Estt Accumulation Fdr P1Inc,0.4873
11/09/2017,SLI UK Real Estt Accumulation Fdr P1Inc,0.4873
11/10/2017,SLI UK Real Estt Accumulation Fdr P1Inc,0.4874
11/11/2017,SLI UK Real Estt Accumulation Fdr P1Inc,0.4874
11/12/2017,SLI UK Real Estt Accumulation Fdr P1Inc,0.4874
11/13/2017,SLI UK Real Estt Accumulation Fdr P1Inc,0.4876
11/14/2017,SLI UK Real Estt Accumulation Fdr P1Inc,0.4876
11/15/2017,SLI UK Real Estt Accumulation Fdr P1Inc,0.4876
11/16/2017,SLI UK Real Estt Accumulation Fdr P1Inc,0.4877
11/17/2017,SLI UK Real Estt Accumulation Fdr P1Inc,0.4877
11/18/2017,SLI UK Real Estt Accumulation Fdr P1Inc,0.4877
11/19/2017,SLI UK Real Estt Accumulation Fdr P1Inc,0.4877
11/20/2017,SLI UK Real Estt Accumulation Fdr P1Inc,0.4878
11/21/2017,SLI UK Real Estt Accumulation Fdr P1Inc,0.4878
11/22/2017,SLI UK Real Estt Accumulation Fdr P1Inc,0.4878
11/23/2017,SLI UK Real Estt Accumulation Fdr P1Inc,0.4879
11/24/2017,SLI UK Real Estt Accumulation Fdr P1Inc,0.4879
11/25/2017,SLI UK Real Estt Accumulation Fdr P1Inc,0.4879
11/26/2017,SLI UK Real Estt Accumulation Fdr P1Inc,0.4879
11/27/2017,SLI UK Real Estt Accumulation Fdr P1Inc,0.488
11/28/2017,SLI UK Real Estt Accumulation Fdr P1Inc,0.488
11/29/2017,SLI UK Real Estt Accumulation Fdr P1Inc,0.4879
11/30/2017,SLI UK Real Estt Accumulation Fdr P1Inc,0.4911
12/01/2017,SLI UK Real Estt Accumulation Fdr P1Inc,0.4898
12/02/2017,SLI UK Real Estt Accumulation Fdr P1Inc,0.4898
12/03/2017,SLI UK Real Estt Accumulation Fdr P1Inc,0.4898
12/04/2017,SLI UK Real Estt Accumulation Fdr P1Inc,0.49
12/05/2017,SLI UK Real Estt Accumulation Fdr P1Inc,0.4901
12/06/2017,SLI UK Real Estt Accumulation Fdr P1Inc,0.4901
12/07/2017,SLI UK Real Estt Accumulation Fdr P1Inc,0.49
12/08/2017,SLI UK Real Estt Accumulation Fdr P1Inc,0.49
12/09/2017,SLI UK Real Estt Accumulation Fdr P1Inc,0.49
12/10/2017,SLI UK Real Estt Accumulation Fdr P1Inc,0.49
12/11/2017,SLI UK Real Estt Accumulation Fdr P1Inc,0.4901
12/12/2017,SLI UK Real Estt Accumulation Fdr P1Inc,0.4901
12/13/2017,SLI UK Real Estt Accumulation Fdr P1Inc,0.4902
12/14/2017,SLI UK Real Estt Accumulation Fdr P1Inc,0.4902
12/15/2017,SLI UK Real Estt Accumulation Fdr P1Inc,0.4902
12/16/2017,SLI UK Real Estt Accumulation Fdr P1Inc,0.4902
12/17/2017,SLI UK Real Estt Accumulation Fdr P1Inc,0.4902
12/18/2017,SLI UK Real Estt Accumulation Fdr P1Inc,0.4903
12/19/2017,SLI UK Real Estt Accumulation Fdr P1Inc,0.4903
12/20/2017,SLI UK Real Estt Accumulation Fdr P1Inc,0.4904
12/21/2017,SLI UK Real Estt Accumulation Fdr P1Inc,0.4904
12/22/2017,SLI UK Real Estt Accumulation Fdr P1Inc,0.4904
12/23/2017,SLI UK Real Estt Accumulation Fdr P1Inc,0.4904
12/24/2017,SLI UK Real Estt Accumulation Fdr P1Inc,0.4904
12/25/2017,SLI UK Real Estt Accumulation Fdr P1Inc,0.4904
12/26/2017,SLI UK Real Estt Accumulation Fdr P1Inc,0.4904
12/27/2017,SLI UK Real Estt Accumulation Fdr P1Inc,0.4906
12/28/2017,SLI UK Real Estt Accumulation Fdr P1Inc,0.4906
12/29/2017,SLI UK Real Estt Accumulation Fdr P1Inc,0.4946
12/30/2017,SLI UK Real Estt Accumulation Fdr P1Inc,0.4946
12/31/2017,SLI UK Real Estt Accumulation Fdr P1Inc,0.4946
01/01/2018,SLI UK Real Estt Accumulation Fdr P1Inc,0.4946
01/02/2018,SLI UK Real Estt Accumulation Fdr P1Inc,0.4932
01/03/2018,SLI UK Real Estt Accumulation Fdr P1Inc,0.4932
01/04/2018,SLI UK Real Estt Accumulation Fdr P1Inc,0.4933
01/05/2018,SLI UK Real Estt Accumulation Fdr P1Inc,0.4933
01/06/2018,SLI UK Real Estt Accumulation Fdr P1Inc,0.4933
01/07/2018,SLI UK Real Estt Accumulation Fdr P1Inc,0.4933
01/08/2018,SLI UK Real Estt Accumulation Fdr P1Inc,0.4934
01/09/2018,SLI UK Real Estt Accumulation Fdr P1Inc,0.4934
01/10/2018,SLI UK Real Estt Accumulation Fdr P1Inc,0.4934
01/11/2018,SLI UK Real Estt Accumulation Fdr P1Inc,0.4934
01/12/2018,SLI UK Real Estt Accumulation Fdr P1Inc,0.4935
01/13/2018,SLI UK Real Estt Accumulation Fdr P1Inc,0.4935
01/14/2018,SLI UK Real Estt Accumulation Fdr P1Inc,0.4935
01/15/2018,SLI UK Real Estt Accumulation Fdr P1Inc,0.4935
01/16/2018,SLI UK Real Estt Accumulation Fdr P1Inc,0.4936
01/17/2018,SLI UK Real Estt Accumulation Fdr P1Inc,0.4936
01/18/2018,SLI UK Real Estt Accumulation Fdr P1Inc,0.4936
01/19/2018,SLI UK Real Estt Accumulation Fdr P1Inc,0.4937
01/20/2018,SLI UK Real Estt Accumulation Fdr P1Inc,0.4937
01/21/2018,SLI UK Real Estt Accumulation Fdr P1Inc,0.4937
01/22/2018,SLI UK Real Estt Accumulation Fdr P1Inc,0.4938
01/23/2018,SLI UK Real Estt Accumulation Fdr P1Inc,0.4938
01/24/2018,SLI UK Real Estt Accumulation Fdr P1Inc,0.4938
01/25/2018,SLI UK Real Estt Accumulation Fdr P1Inc,0.4938
01/26/2018,SLI UK Real Estt Accumulation Fdr P1Inc,0.4939
01/27/2018,SLI UK Real Estt Accumulation Fdr P1Inc,0.4939
01/28/2018,SLI UK Real Estt Accumulation Fdr P1Inc,0.4939
01/29/2018,SLI UK Real Estt Accumulation Fdr P1Inc,0.494
01/30/2018,SLI UK Real Estt Accumulation Fdr P1Inc,0.494
01/31/2018,SLI UK Real Estt Accumulation Fdr P1Inc,0.4957
02/01/2018,SLI UK Real Estt Accumulation Fdr P1Inc,0.4943
02/02/2018,SLI UK Real Estt Accumulation Fdr P1Inc,0.4943
02/03/2018,SLI UK Real Estt Accumulation Fdr P1Inc,0.4943
02/04/2018,SLI UK Real Estt Accumulation Fdr P1Inc,0.4943
02/05/2018,SLI UK Real Estt Accumulation Fdr P1Inc,0.4944
02/06/2018,SLI UK Real Estt Accumulation Fdr P1Inc,0.4945
02/07/2018,SLI UK Real Estt Accumulation Fdr P1Inc,0.4945
02/08/2018,SLI UK Real Estt Accumulation Fdr P1Inc,0.4945
02/09/2018,SLI UK Real Estt Accumulation Fdr P1Inc,0.4945
02/10/2018,SLI UK Real Estt Accumulation Fdr P1Inc,0.4945
02/11/2018,SLI UK Real Estt Accumulation Fdr P1Inc,0.4945
02/12/2018,SLI UK Real Estt Accumulation Fdr P1Inc,0.4946
02/13/2018,SLI UK Real Estt Accumulation Fdr P1Inc,0.4946
02/14/2018,SLI UK Real Estt Accumulation Fdr P1Inc,0.4947
02/15/2018,SLI UK Real Estt Accumulation Fdr P1Inc,0.4947
02/16/2018,SLI UK Real Estt Accumulation Fdr P1Inc,0.4947
02/17/2018,SLI UK Real Estt Accumulation Fdr P1Inc,0.4947
02/18/2018,SLI UK Real Estt Accumulation Fdr P1Inc,0.4947
02/19/2018,SLI UK Real Estt Accumulation Fdr P1Inc,0.4948
02/20/2018,SLI UK Real Estt Accumulation Fdr P1Inc,0.4949
02/21/2018,SLI UK Real Estt Accumulation Fdr P1Inc,0.4949
02/22/2018,SLI UK Real Estt Accumulation Fdr P1Inc,0.4949
02/23/2018,SLI UK Real Estt Accumulation Fdr P1Inc,0.495
02/24/2018,SLI UK Real Estt Accumulation Fdr P1Inc,0.495
02/25/2018,SLI UK Real Estt Accumulation Fdr P1Inc,0.495
02/26/2018,SLI UK Real Estt Accumulation Fdr P1Inc,0.495
02/27/2018,SLI UK Real Estt Accumulation Fdr P1Inc,0.4951
02/28/2018,SLI UK Real Estt Accumulation Fdr P1Inc,0.4973
03/01/2018,SLI UK Real Estt Accumulation Fdr P1Inc,0.4961
03/02/2018,SLI UK Real Estt Accumulation Fdr P1Inc,0.4962
03/03/2018,SLI UK Real Estt Accumulation Fdr P1Inc,0.4962
03/04/2018,SLI UK Real Estt Accumulation Fdr P1Inc,0.4962
03/05/2018,SLI UK Real Estt Accumulation Fdr P1Inc,0.4963
03/06/2018,SLI UK Real Estt Accumulation Fdr P1Inc,0.4963
03/07/2018,SLI UK Real Estt Accumulation Fdr P1Inc,0.4963
03/08/2018,SLI UK Real Estt Accumulation Fdr P1Inc,0.4964
03/09/2018,SLI UK Real Estt Accumulation Fdr P1Inc,0.4964
03/10/2018,SLI UK Real Estt Accumulation Fdr P1Inc,0.4964
03/11/2018,SLI UK Real Estt Accumulation Fdr P1Inc,0.4964
03/12/2018,SLI UK Real Estt Accumulation Fdr P1Inc,0.4965
03/13/2018,SLI UK Real Estt Accumulation Fdr P1Inc,0.4965
03/14/2018,SLI UK Real Estt Accumulation Fdr P1Inc,0.4965
03/15/2018,SLI UK Real Estt Accumulation Fdr P1Inc,0.4966
03/16/2018,SLI UK Real Estt Accumulation Fdr P1Inc,0.4966
03/17/2018,SLI UK Real Estt Accumulation Fdr P1Inc,0.4966
03/18/2018,SLI UK Real Estt Accumulation Fdr P1Inc,0.4966
03/19/2018,SLI UK Real Estt Accumulation Fdr P1Inc,0.4967
03/20/2018,SLI UK Real Estt Accumulation Fdr P1Inc,0.4967
03/21/2018,SLI UK Real Estt Accumulation Fdr P1Inc,0.4968
03/22/2018,SLI UK Real Estt Accumulation Fdr P1Inc,0.4968
03/23/2018,SLI UK Real Estt Accumulation Fdr P1Inc,0.4968
03/24/2018,SLI UK Real Estt Accumulation Fdr P1Inc,0.4968
03/25/2018,SLI UK Real Estt Accumulation Fdr P1Inc,0.4968
03/26/2018,SLI UK Real Estt Accumulation Fdr P1Inc,0.4969
03/27/2018,SLI UK Real Estt Accumulation Fdr P1Inc,0.4969
03/28/2018,SLI UK Real Estt Accumulation Fdr P1Inc,0.497
03/29/2018,SLI UK Real Estt Accumulation Fdr P1Inc,0.497
03/30/2018,SLI UK Real Estt Accumulation Fdr P1Inc,0.4981
03/31/2018,SLI UK Real Estt Accumulation Fdr P1Inc,0.4981
04/01/2018,SLI UK Real Estt Accumulation Fdr P1Inc,0.4981
04/02/2018,SLI UK Real Estt Accumulation Fdr P1Inc,0.4968
04/03/2018,SLI UK Real Estt Accumulation Fdr P1Inc,0.4968
04/04/2018,SLI UK Real Estt Accumulation Fdr P1Inc,0.4969
04/05/2018,SLI UK Real Estt Accumulation Fdr P1Inc,0.4969
04/06/2018,SLI UK Real Estt Accumulation Fdr P1Inc,0.4969
04/07/2018,SLI UK Real Estt Accumulation Fdr P1Inc,0.4969
04/08/2018,SLI UK Real Estt Accumulation Fdr P1Inc,0.4969
04/09/2018,SLI UK Real Estt Accumulation Fdr P1Inc,0.497
04/10/2018,SLI UK Real Estt Accumulation Fdr P1Inc,0.4971
04/11/2018,SLI UK Real Estt Accumulation Fdr P1Inc,0.4971
04/12/2018,SLI UK Real Estt Accumulation Fdr P1Inc,0.4971
04/13/2018,SLI UK Real Estt Accumulation Fdr P1Inc,0.4971
04/14/2018,SLI UK Real Estt Accumulation Fdr P1Inc,0.4971
04/15/2018,SLI UK Real Estt Accumulation Fdr P1Inc,0.4971
04/16/2018,SLI UK Real Estt Accumulation Fdr P1Inc,0.4972
04/17/2018,SLI UK Real Estt Accumulation Fdr P1Inc,0.4973
04/18/2018,SLI UK Real Estt Accumulation Fdr P1Inc,0.4973
04/19/2018,SLI UK Real Estt Accumulation Fdr P1Inc,0.4973
04/20/2018,SLI UK Real Estt Accumulation Fdr P1Inc,0.4974
04/21/2018,SLI UK Real Estt Accumulation Fdr P1Inc,0.4974
04/22/2018,SLI UK Real Estt Accumulation Fdr P1Inc,0.4974
04/23/2018,SLI UK Real Estt Accumulation Fdr P1Inc,0.4975
04/24/2018,SLI UK Real Estt Accumulation Fdr P1Inc,0.4975
04/25/2018,SLI UK Real Estt Accumulation Fdr P1Inc,0.4974
04/26/2018,SLI UK Real Estt Accumulation Fdr P1Inc,0.4975
04/27/2018,SLI UK Real Estt Accumulation Fdr P1Inc,0.4975
04/28/2018,SLI UK Real Estt Accumulation Fdr P1Inc,0.4975
04/29/2018,SLI UK Real Estt Accumulation Fdr P1Inc,0.4975
04/30/2018,SLI UK Real Estt Accumulation Fdr P1Inc,0.4985
05/01/2018,SLI UK Real Estt Accumulation Fdr P1Inc,0.4972
05/02/2018,SLI UK Real Estt Accumulation Fdr P1Inc,0.4972
05/03/2018,SLI UK Real Estt Accumulation Fdr P1Inc,0.4972
05/04/2018,SLI UK Real Estt Accumulation Fdr P1Inc,0.4973
05/05/2018,SLI UK Real Estt Accumulation Fdr P1Inc,0.4973
05/06/2018,SLI UK Real Estt Accumulation Fdr P1Inc,0.4973
05/07/2018,SLI UK Real Estt Accumulation Fdr P1Inc,0.4974
05/08/2018,SLI UK Real Estt Accumulation Fdr P1Inc,0.4974
05/09/2018,SLI UK Real Estt Accumulation Fdr P1Inc,0.4975
05/10/2018,SLI UK Real Estt Accumulation Fdr P1Inc,0.4975
05/11/2018,SLI UK Real Estt Accumulation Fdr P1Inc,0.4976
05/12/2018,SLI UK Real Estt Accumulation Fdr P1Inc,0.4976
05/13/2018,SLI UK Real Estt Accumulation Fdr P1Inc,0.4976
05/14/2018,SLI UK Real Estt Accumulation Fdr P1Inc,0.4977
05/15/2018,SLI UK Real Estt Accumulation Fdr P1Inc,0.4977
05/16/2018,SLI UK Real Estt Accumulation Fdr P1Inc,0.4977
05/17/2018,SLI UK Real Estt Accumulation Fdr P1Inc,0.4978
05/18/2018,SLI UK Real Estt Accumulation Fdr P1Inc,0.4978
05/19/2018,SLI UK Real Estt Accumulation Fdr P1Inc,0.4978
05/20/2018,SLI UK Real Estt Accumulation Fdr P1Inc,0.4978
05/21/2018,SLI UK Real Estt Accumulation Fdr P1Inc,0.4979
05/22/2018,SLI UK Real Estt Accumulation Fdr P1Inc,0.498
05/23/2018,SLI UK Real Estt Accumulation Fdr P1Inc,0.498
05/24/2018,SLI UK Real Estt Accumulation Fdr P1Inc,0.4981
05/25/2018,SLI UK Real Estt Accumulation Fdr P1Inc,0.4981
05/26/2018,SLI UK Real Estt Accumulation Fdr P1Inc,0.4981
05/27/2018,SLI UK Real Estt Accumulation Fdr P1Inc,0.4981
05/28/2018,SLI UK Real Estt Accumulation Fdr P1Inc,0.4982
05/29/2018,SLI UK Real Estt Accumulation Fdr P1Inc,0.4982
05/30/2018,SLI UK Real Estt Accumulation Fdr P1Inc,0.4982
05/31/2018,SLI UK Real Estt Accumulation Fdr P1Inc,0.4992
06/01/2018,SLI UK Real Estt Accumulation Fdr P1Inc,0.4978
06/02/2018,SLI UK Real Estt Accumulation Fdr P1Inc,0.4978
06/03/2018,SLI UK Real Estt Accumulation Fdr P1Inc,0.4978
06/04/2018,SLI UK Real Estt Accumulation Fdr P1Inc,0.4979
06/05/2018,SLI UK Real Estt Accumulation Fdr P1Inc,0.4979
06/06/2018,SLI UK Real Estt Accumulation Fdr P1Inc,0.4979
06/07/2018,SLI UK Real Estt Accumulation Fdr P1Inc,0.498
06/08/2018,SLI UK Real Estt Accumulation Fdr P1Inc,0.498
06/09/2018,SLI UK Real Estt Accumulation Fdr P1Inc,0.498
06/10/2018,SLI UK Real Estt Accumulation Fdr P1Inc,0.498
06/11/2018,SLI UK Real Estt Accumulation Fdr P1Inc,0.4981
06/12/2018,SLI UK Real Estt Accumulation Fdr P1Inc,0.4981
06/13/2018,SLI UK Real Estt Accumulation Fdr P1Inc,0.4982
06/14/2018,SLI UK Real Estt Accumulation Fdr P1Inc,0.4982
06/15/2018,SLI UK Real Estt Accumulation Fdr P1Inc,0.4982
06/16/2018,SLI UK Real Estt Accumulation Fdr P1Inc,0.4982
06/17/2018,SLI UK Real Estt Accumulation Fdr P1Inc,0.4982
06/18/2018,SLI UK Real Estt Accumulation Fdr P1Inc,0.4983
06/19/2018,SLI UK Real Estt Accumulation Fdr P1Inc,0.4984
06/20/2018,SLI UK Real Estt Accumulation Fdr P1Inc,0.4984
06/21/2018,SLI UK Real Estt Accumulation Fdr P1Inc,0.4984
06/22/2018,SLI UK Real Estt Accumulation Fdr P1Inc,0.4985
06/23/2018,SLI UK Real Estt Accumulation Fdr P1Inc,0.4985
06/24/2018,SLI UK Real Estt Accumulation Fdr P1Inc,0.4985
06/25/2018,SLI UK Real Estt Accumulation Fdr P1Inc,0.4986
06/26/2018,SLI UK Real Estt Accumulation Fdr P1Inc,0.4986
06/27/2018,SLI UK Real Estt Accumulation Fdr P1Inc,0.4986
06/28/2018,SLI UK Real Estt Accumulation Fdr P1Inc,0.4986
06/29/2018,SLI UK Real Estt Accumulation Fdr P1Inc,0.4994
06/30/2018,SLI UK Real Estt Accumulation Fdr P1Inc,0.4994
07/01/2018,SLI UK Real Estt Accumulation Fdr P1Inc,0.4994
07/02/2018,SLI UK Real Estt Accumulation Fdr P1Inc,0.4981
07/03/2018,SLI UK Real Estt Accumulation Fdr P1Inc,0.4982
07/04/2018,SLI UK Real Estt Accumulation Fdr P1Inc,0.4982
07/05/2018,SLI UK Real Estt Accumulation Fdr P1Inc,0.4983
07/06/2018,SLI UK Real Estt Accumulation Fdr P1Inc,0.4983
07/07/2018,SLI UK Real Estt Accumulation Fdr P1Inc,0.4983
07/08/2018,SLI UK Real Estt Accumulation Fdr P1Inc,0.4983
07/09/2018,SLI UK Real Estt Accumulation Fdr P1Inc,0.4984
07/10/2018,SLI UK Real Estt Accumulation Fdr P1Inc,0.4984
07/11/2018,SLI UK Real Estt Accumulation Fdr P1Inc,0.4984
07/12/2018,SLI UK Real Estt Accumulation Fdr P1Inc,0.4985
07/13/2018,SLI UK Real Estt Accumulation Fdr P1Inc,0.4985
07/14/2018,SLI UK Real Estt Accumulation Fdr P1Inc,0.4985
07/15/2018,SLI UK Real Estt Accumulation Fdr P1Inc,0.4985
07/16/2018,SLI UK Real Estt Accumulation Fdr P1Inc,0.4986
07/17/2018,SLI UK Real Estt Accumulation Fdr P1Inc,0.4986
07/18/2018,SLI UK Real Estt Accumulation Fdr P1Inc,0.4986
07/19/2018,SLI UK Real Estt Accumulation Fdr P1Inc,0.4986
07/20/2018,SLI UK Real Estt Accumulation Fdr P1Inc,0.4987
07/21/2018,SLI UK Real Estt Accumulation Fdr P1Inc,0.4987
07/22/2018,SLI UK Real Estt Accumulation Fdr P1Inc,0.4987
07/23/2018,SLI UK Real Estt Accumulation Fdr P1Inc,0.4988
07/24/2018,SLI UK Real Estt Accumulation Fdr P1Inc,0.4988
07/25/2018,SLI UK Real Estt Accumulation Fdr P1Inc,0.4988
07/26/2018,SLI UK Real Estt Accumulation Fdr P1Inc,0.4989
07/27/2018,SLI UK Real Estt Accumulation Fdr P1Inc,0.4989
07/28/2018,SLI UK Real Estt Accumulation Fdr P1Inc,0.4989
07/29/2018,SLI UK Real Estt Accumulation Fdr P1Inc,0.4989
07/30/2018,SLI UK Real Estt Accumulation Fdr P1Inc,0.4989
07/31/2018,SLI UK Real Estt Accumulation Fdr P1Inc,0.5
08/01/2018,SLI UK Real Estt Accumulation Fdr P1Inc,0.4988
08/02/2018,SLI UK Real Estt Accumulation Fdr P1Inc,0.4988
08/03/2018,SLI UK Real Estt Accumulation Fdr P1Inc,0.4989
08/04/2018,SLI UK Real Estt Accumulation Fdr P1Inc,0.4989
08/05/2018,SLI UK Real Estt Accumulation Fdr P1Inc,0.4989
08/06/2018,SLI UK Real Estt Accumulation Fdr P1Inc,0.4989
08/07/2018,SLI UK Real Estt Accumulation Fdr P1Inc,0.4989
08/08/2018,SLI UK Real Estt Accumulation Fdr P1Inc,0.4989
08/09/2018,SLI UK Real Estt Accumulation Fdr P1Inc,0.499
08/10/2018,SLI UK Real Estt Accumulation Fdr P1Inc,0.4991
08/11/2018,SLI UK Real Estt Accumulation Fdr P1Inc,0.4991
08/12/2018,SLI UK Real Estt Accumulation Fdr P1Inc,0.4991
08/13/2018,SLI UK Real Estt Accumulation Fdr P1Inc,0.4992
08/14/2018,SLI UK Real Estt Accumulation Fdr P1Inc,0.4992
08/15/2018,SLI UK Real Estt Accumulation Fdr P1Inc,0.4992
08/16/2018,SLI UK Real Estt Accumulation Fdr P1Inc,0.4993
08/17/2018,SLI UK Real Estt Accumulation Fdr P1Inc,0.4993
08/18/2018,SLI UK Real Estt Accumulation Fdr P1Inc,0.4993
08/19/2018,SLI UK Real Estt Accumulation Fdr P1Inc,0.4993
08/20/2018,SLI UK Real Estt Accumulation Fdr P1Inc,0.4994
08/21/2018,SLI UK Real Estt Accumulation Fdr P1Inc,0.4994
08/22/2018,SLI UK Real Estt Accumulation Fdr P1Inc,0.4995
08/23/2018,SLI UK Real Estt Accumulation Fdr P1Inc,0.4995
08/24/2018,SLI UK Real Estt Accumulation Fdr P1Inc,0.4994
08/25/2018,SLI UK Real Estt Accumulation Fdr P1Inc,0.4994
08/26/2018,SLI UK Real Estt Accumulation Fdr P1Inc,0.4994
08/27/2018,SLI UK Real Estt Accumulation Fdr P1Inc,0.4995
08/28/2018,SLI UK Real Estt Accumulation Fdr P1Inc,0.4995
08/29/2018,SLI UK Real Estt Accumulation Fdr P1Inc,0.4996
08/30/2018,SLI UK Real Estt Accumulation Fdr P1Inc,0.4996
08/31/2018,SLI UK Real Estt Accumulation Fdr P1Inc,0.5007
09/01/2018,SLI UK Real Estt Accumulation Fdr P1Inc,0.5007
09/02/2018,SLI UK Real Estt Accumulation Fdr P1Inc,0.5007
09/03/2018,SLI UK Real Estt Accumulation Fdr P1Inc,0.4993
09/04/2018,SLI UK Real Estt Accumulation Fdr P1Inc,0.4993
09/05/2018,SLI UK Real Estt Accumulation Fdr P1Inc,0.4994
09/06/2018,SLI UK Real Estt Accumulation Fdr P1Inc,0.4994
09/07/2018,SLI UK Real Estt Accumulation Fdr P1Inc,0.4994
09/08/2018,SLI UK Real Estt Accumulation Fdr P1Inc,0.4994
09/09/2018,SLI UK Real Estt Accumulation Fdr P1Inc,0.4994
09/10/2018,SLI UK Real Estt Accumulation Fdr P1Inc,0.4995
09/11/2018,SLI UK Real Estt Accumulation Fdr P1Inc,0.4995
09/12/2018,SLI UK Real Estt Accumulation Fdr P1Inc,0.4996
09/13/2018,SLI UK Real Estt Accumulation Fdr P1Inc,0.4996
09/14/2018,SLI UK Real Estt Accumulation Fdr P1Inc,0.4996
09/15/2018,SLI UK Real Estt Accumulation Fdr P1Inc,0.4996
09/16/2018,SLI UK Real Estt Accumulation Fdr P1Inc,0.4996
09/17/2018,SLI UK Real Estt Accumulation Fdr P1Inc,0.4997
09/18/2018,SLI UK Real Estt Accumulation Fdr P1Inc,0.4997
09/19/2018,SLI UK Real Estt Accumulation Fdr P1Inc,0.5011
09/20/2018,SLI UK Real Estt Accumulation Fdr P1Inc,0.5011
09/21/2018,SLI UK Real Estt Accumulation Fdr P1Inc,0.5011
09/22/2018,SLI UK Real Estt Accumulation Fdr P1Inc,0.5011
09/23/2018,SLI UK Real Estt Accumulation Fdr P1Inc,0.5011
09/24/2018,SLI UK Real Estt Accumulation Fdr P1Inc,0.5012
09/25/2018,SLI UK Real Estt Accumulation Fdr P1Inc,0.5012
09/26/2018,SLI UK Real Estt Accumulation Fdr P1Inc,0.5012
09/27/2018,SLI UK Real Estt Accumulation Fdr P1Inc,0.5013
09/28/2018,SLI UK Real Estt Accumulation Fdr P1Inc,0.503
09/29/2018,SLI UK Real Estt Accumulation Fdr P1Inc,0.503
09/30/2018,SLI UK Real Estt Accumulation Fdr P1Inc,0.503
10/01/2018,SLI UK Real Estt Accumulation Fdr P1Inc,0.5019
10/02/2018,SLI UK Real Estt Accumulation Fdr P1Inc,0.502
10/03/2018,SLI UK Real Estt Accumulation Fdr P1Inc,0.502
10/04/2018,SLI UK Real Estt Accumulation Fdr P1Inc,0.502
10/05/2018,SLI UK Real Estt Accumulation Fdr P1Inc,0.502
10/06/2018,SLI UK Real Estt Accumulation Fdr P1Inc,0.502
10/07/2018,SLI UK Real Estt Accumulation Fdr P1Inc,0.502
10/08/2018,SLI UK Real Estt Accumulation Fdr P1Inc,0.5021
10/09/2018,SLI UK Real Estt Accumulation Fdr P1Inc,0.5021
10/10/2018,SLI UK Real Estt Accumulation Fdr P1Inc,0.5021
10/11/2018,SLI UK Real Estt Accumulation Fdr P1Inc,0.5022
10/12/2018,SLI UK Real Estt Accumulation Fdr P1Inc,0.5022
10/13/2018,SLI UK Real Estt Accumulation Fdr P1Inc,0.5022
10/14/2018,SLI UK Real Estt Accumulation Fdr P1Inc,0.5022
10/15/2018,SLI UK Real Estt Accumulation Fdr P1Inc,0.5023
10/16/2018,SLI UK Real Estt Accumulation Fdr P1Inc,0.5023
10/17/2018,SLI UK Real Estt Accumulation Fdr P1Inc,0.5023
10/18/2018,SLI UK Real Estt Accumulation Fdr P1Inc,0.5024
10/19/2018,SLI UK Real Estt Accumulation Fdr P1Inc,0.5024
10/20/2018,SLI UK Real Estt Accumulation Fdr P1Inc,0.5024
10/21/2018,SLI UK Real Estt Accumulation Fdr P1Inc,0.5024
10/22/2018,SLI UK Real Estt Accumulation Fdr P1Inc,0.5025
10/23/2018,SLI UK Real Estt Accumulation Fdr P1Inc,0.5025
10/24/2018,SLI UK Real Estt Accumulation Fdr P1Inc,0.502
10/25/2018,SLI UK Real Estt Accumulation Fdr P1Inc,0.502
10/26/2018,SLI UK Real Estt Accumulation Fdr P1Inc,0.502
10/27/2018,SLI UK Real Estt Accumulation Fdr P1Inc,0.502
10/28/2018,SLI UK Real Estt Accumulation Fdr P1Inc,0.502
10/29/2018,SLI UK Real Estt Accumulation Fdr P1Inc,0.5021
10/30/2018,SLI UK Real Estt Accumulation Fdr P1Inc,0.5021
10/31/2018,SLI UK Real Estt Accumulation Fdr P1Inc,0.5024
11/01/2018,SLI UK Real Estt Accumulation Fdr P1Inc,0.5015
11/02/2018,SLI UK Real Estt Accumulation Fdr P1Inc,0.5015
11/03/2018,SLI UK Real Estt Accumulation Fdr P1Inc,0.5015
11/04/2018,SLI UK Real Estt Accumulation Fdr P1Inc,0.5015
11/05/2018,SLI UK Real Estt Accumulation Fdr P1Inc,0.5016
11/06/2018,SLI UK Real Estt Accumulation Fdr P1Inc,0.5017
11/07/2018,SLI UK Real Estt Accumulation Fdr P1Inc,0.5017
11/08/2018,SLI UK Real Estt Accumulation Fdr P1Inc,0.5017
11/09/2018,SLI UK Real Estt Accumulation Fdr P1Inc,0.5018
11/10/2018,SLI UK Real Estt Accumulation Fdr P1Inc,0.5018
11/11/2018,SLI UK Real Estt Accumulation Fdr P1Inc,0.5018
11/12/2018,SLI UK Real Estt Accumulation Fdr P1Inc,0.5019
11/13/2018,SLI UK Real Estt Accumulation Fdr P1Inc,0.502
11/14/2018,SLI UK Real Estt Accumulation Fdr P1Inc,0.502
11/15/2018,SLI UK Real Estt Accumulation Fdr P1Inc,0.5023
11/16/2018,SLI UK Real Estt Accumulation Fdr P1Inc,0.5024
11/17/2018,SLI UK Real Estt Accumulation Fdr P1Inc,0.5024
11/18/2018,SLI UK Real Estt Accumulation Fdr P1Inc,0.5024
11/19/2018,SLI UK Real Estt Accumulation Fdr P1Inc,0.5025
11/20/2018,SLI UK Real Estt Accumulation Fdr P1Inc,0.5026
11/21/2018,SLI UK Real Estt Accumulation Fdr P1Inc,0.5026
11/22/2018,SLI UK Real Estt Accumulation Fdr P1Inc,0.5027
11/23/2018,SLI UK Real Estt Accumulation Fdr P1Inc,0.5027
11/24/2018,SLI UK Real Estt Accumulation Fdr P1Inc,0.5027
11/25/2018,SLI UK Real Estt Accumulation Fdr P1Inc,0.5027
11/26/2018,SLI UK Real Estt Accumulation Fdr P1Inc,0.5027
11/27/2018,SLI UK Real Estt Accumulation Fdr P1Inc,0.5025
11/28/2018,SLI UK Real Estt Accumulation Fdr P1Inc,0.5025
11/29/2018,SLI UK Real Estt Accumulation Fdr P1Inc,0.5026
11/30/2018,SLI UK Real Estt Accumulation Fdr P1Inc,0.5018
12/01/2018,SLI UK Real Estt Accumulation Fdr P1Inc,0.5018
12/02/2018,SLI UK Real Estt Accumulation Fdr P1Inc,0.5018
12/03/2018,SLI UK Real Estt Accumulation Fdr P1Inc,0.5005
12/04/2018,SLI UK Real Estt Accumulation Fdr P1Inc,0.5005
12/05/2018,SLI UK Real Estt Accumulation Fdr P1Inc,0.5006
12/06/2018,SLI UK Real Estt Accumulation Fdr P1Inc,0.5006
12/07/2018,SLI UK Real Estt Accumulation Fdr P1Inc,0.5007
12/08/2018,SLI UK Real Estt Accumulation Fdr P1Inc,0.5007
12/09/2018,SLI UK Real Estt Accumulation Fdr P1Inc,0.5007
12/10/2018,SLI UK Real Estt Accumulation Fdr P1Inc,0.5008
12/11/2018,SLI UK Real Estt Accumulation Fdr P1Inc,0.5008
12/12/2018,SLI UK Real Estt Accumulation Fdr P1Inc,0.5008
12/13/2018,SLI UK Real Estt Accumulation Fdr P1Inc,0.501
12/14/2018,SLI UK Real Estt Accumulation Fdr P1Inc,0.501
12/15/2018,SLI UK Real Estt Accumulation Fdr P1Inc,0.501
12/16/2018,SLI UK Real Estt Accumulation Fdr P1Inc,0.501
12/17/2018,SLI UK Real Estt Accumulation Fdr P1Inc,0.5011
12/18/2018,SLI UK Real Estt Accumulation Fdr P1Inc,0.5012
12/19/2018,SLI UK Real Estt Accumulation Fdr P1Inc,0.5013
12/20/2018,SLI UK Real Estt Accumulation Fdr P1Inc,0.5013
12/21/2018,SLI UK Real Estt Accumulation Fdr P1Inc,0.5013
12/22/2018,SLI UK Real Estt Accumulation Fdr P1Inc,0.5013
12/23/2018,SLI UK Real Estt Accumulation Fdr P1Inc,0.5013
12/24/2018,SLI UK Real Estt Accumulation Fdr P1Inc,0.5015
12/25/2018,SLI UK Real Estt Accumulation Fdr P1Inc,0.5015
12/26/2018,SLI UK Real Estt Accumulation Fdr P1Inc,0.5015
12/27/2018,SLI UK Real Estt Accumulation Fdr P1Inc,0.5016
12/28/2018,SLI UK Real Estt Accumulation Fdr P1Inc,0.5016
12/29/2018,SLI UK Real Estt Accumulation Fdr P1Inc,0.5016
12/30/2018,SLI UK Real Estt Accumulation Fdr P1Inc,0.5016
12/31/2018,SLI UK Real Estt Accumulation Fdr P1Inc,0.5
01/01/2019,SLI UK Real Estt Accumulation Fdr P1Inc,0.5
01/02/2019,SLI UK Real Estt Accumulation Fdr P1Inc,0.4986
01/03/2019,SLI UK Real Estt Accumulation Fdr P1Inc,0.4987
01/04/2019,SLI UK Real Estt Accumulation Fdr P1Inc,0.4988
01/05/2019,SLI UK Real Estt Accumulation Fdr P1Inc,0.4988
01/06/2019,SLI UK Real Estt Accumulation Fdr P1Inc,0.4988
01/07/2019,SLI UK Real Estt Accumulation Fdr P1Inc,0.4989
01/08/2019,SLI UK Real Estt Accumulation Fdr P1Inc,0.4988
01/09/2019,SLI UK Real Estt Accumulation Fdr P1Inc,0.4989
01/10/2019,SLI UK Real Estt Accumulation Fdr P1Inc,0.4989
01/11/2019,SLI UK Real Estt Accumulation Fdr P1Inc,0.499
01/12/2019,SLI UK Real Estt Accumulation Fdr P1Inc,0.499
01/13/2019,SLI UK Real Estt Accumulation Fdr P1Inc,0.499
01/14/2019,SLI UK Real Estt Accumulation Fdr P1Inc,0.4991
01/15/2019,SLI UK Real Estt Accumulation Fdr P1Inc,0.4991
01/16/2019,SLI UK Real Estt Accumulation Fdr P1Inc,0.4991
01/17/2019,SLI UK Real Estt Accumulation Fdr P1Inc,0.4992
01/18/2019,SLI UK Real Estt Accumulation Fdr P1Inc,0.4992
01/19/2019,SLI UK Real Estt Accumulation Fdr P1Inc,0.4992
01/20/2019,SLI UK Real Estt Accumulation Fdr P1Inc,0.4992
01/21/2019,SLI UK Real Estt Accumulation Fdr P1Inc,0.4981
01/22/2019,SLI UK Real Estt Accumulation Fdr P1Inc,0.4982
01/23/2019,SLI UK Real Estt Accumulation Fdr P1Inc,0.4982
01/24/2019,SLI UK Real Estt Accumulation Fdr P1Inc,0.4982
01/25/2019,SLI UK Real Estt Accumulation Fdr P1Inc,0.4982
01/26/2019,SLI UK Real Estt Accumulation Fdr P1Inc,0.4982
01/27/2019,SLI UK Real Estt Accumulation Fdr P1Inc,0.4982
01/28/2019,SLI UK Real Estt Accumulation Fdr P1Inc,0.4984
01/29/2019,SLI UK Real Estt Accumulation Fdr P1Inc,0.4985
01/30/2019,SLI UK Real Estt Accumulation Fdr P1Inc,0.4986
01/31/2019,SLI UK Real Estt Accumulation Fdr P1Inc,0.4978
02/01/2019,SLI UK Real Estt Accumulation Fdr P1Inc,0.4964
02/02/2019,SLI UK Real Estt Accumulation Fdr P1Inc,0.4964
02/03/2019,SLI UK Real Estt Accumulation Fdr P1Inc,0.4964
02/04/2019,SLI UK Real Estt Accumulation Fdr P1Inc,0.4965
02/05/2019,SLI UK Real Estt Accumulation Fdr P1Inc,0.4965
02/06/2019,SLI UK Real Estt Accumulation Fdr P1Inc,0.4966
02/07/2019,SLI UK Real Estt Accumulation Fdr P1Inc,0.4974
02/08/2019,SLI UK Real Estt Accumulation Fdr P1Inc,0.4975
02/09/2019,SLI UK Real Estt Accumulation Fdr P1Inc,0.4975
02/10/2019,SLI UK Real Estt Accumulation Fdr P1Inc,0.4975
02/11/2019,SLI UK Real Estt Accumulation Fdr P1Inc,0.4976
02/12/2019,SLI UK Real Estt Accumulation Fdr P1Inc,0.4977
02/13/2019,SLI UK Real Estt Accumulation Fdr P1Inc,0.4977
02/14/2019,SLI UK Real Estt Accumulation Fdr P1Inc,0.4977
02/15/2019,SLI UK Real Estt Accumulation Fdr P1Inc,0.4978
02/16/2019,SLI UK Real Estt Accumulation Fdr P1Inc,0.4978
02/17/2019,SLI UK Real Estt Accumulation Fdr P1Inc,0.4978
02/18/2019,SLI UK Real Estt Accumulation Fdr P1Inc,0.4979
02/19/2019,SLI UK Real Estt Accumulation Fdr P1Inc,0.4981
02/20/2019,SLI UK Real Estt Accumulation Fdr P1Inc,0.4981
02/21/2019,SLI UK Real Estt Accumulation Fdr P1Inc,0.4981
02/22/2019,SLI UK Real Estt Accumulation Fdr P1Inc,0.4982
02/23/2019,SLI UK Real Estt Accumulation Fdr P1Inc,0.4982
02/24/2019,SLI UK Real Estt Accumulation Fdr P1Inc,0.4982
02/25/2019,SLI UK Real Estt Accumulation Fdr P1Inc,0.4983
02/26/2019,SLI UK Real Estt Accumulation Fdr P1Inc,0.4983
02/27/2019,SLI UK Real Estt Accumulation Fdr P1Inc,0.4984
02/28/2019,SLI UK Real Estt Accumulation Fdr P1Inc,0.4978
03/01/2019,SLI UK Real Estt Accumulation Fdr P1Inc,0.4964
03/02/2019,SLI UK Real Estt Accumulation Fdr P1Inc,0.4964
03/03/2019,SLI UK Real Estt Accumulation Fdr P1Inc,0.4964
03/04/2019,SLI UK Real Estt Accumulation Fdr P1Inc,0.4965
03/05/2019,SLI UK Real Estt Accumulation Fdr P1Inc,0.4965
03/06/2019,SLI UK Real Estt Accumulation Fdr P1Inc,0.4973
03/07/2019,SLI UK Real Estt Accumulation Fdr P1Inc,0.4974
03/08/2019,SLI UK Real Estt Accumulation Fdr P1Inc,0.4974
03/09/2019,SLI UK Real Estt Accumulation Fdr P1Inc,0.4974
03/10/2019,SLI UK Real Estt Accumulation Fdr P1Inc,0.4974
03/11/2019,SLI UK Real Estt Accumulation Fdr P1Inc,0.4975
03/12/2019,SLI UK Real Estt Accumulation Fdr P1Inc,0.4976
03/13/2019,SLI UK Real Estt Accumulation Fdr P1Inc,0.4976
03/14/2019,SLI UK Real Estt Accumulation Fdr P1Inc,0.4976
03/15/2019,SLI UK Real Estt Accumulation Fdr P1Inc,0.4977
03/16/2019,SLI UK Real Estt Accumulation Fdr P1Inc,0.4977
03/17/2019,SLI UK Real Estt Accumulation Fdr P1Inc,0.4977
03/18/2019,SLI UK Real Estt Accumulation Fdr P1Inc,0.4978
03/19/2019,SLI UK Real Estt Accumulation Fdr P1Inc,0.4978
03/20/2019,SLI UK Real Estt Accumulation Fdr P1Inc,0.4979
03/21/2019,SLI UK Real Estt Accumulation Fdr P1Inc,0.4979
03/22/2019,SLI UK Real Estt Accumulation Fdr P1Inc,0.498
03/23/2019,SLI UK Real Estt Accumulation Fdr P1Inc,0.498
03/24/2019,SLI UK Real Estt Accumulation Fdr P1Inc,0.498
03/25/2019,SLI UK Real Estt Accumulation Fdr P1Inc,0.4977
03/26/2019,SLI UK Real Estt Accumulation Fdr P1Inc,0.4977
03/27/2019,SLI UK Real Estt Accumulation Fdr P1Inc,0.4978
03/28/2019,SLI UK Real Estt Accumulation Fdr P1Inc,0.4978
03/29/2019,SLI UK Real Estt Accumulation Fdr P1Inc,0.4965
03/30/2019,SLI UK Real Estt Accumulation Fdr P1Inc,0.4965
03/31/2019,SLI UK Real Estt Accumulation Fdr P1Inc,0.4965
04/01/2019,SLI UK Real Estt Accumulation Fdr P1Inc,0.495
04/02/2019,SLI UK Real Estt Accumulation Fdr P1Inc,0.495
04/03/2019,SLI UK Real Estt Accumulation Fdr P1Inc,0.495
04/04/2019,SLI UK Real Estt Accumulation Fdr P1Inc,0.4951
04/05/2019,SLI UK Real Estt Accumulation Fdr P1Inc,0.4951
04/06/2019,SLI UK Real Estt Accumulation Fdr P1Inc,0.4951
04/07/2019,SLI UK Real Estt Accumulation Fdr P1Inc,0.4951
04/08/2019,SLI UK Real Estt Accumulation Fdr P1Inc,0.4952
04/09/2019,SLI UK Real Estt Accumulation Fdr P1Inc,0.4952
04/10/2019,SLI UK Real Estt Accumulation Fdr P1Inc,0.4952
04/11/2019,SLI UK Real Estt Accumulation Fdr P1Inc,0.4953
04/12/2019,SLI UK Real Estt Accumulation Fdr P1Inc,0.4953
04/13/2019,SLI UK Real Estt Accumulation Fdr P1Inc,0.4953
04/14/2019,SLI UK Real Estt Accumulation Fdr P1Inc,0.4953
04/15/2019,SLI UK Real Estt Accumulation Fdr P1Inc,0.4952
04/16/2019,SLI UK Real Estt Accumulation Fdr P1Inc,0.4952
04/17/2019,SLI UK Real Estt Accumulation Fdr P1Inc,0.4952
04/18/2019,SLI UK Real Estt Accumulation Fdr P1Inc,0.4953
04/19/2019,SLI UK Real Estt Accumulation Fdr P1Inc,0.4953
04/20/2019,SLI UK Real Estt Accumulation Fdr P1Inc,0.4953
04/21/2019,SLI UK Real Estt Accumulation Fdr P1Inc,0.4953
04/22/2019,SLI UK Real Estt Accumulation Fdr P1Inc,0.4953
04/23/2019,SLI UK Real Estt Accumulation Fdr P1Inc,0.4954
04/24/2019,SLI UK Real Estt Accumulation Fdr P1Inc,0.4955
04/25/2019,SLI UK Real Estt Accumulation Fdr P1Inc,0.4955
04/26/2019,SLI UK Real Estt Accumulation Fdr P1Inc,0.4955
04/27/2019,SLI UK Real Estt Accumulation Fdr P1Inc,0.4955
04/28/2019,SLI UK Real Estt Accumulation Fdr P1Inc,0.4955
04/29/2019,SLI UK Real Estt Accumulation Fdr P1Inc,0.4955
04/30/2019,SLI UK Real Estt Accumulation Fdr P1Inc,0.4946
05/01/2019,SLI UK Real Estt Accumulation Fdr P1Inc,0.4933
05/02/2019,SLI UK Real Estt Accumulation Fdr P1Inc,0.4929
05/03/2019,SLI UK Real Estt Accumulation Fdr P1Inc,0.493
05/04/2019,SLI UK Real Estt Accumulation Fdr P1Inc,0.493
05/05/2019,SLI UK Real Estt Accumulation Fdr P1Inc,0.493
05/06/2019,SLI UK Real Estt Accumulation Fdr P1Inc,0.493
05/07/2019,SLI UK Real Estt Accumulation Fdr P1Inc,0.4931
05/08/2019,SLI UK Real Estt Accumulation Fdr P1Inc,0.4933
05/09/2019,SLI UK Real Estt Accumulation Fdr P1Inc,0.4934
05/10/2019,SLI UK Real Estt Accumulation Fdr P1Inc,0.4934
05/11/2019,SLI UK Real Estt Accumulation Fdr P1Inc,0.4934
05/12/2019,SLI UK Real Estt Accumulation Fdr P1Inc,0.4934
05/13/2019,SLI UK Real Estt Accumulation Fdr P1Inc,0.4935
05/14/2019,SLI UK Real Estt Accumulation Fdr P1Inc,0.4935
05/15/2019,SLI UK Real Estt Accumulation Fdr P1Inc,0.4935
05/16/2019,SLI UK Real Estt Accumulation Fdr P1Inc,0.4936
05/17/2019,SLI UK Real Estt Accumulation Fdr P1Inc,0.4936
05/18/2019,SLI UK Real Estt Accumulation Fdr P1Inc,0.4936
05/19/2019,SLI UK Real Estt Accumulation Fdr P1Inc,0.4936
05/20/2019,SLI UK Real Estt Accumulation Fdr P1Inc,0.4937
05/21/2019,SLI UK Real Estt Accumulation Fdr P1Inc,0.4937
05/22/2019,SLI UK Real Estt Accumulation Fdr P1Inc,0.4936
05/23/2019,SLI UK Real Estt Accumulation Fdr P1Inc,0.4937
05/24/2019,SLI UK Real Estt Accumulation Fdr P1Inc,0.4937
05/25/2019,SLI UK Real Estt Accumulation Fdr P1Inc,0.4937
05/26/2019,SLI UK Real Estt Accumulation Fdr P1Inc,0.4937
05/27/2019,SLI UK Real Estt Accumulation Fdr P1Inc,0.4937
05/28/2019,SLI UK Real Estt Accumulation Fdr P1Inc,0.4938
05/29/2019,SLI UK Real Estt Accumulation Fdr P1Inc,0.4938
05/30/2019,SLI UK Real Estt Accumulation Fdr P1Inc,0.4939
05/31/2019,SLI UK Real Estt Accumulation Fdr P1Inc,0.4921
06/01/2019,SLI UK Real Estt Accumulation Fdr P1Inc,0.4921
06/02/2019,SLI UK Real Estt Accumulation Fdr P1Inc,0.4921
06/03/2019,SLI UK Real Estt Accumulation Fdr P1Inc,0.4909
06/04/2019,SLI UK Real Estt Accumulation Fdr P1Inc,0.4909
06/05/2019,SLI UK Real Estt Accumulation Fdr P1Inc,0.4908
06/06/2019,SLI UK Real Estt Accumulation Fdr P1Inc,0.4908
06/07/2019,SLI UK Real Estt Accumulation Fdr P1Inc,0.4909
06/08/2019,SLI UK Real Estt Accumulation Fdr P1Inc,0.4909
06/09/2019,SLI UK Real Estt Accumulation Fdr P1Inc,0.4909
06/10/2019,SLI UK Real Estt Accumulation Fdr P1Inc,0.491
06/11/2019,SLI UK Real Estt Accumulation Fdr P1Inc,0.4911
06/12/2019,SLI UK Real Estt Accumulation Fdr P1Inc,0.4911
06/13/2019,SLI UK Real Estt Accumulation Fdr P1Inc,0.4911
06/14/2019,SLI UK Real Estt Accumulation Fdr P1Inc,0.4912
06/15/2019,SLI UK Real Estt Accumulation Fdr P1Inc,0.4912
06/16/2019,SLI UK Real Estt Accumulation Fdr P1Inc,0.4912
06/17/2019,SLI UK Real Estt Accumulation Fdr P1Inc,0.4914
06/18/2019,SLI UK Real Estt Accumulation Fdr P1Inc,0.4914
06/19/2019,SLI UK Real Estt Accumulation Fdr P1Inc,0.4914
06/20/2019,SLI UK Real Estt Accumulation Fdr P1Inc,0.4915
06/21/2019,SLI UK Real Estt Accumulation Fdr P1Inc,0.4915
06/22/2019,SLI UK Real Estt Accumulation Fdr P1Inc,0.4915
06/23/2019,SLI UK Real Estt Accumulation Fdr P1Inc,0.4915
06/24/2019,SLI UK Real Estt Accumulation Fdr P1Inc,0.4915
06/25/2019,SLI UK Real Estt Accumulation Fdr P1Inc,0.4915
06/26/2019,SLI UK Real Estt Accumulation Fdr P1Inc,0.4915
06/27/2019,SLI UK Real Estt Accumulation Fdr P1Inc,0.4915
06/28/2019,SLI UK Real Estt Accumulation Fdr P1Inc,0.4895
06/29/2019,SLI UK Real Estt Accumulation Fdr P1Inc,0.4895
06/30/2019,SLI UK Real Estt Accumulation Fdr P1Inc,0.4895
07/01/2019,SLI UK Real Estt Accumulation Fdr P1Inc,0.4884
07/02/2019,SLI UK Real Estt Accumulation Fdr P1Inc,0.4884
07/03/2019,SLI UK Real Estt Accumulation Fdr P1Inc,0.4884
07/04/2019,SLI UK Real Estt Accumulation Fdr P1Inc,0.4885
07/05/2019,SLI UK Real Estt Accumulation Fdr P1Inc,0.4885
07/06/2019,SLI UK Real Estt Accumulation Fdr P1Inc,0.4885
07/07/2019,SLI UK Real Estt Accumulation Fdr P1Inc,0.4885
07/08/2019,SLI UK Real Estt Accumulation Fdr P1Inc,0.4886
07/09/2019,SLI UK Real Estt Accumulation Fdr P1Inc,0.4886
07/10/2019,SLI UK Real Estt Accumulation Fdr P1Inc,0.4886
07/11/2019,SLI UK Real Estt Accumulation Fdr P1Inc,0.4887
07/12/2019,SLI UK Real Estt Accumulation Fdr P1Inc,0.4887
07/13/2019,SLI UK Real Estt Accumulation Fdr P1Inc,0.4887
07/14/2019,SLI UK Real Estt Accumulation Fdr P1Inc,0.4887
07/15/2019,SLI UK Real Estt Accumulation Fdr P1Inc,0.4888
07/16/2019,SLI UK Real Estt Accumulation Fdr P1Inc,0.4888
07/17/2019,SLI UK Real Estt Accumulation Fdr P1Inc,0.4888
07/18/2019,SLI UK Real Estt Accumulation Fdr P1Inc,0.4888
07/19/2019,SLI UK Real Estt Accumulation Fdr P1Inc,0.4889
07/20/2019,SLI UK Real Estt Accumulation Fdr P1Inc,0.4889
07/21/2019,SLI UK Real Estt Accumulation Fdr P1Inc,0.4889
07/22/2019,SLI UK Real Estt Accumulation Fdr P1Inc,0.4889
07/23/2019,SLI UK Real Estt Accumulation Fdr P1Inc,0.4889
07/24/2019,SLI UK Real Estt Accumulation Fdr P1Inc,0.489
07/25/2019,SLI UK Real Estt Accumulation Fdr P1Inc,0.489
07/26/2019,SLI UK Real Estt Accumulation Fdr P1Inc,0.4885
07/27/2019,SLI UK Real Estt Accumulation Fdr P1Inc,0.4885
07/28/2019,SLI UK Real Estt Accumulation Fdr P1Inc,0.4885
07/29/2019,SLI UK Real Estt Accumulation Fdr P1Inc,0.4885
07/30/2019,SLI UK Real Estt Accumulation Fdr P1Inc,0.4886
07/31/2019,SLI UK Real Estt Accumulation Fdr P1Inc,0.4872
08/01/2019,SLI UK Real Estt Accumulation Fdr P1Inc,0.4866
08/02/2019,SLI UK Real Estt Accumulation Fdr P1Inc,0.4866
08/03/2019,SLI UK Real Estt Accumulation Fdr P1Inc,0.4866
08/04/2019,SLI UK Real Estt Accumulation Fdr P1Inc,0.4866
08/05/2019,SLI UK Real Estt Accumulation Fdr P1Inc,0.4867
08/06/2019,SLI UK Real Estt Accumulation Fdr P1Inc,0.4867
08/07/2019,SLI UK Real Estt Accumulation Fdr P1Inc,0.4868
08/08/2019,SLI UK Real Estt Accumulation Fdr P1Inc,0.4868
08/09/2019,SLI UK Real Estt Accumulation Fdr P1Inc,0.4868
08/10/2019,SLI UK Real Estt Accumulation Fdr P1Inc,0.4868
08/11/2019,SLI UK Real Estt Accumulation Fdr P1Inc,0.4868
08/12/2019,SLI UK Real Estt Accumulation Fdr P1Inc,0.4869
08/13/2019,SLI UK Real Estt Accumulation Fdr P1Inc,0.4872
08/14/2019,SLI UK Real Estt Accumulation Fdr P1Inc,0.4872
08/15/2019,SLI UK Real Estt Accumulation Fdr P1Inc,0.4872
08/16/2019,SLI UK Real Estt Accumulation Fdr P1Inc,0.4873
08/17/2019,SLI UK Real Estt Accumulation Fdr P1Inc,0.4873
08/18/2019,SLI UK Real Estt Accumulation Fdr P1Inc,0.4873
08/19/2019,SLI UK Real Estt Accumulation Fdr P1Inc,0.4873
08/20/2019,SLI UK Real Estt Accumulation Fdr P1Inc,0.4874
08/21/2019,SLI UK Real Estt Accumulation Fdr P1Inc,0.4874
08/22/2019,SLI UK Real Estt Accumulation Fdr P1Inc,0.4874
08/23/2019,SLI UK Real Estt Accumulation Fdr P1Inc,0.4875
08/24/2019,SLI UK Real Estt Accumulation Fdr P1Inc,0.4875
08/25/2019,SLI UK Real Estt Accumulation Fdr P1Inc,0.4875
08/26/2019,SLI UK Real Estt Accumulation Fdr P1Inc,0.4875
08/27/2019,SLI UK Real Estt Accumulation Fdr P1Inc,0.4873
08/28/2019,SLI UK Real Estt Accumulation Fdr P1Inc,0.4874
08/29/2019,SLI UK Real Estt Accumulation Fdr P1Inc,0.4874
08/30/2019,SLI UK Real Estt Accumulation Fdr P1Inc,0.4856
08/31/2019,SLI UK Real Estt Accumulation Fdr P1Inc,0.4856
09/01/2019,SLI UK Real Estt Accumulation Fdr P1Inc,0.4856
09/02/2019,SLI UK Real Estt Accumulation Fdr P1Inc,0.4845
09/03/2019,SLI UK Real Estt Accumulation Fdr P1Inc,0.4845
09/04/2019,SLI UK Real Estt Accumulation Fdr P1Inc,0.4845
09/05/2019,SLI UK Real Estt Accumulation Fdr P1Inc,0.4846
09/06/2019,SLI UK Real Estt Accumulation Fdr P1Inc,0.4846
09/07/2019,SLI UK Real Estt Accumulation Fdr P1Inc,0.4846
09/08/2019,SLI UK Real Estt Accumulation Fdr P1Inc,0.4846
09/09/2019,SLI UK Real Estt Accumulation Fdr P1Inc,0.4847
09/10/2019,SLI UK Real Estt Accumulation Fdr P1Inc,0.4847
09/11/2019,SLI UK Real Estt Accumulation Fdr P1Inc,0.4848
09/12/2019,SLI UK Real Estt Accumulation Fdr P1Inc,0.4848
09/13/2019,SLI UK Real Estt Accumulation Fdr P1Inc,0.4849
09/14/2019,SLI UK Real Estt Accumulation Fdr P1Inc,0.4849
09/15/2019,SLI UK Real Estt Accumulation Fdr P1Inc,0.4849
09/16/2019,SLI UK Real Estt Accumulation Fdr P1Inc,0.485
09/17/2019,SLI UK Real Estt Accumulation Fdr P1Inc,0.4851
09/18/2019,SLI UK Real Estt Accumulation Fdr P1Inc,0.4852
09/19/2019,SLI UK Real Estt Accumulation Fdr P1Inc,0.4852
09/20/2019,SLI UK Real Estt Accumulation Fdr P1Inc,0.4852
09/21/2019,SLI UK Real Estt Accumulation Fdr P1Inc,0.4852
09/22/2019,SLI UK Real Estt Accumulation Fdr P1Inc,0.4852
09/23/2019,SLI UK Real Estt Accumulation Fdr P1Inc,0.4852
09/24/2019,SLI UK Real Estt Accumulation Fdr P1Inc,0.4853
09/25/2019,SLI UK Real Estt Accumulation Fdr P1Inc,0.4853
09/26/2019,SLI UK Real Estt Accumulation Fdr P1Inc,0.4854
09/27/2019,SLI UK Real Estt Accumulation Fdr P1Inc,0.4854
09/28/2019,SLI UK Real Estt Accumulation Fdr P1Inc,0.4854
09/29/2019,SLI UK Real Estt Accumulation Fdr P1Inc,0.4854
09/30/2019,SLI UK Real Estt Accumulation Fdr P1Inc,0.4841
10/01/2019,SLI UK Real Estt Accumulation Fdr P1Inc,0.4831
10/02/2019,SLI UK Real Estt Accumulation Fdr P1Inc,0.4832
10/03/2019,SLI UK Real Estt Accumulation Fdr P1Inc,0.4832
10/04/2019,SLI UK Real Estt Accumulation Fdr P1Inc,0.4832
10/05/2019,SLI UK Real Estt Accumulation Fdr P1Inc,0.4832
10/06/2019,SLI UK Real Estt Accumulation Fdr P1Inc,0.4832
10/07/2019,SLI UK Real Estt Accumulation Fdr P1Inc,0.4833
10/08/2019,SLI UK Real Estt Accumulation Fdr P1Inc,0.483
10/09/2019,SLI UK Real Estt Accumulation Fdr P1Inc,0.483
10/10/2019,SLI UK Real Estt Accumulation Fdr P1Inc,0.483
10/11/2019,SLI UK Real Estt Accumulation Fdr P1Inc,0.4831
10/12/2019,SLI UK Real Estt Accumulation Fdr P1Inc,0.4831
10/13/2019,SLI UK Real Estt Accumulation Fdr P1Inc,0.4831
10/14/2019,SLI UK Real Estt Accumulation Fdr P1Inc,0.4832
10/15/2019,SLI UK Real Estt Accumulation Fdr P1Inc,0.4832
10/16/2019,SLI UK Real Estt Accumulation Fdr P1Inc,0.4833
10/17/2019,SLI UK Real Estt Accumulation Fdr P1Inc,0.4833
10/18/2019,SLI UK Real Estt Accumulation Fdr P1Inc,0.4834
10/19/2019,SLI UK Real Estt Accumulation Fdr P1Inc,0.4834
10/20/2019,SLI UK Real Estt Accumulation Fdr P1Inc,0.4834
10/21/2019,SLI UK Real Estt Accumulation Fdr P1Inc,0.4835
10/22/2019,SLI UK Real Estt Accumulation Fdr P1Inc,0.4835
10/23/2019,SLI UK Real Estt Accumulation Fdr P1Inc,0.4835
10/24/2019,SLI UK Real Estt Accumulation Fdr P1Inc,0.4836
10/25/2019,SLI UK Real Estt Accumulation Fdr P1Inc,0.4836
10/26/2019,SLI UK Real Estt Accumulation Fdr P1Inc,0.4836
10/27/2019,SLI UK Real Estt Accumulation Fdr P1Inc,0.4836
10/28/2019,SLI UK Real Estt Accumulation Fdr P1Inc,0.4837
10/29/2019,SLI UK Real Estt Accumulation Fdr P1Inc,0.4837
10/30/2019,SLI UK Real Estt Accumulation Fdr P1Inc,0.4838
10/31/2019,SLI UK Real Estt Accumulation Fdr P1Inc,0.4826
11/01/2019,SLI UK Real Estt Accumulation Fdr P1Inc,0.4812
11/02/2019,SLI UK Real Estt Accumulation Fdr P1Inc,0.4812
11/03/2019,SLI UK Real Estt Accumulation Fdr P1Inc,0.4812
11/04/2019,SLI UK Real Estt Accumulation Fdr P1Inc,0.4813
11/05/2019,SLI UK Real Estt Accumulation Fdr P1Inc,0.4813
11/06/2019,SLI UK Real Estt Accumulation Fdr P1Inc,0.4814
11/07/2019,SLI UK Real Estt Accumulation Fdr P1Inc,0.4814
11/08/2019,SLI UK Real Estt Accumulation Fdr P1Inc,0.4814
11/09/2019,SLI UK Real Estt Accumulation Fdr P1Inc,0.4814
11/10/2019,SLI UK Real Estt Accumulation Fdr P1Inc,0.4814
11/11/2019,SLI UK Real Estt Accumulation Fdr P1Inc,0.4815
11/12/2019,SLI UK Real Estt Accumulation Fdr P1Inc,0.4816
11/13/2019,SLI UK Real Estt Accumulation Fdr P1Inc,0.4816
11/14/2019,SLI UK Real Estt Accumulation Fdr P1Inc,0.4816
11/15/2019,SLI UK Real Estt Accumulation Fdr P1Inc,0.4817
11/16/2019,SLI UK Real Estt Accumulation Fdr P1Inc,0.4817
11/17/2019,SLI UK Real Estt Accumulation Fdr P1Inc,0.4817
11/18/2019,SLI UK Real Estt Accumulation Fdr P1Inc,0.4818
11/19/2019,SLI UK Real Estt Accumulation Fdr P1Inc,0.4818
11/20/2019,SLI UK Real Estt Accumulation Fdr P1Inc,0.4818
11/21/2019,SLI UK Real Estt Accumulation Fdr P1Inc,0.4819
11/22/2019,SLI UK Real Estt Accumulation Fdr P1Inc,0.4819
11/23/2019,SLI UK Real Estt Accumulation Fdr P1Inc,0.4819
11/24/2019,SLI UK Real Estt Accumulation Fdr P1Inc,0.4819
11/25/2019,SLI UK Real Estt Accumulation Fdr P1Inc,0.4822
11/26/2019,SLI UK Real Estt Accumulation Fdr P1Inc,0.4822
11/27/2019,SLI UK Real Estt Accumulation Fdr P1Inc,0.4822
11/28/2019,SLI UK Real Estt Accumulation Fdr P1Inc,0.4823
11/29/2019,SLI UK Real Estt Accumulation Fdr P1Inc,0.4786
11/30/2019,SLI UK Real Estt Accumulation Fdr P1Inc,0.4786
12/01/2019,SLI UK Real Estt Accumulation Fdr P1Inc,0.4786
12/02/2019,SLI UK Real Estt Accumulation Fdr P1Inc,0.4773
12/03/2019,SLI UK Real Estt Accumulation Fdr P1Inc,0.4773
12/04/2019,SLI UK Real Estt Accumulation Fdr P1Inc,0.4773
12/05/2019,SLI UK Real Estt Accumulation Fdr P1Inc,0.4776
12/06/2019,SLI UK Real Estt Accumulation Fdr P1Inc,0.4777
12/07/2019,SLI UK Real Estt Accumulation Fdr P1Inc,0.4777
12/08/2019,SLI UK Real Estt Accumulation Fdr P1Inc,0.4777
12/09/2019,SLI UK Real Estt Accumulation Fdr P1Inc,0.4778
12/10/2019,SLI UK Real Estt Accumulation Fdr P1Inc,0.4779
12/11/2019,SLI UK Real Estt Accumulation Fdr P1Inc,0.4776
12/12/2019,SLI UK Real Estt Accumulation Fdr P1Inc,0.4778
12/13/2019,SLI UK Real Estt Accumulation Fdr P1Inc,0.4778
12/14/2019,SLI UK Real Estt Accumulation Fdr P1Inc,0.4778
12/15/2019,SLI UK Real Estt Accumulation Fdr P1Inc,0.4778
12/16/2019,SLI UK Real Estt Accumulation Fdr P1Inc,0.4779
12/17/2019,SLI UK Real Estt Accumulation Fdr P1Inc,0.4778
12/18/2019,SLI UK Real Estt Accumulation Fdr P1Inc,0.4778
12/19/2019,SLI UK Real Estt Accumulation Fdr P1Inc,0.4779
12/20/2019,SLI UK Real Estt Accumulation Fdr P1Inc,0.4779
12/21/2019,SLI UK Real Estt Accumulation Fdr P1Inc,0.4779
12/22/2019,SLI UK Real Estt Accumulation Fdr P1Inc,0.4779
12/23/2019,SLI UK Real Estt Accumulation Fdr P1Inc,0.478
12/24/2019,SLI UK Real Estt Accumulation Fdr P1Inc,0.4779
12/25/2019,SLI UK Real Estt Accumulation Fdr P1Inc,0.4779
12/26/2019,SLI UK Real Estt Accumulation Fdr P1Inc,0.4779
12/27/2019,SLI UK Real Estt Accumulation Fdr P1Inc,0.4782
12/28/2019,SLI UK Real Estt Accumulation Fdr P1Inc,0.4782
12/29/2019,SLI UK Real Estt Accumulation Fdr P1Inc,0.4782
12/30/2019,SLI UK Real Estt Accumulation Fdr P1Inc,0.4783
12/31/2019,SLI UK Real Estt Accumulation Fdr P1Inc,0.4764
01/01/2020,SLI UK Real Estt Accumulation Fdr P1Inc,0.4764
01/02/2020,SLI UK Real Estt Accumulation Fdr P1Inc,0.4751
01/03/2020,SLI UK Real Estt Accumulation Fdr P1Inc,0.4751
01/04/2020,SLI UK Real Estt Accumulation Fdr P1Inc,0.4751
01/05/2020,SLI UK Real Estt Accumulation Fdr P1Inc,0.4751
01/06/2020,SLI UK Real Estt Accumulation Fdr P1Inc,0.4752
01/07/2020,SLI UK Real Estt Accumulation Fdr P1Inc,0.4753
01/08/2020,SLI UK Real Estt Accumulation Fdr P1Inc,0.4753
01/09/2020,SLI UK Real Estt Accumulation Fdr P1Inc,0.4753
01/10/2020,SLI UK Real Estt Accumulation Fdr P1Inc,0.4754
01/11/2020,SLI UK Real Estt Accumulation Fdr P1Inc,0.4754
01/12/2020,SLI UK Real Estt Accumulation Fdr P1Inc,0.4754
01/13/2020,SLI UK Real Estt Accumulation Fdr P1Inc,0.4755
01/14/2020,SLI UK Real Estt Accumulation Fdr P1Inc,0.4755
01/15/2020,SLI UK Real Estt Accumulation Fdr P1Inc,0.4755
01/16/2020,SLI UK Real Estt Accumulation Fdr P1Inc,0.4756
01/17/2020,SLI UK Real Estt Accumulation Fdr P1Inc,0.4756
01/18/2020,SLI UK Real Estt Accumulation Fdr P1Inc,0.4756
01/19/2020,SLI UK Real Estt Accumulation Fdr P1Inc,0.4756
01/20/2020,SLI UK Real Estt Accumulation Fdr P1Inc,0.4758
01/21/2020,SLI UK Real Estt Accumulation Fdr P1Inc,0.4758
01/22/2020,SLI UK Real Estt Accumulation Fdr P1Inc,0.4758
01/23/2020,SLI UK Real Estt Accumulation Fdr P1Inc,0.4759
01/24/2020,SLI UK Real Estt Accumulation Fdr P1Inc,0.4759
01/25/2020,SLI UK Real Estt Accumulation Fdr P1Inc,0.4759
01/26/2020,SLI UK Real Estt Accumulation Fdr P1Inc,0.4759
01/27/2020,SLI UK Real Estt Accumulation Fdr P1Inc,0.476
01/28/2020,SLI UK Real Estt Accumulation Fdr P1Inc,0.476
01/29/2020,SLI UK Real Estt Accumulation Fdr P1Inc,0.476
01/30/2020,SLI UK Real Estt Accumulation Fdr P1Inc,0.476
01/31/2020,SLI UK Real Estt Accumulation Fdr P1Inc,0.4758
02/01/2020,SLI UK Real Estt Accumulation Fdr P1Inc,0.4758
02/02/2020,SLI UK Real Estt Accumulation Fdr P1Inc,0.4758
02/03/2020,SLI UK Real Estt Accumulation Fdr P1Inc,0.4745
02/04/2020,SLI UK Real Estt Accumulation Fdr P1Inc,0.4745
02/05/2020,SLI UK Real Estt Accumulation Fdr P1Inc,0.4744
02/06/2020,SLI UK Real Estt Accumulation Fdr P1Inc,0.4743
02/07/2020,SLI UK Real Estt Accumulation Fdr P1Inc,0.4744
02/08/2020,SLI UK Real Estt Accumulation Fdr P1Inc,0.4744
02/09/2020,SLI UK Real Estt Accumulation Fdr P1Inc,0.4744
02/10/2020,SLI UK Real Estt Accumulation Fdr P1Inc,0.4745
02/11/2020,SLI UK Real Estt Accumulation Fdr P1Inc,0.4745
02/12/2020,SLI UK Real Estt Accumulation Fdr P1Inc,0.4746
02/13/2020,SLI UK Real Estt Accumulation Fdr P1Inc,0.4746
02/14/2020,SLI UK Real Estt Accumulation Fdr P1Inc,0.4746
02/15/2020,SLI UK Real Estt Accumulation Fdr P1Inc,0.4746
02/16/2020,SLI UK Real Estt Accumulation Fdr P1Inc,0.4746
02/17/2020,SLI UK Real Estt Accumulation Fdr P1Inc,0.4747
02/18/2020,SLI UK Real Estt Accumulation Fdr P1Inc,0.4748
02/19/2020,SLI UK Real Estt Accumulation Fdr P1Inc,0.4749
02/20/2020,SLI UK Real Estt Accumulation Fdr P1Inc,0.4749
02/21/2020,SLI UK Real Estt Accumulation Fdr P1Inc,0.4749
02/22/2020,SLI UK Real Estt Accumulation Fdr P1Inc,0.4749
02/23/2020,SLI UK Real Estt Accumulation Fdr P1Inc,0.4749
02/24/2020,SLI UK Real Estt Accumulation Fdr P1Inc,0.475
02/25/2020,SLI UK Real Estt Accumulation Fdr P1Inc,0.4751
02/26/2020,SLI UK Real Estt Accumulation Fdr P1Inc,0.4751
02/27/2020,SLI UK Real Estt Accumulation Fdr P1Inc,0.4752
02/28/2020,SLI UK Real Estt Accumulation Fdr P1Inc,0.4743
02/29/2020,SLI UK Real Estt Accumulation Fdr P1Inc,0.4743
03/01/2020,SLI UK Real Estt Accumulation Fdr P1Inc,0.4743
03/02/2020,SLI UK Real Estt Accumulation Fdr P1Inc,0.4731
03/03/2020,SLI UK Real Estt Accumulation Fdr P1Inc,0.4731
03/04/2020,SLI UK Real Estt Accumulation Fdr P1Inc,0.4732
03/05/2020,SLI UK Real Estt Accumulation Fdr P1Inc,0.4734
03/06/2020,SLI UK Real Estt Accumulation Fdr P1Inc,0.4734
03/07/2020,SLI UK Real Estt Accumulation Fdr P1Inc,0.4734
03/08/2020,SLI UK Real Estt Accumulation Fdr P1Inc,0.4734
03/09/2020,SLI UK Real Estt Accumulation Fdr P1Inc,0.4734
03/10/2020,SLI UK Real Estt Accumulation Fdr P1Inc,0.4735
03/11/2020,SLI UK Real Estt Accumulation Fdr P1Inc,0.4735
03/12/2020,SLI UK Real Estt Accumulation Fdr P1Inc,0.4735
03/13/2020,SLI UK Real Estt Accumulation Fdr P1Inc,0.4735
03/14/2020,SLI UK Real Estt Accumulation Fdr P1Inc,0.4735
03/15/2020,SLI UK Real Estt Accumulation Fdr P1Inc,0.4735
03/16/2020,SLI UK Real Estt Accumulation Fdr P1Inc,0.4736
03/17/2020,SLI UK Real Estt Accumulation Fdr P1Inc,0.4737
03/18/2020,SLI UK Real Estt Accumulation Fdr P1Inc,0.4737
03/19/2020,SLI UK Real Estt Accumulation Fdr P1Inc,0.4737
03/20/2020,SLI UK Real Estt Accumulation Fdr P1Inc,0.4737
03/21/2020,SLI UK Real Estt Accumulation Fdr P1Inc,0.4737
03/22/2020,SLI UK Real Estt Accumulation Fdr P1Inc,0.4737
03/23/2020,SLI UK Real Estt Accumulation Fdr P1Inc,0.4738
03/24/2020,SLI UK Real Estt Accumulation Fdr P1Inc,0.4739
03/25/2020,SLI UK Real Estt Accumulation Fdr P1Inc,0.4739
03/26/2020,SLI UK Real Estt Accumulation Fdr P1Inc,0.4739
03/27/2020,SLI UK Real Estt Accumulation Fdr P1Inc,0.474
03/28/2020,SLI UK Real Estt Accumulation Fdr P1Inc,0.474
03/29/2020,SLI UK Real Estt Accumulation Fdr P1Inc,0.474
03/30/2020,SLI UK Real Estt Accumulation Fdr P1Inc,0.4741
03/31/2020,SLI UK Real Estt Accumulation Fdr P1Inc,0.4634
04/01/2020,SLI UK Real Estt Accumulation Fdr P1Inc,0.4622
04/02/2020,SLI UK Real Estt Accumulation Fdr P1Inc,0.4622
04/03/2020,SLI UK Real Estt Accumulation Fdr P1Inc,0.4622
04/04/2020,SLI UK Real Estt Accumulation Fdr P1Inc,0.4622
04/05/2020,SLI UK Real Estt Accumulation Fdr P1Inc,0.4622
04/06/2020,SLI UK Real Estt Accumulation Fdr P1Inc,0.4623
04/07/2020,SLI UK Real Estt Accumulation Fdr P1Inc,0.4623
04/08/2020,SLI UK Real Estt Accumulation Fdr P1Inc,0.4623
04/09/2020,SLI UK Real Estt Accumulation Fdr P1Inc,0.4623
04/10/2020,SLI UK Real Estt Accumulation Fdr P1Inc,0.4623
04/11/2020,SLI UK Real Estt Accumulation Fdr P1Inc,0.4623
04/12/2020,SLI UK Real Estt Accumulation Fdr P1Inc,0.4623
04/13/2020,SLI UK Real Estt Accumulation Fdr P1Inc,0.4623
04/14/2020,SLI UK Real Estt Accumulation Fdr P1Inc,0.4615
04/15/2020,SLI UK Real Estt Accumulation Fdr P1Inc,0.4615
04/16/2020,SLI UK Real Estt Accumulation Fdr P1Inc,0.4616
04/17/2020,SLI UK Real Estt Accumulation Fdr P1Inc,0.4559
04/18/2020,SLI UK Real Estt Accumulation Fdr P1Inc,0.4559
04/19/2020,SLI UK Real Estt Accumulation Fdr P1Inc,0.4559
04/20/2020,SLI UK Real Estt Accumulation Fdr P1Inc,0.4559
04/21/2020,SLI UK Real Estt Accumulation Fdr P1Inc,0.456
04/22/2020,SLI UK Real Estt Accumulation Fdr P1Inc,0.456
04/23/2020,SLI UK Real Estt Accumulation Fdr P1Inc,0.456
04/24/2020,SLI UK Real Estt Accumulation Fdr P1Inc,0.456
04/25/2020,SLI UK Real Estt Accumulation Fdr P1Inc,0.456
04/26/2020,SLI UK Real Estt Accumulation Fdr P1Inc,0.456
04/27/2020,SLI UK Real Estt Accumulation Fdr P1Inc,0.4561
04/28/2020,SLI UK Real Estt Accumulation Fdr P1Inc,0.4561
04/29/2020,SLI UK Real Estt Accumulation Fdr P1Inc,0.4562
04/30/2020,SLI UK Real Estt Accumulation Fdr P1Inc,0.4528
05/01/2020,SLI UK Real Estt Accumulation Fdr P1Inc,0.4518
05/02/2020,SLI UK Real Estt Accumulation Fdr P1Inc,0.4518
05/03/2020,SLI UK Real Estt Accumulation Fdr P1Inc,0.4518
05/04/2020,SLI UK Real Estt Accumulation Fdr P1Inc,0.4519
05/05/2020,SLI UK Real Estt Accumulation Fdr P1Inc,0.4519
05/06/2020,SLI UK Real Estt Accumulation Fdr P1Inc,0.4519
05/07/2020,SLI UK Real Estt Accumulation Fdr P1Inc,0.4519
05/08/2020,SLI UK Real Estt Accumulation Fdr P1Inc,0.4519
05/09/2020,SLI UK Real Estt Accumulation Fdr P1Inc,0.4519
05/10/2020,SLI UK Real Estt Accumulation Fdr P1Inc,0.4519
05/11/2020,SLI UK Real Estt Accumulation Fdr P1Inc,0.452
05/12/2020,SLI UK Real Estt Accumulation Fdr P1Inc,0.452
05/13/2020,SLI UK Real Estt Accumulation Fdr P1Inc,0.452
05/14/2020,SLI UK Real Estt Accumulation Fdr P1Inc,0.452
05/15/2020,SLI UK Real Estt Accumulation Fdr P1Inc,0.449
05/16/2020,SLI UK Real Estt Accumulation Fdr P1Inc,0.449
05/17/2020,SLI UK Real Estt Accumulation Fdr P1Inc,0.449
05/18/2020,SLI UK Real Estt Accumulation Fdr P1Inc,0.4491
05/19/2020,SLI UK Real Estt Accumulation Fdr P1Inc,0.4491
05/20/2020,SLI UK Real Estt Accumulation Fdr P1Inc,0.4491
05/21/2020,SLI UK Real Estt Accumulation Fdr P1Inc,0.4491
05/22/2020,SLI UK Real Estt Accumulation Fdr P1Inc,0.4492
05/23/2020,SLI UK Real Estt Accumulation Fdr P1Inc,0.4492
05/24/2020,SLI UK Real Estt Accumulation Fdr P1Inc,0.4492
05/25/2020,SLI UK Real Estt Accumulation Fdr P1Inc,0.4492
05/26/2020,SLI UK Real Estt Accumulation Fdr P1Inc,0.4492
05/27/2020,SLI UK Real Estt Accumulation Fdr P1Inc,0.4493
05/28/2020,SLI UK Real Estt Accumulation Fdr P1Inc,0.4493
05/29/2020,SLI UK Real Estt Accumulation Fdr P1Inc,0.4485
05/30/2020,SLI UK Real Estt Accumulation Fdr P1Inc,0.4485
05/31/2020,SLI UK Real Estt Accumulation Fdr P1Inc,0.4485
06/01/2020,SLI UK Real Estt Accumulation Fdr P1Inc,0.4476
06/02/2020,SLI UK Real Estt Accumulation Fdr P1Inc,0.4476
06/03/2020,SLI UK Real Estt Accumulation Fdr P1Inc,0.4476
06/04/2020,SLI UK Real Estt Accumulation Fdr P1Inc,0.4476
06/05/2020,SLI UK Real Estt Accumulation Fdr P1Inc,0.4476
06/06/2020,SLI UK Real Estt Accumulation Fdr P1Inc,0.4476
06/07/2020,SLI UK Real Estt Accumulation Fdr P1Inc,0.4476
06/08/2020,SLI UK Real Estt Accumulation Fdr P1Inc,0.4477
06/09/2020,SLI UK Real Estt Accumulation Fdr P1Inc,0.4477
06/10/2020,SLI UK Real Estt Accumulation Fdr P1Inc,0.4477
06/11/2020,SLI UK Real Estt Accumulation Fdr P1Inc,0.4477
06/12/2020,SLI UK Real Estt Accumulation Fdr P1Inc,0.4477
06/13/2020,SLI UK Real Estt Accumulation Fdr P1Inc,0.4477
06/14/2020,SLI UK Real Estt Accumulation Fdr P1Inc,0.4477
06/15/2020,SLI UK Real Estt Accumulation Fdr P1Inc,0.4477
06/16/2020,SLI UK Real Estt Accumulation Fdr P1Inc,0.4463
06/17/2020,SLI UK Real Estt Accumulation Fdr P1Inc,0.4463
06/18/2020,SLI UK Real Estt Accumulation Fdr P1Inc,0.4463
06/19/2020,SLI UK Real Estt Accumulation Fdr P1Inc,0.4463
06/20/2020,SLI UK Real Estt Accumulation Fdr P1Inc,0.4463
06/21/2020,SLI UK Real Estt Accumulation Fdr P1Inc,0.4463
06/22/2020,SLI UK Real Estt Accumulation Fdr P1Inc,0.4463
06/23/2020,SLI UK Real Estt Accumulation Fdr P1Inc,0.4464
06/24/2020,SLI UK Real Estt Accumulation Fdr P1Inc,0.4464
06/25/2020,SLI UK Real Estt Accumulation Fdr P1Inc,0.4463
06/26/2020,SLI UK Real Estt Accumulation Fdr P1Inc,0.4463
06/27/2020,SLI UK Real Estt Accumulation Fdr P1Inc,0.4463
06/28/2020,SLI UK Real Estt Accumulation Fdr P1Inc,0.4463
06/29/2020,SLI UK Real Estt Accumulation Fdr P1Inc,0.4464
06/30/2020,SLI UK Real Estt Accumulation Fdr P1Inc,0.4457
07/01/2020,SLI UK Real Estt Accumulation Fdr P1Inc,0.4448
07/02/2020,SLI UK Real Estt Accumulation Fdr P1Inc,0.4449
07/03/2020,SLI UK Real Estt Accumulation Fdr P1Inc,0.4449
07/04/2020,SLI UK Real Estt Accumulation Fdr P1Inc,0.4449
07/05/2020,SLI UK Real Estt Accumulation Fdr P1Inc,0.4449
07/06/2020,SLI UK Real Estt Accumulation Fdr P1Inc,0.4449
07/07/2020,SLI UK Real Estt Accumulation Fdr P1Inc,0.445
07/08/2020,SLI UK Real Estt Accumulation Fdr P1Inc,0.445
07/09/2020,SLI UK Real Estt Accumulation Fdr P1Inc,0.445
07/10/2020,SLI UK Real Estt Accumulation Fdr P1Inc,0.4449
07/11/2020,SLI UK Real Estt Accumulation Fdr P1Inc,0.4449
07/12/2020,SLI UK Real Estt Accumulation Fdr P1Inc,0.4449
07/13/2020,SLI UK Real Estt Accumulation Fdr P1Inc,0.445
07/14/2020,SLI UK Real Estt Accumulation Fdr P1Inc,0.445
07/15/2020,SLI UK Real Estt Accumulation Fdr P1Inc,0.4445
07/16/2020,SLI UK Real Estt Accumulation Fdr P1Inc,0.4445
07/17/2020,SLI UK Real Estt Accumulation Fdr P1Inc,0.4445
07/18/2020,SLI UK Real Estt Accumulation Fdr P1Inc,0.4445
07/19/2020,SLI UK Real Estt Accumulation Fdr P1Inc,0.4445
07/20/2020,SLI UK Real Estt Accumulation Fdr P1Inc,0.4446
07/21/2020,SLI UK Real Estt Accumulation Fdr P1Inc,0.4446
07/22/2020,SLI UK Real Estt Accumulation Fdr P1Inc,0.4446
07/23/2020,SLI UK Real Estt Accumulation Fdr P1Inc,0.4446
07/24/2020,SLI UK Real Estt Accumulation Fdr P1Inc,0.4445
07/25/2020,SLI UK Real Estt Accumulation Fdr P1Inc,0.4445
07/26/2020,SLI UK Real Estt Accumulation Fdr P1Inc,0.4445
07/27/2020,SLI UK Real Estt Accumulation Fdr P1Inc,0.4447
07/28/2020,SLI UK Real Estt Accumulation Fdr P1Inc,0.4447
07/29/2020,SLI UK Real Estt Accumulation Fdr P1Inc,0.4448
07/30/2020,SLI UK Real Estt Accumulation Fdr P1Inc,0.4448
07/31/2020,SLI UK Real Estt Accumulation Fdr P1Inc,0.4443
08/01/2020,SLI UK Real Estt Accumulation Fdr P1Inc,0.4443
08/02/2020,SLI UK Real Estt Accumulation Fdr P1Inc,0.4443
08/03/2020,SLI UK Real Estt Accumulation Fdr P1Inc,0.4432
08/04/2020,SLI UK Real Estt Accumulation Fdr P1Inc,0.4432
08/05/2020,SLI UK Real Estt Accumulation Fdr P1Inc,0.4433
08/06/2020,SLI UK Real Estt Accumulation Fdr P1Inc,0.4433
08/07/2020,SLI UK Real Estt Accumulation Fdr P1Inc,0.4433
08/08/2020,SLI UK Real Estt Accumulation Fdr P1Inc,0.4433
08/09/2020,SLI UK Real Estt Accumulation Fdr P1Inc,0.4433
08/10/2020,SLI UK Real Estt Accumulation Fdr P1Inc,0.4434
08/11/2020,SLI UK Real Estt Accumulation Fdr P1Inc,0.4434
08/12/2020,SLI UK Real Estt Accumulation Fdr P1Inc,0.4434
08/13/2020,SLI UK Real Estt Accumulation Fdr P1Inc,0.4435
08/14/2020,SLI UK Real Estt Accumulation Fdr P1Inc,0.4433
08/15/2020,SLI UK Real Estt Accumulation Fdr P1Inc,0.4433
08/16/2020,SLI UK Real Estt Accumulation Fdr P1Inc,0.4433
08/17/2020,SLI UK Real Estt Accumulation Fdr P1Inc,0.4423
08/18/2020,SLI UK Real Estt Accumulation Fdr P1Inc,0.4423
08/19/2020,SLI UK Real Estt Accumulation Fdr P1Inc,0.4424
08/20/2020,SLI UK Real Estt Accumulation Fdr P1Inc,0.4424
08/21/2020,SLI UK Real Estt Accumulation Fdr P1Inc,0.4424
08/22/2020,SLI UK Real Estt Accumulation Fdr P1Inc,0.4424
08/23/2020,SLI UK Real Estt Accumulation Fdr P1Inc,0.4424
08/24/2020,SLI UK Real Estt Accumulation Fdr P1Inc,0.4425
08/25/2020,SLI UK Real Estt Accumulation Fdr P1Inc,0.4425
08/26/2020,SLI UK Real Estt Accumulation Fdr P1Inc,0.4426
08/27/2020,SLI UK Real Estt Accumulation Fdr P1Inc,0.4424
08/28/2020,SLI UK Real Estt Accumulation Fdr P1Inc,0.4427
08/29/2020,SLI UK Real Estt Accumulation Fdr P1Inc,0.4427
08/30/2020,SLI UK Real Estt Accumulation Fdr P1Inc,0.4427
08/31/2020,SLI UK Real Estt Accumulation Fdr P1Inc,0.4427
09/01/2020,SLI UK Real Estt Accumulation Fdr P1Inc,0.4416
09/02/2020,SLI UK Real Estt Accumulation Fdr P1Inc,0.4416
09/03/2020,SLI UK Real Estt Accumulation Fdr P1Inc,0.4416
09/04/2020,SLI UK Real Estt Accumulation Fdr P1Inc,0.4417
09/05/2020,SLI UK Real Estt Accumulation Fdr P1Inc,0.4417
09/06/2020,SLI UK Real Estt Accumulation Fdr P1Inc,0.4417
09/07/2020,SLI UK Real Estt Accumulation Fdr P1Inc,0.4417
09/08/2020,SLI UK Real Estt Accumulation Fdr P1Inc,0.4417
09/09/2020,SLI UK Real Estt Accumulation Fdr P1Inc,0.4418
09/10/2020,SLI UK Real Estt Accumulation Fdr P1Inc,0.4418
09/11/2020,SLI UK Real Estt Accumulation Fdr P1Inc,0.4418
09/12/2020,SLI UK Real Estt Accumulation Fdr P1Inc,0.4418
09/13/2020,SLI UK Real Estt Accumulation Fdr P1Inc,0.4418
09/14/2020,SLI UK Real Estt Accumulation Fdr P1Inc,0.4419
09/15/2020,SLI UK Real Estt Accumulation Fdr P1Inc,0.4419
09/16/2020,SLI UK Real Estt Accumulation Fdr P1Inc,0.4419
09/17/2020,SLI UK Real Estt Accumulation Fdr P1Inc,0.4419
09/18/2020,SLI UK Real Estt Accumulation Fdr P1Inc,0.442
09/19/2020,SLI UK Real Estt Accumulation Fdr P1Inc,0.442
09/20/2020,SLI UK Real Estt Accumulation Fdr P1Inc,0.442
09/21/2020,SLI UK Real Estt Accumulation Fdr P1Inc,0.4421
09/22/2020,SLI UK Real Estt Accumulation Fdr P1Inc,0.4421
09/23/2020,SLI UK Real Estt Accumulation Fdr P1Inc,0.4421
09/24/2020,SLI UK Real Estt Accumulation Fdr P1Inc,0.4421
09/25/2020,SLI UK Real Estt Accumulation Fdr P1Inc,0.4422
09/26/2020,SLI UK Real Estt Accumulation Fdr P1Inc,0.4422
09/27/2020,SLI UK Real Estt Accumulation Fdr P1Inc,0.4422
09/28/2020,SLI UK Real Estt Accumulation Fdr P1Inc,0.4424
09/29/2020,SLI UK Real Estt Accumulation Fdr P1Inc,0.4422
09/30/2020,SLI UK Real Estt Accumulation Fdr P1Inc,0.4422
10/01/2020,SLI UK Real Estt Accumulation Fdr P1Inc,0.441
10/02/2020,SLI UK Real Estt Accumulation Fdr P1Inc,0.441
10/03/2020,SLI UK Real Estt Accumulation Fdr P1Inc,0.441
10/04/2020,SLI UK Real Estt Accumulation Fdr P1Inc,0.441
10/05/2020,SLI UK Real Estt Accumulation Fdr P1Inc,0.4411
10/06/2020,SLI UK Real Estt Accumulation Fdr P1Inc,0.4411
10/07/2020,SLI UK Real Estt Accumulation Fdr P1Inc,0.4411
10/08/2020,SLI UK Real Estt Accumulation Fdr P1Inc,0.4411
10/09/2020,SLI UK Real Estt Accumulation Fdr P1Inc,0.4412
10/10/2020,SLI UK Real Estt Accumulation Fdr P1Inc,0.4412
10/11/2020,SLI UK Real Estt Accumulation Fdr P1Inc,0.4412
10/12/2020,SLI UK Real Estt Accumulation Fdr P1Inc,0.4411
10/13/2020,SLI UK Real Estt Accumulation Fdr P1Inc,0.4412
10/14/2020,SLI UK Real Estt Accumulation Fdr P1Inc,0.4412
10/15/2020,SLI UK Real Estt Accumulation Fdr P1Inc,0.4412
10/16/2020,SLI UK Real Estt Accumulation Fdr P1Inc,0.4413
10/17/2020,SLI UK Real Estt Accumulation Fdr P1Inc,0.4413
10/18/2020,SLI UK Real Estt Accumulation Fdr P1Inc,0.4413
10/19/2020,SLI UK Real Estt Accumulation Fdr P1Inc,0.4413
10/20/2020,SLI UK Real Estt Accumulation Fdr P1Inc,0.4414
10/21/2020,SLI UK Real Estt Accumulation Fdr P1Inc,0.4414
10/22/2020,SLI UK Real Estt Accumulation Fdr P1Inc,0.4414
10/23/2020,SLI UK Real Estt Accumulation Fdr P1Inc,0.4415
10/24/2020,SLI UK Real Estt Accumulation Fdr P1Inc,0.4415
10/25/2020,SLI UK Real Estt Accumulation Fdr P1Inc,0.4415
10/26/2020,SLI UK Real Estt Accumulation Fdr P1Inc,0.4416
10/27/2020,SLI UK Real Estt Accumulation Fdr P1Inc,0.4416
10/28/2020,SLI UK Real Estt Accumulation Fdr P1Inc,0.4416
10/29/2020,SLI UK Real Estt Accumulation Fdr P1Inc,0.4416
10/30/2020,SLI UK Real Estt Accumulation Fdr P1Inc,0.4427
10/31/2020,SLI UK Real Estt Accumulation Fdr P1Inc,0.4427
11/01/2020,SLI UK Real Estt Accumulation Fdr P1Inc,0.4427
11/02/2020,SLI UK Real Estt Accumulation Fdr P1Inc,0.4413
11/03/2020,SLI UK Real Estt Accumulation Fdr P1Inc,0.4413
11/04/2020,SLI UK Real Estt Accumulation Fdr P1Inc,0.4416
11/05/2020,SLI UK Real Estt Accumulation Fdr P1Inc,0.4414
11/06/2020,SLI UK Real Estt Accumulation Fdr P1Inc,0.4414
11/07/2020,SLI UK Real Estt Accumulation Fdr P1Inc,0.4414
11/08/2020,SLI UK Real Estt Accumulation Fdr P1Inc,0.4414
11/09/2020,SLI UK Real Estt Accumulation Fdr P1Inc,0.4416
11/10/2020,SLI UK Real Estt Accumulation Fdr P1Inc,0.4414
11/11/2020,SLI UK Real Estt Accumulation Fdr P1Inc,0.4414
11/12/2020,SLI UK Real Estt Accumulation Fdr P1Inc,0.4414
11/13/2020,SLI UK Real Estt Accumulation Fdr P1Inc,0.4421
11/14/2020,SLI UK Real Estt Accumulation Fdr P1Inc,0.4421
11/15/2020,SLI UK Real Estt Accumulation Fdr P1Inc,0.4421
11/16/2020,SLI UK Real Estt Accumulation Fdr P1Inc,0.4422
11/17/2020,SLI UK Real Estt Accumulation Fdr P1Inc,0.4425
11/18/2020,SLI UK Real Estt Accumulation Fdr P1Inc,0.4427
11/19/2020,SLI UK Real Estt Accumulation Fdr P1Inc,0.4427
11/20/2020,SLI UK Real Estt Accumulation Fdr P1Inc,0.4427
11/21/2020,SLI UK Real Estt Accumulation Fdr P1Inc,0.4427
11/22/2020,SLI UK Real Estt Accumulation Fdr P1Inc,0.4427
11/23/2020,SLI UK Real Estt Accumulation Fdr P1Inc,0.4424
11/24/2020,SLI UK Real Estt Accumulation Fdr P1Inc,0.4424
11/25/2020,SLI UK Real Estt Accumulation Fdr P1Inc,0.4424
11/26/2020,SLI UK Real Estt Accumulation Fdr P1Inc,0.4425
11/27/2020,SLI UK Real Estt Accumulation Fdr P1Inc,0.4426
11/28/2020,SLI UK Real Estt Accumulation Fdr P1Inc,0.4426
11/29/2020,SLI UK Real Estt Accumulation Fdr P1Inc,0.4426
11/30/2020,SLI UK Real Estt Accumulation Fdr P1Inc,0.4438
12/01/2020,SLI UK Real Estt Accumulation Fdr P1Inc,0.4425
12/02/2020,SLI UK Real Estt Accumulation Fdr P1Inc,0.4426
12/03/2020,SLI UK Real Estt Accumulation Fdr P1Inc,0.4426
12/04/2020,SLI UK Real Estt Accumulation Fdr P1Inc,0.4426
12/05/2020,SLI UK Real Estt Accumulation Fdr P1Inc,0.4426
12/06/2020,SLI UK Real Estt Accumulation Fdr P1Inc,0.4426
12/07/2020,SLI UK Real Estt Accumulation Fdr P1Inc,0.4426
12/08/2020,SLI UK Real Estt Accumulation Fdr P1Inc,0.4426
12/09/2020,SLI UK Real Estt Accumulation Fdr P1Inc,0.4427
12/10/2020,SLI UK Real Estt Accumulation Fdr P1Inc,0.4427
12/11/2020,SLI UK Real Estt Accumulation Fdr P1Inc,0.4428
12/12/2020,SLI UK Real Estt Accumulation Fdr P1Inc,0.4428
12/13/2020,SLI UK Real Estt Accumulation Fdr P1Inc,0.4428
12/14/2020,SLI UK Real Estt Accumulation Fdr P1Inc,0.4428
12/15/2020,SLI UK Real Estt Accumulation Fdr P1Inc,0.4429
12/16/2020,SLI UK Real Estt Accumulation Fdr P1Inc,0.4429
12/17/2020,SLI UK Real Estt Accumulation Fdr P1Inc,0.4429
12/18/2020,SLI UK Real Estt Accumulation Fdr P1Inc,0.4429
12/19/2020,SLI UK Real Estt Accumulation Fdr P1Inc,0.4429
12/20/2020,SLI UK Real Estt Accumulation Fdr P1Inc,0.4429
12/21/2020,SLI UK Real Estt Accumulation Fdr P1Inc,0.4432
12/22/2020,SLI UK Real Estt Accumulation Fdr P1Inc,0.4432
12/23/2020,SLI UK Real Estt Accumulation Fdr P1Inc,0.4433
12/24/2020,SLI UK Real Estt Accumulation Fdr P1Inc,0.4431
12/25/2020,SLI UK Real Estt Accumulation Fdr P1Inc,0.4431
12/26/2020,SLI UK Real Estt Accumulation Fdr P1Inc,0.4431
12/27/2020,SLI UK Real Estt Accumulation Fdr P1Inc,0.4431
12/28/2020,SLI UK Real Estt Accumulation Fdr P1Inc,0.4431
12/29/2020,SLI UK Real Estt Accumulation Fdr P1Inc,0.4432
12/30/2020,SLI UK Real Estt Accumulation Fdr P1Inc,0.4434
12/31/2020,SLI UK Real Estt Accumulation Fdr P1Inc,0.4445
01/01/2021,SLI UK Real Estt Accumulation Fdr P1Inc,0.4445
01/02/2021,SLI UK Real Estt Accumulation Fdr P1Inc,0.4445
01/03/2021,SLI UK Real Estt Accumulation Fdr P1Inc,0.4445
01/04/2021,SLI UK Real Estt Accumulation Fdr P1Inc,0.4434
01/05/2021,SLI UK Real Estt Accumulation Fdr P1Inc,0.4434
01/06/2021,SLI UK Real Estt Accumulation Fdr P1Inc,0.4435
01/07/2021,SLI UK Real Estt Accumulation Fdr P1Inc,0.4435
01/08/2021,SLI UK Real Estt Accumulation Fdr P1Inc,0.4435
01/09/2021,SLI UK Real Estt Accumulation Fdr P1Inc,0.4435
01/10/2021,SLI UK Real Estt Accumulation Fdr P1Inc,0.4435
01/11/2021,SLI UK Real Estt Accumulation Fdr P1Inc,0.4435
01/12/2021,SLI UK Real Estt Accumulation Fdr P1Inc,0.4435
01/13/2021,SLI UK Real Estt Accumulation Fdr P1Inc,0.4435
01/14/2021,SLI UK Real Estt Accumulation Fdr P1Inc,0.4435
01/15/2021,SLI UK Real Estt Accumulation Fdr P1Inc,0.4436
01/16/2021,SLI UK Real Estt Accumulation Fdr P1Inc,0.4436
01/17/2021,SLI UK Real Estt Accumulation Fdr P1Inc,0.4436
01/18/2021,SLI UK Real Estt Accumulation Fdr P1Inc,0.4436
01/19/2021,SLI UK Real Estt Accumulation Fdr P1Inc,0.4436
01/20/2021,SLI UK Real Estt Accumulation Fdr P1Inc,0.4437
01/21/2021,SLI UK Real Estt Accumulation Fdr P1Inc,0.4437
01/22/2021,SLI UK Real Estt Accumulation Fdr P1Inc,0.4437
01/23/2021,SLI UK Real Estt Accumulation Fdr P1Inc,0.4437
01/24/2021,SLI UK Real Estt Accumulation Fdr P1Inc,0.4437
01/25/2021,SLI UK Real Estt Accumulation Fdr P1Inc,0.4438
01/26/2021,SLI UK Real Estt Accumulation Fdr P1Inc,0.4438
01/27/2021,SLI UK Real Estt Accumulation Fdr P1Inc,0.4439
01/28/2021,SLI UK Real Estt Accumulation Fdr P1Inc,0.4439
01/29/2021,SLI UK Real Estt Accumulation Fdr P1Inc,0.4447
01/30/2021,SLI UK Real Estt Accumulation Fdr P1Inc,0.4447
01/31/2021,SLI UK Real Estt Accumulation Fdr P1Inc,0.4447
02/01/2021,SLI UK Real Estt Accumulation Fdr P1Inc,0.4437
02/02/2021,SLI UK Real Estt Accumulation Fdr P1Inc,0.4438
02/03/2021,SLI UK Real Estt Accumulation Fdr P1Inc,0.4438
02/04/2021,SLI UK Real Estt Accumulation Fdr P1Inc,0.4439
02/05/2021,SLI UK Real Estt Accumulation Fdr P1Inc,0.4439
02/06/2021,SLI UK Real Estt Accumulation Fdr P1Inc,0.4439
02/07/2021,SLI UK Real Estt Accumulation Fdr P1Inc,0.4439
02/08/2021,SLI UK Real Estt Accumulation Fdr P1Inc,0.4439
02/09/2021,SLI UK Real Estt Accumulation Fdr P1Inc,0.4439
02/10/2021,SLI UK Real Estt Accumulation Fdr P1Inc,0.444
02/11/2021,SLI UK Real Estt Accumulation Fdr P1Inc,0.444
02/12/2021,SLI UK Real Estt Accumulation Fdr P1Inc,0.444
02/13/2021,SLI UK Real Estt Accumulation Fdr P1Inc,0.444
02/14/2021,SLI UK Real Estt Accumulation Fdr P1Inc,0.444
02/15/2021,SLI UK Real Estt Accumulation Fdr P1Inc,0.4441
02/16/2021,SLI UK Real Estt Accumulation Fdr P1Inc,0.444
02/17/2021,SLI UK Real Estt Accumulation Fdr P1Inc,0.4441
02/18/2021,SLI UK Real Estt Accumulation Fdr P1Inc,0.4441
02/19/2021,SLI UK Real Estt Accumulation Fdr P1Inc,0.444
02/20/2021,SLI UK Real Estt Accumulation Fdr P1Inc,0.444
02/21/2021,SLI UK Real Estt Accumulation Fdr P1Inc,0.444
02/22/2021,SLI UK Real Estt Accumulation Fdr P1Inc,0.4441
02/23/2021,SLI UK Real Estt Accumulation Fdr P1Inc,0.4441
02/24/2021,SLI UK Real Estt Accumulation Fdr P1Inc,0.4441
02/25/2021,SLI UK Real Estt Accumulation Fdr P1Inc,0.4439
02/26/2021,SLI UK Real Estt Accumulation Fdr P1Inc,0.4438
02/27/2021,SLI UK Real Estt Accumulation Fdr P1Inc,0.4438
02/28/2021,SLI UK Real Estt Accumulation Fdr P1Inc,0.4438
03/01/2021,SLI UK Real Estt Accumulation Fdr P1Inc,0.4431
03/02/2021,SLI UK Real Estt Accumulation Fdr P1Inc,0.4431
03/03/2021,SLI UK Real Estt Accumulation Fdr P1Inc,0.4431
03/04/2021,SLI UK Real Estt Accumulation Fdr P1Inc,0.4432
03/05/2021,SLI UK Real Estt Accumulation Fdr P1Inc,0.4432
03/06/2021,SLI UK Real Estt Accumulation Fdr P1Inc,0.4432
03/07/2021,SLI UK Real Estt Accumulation Fdr P1Inc,0.4432
03/08/2021,SLI UK Real Estt Accumulation Fdr P1Inc,0.4433
03/09/2021,SLI UK Real Estt Accumulation Fdr P1Inc,0.4433
03/10/2021,SLI UK Real Estt Accumulation Fdr P1Inc,0.4433
03/11/2021,SLI UK Real Estt Accumulation Fdr P1Inc,0.4433
03/12/2021,SLI UK Real Estt Accumulation Fdr P1Inc,0.4434
03/13/2021,SLI UK Real Estt Accumulation Fdr P1Inc,0.4434
03/14/2021,SLI UK Real Estt Accumulation Fdr P1Inc,0.4434
03/15/2021,SLI UK Real Estt Accumulation Fdr P1Inc,0.4435
03/16/2021,SLI UK Real Estt Accumulation Fdr P1Inc,0.4435
03/17/2021,SLI UK Real Estt Accumulation Fdr P1Inc,0.4436
03/18/2021,SLI UK Real Estt Accumulation Fdr P1Inc,0.4436
03/19/2021,SLI UK Real Estt Accumulation Fdr P1Inc,0.4437
03/20/2021,SLI UK Real Estt Accumulation Fdr P1Inc,0.4437
03/21/2021,SLI UK Real Estt Accumulation Fdr P1Inc,0.4437
03/22/2021,SLI UK Real Estt Accumulation Fdr P1Inc,0.4438
03/23/2021,SLI UK Real Estt Accumulation Fdr P1Inc,0.4438
03/24/2021,SLI UK Real Estt Accumulation Fdr P1Inc,0.4439
03/25/2021,SLI UK Real Estt Accumulation Fdr P1Inc,0.444
03/26/2021,SLI UK Real Estt Accumulation Fdr P1Inc,0.4441
03/27/2021,SLI UK Real Estt Accumulation Fdr P1Inc,0.4441
03/28/2021,SLI UK Real Estt Accumulation Fdr P1Inc,0.4441
03/29/2021,SLI UK Real Estt Accumulation Fdr P1Inc,0.4449
03/30/2021,SLI UK Real Estt Accumulation Fdr P1Inc,0.4446
03/31/2021,SLI UK Real Estt Accumulation Fdr P1Inc,0.4446
04/01/2021,SLI UK Real Estt Accumulation Fdr P1Inc,0.4437
04/02/2021,SLI UK Real Estt Accumulation Fdr P1Inc,0.4437
04/03/2021,SLI UK Real Estt Accumulation Fdr P1Inc,0.4437
04/04/2021,SLI UK Real Estt Accumulation Fdr P1Inc,0.4437
04/05/2021,SLI UK Real Estt Accumulation Fdr P1Inc,0.4437
04/06/2021,SLI UK Real Estt Accumulation Fdr P1Inc,0.4438
04/07/2021,SLI UK Real Estt Accumulation Fdr P1Inc,0.4438
04/08/2021,SLI UK Real Estt Accumulation Fdr P1Inc,0.4438
04/09/2021,SLI UK Real Estt Accumulation Fdr P1Inc,0.4439
04/10/2021,SLI UK Real Estt Accumulation Fdr P1Inc,0.4439
04/11/2021,SLI UK Real Estt Accumulation Fdr P1Inc,0.4439
04/12/2021,SLI UK Real Estt Accumulation Fdr P1Inc,0.444
04/13/2021,SLI UK Real Estt Accumulation Fdr P1Inc,0.444
04/14/2021,SLI UK Real Estt Accumulation Fdr P1Inc,0.444
04/15/2021,SLI UK Real Estt Accumulation Fdr P1Inc,0.4441
04/16/2021,SLI UK Real Estt Accumulation Fdr P1Inc,0.4441
04/17/2021,SLI UK Real Estt Accumulation Fdr P1Inc,0.4441
04/18/2021,SLI UK Real Estt Accumulation Fdr P1Inc,0.4441
04/19/2021,SLI UK Real Estt Accumulation Fdr P1Inc,0.4442
04/20/2021,SLI UK Real Estt Accumulation Fdr P1Inc,0.4442
04/21/2021,SLI UK Real Estt Accumulation Fdr P1Inc,0.4443
04/22/2021,SLI UK Real Estt Accumulation Fdr P1Inc,0.4443
04/23/2021,SLI UK Real Estt Accumulation Fdr P1Inc,0.4443
04/24/2021,SLI UK Real Estt Accumulation Fdr P1Inc,0.4443
04/25/2021,SLI UK Real Estt Accumulation Fdr P1Inc,0.4443
04/26/2021,SLI UK Real Estt Accumulation Fdr P1Inc,0.4445
04/27/2021,SLI UK Real Estt Accumulation Fdr P1Inc,0.4445
04/28/2021,SLI UK Real Estt Accumulation Fdr P1Inc,0.4446
04/29/2021,SLI UK Real Estt Accumulation Fdr P1Inc,0.4447
04/30/2021,SLI UK Real Estt Accumulation Fdr P1Inc,0.4444
05/01/2021,SLI UK Real Estt Accumulation Fdr P1Inc,0.4444
05/02/2021,SLI UK Real Estt Accumulation Fdr P1Inc,0.4444
05/03/2021,SLI UK Real Estt Accumulation Fdr P1Inc,0.4444
05/04/2021,SLI UK Real Estt Accumulation Fdr P1Inc,0.4431
05/05/2021,SLI UK Real Estt Accumulation Fdr P1Inc,0.4431
05/06/2021,SLI UK Real Estt Accumulation Fdr P1Inc,0.4431
05/07/2021,SLI UK Real Estt Accumulation Fdr P1Inc,0.4431
05/08/2021,SLI UK Real Estt Accumulation Fdr P1Inc,0.4431
05/09/2021,SLI UK Real Estt Accumulation Fdr P1Inc,0.4431
05/10/2021,SLI UK Real Estt Accumulation Fdr P1Inc,0.4432
05/11/2021,SLI UK Real Estt Accumulation Fdr P1Inc,0.4432
05/12/2021,SLI UK Real Estt Accumulation Fdr P1Inc,0.4432
05/13/2021,SLI UK Real Estt Accumulation Fdr P1Inc,0.4432
05/14/2021,SLI UK Real Estt Accumulation Fdr P1Inc,0.443
05/15/2021,SLI UK Real Estt Accumulation Fdr P1Inc,0.443
05/16/2021,SLI UK Real Estt Accumulation Fdr P1Inc,0.443
05/17/2021,SLI UK Real Estt Accumulation Fdr P1Inc,0.4431
05/18/2021,SLI UK Real Estt Accumulation Fdr P1Inc,0.4431
05/19/2021,SLI UK Real Estt Accumulation Fdr P1Inc,0.4432
05/20/2021,SLI UK Real Estt Accumulation Fdr P1Inc,0.4432
05/21/2021,SLI UK Real Estt Accumulation Fdr P1Inc,0.4432
05/22/2021,SLI UK Real Estt Accumulation Fdr P1Inc,0.4432
05/23/2021,SLI UK Real Estt Accumulation Fdr P1Inc,0.4432
05/24/2021,SLI UK Real Estt Accumulation Fdr P1Inc,0.4434
05/25/2021,SLI UK Real Estt Accumulation Fdr P1Inc,0.4434
05/26/2021,SLI UK Real Estt Accumulation Fdr P1Inc,0.4434
05/27/2021,SLI UK Real Estt Accumulation Fdr P1Inc,0.4435
05/28/2021,SLI UK Real Estt Accumulation Fdr P1Inc,0.4435
05/29/2021,SLI UK Real Estt Accumulation Fdr P1Inc,0.4435
05/30/2021,SLI UK Real Estt Accumulation Fdr P1Inc,0.4435
05/31/2021,SLI UK Real Estt Accumulation Fdr P1Inc,0.4435
06/01/2021,SLI UK Real Estt Accumulation Fdr P1Inc,0.4462
06/02/2021,SLI UK Real Estt Accumulation Fdr P1Inc,0.4463
06/03/2021,SLI UK Real Estt Accumulation Fdr P1Inc,0.4463
06/04/2021,SLI UK Real Estt Accumulation Fdr P1Inc,0.4463
06/05/2021,SLI UK Real Estt Accumulation Fdr P1Inc,0.4463
06/06/2021,SLI UK Real Estt Accumulation Fdr P1Inc,0.4463
06/07/2021,SLI UK Real Estt Accumulation Fdr P1Inc,0.4464
06/08/2021,SLI UK Real Estt Accumulation Fdr P1Inc,0.4464
06/09/2021,SLI UK Real Estt Accumulation Fdr P1Inc,0.4464
06/10/2021,SLI UK Real Estt Accumulation Fdr P1Inc,0.4464
06/11/2021,SLI UK Real Estt Accumulation Fdr P1Inc,0.4465
06/12/2021,SLI UK Real Estt Accumulation Fdr P1Inc,0.4465
06/13/2021,SLI UK Real Estt Accumulation Fdr P1Inc,0.4465
06/14/2021,SLI UK Real Estt Accumulation Fdr P1Inc,0.4465
06/15/2021,SLI UK Real Estt Accumulation Fdr P1Inc,0.4465
06/16/2021,SLI UK Real Estt Accumulation Fdr P1Inc,0.4466
06/17/2021,SLI UK Real Estt Accumulation Fdr P1Inc,0.4466
06/18/2021,SLI UK Real Estt Accumulation Fdr P1Inc,0.4466
06/19/2021,SLI UK Real Estt Accumulation Fdr P1Inc,0.4466
06/20/2021,SLI UK Real Estt Accumulation Fdr P1Inc,0.4466
06/21/2021,SLI UK Real Estt Accumulation Fdr P1Inc,0.4467
06/22/2021,SLI UK Real Estt Accumulation Fdr P1Inc,0.4467
06/23/2021,SLI UK Real Estt Accumulation Fdr P1Inc,0.4467
06/24/2021,SLI UK Real Estt Accumulation Fdr P1Inc,0.4468
06/25/2021,SLI UK Real Estt Accumulation Fdr P1Inc,0.4468
06/26/2021,SLI UK Real Estt Accumulation Fdr P1Inc,0.4468
06/27/2021,SLI UK Real Estt Accumulation Fdr P1Inc,0.4468
06/28/2021,SLI UK Real Estt Accumulation Fdr P1Inc,0.4468
06/29/2021,SLI UK Real Estt Accumulation Fdr P1Inc,0.4468
06/30/2021,SLI UK Real Estt Accumulation Fdr P1Inc,0.4523
07/01/2021,SLI UK Real Estt Accumulation Fdr P1Inc,0.4525
07/02/2021,SLI UK Real Estt Accumulation Fdr P1Inc,0.4527
07/03/2021,SLI UK Real Estt Accumulation Fdr P1Inc,0.4527
07/04/2021,SLI UK Real Estt Accumulation Fdr P1Inc,0.4527
07/05/2021,SLI UK Real Estt Accumulation Fdr P1Inc,0.4528
07/06/2021,SLI UK Real Estt Accumulation Fdr P1Inc,0.4529
07/07/2021,SLI UK Real Estt Accumulation Fdr P1Inc,0.453
07/08/2021,SLI UK Real Estt Accumulation Fdr P1Inc,0.453
07/09/2021,SLI UK Real Estt Accumulation Fdr P1Inc,0.453
07/10/2021,SLI UK Real Estt Accumulation Fdr P1Inc,0.453
07/11/2021,SLI UK Real Estt Accumulation Fdr P1Inc,0.453
07/12/2021,SLI UK Real Estt Accumulation Fdr P1Inc,0.4531
07/13/2021,SLI UK Real Estt Accumulation Fdr P1Inc,0.4531
07/14/2021,SLI UK Real Estt Accumulation Fdr P1Inc,0.4531
07/15/2021,SLI UK Real Estt Accumulation Fdr P1Inc,0.4532
07/16/2021,SLI UK Real Estt Accumulation Fdr P1Inc,0.4532
07/17/2021,SLI UK Real Estt Accumulation Fdr P1Inc,0.4532
07/18/2021,SLI UK Real Estt Accumulation Fdr P1Inc,0.4532
07/19/2021,SLI UK Real Estt Accumulation Fdr P1Inc,0.4533
07/20/2021,SLI UK Real Estt Accumulation Fdr P1Inc,0.4534
07/21/2021,SLI UK Real Estt Accumulation Fdr P1Inc,0.4534
07/22/2021,SLI UK Real Estt Accumulation Fdr P1Inc,0.4534
07/23/2021,SLI UK Real Estt Accumulation Fdr P1Inc,0.4535
07/24/2021,SLI UK Real Estt Accumulation Fdr P1Inc,0.4535
07/25/2021,SLI UK Real Estt Accumulation Fdr P1Inc,0.4535
07/26/2021,SLI UK Real Estt Accumulation Fdr P1Inc,0.4535
07/27/2021,SLI UK Real Estt Accumulation Fdr P1Inc,0.4535
07/28/2021,SLI UK Real Estt Accumulation Fdr P1Inc,0.4535
07/29/2021,SLI UK Real Estt Accumulation Fdr P1Inc,0.4534
07/30/2021,SLI UK Real Estt Accumulation Fdr P1Inc,0.4529
07/31/2021,SLI UK Real Estt Accumulation Fdr P1Inc,0.4529
08/01/2021,SLI UK Real Estt Accumulation Fdr P1Inc,0.4529
08/02/2021,SLI UK Real Estt Accumulation Fdr P1Inc,0.4519
08/03/2021,SLI UK Real Estt Accumulation Fdr P1Inc,0.4519
08/04/2021,SLI UK Real Estt Accumulation Fdr P1Inc,0.4517
08/05/2021,SLI UK Real Estt Accumulation Fdr P1Inc,0.4518
08/06/2021,SLI UK Real Estt Accumulation Fdr P1Inc,0.4518
08/07/2021,SLI UK Real Estt Accumulation Fdr P1Inc,0.4518
08/08/2021,SLI UK Real Estt Accumulation Fdr P1Inc,0.4518
08/09/2021,SLI UK Real Estt Accumulation Fdr P1Inc,0.4519
08/10/2021,SLI UK Real Estt Accumulation Fdr P1Inc,0.4518
08/11/2021,SLI UK Real Estt Accumulation Fdr P1Inc,0.4518
08/12/2021,SLI UK Real Estt Accumulation Fdr P1Inc,0.4519
08/13/2021,SLI UK Real Estt Accumulation Fdr P1Inc,0.4519
08/14/2021,SLI UK Real Estt Accumulation Fdr P1Inc,0.4519
08/15/2021,SLI UK Real Estt Accumulation Fdr P1Inc,0.4519
08/16/2021,SLI UK Real Estt Accumulation Fdr P1Inc,0.452
08/17/2021,SLI UK Real Estt Accumulation Fdr P1Inc,0.452
08/18/2021,SLI UK Real Estt Accumulation Fdr P1Inc,0.452
08/19/2021,SLI UK Real Estt Accumulation Fdr P1Inc,0.452
08/20/2021,SLI UK Real Estt Accumulation Fdr P1Inc,0.452
08/21/2021,SLI UK Real Estt Accumulation Fdr P1Inc,0.452
08/22/2021,SLI UK Real Estt Accumulation Fdr P1Inc,0.452
08/23/2021,SLI UK Real Estt Accumulation Fdr P1Inc,0.4519
08/24/2021,SLI UK Real Estt Accumulation Fdr P1Inc,0.452
08/25/2021,SLI UK Real Estt Accumulation Fdr P1Inc,0.452
08/26/2021,SLI UK Real Estt Accumulation Fdr P1Inc,0.452
08/27/2021,SLI UK Real Estt Accumulation Fdr P1Inc,0.4522
08/28/2021,SLI UK Real Estt Accumulation Fdr P1Inc,0.4522
08/29/2021,SLI UK Real Estt Accumulation Fdr P1Inc,0.4522
08/30/2021,SLI UK Real Estt Accumulation Fdr P1Inc,0.4522
08/31/2021,SLI UK Real Estt Accumulation Fdr P1Inc,0.4578
09/01/2021,SLI UK Real Estt Accumulation Fdr P1Inc,0.4567
09/02/2021,SLI UK Real Estt Accumulation Fdr P1Inc,0.4567
09/03/2021,SLI UK Real Estt Accumulation Fdr P1Inc,0.4568
09/04/2021,SLI UK Real Estt Accumulation Fdr P1Inc,0.4568
09/05/2021,SLI UK Real Estt Accumulation Fdr P1Inc,0.4568
09/06/2021,SLI UK Real Estt Accumulation Fdr P1Inc,0.4568
09/07/2021,SLI UK Real Estt Accumulation Fdr P1Inc,0.4569
09/08/2021,SLI UK Real Estt Accumulation Fdr P1Inc,0.4569
09/09/2021,SLI UK Real Estt Accumulation Fdr P1Inc,0.457
09/10/2021,SLI UK Real Estt Accumulation Fdr P1Inc,0.4571
09/11/2021,SLI UK Real Estt Accumulation Fdr P1Inc,0.4571
09/12/2021,SLI UK Real Estt Accumulation Fdr P1Inc,0.4571
09/13/2021,SLI UK Real Estt Accumulation Fdr P1Inc,0.4572
09/14/2021,SLI UK Real Estt Accumulation Fdr P1Inc,0.4571
09/15/2021,SLI UK Real Estt Accumulation Fdr P1Inc,0.4571
09/16/2021,SLI UK Real Estt Accumulation Fdr P1Inc,0.4571
09/17/2021,SLI UK Real Estt Accumulation Fdr P1Inc,0.4571
09/18/2021,SLI UK Real Estt Accumulation Fdr P1Inc,0.4571
09/19/2021,SLI UK Real Estt Accumulation Fdr P1Inc,0.4571
09/20/2021,SLI UK Real Estt Accumulation Fdr P1Inc,0.4609
09/21/2021,SLI UK Real Estt Accumulation Fdr P1Inc,0.4609
09/22/2021,SLI UK Real Estt Accumulation Fdr P1Inc,0.461
09/23/2021,SLI UK Real Estt Accumulation Fdr P1Inc,0.461
09/24/2021,SLI UK Real Estt Accumulation Fdr P1Inc,0.4615
09/25/2021,SLI UK Real Estt Accumulation Fdr P1Inc,0.4615
09/26/2021,SLI UK Real Estt Accumulation Fdr P1Inc,0.4615
09/27/2021,SLI UK Real Estt Accumulation Fdr P1Inc,0.4607
09/28/2021,SLI UK Real Estt Accumulation Fdr P1Inc,0.4606
09/29/2021,SLI UK Real Estt Accumulation Fdr P1Inc,0.4598
09/30/2021,SLI UK Real Estt Accumulation Fdr P1Inc,0.4637
10/01/2021,SLI UK Real Estt Accumulation Fdr P1Inc,0.4634
10/02/2021,SLI UK Real Estt Accumulation Fdr P1Inc,0.4634
10/03/2021,SLI UK Real Estt Accumulation Fdr P1Inc,0.4634
10/04/2021,SLI UK Real Estt Accumulation Fdr P1Inc,0.4635
10/05/2021,SLI UK Real Estt Accumulation Fdr P1Inc,0.464
10/06/2021,SLI UK Real Estt Accumulation Fdr P1Inc,0.4641
10/07/2021,SLI UK Real Estt Accumulation Fdr P1Inc,0.4641
10/08/2021,SLI UK Real Estt Accumulation Fdr P1Inc,0.4641
10/09/2021,SLI UK Real Estt Accumulation Fdr P1Inc,0.4641
10/10/2021,SLI UK Real Estt Accumulation Fdr P1Inc,0.4641
10/11/2021,SLI UK Real Estt Accumulation Fdr P1Inc,0.4642
10/12/2021,SLI UK Real Estt Accumulation Fdr P1Inc,0.4642
10/13/2021,SLI UK Real Estt Accumulation Fdr P1Inc,0.4643
10/14/2021,SLI UK Real Estt Accumulation Fdr P1Inc,0.4643
10/15/2021,SLI UK Real Estt Accumulation Fdr P1Inc,0.4643
10/16/2021,SLI UK Real Estt Accumulation Fdr P1Inc,0.4643
10/17/2021,SLI UK Real Estt Accumulation Fdr P1Inc,0.4643
10/18/2021,SLI UK Real Estt Accumulation Fdr P1Inc,0.4644
10/19/2021,SLI UK Real Estt Accumulation Fdr P1Inc,0.4644
10/20/2021,SLI UK Real Estt Accumulation Fdr P1Inc,0.4644
10/21/2021,SLI UK Real Estt Accumulation Fdr P1Inc,0.4645
10/22/2021,SLI UK Real Estt Accumulation Fdr P1Inc,0.4645
10/23/2021,SLI UK Real Estt Accumulation Fdr P1Inc,0.4645
10/24/2021,SLI UK Real Estt Accumulation Fdr P1Inc,0.4645
10/25/2021,SLI UK Real Estt Accumulation Fdr P1Inc,0.4646
10/26/2021,SLI UK Real Estt Accumulation Fdr P1Inc,0.4646
10/27/2021,SLI UK Real Estt Accumulation Fdr P1Inc,0.4646
10/28/2021,SLI UK Real Estt Accumulation Fdr P1Inc,0.4648
10/29/2021,SLI UK Real Estt Accumulation Fdr P1Inc,0.4667
10/30/2021,SLI UK Real Estt Accumulation Fdr P1Inc,0.4667
10/31/2021,SLI UK Real Estt Accumulation Fdr P1Inc,0.4667
11/01/2021,SLI UK Real Estt Accumulation Fdr P1Inc,0.4655
11/02/2021,SLI UK Real Estt Accumulation Fdr P1Inc,0.4655
11/03/2021,SLI UK Real Estt Accumulation Fdr P1Inc,0.4655
11/04/2021,SLI UK Real Estt Accumulation Fdr P1Inc,0.4654
11/05/2021,SLI UK Real Estt Accumulation Fdr P1Inc,0.4654
11/06/2021,SLI UK Real Estt Accumulation Fdr P1Inc,0.4654
11/07/2021,SLI UK Real Estt Accumulation Fdr P1Inc,0.4654
11/08/2021,SLI UK Real Estt Accumulation Fdr P1Inc,0.4655
11/09/2021,SLI UK Real Estt Accumulation Fdr P1Inc,0.4655
11/10/2021,SLI UK Real Estt Accumulation Fdr P1Inc,0.4656
11/11/2021,SLI UK Real Estt Accumulation Fdr P1Inc,0.4656
11/12/2021,SLI UK Real Estt Accumulation Fdr P1Inc,0.4656
11/13/2021,SLI UK Real Estt Accumulation Fdr P1Inc,0.4656
11/14/2021,SLI UK Real Estt Accumulation Fdr P1Inc,0.4656
11/15/2021,SLI UK Real Estt Accumulation Fdr P1Inc,0.4657
11/16/2021,SLI UK Real Estt Accumulation Fdr P1Inc,0.4657
11/17/2021,SLI UK Real Estt Accumulation Fdr P1Inc,0.4657
11/18/2021,SLI UK Real Estt Accumulation Fdr P1Inc,0.4657
11/19/2021,SLI UK Real Estt Accumulation Fdr P1Inc,0.4657
11/20/2021,SLI UK Real Estt Accumulation Fdr P1Inc,0.4657
11/21/2021,SLI UK Real Estt Accumulation Fdr P1Inc,0.4657
11/22/2021,SLI UK Real Estt Accumulation Fdr P1Inc,0.4658
11/23/2021,SLI UK Real Estt Accumulation Fdr P1Inc,0.4658
11/24/2021,SLI UK Real Estt Accumulation Fdr P1Inc,0.4658
11/25/2021,SLI UK Real Estt Accumulation Fdr P1Inc,0.4659
11/26/2021,SLI UK Real Estt Accumulation Fdr P1Inc,0.4659
11/27/2021,SLI UK Real Estt Accumulation Fdr P1Inc,0.4659
11/28/2021,SLI UK Real Estt Accumulation Fdr P1Inc,0.4659
11/29/2021,SLI UK Real Estt Accumulation Fdr P1Inc,0.4687
11/30/2021,SLI UK Real Estt Accumulation Fdr P1Inc,0.4687
12/01/2021,SLI UK Real Estt Accumulation Fdr P1Inc,0.4687
12/02/2021,SLI UK Real Estt Accumulation Fdr P1Inc,0.4687
12/03/2021,SLI UK Real Estt Accumulation Fdr P1Inc,0.4687
12/04/2021,SLI UK Real Estt Accumulation Fdr P1Inc,0.4687
12/05/2021,SLI UK Real Estt Accumulation Fdr P1Inc,0.4687
12/06/2021,SLI UK Real Estt Accumulation Fdr P1Inc,0.4687
12/07/2021,SLI UK Real Estt Accumulation Fdr P1Inc,0.4688
12/08/2021,SLI UK Real Estt Accumulation Fdr P1Inc,0.4688
12/09/2021,SLI UK Real Estt Accumulation Fdr P1Inc,0.4687
12/10/2021,SLI UK Real Estt Accumulation Fdr P1Inc,0.4687
12/11/2021,SLI UK Real Estt Accumulation Fdr P1Inc,0.4687
12/12/2021,SLI UK Real Estt Accumulation Fdr P1Inc,0.4687
12/13/2021,SLI UK Real Estt Accumulation Fdr P1Inc,0.4688
12/14/2021,SLI UK Real Estt Accumulation Fdr P1Inc,0.4689
12/15/2021,SLI UK Real Estt Accumulation Fdr P1Inc,0.4689
12/16/2021,SLI UK Real Estt Accumulation Fdr P1Inc,0.4689
12/17/2021,SLI UK Real Estt Accumulation Fdr P1Inc,0.4689
12/18/2021,SLI UK Real Estt Accumulation Fdr P1Inc,0.4689
12/19/2021,SLI UK Real Estt Accumulation Fdr P1Inc,0.4689
12/20/2021,SLI UK Real Estt Accumulation Fdr P1Inc,0.469
12/21/2021,SLI UK Real Estt Accumulation Fdr P1Inc,0.469
12/22/2021,SLI UK Real Estt Accumulation Fdr P1Inc,0.469
12/23/2021,SLI UK Real Estt Accumulation Fdr P1Inc,0.469
12/24/2021,SLI UK Real Estt Accumulation Fdr P1Inc,0.4691
12/25/2021,SLI UK Real Estt Accumulation Fdr P1Inc,0.4691
12/26/2021,SLI UK Real Estt Accumulation Fdr P1Inc,0.4691
12/27/2021,SLI UK Real Estt Accumulation Fdr P1Inc,0.4691
12/28/2021,SLI UK Real Estt Accumulation Fdr P1Inc,0.4691
12/29/2021,SLI UK Real Estt Accumulation Fdr P1Inc,0.4692
12/30/2021,SLI UK Real Estt Accumulation Fdr P1Inc,0.4693
12/31/2021,SLI UK Real Estt Accumulation Fdr P1Inc,0.4778
01/01/2022,SLI UK Real Estt Accumulation Fdr P1Inc,0.4778
01/02/2022,SLI UK Real Estt Accumulation Fdr P1Inc,0.4778
01/03/2022,SLI UK Real Estt Accumulation Fdr P1Inc,0.4778
01/04/2022,SLI UK Real Estt Accumulation Fdr P1Inc,0.4766
01/05/2022,SLI UK Real Estt Accumulation Fdr P1Inc,0.4766
01/06/2022,SLI UK Real Estt Accumulation Fdr P1Inc,0.4766
01/07/2022,SLI UK Real Estt Accumulation Fdr P1Inc,0.4767
01/08/2022,SLI UK Real Estt Accumulation Fdr P1Inc,0.4767
01/09/2022,SLI UK Real Estt Accumulation Fdr P1Inc,0.4767
01/10/2022,SLI UK Real Estt Accumulation Fdr P1Inc,0.4767
01/11/2022,SLI UK Real Estt Accumulation Fdr P1Inc,0.4768
01/12/2022,SLI UK Real Estt Accumulation Fdr P1Inc,0.4768
01/13/2022,SLI UK Real Estt Accumulation Fdr P1Inc,0.4768
01/14/2022,SLI UK Real Estt Accumulation Fdr P1Inc,0.4769
01/15/2022,SLI UK Real Estt Accumulation Fdr P1Inc,0.4769
01/16/2022,SLI UK Real Estt Accumulation Fdr P1Inc,0.4769
01/17/2022,SLI UK Real Estt Accumulation Fdr P1Inc,0.4769
01/18/2022,SLI UK Real Estt Accumulation Fdr P1Inc,0.477
01/19/2022,SLI UK Real Estt Accumulation Fdr P1Inc,0.477
01/20/2022,SLI UK Real Estt Accumulation Fdr P1Inc,0.477
01/21/2022,SLI UK Real Estt Accumulation Fdr P1Inc,0.477
01/22/2022,SLI UK Real Estt Accumulation Fdr P1Inc,0.477
01/23/2022,SLI UK Real Estt Accumulation Fdr P1Inc,0.477
01/24/2022,SLI UK Real Estt Accumulation Fdr P1Inc,0.4771
01/25/2022,SLI UK Real Estt Accumulation Fdr P1Inc,0.4771
01/26/2022,SLI UK Real Estt Accumulation Fdr P1Inc,0.4771
01/27/2022,SLI UK Real Estt Accumulation Fdr P1Inc,0.4772
01/28/2022,SLI UK Real Estt Accumulation Fdr P1Inc,0.4772
01/29/2022,SLI UK Real Estt Accumulation Fdr P1Inc,0.4772
01/30/2022,SLI UK Real Estt Accumulation Fdr P1Inc,0.4772
01/31/2022,SLI UK Real Estt Accumulation Fdr P1Inc,0.4786
02/01/2022,SLI UK Real Estt Accumulation Fdr P1Inc,0.4773
02/02/2022,SLI UK Real Estt Accumulation Fdr P1Inc,0.4774
02/03/2022,SLI UK Real Estt Accumulation Fdr P1Inc,0.4774
02/04/2022,SLI UK Real Estt Accumulation Fdr P1Inc,0.4774
02/05/2022,SLI UK Real Estt Accumulation Fdr P1Inc,0.4774
02/06/2022,SLI UK Real Estt Accumulation Fdr P1Inc,0.4774
02/07/2022,SLI UK Real Estt Accumulation Fdr P1Inc,0.4775
02/08/2022,SLI UK Real Estt Accumulation Fdr P1Inc,0.4775
02/09/2022,SLI UK Real Estt Accumulation Fdr P1Inc,0.4775
02/10/2022,SLI UK Real Estt Accumulation Fdr P1Inc,0.4775
02/11/2022,SLI UK Real Estt Accumulation Fdr P1Inc,0.4775
02/12/2022,SLI UK Real Estt Accumulation Fdr P1Inc,0.4775
02/13/2022,SLI UK Real Estt Accumulation Fdr P1Inc,0.4775
02/14/2022,SLI UK Real Estt Accumulation Fdr P1Inc,0.4776
02/15/2022,SLI UK Real Estt Accumulation Fdr P1Inc,0.4776
02/16/2022,SLI UK Real Estt Accumulation Fdr P1Inc,0.4777
02/17/2022,SLI UK Real Estt Accumulation Fdr P1Inc,0.4777
02/18/2022,SLI UK Real Estt Accumulation Fdr P1Inc,0.4777
02/19/2022,SLI UK Real Estt Accumulation Fdr P1Inc,0.4777
02/20/2022,SLI UK Real Estt Accumulation Fdr P1Inc,0.4777
02/21/2022,SLI UK Real Estt Accumulation Fdr P1Inc,0.4777
02/22/2022,SLI UK Real Estt Accumulation Fdr P1Inc,0.4778
02/23/2022,SLI UK Real Estt Accumulation Fdr P1Inc,0.4777
02/24/2022,SLI UK Real Estt Accumulation Fdr P1Inc,0.4777
02/25/2022,SLI UK Real Estt Accumulation Fdr P1Inc,0.4778
