Date,Name,NAV
09/16/2014,abrdn Short Dur Gbl Infl Lnk P1 Inc,0.5
09/17/2014,abrdn Short Dur Gbl Infl Lnk P1 Inc,0.5001
09/18/2014,abrdn Short Dur Gbl Infl Lnk P1 Inc,0.499
09/19/2014,abrdn Short Dur Gbl Infl Lnk P1 Inc,0.4977
09/20/2014,abrdn Short Dur Gbl Infl Lnk P1 Inc,0.4977
09/21/2014,abrdn Short Dur Gbl Infl Lnk P1 Inc,0.4977
09/22/2014,abrdn Short Dur Gbl Infl Lnk P1 Inc,0.4982
09/23/2014,abrdn Short Dur Gbl Infl Lnk P1 Inc,0.4984
09/24/2014,abrdn Short Dur Gbl Infl Lnk P1 Inc,0.4991
09/25/2014,abrdn Short Dur Gbl Infl Lnk P1 Inc,0.4988
09/26/2014,abrdn Short Dur Gbl Infl Lnk P1 Inc,0.4995
09/27/2014,abrdn Short Dur Gbl Infl Lnk P1 Inc,0.4995
09/28/2014,abrdn Short Dur Gbl Infl Lnk P1 Inc,0.4995
09/29/2014,abrdn Short Dur Gbl Infl Lnk P1 Inc,0.4987
09/30/2014,abrdn Short Dur Gbl Infl Lnk P1 Inc,0.499
10/01/2014,abrdn Short Dur Gbl Infl Lnk P1 Inc,0.4987
10/02/2014,abrdn Short Dur Gbl Infl Lnk P1 Inc,0.5
10/03/2014,abrdn Short Dur Gbl Infl Lnk P1 Inc,0.4993
10/04/2014,abrdn Short Dur Gbl Infl Lnk P1 Inc,0.4993
10/05/2014,abrdn Short Dur Gbl Infl Lnk P1 Inc,0.4993
10/06/2014,abrdn Short Dur Gbl Infl Lnk P1 Inc,0.4984
10/07/2014,abrdn Short Dur Gbl Infl Lnk P1 Inc,0.4988
10/08/2014,abrdn Short Dur Gbl Infl Lnk P1 Inc,0.4996
10/09/2014,abrdn Short Dur Gbl Infl Lnk P1 Inc,0.5002
10/10/2014,abrdn Short Dur Gbl Infl Lnk P1 Inc,0.5001
10/11/2014,abrdn Short Dur Gbl Infl Lnk P1 Inc,0.5001
10/12/2014,abrdn Short Dur Gbl Infl Lnk P1 Inc,0.5001
10/13/2014,abrdn Short Dur Gbl Infl Lnk P1 Inc,0.5002
10/14/2014,abrdn Short Dur Gbl Infl Lnk P1 Inc,0.5008
10/15/2014,abrdn Short Dur Gbl Infl Lnk P1 Inc,0.5004
10/16/2014,abrdn Short Dur Gbl Infl Lnk P1 Inc,0.5017
10/17/2014,abrdn Short Dur Gbl Infl Lnk P1 Inc,0.501
10/18/2014,abrdn Short Dur Gbl Infl Lnk P1 Inc,0.501
10/19/2014,abrdn Short Dur Gbl Infl Lnk P1 Inc,0.501
10/20/2014,abrdn Short Dur Gbl Infl Lnk P1 Inc,0.5008
10/21/2014,abrdn Short Dur Gbl Infl Lnk P1 Inc,0.5016
10/22/2014,abrdn Short Dur Gbl Infl Lnk P1 Inc,0.5017
10/23/2014,abrdn Short Dur Gbl Infl Lnk P1 Inc,0.5013
10/24/2014,abrdn Short Dur Gbl Infl Lnk P1 Inc,0.5003
10/25/2014,abrdn Short Dur Gbl Infl Lnk P1 Inc,0.5003
10/26/2014,abrdn Short Dur Gbl Infl Lnk P1 Inc,0.5003
10/27/2014,abrdn Short Dur Gbl Infl Lnk P1 Inc,0.4998
10/28/2014,abrdn Short Dur Gbl Infl Lnk P1 Inc,0.4999
10/29/2014,abrdn Short Dur Gbl Infl Lnk P1 Inc,0.5
10/30/2014,abrdn Short Dur Gbl Infl Lnk P1 Inc,0.4995
10/31/2014,abrdn Short Dur Gbl Infl Lnk P1 Inc,0.4999
11/01/2014,abrdn Short Dur Gbl Infl Lnk P1 Inc,0.4999
11/02/2014,abrdn Short Dur Gbl Infl Lnk P1 Inc,0.4999
11/03/2014,abrdn Short Dur Gbl Infl Lnk P1 Inc,0.4997
11/04/2014,abrdn Short Dur Gbl Infl Lnk P1 Inc,0.4991
11/05/2014,abrdn Short Dur Gbl Infl Lnk P1 Inc,0.4993
11/06/2014,abrdn Short Dur Gbl Infl Lnk P1 Inc,0.4992
11/07/2014,abrdn Short Dur Gbl Infl Lnk P1 Inc,0.4993
11/08/2014,abrdn Short Dur Gbl Infl Lnk P1 Inc,0.4993
11/09/2014,abrdn Short Dur Gbl Infl Lnk P1 Inc,0.4993
11/10/2014,abrdn Short Dur Gbl Infl Lnk P1 Inc,0.5007
11/11/2014,abrdn Short Dur Gbl Infl Lnk P1 Inc,0.5004
11/12/2014,abrdn Short Dur Gbl Infl Lnk P1 Inc,0.5
11/13/2014,abrdn Short Dur Gbl Infl Lnk P1 Inc,0.5003
11/14/2014,abrdn Short Dur Gbl Infl Lnk P1 Inc,0.5001
11/15/2014,abrdn Short Dur Gbl Infl Lnk P1 Inc,0.5001
11/16/2014,abrdn Short Dur Gbl Infl Lnk P1 Inc,0.5001
11/17/2014,abrdn Short Dur Gbl Infl Lnk P1 Inc,0.5008
11/18/2014,abrdn Short Dur Gbl Infl Lnk P1 Inc,0.5002
11/19/2014,abrdn Short Dur Gbl Infl Lnk P1 Inc,0.5001
11/20/2014,abrdn Short Dur Gbl Infl Lnk P1 Inc,0.4992
11/21/2014,abrdn Short Dur Gbl Infl Lnk P1 Inc,0.5
11/22/2014,abrdn Short Dur Gbl Infl Lnk P1 Inc,0.5
11/23/2014,abrdn Short Dur Gbl Infl Lnk P1 Inc,0.5
11/24/2014,abrdn Short Dur Gbl Infl Lnk P1 Inc,0.501
11/25/2014,abrdn Short Dur Gbl Infl Lnk P1 Inc,0.5013
11/26/2014,abrdn Short Dur Gbl Infl Lnk P1 Inc,0.5021
11/27/2014,abrdn Short Dur Gbl Infl Lnk P1 Inc,0.5025
11/28/2014,abrdn Short Dur Gbl Infl Lnk P1 Inc,0.5026
11/29/2014,abrdn Short Dur Gbl Infl Lnk P1 Inc,0.5026
11/30/2014,abrdn Short Dur Gbl Infl Lnk P1 Inc,0.5026
12/01/2014,abrdn Short Dur Gbl Infl Lnk P1 Inc,0.5019
12/02/2014,abrdn Short Dur Gbl Infl Lnk P1 Inc,0.5017
12/03/2014,abrdn Short Dur Gbl Infl Lnk P1 Inc,0.5003
12/04/2014,abrdn Short Dur Gbl Infl Lnk P1 Inc,0.5001
12/05/2014,abrdn Short Dur Gbl Infl Lnk P1 Inc,0.5004
12/06/2014,abrdn Short Dur Gbl Infl Lnk P1 Inc,0.5004
12/07/2014,abrdn Short Dur Gbl Infl Lnk P1 Inc,0.5004
12/08/2014,abrdn Short Dur Gbl Infl Lnk P1 Inc,0.4989
12/09/2014,abrdn Short Dur Gbl Infl Lnk P1 Inc,0.4989
12/10/2014,abrdn Short Dur Gbl Infl Lnk P1 Inc,0.4997
12/11/2014,abrdn Short Dur Gbl Infl Lnk P1 Inc,0.4993
12/12/2014,abrdn Short Dur Gbl Infl Lnk P1 Inc,0.4985
12/13/2014,abrdn Short Dur Gbl Infl Lnk P1 Inc,0.4985
12/14/2014,abrdn Short Dur Gbl Infl Lnk P1 Inc,0.4985
12/15/2014,abrdn Short Dur Gbl Infl Lnk P1 Inc,0.4985
12/16/2014,abrdn Short Dur Gbl Infl Lnk P1 Inc,0.4978
12/17/2014,abrdn Short Dur Gbl Infl Lnk P1 Inc,0.4981
12/18/2014,abrdn Short Dur Gbl Infl Lnk P1 Inc,0.4979
12/19/2014,abrdn Short Dur Gbl Infl Lnk P1 Inc,0.4965
12/20/2014,abrdn Short Dur Gbl Infl Lnk P1 Inc,0.4965
12/21/2014,abrdn Short Dur Gbl Infl Lnk P1 Inc,0.4965
12/22/2014,abrdn Short Dur Gbl Infl Lnk P1 Inc,0.4973
12/23/2014,abrdn Short Dur Gbl Infl Lnk P1 Inc,0.4982
12/24/2014,abrdn Short Dur Gbl Infl Lnk P1 Inc,0.4973
12/25/2014,abrdn Short Dur Gbl Infl Lnk P1 Inc,0.4973
12/26/2014,abrdn Short Dur Gbl Infl Lnk P1 Inc,0.4973
12/27/2014,abrdn Short Dur Gbl Infl Lnk P1 Inc,0.4973
12/28/2014,abrdn Short Dur Gbl Infl Lnk P1 Inc,0.4973
12/29/2014,abrdn Short Dur Gbl Infl Lnk P1 Inc,0.4968
12/30/2014,abrdn Short Dur Gbl Infl Lnk P1 Inc,0.4974
12/31/2014,abrdn Short Dur Gbl Infl Lnk P1 Inc,0.4972
01/01/2015,abrdn Short Dur Gbl Infl Lnk P1 Inc,0.4972
01/02/2015,abrdn Short Dur Gbl Infl Lnk P1 Inc,0.4976
01/03/2015,abrdn Short Dur Gbl Infl Lnk P1 Inc,0.4976
01/04/2015,abrdn Short Dur Gbl Infl Lnk P1 Inc,0.4976
01/05/2015,abrdn Short Dur Gbl Infl Lnk P1 Inc,0.4988
01/06/2015,abrdn Short Dur Gbl Infl Lnk P1 Inc,0.4988
01/07/2015,abrdn Short Dur Gbl Infl Lnk P1 Inc,0.4986
01/08/2015,abrdn Short Dur Gbl Infl Lnk P1 Inc,0.4982
01/09/2015,abrdn Short Dur Gbl Infl Lnk P1 Inc,0.4982
01/10/2015,abrdn Short Dur Gbl Infl Lnk P1 Inc,0.4982
01/11/2015,abrdn Short Dur Gbl Infl Lnk P1 Inc,0.4982
01/12/2015,abrdn Short Dur Gbl Infl Lnk P1 Inc,0.4993
01/13/2015,abrdn Short Dur Gbl Infl Lnk P1 Inc,0.4993
01/14/2015,abrdn Short Dur Gbl Infl Lnk P1 Inc,0.4988
01/15/2015,abrdn Short Dur Gbl Infl Lnk P1 Inc,0.5009
01/16/2015,abrdn Short Dur Gbl Infl Lnk P1 Inc,0.5022
01/17/2015,abrdn Short Dur Gbl Infl Lnk P1 Inc,0.5022
01/18/2015,abrdn Short Dur Gbl Infl Lnk P1 Inc,0.5022
01/19/2015,abrdn Short Dur Gbl Infl Lnk P1 Inc,0.5018
01/20/2015,abrdn Short Dur Gbl Infl Lnk P1 Inc,0.5022
01/21/2015,abrdn Short Dur Gbl Infl Lnk P1 Inc,0.5019
01/22/2015,abrdn Short Dur Gbl Infl Lnk P1 Inc,0.5022
01/23/2015,abrdn Short Dur Gbl Infl Lnk P1 Inc,0.5027
01/24/2015,abrdn Short Dur Gbl Infl Lnk P1 Inc,0.5027
01/25/2015,abrdn Short Dur Gbl Infl Lnk P1 Inc,0.5027
01/26/2015,abrdn Short Dur Gbl Infl Lnk P1 Inc,0.5035
01/27/2015,abrdn Short Dur Gbl Infl Lnk P1 Inc,0.5026
01/28/2015,abrdn Short Dur Gbl Infl Lnk P1 Inc,0.5028
01/29/2015,abrdn Short Dur Gbl Infl Lnk P1 Inc,0.5034
01/30/2015,abrdn Short Dur Gbl Infl Lnk P1 Inc,0.5033
01/31/2015,abrdn Short Dur Gbl Infl Lnk P1 Inc,0.5033
02/01/2015,abrdn Short Dur Gbl Infl Lnk P1 Inc,0.5033
02/02/2015,abrdn Short Dur Gbl Infl Lnk P1 Inc,0.5047
02/03/2015,abrdn Short Dur Gbl Infl Lnk P1 Inc,0.5051
02/04/2015,abrdn Short Dur Gbl Infl Lnk P1 Inc,0.5044
02/05/2015,abrdn Short Dur Gbl Infl Lnk P1 Inc,0.5039
02/06/2015,abrdn Short Dur Gbl Infl Lnk P1 Inc,0.5037
02/07/2015,abrdn Short Dur Gbl Infl Lnk P1 Inc,0.5037
02/08/2015,abrdn Short Dur Gbl Infl Lnk P1 Inc,0.5037
02/09/2015,abrdn Short Dur Gbl Infl Lnk P1 Inc,0.5012
02/10/2015,abrdn Short Dur Gbl Infl Lnk P1 Inc,0.501
02/11/2015,abrdn Short Dur Gbl Infl Lnk P1 Inc,0.4999
02/12/2015,abrdn Short Dur Gbl Infl Lnk P1 Inc,0.4987
02/13/2015,abrdn Short Dur Gbl Infl Lnk P1 Inc,0.4998
02/14/2015,abrdn Short Dur Gbl Infl Lnk P1 Inc,0.4998
02/15/2015,abrdn Short Dur Gbl Infl Lnk P1 Inc,0.4998
02/16/2015,abrdn Short Dur Gbl Infl Lnk P1 Inc,0.4996
02/17/2015,abrdn Short Dur Gbl Infl Lnk P1 Inc,0.4992
02/18/2015,abrdn Short Dur Gbl Infl Lnk P1 Inc,0.4981
02/19/2015,abrdn Short Dur Gbl Infl Lnk P1 Inc,0.4974
02/20/2015,abrdn Short Dur Gbl Infl Lnk P1 Inc,0.4981
02/21/2015,abrdn Short Dur Gbl Infl Lnk P1 Inc,0.4981
02/22/2015,abrdn Short Dur Gbl Infl Lnk P1 Inc,0.4981
02/23/2015,abrdn Short Dur Gbl Infl Lnk P1 Inc,0.4991
02/24/2015,abrdn Short Dur Gbl Infl Lnk P1 Inc,0.4985
02/25/2015,abrdn Short Dur Gbl Infl Lnk P1 Inc,0.4993
02/26/2015,abrdn Short Dur Gbl Infl Lnk P1 Inc,0.4998
02/27/2015,abrdn Short Dur Gbl Infl Lnk P1 Inc,0.501
02/28/2015,abrdn Short Dur Gbl Infl Lnk P1 Inc,0.501
03/01/2015,abrdn Short Dur Gbl Infl Lnk P1 Inc,0.501
03/02/2015,abrdn Short Dur Gbl Infl Lnk P1 Inc,0.5018
03/03/2015,abrdn Short Dur Gbl Infl Lnk P1 Inc,0.5006
03/04/2015,abrdn Short Dur Gbl Infl Lnk P1 Inc,0.4999
03/05/2015,abrdn Short Dur Gbl Infl Lnk P1 Inc,0.4999
03/06/2015,abrdn Short Dur Gbl Infl Lnk P1 Inc,0.4998
03/07/2015,abrdn Short Dur Gbl Infl Lnk P1 Inc,0.4998
03/08/2015,abrdn Short Dur Gbl Infl Lnk P1 Inc,0.4998
03/09/2015,abrdn Short Dur Gbl Infl Lnk P1 Inc,0.498
03/10/2015,abrdn Short Dur Gbl Infl Lnk P1 Inc,0.4973
03/11/2015,abrdn Short Dur Gbl Infl Lnk P1 Inc,0.4977
03/12/2015,abrdn Short Dur Gbl Infl Lnk P1 Inc,0.4978
03/13/2015,abrdn Short Dur Gbl Infl Lnk P1 Inc,0.4988
03/14/2015,abrdn Short Dur Gbl Infl Lnk P1 Inc,0.4988
03/15/2015,abrdn Short Dur Gbl Infl Lnk P1 Inc,0.4988
03/16/2015,abrdn Short Dur Gbl Infl Lnk P1 Inc,0.4979
03/17/2015,abrdn Short Dur Gbl Infl Lnk P1 Inc,0.497
03/18/2015,abrdn Short Dur Gbl Infl Lnk P1 Inc,0.4963
03/19/2015,abrdn Short Dur Gbl Infl Lnk P1 Inc,0.4976
03/20/2015,abrdn Short Dur Gbl Infl Lnk P1 Inc,0.5
03/21/2015,abrdn Short Dur Gbl Infl Lnk P1 Inc,0.5
03/22/2015,abrdn Short Dur Gbl Infl Lnk P1 Inc,0.5
03/23/2015,abrdn Short Dur Gbl Infl Lnk P1 Inc,0.502
03/24/2015,abrdn Short Dur Gbl Infl Lnk P1 Inc,0.5015
03/25/2015,abrdn Short Dur Gbl Infl Lnk P1 Inc,0.5016
03/26/2015,abrdn Short Dur Gbl Infl Lnk P1 Inc,0.5027
03/27/2015,abrdn Short Dur Gbl Infl Lnk P1 Inc,0.5022
03/28/2015,abrdn Short Dur Gbl Infl Lnk P1 Inc,0.5022
03/29/2015,abrdn Short Dur Gbl Infl Lnk P1 Inc,0.5022
03/30/2015,abrdn Short Dur Gbl Infl Lnk P1 Inc,0.5017
03/31/2015,abrdn Short Dur Gbl Infl Lnk P1 Inc,0.5008
04/01/2015,abrdn Short Dur Gbl Infl Lnk P1 Inc,0.5009
04/02/2015,abrdn Short Dur Gbl Infl Lnk P1 Inc,0.5022
04/03/2015,abrdn Short Dur Gbl Infl Lnk P1 Inc,0.5019
04/04/2015,abrdn Short Dur Gbl Infl Lnk P1 Inc,0.5019
04/05/2015,abrdn Short Dur Gbl Infl Lnk P1 Inc,0.5019
04/06/2015,abrdn Short Dur Gbl Infl Lnk P1 Inc,0.502
04/07/2015,abrdn Short Dur Gbl Infl Lnk P1 Inc,0.5029
04/08/2015,abrdn Short Dur Gbl Infl Lnk P1 Inc,0.5032
04/09/2015,abrdn Short Dur Gbl Infl Lnk P1 Inc,0.5027
04/10/2015,abrdn Short Dur Gbl Infl Lnk P1 Inc,0.503
04/11/2015,abrdn Short Dur Gbl Infl Lnk P1 Inc,0.503
04/12/2015,abrdn Short Dur Gbl Infl Lnk P1 Inc,0.503
04/13/2015,abrdn Short Dur Gbl Infl Lnk P1 Inc,0.5027
04/14/2015,abrdn Short Dur Gbl Infl Lnk P1 Inc,0.5029
04/15/2015,abrdn Short Dur Gbl Infl Lnk P1 Inc,0.504
04/16/2015,abrdn Short Dur Gbl Infl Lnk P1 Inc,0.5043
04/17/2015,abrdn Short Dur Gbl Infl Lnk P1 Inc,0.5037
04/18/2015,abrdn Short Dur Gbl Infl Lnk P1 Inc,0.5037
04/19/2015,abrdn Short Dur Gbl Infl Lnk P1 Inc,0.5037
04/20/2015,abrdn Short Dur Gbl Infl Lnk P1 Inc,0.5053
04/21/2015,abrdn Short Dur Gbl Infl Lnk P1 Inc,0.5054
04/22/2015,abrdn Short Dur Gbl Infl Lnk P1 Inc,0.5047
04/23/2015,abrdn Short Dur Gbl Infl Lnk P1 Inc,0.5034
04/24/2015,abrdn Short Dur Gbl Infl Lnk P1 Inc,0.5038
04/25/2015,abrdn Short Dur Gbl Infl Lnk P1 Inc,0.5038
04/26/2015,abrdn Short Dur Gbl Infl Lnk P1 Inc,0.5038
04/27/2015,abrdn Short Dur Gbl Infl Lnk P1 Inc,0.5047
04/28/2015,abrdn Short Dur Gbl Infl Lnk P1 Inc,0.5047
04/29/2015,abrdn Short Dur Gbl Infl Lnk P1 Inc,0.504
04/30/2015,abrdn Short Dur Gbl Infl Lnk P1 Inc,0.5018
05/01/2015,abrdn Short Dur Gbl Infl Lnk P1 Inc,0.5014
05/02/2015,abrdn Short Dur Gbl Infl Lnk P1 Inc,0.5014
05/03/2015,abrdn Short Dur Gbl Infl Lnk P1 Inc,0.5014
05/04/2015,abrdn Short Dur Gbl Infl Lnk P1 Inc,0.5014
05/05/2015,abrdn Short Dur Gbl Infl Lnk P1 Inc,0.5007
05/06/2015,abrdn Short Dur Gbl Infl Lnk P1 Inc,0.4989
05/07/2015,abrdn Short Dur Gbl Infl Lnk P1 Inc,0.4981
05/08/2015,abrdn Short Dur Gbl Infl Lnk P1 Inc,0.4978
05/09/2015,abrdn Short Dur Gbl Infl Lnk P1 Inc,0.4978
05/10/2015,abrdn Short Dur Gbl Infl Lnk P1 Inc,0.4978
05/11/2015,abrdn Short Dur Gbl Infl Lnk P1 Inc,0.4998
05/12/2015,abrdn Short Dur Gbl Infl Lnk P1 Inc,0.4983
05/13/2015,abrdn Short Dur Gbl Infl Lnk P1 Inc,0.4973
05/14/2015,abrdn Short Dur Gbl Infl Lnk P1 Inc,0.4978
05/15/2015,abrdn Short Dur Gbl Infl Lnk P1 Inc,0.4975
05/16/2015,abrdn Short Dur Gbl Infl Lnk P1 Inc,0.4975
05/17/2015,abrdn Short Dur Gbl Infl Lnk P1 Inc,0.4975
05/18/2015,abrdn Short Dur Gbl Infl Lnk P1 Inc,0.4986
05/19/2015,abrdn Short Dur Gbl Infl Lnk P1 Inc,0.4983
05/20/2015,abrdn Short Dur Gbl Infl Lnk P1 Inc,0.4979
05/21/2015,abrdn Short Dur Gbl Infl Lnk P1 Inc,0.4979
05/22/2015,abrdn Short Dur Gbl Infl Lnk P1 Inc,0.4978
05/23/2015,abrdn Short Dur Gbl Infl Lnk P1 Inc,0.4978
05/24/2015,abrdn Short Dur Gbl Infl Lnk P1 Inc,0.4978
05/25/2015,abrdn Short Dur Gbl Infl Lnk P1 Inc,0.4981
05/26/2015,abrdn Short Dur Gbl Infl Lnk P1 Inc,0.4982
05/27/2015,abrdn Short Dur Gbl Infl Lnk P1 Inc,0.4981
05/28/2015,abrdn Short Dur Gbl Infl Lnk P1 Inc,0.4972
05/29/2015,abrdn Short Dur Gbl Infl Lnk P1 Inc,0.4974
05/30/2015,abrdn Short Dur Gbl Infl Lnk P1 Inc,0.4974
05/31/2015,abrdn Short Dur Gbl Infl Lnk P1 Inc,0.4974
06/01/2015,abrdn Short Dur Gbl Infl Lnk P1 Inc,0.4988
06/02/2015,abrdn Short Dur Gbl Infl Lnk P1 Inc,0.4981
06/03/2015,abrdn Short Dur Gbl Infl Lnk P1 Inc,0.4966
06/04/2015,abrdn Short Dur Gbl Infl Lnk P1 Inc,0.4945
06/05/2015,abrdn Short Dur Gbl Infl Lnk P1 Inc,0.4947
06/06/2015,abrdn Short Dur Gbl Infl Lnk P1 Inc,0.4947
06/07/2015,abrdn Short Dur Gbl Infl Lnk P1 Inc,0.4947
06/08/2015,abrdn Short Dur Gbl Infl Lnk P1 Inc,0.4943
06/09/2015,abrdn Short Dur Gbl Infl Lnk P1 Inc,0.4945
06/10/2015,abrdn Short Dur Gbl Infl Lnk P1 Inc,0.4941
06/11/2015,abrdn Short Dur Gbl Infl Lnk P1 Inc,0.4937
06/12/2015,abrdn Short Dur Gbl Infl Lnk P1 Inc,0.4942
06/13/2015,abrdn Short Dur Gbl Infl Lnk P1 Inc,0.4942
06/14/2015,abrdn Short Dur Gbl Infl Lnk P1 Inc,0.4942
06/15/2015,abrdn Short Dur Gbl Infl Lnk P1 Inc,0.4953
06/16/2015,abrdn Short Dur Gbl Infl Lnk P1 Inc,0.4949
06/17/2015,abrdn Short Dur Gbl Infl Lnk P1 Inc,0.4958
06/18/2015,abrdn Short Dur Gbl Infl Lnk P1 Inc,0.4954
06/19/2015,abrdn Short Dur Gbl Infl Lnk P1 Inc,0.4964
06/20/2015,abrdn Short Dur Gbl Infl Lnk P1 Inc,0.4964
06/21/2015,abrdn Short Dur Gbl Infl Lnk P1 Inc,0.4964
06/22/2015,abrdn Short Dur Gbl Infl Lnk P1 Inc,0.497
06/23/2015,abrdn Short Dur Gbl Infl Lnk P1 Inc,0.4962
06/24/2015,abrdn Short Dur Gbl Infl Lnk P1 Inc,0.4964
06/25/2015,abrdn Short Dur Gbl Infl Lnk P1 Inc,0.496
06/26/2015,abrdn Short Dur Gbl Infl Lnk P1 Inc,0.4957
06/27/2015,abrdn Short Dur Gbl Infl Lnk P1 Inc,0.4957
06/28/2015,abrdn Short Dur Gbl Infl Lnk P1 Inc,0.4957
06/29/2015,abrdn Short Dur Gbl Infl Lnk P1 Inc,0.495
06/30/2015,abrdn Short Dur Gbl Infl Lnk P1 Inc,0.4954
07/01/2015,abrdn Short Dur Gbl Infl Lnk P1 Inc,0.4967
07/02/2015,abrdn Short Dur Gbl Infl Lnk P1 Inc,0.4956
07/03/2015,abrdn Short Dur Gbl Infl Lnk P1 Inc,0.496
07/04/2015,abrdn Short Dur Gbl Infl Lnk P1 Inc,0.496
07/05/2015,abrdn Short Dur Gbl Infl Lnk P1 Inc,0.496
07/06/2015,abrdn Short Dur Gbl Infl Lnk P1 Inc,0.4965
07/07/2015,abrdn Short Dur Gbl Infl Lnk P1 Inc,0.4963
07/08/2015,abrdn Short Dur Gbl Infl Lnk P1 Inc,0.4977
07/09/2015,abrdn Short Dur Gbl Infl Lnk P1 Inc,0.4973
07/10/2015,abrdn Short Dur Gbl Infl Lnk P1 Inc,0.497
07/11/2015,abrdn Short Dur Gbl Infl Lnk P1 Inc,0.497
07/12/2015,abrdn Short Dur Gbl Infl Lnk P1 Inc,0.497
07/13/2015,abrdn Short Dur Gbl Infl Lnk P1 Inc,0.4955
07/14/2015,abrdn Short Dur Gbl Infl Lnk P1 Inc,0.4948
07/15/2015,abrdn Short Dur Gbl Infl Lnk P1 Inc,0.4948
07/16/2015,abrdn Short Dur Gbl Infl Lnk P1 Inc,0.4949
07/17/2015,abrdn Short Dur Gbl Infl Lnk P1 Inc,0.4957
07/18/2015,abrdn Short Dur Gbl Infl Lnk P1 Inc,0.4957
07/19/2015,abrdn Short Dur Gbl Infl Lnk P1 Inc,0.4957
07/20/2015,abrdn Short Dur Gbl Infl Lnk P1 Inc,0.4956
07/21/2015,abrdn Short Dur Gbl Infl Lnk P1 Inc,0.4955
07/22/2015,abrdn Short Dur Gbl Infl Lnk P1 Inc,0.4954
07/23/2015,abrdn Short Dur Gbl Infl Lnk P1 Inc,0.4961
07/24/2015,abrdn Short Dur Gbl Infl Lnk P1 Inc,0.4958
07/25/2015,abrdn Short Dur Gbl Infl Lnk P1 Inc,0.4958
07/26/2015,abrdn Short Dur Gbl Infl Lnk P1 Inc,0.4958
07/27/2015,abrdn Short Dur Gbl Infl Lnk P1 Inc,0.4958
07/28/2015,abrdn Short Dur Gbl Infl Lnk P1 Inc,0.4961
07/29/2015,abrdn Short Dur Gbl Infl Lnk P1 Inc,0.4959
07/30/2015,abrdn Short Dur Gbl Infl Lnk P1 Inc,0.4955
07/31/2015,abrdn Short Dur Gbl Infl Lnk P1 Inc,0.4962
08/01/2015,abrdn Short Dur Gbl Infl Lnk P1 Inc,0.4962
08/02/2015,abrdn Short Dur Gbl Infl Lnk P1 Inc,0.4962
08/03/2015,abrdn Short Dur Gbl Infl Lnk P1 Inc,0.4967
08/04/2015,abrdn Short Dur Gbl Infl Lnk P1 Inc,0.4963
08/05/2015,abrdn Short Dur Gbl Infl Lnk P1 Inc,0.4959
08/06/2015,abrdn Short Dur Gbl Infl Lnk P1 Inc,0.4941
08/07/2015,abrdn Short Dur Gbl Infl Lnk P1 Inc,0.494
08/08/2015,abrdn Short Dur Gbl Infl Lnk P1 Inc,0.494
08/09/2015,abrdn Short Dur Gbl Infl Lnk P1 Inc,0.494
08/10/2015,abrdn Short Dur Gbl Infl Lnk P1 Inc,0.4948
08/11/2015,abrdn Short Dur Gbl Infl Lnk P1 Inc,0.4944
08/12/2015,abrdn Short Dur Gbl Infl Lnk P1 Inc,0.4956
08/13/2015,abrdn Short Dur Gbl Infl Lnk P1 Inc,0.496
08/14/2015,abrdn Short Dur Gbl Infl Lnk P1 Inc,0.4942
08/15/2015,abrdn Short Dur Gbl Infl Lnk P1 Inc,0.4942
08/16/2015,abrdn Short Dur Gbl Infl Lnk P1 Inc,0.4942
08/17/2015,abrdn Short Dur Gbl Infl Lnk P1 Inc,0.4938
08/18/2015,abrdn Short Dur Gbl Infl Lnk P1 Inc,0.4942
08/19/2015,abrdn Short Dur Gbl Infl Lnk P1 Inc,0.4931
08/20/2015,abrdn Short Dur Gbl Infl Lnk P1 Inc,0.4927
08/21/2015,abrdn Short Dur Gbl Infl Lnk P1 Inc,0.4935
08/22/2015,abrdn Short Dur Gbl Infl Lnk P1 Inc,0.4935
08/23/2015,abrdn Short Dur Gbl Infl Lnk P1 Inc,0.4935
08/24/2015,abrdn Short Dur Gbl Infl Lnk P1 Inc,0.4938
08/25/2015,abrdn Short Dur Gbl Infl Lnk P1 Inc,0.4929
08/26/2015,abrdn Short Dur Gbl Infl Lnk P1 Inc,0.4919
08/27/2015,abrdn Short Dur Gbl Infl Lnk P1 Inc,0.4913
08/28/2015,abrdn Short Dur Gbl Infl Lnk P1 Inc,0.4913
08/29/2015,abrdn Short Dur Gbl Infl Lnk P1 Inc,0.4913
08/30/2015,abrdn Short Dur Gbl Infl Lnk P1 Inc,0.4913
08/31/2015,abrdn Short Dur Gbl Infl Lnk P1 Inc,0.4931
09/01/2015,abrdn Short Dur Gbl Infl Lnk P1 Inc,0.4934
09/02/2015,abrdn Short Dur Gbl Infl Lnk P1 Inc,0.4932
09/03/2015,abrdn Short Dur Gbl Infl Lnk P1 Inc,0.4927
09/04/2015,abrdn Short Dur Gbl Infl Lnk P1 Inc,0.4935
09/05/2015,abrdn Short Dur Gbl Infl Lnk P1 Inc,0.4935
09/06/2015,abrdn Short Dur Gbl Infl Lnk P1 Inc,0.4935
09/07/2015,abrdn Short Dur Gbl Infl Lnk P1 Inc,0.494
09/08/2015,abrdn Short Dur Gbl Infl Lnk P1 Inc,0.4937
09/09/2015,abrdn Short Dur Gbl Infl Lnk P1 Inc,0.4929
09/10/2015,abrdn Short Dur Gbl Infl Lnk P1 Inc,0.4926
09/11/2015,abrdn Short Dur Gbl Infl Lnk P1 Inc,0.4928
09/12/2015,abrdn Short Dur Gbl Infl Lnk P1 Inc,0.4928
09/13/2015,abrdn Short Dur Gbl Infl Lnk P1 Inc,0.4928
09/14/2015,abrdn Short Dur Gbl Infl Lnk P1 Inc,0.4937
09/15/2015,abrdn Short Dur Gbl Infl Lnk P1 Inc,0.4933
09/16/2015,abrdn Short Dur Gbl Infl Lnk P1 Inc,0.4924
09/17/2015,abrdn Short Dur Gbl Infl Lnk P1 Inc,0.4923
09/18/2015,abrdn Short Dur Gbl Infl Lnk P1 Inc,0.4917
09/19/2015,abrdn Short Dur Gbl Infl Lnk P1 Inc,0.4917
09/20/2015,abrdn Short Dur Gbl Infl Lnk P1 Inc,0.4917
09/21/2015,abrdn Short Dur Gbl Infl Lnk P1 Inc,0.4944
09/22/2015,abrdn Short Dur Gbl Infl Lnk P1 Inc,0.4937
09/23/2015,abrdn Short Dur Gbl Infl Lnk P1 Inc,0.4937
09/24/2015,abrdn Short Dur Gbl Infl Lnk P1 Inc,0.4944
09/25/2015,abrdn Short Dur Gbl Infl Lnk P1 Inc,0.4946
09/26/2015,abrdn Short Dur Gbl Infl Lnk P1 Inc,0.4946
09/27/2015,abrdn Short Dur Gbl Infl Lnk P1 Inc,0.4946
09/28/2015,abrdn Short Dur Gbl Infl Lnk P1 Inc,0.4932
09/29/2015,abrdn Short Dur Gbl Infl Lnk P1 Inc,0.4933
09/30/2015,abrdn Short Dur Gbl Infl Lnk P1 Inc,0.4933
10/01/2015,abrdn Short Dur Gbl Infl Lnk P1 Inc,0.4935
10/02/2015,abrdn Short Dur Gbl Infl Lnk P1 Inc,0.495
10/03/2015,abrdn Short Dur Gbl Infl Lnk P1 Inc,0.495
10/04/2015,abrdn Short Dur Gbl Infl Lnk P1 Inc,0.495
10/05/2015,abrdn Short Dur Gbl Infl Lnk P1 Inc,0.4964
10/06/2015,abrdn Short Dur Gbl Infl Lnk P1 Inc,0.4962
10/07/2015,abrdn Short Dur Gbl Infl Lnk P1 Inc,0.4962
10/08/2015,abrdn Short Dur Gbl Infl Lnk P1 Inc,0.4964
10/09/2015,abrdn Short Dur Gbl Infl Lnk P1 Inc,0.4966
10/10/2015,abrdn Short Dur Gbl Infl Lnk P1 Inc,0.4966
10/11/2015,abrdn Short Dur Gbl Infl Lnk P1 Inc,0.4966
10/12/2015,abrdn Short Dur Gbl Infl Lnk P1 Inc,0.4961
10/13/2015,abrdn Short Dur Gbl Infl Lnk P1 Inc,0.4961
10/14/2015,abrdn Short Dur Gbl Infl Lnk P1 Inc,0.4959
10/15/2015,abrdn Short Dur Gbl Infl Lnk P1 Inc,0.4966
10/16/2015,abrdn Short Dur Gbl Infl Lnk P1 Inc,0.4965
10/17/2015,abrdn Short Dur Gbl Infl Lnk P1 Inc,0.4965
10/18/2015,abrdn Short Dur Gbl Infl Lnk P1 Inc,0.4965
10/19/2015,abrdn Short Dur Gbl Infl Lnk P1 Inc,0.496
10/20/2015,abrdn Short Dur Gbl Infl Lnk P1 Inc,0.4955
10/21/2015,abrdn Short Dur Gbl Infl Lnk P1 Inc,0.4949
10/22/2015,abrdn Short Dur Gbl Infl Lnk P1 Inc,0.4958
10/23/2015,abrdn Short Dur Gbl Infl Lnk P1 Inc,0.4965
10/24/2015,abrdn Short Dur Gbl Infl Lnk P1 Inc,0.4965
10/25/2015,abrdn Short Dur Gbl Infl Lnk P1 Inc,0.4965
10/26/2015,abrdn Short Dur Gbl Infl Lnk P1 Inc,0.4965
10/27/2015,abrdn Short Dur Gbl Infl Lnk P1 Inc,0.4967
10/28/2015,abrdn Short Dur Gbl Infl Lnk P1 Inc,0.4973
10/29/2015,abrdn Short Dur Gbl Infl Lnk P1 Inc,0.4971
10/30/2015,abrdn Short Dur Gbl Infl Lnk P1 Inc,0.4948
10/31/2015,abrdn Short Dur Gbl Infl Lnk P1 Inc,0.4948
11/01/2015,abrdn Short Dur Gbl Infl Lnk P1 Inc,0.4948
11/02/2015,abrdn Short Dur Gbl Infl Lnk P1 Inc,0.4946
11/03/2015,abrdn Short Dur Gbl Infl Lnk P1 Inc,0.4936
11/04/2015,abrdn Short Dur Gbl Infl Lnk P1 Inc,0.4935
11/05/2015,abrdn Short Dur Gbl Infl Lnk P1 Inc,0.493
11/06/2015,abrdn Short Dur Gbl Infl Lnk P1 Inc,0.4924
11/07/2015,abrdn Short Dur Gbl Infl Lnk P1 Inc,0.4924
11/08/2015,abrdn Short Dur Gbl Infl Lnk P1 Inc,0.4924
11/09/2015,abrdn Short Dur Gbl Infl Lnk P1 Inc,0.4911
11/10/2015,abrdn Short Dur Gbl Infl Lnk P1 Inc,0.4917
11/11/2015,abrdn Short Dur Gbl Infl Lnk P1 Inc,0.4926
11/12/2015,abrdn Short Dur Gbl Infl Lnk P1 Inc,0.4923
11/13/2015,abrdn Short Dur Gbl Infl Lnk P1 Inc,0.492
11/14/2015,abrdn Short Dur Gbl Infl Lnk P1 Inc,0.492
11/15/2015,abrdn Short Dur Gbl Infl Lnk P1 Inc,0.492
11/16/2015,abrdn Short Dur Gbl Infl Lnk P1 Inc,0.4926
11/17/2015,abrdn Short Dur Gbl Infl Lnk P1 Inc,0.4927
11/18/2015,abrdn Short Dur Gbl Infl Lnk P1 Inc,0.4924
11/19/2015,abrdn Short Dur Gbl Infl Lnk P1 Inc,0.4925
11/20/2015,abrdn Short Dur Gbl Infl Lnk P1 Inc,0.4932
11/21/2015,abrdn Short Dur Gbl Infl Lnk P1 Inc,0.4932
11/22/2015,abrdn Short Dur Gbl Infl Lnk P1 Inc,0.4932
11/23/2015,abrdn Short Dur Gbl Infl Lnk P1 Inc,0.4939
11/24/2015,abrdn Short Dur Gbl Infl Lnk P1 Inc,0.4937
11/25/2015,abrdn Short Dur Gbl Infl Lnk P1 Inc,0.4946
11/26/2015,abrdn Short Dur Gbl Infl Lnk P1 Inc,0.4947
11/27/2015,abrdn Short Dur Gbl Infl Lnk P1 Inc,0.4952
11/28/2015,abrdn Short Dur Gbl Infl Lnk P1 Inc,0.4952
11/29/2015,abrdn Short Dur Gbl Infl Lnk P1 Inc,0.4952
11/30/2015,abrdn Short Dur Gbl Infl Lnk P1 Inc,0.4958
12/01/2015,abrdn Short Dur Gbl Infl Lnk P1 Inc,0.4959
12/02/2015,abrdn Short Dur Gbl Infl Lnk P1 Inc,0.4966
12/03/2015,abrdn Short Dur Gbl Infl Lnk P1 Inc,0.4959
12/04/2015,abrdn Short Dur Gbl Infl Lnk P1 Inc,0.4933
12/05/2015,abrdn Short Dur Gbl Infl Lnk P1 Inc,0.4933
12/06/2015,abrdn Short Dur Gbl Infl Lnk P1 Inc,0.4933
12/07/2015,abrdn Short Dur Gbl Infl Lnk P1 Inc,0.4928
12/08/2015,abrdn Short Dur Gbl Infl Lnk P1 Inc,0.493
12/09/2015,abrdn Short Dur Gbl Infl Lnk P1 Inc,0.493
12/10/2015,abrdn Short Dur Gbl Infl Lnk P1 Inc,0.4925
12/11/2015,abrdn Short Dur Gbl Infl Lnk P1 Inc,0.4924
12/12/2015,abrdn Short Dur Gbl Infl Lnk P1 Inc,0.4924
12/13/2015,abrdn Short Dur Gbl Infl Lnk P1 Inc,0.4924
12/14/2015,abrdn Short Dur Gbl Infl Lnk P1 Inc,0.4922
12/15/2015,abrdn Short Dur Gbl Infl Lnk P1 Inc,0.4911
12/16/2015,abrdn Short Dur Gbl Infl Lnk P1 Inc,0.4907
12/17/2015,abrdn Short Dur Gbl Infl Lnk P1 Inc,0.4898
12/18/2015,abrdn Short Dur Gbl Infl Lnk P1 Inc,0.4904
12/19/2015,abrdn Short Dur Gbl Infl Lnk P1 Inc,0.4904
12/20/2015,abrdn Short Dur Gbl Infl Lnk P1 Inc,0.4904
12/21/2015,abrdn Short Dur Gbl Infl Lnk P1 Inc,0.4911
12/22/2015,abrdn Short Dur Gbl Infl Lnk P1 Inc,0.4909
12/23/2015,abrdn Short Dur Gbl Infl Lnk P1 Inc,0.4901
12/24/2015,abrdn Short Dur Gbl Infl Lnk P1 Inc,0.49
12/25/2015,abrdn Short Dur Gbl Infl Lnk P1 Inc,0.49
12/26/2015,abrdn Short Dur Gbl Infl Lnk P1 Inc,0.49
12/27/2015,abrdn Short Dur Gbl Infl Lnk P1 Inc,0.49
12/28/2015,abrdn Short Dur Gbl Infl Lnk P1 Inc,0.49
12/29/2015,abrdn Short Dur Gbl Infl Lnk P1 Inc,0.4905
12/30/2015,abrdn Short Dur Gbl Infl Lnk P1 Inc,0.49
12/31/2015,abrdn Short Dur Gbl Infl Lnk P1 Inc,0.4897
01/01/2016,abrdn Short Dur Gbl Infl Lnk P1 Inc,0.4897
01/02/2016,abrdn Short Dur Gbl Infl Lnk P1 Inc,0.4897
01/03/2016,abrdn Short Dur Gbl Infl Lnk P1 Inc,0.4897
01/04/2016,abrdn Short Dur Gbl Infl Lnk P1 Inc,0.4905
01/05/2016,abrdn Short Dur Gbl Infl Lnk P1 Inc,0.4912
01/06/2016,abrdn Short Dur Gbl Infl Lnk P1 Inc,0.4915
01/07/2016,abrdn Short Dur Gbl Infl Lnk P1 Inc,0.4921
01/08/2016,abrdn Short Dur Gbl Infl Lnk P1 Inc,0.492
01/09/2016,abrdn Short Dur Gbl Infl Lnk P1 Inc,0.492
01/10/2016,abrdn Short Dur Gbl Infl Lnk P1 Inc,0.492
01/11/2016,abrdn Short Dur Gbl Infl Lnk P1 Inc,0.4924
01/12/2016,abrdn Short Dur Gbl Infl Lnk P1 Inc,0.4917
01/13/2016,abrdn Short Dur Gbl Infl Lnk P1 Inc,0.4916
01/14/2016,abrdn Short Dur Gbl Infl Lnk P1 Inc,0.4921
01/15/2016,abrdn Short Dur Gbl Infl Lnk P1 Inc,0.4918
01/16/2016,abrdn Short Dur Gbl Infl Lnk P1 Inc,0.4918
01/17/2016,abrdn Short Dur Gbl Infl Lnk P1 Inc,0.4918
01/18/2016,abrdn Short Dur Gbl Infl Lnk P1 Inc,0.4919
01/19/2016,abrdn Short Dur Gbl Infl Lnk P1 Inc,0.4915
01/20/2016,abrdn Short Dur Gbl Infl Lnk P1 Inc,0.4918
01/21/2016,abrdn Short Dur Gbl Infl Lnk P1 Inc,0.4915
01/22/2016,abrdn Short Dur Gbl Infl Lnk P1 Inc,0.4915
01/23/2016,abrdn Short Dur Gbl Infl Lnk P1 Inc,0.4915
01/24/2016,abrdn Short Dur Gbl Infl Lnk P1 Inc,0.4915
01/25/2016,abrdn Short Dur Gbl Infl Lnk P1 Inc,0.4918
01/26/2016,abrdn Short Dur Gbl Infl Lnk P1 Inc,0.4922
01/27/2016,abrdn Short Dur Gbl Infl Lnk P1 Inc,0.4928
01/28/2016,abrdn Short Dur Gbl Infl Lnk P1 Inc,0.4932
01/29/2016,abrdn Short Dur Gbl Infl Lnk P1 Inc,0.494
01/30/2016,abrdn Short Dur Gbl Infl Lnk P1 Inc,0.494
01/31/2016,abrdn Short Dur Gbl Infl Lnk P1 Inc,0.494
02/01/2016,abrdn Short Dur Gbl Infl Lnk P1 Inc,0.4953
02/02/2016,abrdn Short Dur Gbl Infl Lnk P1 Inc,0.4939
02/03/2016,abrdn Short Dur Gbl Infl Lnk P1 Inc,0.4946
02/04/2016,abrdn Short Dur Gbl Infl Lnk P1 Inc,0.4952
02/05/2016,abrdn Short Dur Gbl Infl Lnk P1 Inc,0.4951
02/06/2016,abrdn Short Dur Gbl Infl Lnk P1 Inc,0.4951
02/07/2016,abrdn Short Dur Gbl Infl Lnk P1 Inc,0.4951
02/08/2016,abrdn Short Dur Gbl Infl Lnk P1 Inc,0.4949
02/09/2016,abrdn Short Dur Gbl Infl Lnk P1 Inc,0.4954
02/10/2016,abrdn Short Dur Gbl Infl Lnk P1 Inc,0.494
02/11/2016,abrdn Short Dur Gbl Infl Lnk P1 Inc,0.4944
02/12/2016,abrdn Short Dur Gbl Infl Lnk P1 Inc,0.4949
02/13/2016,abrdn Short Dur Gbl Infl Lnk P1 Inc,0.4949
02/14/2016,abrdn Short Dur Gbl Infl Lnk P1 Inc,0.4949
02/15/2016,abrdn Short Dur Gbl Infl Lnk P1 Inc,0.4937
02/16/2016,abrdn Short Dur Gbl Infl Lnk P1 Inc,0.494
02/17/2016,abrdn Short Dur Gbl Infl Lnk P1 Inc,0.4932
02/18/2016,abrdn Short Dur Gbl Infl Lnk P1 Inc,0.4929
02/19/2016,abrdn Short Dur Gbl Infl Lnk P1 Inc,0.4936
02/20/2016,abrdn Short Dur Gbl Infl Lnk P1 Inc,0.4936
02/21/2016,abrdn Short Dur Gbl Infl Lnk P1 Inc,0.4936
02/22/2016,abrdn Short Dur Gbl Infl Lnk P1 Inc,0.4935
02/23/2016,abrdn Short Dur Gbl Infl Lnk P1 Inc,0.4943
02/24/2016,abrdn Short Dur Gbl Infl Lnk P1 Inc,0.4948
02/25/2016,abrdn Short Dur Gbl Infl Lnk P1 Inc,0.4953
02/26/2016,abrdn Short Dur Gbl Infl Lnk P1 Inc,0.4963
02/27/2016,abrdn Short Dur Gbl Infl Lnk P1 Inc,0.4963
02/28/2016,abrdn Short Dur Gbl Infl Lnk P1 Inc,0.4963
02/29/2016,abrdn Short Dur Gbl Infl Lnk P1 Inc,0.4959
03/01/2016,abrdn Short Dur Gbl Infl Lnk P1 Inc,0.4969
03/02/2016,abrdn Short Dur Gbl Infl Lnk P1 Inc,0.496
03/03/2016,abrdn Short Dur Gbl Infl Lnk P1 Inc,0.4956
03/04/2016,abrdn Short Dur Gbl Infl Lnk P1 Inc,0.4972
03/05/2016,abrdn Short Dur Gbl Infl Lnk P1 Inc,0.4972
03/06/2016,abrdn Short Dur Gbl Infl Lnk P1 Inc,0.4972
03/07/2016,abrdn Short Dur Gbl Infl Lnk P1 Inc,0.4967
03/08/2016,abrdn Short Dur Gbl Infl Lnk P1 Inc,0.4968
03/09/2016,abrdn Short Dur Gbl Infl Lnk P1 Inc,0.4977
03/10/2016,abrdn Short Dur Gbl Infl Lnk P1 Inc,0.4969
03/11/2016,abrdn Short Dur Gbl Infl Lnk P1 Inc,0.4961
03/12/2016,abrdn Short Dur Gbl Infl Lnk P1 Inc,0.4961
03/13/2016,abrdn Short Dur Gbl Infl Lnk P1 Inc,0.4961
03/14/2016,abrdn Short Dur Gbl Infl Lnk P1 Inc,0.4961
03/15/2016,abrdn Short Dur Gbl Infl Lnk P1 Inc,0.4959
03/16/2016,abrdn Short Dur Gbl Infl Lnk P1 Inc,0.4952
03/17/2016,abrdn Short Dur Gbl Infl Lnk P1 Inc,0.497
03/18/2016,abrdn Short Dur Gbl Infl Lnk P1 Inc,0.4986
03/19/2016,abrdn Short Dur Gbl Infl Lnk P1 Inc,0.4986
03/20/2016,abrdn Short Dur Gbl Infl Lnk P1 Inc,0.4986
03/21/2016,abrdn Short Dur Gbl Infl Lnk P1 Inc,0.4996
03/22/2016,abrdn Short Dur Gbl Infl Lnk P1 Inc,0.499
03/23/2016,abrdn Short Dur Gbl Infl Lnk P1 Inc,0.4987
03/24/2016,abrdn Short Dur Gbl Infl Lnk P1 Inc,0.4989
03/25/2016,abrdn Short Dur Gbl Infl Lnk P1 Inc,0.4982
03/26/2016,abrdn Short Dur Gbl Infl Lnk P1 Inc,0.4982
03/27/2016,abrdn Short Dur Gbl Infl Lnk P1 Inc,0.4982
03/28/2016,abrdn Short Dur Gbl Infl Lnk P1 Inc,0.4982
03/29/2016,abrdn Short Dur Gbl Infl Lnk P1 Inc,0.4981
03/30/2016,abrdn Short Dur Gbl Infl Lnk P1 Inc,0.5001
03/31/2016,abrdn Short Dur Gbl Infl Lnk P1 Inc,0.5007
04/01/2016,abrdn Short Dur Gbl Infl Lnk P1 Inc,0.5013
04/02/2016,abrdn Short Dur Gbl Infl Lnk P1 Inc,0.5013
04/03/2016,abrdn Short Dur Gbl Infl Lnk P1 Inc,0.5013
04/04/2016,abrdn Short Dur Gbl Infl Lnk P1 Inc,0.501
04/05/2016,abrdn Short Dur Gbl Infl Lnk P1 Inc,0.5014
04/06/2016,abrdn Short Dur Gbl Infl Lnk P1 Inc,0.5016
04/07/2016,abrdn Short Dur Gbl Infl Lnk P1 Inc,0.5016
04/08/2016,abrdn Short Dur Gbl Infl Lnk P1 Inc,0.5025
04/09/2016,abrdn Short Dur Gbl Infl Lnk P1 Inc,0.5025
04/10/2016,abrdn Short Dur Gbl Infl Lnk P1 Inc,0.5025
04/11/2016,abrdn Short Dur Gbl Infl Lnk P1 Inc,0.5026
04/12/2016,abrdn Short Dur Gbl Infl Lnk P1 Inc,0.5022
04/13/2016,abrdn Short Dur Gbl Infl Lnk P1 Inc,0.5013
04/14/2016,abrdn Short Dur Gbl Infl Lnk P1 Inc,0.5015
04/15/2016,abrdn Short Dur Gbl Infl Lnk P1 Inc,0.5007
04/16/2016,abrdn Short Dur Gbl Infl Lnk P1 Inc,0.5007
04/17/2016,abrdn Short Dur Gbl Infl Lnk P1 Inc,0.5007
04/18/2016,abrdn Short Dur Gbl Infl Lnk P1 Inc,0.5011
04/19/2016,abrdn Short Dur Gbl Infl Lnk P1 Inc,0.5006
04/20/2016,abrdn Short Dur Gbl Infl Lnk P1 Inc,0.5009
04/21/2016,abrdn Short Dur Gbl Infl Lnk P1 Inc,0.5006
04/22/2016,abrdn Short Dur Gbl Infl Lnk P1 Inc,0.4999
04/23/2016,abrdn Short Dur Gbl Infl Lnk P1 Inc,0.4999
04/24/2016,abrdn Short Dur Gbl Infl Lnk P1 Inc,0.4999
04/25/2016,abrdn Short Dur Gbl Infl Lnk P1 Inc,0.4998
04/26/2016,abrdn Short Dur Gbl Infl Lnk P1 Inc,0.4995
04/27/2016,abrdn Short Dur Gbl Infl Lnk P1 Inc,0.4988
04/28/2016,abrdn Short Dur Gbl Infl Lnk P1 Inc,0.4997
04/29/2016,abrdn Short Dur Gbl Infl Lnk P1 Inc,0.5007
04/30/2016,abrdn Short Dur Gbl Infl Lnk P1 Inc,0.5007
05/01/2016,abrdn Short Dur Gbl Infl Lnk P1 Inc,0.5007
05/02/2016,abrdn Short Dur Gbl Infl Lnk P1 Inc,0.5008
05/03/2016,abrdn Short Dur Gbl Infl Lnk P1 Inc,0.5
05/04/2016,abrdn Short Dur Gbl Infl Lnk P1 Inc,0.5006
05/05/2016,abrdn Short Dur Gbl Infl Lnk P1 Inc,0.5006
05/06/2016,abrdn Short Dur Gbl Infl Lnk P1 Inc,0.5015
05/07/2016,abrdn Short Dur Gbl Infl Lnk P1 Inc,0.5015
05/08/2016,abrdn Short Dur Gbl Infl Lnk P1 Inc,0.5015
05/09/2016,abrdn Short Dur Gbl Infl Lnk P1 Inc,0.5013
05/10/2016,abrdn Short Dur Gbl Infl Lnk P1 Inc,0.5015
05/11/2016,abrdn Short Dur Gbl Infl Lnk P1 Inc,0.5019
05/12/2016,abrdn Short Dur Gbl Infl Lnk P1 Inc,0.5021
05/13/2016,abrdn Short Dur Gbl Infl Lnk P1 Inc,0.5017
05/14/2016,abrdn Short Dur Gbl Infl Lnk P1 Inc,0.5017
05/15/2016,abrdn Short Dur Gbl Infl Lnk P1 Inc,0.5017
05/16/2016,abrdn Short Dur Gbl Infl Lnk P1 Inc,0.5025
05/17/2016,abrdn Short Dur Gbl Infl Lnk P1 Inc,0.5022
05/18/2016,abrdn Short Dur Gbl Infl Lnk P1 Inc,0.5025
05/19/2016,abrdn Short Dur Gbl Infl Lnk P1 Inc,0.5004
05/20/2016,abrdn Short Dur Gbl Infl Lnk P1 Inc,0.5001
05/21/2016,abrdn Short Dur Gbl Infl Lnk P1 Inc,0.5001
05/22/2016,abrdn Short Dur Gbl Infl Lnk P1 Inc,0.5001
05/23/2016,abrdn Short Dur Gbl Infl Lnk P1 Inc,0.4999
05/24/2016,abrdn Short Dur Gbl Infl Lnk P1 Inc,0.4999
05/25/2016,abrdn Short Dur Gbl Infl Lnk P1 Inc,0.4998
05/26/2016,abrdn Short Dur Gbl Infl Lnk P1 Inc,0.5005
05/27/2016,abrdn Short Dur Gbl Infl Lnk P1 Inc,0.5013
05/28/2016,abrdn Short Dur Gbl Infl Lnk P1 Inc,0.5013
05/29/2016,abrdn Short Dur Gbl Infl Lnk P1 Inc,0.5013
05/30/2016,abrdn Short Dur Gbl Infl Lnk P1 Inc,0.5008
05/31/2016,abrdn Short Dur Gbl Infl Lnk P1 Inc,0.5007
06/01/2016,abrdn Short Dur Gbl Infl Lnk P1 Inc,0.5006
06/02/2016,abrdn Short Dur Gbl Infl Lnk P1 Inc,0.5003
06/03/2016,abrdn Short Dur Gbl Infl Lnk P1 Inc,0.5011
06/04/2016,abrdn Short Dur Gbl Infl Lnk P1 Inc,0.5011
06/05/2016,abrdn Short Dur Gbl Infl Lnk P1 Inc,0.5011
06/06/2016,abrdn Short Dur Gbl Infl Lnk P1 Inc,0.5034
06/07/2016,abrdn Short Dur Gbl Infl Lnk P1 Inc,0.5039
06/08/2016,abrdn Short Dur Gbl Infl Lnk P1 Inc,0.5043
06/09/2016,abrdn Short Dur Gbl Infl Lnk P1 Inc,0.5046
06/10/2016,abrdn Short Dur Gbl Infl Lnk P1 Inc,0.5045
06/11/2016,abrdn Short Dur Gbl Infl Lnk P1 Inc,0.5045
06/12/2016,abrdn Short Dur Gbl Infl Lnk P1 Inc,0.5045
06/13/2016,abrdn Short Dur Gbl Infl Lnk P1 Inc,0.5044
06/14/2016,abrdn Short Dur Gbl Infl Lnk P1 Inc,0.504
06/15/2016,abrdn Short Dur Gbl Infl Lnk P1 Inc,0.5042
06/16/2016,abrdn Short Dur Gbl Infl Lnk P1 Inc,0.5051
06/17/2016,abrdn Short Dur Gbl Infl Lnk P1 Inc,0.5052
06/18/2016,abrdn Short Dur Gbl Infl Lnk P1 Inc,0.5052
06/19/2016,abrdn Short Dur Gbl Infl Lnk P1 Inc,0.5052
06/20/2016,abrdn Short Dur Gbl Infl Lnk P1 Inc,0.5045
06/21/2016,abrdn Short Dur Gbl Infl Lnk P1 Inc,0.5036
06/22/2016,abrdn Short Dur Gbl Infl Lnk P1 Inc,0.503
06/23/2016,abrdn Short Dur Gbl Infl Lnk P1 Inc,0.5028
06/24/2016,abrdn Short Dur Gbl Infl Lnk P1 Inc,0.5029
06/25/2016,abrdn Short Dur Gbl Infl Lnk P1 Inc,0.5029
06/26/2016,abrdn Short Dur Gbl Infl Lnk P1 Inc,0.5029
06/27/2016,abrdn Short Dur Gbl Infl Lnk P1 Inc,0.5059
06/28/2016,abrdn Short Dur Gbl Infl Lnk P1 Inc,0.5083
06/29/2016,abrdn Short Dur Gbl Infl Lnk P1 Inc,0.5092
06/30/2016,abrdn Short Dur Gbl Infl Lnk P1 Inc,0.5097
07/01/2016,abrdn Short Dur Gbl Infl Lnk P1 Inc,0.5105
07/02/2016,abrdn Short Dur Gbl Infl Lnk P1 Inc,0.5105
07/03/2016,abrdn Short Dur Gbl Infl Lnk P1 Inc,0.5105
07/04/2016,abrdn Short Dur Gbl Infl Lnk P1 Inc,0.5114
07/05/2016,abrdn Short Dur Gbl Infl Lnk P1 Inc,0.5114
07/06/2016,abrdn Short Dur Gbl Infl Lnk P1 Inc,0.5124
07/07/2016,abrdn Short Dur Gbl Infl Lnk P1 Inc,0.5132
07/08/2016,abrdn Short Dur Gbl Infl Lnk P1 Inc,0.5133
07/09/2016,abrdn Short Dur Gbl Infl Lnk P1 Inc,0.5133
07/10/2016,abrdn Short Dur Gbl Infl Lnk P1 Inc,0.5133
07/11/2016,abrdn Short Dur Gbl Infl Lnk P1 Inc,0.5133
07/12/2016,abrdn Short Dur Gbl Infl Lnk P1 Inc,0.5123
07/13/2016,abrdn Short Dur Gbl Infl Lnk P1 Inc,0.511
07/14/2016,abrdn Short Dur Gbl Infl Lnk P1 Inc,0.5118
07/15/2016,abrdn Short Dur Gbl Infl Lnk P1 Inc,0.511
07/16/2016,abrdn Short Dur Gbl Infl Lnk P1 Inc,0.511
07/17/2016,abrdn Short Dur Gbl Infl Lnk P1 Inc,0.511
07/18/2016,abrdn Short Dur Gbl Infl Lnk P1 Inc,0.5102
07/19/2016,abrdn Short Dur Gbl Infl Lnk P1 Inc,0.5105
07/20/2016,abrdn Short Dur Gbl Infl Lnk P1 Inc,0.5106
07/21/2016,abrdn Short Dur Gbl Infl Lnk P1 Inc,0.5099
07/22/2016,abrdn Short Dur Gbl Infl Lnk P1 Inc,0.5101
07/23/2016,abrdn Short Dur Gbl Infl Lnk P1 Inc,0.5101
07/24/2016,abrdn Short Dur Gbl Infl Lnk P1 Inc,0.5101
07/25/2016,abrdn Short Dur Gbl Infl Lnk P1 Inc,0.5098
07/26/2016,abrdn Short Dur Gbl Infl Lnk P1 Inc,0.5097
07/27/2016,abrdn Short Dur Gbl Infl Lnk P1 Inc,0.5101
07/28/2016,abrdn Short Dur Gbl Infl Lnk P1 Inc,0.5116
07/29/2016,abrdn Short Dur Gbl Infl Lnk P1 Inc,0.5122
07/30/2016,abrdn Short Dur Gbl Infl Lnk P1 Inc,0.5122
07/31/2016,abrdn Short Dur Gbl Infl Lnk P1 Inc,0.5122
08/01/2016,abrdn Short Dur Gbl Infl Lnk P1 Inc,0.5127
08/02/2016,abrdn Short Dur Gbl Infl Lnk P1 Inc,0.5114
08/03/2016,abrdn Short Dur Gbl Infl Lnk P1 Inc,0.5099
08/04/2016,abrdn Short Dur Gbl Infl Lnk P1 Inc,0.5103
08/05/2016,abrdn Short Dur Gbl Infl Lnk P1 Inc,0.5129
08/06/2016,abrdn Short Dur Gbl Infl Lnk P1 Inc,0.5129
08/07/2016,abrdn Short Dur Gbl Infl Lnk P1 Inc,0.5129
08/08/2016,abrdn Short Dur Gbl Infl Lnk P1 Inc,0.5125
08/09/2016,abrdn Short Dur Gbl Infl Lnk P1 Inc,0.5134
08/10/2016,abrdn Short Dur Gbl Infl Lnk P1 Inc,0.5141
08/11/2016,abrdn Short Dur Gbl Infl Lnk P1 Inc,0.5147
08/12/2016,abrdn Short Dur Gbl Infl Lnk P1 Inc,0.5139
08/13/2016,abrdn Short Dur Gbl Infl Lnk P1 Inc,0.5139
08/14/2016,abrdn Short Dur Gbl Infl Lnk P1 Inc,0.5139
08/15/2016,abrdn Short Dur Gbl Infl Lnk P1 Inc,0.5147
08/16/2016,abrdn Short Dur Gbl Infl Lnk P1 Inc,0.5144
08/17/2016,abrdn Short Dur Gbl Infl Lnk P1 Inc,0.5141
08/18/2016,abrdn Short Dur Gbl Infl Lnk P1 Inc,0.5148
08/19/2016,abrdn Short Dur Gbl Infl Lnk P1 Inc,0.5155
08/20/2016,abrdn Short Dur Gbl Infl Lnk P1 Inc,0.5155
08/21/2016,abrdn Short Dur Gbl Infl Lnk P1 Inc,0.5155
08/22/2016,abrdn Short Dur Gbl Infl Lnk P1 Inc,0.5145
08/23/2016,abrdn Short Dur Gbl Infl Lnk P1 Inc,0.5152
08/24/2016,abrdn Short Dur Gbl Infl Lnk P1 Inc,0.5155
08/25/2016,abrdn Short Dur Gbl Infl Lnk P1 Inc,0.5154
08/26/2016,abrdn Short Dur Gbl Infl Lnk P1 Inc,0.5154
08/27/2016,abrdn Short Dur Gbl Infl Lnk P1 Inc,0.5154
08/28/2016,abrdn Short Dur Gbl Infl Lnk P1 Inc,0.5154
08/29/2016,abrdn Short Dur Gbl Infl Lnk P1 Inc,0.5147
08/30/2016,abrdn Short Dur Gbl Infl Lnk P1 Inc,0.5151
08/31/2016,abrdn Short Dur Gbl Infl Lnk P1 Inc,0.5154
09/01/2016,abrdn Short Dur Gbl Infl Lnk P1 Inc,0.5156
09/02/2016,abrdn Short Dur Gbl Infl Lnk P1 Inc,0.5153
09/03/2016,abrdn Short Dur Gbl Infl Lnk P1 Inc,0.5153
09/04/2016,abrdn Short Dur Gbl Infl Lnk P1 Inc,0.5153
09/05/2016,abrdn Short Dur Gbl Infl Lnk P1 Inc,0.5143
09/06/2016,abrdn Short Dur Gbl Infl Lnk P1 Inc,0.5145
09/07/2016,abrdn Short Dur Gbl Infl Lnk P1 Inc,0.5159
09/08/2016,abrdn Short Dur Gbl Infl Lnk P1 Inc,0.5165
09/09/2016,abrdn Short Dur Gbl Infl Lnk P1 Inc,0.5152
09/10/2016,abrdn Short Dur Gbl Infl Lnk P1 Inc,0.5152
09/11/2016,abrdn Short Dur Gbl Infl Lnk P1 Inc,0.5152
09/12/2016,abrdn Short Dur Gbl Infl Lnk P1 Inc,0.5132
09/13/2016,abrdn Short Dur Gbl Infl Lnk P1 Inc,0.5131
09/14/2016,abrdn Short Dur Gbl Infl Lnk P1 Inc,0.5119
09/15/2016,abrdn Short Dur Gbl Infl Lnk P1 Inc,0.5127
09/16/2016,abrdn Short Dur Gbl Infl Lnk P1 Inc,0.5126
09/17/2016,abrdn Short Dur Gbl Infl Lnk P1 Inc,0.5126
09/18/2016,abrdn Short Dur Gbl Infl Lnk P1 Inc,0.5126
09/19/2016,abrdn Short Dur Gbl Infl Lnk P1 Inc,0.5129
09/20/2016,abrdn Short Dur Gbl Infl Lnk P1 Inc,0.5127
09/21/2016,abrdn Short Dur Gbl Infl Lnk P1 Inc,0.5129
09/22/2016,abrdn Short Dur Gbl Infl Lnk P1 Inc,0.5135
09/23/2016,abrdn Short Dur Gbl Infl Lnk P1 Inc,0.5154
09/24/2016,abrdn Short Dur Gbl Infl Lnk P1 Inc,0.5154
09/25/2016,abrdn Short Dur Gbl Infl Lnk P1 Inc,0.5154
09/26/2016,abrdn Short Dur Gbl Infl Lnk P1 Inc,0.5161
09/27/2016,abrdn Short Dur Gbl Infl Lnk P1 Inc,0.5165
09/28/2016,abrdn Short Dur Gbl Infl Lnk P1 Inc,0.5169
09/29/2016,abrdn Short Dur Gbl Infl Lnk P1 Inc,0.5176
09/30/2016,abrdn Short Dur Gbl Infl Lnk P1 Inc,0.5179
10/01/2016,abrdn Short Dur Gbl Infl Lnk P1 Inc,0.5179
10/02/2016,abrdn Short Dur Gbl Infl Lnk P1 Inc,0.5179
10/03/2016,abrdn Short Dur Gbl Infl Lnk P1 Inc,0.5172
10/04/2016,abrdn Short Dur Gbl Infl Lnk P1 Inc,0.5179
10/05/2016,abrdn Short Dur Gbl Infl Lnk P1 Inc,0.5173
10/06/2016,abrdn Short Dur Gbl Infl Lnk P1 Inc,0.5165
10/07/2016,abrdn Short Dur Gbl Infl Lnk P1 Inc,0.5169
10/08/2016,abrdn Short Dur Gbl Infl Lnk P1 Inc,0.5169
10/09/2016,abrdn Short Dur Gbl Infl Lnk P1 Inc,0.5169
10/10/2016,abrdn Short Dur Gbl Infl Lnk P1 Inc,0.517
10/11/2016,abrdn Short Dur Gbl Infl Lnk P1 Inc,0.5165
10/12/2016,abrdn Short Dur Gbl Infl Lnk P1 Inc,0.5172
10/13/2016,abrdn Short Dur Gbl Infl Lnk P1 Inc,0.5163
10/14/2016,abrdn Short Dur Gbl Infl Lnk P1 Inc,0.5163
10/15/2016,abrdn Short Dur Gbl Infl Lnk P1 Inc,0.5163
10/16/2016,abrdn Short Dur Gbl Infl Lnk P1 Inc,0.5163
10/17/2016,abrdn Short Dur Gbl Infl Lnk P1 Inc,0.5155
10/18/2016,abrdn Short Dur Gbl Infl Lnk P1 Inc,0.5162
10/19/2016,abrdn Short Dur Gbl Infl Lnk P1 Inc,0.5167
10/20/2016,abrdn Short Dur Gbl Infl Lnk P1 Inc,0.5171
10/21/2016,abrdn Short Dur Gbl Infl Lnk P1 Inc,0.5174
10/22/2016,abrdn Short Dur Gbl Infl Lnk P1 Inc,0.5174
10/23/2016,abrdn Short Dur Gbl Infl Lnk P1 Inc,0.5174
10/24/2016,abrdn Short Dur Gbl Infl Lnk P1 Inc,0.5173
10/25/2016,abrdn Short Dur Gbl Infl Lnk P1 Inc,0.5171
10/26/2016,abrdn Short Dur Gbl Infl Lnk P1 Inc,0.5175
10/27/2016,abrdn Short Dur Gbl Infl Lnk P1 Inc,0.5165
10/28/2016,abrdn Short Dur Gbl Infl Lnk P1 Inc,0.5155
10/29/2016,abrdn Short Dur Gbl Infl Lnk P1 Inc,0.5155
10/30/2016,abrdn Short Dur Gbl Infl Lnk P1 Inc,0.5155
10/31/2016,abrdn Short Dur Gbl Infl Lnk P1 Inc,0.5153
11/01/2016,abrdn Short Dur Gbl Infl Lnk P1 Inc,0.5153
11/02/2016,abrdn Short Dur Gbl Infl Lnk P1 Inc,0.5149
11/03/2016,abrdn Short Dur Gbl Infl Lnk P1 Inc,0.5154
11/04/2016,abrdn Short Dur Gbl Infl Lnk P1 Inc,0.5143
11/05/2016,abrdn Short Dur Gbl Infl Lnk P1 Inc,0.5143
11/06/2016,abrdn Short Dur Gbl Infl Lnk P1 Inc,0.5143
11/07/2016,abrdn Short Dur Gbl Infl Lnk P1 Inc,0.5147
11/08/2016,abrdn Short Dur Gbl Infl Lnk P1 Inc,0.5145
11/09/2016,abrdn Short Dur Gbl Infl Lnk P1 Inc,0.514
11/10/2016,abrdn Short Dur Gbl Infl Lnk P1 Inc,0.5134
11/11/2016,abrdn Short Dur Gbl Infl Lnk P1 Inc,0.5123
11/12/2016,abrdn Short Dur Gbl Infl Lnk P1 Inc,0.5123
11/13/2016,abrdn Short Dur Gbl Infl Lnk P1 Inc,0.5123
11/14/2016,abrdn Short Dur Gbl Infl Lnk P1 Inc,0.5111
11/15/2016,abrdn Short Dur Gbl Infl Lnk P1 Inc,0.5091
11/16/2016,abrdn Short Dur Gbl Infl Lnk P1 Inc,0.5095
11/17/2016,abrdn Short Dur Gbl Infl Lnk P1 Inc,0.5091
11/18/2016,abrdn Short Dur Gbl Infl Lnk P1 Inc,0.5089
11/19/2016,abrdn Short Dur Gbl Infl Lnk P1 Inc,0.5089
11/20/2016,abrdn Short Dur Gbl Infl Lnk P1 Inc,0.5089
11/21/2016,abrdn Short Dur Gbl Infl Lnk P1 Inc,0.5081
11/22/2016,abrdn Short Dur Gbl Infl Lnk P1 Inc,0.5086
11/23/2016,abrdn Short Dur Gbl Infl Lnk P1 Inc,0.5093
11/24/2016,abrdn Short Dur Gbl Infl Lnk P1 Inc,0.5083
11/25/2016,abrdn Short Dur Gbl Infl Lnk P1 Inc,0.5086
11/26/2016,abrdn Short Dur Gbl Infl Lnk P1 Inc,0.5086
11/27/2016,abrdn Short Dur Gbl Infl Lnk P1 Inc,0.5086
11/28/2016,abrdn Short Dur Gbl Infl Lnk P1 Inc,0.508
11/29/2016,abrdn Short Dur Gbl Infl Lnk P1 Inc,0.5082
11/30/2016,abrdn Short Dur Gbl Infl Lnk P1 Inc,0.5084
12/01/2016,abrdn Short Dur Gbl Infl Lnk P1 Inc,0.5089
12/02/2016,abrdn Short Dur Gbl Infl Lnk P1 Inc,0.5084
12/03/2016,abrdn Short Dur Gbl Infl Lnk P1 Inc,0.5084
12/04/2016,abrdn Short Dur Gbl Infl Lnk P1 Inc,0.5084
12/05/2016,abrdn Short Dur Gbl Infl Lnk P1 Inc,0.5095
12/06/2016,abrdn Short Dur Gbl Infl Lnk P1 Inc,0.5096
12/07/2016,abrdn Short Dur Gbl Infl Lnk P1 Inc,0.5097
12/08/2016,abrdn Short Dur Gbl Infl Lnk P1 Inc,0.5101
12/09/2016,abrdn Short Dur Gbl Infl Lnk P1 Inc,0.5101
12/10/2016,abrdn Short Dur Gbl Infl Lnk P1 Inc,0.5101
12/11/2016,abrdn Short Dur Gbl Infl Lnk P1 Inc,0.5101
12/12/2016,abrdn Short Dur Gbl Infl Lnk P1 Inc,0.5091
12/13/2016,abrdn Short Dur Gbl Infl Lnk P1 Inc,0.5091
12/14/2016,abrdn Short Dur Gbl Infl Lnk P1 Inc,0.5096
12/15/2016,abrdn Short Dur Gbl Infl Lnk P1 Inc,0.5088
12/16/2016,abrdn Short Dur Gbl Infl Lnk P1 Inc,0.5062
12/17/2016,abrdn Short Dur Gbl Infl Lnk P1 Inc,0.5062
12/18/2016,abrdn Short Dur Gbl Infl Lnk P1 Inc,0.5062
12/19/2016,abrdn Short Dur Gbl Infl Lnk P1 Inc,0.5056
12/20/2016,abrdn Short Dur Gbl Infl Lnk P1 Inc,0.5065
12/21/2016,abrdn Short Dur Gbl Infl Lnk P1 Inc,0.5071
12/22/2016,abrdn Short Dur Gbl Infl Lnk P1 Inc,0.5077
12/23/2016,abrdn Short Dur Gbl Infl Lnk P1 Inc,0.5083
12/24/2016,abrdn Short Dur Gbl Infl Lnk P1 Inc,0.5083
12/25/2016,abrdn Short Dur Gbl Infl Lnk P1 Inc,0.5083
12/26/2016,abrdn Short Dur Gbl Infl Lnk P1 Inc,0.5083
12/27/2016,abrdn Short Dur Gbl Infl Lnk P1 Inc,0.5083
12/28/2016,abrdn Short Dur Gbl Infl Lnk P1 Inc,0.5089
12/29/2016,abrdn Short Dur Gbl Infl Lnk P1 Inc,0.5097
12/30/2016,abrdn Short Dur Gbl Infl Lnk P1 Inc,0.5103
12/31/2016,abrdn Short Dur Gbl Infl Lnk P1 Inc,0.5103
01/01/2017,abrdn Short Dur Gbl Infl Lnk P1 Inc,0.5103
01/02/2017,abrdn Short Dur Gbl Infl Lnk P1 Inc,0.5103
01/03/2017,abrdn Short Dur Gbl Infl Lnk P1 Inc,0.5113
01/04/2017,abrdn Short Dur Gbl Infl Lnk P1 Inc,0.5113
01/05/2017,abrdn Short Dur Gbl Infl Lnk P1 Inc,0.5115
01/06/2017,abrdn Short Dur Gbl Infl Lnk P1 Inc,0.5121
01/07/2017,abrdn Short Dur Gbl Infl Lnk P1 Inc,0.5121
01/08/2017,abrdn Short Dur Gbl Infl Lnk P1 Inc,0.5121
01/09/2017,abrdn Short Dur Gbl Infl Lnk P1 Inc,0.5113
01/10/2017,abrdn Short Dur Gbl Infl Lnk P1 Inc,0.5118
01/11/2017,abrdn Short Dur Gbl Infl Lnk P1 Inc,0.5121
01/12/2017,abrdn Short Dur Gbl Infl Lnk P1 Inc,0.5131
01/13/2017,abrdn Short Dur Gbl Infl Lnk P1 Inc,0.5135
01/14/2017,abrdn Short Dur Gbl Infl Lnk P1 Inc,0.5135
01/15/2017,abrdn Short Dur Gbl Infl Lnk P1 Inc,0.5135
01/16/2017,abrdn Short Dur Gbl Infl Lnk P1 Inc,0.5128
01/17/2017,abrdn Short Dur Gbl Infl Lnk P1 Inc,0.5129
01/18/2017,abrdn Short Dur Gbl Infl Lnk P1 Inc,0.513
01/19/2017,abrdn Short Dur Gbl Infl Lnk P1 Inc,0.5123
01/20/2017,abrdn Short Dur Gbl Infl Lnk P1 Inc,0.5114
01/21/2017,abrdn Short Dur Gbl Infl Lnk P1 Inc,0.5114
01/22/2017,abrdn Short Dur Gbl Infl Lnk P1 Inc,0.5114
01/23/2017,abrdn Short Dur Gbl Infl Lnk P1 Inc,0.5112
01/24/2017,abrdn Short Dur Gbl Infl Lnk P1 Inc,0.5121
01/25/2017,abrdn Short Dur Gbl Infl Lnk P1 Inc,0.5118
01/26/2017,abrdn Short Dur Gbl Infl Lnk P1 Inc,0.5108
01/27/2017,abrdn Short Dur Gbl Infl Lnk P1 Inc,0.5107
01/28/2017,abrdn Short Dur Gbl Infl Lnk P1 Inc,0.5107
01/29/2017,abrdn Short Dur Gbl Infl Lnk P1 Inc,0.5107
01/30/2017,abrdn Short Dur Gbl Infl Lnk P1 Inc,0.5114
01/31/2017,abrdn Short Dur Gbl Infl Lnk P1 Inc,0.5115
02/01/2017,abrdn Short Dur Gbl Infl Lnk P1 Inc,0.5115
02/02/2017,abrdn Short Dur Gbl Infl Lnk P1 Inc,0.5112
02/03/2017,abrdn Short Dur Gbl Infl Lnk P1 Inc,0.5115
02/04/2017,abrdn Short Dur Gbl Infl Lnk P1 Inc,0.5115
02/05/2017,abrdn Short Dur Gbl Infl Lnk P1 Inc,0.5115
02/06/2017,abrdn Short Dur Gbl Infl Lnk P1 Inc,0.5112
02/07/2017,abrdn Short Dur Gbl Infl Lnk P1 Inc,0.5118
02/08/2017,abrdn Short Dur Gbl Infl Lnk P1 Inc,0.5119
02/09/2017,abrdn Short Dur Gbl Infl Lnk P1 Inc,0.5124
02/10/2017,abrdn Short Dur Gbl Infl Lnk P1 Inc,0.5122
02/11/2017,abrdn Short Dur Gbl Infl Lnk P1 Inc,0.5122
02/12/2017,abrdn Short Dur Gbl Infl Lnk P1 Inc,0.5122
02/13/2017,abrdn Short Dur Gbl Infl Lnk P1 Inc,0.5122
02/14/2017,abrdn Short Dur Gbl Infl Lnk P1 Inc,0.5116
02/15/2017,abrdn Short Dur Gbl Infl Lnk P1 Inc,0.5106
02/16/2017,abrdn Short Dur Gbl Infl Lnk P1 Inc,0.5108
02/17/2017,abrdn Short Dur Gbl Infl Lnk P1 Inc,0.5115
02/18/2017,abrdn Short Dur Gbl Infl Lnk P1 Inc,0.5115
02/19/2017,abrdn Short Dur Gbl Infl Lnk P1 Inc,0.5115
02/20/2017,abrdn Short Dur Gbl Infl Lnk P1 Inc,0.5117
02/21/2017,abrdn Short Dur Gbl Infl Lnk P1 Inc,0.5116
02/22/2017,abrdn Short Dur Gbl Infl Lnk P1 Inc,0.5112
02/23/2017,abrdn Short Dur Gbl Infl Lnk P1 Inc,0.5114
02/24/2017,abrdn Short Dur Gbl Infl Lnk P1 Inc,0.5123
02/25/2017,abrdn Short Dur Gbl Infl Lnk P1 Inc,0.5123
02/26/2017,abrdn Short Dur Gbl Infl Lnk P1 Inc,0.5123
02/27/2017,abrdn Short Dur Gbl Infl Lnk P1 Inc,0.5136
02/28/2017,abrdn Short Dur Gbl Infl Lnk P1 Inc,0.5133
03/01/2017,abrdn Short Dur Gbl Infl Lnk P1 Inc,0.5134
03/02/2017,abrdn Short Dur Gbl Infl Lnk P1 Inc,0.5118
03/03/2017,abrdn Short Dur Gbl Infl Lnk P1 Inc,0.5114
03/04/2017,abrdn Short Dur Gbl Infl Lnk P1 Inc,0.5114
03/05/2017,abrdn Short Dur Gbl Infl Lnk P1 Inc,0.5114
03/06/2017,abrdn Short Dur Gbl Infl Lnk P1 Inc,0.5117
03/07/2017,abrdn Short Dur Gbl Infl Lnk P1 Inc,0.5114
03/08/2017,abrdn Short Dur Gbl Infl Lnk P1 Inc,0.5113
03/09/2017,abrdn Short Dur Gbl Infl Lnk P1 Inc,0.5104
03/10/2017,abrdn Short Dur Gbl Infl Lnk P1 Inc,0.5097
03/11/2017,abrdn Short Dur Gbl Infl Lnk P1 Inc,0.5097
03/12/2017,abrdn Short Dur Gbl Infl Lnk P1 Inc,0.5097
03/13/2017,abrdn Short Dur Gbl Infl Lnk P1 Inc,0.5094
03/14/2017,abrdn Short Dur Gbl Infl Lnk P1 Inc,0.5093
03/15/2017,abrdn Short Dur Gbl Infl Lnk P1 Inc,0.5091
03/16/2017,abrdn Short Dur Gbl Infl Lnk P1 Inc,0.5109
03/17/2017,abrdn Short Dur Gbl Infl Lnk P1 Inc,0.5103
03/18/2017,abrdn Short Dur Gbl Infl Lnk P1 Inc,0.5103
03/19/2017,abrdn Short Dur Gbl Infl Lnk P1 Inc,0.5103
03/20/2017,abrdn Short Dur Gbl Infl Lnk P1 Inc,0.5102
03/21/2017,abrdn Short Dur Gbl Infl Lnk P1 Inc,0.5105
03/22/2017,abrdn Short Dur Gbl Infl Lnk P1 Inc,0.5108
03/23/2017,abrdn Short Dur Gbl Infl Lnk P1 Inc,0.5116
03/24/2017,abrdn Short Dur Gbl Infl Lnk P1 Inc,0.5113
03/25/2017,abrdn Short Dur Gbl Infl Lnk P1 Inc,0.5113
03/26/2017,abrdn Short Dur Gbl Infl Lnk P1 Inc,0.5113
03/27/2017,abrdn Short Dur Gbl Infl Lnk P1 Inc,0.5121
03/28/2017,abrdn Short Dur Gbl Infl Lnk P1 Inc,0.5121
03/29/2017,abrdn Short Dur Gbl Infl Lnk P1 Inc,0.5115
03/30/2017,abrdn Short Dur Gbl Infl Lnk P1 Inc,0.5122
03/31/2017,abrdn Short Dur Gbl Infl Lnk P1 Inc,0.5119
04/01/2017,abrdn Short Dur Gbl Infl Lnk P1 Inc,0.5119
04/02/2017,abrdn Short Dur Gbl Infl Lnk P1 Inc,0.5119
04/03/2017,abrdn Short Dur Gbl Infl Lnk P1 Inc,0.5123
04/04/2017,abrdn Short Dur Gbl Infl Lnk P1 Inc,0.5134
04/05/2017,abrdn Short Dur Gbl Infl Lnk P1 Inc,0.5137
04/06/2017,abrdn Short Dur Gbl Infl Lnk P1 Inc,0.5142
04/07/2017,abrdn Short Dur Gbl Infl Lnk P1 Inc,0.5142
04/08/2017,abrdn Short Dur Gbl Infl Lnk P1 Inc,0.5142
04/09/2017,abrdn Short Dur Gbl Infl Lnk P1 Inc,0.5142
04/10/2017,abrdn Short Dur Gbl Infl Lnk P1 Inc,0.5138
04/11/2017,abrdn Short Dur Gbl Infl Lnk P1 Inc,0.514
04/12/2017,abrdn Short Dur Gbl Infl Lnk P1 Inc,0.5148
04/13/2017,abrdn Short Dur Gbl Infl Lnk P1 Inc,0.5152
04/14/2017,abrdn Short Dur Gbl Infl Lnk P1 Inc,0.5157
04/15/2017,abrdn Short Dur Gbl Infl Lnk P1 Inc,0.5157
04/16/2017,abrdn Short Dur Gbl Infl Lnk P1 Inc,0.5157
04/17/2017,abrdn Short Dur Gbl Infl Lnk P1 Inc,0.5157
04/18/2017,abrdn Short Dur Gbl Infl Lnk P1 Inc,0.515
04/19/2017,abrdn Short Dur Gbl Infl Lnk P1 Inc,0.515
04/20/2017,abrdn Short Dur Gbl Infl Lnk P1 Inc,0.5143
04/21/2017,abrdn Short Dur Gbl Infl Lnk P1 Inc,0.5137
04/22/2017,abrdn Short Dur Gbl Infl Lnk P1 Inc,0.5137
04/23/2017,abrdn Short Dur Gbl Infl Lnk P1 Inc,0.5137
04/24/2017,abrdn Short Dur Gbl Infl Lnk P1 Inc,0.5137
04/25/2017,abrdn Short Dur Gbl Infl Lnk P1 Inc,0.5138
04/26/2017,abrdn Short Dur Gbl Infl Lnk P1 Inc,0.5134
04/27/2017,abrdn Short Dur Gbl Infl Lnk P1 Inc,0.5133
04/28/2017,abrdn Short Dur Gbl Infl Lnk P1 Inc,0.5137
04/29/2017,abrdn Short Dur Gbl Infl Lnk P1 Inc,0.5137
04/30/2017,abrdn Short Dur Gbl Infl Lnk P1 Inc,0.5137
05/01/2017,abrdn Short Dur Gbl Infl Lnk P1 Inc,0.5136
05/02/2017,abrdn Short Dur Gbl Infl Lnk P1 Inc,0.513
05/03/2017,abrdn Short Dur Gbl Infl Lnk P1 Inc,0.513
05/04/2017,abrdn Short Dur Gbl Infl Lnk P1 Inc,0.5124
05/05/2017,abrdn Short Dur Gbl Infl Lnk P1 Inc,0.5111
05/06/2017,abrdn Short Dur Gbl Infl Lnk P1 Inc,0.5111
05/07/2017,abrdn Short Dur Gbl Infl Lnk P1 Inc,0.5111
05/08/2017,abrdn Short Dur Gbl Infl Lnk P1 Inc,0.5108
05/09/2017,abrdn Short Dur Gbl Infl Lnk P1 Inc,0.5102
05/10/2017,abrdn Short Dur Gbl Infl Lnk P1 Inc,0.5097
05/11/2017,abrdn Short Dur Gbl Infl Lnk P1 Inc,0.5104
05/12/2017,abrdn Short Dur Gbl Infl Lnk P1 Inc,0.5113
05/13/2017,abrdn Short Dur Gbl Infl Lnk P1 Inc,0.5113
05/14/2017,abrdn Short Dur Gbl Infl Lnk P1 Inc,0.5113
05/15/2017,abrdn Short Dur Gbl Infl Lnk P1 Inc,0.5119
05/16/2017,abrdn Short Dur Gbl Infl Lnk P1 Inc,0.5119
05/17/2017,abrdn Short Dur Gbl Infl Lnk P1 Inc,0.5117
05/18/2017,abrdn Short Dur Gbl Infl Lnk P1 Inc,0.513
05/19/2017,abrdn Short Dur Gbl Infl Lnk P1 Inc,0.5129
05/20/2017,abrdn Short Dur Gbl Infl Lnk P1 Inc,0.5129
05/21/2017,abrdn Short Dur Gbl Infl Lnk P1 Inc,0.5129
05/22/2017,abrdn Short Dur Gbl Infl Lnk P1 Inc,0.5131
05/23/2017,abrdn Short Dur Gbl Infl Lnk P1 Inc,0.513
05/24/2017,abrdn Short Dur Gbl Infl Lnk P1 Inc,0.5131
05/25/2017,abrdn Short Dur Gbl Infl Lnk P1 Inc,0.5131
05/26/2017,abrdn Short Dur Gbl Infl Lnk P1 Inc,0.513
05/27/2017,abrdn Short Dur Gbl Infl Lnk P1 Inc,0.513
05/28/2017,abrdn Short Dur Gbl Infl Lnk P1 Inc,0.513
05/29/2017,abrdn Short Dur Gbl Infl Lnk P1 Inc,0.5135
05/30/2017,abrdn Short Dur Gbl Infl Lnk P1 Inc,0.5135
05/31/2017,abrdn Short Dur Gbl Infl Lnk P1 Inc,0.5142
06/01/2017,abrdn Short Dur Gbl Infl Lnk P1 Inc,0.5137
06/02/2017,abrdn Short Dur Gbl Infl Lnk P1 Inc,0.5134
06/03/2017,abrdn Short Dur Gbl Infl Lnk P1 Inc,0.5134
06/04/2017,abrdn Short Dur Gbl Infl Lnk P1 Inc,0.5134
06/05/2017,abrdn Short Dur Gbl Infl Lnk P1 Inc,0.5139
06/06/2017,abrdn Short Dur Gbl Infl Lnk P1 Inc,0.5137
06/07/2017,abrdn Short Dur Gbl Infl Lnk P1 Inc,0.5144
06/08/2017,abrdn Short Dur Gbl Infl Lnk P1 Inc,0.5136
06/09/2017,abrdn Short Dur Gbl Infl Lnk P1 Inc,0.513
06/10/2017,abrdn Short Dur Gbl Infl Lnk P1 Inc,0.513
06/11/2017,abrdn Short Dur Gbl Infl Lnk P1 Inc,0.513
06/12/2017,abrdn Short Dur Gbl Infl Lnk P1 Inc,0.5132
06/13/2017,abrdn Short Dur Gbl Infl Lnk P1 Inc,0.5132
06/14/2017,abrdn Short Dur Gbl Infl Lnk P1 Inc,0.513
06/15/2017,abrdn Short Dur Gbl Infl Lnk P1 Inc,0.5133
06/16/2017,abrdn Short Dur Gbl Infl Lnk P1 Inc,0.5113
06/17/2017,abrdn Short Dur Gbl Infl Lnk P1 Inc,0.5113
06/18/2017,abrdn Short Dur Gbl Infl Lnk P1 Inc,0.5113
06/19/2017,abrdn Short Dur Gbl Infl Lnk P1 Inc,0.5115
06/20/2017,abrdn Short Dur Gbl Infl Lnk P1 Inc,0.5112
06/21/2017,abrdn Short Dur Gbl Infl Lnk P1 Inc,0.511
06/22/2017,abrdn Short Dur Gbl Infl Lnk P1 Inc,0.5115
06/23/2017,abrdn Short Dur Gbl Infl Lnk P1 Inc,0.512
06/24/2017,abrdn Short Dur Gbl Infl Lnk P1 Inc,0.512
06/25/2017,abrdn Short Dur Gbl Infl Lnk P1 Inc,0.512
06/26/2017,abrdn Short Dur Gbl Infl Lnk P1 Inc,0.5121
06/27/2017,abrdn Short Dur Gbl Infl Lnk P1 Inc,0.5126
06/28/2017,abrdn Short Dur Gbl Infl Lnk P1 Inc,0.5112
06/29/2017,abrdn Short Dur Gbl Infl Lnk P1 Inc,0.5111
06/30/2017,abrdn Short Dur Gbl Infl Lnk P1 Inc,0.5097
07/01/2017,abrdn Short Dur Gbl Infl Lnk P1 Inc,0.5097
07/02/2017,abrdn Short Dur Gbl Infl Lnk P1 Inc,0.5097
07/03/2017,abrdn Short Dur Gbl Infl Lnk P1 Inc,0.5094
07/04/2017,abrdn Short Dur Gbl Infl Lnk P1 Inc,0.5092
07/05/2017,abrdn Short Dur Gbl Infl Lnk P1 Inc,0.5093
07/06/2017,abrdn Short Dur Gbl Infl Lnk P1 Inc,0.5093
07/07/2017,abrdn Short Dur Gbl Infl Lnk P1 Inc,0.5084
07/08/2017,abrdn Short Dur Gbl Infl Lnk P1 Inc,0.5084
07/09/2017,abrdn Short Dur Gbl Infl Lnk P1 Inc,0.5084
07/10/2017,abrdn Short Dur Gbl Infl Lnk P1 Inc,0.5077
07/11/2017,abrdn Short Dur Gbl Infl Lnk P1 Inc,0.5081
07/12/2017,abrdn Short Dur Gbl Infl Lnk P1 Inc,0.5083
07/13/2017,abrdn Short Dur Gbl Infl Lnk P1 Inc,0.5094
07/14/2017,abrdn Short Dur Gbl Infl Lnk P1 Inc,0.5089
07/15/2017,abrdn Short Dur Gbl Infl Lnk P1 Inc,0.5089
07/16/2017,abrdn Short Dur Gbl Infl Lnk P1 Inc,0.5089
07/17/2017,abrdn Short Dur Gbl Infl Lnk P1 Inc,0.5086
07/18/2017,abrdn Short Dur Gbl Infl Lnk P1 Inc,0.5087
07/19/2017,abrdn Short Dur Gbl Infl Lnk P1 Inc,0.5096
07/20/2017,abrdn Short Dur Gbl Infl Lnk P1 Inc,0.5104
07/21/2017,abrdn Short Dur Gbl Infl Lnk P1 Inc,0.5101
07/22/2017,abrdn Short Dur Gbl Infl Lnk P1 Inc,0.5101
07/23/2017,abrdn Short Dur Gbl Infl Lnk P1 Inc,0.5101
07/24/2017,abrdn Short Dur Gbl Infl Lnk P1 Inc,0.5105
07/25/2017,abrdn Short Dur Gbl Infl Lnk P1 Inc,0.5103
07/26/2017,abrdn Short Dur Gbl Infl Lnk P1 Inc,0.5096
07/27/2017,abrdn Short Dur Gbl Infl Lnk P1 Inc,0.5105
07/28/2017,abrdn Short Dur Gbl Infl Lnk P1 Inc,0.5107
07/29/2017,abrdn Short Dur Gbl Infl Lnk P1 Inc,0.5107
07/30/2017,abrdn Short Dur Gbl Infl Lnk P1 Inc,0.5107
07/31/2017,abrdn Short Dur Gbl Infl Lnk P1 Inc,0.511
08/01/2017,abrdn Short Dur Gbl Infl Lnk P1 Inc,0.5095
08/02/2017,abrdn Short Dur Gbl Infl Lnk P1 Inc,0.5104
08/03/2017,abrdn Short Dur Gbl Infl Lnk P1 Inc,0.5101
08/04/2017,abrdn Short Dur Gbl Infl Lnk P1 Inc,0.5109
08/05/2017,abrdn Short Dur Gbl Infl Lnk P1 Inc,0.5109
08/06/2017,abrdn Short Dur Gbl Infl Lnk P1 Inc,0.5109
08/07/2017,abrdn Short Dur Gbl Infl Lnk P1 Inc,0.5106
08/08/2017,abrdn Short Dur Gbl Infl Lnk P1 Inc,0.5113
08/09/2017,abrdn Short Dur Gbl Infl Lnk P1 Inc,0.5114
08/10/2017,abrdn Short Dur Gbl Infl Lnk P1 Inc,0.5121
08/11/2017,abrdn Short Dur Gbl Infl Lnk P1 Inc,0.5124
08/12/2017,abrdn Short Dur Gbl Infl Lnk P1 Inc,0.5124
08/13/2017,abrdn Short Dur Gbl Infl Lnk P1 Inc,0.5124
08/14/2017,abrdn Short Dur Gbl Infl Lnk P1 Inc,0.5127
08/15/2017,abrdn Short Dur Gbl Infl Lnk P1 Inc,0.5119
08/16/2017,abrdn Short Dur Gbl Infl Lnk P1 Inc,0.5111
08/17/2017,abrdn Short Dur Gbl Infl Lnk P1 Inc,0.5116
08/18/2017,abrdn Short Dur Gbl Infl Lnk P1 Inc,0.5121
08/19/2017,abrdn Short Dur Gbl Infl Lnk P1 Inc,0.5121
08/20/2017,abrdn Short Dur Gbl Infl Lnk P1 Inc,0.5121
08/21/2017,abrdn Short Dur Gbl Infl Lnk P1 Inc,0.5121
08/22/2017,abrdn Short Dur Gbl Infl Lnk P1 Inc,0.5123
08/23/2017,abrdn Short Dur Gbl Infl Lnk P1 Inc,0.5118
08/24/2017,abrdn Short Dur Gbl Infl Lnk P1 Inc,0.5125
08/25/2017,abrdn Short Dur Gbl Infl Lnk P1 Inc,0.5122
08/26/2017,abrdn Short Dur Gbl Infl Lnk P1 Inc,0.5122
08/27/2017,abrdn Short Dur Gbl Infl Lnk P1 Inc,0.5122
08/28/2017,abrdn Short Dur Gbl Infl Lnk P1 Inc,0.5124
08/29/2017,abrdn Short Dur Gbl Infl Lnk P1 Inc,0.5127
08/30/2017,abrdn Short Dur Gbl Infl Lnk P1 Inc,0.5133
08/31/2017,abrdn Short Dur Gbl Infl Lnk P1 Inc,0.513
09/01/2017,abrdn Short Dur Gbl Infl Lnk P1 Inc,0.5136
09/02/2017,abrdn Short Dur Gbl Infl Lnk P1 Inc,0.5136
09/03/2017,abrdn Short Dur Gbl Infl Lnk P1 Inc,0.5136
09/04/2017,abrdn Short Dur Gbl Infl Lnk P1 Inc,0.5132
09/05/2017,abrdn Short Dur Gbl Infl Lnk P1 Inc,0.5134
09/06/2017,abrdn Short Dur Gbl Infl Lnk P1 Inc,0.5147
09/07/2017,abrdn Short Dur Gbl Infl Lnk P1 Inc,0.5144
09/08/2017,abrdn Short Dur Gbl Infl Lnk P1 Inc,0.5156
09/09/2017,abrdn Short Dur Gbl Infl Lnk P1 Inc,0.5156
09/10/2017,abrdn Short Dur Gbl Infl Lnk P1 Inc,0.5156
09/11/2017,abrdn Short Dur Gbl Infl Lnk P1 Inc,0.5155
09/12/2017,abrdn Short Dur Gbl Infl Lnk P1 Inc,0.5148
09/13/2017,abrdn Short Dur Gbl Infl Lnk P1 Inc,0.5136
09/14/2017,abrdn Short Dur Gbl Infl Lnk P1 Inc,0.5134
09/15/2017,abrdn Short Dur Gbl Infl Lnk P1 Inc,0.5128
09/16/2017,abrdn Short Dur Gbl Infl Lnk P1 Inc,0.5128
09/17/2017,abrdn Short Dur Gbl Infl Lnk P1 Inc,0.5128
09/18/2017,abrdn Short Dur Gbl Infl Lnk P1 Inc,0.5115
09/19/2017,abrdn Short Dur Gbl Infl Lnk P1 Inc,0.5113
09/20/2017,abrdn Short Dur Gbl Infl Lnk P1 Inc,0.5113
09/21/2017,abrdn Short Dur Gbl Infl Lnk P1 Inc,0.5106
09/22/2017,abrdn Short Dur Gbl Infl Lnk P1 Inc,0.5101
09/23/2017,abrdn Short Dur Gbl Infl Lnk P1 Inc,0.5101
09/24/2017,abrdn Short Dur Gbl Infl Lnk P1 Inc,0.5101
09/25/2017,abrdn Short Dur Gbl Infl Lnk P1 Inc,0.5105
09/26/2017,abrdn Short Dur Gbl Infl Lnk P1 Inc,0.5112
09/27/2017,abrdn Short Dur Gbl Infl Lnk P1 Inc,0.511
09/28/2017,abrdn Short Dur Gbl Infl Lnk P1 Inc,0.51
09/29/2017,abrdn Short Dur Gbl Infl Lnk P1 Inc,0.5102
09/30/2017,abrdn Short Dur Gbl Infl Lnk P1 Inc,0.5102
10/01/2017,abrdn Short Dur Gbl Infl Lnk P1 Inc,0.5102
10/02/2017,abrdn Short Dur Gbl Infl Lnk P1 Inc,0.5097
10/03/2017,abrdn Short Dur Gbl Infl Lnk P1 Inc,0.5096
10/04/2017,abrdn Short Dur Gbl Infl Lnk P1 Inc,0.5096
10/05/2017,abrdn Short Dur Gbl Infl Lnk P1 Inc,0.5098
10/06/2017,abrdn Short Dur Gbl Infl Lnk P1 Inc,0.5099
10/07/2017,abrdn Short Dur Gbl Infl Lnk P1 Inc,0.5099
10/08/2017,abrdn Short Dur Gbl Infl Lnk P1 Inc,0.5099
10/09/2017,abrdn Short Dur Gbl Infl Lnk P1 Inc,0.51
10/10/2017,abrdn Short Dur Gbl Infl Lnk P1 Inc,0.5101
10/11/2017,abrdn Short Dur Gbl Infl Lnk P1 Inc,0.5104
10/12/2017,abrdn Short Dur Gbl Infl Lnk P1 Inc,0.5105
10/13/2017,abrdn Short Dur Gbl Infl Lnk P1 Inc,0.5106
10/14/2017,abrdn Short Dur Gbl Infl Lnk P1 Inc,0.5106
10/15/2017,abrdn Short Dur Gbl Infl Lnk P1 Inc,0.5106
10/16/2017,abrdn Short Dur Gbl Infl Lnk P1 Inc,0.5108
10/17/2017,abrdn Short Dur Gbl Infl Lnk P1 Inc,0.5107
10/18/2017,abrdn Short Dur Gbl Infl Lnk P1 Inc,0.5109
10/19/2017,abrdn Short Dur Gbl Infl Lnk P1 Inc,0.5103
10/20/2017,abrdn Short Dur Gbl Infl Lnk P1 Inc,0.5106
10/21/2017,abrdn Short Dur Gbl Infl Lnk P1 Inc,0.5106
10/22/2017,abrdn Short Dur Gbl Infl Lnk P1 Inc,0.5106
10/23/2017,abrdn Short Dur Gbl Infl Lnk P1 Inc,0.5099
10/24/2017,abrdn Short Dur Gbl Infl Lnk P1 Inc,0.5102
10/25/2017,abrdn Short Dur Gbl Infl Lnk P1 Inc,0.5097
10/26/2017,abrdn Short Dur Gbl Infl Lnk P1 Inc,0.509
10/27/2017,abrdn Short Dur Gbl Infl Lnk P1 Inc,0.5092
10/28/2017,abrdn Short Dur Gbl Infl Lnk P1 Inc,0.5092
10/29/2017,abrdn Short Dur Gbl Infl Lnk P1 Inc,0.5092
10/30/2017,abrdn Short Dur Gbl Infl Lnk P1 Inc,0.5099
10/31/2017,abrdn Short Dur Gbl Infl Lnk P1 Inc,0.5108
11/01/2017,abrdn Short Dur Gbl Infl Lnk P1 Inc,0.5106
11/02/2017,abrdn Short Dur Gbl Infl Lnk P1 Inc,0.5106
11/03/2017,abrdn Short Dur Gbl Infl Lnk P1 Inc,0.5117
11/04/2017,abrdn Short Dur Gbl Infl Lnk P1 Inc,0.5117
11/05/2017,abrdn Short Dur Gbl Infl Lnk P1 Inc,0.5117
11/06/2017,abrdn Short Dur Gbl Infl Lnk P1 Inc,0.5115
11/07/2017,abrdn Short Dur Gbl Infl Lnk P1 Inc,0.5121
11/08/2017,abrdn Short Dur Gbl Infl Lnk P1 Inc,0.5127
11/09/2017,abrdn Short Dur Gbl Infl Lnk P1 Inc,0.5128
11/10/2017,abrdn Short Dur Gbl Infl Lnk P1 Inc,0.5124
11/11/2017,abrdn Short Dur Gbl Infl Lnk P1 Inc,0.5124
11/12/2017,abrdn Short Dur Gbl Infl Lnk P1 Inc,0.5124
11/13/2017,abrdn Short Dur Gbl Infl Lnk P1 Inc,0.5113
11/14/2017,abrdn Short Dur Gbl Infl Lnk P1 Inc,0.5115
11/15/2017,abrdn Short Dur Gbl Infl Lnk P1 Inc,0.5115
11/16/2017,abrdn Short Dur Gbl Infl Lnk P1 Inc,0.5119
11/17/2017,abrdn Short Dur Gbl Infl Lnk P1 Inc,0.5114
11/18/2017,abrdn Short Dur Gbl Infl Lnk P1 Inc,0.5114
11/19/2017,abrdn Short Dur Gbl Infl Lnk P1 Inc,0.5114
11/20/2017,abrdn Short Dur Gbl Infl Lnk P1 Inc,0.5114
11/21/2017,abrdn Short Dur Gbl Infl Lnk P1 Inc,0.5113
11/22/2017,abrdn Short Dur Gbl Infl Lnk P1 Inc,0.5113
11/23/2017,abrdn Short Dur Gbl Infl Lnk P1 Inc,0.5118
11/24/2017,abrdn Short Dur Gbl Infl Lnk P1 Inc,0.5122
11/25/2017,abrdn Short Dur Gbl Infl Lnk P1 Inc,0.5122
11/26/2017,abrdn Short Dur Gbl Infl Lnk P1 Inc,0.5122
11/27/2017,abrdn Short Dur Gbl Infl Lnk P1 Inc,0.5119
11/28/2017,abrdn Short Dur Gbl Infl Lnk P1 Inc,0.5121
11/29/2017,abrdn Short Dur Gbl Infl Lnk P1 Inc,0.512
11/30/2017,abrdn Short Dur Gbl Infl Lnk P1 Inc,0.5109
12/01/2017,abrdn Short Dur Gbl Infl Lnk P1 Inc,0.5106
12/02/2017,abrdn Short Dur Gbl Infl Lnk P1 Inc,0.5106
12/03/2017,abrdn Short Dur Gbl Infl Lnk P1 Inc,0.5106
12/04/2017,abrdn Short Dur Gbl Infl Lnk P1 Inc,0.5121
12/05/2017,abrdn Short Dur Gbl Infl Lnk P1 Inc,0.5114
12/06/2017,abrdn Short Dur Gbl Infl Lnk P1 Inc,0.5118
12/07/2017,abrdn Short Dur Gbl Infl Lnk P1 Inc,0.5123
12/08/2017,abrdn Short Dur Gbl Infl Lnk P1 Inc,0.512
12/09/2017,abrdn Short Dur Gbl Infl Lnk P1 Inc,0.512
12/10/2017,abrdn Short Dur Gbl Infl Lnk P1 Inc,0.512
12/11/2017,abrdn Short Dur Gbl Infl Lnk P1 Inc,0.5117
12/12/2017,abrdn Short Dur Gbl Infl Lnk P1 Inc,0.5122
12/13/2017,abrdn Short Dur Gbl Infl Lnk P1 Inc,0.5121
12/14/2017,abrdn Short Dur Gbl Infl Lnk P1 Inc,0.512
12/15/2017,abrdn Short Dur Gbl Infl Lnk P1 Inc,0.512
12/16/2017,abrdn Short Dur Gbl Infl Lnk P1 Inc,0.512
12/17/2017,abrdn Short Dur Gbl Infl Lnk P1 Inc,0.512
12/18/2017,abrdn Short Dur Gbl Infl Lnk P1 Inc,0.512
12/19/2017,abrdn Short Dur Gbl Infl Lnk P1 Inc,0.5118
12/20/2017,abrdn Short Dur Gbl Infl Lnk P1 Inc,0.5107
12/21/2017,abrdn Short Dur Gbl Infl Lnk P1 Inc,0.51
12/22/2017,abrdn Short Dur Gbl Infl Lnk P1 Inc,0.5105
12/23/2017,abrdn Short Dur Gbl Infl Lnk P1 Inc,0.5105
12/24/2017,abrdn Short Dur Gbl Infl Lnk P1 Inc,0.5105
12/25/2017,abrdn Short Dur Gbl Infl Lnk P1 Inc,0.5105
12/26/2017,abrdn Short Dur Gbl Infl Lnk P1 Inc,0.5105
12/27/2017,abrdn Short Dur Gbl Infl Lnk P1 Inc,0.5109
12/28/2017,abrdn Short Dur Gbl Infl Lnk P1 Inc,0.5117
12/29/2017,abrdn Short Dur Gbl Infl Lnk P1 Inc,0.511
12/30/2017,abrdn Short Dur Gbl Infl Lnk P1 Inc,0.511
12/31/2017,abrdn Short Dur Gbl Infl Lnk P1 Inc,0.511
01/01/2018,abrdn Short Dur Gbl Infl Lnk P1 Inc,0.511
01/02/2018,abrdn Short Dur Gbl Infl Lnk P1 Inc,0.5116
01/03/2018,abrdn Short Dur Gbl Infl Lnk P1 Inc,0.5106
01/04/2018,abrdn Short Dur Gbl Infl Lnk P1 Inc,0.5113
01/05/2018,abrdn Short Dur Gbl Infl Lnk P1 Inc,0.5115
01/06/2018,abrdn Short Dur Gbl Infl Lnk P1 Inc,0.5115
01/07/2018,abrdn Short Dur Gbl Infl Lnk P1 Inc,0.5115
01/08/2018,abrdn Short Dur Gbl Infl Lnk P1 Inc,0.5115
01/09/2018,abrdn Short Dur Gbl Infl Lnk P1 Inc,0.5115
01/10/2018,abrdn Short Dur Gbl Infl Lnk P1 Inc,0.5107
01/11/2018,abrdn Short Dur Gbl Infl Lnk P1 Inc,0.5106
01/12/2018,abrdn Short Dur Gbl Infl Lnk P1 Inc,0.51
01/13/2018,abrdn Short Dur Gbl Infl Lnk P1 Inc,0.51
01/14/2018,abrdn Short Dur Gbl Infl Lnk P1 Inc,0.51
01/15/2018,abrdn Short Dur Gbl Infl Lnk P1 Inc,0.5097
01/16/2018,abrdn Short Dur Gbl Infl Lnk P1 Inc,0.5097
01/17/2018,abrdn Short Dur Gbl Infl Lnk P1 Inc,0.5102
01/18/2018,abrdn Short Dur Gbl Infl Lnk P1 Inc,0.5099
01/19/2018,abrdn Short Dur Gbl Infl Lnk P1 Inc,0.5096
01/20/2018,abrdn Short Dur Gbl Infl Lnk P1 Inc,0.5096
01/21/2018,abrdn Short Dur Gbl Infl Lnk P1 Inc,0.5096
01/22/2018,abrdn Short Dur Gbl Infl Lnk P1 Inc,0.5096
01/23/2018,abrdn Short Dur Gbl Infl Lnk P1 Inc,0.5093
01/24/2018,abrdn Short Dur Gbl Infl Lnk P1 Inc,0.5096
01/25/2018,abrdn Short Dur Gbl Infl Lnk P1 Inc,0.5089
01/26/2018,abrdn Short Dur Gbl Infl Lnk P1 Inc,0.5087
01/27/2018,abrdn Short Dur Gbl Infl Lnk P1 Inc,0.5087
01/28/2018,abrdn Short Dur Gbl Infl Lnk P1 Inc,0.5087
01/29/2018,abrdn Short Dur Gbl Infl Lnk P1 Inc,0.5081
01/30/2018,abrdn Short Dur Gbl Infl Lnk P1 Inc,0.5076
01/31/2018,abrdn Short Dur Gbl Infl Lnk P1 Inc,0.5072
02/01/2018,abrdn Short Dur Gbl Infl Lnk P1 Inc,0.5064
02/02/2018,abrdn Short Dur Gbl Infl Lnk P1 Inc,0.5058
02/03/2018,abrdn Short Dur Gbl Infl Lnk P1 Inc,0.5058
02/04/2018,abrdn Short Dur Gbl Infl Lnk P1 Inc,0.5058
02/05/2018,abrdn Short Dur Gbl Infl Lnk P1 Inc,0.505
02/06/2018,abrdn Short Dur Gbl Infl Lnk P1 Inc,0.5058
02/07/2018,abrdn Short Dur Gbl Infl Lnk P1 Inc,0.5063
02/08/2018,abrdn Short Dur Gbl Infl Lnk P1 Inc,0.5058
02/09/2018,abrdn Short Dur Gbl Infl Lnk P1 Inc,0.5044
02/10/2018,abrdn Short Dur Gbl Infl Lnk P1 Inc,0.5044
02/11/2018,abrdn Short Dur Gbl Infl Lnk P1 Inc,0.5044
02/12/2018,abrdn Short Dur Gbl Infl Lnk P1 Inc,0.5044
02/13/2018,abrdn Short Dur Gbl Infl Lnk P1 Inc,0.5042
02/14/2018,abrdn Short Dur Gbl Infl Lnk P1 Inc,0.5039
02/15/2018,abrdn Short Dur Gbl Infl Lnk P1 Inc,0.5035
02/16/2018,abrdn Short Dur Gbl Infl Lnk P1 Inc,0.5038
02/17/2018,abrdn Short Dur Gbl Infl Lnk P1 Inc,0.5038
02/18/2018,abrdn Short Dur Gbl Infl Lnk P1 Inc,0.5038
02/19/2018,abrdn Short Dur Gbl Infl Lnk P1 Inc,0.5046
02/20/2018,abrdn Short Dur Gbl Infl Lnk P1 Inc,0.5045
02/21/2018,abrdn Short Dur Gbl Infl Lnk P1 Inc,0.5043
02/22/2018,abrdn Short Dur Gbl Infl Lnk P1 Inc,0.5043
02/23/2018,abrdn Short Dur Gbl Infl Lnk P1 Inc,0.5045
02/24/2018,abrdn Short Dur Gbl Infl Lnk P1 Inc,0.5045
02/25/2018,abrdn Short Dur Gbl Infl Lnk P1 Inc,0.5045
02/26/2018,abrdn Short Dur Gbl Infl Lnk P1 Inc,0.5052
02/27/2018,abrdn Short Dur Gbl Infl Lnk P1 Inc,0.5057
02/28/2018,abrdn Short Dur Gbl Infl Lnk P1 Inc,0.5047
03/01/2018,abrdn Short Dur Gbl Infl Lnk P1 Inc,0.5053
03/02/2018,abrdn Short Dur Gbl Infl Lnk P1 Inc,0.5061
03/03/2018,abrdn Short Dur Gbl Infl Lnk P1 Inc,0.5061
03/04/2018,abrdn Short Dur Gbl Infl Lnk P1 Inc,0.5061
03/05/2018,abrdn Short Dur Gbl Infl Lnk P1 Inc,0.5062
03/06/2018,abrdn Short Dur Gbl Infl Lnk P1 Inc,0.5058
03/07/2018,abrdn Short Dur Gbl Infl Lnk P1 Inc,0.5056
03/08/2018,abrdn Short Dur Gbl Infl Lnk P1 Inc,0.5056
03/09/2018,abrdn Short Dur Gbl Infl Lnk P1 Inc,0.5058
03/10/2018,abrdn Short Dur Gbl Infl Lnk P1 Inc,0.5058
03/11/2018,abrdn Short Dur Gbl Infl Lnk P1 Inc,0.5058
03/12/2018,abrdn Short Dur Gbl Infl Lnk P1 Inc,0.5054
03/13/2018,abrdn Short Dur Gbl Infl Lnk P1 Inc,0.5054
03/14/2018,abrdn Short Dur Gbl Infl Lnk P1 Inc,0.5055
03/15/2018,abrdn Short Dur Gbl Infl Lnk P1 Inc,0.5061
03/16/2018,abrdn Short Dur Gbl Infl Lnk P1 Inc,0.5061
03/17/2018,abrdn Short Dur Gbl Infl Lnk P1 Inc,0.5061
03/18/2018,abrdn Short Dur Gbl Infl Lnk P1 Inc,0.5061
03/19/2018,abrdn Short Dur Gbl Infl Lnk P1 Inc,0.5058
03/20/2018,abrdn Short Dur Gbl Infl Lnk P1 Inc,0.5055
03/21/2018,abrdn Short Dur Gbl Infl Lnk P1 Inc,0.5049
03/22/2018,abrdn Short Dur Gbl Infl Lnk P1 Inc,0.5044
03/23/2018,abrdn Short Dur Gbl Infl Lnk P1 Inc,0.5061
03/24/2018,abrdn Short Dur Gbl Infl Lnk P1 Inc,0.5061
03/25/2018,abrdn Short Dur Gbl Infl Lnk P1 Inc,0.5061
03/26/2018,abrdn Short Dur Gbl Infl Lnk P1 Inc,0.5061
03/27/2018,abrdn Short Dur Gbl Infl Lnk P1 Inc,0.506
03/28/2018,abrdn Short Dur Gbl Infl Lnk P1 Inc,0.5067
03/29/2018,abrdn Short Dur Gbl Infl Lnk P1 Inc,0.5071
03/30/2018,abrdn Short Dur Gbl Infl Lnk P1 Inc,0.5078
03/31/2018,abrdn Short Dur Gbl Infl Lnk P1 Inc,0.5078
04/01/2018,abrdn Short Dur Gbl Infl Lnk P1 Inc,0.5078
04/02/2018,abrdn Short Dur Gbl Infl Lnk P1 Inc,0.5078
04/03/2018,abrdn Short Dur Gbl Infl Lnk P1 Inc,0.508
04/04/2018,abrdn Short Dur Gbl Infl Lnk P1 Inc,0.5077
04/05/2018,abrdn Short Dur Gbl Infl Lnk P1 Inc,0.5079
04/06/2018,abrdn Short Dur Gbl Infl Lnk P1 Inc,0.507
04/07/2018,abrdn Short Dur Gbl Infl Lnk P1 Inc,0.507
04/08/2018,abrdn Short Dur Gbl Infl Lnk P1 Inc,0.507
04/09/2018,abrdn Short Dur Gbl Infl Lnk P1 Inc,0.5074
04/10/2018,abrdn Short Dur Gbl Infl Lnk P1 Inc,0.5075
04/11/2018,abrdn Short Dur Gbl Infl Lnk P1 Inc,0.5073
04/12/2018,abrdn Short Dur Gbl Infl Lnk P1 Inc,0.5078
04/13/2018,abrdn Short Dur Gbl Infl Lnk P1 Inc,0.5072
04/14/2018,abrdn Short Dur Gbl Infl Lnk P1 Inc,0.5072
04/15/2018,abrdn Short Dur Gbl Infl Lnk P1 Inc,0.5072
04/16/2018,abrdn Short Dur Gbl Infl Lnk P1 Inc,0.5074
04/17/2018,abrdn Short Dur Gbl Infl Lnk P1 Inc,0.507
04/18/2018,abrdn Short Dur Gbl Infl Lnk P1 Inc,0.5075
04/19/2018,abrdn Short Dur Gbl Infl Lnk P1 Inc,0.5075
04/20/2018,abrdn Short Dur Gbl Infl Lnk P1 Inc,0.5066
04/21/2018,abrdn Short Dur Gbl Infl Lnk P1 Inc,0.5066
04/22/2018,abrdn Short Dur Gbl Infl Lnk P1 Inc,0.5066
04/23/2018,abrdn Short Dur Gbl Infl Lnk P1 Inc,0.5063
04/24/2018,abrdn Short Dur Gbl Infl Lnk P1 Inc,0.506
04/25/2018,abrdn Short Dur Gbl Infl Lnk P1 Inc,0.5057
04/26/2018,abrdn Short Dur Gbl Infl Lnk P1 Inc,0.5054
04/27/2018,abrdn Short Dur Gbl Infl Lnk P1 Inc,0.5061
04/28/2018,abrdn Short Dur Gbl Infl Lnk P1 Inc,0.5061
04/29/2018,abrdn Short Dur Gbl Infl Lnk P1 Inc,0.5061
04/30/2018,abrdn Short Dur Gbl Infl Lnk P1 Inc,0.5069
05/01/2018,abrdn Short Dur Gbl Infl Lnk P1 Inc,0.5064
05/02/2018,abrdn Short Dur Gbl Infl Lnk P1 Inc,0.506
05/03/2018,abrdn Short Dur Gbl Infl Lnk P1 Inc,0.5059
05/04/2018,abrdn Short Dur Gbl Infl Lnk P1 Inc,0.5066
05/05/2018,abrdn Short Dur Gbl Infl Lnk P1 Inc,0.5066
05/06/2018,abrdn Short Dur Gbl Infl Lnk P1 Inc,0.5066
05/07/2018,abrdn Short Dur Gbl Infl Lnk P1 Inc,0.5065
05/08/2018,abrdn Short Dur Gbl Infl Lnk P1 Inc,0.5069
05/09/2018,abrdn Short Dur Gbl Infl Lnk P1 Inc,0.506
05/10/2018,abrdn Short Dur Gbl Infl Lnk P1 Inc,0.5057
05/11/2018,abrdn Short Dur Gbl Infl Lnk P1 Inc,0.5062
05/12/2018,abrdn Short Dur Gbl Infl Lnk P1 Inc,0.5062
05/13/2018,abrdn Short Dur Gbl Infl Lnk P1 Inc,0.5062
05/14/2018,abrdn Short Dur Gbl Infl Lnk P1 Inc,0.5061
05/15/2018,abrdn Short Dur Gbl Infl Lnk P1 Inc,0.5055
05/16/2018,abrdn Short Dur Gbl Infl Lnk P1 Inc,0.5046
05/17/2018,abrdn Short Dur Gbl Infl Lnk P1 Inc,0.5043
05/18/2018,abrdn Short Dur Gbl Infl Lnk P1 Inc,0.5037
05/19/2018,abrdn Short Dur Gbl Infl Lnk P1 Inc,0.5037
05/20/2018,abrdn Short Dur Gbl Infl Lnk P1 Inc,0.5037
05/21/2018,abrdn Short Dur Gbl Infl Lnk P1 Inc,0.5041
05/22/2018,abrdn Short Dur Gbl Infl Lnk P1 Inc,0.5041
05/23/2018,abrdn Short Dur Gbl Infl Lnk P1 Inc,0.5041
05/24/2018,abrdn Short Dur Gbl Infl Lnk P1 Inc,0.5051
05/25/2018,abrdn Short Dur Gbl Infl Lnk P1 Inc,0.5053
05/26/2018,abrdn Short Dur Gbl Infl Lnk P1 Inc,0.5053
05/27/2018,abrdn Short Dur Gbl Infl Lnk P1 Inc,0.5053
05/28/2018,abrdn Short Dur Gbl Infl Lnk P1 Inc,0.5057
05/29/2018,abrdn Short Dur Gbl Infl Lnk P1 Inc,0.5053
05/30/2018,abrdn Short Dur Gbl Infl Lnk P1 Inc,0.5062
05/31/2018,abrdn Short Dur Gbl Infl Lnk P1 Inc,0.506
06/01/2018,abrdn Short Dur Gbl Infl Lnk P1 Inc,0.5073
06/02/2018,abrdn Short Dur Gbl Infl Lnk P1 Inc,0.5073
06/03/2018,abrdn Short Dur Gbl Infl Lnk P1 Inc,0.5073
06/04/2018,abrdn Short Dur Gbl Infl Lnk P1 Inc,0.5065
06/05/2018,abrdn Short Dur Gbl Infl Lnk P1 Inc,0.5065
06/06/2018,abrdn Short Dur Gbl Infl Lnk P1 Inc,0.5063
06/07/2018,abrdn Short Dur Gbl Infl Lnk P1 Inc,0.5045
06/08/2018,abrdn Short Dur Gbl Infl Lnk P1 Inc,0.5045
06/09/2018,abrdn Short Dur Gbl Infl Lnk P1 Inc,0.5045
06/10/2018,abrdn Short Dur Gbl Infl Lnk P1 Inc,0.5045
06/11/2018,abrdn Short Dur Gbl Infl Lnk P1 Inc,0.5045
06/12/2018,abrdn Short Dur Gbl Infl Lnk P1 Inc,0.505
06/13/2018,abrdn Short Dur Gbl Infl Lnk P1 Inc,0.5053
06/14/2018,abrdn Short Dur Gbl Infl Lnk P1 Inc,0.5054
06/15/2018,abrdn Short Dur Gbl Infl Lnk P1 Inc,0.5062
06/16/2018,abrdn Short Dur Gbl Infl Lnk P1 Inc,0.5062
06/17/2018,abrdn Short Dur Gbl Infl Lnk P1 Inc,0.5062
06/18/2018,abrdn Short Dur Gbl Infl Lnk P1 Inc,0.5067
06/19/2018,abrdn Short Dur Gbl Infl Lnk P1 Inc,0.5071
06/20/2018,abrdn Short Dur Gbl Infl Lnk P1 Inc,0.5076
06/21/2018,abrdn Short Dur Gbl Infl Lnk P1 Inc,0.5072
06/22/2018,abrdn Short Dur Gbl Infl Lnk P1 Inc,0.507
06/23/2018,abrdn Short Dur Gbl Infl Lnk P1 Inc,0.507
06/24/2018,abrdn Short Dur Gbl Infl Lnk P1 Inc,0.507
06/25/2018,abrdn Short Dur Gbl Infl Lnk P1 Inc,0.5071
06/26/2018,abrdn Short Dur Gbl Infl Lnk P1 Inc,0.5073
06/27/2018,abrdn Short Dur Gbl Infl Lnk P1 Inc,0.5071
06/28/2018,abrdn Short Dur Gbl Infl Lnk P1 Inc,0.5083
06/29/2018,abrdn Short Dur Gbl Infl Lnk P1 Inc,0.508
06/30/2018,abrdn Short Dur Gbl Infl Lnk P1 Inc,0.508
07/01/2018,abrdn Short Dur Gbl Infl Lnk P1 Inc,0.508
07/02/2018,abrdn Short Dur Gbl Infl Lnk P1 Inc,0.5082
07/03/2018,abrdn Short Dur Gbl Infl Lnk P1 Inc,0.5087
07/04/2018,abrdn Short Dur Gbl Infl Lnk P1 Inc,0.5093
07/05/2018,abrdn Short Dur Gbl Infl Lnk P1 Inc,0.5089
07/06/2018,abrdn Short Dur Gbl Infl Lnk P1 Inc,0.5087
07/07/2018,abrdn Short Dur Gbl Infl Lnk P1 Inc,0.5087
07/08/2018,abrdn Short Dur Gbl Infl Lnk P1 Inc,0.5087
07/09/2018,abrdn Short Dur Gbl Infl Lnk P1 Inc,0.5089
07/10/2018,abrdn Short Dur Gbl Infl Lnk P1 Inc,0.5087
07/11/2018,abrdn Short Dur Gbl Infl Lnk P1 Inc,0.5084
07/12/2018,abrdn Short Dur Gbl Infl Lnk P1 Inc,0.5085
07/13/2018,abrdn Short Dur Gbl Infl Lnk P1 Inc,0.5083
07/14/2018,abrdn Short Dur Gbl Infl Lnk P1 Inc,0.5083
07/15/2018,abrdn Short Dur Gbl Infl Lnk P1 Inc,0.5083
07/16/2018,abrdn Short Dur Gbl Infl Lnk P1 Inc,0.5088
07/17/2018,abrdn Short Dur Gbl Infl Lnk P1 Inc,0.5083
07/18/2018,abrdn Short Dur Gbl Infl Lnk P1 Inc,0.5083
07/19/2018,abrdn Short Dur Gbl Infl Lnk P1 Inc,0.5081
07/20/2018,abrdn Short Dur Gbl Infl Lnk P1 Inc,0.5086
07/21/2018,abrdn Short Dur Gbl Infl Lnk P1 Inc,0.5086
07/22/2018,abrdn Short Dur Gbl Infl Lnk P1 Inc,0.5086
07/23/2018,abrdn Short Dur Gbl Infl Lnk P1 Inc,0.5078
07/24/2018,abrdn Short Dur Gbl Infl Lnk P1 Inc,0.5069
07/25/2018,abrdn Short Dur Gbl Infl Lnk P1 Inc,0.5068
07/26/2018,abrdn Short Dur Gbl Infl Lnk P1 Inc,0.5071
07/27/2018,abrdn Short Dur Gbl Infl Lnk P1 Inc,0.5066
07/28/2018,abrdn Short Dur Gbl Infl Lnk P1 Inc,0.5066
07/29/2018,abrdn Short Dur Gbl Infl Lnk P1 Inc,0.5066
07/30/2018,abrdn Short Dur Gbl Infl Lnk P1 Inc,0.5066
07/31/2018,abrdn Short Dur Gbl Infl Lnk P1 Inc,0.5062
08/01/2018,abrdn Short Dur Gbl Infl Lnk P1 Inc,0.5052
08/02/2018,abrdn Short Dur Gbl Infl Lnk P1 Inc,0.5041
08/03/2018,abrdn Short Dur Gbl Infl Lnk P1 Inc,0.504
08/04/2018,abrdn Short Dur Gbl Infl Lnk P1 Inc,0.504
08/05/2018,abrdn Short Dur Gbl Infl Lnk P1 Inc,0.504
08/06/2018,abrdn Short Dur Gbl Infl Lnk P1 Inc,0.5048
08/07/2018,abrdn Short Dur Gbl Infl Lnk P1 Inc,0.5051
08/08/2018,abrdn Short Dur Gbl Infl Lnk P1 Inc,0.5048
08/09/2018,abrdn Short Dur Gbl Infl Lnk P1 Inc,0.5048
08/10/2018,abrdn Short Dur Gbl Infl Lnk P1 Inc,0.5052
08/11/2018,abrdn Short Dur Gbl Infl Lnk P1 Inc,0.5052
08/12/2018,abrdn Short Dur Gbl Infl Lnk P1 Inc,0.5052
08/13/2018,abrdn Short Dur Gbl Infl Lnk P1 Inc,0.5064
08/14/2018,abrdn Short Dur Gbl Infl Lnk P1 Inc,0.5059
08/15/2018,abrdn Short Dur Gbl Infl Lnk P1 Inc,0.5058
08/16/2018,abrdn Short Dur Gbl Infl Lnk P1 Inc,0.5061
08/17/2018,abrdn Short Dur Gbl Infl Lnk P1 Inc,0.5061
08/18/2018,abrdn Short Dur Gbl Infl Lnk P1 Inc,0.5061
08/19/2018,abrdn Short Dur Gbl Infl Lnk P1 Inc,0.5061
08/20/2018,abrdn Short Dur Gbl Infl Lnk P1 Inc,0.506
08/21/2018,abrdn Short Dur Gbl Infl Lnk P1 Inc,0.5069
08/22/2018,abrdn Short Dur Gbl Infl Lnk P1 Inc,0.5066
08/23/2018,abrdn Short Dur Gbl Infl Lnk P1 Inc,0.5067
08/24/2018,abrdn Short Dur Gbl Infl Lnk P1 Inc,0.5067
08/25/2018,abrdn Short Dur Gbl Infl Lnk P1 Inc,0.5067
08/26/2018,abrdn Short Dur Gbl Infl Lnk P1 Inc,0.5067
08/27/2018,abrdn Short Dur Gbl Infl Lnk P1 Inc,0.5065
08/28/2018,abrdn Short Dur Gbl Infl Lnk P1 Inc,0.5065
08/29/2018,abrdn Short Dur Gbl Infl Lnk P1 Inc,0.5059
08/30/2018,abrdn Short Dur Gbl Infl Lnk P1 Inc,0.5055
08/31/2018,abrdn Short Dur Gbl Infl Lnk P1 Inc,0.5059
09/01/2018,abrdn Short Dur Gbl Infl Lnk P1 Inc,0.5059
09/02/2018,abrdn Short Dur Gbl Infl Lnk P1 Inc,0.5059
09/03/2018,abrdn Short Dur Gbl Infl Lnk P1 Inc,0.506
09/04/2018,abrdn Short Dur Gbl Infl Lnk P1 Inc,0.5065
09/05/2018,abrdn Short Dur Gbl Infl Lnk P1 Inc,0.5063
09/06/2018,abrdn Short Dur Gbl Infl Lnk P1 Inc,0.5059
09/07/2018,abrdn Short Dur Gbl Infl Lnk P1 Inc,0.5064
09/08/2018,abrdn Short Dur Gbl Infl Lnk P1 Inc,0.5064
09/09/2018,abrdn Short Dur Gbl Infl Lnk P1 Inc,0.5064
09/10/2018,abrdn Short Dur Gbl Infl Lnk P1 Inc,0.5054
09/11/2018,abrdn Short Dur Gbl Infl Lnk P1 Inc,0.5054
09/12/2018,abrdn Short Dur Gbl Infl Lnk P1 Inc,0.505
09/13/2018,abrdn Short Dur Gbl Infl Lnk P1 Inc,0.5053
09/14/2018,abrdn Short Dur Gbl Infl Lnk P1 Inc,0.5048
09/15/2018,abrdn Short Dur Gbl Infl Lnk P1 Inc,0.5048
09/16/2018,abrdn Short Dur Gbl Infl Lnk P1 Inc,0.5048
09/17/2018,abrdn Short Dur Gbl Infl Lnk P1 Inc,0.5041
09/18/2018,abrdn Short Dur Gbl Infl Lnk P1 Inc,0.5041
09/19/2018,abrdn Short Dur Gbl Infl Lnk P1 Inc,0.5038
09/20/2018,abrdn Short Dur Gbl Infl Lnk P1 Inc,0.5033
09/21/2018,abrdn Short Dur Gbl Infl Lnk P1 Inc,0.5036
09/22/2018,abrdn Short Dur Gbl Infl Lnk P1 Inc,0.5036
09/23/2018,abrdn Short Dur Gbl Infl Lnk P1 Inc,0.5036
09/24/2018,abrdn Short Dur Gbl Infl Lnk P1 Inc,0.5043
09/25/2018,abrdn Short Dur Gbl Infl Lnk P1 Inc,0.5039
09/26/2018,abrdn Short Dur Gbl Infl Lnk P1 Inc,0.5038
09/27/2018,abrdn Short Dur Gbl Infl Lnk P1 Inc,0.5043
09/28/2018,abrdn Short Dur Gbl Infl Lnk P1 Inc,0.5042
09/29/2018,abrdn Short Dur Gbl Infl Lnk P1 Inc,0.5042
09/30/2018,abrdn Short Dur Gbl Infl Lnk P1 Inc,0.5042
10/01/2018,abrdn Short Dur Gbl Infl Lnk P1 Inc,0.5039
10/02/2018,abrdn Short Dur Gbl Infl Lnk P1 Inc,0.5034
10/03/2018,abrdn Short Dur Gbl Infl Lnk P1 Inc,0.5038
10/04/2018,abrdn Short Dur Gbl Infl Lnk P1 Inc,0.5031
10/05/2018,abrdn Short Dur Gbl Infl Lnk P1 Inc,0.5019
10/06/2018,abrdn Short Dur Gbl Infl Lnk P1 Inc,0.5019
10/07/2018,abrdn Short Dur Gbl Infl Lnk P1 Inc,0.5019
10/08/2018,abrdn Short Dur Gbl Infl Lnk P1 Inc,0.5008
10/09/2018,abrdn Short Dur Gbl Infl Lnk P1 Inc,0.501
10/10/2018,abrdn Short Dur Gbl Infl Lnk P1 Inc,0.5014
10/11/2018,abrdn Short Dur Gbl Infl Lnk P1 Inc,0.5009
10/12/2018,abrdn Short Dur Gbl Infl Lnk P1 Inc,0.5012
10/13/2018,abrdn Short Dur Gbl Infl Lnk P1 Inc,0.5012
10/14/2018,abrdn Short Dur Gbl Infl Lnk P1 Inc,0.5012
10/15/2018,abrdn Short Dur Gbl Infl Lnk P1 Inc,0.5014
10/16/2018,abrdn Short Dur Gbl Infl Lnk P1 Inc,0.5017
10/17/2018,abrdn Short Dur Gbl Infl Lnk P1 Inc,0.5019
10/18/2018,abrdn Short Dur Gbl Infl Lnk P1 Inc,0.5017
10/19/2018,abrdn Short Dur Gbl Infl Lnk P1 Inc,0.5014
10/20/2018,abrdn Short Dur Gbl Infl Lnk P1 Inc,0.5014
10/21/2018,abrdn Short Dur Gbl Infl Lnk P1 Inc,0.5014
10/22/2018,abrdn Short Dur Gbl Infl Lnk P1 Inc,0.5011
10/23/2018,abrdn Short Dur Gbl Infl Lnk P1 Inc,0.5015
10/24/2018,abrdn Short Dur Gbl Infl Lnk P1 Inc,0.5016
10/25/2018,abrdn Short Dur Gbl Infl Lnk P1 Inc,0.502
10/26/2018,abrdn Short Dur Gbl Infl Lnk P1 Inc,0.5018
10/27/2018,abrdn Short Dur Gbl Infl Lnk P1 Inc,0.5018
10/28/2018,abrdn Short Dur Gbl Infl Lnk P1 Inc,0.5018
10/29/2018,abrdn Short Dur Gbl Infl Lnk P1 Inc,0.5033
10/30/2018,abrdn Short Dur Gbl Infl Lnk P1 Inc,0.5034
10/31/2018,abrdn Short Dur Gbl Infl Lnk P1 Inc,0.5028
11/01/2018,abrdn Short Dur Gbl Infl Lnk P1 Inc,0.5004
11/02/2018,abrdn Short Dur Gbl Infl Lnk P1 Inc,0.4998
11/03/2018,abrdn Short Dur Gbl Infl Lnk P1 Inc,0.4998
11/04/2018,abrdn Short Dur Gbl Infl Lnk P1 Inc,0.4998
11/05/2018,abrdn Short Dur Gbl Infl Lnk P1 Inc,0.499
11/06/2018,abrdn Short Dur Gbl Infl Lnk P1 Inc,0.4994
11/07/2018,abrdn Short Dur Gbl Infl Lnk P1 Inc,0.4992
11/08/2018,abrdn Short Dur Gbl Infl Lnk P1 Inc,0.4992
11/09/2018,abrdn Short Dur Gbl Infl Lnk P1 Inc,0.4986
11/10/2018,abrdn Short Dur Gbl Infl Lnk P1 Inc,0.4986
11/11/2018,abrdn Short Dur Gbl Infl Lnk P1 Inc,0.4986
11/12/2018,abrdn Short Dur Gbl Infl Lnk P1 Inc,0.4992
11/13/2018,abrdn Short Dur Gbl Infl Lnk P1 Inc,0.5003
11/14/2018,abrdn Short Dur Gbl Infl Lnk P1 Inc,0.4994
11/15/2018,abrdn Short Dur Gbl Infl Lnk P1 Inc,0.4996
11/16/2018,abrdn Short Dur Gbl Infl Lnk P1 Inc,0.501
11/17/2018,abrdn Short Dur Gbl Infl Lnk P1 Inc,0.501
11/18/2018,abrdn Short Dur Gbl Infl Lnk P1 Inc,0.501
11/19/2018,abrdn Short Dur Gbl Infl Lnk P1 Inc,0.5017
11/20/2018,abrdn Short Dur Gbl Infl Lnk P1 Inc,0.5016
11/21/2018,abrdn Short Dur Gbl Infl Lnk P1 Inc,0.5009
11/22/2018,abrdn Short Dur Gbl Infl Lnk P1 Inc,0.5006
11/23/2018,abrdn Short Dur Gbl Infl Lnk P1 Inc,0.5001
11/24/2018,abrdn Short Dur Gbl Infl Lnk P1 Inc,0.5001
11/25/2018,abrdn Short Dur Gbl Infl Lnk P1 Inc,0.5001
11/26/2018,abrdn Short Dur Gbl Infl Lnk P1 Inc,0.4996
11/27/2018,abrdn Short Dur Gbl Infl Lnk P1 Inc,0.4995
11/28/2018,abrdn Short Dur Gbl Infl Lnk P1 Inc,0.4992
11/29/2018,abrdn Short Dur Gbl Infl Lnk P1 Inc,0.4998
11/30/2018,abrdn Short Dur Gbl Infl Lnk P1 Inc,0.5009
12/01/2018,abrdn Short Dur Gbl Infl Lnk P1 Inc,0.5009
12/02/2018,abrdn Short Dur Gbl Infl Lnk P1 Inc,0.5009
12/03/2018,abrdn Short Dur Gbl Infl Lnk P1 Inc,0.5014
12/04/2018,abrdn Short Dur Gbl Infl Lnk P1 Inc,0.5024
12/05/2018,abrdn Short Dur Gbl Infl Lnk P1 Inc,0.5033
12/06/2018,abrdn Short Dur Gbl Infl Lnk P1 Inc,0.5028
12/07/2018,abrdn Short Dur Gbl Infl Lnk P1 Inc,0.503
12/08/2018,abrdn Short Dur Gbl Infl Lnk P1 Inc,0.503
12/09/2018,abrdn Short Dur Gbl Infl Lnk P1 Inc,0.503
12/10/2018,abrdn Short Dur Gbl Infl Lnk P1 Inc,0.5035
12/11/2018,abrdn Short Dur Gbl Infl Lnk P1 Inc,0.5027
12/12/2018,abrdn Short Dur Gbl Infl Lnk P1 Inc,0.5028
12/13/2018,abrdn Short Dur Gbl Infl Lnk P1 Inc,0.5021
12/14/2018,abrdn Short Dur Gbl Infl Lnk P1 Inc,0.5022
12/15/2018,abrdn Short Dur Gbl Infl Lnk P1 Inc,0.5022
12/16/2018,abrdn Short Dur Gbl Infl Lnk P1 Inc,0.5022
12/17/2018,abrdn Short Dur Gbl Infl Lnk P1 Inc,0.5023
12/18/2018,abrdn Short Dur Gbl Infl Lnk P1 Inc,0.5027
12/19/2018,abrdn Short Dur Gbl Infl Lnk P1 Inc,0.5026
12/20/2018,abrdn Short Dur Gbl Infl Lnk P1 Inc,0.5027
12/21/2018,abrdn Short Dur Gbl Infl Lnk P1 Inc,0.5013
12/22/2018,abrdn Short Dur Gbl Infl Lnk P1 Inc,0.5013
12/23/2018,abrdn Short Dur Gbl Infl Lnk P1 Inc,0.5013
12/24/2018,abrdn Short Dur Gbl Infl Lnk P1 Inc,0.5014
12/25/2018,abrdn Short Dur Gbl Infl Lnk P1 Inc,0.5014
12/26/2018,abrdn Short Dur Gbl Infl Lnk P1 Inc,0.5014
12/27/2018,abrdn Short Dur Gbl Infl Lnk P1 Inc,0.5017
12/28/2018,abrdn Short Dur Gbl Infl Lnk P1 Inc,0.5013
12/29/2018,abrdn Short Dur Gbl Infl Lnk P1 Inc,0.5013
12/30/2018,abrdn Short Dur Gbl Infl Lnk P1 Inc,0.5013
12/31/2018,abrdn Short Dur Gbl Infl Lnk P1 Inc,0.5015
01/01/2019,abrdn Short Dur Gbl Infl Lnk P1 Inc,0.5015
01/02/2019,abrdn Short Dur Gbl Infl Lnk P1 Inc,0.5026
01/03/2019,abrdn Short Dur Gbl Infl Lnk P1 Inc,0.5022
01/04/2019,abrdn Short Dur Gbl Infl Lnk P1 Inc,0.5029
01/05/2019,abrdn Short Dur Gbl Infl Lnk P1 Inc,0.5029
01/06/2019,abrdn Short Dur Gbl Infl Lnk P1 Inc,0.5029
01/07/2019,abrdn Short Dur Gbl Infl Lnk P1 Inc,0.5034
01/08/2019,abrdn Short Dur Gbl Infl Lnk P1 Inc,0.5026
01/09/2019,abrdn Short Dur Gbl Infl Lnk P1 Inc,0.5026
01/10/2019,abrdn Short Dur Gbl Infl Lnk P1 Inc,0.504
01/11/2019,abrdn Short Dur Gbl Infl Lnk P1 Inc,0.5035
01/12/2019,abrdn Short Dur Gbl Infl Lnk P1 Inc,0.5035
01/13/2019,abrdn Short Dur Gbl Infl Lnk P1 Inc,0.5035
01/14/2019,abrdn Short Dur Gbl Infl Lnk P1 Inc,0.5042
01/15/2019,abrdn Short Dur Gbl Infl Lnk P1 Inc,0.5034
01/16/2019,abrdn Short Dur Gbl Infl Lnk P1 Inc,0.5027
01/17/2019,abrdn Short Dur Gbl Infl Lnk P1 Inc,0.5022
01/18/2019,abrdn Short Dur Gbl Infl Lnk P1 Inc,0.5014
01/19/2019,abrdn Short Dur Gbl Infl Lnk P1 Inc,0.5014
01/20/2019,abrdn Short Dur Gbl Infl Lnk P1 Inc,0.5014
01/21/2019,abrdn Short Dur Gbl Infl Lnk P1 Inc,0.5019
01/22/2019,abrdn Short Dur Gbl Infl Lnk P1 Inc,0.5021
01/23/2019,abrdn Short Dur Gbl Infl Lnk P1 Inc,0.5016
01/24/2019,abrdn Short Dur Gbl Infl Lnk P1 Inc,0.5022
01/25/2019,abrdn Short Dur Gbl Infl Lnk P1 Inc,0.502
01/26/2019,abrdn Short Dur Gbl Infl Lnk P1 Inc,0.502
01/27/2019,abrdn Short Dur Gbl Infl Lnk P1 Inc,0.502
01/28/2019,abrdn Short Dur Gbl Infl Lnk P1 Inc,0.5014
01/29/2019,abrdn Short Dur Gbl Infl Lnk P1 Inc,0.5019
01/30/2019,abrdn Short Dur Gbl Infl Lnk P1 Inc,0.5023
01/31/2019,abrdn Short Dur Gbl Infl Lnk P1 Inc,0.5041
02/01/2019,abrdn Short Dur Gbl Infl Lnk P1 Inc,0.5038
02/02/2019,abrdn Short Dur Gbl Infl Lnk P1 Inc,0.5038
02/03/2019,abrdn Short Dur Gbl Infl Lnk P1 Inc,0.5038
02/04/2019,abrdn Short Dur Gbl Infl Lnk P1 Inc,0.503
02/05/2019,abrdn Short Dur Gbl Infl Lnk P1 Inc,0.5025
02/06/2019,abrdn Short Dur Gbl Infl Lnk P1 Inc,0.5032
02/07/2019,abrdn Short Dur Gbl Infl Lnk P1 Inc,0.5034
02/08/2019,abrdn Short Dur Gbl Infl Lnk P1 Inc,0.5035
02/09/2019,abrdn Short Dur Gbl Infl Lnk P1 Inc,0.5035
02/10/2019,abrdn Short Dur Gbl Infl Lnk P1 Inc,0.5035
02/11/2019,abrdn Short Dur Gbl Infl Lnk P1 Inc,0.5033
02/12/2019,abrdn Short Dur Gbl Infl Lnk P1 Inc,0.5027
02/13/2019,abrdn Short Dur Gbl Infl Lnk P1 Inc,0.5028
02/14/2019,abrdn Short Dur Gbl Infl Lnk P1 Inc,0.5029
02/15/2019,abrdn Short Dur Gbl Infl Lnk P1 Inc,0.5035
02/16/2019,abrdn Short Dur Gbl Infl Lnk P1 Inc,0.5035
02/17/2019,abrdn Short Dur Gbl Infl Lnk P1 Inc,0.5035
02/18/2019,abrdn Short Dur Gbl Infl Lnk P1 Inc,0.5036
02/19/2019,abrdn Short Dur Gbl Infl Lnk P1 Inc,0.5035
02/20/2019,abrdn Short Dur Gbl Infl Lnk P1 Inc,0.5039
02/21/2019,abrdn Short Dur Gbl Infl Lnk P1 Inc,0.5036
02/22/2019,abrdn Short Dur Gbl Infl Lnk P1 Inc,0.5036
02/23/2019,abrdn Short Dur Gbl Infl Lnk P1 Inc,0.5036
02/24/2019,abrdn Short Dur Gbl Infl Lnk P1 Inc,0.5036
02/25/2019,abrdn Short Dur Gbl Infl Lnk P1 Inc,0.5039
02/26/2019,abrdn Short Dur Gbl Infl Lnk P1 Inc,0.504
02/27/2019,abrdn Short Dur Gbl Infl Lnk P1 Inc,0.5039
02/28/2019,abrdn Short Dur Gbl Infl Lnk P1 Inc,0.5029
03/01/2019,abrdn Short Dur Gbl Infl Lnk P1 Inc,0.5023
03/02/2019,abrdn Short Dur Gbl Infl Lnk P1 Inc,0.5023
03/03/2019,abrdn Short Dur Gbl Infl Lnk P1 Inc,0.5023
03/04/2019,abrdn Short Dur Gbl Infl Lnk P1 Inc,0.5025
03/05/2019,abrdn Short Dur Gbl Infl Lnk P1 Inc,0.5028
03/06/2019,abrdn Short Dur Gbl Infl Lnk P1 Inc,0.5031
03/07/2019,abrdn Short Dur Gbl Infl Lnk P1 Inc,0.504
03/08/2019,abrdn Short Dur Gbl Infl Lnk P1 Inc,0.5055
03/09/2019,abrdn Short Dur Gbl Infl Lnk P1 Inc,0.5055
03/10/2019,abrdn Short Dur Gbl Infl Lnk P1 Inc,0.5055
03/11/2019,abrdn Short Dur Gbl Infl Lnk P1 Inc,0.5051
03/12/2019,abrdn Short Dur Gbl Infl Lnk P1 Inc,0.5051
03/13/2019,abrdn Short Dur Gbl Infl Lnk P1 Inc,0.5055
03/14/2019,abrdn Short Dur Gbl Infl Lnk P1 Inc,0.5058
03/15/2019,abrdn Short Dur Gbl Infl Lnk P1 Inc,0.5061
03/16/2019,abrdn Short Dur Gbl Infl Lnk P1 Inc,0.5061
03/17/2019,abrdn Short Dur Gbl Infl Lnk P1 Inc,0.5061
03/18/2019,abrdn Short Dur Gbl Infl Lnk P1 Inc,0.5062
03/19/2019,abrdn Short Dur Gbl Infl Lnk P1 Inc,0.5064
03/20/2019,abrdn Short Dur Gbl Infl Lnk P1 Inc,0.506
03/21/2019,abrdn Short Dur Gbl Infl Lnk P1 Inc,0.5088
03/22/2019,abrdn Short Dur Gbl Infl Lnk P1 Inc,0.5101
03/23/2019,abrdn Short Dur Gbl Infl Lnk P1 Inc,0.5101
03/24/2019,abrdn Short Dur Gbl Infl Lnk P1 Inc,0.5101
03/25/2019,abrdn Short Dur Gbl Infl Lnk P1 Inc,0.509
03/26/2019,abrdn Short Dur Gbl Infl Lnk P1 Inc,0.5092
03/27/2019,abrdn Short Dur Gbl Infl Lnk P1 Inc,0.5087
03/28/2019,abrdn Short Dur Gbl Infl Lnk P1 Inc,0.5088
03/29/2019,abrdn Short Dur Gbl Infl Lnk P1 Inc,0.5086
03/30/2019,abrdn Short Dur Gbl Infl Lnk P1 Inc,0.5086
03/31/2019,abrdn Short Dur Gbl Infl Lnk P1 Inc,0.5086
04/01/2019,abrdn Short Dur Gbl Infl Lnk P1 Inc,0.5082
04/02/2019,abrdn Short Dur Gbl Infl Lnk P1 Inc,0.5084
04/03/2019,abrdn Short Dur Gbl Infl Lnk P1 Inc,0.5073
04/04/2019,abrdn Short Dur Gbl Infl Lnk P1 Inc,0.5078
04/05/2019,abrdn Short Dur Gbl Infl Lnk P1 Inc,0.5075
04/06/2019,abrdn Short Dur Gbl Infl Lnk P1 Inc,0.5075
04/07/2019,abrdn Short Dur Gbl Infl Lnk P1 Inc,0.5075
04/08/2019,abrdn Short Dur Gbl Infl Lnk P1 Inc,0.5081
04/09/2019,abrdn Short Dur Gbl Infl Lnk P1 Inc,0.5083
04/10/2019,abrdn Short Dur Gbl Infl Lnk P1 Inc,0.5084
04/11/2019,abrdn Short Dur Gbl Infl Lnk P1 Inc,0.5093
04/12/2019,abrdn Short Dur Gbl Infl Lnk P1 Inc,0.5071
04/13/2019,abrdn Short Dur Gbl Infl Lnk P1 Inc,0.5071
04/14/2019,abrdn Short Dur Gbl Infl Lnk P1 Inc,0.5071
04/15/2019,abrdn Short Dur Gbl Infl Lnk P1 Inc,0.5072
04/16/2019,abrdn Short Dur Gbl Infl Lnk P1 Inc,0.507
04/17/2019,abrdn Short Dur Gbl Infl Lnk P1 Inc,0.5061
04/18/2019,abrdn Short Dur Gbl Infl Lnk P1 Inc,0.5067
04/19/2019,abrdn Short Dur Gbl Infl Lnk P1 Inc,0.5067
04/20/2019,abrdn Short Dur Gbl Infl Lnk P1 Inc,0.5067
04/21/2019,abrdn Short Dur Gbl Infl Lnk P1 Inc,0.5067
04/22/2019,abrdn Short Dur Gbl Infl Lnk P1 Inc,0.5067
04/23/2019,abrdn Short Dur Gbl Infl Lnk P1 Inc,0.507
04/24/2019,abrdn Short Dur Gbl Infl Lnk P1 Inc,0.5077
04/25/2019,abrdn Short Dur Gbl Infl Lnk P1 Inc,0.5083
04/26/2019,abrdn Short Dur Gbl Infl Lnk P1 Inc,0.5086
04/27/2019,abrdn Short Dur Gbl Infl Lnk P1 Inc,0.5086
04/28/2019,abrdn Short Dur Gbl Infl Lnk P1 Inc,0.5086
04/29/2019,abrdn Short Dur Gbl Infl Lnk P1 Inc,0.509
04/30/2019,abrdn Short Dur Gbl Infl Lnk P1 Inc,0.5086
05/01/2019,abrdn Short Dur Gbl Infl Lnk P1 Inc,0.5076
05/02/2019,abrdn Short Dur Gbl Infl Lnk P1 Inc,0.5068
05/03/2019,abrdn Short Dur Gbl Infl Lnk P1 Inc,0.5058
05/04/2019,abrdn Short Dur Gbl Infl Lnk P1 Inc,0.5058
05/05/2019,abrdn Short Dur Gbl Infl Lnk P1 Inc,0.5058
05/06/2019,abrdn Short Dur Gbl Infl Lnk P1 Inc,0.5058
05/07/2019,abrdn Short Dur Gbl Infl Lnk P1 Inc,0.5065
05/08/2019,abrdn Short Dur Gbl Infl Lnk P1 Inc,0.5073
05/09/2019,abrdn Short Dur Gbl Infl Lnk P1 Inc,0.5068
05/10/2019,abrdn Short Dur Gbl Infl Lnk P1 Inc,0.5065
05/11/2019,abrdn Short Dur Gbl Infl Lnk P1 Inc,0.5065
05/12/2019,abrdn Short Dur Gbl Infl Lnk P1 Inc,0.5065
05/13/2019,abrdn Short Dur Gbl Infl Lnk P1 Inc,0.5072
05/14/2019,abrdn Short Dur Gbl Infl Lnk P1 Inc,0.5072
05/15/2019,abrdn Short Dur Gbl Infl Lnk P1 Inc,0.5082
05/16/2019,abrdn Short Dur Gbl Infl Lnk P1 Inc,0.5115
05/17/2019,abrdn Short Dur Gbl Infl Lnk P1 Inc,0.5119
05/18/2019,abrdn Short Dur Gbl Infl Lnk P1 Inc,0.5119
05/19/2019,abrdn Short Dur Gbl Infl Lnk P1 Inc,0.5119
05/20/2019,abrdn Short Dur Gbl Infl Lnk P1 Inc,0.5115
05/21/2019,abrdn Short Dur Gbl Infl Lnk P1 Inc,0.5109
05/22/2019,abrdn Short Dur Gbl Infl Lnk P1 Inc,0.511
05/23/2019,abrdn Short Dur Gbl Infl Lnk P1 Inc,0.5123
05/24/2019,abrdn Short Dur Gbl Infl Lnk P1 Inc,0.5122
05/25/2019,abrdn Short Dur Gbl Infl Lnk P1 Inc,0.5122
05/26/2019,abrdn Short Dur Gbl Infl Lnk P1 Inc,0.5122
05/27/2019,abrdn Short Dur Gbl Infl Lnk P1 Inc,0.5122
05/28/2019,abrdn Short Dur Gbl Infl Lnk P1 Inc,0.5131
05/29/2019,abrdn Short Dur Gbl Infl Lnk P1 Inc,0.514
05/30/2019,abrdn Short Dur Gbl Infl Lnk P1 Inc,0.5142
05/31/2019,abrdn Short Dur Gbl Infl Lnk P1 Inc,0.5157
06/01/2019,abrdn Short Dur Gbl Infl Lnk P1 Inc,0.5157
06/02/2019,abrdn Short Dur Gbl Infl Lnk P1 Inc,0.5157
06/03/2019,abrdn Short Dur Gbl Infl Lnk P1 Inc,0.5168
06/04/2019,abrdn Short Dur Gbl Infl Lnk P1 Inc,0.5171
06/05/2019,abrdn Short Dur Gbl Infl Lnk P1 Inc,0.5168
06/06/2019,abrdn Short Dur Gbl Infl Lnk P1 Inc,0.5179
06/07/2019,abrdn Short Dur Gbl Infl Lnk P1 Inc,0.5179
06/08/2019,abrdn Short Dur Gbl Infl Lnk P1 Inc,0.5179
06/09/2019,abrdn Short Dur Gbl Infl Lnk P1 Inc,0.5179
06/10/2019,abrdn Short Dur Gbl Infl Lnk P1 Inc,0.5181
06/11/2019,abrdn Short Dur Gbl Infl Lnk P1 Inc,0.5175
06/12/2019,abrdn Short Dur Gbl Infl Lnk P1 Inc,0.5182
06/13/2019,abrdn Short Dur Gbl Infl Lnk P1 Inc,0.5175
06/14/2019,abrdn Short Dur Gbl Infl Lnk P1 Inc,0.5178
06/15/2019,abrdn Short Dur Gbl Infl Lnk P1 Inc,0.5178
06/16/2019,abrdn Short Dur Gbl Infl Lnk P1 Inc,0.5178
06/17/2019,abrdn Short Dur Gbl Infl Lnk P1 Inc,0.5163
06/18/2019,abrdn Short Dur Gbl Infl Lnk P1 Inc,0.5175
06/19/2019,abrdn Short Dur Gbl Infl Lnk P1 Inc,0.5179
06/20/2019,abrdn Short Dur Gbl Infl Lnk P1 Inc,0.5201
06/21/2019,abrdn Short Dur Gbl Infl Lnk P1 Inc,0.5206
06/22/2019,abrdn Short Dur Gbl Infl Lnk P1 Inc,0.5206
06/23/2019,abrdn Short Dur Gbl Infl Lnk P1 Inc,0.5206
06/24/2019,abrdn Short Dur Gbl Infl Lnk P1 Inc,0.5204
06/25/2019,abrdn Short Dur Gbl Infl Lnk P1 Inc,0.5203
06/26/2019,abrdn Short Dur Gbl Infl Lnk P1 Inc,0.5201
06/27/2019,abrdn Short Dur Gbl Infl Lnk P1 Inc,0.5195
06/28/2019,abrdn Short Dur Gbl Infl Lnk P1 Inc,0.5196
06/29/2019,abrdn Short Dur Gbl Infl Lnk P1 Inc,0.5196
06/30/2019,abrdn Short Dur Gbl Infl Lnk P1 Inc,0.5196
07/01/2019,abrdn Short Dur Gbl Infl Lnk P1 Inc,0.52
07/02/2019,abrdn Short Dur Gbl Infl Lnk P1 Inc,0.5206
07/03/2019,abrdn Short Dur Gbl Infl Lnk P1 Inc,0.5217
07/04/2019,abrdn Short Dur Gbl Infl Lnk P1 Inc,0.522
07/05/2019,abrdn Short Dur Gbl Infl Lnk P1 Inc,0.5218
07/06/2019,abrdn Short Dur Gbl Infl Lnk P1 Inc,0.5218
07/07/2019,abrdn Short Dur Gbl Infl Lnk P1 Inc,0.5218
07/08/2019,abrdn Short Dur Gbl Infl Lnk P1 Inc,0.5211
07/09/2019,abrdn Short Dur Gbl Infl Lnk P1 Inc,0.5206
07/10/2019,abrdn Short Dur Gbl Infl Lnk P1 Inc,0.5196
07/11/2019,abrdn Short Dur Gbl Infl Lnk P1 Inc,0.5208
07/12/2019,abrdn Short Dur Gbl Infl Lnk P1 Inc,0.5195
07/13/2019,abrdn Short Dur Gbl Infl Lnk P1 Inc,0.5195
07/14/2019,abrdn Short Dur Gbl Infl Lnk P1 Inc,0.5195
07/15/2019,abrdn Short Dur Gbl Infl Lnk P1 Inc,0.5202
07/16/2019,abrdn Short Dur Gbl Infl Lnk P1 Inc,0.521
07/17/2019,abrdn Short Dur Gbl Infl Lnk P1 Inc,0.5218
07/18/2019,abrdn Short Dur Gbl Infl Lnk P1 Inc,0.5222
07/19/2019,abrdn Short Dur Gbl Infl Lnk P1 Inc,0.5225
07/20/2019,abrdn Short Dur Gbl Infl Lnk P1 Inc,0.5225
07/21/2019,abrdn Short Dur Gbl Infl Lnk P1 Inc,0.5225
07/22/2019,abrdn Short Dur Gbl Infl Lnk P1 Inc,0.5227
07/23/2019,abrdn Short Dur Gbl Infl Lnk P1 Inc,0.523
07/24/2019,abrdn Short Dur Gbl Infl Lnk P1 Inc,0.5236
07/25/2019,abrdn Short Dur Gbl Infl Lnk P1 Inc,0.5238
07/26/2019,abrdn Short Dur Gbl Infl Lnk P1 Inc,0.5227
07/27/2019,abrdn Short Dur Gbl Infl Lnk P1 Inc,0.5227
07/28/2019,abrdn Short Dur Gbl Infl Lnk P1 Inc,0.5227
07/29/2019,abrdn Short Dur Gbl Infl Lnk P1 Inc,0.5235
07/30/2019,abrdn Short Dur Gbl Infl Lnk P1 Inc,0.5237
07/31/2019,abrdn Short Dur Gbl Infl Lnk P1 Inc,0.5247
08/01/2019,abrdn Short Dur Gbl Infl Lnk P1 Inc,0.5222
08/02/2019,abrdn Short Dur Gbl Infl Lnk P1 Inc,0.5244
08/03/2019,abrdn Short Dur Gbl Infl Lnk P1 Inc,0.5244
08/04/2019,abrdn Short Dur Gbl Infl Lnk P1 Inc,0.5244
08/05/2019,abrdn Short Dur Gbl Infl Lnk P1 Inc,0.5247
08/06/2019,abrdn Short Dur Gbl Infl Lnk P1 Inc,0.5244
08/07/2019,abrdn Short Dur Gbl Infl Lnk P1 Inc,0.5262
08/08/2019,abrdn Short Dur Gbl Infl Lnk P1 Inc,0.5245
08/09/2019,abrdn Short Dur Gbl Infl Lnk P1 Inc,0.5244
08/10/2019,abrdn Short Dur Gbl Infl Lnk P1 Inc,0.5244
08/11/2019,abrdn Short Dur Gbl Infl Lnk P1 Inc,0.5244
08/12/2019,abrdn Short Dur Gbl Infl Lnk P1 Inc,0.5245
08/13/2019,abrdn Short Dur Gbl Infl Lnk P1 Inc,0.5246
08/14/2019,abrdn Short Dur Gbl Infl Lnk P1 Inc,0.525
08/15/2019,abrdn Short Dur Gbl Infl Lnk P1 Inc,0.5258
08/16/2019,abrdn Short Dur Gbl Infl Lnk P1 Inc,0.5253
08/17/2019,abrdn Short Dur Gbl Infl Lnk P1 Inc,0.5253
08/18/2019,abrdn Short Dur Gbl Infl Lnk P1 Inc,0.5253
08/19/2019,abrdn Short Dur Gbl Infl Lnk P1 Inc,0.5242
08/20/2019,abrdn Short Dur Gbl Infl Lnk P1 Inc,0.5257
08/21/2019,abrdn Short Dur Gbl Infl Lnk P1 Inc,0.5245
08/22/2019,abrdn Short Dur Gbl Infl Lnk P1 Inc,0.5248
08/23/2019,abrdn Short Dur Gbl Infl Lnk P1 Inc,0.5236
08/24/2019,abrdn Short Dur Gbl Infl Lnk P1 Inc,0.5236
08/25/2019,abrdn Short Dur Gbl Infl Lnk P1 Inc,0.5236
08/26/2019,abrdn Short Dur Gbl Infl Lnk P1 Inc,0.5236
08/27/2019,abrdn Short Dur Gbl Infl Lnk P1 Inc,0.5254
08/28/2019,abrdn Short Dur Gbl Infl Lnk P1 Inc,0.5269
08/29/2019,abrdn Short Dur Gbl Infl Lnk P1 Inc,0.5276
08/30/2019,abrdn Short Dur Gbl Infl Lnk P1 Inc,0.5273
08/31/2019,abrdn Short Dur Gbl Infl Lnk P1 Inc,0.5273
09/01/2019,abrdn Short Dur Gbl Infl Lnk P1 Inc,0.5273
09/02/2019,abrdn Short Dur Gbl Infl Lnk P1 Inc,0.5265
09/03/2019,abrdn Short Dur Gbl Infl Lnk P1 Inc,0.5277
09/04/2019,abrdn Short Dur Gbl Infl Lnk P1 Inc,0.5269
09/05/2019,abrdn Short Dur Gbl Infl Lnk P1 Inc,0.5248
09/06/2019,abrdn Short Dur Gbl Infl Lnk P1 Inc,0.5244
09/07/2019,abrdn Short Dur Gbl Infl Lnk P1 Inc,0.5244
09/08/2019,abrdn Short Dur Gbl Infl Lnk P1 Inc,0.5244
09/09/2019,abrdn Short Dur Gbl Infl Lnk P1 Inc,0.5244
09/10/2019,abrdn Short Dur Gbl Infl Lnk P1 Inc,0.5239
09/11/2019,abrdn Short Dur Gbl Infl Lnk P1 Inc,0.5221
09/12/2019,abrdn Short Dur Gbl Infl Lnk P1 Inc,0.5215
09/13/2019,abrdn Short Dur Gbl Infl Lnk P1 Inc,0.5197
09/14/2019,abrdn Short Dur Gbl Infl Lnk P1 Inc,0.5197
09/15/2019,abrdn Short Dur Gbl Infl Lnk P1 Inc,0.5197
09/16/2019,abrdn Short Dur Gbl Infl Lnk P1 Inc,0.5204
09/17/2019,abrdn Short Dur Gbl Infl Lnk P1 Inc,0.5213
09/18/2019,abrdn Short Dur Gbl Infl Lnk P1 Inc,0.5216
09/19/2019,abrdn Short Dur Gbl Infl Lnk P1 Inc,0.5207
09/20/2019,abrdn Short Dur Gbl Infl Lnk P1 Inc,0.5208
09/21/2019,abrdn Short Dur Gbl Infl Lnk P1 Inc,0.5208
09/22/2019,abrdn Short Dur Gbl Infl Lnk P1 Inc,0.5208
09/23/2019,abrdn Short Dur Gbl Infl Lnk P1 Inc,0.5226
09/24/2019,abrdn Short Dur Gbl Infl Lnk P1 Inc,0.5233
09/25/2019,abrdn Short Dur Gbl Infl Lnk P1 Inc,0.5239
09/26/2019,abrdn Short Dur Gbl Infl Lnk P1 Inc,0.5231
09/27/2019,abrdn Short Dur Gbl Infl Lnk P1 Inc,0.523
09/28/2019,abrdn Short Dur Gbl Infl Lnk P1 Inc,0.523
09/29/2019,abrdn Short Dur Gbl Infl Lnk P1 Inc,0.523
09/30/2019,abrdn Short Dur Gbl Infl Lnk P1 Inc,0.5227
10/01/2019,abrdn Short Dur Gbl Infl Lnk P1 Inc,0.5215
10/02/2019,abrdn Short Dur Gbl Infl Lnk P1 Inc,0.5236
10/03/2019,abrdn Short Dur Gbl Infl Lnk P1 Inc,0.524
10/04/2019,abrdn Short Dur Gbl Infl Lnk P1 Inc,0.5246
10/05/2019,abrdn Short Dur Gbl Infl Lnk P1 Inc,0.5246
10/06/2019,abrdn Short Dur Gbl Infl Lnk P1 Inc,0.5246
10/07/2019,abrdn Short Dur Gbl Infl Lnk P1 Inc,0.5248
10/08/2019,abrdn Short Dur Gbl Infl Lnk P1 Inc,0.5248
10/09/2019,abrdn Short Dur Gbl Infl Lnk P1 Inc,0.5237
10/10/2019,abrdn Short Dur Gbl Infl Lnk P1 Inc,0.5228
10/11/2019,abrdn Short Dur Gbl Infl Lnk P1 Inc,0.5195
10/12/2019,abrdn Short Dur Gbl Infl Lnk P1 Inc,0.5195
10/13/2019,abrdn Short Dur Gbl Infl Lnk P1 Inc,0.5195
10/14/2019,abrdn Short Dur Gbl Infl Lnk P1 Inc,0.5197
10/15/2019,abrdn Short Dur Gbl Infl Lnk P1 Inc,0.5198
10/16/2019,abrdn Short Dur Gbl Infl Lnk P1 Inc,0.519
10/17/2019,abrdn Short Dur Gbl Infl Lnk P1 Inc,0.5171
10/18/2019,abrdn Short Dur Gbl Infl Lnk P1 Inc,0.5179
10/19/2019,abrdn Short Dur Gbl Infl Lnk P1 Inc,0.5179
10/20/2019,abrdn Short Dur Gbl Infl Lnk P1 Inc,0.5179
10/21/2019,abrdn Short Dur Gbl Infl Lnk P1 Inc,0.5172
10/22/2019,abrdn Short Dur Gbl Infl Lnk P1 Inc,0.5171
10/23/2019,abrdn Short Dur Gbl Infl Lnk P1 Inc,0.5182
10/24/2019,abrdn Short Dur Gbl Infl Lnk P1 Inc,0.5182
10/25/2019,abrdn Short Dur Gbl Infl Lnk P1 Inc,0.5186
10/26/2019,abrdn Short Dur Gbl Infl Lnk P1 Inc,0.5186
10/27/2019,abrdn Short Dur Gbl Infl Lnk P1 Inc,0.5186
10/28/2019,abrdn Short Dur Gbl Infl Lnk P1 Inc,0.5181
10/29/2019,abrdn Short Dur Gbl Infl Lnk P1 Inc,0.5174
10/30/2019,abrdn Short Dur Gbl Infl Lnk P1 Inc,0.5168
10/31/2019,abrdn Short Dur Gbl Infl Lnk P1 Inc,0.518
11/01/2019,abrdn Short Dur Gbl Infl Lnk P1 Inc,0.5176
11/02/2019,abrdn Short Dur Gbl Infl Lnk P1 Inc,0.5176
11/03/2019,abrdn Short Dur Gbl Infl Lnk P1 Inc,0.5176
11/04/2019,abrdn Short Dur Gbl Infl Lnk P1 Inc,0.517
11/05/2019,abrdn Short Dur Gbl Infl Lnk P1 Inc,0.5169
11/06/2019,abrdn Short Dur Gbl Infl Lnk P1 Inc,0.5165
11/07/2019,abrdn Short Dur Gbl Infl Lnk P1 Inc,0.5161
11/08/2019,abrdn Short Dur Gbl Infl Lnk P1 Inc,0.5152
11/09/2019,abrdn Short Dur Gbl Infl Lnk P1 Inc,0.5152
11/10/2019,abrdn Short Dur Gbl Infl Lnk P1 Inc,0.5152
11/11/2019,abrdn Short Dur Gbl Infl Lnk P1 Inc,0.5152
11/12/2019,abrdn Short Dur Gbl Infl Lnk P1 Inc,0.5147
11/13/2019,abrdn Short Dur Gbl Infl Lnk P1 Inc,0.5155
11/14/2019,abrdn Short Dur Gbl Infl Lnk P1 Inc,0.5156
11/15/2019,abrdn Short Dur Gbl Infl Lnk P1 Inc,0.5153
11/16/2019,abrdn Short Dur Gbl Infl Lnk P1 Inc,0.5153
11/17/2019,abrdn Short Dur Gbl Infl Lnk P1 Inc,0.5153
11/18/2019,abrdn Short Dur Gbl Infl Lnk P1 Inc,0.515
11/19/2019,abrdn Short Dur Gbl Infl Lnk P1 Inc,0.5154
11/20/2019,abrdn Short Dur Gbl Infl Lnk P1 Inc,0.5164
11/21/2019,abrdn Short Dur Gbl Infl Lnk P1 Inc,0.5158
11/22/2019,abrdn Short Dur Gbl Infl Lnk P1 Inc,0.5164
11/23/2019,abrdn Short Dur Gbl Infl Lnk P1 Inc,0.5164
11/24/2019,abrdn Short Dur Gbl Infl Lnk P1 Inc,0.5164
11/25/2019,abrdn Short Dur Gbl Infl Lnk P1 Inc,0.516
11/26/2019,abrdn Short Dur Gbl Infl Lnk P1 Inc,0.5166
11/27/2019,abrdn Short Dur Gbl Infl Lnk P1 Inc,0.5168
11/28/2019,abrdn Short Dur Gbl Infl Lnk P1 Inc,0.5161
11/29/2019,abrdn Short Dur Gbl Infl Lnk P1 Inc,0.5162
11/30/2019,abrdn Short Dur Gbl Infl Lnk P1 Inc,0.5162
12/01/2019,abrdn Short Dur Gbl Infl Lnk P1 Inc,0.5162
12/02/2019,abrdn Short Dur Gbl Infl Lnk P1 Inc,0.5148
12/03/2019,abrdn Short Dur Gbl Infl Lnk P1 Inc,0.5155
12/04/2019,abrdn Short Dur Gbl Infl Lnk P1 Inc,0.5162
12/05/2019,abrdn Short Dur Gbl Infl Lnk P1 Inc,0.5154
12/06/2019,abrdn Short Dur Gbl Infl Lnk P1 Inc,0.5153
12/07/2019,abrdn Short Dur Gbl Infl Lnk P1 Inc,0.5153
12/08/2019,abrdn Short Dur Gbl Infl Lnk P1 Inc,0.5153
12/09/2019,abrdn Short Dur Gbl Infl Lnk P1 Inc,0.5158
12/10/2019,abrdn Short Dur Gbl Infl Lnk P1 Inc,0.516
12/11/2019,abrdn Short Dur Gbl Infl Lnk P1 Inc,0.5165
12/12/2019,abrdn Short Dur Gbl Infl Lnk P1 Inc,0.5171
12/13/2019,abrdn Short Dur Gbl Infl Lnk P1 Inc,0.5145
12/14/2019,abrdn Short Dur Gbl Infl Lnk P1 Inc,0.5145
12/15/2019,abrdn Short Dur Gbl Infl Lnk P1 Inc,0.5145
12/16/2019,abrdn Short Dur Gbl Infl Lnk P1 Inc,0.5151
12/17/2019,abrdn Short Dur Gbl Infl Lnk P1 Inc,0.5157
12/18/2019,abrdn Short Dur Gbl Infl Lnk P1 Inc,0.5168
12/19/2019,abrdn Short Dur Gbl Infl Lnk P1 Inc,0.5155
12/20/2019,abrdn Short Dur Gbl Infl Lnk P1 Inc,0.5155
12/21/2019,abrdn Short Dur Gbl Infl Lnk P1 Inc,0.5155
12/22/2019,abrdn Short Dur Gbl Infl Lnk P1 Inc,0.5155
12/23/2019,abrdn Short Dur Gbl Infl Lnk P1 Inc,0.5159
12/24/2019,abrdn Short Dur Gbl Infl Lnk P1 Inc,0.5154
12/25/2019,abrdn Short Dur Gbl Infl Lnk P1 Inc,0.5154
12/26/2019,abrdn Short Dur Gbl Infl Lnk P1 Inc,0.5154
12/27/2019,abrdn Short Dur Gbl Infl Lnk P1 Inc,0.5163
12/28/2019,abrdn Short Dur Gbl Infl Lnk P1 Inc,0.5163
12/29/2019,abrdn Short Dur Gbl Infl Lnk P1 Inc,0.5163
12/30/2019,abrdn Short Dur Gbl Infl Lnk P1 Inc,0.5149
12/31/2019,abrdn Short Dur Gbl Infl Lnk P1 Inc,0.5152
01/01/2020,abrdn Short Dur Gbl Infl Lnk P1 Inc,0.5152
01/02/2020,abrdn Short Dur Gbl Infl Lnk P1 Inc,0.5155
01/03/2020,abrdn Short Dur Gbl Infl Lnk P1 Inc,0.5185
01/04/2020,abrdn Short Dur Gbl Infl Lnk P1 Inc,0.5185
01/05/2020,abrdn Short Dur Gbl Infl Lnk P1 Inc,0.5185
01/06/2020,abrdn Short Dur Gbl Infl Lnk P1 Inc,0.5187
01/07/2020,abrdn Short Dur Gbl Infl Lnk P1 Inc,0.5177
01/08/2020,abrdn Short Dur Gbl Infl Lnk P1 Inc,0.5173
01/09/2020,abrdn Short Dur Gbl Infl Lnk P1 Inc,0.5164
01/10/2020,abrdn Short Dur Gbl Infl Lnk P1 Inc,0.5166
01/11/2020,abrdn Short Dur Gbl Infl Lnk P1 Inc,0.5166
01/12/2020,abrdn Short Dur Gbl Infl Lnk P1 Inc,0.5166
01/13/2020,abrdn Short Dur Gbl Infl Lnk P1 Inc,0.517
01/14/2020,abrdn Short Dur Gbl Infl Lnk P1 Inc,0.5173
01/15/2020,abrdn Short Dur Gbl Infl Lnk P1 Inc,0.5188
01/16/2020,abrdn Short Dur Gbl Infl Lnk P1 Inc,0.5186
01/17/2020,abrdn Short Dur Gbl Infl Lnk P1 Inc,0.5183
01/18/2020,abrdn Short Dur Gbl Infl Lnk P1 Inc,0.5183
01/19/2020,abrdn Short Dur Gbl Infl Lnk P1 Inc,0.5183
01/20/2020,abrdn Short Dur Gbl Infl Lnk P1 Inc,0.5183
01/21/2020,abrdn Short Dur Gbl Infl Lnk P1 Inc,0.5183
01/22/2020,abrdn Short Dur Gbl Infl Lnk P1 Inc,0.519
01/23/2020,abrdn Short Dur Gbl Infl Lnk P1 Inc,0.5191
01/24/2020,abrdn Short Dur Gbl Infl Lnk P1 Inc,0.5194
01/25/2020,abrdn Short Dur Gbl Infl Lnk P1 Inc,0.5194
01/26/2020,abrdn Short Dur Gbl Infl Lnk P1 Inc,0.5194
01/27/2020,abrdn Short Dur Gbl Infl Lnk P1 Inc,0.5214
01/28/2020,abrdn Short Dur Gbl Infl Lnk P1 Inc,0.5209
01/29/2020,abrdn Short Dur Gbl Infl Lnk P1 Inc,0.5208
01/30/2020,abrdn Short Dur Gbl Infl Lnk P1 Inc,0.5216
01/31/2020,abrdn Short Dur Gbl Infl Lnk P1 Inc,0.5209
02/01/2020,abrdn Short Dur Gbl Infl Lnk P1 Inc,0.5209
02/02/2020,abrdn Short Dur Gbl Infl Lnk P1 Inc,0.5209
02/03/2020,abrdn Short Dur Gbl Infl Lnk P1 Inc,0.5196
02/04/2020,abrdn Short Dur Gbl Infl Lnk P1 Inc,0.5188
02/05/2020,abrdn Short Dur Gbl Infl Lnk P1 Inc,0.5179
02/06/2020,abrdn Short Dur Gbl Infl Lnk P1 Inc,0.5177
02/07/2020,abrdn Short Dur Gbl Infl Lnk P1 Inc,0.5186
02/08/2020,abrdn Short Dur Gbl Infl Lnk P1 Inc,0.5186
02/09/2020,abrdn Short Dur Gbl Infl Lnk P1 Inc,0.5186
02/10/2020,abrdn Short Dur Gbl Infl Lnk P1 Inc,0.519
02/11/2020,abrdn Short Dur Gbl Infl Lnk P1 Inc,0.5188
02/12/2020,abrdn Short Dur Gbl Infl Lnk P1 Inc,0.5181
02/13/2020,abrdn Short Dur Gbl Infl Lnk P1 Inc,0.5187
02/14/2020,abrdn Short Dur Gbl Infl Lnk P1 Inc,0.5186
02/15/2020,abrdn Short Dur Gbl Infl Lnk P1 Inc,0.5186
02/16/2020,abrdn Short Dur Gbl Infl Lnk P1 Inc,0.5186
02/17/2020,abrdn Short Dur Gbl Infl Lnk P1 Inc,0.5188
02/18/2020,abrdn Short Dur Gbl Infl Lnk P1 Inc,0.5194
02/19/2020,abrdn Short Dur Gbl Infl Lnk P1 Inc,0.519
02/20/2020,abrdn Short Dur Gbl Infl Lnk P1 Inc,0.5194
02/21/2020,abrdn Short Dur Gbl Infl Lnk P1 Inc,0.5197
02/22/2020,abrdn Short Dur Gbl Infl Lnk P1 Inc,0.5197
02/23/2020,abrdn Short Dur Gbl Infl Lnk P1 Inc,0.5197
02/24/2020,abrdn Short Dur Gbl Infl Lnk P1 Inc,0.5208
02/25/2020,abrdn Short Dur Gbl Infl Lnk P1 Inc,0.521
02/26/2020,abrdn Short Dur Gbl Infl Lnk P1 Inc,0.5207
02/27/2020,abrdn Short Dur Gbl Infl Lnk P1 Inc,0.5219
02/28/2020,abrdn Short Dur Gbl Infl Lnk P1 Inc,0.5222
02/29/2020,abrdn Short Dur Gbl Infl Lnk P1 Inc,0.5222
03/01/2020,abrdn Short Dur Gbl Infl Lnk P1 Inc,0.5222
03/02/2020,abrdn Short Dur Gbl Infl Lnk P1 Inc,0.5232
03/03/2020,abrdn Short Dur Gbl Infl Lnk P1 Inc,0.5222
03/04/2020,abrdn Short Dur Gbl Infl Lnk P1 Inc,0.5251
03/05/2020,abrdn Short Dur Gbl Infl Lnk P1 Inc,0.5247
03/06/2020,abrdn Short Dur Gbl Infl Lnk P1 Inc,0.5251
03/07/2020,abrdn Short Dur Gbl Infl Lnk P1 Inc,0.5251
03/08/2020,abrdn Short Dur Gbl Infl Lnk P1 Inc,0.5251
03/09/2020,abrdn Short Dur Gbl Infl Lnk P1 Inc,0.5252
03/10/2020,abrdn Short Dur Gbl Infl Lnk P1 Inc,0.519
03/11/2020,abrdn Short Dur Gbl Infl Lnk P1 Inc,0.5162
03/12/2020,abrdn Short Dur Gbl Infl Lnk P1 Inc,0.514
03/13/2020,abrdn Short Dur Gbl Infl Lnk P1 Inc,0.5091
03/14/2020,abrdn Short Dur Gbl Infl Lnk P1 Inc,0.5091
03/15/2020,abrdn Short Dur Gbl Infl Lnk P1 Inc,0.5091
03/16/2020,abrdn Short Dur Gbl Infl Lnk P1 Inc,0.507
03/17/2020,abrdn Short Dur Gbl Infl Lnk P1 Inc,0.5023
03/18/2020,abrdn Short Dur Gbl Infl Lnk P1 Inc,0.4933
03/19/2020,abrdn Short Dur Gbl Infl Lnk P1 Inc,0.4896
03/20/2020,abrdn Short Dur Gbl Infl Lnk P1 Inc,0.4935
03/21/2020,abrdn Short Dur Gbl Infl Lnk P1 Inc,0.4935
03/22/2020,abrdn Short Dur Gbl Infl Lnk P1 Inc,0.4935
03/23/2020,abrdn Short Dur Gbl Infl Lnk P1 Inc,0.4997
03/24/2020,abrdn Short Dur Gbl Infl Lnk P1 Inc,0.5026
03/25/2020,abrdn Short Dur Gbl Infl Lnk P1 Inc,0.5039
03/26/2020,abrdn Short Dur Gbl Infl Lnk P1 Inc,0.507
03/27/2020,abrdn Short Dur Gbl Infl Lnk P1 Inc,0.5091
03/28/2020,abrdn Short Dur Gbl Infl Lnk P1 Inc,0.5091
03/29/2020,abrdn Short Dur Gbl Infl Lnk P1 Inc,0.5091
03/30/2020,abrdn Short Dur Gbl Infl Lnk P1 Inc,0.5113
03/31/2020,abrdn Short Dur Gbl Infl Lnk P1 Inc,0.5096
04/01/2020,abrdn Short Dur Gbl Infl Lnk P1 Inc,0.5094
04/02/2020,abrdn Short Dur Gbl Infl Lnk P1 Inc,0.5098
04/03/2020,abrdn Short Dur Gbl Infl Lnk P1 Inc,0.512
04/04/2020,abrdn Short Dur Gbl Infl Lnk P1 Inc,0.512
04/05/2020,abrdn Short Dur Gbl Infl Lnk P1 Inc,0.512
04/06/2020,abrdn Short Dur Gbl Infl Lnk P1 Inc,0.5128
04/07/2020,abrdn Short Dur Gbl Infl Lnk P1 Inc,0.5131
04/08/2020,abrdn Short Dur Gbl Infl Lnk P1 Inc,0.5126
04/09/2020,abrdn Short Dur Gbl Infl Lnk P1 Inc,0.5126
04/10/2020,abrdn Short Dur Gbl Infl Lnk P1 Inc,0.5126
04/11/2020,abrdn Short Dur Gbl Infl Lnk P1 Inc,0.5126
04/12/2020,abrdn Short Dur Gbl Infl Lnk P1 Inc,0.5126
04/13/2020,abrdn Short Dur Gbl Infl Lnk P1 Inc,0.5126
04/14/2020,abrdn Short Dur Gbl Infl Lnk P1 Inc,0.5147
04/15/2020,abrdn Short Dur Gbl Infl Lnk P1 Inc,0.5151
04/16/2020,abrdn Short Dur Gbl Infl Lnk P1 Inc,0.5145
04/17/2020,abrdn Short Dur Gbl Infl Lnk P1 Inc,0.5124
04/18/2020,abrdn Short Dur Gbl Infl Lnk P1 Inc,0.5124
04/19/2020,abrdn Short Dur Gbl Infl Lnk P1 Inc,0.5124
04/20/2020,abrdn Short Dur Gbl Infl Lnk P1 Inc,0.5111
04/21/2020,abrdn Short Dur Gbl Infl Lnk P1 Inc,0.5097
04/22/2020,abrdn Short Dur Gbl Infl Lnk P1 Inc,0.5094
04/23/2020,abrdn Short Dur Gbl Infl Lnk P1 Inc,0.5105
04/24/2020,abrdn Short Dur Gbl Infl Lnk P1 Inc,0.5114
04/25/2020,abrdn Short Dur Gbl Infl Lnk P1 Inc,0.5114
04/26/2020,abrdn Short Dur Gbl Infl Lnk P1 Inc,0.5114
04/27/2020,abrdn Short Dur Gbl Infl Lnk P1 Inc,0.5126
04/28/2020,abrdn Short Dur Gbl Infl Lnk P1 Inc,0.5126
04/29/2020,abrdn Short Dur Gbl Infl Lnk P1 Inc,0.5138
04/30/2020,abrdn Short Dur Gbl Infl Lnk P1 Inc,0.5143
05/01/2020,abrdn Short Dur Gbl Infl Lnk P1 Inc,0.5127
05/02/2020,abrdn Short Dur Gbl Infl Lnk P1 Inc,0.5127
05/03/2020,abrdn Short Dur Gbl Infl Lnk P1 Inc,0.5127
05/04/2020,abrdn Short Dur Gbl Infl Lnk P1 Inc,0.5129
05/05/2020,abrdn Short Dur Gbl Infl Lnk P1 Inc,0.5129
05/06/2020,abrdn Short Dur Gbl Infl Lnk P1 Inc,0.5128
05/07/2020,abrdn Short Dur Gbl Infl Lnk P1 Inc,0.5123
05/08/2020,abrdn Short Dur Gbl Infl Lnk P1 Inc,0.5123
05/09/2020,abrdn Short Dur Gbl Infl Lnk P1 Inc,0.5123
05/10/2020,abrdn Short Dur Gbl Infl Lnk P1 Inc,0.5123
05/11/2020,abrdn Short Dur Gbl Infl Lnk P1 Inc,0.5135
05/12/2020,abrdn Short Dur Gbl Infl Lnk P1 Inc,0.5131
05/13/2020,abrdn Short Dur Gbl Infl Lnk P1 Inc,0.5136
05/14/2020,abrdn Short Dur Gbl Infl Lnk P1 Inc,0.5138
05/15/2020,abrdn Short Dur Gbl Infl Lnk P1 Inc,0.5142
05/16/2020,abrdn Short Dur Gbl Infl Lnk P1 Inc,0.5142
05/17/2020,abrdn Short Dur Gbl Infl Lnk P1 Inc,0.5142
05/18/2020,abrdn Short Dur Gbl Infl Lnk P1 Inc,0.5145
05/19/2020,abrdn Short Dur Gbl Infl Lnk P1 Inc,0.5149
05/20/2020,abrdn Short Dur Gbl Infl Lnk P1 Inc,0.5152
05/21/2020,abrdn Short Dur Gbl Infl Lnk P1 Inc,0.5166
05/22/2020,abrdn Short Dur Gbl Infl Lnk P1 Inc,0.5166
05/23/2020,abrdn Short Dur Gbl Infl Lnk P1 Inc,0.5166
05/24/2020,abrdn Short Dur Gbl Infl Lnk P1 Inc,0.5166
05/25/2020,abrdn Short Dur Gbl Infl Lnk P1 Inc,0.5166
05/26/2020,abrdn Short Dur Gbl Infl Lnk P1 Inc,0.5164
05/27/2020,abrdn Short Dur Gbl Infl Lnk P1 Inc,0.5166
05/28/2020,abrdn Short Dur Gbl Infl Lnk P1 Inc,0.5172
05/29/2020,abrdn Short Dur Gbl Infl Lnk P1 Inc,0.5183
05/30/2020,abrdn Short Dur Gbl Infl Lnk P1 Inc,0.5183
05/31/2020,abrdn Short Dur Gbl Infl Lnk P1 Inc,0.5183
06/01/2020,abrdn Short Dur Gbl Infl Lnk P1 Inc,0.5184
06/02/2020,abrdn Short Dur Gbl Infl Lnk P1 Inc,0.5186
06/03/2020,abrdn Short Dur Gbl Infl Lnk P1 Inc,0.5182
06/04/2020,abrdn Short Dur Gbl Infl Lnk P1 Inc,0.5173
06/05/2020,abrdn Short Dur Gbl Infl Lnk P1 Inc,0.5165
06/06/2020,abrdn Short Dur Gbl Infl Lnk P1 Inc,0.5165
06/07/2020,abrdn Short Dur Gbl Infl Lnk P1 Inc,0.5165
06/08/2020,abrdn Short Dur Gbl Infl Lnk P1 Inc,0.5166
06/09/2020,abrdn Short Dur Gbl Infl Lnk P1 Inc,0.5172
06/10/2020,abrdn Short Dur Gbl Infl Lnk P1 Inc,0.5174
06/11/2020,abrdn Short Dur Gbl Infl Lnk P1 Inc,0.5195
06/12/2020,abrdn Short Dur Gbl Infl Lnk P1 Inc,0.5186
06/13/2020,abrdn Short Dur Gbl Infl Lnk P1 Inc,0.5186
06/14/2020,abrdn Short Dur Gbl Infl Lnk P1 Inc,0.5186
06/15/2020,abrdn Short Dur Gbl Infl Lnk P1 Inc,0.5188
06/16/2020,abrdn Short Dur Gbl Infl Lnk P1 Inc,0.5187
06/17/2020,abrdn Short Dur Gbl Infl Lnk P1 Inc,0.5191
06/18/2020,abrdn Short Dur Gbl Infl Lnk P1 Inc,0.5194
06/19/2020,abrdn Short Dur Gbl Infl Lnk P1 Inc,0.5194
06/20/2020,abrdn Short Dur Gbl Infl Lnk P1 Inc,0.5194
06/21/2020,abrdn Short Dur Gbl Infl Lnk P1 Inc,0.5194
06/22/2020,abrdn Short Dur Gbl Infl Lnk P1 Inc,0.5203
06/23/2020,abrdn Short Dur Gbl Infl Lnk P1 Inc,0.5214
06/24/2020,abrdn Short Dur Gbl Infl Lnk P1 Inc,0.5211
06/25/2020,abrdn Short Dur Gbl Infl Lnk P1 Inc,0.521
06/26/2020,abrdn Short Dur Gbl Infl Lnk P1 Inc,0.521
06/27/2020,abrdn Short Dur Gbl Infl Lnk P1 Inc,0.521
06/28/2020,abrdn Short Dur Gbl Infl Lnk P1 Inc,0.521
06/29/2020,abrdn Short Dur Gbl Infl Lnk P1 Inc,0.5216
06/30/2020,abrdn Short Dur Gbl Infl Lnk P1 Inc,0.5223
07/01/2020,abrdn Short Dur Gbl Infl Lnk P1 Inc,0.5216
07/02/2020,abrdn Short Dur Gbl Infl Lnk P1 Inc,0.5218
07/03/2020,abrdn Short Dur Gbl Infl Lnk P1 Inc,0.523
07/04/2020,abrdn Short Dur Gbl Infl Lnk P1 Inc,0.523
07/05/2020,abrdn Short Dur Gbl Infl Lnk P1 Inc,0.523
07/06/2020,abrdn Short Dur Gbl Infl Lnk P1 Inc,0.5228
07/07/2020,abrdn Short Dur Gbl Infl Lnk P1 Inc,0.5235
07/08/2020,abrdn Short Dur Gbl Infl Lnk P1 Inc,0.5232
07/09/2020,abrdn Short Dur Gbl Infl Lnk P1 Inc,0.5227
07/10/2020,abrdn Short Dur Gbl Infl Lnk P1 Inc,0.5223
07/11/2020,abrdn Short Dur Gbl Infl Lnk P1 Inc,0.5223
07/12/2020,abrdn Short Dur Gbl Infl Lnk P1 Inc,0.5223
07/13/2020,abrdn Short Dur Gbl Infl Lnk P1 Inc,0.5222
07/14/2020,abrdn Short Dur Gbl Infl Lnk P1 Inc,0.523
07/15/2020,abrdn Short Dur Gbl Infl Lnk P1 Inc,0.5231
07/16/2020,abrdn Short Dur Gbl Infl Lnk P1 Inc,0.5232
07/17/2020,abrdn Short Dur Gbl Infl Lnk P1 Inc,0.5235
07/18/2020,abrdn Short Dur Gbl Infl Lnk P1 Inc,0.5235
07/19/2020,abrdn Short Dur Gbl Infl Lnk P1 Inc,0.5235
07/20/2020,abrdn Short Dur Gbl Infl Lnk P1 Inc,0.5238
07/21/2020,abrdn Short Dur Gbl Infl Lnk P1 Inc,0.5246
07/22/2020,abrdn Short Dur Gbl Infl Lnk P1 Inc,0.526
07/23/2020,abrdn Short Dur Gbl Infl Lnk P1 Inc,0.526
07/24/2020,abrdn Short Dur Gbl Infl Lnk P1 Inc,0.5255
07/25/2020,abrdn Short Dur Gbl Infl Lnk P1 Inc,0.5255
07/26/2020,abrdn Short Dur Gbl Infl Lnk P1 Inc,0.5255
07/27/2020,abrdn Short Dur Gbl Infl Lnk P1 Inc,0.5256
07/28/2020,abrdn Short Dur Gbl Infl Lnk P1 Inc,0.526
07/29/2020,abrdn Short Dur Gbl Infl Lnk P1 Inc,0.5266
07/30/2020,abrdn Short Dur Gbl Infl Lnk P1 Inc,0.5273
07/31/2020,abrdn Short Dur Gbl Infl Lnk P1 Inc,0.5277
08/01/2020,abrdn Short Dur Gbl Infl Lnk P1 Inc,0.5277
08/02/2020,abrdn Short Dur Gbl Infl Lnk P1 Inc,0.5277
08/03/2020,abrdn Short Dur Gbl Infl Lnk P1 Inc,0.5277
08/04/2020,abrdn Short Dur Gbl Infl Lnk P1 Inc,0.5283
08/05/2020,abrdn Short Dur Gbl Infl Lnk P1 Inc,0.5287
08/06/2020,abrdn Short Dur Gbl Infl Lnk P1 Inc,0.5288
08/07/2020,abrdn Short Dur Gbl Infl Lnk P1 Inc,0.5293
08/08/2020,abrdn Short Dur Gbl Infl Lnk P1 Inc,0.5293
08/09/2020,abrdn Short Dur Gbl Infl Lnk P1 Inc,0.5293
08/10/2020,abrdn Short Dur Gbl Infl Lnk P1 Inc,0.5292
08/11/2020,abrdn Short Dur Gbl Infl Lnk P1 Inc,0.529
08/12/2020,abrdn Short Dur Gbl Infl Lnk P1 Inc,0.5276
08/13/2020,abrdn Short Dur Gbl Infl Lnk P1 Inc,0.5282
08/14/2020,abrdn Short Dur Gbl Infl Lnk P1 Inc,0.5272
08/15/2020,abrdn Short Dur Gbl Infl Lnk P1 Inc,0.5272
08/16/2020,abrdn Short Dur Gbl Infl Lnk P1 Inc,0.5272
08/17/2020,abrdn Short Dur Gbl Infl Lnk P1 Inc,0.5274
08/18/2020,abrdn Short Dur Gbl Infl Lnk P1 Inc,0.528
08/19/2020,abrdn Short Dur Gbl Infl Lnk P1 Inc,0.5292
08/20/2020,abrdn Short Dur Gbl Infl Lnk P1 Inc,0.5284
08/21/2020,abrdn Short Dur Gbl Infl Lnk P1 Inc,0.5282
08/22/2020,abrdn Short Dur Gbl Infl Lnk P1 Inc,0.5282
08/23/2020,abrdn Short Dur Gbl Infl Lnk P1 Inc,0.5282
08/24/2020,abrdn Short Dur Gbl Infl Lnk P1 Inc,0.529
08/25/2020,abrdn Short Dur Gbl Infl Lnk P1 Inc,0.5292
08/26/2020,abrdn Short Dur Gbl Infl Lnk P1 Inc,0.5293
08/27/2020,abrdn Short Dur Gbl Infl Lnk P1 Inc,0.5297
08/28/2020,abrdn Short Dur Gbl Infl Lnk P1 Inc,0.5292
08/29/2020,abrdn Short Dur Gbl Infl Lnk P1 Inc,0.5292
08/30/2020,abrdn Short Dur Gbl Infl Lnk P1 Inc,0.5292
08/31/2020,abrdn Short Dur Gbl Infl Lnk P1 Inc,0.5292
09/01/2020,abrdn Short Dur Gbl Infl Lnk P1 Inc,0.5309
09/02/2020,abrdn Short Dur Gbl Infl Lnk P1 Inc,0.5312
09/03/2020,abrdn Short Dur Gbl Infl Lnk P1 Inc,0.531
09/04/2020,abrdn Short Dur Gbl Infl Lnk P1 Inc,0.53
09/05/2020,abrdn Short Dur Gbl Infl Lnk P1 Inc,0.53
09/06/2020,abrdn Short Dur Gbl Infl Lnk P1 Inc,0.53
09/07/2020,abrdn Short Dur Gbl Infl Lnk P1 Inc,0.5291
09/08/2020,abrdn Short Dur Gbl Infl Lnk P1 Inc,0.5303
09/09/2020,abrdn Short Dur Gbl Infl Lnk P1 Inc,0.5309
09/10/2020,abrdn Short Dur Gbl Infl Lnk P1 Inc,0.5304
09/11/2020,abrdn Short Dur Gbl Infl Lnk P1 Inc,0.531
09/12/2020,abrdn Short Dur Gbl Infl Lnk P1 Inc,0.531
09/13/2020,abrdn Short Dur Gbl Infl Lnk P1 Inc,0.531
09/14/2020,abrdn Short Dur Gbl Infl Lnk P1 Inc,0.5312
09/15/2020,abrdn Short Dur Gbl Infl Lnk P1 Inc,0.5307
09/16/2020,abrdn Short Dur Gbl Infl Lnk P1 Inc,0.5308
09/17/2020,abrdn Short Dur Gbl Infl Lnk P1 Inc,0.5307
09/18/2020,abrdn Short Dur Gbl Infl Lnk P1 Inc,0.5314
09/19/2020,abrdn Short Dur Gbl Infl Lnk P1 Inc,0.5314
09/20/2020,abrdn Short Dur Gbl Infl Lnk P1 Inc,0.5314
09/21/2020,abrdn Short Dur Gbl Infl Lnk P1 Inc,0.531
09/22/2020,abrdn Short Dur Gbl Infl Lnk P1 Inc,0.5304
09/23/2020,abrdn Short Dur Gbl Infl Lnk P1 Inc,0.53
09/24/2020,abrdn Short Dur Gbl Infl Lnk P1 Inc,0.5293
09/25/2020,abrdn Short Dur Gbl Infl Lnk P1 Inc,0.5294
09/26/2020,abrdn Short Dur Gbl Infl Lnk P1 Inc,0.5294
09/27/2020,abrdn Short Dur Gbl Infl Lnk P1 Inc,0.5294
09/28/2020,abrdn Short Dur Gbl Infl Lnk P1 Inc,0.5293
09/29/2020,abrdn Short Dur Gbl Infl Lnk P1 Inc,0.5301
09/30/2020,abrdn Short Dur Gbl Infl Lnk P1 Inc,0.5305
10/01/2020,abrdn Short Dur Gbl Infl Lnk P1 Inc,0.53
10/02/2020,abrdn Short Dur Gbl Infl Lnk P1 Inc,0.5301
10/03/2020,abrdn Short Dur Gbl Infl Lnk P1 Inc,0.5301
10/04/2020,abrdn Short Dur Gbl Infl Lnk P1 Inc,0.5301
10/05/2020,abrdn Short Dur Gbl Infl Lnk P1 Inc,0.5297
10/06/2020,abrdn Short Dur Gbl Infl Lnk P1 Inc,0.5294
10/07/2020,abrdn Short Dur Gbl Infl Lnk P1 Inc,0.5296
10/08/2020,abrdn Short Dur Gbl Infl Lnk P1 Inc,0.5295
10/09/2020,abrdn Short Dur Gbl Infl Lnk P1 Inc,0.5304
10/10/2020,abrdn Short Dur Gbl Infl Lnk P1 Inc,0.5304
10/11/2020,abrdn Short Dur Gbl Infl Lnk P1 Inc,0.5304
10/12/2020,abrdn Short Dur Gbl Infl Lnk P1 Inc,0.5306
10/13/2020,abrdn Short Dur Gbl Infl Lnk P1 Inc,0.5307
10/14/2020,abrdn Short Dur Gbl Infl Lnk P1 Inc,0.5312
10/15/2020,abrdn Short Dur Gbl Infl Lnk P1 Inc,0.5313
10/16/2020,abrdn Short Dur Gbl Infl Lnk P1 Inc,0.5313
10/17/2020,abrdn Short Dur Gbl Infl Lnk P1 Inc,0.5313
10/18/2020,abrdn Short Dur Gbl Infl Lnk P1 Inc,0.5313
10/19/2020,abrdn Short Dur Gbl Infl Lnk P1 Inc,0.5312
10/20/2020,abrdn Short Dur Gbl Infl Lnk P1 Inc,0.5313
10/21/2020,abrdn Short Dur Gbl Infl Lnk P1 Inc,0.5309
10/22/2020,abrdn Short Dur Gbl Infl Lnk P1 Inc,0.5301
10/23/2020,abrdn Short Dur Gbl Infl Lnk P1 Inc,0.53
10/24/2020,abrdn Short Dur Gbl Infl Lnk P1 Inc,0.53
10/25/2020,abrdn Short Dur Gbl Infl Lnk P1 Inc,0.53
10/26/2020,abrdn Short Dur Gbl Infl Lnk P1 Inc,0.5302
10/27/2020,abrdn Short Dur Gbl Infl Lnk P1 Inc,0.5302
10/28/2020,abrdn Short Dur Gbl Infl Lnk P1 Inc,0.5307
10/29/2020,abrdn Short Dur Gbl Infl Lnk P1 Inc,0.5304
10/30/2020,abrdn Short Dur Gbl Infl Lnk P1 Inc,0.5298
10/31/2020,abrdn Short Dur Gbl Infl Lnk P1 Inc,0.5298
11/01/2020,abrdn Short Dur Gbl Infl Lnk P1 Inc,0.5298
11/02/2020,abrdn Short Dur Gbl Infl Lnk P1 Inc,0.5278
11/03/2020,abrdn Short Dur Gbl Infl Lnk P1 Inc,0.5282
11/04/2020,abrdn Short Dur Gbl Infl Lnk P1 Inc,0.5285
11/05/2020,abrdn Short Dur Gbl Infl Lnk P1 Inc,0.5284
11/06/2020,abrdn Short Dur Gbl Infl Lnk P1 Inc,0.5283
11/07/2020,abrdn Short Dur Gbl Infl Lnk P1 Inc,0.5283
11/08/2020,abrdn Short Dur Gbl Infl Lnk P1 Inc,0.5283
11/09/2020,abrdn Short Dur Gbl Infl Lnk P1 Inc,0.5273
11/10/2020,abrdn Short Dur Gbl Infl Lnk P1 Inc,0.5268
11/11/2020,abrdn Short Dur Gbl Infl Lnk P1 Inc,0.5267
11/12/2020,abrdn Short Dur Gbl Infl Lnk P1 Inc,0.5269
11/13/2020,abrdn Short Dur Gbl Infl Lnk P1 Inc,0.5279
11/14/2020,abrdn Short Dur Gbl Infl Lnk P1 Inc,0.5279
11/15/2020,abrdn Short Dur Gbl Infl Lnk P1 Inc,0.5279
11/16/2020,abrdn Short Dur Gbl Infl Lnk P1 Inc,0.5278
11/17/2020,abrdn Short Dur Gbl Infl Lnk P1 Inc,0.5279
11/18/2020,abrdn Short Dur Gbl Infl Lnk P1 Inc,0.5286
11/19/2020,abrdn Short Dur Gbl Infl Lnk P1 Inc,0.5281
11/20/2020,abrdn Short Dur Gbl Infl Lnk P1 Inc,0.5286
11/21/2020,abrdn Short Dur Gbl Infl Lnk P1 Inc,0.5286
11/22/2020,abrdn Short Dur Gbl Infl Lnk P1 Inc,0.5286
11/23/2020,abrdn Short Dur Gbl Infl Lnk P1 Inc,0.5287
11/24/2020,abrdn Short Dur Gbl Infl Lnk P1 Inc,0.5287
11/25/2020,abrdn Short Dur Gbl Infl Lnk P1 Inc,0.5291
11/26/2020,abrdn Short Dur Gbl Infl Lnk P1 Inc,0.5296
11/27/2020,abrdn Short Dur Gbl Infl Lnk P1 Inc,0.5298
11/28/2020,abrdn Short Dur Gbl Infl Lnk P1 Inc,0.5298
11/29/2020,abrdn Short Dur Gbl Infl Lnk P1 Inc,0.5298
11/30/2020,abrdn Short Dur Gbl Infl Lnk P1 Inc,0.5305
12/01/2020,abrdn Short Dur Gbl Infl Lnk P1 Inc,0.5309
12/02/2020,abrdn Short Dur Gbl Infl Lnk P1 Inc,0.5306
12/03/2020,abrdn Short Dur Gbl Infl Lnk P1 Inc,0.5309
12/04/2020,abrdn Short Dur Gbl Infl Lnk P1 Inc,0.5318
12/05/2020,abrdn Short Dur Gbl Infl Lnk P1 Inc,0.5318
12/06/2020,abrdn Short Dur Gbl Infl Lnk P1 Inc,0.5318
12/07/2020,abrdn Short Dur Gbl Infl Lnk P1 Inc,0.5328
12/08/2020,abrdn Short Dur Gbl Infl Lnk P1 Inc,0.5335
12/09/2020,abrdn Short Dur Gbl Infl Lnk P1 Inc,0.5337
12/10/2020,abrdn Short Dur Gbl Infl Lnk P1 Inc,0.5343
12/11/2020,abrdn Short Dur Gbl Infl Lnk P1 Inc,0.5349
12/12/2020,abrdn Short Dur Gbl Infl Lnk P1 Inc,0.5349
12/13/2020,abrdn Short Dur Gbl Infl Lnk P1 Inc,0.5349
12/14/2020,abrdn Short Dur Gbl Infl Lnk P1 Inc,0.5336
12/15/2020,abrdn Short Dur Gbl Infl Lnk P1 Inc,0.5342
12/16/2020,abrdn Short Dur Gbl Infl Lnk P1 Inc,0.5333
12/17/2020,abrdn Short Dur Gbl Infl Lnk P1 Inc,0.5336
12/18/2020,abrdn Short Dur Gbl Infl Lnk P1 Inc,0.5332
12/19/2020,abrdn Short Dur Gbl Infl Lnk P1 Inc,0.5332
12/20/2020,abrdn Short Dur Gbl Infl Lnk P1 Inc,0.5332
12/21/2020,abrdn Short Dur Gbl Infl Lnk P1 Inc,0.5341
12/22/2020,abrdn Short Dur Gbl Infl Lnk P1 Inc,0.5331
12/23/2020,abrdn Short Dur Gbl Infl Lnk P1 Inc,0.5335
12/24/2020,abrdn Short Dur Gbl Infl Lnk P1 Inc,0.5326
12/25/2020,abrdn Short Dur Gbl Infl Lnk P1 Inc,0.5326
12/26/2020,abrdn Short Dur Gbl Infl Lnk P1 Inc,0.5326
12/27/2020,abrdn Short Dur Gbl Infl Lnk P1 Inc,0.5326
12/28/2020,abrdn Short Dur Gbl Infl Lnk P1 Inc,0.5326
12/29/2020,abrdn Short Dur Gbl Infl Lnk P1 Inc,0.5332
12/30/2020,abrdn Short Dur Gbl Infl Lnk P1 Inc,0.5328
12/31/2020,abrdn Short Dur Gbl Infl Lnk P1 Inc,0.5333
01/01/2021,abrdn Short Dur Gbl Infl Lnk P1 Inc,0.5333
01/02/2021,abrdn Short Dur Gbl Infl Lnk P1 Inc,0.5333
01/03/2021,abrdn Short Dur Gbl Infl Lnk P1 Inc,0.5333
01/04/2021,abrdn Short Dur Gbl Infl Lnk P1 Inc,0.5341
01/05/2021,abrdn Short Dur Gbl Infl Lnk P1 Inc,0.5343
01/06/2021,abrdn Short Dur Gbl Infl Lnk P1 Inc,0.5338
01/07/2021,abrdn Short Dur Gbl Infl Lnk P1 Inc,0.5336
01/08/2021,abrdn Short Dur Gbl Infl Lnk P1 Inc,0.5335
01/09/2021,abrdn Short Dur Gbl Infl Lnk P1 Inc,0.5335
01/10/2021,abrdn Short Dur Gbl Infl Lnk P1 Inc,0.5335
01/11/2021,abrdn Short Dur Gbl Infl Lnk P1 Inc,0.5329
01/12/2021,abrdn Short Dur Gbl Infl Lnk P1 Inc,0.5322
01/13/2021,abrdn Short Dur Gbl Infl Lnk P1 Inc,0.5324
01/14/2021,abrdn Short Dur Gbl Infl Lnk P1 Inc,0.533
01/15/2021,abrdn Short Dur Gbl Infl Lnk P1 Inc,0.5332
01/16/2021,abrdn Short Dur Gbl Infl Lnk P1 Inc,0.5332
01/17/2021,abrdn Short Dur Gbl Infl Lnk P1 Inc,0.5332
01/18/2021,abrdn Short Dur Gbl Infl Lnk P1 Inc,0.5337
01/19/2021,abrdn Short Dur Gbl Infl Lnk P1 Inc,0.5338
01/20/2021,abrdn Short Dur Gbl Infl Lnk P1 Inc,0.5342
01/21/2021,abrdn Short Dur Gbl Infl Lnk P1 Inc,0.5342
01/22/2021,abrdn Short Dur Gbl Infl Lnk P1 Inc,0.5343
01/23/2021,abrdn Short Dur Gbl Infl Lnk P1 Inc,0.5343
01/24/2021,abrdn Short Dur Gbl Infl Lnk P1 Inc,0.5343
01/25/2021,abrdn Short Dur Gbl Infl Lnk P1 Inc,0.5343
01/26/2021,abrdn Short Dur Gbl Infl Lnk P1 Inc,0.535
01/27/2021,abrdn Short Dur Gbl Infl Lnk P1 Inc,0.5351
01/28/2021,abrdn Short Dur Gbl Infl Lnk P1 Inc,0.5352
01/29/2021,abrdn Short Dur Gbl Infl Lnk P1 Inc,0.5353
01/30/2021,abrdn Short Dur Gbl Infl Lnk P1 Inc,0.5353
01/31/2021,abrdn Short Dur Gbl Infl Lnk P1 Inc,0.5353
02/01/2021,abrdn Short Dur Gbl Infl Lnk P1 Inc,0.5345
02/02/2021,abrdn Short Dur Gbl Infl Lnk P1 Inc,0.5343
02/03/2021,abrdn Short Dur Gbl Infl Lnk P1 Inc,0.5345
02/04/2021,abrdn Short Dur Gbl Infl Lnk P1 Inc,0.535
02/05/2021,abrdn Short Dur Gbl Infl Lnk P1 Inc,0.5338
02/06/2021,abrdn Short Dur Gbl Infl Lnk P1 Inc,0.5338
02/07/2021,abrdn Short Dur Gbl Infl Lnk P1 Inc,0.5338
02/08/2021,abrdn Short Dur Gbl Infl Lnk P1 Inc,0.5339
02/09/2021,abrdn Short Dur Gbl Infl Lnk P1 Inc,0.5343
02/10/2021,abrdn Short Dur Gbl Infl Lnk P1 Inc,0.534
02/11/2021,abrdn Short Dur Gbl Infl Lnk P1 Inc,0.5345
02/12/2021,abrdn Short Dur Gbl Infl Lnk P1 Inc,0.5344
02/13/2021,abrdn Short Dur Gbl Infl Lnk P1 Inc,0.5344
02/14/2021,abrdn Short Dur Gbl Infl Lnk P1 Inc,0.5344
02/15/2021,abrdn Short Dur Gbl Infl Lnk P1 Inc,0.5338
02/16/2021,abrdn Short Dur Gbl Infl Lnk P1 Inc,0.5336
02/17/2021,abrdn Short Dur Gbl Infl Lnk P1 Inc,0.5326
02/18/2021,abrdn Short Dur Gbl Infl Lnk P1 Inc,0.532
02/19/2021,abrdn Short Dur Gbl Infl Lnk P1 Inc,0.5309
02/20/2021,abrdn Short Dur Gbl Infl Lnk P1 Inc,0.5309
02/21/2021,abrdn Short Dur Gbl Infl Lnk P1 Inc,0.5309
02/22/2021,abrdn Short Dur Gbl Infl Lnk P1 Inc,0.5296
02/23/2021,abrdn Short Dur Gbl Infl Lnk P1 Inc,0.5302
02/24/2021,abrdn Short Dur Gbl Infl Lnk P1 Inc,0.5307
02/25/2021,abrdn Short Dur Gbl Infl Lnk P1 Inc,0.5303
02/26/2021,abrdn Short Dur Gbl Infl Lnk P1 Inc,0.5273
02/27/2021,abrdn Short Dur Gbl Infl Lnk P1 Inc,0.5273
02/28/2021,abrdn Short Dur Gbl Infl Lnk P1 Inc,0.5273
03/01/2021,abrdn Short Dur Gbl Infl Lnk P1 Inc,0.5297
03/02/2021,abrdn Short Dur Gbl Infl Lnk P1 Inc,0.5302
03/03/2021,abrdn Short Dur Gbl Infl Lnk P1 Inc,0.5316
03/04/2021,abrdn Short Dur Gbl Infl Lnk P1 Inc,0.5308
03/05/2021,abrdn Short Dur Gbl Infl Lnk P1 Inc,0.5301
03/06/2021,abrdn Short Dur Gbl Infl Lnk P1 Inc,0.5301
03/07/2021,abrdn Short Dur Gbl Infl Lnk P1 Inc,0.5301
03/08/2021,abrdn Short Dur Gbl Infl Lnk P1 Inc,0.5304
03/09/2021,abrdn Short Dur Gbl Infl Lnk P1 Inc,0.5307
03/10/2021,abrdn Short Dur Gbl Infl Lnk P1 Inc,0.5309
03/11/2021,abrdn Short Dur Gbl Infl Lnk P1 Inc,0.5323
03/12/2021,abrdn Short Dur Gbl Infl Lnk P1 Inc,0.532
03/13/2021,abrdn Short Dur Gbl Infl Lnk P1 Inc,0.532
03/14/2021,abrdn Short Dur Gbl Infl Lnk P1 Inc,0.532
03/15/2021,abrdn Short Dur Gbl Infl Lnk P1 Inc,0.5311
03/16/2021,abrdn Short Dur Gbl Infl Lnk P1 Inc,0.5321
03/17/2021,abrdn Short Dur Gbl Infl Lnk P1 Inc,0.5321
03/18/2021,abrdn Short Dur Gbl Infl Lnk P1 Inc,0.5311
03/19/2021,abrdn Short Dur Gbl Infl Lnk P1 Inc,0.5305
03/20/2021,abrdn Short Dur Gbl Infl Lnk P1 Inc,0.5305
03/21/2021,abrdn Short Dur Gbl Infl Lnk P1 Inc,0.5305
03/22/2021,abrdn Short Dur Gbl Infl Lnk P1 Inc,0.5305
03/23/2021,abrdn Short Dur Gbl Infl Lnk P1 Inc,0.5314
03/24/2021,abrdn Short Dur Gbl Infl Lnk P1 Inc,0.532
03/25/2021,abrdn Short Dur Gbl Infl Lnk P1 Inc,0.533
03/26/2021,abrdn Short Dur Gbl Infl Lnk P1 Inc,0.5327
03/27/2021,abrdn Short Dur Gbl Infl Lnk P1 Inc,0.5327
03/28/2021,abrdn Short Dur Gbl Infl Lnk P1 Inc,0.5327
03/29/2021,abrdn Short Dur Gbl Infl Lnk P1 Inc,0.5331
03/30/2021,abrdn Short Dur Gbl Infl Lnk P1 Inc,0.5318
03/31/2021,abrdn Short Dur Gbl Infl Lnk P1 Inc,0.5316
04/01/2021,abrdn Short Dur Gbl Infl Lnk P1 Inc,0.5318
04/02/2021,abrdn Short Dur Gbl Infl Lnk P1 Inc,0.5318
04/03/2021,abrdn Short Dur Gbl Infl Lnk P1 Inc,0.5318
04/04/2021,abrdn Short Dur Gbl Infl Lnk P1 Inc,0.5318
04/05/2021,abrdn Short Dur Gbl Infl Lnk P1 Inc,0.5318
04/06/2021,abrdn Short Dur Gbl Infl Lnk P1 Inc,0.5322
04/07/2021,abrdn Short Dur Gbl Infl Lnk P1 Inc,0.5326
04/08/2021,abrdn Short Dur Gbl Infl Lnk P1 Inc,0.5329
04/09/2021,abrdn Short Dur Gbl Infl Lnk P1 Inc,0.533
04/10/2021,abrdn Short Dur Gbl Infl Lnk P1 Inc,0.533
04/11/2021,abrdn Short Dur Gbl Infl Lnk P1 Inc,0.533
04/12/2021,abrdn Short Dur Gbl Infl Lnk P1 Inc,0.5325
04/13/2021,abrdn Short Dur Gbl Infl Lnk P1 Inc,0.5328
04/14/2021,abrdn Short Dur Gbl Infl Lnk P1 Inc,0.5333
04/15/2021,abrdn Short Dur Gbl Infl Lnk P1 Inc,0.5329
04/16/2021,abrdn Short Dur Gbl Infl Lnk P1 Inc,0.5334
04/17/2021,abrdn Short Dur Gbl Infl Lnk P1 Inc,0.5334
04/18/2021,abrdn Short Dur Gbl Infl Lnk P1 Inc,0.5334
04/19/2021,abrdn Short Dur Gbl Infl Lnk P1 Inc,0.5336
04/20/2021,abrdn Short Dur Gbl Infl Lnk P1 Inc,0.5333
04/21/2021,abrdn Short Dur Gbl Infl Lnk P1 Inc,0.5334
04/22/2021,abrdn Short Dur Gbl Infl Lnk P1 Inc,0.5335
04/23/2021,abrdn Short Dur Gbl Infl Lnk P1 Inc,0.5337
04/24/2021,abrdn Short Dur Gbl Infl Lnk P1 Inc,0.5337
04/25/2021,abrdn Short Dur Gbl Infl Lnk P1 Inc,0.5337
04/26/2021,abrdn Short Dur Gbl Infl Lnk P1 Inc,0.5333
04/27/2021,abrdn Short Dur Gbl Infl Lnk P1 Inc,0.5333
04/28/2021,abrdn Short Dur Gbl Infl Lnk P1 Inc,0.5332
04/29/2021,abrdn Short Dur Gbl Infl Lnk P1 Inc,0.5337
04/30/2021,abrdn Short Dur Gbl Infl Lnk P1 Inc,0.5339
05/01/2021,abrdn Short Dur Gbl Infl Lnk P1 Inc,0.5339
05/02/2021,abrdn Short Dur Gbl Infl Lnk P1 Inc,0.5339
05/03/2021,abrdn Short Dur Gbl Infl Lnk P1 Inc,0.5339
05/04/2021,abrdn Short Dur Gbl Infl Lnk P1 Inc,0.5336
05/05/2021,abrdn Short Dur Gbl Infl Lnk P1 Inc,0.5345
05/06/2021,abrdn Short Dur Gbl Infl Lnk P1 Inc,0.5357
05/07/2021,abrdn Short Dur Gbl Infl Lnk P1 Inc,0.5357
05/08/2021,abrdn Short Dur Gbl Infl Lnk P1 Inc,0.5357
05/09/2021,abrdn Short Dur Gbl Infl Lnk P1 Inc,0.5357
05/10/2021,abrdn Short Dur Gbl Infl Lnk P1 Inc,0.5365
05/11/2021,abrdn Short Dur Gbl Infl Lnk P1 Inc,0.5368
05/12/2021,abrdn Short Dur Gbl Infl Lnk P1 Inc,0.5364
05/13/2021,abrdn Short Dur Gbl Infl Lnk P1 Inc,0.5356
05/14/2021,abrdn Short Dur Gbl Infl Lnk P1 Inc,0.5358
05/15/2021,abrdn Short Dur Gbl Infl Lnk P1 Inc,0.5358
05/16/2021,abrdn Short Dur Gbl Infl Lnk P1 Inc,0.5358
05/17/2021,abrdn Short Dur Gbl Infl Lnk P1 Inc,0.5362
05/18/2021,abrdn Short Dur Gbl Infl Lnk P1 Inc,0.537
05/19/2021,abrdn Short Dur Gbl Infl Lnk P1 Inc,0.537
05/20/2021,abrdn Short Dur Gbl Infl Lnk P1 Inc,0.5356
05/21/2021,abrdn Short Dur Gbl Infl Lnk P1 Inc,0.5358
05/22/2021,abrdn Short Dur Gbl Infl Lnk P1 Inc,0.5358
05/23/2021,abrdn Short Dur Gbl Infl Lnk P1 Inc,0.5358
05/24/2021,abrdn Short Dur Gbl Infl Lnk P1 Inc,0.5366
05/25/2021,abrdn Short Dur Gbl Infl Lnk P1 Inc,0.5372
05/26/2021,abrdn Short Dur Gbl Infl Lnk P1 Inc,0.5381
05/27/2021,abrdn Short Dur Gbl Infl Lnk P1 Inc,0.5374
05/28/2021,abrdn Short Dur Gbl Infl Lnk P1 Inc,0.5372
05/29/2021,abrdn Short Dur Gbl Infl Lnk P1 Inc,0.5372
05/30/2021,abrdn Short Dur Gbl Infl Lnk P1 Inc,0.5372
05/31/2021,abrdn Short Dur Gbl Infl Lnk P1 Inc,0.5372
06/01/2021,abrdn Short Dur Gbl Infl Lnk P1 Inc,0.5376
06/02/2021,abrdn Short Dur Gbl Infl Lnk P1 Inc,0.5381
06/03/2021,abrdn Short Dur Gbl Infl Lnk P1 Inc,0.5381
06/04/2021,abrdn Short Dur Gbl Infl Lnk P1 Inc,0.5376
06/05/2021,abrdn Short Dur Gbl Infl Lnk P1 Inc,0.5376
06/06/2021,abrdn Short Dur Gbl Infl Lnk P1 Inc,0.5376
06/07/2021,abrdn Short Dur Gbl Infl Lnk P1 Inc,0.5386
06/08/2021,abrdn Short Dur Gbl Infl Lnk P1 Inc,0.5385
06/09/2021,abrdn Short Dur Gbl Infl Lnk P1 Inc,0.5385
06/10/2021,abrdn Short Dur Gbl Infl Lnk P1 Inc,0.538
06/11/2021,abrdn Short Dur Gbl Infl Lnk P1 Inc,0.5394
06/12/2021,abrdn Short Dur Gbl Infl Lnk P1 Inc,0.5394
06/13/2021,abrdn Short Dur Gbl Infl Lnk P1 Inc,0.5394
06/14/2021,abrdn Short Dur Gbl Infl Lnk P1 Inc,0.539
06/15/2021,abrdn Short Dur Gbl Infl Lnk P1 Inc,0.5388
06/16/2021,abrdn Short Dur Gbl Infl Lnk P1 Inc,0.539
06/17/2021,abrdn Short Dur Gbl Infl Lnk P1 Inc,0.536
06/18/2021,abrdn Short Dur Gbl Infl Lnk P1 Inc,0.5361
06/19/2021,abrdn Short Dur Gbl Infl Lnk P1 Inc,0.5361
06/20/2021,abrdn Short Dur Gbl Infl Lnk P1 Inc,0.5361
06/21/2021,abrdn Short Dur Gbl Infl Lnk P1 Inc,0.5356
06/22/2021,abrdn Short Dur Gbl Infl Lnk P1 Inc,0.5359
06/23/2021,abrdn Short Dur Gbl Infl Lnk P1 Inc,0.5363
06/24/2021,abrdn Short Dur Gbl Infl Lnk P1 Inc,0.5366
06/25/2021,abrdn Short Dur Gbl Infl Lnk P1 Inc,0.5364
06/26/2021,abrdn Short Dur Gbl Infl Lnk P1 Inc,0.5364
06/27/2021,abrdn Short Dur Gbl Infl Lnk P1 Inc,0.5364
06/28/2021,abrdn Short Dur Gbl Infl Lnk P1 Inc,0.5367
06/29/2021,abrdn Short Dur Gbl Infl Lnk P1 Inc,0.5372
06/30/2021,abrdn Short Dur Gbl Infl Lnk P1 Inc,0.5377
07/01/2021,abrdn Short Dur Gbl Infl Lnk P1 Inc,0.5377
07/02/2021,abrdn Short Dur Gbl Infl Lnk P1 Inc,0.5386
07/03/2021,abrdn Short Dur Gbl Infl Lnk P1 Inc,0.5386
07/04/2021,abrdn Short Dur Gbl Infl Lnk P1 Inc,0.5386
07/05/2021,abrdn Short Dur Gbl Infl Lnk P1 Inc,0.539
07/06/2021,abrdn Short Dur Gbl Infl Lnk P1 Inc,0.5394
07/07/2021,abrdn Short Dur Gbl Infl Lnk P1 Inc,0.5404
07/08/2021,abrdn Short Dur Gbl Infl Lnk P1 Inc,0.5403
07/09/2021,abrdn Short Dur Gbl Infl Lnk P1 Inc,0.5395
07/10/2021,abrdn Short Dur Gbl Infl Lnk P1 Inc,0.5395
07/11/2021,abrdn Short Dur Gbl Infl Lnk P1 Inc,0.5395
07/12/2021,abrdn Short Dur Gbl Infl Lnk P1 Inc,0.5401
07/13/2021,abrdn Short Dur Gbl Infl Lnk P1 Inc,0.5406
07/14/2021,abrdn Short Dur Gbl Infl Lnk P1 Inc,0.5414
07/15/2021,abrdn Short Dur Gbl Infl Lnk P1 Inc,0.5418
07/16/2021,abrdn Short Dur Gbl Infl Lnk P1 Inc,0.5423
07/17/2021,abrdn Short Dur Gbl Infl Lnk P1 Inc,0.5423
07/18/2021,abrdn Short Dur Gbl Infl Lnk P1 Inc,0.5423
07/19/2021,abrdn Short Dur Gbl Infl Lnk P1 Inc,0.5427
07/20/2021,abrdn Short Dur Gbl Infl Lnk P1 Inc,0.5432
07/21/2021,abrdn Short Dur Gbl Infl Lnk P1 Inc,0.5425
07/22/2021,abrdn Short Dur Gbl Infl Lnk P1 Inc,0.5425
07/23/2021,abrdn Short Dur Gbl Infl Lnk P1 Inc,0.5431
07/24/2021,abrdn Short Dur Gbl Infl Lnk P1 Inc,0.5431
07/25/2021,abrdn Short Dur Gbl Infl Lnk P1 Inc,0.5431
07/26/2021,abrdn Short Dur Gbl Infl Lnk P1 Inc,0.5447
07/27/2021,abrdn Short Dur Gbl Infl Lnk P1 Inc,0.5457
07/28/2021,abrdn Short Dur Gbl Infl Lnk P1 Inc,0.5458
07/29/2021,abrdn Short Dur Gbl Infl Lnk P1 Inc,0.5469
07/30/2021,abrdn Short Dur Gbl Infl Lnk P1 Inc,0.5471
07/31/2021,abrdn Short Dur Gbl Infl Lnk P1 Inc,0.5471
08/01/2021,abrdn Short Dur Gbl Infl Lnk P1 Inc,0.5471
08/02/2021,abrdn Short Dur Gbl Infl Lnk P1 Inc,0.546
08/03/2021,abrdn Short Dur Gbl Infl Lnk P1 Inc,0.5461
08/04/2021,abrdn Short Dur Gbl Infl Lnk P1 Inc,0.5466
08/05/2021,abrdn Short Dur Gbl Infl Lnk P1 Inc,0.5461
08/06/2021,abrdn Short Dur Gbl Infl Lnk P1 Inc,0.5452
08/07/2021,abrdn Short Dur Gbl Infl Lnk P1 Inc,0.5452
08/08/2021,abrdn Short Dur Gbl Infl Lnk P1 Inc,0.5452
08/09/2021,abrdn Short Dur Gbl Infl Lnk P1 Inc,0.5444
08/10/2021,abrdn Short Dur Gbl Infl Lnk P1 Inc,0.5449
08/11/2021,abrdn Short Dur Gbl Infl Lnk P1 Inc,0.5449
08/12/2021,abrdn Short Dur Gbl Infl Lnk P1 Inc,0.5454
08/13/2021,abrdn Short Dur Gbl Infl Lnk P1 Inc,0.5451
08/14/2021,abrdn Short Dur Gbl Infl Lnk P1 Inc,0.5451
08/15/2021,abrdn Short Dur Gbl Infl Lnk P1 Inc,0.5451
08/16/2021,abrdn Short Dur Gbl Infl Lnk P1 Inc,0.5458
08/17/2021,abrdn Short Dur Gbl Infl Lnk P1 Inc,0.546
08/18/2021,abrdn Short Dur Gbl Infl Lnk P1 Inc,0.5454
08/19/2021,abrdn Short Dur Gbl Infl Lnk P1 Inc,0.5453
08/20/2021,abrdn Short Dur Gbl Infl Lnk P1 Inc,0.5449
08/21/2021,abrdn Short Dur Gbl Infl Lnk P1 Inc,0.5449
08/22/2021,abrdn Short Dur Gbl Infl Lnk P1 Inc,0.5449
08/23/2021,abrdn Short Dur Gbl Infl Lnk P1 Inc,0.5442
08/24/2021,abrdn Short Dur Gbl Infl Lnk P1 Inc,0.5451
08/25/2021,abrdn Short Dur Gbl Infl Lnk P1 Inc,0.5454
08/26/2021,abrdn Short Dur Gbl Infl Lnk P1 Inc,0.5453
08/27/2021,abrdn Short Dur Gbl Infl Lnk P1 Inc,0.5449
08/28/2021,abrdn Short Dur Gbl Infl Lnk P1 Inc,0.5449
08/29/2021,abrdn Short Dur Gbl Infl Lnk P1 Inc,0.5449
08/30/2021,abrdn Short Dur Gbl Infl Lnk P1 Inc,0.5449
08/31/2021,abrdn Short Dur Gbl Infl Lnk P1 Inc,0.547
09/01/2021,abrdn Short Dur Gbl Infl Lnk P1 Inc,0.5457
09/02/2021,abrdn Short Dur Gbl Infl Lnk P1 Inc,0.5466
09/03/2021,abrdn Short Dur Gbl Infl Lnk P1 Inc,0.5468
09/04/2021,abrdn Short Dur Gbl Infl Lnk P1 Inc,0.5468
09/05/2021,abrdn Short Dur Gbl Infl Lnk P1 Inc,0.5468
09/06/2021,abrdn Short Dur Gbl Infl Lnk P1 Inc,0.5467
09/07/2021,abrdn Short Dur Gbl Infl Lnk P1 Inc,0.5473
09/08/2021,abrdn Short Dur Gbl Infl Lnk P1 Inc,0.5472
09/09/2021,abrdn Short Dur Gbl Infl Lnk P1 Inc,0.5475
09/10/2021,abrdn Short Dur Gbl Infl Lnk P1 Inc,0.5485
09/11/2021,abrdn Short Dur Gbl Infl Lnk P1 Inc,0.5485
09/12/2021,abrdn Short Dur Gbl Infl Lnk P1 Inc,0.5485
09/13/2021,abrdn Short Dur Gbl Infl Lnk P1 Inc,0.5487
09/14/2021,abrdn Short Dur Gbl Infl Lnk P1 Inc,0.5485
09/15/2021,abrdn Short Dur Gbl Infl Lnk P1 Inc,0.5487
09/16/2021,abrdn Short Dur Gbl Infl Lnk P1 Inc,0.5489
09/17/2021,abrdn Short Dur Gbl Infl Lnk P1 Inc,0.5484
09/18/2021,abrdn Short Dur Gbl Infl Lnk P1 Inc,0.5484
09/19/2021,abrdn Short Dur Gbl Infl Lnk P1 Inc,0.5484
09/20/2021,abrdn Short Dur Gbl Infl Lnk P1 Inc,0.5477
09/21/2021,abrdn Short Dur Gbl Infl Lnk P1 Inc,0.5478
09/22/2021,abrdn Short Dur Gbl Infl Lnk P1 Inc,0.5476
09/23/2021,abrdn Short Dur Gbl Infl Lnk P1 Inc,0.547
09/24/2021,abrdn Short Dur Gbl Infl Lnk P1 Inc,0.5453
09/25/2021,abrdn Short Dur Gbl Infl Lnk P1 Inc,0.5453
09/26/2021,abrdn Short Dur Gbl Infl Lnk P1 Inc,0.5453
09/27/2021,abrdn Short Dur Gbl Infl Lnk P1 Inc,0.5459
09/28/2021,abrdn Short Dur Gbl Infl Lnk P1 Inc,0.5468
09/29/2021,abrdn Short Dur Gbl Infl Lnk P1 Inc,0.5462
09/30/2021,abrdn Short Dur Gbl Infl Lnk P1 Inc,0.5455
10/01/2021,abrdn Short Dur Gbl Infl Lnk P1 Inc,0.5457
10/02/2021,abrdn Short Dur Gbl Infl Lnk P1 Inc,0.5457
10/03/2021,abrdn Short Dur Gbl Infl Lnk P1 Inc,0.5457
10/04/2021,abrdn Short Dur Gbl Infl Lnk P1 Inc,0.5465
10/05/2021,abrdn Short Dur Gbl Infl Lnk P1 Inc,0.5475
10/06/2021,abrdn Short Dur Gbl Infl Lnk P1 Inc,0.548
10/07/2021,abrdn Short Dur Gbl Infl Lnk P1 Inc,0.547
10/08/2021,abrdn Short Dur Gbl Infl Lnk P1 Inc,0.5465
10/09/2021,abrdn Short Dur Gbl Infl Lnk P1 Inc,0.5465
10/10/2021,abrdn Short Dur Gbl Infl Lnk P1 Inc,0.5465
10/11/2021,abrdn Short Dur Gbl Infl Lnk P1 Inc,0.5455
10/12/2021,abrdn Short Dur Gbl Infl Lnk P1 Inc,0.5459
10/13/2021,abrdn Short Dur Gbl Infl Lnk P1 Inc,0.547
10/14/2021,abrdn Short Dur Gbl Infl Lnk P1 Inc,0.5477
10/15/2021,abrdn Short Dur Gbl Infl Lnk P1 Inc,0.5485
10/16/2021,abrdn Short Dur Gbl Infl Lnk P1 Inc,0.5485
10/17/2021,abrdn Short Dur Gbl Infl Lnk P1 Inc,0.5485
10/18/2021,abrdn Short Dur Gbl Infl Lnk P1 Inc,0.5472
10/19/2021,abrdn Short Dur Gbl Infl Lnk P1 Inc,0.5468
10/20/2021,abrdn Short Dur Gbl Infl Lnk P1 Inc,0.5469
10/21/2021,abrdn Short Dur Gbl Infl Lnk P1 Inc,0.5478
10/22/2021,abrdn Short Dur Gbl Infl Lnk P1 Inc,0.5492
10/23/2021,abrdn Short Dur Gbl Infl Lnk P1 Inc,0.5492
10/24/2021,abrdn Short Dur Gbl Infl Lnk P1 Inc,0.5492
10/25/2021,abrdn Short Dur Gbl Infl Lnk P1 Inc,0.5504
10/26/2021,abrdn Short Dur Gbl Infl Lnk P1 Inc,0.5513
10/27/2021,abrdn Short Dur Gbl Infl Lnk P1 Inc,0.5518
10/28/2021,abrdn Short Dur Gbl Infl Lnk P1 Inc,0.5513
10/29/2021,abrdn Short Dur Gbl Infl Lnk P1 Inc,0.5481
10/30/2021,abrdn Short Dur Gbl Infl Lnk P1 Inc,0.5481
10/31/2021,abrdn Short Dur Gbl Infl Lnk P1 Inc,0.5481
11/01/2021,abrdn Short Dur Gbl Infl Lnk P1 Inc,0.5461
11/02/2021,abrdn Short Dur Gbl Infl Lnk P1 Inc,0.5452
11/03/2021,abrdn Short Dur Gbl Infl Lnk P1 Inc,0.5457
11/04/2021,abrdn Short Dur Gbl Infl Lnk P1 Inc,0.5453
11/05/2021,abrdn Short Dur Gbl Infl Lnk P1 Inc,0.5485
11/06/2021,abrdn Short Dur Gbl Infl Lnk P1 Inc,0.5485
11/07/2021,abrdn Short Dur Gbl Infl Lnk P1 Inc,0.5485
11/08/2021,abrdn Short Dur Gbl Infl Lnk P1 Inc,0.5497
11/09/2021,abrdn Short Dur Gbl Infl Lnk P1 Inc,0.551
11/10/2021,abrdn Short Dur Gbl Infl Lnk P1 Inc,0.5513
11/11/2021,abrdn Short Dur Gbl Infl Lnk P1 Inc,0.5509
11/12/2021,abrdn Short Dur Gbl Infl Lnk P1 Inc,0.5506
11/13/2021,abrdn Short Dur Gbl Infl Lnk P1 Inc,0.5506
11/14/2021,abrdn Short Dur Gbl Infl Lnk P1 Inc,0.5506
11/15/2021,abrdn Short Dur Gbl Infl Lnk P1 Inc,0.5511
11/16/2021,abrdn Short Dur Gbl Infl Lnk P1 Inc,0.5517
11/17/2021,abrdn Short Dur Gbl Infl Lnk P1 Inc,0.5518
11/18/2021,abrdn Short Dur Gbl Infl Lnk P1 Inc,0.5526
11/19/2021,abrdn Short Dur Gbl Infl Lnk P1 Inc,0.5528
11/20/2021,abrdn Short Dur Gbl Infl Lnk P1 Inc,0.5528
11/21/2021,abrdn Short Dur Gbl Infl Lnk P1 Inc,0.5528
11/22/2021,abrdn Short Dur Gbl Infl Lnk P1 Inc,0.5512
11/23/2021,abrdn Short Dur Gbl Infl Lnk P1 Inc,0.5489
11/24/2021,abrdn Short Dur Gbl Infl Lnk P1 Inc,0.5488
11/25/2021,abrdn Short Dur Gbl Infl Lnk P1 Inc,0.5495
11/26/2021,abrdn Short Dur Gbl Infl Lnk P1 Inc,0.5515
11/27/2021,abrdn Short Dur Gbl Infl Lnk P1 Inc,0.5515
11/28/2021,abrdn Short Dur Gbl Infl Lnk P1 Inc,0.5515
11/29/2021,abrdn Short Dur Gbl Infl Lnk P1 Inc,0.5511
11/30/2021,abrdn Short Dur Gbl Infl Lnk P1 Inc,0.5517
12/01/2021,abrdn Short Dur Gbl Infl Lnk P1 Inc,0.5502
12/02/2021,abrdn Short Dur Gbl Infl Lnk P1 Inc,0.5504
12/03/2021,abrdn Short Dur Gbl Infl Lnk P1 Inc,0.5505
12/04/2021,abrdn Short Dur Gbl Infl Lnk P1 Inc,0.5505
12/05/2021,abrdn Short Dur Gbl Infl Lnk P1 Inc,0.5505
12/06/2021,abrdn Short Dur Gbl Infl Lnk P1 Inc,0.5519
12/07/2021,abrdn Short Dur Gbl Infl Lnk P1 Inc,0.5514
12/08/2021,abrdn Short Dur Gbl Infl Lnk P1 Inc,0.5527
12/09/2021,abrdn Short Dur Gbl Infl Lnk P1 Inc,0.5528
12/10/2021,abrdn Short Dur Gbl Infl Lnk P1 Inc,0.5521
12/11/2021,abrdn Short Dur Gbl Infl Lnk P1 Inc,0.5521
12/12/2021,abrdn Short Dur Gbl Infl Lnk P1 Inc,0.5521
12/13/2021,abrdn Short Dur Gbl Infl Lnk P1 Inc,0.5526
12/14/2021,abrdn Short Dur Gbl Infl Lnk P1 Inc,0.5522
12/15/2021,abrdn Short Dur Gbl Infl Lnk P1 Inc,0.5501
12/16/2021,abrdn Short Dur Gbl Infl Lnk P1 Inc,0.5514
12/17/2021,abrdn Short Dur Gbl Infl Lnk P1 Inc,0.5501
12/18/2021,abrdn Short Dur Gbl Infl Lnk P1 Inc,0.5501
12/19/2021,abrdn Short Dur Gbl Infl Lnk P1 Inc,0.5501
12/20/2021,abrdn Short Dur Gbl Infl Lnk P1 Inc,0.5504
12/21/2021,abrdn Short Dur Gbl Infl Lnk P1 Inc,0.5503
12/22/2021,abrdn Short Dur Gbl Infl Lnk P1 Inc,0.5498
12/23/2021,abrdn Short Dur Gbl Infl Lnk P1 Inc,0.5501
12/24/2021,abrdn Short Dur Gbl Infl Lnk P1 Inc,0.5492
12/25/2021,abrdn Short Dur Gbl Infl Lnk P1 Inc,0.5492
12/26/2021,abrdn Short Dur Gbl Infl Lnk P1 Inc,0.5492
12/27/2021,abrdn Short Dur Gbl Infl Lnk P1 Inc,0.5492
12/28/2021,abrdn Short Dur Gbl Infl Lnk P1 Inc,0.5492
12/29/2021,abrdn Short Dur Gbl Infl Lnk P1 Inc,0.5496
12/30/2021,abrdn Short Dur Gbl Infl Lnk P1 Inc,0.5496
12/31/2021,abrdn Short Dur Gbl Infl Lnk P1 Inc,0.5498
01/01/2022,abrdn Short Dur Gbl Infl Lnk P1 Inc,0.5498
01/02/2022,abrdn Short Dur Gbl Infl Lnk P1 Inc,0.5498
01/03/2022,abrdn Short Dur Gbl Infl Lnk P1 Inc,0.5498
01/04/2022,abrdn Short Dur Gbl Infl Lnk P1 Inc,0.5493
01/05/2022,abrdn Short Dur Gbl Infl Lnk P1 Inc,0.5486
01/06/2022,abrdn Short Dur Gbl Infl Lnk P1 Inc,0.5462
01/07/2022,abrdn Short Dur Gbl Infl Lnk P1 Inc,0.5452
01/08/2022,abrdn Short Dur Gbl Infl Lnk P1 Inc,0.5452
01/09/2022,abrdn Short Dur Gbl Infl Lnk P1 Inc,0.5452
01/10/2022,abrdn Short Dur Gbl Infl Lnk P1 Inc,0.5452
01/11/2022,abrdn Short Dur Gbl Infl Lnk P1 Inc,0.5452
01/12/2022,abrdn Short Dur Gbl Infl Lnk P1 Inc,0.547
01/13/2022,abrdn Short Dur Gbl Infl Lnk P1 Inc,0.5457
01/14/2022,abrdn Short Dur Gbl Infl Lnk P1 Inc,0.5459
01/15/2022,abrdn Short Dur Gbl Infl Lnk P1 Inc,0.5459
01/16/2022,abrdn Short Dur Gbl Infl Lnk P1 Inc,0.5459
01/17/2022,abrdn Short Dur Gbl Infl Lnk P1 Inc,0.5453
01/18/2022,abrdn Short Dur Gbl Infl Lnk P1 Inc,0.5451
01/19/2022,abrdn Short Dur Gbl Infl Lnk P1 Inc,0.5438
01/20/2022,abrdn Short Dur Gbl Infl Lnk P1 Inc,0.5435
01/21/2022,abrdn Short Dur Gbl Infl Lnk P1 Inc,0.5438
01/22/2022,abrdn Short Dur Gbl Infl Lnk P1 Inc,0.5438
01/23/2022,abrdn Short Dur Gbl Infl Lnk P1 Inc,0.5438
01/24/2022,abrdn Short Dur Gbl Infl Lnk P1 Inc,0.5453
01/25/2022,abrdn Short Dur Gbl Infl Lnk P1 Inc,0.5466
01/26/2022,abrdn Short Dur Gbl Infl Lnk P1 Inc,0.5464
01/27/2022,abrdn Short Dur Gbl Infl Lnk P1 Inc,0.5445
01/28/2022,abrdn Short Dur Gbl Infl Lnk P1 Inc,0.5452
01/29/2022,abrdn Short Dur Gbl Infl Lnk P1 Inc,0.5452
01/30/2022,abrdn Short Dur Gbl Infl Lnk P1 Inc,0.5452
01/31/2022,abrdn Short Dur Gbl Infl Lnk P1 Inc,0.5468
02/01/2022,abrdn Short Dur Gbl Infl Lnk P1 Inc,0.5443
02/02/2022,abrdn Short Dur Gbl Infl Lnk P1 Inc,0.5431
02/03/2022,abrdn Short Dur Gbl Infl Lnk P1 Inc,0.5433
02/04/2022,abrdn Short Dur Gbl Infl Lnk P1 Inc,0.5401
02/05/2022,abrdn Short Dur Gbl Infl Lnk P1 Inc,0.5401
02/06/2022,abrdn Short Dur Gbl Infl Lnk P1 Inc,0.5401
02/07/2022,abrdn Short Dur Gbl Infl Lnk P1 Inc,0.538
02/08/2022,abrdn Short Dur Gbl Infl Lnk P1 Inc,0.5376
02/09/2022,abrdn Short Dur Gbl Infl Lnk P1 Inc,0.5376
02/10/2022,abrdn Short Dur Gbl Infl Lnk P1 Inc,0.5381
02/11/2022,abrdn Short Dur Gbl Infl Lnk P1 Inc,0.5365
02/12/2022,abrdn Short Dur Gbl Infl Lnk P1 Inc,0.5365
02/13/2022,abrdn Short Dur Gbl Infl Lnk P1 Inc,0.5365
02/14/2022,abrdn Short Dur Gbl Infl Lnk P1 Inc,0.539
02/15/2022,abrdn Short Dur Gbl Infl Lnk P1 Inc,0.5381
02/16/2022,abrdn Short Dur Gbl Infl Lnk P1 Inc,0.537
02/17/2022,abrdn Short Dur Gbl Infl Lnk P1 Inc,0.5383
02/18/2022,abrdn Short Dur Gbl Infl Lnk P1 Inc,0.5401
02/19/2022,abrdn Short Dur Gbl Infl Lnk P1 Inc,0.5401
02/20/2022,abrdn Short Dur Gbl Infl Lnk P1 Inc,0.5401
02/21/2022,abrdn Short Dur Gbl Infl Lnk P1 Inc,0.5415
02/22/2022,abrdn Short Dur Gbl Infl Lnk P1 Inc,0.542
02/23/2022,abrdn Short Dur Gbl Infl Lnk P1 Inc,0.5421
02/24/2022,abrdn Short Dur Gbl Infl Lnk P1 Inc,0.5484
02/25/2022,abrdn Short Dur Gbl Infl Lnk P1 Inc,0.5475
02/26/2022,abrdn Short Dur Gbl Infl Lnk P1 Inc,0.5475
02/27/2022,abrdn Short Dur Gbl Infl Lnk P1 Inc,0.5475
02/28/2022,abrdn Short Dur Gbl Infl Lnk P1 Inc,0.5479
03/01/2022,abrdn Short Dur Gbl Infl Lnk P1 Inc,0.5544
03/02/2022,abrdn Short Dur Gbl Infl Lnk P1 Inc,0.5604
03/03/2022,abrdn Short Dur Gbl Infl Lnk P1 Inc,0.5568
03/04/2022,abrdn Short Dur Gbl Infl Lnk P1 Inc,0.5568
03/05/2022,abrdn Short Dur Gbl Infl Lnk P1 Inc,0.5568
03/06/2022,abrdn Short Dur Gbl Infl Lnk P1 Inc,0.5568
03/07/2022,abrdn Short Dur Gbl Infl Lnk P1 Inc,0.5613
03/08/2022,abrdn Short Dur Gbl Infl Lnk P1 Inc,0.5613
03/09/2022,abrdn Short Dur Gbl Infl Lnk P1 Inc,0.561
03/10/2022,abrdn Short Dur Gbl Infl Lnk P1 Inc,0.5562
03/11/2022,abrdn Short Dur Gbl Infl Lnk P1 Inc,0.5551
03/12/2022,abrdn Short Dur Gbl Infl Lnk P1 Inc,0.5551
03/13/2022,abrdn Short Dur Gbl Infl Lnk P1 Inc,0.5551
03/14/2022,abrdn Short Dur Gbl Infl Lnk P1 Inc,0.5547
03/15/2022,abrdn Short Dur Gbl Infl Lnk P1 Inc,0.5529
03/16/2022,abrdn Short Dur Gbl Infl Lnk P1 Inc,0.5506
03/17/2022,abrdn Short Dur Gbl Infl Lnk P1 Inc,0.5482
03/18/2022,abrdn Short Dur Gbl Infl Lnk P1 Inc,0.553
03/19/2022,abrdn Short Dur Gbl Infl Lnk P1 Inc,0.553
03/20/2022,abrdn Short Dur Gbl Infl Lnk P1 Inc,0.553
03/21/2022,abrdn Short Dur Gbl Infl Lnk P1 Inc,0.551
03/22/2022,abrdn Short Dur Gbl Infl Lnk P1 Inc,0.5484
03/23/2022,abrdn Short Dur Gbl Infl Lnk P1 Inc,0.5479
03/24/2022,abrdn Short Dur Gbl Infl Lnk P1 Inc,0.5494
03/25/2022,abrdn Short Dur Gbl Infl Lnk P1 Inc,0.5494
03/26/2022,abrdn Short Dur Gbl Infl Lnk P1 Inc,0.5494
03/27/2022,abrdn Short Dur Gbl Infl Lnk P1 Inc,0.5494
03/28/2022,abrdn Short Dur Gbl Infl Lnk P1 Inc,0.5469
03/29/2022,abrdn Short Dur Gbl Infl Lnk P1 Inc,0.5459
03/30/2022,abrdn Short Dur Gbl Infl Lnk P1 Inc,0.5456
03/31/2022,abrdn Short Dur Gbl Infl Lnk P1 Inc,0.5478
04/01/2022,abrdn Short Dur Gbl Infl Lnk P1 Inc,0.5458
04/02/2022,abrdn Short Dur Gbl Infl Lnk P1 Inc,0.5458
04/03/2022,abrdn Short Dur Gbl Infl Lnk P1 Inc,0.5458
04/04/2022,abrdn Short Dur Gbl Infl Lnk P1 Inc,0.5461
04/05/2022,abrdn Short Dur Gbl Infl Lnk P1 Inc,0.5444
04/06/2022,abrdn Short Dur Gbl Infl Lnk P1 Inc,0.5434
04/07/2022,abrdn Short Dur Gbl Infl Lnk P1 Inc,0.5448
04/08/2022,abrdn Short Dur Gbl Infl Lnk P1 Inc,0.5438
04/09/2022,abrdn Short Dur Gbl Infl Lnk P1 Inc,0.5438
04/10/2022,abrdn Short Dur Gbl Infl Lnk P1 Inc,0.5438
04/11/2022,abrdn Short Dur Gbl Infl Lnk P1 Inc,0.5427
04/12/2022,abrdn Short Dur Gbl Infl Lnk P1 Inc,0.5431
04/13/2022,abrdn Short Dur Gbl Infl Lnk P1 Inc,0.5439
04/14/2022,abrdn Short Dur Gbl Infl Lnk P1 Inc,0.5438
04/15/2022,abrdn Short Dur Gbl Infl Lnk P1 Inc,0.5438
04/16/2022,abrdn Short Dur Gbl Infl Lnk P1 Inc,0.5438
04/17/2022,abrdn Short Dur Gbl Infl Lnk P1 Inc,0.5438
04/18/2022,abrdn Short Dur Gbl Infl Lnk P1 Inc,0.5438
04/19/2022,abrdn Short Dur Gbl Infl Lnk P1 Inc,0.5429
04/20/2022,abrdn Short Dur Gbl Infl Lnk P1 Inc,0.5436
04/21/2022,abrdn Short Dur Gbl Infl Lnk P1 Inc,0.5429
04/22/2022,abrdn Short Dur Gbl Infl Lnk P1 Inc,0.5427
04/23/2022,abrdn Short Dur Gbl Infl Lnk P1 Inc,0.5427
04/24/2022,abrdn Short Dur Gbl Infl Lnk P1 Inc,0.5427
04/25/2022,abrdn Short Dur Gbl Infl Lnk P1 Inc,0.5451
04/26/2022,abrdn Short Dur Gbl Infl Lnk P1 Inc,0.5447
04/27/2022,abrdn Short Dur Gbl Infl Lnk P1 Inc,0.5454
04/28/2022,abrdn Short Dur Gbl Infl Lnk P1 Inc,0.5452
04/29/2022,abrdn Short Dur Gbl Infl Lnk P1 Inc,0.5448
04/30/2022,abrdn Short Dur Gbl Infl Lnk P1 Inc,0.5448
05/01/2022,abrdn Short Dur Gbl Infl Lnk P1 Inc,0.5448
05/02/2022,abrdn Short Dur Gbl Infl Lnk P1 Inc,0.5448
05/03/2022,abrdn Short Dur Gbl Infl Lnk P1 Inc,0.5379
05/04/2022,abrdn Short Dur Gbl Infl Lnk P1 Inc,0.5375
05/05/2022,abrdn Short Dur Gbl Infl Lnk P1 Inc,0.5385
05/06/2022,abrdn Short Dur Gbl Infl Lnk P1 Inc,0.5371
05/07/2022,abrdn Short Dur Gbl Infl Lnk P1 Inc,0.5371
05/08/2022,abrdn Short Dur Gbl Infl Lnk P1 Inc,0.5371
05/09/2022,abrdn Short Dur Gbl Infl Lnk P1 Inc,0.5354
05/10/2022,abrdn Short Dur Gbl Infl Lnk P1 Inc,0.5359
05/11/2022,abrdn Short Dur Gbl Infl Lnk P1 Inc,0.5356
05/12/2022,abrdn Short Dur Gbl Infl Lnk P1 Inc,0.5398
05/13/2022,abrdn Short Dur Gbl Infl Lnk P1 Inc,0.5389
05/14/2022,abrdn Short Dur Gbl Infl Lnk P1 Inc,0.5389
05/15/2022,abrdn Short Dur Gbl Infl Lnk P1 Inc,0.5389
05/16/2022,abrdn Short Dur Gbl Infl Lnk P1 Inc,0.54
05/17/2022,abrdn Short Dur Gbl Infl Lnk P1 Inc,0.5404
05/18/2022,abrdn Short Dur Gbl Infl Lnk P1 Inc,0.5393
05/19/2022,abrdn Short Dur Gbl Infl Lnk P1 Inc,0.5387
05/20/2022,abrdn Short Dur Gbl Infl Lnk P1 Inc,0.5367
05/21/2022,abrdn Short Dur Gbl Infl Lnk P1 Inc,0.5367
05/22/2022,abrdn Short Dur Gbl Infl Lnk P1 Inc,0.5367
05/23/2022,abrdn Short Dur Gbl Infl Lnk P1 Inc,0.5367
05/24/2022,abrdn Short Dur Gbl Infl Lnk P1 Inc,0.5368
05/25/2022,abrdn Short Dur Gbl Infl Lnk P1 Inc,0.5374
05/26/2022,abrdn Short Dur Gbl Infl Lnk P1 Inc,0.5381
05/27/2022,abrdn Short Dur Gbl Infl Lnk P1 Inc,0.5395
05/28/2022,abrdn Short Dur Gbl Infl Lnk P1 Inc,0.5395
05/29/2022,abrdn Short Dur Gbl Infl Lnk P1 Inc,0.5395
05/30/2022,abrdn Short Dur Gbl Infl Lnk P1 Inc,0.5398
05/31/2022,abrdn Short Dur Gbl Infl Lnk P1 Inc,0.5397
06/01/2022,abrdn Short Dur Gbl Infl Lnk P1 Inc,0.5372
06/02/2022,abrdn Short Dur Gbl Infl Lnk P1 Inc,0.5372
06/03/2022,abrdn Short Dur Gbl Infl Lnk P1 Inc,0.5372
06/04/2022,abrdn Short Dur Gbl Infl Lnk P1 Inc,0.5372
06/05/2022,abrdn Short Dur Gbl Infl Lnk P1 Inc,0.5372
06/06/2022,abrdn Short Dur Gbl Infl Lnk P1 Inc,0.5377
06/07/2022,abrdn Short Dur Gbl Infl Lnk P1 Inc,0.5358
06/08/2022,abrdn Short Dur Gbl Infl Lnk P1 Inc,0.5363
06/09/2022,abrdn Short Dur Gbl Infl Lnk P1 Inc,0.5359
06/10/2022,abrdn Short Dur Gbl Infl Lnk P1 Inc,0.5339
06/11/2022,abrdn Short Dur Gbl Infl Lnk P1 Inc,0.5339
06/12/2022,abrdn Short Dur Gbl Infl Lnk P1 Inc,0.5339
06/13/2022,abrdn Short Dur Gbl Infl Lnk P1 Inc,0.5288
06/14/2022,abrdn Short Dur Gbl Infl Lnk P1 Inc,0.5254
06/15/2022,abrdn Short Dur Gbl Infl Lnk P1 Inc,0.5236
06/16/2022,abrdn Short Dur Gbl Infl Lnk P1 Inc,0.5233
06/17/2022,abrdn Short Dur Gbl Infl Lnk P1 Inc,0.5243
06/18/2022,abrdn Short Dur Gbl Infl Lnk P1 Inc,0.5243
06/19/2022,abrdn Short Dur Gbl Infl Lnk P1 Inc,0.5243
06/20/2022,abrdn Short Dur Gbl Infl Lnk P1 Inc,0.5223
06/21/2022,abrdn Short Dur Gbl Infl Lnk P1 Inc,0.5216
06/22/2022,abrdn Short Dur Gbl Infl Lnk P1 Inc,0.5235
06/23/2022,abrdn Short Dur Gbl Infl Lnk P1 Inc,0.5254
06/24/2022,abrdn Short Dur Gbl Infl Lnk P1 Inc,0.5262
06/25/2022,abrdn Short Dur Gbl Infl Lnk P1 Inc,0.5262
06/26/2022,abrdn Short Dur Gbl Infl Lnk P1 Inc,0.5262
06/27/2022,abrdn Short Dur Gbl Infl Lnk P1 Inc,0.5278
06/28/2022,abrdn Short Dur Gbl Infl Lnk P1 Inc,0.5253
06/29/2022,abrdn Short Dur Gbl Infl Lnk P1 Inc,0.5237
06/30/2022,abrdn Short Dur Gbl Infl Lnk P1 Inc,0.5245
07/01/2022,abrdn Short Dur Gbl Infl Lnk P1 Inc,0.5277
07/02/2022,abrdn Short Dur Gbl Infl Lnk P1 Inc,0.5277
07/03/2022,abrdn Short Dur Gbl Infl Lnk P1 Inc,0.5277
07/04/2022,abrdn Short Dur Gbl Infl Lnk P1 Inc,0.5308
07/05/2022,abrdn Short Dur Gbl Infl Lnk P1 Inc,0.532
07/06/2022,abrdn Short Dur Gbl Infl Lnk P1 Inc,0.5316
07/07/2022,abrdn Short Dur Gbl Infl Lnk P1 Inc,0.5289
07/08/2022,abrdn Short Dur Gbl Infl Lnk P1 Inc,0.5294
07/09/2022,abrdn Short Dur Gbl Infl Lnk P1 Inc,0.5294
07/10/2022,abrdn Short Dur Gbl Infl Lnk P1 Inc,0.5294
07/11/2022,abrdn Short Dur Gbl Infl Lnk P1 Inc,0.5288
07/12/2022,abrdn Short Dur Gbl Infl Lnk P1 Inc,0.5304
07/13/2022,abrdn Short Dur Gbl Infl Lnk P1 Inc,0.5296
07/14/2022,abrdn Short Dur Gbl Infl Lnk P1 Inc,0.529
07/15/2022,abrdn Short Dur Gbl Infl Lnk P1 Inc,0.5295
07/16/2022,abrdn Short Dur Gbl Infl Lnk P1 Inc,0.5295
07/17/2022,abrdn Short Dur Gbl Infl Lnk P1 Inc,0.5295
07/18/2022,abrdn Short Dur Gbl Infl Lnk P1 Inc,0.5302
07/19/2022,abrdn Short Dur Gbl Infl Lnk P1 Inc,0.53
07/20/2022,abrdn Short Dur Gbl Infl Lnk P1 Inc,0.5303
07/21/2022,abrdn Short Dur Gbl Infl Lnk P1 Inc,0.5284
07/22/2022,abrdn Short Dur Gbl Infl Lnk P1 Inc,0.5315
07/23/2022,abrdn Short Dur Gbl Infl Lnk P1 Inc,0.5315
07/24/2022,abrdn Short Dur Gbl Infl Lnk P1 Inc,0.5315
07/25/2022,abrdn Short Dur Gbl Infl Lnk P1 Inc,0.5334
07/26/2022,abrdn Short Dur Gbl Infl Lnk P1 Inc,0.5348
07/27/2022,abrdn Short Dur Gbl Infl Lnk P1 Inc,0.535
07/28/2022,abrdn Short Dur Gbl Infl Lnk P1 Inc,0.5372
07/29/2022,abrdn Short Dur Gbl Infl Lnk P1 Inc,0.5413
07/30/2022,abrdn Short Dur Gbl Infl Lnk P1 Inc,0.5413
07/31/2022,abrdn Short Dur Gbl Infl Lnk P1 Inc,0.5413
08/01/2022,abrdn Short Dur Gbl Infl Lnk P1 Inc,0.5388
08/02/2022,abrdn Short Dur Gbl Infl Lnk P1 Inc,0.5408
08/03/2022,abrdn Short Dur Gbl Infl Lnk P1 Inc,0.5365
08/04/2022,abrdn Short Dur Gbl Infl Lnk P1 Inc,0.5368
08/05/2022,abrdn Short Dur Gbl Infl Lnk P1 Inc,0.5378
08/06/2022,abrdn Short Dur Gbl Infl Lnk P1 Inc,0.5378
08/07/2022,abrdn Short Dur Gbl Infl Lnk P1 Inc,0.5378
08/08/2022,abrdn Short Dur Gbl Infl Lnk P1 Inc,0.5358
08/09/2022,abrdn Short Dur Gbl Infl Lnk P1 Inc,0.5363
08/10/2022,abrdn Short Dur Gbl Infl Lnk P1 Inc,0.5359
08/11/2022,abrdn Short Dur Gbl Infl Lnk P1 Inc,0.536
08/12/2022,abrdn Short Dur Gbl Infl Lnk P1 Inc,0.5349
08/13/2022,abrdn Short Dur Gbl Infl Lnk P1 Inc,0.5349
08/14/2022,abrdn Short Dur Gbl Infl Lnk P1 Inc,0.5349
08/15/2022,abrdn Short Dur Gbl Infl Lnk P1 Inc,0.5358
08/16/2022,abrdn Short Dur Gbl Infl Lnk P1 Inc,0.5374
08/17/2022,abrdn Short Dur Gbl Infl Lnk P1 Inc,0.537
08/18/2022,abrdn Short Dur Gbl Infl Lnk P1 Inc,0.5359
08/19/2022,abrdn Short Dur Gbl Infl Lnk P1 Inc,0.5369
08/20/2022,abrdn Short Dur Gbl Infl Lnk P1 Inc,0.5369
08/21/2022,abrdn Short Dur Gbl Infl Lnk P1 Inc,0.5369
08/22/2022,abrdn Short Dur Gbl Infl Lnk P1 Inc,0.537
08/23/2022,abrdn Short Dur Gbl Infl Lnk P1 Inc,0.5362
08/24/2022,abrdn Short Dur Gbl Infl Lnk P1 Inc,0.5338
08/25/2022,abrdn Short Dur Gbl Infl Lnk P1 Inc,0.5343
08/26/2022,abrdn Short Dur Gbl Infl Lnk P1 Inc,0.5357
08/27/2022,abrdn Short Dur Gbl Infl Lnk P1 Inc,0.5357
08/28/2022,abrdn Short Dur Gbl Infl Lnk P1 Inc,0.5357
08/29/2022,abrdn Short Dur Gbl Infl Lnk P1 Inc,0.5357
08/30/2022,abrdn Short Dur Gbl Infl Lnk P1 Inc,0.5333
08/31/2022,abrdn Short Dur Gbl Infl Lnk P1 Inc,0.5311
09/01/2022,abrdn Short Dur Gbl Infl Lnk P1 Inc,0.5274
09/02/2022,abrdn Short Dur Gbl Infl Lnk P1 Inc,0.5248
09/03/2022,abrdn Short Dur Gbl Infl Lnk P1 Inc,0.5248
09/04/2022,abrdn Short Dur Gbl Infl Lnk P1 Inc,0.5248
09/05/2022,abrdn Short Dur Gbl Infl Lnk P1 Inc,0.5267
09/06/2022,abrdn Short Dur Gbl Infl Lnk P1 Inc,0.5244
09/07/2022,abrdn Short Dur Gbl Infl Lnk P1 Inc,0.5229
09/08/2022,abrdn Short Dur Gbl Infl Lnk P1 Inc,0.5236
09/09/2022,abrdn Short Dur Gbl Infl Lnk P1 Inc,0.521
09/10/2022,abrdn Short Dur Gbl Infl Lnk P1 Inc,0.521
09/11/2022,abrdn Short Dur Gbl Infl Lnk P1 Inc,0.521
09/12/2022,abrdn Short Dur Gbl Infl Lnk P1 Inc,0.5202
09/13/2022,abrdn Short Dur Gbl Infl Lnk P1 Inc,0.5193
09/14/2022,abrdn Short Dur Gbl Infl Lnk P1 Inc,0.5181
09/15/2022,abrdn Short Dur Gbl Infl Lnk P1 Inc,0.5187
09/16/2022,abrdn Short Dur Gbl Infl Lnk P1 Inc,0.5177
09/17/2022,abrdn Short Dur Gbl Infl Lnk P1 Inc,0.5177
09/18/2022,abrdn Short Dur Gbl Infl Lnk P1 Inc,0.5177
09/19/2022,abrdn Short Dur Gbl Infl Lnk P1 Inc,0.5177
09/20/2022,abrdn Short Dur Gbl Infl Lnk P1 Inc,0.515
09/21/2022,abrdn Short Dur Gbl Infl Lnk P1 Inc,0.5153
09/22/2022,abrdn Short Dur Gbl Infl Lnk P1 Inc,0.5144
09/23/2022,abrdn Short Dur Gbl Infl Lnk P1 Inc,0.509
09/24/2022,abrdn Short Dur Gbl Infl Lnk P1 Inc,0.509
09/25/2022,abrdn Short Dur Gbl Infl Lnk P1 Inc,0.509
09/26/2022,abrdn Short Dur Gbl Infl Lnk P1 Inc,0.5042
09/27/2022,abrdn Short Dur Gbl Infl Lnk P1 Inc,0.4998
09/28/2022,abrdn Short Dur Gbl Infl Lnk P1 Inc,0.4961
09/29/2022,abrdn Short Dur Gbl Infl Lnk P1 Inc,0.5021
09/30/2022,abrdn Short Dur Gbl Infl Lnk P1 Inc,0.5008
10/01/2022,abrdn Short Dur Gbl Infl Lnk P1 Inc,0.5008
10/02/2022,abrdn Short Dur Gbl Infl Lnk P1 Inc,0.5008
10/03/2022,abrdn Short Dur Gbl Infl Lnk P1 Inc,0.4992
10/04/2022,abrdn Short Dur Gbl Infl Lnk P1 Inc,0.504
10/05/2022,abrdn Short Dur Gbl Infl Lnk P1 Inc,0.5029
10/06/2022,abrdn Short Dur Gbl Infl Lnk P1 Inc,0.4996
10/07/2022,abrdn Short Dur Gbl Infl Lnk P1 Inc,0.4987
10/08/2022,abrdn Short Dur Gbl Infl Lnk P1 Inc,0.4987
10/09/2022,abrdn Short Dur Gbl Infl Lnk P1 Inc,0.4987
10/10/2022,abrdn Short Dur Gbl Infl Lnk P1 Inc,0.4966
10/11/2022,abrdn Short Dur Gbl Infl Lnk P1 Inc,0.4947
10/12/2022,abrdn Short Dur Gbl Infl Lnk P1 Inc,0.4947
10/13/2022,abrdn Short Dur Gbl Infl Lnk P1 Inc,0.4971
10/14/2022,abrdn Short Dur Gbl Infl Lnk P1 Inc,0.4986
10/15/2022,abrdn Short Dur Gbl Infl Lnk P1 Inc,0.4986
10/16/2022,abrdn Short Dur Gbl Infl Lnk P1 Inc,0.4986
10/17/2022,abrdn Short Dur Gbl Infl Lnk P1 Inc,0.5001
10/18/2022,abrdn Short Dur Gbl Infl Lnk P1 Inc,0.5017
10/19/2022,abrdn Short Dur Gbl Infl Lnk P1 Inc,0.502
10/20/2022,abrdn Short Dur Gbl Infl Lnk P1 Inc,0.5024
10/21/2022,abrdn Short Dur Gbl Infl Lnk P1 Inc,0.5003
10/22/2022,abrdn Short Dur Gbl Infl Lnk P1 Inc,0.5003
10/23/2022,abrdn Short Dur Gbl Infl Lnk P1 Inc,0.5003
10/24/2022,abrdn Short Dur Gbl Infl Lnk P1 Inc,0.5038
10/25/2022,abrdn Short Dur Gbl Infl Lnk P1 Inc,0.5061
10/26/2022,abrdn Short Dur Gbl Infl Lnk P1 Inc,0.5057
10/27/2022,abrdn Short Dur Gbl Infl Lnk P1 Inc,0.5075
10/28/2022,abrdn Short Dur Gbl Infl Lnk P1 Inc,0.5108
10/29/2022,abrdn Short Dur Gbl Infl Lnk P1 Inc,0.5108
10/30/2022,abrdn Short Dur Gbl Infl Lnk P1 Inc,0.5108
10/31/2022,abrdn Short Dur Gbl Infl Lnk P1 Inc,0.5095
11/01/2022,abrdn Short Dur Gbl Infl Lnk P1 Inc,0.5043
11/02/2022,abrdn Short Dur Gbl Infl Lnk P1 Inc,0.5038
11/03/2022,abrdn Short Dur Gbl Infl Lnk P1 Inc,0.5017
11/04/2022,abrdn Short Dur Gbl Infl Lnk P1 Inc,0.5008
11/05/2022,abrdn Short Dur Gbl Infl Lnk P1 Inc,0.5008
11/06/2022,abrdn Short Dur Gbl Infl Lnk P1 Inc,0.5008
11/07/2022,abrdn Short Dur Gbl Infl Lnk P1 Inc,0.503
11/08/2022,abrdn Short Dur Gbl Infl Lnk P1 Inc,0.5028
11/09/2022,abrdn Short Dur Gbl Infl Lnk P1 Inc,0.5041
11/10/2022,abrdn Short Dur Gbl Infl Lnk P1 Inc,0.5045
11/11/2022,abrdn Short Dur Gbl Infl Lnk P1 Inc,0.5075
11/12/2022,abrdn Short Dur Gbl Infl Lnk P1 Inc,0.5075
11/13/2022,abrdn Short Dur Gbl Infl Lnk P1 Inc,0.5075
11/14/2022,abrdn Short Dur Gbl Infl Lnk P1 Inc,0.508
11/15/2022,abrdn Short Dur Gbl Infl Lnk P1 Inc,0.507
11/16/2022,abrdn Short Dur Gbl Infl Lnk P1 Inc,0.508
11/17/2022,abrdn Short Dur Gbl Infl Lnk P1 Inc,0.5082
11/18/2022,abrdn Short Dur Gbl Infl Lnk P1 Inc,0.5063
11/19/2022,abrdn Short Dur Gbl Infl Lnk P1 Inc,0.5063
11/20/2022,abrdn Short Dur Gbl Infl Lnk P1 Inc,0.5063
11/21/2022,abrdn Short Dur Gbl Infl Lnk P1 Inc,0.5053
11/22/2022,abrdn Short Dur Gbl Infl Lnk P1 Inc,0.5063
11/23/2022,abrdn Short Dur Gbl Infl Lnk P1 Inc,0.5073
11/24/2022,abrdn Short Dur Gbl Infl Lnk P1 Inc,0.5089
11/25/2022,abrdn Short Dur Gbl Infl Lnk P1 Inc,0.5081
11/26/2022,abrdn Short Dur Gbl Infl Lnk P1 Inc,0.5081
11/27/2022,abrdn Short Dur Gbl Infl Lnk P1 Inc,0.5081
11/28/2022,abrdn Short Dur Gbl Infl Lnk P1 Inc,0.5075
11/29/2022,abrdn Short Dur Gbl Infl Lnk P1 Inc,0.5077
11/30/2022,abrdn Short Dur Gbl Infl Lnk P1 Inc,0.5073
12/01/2022,abrdn Short Dur Gbl Infl Lnk P1 Inc,0.5116
12/02/2022,abrdn Short Dur Gbl Infl Lnk P1 Inc,0.5133
12/03/2022,abrdn Short Dur Gbl Infl Lnk P1 Inc,0.5133
12/04/2022,abrdn Short Dur Gbl Infl Lnk P1 Inc,0.5133
12/05/2022,abrdn Short Dur Gbl Infl Lnk P1 Inc,0.5138
12/06/2022,abrdn Short Dur Gbl Infl Lnk P1 Inc,0.5123
12/07/2022,abrdn Short Dur Gbl Infl Lnk P1 Inc,0.5111
12/08/2022,abrdn Short Dur Gbl Infl Lnk P1 Inc,0.5126
12/09/2022,abrdn Short Dur Gbl Infl Lnk P1 Inc,0.5111
12/10/2022,abrdn Short Dur Gbl Infl Lnk P1 Inc,0.5111
12/11/2022,abrdn Short Dur Gbl Infl Lnk P1 Inc,0.5111
12/12/2022,abrdn Short Dur Gbl Infl Lnk P1 Inc,0.5103
12/13/2022,abrdn Short Dur Gbl Infl Lnk P1 Inc,0.509
12/14/2022,abrdn Short Dur Gbl Infl Lnk P1 Inc,0.5086
12/15/2022,abrdn Short Dur Gbl Infl Lnk P1 Inc,0.5088
12/16/2022,abrdn Short Dur Gbl Infl Lnk P1 Inc,0.5062
12/17/2022,abrdn Short Dur Gbl Infl Lnk P1 Inc,0.5062
12/18/2022,abrdn Short Dur Gbl Infl Lnk P1 Inc,0.5062
12/19/2022,abrdn Short Dur Gbl Infl Lnk P1 Inc,0.5056
12/20/2022,abrdn Short Dur Gbl Infl Lnk P1 Inc,0.504
12/21/2022,abrdn Short Dur Gbl Infl Lnk P1 Inc,0.5038
12/22/2022,abrdn Short Dur Gbl Infl Lnk P1 Inc,0.505
12/23/2022,abrdn Short Dur Gbl Infl Lnk P1 Inc,0.5036
12/24/2022,abrdn Short Dur Gbl Infl Lnk P1 Inc,0.5036
12/25/2022,abrdn Short Dur Gbl Infl Lnk P1 Inc,0.5036
12/26/2022,abrdn Short Dur Gbl Infl Lnk P1 Inc,0.5036
12/27/2022,abrdn Short Dur Gbl Infl Lnk P1 Inc,0.5036
12/28/2022,abrdn Short Dur Gbl Infl Lnk P1 Inc,0.5033
12/29/2022,abrdn Short Dur Gbl Infl Lnk P1 Inc,0.5027
12/30/2022,abrdn Short Dur Gbl Infl Lnk P1 Inc,0.5032
12/31/2022,abrdn Short Dur Gbl Infl Lnk P1 Inc,0.5032
01/01/2023,abrdn Short Dur Gbl Infl Lnk P1 Inc,0.5032
01/02/2023,abrdn Short Dur Gbl Infl Lnk P1 Inc,0.5032
01/03/2023,abrdn Short Dur Gbl Infl Lnk P1 Inc,0.505
01/04/2023,abrdn Short Dur Gbl Infl Lnk P1 Inc,0.5053
01/05/2023,abrdn Short Dur Gbl Infl Lnk P1 Inc,0.5045
01/06/2023,abrdn Short Dur Gbl Infl Lnk P1 Inc,0.5029
01/07/2023,abrdn Short Dur Gbl Infl Lnk P1 Inc,0.5029
01/08/2023,abrdn Short Dur Gbl Infl Lnk P1 Inc,0.5029
01/09/2023,abrdn Short Dur Gbl Infl Lnk P1 Inc,0.5046
01/10/2023,abrdn Short Dur Gbl Infl Lnk P1 Inc,0.5043
01/11/2023,abrdn Short Dur Gbl Infl Lnk P1 Inc,0.5047
01/12/2023,abrdn Short Dur Gbl Infl Lnk P1 Inc,0.5064
01/13/2023,abrdn Short Dur Gbl Infl Lnk P1 Inc,0.5079
,,
