Date,Name,NAV
04/14/2003,Royal London Sterl Extra Yld Bd A,0.99954
04/15/2003,Royal London Sterl Extra Yld Bd A,1.00178
04/16/2003,Royal London Sterl Extra Yld Bd A,1.00732
04/17/2003,Royal London Sterl Extra Yld Bd A,1.01067
04/18/2003,Royal London Sterl Extra Yld Bd A,1.01067
04/19/2003,Royal London Sterl Extra Yld Bd A,1.01067
04/20/2003,Royal London Sterl Extra Yld Bd A,1.01067
04/21/2003,Royal London Sterl Extra Yld Bd A,1.01067
04/22/2003,Royal London Sterl Extra Yld Bd A,1.0127
04/23/2003,Royal London Sterl Extra Yld Bd A,1.0136
04/24/2003,Royal London Sterl Extra Yld Bd A,1.0183
04/25/2003,Royal London Sterl Extra Yld Bd A,1.0183
04/26/2003,Royal London Sterl Extra Yld Bd A,1.0183
04/27/2003,Royal London Sterl Extra Yld Bd A,1.0183
04/28/2003,Royal London Sterl Extra Yld Bd A,1.02322
04/29/2003,Royal London Sterl Extra Yld Bd A,1.02313
04/30/2003,Royal London Sterl Extra Yld Bd A,1.02554
05/01/2003,Royal London Sterl Extra Yld Bd A,1.02967
05/02/2003,Royal London Sterl Extra Yld Bd A,1.03424
05/03/2003,Royal London Sterl Extra Yld Bd A,1.03424
05/04/2003,Royal London Sterl Extra Yld Bd A,1.03424
05/05/2003,Royal London Sterl Extra Yld Bd A,1.03424
05/06/2003,Royal London Sterl Extra Yld Bd A,1.0348
05/07/2003,Royal London Sterl Extra Yld Bd A,1.03962
05/08/2003,Royal London Sterl Extra Yld Bd A,1.04338
05/09/2003,Royal London Sterl Extra Yld Bd A,1.04494
05/10/2003,Royal London Sterl Extra Yld Bd A,1.04494
05/11/2003,Royal London Sterl Extra Yld Bd A,1.04494
05/12/2003,Royal London Sterl Extra Yld Bd A,1.04573
05/13/2003,Royal London Sterl Extra Yld Bd A,1.04638
05/14/2003,Royal London Sterl Extra Yld Bd A,1.04659
05/15/2003,Royal London Sterl Extra Yld Bd A,1.04558
05/16/2003,Royal London Sterl Extra Yld Bd A,1.04558
05/17/2003,Royal London Sterl Extra Yld Bd A,1.04558
05/18/2003,Royal London Sterl Extra Yld Bd A,1.04558
05/19/2003,Royal London Sterl Extra Yld Bd A,1.05387
05/20/2003,Royal London Sterl Extra Yld Bd A,1.05544
05/21/2003,Royal London Sterl Extra Yld Bd A,1.05934
05/22/2003,Royal London Sterl Extra Yld Bd A,1.06101
05/23/2003,Royal London Sterl Extra Yld Bd A,1.06399
05/24/2003,Royal London Sterl Extra Yld Bd A,1.06399
05/25/2003,Royal London Sterl Extra Yld Bd A,1.06399
05/26/2003,Royal London Sterl Extra Yld Bd A,1.06399
05/27/2003,Royal London Sterl Extra Yld Bd A,1.065
05/28/2003,Royal London Sterl Extra Yld Bd A,1.0603
05/29/2003,Royal London Sterl Extra Yld Bd A,1.0617
05/30/2003,Royal London Sterl Extra Yld Bd A,1.06259
05/31/2003,Royal London Sterl Extra Yld Bd A,1.06259
06/01/2003,Royal London Sterl Extra Yld Bd A,1.06259
06/02/2003,Royal London Sterl Extra Yld Bd A,1.06101
06/03/2003,Royal London Sterl Extra Yld Bd A,1.06269
06/04/2003,Royal London Sterl Extra Yld Bd A,1.06257
06/05/2003,Royal London Sterl Extra Yld Bd A,1.06505
06/06/2003,Royal London Sterl Extra Yld Bd A,1.06384
06/07/2003,Royal London Sterl Extra Yld Bd A,1.06384
06/08/2003,Royal London Sterl Extra Yld Bd A,1.06384
06/09/2003,Royal London Sterl Extra Yld Bd A,1.06987
06/10/2003,Royal London Sterl Extra Yld Bd A,1.07174
06/11/2003,Royal London Sterl Extra Yld Bd A,1.07345
06/12/2003,Royal London Sterl Extra Yld Bd A,1.07572
06/13/2003,Royal London Sterl Extra Yld Bd A,1.08021
06/14/2003,Royal London Sterl Extra Yld Bd A,1.08021
06/15/2003,Royal London Sterl Extra Yld Bd A,1.08021
06/16/2003,Royal London Sterl Extra Yld Bd A,1.08019
06/17/2003,Royal London Sterl Extra Yld Bd A,1.07664
06/18/2003,Royal London Sterl Extra Yld Bd A,1.07381
06/19/2003,Royal London Sterl Extra Yld Bd A,1.07256
06/20/2003,Royal London Sterl Extra Yld Bd A,1.07279
06/21/2003,Royal London Sterl Extra Yld Bd A,1.07279
06/22/2003,Royal London Sterl Extra Yld Bd A,1.07279
06/23/2003,Royal London Sterl Extra Yld Bd A,1.07339
06/24/2003,Royal London Sterl Extra Yld Bd A,1.07339
06/25/2003,Royal London Sterl Extra Yld Bd A,1.0728
06/26/2003,Royal London Sterl Extra Yld Bd A,1.07108
06/27/2003,Royal London Sterl Extra Yld Bd A,1.0684
06/28/2003,Royal London Sterl Extra Yld Bd A,1.0684
06/29/2003,Royal London Sterl Extra Yld Bd A,1.0684
06/30/2003,Royal London Sterl Extra Yld Bd A,1.07191
07/01/2003,Royal London Sterl Extra Yld Bd A,1.07359
07/02/2003,Royal London Sterl Extra Yld Bd A,1.07109
07/03/2003,Royal London Sterl Extra Yld Bd A,1.06713
07/04/2003,Royal London Sterl Extra Yld Bd A,1.06713
07/05/2003,Royal London Sterl Extra Yld Bd A,1.06713
07/06/2003,Royal London Sterl Extra Yld Bd A,1.06713
07/07/2003,Royal London Sterl Extra Yld Bd A,1.06842
07/08/2003,Royal London Sterl Extra Yld Bd A,1.06876
07/09/2003,Royal London Sterl Extra Yld Bd A,1.07102
07/10/2003,Royal London Sterl Extra Yld Bd A,1.07571
07/11/2003,Royal London Sterl Extra Yld Bd A,1.077
07/12/2003,Royal London Sterl Extra Yld Bd A,1.077
07/13/2003,Royal London Sterl Extra Yld Bd A,1.077
07/14/2003,Royal London Sterl Extra Yld Bd A,1.07937
07/15/2003,Royal London Sterl Extra Yld Bd A,1.07856
07/16/2003,Royal London Sterl Extra Yld Bd A,1.0777
07/17/2003,Royal London Sterl Extra Yld Bd A,1.07538
07/18/2003,Royal London Sterl Extra Yld Bd A,1.07538
07/19/2003,Royal London Sterl Extra Yld Bd A,1.07538
07/20/2003,Royal London Sterl Extra Yld Bd A,1.07538
07/21/2003,Royal London Sterl Extra Yld Bd A,1.07734
07/22/2003,Royal London Sterl Extra Yld Bd A,1.07856
07/23/2003,Royal London Sterl Extra Yld Bd A,1.08244
07/24/2003,Royal London Sterl Extra Yld Bd A,1.07997
07/25/2003,Royal London Sterl Extra Yld Bd A,1.08275
07/26/2003,Royal London Sterl Extra Yld Bd A,1.08275
07/27/2003,Royal London Sterl Extra Yld Bd A,1.08275
07/28/2003,Royal London Sterl Extra Yld Bd A,1.07876
07/29/2003,Royal London Sterl Extra Yld Bd A,1.07956
07/30/2003,Royal London Sterl Extra Yld Bd A,1.07879
07/31/2003,Royal London Sterl Extra Yld Bd A,1.07422
08/01/2003,Royal London Sterl Extra Yld Bd A,1.07595
08/02/2003,Royal London Sterl Extra Yld Bd A,1.07595
08/03/2003,Royal London Sterl Extra Yld Bd A,1.07595
08/04/2003,Royal London Sterl Extra Yld Bd A,1.07825
08/05/2003,Royal London Sterl Extra Yld Bd A,1.07732
08/06/2003,Royal London Sterl Extra Yld Bd A,1.08019
08/07/2003,Royal London Sterl Extra Yld Bd A,1.08263
08/08/2003,Royal London Sterl Extra Yld Bd A,1.08589
08/09/2003,Royal London Sterl Extra Yld Bd A,1.08589
08/10/2003,Royal London Sterl Extra Yld Bd A,1.08589
08/11/2003,Royal London Sterl Extra Yld Bd A,1.08429
08/12/2003,Royal London Sterl Extra Yld Bd A,1.08205
08/13/2003,Royal London Sterl Extra Yld Bd A,1.07745
08/14/2003,Royal London Sterl Extra Yld Bd A,1.07403
08/15/2003,Royal London Sterl Extra Yld Bd A,1.0757
08/16/2003,Royal London Sterl Extra Yld Bd A,1.0757
08/17/2003,Royal London Sterl Extra Yld Bd A,1.0757
08/18/2003,Royal London Sterl Extra Yld Bd A,1.0756
08/19/2003,Royal London Sterl Extra Yld Bd A,1.07732
08/20/2003,Royal London Sterl Extra Yld Bd A,1.07529
08/21/2003,Royal London Sterl Extra Yld Bd A,1.0733
08/22/2003,Royal London Sterl Extra Yld Bd A,1.07365
08/23/2003,Royal London Sterl Extra Yld Bd A,1.07365
08/24/2003,Royal London Sterl Extra Yld Bd A,1.07365
08/25/2003,Royal London Sterl Extra Yld Bd A,1.07365
08/26/2003,Royal London Sterl Extra Yld Bd A,1.07473
08/27/2003,Royal London Sterl Extra Yld Bd A,1.07481
08/28/2003,Royal London Sterl Extra Yld Bd A,1.07481
08/29/2003,Royal London Sterl Extra Yld Bd A,1.0777
08/30/2003,Royal London Sterl Extra Yld Bd A,1.0777
08/31/2003,Royal London Sterl Extra Yld Bd A,1.0777
09/01/2003,Royal London Sterl Extra Yld Bd A,1.0779
09/02/2003,Royal London Sterl Extra Yld Bd A,1.0725
09/03/2003,Royal London Sterl Extra Yld Bd A,1.07161
09/04/2003,Royal London Sterl Extra Yld Bd A,1.0735
09/05/2003,Royal London Sterl Extra Yld Bd A,1.0735
09/06/2003,Royal London Sterl Extra Yld Bd A,1.0735
09/07/2003,Royal London Sterl Extra Yld Bd A,1.0735
09/08/2003,Royal London Sterl Extra Yld Bd A,1.0819
09/09/2003,Royal London Sterl Extra Yld Bd A,1.0808
09/10/2003,Royal London Sterl Extra Yld Bd A,1.0832
09/11/2003,Royal London Sterl Extra Yld Bd A,1.0837
09/12/2003,Royal London Sterl Extra Yld Bd A,1.089
09/13/2003,Royal London Sterl Extra Yld Bd A,1.089
09/14/2003,Royal London Sterl Extra Yld Bd A,1.089
09/15/2003,Royal London Sterl Extra Yld Bd A,1.0893
09/16/2003,Royal London Sterl Extra Yld Bd A,1.0879
09/17/2003,Royal London Sterl Extra Yld Bd A,1.0871
09/18/2003,Royal London Sterl Extra Yld Bd A,1.0879
09/19/2003,Royal London Sterl Extra Yld Bd A,1.0894
09/20/2003,Royal London Sterl Extra Yld Bd A,1.0894
09/21/2003,Royal London Sterl Extra Yld Bd A,1.0894
09/22/2003,Royal London Sterl Extra Yld Bd A,1.0911
09/23/2003,Royal London Sterl Extra Yld Bd A,1.0913
09/24/2003,Royal London Sterl Extra Yld Bd A,1.0918
09/25/2003,Royal London Sterl Extra Yld Bd A,1.0916
09/26/2003,Royal London Sterl Extra Yld Bd A,1.0951
09/27/2003,Royal London Sterl Extra Yld Bd A,1.0951
09/28/2003,Royal London Sterl Extra Yld Bd A,1.0951
09/29/2003,Royal London Sterl Extra Yld Bd A,1.095
09/30/2003,Royal London Sterl Extra Yld Bd A,1.0978
10/01/2003,Royal London Sterl Extra Yld Bd A,1.0987
10/02/2003,Royal London Sterl Extra Yld Bd A,1.095
10/03/2003,Royal London Sterl Extra Yld Bd A,1.0916
10/04/2003,Royal London Sterl Extra Yld Bd A,1.0916
10/05/2003,Royal London Sterl Extra Yld Bd A,1.0916
10/06/2003,Royal London Sterl Extra Yld Bd A,1.0994
10/07/2003,Royal London Sterl Extra Yld Bd A,1.0963
10/08/2003,Royal London Sterl Extra Yld Bd A,1.0963
10/09/2003,Royal London Sterl Extra Yld Bd A,1.0932
10/10/2003,Royal London Sterl Extra Yld Bd A,1.0988
10/11/2003,Royal London Sterl Extra Yld Bd A,1.0988
10/12/2003,Royal London Sterl Extra Yld Bd A,1.0988
10/13/2003,Royal London Sterl Extra Yld Bd A,1.095
10/14/2003,Royal London Sterl Extra Yld Bd A,1.0946
10/15/2003,Royal London Sterl Extra Yld Bd A,1.0928
10/16/2003,Royal London Sterl Extra Yld Bd A,1.0931
10/17/2003,Royal London Sterl Extra Yld Bd A,1.0944
10/18/2003,Royal London Sterl Extra Yld Bd A,1.0944
10/19/2003,Royal London Sterl Extra Yld Bd A,1.0944
10/20/2003,Royal London Sterl Extra Yld Bd A,1.0944
10/21/2003,Royal London Sterl Extra Yld Bd A,1.0979
10/22/2003,Royal London Sterl Extra Yld Bd A,1.0968
10/23/2003,Royal London Sterl Extra Yld Bd A,1.0968
10/24/2003,Royal London Sterl Extra Yld Bd A,1.0951
10/25/2003,Royal London Sterl Extra Yld Bd A,1.0951
10/26/2003,Royal London Sterl Extra Yld Bd A,1.0951
10/27/2003,Royal London Sterl Extra Yld Bd A,1.0944
10/28/2003,Royal London Sterl Extra Yld Bd A,1.0958
10/29/2003,Royal London Sterl Extra Yld Bd A,1.0936
10/30/2003,Royal London Sterl Extra Yld Bd A,1.0945
10/31/2003,Royal London Sterl Extra Yld Bd A,1.0959
11/01/2003,Royal London Sterl Extra Yld Bd A,1.0959
11/02/2003,Royal London Sterl Extra Yld Bd A,1.0959
11/03/2003,Royal London Sterl Extra Yld Bd A,1.0931
11/04/2003,Royal London Sterl Extra Yld Bd A,1.0951
11/05/2003,Royal London Sterl Extra Yld Bd A,1.0951
11/06/2003,Royal London Sterl Extra Yld Bd A,1.0983
11/07/2003,Royal London Sterl Extra Yld Bd A,1.0987
11/08/2003,Royal London Sterl Extra Yld Bd A,1.0987
11/09/2003,Royal London Sterl Extra Yld Bd A,1.0987
11/10/2003,Royal London Sterl Extra Yld Bd A,1.0994
11/11/2003,Royal London Sterl Extra Yld Bd A,1.0996
11/12/2003,Royal London Sterl Extra Yld Bd A,1.1024
11/13/2003,Royal London Sterl Extra Yld Bd A,1.105
11/14/2003,Royal London Sterl Extra Yld Bd A,1.1078
11/15/2003,Royal London Sterl Extra Yld Bd A,1.1078
11/16/2003,Royal London Sterl Extra Yld Bd A,1.1078
11/17/2003,Royal London Sterl Extra Yld Bd A,1.1095
11/18/2003,Royal London Sterl Extra Yld Bd A,1.1115
11/19/2003,Royal London Sterl Extra Yld Bd A,1.1093
11/20/2003,Royal London Sterl Extra Yld Bd A,1.1081
11/21/2003,Royal London Sterl Extra Yld Bd A,1.1081
11/22/2003,Royal London Sterl Extra Yld Bd A,1.1081
11/23/2003,Royal London Sterl Extra Yld Bd A,1.1081
11/24/2003,Royal London Sterl Extra Yld Bd A,1.1048
11/25/2003,Royal London Sterl Extra Yld Bd A,1.1044
11/26/2003,Royal London Sterl Extra Yld Bd A,1.1086
11/27/2003,Royal London Sterl Extra Yld Bd A,1.1101
11/28/2003,Royal London Sterl Extra Yld Bd A,1.1102
11/29/2003,Royal London Sterl Extra Yld Bd A,1.1102
11/30/2003,Royal London Sterl Extra Yld Bd A,1.1102
12/01/2003,Royal London Sterl Extra Yld Bd A,1.1105
12/02/2003,Royal London Sterl Extra Yld Bd A,1.1105
12/03/2003,Royal London Sterl Extra Yld Bd A,1.1127
12/04/2003,Royal London Sterl Extra Yld Bd A,1.1165
12/05/2003,Royal London Sterl Extra Yld Bd A,1.1214
12/06/2003,Royal London Sterl Extra Yld Bd A,1.1214
12/07/2003,Royal London Sterl Extra Yld Bd A,1.1214
12/08/2003,Royal London Sterl Extra Yld Bd A,1.1239
12/09/2003,Royal London Sterl Extra Yld Bd A,1.1255
12/10/2003,Royal London Sterl Extra Yld Bd A,1.1278
12/11/2003,Royal London Sterl Extra Yld Bd A,1.1263
12/12/2003,Royal London Sterl Extra Yld Bd A,1.1315
12/13/2003,Royal London Sterl Extra Yld Bd A,1.1315
12/14/2003,Royal London Sterl Extra Yld Bd A,1.1315
12/15/2003,Royal London Sterl Extra Yld Bd A,1.1336
12/16/2003,Royal London Sterl Extra Yld Bd A,1.1379
12/17/2003,Royal London Sterl Extra Yld Bd A,1.1399
12/18/2003,Royal London Sterl Extra Yld Bd A,1.14
12/19/2003,Royal London Sterl Extra Yld Bd A,1.1389
12/20/2003,Royal London Sterl Extra Yld Bd A,1.1389
12/21/2003,Royal London Sterl Extra Yld Bd A,1.1389
12/22/2003,Royal London Sterl Extra Yld Bd A,1.14
12/23/2003,Royal London Sterl Extra Yld Bd A,1.1414
12/24/2003,Royal London Sterl Extra Yld Bd A,1.1418
12/25/2003,Royal London Sterl Extra Yld Bd A,1.1418
12/26/2003,Royal London Sterl Extra Yld Bd A,1.1418
12/27/2003,Royal London Sterl Extra Yld Bd A,1.1418
12/28/2003,Royal London Sterl Extra Yld Bd A,1.1418
12/29/2003,Royal London Sterl Extra Yld Bd A,1.1418
12/30/2003,Royal London Sterl Extra Yld Bd A,1.1414
12/31/2003,Royal London Sterl Extra Yld Bd A,1.1433
01/01/2004,Royal London Sterl Extra Yld Bd A,1.1433
01/02/2004,Royal London Sterl Extra Yld Bd A,1.1378
01/03/2004,Royal London Sterl Extra Yld Bd A,1.1378
01/04/2004,Royal London Sterl Extra Yld Bd A,1.1378
01/05/2004,Royal London Sterl Extra Yld Bd A,1.1404
01/06/2004,Royal London Sterl Extra Yld Bd A,1.1424
01/07/2004,Royal London Sterl Extra Yld Bd A,1.1436
01/08/2004,Royal London Sterl Extra Yld Bd A,1.1455
01/09/2004,Royal London Sterl Extra Yld Bd A,1.1508
01/10/2004,Royal London Sterl Extra Yld Bd A,1.1508
01/11/2004,Royal London Sterl Extra Yld Bd A,1.1508
01/12/2004,Royal London Sterl Extra Yld Bd A,1.1548
01/13/2004,Royal London Sterl Extra Yld Bd A,1.1562
01/14/2004,Royal London Sterl Extra Yld Bd A,1.1557
01/15/2004,Royal London Sterl Extra Yld Bd A,1.1547
01/16/2004,Royal London Sterl Extra Yld Bd A,1.1539
01/17/2004,Royal London Sterl Extra Yld Bd A,1.1539
01/18/2004,Royal London Sterl Extra Yld Bd A,1.1539
01/19/2004,Royal London Sterl Extra Yld Bd A,1.1551
01/20/2004,Royal London Sterl Extra Yld Bd A,1.1556
01/21/2004,Royal London Sterl Extra Yld Bd A,1.1551
01/22/2004,Royal London Sterl Extra Yld Bd A,1.1544
01/23/2004,Royal London Sterl Extra Yld Bd A,1.1562
01/24/2004,Royal London Sterl Extra Yld Bd A,1.1562
01/25/2004,Royal London Sterl Extra Yld Bd A,1.1562
01/26/2004,Royal London Sterl Extra Yld Bd A,1.1546
01/27/2004,Royal London Sterl Extra Yld Bd A,1.1534
01/28/2004,Royal London Sterl Extra Yld Bd A,1.1534
01/29/2004,Royal London Sterl Extra Yld Bd A,1.1488
01/30/2004,Royal London Sterl Extra Yld Bd A,1.1491
01/31/2004,Royal London Sterl Extra Yld Bd A,1.1491
02/01/2004,Royal London Sterl Extra Yld Bd A,1.1491
02/02/2004,Royal London Sterl Extra Yld Bd A,1.151
02/03/2004,Royal London Sterl Extra Yld Bd A,1.1506
02/04/2004,Royal London Sterl Extra Yld Bd A,1.152
02/05/2004,Royal London Sterl Extra Yld Bd A,1.1532
02/06/2004,Royal London Sterl Extra Yld Bd A,1.1548
02/07/2004,Royal London Sterl Extra Yld Bd A,1.1548
02/08/2004,Royal London Sterl Extra Yld Bd A,1.1548
02/09/2004,Royal London Sterl Extra Yld Bd A,1.1569
02/10/2004,Royal London Sterl Extra Yld Bd A,1.1573
02/11/2004,Royal London Sterl Extra Yld Bd A,1.1595
02/12/2004,Royal London Sterl Extra Yld Bd A,1.1596
02/13/2004,Royal London Sterl Extra Yld Bd A,1.1597
02/14/2004,Royal London Sterl Extra Yld Bd A,1.1597
02/15/2004,Royal London Sterl Extra Yld Bd A,1.1597
02/16/2004,Royal London Sterl Extra Yld Bd A,1.1603
02/17/2004,Royal London Sterl Extra Yld Bd A,1.1611
02/18/2004,Royal London Sterl Extra Yld Bd A,1.1592
02/19/2004,Royal London Sterl Extra Yld Bd A,1.1567
02/20/2004,Royal London Sterl Extra Yld Bd A,1.1569
02/21/2004,Royal London Sterl Extra Yld Bd A,1.1569
02/22/2004,Royal London Sterl Extra Yld Bd A,1.1569
02/23/2004,Royal London Sterl Extra Yld Bd A,1.1577
02/24/2004,Royal London Sterl Extra Yld Bd A,1.1595
02/25/2004,Royal London Sterl Extra Yld Bd A,1.1597
02/26/2004,Royal London Sterl Extra Yld Bd A,1.1599
02/27/2004,Royal London Sterl Extra Yld Bd A,1.1618
02/28/2004,Royal London Sterl Extra Yld Bd A,1.1618
02/29/2004,Royal London Sterl Extra Yld Bd A,1.1618
03/01/2004,Royal London Sterl Extra Yld Bd A,1.1608
03/02/2004,Royal London Sterl Extra Yld Bd A,1.1619
03/03/2004,Royal London Sterl Extra Yld Bd A,1.1589
03/04/2004,Royal London Sterl Extra Yld Bd A,1.1616
03/05/2004,Royal London Sterl Extra Yld Bd A,1.1659
03/06/2004,Royal London Sterl Extra Yld Bd A,1.1659
03/07/2004,Royal London Sterl Extra Yld Bd A,1.1659
03/08/2004,Royal London Sterl Extra Yld Bd A,1.1705
03/09/2004,Royal London Sterl Extra Yld Bd A,1.1735
03/10/2004,Royal London Sterl Extra Yld Bd A,1.1742
03/11/2004,Royal London Sterl Extra Yld Bd A,1.1749
03/12/2004,Royal London Sterl Extra Yld Bd A,1.1751
03/13/2004,Royal London Sterl Extra Yld Bd A,1.1751
03/14/2004,Royal London Sterl Extra Yld Bd A,1.1751
03/15/2004,Royal London Sterl Extra Yld Bd A,1.1754
03/16/2004,Royal London Sterl Extra Yld Bd A,1.1728
03/17/2004,Royal London Sterl Extra Yld Bd A,1.1708
03/18/2004,Royal London Sterl Extra Yld Bd A,1.1719
03/19/2004,Royal London Sterl Extra Yld Bd A,1.1717
03/20/2004,Royal London Sterl Extra Yld Bd A,1.1717
03/21/2004,Royal London Sterl Extra Yld Bd A,1.1717
03/22/2004,Royal London Sterl Extra Yld Bd A,1.1717
03/23/2004,Royal London Sterl Extra Yld Bd A,1.1712
03/24/2004,Royal London Sterl Extra Yld Bd A,1.1721
03/25/2004,Royal London Sterl Extra Yld Bd A,1.1736
03/26/2004,Royal London Sterl Extra Yld Bd A,1.1721
03/27/2004,Royal London Sterl Extra Yld Bd A,1.1721
03/28/2004,Royal London Sterl Extra Yld Bd A,1.1721
03/29/2004,Royal London Sterl Extra Yld Bd A,1.1693
03/30/2004,Royal London Sterl Extra Yld Bd A,1.1682
03/31/2004,Royal London Sterl Extra Yld Bd A,1.1696
04/01/2004,Royal London Sterl Extra Yld Bd A,1.1697
04/02/2004,Royal London Sterl Extra Yld Bd A,1.1658
04/03/2004,Royal London Sterl Extra Yld Bd A,1.1658
04/04/2004,Royal London Sterl Extra Yld Bd A,1.1658
04/05/2004,Royal London Sterl Extra Yld Bd A,1.1643
04/06/2004,Royal London Sterl Extra Yld Bd A,1.1635
04/07/2004,Royal London Sterl Extra Yld Bd A,1.166
04/08/2004,Royal London Sterl Extra Yld Bd A,1.164
04/09/2004,Royal London Sterl Extra Yld Bd A,1.164
04/10/2004,Royal London Sterl Extra Yld Bd A,1.164
04/11/2004,Royal London Sterl Extra Yld Bd A,1.164
04/12/2004,Royal London Sterl Extra Yld Bd A,1.164
04/13/2004,Royal London Sterl Extra Yld Bd A,1.158
04/14/2004,Royal London Sterl Extra Yld Bd A,1.1619
04/15/2004,Royal London Sterl Extra Yld Bd A,1.1627
04/16/2004,Royal London Sterl Extra Yld Bd A,1.165
04/17/2004,Royal London Sterl Extra Yld Bd A,1.165
04/18/2004,Royal London Sterl Extra Yld Bd A,1.165
04/19/2004,Royal London Sterl Extra Yld Bd A,1.1646
04/20/2004,Royal London Sterl Extra Yld Bd A,1.1631
04/21/2004,Royal London Sterl Extra Yld Bd A,1.1635
04/22/2004,Royal London Sterl Extra Yld Bd A,1.1644
04/23/2004,Royal London Sterl Extra Yld Bd A,1.1645
04/24/2004,Royal London Sterl Extra Yld Bd A,1.1645
04/25/2004,Royal London Sterl Extra Yld Bd A,1.1645
04/26/2004,Royal London Sterl Extra Yld Bd A,1.1638
04/27/2004,Royal London Sterl Extra Yld Bd A,1.1645
04/28/2004,Royal London Sterl Extra Yld Bd A,1.1649
04/29/2004,Royal London Sterl Extra Yld Bd A,1.1677
04/30/2004,Royal London Sterl Extra Yld Bd A,1.169
05/01/2004,Royal London Sterl Extra Yld Bd A,1.169
05/02/2004,Royal London Sterl Extra Yld Bd A,1.169
05/03/2004,Royal London Sterl Extra Yld Bd A,1.169
05/04/2004,Royal London Sterl Extra Yld Bd A,1.1708
05/05/2004,Royal London Sterl Extra Yld Bd A,1.1716
05/06/2004,Royal London Sterl Extra Yld Bd A,1.1668
05/07/2004,Royal London Sterl Extra Yld Bd A,1.1618
05/08/2004,Royal London Sterl Extra Yld Bd A,1.1618
05/09/2004,Royal London Sterl Extra Yld Bd A,1.1618
05/10/2004,Royal London Sterl Extra Yld Bd A,1.1595
05/11/2004,Royal London Sterl Extra Yld Bd A,1.1592
05/12/2004,Royal London Sterl Extra Yld Bd A,1.1583
05/13/2004,Royal London Sterl Extra Yld Bd A,1.1567
05/14/2004,Royal London Sterl Extra Yld Bd A,1.1578
05/15/2004,Royal London Sterl Extra Yld Bd A,1.1578
05/16/2004,Royal London Sterl Extra Yld Bd A,1.1578
05/17/2004,Royal London Sterl Extra Yld Bd A,1.1566
05/18/2004,Royal London Sterl Extra Yld Bd A,1.1566
05/19/2004,Royal London Sterl Extra Yld Bd A,1.156
05/20/2004,Royal London Sterl Extra Yld Bd A,1.1583
05/21/2004,Royal London Sterl Extra Yld Bd A,1.158
05/22/2004,Royal London Sterl Extra Yld Bd A,1.158
05/23/2004,Royal London Sterl Extra Yld Bd A,1.158
05/24/2004,Royal London Sterl Extra Yld Bd A,1.1575
05/25/2004,Royal London Sterl Extra Yld Bd A,1.1579
05/26/2004,Royal London Sterl Extra Yld Bd A,1.1593
05/27/2004,Royal London Sterl Extra Yld Bd A,1.1612
05/28/2004,Royal London Sterl Extra Yld Bd A,1.1605
05/29/2004,Royal London Sterl Extra Yld Bd A,1.1605
05/30/2004,Royal London Sterl Extra Yld Bd A,1.1605
05/31/2004,Royal London Sterl Extra Yld Bd A,1.1605
06/01/2004,Royal London Sterl Extra Yld Bd A,1.1589
06/02/2004,Royal London Sterl Extra Yld Bd A,1.1589
06/03/2004,Royal London Sterl Extra Yld Bd A,1.1578
06/04/2004,Royal London Sterl Extra Yld Bd A,1.1589
06/05/2004,Royal London Sterl Extra Yld Bd A,1.1589
06/06/2004,Royal London Sterl Extra Yld Bd A,1.1589
06/07/2004,Royal London Sterl Extra Yld Bd A,1.1605
06/08/2004,Royal London Sterl Extra Yld Bd A,1.1613
06/09/2004,Royal London Sterl Extra Yld Bd A,1.16
06/10/2004,Royal London Sterl Extra Yld Bd A,1.1606
06/11/2004,Royal London Sterl Extra Yld Bd A,1.1616
06/12/2004,Royal London Sterl Extra Yld Bd A,1.1616
06/13/2004,Royal London Sterl Extra Yld Bd A,1.1616
06/14/2004,Royal London Sterl Extra Yld Bd A,1.1635
06/15/2004,Royal London Sterl Extra Yld Bd A,1.1658
06/16/2004,Royal London Sterl Extra Yld Bd A,1.165
06/17/2004,Royal London Sterl Extra Yld Bd A,1.1638
06/18/2004,Royal London Sterl Extra Yld Bd A,1.1638
06/19/2004,Royal London Sterl Extra Yld Bd A,1.1638
06/20/2004,Royal London Sterl Extra Yld Bd A,1.1638
06/21/2004,Royal London Sterl Extra Yld Bd A,1.1689
06/22/2004,Royal London Sterl Extra Yld Bd A,1.1697
06/23/2004,Royal London Sterl Extra Yld Bd A,1.1706
06/24/2004,Royal London Sterl Extra Yld Bd A,1.1737
06/25/2004,Royal London Sterl Extra Yld Bd A,1.1738
06/26/2004,Royal London Sterl Extra Yld Bd A,1.1738
06/27/2004,Royal London Sterl Extra Yld Bd A,1.1738
06/28/2004,Royal London Sterl Extra Yld Bd A,1.1724
06/29/2004,Royal London Sterl Extra Yld Bd A,1.1736
06/30/2004,Royal London Sterl Extra Yld Bd A,1.1769
07/01/2004,Royal London Sterl Extra Yld Bd A,1.1788
07/02/2004,Royal London Sterl Extra Yld Bd A,1.1818
07/03/2004,Royal London Sterl Extra Yld Bd A,1.1818
07/04/2004,Royal London Sterl Extra Yld Bd A,1.1818
07/05/2004,Royal London Sterl Extra Yld Bd A,1.1817
07/06/2004,Royal London Sterl Extra Yld Bd A,1.1806
07/07/2004,Royal London Sterl Extra Yld Bd A,1.1816
07/08/2004,Royal London Sterl Extra Yld Bd A,1.1828
07/09/2004,Royal London Sterl Extra Yld Bd A,1.1793
07/10/2004,Royal London Sterl Extra Yld Bd A,1.1793
07/11/2004,Royal London Sterl Extra Yld Bd A,1.1793
07/12/2004,Royal London Sterl Extra Yld Bd A,1.1821
07/13/2004,Royal London Sterl Extra Yld Bd A,1.1802
07/14/2004,Royal London Sterl Extra Yld Bd A,1.1812
07/15/2004,Royal London Sterl Extra Yld Bd A,1.1818
07/16/2004,Royal London Sterl Extra Yld Bd A,1.1831
07/17/2004,Royal London Sterl Extra Yld Bd A,1.1831
07/18/2004,Royal London Sterl Extra Yld Bd A,1.1831
07/19/2004,Royal London Sterl Extra Yld Bd A,1.1843
07/20/2004,Royal London Sterl Extra Yld Bd A,1.1873
07/21/2004,Royal London Sterl Extra Yld Bd A,1.1852
07/22/2004,Royal London Sterl Extra Yld Bd A,1.1853
07/23/2004,Royal London Sterl Extra Yld Bd A,1.1852
07/24/2004,Royal London Sterl Extra Yld Bd A,1.1852
07/25/2004,Royal London Sterl Extra Yld Bd A,1.1852
07/26/2004,Royal London Sterl Extra Yld Bd A,1.1839
07/27/2004,Royal London Sterl Extra Yld Bd A,1.1839
07/28/2004,Royal London Sterl Extra Yld Bd A,1.1819
07/29/2004,Royal London Sterl Extra Yld Bd A,1.1832
07/30/2004,Royal London Sterl Extra Yld Bd A,1.1861
07/31/2004,Royal London Sterl Extra Yld Bd A,1.1861
08/01/2004,Royal London Sterl Extra Yld Bd A,1.1861
08/02/2004,Royal London Sterl Extra Yld Bd A,1.1872
08/03/2004,Royal London Sterl Extra Yld Bd A,1.1882
08/04/2004,Royal London Sterl Extra Yld Bd A,1.1912
08/05/2004,Royal London Sterl Extra Yld Bd A,1.194
08/06/2004,Royal London Sterl Extra Yld Bd A,1.1991
08/07/2004,Royal London Sterl Extra Yld Bd A,1.1991
08/08/2004,Royal London Sterl Extra Yld Bd A,1.1991
08/09/2004,Royal London Sterl Extra Yld Bd A,1.1999
08/10/2004,Royal London Sterl Extra Yld Bd A,1.2017
08/11/2004,Royal London Sterl Extra Yld Bd A,1.2011
08/12/2004,Royal London Sterl Extra Yld Bd A,1.203
08/13/2004,Royal London Sterl Extra Yld Bd A,1.2071
08/14/2004,Royal London Sterl Extra Yld Bd A,1.2071
08/15/2004,Royal London Sterl Extra Yld Bd A,1.2071
08/16/2004,Royal London Sterl Extra Yld Bd A,1.2066
08/17/2004,Royal London Sterl Extra Yld Bd A,1.2077
08/18/2004,Royal London Sterl Extra Yld Bd A,1.2098
08/19/2004,Royal London Sterl Extra Yld Bd A,1.2111
08/20/2004,Royal London Sterl Extra Yld Bd A,1.2135
08/21/2004,Royal London Sterl Extra Yld Bd A,1.2135
08/22/2004,Royal London Sterl Extra Yld Bd A,1.2135
08/23/2004,Royal London Sterl Extra Yld Bd A,1.2098
08/24/2004,Royal London Sterl Extra Yld Bd A,1.2103
08/25/2004,Royal London Sterl Extra Yld Bd A,1.2129
08/26/2004,Royal London Sterl Extra Yld Bd A,1.2157
08/27/2004,Royal London Sterl Extra Yld Bd A,1.2164
08/28/2004,Royal London Sterl Extra Yld Bd A,1.2164
08/29/2004,Royal London Sterl Extra Yld Bd A,1.2164
08/30/2004,Royal London Sterl Extra Yld Bd A,1.2164
08/31/2004,Royal London Sterl Extra Yld Bd A,1.2197
09/01/2004,Royal London Sterl Extra Yld Bd A,1.2212
09/02/2004,Royal London Sterl Extra Yld Bd A,1.219
09/03/2004,Royal London Sterl Extra Yld Bd A,1.2138
09/04/2004,Royal London Sterl Extra Yld Bd A,1.2138
09/05/2004,Royal London Sterl Extra Yld Bd A,1.2138
09/06/2004,Royal London Sterl Extra Yld Bd A,1.2203
09/07/2004,Royal London Sterl Extra Yld Bd A,1.2216
09/08/2004,Royal London Sterl Extra Yld Bd A,1.2216
09/09/2004,Royal London Sterl Extra Yld Bd A,1.2245
09/10/2004,Royal London Sterl Extra Yld Bd A,1.2254
09/11/2004,Royal London Sterl Extra Yld Bd A,1.2254
09/12/2004,Royal London Sterl Extra Yld Bd A,1.2254
09/13/2004,Royal London Sterl Extra Yld Bd A,1.2258
09/14/2004,Royal London Sterl Extra Yld Bd A,1.2269
09/15/2004,Royal London Sterl Extra Yld Bd A,1.2288
09/16/2004,Royal London Sterl Extra Yld Bd A,1.2277
09/17/2004,Royal London Sterl Extra Yld Bd A,1.2288
09/18/2004,Royal London Sterl Extra Yld Bd A,1.2288
09/19/2004,Royal London Sterl Extra Yld Bd A,1.2288
09/20/2004,Royal London Sterl Extra Yld Bd A,1.2311
09/21/2004,Royal London Sterl Extra Yld Bd A,1.2341
09/22/2004,Royal London Sterl Extra Yld Bd A,1.2365
09/23/2004,Royal London Sterl Extra Yld Bd A,1.2386
09/24/2004,Royal London Sterl Extra Yld Bd A,1.2377
09/25/2004,Royal London Sterl Extra Yld Bd A,1.2377
09/26/2004,Royal London Sterl Extra Yld Bd A,1.2377
09/27/2004,Royal London Sterl Extra Yld Bd A,1.2393
09/28/2004,Royal London Sterl Extra Yld Bd A,1.2397
09/29/2004,Royal London Sterl Extra Yld Bd A,1.2401
09/30/2004,Royal London Sterl Extra Yld Bd A,1.24
10/01/2004,Royal London Sterl Extra Yld Bd A,1.2352
10/02/2004,Royal London Sterl Extra Yld Bd A,1.2352
10/03/2004,Royal London Sterl Extra Yld Bd A,1.2352
10/04/2004,Royal London Sterl Extra Yld Bd A,1.2355
10/05/2004,Royal London Sterl Extra Yld Bd A,1.238
10/06/2004,Royal London Sterl Extra Yld Bd A,1.2393
10/07/2004,Royal London Sterl Extra Yld Bd A,1.2399
10/08/2004,Royal London Sterl Extra Yld Bd A,1.2437
10/09/2004,Royal London Sterl Extra Yld Bd A,1.2437
10/10/2004,Royal London Sterl Extra Yld Bd A,1.2437
10/11/2004,Royal London Sterl Extra Yld Bd A,1.2446
10/12/2004,Royal London Sterl Extra Yld Bd A,1.2466
10/13/2004,Royal London Sterl Extra Yld Bd A,1.2472
10/14/2004,Royal London Sterl Extra Yld Bd A,1.2476
10/15/2004,Royal London Sterl Extra Yld Bd A,1.2489
10/16/2004,Royal London Sterl Extra Yld Bd A,1.2489
10/17/2004,Royal London Sterl Extra Yld Bd A,1.2489
10/18/2004,Royal London Sterl Extra Yld Bd A,1.2511
10/19/2004,Royal London Sterl Extra Yld Bd A,1.2503
10/20/2004,Royal London Sterl Extra Yld Bd A,1.2514
10/21/2004,Royal London Sterl Extra Yld Bd A,1.2502
10/22/2004,Royal London Sterl Extra Yld Bd A,1.2528
10/23/2004,Royal London Sterl Extra Yld Bd A,1.2528
10/24/2004,Royal London Sterl Extra Yld Bd A,1.2528
10/25/2004,Royal London Sterl Extra Yld Bd A,1.2544
10/26/2004,Royal London Sterl Extra Yld Bd A,1.254
10/27/2004,Royal London Sterl Extra Yld Bd A,1.2482
10/28/2004,Royal London Sterl Extra Yld Bd A,1.2539
10/29/2004,Royal London Sterl Extra Yld Bd A,1.2547
10/30/2004,Royal London Sterl Extra Yld Bd A,1.2547
10/31/2004,Royal London Sterl Extra Yld Bd A,1.2547
11/01/2004,Royal London Sterl Extra Yld Bd A,1.2561
11/02/2004,Royal London Sterl Extra Yld Bd A,1.2538
11/03/2004,Royal London Sterl Extra Yld Bd A,1.2554
11/04/2004,Royal London Sterl Extra Yld Bd A,1.2595
11/05/2004,Royal London Sterl Extra Yld Bd A,1.2596
11/06/2004,Royal London Sterl Extra Yld Bd A,1.2596
11/07/2004,Royal London Sterl Extra Yld Bd A,1.2596
11/08/2004,Royal London Sterl Extra Yld Bd A,1.2601
11/09/2004,Royal London Sterl Extra Yld Bd A,1.2615
11/10/2004,Royal London Sterl Extra Yld Bd A,1.2644
11/11/2004,Royal London Sterl Extra Yld Bd A,1.2672
11/12/2004,Royal London Sterl Extra Yld Bd A,1.2707
11/13/2004,Royal London Sterl Extra Yld Bd A,1.2707
11/14/2004,Royal London Sterl Extra Yld Bd A,1.2707
11/15/2004,Royal London Sterl Extra Yld Bd A,1.2722
11/16/2004,Royal London Sterl Extra Yld Bd A,1.273
11/17/2004,Royal London Sterl Extra Yld Bd A,1.2724
11/18/2004,Royal London Sterl Extra Yld Bd A,1.2709
11/19/2004,Royal London Sterl Extra Yld Bd A,1.2727
11/20/2004,Royal London Sterl Extra Yld Bd A,1.2727
11/21/2004,Royal London Sterl Extra Yld Bd A,1.2727
11/22/2004,Royal London Sterl Extra Yld Bd A,1.275
11/23/2004,Royal London Sterl Extra Yld Bd A,1.2765
11/24/2004,Royal London Sterl Extra Yld Bd A,1.2794
11/25/2004,Royal London Sterl Extra Yld Bd A,1.2818
11/26/2004,Royal London Sterl Extra Yld Bd A,1.2825
11/27/2004,Royal London Sterl Extra Yld Bd A,1.2825
11/28/2004,Royal London Sterl Extra Yld Bd A,1.2825
11/29/2004,Royal London Sterl Extra Yld Bd A,1.28162
11/30/2004,Royal London Sterl Extra Yld Bd A,1.2812
12/01/2004,Royal London Sterl Extra Yld Bd A,1.2803
12/02/2004,Royal London Sterl Extra Yld Bd A,1.2799
12/03/2004,Royal London Sterl Extra Yld Bd A,1.2814
12/04/2004,Royal London Sterl Extra Yld Bd A,1.2814
12/05/2004,Royal London Sterl Extra Yld Bd A,1.2814
12/06/2004,Royal London Sterl Extra Yld Bd A,1.2841
12/07/2004,Royal London Sterl Extra Yld Bd A,1.286
12/08/2004,Royal London Sterl Extra Yld Bd A,1.2871
12/09/2004,Royal London Sterl Extra Yld Bd A,1.289
12/10/2004,Royal London Sterl Extra Yld Bd A,1.2894
12/11/2004,Royal London Sterl Extra Yld Bd A,1.2894
12/12/2004,Royal London Sterl Extra Yld Bd A,1.2894
12/13/2004,Royal London Sterl Extra Yld Bd A,1.29
12/14/2004,Royal London Sterl Extra Yld Bd A,1.2904
12/15/2004,Royal London Sterl Extra Yld Bd A,1.2928
12/16/2004,Royal London Sterl Extra Yld Bd A,1.2928
12/17/2004,Royal London Sterl Extra Yld Bd A,1.2934
12/18/2004,Royal London Sterl Extra Yld Bd A,1.2934
12/19/2004,Royal London Sterl Extra Yld Bd A,1.2934
12/20/2004,Royal London Sterl Extra Yld Bd A,1.295
12/21/2004,Royal London Sterl Extra Yld Bd A,1.2973
12/22/2004,Royal London Sterl Extra Yld Bd A,1.2998
12/23/2004,Royal London Sterl Extra Yld Bd A,1.3008
12/24/2004,Royal London Sterl Extra Yld Bd A,1.3016
12/25/2004,Royal London Sterl Extra Yld Bd A,1.3016
12/26/2004,Royal London Sterl Extra Yld Bd A,1.3016
12/27/2004,Royal London Sterl Extra Yld Bd A,1.3016
12/28/2004,Royal London Sterl Extra Yld Bd A,1.3016
12/29/2004,Royal London Sterl Extra Yld Bd A,1.2982
12/30/2004,Royal London Sterl Extra Yld Bd A,1.2973
12/31/2004,Royal London Sterl Extra Yld Bd A,1.2987
01/01/2005,Royal London Sterl Extra Yld Bd A,1.2987
01/02/2005,Royal London Sterl Extra Yld Bd A,1.2987
01/03/2005,Royal London Sterl Extra Yld Bd A,1.2987
01/04/2005,Royal London Sterl Extra Yld Bd A,1.2871
01/05/2005,Royal London Sterl Extra Yld Bd A,1.2872
01/06/2005,Royal London Sterl Extra Yld Bd A,1.2879
01/07/2005,Royal London Sterl Extra Yld Bd A,1.2893
01/08/2005,Royal London Sterl Extra Yld Bd A,1.2893
01/09/2005,Royal London Sterl Extra Yld Bd A,1.2893
01/10/2005,Royal London Sterl Extra Yld Bd A,1.2902
01/11/2005,Royal London Sterl Extra Yld Bd A,1.2907
01/12/2005,Royal London Sterl Extra Yld Bd A,1.2915
01/13/2005,Royal London Sterl Extra Yld Bd A,1.2923
01/14/2005,Royal London Sterl Extra Yld Bd A,1.2939
01/15/2005,Royal London Sterl Extra Yld Bd A,1.2939
01/16/2005,Royal London Sterl Extra Yld Bd A,1.2939
01/17/2005,Royal London Sterl Extra Yld Bd A,1.2952
01/18/2005,Royal London Sterl Extra Yld Bd A,1.2928
01/19/2005,Royal London Sterl Extra Yld Bd A,1.2909
01/20/2005,Royal London Sterl Extra Yld Bd A,1.2887
01/21/2005,Royal London Sterl Extra Yld Bd A,1.2908
01/22/2005,Royal London Sterl Extra Yld Bd A,1.2908
01/23/2005,Royal London Sterl Extra Yld Bd A,1.2908
01/24/2005,Royal London Sterl Extra Yld Bd A,1.2917
01/25/2005,Royal London Sterl Extra Yld Bd A,1.2937
01/26/2005,Royal London Sterl Extra Yld Bd A,1.2944
01/27/2005,Royal London Sterl Extra Yld Bd A,1.2936
01/28/2005,Royal London Sterl Extra Yld Bd A,1.2944
01/29/2005,Royal London Sterl Extra Yld Bd A,1.2944
01/30/2005,Royal London Sterl Extra Yld Bd A,1.2944
01/31/2005,Royal London Sterl Extra Yld Bd A,1.2959
02/01/2005,Royal London Sterl Extra Yld Bd A,1.2977
02/02/2005,Royal London Sterl Extra Yld Bd A,1.2995
02/03/2005,Royal London Sterl Extra Yld Bd A,1.3021
02/04/2005,Royal London Sterl Extra Yld Bd A,1.3056
02/05/2005,Royal London Sterl Extra Yld Bd A,1.3056
02/06/2005,Royal London Sterl Extra Yld Bd A,1.3056
02/07/2005,Royal London Sterl Extra Yld Bd A,1.3098
02/08/2005,Royal London Sterl Extra Yld Bd A,1.3134
02/09/2005,Royal London Sterl Extra Yld Bd A,1.3158
02/10/2005,Royal London Sterl Extra Yld Bd A,1.3166
02/11/2005,Royal London Sterl Extra Yld Bd A,1.317
02/12/2005,Royal London Sterl Extra Yld Bd A,1.317
02/13/2005,Royal London Sterl Extra Yld Bd A,1.317
02/14/2005,Royal London Sterl Extra Yld Bd A,1.3165
02/15/2005,Royal London Sterl Extra Yld Bd A,1.3166
02/16/2005,Royal London Sterl Extra Yld Bd A,1.318
02/17/2005,Royal London Sterl Extra Yld Bd A,1.3168
02/18/2005,Royal London Sterl Extra Yld Bd A,1.3145
02/19/2005,Royal London Sterl Extra Yld Bd A,1.3145
02/20/2005,Royal London Sterl Extra Yld Bd A,1.3145
02/21/2005,Royal London Sterl Extra Yld Bd A,1.3123
02/22/2005,Royal London Sterl Extra Yld Bd A,1.3127
02/23/2005,Royal London Sterl Extra Yld Bd A,1.312
02/24/2005,Royal London Sterl Extra Yld Bd A,1.3109
02/25/2005,Royal London Sterl Extra Yld Bd A,1.3117
02/26/2005,Royal London Sterl Extra Yld Bd A,1.3117
02/27/2005,Royal London Sterl Extra Yld Bd A,1.3117
02/28/2005,Royal London Sterl Extra Yld Bd A,1.3134
03/01/2005,Royal London Sterl Extra Yld Bd A,1.3115
03/02/2005,Royal London Sterl Extra Yld Bd A,1.3083
03/03/2005,Royal London Sterl Extra Yld Bd A,1.3087
03/04/2005,Royal London Sterl Extra Yld Bd A,1.3104
03/05/2005,Royal London Sterl Extra Yld Bd A,1.3104
03/06/2005,Royal London Sterl Extra Yld Bd A,1.3104
03/07/2005,Royal London Sterl Extra Yld Bd A,1.3117
03/08/2005,Royal London Sterl Extra Yld Bd A,1.3106
03/09/2005,Royal London Sterl Extra Yld Bd A,1.3116
03/10/2005,Royal London Sterl Extra Yld Bd A,1.3104
03/11/2005,Royal London Sterl Extra Yld Bd A,1.3118
03/12/2005,Royal London Sterl Extra Yld Bd A,1.3118
03/13/2005,Royal London Sterl Extra Yld Bd A,1.3118
03/14/2005,Royal London Sterl Extra Yld Bd A,1.3112
03/15/2005,Royal London Sterl Extra Yld Bd A,1.3134
03/16/2005,Royal London Sterl Extra Yld Bd A,1.3124
03/17/2005,Royal London Sterl Extra Yld Bd A,1.3085
03/18/2005,Royal London Sterl Extra Yld Bd A,1.3069
03/19/2005,Royal London Sterl Extra Yld Bd A,1.3069
03/20/2005,Royal London Sterl Extra Yld Bd A,1.3069
03/21/2005,Royal London Sterl Extra Yld Bd A,1.3031
03/22/2005,Royal London Sterl Extra Yld Bd A,1.3042
03/23/2005,Royal London Sterl Extra Yld Bd A,1.303
03/24/2005,Royal London Sterl Extra Yld Bd A,1.3049
03/25/2005,Royal London Sterl Extra Yld Bd A,1.3049
03/26/2005,Royal London Sterl Extra Yld Bd A,1.3049
03/27/2005,Royal London Sterl Extra Yld Bd A,1.3049
03/28/2005,Royal London Sterl Extra Yld Bd A,1.3049
03/29/2005,Royal London Sterl Extra Yld Bd A,1.3053
03/30/2005,Royal London Sterl Extra Yld Bd A,1.3075
03/31/2005,Royal London Sterl Extra Yld Bd A,1.3076
04/01/2005,Royal London Sterl Extra Yld Bd A,1.2847
04/02/2005,Royal London Sterl Extra Yld Bd A,1.2847
04/03/2005,Royal London Sterl Extra Yld Bd A,1.2847
04/04/2005,Royal London Sterl Extra Yld Bd A,1.2839
04/05/2005,Royal London Sterl Extra Yld Bd A,1.284
04/06/2005,Royal London Sterl Extra Yld Bd A,1.2858
04/07/2005,Royal London Sterl Extra Yld Bd A,1.2892
04/08/2005,Royal London Sterl Extra Yld Bd A,1.2897
04/09/2005,Royal London Sterl Extra Yld Bd A,1.2897
04/10/2005,Royal London Sterl Extra Yld Bd A,1.2897
04/11/2005,Royal London Sterl Extra Yld Bd A,1.2883
04/12/2005,Royal London Sterl Extra Yld Bd A,1.2881
04/13/2005,Royal London Sterl Extra Yld Bd A,1.2877
04/14/2005,Royal London Sterl Extra Yld Bd A,1.2877
04/15/2005,Royal London Sterl Extra Yld Bd A,1.2858
04/16/2005,Royal London Sterl Extra Yld Bd A,1.2858
04/17/2005,Royal London Sterl Extra Yld Bd A,1.2858
04/18/2005,Royal London Sterl Extra Yld Bd A,1.2854
04/19/2005,Royal London Sterl Extra Yld Bd A,1.2868
04/20/2005,Royal London Sterl Extra Yld Bd A,1.2891
04/21/2005,Royal London Sterl Extra Yld Bd A,1.2925
04/22/2005,Royal London Sterl Extra Yld Bd A,1.2934
04/23/2005,Royal London Sterl Extra Yld Bd A,1.2934
04/24/2005,Royal London Sterl Extra Yld Bd A,1.2934
04/25/2005,Royal London Sterl Extra Yld Bd A,1.2931
04/26/2005,Royal London Sterl Extra Yld Bd A,1.2961
04/27/2005,Royal London Sterl Extra Yld Bd A,1.2949
04/28/2005,Royal London Sterl Extra Yld Bd A,1.2935
04/29/2005,Royal London Sterl Extra Yld Bd A,1.2936
04/30/2005,Royal London Sterl Extra Yld Bd A,1.2936
05/01/2005,Royal London Sterl Extra Yld Bd A,1.2936
05/02/2005,Royal London Sterl Extra Yld Bd A,1.2936
05/03/2005,Royal London Sterl Extra Yld Bd A,1.2976
05/04/2005,Royal London Sterl Extra Yld Bd A,1.296
05/05/2005,Royal London Sterl Extra Yld Bd A,1.296
05/06/2005,Royal London Sterl Extra Yld Bd A,1.2923
05/07/2005,Royal London Sterl Extra Yld Bd A,1.2923
05/08/2005,Royal London Sterl Extra Yld Bd A,1.2923
05/09/2005,Royal London Sterl Extra Yld Bd A,1.2926
05/10/2005,Royal London Sterl Extra Yld Bd A,1.2931
05/11/2005,Royal London Sterl Extra Yld Bd A,1.295
05/12/2005,Royal London Sterl Extra Yld Bd A,1.2967
05/13/2005,Royal London Sterl Extra Yld Bd A,1.2967
05/14/2005,Royal London Sterl Extra Yld Bd A,1.2967
05/15/2005,Royal London Sterl Extra Yld Bd A,1.2967
05/16/2005,Royal London Sterl Extra Yld Bd A,1.2966
05/17/2005,Royal London Sterl Extra Yld Bd A,1.2954
05/18/2005,Royal London Sterl Extra Yld Bd A,1.2965
05/19/2005,Royal London Sterl Extra Yld Bd A,1.2991
05/20/2005,Royal London Sterl Extra Yld Bd A,1.3007
05/21/2005,Royal London Sterl Extra Yld Bd A,1.3007
05/22/2005,Royal London Sterl Extra Yld Bd A,1.3007
05/23/2005,Royal London Sterl Extra Yld Bd A,1.3029
05/24/2005,Royal London Sterl Extra Yld Bd A,1.3056
05/25/2005,Royal London Sterl Extra Yld Bd A,1.3067
05/26/2005,Royal London Sterl Extra Yld Bd A,1.3068
05/27/2005,Royal London Sterl Extra Yld Bd A,1.3088
05/28/2005,Royal London Sterl Extra Yld Bd A,1.3088
05/29/2005,Royal London Sterl Extra Yld Bd A,1.3088
05/30/2005,Royal London Sterl Extra Yld Bd A,1.3088
05/31/2005,Royal London Sterl Extra Yld Bd A,1.3072
06/01/2005,Royal London Sterl Extra Yld Bd A,1.3175
06/02/2005,Royal London Sterl Extra Yld Bd A,1.3208
06/03/2005,Royal London Sterl Extra Yld Bd A,1.3256
06/04/2005,Royal London Sterl Extra Yld Bd A,1.3256
06/05/2005,Royal London Sterl Extra Yld Bd A,1.3256
06/06/2005,Royal London Sterl Extra Yld Bd A,1.3251
06/07/2005,Royal London Sterl Extra Yld Bd A,1.3264
06/08/2005,Royal London Sterl Extra Yld Bd A,1.3288
06/09/2005,Royal London Sterl Extra Yld Bd A,1.3286
06/10/2005,Royal London Sterl Extra Yld Bd A,1.3287
06/11/2005,Royal London Sterl Extra Yld Bd A,1.3287
06/12/2005,Royal London Sterl Extra Yld Bd A,1.3287
06/13/2005,Royal London Sterl Extra Yld Bd A,1.3274
06/14/2005,Royal London Sterl Extra Yld Bd A,1.3261
06/15/2005,Royal London Sterl Extra Yld Bd A,1.3229
06/16/2005,Royal London Sterl Extra Yld Bd A,1.3223
06/17/2005,Royal London Sterl Extra Yld Bd A,1.3242
06/18/2005,Royal London Sterl Extra Yld Bd A,1.3242
06/19/2005,Royal London Sterl Extra Yld Bd A,1.3242
06/20/2005,Royal London Sterl Extra Yld Bd A,1.3242
06/21/2005,Royal London Sterl Extra Yld Bd A,1.327
06/22/2005,Royal London Sterl Extra Yld Bd A,1.327
06/23/2005,Royal London Sterl Extra Yld Bd A,1.3322
06/24/2005,Royal London Sterl Extra Yld Bd A,1.3343
06/25/2005,Royal London Sterl Extra Yld Bd A,1.3343
06/26/2005,Royal London Sterl Extra Yld Bd A,1.3343
06/27/2005,Royal London Sterl Extra Yld Bd A,1.3372
06/28/2005,Royal London Sterl Extra Yld Bd A,1.337
06/29/2005,Royal London Sterl Extra Yld Bd A,1.3397
06/30/2005,Royal London Sterl Extra Yld Bd A,1.3448
07/01/2005,Royal London Sterl Extra Yld Bd A,1.3299
07/02/2005,Royal London Sterl Extra Yld Bd A,1.3299
07/03/2005,Royal London Sterl Extra Yld Bd A,1.3299
07/04/2005,Royal London Sterl Extra Yld Bd A,1.3303
07/05/2005,Royal London Sterl Extra Yld Bd A,1.3293
07/06/2005,Royal London Sterl Extra Yld Bd A,1.329
07/07/2005,Royal London Sterl Extra Yld Bd A,1.3333
07/08/2005,Royal London Sterl Extra Yld Bd A,1.335
07/09/2005,Royal London Sterl Extra Yld Bd A,1.335
07/10/2005,Royal London Sterl Extra Yld Bd A,1.335
07/11/2005,Royal London Sterl Extra Yld Bd A,1.3329
07/12/2005,Royal London Sterl Extra Yld Bd A,1.3321
07/13/2005,Royal London Sterl Extra Yld Bd A,1.3335
07/14/2005,Royal London Sterl Extra Yld Bd A,1.3331
07/15/2005,Royal London Sterl Extra Yld Bd A,1.3339
07/16/2005,Royal London Sterl Extra Yld Bd A,1.3339
07/17/2005,Royal London Sterl Extra Yld Bd A,1.3339
07/18/2005,Royal London Sterl Extra Yld Bd A,1.3371
07/19/2005,Royal London Sterl Extra Yld Bd A,1.3384
07/20/2005,Royal London Sterl Extra Yld Bd A,1.3377
07/21/2005,Royal London Sterl Extra Yld Bd A,1.3358
07/22/2005,Royal London Sterl Extra Yld Bd A,1.3397
07/23/2005,Royal London Sterl Extra Yld Bd A,1.3397
07/24/2005,Royal London Sterl Extra Yld Bd A,1.3397
07/25/2005,Royal London Sterl Extra Yld Bd A,1.3399
07/26/2005,Royal London Sterl Extra Yld Bd A,1.3381
07/27/2005,Royal London Sterl Extra Yld Bd A,1.3376
07/28/2005,Royal London Sterl Extra Yld Bd A,1.3381
07/29/2005,Royal London Sterl Extra Yld Bd A,1.3385
07/30/2005,Royal London Sterl Extra Yld Bd A,1.3385
07/31/2005,Royal London Sterl Extra Yld Bd A,1.3385
08/01/2005,Royal London Sterl Extra Yld Bd A,1.3366
08/02/2005,Royal London Sterl Extra Yld Bd A,1.3353
08/03/2005,Royal London Sterl Extra Yld Bd A,1.3366
08/04/2005,Royal London Sterl Extra Yld Bd A,1.3382
08/05/2005,Royal London Sterl Extra Yld Bd A,1.3369
08/06/2005,Royal London Sterl Extra Yld Bd A,1.3369
08/07/2005,Royal London Sterl Extra Yld Bd A,1.3369
08/08/2005,Royal London Sterl Extra Yld Bd A,1.3364
08/09/2005,Royal London Sterl Extra Yld Bd A,1.337
08/10/2005,Royal London Sterl Extra Yld Bd A,1.338
08/11/2005,Royal London Sterl Extra Yld Bd A,1.3384
08/12/2005,Royal London Sterl Extra Yld Bd A,1.3417
08/13/2005,Royal London Sterl Extra Yld Bd A,1.3417
08/14/2005,Royal London Sterl Extra Yld Bd A,1.3417
08/15/2005,Royal London Sterl Extra Yld Bd A,1.3423
08/16/2005,Royal London Sterl Extra Yld Bd A,1.3442
08/17/2005,Royal London Sterl Extra Yld Bd A,1.3441
08/18/2005,Royal London Sterl Extra Yld Bd A,1.3479
08/19/2005,Royal London Sterl Extra Yld Bd A,1.3494
08/20/2005,Royal London Sterl Extra Yld Bd A,1.3494
08/21/2005,Royal London Sterl Extra Yld Bd A,1.3494
08/22/2005,Royal London Sterl Extra Yld Bd A,1.3508
08/23/2005,Royal London Sterl Extra Yld Bd A,1.3522
08/24/2005,Royal London Sterl Extra Yld Bd A,1.354
08/25/2005,Royal London Sterl Extra Yld Bd A,1.3548
08/26/2005,Royal London Sterl Extra Yld Bd A,1.3558
08/27/2005,Royal London Sterl Extra Yld Bd A,1.3558
08/28/2005,Royal London Sterl Extra Yld Bd A,1.3558
08/29/2005,Royal London Sterl Extra Yld Bd A,1.3558
08/30/2005,Royal London Sterl Extra Yld Bd A,1.3581
08/31/2005,Royal London Sterl Extra Yld Bd A,1.3588
09/01/2005,Royal London Sterl Extra Yld Bd A,1.3591
09/02/2005,Royal London Sterl Extra Yld Bd A,1.3591
09/03/2005,Royal London Sterl Extra Yld Bd A,1.3591
09/04/2005,Royal London Sterl Extra Yld Bd A,1.3591
09/05/2005,Royal London Sterl Extra Yld Bd A,1.3592
09/06/2005,Royal London Sterl Extra Yld Bd A,1.3576
09/07/2005,Royal London Sterl Extra Yld Bd A,1.3559
09/08/2005,Royal London Sterl Extra Yld Bd A,1.3572
09/09/2005,Royal London Sterl Extra Yld Bd A,1.3598
09/10/2005,Royal London Sterl Extra Yld Bd A,1.3598
09/11/2005,Royal London Sterl Extra Yld Bd A,1.3598
09/12/2005,Royal London Sterl Extra Yld Bd A,1.3579
09/13/2005,Royal London Sterl Extra Yld Bd A,1.3594
09/14/2005,Royal London Sterl Extra Yld Bd A,1.3612
09/15/2005,Royal London Sterl Extra Yld Bd A,1.3623
09/16/2005,Royal London Sterl Extra Yld Bd A,1.3606
09/17/2005,Royal London Sterl Extra Yld Bd A,1.3606
09/18/2005,Royal London Sterl Extra Yld Bd A,1.3606
09/19/2005,Royal London Sterl Extra Yld Bd A,1.3607
09/20/2005,Royal London Sterl Extra Yld Bd A,1.3615
09/21/2005,Royal London Sterl Extra Yld Bd A,1.3649
09/22/2005,Royal London Sterl Extra Yld Bd A,1.3649
09/23/2005,Royal London Sterl Extra Yld Bd A,1.3644
09/24/2005,Royal London Sterl Extra Yld Bd A,1.3644
09/25/2005,Royal London Sterl Extra Yld Bd A,1.3644
09/26/2005,Royal London Sterl Extra Yld Bd A,1.3614
09/27/2005,Royal London Sterl Extra Yld Bd A,1.3614
09/28/2005,Royal London Sterl Extra Yld Bd A,1.3634
09/29/2005,Royal London Sterl Extra Yld Bd A,1.3648
09/30/2005,Royal London Sterl Extra Yld Bd A,1.3633
10/01/2005,Royal London Sterl Extra Yld Bd A,1.3633
10/02/2005,Royal London Sterl Extra Yld Bd A,1.3633
10/03/2005,Royal London Sterl Extra Yld Bd A,1.3393
10/04/2005,Royal London Sterl Extra Yld Bd A,1.3413
10/05/2005,Royal London Sterl Extra Yld Bd A,1.343
10/06/2005,Royal London Sterl Extra Yld Bd A,1.3436
10/07/2005,Royal London Sterl Extra Yld Bd A,1.3451
10/08/2005,Royal London Sterl Extra Yld Bd A,1.3451
10/09/2005,Royal London Sterl Extra Yld Bd A,1.3451
10/10/2005,Royal London Sterl Extra Yld Bd A,1.3444
10/11/2005,Royal London Sterl Extra Yld Bd A,1.3432
10/12/2005,Royal London Sterl Extra Yld Bd A,1.3392
10/13/2005,Royal London Sterl Extra Yld Bd A,1.3336
10/14/2005,Royal London Sterl Extra Yld Bd A,1.3318
10/15/2005,Royal London Sterl Extra Yld Bd A,1.3318
10/16/2005,Royal London Sterl Extra Yld Bd A,1.3318
10/17/2005,Royal London Sterl Extra Yld Bd A,1.335
10/18/2005,Royal London Sterl Extra Yld Bd A,1.3365
10/19/2005,Royal London Sterl Extra Yld Bd A,1.3357
10/20/2005,Royal London Sterl Extra Yld Bd A,1.3337
10/21/2005,Royal London Sterl Extra Yld Bd A,1.3348
10/22/2005,Royal London Sterl Extra Yld Bd A,1.3348
10/23/2005,Royal London Sterl Extra Yld Bd A,1.3348
10/24/2005,Royal London Sterl Extra Yld Bd A,1.3372
10/25/2005,Royal London Sterl Extra Yld Bd A,1.3359
10/26/2005,Royal London Sterl Extra Yld Bd A,1.3352
10/27/2005,Royal London Sterl Extra Yld Bd A,1.336
10/28/2005,Royal London Sterl Extra Yld Bd A,1.3375
10/29/2005,Royal London Sterl Extra Yld Bd A,1.3375
10/30/2005,Royal London Sterl Extra Yld Bd A,1.3375
10/31/2005,Royal London Sterl Extra Yld Bd A,1.3398
11/01/2005,Royal London Sterl Extra Yld Bd A,1.3419
11/02/2005,Royal London Sterl Extra Yld Bd A,1.3387
11/03/2005,Royal London Sterl Extra Yld Bd A,1.3369
11/04/2005,Royal London Sterl Extra Yld Bd A,1.3377
11/05/2005,Royal London Sterl Extra Yld Bd A,1.3377
11/06/2005,Royal London Sterl Extra Yld Bd A,1.3377
11/07/2005,Royal London Sterl Extra Yld Bd A,1.3386
11/08/2005,Royal London Sterl Extra Yld Bd A,1.3407
11/09/2005,Royal London Sterl Extra Yld Bd A,1.339
11/10/2005,Royal London Sterl Extra Yld Bd A,1.3378
11/11/2005,Royal London Sterl Extra Yld Bd A,1.3393
11/12/2005,Royal London Sterl Extra Yld Bd A,1.3393
11/13/2005,Royal London Sterl Extra Yld Bd A,1.3393
11/14/2005,Royal London Sterl Extra Yld Bd A,1.3406
11/15/2005,Royal London Sterl Extra Yld Bd A,1.3442
11/16/2005,Royal London Sterl Extra Yld Bd A,1.3544
11/17/2005,Royal London Sterl Extra Yld Bd A,1.3534
11/18/2005,Royal London Sterl Extra Yld Bd A,1.3531
11/19/2005,Royal London Sterl Extra Yld Bd A,1.3531
11/20/2005,Royal London Sterl Extra Yld Bd A,1.3531
11/21/2005,Royal London Sterl Extra Yld Bd A,1.3561
11/22/2005,Royal London Sterl Extra Yld Bd A,1.3563
11/23/2005,Royal London Sterl Extra Yld Bd A,1.356
11/24/2005,Royal London Sterl Extra Yld Bd A,1.3589
11/25/2005,Royal London Sterl Extra Yld Bd A,1.3603
11/26/2005,Royal London Sterl Extra Yld Bd A,1.3603
11/27/2005,Royal London Sterl Extra Yld Bd A,1.3603
11/28/2005,Royal London Sterl Extra Yld Bd A,1.3616
11/29/2005,Royal London Sterl Extra Yld Bd A,1.3606
11/30/2005,Royal London Sterl Extra Yld Bd A,1.3612
12/01/2005,Royal London Sterl Extra Yld Bd A,1.3606
12/02/2005,Royal London Sterl Extra Yld Bd A,1.3595
12/03/2005,Royal London Sterl Extra Yld Bd A,1.3595
12/04/2005,Royal London Sterl Extra Yld Bd A,1.3595
12/05/2005,Royal London Sterl Extra Yld Bd A,1.3568
12/06/2005,Royal London Sterl Extra Yld Bd A,1.3578
12/07/2005,Royal London Sterl Extra Yld Bd A,1.3565
12/08/2005,Royal London Sterl Extra Yld Bd A,1.3586
12/09/2005,Royal London Sterl Extra Yld Bd A,1.3563
12/10/2005,Royal London Sterl Extra Yld Bd A,1.3563
12/11/2005,Royal London Sterl Extra Yld Bd A,1.3563
12/12/2005,Royal London Sterl Extra Yld Bd A,1.3579
12/13/2005,Royal London Sterl Extra Yld Bd A,1.3586
12/14/2005,Royal London Sterl Extra Yld Bd A,1.3607
12/15/2005,Royal London Sterl Extra Yld Bd A,1.3609
12/16/2005,Royal London Sterl Extra Yld Bd A,1.3633
12/17/2005,Royal London Sterl Extra Yld Bd A,1.3633
12/18/2005,Royal London Sterl Extra Yld Bd A,1.3633
12/19/2005,Royal London Sterl Extra Yld Bd A,1.3676
12/20/2005,Royal London Sterl Extra Yld Bd A,1.367
12/21/2005,Royal London Sterl Extra Yld Bd A,1.3673
12/22/2005,Royal London Sterl Extra Yld Bd A,1.37
12/23/2005,Royal London Sterl Extra Yld Bd A,1.3711
12/24/2005,Royal London Sterl Extra Yld Bd A,1.3711
12/25/2005,Royal London Sterl Extra Yld Bd A,1.3711
12/26/2005,Royal London Sterl Extra Yld Bd A,1.3711
12/27/2005,Royal London Sterl Extra Yld Bd A,1.3711
12/28/2005,Royal London Sterl Extra Yld Bd A,1.3755
12/29/2005,Royal London Sterl Extra Yld Bd A,1.3745
12/30/2005,Royal London Sterl Extra Yld Bd A,1.377
12/31/2005,Royal London Sterl Extra Yld Bd A,1.377
01/01/2006,Royal London Sterl Extra Yld Bd A,1.377
01/02/2006,Royal London Sterl Extra Yld Bd A,1.377
01/03/2006,Royal London Sterl Extra Yld Bd A,1.3579
01/04/2006,Royal London Sterl Extra Yld Bd A,1.3603
01/05/2006,Royal London Sterl Extra Yld Bd A,1.3626
01/06/2006,Royal London Sterl Extra Yld Bd A,1.3628
01/07/2006,Royal London Sterl Extra Yld Bd A,1.3628
01/08/2006,Royal London Sterl Extra Yld Bd A,1.3628
01/09/2006,Royal London Sterl Extra Yld Bd A,1.3625
01/10/2006,Royal London Sterl Extra Yld Bd A,1.3604
01/11/2006,Royal London Sterl Extra Yld Bd A,1.363
01/12/2006,Royal London Sterl Extra Yld Bd A,1.3645
01/13/2006,Royal London Sterl Extra Yld Bd A,1.3659
01/14/2006,Royal London Sterl Extra Yld Bd A,1.3659
01/15/2006,Royal London Sterl Extra Yld Bd A,1.3659
01/16/2006,Royal London Sterl Extra Yld Bd A,1.3689
01/17/2006,Royal London Sterl Extra Yld Bd A,1.3714
01/18/2006,Royal London Sterl Extra Yld Bd A,1.3748
01/19/2006,Royal London Sterl Extra Yld Bd A,1.3729
01/20/2006,Royal London Sterl Extra Yld Bd A,1.3729
01/21/2006,Royal London Sterl Extra Yld Bd A,1.3729
01/22/2006,Royal London Sterl Extra Yld Bd A,1.3729
01/23/2006,Royal London Sterl Extra Yld Bd A,1.3572
01/24/2006,Royal London Sterl Extra Yld Bd A,1.3751
01/25/2006,Royal London Sterl Extra Yld Bd A,1.3717
01/26/2006,Royal London Sterl Extra Yld Bd A,1.3683
01/27/2006,Royal London Sterl Extra Yld Bd A,1.3667
01/28/2006,Royal London Sterl Extra Yld Bd A,1.3667
01/29/2006,Royal London Sterl Extra Yld Bd A,1.3667
01/30/2006,Royal London Sterl Extra Yld Bd A,1.3696
01/31/2006,Royal London Sterl Extra Yld Bd A,1.3704
02/01/2006,Royal London Sterl Extra Yld Bd A,1.3678
02/02/2006,Royal London Sterl Extra Yld Bd A,1.3669
02/03/2006,Royal London Sterl Extra Yld Bd A,1.3685
02/04/2006,Royal London Sterl Extra Yld Bd A,1.3685
02/05/2006,Royal London Sterl Extra Yld Bd A,1.3685
02/06/2006,Royal London Sterl Extra Yld Bd A,1.3701
02/07/2006,Royal London Sterl Extra Yld Bd A,1.3702
02/08/2006,Royal London Sterl Extra Yld Bd A,1.3692
02/09/2006,Royal London Sterl Extra Yld Bd A,1.3734
02/10/2006,Royal London Sterl Extra Yld Bd A,1.3747
02/11/2006,Royal London Sterl Extra Yld Bd A,1.3747
02/12/2006,Royal London Sterl Extra Yld Bd A,1.3747
02/13/2006,Royal London Sterl Extra Yld Bd A,1.3743
02/14/2006,Royal London Sterl Extra Yld Bd A,1.3763
02/15/2006,Royal London Sterl Extra Yld Bd A,1.3733
02/16/2006,Royal London Sterl Extra Yld Bd A,1.3761
02/17/2006,Royal London Sterl Extra Yld Bd A,1.3782
02/18/2006,Royal London Sterl Extra Yld Bd A,1.3782
02/19/2006,Royal London Sterl Extra Yld Bd A,1.3782
02/20/2006,Royal London Sterl Extra Yld Bd A,1.3798
02/21/2006,Royal London Sterl Extra Yld Bd A,1.3799
02/22/2006,Royal London Sterl Extra Yld Bd A,1.3822
02/23/2006,Royal London Sterl Extra Yld Bd A,1.3811
02/24/2006,Royal London Sterl Extra Yld Bd A,1.3795
02/25/2006,Royal London Sterl Extra Yld Bd A,1.3795
02/26/2006,Royal London Sterl Extra Yld Bd A,1.3795
02/27/2006,Royal London Sterl Extra Yld Bd A,1.3779
02/28/2006,Royal London Sterl Extra Yld Bd A,1.3791
03/01/2006,Royal London Sterl Extra Yld Bd A,1.3816
03/02/2006,Royal London Sterl Extra Yld Bd A,1.38
03/03/2006,Royal London Sterl Extra Yld Bd A,1.3786
03/04/2006,Royal London Sterl Extra Yld Bd A,1.3786
03/05/2006,Royal London Sterl Extra Yld Bd A,1.3786
03/06/2006,Royal London Sterl Extra Yld Bd A,1.3796
03/07/2006,Royal London Sterl Extra Yld Bd A,1.3795
03/08/2006,Royal London Sterl Extra Yld Bd A,1.3775
03/09/2006,Royal London Sterl Extra Yld Bd A,1.3758
03/10/2006,Royal London Sterl Extra Yld Bd A,1.3744
03/11/2006,Royal London Sterl Extra Yld Bd A,1.3744
03/12/2006,Royal London Sterl Extra Yld Bd A,1.3744
03/13/2006,Royal London Sterl Extra Yld Bd A,1.375
03/14/2006,Royal London Sterl Extra Yld Bd A,1.3749
03/15/2006,Royal London Sterl Extra Yld Bd A,1.3576
03/16/2006,Royal London Sterl Extra Yld Bd A,1.3761
03/17/2006,Royal London Sterl Extra Yld Bd A,1.3738
03/18/2006,Royal London Sterl Extra Yld Bd A,1.3738
03/19/2006,Royal London Sterl Extra Yld Bd A,1.3738
03/20/2006,Royal London Sterl Extra Yld Bd A,1.3574
03/21/2006,Royal London Sterl Extra Yld Bd A,1.3768
03/22/2006,Royal London Sterl Extra Yld Bd A,1.3785
03/23/2006,Royal London Sterl Extra Yld Bd A,1.3794
03/24/2006,Royal London Sterl Extra Yld Bd A,1.3804
03/25/2006,Royal London Sterl Extra Yld Bd A,1.3804
03/26/2006,Royal London Sterl Extra Yld Bd A,1.3804
03/27/2006,Royal London Sterl Extra Yld Bd A,1.3797
03/28/2006,Royal London Sterl Extra Yld Bd A,1.3774
03/29/2006,Royal London Sterl Extra Yld Bd A,1.377
03/30/2006,Royal London Sterl Extra Yld Bd A,1.377
03/31/2006,Royal London Sterl Extra Yld Bd A,1.3781
04/01/2006,Royal London Sterl Extra Yld Bd A,1.3781
04/02/2006,Royal London Sterl Extra Yld Bd A,1.3781
04/03/2006,Royal London Sterl Extra Yld Bd A,1.3607
04/04/2006,Royal London Sterl Extra Yld Bd A,1.3632
04/05/2006,Royal London Sterl Extra Yld Bd A,1.3661
04/06/2006,Royal London Sterl Extra Yld Bd A,1.363
04/07/2006,Royal London Sterl Extra Yld Bd A,1.3628
04/08/2006,Royal London Sterl Extra Yld Bd A,1.3628
04/09/2006,Royal London Sterl Extra Yld Bd A,1.3628
04/10/2006,Royal London Sterl Extra Yld Bd A,1.3612
04/11/2006,Royal London Sterl Extra Yld Bd A,1.3606
04/12/2006,Royal London Sterl Extra Yld Bd A,1.3592
04/13/2006,Royal London Sterl Extra Yld Bd A,1.3566
04/14/2006,Royal London Sterl Extra Yld Bd A,1.3566
04/15/2006,Royal London Sterl Extra Yld Bd A,1.3566
04/16/2006,Royal London Sterl Extra Yld Bd A,1.3566
04/17/2006,Royal London Sterl Extra Yld Bd A,1.3566
04/18/2006,Royal London Sterl Extra Yld Bd A,1.357
04/19/2006,Royal London Sterl Extra Yld Bd A,1.3591
04/20/2006,Royal London Sterl Extra Yld Bd A,1.3621
04/21/2006,Royal London Sterl Extra Yld Bd A,1.3606
04/22/2006,Royal London Sterl Extra Yld Bd A,1.3606
04/23/2006,Royal London Sterl Extra Yld Bd A,1.3606
04/24/2006,Royal London Sterl Extra Yld Bd A,1.36
04/25/2006,Royal London Sterl Extra Yld Bd A,1.3579
04/26/2006,Royal London Sterl Extra Yld Bd A,1.3569
04/27/2006,Royal London Sterl Extra Yld Bd A,1.3597
04/28/2006,Royal London Sterl Extra Yld Bd A,1.3594
04/29/2006,Royal London Sterl Extra Yld Bd A,1.3594
04/30/2006,Royal London Sterl Extra Yld Bd A,1.3594
05/01/2006,Royal London Sterl Extra Yld Bd A,1.3594
05/02/2006,Royal London Sterl Extra Yld Bd A,1.3594
05/03/2006,Royal London Sterl Extra Yld Bd A,1.3579
05/04/2006,Royal London Sterl Extra Yld Bd A,1.3575
05/05/2006,Royal London Sterl Extra Yld Bd A,1.3565
05/06/2006,Royal London Sterl Extra Yld Bd A,1.3565
05/07/2006,Royal London Sterl Extra Yld Bd A,1.3565
05/08/2006,Royal London Sterl Extra Yld Bd A,1.3558
05/09/2006,Royal London Sterl Extra Yld Bd A,1.3554
05/10/2006,Royal London Sterl Extra Yld Bd A,1.3565
05/11/2006,Royal London Sterl Extra Yld Bd A,1.354
05/12/2006,Royal London Sterl Extra Yld Bd A,1.3529
05/13/2006,Royal London Sterl Extra Yld Bd A,1.3529
05/14/2006,Royal London Sterl Extra Yld Bd A,1.3529
05/15/2006,Royal London Sterl Extra Yld Bd A,1.356
05/16/2006,Royal London Sterl Extra Yld Bd A,1.3592
05/17/2006,Royal London Sterl Extra Yld Bd A,1.354
05/18/2006,Royal London Sterl Extra Yld Bd A,1.3588
05/19/2006,Royal London Sterl Extra Yld Bd A,1.3585
05/20/2006,Royal London Sterl Extra Yld Bd A,1.3585
05/21/2006,Royal London Sterl Extra Yld Bd A,1.3585
05/22/2006,Royal London Sterl Extra Yld Bd A,1.3603
05/23/2006,Royal London Sterl Extra Yld Bd A,1.357
05/24/2006,Royal London Sterl Extra Yld Bd A,1.3582
05/25/2006,Royal London Sterl Extra Yld Bd A,1.3603
05/26/2006,Royal London Sterl Extra Yld Bd A,1.364
05/27/2006,Royal London Sterl Extra Yld Bd A,1.364
05/28/2006,Royal London Sterl Extra Yld Bd A,1.364
05/29/2006,Royal London Sterl Extra Yld Bd A,1.364
05/30/2006,Royal London Sterl Extra Yld Bd A,1.362
05/31/2006,Royal London Sterl Extra Yld Bd A,1.3607
06/01/2006,Royal London Sterl Extra Yld Bd A,1.3579
06/02/2006,Royal London Sterl Extra Yld Bd A,1.3544
06/03/2006,Royal London Sterl Extra Yld Bd A,1.3544
06/04/2006,Royal London Sterl Extra Yld Bd A,1.3544
06/05/2006,Royal London Sterl Extra Yld Bd A,1.3598
06/06/2006,Royal London Sterl Extra Yld Bd A,1.3581
06/07/2006,Royal London Sterl Extra Yld Bd A,1.36
06/08/2006,Royal London Sterl Extra Yld Bd A,1.3603
06/09/2006,Royal London Sterl Extra Yld Bd A,1.3611
06/10/2006,Royal London Sterl Extra Yld Bd A,1.3611
06/11/2006,Royal London Sterl Extra Yld Bd A,1.3611
06/12/2006,Royal London Sterl Extra Yld Bd A,1.362
06/13/2006,Royal London Sterl Extra Yld Bd A,1.3634
06/14/2006,Royal London Sterl Extra Yld Bd A,1.361
06/15/2006,Royal London Sterl Extra Yld Bd A,1.3565
06/16/2006,Royal London Sterl Extra Yld Bd A,1.3569
06/17/2006,Royal London Sterl Extra Yld Bd A,1.3569
06/18/2006,Royal London Sterl Extra Yld Bd A,1.3569
06/19/2006,Royal London Sterl Extra Yld Bd A,1.3546
06/20/2006,Royal London Sterl Extra Yld Bd A,1.3507
06/21/2006,Royal London Sterl Extra Yld Bd A,1.35
06/22/2006,Royal London Sterl Extra Yld Bd A,1.3487
06/23/2006,Royal London Sterl Extra Yld Bd A,1.3481
06/24/2006,Royal London Sterl Extra Yld Bd A,1.3481
06/25/2006,Royal London Sterl Extra Yld Bd A,1.3481
06/26/2006,Royal London Sterl Extra Yld Bd A,1.3488
06/27/2006,Royal London Sterl Extra Yld Bd A,1.3492
06/28/2006,Royal London Sterl Extra Yld Bd A,1.3503
06/29/2006,Royal London Sterl Extra Yld Bd A,1.3545
06/30/2006,Royal London Sterl Extra Yld Bd A,1.3545
07/01/2006,Royal London Sterl Extra Yld Bd A,1.3545
07/02/2006,Royal London Sterl Extra Yld Bd A,1.3545
07/03/2006,Royal London Sterl Extra Yld Bd A,1.3362
07/04/2006,Royal London Sterl Extra Yld Bd A,1.3395
07/05/2006,Royal London Sterl Extra Yld Bd A,1.3391
07/06/2006,Royal London Sterl Extra Yld Bd A,1.3402
07/07/2006,Royal London Sterl Extra Yld Bd A,1.342
07/08/2006,Royal London Sterl Extra Yld Bd A,1.342
07/09/2006,Royal London Sterl Extra Yld Bd A,1.342
07/10/2006,Royal London Sterl Extra Yld Bd A,1.3424
07/11/2006,Royal London Sterl Extra Yld Bd A,1.3463
07/12/2006,Royal London Sterl Extra Yld Bd A,1.3463
07/13/2006,Royal London Sterl Extra Yld Bd A,1.3466
07/14/2006,Royal London Sterl Extra Yld Bd A,1.3499
07/15/2006,Royal London Sterl Extra Yld Bd A,1.3499
07/16/2006,Royal London Sterl Extra Yld Bd A,1.3499
07/17/2006,Royal London Sterl Extra Yld Bd A,1.3489
07/18/2006,Royal London Sterl Extra Yld Bd A,1.3455
07/19/2006,Royal London Sterl Extra Yld Bd A,1.3467
07/20/2006,Royal London Sterl Extra Yld Bd A,1.3471
07/21/2006,Royal London Sterl Extra Yld Bd A,1.3474
07/22/2006,Royal London Sterl Extra Yld Bd A,1.3474
07/23/2006,Royal London Sterl Extra Yld Bd A,1.3474
07/24/2006,Royal London Sterl Extra Yld Bd A,1.3492
07/25/2006,Royal London Sterl Extra Yld Bd A,1.348
07/26/2006,Royal London Sterl Extra Yld Bd A,1.3467
07/27/2006,Royal London Sterl Extra Yld Bd A,1.3485
07/28/2006,Royal London Sterl Extra Yld Bd A,1.3502
07/29/2006,Royal London Sterl Extra Yld Bd A,1.3502
07/30/2006,Royal London Sterl Extra Yld Bd A,1.3502
07/31/2006,Royal London Sterl Extra Yld Bd A,1.3501
08/01/2006,Royal London Sterl Extra Yld Bd A,1.3503
08/02/2006,Royal London Sterl Extra Yld Bd A,1.3484
08/03/2006,Royal London Sterl Extra Yld Bd A,1.3437
08/04/2006,Royal London Sterl Extra Yld Bd A,1.3432
08/05/2006,Royal London Sterl Extra Yld Bd A,1.3432
08/06/2006,Royal London Sterl Extra Yld Bd A,1.3432
08/07/2006,Royal London Sterl Extra Yld Bd A,1.3457
08/08/2006,Royal London Sterl Extra Yld Bd A,1.347
08/09/2006,Royal London Sterl Extra Yld Bd A,1.3468
08/10/2006,Royal London Sterl Extra Yld Bd A,1.3461
08/11/2006,Royal London Sterl Extra Yld Bd A,1.3436
08/12/2006,Royal London Sterl Extra Yld Bd A,1.3436
08/13/2006,Royal London Sterl Extra Yld Bd A,1.3436
08/14/2006,Royal London Sterl Extra Yld Bd A,1.3438
08/15/2006,Royal London Sterl Extra Yld Bd A,1.345
08/16/2006,Royal London Sterl Extra Yld Bd A,1.3477
08/17/2006,Royal London Sterl Extra Yld Bd A,1.3509
08/18/2006,Royal London Sterl Extra Yld Bd A,1.3544
08/19/2006,Royal London Sterl Extra Yld Bd A,1.3544
08/20/2006,Royal London Sterl Extra Yld Bd A,1.3544
08/21/2006,Royal London Sterl Extra Yld Bd A,1.357
08/22/2006,Royal London Sterl Extra Yld Bd A,1.3584
08/23/2006,Royal London Sterl Extra Yld Bd A,1.357
08/24/2006,Royal London Sterl Extra Yld Bd A,1.3565
08/25/2006,Royal London Sterl Extra Yld Bd A,1.3577
08/26/2006,Royal London Sterl Extra Yld Bd A,1.3577
08/27/2006,Royal London Sterl Extra Yld Bd A,1.3577
08/28/2006,Royal London Sterl Extra Yld Bd A,1.3577
08/29/2006,Royal London Sterl Extra Yld Bd A,1.3577
08/30/2006,Royal London Sterl Extra Yld Bd A,1.3581
08/31/2006,Royal London Sterl Extra Yld Bd A,1.3604
09/01/2006,Royal London Sterl Extra Yld Bd A,1.3622
09/02/2006,Royal London Sterl Extra Yld Bd A,1.3622
09/03/2006,Royal London Sterl Extra Yld Bd A,1.3622
09/04/2006,Royal London Sterl Extra Yld Bd A,1.3618
09/05/2006,Royal London Sterl Extra Yld Bd A,1.3615
09/06/2006,Royal London Sterl Extra Yld Bd A,1.3615
09/07/2006,Royal London Sterl Extra Yld Bd A,1.3615
09/08/2006,Royal London Sterl Extra Yld Bd A,1.3642
09/09/2006,Royal London Sterl Extra Yld Bd A,1.3642
09/10/2006,Royal London Sterl Extra Yld Bd A,1.3642
09/11/2006,Royal London Sterl Extra Yld Bd A,1.3643
09/12/2006,Royal London Sterl Extra Yld Bd A,1.3607
09/13/2006,Royal London Sterl Extra Yld Bd A,1.3633
09/14/2006,Royal London Sterl Extra Yld Bd A,1.3626
09/15/2006,Royal London Sterl Extra Yld Bd A,1.3647
09/16/2006,Royal London Sterl Extra Yld Bd A,1.3647
09/17/2006,Royal London Sterl Extra Yld Bd A,1.3647
09/18/2006,Royal London Sterl Extra Yld Bd A,1.3611
09/19/2006,Royal London Sterl Extra Yld Bd A,1.3618
09/20/2006,Royal London Sterl Extra Yld Bd A,1.3624
09/21/2006,Royal London Sterl Extra Yld Bd A,1.3643
09/22/2006,Royal London Sterl Extra Yld Bd A,1.3688
09/23/2006,Royal London Sterl Extra Yld Bd A,1.3688
09/24/2006,Royal London Sterl Extra Yld Bd A,1.3688
09/25/2006,Royal London Sterl Extra Yld Bd A,1.3723
09/26/2006,Royal London Sterl Extra Yld Bd A,1.372
09/27/2006,Royal London Sterl Extra Yld Bd A,1.3719
09/28/2006,Royal London Sterl Extra Yld Bd A,1.3737
09/29/2006,Royal London Sterl Extra Yld Bd A,1.3718
09/30/2006,Royal London Sterl Extra Yld Bd A,1.3718
10/01/2006,Royal London Sterl Extra Yld Bd A,1.3718
10/02/2006,Royal London Sterl Extra Yld Bd A,1.3551
10/03/2006,Royal London Sterl Extra Yld Bd A,1.3562
10/04/2006,Royal London Sterl Extra Yld Bd A,1.3588
10/05/2006,Royal London Sterl Extra Yld Bd A,1.3615
10/06/2006,Royal London Sterl Extra Yld Bd A,1.3627
10/07/2006,Royal London Sterl Extra Yld Bd A,1.3627
10/08/2006,Royal London Sterl Extra Yld Bd A,1.3627
10/09/2006,Royal London Sterl Extra Yld Bd A,1.3641
10/10/2006,Royal London Sterl Extra Yld Bd A,1.3605
10/11/2006,Royal London Sterl Extra Yld Bd A,1.3606
10/12/2006,Royal London Sterl Extra Yld Bd A,1.3608
10/13/2006,Royal London Sterl Extra Yld Bd A,1.3597
10/14/2006,Royal London Sterl Extra Yld Bd A,1.3597
10/15/2006,Royal London Sterl Extra Yld Bd A,1.3597
10/16/2006,Royal London Sterl Extra Yld Bd A,1.3595
10/17/2006,Royal London Sterl Extra Yld Bd A,1.3597
10/18/2006,Royal London Sterl Extra Yld Bd A,1.3596
10/19/2006,Royal London Sterl Extra Yld Bd A,1.3592
10/20/2006,Royal London Sterl Extra Yld Bd A,1.3581
10/21/2006,Royal London Sterl Extra Yld Bd A,1.3581
10/22/2006,Royal London Sterl Extra Yld Bd A,1.3581
10/23/2006,Royal London Sterl Extra Yld Bd A,1.3594
10/24/2006,Royal London Sterl Extra Yld Bd A,1.3598
10/25/2006,Royal London Sterl Extra Yld Bd A,1.3606
10/26/2006,Royal London Sterl Extra Yld Bd A,1.3633
10/27/2006,Royal London Sterl Extra Yld Bd A,1.3679
10/28/2006,Royal London Sterl Extra Yld Bd A,1.3679
10/29/2006,Royal London Sterl Extra Yld Bd A,1.3679
10/30/2006,Royal London Sterl Extra Yld Bd A,1.3688
10/31/2006,Royal London Sterl Extra Yld Bd A,1.3745
11/01/2006,Royal London Sterl Extra Yld Bd A,1.3754
11/02/2006,Royal London Sterl Extra Yld Bd A,1.3743
11/03/2006,Royal London Sterl Extra Yld Bd A,1.3744
11/04/2006,Royal London Sterl Extra Yld Bd A,1.3744
11/05/2006,Royal London Sterl Extra Yld Bd A,1.3744
11/06/2006,Royal London Sterl Extra Yld Bd A,1.3752
11/07/2006,Royal London Sterl Extra Yld Bd A,1.379
11/08/2006,Royal London Sterl Extra Yld Bd A,1.378
11/09/2006,Royal London Sterl Extra Yld Bd A,1.3807
11/10/2006,Royal London Sterl Extra Yld Bd A,1.3837
11/11/2006,Royal London Sterl Extra Yld Bd A,1.3837
11/12/2006,Royal London Sterl Extra Yld Bd A,1.3837
11/13/2006,Royal London Sterl Extra Yld Bd A,1.3819
11/14/2006,Royal London Sterl Extra Yld Bd A,1.3847
11/15/2006,Royal London Sterl Extra Yld Bd A,1.3816
11/16/2006,Royal London Sterl Extra Yld Bd A,1.3824
11/17/2006,Royal London Sterl Extra Yld Bd A,1.3839
11/18/2006,Royal London Sterl Extra Yld Bd A,1.3839
11/19/2006,Royal London Sterl Extra Yld Bd A,1.3839
11/20/2006,Royal London Sterl Extra Yld Bd A,1.3845
11/21/2006,Royal London Sterl Extra Yld Bd A,1.3844
11/22/2006,Royal London Sterl Extra Yld Bd A,1.3828
11/23/2006,Royal London Sterl Extra Yld Bd A,1.382
11/24/2006,Royal London Sterl Extra Yld Bd A,1.3828
11/25/2006,Royal London Sterl Extra Yld Bd A,1.3828
11/26/2006,Royal London Sterl Extra Yld Bd A,1.3828
11/27/2006,Royal London Sterl Extra Yld Bd A,1.3802
11/28/2006,Royal London Sterl Extra Yld Bd A,1.3799
11/29/2006,Royal London Sterl Extra Yld Bd A,1.3758
11/30/2006,Royal London Sterl Extra Yld Bd A,1.3812
12/01/2006,Royal London Sterl Extra Yld Bd A,1.3827
12/02/2006,Royal London Sterl Extra Yld Bd A,1.3827
12/03/2006,Royal London Sterl Extra Yld Bd A,1.3827
12/04/2006,Royal London Sterl Extra Yld Bd A,1.3859
12/05/2006,Royal London Sterl Extra Yld Bd A,1.3857
12/06/2006,Royal London Sterl Extra Yld Bd A,1.386
12/07/2006,Royal London Sterl Extra Yld Bd A,1.3864
12/08/2006,Royal London Sterl Extra Yld Bd A,1.3859
12/09/2006,Royal London Sterl Extra Yld Bd A,1.3859
12/10/2006,Royal London Sterl Extra Yld Bd A,1.3859
12/11/2006,Royal London Sterl Extra Yld Bd A,1.3844
12/12/2006,Royal London Sterl Extra Yld Bd A,1.3822
12/13/2006,Royal London Sterl Extra Yld Bd A,1.3802
12/14/2006,Royal London Sterl Extra Yld Bd A,1.3785
12/15/2006,Royal London Sterl Extra Yld Bd A,1.3784
12/16/2006,Royal London Sterl Extra Yld Bd A,1.3784
12/17/2006,Royal London Sterl Extra Yld Bd A,1.3784
12/18/2006,Royal London Sterl Extra Yld Bd A,1.3791
12/19/2006,Royal London Sterl Extra Yld Bd A,1.3765
12/20/2006,Royal London Sterl Extra Yld Bd A,1.3782
12/21/2006,Royal London Sterl Extra Yld Bd A,1.3778
12/22/2006,Royal London Sterl Extra Yld Bd A,1.3776
12/23/2006,Royal London Sterl Extra Yld Bd A,1.3776
12/24/2006,Royal London Sterl Extra Yld Bd A,1.3776
12/25/2006,Royal London Sterl Extra Yld Bd A,1.3776
12/26/2006,Royal London Sterl Extra Yld Bd A,1.3776
12/27/2006,Royal London Sterl Extra Yld Bd A,1.3761
12/28/2006,Royal London Sterl Extra Yld Bd A,1.3758
12/29/2006,Royal London Sterl Extra Yld Bd A,1.3792
12/30/2006,Royal London Sterl Extra Yld Bd A,1.3792
12/31/2006,Royal London Sterl Extra Yld Bd A,1.3792
01/01/2007,Royal London Sterl Extra Yld Bd A,1.3792
01/02/2007,Royal London Sterl Extra Yld Bd A,1.3604
01/03/2007,Royal London Sterl Extra Yld Bd A,1.3625
01/04/2007,Royal London Sterl Extra Yld Bd A,1.363
01/05/2007,Royal London Sterl Extra Yld Bd A,1.363
01/06/2007,Royal London Sterl Extra Yld Bd A,1.363
01/07/2007,Royal London Sterl Extra Yld Bd A,1.363
01/08/2007,Royal London Sterl Extra Yld Bd A,1.3647
01/09/2007,Royal London Sterl Extra Yld Bd A,1.3643
01/10/2007,Royal London Sterl Extra Yld Bd A,1.3629
01/11/2007,Royal London Sterl Extra Yld Bd A,1.3601
01/12/2007,Royal London Sterl Extra Yld Bd A,1.3546
01/13/2007,Royal London Sterl Extra Yld Bd A,1.3546
01/14/2007,Royal London Sterl Extra Yld Bd A,1.3546
01/15/2007,Royal London Sterl Extra Yld Bd A,1.3544
01/16/2007,Royal London Sterl Extra Yld Bd A,1.357
01/17/2007,Royal London Sterl Extra Yld Bd A,1.3565
01/18/2007,Royal London Sterl Extra Yld Bd A,1.3582
01/19/2007,Royal London Sterl Extra Yld Bd A,1.3602
01/20/2007,Royal London Sterl Extra Yld Bd A,1.3602
01/21/2007,Royal London Sterl Extra Yld Bd A,1.3602
01/22/2007,Royal London Sterl Extra Yld Bd A,1.36022
01/23/2007,Royal London Sterl Extra Yld Bd A,1.36026
01/24/2007,Royal London Sterl Extra Yld Bd A,1.36218
01/25/2007,Royal London Sterl Extra Yld Bd A,1.35971
01/26/2007,Royal London Sterl Extra Yld Bd A,1.35916
01/27/2007,Royal London Sterl Extra Yld Bd A,1.35916
01/28/2007,Royal London Sterl Extra Yld Bd A,1.35916
01/29/2007,Royal London Sterl Extra Yld Bd A,1.35908
01/30/2007,Royal London Sterl Extra Yld Bd A,1.35956
01/31/2007,Royal London Sterl Extra Yld Bd A,1.36157
02/01/2007,Royal London Sterl Extra Yld Bd A,1.36041
02/02/2007,Royal London Sterl Extra Yld Bd A,1.35717
02/03/2007,Royal London Sterl Extra Yld Bd A,1.35717
02/04/2007,Royal London Sterl Extra Yld Bd A,1.35717
02/05/2007,Royal London Sterl Extra Yld Bd A,1.35892
02/06/2007,Royal London Sterl Extra Yld Bd A,1.35909
02/07/2007,Royal London Sterl Extra Yld Bd A,1.36082
02/08/2007,Royal London Sterl Extra Yld Bd A,1.36435
02/09/2007,Royal London Sterl Extra Yld Bd A,1.36323
02/10/2007,Royal London Sterl Extra Yld Bd A,1.36323
02/11/2007,Royal London Sterl Extra Yld Bd A,1.36323
02/12/2007,Royal London Sterl Extra Yld Bd A,1.36348
02/13/2007,Royal London Sterl Extra Yld Bd A,1.36629
02/14/2007,Royal London Sterl Extra Yld Bd A,1.36651
02/15/2007,Royal London Sterl Extra Yld Bd A,1.3736
02/16/2007,Royal London Sterl Extra Yld Bd A,1.37413
02/17/2007,Royal London Sterl Extra Yld Bd A,1.37413
02/18/2007,Royal London Sterl Extra Yld Bd A,1.37413
02/19/2007,Royal London Sterl Extra Yld Bd A,1.37469
02/20/2007,Royal London Sterl Extra Yld Bd A,1.37274
02/21/2007,Royal London Sterl Extra Yld Bd A,1.37477
02/22/2007,Royal London Sterl Extra Yld Bd A,1.37376
02/23/2007,Royal London Sterl Extra Yld Bd A,1.37445
02/24/2007,Royal London Sterl Extra Yld Bd A,1.37445
02/25/2007,Royal London Sterl Extra Yld Bd A,1.37445
02/26/2007,Royal London Sterl Extra Yld Bd A,1.37825
02/27/2007,Royal London Sterl Extra Yld Bd A,1.38088
02/28/2007,Royal London Sterl Extra Yld Bd A,1.37814
03/01/2007,Royal London Sterl Extra Yld Bd A,1.37727
03/02/2007,Royal London Sterl Extra Yld Bd A,1.37892
03/03/2007,Royal London Sterl Extra Yld Bd A,1.37892
03/04/2007,Royal London Sterl Extra Yld Bd A,1.37892
03/05/2007,Royal London Sterl Extra Yld Bd A,1.37993
03/06/2007,Royal London Sterl Extra Yld Bd A,1.37907
03/07/2007,Royal London Sterl Extra Yld Bd A,1.37972
03/08/2007,Royal London Sterl Extra Yld Bd A,1.3812
03/09/2007,Royal London Sterl Extra Yld Bd A,1.37924
03/10/2007,Royal London Sterl Extra Yld Bd A,1.37924
03/11/2007,Royal London Sterl Extra Yld Bd A,1.37924
03/12/2007,Royal London Sterl Extra Yld Bd A,1.38259
03/13/2007,Royal London Sterl Extra Yld Bd A,1.38382
03/14/2007,Royal London Sterl Extra Yld Bd A,1.38399
03/15/2007,Royal London Sterl Extra Yld Bd A,1.38209
03/16/2007,Royal London Sterl Extra Yld Bd A,1.38188
03/17/2007,Royal London Sterl Extra Yld Bd A,1.38188
03/18/2007,Royal London Sterl Extra Yld Bd A,1.38188
03/19/2007,Royal London Sterl Extra Yld Bd A,1.38076
03/20/2007,Royal London Sterl Extra Yld Bd A,1.37808
03/21/2007,Royal London Sterl Extra Yld Bd A,1.37945
03/22/2007,Royal London Sterl Extra Yld Bd A,1.37908
03/23/2007,Royal London Sterl Extra Yld Bd A,1.37766
03/24/2007,Royal London Sterl Extra Yld Bd A,1.37766
03/25/2007,Royal London Sterl Extra Yld Bd A,1.37766
03/26/2007,Royal London Sterl Extra Yld Bd A,1.37962
03/27/2007,Royal London Sterl Extra Yld Bd A,1.379
03/28/2007,Royal London Sterl Extra Yld Bd A,1.37939
03/29/2007,Royal London Sterl Extra Yld Bd A,1.37701
03/30/2007,Royal London Sterl Extra Yld Bd A,1.37678
03/31/2007,Royal London Sterl Extra Yld Bd A,1.37678
04/01/2007,Royal London Sterl Extra Yld Bd A,1.37678
04/02/2007,Royal London Sterl Extra Yld Bd A,1.35722
04/03/2007,Royal London Sterl Extra Yld Bd A,1.35531
04/04/2007,Royal London Sterl Extra Yld Bd A,1.35697
04/05/2007,Royal London Sterl Extra Yld Bd A,1.35883
04/06/2007,Royal London Sterl Extra Yld Bd A,1.35883
04/07/2007,Royal London Sterl Extra Yld Bd A,1.35883
04/08/2007,Royal London Sterl Extra Yld Bd A,1.35883
04/09/2007,Royal London Sterl Extra Yld Bd A,1.35883
04/10/2007,Royal London Sterl Extra Yld Bd A,1.35917
04/11/2007,Royal London Sterl Extra Yld Bd A,1.35893
04/12/2007,Royal London Sterl Extra Yld Bd A,1.35931
04/13/2007,Royal London Sterl Extra Yld Bd A,1.35693
04/14/2007,Royal London Sterl Extra Yld Bd A,1.35693
04/15/2007,Royal London Sterl Extra Yld Bd A,1.35693
04/16/2007,Royal London Sterl Extra Yld Bd A,1.35872
04/17/2007,Royal London Sterl Extra Yld Bd A,1.35771
04/18/2007,Royal London Sterl Extra Yld Bd A,1.36023
04/19/2007,Royal London Sterl Extra Yld Bd A,1.36067
04/20/2007,Royal London Sterl Extra Yld Bd A,1.36083
04/21/2007,Royal London Sterl Extra Yld Bd A,1.36083
04/22/2007,Royal London Sterl Extra Yld Bd A,1.36083
04/23/2007,Royal London Sterl Extra Yld Bd A,1.36127
04/24/2007,Royal London Sterl Extra Yld Bd A,1.36176
04/25/2007,Royal London Sterl Extra Yld Bd A,1.36206
04/26/2007,Royal London Sterl Extra Yld Bd A,1.36191
04/27/2007,Royal London Sterl Extra Yld Bd A,1.36049
04/28/2007,Royal London Sterl Extra Yld Bd A,1.36049
04/29/2007,Royal London Sterl Extra Yld Bd A,1.36049
04/30/2007,Royal London Sterl Extra Yld Bd A,1.36351
05/01/2007,Royal London Sterl Extra Yld Bd A,1.36309
05/02/2007,Royal London Sterl Extra Yld Bd A,1.36339
05/03/2007,Royal London Sterl Extra Yld Bd A,1.36243
05/04/2007,Royal London Sterl Extra Yld Bd A,1.36323
05/05/2007,Royal London Sterl Extra Yld Bd A,1.36323
05/06/2007,Royal London Sterl Extra Yld Bd A,1.36323
05/07/2007,Royal London Sterl Extra Yld Bd A,1.36323
05/08/2007,Royal London Sterl Extra Yld Bd A,1.36479
05/09/2007,Royal London Sterl Extra Yld Bd A,1.36525
05/10/2007,Royal London Sterl Extra Yld Bd A,1.36663
05/11/2007,Royal London Sterl Extra Yld Bd A,1.36813
05/12/2007,Royal London Sterl Extra Yld Bd A,1.36813
05/13/2007,Royal London Sterl Extra Yld Bd A,1.36813
05/14/2007,Royal London Sterl Extra Yld Bd A,1.36893
05/15/2007,Royal London Sterl Extra Yld Bd A,1.36923
05/16/2007,Royal London Sterl Extra Yld Bd A,1.36997
05/17/2007,Royal London Sterl Extra Yld Bd A,1.36911
05/18/2007,Royal London Sterl Extra Yld Bd A,1.36864
05/19/2007,Royal London Sterl Extra Yld Bd A,1.36864
05/20/2007,Royal London Sterl Extra Yld Bd A,1.36864
05/21/2007,Royal London Sterl Extra Yld Bd A,1.36979
05/22/2007,Royal London Sterl Extra Yld Bd A,1.36975
05/23/2007,Royal London Sterl Extra Yld Bd A,1.36673
05/24/2007,Royal London Sterl Extra Yld Bd A,1.36695
05/25/2007,Royal London Sterl Extra Yld Bd A,1.36618
05/26/2007,Royal London Sterl Extra Yld Bd A,1.36618
05/27/2007,Royal London Sterl Extra Yld Bd A,1.36618
05/28/2007,Royal London Sterl Extra Yld Bd A,1.36618
05/29/2007,Royal London Sterl Extra Yld Bd A,1.36792
05/30/2007,Royal London Sterl Extra Yld Bd A,1.36776
05/31/2007,Royal London Sterl Extra Yld Bd A,1.36776
06/01/2007,Royal London Sterl Extra Yld Bd A,1.36664
06/02/2007,Royal London Sterl Extra Yld Bd A,1.36664
06/03/2007,Royal London Sterl Extra Yld Bd A,1.36664
06/04/2007,Royal London Sterl Extra Yld Bd A,1.36629
06/05/2007,Royal London Sterl Extra Yld Bd A,1.36528
06/06/2007,Royal London Sterl Extra Yld Bd A,1.36635
06/07/2007,Royal London Sterl Extra Yld Bd A,1.36374
06/08/2007,Royal London Sterl Extra Yld Bd A,1.36143
06/09/2007,Royal London Sterl Extra Yld Bd A,1.36143
06/10/2007,Royal London Sterl Extra Yld Bd A,1.36143
06/11/2007,Royal London Sterl Extra Yld Bd A,1.36188
06/12/2007,Royal London Sterl Extra Yld Bd A,1.35807
06/13/2007,Royal London Sterl Extra Yld Bd A,1.3567
06/14/2007,Royal London Sterl Extra Yld Bd A,1.35828
06/15/2007,Royal London Sterl Extra Yld Bd A,1.35809
06/16/2007,Royal London Sterl Extra Yld Bd A,1.35809
06/17/2007,Royal London Sterl Extra Yld Bd A,1.35809
06/18/2007,Royal London Sterl Extra Yld Bd A,1.35842
06/19/2007,Royal London Sterl Extra Yld Bd A,1.35913
06/20/2007,Royal London Sterl Extra Yld Bd A,1.35789
06/21/2007,Royal London Sterl Extra Yld Bd A,1.35631
06/22/2007,Royal London Sterl Extra Yld Bd A,1.35532
06/23/2007,Royal London Sterl Extra Yld Bd A,1.35532
06/24/2007,Royal London Sterl Extra Yld Bd A,1.35532
06/25/2007,Royal London Sterl Extra Yld Bd A,1.35697
06/26/2007,Royal London Sterl Extra Yld Bd A,1.35729
06/27/2007,Royal London Sterl Extra Yld Bd A,1.35842
06/28/2007,Royal London Sterl Extra Yld Bd A,1.3564
06/29/2007,Royal London Sterl Extra Yld Bd A,1.35551
06/30/2007,Royal London Sterl Extra Yld Bd A,1.35551
07/01/2007,Royal London Sterl Extra Yld Bd A,1.35551
07/02/2007,Royal London Sterl Extra Yld Bd A,1.33735
07/03/2007,Royal London Sterl Extra Yld Bd A,1.33628
07/04/2007,Royal London Sterl Extra Yld Bd A,1.33557
07/05/2007,Royal London Sterl Extra Yld Bd A,1.33476
07/06/2007,Royal London Sterl Extra Yld Bd A,1.33415
07/07/2007,Royal London Sterl Extra Yld Bd A,1.33415
07/08/2007,Royal London Sterl Extra Yld Bd A,1.33415
07/09/2007,Royal London Sterl Extra Yld Bd A,1.33292
07/10/2007,Royal London Sterl Extra Yld Bd A,1.33563
07/11/2007,Royal London Sterl Extra Yld Bd A,1.33281
07/12/2007,Royal London Sterl Extra Yld Bd A,1.33387
07/13/2007,Royal London Sterl Extra Yld Bd A,1.33275
07/14/2007,Royal London Sterl Extra Yld Bd A,1.33275
07/15/2007,Royal London Sterl Extra Yld Bd A,1.33275
07/16/2007,Royal London Sterl Extra Yld Bd A,1.33505
07/17/2007,Royal London Sterl Extra Yld Bd A,1.33212
07/18/2007,Royal London Sterl Extra Yld Bd A,1.33334
07/19/2007,Royal London Sterl Extra Yld Bd A,1.33361
07/20/2007,Royal London Sterl Extra Yld Bd A,1.33628
07/21/2007,Royal London Sterl Extra Yld Bd A,1.33628
07/22/2007,Royal London Sterl Extra Yld Bd A,1.33628
07/23/2007,Royal London Sterl Extra Yld Bd A,1.33353
07/24/2007,Royal London Sterl Extra Yld Bd A,1.3335
07/25/2007,Royal London Sterl Extra Yld Bd A,1.3328
07/26/2007,Royal London Sterl Extra Yld Bd A,1.33263
07/27/2007,Royal London Sterl Extra Yld Bd A,1.32826
07/28/2007,Royal London Sterl Extra Yld Bd A,1.32826
07/29/2007,Royal London Sterl Extra Yld Bd A,1.32826
07/30/2007,Royal London Sterl Extra Yld Bd A,1.32751
07/31/2007,Royal London Sterl Extra Yld Bd A,1.32712
08/01/2007,Royal London Sterl Extra Yld Bd A,1.32629
08/02/2007,Royal London Sterl Extra Yld Bd A,1.32595
08/03/2007,Royal London Sterl Extra Yld Bd A,1.3286
08/04/2007,Royal London Sterl Extra Yld Bd A,1.3286
08/05/2007,Royal London Sterl Extra Yld Bd A,1.3286
08/06/2007,Royal London Sterl Extra Yld Bd A,1.33017
08/07/2007,Royal London Sterl Extra Yld Bd A,1.33172
08/08/2007,Royal London Sterl Extra Yld Bd A,1.33055
08/09/2007,Royal London Sterl Extra Yld Bd A,1.33171
08/10/2007,Royal London Sterl Extra Yld Bd A,1.33171
08/11/2007,Royal London Sterl Extra Yld Bd A,1.33171
08/12/2007,Royal London Sterl Extra Yld Bd A,1.33171
08/13/2007,Royal London Sterl Extra Yld Bd A,1.33234
08/14/2007,Royal London Sterl Extra Yld Bd A,1.33331
08/15/2007,Royal London Sterl Extra Yld Bd A,1.33408
08/16/2007,Royal London Sterl Extra Yld Bd A,1.33222
08/17/2007,Royal London Sterl Extra Yld Bd A,1.3319
08/18/2007,Royal London Sterl Extra Yld Bd A,1.3319
08/19/2007,Royal London Sterl Extra Yld Bd A,1.3319
08/20/2007,Royal London Sterl Extra Yld Bd A,1.33226
08/21/2007,Royal London Sterl Extra Yld Bd A,1.33429
08/22/2007,Royal London Sterl Extra Yld Bd A,1.33022
08/23/2007,Royal London Sterl Extra Yld Bd A,1.3277
08/24/2007,Royal London Sterl Extra Yld Bd A,1.3278
08/25/2007,Royal London Sterl Extra Yld Bd A,1.3278
08/26/2007,Royal London Sterl Extra Yld Bd A,1.3278
08/27/2007,Royal London Sterl Extra Yld Bd A,1.3278
08/28/2007,Royal London Sterl Extra Yld Bd A,1.32974
08/29/2007,Royal London Sterl Extra Yld Bd A,1.32719
08/30/2007,Royal London Sterl Extra Yld Bd A,1.32578
08/31/2007,Royal London Sterl Extra Yld Bd A,1.32543
09/01/2007,Royal London Sterl Extra Yld Bd A,1.32543
09/02/2007,Royal London Sterl Extra Yld Bd A,1.32543
09/03/2007,Royal London Sterl Extra Yld Bd A,1.32397
09/04/2007,Royal London Sterl Extra Yld Bd A,1.32334
09/05/2007,Royal London Sterl Extra Yld Bd A,1.32413
09/06/2007,Royal London Sterl Extra Yld Bd A,1.32289
09/07/2007,Royal London Sterl Extra Yld Bd A,1.32208
09/08/2007,Royal London Sterl Extra Yld Bd A,1.32208
09/09/2007,Royal London Sterl Extra Yld Bd A,1.32208
09/10/2007,Royal London Sterl Extra Yld Bd A,1.32294
09/11/2007,Royal London Sterl Extra Yld Bd A,1.32256
09/12/2007,Royal London Sterl Extra Yld Bd A,1.32231
09/13/2007,Royal London Sterl Extra Yld Bd A,1.31988
09/14/2007,Royal London Sterl Extra Yld Bd A,1.32452
09/15/2007,Royal London Sterl Extra Yld Bd A,1.32452
09/16/2007,Royal London Sterl Extra Yld Bd A,1.32452
09/17/2007,Royal London Sterl Extra Yld Bd A,1.32458
09/18/2007,Royal London Sterl Extra Yld Bd A,1.31915
09/19/2007,Royal London Sterl Extra Yld Bd A,1.32237
09/20/2007,Royal London Sterl Extra Yld Bd A,1.32462
09/21/2007,Royal London Sterl Extra Yld Bd A,1.32351
09/22/2007,Royal London Sterl Extra Yld Bd A,1.32351
09/23/2007,Royal London Sterl Extra Yld Bd A,1.32351
09/24/2007,Royal London Sterl Extra Yld Bd A,1.32869
09/25/2007,Royal London Sterl Extra Yld Bd A,1.33103
09/26/2007,Royal London Sterl Extra Yld Bd A,1.33135
09/27/2007,Royal London Sterl Extra Yld Bd A,1.33212
09/28/2007,Royal London Sterl Extra Yld Bd A,1.33253
09/29/2007,Royal London Sterl Extra Yld Bd A,1.33253
09/30/2007,Royal London Sterl Extra Yld Bd A,1.33253
10/01/2007,Royal London Sterl Extra Yld Bd A,1.31197
10/02/2007,Royal London Sterl Extra Yld Bd A,1.31092
10/03/2007,Royal London Sterl Extra Yld Bd A,1.31092
10/04/2007,Royal London Sterl Extra Yld Bd A,1.31187
10/05/2007,Royal London Sterl Extra Yld Bd A,1.31197
10/06/2007,Royal London Sterl Extra Yld Bd A,1.31197
10/07/2007,Royal London Sterl Extra Yld Bd A,1.31197
10/08/2007,Royal London Sterl Extra Yld Bd A,1.31568
10/09/2007,Royal London Sterl Extra Yld Bd A,1.32252
10/10/2007,Royal London Sterl Extra Yld Bd A,1.32172
10/11/2007,Royal London Sterl Extra Yld Bd A,1.3232
10/12/2007,Royal London Sterl Extra Yld Bd A,1.32278
10/13/2007,Royal London Sterl Extra Yld Bd A,1.32278
10/14/2007,Royal London Sterl Extra Yld Bd A,1.32278
10/15/2007,Royal London Sterl Extra Yld Bd A,1.32446
10/16/2007,Royal London Sterl Extra Yld Bd A,1.3238
10/17/2007,Royal London Sterl Extra Yld Bd A,1.32507
10/18/2007,Royal London Sterl Extra Yld Bd A,1.32469
10/19/2007,Royal London Sterl Extra Yld Bd A,1.3258
10/20/2007,Royal London Sterl Extra Yld Bd A,1.3258
10/21/2007,Royal London Sterl Extra Yld Bd A,1.3258
10/22/2007,Royal London Sterl Extra Yld Bd A,1.32603
10/23/2007,Royal London Sterl Extra Yld Bd A,1.32518
10/24/2007,Royal London Sterl Extra Yld Bd A,1.32639
10/25/2007,Royal London Sterl Extra Yld Bd A,1.32833
10/26/2007,Royal London Sterl Extra Yld Bd A,1.32956
10/27/2007,Royal London Sterl Extra Yld Bd A,1.32956
10/28/2007,Royal London Sterl Extra Yld Bd A,1.32956
10/29/2007,Royal London Sterl Extra Yld Bd A,1.3298
10/30/2007,Royal London Sterl Extra Yld Bd A,1.32776
10/31/2007,Royal London Sterl Extra Yld Bd A,1.32412
11/01/2007,Royal London Sterl Extra Yld Bd A,1.32167
11/02/2007,Royal London Sterl Extra Yld Bd A,1.32282
11/03/2007,Royal London Sterl Extra Yld Bd A,1.32282
11/04/2007,Royal London Sterl Extra Yld Bd A,1.32282
11/05/2007,Royal London Sterl Extra Yld Bd A,1.32025
11/06/2007,Royal London Sterl Extra Yld Bd A,1.31942
11/07/2007,Royal London Sterl Extra Yld Bd A,1.31831
11/08/2007,Royal London Sterl Extra Yld Bd A,1.31826
11/09/2007,Royal London Sterl Extra Yld Bd A,1.32028
11/10/2007,Royal London Sterl Extra Yld Bd A,1.32028
11/11/2007,Royal London Sterl Extra Yld Bd A,1.32028
11/12/2007,Royal London Sterl Extra Yld Bd A,1.31905
11/13/2007,Royal London Sterl Extra Yld Bd A,1.31517
11/14/2007,Royal London Sterl Extra Yld Bd A,1.31832
11/15/2007,Royal London Sterl Extra Yld Bd A,1.312
11/16/2007,Royal London Sterl Extra Yld Bd A,1.31644
11/17/2007,Royal London Sterl Extra Yld Bd A,1.31644
11/18/2007,Royal London Sterl Extra Yld Bd A,1.31644
11/19/2007,Royal London Sterl Extra Yld Bd A,1.31572
11/20/2007,Royal London Sterl Extra Yld Bd A,1.3115
11/21/2007,Royal London Sterl Extra Yld Bd A,1.3115
11/22/2007,Royal London Sterl Extra Yld Bd A,1.3095
11/23/2007,Royal London Sterl Extra Yld Bd A,1.3088
11/24/2007,Royal London Sterl Extra Yld Bd A,1.3088
11/25/2007,Royal London Sterl Extra Yld Bd A,1.3088
11/26/2007,Royal London Sterl Extra Yld Bd A,1.31094
11/27/2007,Royal London Sterl Extra Yld Bd A,1.30746
11/28/2007,Royal London Sterl Extra Yld Bd A,1.30222
11/29/2007,Royal London Sterl Extra Yld Bd A,1.30667
11/30/2007,Royal London Sterl Extra Yld Bd A,1.306
12/01/2007,Royal London Sterl Extra Yld Bd A,1.306
12/02/2007,Royal London Sterl Extra Yld Bd A,1.306
12/03/2007,Royal London Sterl Extra Yld Bd A,1.30679
12/04/2007,Royal London Sterl Extra Yld Bd A,1.31087
12/05/2007,Royal London Sterl Extra Yld Bd A,1.31403
12/06/2007,Royal London Sterl Extra Yld Bd A,1.31222
12/07/2007,Royal London Sterl Extra Yld Bd A,1.30915
12/08/2007,Royal London Sterl Extra Yld Bd A,1.30915
12/09/2007,Royal London Sterl Extra Yld Bd A,1.30915
12/10/2007,Royal London Sterl Extra Yld Bd A,1.30717
12/11/2007,Royal London Sterl Extra Yld Bd A,1.3153
12/12/2007,Royal London Sterl Extra Yld Bd A,1.31103
12/13/2007,Royal London Sterl Extra Yld Bd A,1.31113
12/14/2007,Royal London Sterl Extra Yld Bd A,1.31217
12/15/2007,Royal London Sterl Extra Yld Bd A,1.31217
12/16/2007,Royal London Sterl Extra Yld Bd A,1.31217
12/17/2007,Royal London Sterl Extra Yld Bd A,1.31275
12/18/2007,Royal London Sterl Extra Yld Bd A,1.3131
12/19/2007,Royal London Sterl Extra Yld Bd A,1.31875
12/20/2007,Royal London Sterl Extra Yld Bd A,1.3223
12/21/2007,Royal London Sterl Extra Yld Bd A,1.32094
12/22/2007,Royal London Sterl Extra Yld Bd A,1.32094
12/23/2007,Royal London Sterl Extra Yld Bd A,1.32094
12/24/2007,Royal London Sterl Extra Yld Bd A,1.32411
12/25/2007,Royal London Sterl Extra Yld Bd A,1.32411
12/26/2007,Royal London Sterl Extra Yld Bd A,1.32411
12/27/2007,Royal London Sterl Extra Yld Bd A,1.32456
12/28/2007,Royal London Sterl Extra Yld Bd A,1.32827
12/29/2007,Royal London Sterl Extra Yld Bd A,1.32827
12/30/2007,Royal London Sterl Extra Yld Bd A,1.32827
12/31/2007,Royal London Sterl Extra Yld Bd A,1.32991
01/01/2008,Royal London Sterl Extra Yld Bd A,1.32991
01/02/2008,Royal London Sterl Extra Yld Bd A,1.30541
01/03/2008,Royal London Sterl Extra Yld Bd A,1.3066
01/04/2008,Royal London Sterl Extra Yld Bd A,1.30514
01/05/2008,Royal London Sterl Extra Yld Bd A,1.30514
01/06/2008,Royal London Sterl Extra Yld Bd A,1.30514
01/07/2008,Royal London Sterl Extra Yld Bd A,1.30514
01/08/2008,Royal London Sterl Extra Yld Bd A,1.30376
01/09/2008,Royal London Sterl Extra Yld Bd A,1.30577
01/10/2008,Royal London Sterl Extra Yld Bd A,1.30459
01/11/2008,Royal London Sterl Extra Yld Bd A,1.30229
01/12/2008,Royal London Sterl Extra Yld Bd A,1.30229
01/13/2008,Royal London Sterl Extra Yld Bd A,1.30229
01/14/2008,Royal London Sterl Extra Yld Bd A,1.30325
01/15/2008,Royal London Sterl Extra Yld Bd A,1.30116
01/16/2008,Royal London Sterl Extra Yld Bd A,1.29886
01/17/2008,Royal London Sterl Extra Yld Bd A,1.29601
01/18/2008,Royal London Sterl Extra Yld Bd A,1.29584
01/19/2008,Royal London Sterl Extra Yld Bd A,1.29584
01/20/2008,Royal London Sterl Extra Yld Bd A,1.29584
01/21/2008,Royal London Sterl Extra Yld Bd A,1.29468
01/22/2008,Royal London Sterl Extra Yld Bd A,1.2822
01/23/2008,Royal London Sterl Extra Yld Bd A,1.28191
01/24/2008,Royal London Sterl Extra Yld Bd A,1.27659
01/25/2008,Royal London Sterl Extra Yld Bd A,1.27783
01/26/2008,Royal London Sterl Extra Yld Bd A,1.27783
01/27/2008,Royal London Sterl Extra Yld Bd A,1.27783
01/28/2008,Royal London Sterl Extra Yld Bd A,1.27873
01/29/2008,Royal London Sterl Extra Yld Bd A,1.27599
01/30/2008,Royal London Sterl Extra Yld Bd A,1.27534
01/31/2008,Royal London Sterl Extra Yld Bd A,1.27673
02/01/2008,Royal London Sterl Extra Yld Bd A,1.27877
02/02/2008,Royal London Sterl Extra Yld Bd A,1.27877
02/03/2008,Royal London Sterl Extra Yld Bd A,1.27877
02/04/2008,Royal London Sterl Extra Yld Bd A,1.27642
02/05/2008,Royal London Sterl Extra Yld Bd A,1.27466
02/06/2008,Royal London Sterl Extra Yld Bd A,1.26899
02/07/2008,Royal London Sterl Extra Yld Bd A,1.27
02/08/2008,Royal London Sterl Extra Yld Bd A,1.26718
02/09/2008,Royal London Sterl Extra Yld Bd A,1.26718
02/10/2008,Royal London Sterl Extra Yld Bd A,1.26718
02/11/2008,Royal London Sterl Extra Yld Bd A,1.26346
02/12/2008,Royal London Sterl Extra Yld Bd A,1.25599
02/13/2008,Royal London Sterl Extra Yld Bd A,1.25388
02/14/2008,Royal London Sterl Extra Yld Bd A,1.25234
02/15/2008,Royal London Sterl Extra Yld Bd A,1.25394
02/16/2008,Royal London Sterl Extra Yld Bd A,1.25394
02/17/2008,Royal London Sterl Extra Yld Bd A,1.25394
02/18/2008,Royal London Sterl Extra Yld Bd A,1.25051
02/19/2008,Royal London Sterl Extra Yld Bd A,1.24365
02/20/2008,Royal London Sterl Extra Yld Bd A,1.24164
02/21/2008,Royal London Sterl Extra Yld Bd A,1.23802
02/22/2008,Royal London Sterl Extra Yld Bd A,1.23726
02/23/2008,Royal London Sterl Extra Yld Bd A,1.23726
02/24/2008,Royal London Sterl Extra Yld Bd A,1.23726
02/25/2008,Royal London Sterl Extra Yld Bd A,1.23755
02/26/2008,Royal London Sterl Extra Yld Bd A,1.23595
02/27/2008,Royal London Sterl Extra Yld Bd A,1.23663
02/28/2008,Royal London Sterl Extra Yld Bd A,1.23948
02/29/2008,Royal London Sterl Extra Yld Bd A,1.24031
03/01/2008,Royal London Sterl Extra Yld Bd A,1.24031
03/02/2008,Royal London Sterl Extra Yld Bd A,1.24031
03/03/2008,Royal London Sterl Extra Yld Bd A,1.24111
03/04/2008,Royal London Sterl Extra Yld Bd A,1.24252
03/05/2008,Royal London Sterl Extra Yld Bd A,1.24
03/06/2008,Royal London Sterl Extra Yld Bd A,1.24045
03/07/2008,Royal London Sterl Extra Yld Bd A,1.23805
03/08/2008,Royal London Sterl Extra Yld Bd A,1.23805
03/09/2008,Royal London Sterl Extra Yld Bd A,1.23805
03/10/2008,Royal London Sterl Extra Yld Bd A,1.23665
03/11/2008,Royal London Sterl Extra Yld Bd A,1.234
03/12/2008,Royal London Sterl Extra Yld Bd A,1.22953
03/13/2008,Royal London Sterl Extra Yld Bd A,1.226
03/14/2008,Royal London Sterl Extra Yld Bd A,1.22609
03/15/2008,Royal London Sterl Extra Yld Bd A,1.22609
03/16/2008,Royal London Sterl Extra Yld Bd A,1.22609
03/17/2008,Royal London Sterl Extra Yld Bd A,1.22749
03/18/2008,Royal London Sterl Extra Yld Bd A,1.21854
03/19/2008,Royal London Sterl Extra Yld Bd A,1.22154
03/20/2008,Royal London Sterl Extra Yld Bd A,1.22212
03/21/2008,Royal London Sterl Extra Yld Bd A,1.22212
03/22/2008,Royal London Sterl Extra Yld Bd A,1.22212
03/23/2008,Royal London Sterl Extra Yld Bd A,1.22212
03/24/2008,Royal London Sterl Extra Yld Bd A,1.22212
03/25/2008,Royal London Sterl Extra Yld Bd A,1.21732
03/26/2008,Royal London Sterl Extra Yld Bd A,1.21652
03/27/2008,Royal London Sterl Extra Yld Bd A,1.21495
03/28/2008,Royal London Sterl Extra Yld Bd A,1.21402
03/29/2008,Royal London Sterl Extra Yld Bd A,1.21402
03/30/2008,Royal London Sterl Extra Yld Bd A,1.21402
03/31/2008,Royal London Sterl Extra Yld Bd A,1.21283
04/01/2008,Royal London Sterl Extra Yld Bd A,1.18715
04/02/2008,Royal London Sterl Extra Yld Bd A,1.18945
04/03/2008,Royal London Sterl Extra Yld Bd A,1.18839
04/04/2008,Royal London Sterl Extra Yld Bd A,1.19028
04/05/2008,Royal London Sterl Extra Yld Bd A,1.19028
04/06/2008,Royal London Sterl Extra Yld Bd A,1.19028
04/07/2008,Royal London Sterl Extra Yld Bd A,1.19241
04/08/2008,Royal London Sterl Extra Yld Bd A,1.19425
04/09/2008,Royal London Sterl Extra Yld Bd A,1.19611
04/10/2008,Royal London Sterl Extra Yld Bd A,1.19656
04/11/2008,Royal London Sterl Extra Yld Bd A,1.19767
04/12/2008,Royal London Sterl Extra Yld Bd A,1.19767
04/13/2008,Royal London Sterl Extra Yld Bd A,1.19767
04/14/2008,Royal London Sterl Extra Yld Bd A,1.19734
04/15/2008,Royal London Sterl Extra Yld Bd A,1.1995
04/16/2008,Royal London Sterl Extra Yld Bd A,1.19809
04/17/2008,Royal London Sterl Extra Yld Bd A,1.19671
04/18/2008,Royal London Sterl Extra Yld Bd A,1.19463
04/19/2008,Royal London Sterl Extra Yld Bd A,1.19463
04/20/2008,Royal London Sterl Extra Yld Bd A,1.19463
04/21/2008,Royal London Sterl Extra Yld Bd A,1.20034
04/22/2008,Royal London Sterl Extra Yld Bd A,1.2
04/23/2008,Royal London Sterl Extra Yld Bd A,1.20459
04/24/2008,Royal London Sterl Extra Yld Bd A,1.20251
04/25/2008,Royal London Sterl Extra Yld Bd A,1.20147
04/26/2008,Royal London Sterl Extra Yld Bd A,1.20147
04/27/2008,Royal London Sterl Extra Yld Bd A,1.20147
04/28/2008,Royal London Sterl Extra Yld Bd A,1.20304
04/29/2008,Royal London Sterl Extra Yld Bd A,1.20771
04/30/2008,Royal London Sterl Extra Yld Bd A,1.20895
05/01/2008,Royal London Sterl Extra Yld Bd A,1.2126
05/02/2008,Royal London Sterl Extra Yld Bd A,1.21304
05/03/2008,Royal London Sterl Extra Yld Bd A,1.21304
05/04/2008,Royal London Sterl Extra Yld Bd A,1.21304
05/05/2008,Royal London Sterl Extra Yld Bd A,1.21304
05/06/2008,Royal London Sterl Extra Yld Bd A,1.21752
05/07/2008,Royal London Sterl Extra Yld Bd A,1.22153
05/08/2008,Royal London Sterl Extra Yld Bd A,1.22051
05/09/2008,Royal London Sterl Extra Yld Bd A,1.22185
05/10/2008,Royal London Sterl Extra Yld Bd A,1.22185
05/11/2008,Royal London Sterl Extra Yld Bd A,1.22185
05/12/2008,Royal London Sterl Extra Yld Bd A,1.22199
05/13/2008,Royal London Sterl Extra Yld Bd A,1.2213
05/14/2008,Royal London Sterl Extra Yld Bd A,1.21899
05/15/2008,Royal London Sterl Extra Yld Bd A,1.21795
05/16/2008,Royal London Sterl Extra Yld Bd A,1.21764
05/17/2008,Royal London Sterl Extra Yld Bd A,1.21764
05/18/2008,Royal London Sterl Extra Yld Bd A,1.21764
05/19/2008,Royal London Sterl Extra Yld Bd A,1.2183
05/20/2008,Royal London Sterl Extra Yld Bd A,1.21877
05/21/2008,Royal London Sterl Extra Yld Bd A,1.21912
05/22/2008,Royal London Sterl Extra Yld Bd A,1.21535
05/23/2008,Royal London Sterl Extra Yld Bd A,1.21548
05/24/2008,Royal London Sterl Extra Yld Bd A,1.21548
05/25/2008,Royal London Sterl Extra Yld Bd A,1.21548
05/26/2008,Royal London Sterl Extra Yld Bd A,1.21548
05/27/2008,Royal London Sterl Extra Yld Bd A,1.21628
05/28/2008,Royal London Sterl Extra Yld Bd A,1.21532
05/29/2008,Royal London Sterl Extra Yld Bd A,1.21409
05/30/2008,Royal London Sterl Extra Yld Bd A,1.21394
05/31/2008,Royal London Sterl Extra Yld Bd A,1.21394
06/01/2008,Royal London Sterl Extra Yld Bd A,1.21394
06/02/2008,Royal London Sterl Extra Yld Bd A,1.21506
06/03/2008,Royal London Sterl Extra Yld Bd A,1.21065
06/04/2008,Royal London Sterl Extra Yld Bd A,1.21295
06/05/2008,Royal London Sterl Extra Yld Bd A,1.21225
06/06/2008,Royal London Sterl Extra Yld Bd A,1.21131
06/07/2008,Royal London Sterl Extra Yld Bd A,1.21131
06/08/2008,Royal London Sterl Extra Yld Bd A,1.21131
06/09/2008,Royal London Sterl Extra Yld Bd A,1.20775
06/10/2008,Royal London Sterl Extra Yld Bd A,1.20753
06/11/2008,Royal London Sterl Extra Yld Bd A,1.20565
06/12/2008,Royal London Sterl Extra Yld Bd A,1.20459
06/13/2008,Royal London Sterl Extra Yld Bd A,1.20129
06/14/2008,Royal London Sterl Extra Yld Bd A,1.20129
06/15/2008,Royal London Sterl Extra Yld Bd A,1.20129
06/16/2008,Royal London Sterl Extra Yld Bd A,1.20245
06/17/2008,Royal London Sterl Extra Yld Bd A,1.20502
06/18/2008,Royal London Sterl Extra Yld Bd A,1.20519
06/19/2008,Royal London Sterl Extra Yld Bd A,1.20191
06/20/2008,Royal London Sterl Extra Yld Bd A,1.20351
06/21/2008,Royal London Sterl Extra Yld Bd A,1.20351
06/22/2008,Royal London Sterl Extra Yld Bd A,1.20351
06/23/2008,Royal London Sterl Extra Yld Bd A,1.20544
06/24/2008,Royal London Sterl Extra Yld Bd A,1.20169
06/25/2008,Royal London Sterl Extra Yld Bd A,1.19408
06/26/2008,Royal London Sterl Extra Yld Bd A,1.19376
06/27/2008,Royal London Sterl Extra Yld Bd A,1.1926
06/28/2008,Royal London Sterl Extra Yld Bd A,1.1926
06/29/2008,Royal London Sterl Extra Yld Bd A,1.1926
06/30/2008,Royal London Sterl Extra Yld Bd A,1.18957
07/01/2008,Royal London Sterl Extra Yld Bd A,1.16277
07/02/2008,Royal London Sterl Extra Yld Bd A,1.15939
07/03/2008,Royal London Sterl Extra Yld Bd A,1.15896
07/04/2008,Royal London Sterl Extra Yld Bd A,1.16026
07/05/2008,Royal London Sterl Extra Yld Bd A,1.16026
07/06/2008,Royal London Sterl Extra Yld Bd A,1.16026
07/07/2008,Royal London Sterl Extra Yld Bd A,1.16263
07/08/2008,Royal London Sterl Extra Yld Bd A,1.16276
07/09/2008,Royal London Sterl Extra Yld Bd A,1.15908
07/10/2008,Royal London Sterl Extra Yld Bd A,1.15898
07/11/2008,Royal London Sterl Extra Yld Bd A,1.15692
07/12/2008,Royal London Sterl Extra Yld Bd A,1.15692
07/13/2008,Royal London Sterl Extra Yld Bd A,1.15692
07/14/2008,Royal London Sterl Extra Yld Bd A,1.15353
07/15/2008,Royal London Sterl Extra Yld Bd A,1.15135
07/16/2008,Royal London Sterl Extra Yld Bd A,1.15149
07/17/2008,Royal London Sterl Extra Yld Bd A,1.14985
07/18/2008,Royal London Sterl Extra Yld Bd A,1.14621
07/19/2008,Royal London Sterl Extra Yld Bd A,1.14621
07/20/2008,Royal London Sterl Extra Yld Bd A,1.14621
07/21/2008,Royal London Sterl Extra Yld Bd A,1.14569
07/22/2008,Royal London Sterl Extra Yld Bd A,1.14794
07/23/2008,Royal London Sterl Extra Yld Bd A,1.14701
07/24/2008,Royal London Sterl Extra Yld Bd A,1.14996
07/25/2008,Royal London Sterl Extra Yld Bd A,1.14781
07/26/2008,Royal London Sterl Extra Yld Bd A,1.14781
07/27/2008,Royal London Sterl Extra Yld Bd A,1.14781
07/28/2008,Royal London Sterl Extra Yld Bd A,1.14823
07/29/2008,Royal London Sterl Extra Yld Bd A,1.14986
07/30/2008,Royal London Sterl Extra Yld Bd A,1.15038
07/31/2008,Royal London Sterl Extra Yld Bd A,1.1494
08/01/2008,Royal London Sterl Extra Yld Bd A,1.14626
08/02/2008,Royal London Sterl Extra Yld Bd A,1.14626
08/03/2008,Royal London Sterl Extra Yld Bd A,1.14626
08/04/2008,Royal London Sterl Extra Yld Bd A,1.14831
08/05/2008,Royal London Sterl Extra Yld Bd A,1.15149
08/06/2008,Royal London Sterl Extra Yld Bd A,1.15157
08/07/2008,Royal London Sterl Extra Yld Bd A,1.15474
08/08/2008,Royal London Sterl Extra Yld Bd A,1.15571
08/09/2008,Royal London Sterl Extra Yld Bd A,1.15571
08/10/2008,Royal London Sterl Extra Yld Bd A,1.15571
08/11/2008,Royal London Sterl Extra Yld Bd A,1.15552
08/12/2008,Royal London Sterl Extra Yld Bd A,1.15744
08/13/2008,Royal London Sterl Extra Yld Bd A,1.16111
08/14/2008,Royal London Sterl Extra Yld Bd A,1.16111
08/15/2008,Royal London Sterl Extra Yld Bd A,1.16111
08/16/2008,Royal London Sterl Extra Yld Bd A,1.16111
08/17/2008,Royal London Sterl Extra Yld Bd A,1.16111
08/18/2008,Royal London Sterl Extra Yld Bd A,1.1589
08/19/2008,Royal London Sterl Extra Yld Bd A,1.15911
08/20/2008,Royal London Sterl Extra Yld Bd A,1.16071
08/21/2008,Royal London Sterl Extra Yld Bd A,1.15985
08/22/2008,Royal London Sterl Extra Yld Bd A,1.15917
08/23/2008,Royal London Sterl Extra Yld Bd A,1.15917
08/24/2008,Royal London Sterl Extra Yld Bd A,1.15917
08/25/2008,Royal London Sterl Extra Yld Bd A,1.15917
08/26/2008,Royal London Sterl Extra Yld Bd A,1.1616
08/27/2008,Royal London Sterl Extra Yld Bd A,1.16245
08/28/2008,Royal London Sterl Extra Yld Bd A,1.16224
08/29/2008,Royal London Sterl Extra Yld Bd A,1.1623
08/30/2008,Royal London Sterl Extra Yld Bd A,1.1623
08/31/2008,Royal London Sterl Extra Yld Bd A,1.1623
09/01/2008,Royal London Sterl Extra Yld Bd A,1.16573
09/02/2008,Royal London Sterl Extra Yld Bd A,1.15583
09/03/2008,Royal London Sterl Extra Yld Bd A,1.1533
09/04/2008,Royal London Sterl Extra Yld Bd A,1.15551
09/05/2008,Royal London Sterl Extra Yld Bd A,1.15819
09/06/2008,Royal London Sterl Extra Yld Bd A,1.15819
09/07/2008,Royal London Sterl Extra Yld Bd A,1.15819
09/08/2008,Royal London Sterl Extra Yld Bd A,1.15714
09/09/2008,Royal London Sterl Extra Yld Bd A,1.15626
09/10/2008,Royal London Sterl Extra Yld Bd A,1.15565
09/11/2008,Royal London Sterl Extra Yld Bd A,1.15488
09/12/2008,Royal London Sterl Extra Yld Bd A,1.13846
09/13/2008,Royal London Sterl Extra Yld Bd A,1.13846
09/14/2008,Royal London Sterl Extra Yld Bd A,1.13846
09/15/2008,Royal London Sterl Extra Yld Bd A,1.1349
09/16/2008,Royal London Sterl Extra Yld Bd A,1.11977
09/17/2008,Royal London Sterl Extra Yld Bd A,1.10815
09/18/2008,Royal London Sterl Extra Yld Bd A,1.10816
09/19/2008,Royal London Sterl Extra Yld Bd A,1.10396
09/20/2008,Royal London Sterl Extra Yld Bd A,1.10396
09/21/2008,Royal London Sterl Extra Yld Bd A,1.10396
09/22/2008,Royal London Sterl Extra Yld Bd A,1.10194
09/23/2008,Royal London Sterl Extra Yld Bd A,1.10104
09/24/2008,Royal London Sterl Extra Yld Bd A,1.1001
09/25/2008,Royal London Sterl Extra Yld Bd A,1.09569
09/26/2008,Royal London Sterl Extra Yld Bd A,1.09286
09/27/2008,Royal London Sterl Extra Yld Bd A,1.09286
09/28/2008,Royal London Sterl Extra Yld Bd A,1.09286
09/29/2008,Royal London Sterl Extra Yld Bd A,1.08894
09/30/2008,Royal London Sterl Extra Yld Bd A,1.0812
10/01/2008,Royal London Sterl Extra Yld Bd A,1.05397
10/02/2008,Royal London Sterl Extra Yld Bd A,1.0513
10/03/2008,Royal London Sterl Extra Yld Bd A,1.04173
10/04/2008,Royal London Sterl Extra Yld Bd A,1.04173
10/05/2008,Royal London Sterl Extra Yld Bd A,1.04173
10/06/2008,Royal London Sterl Extra Yld Bd A,1.04112
10/07/2008,Royal London Sterl Extra Yld Bd A,1.03381
10/08/2008,Royal London Sterl Extra Yld Bd A,1.028
10/09/2008,Royal London Sterl Extra Yld Bd A,1.02529
10/10/2008,Royal London Sterl Extra Yld Bd A,1.01466
10/11/2008,Royal London Sterl Extra Yld Bd A,1.01466
10/12/2008,Royal London Sterl Extra Yld Bd A,1.01466
10/13/2008,Royal London Sterl Extra Yld Bd A,0.99982
10/14/2008,Royal London Sterl Extra Yld Bd A,0.99669
10/15/2008,Royal London Sterl Extra Yld Bd A,0.99345
10/16/2008,Royal London Sterl Extra Yld Bd A,0.99004
10/17/2008,Royal London Sterl Extra Yld Bd A,0.97885
10/18/2008,Royal London Sterl Extra Yld Bd A,0.97885
10/19/2008,Royal London Sterl Extra Yld Bd A,0.97885
10/20/2008,Royal London Sterl Extra Yld Bd A,0.96732
10/21/2008,Royal London Sterl Extra Yld Bd A,0.96433
10/22/2008,Royal London Sterl Extra Yld Bd A,0.96705
10/23/2008,Royal London Sterl Extra Yld Bd A,0.95356
10/24/2008,Royal London Sterl Extra Yld Bd A,0.95385
10/25/2008,Royal London Sterl Extra Yld Bd A,0.95385
10/26/2008,Royal London Sterl Extra Yld Bd A,0.95385
10/27/2008,Royal London Sterl Extra Yld Bd A,0.94305
10/28/2008,Royal London Sterl Extra Yld Bd A,0.93848
10/29/2008,Royal London Sterl Extra Yld Bd A,0.93452
10/30/2008,Royal London Sterl Extra Yld Bd A,0.93435
10/31/2008,Royal London Sterl Extra Yld Bd A,0.92118
11/01/2008,Royal London Sterl Extra Yld Bd A,0.92118
11/02/2008,Royal London Sterl Extra Yld Bd A,0.92118
11/03/2008,Royal London Sterl Extra Yld Bd A,0.91946
11/04/2008,Royal London Sterl Extra Yld Bd A,0.91946
11/05/2008,Royal London Sterl Extra Yld Bd A,0.91946
11/06/2008,Royal London Sterl Extra Yld Bd A,0.91103
11/07/2008,Royal London Sterl Extra Yld Bd A,0.90372
11/08/2008,Royal London Sterl Extra Yld Bd A,0.90372
11/09/2008,Royal London Sterl Extra Yld Bd A,0.90372
11/10/2008,Royal London Sterl Extra Yld Bd A,0.89456
11/11/2008,Royal London Sterl Extra Yld Bd A,0.89312
11/12/2008,Royal London Sterl Extra Yld Bd A,0.89091
11/13/2008,Royal London Sterl Extra Yld Bd A,0.89107
11/14/2008,Royal London Sterl Extra Yld Bd A,0.88787
11/15/2008,Royal London Sterl Extra Yld Bd A,0.88787
11/16/2008,Royal London Sterl Extra Yld Bd A,0.88787
11/17/2008,Royal London Sterl Extra Yld Bd A,0.88329
11/18/2008,Royal London Sterl Extra Yld Bd A,0.88123
11/19/2008,Royal London Sterl Extra Yld Bd A,0.89445
11/20/2008,Royal London Sterl Extra Yld Bd A,0.89506
11/21/2008,Royal London Sterl Extra Yld Bd A,0.89033
11/22/2008,Royal London Sterl Extra Yld Bd A,0.89033
11/23/2008,Royal London Sterl Extra Yld Bd A,0.89033
11/24/2008,Royal London Sterl Extra Yld Bd A,0.88782
11/25/2008,Royal London Sterl Extra Yld Bd A,0.88424
11/26/2008,Royal London Sterl Extra Yld Bd A,0.88146
11/27/2008,Royal London Sterl Extra Yld Bd A,0.88035
11/28/2008,Royal London Sterl Extra Yld Bd A,0.87997
11/29/2008,Royal London Sterl Extra Yld Bd A,0.87997
11/30/2008,Royal London Sterl Extra Yld Bd A,0.87997
12/01/2008,Royal London Sterl Extra Yld Bd A,0.87692
12/02/2008,Royal London Sterl Extra Yld Bd A,0.87585
12/03/2008,Royal London Sterl Extra Yld Bd A,0.87147
12/04/2008,Royal London Sterl Extra Yld Bd A,0.87092
12/05/2008,Royal London Sterl Extra Yld Bd A,0.86112
12/06/2008,Royal London Sterl Extra Yld Bd A,0.86112
12/07/2008,Royal London Sterl Extra Yld Bd A,0.86112
12/08/2008,Royal London Sterl Extra Yld Bd A,0.84365
12/09/2008,Royal London Sterl Extra Yld Bd A,0.83878
12/10/2008,Royal London Sterl Extra Yld Bd A,0.8325
12/11/2008,Royal London Sterl Extra Yld Bd A,0.83169
12/12/2008,Royal London Sterl Extra Yld Bd A,0.82686
12/13/2008,Royal London Sterl Extra Yld Bd A,0.82686
12/14/2008,Royal London Sterl Extra Yld Bd A,0.82686
12/15/2008,Royal London Sterl Extra Yld Bd A,0.82728
12/16/2008,Royal London Sterl Extra Yld Bd A,0.82863
12/17/2008,Royal London Sterl Extra Yld Bd A,0.83312
12/18/2008,Royal London Sterl Extra Yld Bd A,0.833
12/19/2008,Royal London Sterl Extra Yld Bd A,0.8314
12/20/2008,Royal London Sterl Extra Yld Bd A,0.8314
12/21/2008,Royal London Sterl Extra Yld Bd A,0.8314
12/22/2008,Royal London Sterl Extra Yld Bd A,0.8233
12/23/2008,Royal London Sterl Extra Yld Bd A,0.8214
12/24/2008,Royal London Sterl Extra Yld Bd A,0.82058
12/25/2008,Royal London Sterl Extra Yld Bd A,0.82058
12/26/2008,Royal London Sterl Extra Yld Bd A,0.82058
12/27/2008,Royal London Sterl Extra Yld Bd A,0.82058
12/28/2008,Royal London Sterl Extra Yld Bd A,0.82058
12/29/2008,Royal London Sterl Extra Yld Bd A,0.81807
12/30/2008,Royal London Sterl Extra Yld Bd A,0.818
12/31/2008,Royal London Sterl Extra Yld Bd A,0.81819
01/01/2009,Royal London Sterl Extra Yld Bd A,0.81819
01/02/2009,Royal London Sterl Extra Yld Bd A,0.78276
01/03/2009,Royal London Sterl Extra Yld Bd A,0.78276
01/04/2009,Royal London Sterl Extra Yld Bd A,0.78276
01/05/2009,Royal London Sterl Extra Yld Bd A,0.78147
01/06/2009,Royal London Sterl Extra Yld Bd A,0.77785
01/07/2009,Royal London Sterl Extra Yld Bd A,0.7781
01/08/2009,Royal London Sterl Extra Yld Bd A,0.78009
01/09/2009,Royal London Sterl Extra Yld Bd A,0.78295
01/10/2009,Royal London Sterl Extra Yld Bd A,0.78295
01/11/2009,Royal London Sterl Extra Yld Bd A,0.78295
01/12/2009,Royal London Sterl Extra Yld Bd A,0.78374
01/13/2009,Royal London Sterl Extra Yld Bd A,0.78459
01/14/2009,Royal London Sterl Extra Yld Bd A,0.78568
01/15/2009,Royal London Sterl Extra Yld Bd A,0.78344
01/16/2009,Royal London Sterl Extra Yld Bd A,0.78132
01/17/2009,Royal London Sterl Extra Yld Bd A,0.78132
01/18/2009,Royal London Sterl Extra Yld Bd A,0.78132
01/19/2009,Royal London Sterl Extra Yld Bd A,0.77821
01/20/2009,Royal London Sterl Extra Yld Bd A,0.77022
01/21/2009,Royal London Sterl Extra Yld Bd A,0.76307
01/22/2009,Royal London Sterl Extra Yld Bd A,0.76114
01/23/2009,Royal London Sterl Extra Yld Bd A,0.75798
01/24/2009,Royal London Sterl Extra Yld Bd A,0.75798
01/25/2009,Royal London Sterl Extra Yld Bd A,0.75798
01/26/2009,Royal London Sterl Extra Yld Bd A,0.75446
01/27/2009,Royal London Sterl Extra Yld Bd A,0.75299
01/28/2009,Royal London Sterl Extra Yld Bd A,0.75426
01/29/2009,Royal London Sterl Extra Yld Bd A,0.75256
01/30/2009,Royal London Sterl Extra Yld Bd A,0.74806
01/31/2009,Royal London Sterl Extra Yld Bd A,0.74806
02/01/2009,Royal London Sterl Extra Yld Bd A,0.74806
02/02/2009,Royal London Sterl Extra Yld Bd A,0.74928
02/03/2009,Royal London Sterl Extra Yld Bd A,0.7319
02/04/2009,Royal London Sterl Extra Yld Bd A,0.7307
02/05/2009,Royal London Sterl Extra Yld Bd A,0.71551
02/06/2009,Royal London Sterl Extra Yld Bd A,0.71685
02/07/2009,Royal London Sterl Extra Yld Bd A,0.71685
02/08/2009,Royal London Sterl Extra Yld Bd A,0.71685
02/09/2009,Royal London Sterl Extra Yld Bd A,0.7188
02/10/2009,Royal London Sterl Extra Yld Bd A,0.71923
02/11/2009,Royal London Sterl Extra Yld Bd A,0.72191
02/12/2009,Royal London Sterl Extra Yld Bd A,0.7238
02/13/2009,Royal London Sterl Extra Yld Bd A,0.7255
02/14/2009,Royal London Sterl Extra Yld Bd A,0.7255
02/15/2009,Royal London Sterl Extra Yld Bd A,0.7255
02/16/2009,Royal London Sterl Extra Yld Bd A,0.72279
02/17/2009,Royal London Sterl Extra Yld Bd A,0.72179
02/18/2009,Royal London Sterl Extra Yld Bd A,0.71788
02/19/2009,Royal London Sterl Extra Yld Bd A,0.71369
02/20/2009,Royal London Sterl Extra Yld Bd A,0.71098
02/21/2009,Royal London Sterl Extra Yld Bd A,0.71098
02/22/2009,Royal London Sterl Extra Yld Bd A,0.71098
02/23/2009,Royal London Sterl Extra Yld Bd A,0.71012
02/24/2009,Royal London Sterl Extra Yld Bd A,0.7055
02/25/2009,Royal London Sterl Extra Yld Bd A,0.70165
02/26/2009,Royal London Sterl Extra Yld Bd A,0.6982
02/27/2009,Royal London Sterl Extra Yld Bd A,0.699
02/28/2009,Royal London Sterl Extra Yld Bd A,0.699
03/01/2009,Royal London Sterl Extra Yld Bd A,0.699
03/02/2009,Royal London Sterl Extra Yld Bd A,0.69713
03/03/2009,Royal London Sterl Extra Yld Bd A,0.69545
03/04/2009,Royal London Sterl Extra Yld Bd A,0.69219
03/05/2009,Royal London Sterl Extra Yld Bd A,0.69279
03/06/2009,Royal London Sterl Extra Yld Bd A,0.69461
03/07/2009,Royal London Sterl Extra Yld Bd A,0.69461
03/08/2009,Royal London Sterl Extra Yld Bd A,0.69461
03/09/2009,Royal London Sterl Extra Yld Bd A,0.69002
03/10/2009,Royal London Sterl Extra Yld Bd A,0.68757
03/11/2009,Royal London Sterl Extra Yld Bd A,0.68718
03/12/2009,Royal London Sterl Extra Yld Bd A,0.68835
03/13/2009,Royal London Sterl Extra Yld Bd A,0.68876
03/14/2009,Royal London Sterl Extra Yld Bd A,0.68876
03/15/2009,Royal London Sterl Extra Yld Bd A,0.68876
03/16/2009,Royal London Sterl Extra Yld Bd A,0.68717
03/17/2009,Royal London Sterl Extra Yld Bd A,0.6864
03/18/2009,Royal London Sterl Extra Yld Bd A,0.68053
03/19/2009,Royal London Sterl Extra Yld Bd A,0.68117
03/20/2009,Royal London Sterl Extra Yld Bd A,0.68112
03/21/2009,Royal London Sterl Extra Yld Bd A,0.68112
03/22/2009,Royal London Sterl Extra Yld Bd A,0.68112
03/23/2009,Royal London Sterl Extra Yld Bd A,0.68134
03/24/2009,Royal London Sterl Extra Yld Bd A,0.67196
03/25/2009,Royal London Sterl Extra Yld Bd A,0.67084
03/26/2009,Royal London Sterl Extra Yld Bd A,0.67288
03/27/2009,Royal London Sterl Extra Yld Bd A,0.67245
03/28/2009,Royal London Sterl Extra Yld Bd A,0.67245
03/29/2009,Royal London Sterl Extra Yld Bd A,0.67245
03/30/2009,Royal London Sterl Extra Yld Bd A,0.67169
03/31/2009,Royal London Sterl Extra Yld Bd A,0.6654
04/01/2009,Royal London Sterl Extra Yld Bd A,0.6415
04/02/2009,Royal London Sterl Extra Yld Bd A,0.63609
04/03/2009,Royal London Sterl Extra Yld Bd A,0.6364
04/04/2009,Royal London Sterl Extra Yld Bd A,0.6364
04/05/2009,Royal London Sterl Extra Yld Bd A,0.6364
04/06/2009,Royal London Sterl Extra Yld Bd A,0.63806
04/07/2009,Royal London Sterl Extra Yld Bd A,0.6393
04/08/2009,Royal London Sterl Extra Yld Bd A,0.64068
04/09/2009,Royal London Sterl Extra Yld Bd A,0.64375
04/10/2009,Royal London Sterl Extra Yld Bd A,0.64375
04/11/2009,Royal London Sterl Extra Yld Bd A,0.64375
04/12/2009,Royal London Sterl Extra Yld Bd A,0.64375
04/13/2009,Royal London Sterl Extra Yld Bd A,0.64375
04/14/2009,Royal London Sterl Extra Yld Bd A,0.648
04/15/2009,Royal London Sterl Extra Yld Bd A,0.64871
04/16/2009,Royal London Sterl Extra Yld Bd A,0.65041
04/17/2009,Royal London Sterl Extra Yld Bd A,0.64678
04/18/2009,Royal London Sterl Extra Yld Bd A,0.64678
04/19/2009,Royal London Sterl Extra Yld Bd A,0.64678
04/20/2009,Royal London Sterl Extra Yld Bd A,0.65206
04/21/2009,Royal London Sterl Extra Yld Bd A,0.65123
04/22/2009,Royal London Sterl Extra Yld Bd A,0.64937
04/23/2009,Royal London Sterl Extra Yld Bd A,0.65037
04/24/2009,Royal London Sterl Extra Yld Bd A,0.6523
04/25/2009,Royal London Sterl Extra Yld Bd A,0.6523
04/26/2009,Royal London Sterl Extra Yld Bd A,0.6523
04/27/2009,Royal London Sterl Extra Yld Bd A,0.65424
04/28/2009,Royal London Sterl Extra Yld Bd A,0.65363
04/29/2009,Royal London Sterl Extra Yld Bd A,0.65698
04/30/2009,Royal London Sterl Extra Yld Bd A,0.66224
05/01/2009,Royal London Sterl Extra Yld Bd A,0.66284
05/02/2009,Royal London Sterl Extra Yld Bd A,0.66284
05/03/2009,Royal London Sterl Extra Yld Bd A,0.66284
05/04/2009,Royal London Sterl Extra Yld Bd A,0.66284
05/05/2009,Royal London Sterl Extra Yld Bd A,0.66653
05/06/2009,Royal London Sterl Extra Yld Bd A,0.66959
05/07/2009,Royal London Sterl Extra Yld Bd A,0.67141
05/08/2009,Royal London Sterl Extra Yld Bd A,0.67633
05/09/2009,Royal London Sterl Extra Yld Bd A,0.67633
05/10/2009,Royal London Sterl Extra Yld Bd A,0.67633
05/11/2009,Royal London Sterl Extra Yld Bd A,0.67945
05/12/2009,Royal London Sterl Extra Yld Bd A,0.68115
05/13/2009,Royal London Sterl Extra Yld Bd A,0.68539
05/14/2009,Royal London Sterl Extra Yld Bd A,0.68615
05/15/2009,Royal London Sterl Extra Yld Bd A,0.68896
05/16/2009,Royal London Sterl Extra Yld Bd A,0.68896
05/17/2009,Royal London Sterl Extra Yld Bd A,0.68896
05/18/2009,Royal London Sterl Extra Yld Bd A,0.69082
05/19/2009,Royal London Sterl Extra Yld Bd A,0.69396
05/20/2009,Royal London Sterl Extra Yld Bd A,0.69484
05/21/2009,Royal London Sterl Extra Yld Bd A,0.69388
05/22/2009,Royal London Sterl Extra Yld Bd A,0.69538
05/23/2009,Royal London Sterl Extra Yld Bd A,0.69538
05/24/2009,Royal London Sterl Extra Yld Bd A,0.69538
05/25/2009,Royal London Sterl Extra Yld Bd A,0.69538
05/26/2009,Royal London Sterl Extra Yld Bd A,0.69616
05/27/2009,Royal London Sterl Extra Yld Bd A,0.70122
05/28/2009,Royal London Sterl Extra Yld Bd A,0.70254
05/29/2009,Royal London Sterl Extra Yld Bd A,0.70523
05/30/2009,Royal London Sterl Extra Yld Bd A,0.70523
05/31/2009,Royal London Sterl Extra Yld Bd A,0.70523
06/01/2009,Royal London Sterl Extra Yld Bd A,0.70166
06/02/2009,Royal London Sterl Extra Yld Bd A,0.70455
06/03/2009,Royal London Sterl Extra Yld Bd A,0.70661
06/04/2009,Royal London Sterl Extra Yld Bd A,0.70876
06/05/2009,Royal London Sterl Extra Yld Bd A,0.70918
06/06/2009,Royal London Sterl Extra Yld Bd A,0.70918
06/07/2009,Royal London Sterl Extra Yld Bd A,0.70918
06/08/2009,Royal London Sterl Extra Yld Bd A,0.71169
06/09/2009,Royal London Sterl Extra Yld Bd A,0.71591
06/10/2009,Royal London Sterl Extra Yld Bd A,0.71606
06/11/2009,Royal London Sterl Extra Yld Bd A,0.71511
06/12/2009,Royal London Sterl Extra Yld Bd A,0.71659
06/13/2009,Royal London Sterl Extra Yld Bd A,0.71659
06/14/2009,Royal London Sterl Extra Yld Bd A,0.71659
06/15/2009,Royal London Sterl Extra Yld Bd A,0.72119
06/16/2009,Royal London Sterl Extra Yld Bd A,0.72073
06/17/2009,Royal London Sterl Extra Yld Bd A,0.72217
06/18/2009,Royal London Sterl Extra Yld Bd A,0.72135
06/19/2009,Royal London Sterl Extra Yld Bd A,0.72126
06/20/2009,Royal London Sterl Extra Yld Bd A,0.72126
06/21/2009,Royal London Sterl Extra Yld Bd A,0.72126
06/22/2009,Royal London Sterl Extra Yld Bd A,0.72402
06/23/2009,Royal London Sterl Extra Yld Bd A,0.72407
06/24/2009,Royal London Sterl Extra Yld Bd A,0.72321
06/25/2009,Royal London Sterl Extra Yld Bd A,0.72355
06/26/2009,Royal London Sterl Extra Yld Bd A,0.72514
06/27/2009,Royal London Sterl Extra Yld Bd A,0.72514
06/28/2009,Royal London Sterl Extra Yld Bd A,0.72514
06/29/2009,Royal London Sterl Extra Yld Bd A,0.73022
06/30/2009,Royal London Sterl Extra Yld Bd A,0.73097
07/01/2009,Royal London Sterl Extra Yld Bd A,0.71128
07/02/2009,Royal London Sterl Extra Yld Bd A,0.71319
07/03/2009,Royal London Sterl Extra Yld Bd A,0.71302
07/04/2009,Royal London Sterl Extra Yld Bd A,0.71302
07/05/2009,Royal London Sterl Extra Yld Bd A,0.71302
07/06/2009,Royal London Sterl Extra Yld Bd A,0.71414
07/07/2009,Royal London Sterl Extra Yld Bd A,0.71444
07/08/2009,Royal London Sterl Extra Yld Bd A,0.71736
07/09/2009,Royal London Sterl Extra Yld Bd A,0.71436
07/10/2009,Royal London Sterl Extra Yld Bd A,0.7178
07/11/2009,Royal London Sterl Extra Yld Bd A,0.7178
07/12/2009,Royal London Sterl Extra Yld Bd A,0.7178
07/13/2009,Royal London Sterl Extra Yld Bd A,0.71885
07/14/2009,Royal London Sterl Extra Yld Bd A,0.71881
07/15/2009,Royal London Sterl Extra Yld Bd A,0.71997
07/16/2009,Royal London Sterl Extra Yld Bd A,0.72246
07/17/2009,Royal London Sterl Extra Yld Bd A,0.7252
07/18/2009,Royal London Sterl Extra Yld Bd A,0.7252
07/19/2009,Royal London Sterl Extra Yld Bd A,0.7252
07/20/2009,Royal London Sterl Extra Yld Bd A,0.72718
07/21/2009,Royal London Sterl Extra Yld Bd A,0.7305
07/22/2009,Royal London Sterl Extra Yld Bd A,0.73238
07/23/2009,Royal London Sterl Extra Yld Bd A,0.7325
07/24/2009,Royal London Sterl Extra Yld Bd A,0.73569
07/25/2009,Royal London Sterl Extra Yld Bd A,0.73569
07/26/2009,Royal London Sterl Extra Yld Bd A,0.73569
07/27/2009,Royal London Sterl Extra Yld Bd A,0.7379
07/28/2009,Royal London Sterl Extra Yld Bd A,0.74293
07/29/2009,Royal London Sterl Extra Yld Bd A,0.7447
07/30/2009,Royal London Sterl Extra Yld Bd A,0.7488
07/31/2009,Royal London Sterl Extra Yld Bd A,0.75006
08/01/2009,Royal London Sterl Extra Yld Bd A,0.75006
08/02/2009,Royal London Sterl Extra Yld Bd A,0.75006
08/03/2009,Royal London Sterl Extra Yld Bd A,0.7515
08/04/2009,Royal London Sterl Extra Yld Bd A,0.75388
08/05/2009,Royal London Sterl Extra Yld Bd A,0.75683
08/06/2009,Royal London Sterl Extra Yld Bd A,0.76062
08/07/2009,Royal London Sterl Extra Yld Bd A,0.76404
08/08/2009,Royal London Sterl Extra Yld Bd A,0.76404
08/09/2009,Royal London Sterl Extra Yld Bd A,0.76404
08/10/2009,Royal London Sterl Extra Yld Bd A,0.76818
08/11/2009,Royal London Sterl Extra Yld Bd A,0.77601
08/12/2009,Royal London Sterl Extra Yld Bd A,0.77593
08/13/2009,Royal London Sterl Extra Yld Bd A,0.7765
08/14/2009,Royal London Sterl Extra Yld Bd A,0.77638
08/15/2009,Royal London Sterl Extra Yld Bd A,0.77638
08/16/2009,Royal London Sterl Extra Yld Bd A,0.77638
08/17/2009,Royal London Sterl Extra Yld Bd A,0.77975
08/18/2009,Royal London Sterl Extra Yld Bd A,0.7785
08/19/2009,Royal London Sterl Extra Yld Bd A,0.7802
08/20/2009,Royal London Sterl Extra Yld Bd A,0.78287
08/21/2009,Royal London Sterl Extra Yld Bd A,0.78309
08/22/2009,Royal London Sterl Extra Yld Bd A,0.78309
08/23/2009,Royal London Sterl Extra Yld Bd A,0.78309
08/24/2009,Royal London Sterl Extra Yld Bd A,0.78411
08/25/2009,Royal London Sterl Extra Yld Bd A,0.78678
08/26/2009,Royal London Sterl Extra Yld Bd A,0.78837
08/27/2009,Royal London Sterl Extra Yld Bd A,0.78878
08/28/2009,Royal London Sterl Extra Yld Bd A,0.79004
08/29/2009,Royal London Sterl Extra Yld Bd A,0.79004
08/30/2009,Royal London Sterl Extra Yld Bd A,0.79004
08/31/2009,Royal London Sterl Extra Yld Bd A,0.79004
09/01/2009,Royal London Sterl Extra Yld Bd A,0.79502
09/02/2009,Royal London Sterl Extra Yld Bd A,0.79734
09/03/2009,Royal London Sterl Extra Yld Bd A,0.79703
09/04/2009,Royal London Sterl Extra Yld Bd A,0.79928
09/05/2009,Royal London Sterl Extra Yld Bd A,0.79928
09/06/2009,Royal London Sterl Extra Yld Bd A,0.79928
09/07/2009,Royal London Sterl Extra Yld Bd A,0.80128
09/08/2009,Royal London Sterl Extra Yld Bd A,0.80161
09/09/2009,Royal London Sterl Extra Yld Bd A,0.80387
09/10/2009,Royal London Sterl Extra Yld Bd A,0.80676
09/11/2009,Royal London Sterl Extra Yld Bd A,0.81017
09/12/2009,Royal London Sterl Extra Yld Bd A,0.81017
09/13/2009,Royal London Sterl Extra Yld Bd A,0.81017
09/14/2009,Royal London Sterl Extra Yld Bd A,0.81422
09/15/2009,Royal London Sterl Extra Yld Bd A,0.81771
09/16/2009,Royal London Sterl Extra Yld Bd A,0.82075
09/17/2009,Royal London Sterl Extra Yld Bd A,0.82453
09/18/2009,Royal London Sterl Extra Yld Bd A,0.83019
09/19/2009,Royal London Sterl Extra Yld Bd A,0.83019
09/20/2009,Royal London Sterl Extra Yld Bd A,0.83019
09/21/2009,Royal London Sterl Extra Yld Bd A,0.83221
09/22/2009,Royal London Sterl Extra Yld Bd A,0.83318
09/23/2009,Royal London Sterl Extra Yld Bd A,0.83501
09/24/2009,Royal London Sterl Extra Yld Bd A,0.83899
09/25/2009,Royal London Sterl Extra Yld Bd A,0.8421
09/26/2009,Royal London Sterl Extra Yld Bd A,0.8421
09/27/2009,Royal London Sterl Extra Yld Bd A,0.8421
09/28/2009,Royal London Sterl Extra Yld Bd A,0.84372
09/29/2009,Royal London Sterl Extra Yld Bd A,0.84522
09/30/2009,Royal London Sterl Extra Yld Bd A,0.84573
10/01/2009,Royal London Sterl Extra Yld Bd A,0.83501
10/02/2009,Royal London Sterl Extra Yld Bd A,0.83617
10/03/2009,Royal London Sterl Extra Yld Bd A,0.83617
10/04/2009,Royal London Sterl Extra Yld Bd A,0.83617
10/05/2009,Royal London Sterl Extra Yld Bd A,0.83806
10/06/2009,Royal London Sterl Extra Yld Bd A,0.84146
10/07/2009,Royal London Sterl Extra Yld Bd A,0.84282
10/08/2009,Royal London Sterl Extra Yld Bd A,0.84438
10/09/2009,Royal London Sterl Extra Yld Bd A,0.84838
10/10/2009,Royal London Sterl Extra Yld Bd A,0.84838
10/11/2009,Royal London Sterl Extra Yld Bd A,0.84838
10/12/2009,Royal London Sterl Extra Yld Bd A,0.85243
10/13/2009,Royal London Sterl Extra Yld Bd A,0.85176
10/14/2009,Royal London Sterl Extra Yld Bd A,0.85273
10/15/2009,Royal London Sterl Extra Yld Bd A,0.85511
10/16/2009,Royal London Sterl Extra Yld Bd A,0.85614
10/17/2009,Royal London Sterl Extra Yld Bd A,0.85614
10/18/2009,Royal London Sterl Extra Yld Bd A,0.85614
10/19/2009,Royal London Sterl Extra Yld Bd A,0.85856
10/20/2009,Royal London Sterl Extra Yld Bd A,0.85878
10/21/2009,Royal London Sterl Extra Yld Bd A,0.85631
10/22/2009,Royal London Sterl Extra Yld Bd A,0.8568
10/23/2009,Royal London Sterl Extra Yld Bd A,0.85988
10/24/2009,Royal London Sterl Extra Yld Bd A,0.85988
10/25/2009,Royal London Sterl Extra Yld Bd A,0.85988
10/26/2009,Royal London Sterl Extra Yld Bd A,0.86185
10/27/2009,Royal London Sterl Extra Yld Bd A,0.86282
10/28/2009,Royal London Sterl Extra Yld Bd A,0.86227
10/29/2009,Royal London Sterl Extra Yld Bd A,0.86009
10/30/2009,Royal London Sterl Extra Yld Bd A,0.86227
10/31/2009,Royal London Sterl Extra Yld Bd A,0.86227
11/01/2009,Royal London Sterl Extra Yld Bd A,0.86227
11/02/2009,Royal London Sterl Extra Yld Bd A,0.86192
11/03/2009,Royal London Sterl Extra Yld Bd A,0.86559
11/04/2009,Royal London Sterl Extra Yld Bd A,0.86633
11/05/2009,Royal London Sterl Extra Yld Bd A,0.86786
11/06/2009,Royal London Sterl Extra Yld Bd A,0.87038
11/07/2009,Royal London Sterl Extra Yld Bd A,0.87038
11/08/2009,Royal London Sterl Extra Yld Bd A,0.87038
11/09/2009,Royal London Sterl Extra Yld Bd A,0.87312
11/10/2009,Royal London Sterl Extra Yld Bd A,0.87739
11/11/2009,Royal London Sterl Extra Yld Bd A,0.88154
11/12/2009,Royal London Sterl Extra Yld Bd A,0.87931
11/13/2009,Royal London Sterl Extra Yld Bd A,0.8779
11/14/2009,Royal London Sterl Extra Yld Bd A,0.8779
11/15/2009,Royal London Sterl Extra Yld Bd A,0.8779
11/16/2009,Royal London Sterl Extra Yld Bd A,0.8803
11/17/2009,Royal London Sterl Extra Yld Bd A,0.88508
11/18/2009,Royal London Sterl Extra Yld Bd A,0.88763
11/19/2009,Royal London Sterl Extra Yld Bd A,0.88895
11/20/2009,Royal London Sterl Extra Yld Bd A,0.88979
11/21/2009,Royal London Sterl Extra Yld Bd A,0.88979
11/22/2009,Royal London Sterl Extra Yld Bd A,0.88979
11/23/2009,Royal London Sterl Extra Yld Bd A,0.89048
11/24/2009,Royal London Sterl Extra Yld Bd A,0.89056
11/25/2009,Royal London Sterl Extra Yld Bd A,0.8989
11/26/2009,Royal London Sterl Extra Yld Bd A,0.90052
11/27/2009,Royal London Sterl Extra Yld Bd A,0.90183
11/28/2009,Royal London Sterl Extra Yld Bd A,0.90183
11/29/2009,Royal London Sterl Extra Yld Bd A,0.90183
11/30/2009,Royal London Sterl Extra Yld Bd A,0.90153
12/01/2009,Royal London Sterl Extra Yld Bd A,0.90156
12/02/2009,Royal London Sterl Extra Yld Bd A,0.90067
12/03/2009,Royal London Sterl Extra Yld Bd A,0.90423
12/04/2009,Royal London Sterl Extra Yld Bd A,0.90066
12/05/2009,Royal London Sterl Extra Yld Bd A,0.90066
12/06/2009,Royal London Sterl Extra Yld Bd A,0.90066
12/07/2009,Royal London Sterl Extra Yld Bd A,0.90885
12/08/2009,Royal London Sterl Extra Yld Bd A,0.90914
12/09/2009,Royal London Sterl Extra Yld Bd A,0.91119
12/10/2009,Royal London Sterl Extra Yld Bd A,0.90924
12/11/2009,Royal London Sterl Extra Yld Bd A,0.90737
12/12/2009,Royal London Sterl Extra Yld Bd A,0.90737
12/13/2009,Royal London Sterl Extra Yld Bd A,0.90737
12/14/2009,Royal London Sterl Extra Yld Bd A,0.9088
12/15/2009,Royal London Sterl Extra Yld Bd A,0.90879
12/16/2009,Royal London Sterl Extra Yld Bd A,0.90764
12/17/2009,Royal London Sterl Extra Yld Bd A,0.90955
12/18/2009,Royal London Sterl Extra Yld Bd A,0.91202
12/19/2009,Royal London Sterl Extra Yld Bd A,0.91202
12/20/2009,Royal London Sterl Extra Yld Bd A,0.91202
12/21/2009,Royal London Sterl Extra Yld Bd A,0.91175
12/22/2009,Royal London Sterl Extra Yld Bd A,0.91204
12/23/2009,Royal London Sterl Extra Yld Bd A,0.91149
12/24/2009,Royal London Sterl Extra Yld Bd A,0.91179
12/25/2009,Royal London Sterl Extra Yld Bd A,0.91179
12/26/2009,Royal London Sterl Extra Yld Bd A,0.91179
12/27/2009,Royal London Sterl Extra Yld Bd A,0.91179
12/28/2009,Royal London Sterl Extra Yld Bd A,0.91179
12/29/2009,Royal London Sterl Extra Yld Bd A,0.91015
12/30/2009,Royal London Sterl Extra Yld Bd A,0.9095
12/31/2009,Royal London Sterl Extra Yld Bd A,0.90979
01/01/2010,Royal London Sterl Extra Yld Bd A,0.90979
01/02/2010,Royal London Sterl Extra Yld Bd A,0.90979
01/03/2010,Royal London Sterl Extra Yld Bd A,0.90979
01/04/2010,Royal London Sterl Extra Yld Bd A,0.89369
01/05/2010,Royal London Sterl Extra Yld Bd A,0.89576
01/06/2010,Royal London Sterl Extra Yld Bd A,0.89934
01/07/2010,Royal London Sterl Extra Yld Bd A,0.90329
01/08/2010,Royal London Sterl Extra Yld Bd A,0.90595
01/09/2010,Royal London Sterl Extra Yld Bd A,0.90595
01/10/2010,Royal London Sterl Extra Yld Bd A,0.90595
01/11/2010,Royal London Sterl Extra Yld Bd A,0.91104
01/12/2010,Royal London Sterl Extra Yld Bd A,0.91566
01/13/2010,Royal London Sterl Extra Yld Bd A,0.91583
01/14/2010,Royal London Sterl Extra Yld Bd A,0.9169
01/15/2010,Royal London Sterl Extra Yld Bd A,0.91841
01/16/2010,Royal London Sterl Extra Yld Bd A,0.91841
01/17/2010,Royal London Sterl Extra Yld Bd A,0.91841
01/18/2010,Royal London Sterl Extra Yld Bd A,0.91967
01/19/2010,Royal London Sterl Extra Yld Bd A,0.91974
01/20/2010,Royal London Sterl Extra Yld Bd A,0.91974
01/21/2010,Royal London Sterl Extra Yld Bd A,0.92217
01/22/2010,Royal London Sterl Extra Yld Bd A,0.92193
01/23/2010,Royal London Sterl Extra Yld Bd A,0.92193
01/24/2010,Royal London Sterl Extra Yld Bd A,0.92193
01/25/2010,Royal London Sterl Extra Yld Bd A,0.9217
01/26/2010,Royal London Sterl Extra Yld Bd A,0.92369
01/27/2010,Royal London Sterl Extra Yld Bd A,0.92293
01/28/2010,Royal London Sterl Extra Yld Bd A,0.92162
01/29/2010,Royal London Sterl Extra Yld Bd A,0.92196
01/30/2010,Royal London Sterl Extra Yld Bd A,0.92196
01/31/2010,Royal London Sterl Extra Yld Bd A,0.92196
02/01/2010,Royal London Sterl Extra Yld Bd A,0.92406
02/02/2010,Royal London Sterl Extra Yld Bd A,0.92448
02/03/2010,Royal London Sterl Extra Yld Bd A,0.92549
02/04/2010,Royal London Sterl Extra Yld Bd A,0.9257
02/05/2010,Royal London Sterl Extra Yld Bd A,0.92518
02/06/2010,Royal London Sterl Extra Yld Bd A,0.92518
02/07/2010,Royal London Sterl Extra Yld Bd A,0.92518
02/08/2010,Royal London Sterl Extra Yld Bd A,0.92484
02/09/2010,Royal London Sterl Extra Yld Bd A,0.92578
02/10/2010,Royal London Sterl Extra Yld Bd A,0.92506
02/11/2010,Royal London Sterl Extra Yld Bd A,0.92195
02/12/2010,Royal London Sterl Extra Yld Bd A,0.91914
02/13/2010,Royal London Sterl Extra Yld Bd A,0.91914
02/14/2010,Royal London Sterl Extra Yld Bd A,0.91914
02/15/2010,Royal London Sterl Extra Yld Bd A,0.91788
02/16/2010,Royal London Sterl Extra Yld Bd A,0.91841
02/17/2010,Royal London Sterl Extra Yld Bd A,0.919
02/18/2010,Royal London Sterl Extra Yld Bd A,0.91869
02/19/2010,Royal London Sterl Extra Yld Bd A,0.92012
02/20/2010,Royal London Sterl Extra Yld Bd A,0.92012
02/21/2010,Royal London Sterl Extra Yld Bd A,0.92012
02/22/2010,Royal London Sterl Extra Yld Bd A,0.92897
02/23/2010,Royal London Sterl Extra Yld Bd A,0.92602
02/24/2010,Royal London Sterl Extra Yld Bd A,0.9288
02/25/2010,Royal London Sterl Extra Yld Bd A,0.93207
02/26/2010,Royal London Sterl Extra Yld Bd A,0.93253
02/27/2010,Royal London Sterl Extra Yld Bd A,0.93253
02/28/2010,Royal London Sterl Extra Yld Bd A,0.93253
03/01/2010,Royal London Sterl Extra Yld Bd A,0.9347
03/02/2010,Royal London Sterl Extra Yld Bd A,0.93522
03/03/2010,Royal London Sterl Extra Yld Bd A,0.93535
03/04/2010,Royal London Sterl Extra Yld Bd A,0.93649
03/05/2010,Royal London Sterl Extra Yld Bd A,0.93455
03/06/2010,Royal London Sterl Extra Yld Bd A,0.93455
03/07/2010,Royal London Sterl Extra Yld Bd A,0.93455
03/08/2010,Royal London Sterl Extra Yld Bd A,0.93457
03/09/2010,Royal London Sterl Extra Yld Bd A,0.93717
03/10/2010,Royal London Sterl Extra Yld Bd A,0.9378
03/11/2010,Royal London Sterl Extra Yld Bd A,0.9397
03/12/2010,Royal London Sterl Extra Yld Bd A,0.94143
03/13/2010,Royal London Sterl Extra Yld Bd A,0.94143
03/14/2010,Royal London Sterl Extra Yld Bd A,0.94143
03/15/2010,Royal London Sterl Extra Yld Bd A,0.94489
03/16/2010,Royal London Sterl Extra Yld Bd A,0.94598
03/17/2010,Royal London Sterl Extra Yld Bd A,0.9468
03/18/2010,Royal London Sterl Extra Yld Bd A,0.94755
03/19/2010,Royal London Sterl Extra Yld Bd A,0.95042
03/20/2010,Royal London Sterl Extra Yld Bd A,0.95042
03/21/2010,Royal London Sterl Extra Yld Bd A,0.95042
03/22/2010,Royal London Sterl Extra Yld Bd A,0.95098
03/23/2010,Royal London Sterl Extra Yld Bd A,0.95316
03/24/2010,Royal London Sterl Extra Yld Bd A,0.9541
03/25/2010,Royal London Sterl Extra Yld Bd A,0.95377
03/26/2010,Royal London Sterl Extra Yld Bd A,0.95913
03/27/2010,Royal London Sterl Extra Yld Bd A,0.95913
03/28/2010,Royal London Sterl Extra Yld Bd A,0.95913
03/29/2010,Royal London Sterl Extra Yld Bd A,0.95991
03/30/2010,Royal London Sterl Extra Yld Bd A,0.96128
03/31/2010,Royal London Sterl Extra Yld Bd A,0.96207
04/01/2010,Royal London Sterl Extra Yld Bd A,0.94241
04/02/2010,Royal London Sterl Extra Yld Bd A,0.94241
04/03/2010,Royal London Sterl Extra Yld Bd A,0.94241
04/04/2010,Royal London Sterl Extra Yld Bd A,0.94241
04/05/2010,Royal London Sterl Extra Yld Bd A,0.94241
04/06/2010,Royal London Sterl Extra Yld Bd A,0.94187
04/07/2010,Royal London Sterl Extra Yld Bd A,0.94581
04/08/2010,Royal London Sterl Extra Yld Bd A,0.94797
04/09/2010,Royal London Sterl Extra Yld Bd A,0.94834
04/10/2010,Royal London Sterl Extra Yld Bd A,0.94834
04/11/2010,Royal London Sterl Extra Yld Bd A,0.94834
04/12/2010,Royal London Sterl Extra Yld Bd A,0.94967
04/13/2010,Royal London Sterl Extra Yld Bd A,0.95268
04/14/2010,Royal London Sterl Extra Yld Bd A,0.95551
04/15/2010,Royal London Sterl Extra Yld Bd A,0.95608
04/16/2010,Royal London Sterl Extra Yld Bd A,0.95813
04/17/2010,Royal London Sterl Extra Yld Bd A,0.95813
04/18/2010,Royal London Sterl Extra Yld Bd A,0.95813
04/19/2010,Royal London Sterl Extra Yld Bd A,0.95989
04/20/2010,Royal London Sterl Extra Yld Bd A,0.95985
04/21/2010,Royal London Sterl Extra Yld Bd A,0.96038
04/22/2010,Royal London Sterl Extra Yld Bd A,0.95955
04/23/2010,Royal London Sterl Extra Yld Bd A,0.96031
04/24/2010,Royal London Sterl Extra Yld Bd A,0.96031
04/25/2010,Royal London Sterl Extra Yld Bd A,0.96031
04/26/2010,Royal London Sterl Extra Yld Bd A,0.95976
04/27/2010,Royal London Sterl Extra Yld Bd A,0.96328
04/28/2010,Royal London Sterl Extra Yld Bd A,0.96404
04/29/2010,Royal London Sterl Extra Yld Bd A,0.96484
04/30/2010,Royal London Sterl Extra Yld Bd A,0.9681
05/01/2010,Royal London Sterl Extra Yld Bd A,0.9681
05/02/2010,Royal London Sterl Extra Yld Bd A,0.9681
05/03/2010,Royal London Sterl Extra Yld Bd A,0.9681
05/04/2010,Royal London Sterl Extra Yld Bd A,0.9701
05/05/2010,Royal London Sterl Extra Yld Bd A,0.96776
05/06/2010,Royal London Sterl Extra Yld Bd A,0.96631
05/07/2010,Royal London Sterl Extra Yld Bd A,0.96103
05/08/2010,Royal London Sterl Extra Yld Bd A,0.96103
05/09/2010,Royal London Sterl Extra Yld Bd A,0.96103
05/10/2010,Royal London Sterl Extra Yld Bd A,0.9625
05/11/2010,Royal London Sterl Extra Yld Bd A,0.9619
05/12/2010,Royal London Sterl Extra Yld Bd A,0.96507
05/13/2010,Royal London Sterl Extra Yld Bd A,0.96759
05/14/2010,Royal London Sterl Extra Yld Bd A,0.9682
05/15/2010,Royal London Sterl Extra Yld Bd A,0.9682
05/16/2010,Royal London Sterl Extra Yld Bd A,0.9682
05/17/2010,Royal London Sterl Extra Yld Bd A,0.97002
05/18/2010,Royal London Sterl Extra Yld Bd A,0.96921
05/19/2010,Royal London Sterl Extra Yld Bd A,0.96916
05/20/2010,Royal London Sterl Extra Yld Bd A,0.96741
05/21/2010,Royal London Sterl Extra Yld Bd A,0.96158
05/22/2010,Royal London Sterl Extra Yld Bd A,0.96158
05/23/2010,Royal London Sterl Extra Yld Bd A,0.96158
05/24/2010,Royal London Sterl Extra Yld Bd A,0.95956
05/25/2010,Royal London Sterl Extra Yld Bd A,0.95165
05/26/2010,Royal London Sterl Extra Yld Bd A,0.94944
05/27/2010,Royal London Sterl Extra Yld Bd A,0.9494
05/28/2010,Royal London Sterl Extra Yld Bd A,0.9524
05/29/2010,Royal London Sterl Extra Yld Bd A,0.9524
05/30/2010,Royal London Sterl Extra Yld Bd A,0.9524
05/31/2010,Royal London Sterl Extra Yld Bd A,0.9524
06/01/2010,Royal London Sterl Extra Yld Bd A,0.95074
06/02/2010,Royal London Sterl Extra Yld Bd A,0.94965
06/03/2010,Royal London Sterl Extra Yld Bd A,0.94942
06/04/2010,Royal London Sterl Extra Yld Bd A,0.94961
06/05/2010,Royal London Sterl Extra Yld Bd A,0.94961
06/06/2010,Royal London Sterl Extra Yld Bd A,0.94961
06/07/2010,Royal London Sterl Extra Yld Bd A,0.9475
06/08/2010,Royal London Sterl Extra Yld Bd A,0.94372
06/09/2010,Royal London Sterl Extra Yld Bd A,0.94172
06/10/2010,Royal London Sterl Extra Yld Bd A,0.94153
06/11/2010,Royal London Sterl Extra Yld Bd A,0.94329
06/12/2010,Royal London Sterl Extra Yld Bd A,0.94329
06/13/2010,Royal London Sterl Extra Yld Bd A,0.94329
06/14/2010,Royal London Sterl Extra Yld Bd A,0.94208
06/15/2010,Royal London Sterl Extra Yld Bd A,0.94144
06/16/2010,Royal London Sterl Extra Yld Bd A,0.94732
06/17/2010,Royal London Sterl Extra Yld Bd A,0.94843
06/18/2010,Royal London Sterl Extra Yld Bd A,0.94667
06/19/2010,Royal London Sterl Extra Yld Bd A,0.94667
06/20/2010,Royal London Sterl Extra Yld Bd A,0.94667
06/21/2010,Royal London Sterl Extra Yld Bd A,0.94941
06/22/2010,Royal London Sterl Extra Yld Bd A,0.94951
06/23/2010,Royal London Sterl Extra Yld Bd A,0.94914
06/24/2010,Royal London Sterl Extra Yld Bd A,0.9495
06/25/2010,Royal London Sterl Extra Yld Bd A,0.94903
06/26/2010,Royal London Sterl Extra Yld Bd A,0.94903
06/27/2010,Royal London Sterl Extra Yld Bd A,0.94903
06/28/2010,Royal London Sterl Extra Yld Bd A,0.94908
06/29/2010,Royal London Sterl Extra Yld Bd A,0.94852
06/30/2010,Royal London Sterl Extra Yld Bd A,0.94827
07/01/2010,Royal London Sterl Extra Yld Bd A,0.92751
07/02/2010,Royal London Sterl Extra Yld Bd A,0.92906
07/03/2010,Royal London Sterl Extra Yld Bd A,0.92906
07/04/2010,Royal London Sterl Extra Yld Bd A,0.92906
07/05/2010,Royal London Sterl Extra Yld Bd A,0.92634
07/06/2010,Royal London Sterl Extra Yld Bd A,0.92714
07/07/2010,Royal London Sterl Extra Yld Bd A,0.92818
07/08/2010,Royal London Sterl Extra Yld Bd A,0.92939
07/09/2010,Royal London Sterl Extra Yld Bd A,0.93157
07/10/2010,Royal London Sterl Extra Yld Bd A,0.93157
07/11/2010,Royal London Sterl Extra Yld Bd A,0.93157
07/12/2010,Royal London Sterl Extra Yld Bd A,0.93275
07/13/2010,Royal London Sterl Extra Yld Bd A,0.93496
07/14/2010,Royal London Sterl Extra Yld Bd A,0.93684
07/15/2010,Royal London Sterl Extra Yld Bd A,0.93459
07/16/2010,Royal London Sterl Extra Yld Bd A,0.93609
07/17/2010,Royal London Sterl Extra Yld Bd A,0.93609
07/18/2010,Royal London Sterl Extra Yld Bd A,0.93609
07/19/2010,Royal London Sterl Extra Yld Bd A,0.93743
07/20/2010,Royal London Sterl Extra Yld Bd A,0.93781
07/21/2010,Royal London Sterl Extra Yld Bd A,0.93934
07/22/2010,Royal London Sterl Extra Yld Bd A,0.93968
07/23/2010,Royal London Sterl Extra Yld Bd A,0.9389
07/24/2010,Royal London Sterl Extra Yld Bd A,0.9389
07/25/2010,Royal London Sterl Extra Yld Bd A,0.9389
07/26/2010,Royal London Sterl Extra Yld Bd A,0.93996
07/27/2010,Royal London Sterl Extra Yld Bd A,0.94187
07/28/2010,Royal London Sterl Extra Yld Bd A,0.94254
07/29/2010,Royal London Sterl Extra Yld Bd A,0.94437
07/30/2010,Royal London Sterl Extra Yld Bd A,0.94487
07/31/2010,Royal London Sterl Extra Yld Bd A,0.94487
08/01/2010,Royal London Sterl Extra Yld Bd A,0.94487
08/02/2010,Royal London Sterl Extra Yld Bd A,0.94545
08/03/2010,Royal London Sterl Extra Yld Bd A,0.9483
08/04/2010,Royal London Sterl Extra Yld Bd A,0.95153
08/05/2010,Royal London Sterl Extra Yld Bd A,0.95306
08/06/2010,Royal London Sterl Extra Yld Bd A,0.95418
08/07/2010,Royal London Sterl Extra Yld Bd A,0.95418
08/08/2010,Royal London Sterl Extra Yld Bd A,0.95418
08/09/2010,Royal London Sterl Extra Yld Bd A,0.95615
08/10/2010,Royal London Sterl Extra Yld Bd A,0.95845
08/11/2010,Royal London Sterl Extra Yld Bd A,0.9582
08/12/2010,Royal London Sterl Extra Yld Bd A,0.95862
08/13/2010,Royal London Sterl Extra Yld Bd A,0.95908
08/14/2010,Royal London Sterl Extra Yld Bd A,0.95908
08/15/2010,Royal London Sterl Extra Yld Bd A,0.95908
08/16/2010,Royal London Sterl Extra Yld Bd A,0.9599
08/17/2010,Royal London Sterl Extra Yld Bd A,0.96119
08/18/2010,Royal London Sterl Extra Yld Bd A,0.96219
08/19/2010,Royal London Sterl Extra Yld Bd A,0.96442
08/20/2010,Royal London Sterl Extra Yld Bd A,0.96547
08/21/2010,Royal London Sterl Extra Yld Bd A,0.96547
08/22/2010,Royal London Sterl Extra Yld Bd A,0.96547
08/23/2010,Royal London Sterl Extra Yld Bd A,0.96674
08/24/2010,Royal London Sterl Extra Yld Bd A,0.96883
08/25/2010,Royal London Sterl Extra Yld Bd A,0.96871
08/26/2010,Royal London Sterl Extra Yld Bd A,0.96863
08/27/2010,Royal London Sterl Extra Yld Bd A,0.96874
08/28/2010,Royal London Sterl Extra Yld Bd A,0.96874
08/29/2010,Royal London Sterl Extra Yld Bd A,0.96874
08/30/2010,Royal London Sterl Extra Yld Bd A,0.96874
08/31/2010,Royal London Sterl Extra Yld Bd A,0.97028
09/01/2010,Royal London Sterl Extra Yld Bd A,0.97052
09/02/2010,Royal London Sterl Extra Yld Bd A,0.97235
09/03/2010,Royal London Sterl Extra Yld Bd A,0.97221
09/04/2010,Royal London Sterl Extra Yld Bd A,0.97221
09/05/2010,Royal London Sterl Extra Yld Bd A,0.97221
09/06/2010,Royal London Sterl Extra Yld Bd A,0.97458
09/07/2010,Royal London Sterl Extra Yld Bd A,0.97586
09/08/2010,Royal London Sterl Extra Yld Bd A,0.97425
09/09/2010,Royal London Sterl Extra Yld Bd A,0.97444
09/10/2010,Royal London Sterl Extra Yld Bd A,0.97534
09/11/2010,Royal London Sterl Extra Yld Bd A,0.97534
09/12/2010,Royal London Sterl Extra Yld Bd A,0.97534
09/13/2010,Royal London Sterl Extra Yld Bd A,0.97902
09/14/2010,Royal London Sterl Extra Yld Bd A,0.98265
09/15/2010,Royal London Sterl Extra Yld Bd A,0.98242
09/16/2010,Royal London Sterl Extra Yld Bd A,0.97936
09/17/2010,Royal London Sterl Extra Yld Bd A,0.98629
09/18/2010,Royal London Sterl Extra Yld Bd A,0.98629
09/19/2010,Royal London Sterl Extra Yld Bd A,0.98629
09/20/2010,Royal London Sterl Extra Yld Bd A,0.98764
09/21/2010,Royal London Sterl Extra Yld Bd A,0.98926
09/22/2010,Royal London Sterl Extra Yld Bd A,0.99273
09/23/2010,Royal London Sterl Extra Yld Bd A,0.99189
09/24/2010,Royal London Sterl Extra Yld Bd A,0.99071
09/25/2010,Royal London Sterl Extra Yld Bd A,0.99071
09/26/2010,Royal London Sterl Extra Yld Bd A,0.99071
09/27/2010,Royal London Sterl Extra Yld Bd A,0.99199
09/28/2010,Royal London Sterl Extra Yld Bd A,0.99335
09/29/2010,Royal London Sterl Extra Yld Bd A,0.99538
09/30/2010,Royal London Sterl Extra Yld Bd A,0.99591
10/01/2010,Royal London Sterl Extra Yld Bd A,0.98106
10/02/2010,Royal London Sterl Extra Yld Bd A,0.98106
10/03/2010,Royal London Sterl Extra Yld Bd A,0.98106
10/04/2010,Royal London Sterl Extra Yld Bd A,0.98619
10/05/2010,Royal London Sterl Extra Yld Bd A,0.98759
10/06/2010,Royal London Sterl Extra Yld Bd A,0.99151
10/07/2010,Royal London Sterl Extra Yld Bd A,0.99174
10/08/2010,Royal London Sterl Extra Yld Bd A,0.99302
10/09/2010,Royal London Sterl Extra Yld Bd A,0.99302
10/10/2010,Royal London Sterl Extra Yld Bd A,0.99302
10/11/2010,Royal London Sterl Extra Yld Bd A,0.99458
10/12/2010,Royal London Sterl Extra Yld Bd A,0.99616
10/13/2010,Royal London Sterl Extra Yld Bd A,0.99702
10/14/2010,Royal London Sterl Extra Yld Bd A,0.99794
10/15/2010,Royal London Sterl Extra Yld Bd A,0.99594
10/16/2010,Royal London Sterl Extra Yld Bd A,0.99594
10/17/2010,Royal London Sterl Extra Yld Bd A,0.99594
10/18/2010,Royal London Sterl Extra Yld Bd A,0.99717
10/19/2010,Royal London Sterl Extra Yld Bd A,0.99732
10/20/2010,Royal London Sterl Extra Yld Bd A,0.99695
10/21/2010,Royal London Sterl Extra Yld Bd A,0.99934
10/22/2010,Royal London Sterl Extra Yld Bd A,0.99929
10/23/2010,Royal London Sterl Extra Yld Bd A,0.99929
10/24/2010,Royal London Sterl Extra Yld Bd A,0.99929
10/25/2010,Royal London Sterl Extra Yld Bd A,1.0009
10/26/2010,Royal London Sterl Extra Yld Bd A,0.99768
10/27/2010,Royal London Sterl Extra Yld Bd A,0.99656
10/28/2010,Royal London Sterl Extra Yld Bd A,0.9968
10/29/2010,Royal London Sterl Extra Yld Bd A,0.99685
10/30/2010,Royal London Sterl Extra Yld Bd A,0.99685
10/31/2010,Royal London Sterl Extra Yld Bd A,0.99685
11/01/2010,Royal London Sterl Extra Yld Bd A,0.99858
11/02/2010,Royal London Sterl Extra Yld Bd A,1.00298
11/03/2010,Royal London Sterl Extra Yld Bd A,1.00451
11/04/2010,Royal London Sterl Extra Yld Bd A,1.00594
11/05/2010,Royal London Sterl Extra Yld Bd A,1.00608
11/06/2010,Royal London Sterl Extra Yld Bd A,1.00608
11/07/2010,Royal London Sterl Extra Yld Bd A,1.00608
11/08/2010,Royal London Sterl Extra Yld Bd A,1.00591
11/09/2010,Royal London Sterl Extra Yld Bd A,1.00539
11/10/2010,Royal London Sterl Extra Yld Bd A,1.00231
11/11/2010,Royal London Sterl Extra Yld Bd A,0.99878
11/12/2010,Royal London Sterl Extra Yld Bd A,0.9972
11/13/2010,Royal London Sterl Extra Yld Bd A,0.9972
11/14/2010,Royal London Sterl Extra Yld Bd A,0.9972
11/15/2010,Royal London Sterl Extra Yld Bd A,0.99721
11/16/2010,Royal London Sterl Extra Yld Bd A,0.99795
11/17/2010,Royal London Sterl Extra Yld Bd A,0.99812
11/18/2010,Royal London Sterl Extra Yld Bd A,0.99704
11/19/2010,Royal London Sterl Extra Yld Bd A,0.99788
11/20/2010,Royal London Sterl Extra Yld Bd A,0.99788
11/21/2010,Royal London Sterl Extra Yld Bd A,0.99788
11/22/2010,Royal London Sterl Extra Yld Bd A,0.99882
11/23/2010,Royal London Sterl Extra Yld Bd A,0.99701
11/24/2010,Royal London Sterl Extra Yld Bd A,0.99445
11/25/2010,Royal London Sterl Extra Yld Bd A,0.99319
11/26/2010,Royal London Sterl Extra Yld Bd A,0.99053
11/27/2010,Royal London Sterl Extra Yld Bd A,0.99053
11/28/2010,Royal London Sterl Extra Yld Bd A,0.99053
11/29/2010,Royal London Sterl Extra Yld Bd A,0.98931
11/30/2010,Royal London Sterl Extra Yld Bd A,0.98644
12/01/2010,Royal London Sterl Extra Yld Bd A,0.98584
12/02/2010,Royal London Sterl Extra Yld Bd A,0.98878
12/03/2010,Royal London Sterl Extra Yld Bd A,0.99102
12/04/2010,Royal London Sterl Extra Yld Bd A,0.99102
12/05/2010,Royal London Sterl Extra Yld Bd A,0.99102
12/06/2010,Royal London Sterl Extra Yld Bd A,0.99379
12/07/2010,Royal London Sterl Extra Yld Bd A,0.99135
12/08/2010,Royal London Sterl Extra Yld Bd A,0.99046
12/09/2010,Royal London Sterl Extra Yld Bd A,0.99153
12/10/2010,Royal London Sterl Extra Yld Bd A,0.99082
12/11/2010,Royal London Sterl Extra Yld Bd A,0.99082
12/12/2010,Royal London Sterl Extra Yld Bd A,0.99082
12/13/2010,Royal London Sterl Extra Yld Bd A,0.99067
12/14/2010,Royal London Sterl Extra Yld Bd A,0.99107
12/15/2010,Royal London Sterl Extra Yld Bd A,0.9922
12/16/2010,Royal London Sterl Extra Yld Bd A,0.99061
12/17/2010,Royal London Sterl Extra Yld Bd A,0.99093
12/18/2010,Royal London Sterl Extra Yld Bd A,0.99093
12/19/2010,Royal London Sterl Extra Yld Bd A,0.99093
12/20/2010,Royal London Sterl Extra Yld Bd A,0.99166
12/21/2010,Royal London Sterl Extra Yld Bd A,0.99067
12/22/2010,Royal London Sterl Extra Yld Bd A,0.99091
12/23/2010,Royal London Sterl Extra Yld Bd A,0.99107
12/24/2010,Royal London Sterl Extra Yld Bd A,0.9911
12/25/2010,Royal London Sterl Extra Yld Bd A,0.9911
12/26/2010,Royal London Sterl Extra Yld Bd A,0.9911
12/27/2010,Royal London Sterl Extra Yld Bd A,0.9911
12/28/2010,Royal London Sterl Extra Yld Bd A,0.9911
12/29/2010,Royal London Sterl Extra Yld Bd A,0.99222
12/30/2010,Royal London Sterl Extra Yld Bd A,0.99502
12/31/2010,Royal London Sterl Extra Yld Bd A,0.99591
01/01/2011,Royal London Sterl Extra Yld Bd A,0.99591
01/02/2011,Royal London Sterl Extra Yld Bd A,0.99591
01/03/2011,Royal London Sterl Extra Yld Bd A,0.99591
01/04/2011,Royal London Sterl Extra Yld Bd A,0.97435
01/05/2011,Royal London Sterl Extra Yld Bd A,0.97472
01/06/2011,Royal London Sterl Extra Yld Bd A,0.97485
01/07/2011,Royal London Sterl Extra Yld Bd A,0.97826
01/08/2011,Royal London Sterl Extra Yld Bd A,0.97826
01/09/2011,Royal London Sterl Extra Yld Bd A,0.97826
01/10/2011,Royal London Sterl Extra Yld Bd A,0.97816
01/11/2011,Royal London Sterl Extra Yld Bd A,0.97814
01/12/2011,Royal London Sterl Extra Yld Bd A,0.97925
01/13/2011,Royal London Sterl Extra Yld Bd A,0.98296
01/14/2011,Royal London Sterl Extra Yld Bd A,0.98437
01/15/2011,Royal London Sterl Extra Yld Bd A,0.98437
01/16/2011,Royal London Sterl Extra Yld Bd A,0.98437
01/17/2011,Royal London Sterl Extra Yld Bd A,0.98438
01/18/2011,Royal London Sterl Extra Yld Bd A,0.98578
01/19/2011,Royal London Sterl Extra Yld Bd A,0.98791
01/20/2011,Royal London Sterl Extra Yld Bd A,0.98792
01/21/2011,Royal London Sterl Extra Yld Bd A,0.98722
01/22/2011,Royal London Sterl Extra Yld Bd A,0.98722
01/23/2011,Royal London Sterl Extra Yld Bd A,0.98722
01/24/2011,Royal London Sterl Extra Yld Bd A,0.98955
01/25/2011,Royal London Sterl Extra Yld Bd A,0.99247
01/26/2011,Royal London Sterl Extra Yld Bd A,0.99238
01/27/2011,Royal London Sterl Extra Yld Bd A,0.99219
01/28/2011,Royal London Sterl Extra Yld Bd A,0.99365
01/29/2011,Royal London Sterl Extra Yld Bd A,0.99365
01/30/2011,Royal London Sterl Extra Yld Bd A,0.99365
01/31/2011,Royal London Sterl Extra Yld Bd A,0.99412
02/01/2011,Royal London Sterl Extra Yld Bd A,0.99514
02/02/2011,Royal London Sterl Extra Yld Bd A,0.99668
02/03/2011,Royal London Sterl Extra Yld Bd A,0.99649
02/04/2011,Royal London Sterl Extra Yld Bd A,1.00219
02/05/2011,Royal London Sterl Extra Yld Bd A,1.00219
02/06/2011,Royal London Sterl Extra Yld Bd A,1.00219
02/07/2011,Royal London Sterl Extra Yld Bd A,1.00287
02/08/2011,Royal London Sterl Extra Yld Bd A,1.00571
02/09/2011,Royal London Sterl Extra Yld Bd A,1.00656
02/10/2011,Royal London Sterl Extra Yld Bd A,1.00722
02/11/2011,Royal London Sterl Extra Yld Bd A,1.00722
02/12/2011,Royal London Sterl Extra Yld Bd A,1.00722
02/13/2011,Royal London Sterl Extra Yld Bd A,1.00722
02/14/2011,Royal London Sterl Extra Yld Bd A,1.00867
02/15/2011,Royal London Sterl Extra Yld Bd A,1.00939
02/16/2011,Royal London Sterl Extra Yld Bd A,1.01111
02/17/2011,Royal London Sterl Extra Yld Bd A,1.01336
02/18/2011,Royal London Sterl Extra Yld Bd A,1.01424
02/19/2011,Royal London Sterl Extra Yld Bd A,1.01424
02/20/2011,Royal London Sterl Extra Yld Bd A,1.01424
02/21/2011,Royal London Sterl Extra Yld Bd A,1.01468
02/22/2011,Royal London Sterl Extra Yld Bd A,1.01574
02/23/2011,Royal London Sterl Extra Yld Bd A,1.01684
02/24/2011,Royal London Sterl Extra Yld Bd A,1.01723
02/25/2011,Royal London Sterl Extra Yld Bd A,1.01821
02/26/2011,Royal London Sterl Extra Yld Bd A,1.01821
02/27/2011,Royal London Sterl Extra Yld Bd A,1.01821
02/28/2011,Royal London Sterl Extra Yld Bd A,1.01903
03/01/2011,Royal London Sterl Extra Yld Bd A,1.02197
03/02/2011,Royal London Sterl Extra Yld Bd A,1.02383
03/03/2011,Royal London Sterl Extra Yld Bd A,1.0266
03/04/2011,Royal London Sterl Extra Yld Bd A,1.02857
03/05/2011,Royal London Sterl Extra Yld Bd A,1.02857
03/06/2011,Royal London Sterl Extra Yld Bd A,1.02857
03/07/2011,Royal London Sterl Extra Yld Bd A,1.02942
03/08/2011,Royal London Sterl Extra Yld Bd A,1.02909
03/09/2011,Royal London Sterl Extra Yld Bd A,1.02884
03/10/2011,Royal London Sterl Extra Yld Bd A,1.03032
03/11/2011,Royal London Sterl Extra Yld Bd A,1.0311
03/12/2011,Royal London Sterl Extra Yld Bd A,1.0311
03/13/2011,Royal London Sterl Extra Yld Bd A,1.0311
03/14/2011,Royal London Sterl Extra Yld Bd A,1.03352
03/15/2011,Royal London Sterl Extra Yld Bd A,1.03305
03/16/2011,Royal London Sterl Extra Yld Bd A,1.03521
03/17/2011,Royal London Sterl Extra Yld Bd A,1.03411
03/18/2011,Royal London Sterl Extra Yld Bd A,1.03581
03/19/2011,Royal London Sterl Extra Yld Bd A,1.03581
03/20/2011,Royal London Sterl Extra Yld Bd A,1.03581
03/21/2011,Royal London Sterl Extra Yld Bd A,1.03584
03/22/2011,Royal London Sterl Extra Yld Bd A,1.0342
03/23/2011,Royal London Sterl Extra Yld Bd A,1.0344
03/24/2011,Royal London Sterl Extra Yld Bd A,1.03547
03/25/2011,Royal London Sterl Extra Yld Bd A,1.03524
03/26/2011,Royal London Sterl Extra Yld Bd A,1.03524
03/27/2011,Royal London Sterl Extra Yld Bd A,1.03524
03/28/2011,Royal London Sterl Extra Yld Bd A,1.03557
03/29/2011,Royal London Sterl Extra Yld Bd A,1.03724
03/30/2011,Royal London Sterl Extra Yld Bd A,1.03668
03/31/2011,Royal London Sterl Extra Yld Bd A,1.03702
04/01/2011,Royal London Sterl Extra Yld Bd A,1.01643
04/02/2011,Royal London Sterl Extra Yld Bd A,1.01643
04/03/2011,Royal London Sterl Extra Yld Bd A,1.01643
04/04/2011,Royal London Sterl Extra Yld Bd A,1.01696
04/05/2011,Royal London Sterl Extra Yld Bd A,1.01646
04/06/2011,Royal London Sterl Extra Yld Bd A,1.01793
04/07/2011,Royal London Sterl Extra Yld Bd A,1.02019
04/08/2011,Royal London Sterl Extra Yld Bd A,1.02319
04/09/2011,Royal London Sterl Extra Yld Bd A,1.02319
04/10/2011,Royal London Sterl Extra Yld Bd A,1.02319
04/11/2011,Royal London Sterl Extra Yld Bd A,1.02509
04/12/2011,Royal London Sterl Extra Yld Bd A,1.02762
04/13/2011,Royal London Sterl Extra Yld Bd A,1.0285
04/14/2011,Royal London Sterl Extra Yld Bd A,1.02792
04/15/2011,Royal London Sterl Extra Yld Bd A,1.02927
04/16/2011,Royal London Sterl Extra Yld Bd A,1.02927
04/17/2011,Royal London Sterl Extra Yld Bd A,1.02927
04/18/2011,Royal London Sterl Extra Yld Bd A,1.02926
04/19/2011,Royal London Sterl Extra Yld Bd A,1.02985
04/20/2011,Royal London Sterl Extra Yld Bd A,1.03108
04/21/2011,Royal London Sterl Extra Yld Bd A,1.03091
04/22/2011,Royal London Sterl Extra Yld Bd A,1.03091
04/23/2011,Royal London Sterl Extra Yld Bd A,1.03091
04/24/2011,Royal London Sterl Extra Yld Bd A,1.03091
04/25/2011,Royal London Sterl Extra Yld Bd A,1.03091
04/26/2011,Royal London Sterl Extra Yld Bd A,1.03411
04/27/2011,Royal London Sterl Extra Yld Bd A,1.03784
04/28/2011,Royal London Sterl Extra Yld Bd A,1.03754
04/29/2011,Royal London Sterl Extra Yld Bd A,1.03754
04/30/2011,Royal London Sterl Extra Yld Bd A,1.03754
05/01/2011,Royal London Sterl Extra Yld Bd A,1.03754
05/02/2011,Royal London Sterl Extra Yld Bd A,1.03754
05/03/2011,Royal London Sterl Extra Yld Bd A,1.04197
05/04/2011,Royal London Sterl Extra Yld Bd A,1.0485
05/05/2011,Royal London Sterl Extra Yld Bd A,1.04784
05/06/2011,Royal London Sterl Extra Yld Bd A,1.04824
05/07/2011,Royal London Sterl Extra Yld Bd A,1.04824
05/08/2011,Royal London Sterl Extra Yld Bd A,1.04824
05/09/2011,Royal London Sterl Extra Yld Bd A,1.04938
05/10/2011,Royal London Sterl Extra Yld Bd A,1.04971
05/11/2011,Royal London Sterl Extra Yld Bd A,1.04832
05/12/2011,Royal London Sterl Extra Yld Bd A,1.04919
05/13/2011,Royal London Sterl Extra Yld Bd A,1.04929
05/14/2011,Royal London Sterl Extra Yld Bd A,1.04929
05/15/2011,Royal London Sterl Extra Yld Bd A,1.04929
05/16/2011,Royal London Sterl Extra Yld Bd A,1.05035
05/17/2011,Royal London Sterl Extra Yld Bd A,1.04977
05/18/2011,Royal London Sterl Extra Yld Bd A,1.05125
05/19/2011,Royal London Sterl Extra Yld Bd A,1.0505
05/20/2011,Royal London Sterl Extra Yld Bd A,1.05078
05/21/2011,Royal London Sterl Extra Yld Bd A,1.05078
05/22/2011,Royal London Sterl Extra Yld Bd A,1.05078
05/23/2011,Royal London Sterl Extra Yld Bd A,1.05116
05/24/2011,Royal London Sterl Extra Yld Bd A,1.05036
05/25/2011,Royal London Sterl Extra Yld Bd A,1.05008
05/26/2011,Royal London Sterl Extra Yld Bd A,1.04885
05/27/2011,Royal London Sterl Extra Yld Bd A,1.04747
05/28/2011,Royal London Sterl Extra Yld Bd A,1.04747
05/29/2011,Royal London Sterl Extra Yld Bd A,1.04747
05/30/2011,Royal London Sterl Extra Yld Bd A,1.04747
05/31/2011,Royal London Sterl Extra Yld Bd A,1.04921
06/01/2011,Royal London Sterl Extra Yld Bd A,1.05182
06/02/2011,Royal London Sterl Extra Yld Bd A,1.05274
06/03/2011,Royal London Sterl Extra Yld Bd A,1.05407
06/04/2011,Royal London Sterl Extra Yld Bd A,1.05407
06/05/2011,Royal London Sterl Extra Yld Bd A,1.05407
06/06/2011,Royal London Sterl Extra Yld Bd A,1.05516
06/07/2011,Royal London Sterl Extra Yld Bd A,1.0529
06/08/2011,Royal London Sterl Extra Yld Bd A,1.0535
06/09/2011,Royal London Sterl Extra Yld Bd A,1.05236
06/10/2011,Royal London Sterl Extra Yld Bd A,1.05228
06/11/2011,Royal London Sterl Extra Yld Bd A,1.05228
06/12/2011,Royal London Sterl Extra Yld Bd A,1.05228
06/13/2011,Royal London Sterl Extra Yld Bd A,1.05155
06/14/2011,Royal London Sterl Extra Yld Bd A,1.05081
06/15/2011,Royal London Sterl Extra Yld Bd A,1.05088
06/16/2011,Royal London Sterl Extra Yld Bd A,1.05045
06/17/2011,Royal London Sterl Extra Yld Bd A,1.05018
06/18/2011,Royal London Sterl Extra Yld Bd A,1.05018
06/19/2011,Royal London Sterl Extra Yld Bd A,1.05018
06/20/2011,Royal London Sterl Extra Yld Bd A,1.05097
06/21/2011,Royal London Sterl Extra Yld Bd A,1.05135
06/22/2011,Royal London Sterl Extra Yld Bd A,1.05318
06/23/2011,Royal London Sterl Extra Yld Bd A,1.05349
06/24/2011,Royal London Sterl Extra Yld Bd A,1.05317
06/25/2011,Royal London Sterl Extra Yld Bd A,1.05317
06/26/2011,Royal London Sterl Extra Yld Bd A,1.05317
06/27/2011,Royal London Sterl Extra Yld Bd A,1.05144
06/28/2011,Royal London Sterl Extra Yld Bd A,1.04897
06/29/2011,Royal London Sterl Extra Yld Bd A,1.04805
06/30/2011,Royal London Sterl Extra Yld Bd A,1.04913
07/01/2011,Royal London Sterl Extra Yld Bd A,1.02949
07/02/2011,Royal London Sterl Extra Yld Bd A,1.02949
07/03/2011,Royal London Sterl Extra Yld Bd A,1.02949
07/04/2011,Royal London Sterl Extra Yld Bd A,1.02989
07/05/2011,Royal London Sterl Extra Yld Bd A,1.02906
07/06/2011,Royal London Sterl Extra Yld Bd A,1.0301
07/07/2011,Royal London Sterl Extra Yld Bd A,1.02856
07/08/2011,Royal London Sterl Extra Yld Bd A,1.02963
07/09/2011,Royal London Sterl Extra Yld Bd A,1.02963
07/10/2011,Royal London Sterl Extra Yld Bd A,1.02963
07/11/2011,Royal London Sterl Extra Yld Bd A,1.02951
07/12/2011,Royal London Sterl Extra Yld Bd A,1.02844
07/13/2011,Royal London Sterl Extra Yld Bd A,1.0271
07/14/2011,Royal London Sterl Extra Yld Bd A,1.02724
07/15/2011,Royal London Sterl Extra Yld Bd A,1.02719
07/16/2011,Royal London Sterl Extra Yld Bd A,1.02719
07/17/2011,Royal London Sterl Extra Yld Bd A,1.02719
07/18/2011,Royal London Sterl Extra Yld Bd A,1.02866
07/19/2011,Royal London Sterl Extra Yld Bd A,1.02667
07/20/2011,Royal London Sterl Extra Yld Bd A,1.02654
07/21/2011,Royal London Sterl Extra Yld Bd A,1.02573
07/22/2011,Royal London Sterl Extra Yld Bd A,1.02678
07/23/2011,Royal London Sterl Extra Yld Bd A,1.02678
07/24/2011,Royal London Sterl Extra Yld Bd A,1.02678
07/25/2011,Royal London Sterl Extra Yld Bd A,1.02884
07/26/2011,Royal London Sterl Extra Yld Bd A,1.0286
07/27/2011,Royal London Sterl Extra Yld Bd A,1.02964
07/28/2011,Royal London Sterl Extra Yld Bd A,1.02947
07/29/2011,Royal London Sterl Extra Yld Bd A,1.02985
07/30/2011,Royal London Sterl Extra Yld Bd A,1.02985
07/31/2011,Royal London Sterl Extra Yld Bd A,1.02985
08/01/2011,Royal London Sterl Extra Yld Bd A,1.03146
08/02/2011,Royal London Sterl Extra Yld Bd A,1.0306
08/03/2011,Royal London Sterl Extra Yld Bd A,1.03091
08/04/2011,Royal London Sterl Extra Yld Bd A,1.02999
08/05/2011,Royal London Sterl Extra Yld Bd A,1.02377
08/06/2011,Royal London Sterl Extra Yld Bd A,1.02377
08/07/2011,Royal London Sterl Extra Yld Bd A,1.02377
08/08/2011,Royal London Sterl Extra Yld Bd A,1.02328
08/09/2011,Royal London Sterl Extra Yld Bd A,1.01802
08/10/2011,Royal London Sterl Extra Yld Bd A,1.01864
08/11/2011,Royal London Sterl Extra Yld Bd A,1.00951
08/12/2011,Royal London Sterl Extra Yld Bd A,1.00768
08/13/2011,Royal London Sterl Extra Yld Bd A,1.00768
08/14/2011,Royal London Sterl Extra Yld Bd A,1.00768
08/15/2011,Royal London Sterl Extra Yld Bd A,1.00795
08/16/2011,Royal London Sterl Extra Yld Bd A,1.00823
08/17/2011,Royal London Sterl Extra Yld Bd A,1.00957
08/18/2011,Royal London Sterl Extra Yld Bd A,1.01148
08/19/2011,Royal London Sterl Extra Yld Bd A,1.00864
08/20/2011,Royal London Sterl Extra Yld Bd A,1.00864
08/21/2011,Royal London Sterl Extra Yld Bd A,1.00864
08/22/2011,Royal London Sterl Extra Yld Bd A,1.00711
08/23/2011,Royal London Sterl Extra Yld Bd A,1.00464
08/24/2011,Royal London Sterl Extra Yld Bd A,1.00067
08/25/2011,Royal London Sterl Extra Yld Bd A,1.00134
08/26/2011,Royal London Sterl Extra Yld Bd A,0.99942
08/27/2011,Royal London Sterl Extra Yld Bd A,0.99942
08/28/2011,Royal London Sterl Extra Yld Bd A,0.99942
08/29/2011,Royal London Sterl Extra Yld Bd A,0.99942
08/30/2011,Royal London Sterl Extra Yld Bd A,0.99969
08/31/2011,Royal London Sterl Extra Yld Bd A,0.99881
09/01/2011,Royal London Sterl Extra Yld Bd A,0.99984
09/02/2011,Royal London Sterl Extra Yld Bd A,0.99702
09/03/2011,Royal London Sterl Extra Yld Bd A,0.99702
09/04/2011,Royal London Sterl Extra Yld Bd A,0.99702
09/05/2011,Royal London Sterl Extra Yld Bd A,0.99781
09/06/2011,Royal London Sterl Extra Yld Bd A,0.99697
09/07/2011,Royal London Sterl Extra Yld Bd A,0.99506
09/08/2011,Royal London Sterl Extra Yld Bd A,0.99314
09/09/2011,Royal London Sterl Extra Yld Bd A,0.99273
09/10/2011,Royal London Sterl Extra Yld Bd A,0.99273
09/11/2011,Royal London Sterl Extra Yld Bd A,0.99273
09/12/2011,Royal London Sterl Extra Yld Bd A,0.98783
09/13/2011,Royal London Sterl Extra Yld Bd A,0.98227
09/14/2011,Royal London Sterl Extra Yld Bd A,0.98087
09/15/2011,Royal London Sterl Extra Yld Bd A,0.97906
09/16/2011,Royal London Sterl Extra Yld Bd A,0.9796
09/17/2011,Royal London Sterl Extra Yld Bd A,0.9796
09/18/2011,Royal London Sterl Extra Yld Bd A,0.9796
09/19/2011,Royal London Sterl Extra Yld Bd A,0.98003
09/20/2011,Royal London Sterl Extra Yld Bd A,0.97956
09/21/2011,Royal London Sterl Extra Yld Bd A,0.97962
09/22/2011,Royal London Sterl Extra Yld Bd A,0.97636
09/23/2011,Royal London Sterl Extra Yld Bd A,0.97202
09/24/2011,Royal London Sterl Extra Yld Bd A,0.97202
09/25/2011,Royal London Sterl Extra Yld Bd A,0.97202
09/26/2011,Royal London Sterl Extra Yld Bd A,0.97083
09/27/2011,Royal London Sterl Extra Yld Bd A,0.96922
09/28/2011,Royal London Sterl Extra Yld Bd A,0.96911
09/29/2011,Royal London Sterl Extra Yld Bd A,0.96932
09/30/2011,Royal London Sterl Extra Yld Bd A,0.96971
10/01/2011,Royal London Sterl Extra Yld Bd A,0.96971
10/02/2011,Royal London Sterl Extra Yld Bd A,0.96971
10/03/2011,Royal London Sterl Extra Yld Bd A,0.95319
10/04/2011,Royal London Sterl Extra Yld Bd A,0.95097
10/05/2011,Royal London Sterl Extra Yld Bd A,0.94975
10/06/2011,Royal London Sterl Extra Yld Bd A,0.94999
10/07/2011,Royal London Sterl Extra Yld Bd A,0.94362
10/08/2011,Royal London Sterl Extra Yld Bd A,0.94362
10/09/2011,Royal London Sterl Extra Yld Bd A,0.94362
10/10/2011,Royal London Sterl Extra Yld Bd A,0.94537
10/11/2011,Royal London Sterl Extra Yld Bd A,0.94627
10/12/2011,Royal London Sterl Extra Yld Bd A,0.94725
10/13/2011,Royal London Sterl Extra Yld Bd A,0.94933
10/14/2011,Royal London Sterl Extra Yld Bd A,0.9481
10/15/2011,Royal London Sterl Extra Yld Bd A,0.9481
10/16/2011,Royal London Sterl Extra Yld Bd A,0.9481
10/17/2011,Royal London Sterl Extra Yld Bd A,0.95111
10/18/2011,Royal London Sterl Extra Yld Bd A,0.95311
10/19/2011,Royal London Sterl Extra Yld Bd A,0.953
10/20/2011,Royal London Sterl Extra Yld Bd A,0.9541
10/21/2011,Royal London Sterl Extra Yld Bd A,0.9545
10/22/2011,Royal London Sterl Extra Yld Bd A,0.9545
10/23/2011,Royal London Sterl Extra Yld Bd A,0.9545
10/24/2011,Royal London Sterl Extra Yld Bd A,0.95552
10/25/2011,Royal London Sterl Extra Yld Bd A,0.95687
10/26/2011,Royal London Sterl Extra Yld Bd A,0.95899
10/27/2011,Royal London Sterl Extra Yld Bd A,0.96231
10/28/2011,Royal London Sterl Extra Yld Bd A,0.96439
10/29/2011,Royal London Sterl Extra Yld Bd A,0.96439
10/30/2011,Royal London Sterl Extra Yld Bd A,0.96439
10/31/2011,Royal London Sterl Extra Yld Bd A,0.96695
11/01/2011,Royal London Sterl Extra Yld Bd A,0.96531
11/02/2011,Royal London Sterl Extra Yld Bd A,0.9643
11/03/2011,Royal London Sterl Extra Yld Bd A,0.96356
11/04/2011,Royal London Sterl Extra Yld Bd A,0.96455
11/05/2011,Royal London Sterl Extra Yld Bd A,0.96455
11/06/2011,Royal London Sterl Extra Yld Bd A,0.96455
11/07/2011,Royal London Sterl Extra Yld Bd A,0.96553
11/08/2011,Royal London Sterl Extra Yld Bd A,0.96604
11/09/2011,Royal London Sterl Extra Yld Bd A,0.96439
11/10/2011,Royal London Sterl Extra Yld Bd A,0.9619
11/11/2011,Royal London Sterl Extra Yld Bd A,0.96022
11/12/2011,Royal London Sterl Extra Yld Bd A,0.96022
11/13/2011,Royal London Sterl Extra Yld Bd A,0.96022
11/14/2011,Royal London Sterl Extra Yld Bd A,0.96308
11/15/2011,Royal London Sterl Extra Yld Bd A,0.96325
11/16/2011,Royal London Sterl Extra Yld Bd A,0.96239
11/17/2011,Royal London Sterl Extra Yld Bd A,0.95914
11/18/2011,Royal London Sterl Extra Yld Bd A,0.95745
11/19/2011,Royal London Sterl Extra Yld Bd A,0.95745
11/20/2011,Royal London Sterl Extra Yld Bd A,0.95745
11/21/2011,Royal London Sterl Extra Yld Bd A,0.95852
11/22/2011,Royal London Sterl Extra Yld Bd A,0.95795
11/23/2011,Royal London Sterl Extra Yld Bd A,0.95706
11/24/2011,Royal London Sterl Extra Yld Bd A,0.95602
11/25/2011,Royal London Sterl Extra Yld Bd A,0.95349
11/26/2011,Royal London Sterl Extra Yld Bd A,0.95349
11/27/2011,Royal London Sterl Extra Yld Bd A,0.95349
11/28/2011,Royal London Sterl Extra Yld Bd A,0.95357
11/29/2011,Royal London Sterl Extra Yld Bd A,0.95321
11/30/2011,Royal London Sterl Extra Yld Bd A,0.95144
12/01/2011,Royal London Sterl Extra Yld Bd A,0.95378
12/02/2011,Royal London Sterl Extra Yld Bd A,0.9542
12/03/2011,Royal London Sterl Extra Yld Bd A,0.9542
12/04/2011,Royal London Sterl Extra Yld Bd A,0.9542
12/05/2011,Royal London Sterl Extra Yld Bd A,0.9559
12/06/2011,Royal London Sterl Extra Yld Bd A,0.9594
12/07/2011,Royal London Sterl Extra Yld Bd A,0.96104
12/08/2011,Royal London Sterl Extra Yld Bd A,0.96094
12/09/2011,Royal London Sterl Extra Yld Bd A,0.95829
12/10/2011,Royal London Sterl Extra Yld Bd A,0.95829
12/11/2011,Royal London Sterl Extra Yld Bd A,0.95829
12/12/2011,Royal London Sterl Extra Yld Bd A,0.95723
12/13/2011,Royal London Sterl Extra Yld Bd A,0.95691
12/14/2011,Royal London Sterl Extra Yld Bd A,0.95588
12/15/2011,Royal London Sterl Extra Yld Bd A,0.95488
12/16/2011,Royal London Sterl Extra Yld Bd A,0.95605
12/17/2011,Royal London Sterl Extra Yld Bd A,0.95605
12/18/2011,Royal London Sterl Extra Yld Bd A,0.95605
12/19/2011,Royal London Sterl Extra Yld Bd A,0.95616
12/20/2011,Royal London Sterl Extra Yld Bd A,0.9559
12/21/2011,Royal London Sterl Extra Yld Bd A,0.95636
12/22/2011,Royal London Sterl Extra Yld Bd A,0.95778
12/23/2011,Royal London Sterl Extra Yld Bd A,0.95857
12/24/2011,Royal London Sterl Extra Yld Bd A,0.95857
12/25/2011,Royal London Sterl Extra Yld Bd A,0.95857
12/26/2011,Royal London Sterl Extra Yld Bd A,0.95857
12/27/2011,Royal London Sterl Extra Yld Bd A,0.95857
12/28/2011,Royal London Sterl Extra Yld Bd A,0.95932
12/29/2011,Royal London Sterl Extra Yld Bd A,0.96045
12/30/2011,Royal London Sterl Extra Yld Bd A,0.96042
12/31/2011,Royal London Sterl Extra Yld Bd A,0.96042
01/01/2012,Royal London Sterl Extra Yld Bd A,0.96042
01/02/2012,Royal London Sterl Extra Yld Bd A,0.96042
01/03/2012,Royal London Sterl Extra Yld Bd A,0.9372
01/04/2012,Royal London Sterl Extra Yld Bd A,0.93759
01/05/2012,Royal London Sterl Extra Yld Bd A,0.93695
01/06/2012,Royal London Sterl Extra Yld Bd A,0.93827
01/07/2012,Royal London Sterl Extra Yld Bd A,0.93827
01/08/2012,Royal London Sterl Extra Yld Bd A,0.93827
01/09/2012,Royal London Sterl Extra Yld Bd A,0.93982
01/10/2012,Royal London Sterl Extra Yld Bd A,0.94026
01/11/2012,Royal London Sterl Extra Yld Bd A,0.94146
01/12/2012,Royal London Sterl Extra Yld Bd A,0.94367
01/13/2012,Royal London Sterl Extra Yld Bd A,0.9439
01/14/2012,Royal London Sterl Extra Yld Bd A,0.9439
01/15/2012,Royal London Sterl Extra Yld Bd A,0.9439
01/16/2012,Royal London Sterl Extra Yld Bd A,0.9448
01/17/2012,Royal London Sterl Extra Yld Bd A,0.94601
01/18/2012,Royal London Sterl Extra Yld Bd A,0.94656
01/19/2012,Royal London Sterl Extra Yld Bd A,0.94622
01/20/2012,Royal London Sterl Extra Yld Bd A,0.94737
01/21/2012,Royal London Sterl Extra Yld Bd A,0.94737
01/22/2012,Royal London Sterl Extra Yld Bd A,0.94737
01/23/2012,Royal London Sterl Extra Yld Bd A,0.94849
01/24/2012,Royal London Sterl Extra Yld Bd A,0.94975
01/25/2012,Royal London Sterl Extra Yld Bd A,0.95368
01/26/2012,Royal London Sterl Extra Yld Bd A,0.95748
01/27/2012,Royal London Sterl Extra Yld Bd A,0.9598
01/28/2012,Royal London Sterl Extra Yld Bd A,0.9598
01/29/2012,Royal London Sterl Extra Yld Bd A,0.9598
01/30/2012,Royal London Sterl Extra Yld Bd A,0.96098
01/31/2012,Royal London Sterl Extra Yld Bd A,0.96159
02/01/2012,Royal London Sterl Extra Yld Bd A,0.96306
02/02/2012,Royal London Sterl Extra Yld Bd A,0.96391
02/03/2012,Royal London Sterl Extra Yld Bd A,0.965
02/04/2012,Royal London Sterl Extra Yld Bd A,0.965
02/05/2012,Royal London Sterl Extra Yld Bd A,0.965
02/06/2012,Royal London Sterl Extra Yld Bd A,0.96682
02/07/2012,Royal London Sterl Extra Yld Bd A,0.96777
02/08/2012,Royal London Sterl Extra Yld Bd A,0.96875
02/09/2012,Royal London Sterl Extra Yld Bd A,0.96997
02/10/2012,Royal London Sterl Extra Yld Bd A,0.97139
02/11/2012,Royal London Sterl Extra Yld Bd A,0.97139
02/12/2012,Royal London Sterl Extra Yld Bd A,0.97139
02/13/2012,Royal London Sterl Extra Yld Bd A,0.97337
02/14/2012,Royal London Sterl Extra Yld Bd A,0.97508
02/15/2012,Royal London Sterl Extra Yld Bd A,0.97516
02/16/2012,Royal London Sterl Extra Yld Bd A,0.97335
02/17/2012,Royal London Sterl Extra Yld Bd A,0.97411
02/18/2012,Royal London Sterl Extra Yld Bd A,0.97411
02/19/2012,Royal London Sterl Extra Yld Bd A,0.97411
02/20/2012,Royal London Sterl Extra Yld Bd A,0.97515
02/21/2012,Royal London Sterl Extra Yld Bd A,0.97791
02/22/2012,Royal London Sterl Extra Yld Bd A,0.98016
02/23/2012,Royal London Sterl Extra Yld Bd A,0.98201
02/24/2012,Royal London Sterl Extra Yld Bd A,0.98258
02/25/2012,Royal London Sterl Extra Yld Bd A,0.98258
02/26/2012,Royal London Sterl Extra Yld Bd A,0.98258
02/27/2012,Royal London Sterl Extra Yld Bd A,0.9839
02/28/2012,Royal London Sterl Extra Yld Bd A,0.9864
02/29/2012,Royal London Sterl Extra Yld Bd A,0.98678
03/01/2012,Royal London Sterl Extra Yld Bd A,0.98754
03/02/2012,Royal London Sterl Extra Yld Bd A,0.98967
03/03/2012,Royal London Sterl Extra Yld Bd A,0.98967
03/04/2012,Royal London Sterl Extra Yld Bd A,0.98967
03/05/2012,Royal London Sterl Extra Yld Bd A,0.99009
03/06/2012,Royal London Sterl Extra Yld Bd A,0.99085
03/07/2012,Royal London Sterl Extra Yld Bd A,0.99126
03/08/2012,Royal London Sterl Extra Yld Bd A,0.99153
03/09/2012,Royal London Sterl Extra Yld Bd A,0.9916
03/10/2012,Royal London Sterl Extra Yld Bd A,0.9916
03/11/2012,Royal London Sterl Extra Yld Bd A,0.9916
03/12/2012,Royal London Sterl Extra Yld Bd A,0.99437
03/13/2012,Royal London Sterl Extra Yld Bd A,0.99298
03/14/2012,Royal London Sterl Extra Yld Bd A,0.99053
03/15/2012,Royal London Sterl Extra Yld Bd A,0.99125
03/16/2012,Royal London Sterl Extra Yld Bd A,0.99058
03/17/2012,Royal London Sterl Extra Yld Bd A,0.99058
03/18/2012,Royal London Sterl Extra Yld Bd A,0.99058
03/19/2012,Royal London Sterl Extra Yld Bd A,0.99305
03/20/2012,Royal London Sterl Extra Yld Bd A,0.99492
03/21/2012,Royal London Sterl Extra Yld Bd A,0.99627
03/22/2012,Royal London Sterl Extra Yld Bd A,0.99605
03/23/2012,Royal London Sterl Extra Yld Bd A,0.9966
03/24/2012,Royal London Sterl Extra Yld Bd A,0.9966
03/25/2012,Royal London Sterl Extra Yld Bd A,0.9966
03/26/2012,Royal London Sterl Extra Yld Bd A,0.99746
03/27/2012,Royal London Sterl Extra Yld Bd A,0.99852
03/28/2012,Royal London Sterl Extra Yld Bd A,0.99986
03/29/2012,Royal London Sterl Extra Yld Bd A,0.99933
03/30/2012,Royal London Sterl Extra Yld Bd A,0.99991
03/31/2012,Royal London Sterl Extra Yld Bd A,0.99991
04/01/2012,Royal London Sterl Extra Yld Bd A,0.99991
04/02/2012,Royal London Sterl Extra Yld Bd A,0.97987
04/03/2012,Royal London Sterl Extra Yld Bd A,0.98037
04/04/2012,Royal London Sterl Extra Yld Bd A,0.97867
04/05/2012,Royal London Sterl Extra Yld Bd A,0.97783
04/06/2012,Royal London Sterl Extra Yld Bd A,0.97783
04/07/2012,Royal London Sterl Extra Yld Bd A,0.97783
04/08/2012,Royal London Sterl Extra Yld Bd A,0.97783
04/09/2012,Royal London Sterl Extra Yld Bd A,0.97783
04/10/2012,Royal London Sterl Extra Yld Bd A,0.97824
04/11/2012,Royal London Sterl Extra Yld Bd A,0.97608
04/12/2012,Royal London Sterl Extra Yld Bd A,0.97415
04/13/2012,Royal London Sterl Extra Yld Bd A,0.97501
04/14/2012,Royal London Sterl Extra Yld Bd A,0.97501
04/15/2012,Royal London Sterl Extra Yld Bd A,0.97501
04/16/2012,Royal London Sterl Extra Yld Bd A,0.97426
04/17/2012,Royal London Sterl Extra Yld Bd A,0.97571
04/18/2012,Royal London Sterl Extra Yld Bd A,0.97543
04/19/2012,Royal London Sterl Extra Yld Bd A,0.9752
04/20/2012,Royal London Sterl Extra Yld Bd A,0.97487
04/21/2012,Royal London Sterl Extra Yld Bd A,0.97487
04/22/2012,Royal London Sterl Extra Yld Bd A,0.97487
04/23/2012,Royal London Sterl Extra Yld Bd A,0.97543
04/24/2012,Royal London Sterl Extra Yld Bd A,0.97773
04/25/2012,Royal London Sterl Extra Yld Bd A,0.98227
04/26/2012,Royal London Sterl Extra Yld Bd A,0.98359
04/27/2012,Royal London Sterl Extra Yld Bd A,0.98377
04/28/2012,Royal London Sterl Extra Yld Bd A,0.98377
04/29/2012,Royal London Sterl Extra Yld Bd A,0.98377
04/30/2012,Royal London Sterl Extra Yld Bd A,0.98529
05/01/2012,Royal London Sterl Extra Yld Bd A,0.98552
05/02/2012,Royal London Sterl Extra Yld Bd A,0.98725
05/03/2012,Royal London Sterl Extra Yld Bd A,0.98706
05/04/2012,Royal London Sterl Extra Yld Bd A,0.9886
05/05/2012,Royal London Sterl Extra Yld Bd A,0.9886
05/06/2012,Royal London Sterl Extra Yld Bd A,0.9886
05/07/2012,Royal London Sterl Extra Yld Bd A,0.9886
05/08/2012,Royal London Sterl Extra Yld Bd A,0.99139
05/09/2012,Royal London Sterl Extra Yld Bd A,0.99161
05/10/2012,Royal London Sterl Extra Yld Bd A,0.98875
05/11/2012,Royal London Sterl Extra Yld Bd A,0.98941
05/12/2012,Royal London Sterl Extra Yld Bd A,0.98941
05/13/2012,Royal London Sterl Extra Yld Bd A,0.98941
05/14/2012,Royal London Sterl Extra Yld Bd A,0.98806
05/15/2012,Royal London Sterl Extra Yld Bd A,0.98721
05/16/2012,Royal London Sterl Extra Yld Bd A,0.98015
05/17/2012,Royal London Sterl Extra Yld Bd A,0.98004
05/18/2012,Royal London Sterl Extra Yld Bd A,0.9768
05/19/2012,Royal London Sterl Extra Yld Bd A,0.9768
05/20/2012,Royal London Sterl Extra Yld Bd A,0.9768
05/21/2012,Royal London Sterl Extra Yld Bd A,0.97759
05/22/2012,Royal London Sterl Extra Yld Bd A,0.97819
05/23/2012,Royal London Sterl Extra Yld Bd A,0.97863
05/24/2012,Royal London Sterl Extra Yld Bd A,0.97752
05/25/2012,Royal London Sterl Extra Yld Bd A,0.97816
05/26/2012,Royal London Sterl Extra Yld Bd A,0.97816
05/27/2012,Royal London Sterl Extra Yld Bd A,0.97816
05/28/2012,Royal London Sterl Extra Yld Bd A,0.97854
05/29/2012,Royal London Sterl Extra Yld Bd A,0.97758
05/30/2012,Royal London Sterl Extra Yld Bd A,0.97921
05/31/2012,Royal London Sterl Extra Yld Bd A,0.98005
06/01/2012,Royal London Sterl Extra Yld Bd A,0.97978
06/02/2012,Royal London Sterl Extra Yld Bd A,0.97978
06/03/2012,Royal London Sterl Extra Yld Bd A,0.97978
06/04/2012,Royal London Sterl Extra Yld Bd A,0.97978
06/05/2012,Royal London Sterl Extra Yld Bd A,0.97978
06/06/2012,Royal London Sterl Extra Yld Bd A,0.9754
06/07/2012,Royal London Sterl Extra Yld Bd A,0.97383
06/08/2012,Royal London Sterl Extra Yld Bd A,0.97558
06/09/2012,Royal London Sterl Extra Yld Bd A,0.97558
06/10/2012,Royal London Sterl Extra Yld Bd A,0.97558
06/11/2012,Royal London Sterl Extra Yld Bd A,0.97591
06/12/2012,Royal London Sterl Extra Yld Bd A,0.98096
06/13/2012,Royal London Sterl Extra Yld Bd A,0.98078
06/14/2012,Royal London Sterl Extra Yld Bd A,0.98056
06/15/2012,Royal London Sterl Extra Yld Bd A,0.98117
06/16/2012,Royal London Sterl Extra Yld Bd A,0.98117
06/17/2012,Royal London Sterl Extra Yld Bd A,0.98117
06/18/2012,Royal London Sterl Extra Yld Bd A,0.98224
06/19/2012,Royal London Sterl Extra Yld Bd A,0.98224
06/20/2012,Royal London Sterl Extra Yld Bd A,0.98401
06/21/2012,Royal London Sterl Extra Yld Bd A,0.98542
06/22/2012,Royal London Sterl Extra Yld Bd A,0.98473
06/23/2012,Royal London Sterl Extra Yld Bd A,0.98473
06/24/2012,Royal London Sterl Extra Yld Bd A,0.98473
06/25/2012,Royal London Sterl Extra Yld Bd A,0.98591
06/26/2012,Royal London Sterl Extra Yld Bd A,0.98538
06/27/2012,Royal London Sterl Extra Yld Bd A,0.98637
06/28/2012,Royal London Sterl Extra Yld Bd A,0.98663
06/29/2012,Royal London Sterl Extra Yld Bd A,0.98686
06/30/2012,Royal London Sterl Extra Yld Bd A,0.98686
07/01/2012,Royal London Sterl Extra Yld Bd A,0.98686
07/02/2012,Royal London Sterl Extra Yld Bd A,0.9678
07/03/2012,Royal London Sterl Extra Yld Bd A,0.9679
07/04/2012,Royal London Sterl Extra Yld Bd A,0.96973
07/05/2012,Royal London Sterl Extra Yld Bd A,0.97107
07/06/2012,Royal London Sterl Extra Yld Bd A,0.97205
07/07/2012,Royal London Sterl Extra Yld Bd A,0.97205
07/08/2012,Royal London Sterl Extra Yld Bd A,0.97205
07/09/2012,Royal London Sterl Extra Yld Bd A,0.97295
07/10/2012,Royal London Sterl Extra Yld Bd A,0.97343
07/11/2012,Royal London Sterl Extra Yld Bd A,0.97414
07/12/2012,Royal London Sterl Extra Yld Bd A,0.9752
07/13/2012,Royal London Sterl Extra Yld Bd A,0.97466
07/14/2012,Royal London Sterl Extra Yld Bd A,0.97466
07/15/2012,Royal London Sterl Extra Yld Bd A,0.97466
07/16/2012,Royal London Sterl Extra Yld Bd A,0.97588
07/17/2012,Royal London Sterl Extra Yld Bd A,0.97714
07/18/2012,Royal London Sterl Extra Yld Bd A,0.97903
07/19/2012,Royal London Sterl Extra Yld Bd A,0.9799
07/20/2012,Royal London Sterl Extra Yld Bd A,0.98137
07/21/2012,Royal London Sterl Extra Yld Bd A,0.98137
07/22/2012,Royal London Sterl Extra Yld Bd A,0.98137
07/23/2012,Royal London Sterl Extra Yld Bd A,0.9813
07/24/2012,Royal London Sterl Extra Yld Bd A,0.9809
07/25/2012,Royal London Sterl Extra Yld Bd A,0.98106
07/26/2012,Royal London Sterl Extra Yld Bd A,0.98112
07/27/2012,Royal London Sterl Extra Yld Bd A,0.98059
07/28/2012,Royal London Sterl Extra Yld Bd A,0.98059
07/29/2012,Royal London Sterl Extra Yld Bd A,0.98059
07/30/2012,Royal London Sterl Extra Yld Bd A,0.98233
07/31/2012,Royal London Sterl Extra Yld Bd A,0.98551
08/01/2012,Royal London Sterl Extra Yld Bd A,0.98667
08/02/2012,Royal London Sterl Extra Yld Bd A,0.98888
08/03/2012,Royal London Sterl Extra Yld Bd A,0.98899
08/04/2012,Royal London Sterl Extra Yld Bd A,0.98899
08/05/2012,Royal London Sterl Extra Yld Bd A,0.98899
08/06/2012,Royal London Sterl Extra Yld Bd A,0.9926
08/07/2012,Royal London Sterl Extra Yld Bd A,0.99383
08/08/2012,Royal London Sterl Extra Yld Bd A,0.99582
08/09/2012,Royal London Sterl Extra Yld Bd A,0.99722
08/10/2012,Royal London Sterl Extra Yld Bd A,0.99888
08/11/2012,Royal London Sterl Extra Yld Bd A,0.99888
08/12/2012,Royal London Sterl Extra Yld Bd A,0.99888
08/13/2012,Royal London Sterl Extra Yld Bd A,0.99907
08/14/2012,Royal London Sterl Extra Yld Bd A,0.99957
08/15/2012,Royal London Sterl Extra Yld Bd A,0.99908
08/16/2012,Royal London Sterl Extra Yld Bd A,0.99939
08/17/2012,Royal London Sterl Extra Yld Bd A,1.00071
08/18/2012,Royal London Sterl Extra Yld Bd A,1.00071
08/19/2012,Royal London Sterl Extra Yld Bd A,1.00071
08/20/2012,Royal London Sterl Extra Yld Bd A,1.00253
08/21/2012,Royal London Sterl Extra Yld Bd A,1.00339
08/22/2012,Royal London Sterl Extra Yld Bd A,1.00324
08/23/2012,Royal London Sterl Extra Yld Bd A,1.0042
08/24/2012,Royal London Sterl Extra Yld Bd A,1.00444
08/25/2012,Royal London Sterl Extra Yld Bd A,1.00444
08/26/2012,Royal London Sterl Extra Yld Bd A,1.00444
08/27/2012,Royal London Sterl Extra Yld Bd A,1.00444
08/28/2012,Royal London Sterl Extra Yld Bd A,1.00646
08/29/2012,Royal London Sterl Extra Yld Bd A,1.00666
08/30/2012,Royal London Sterl Extra Yld Bd A,1.00774
08/31/2012,Royal London Sterl Extra Yld Bd A,1.00776
09/01/2012,Royal London Sterl Extra Yld Bd A,1.00776
09/02/2012,Royal London Sterl Extra Yld Bd A,1.00776
09/03/2012,Royal London Sterl Extra Yld Bd A,1.00829
09/04/2012,Royal London Sterl Extra Yld Bd A,1.00994
09/05/2012,Royal London Sterl Extra Yld Bd A,1.01053
09/06/2012,Royal London Sterl Extra Yld Bd A,1.01137
09/07/2012,Royal London Sterl Extra Yld Bd A,1.01498
09/08/2012,Royal London Sterl Extra Yld Bd A,1.01498
09/09/2012,Royal London Sterl Extra Yld Bd A,1.01498
09/10/2012,Royal London Sterl Extra Yld Bd A,1.01642
09/11/2012,Royal London Sterl Extra Yld Bd A,1.01803
09/12/2012,Royal London Sterl Extra Yld Bd A,1.01943
09/13/2012,Royal London Sterl Extra Yld Bd A,1.02096
09/14/2012,Royal London Sterl Extra Yld Bd A,1.02261
09/15/2012,Royal London Sterl Extra Yld Bd A,1.02261
09/16/2012,Royal London Sterl Extra Yld Bd A,1.02261
09/17/2012,Royal London Sterl Extra Yld Bd A,1.02342
09/18/2012,Royal London Sterl Extra Yld Bd A,1.02463
09/19/2012,Royal London Sterl Extra Yld Bd A,1.02838
09/20/2012,Royal London Sterl Extra Yld Bd A,1.02891
09/21/2012,Royal London Sterl Extra Yld Bd A,1.0293
09/22/2012,Royal London Sterl Extra Yld Bd A,1.0293
09/23/2012,Royal London Sterl Extra Yld Bd A,1.0293
09/24/2012,Royal London Sterl Extra Yld Bd A,1.03051
09/25/2012,Royal London Sterl Extra Yld Bd A,1.03102
09/26/2012,Royal London Sterl Extra Yld Bd A,1.03066
09/27/2012,Royal London Sterl Extra Yld Bd A,1.03042
09/28/2012,Royal London Sterl Extra Yld Bd A,1.03184
09/29/2012,Royal London Sterl Extra Yld Bd A,1.03184
09/30/2012,Royal London Sterl Extra Yld Bd A,1.03184
10/01/2012,Royal London Sterl Extra Yld Bd A,1.01352
10/02/2012,Royal London Sterl Extra Yld Bd A,1.0163
10/03/2012,Royal London Sterl Extra Yld Bd A,1.01801
10/04/2012,Royal London Sterl Extra Yld Bd A,1.01923
10/05/2012,Royal London Sterl Extra Yld Bd A,1.01989
10/06/2012,Royal London Sterl Extra Yld Bd A,1.01989
10/07/2012,Royal London Sterl Extra Yld Bd A,1.01989
10/08/2012,Royal London Sterl Extra Yld Bd A,1.02257
10/09/2012,Royal London Sterl Extra Yld Bd A,1.02324
10/10/2012,Royal London Sterl Extra Yld Bd A,1.02327
10/11/2012,Royal London Sterl Extra Yld Bd A,1.02381
10/12/2012,Royal London Sterl Extra Yld Bd A,1.02557
10/13/2012,Royal London Sterl Extra Yld Bd A,1.02557
10/14/2012,Royal London Sterl Extra Yld Bd A,1.02557
10/15/2012,Royal London Sterl Extra Yld Bd A,1.02794
10/16/2012,Royal London Sterl Extra Yld Bd A,1.03193
10/17/2012,Royal London Sterl Extra Yld Bd A,1.03301
10/18/2012,Royal London Sterl Extra Yld Bd A,1.03441
10/19/2012,Royal London Sterl Extra Yld Bd A,1.03689
10/20/2012,Royal London Sterl Extra Yld Bd A,1.03689
10/21/2012,Royal London Sterl Extra Yld Bd A,1.03689
10/22/2012,Royal London Sterl Extra Yld Bd A,1.03729
10/23/2012,Royal London Sterl Extra Yld Bd A,1.03857
10/24/2012,Royal London Sterl Extra Yld Bd A,1.03652
10/25/2012,Royal London Sterl Extra Yld Bd A,1.03458
10/26/2012,Royal London Sterl Extra Yld Bd A,1.03529
10/27/2012,Royal London Sterl Extra Yld Bd A,1.03529
10/28/2012,Royal London Sterl Extra Yld Bd A,1.03529
10/29/2012,Royal London Sterl Extra Yld Bd A,1.03691
10/30/2012,Royal London Sterl Extra Yld Bd A,1.03697
10/31/2012,Royal London Sterl Extra Yld Bd A,1.03657
11/01/2012,Royal London Sterl Extra Yld Bd A,1.03722
11/02/2012,Royal London Sterl Extra Yld Bd A,1.03945
11/03/2012,Royal London Sterl Extra Yld Bd A,1.03945
11/04/2012,Royal London Sterl Extra Yld Bd A,1.03945
11/05/2012,Royal London Sterl Extra Yld Bd A,1.04205
11/06/2012,Royal London Sterl Extra Yld Bd A,1.04485
11/07/2012,Royal London Sterl Extra Yld Bd A,1.04726
11/08/2012,Royal London Sterl Extra Yld Bd A,1.04781
11/09/2012,Royal London Sterl Extra Yld Bd A,1.05042
11/10/2012,Royal London Sterl Extra Yld Bd A,1.05042
11/11/2012,Royal London Sterl Extra Yld Bd A,1.05042
11/12/2012,Royal London Sterl Extra Yld Bd A,1.05119
11/13/2012,Royal London Sterl Extra Yld Bd A,1.05238
11/14/2012,Royal London Sterl Extra Yld Bd A,1.05333
11/15/2012,Royal London Sterl Extra Yld Bd A,1.05369
11/16/2012,Royal London Sterl Extra Yld Bd A,1.0524
11/17/2012,Royal London Sterl Extra Yld Bd A,1.0524
11/18/2012,Royal London Sterl Extra Yld Bd A,1.0524
11/19/2012,Royal London Sterl Extra Yld Bd A,1.05231
11/20/2012,Royal London Sterl Extra Yld Bd A,1.05182
11/21/2012,Royal London Sterl Extra Yld Bd A,1.05236
11/22/2012,Royal London Sterl Extra Yld Bd A,1.05367
11/23/2012,Royal London Sterl Extra Yld Bd A,1.05388
11/24/2012,Royal London Sterl Extra Yld Bd A,1.05388
11/25/2012,Royal London Sterl Extra Yld Bd A,1.05388
11/26/2012,Royal London Sterl Extra Yld Bd A,1.05568
11/27/2012,Royal London Sterl Extra Yld Bd A,1.05605
11/28/2012,Royal London Sterl Extra Yld Bd A,1.0579
11/29/2012,Royal London Sterl Extra Yld Bd A,1.0584
11/30/2012,Royal London Sterl Extra Yld Bd A,1.06001
12/01/2012,Royal London Sterl Extra Yld Bd A,1.06001
12/02/2012,Royal London Sterl Extra Yld Bd A,1.06001
12/03/2012,Royal London Sterl Extra Yld Bd A,1.05998
12/04/2012,Royal London Sterl Extra Yld Bd A,1.06205
12/05/2012,Royal London Sterl Extra Yld Bd A,1.06488
12/06/2012,Royal London Sterl Extra Yld Bd A,1.0675
12/07/2012,Royal London Sterl Extra Yld Bd A,1.06771
12/08/2012,Royal London Sterl Extra Yld Bd A,1.06771
12/09/2012,Royal London Sterl Extra Yld Bd A,1.06771
12/10/2012,Royal London Sterl Extra Yld Bd A,1.06718
12/11/2012,Royal London Sterl Extra Yld Bd A,1.0676
12/12/2012,Royal London Sterl Extra Yld Bd A,1.06818
12/13/2012,Royal London Sterl Extra Yld Bd A,1.07048
12/14/2012,Royal London Sterl Extra Yld Bd A,1.07128
12/15/2012,Royal London Sterl Extra Yld Bd A,1.07128
12/16/2012,Royal London Sterl Extra Yld Bd A,1.07128
12/17/2012,Royal London Sterl Extra Yld Bd A,1.0726
12/18/2012,Royal London Sterl Extra Yld Bd A,1.0737
12/19/2012,Royal London Sterl Extra Yld Bd A,1.0756
12/20/2012,Royal London Sterl Extra Yld Bd A,1.07745
12/21/2012,Royal London Sterl Extra Yld Bd A,1.08051
12/22/2012,Royal London Sterl Extra Yld Bd A,1.08051
12/23/2012,Royal London Sterl Extra Yld Bd A,1.08051
12/24/2012,Royal London Sterl Extra Yld Bd A,1.08099
12/25/2012,Royal London Sterl Extra Yld Bd A,1.08099
12/26/2012,Royal London Sterl Extra Yld Bd A,1.08099
12/27/2012,Royal London Sterl Extra Yld Bd A,1.08299
12/28/2012,Royal London Sterl Extra Yld Bd A,1.08317
12/29/2012,Royal London Sterl Extra Yld Bd A,1.08317
12/30/2012,Royal London Sterl Extra Yld Bd A,1.08317
12/31/2012,Royal London Sterl Extra Yld Bd A,1.08334
01/01/2013,Royal London Sterl Extra Yld Bd A,1.08334
01/02/2013,Royal London Sterl Extra Yld Bd A,1.06675
01/03/2013,Royal London Sterl Extra Yld Bd A,1.0691
01/04/2013,Royal London Sterl Extra Yld Bd A,1.07029
01/05/2013,Royal London Sterl Extra Yld Bd A,1.07029
01/06/2013,Royal London Sterl Extra Yld Bd A,1.07029
01/07/2013,Royal London Sterl Extra Yld Bd A,1.07485
01/08/2013,Royal London Sterl Extra Yld Bd A,1.07777
01/09/2013,Royal London Sterl Extra Yld Bd A,1.08035
01/10/2013,Royal London Sterl Extra Yld Bd A,1.08228
01/11/2013,Royal London Sterl Extra Yld Bd A,1.08556
01/12/2013,Royal London Sterl Extra Yld Bd A,1.08556
01/13/2013,Royal London Sterl Extra Yld Bd A,1.08556
01/14/2013,Royal London Sterl Extra Yld Bd A,1.09024
01/15/2013,Royal London Sterl Extra Yld Bd A,1.08896
01/16/2013,Royal London Sterl Extra Yld Bd A,1.0884
01/17/2013,Royal London Sterl Extra Yld Bd A,1.0894
01/18/2013,Royal London Sterl Extra Yld Bd A,1.0911
01/19/2013,Royal London Sterl Extra Yld Bd A,1.0911
01/20/2013,Royal London Sterl Extra Yld Bd A,1.0911
01/21/2013,Royal London Sterl Extra Yld Bd A,1.09342
01/22/2013,Royal London Sterl Extra Yld Bd A,1.09435
01/23/2013,Royal London Sterl Extra Yld Bd A,1.09569
01/24/2013,Royal London Sterl Extra Yld Bd A,1.09678
01/25/2013,Royal London Sterl Extra Yld Bd A,1.09623
01/26/2013,Royal London Sterl Extra Yld Bd A,1.09623
01/27/2013,Royal London Sterl Extra Yld Bd A,1.09623
01/28/2013,Royal London Sterl Extra Yld Bd A,1.09708
01/29/2013,Royal London Sterl Extra Yld Bd A,1.09628
01/30/2013,Royal London Sterl Extra Yld Bd A,1.09466
01/31/2013,Royal London Sterl Extra Yld Bd A,1.09467
02/01/2013,Royal London Sterl Extra Yld Bd A,1.09714
02/02/2013,Royal London Sterl Extra Yld Bd A,1.09714
02/03/2013,Royal London Sterl Extra Yld Bd A,1.09714
02/04/2013,Royal London Sterl Extra Yld Bd A,1.09705
02/05/2013,Royal London Sterl Extra Yld Bd A,1.09642
02/06/2013,Royal London Sterl Extra Yld Bd A,1.0993
02/07/2013,Royal London Sterl Extra Yld Bd A,1.09905
02/08/2013,Royal London Sterl Extra Yld Bd A,1.09837
02/09/2013,Royal London Sterl Extra Yld Bd A,1.09837
02/10/2013,Royal London Sterl Extra Yld Bd A,1.09837
02/11/2013,Royal London Sterl Extra Yld Bd A,1.10024
02/12/2013,Royal London Sterl Extra Yld Bd A,1.10194
02/13/2013,Royal London Sterl Extra Yld Bd A,1.10327
02/14/2013,Royal London Sterl Extra Yld Bd A,1.10352
02/15/2013,Royal London Sterl Extra Yld Bd A,1.1041
02/16/2013,Royal London Sterl Extra Yld Bd A,1.1041
02/17/2013,Royal London Sterl Extra Yld Bd A,1.1041
02/18/2013,Royal London Sterl Extra Yld Bd A,1.1049
02/19/2013,Royal London Sterl Extra Yld Bd A,1.1052
02/20/2013,Royal London Sterl Extra Yld Bd A,1.1066
02/21/2013,Royal London Sterl Extra Yld Bd A,1.1074
02/22/2013,Royal London Sterl Extra Yld Bd A,1.1072
02/23/2013,Royal London Sterl Extra Yld Bd A,1.1072
02/24/2013,Royal London Sterl Extra Yld Bd A,1.1072
02/25/2013,Royal London Sterl Extra Yld Bd A,1.1095
02/26/2013,Royal London Sterl Extra Yld Bd A,1.1098
02/27/2013,Royal London Sterl Extra Yld Bd A,1.1105
02/28/2013,Royal London Sterl Extra Yld Bd A,1.1109
03/01/2013,Royal London Sterl Extra Yld Bd A,1.1131
03/02/2013,Royal London Sterl Extra Yld Bd A,1.1131
03/03/2013,Royal London Sterl Extra Yld Bd A,1.1131
03/04/2013,Royal London Sterl Extra Yld Bd A,1.1145
03/05/2013,Royal London Sterl Extra Yld Bd A,1.1145
03/06/2013,Royal London Sterl Extra Yld Bd A,1.1159
03/07/2013,Royal London Sterl Extra Yld Bd A,1.1157
03/08/2013,Royal London Sterl Extra Yld Bd A,1.1167
03/09/2013,Royal London Sterl Extra Yld Bd A,1.1167
03/10/2013,Royal London Sterl Extra Yld Bd A,1.1167
03/11/2013,Royal London Sterl Extra Yld Bd A,1.1192
03/12/2013,Royal London Sterl Extra Yld Bd A,1.1218
03/13/2013,Royal London Sterl Extra Yld Bd A,1.1205
03/14/2013,Royal London Sterl Extra Yld Bd A,1.1197
03/15/2013,Royal London Sterl Extra Yld Bd A,1.1205
03/16/2013,Royal London Sterl Extra Yld Bd A,1.1205
03/17/2013,Royal London Sterl Extra Yld Bd A,1.1205
03/18/2013,Royal London Sterl Extra Yld Bd A,1.1221
03/19/2013,Royal London Sterl Extra Yld Bd A,1.1226
03/20/2013,Royal London Sterl Extra Yld Bd A,1.1224
03/21/2013,Royal London Sterl Extra Yld Bd A,1.1229
03/22/2013,Royal London Sterl Extra Yld Bd A,1.1235
03/23/2013,Royal London Sterl Extra Yld Bd A,1.1235
03/24/2013,Royal London Sterl Extra Yld Bd A,1.1235
03/25/2013,Royal London Sterl Extra Yld Bd A,1.1249
03/26/2013,Royal London Sterl Extra Yld Bd A,1.1261
03/27/2013,Royal London Sterl Extra Yld Bd A,1.1271
03/28/2013,Royal London Sterl Extra Yld Bd A,1.1257
03/29/2013,Royal London Sterl Extra Yld Bd A,1.1257
03/30/2013,Royal London Sterl Extra Yld Bd A,1.1257
03/31/2013,Royal London Sterl Extra Yld Bd A,1.1257
04/01/2013,Royal London Sterl Extra Yld Bd A,1.1257
04/02/2013,Royal London Sterl Extra Yld Bd A,1.11
04/03/2013,Royal London Sterl Extra Yld Bd A,1.111
04/04/2013,Royal London Sterl Extra Yld Bd A,1.1125
04/05/2013,Royal London Sterl Extra Yld Bd A,1.1137
04/06/2013,Royal London Sterl Extra Yld Bd A,1.1137
04/07/2013,Royal London Sterl Extra Yld Bd A,1.1137
04/08/2013,Royal London Sterl Extra Yld Bd A,1.115
04/09/2013,Royal London Sterl Extra Yld Bd A,1.1155
04/10/2013,Royal London Sterl Extra Yld Bd A,1.1162
04/11/2013,Royal London Sterl Extra Yld Bd A,1.1177
04/12/2013,Royal London Sterl Extra Yld Bd A,1.119
04/13/2013,Royal London Sterl Extra Yld Bd A,1.119
04/14/2013,Royal London Sterl Extra Yld Bd A,1.119
04/15/2013,Royal London Sterl Extra Yld Bd A,1.1205
04/16/2013,Royal London Sterl Extra Yld Bd A,1.1203
04/17/2013,Royal London Sterl Extra Yld Bd A,1.1222
04/18/2013,Royal London Sterl Extra Yld Bd A,1.1227
04/19/2013,Royal London Sterl Extra Yld Bd A,1.1235
04/20/2013,Royal London Sterl Extra Yld Bd A,1.1235
04/21/2013,Royal London Sterl Extra Yld Bd A,1.1235
04/22/2013,Royal London Sterl Extra Yld Bd A,1.1249
04/23/2013,Royal London Sterl Extra Yld Bd A,1.1238
04/24/2013,Royal London Sterl Extra Yld Bd A,1.1242
04/25/2013,Royal London Sterl Extra Yld Bd A,1.1239
04/26/2013,Royal London Sterl Extra Yld Bd A,1.1254
04/27/2013,Royal London Sterl Extra Yld Bd A,1.1254
04/28/2013,Royal London Sterl Extra Yld Bd A,1.1254
04/29/2013,Royal London Sterl Extra Yld Bd A,1.1283
04/30/2013,Royal London Sterl Extra Yld Bd A,1.1294
05/01/2013,Royal London Sterl Extra Yld Bd A,1.1317
05/02/2013,Royal London Sterl Extra Yld Bd A,1.1333
05/03/2013,Royal London Sterl Extra Yld Bd A,1.1324
05/04/2013,Royal London Sterl Extra Yld Bd A,1.1324
05/05/2013,Royal London Sterl Extra Yld Bd A,1.1324
05/06/2013,Royal London Sterl Extra Yld Bd A,1.1324
05/07/2013,Royal London Sterl Extra Yld Bd A,1.1333
05/08/2013,Royal London Sterl Extra Yld Bd A,1.1352
05/09/2013,Royal London Sterl Extra Yld Bd A,1.1355
05/10/2013,Royal London Sterl Extra Yld Bd A,1.133
05/11/2013,Royal London Sterl Extra Yld Bd A,1.133
05/12/2013,Royal London Sterl Extra Yld Bd A,1.133
05/13/2013,Royal London Sterl Extra Yld Bd A,1.1338
05/14/2013,Royal London Sterl Extra Yld Bd A,1.1334
05/15/2013,Royal London Sterl Extra Yld Bd A,1.1328
05/16/2013,Royal London Sterl Extra Yld Bd A,1.1335
05/17/2013,Royal London Sterl Extra Yld Bd A,1.1343
05/18/2013,Royal London Sterl Extra Yld Bd A,1.1343
05/19/2013,Royal London Sterl Extra Yld Bd A,1.1343
05/20/2013,Royal London Sterl Extra Yld Bd A,1.1349
05/21/2013,Royal London Sterl Extra Yld Bd A,1.1356
05/22/2013,Royal London Sterl Extra Yld Bd A,1.137
05/23/2013,Royal London Sterl Extra Yld Bd A,1.1364
05/24/2013,Royal London Sterl Extra Yld Bd A,1.1365
05/25/2013,Royal London Sterl Extra Yld Bd A,1.1365
05/26/2013,Royal London Sterl Extra Yld Bd A,1.1365
05/27/2013,Royal London Sterl Extra Yld Bd A,1.1365
05/28/2013,Royal London Sterl Extra Yld Bd A,1.1365
05/29/2013,Royal London Sterl Extra Yld Bd A,1.1342
05/30/2013,Royal London Sterl Extra Yld Bd A,1.1346
05/31/2013,Royal London Sterl Extra Yld Bd A,1.1326
06/01/2013,Royal London Sterl Extra Yld Bd A,1.1326
06/02/2013,Royal London Sterl Extra Yld Bd A,1.1326
06/03/2013,Royal London Sterl Extra Yld Bd A,1.1306
06/04/2013,Royal London Sterl Extra Yld Bd A,1.1288
06/05/2013,Royal London Sterl Extra Yld Bd A,1.1278
06/06/2013,Royal London Sterl Extra Yld Bd A,1.1256
06/07/2013,Royal London Sterl Extra Yld Bd A,1.1205
06/08/2013,Royal London Sterl Extra Yld Bd A,1.1205
06/09/2013,Royal London Sterl Extra Yld Bd A,1.1205
06/10/2013,Royal London Sterl Extra Yld Bd A,1.12
06/11/2013,Royal London Sterl Extra Yld Bd A,1.116
06/12/2013,Royal London Sterl Extra Yld Bd A,1.116
06/13/2013,Royal London Sterl Extra Yld Bd A,1.1142
06/14/2013,Royal London Sterl Extra Yld Bd A,1.1159
06/15/2013,Royal London Sterl Extra Yld Bd A,1.1159
06/16/2013,Royal London Sterl Extra Yld Bd A,1.1159
06/17/2013,Royal London Sterl Extra Yld Bd A,1.1165
06/18/2013,Royal London Sterl Extra Yld Bd A,1.1159
06/19/2013,Royal London Sterl Extra Yld Bd A,1.1167
06/20/2013,Royal London Sterl Extra Yld Bd A,1.1082
06/21/2013,Royal London Sterl Extra Yld Bd A,1.1046
06/22/2013,Royal London Sterl Extra Yld Bd A,1.1046
06/23/2013,Royal London Sterl Extra Yld Bd A,1.1046
06/24/2013,Royal London Sterl Extra Yld Bd A,1.0971
06/25/2013,Royal London Sterl Extra Yld Bd A,1.0966
06/26/2013,Royal London Sterl Extra Yld Bd A,1.0994
06/27/2013,Royal London Sterl Extra Yld Bd A,1.1023
06/28/2013,Royal London Sterl Extra Yld Bd A,1.1011
06/29/2013,Royal London Sterl Extra Yld Bd A,1.1011
06/30/2013,Royal London Sterl Extra Yld Bd A,1.1011
07/01/2013,Royal London Sterl Extra Yld Bd A,1.084
07/02/2013,Royal London Sterl Extra Yld Bd A,1.0852
07/03/2013,Royal London Sterl Extra Yld Bd A,1.0834
07/04/2013,Royal London Sterl Extra Yld Bd A,1.0854
07/05/2013,Royal London Sterl Extra Yld Bd A,1.084
07/06/2013,Royal London Sterl Extra Yld Bd A,1.084
07/07/2013,Royal London Sterl Extra Yld Bd A,1.084
07/08/2013,Royal London Sterl Extra Yld Bd A,1.0861
07/09/2013,Royal London Sterl Extra Yld Bd A,1.0884
07/10/2013,Royal London Sterl Extra Yld Bd A,1.0893
07/11/2013,Royal London Sterl Extra Yld Bd A,1.0902
07/12/2013,Royal London Sterl Extra Yld Bd A,1.0928
07/13/2013,Royal London Sterl Extra Yld Bd A,1.0928
07/14/2013,Royal London Sterl Extra Yld Bd A,1.0928
07/15/2013,Royal London Sterl Extra Yld Bd A,1.0925
07/16/2013,Royal London Sterl Extra Yld Bd A,1.0957
07/17/2013,Royal London Sterl Extra Yld Bd A,1.0948
07/18/2013,Royal London Sterl Extra Yld Bd A,1.0976
07/19/2013,Royal London Sterl Extra Yld Bd A,1.0987
07/20/2013,Royal London Sterl Extra Yld Bd A,1.0987
07/21/2013,Royal London Sterl Extra Yld Bd A,1.0987
07/22/2013,Royal London Sterl Extra Yld Bd A,1.1007
07/23/2013,Royal London Sterl Extra Yld Bd A,1.1016
07/24/2013,Royal London Sterl Extra Yld Bd A,1.1008
07/25/2013,Royal London Sterl Extra Yld Bd A,1.1007
07/26/2013,Royal London Sterl Extra Yld Bd A,1.1025
07/27/2013,Royal London Sterl Extra Yld Bd A,1.1025
07/28/2013,Royal London Sterl Extra Yld Bd A,1.1025
07/29/2013,Royal London Sterl Extra Yld Bd A,1.1031
07/30/2013,Royal London Sterl Extra Yld Bd A,1.1047
07/31/2013,Royal London Sterl Extra Yld Bd A,1.1054
08/01/2013,Royal London Sterl Extra Yld Bd A,1.1063
08/02/2013,Royal London Sterl Extra Yld Bd A,1.1053
08/03/2013,Royal London Sterl Extra Yld Bd A,1.1053
08/04/2013,Royal London Sterl Extra Yld Bd A,1.1053
08/05/2013,Royal London Sterl Extra Yld Bd A,1.1051
08/06/2013,Royal London Sterl Extra Yld Bd A,1.1062
08/07/2013,Royal London Sterl Extra Yld Bd A,1.106
08/08/2013,Royal London Sterl Extra Yld Bd A,1.1065
08/09/2013,Royal London Sterl Extra Yld Bd A,1.1082
08/10/2013,Royal London Sterl Extra Yld Bd A,1.1082
08/11/2013,Royal London Sterl Extra Yld Bd A,1.1082
08/12/2013,Royal London Sterl Extra Yld Bd A,1.1086
08/13/2013,Royal London Sterl Extra Yld Bd A,1.1064
08/14/2013,Royal London Sterl Extra Yld Bd A,1.1057
08/15/2013,Royal London Sterl Extra Yld Bd A,1.1042
08/16/2013,Royal London Sterl Extra Yld Bd A,1.1038
08/17/2013,Royal London Sterl Extra Yld Bd A,1.1038
08/18/2013,Royal London Sterl Extra Yld Bd A,1.1038
08/19/2013,Royal London Sterl Extra Yld Bd A,1.1029
08/20/2013,Royal London Sterl Extra Yld Bd A,1.1024
08/21/2013,Royal London Sterl Extra Yld Bd A,1.0998
08/22/2013,Royal London Sterl Extra Yld Bd A,1.0993
08/23/2013,Royal London Sterl Extra Yld Bd A,1.1007
08/24/2013,Royal London Sterl Extra Yld Bd A,1.1007
08/25/2013,Royal London Sterl Extra Yld Bd A,1.1007
08/26/2013,Royal London Sterl Extra Yld Bd A,1.1007
08/27/2013,Royal London Sterl Extra Yld Bd A,1.1037
08/28/2013,Royal London Sterl Extra Yld Bd A,1.102
08/29/2013,Royal London Sterl Extra Yld Bd A,1.103
08/30/2013,Royal London Sterl Extra Yld Bd A,1.103
08/31/2013,Royal London Sterl Extra Yld Bd A,1.103
09/01/2013,Royal London Sterl Extra Yld Bd A,1.103
09/02/2013,Royal London Sterl Extra Yld Bd A,1.1024
09/03/2013,Royal London Sterl Extra Yld Bd A,1.1031
09/04/2013,Royal London Sterl Extra Yld Bd A,1.1037
09/05/2013,Royal London Sterl Extra Yld Bd A,1.1022
09/06/2013,Royal London Sterl Extra Yld Bd A,1.1037
09/07/2013,Royal London Sterl Extra Yld Bd A,1.1037
09/08/2013,Royal London Sterl Extra Yld Bd A,1.1037
09/09/2013,Royal London Sterl Extra Yld Bd A,1.1046
09/10/2013,Royal London Sterl Extra Yld Bd A,1.1051
09/11/2013,Royal London Sterl Extra Yld Bd A,1.1057
09/12/2013,Royal London Sterl Extra Yld Bd A,1.1073
09/13/2013,Royal London Sterl Extra Yld Bd A,1.1074
09/14/2013,Royal London Sterl Extra Yld Bd A,1.1074
09/15/2013,Royal London Sterl Extra Yld Bd A,1.1074
09/16/2013,Royal London Sterl Extra Yld Bd A,1.1092
09/17/2013,Royal London Sterl Extra Yld Bd A,1.1084
09/18/2013,Royal London Sterl Extra Yld Bd A,1.1076
09/19/2013,Royal London Sterl Extra Yld Bd A,1.1127
09/20/2013,Royal London Sterl Extra Yld Bd A,1.1119
09/21/2013,Royal London Sterl Extra Yld Bd A,1.1119
09/22/2013,Royal London Sterl Extra Yld Bd A,1.1119
09/23/2013,Royal London Sterl Extra Yld Bd A,1.113
09/24/2013,Royal London Sterl Extra Yld Bd A,1.1147
09/25/2013,Royal London Sterl Extra Yld Bd A,1.115
09/26/2013,Royal London Sterl Extra Yld Bd A,1.1158
09/27/2013,Royal London Sterl Extra Yld Bd A,1.1162
09/28/2013,Royal London Sterl Extra Yld Bd A,1.1162
09/29/2013,Royal London Sterl Extra Yld Bd A,1.1162
09/30/2013,Royal London Sterl Extra Yld Bd A,1.1158
10/01/2013,Royal London Sterl Extra Yld Bd A,1.0987
10/02/2013,Royal London Sterl Extra Yld Bd A,1.0993
10/03/2013,Royal London Sterl Extra Yld Bd A,1.1007
10/04/2013,Royal London Sterl Extra Yld Bd A,1.1022
10/05/2013,Royal London Sterl Extra Yld Bd A,1.1022
10/06/2013,Royal London Sterl Extra Yld Bd A,1.1022
10/07/2013,Royal London Sterl Extra Yld Bd A,1.1033
10/08/2013,Royal London Sterl Extra Yld Bd A,1.104
10/09/2013,Royal London Sterl Extra Yld Bd A,1.1051
10/10/2013,Royal London Sterl Extra Yld Bd A,1.104
10/11/2013,Royal London Sterl Extra Yld Bd A,1.106
10/12/2013,Royal London Sterl Extra Yld Bd A,1.106
10/13/2013,Royal London Sterl Extra Yld Bd A,1.106
10/14/2013,Royal London Sterl Extra Yld Bd A,1.1062
10/15/2013,Royal London Sterl Extra Yld Bd A,1.1066
10/16/2013,Royal London Sterl Extra Yld Bd A,1.1077
10/17/2013,Royal London Sterl Extra Yld Bd A,1.109
10/18/2013,Royal London Sterl Extra Yld Bd A,1.1113
10/19/2013,Royal London Sterl Extra Yld Bd A,1.1113
10/20/2013,Royal London Sterl Extra Yld Bd A,1.1113
10/21/2013,Royal London Sterl Extra Yld Bd A,1.1114
10/22/2013,Royal London Sterl Extra Yld Bd A,1.1141
10/23/2013,Royal London Sterl Extra Yld Bd A,1.1152
10/24/2013,Royal London Sterl Extra Yld Bd A,1.1151
10/25/2013,Royal London Sterl Extra Yld Bd A,1.1158
10/26/2013,Royal London Sterl Extra Yld Bd A,1.1158
10/27/2013,Royal London Sterl Extra Yld Bd A,1.1158
10/28/2013,Royal London Sterl Extra Yld Bd A,1.1167
10/29/2013,Royal London Sterl Extra Yld Bd A,1.1181
10/30/2013,Royal London Sterl Extra Yld Bd A,1.12
10/31/2013,Royal London Sterl Extra Yld Bd A,1.1185
11/01/2013,Royal London Sterl Extra Yld Bd A,1.1197
11/02/2013,Royal London Sterl Extra Yld Bd A,1.1197
11/03/2013,Royal London Sterl Extra Yld Bd A,1.1197
11/04/2013,Royal London Sterl Extra Yld Bd A,1.1212
11/05/2013,Royal London Sterl Extra Yld Bd A,1.12
11/06/2013,Royal London Sterl Extra Yld Bd A,1.1211
11/07/2013,Royal London Sterl Extra Yld Bd A,1.122
11/08/2013,Royal London Sterl Extra Yld Bd A,1.121
11/09/2013,Royal London Sterl Extra Yld Bd A,1.121
11/10/2013,Royal London Sterl Extra Yld Bd A,1.121
11/11/2013,Royal London Sterl Extra Yld Bd A,1.1216
11/12/2013,Royal London Sterl Extra Yld Bd A,1.1234
11/13/2013,Royal London Sterl Extra Yld Bd A,1.1225
11/14/2013,Royal London Sterl Extra Yld Bd A,1.1231
11/15/2013,Royal London Sterl Extra Yld Bd A,1.1237
11/16/2013,Royal London Sterl Extra Yld Bd A,1.1237
11/17/2013,Royal London Sterl Extra Yld Bd A,1.1237
11/18/2013,Royal London Sterl Extra Yld Bd A,1.1232
11/19/2013,Royal London Sterl Extra Yld Bd A,1.1235
11/20/2013,Royal London Sterl Extra Yld Bd A,1.1227
11/21/2013,Royal London Sterl Extra Yld Bd A,1.1215
11/22/2013,Royal London Sterl Extra Yld Bd A,1.1223
11/23/2013,Royal London Sterl Extra Yld Bd A,1.1223
11/24/2013,Royal London Sterl Extra Yld Bd A,1.1223
11/25/2013,Royal London Sterl Extra Yld Bd A,1.1244
11/26/2013,Royal London Sterl Extra Yld Bd A,1.1257
11/27/2013,Royal London Sterl Extra Yld Bd A,1.1254
11/28/2013,Royal London Sterl Extra Yld Bd A,1.1258
11/29/2013,Royal London Sterl Extra Yld Bd A,1.126
11/30/2013,Royal London Sterl Extra Yld Bd A,1.126
12/01/2013,Royal London Sterl Extra Yld Bd A,1.126
12/02/2013,Royal London Sterl Extra Yld Bd A,1.1267
12/03/2013,Royal London Sterl Extra Yld Bd A,1.1278
12/04/2013,Royal London Sterl Extra Yld Bd A,1.1268
12/05/2013,Royal London Sterl Extra Yld Bd A,1.1276
12/06/2013,Royal London Sterl Extra Yld Bd A,1.1282
12/07/2013,Royal London Sterl Extra Yld Bd A,1.1282
12/08/2013,Royal London Sterl Extra Yld Bd A,1.1282
12/09/2013,Royal London Sterl Extra Yld Bd A,1.1265
12/10/2013,Royal London Sterl Extra Yld Bd A,1.128
12/11/2013,Royal London Sterl Extra Yld Bd A,1.1284
12/12/2013,Royal London Sterl Extra Yld Bd A,1.1282
12/13/2013,Royal London Sterl Extra Yld Bd A,1.1287
12/14/2013,Royal London Sterl Extra Yld Bd A,1.1287
12/15/2013,Royal London Sterl Extra Yld Bd A,1.1287
12/16/2013,Royal London Sterl Extra Yld Bd A,1.1303
12/17/2013,Royal London Sterl Extra Yld Bd A,1.132
12/18/2013,Royal London Sterl Extra Yld Bd A,1.1308
12/19/2013,Royal London Sterl Extra Yld Bd A,1.1311
12/20/2013,Royal London Sterl Extra Yld Bd A,1.1318
12/21/2013,Royal London Sterl Extra Yld Bd A,1.1318
12/22/2013,Royal London Sterl Extra Yld Bd A,1.1318
12/23/2013,Royal London Sterl Extra Yld Bd A,1.1323
12/24/2013,Royal London Sterl Extra Yld Bd A,1.132
12/25/2013,Royal London Sterl Extra Yld Bd A,1.132
12/26/2013,Royal London Sterl Extra Yld Bd A,1.132
12/27/2013,Royal London Sterl Extra Yld Bd A,1.1304
12/28/2013,Royal London Sterl Extra Yld Bd A,1.1304
12/29/2013,Royal London Sterl Extra Yld Bd A,1.1304
12/30/2013,Royal London Sterl Extra Yld Bd A,1.1327
12/31/2013,Royal London Sterl Extra Yld Bd A,1.1322
01/01/2014,Royal London Sterl Extra Yld Bd A,1.1322
01/02/2014,Royal London Sterl Extra Yld Bd A,1.1158
01/03/2014,Royal London Sterl Extra Yld Bd A,1.1171
01/04/2014,Royal London Sterl Extra Yld Bd A,1.1171
01/05/2014,Royal London Sterl Extra Yld Bd A,1.1171
01/06/2014,Royal London Sterl Extra Yld Bd A,1.12
01/07/2014,Royal London Sterl Extra Yld Bd A,1.1213
01/08/2014,Royal London Sterl Extra Yld Bd A,1.1218
01/09/2014,Royal London Sterl Extra Yld Bd A,1.1226
01/10/2014,Royal London Sterl Extra Yld Bd A,1.1252
01/11/2014,Royal London Sterl Extra Yld Bd A,1.1252
01/12/2014,Royal London Sterl Extra Yld Bd A,1.1252
01/13/2014,Royal London Sterl Extra Yld Bd A,1.1287
01/14/2014,Royal London Sterl Extra Yld Bd A,1.1281
01/15/2014,Royal London Sterl Extra Yld Bd A,1.1302
01/16/2014,Royal London Sterl Extra Yld Bd A,1.1325
01/17/2014,Royal London Sterl Extra Yld Bd A,1.1319
01/18/2014,Royal London Sterl Extra Yld Bd A,1.1319
01/19/2014,Royal London Sterl Extra Yld Bd A,1.1319
01/20/2014,Royal London Sterl Extra Yld Bd A,1.1342
01/21/2014,Royal London Sterl Extra Yld Bd A,1.1351
01/22/2014,Royal London Sterl Extra Yld Bd A,1.1341
01/23/2014,Royal London Sterl Extra Yld Bd A,1.1352
01/24/2014,Royal London Sterl Extra Yld Bd A,1.1346
01/25/2014,Royal London Sterl Extra Yld Bd A,1.1346
01/26/2014,Royal London Sterl Extra Yld Bd A,1.1346
01/27/2014,Royal London Sterl Extra Yld Bd A,1.1339
01/28/2014,Royal London Sterl Extra Yld Bd A,1.1358
01/29/2014,Royal London Sterl Extra Yld Bd A,1.1379
01/30/2014,Royal London Sterl Extra Yld Bd A,1.1371
01/31/2014,Royal London Sterl Extra Yld Bd A,1.1376
02/01/2014,Royal London Sterl Extra Yld Bd A,1.1376
02/02/2014,Royal London Sterl Extra Yld Bd A,1.1376
02/03/2014,Royal London Sterl Extra Yld Bd A,1.1389
02/04/2014,Royal London Sterl Extra Yld Bd A,1.1384
02/05/2014,Royal London Sterl Extra Yld Bd A,1.1398
02/06/2014,Royal London Sterl Extra Yld Bd A,1.1395
02/07/2014,Royal London Sterl Extra Yld Bd A,1.1402
02/08/2014,Royal London Sterl Extra Yld Bd A,1.1402
02/09/2014,Royal London Sterl Extra Yld Bd A,1.1402
02/10/2014,Royal London Sterl Extra Yld Bd A,1.1413
02/11/2014,Royal London Sterl Extra Yld Bd A,1.1423
02/12/2014,Royal London Sterl Extra Yld Bd A,1.1406
02/13/2014,Royal London Sterl Extra Yld Bd A,1.1402
02/14/2014,Royal London Sterl Extra Yld Bd A,1.1388
02/15/2014,Royal London Sterl Extra Yld Bd A,1.1388
02/16/2014,Royal London Sterl Extra Yld Bd A,1.1388
02/17/2014,Royal London Sterl Extra Yld Bd A,1.1401
02/18/2014,Royal London Sterl Extra Yld Bd A,1.1414
02/19/2014,Royal London Sterl Extra Yld Bd A,1.142
02/20/2014,Royal London Sterl Extra Yld Bd A,1.1413
02/21/2014,Royal London Sterl Extra Yld Bd A,1.1439
02/22/2014,Royal London Sterl Extra Yld Bd A,1.1439
02/23/2014,Royal London Sterl Extra Yld Bd A,1.1439
02/24/2014,Royal London Sterl Extra Yld Bd A,1.1463
02/25/2014,Royal London Sterl Extra Yld Bd A,1.1473
02/26/2014,Royal London Sterl Extra Yld Bd A,1.1491
02/27/2014,Royal London Sterl Extra Yld Bd A,1.1503
02/28/2014,Royal London Sterl Extra Yld Bd A,1.1523
03/01/2014,Royal London Sterl Extra Yld Bd A,1.1523
03/02/2014,Royal London Sterl Extra Yld Bd A,1.1523
03/03/2014,Royal London Sterl Extra Yld Bd A,1.1534
03/04/2014,Royal London Sterl Extra Yld Bd A,1.1555
03/05/2014,Royal London Sterl Extra Yld Bd A,1.1565
03/06/2014,Royal London Sterl Extra Yld Bd A,1.1573
03/07/2014,Royal London Sterl Extra Yld Bd A,1.1581
03/08/2014,Royal London Sterl Extra Yld Bd A,1.1581
03/09/2014,Royal London Sterl Extra Yld Bd A,1.1581
03/10/2014,Royal London Sterl Extra Yld Bd A,1.1612
03/11/2014,Royal London Sterl Extra Yld Bd A,1.1618
03/12/2014,Royal London Sterl Extra Yld Bd A,1.1624
03/13/2014,Royal London Sterl Extra Yld Bd A,1.1629
03/14/2014,Royal London Sterl Extra Yld Bd A,1.1623
03/15/2014,Royal London Sterl Extra Yld Bd A,1.1623
03/16/2014,Royal London Sterl Extra Yld Bd A,1.1623
03/17/2014,Royal London Sterl Extra Yld Bd A,1.1623
03/18/2014,Royal London Sterl Extra Yld Bd A,1.1635
03/19/2014,Royal London Sterl Extra Yld Bd A,1.1644
03/20/2014,Royal London Sterl Extra Yld Bd A,1.1631
03/21/2014,Royal London Sterl Extra Yld Bd A,1.1636
03/22/2014,Royal London Sterl Extra Yld Bd A,1.1636
03/23/2014,Royal London Sterl Extra Yld Bd A,1.1636
03/24/2014,Royal London Sterl Extra Yld Bd A,1.1645
03/25/2014,Royal London Sterl Extra Yld Bd A,1.1635
03/26/2014,Royal London Sterl Extra Yld Bd A,1.1635
03/27/2014,Royal London Sterl Extra Yld Bd A,1.1632
03/28/2014,Royal London Sterl Extra Yld Bd A,1.1621
03/29/2014,Royal London Sterl Extra Yld Bd A,1.1621
03/30/2014,Royal London Sterl Extra Yld Bd A,1.1621
03/31/2014,Royal London Sterl Extra Yld Bd A,1.1625
04/01/2014,Royal London Sterl Extra Yld Bd A,1.1449
04/02/2014,Royal London Sterl Extra Yld Bd A,1.1478
04/03/2014,Royal London Sterl Extra Yld Bd A,1.1493
04/04/2014,Royal London Sterl Extra Yld Bd A,1.1511
04/05/2014,Royal London Sterl Extra Yld Bd A,1.1511
04/06/2014,Royal London Sterl Extra Yld Bd A,1.1511
04/07/2014,Royal London Sterl Extra Yld Bd A,1.1527
04/08/2014,Royal London Sterl Extra Yld Bd A,1.1517
04/09/2014,Royal London Sterl Extra Yld Bd A,1.1532
04/10/2014,Royal London Sterl Extra Yld Bd A,1.1554
04/11/2014,Royal London Sterl Extra Yld Bd A,1.1552
04/12/2014,Royal London Sterl Extra Yld Bd A,1.1552
04/13/2014,Royal London Sterl Extra Yld Bd A,1.1552
04/14/2014,Royal London Sterl Extra Yld Bd A,1.155
04/15/2014,Royal London Sterl Extra Yld Bd A,1.1561
04/16/2014,Royal London Sterl Extra Yld Bd A,1.1553
04/17/2014,Royal London Sterl Extra Yld Bd A,1.155
04/18/2014,Royal London Sterl Extra Yld Bd A,1.155
04/19/2014,Royal London Sterl Extra Yld Bd A,1.155
04/20/2014,Royal London Sterl Extra Yld Bd A,1.155
04/21/2014,Royal London Sterl Extra Yld Bd A,1.155
04/22/2014,Royal London Sterl Extra Yld Bd A,1.1545
04/23/2014,Royal London Sterl Extra Yld Bd A,1.1563
04/24/2014,Royal London Sterl Extra Yld Bd A,1.1565
04/25/2014,Royal London Sterl Extra Yld Bd A,1.1578
04/26/2014,Royal London Sterl Extra Yld Bd A,1.1578
04/27/2014,Royal London Sterl Extra Yld Bd A,1.1578
04/28/2014,Royal London Sterl Extra Yld Bd A,1.158
04/29/2014,Royal London Sterl Extra Yld Bd A,1.1579
04/30/2014,Royal London Sterl Extra Yld Bd A,1.1589
05/01/2014,Royal London Sterl Extra Yld Bd A,1.1603
05/02/2014,Royal London Sterl Extra Yld Bd A,1.162
05/03/2014,Royal London Sterl Extra Yld Bd A,1.162
05/04/2014,Royal London Sterl Extra Yld Bd A,1.162
05/05/2014,Royal London Sterl Extra Yld Bd A,1.162
05/06/2014,Royal London Sterl Extra Yld Bd A,1.1623
05/07/2014,Royal London Sterl Extra Yld Bd A,1.1635
05/08/2014,Royal London Sterl Extra Yld Bd A,1.1655
05/09/2014,Royal London Sterl Extra Yld Bd A,1.1662
05/10/2014,Royal London Sterl Extra Yld Bd A,1.1662
05/11/2014,Royal London Sterl Extra Yld Bd A,1.1662
05/12/2014,Royal London Sterl Extra Yld Bd A,1.1664
05/13/2014,Royal London Sterl Extra Yld Bd A,1.1687
05/14/2014,Royal London Sterl Extra Yld Bd A,1.1714
05/15/2014,Royal London Sterl Extra Yld Bd A,1.1726
05/16/2014,Royal London Sterl Extra Yld Bd A,1.1715
05/17/2014,Royal London Sterl Extra Yld Bd A,1.1715
05/18/2014,Royal London Sterl Extra Yld Bd A,1.1715
05/19/2014,Royal London Sterl Extra Yld Bd A,1.172
05/20/2014,Royal London Sterl Extra Yld Bd A,1.1707
05/21/2014,Royal London Sterl Extra Yld Bd A,1.1685
05/22/2014,Royal London Sterl Extra Yld Bd A,1.1697
05/23/2014,Royal London Sterl Extra Yld Bd A,1.1709
05/24/2014,Royal London Sterl Extra Yld Bd A,1.1709
05/25/2014,Royal London Sterl Extra Yld Bd A,1.1709
05/26/2014,Royal London Sterl Extra Yld Bd A,1.1709
05/27/2014,Royal London Sterl Extra Yld Bd A,1.173
05/28/2014,Royal London Sterl Extra Yld Bd A,1.1767
05/29/2014,Royal London Sterl Extra Yld Bd A,1.1777
05/30/2014,Royal London Sterl Extra Yld Bd A,1.1772
05/31/2014,Royal London Sterl Extra Yld Bd A,1.1772
06/01/2014,Royal London Sterl Extra Yld Bd A,1.1772
06/02/2014,Royal London Sterl Extra Yld Bd A,1.1761
06/03/2014,Royal London Sterl Extra Yld Bd A,1.1762
06/04/2014,Royal London Sterl Extra Yld Bd A,1.1759
06/05/2014,Royal London Sterl Extra Yld Bd A,1.1763
06/06/2014,Royal London Sterl Extra Yld Bd A,1.1787
06/07/2014,Royal London Sterl Extra Yld Bd A,1.1787
06/08/2014,Royal London Sterl Extra Yld Bd A,1.1787
06/09/2014,Royal London Sterl Extra Yld Bd A,1.1789
06/10/2014,Royal London Sterl Extra Yld Bd A,1.1797
06/11/2014,Royal London Sterl Extra Yld Bd A,1.1794
06/12/2014,Royal London Sterl Extra Yld Bd A,1.1792
06/13/2014,Royal London Sterl Extra Yld Bd A,1.1771
06/14/2014,Royal London Sterl Extra Yld Bd A,1.1771
06/15/2014,Royal London Sterl Extra Yld Bd A,1.1771
06/16/2014,Royal London Sterl Extra Yld Bd A,1.1771
06/17/2014,Royal London Sterl Extra Yld Bd A,1.1769
06/18/2014,Royal London Sterl Extra Yld Bd A,1.178
06/19/2014,Royal London Sterl Extra Yld Bd A,1.1772
06/20/2014,Royal London Sterl Extra Yld Bd A,1.1775
06/21/2014,Royal London Sterl Extra Yld Bd A,1.1775
06/22/2014,Royal London Sterl Extra Yld Bd A,1.1775
06/23/2014,Royal London Sterl Extra Yld Bd A,1.1786
06/24/2014,Royal London Sterl Extra Yld Bd A,1.1793
06/25/2014,Royal London Sterl Extra Yld Bd A,1.1801
06/26/2014,Royal London Sterl Extra Yld Bd A,1.1799
06/27/2014,Royal London Sterl Extra Yld Bd A,1.1797
06/28/2014,Royal London Sterl Extra Yld Bd A,1.1797
06/29/2014,Royal London Sterl Extra Yld Bd A,1.1797
06/30/2014,Royal London Sterl Extra Yld Bd A,1.1785
07/01/2014,Royal London Sterl Extra Yld Bd A,1.1592
07/02/2014,Royal London Sterl Extra Yld Bd A,1.1586
07/03/2014,Royal London Sterl Extra Yld Bd A,1.16
07/04/2014,Royal London Sterl Extra Yld Bd A,1.1603
07/05/2014,Royal London Sterl Extra Yld Bd A,1.1603
07/06/2014,Royal London Sterl Extra Yld Bd A,1.1603
07/07/2014,Royal London Sterl Extra Yld Bd A,1.1619
07/08/2014,Royal London Sterl Extra Yld Bd A,1.1634
07/09/2014,Royal London Sterl Extra Yld Bd A,1.1629
07/10/2014,Royal London Sterl Extra Yld Bd A,1.1633
07/11/2014,Royal London Sterl Extra Yld Bd A,1.1639
07/12/2014,Royal London Sterl Extra Yld Bd A,1.1639
07/13/2014,Royal London Sterl Extra Yld Bd A,1.1639
07/14/2014,Royal London Sterl Extra Yld Bd A,1.1645
07/15/2014,Royal London Sterl Extra Yld Bd A,1.1628
07/16/2014,Royal London Sterl Extra Yld Bd A,1.1632
07/17/2014,Royal London Sterl Extra Yld Bd A,1.1647
07/18/2014,Royal London Sterl Extra Yld Bd A,1.1653
07/19/2014,Royal London Sterl Extra Yld Bd A,1.1653
07/20/2014,Royal London Sterl Extra Yld Bd A,1.1653
07/21/2014,Royal London Sterl Extra Yld Bd A,1.1656
07/22/2014,Royal London Sterl Extra Yld Bd A,1.1658
07/23/2014,Royal London Sterl Extra Yld Bd A,1.167
07/24/2014,Royal London Sterl Extra Yld Bd A,1.1667
07/25/2014,Royal London Sterl Extra Yld Bd A,1.1675
07/26/2014,Royal London Sterl Extra Yld Bd A,1.1675
07/27/2014,Royal London Sterl Extra Yld Bd A,1.1675
07/28/2014,Royal London Sterl Extra Yld Bd A,1.1675
07/29/2014,Royal London Sterl Extra Yld Bd A,1.1688
07/30/2014,Royal London Sterl Extra Yld Bd A,1.1681
07/31/2014,Royal London Sterl Extra Yld Bd A,1.1669
08/01/2014,Royal London Sterl Extra Yld Bd A,1.1677
08/02/2014,Royal London Sterl Extra Yld Bd A,1.1677
08/03/2014,Royal London Sterl Extra Yld Bd A,1.1677
08/04/2014,Royal London Sterl Extra Yld Bd A,1.1684
08/05/2014,Royal London Sterl Extra Yld Bd A,1.1667
08/06/2014,Royal London Sterl Extra Yld Bd A,1.167
08/07/2014,Royal London Sterl Extra Yld Bd A,1.167
08/08/2014,Royal London Sterl Extra Yld Bd A,1.167
08/09/2014,Royal London Sterl Extra Yld Bd A,1.167
08/10/2014,Royal London Sterl Extra Yld Bd A,1.167
08/11/2014,Royal London Sterl Extra Yld Bd A,1.1673
08/12/2014,Royal London Sterl Extra Yld Bd A,1.1676
08/13/2014,Royal London Sterl Extra Yld Bd A,1.1699
08/14/2014,Royal London Sterl Extra Yld Bd A,1.1708
08/15/2014,Royal London Sterl Extra Yld Bd A,1.174
08/16/2014,Royal London Sterl Extra Yld Bd A,1.174
08/17/2014,Royal London Sterl Extra Yld Bd A,1.174
08/18/2014,Royal London Sterl Extra Yld Bd A,1.1725
08/19/2014,Royal London Sterl Extra Yld Bd A,1.1746
08/20/2014,Royal London Sterl Extra Yld Bd A,1.1737
08/21/2014,Royal London Sterl Extra Yld Bd A,1.1747
08/22/2014,Royal London Sterl Extra Yld Bd A,1.1756
08/23/2014,Royal London Sterl Extra Yld Bd A,1.1756
08/24/2014,Royal London Sterl Extra Yld Bd A,1.1756
08/25/2014,Royal London Sterl Extra Yld Bd A,1.1756
08/26/2014,Royal London Sterl Extra Yld Bd A,1.1783
08/27/2014,Royal London Sterl Extra Yld Bd A,1.1805
08/28/2014,Royal London Sterl Extra Yld Bd A,1.1805
08/29/2014,Royal London Sterl Extra Yld Bd A,1.181
08/30/2014,Royal London Sterl Extra Yld Bd A,1.181
08/31/2014,Royal London Sterl Extra Yld Bd A,1.181
09/01/2014,Royal London Sterl Extra Yld Bd A,1.1792
09/02/2014,Royal London Sterl Extra Yld Bd A,1.1792
09/03/2014,Royal London Sterl Extra Yld Bd A,1.1786
09/04/2014,Royal London Sterl Extra Yld Bd A,1.1784
09/05/2014,Royal London Sterl Extra Yld Bd A,1.1788
09/06/2014,Royal London Sterl Extra Yld Bd A,1.1788
09/07/2014,Royal London Sterl Extra Yld Bd A,1.1788
09/08/2014,Royal London Sterl Extra Yld Bd A,1.1804
09/09/2014,Royal London Sterl Extra Yld Bd A,1.1805
09/10/2014,Royal London Sterl Extra Yld Bd A,1.1785
09/11/2014,Royal London Sterl Extra Yld Bd A,1.1769
09/12/2014,Royal London Sterl Extra Yld Bd A,1.1761
09/13/2014,Royal London Sterl Extra Yld Bd A,1.1761
09/14/2014,Royal London Sterl Extra Yld Bd A,1.1761
09/15/2014,Royal London Sterl Extra Yld Bd A,1.176
09/16/2014,Royal London Sterl Extra Yld Bd A,1.1754
09/17/2014,Royal London Sterl Extra Yld Bd A,1.1748
09/18/2014,Royal London Sterl Extra Yld Bd A,1.1734
09/19/2014,Royal London Sterl Extra Yld Bd A,1.1758
09/20/2014,Royal London Sterl Extra Yld Bd A,1.1758
09/21/2014,Royal London Sterl Extra Yld Bd A,1.1758
09/22/2014,Royal London Sterl Extra Yld Bd A,1.1729
09/23/2014,Royal London Sterl Extra Yld Bd A,1.1725
09/24/2014,Royal London Sterl Extra Yld Bd A,1.1715
09/25/2014,Royal London Sterl Extra Yld Bd A,1.171
09/26/2014,Royal London Sterl Extra Yld Bd A,1.1702
09/27/2014,Royal London Sterl Extra Yld Bd A,1.1702
09/28/2014,Royal London Sterl Extra Yld Bd A,1.1702
09/29/2014,Royal London Sterl Extra Yld Bd A,1.1683
09/30/2014,Royal London Sterl Extra Yld Bd A,1.1702
10/01/2014,Royal London Sterl Extra Yld Bd A,1.153
10/02/2014,Royal London Sterl Extra Yld Bd A,1.1537
10/03/2014,Royal London Sterl Extra Yld Bd A,1.1528
10/04/2014,Royal London Sterl Extra Yld Bd A,1.1528
10/05/2014,Royal London Sterl Extra Yld Bd A,1.1528
10/06/2014,Royal London Sterl Extra Yld Bd A,1.1536
10/07/2014,Royal London Sterl Extra Yld Bd A,1.1547
10/08/2014,Royal London Sterl Extra Yld Bd A,1.1555
10/09/2014,Royal London Sterl Extra Yld Bd A,1.1547
10/10/2014,Royal London Sterl Extra Yld Bd A,1.1533
10/11/2014,Royal London Sterl Extra Yld Bd A,1.1533
10/12/2014,Royal London Sterl Extra Yld Bd A,1.1533
10/13/2014,Royal London Sterl Extra Yld Bd A,1.1532
10/14/2014,Royal London Sterl Extra Yld Bd A,1.1542
10/15/2014,Royal London Sterl Extra Yld Bd A,1.1543
10/16/2014,Royal London Sterl Extra Yld Bd A,1.1469
10/17/2014,Royal London Sterl Extra Yld Bd A,1.1437
10/18/2014,Royal London Sterl Extra Yld Bd A,1.1437
10/19/2014,Royal London Sterl Extra Yld Bd A,1.1437
10/20/2014,Royal London Sterl Extra Yld Bd A,1.1439
10/21/2014,Royal London Sterl Extra Yld Bd A,1.1447
10/22/2014,Royal London Sterl Extra Yld Bd A,1.1461
10/23/2014,Royal London Sterl Extra Yld Bd A,1.1467
10/24/2014,Royal London Sterl Extra Yld Bd A,1.1471
10/25/2014,Royal London Sterl Extra Yld Bd A,1.1471
10/26/2014,Royal London Sterl Extra Yld Bd A,1.1471
10/27/2014,Royal London Sterl Extra Yld Bd A,1.1474
10/28/2014,Royal London Sterl Extra Yld Bd A,1.1465
10/29/2014,Royal London Sterl Extra Yld Bd A,1.1461
10/30/2014,Royal London Sterl Extra Yld Bd A,1.1469
10/31/2014,Royal London Sterl Extra Yld Bd A,1.1478
11/01/2014,Royal London Sterl Extra Yld Bd A,1.1478
11/02/2014,Royal London Sterl Extra Yld Bd A,1.1478
11/03/2014,Royal London Sterl Extra Yld Bd A,1.1494
11/04/2014,Royal London Sterl Extra Yld Bd A,1.1506
11/05/2014,Royal London Sterl Extra Yld Bd A,1.1503
11/06/2014,Royal London Sterl Extra Yld Bd A,1.1518
11/07/2014,Royal London Sterl Extra Yld Bd A,1.153
11/08/2014,Royal London Sterl Extra Yld Bd A,1.153
11/09/2014,Royal London Sterl Extra Yld Bd A,1.153
11/10/2014,Royal London Sterl Extra Yld Bd A,1.1541
11/11/2014,Royal London Sterl Extra Yld Bd A,1.1538
11/12/2014,Royal London Sterl Extra Yld Bd A,1.1558
11/13/2014,Royal London Sterl Extra Yld Bd A,1.1571
11/14/2014,Royal London Sterl Extra Yld Bd A,1.1582
11/15/2014,Royal London Sterl Extra Yld Bd A,1.1582
11/16/2014,Royal London Sterl Extra Yld Bd A,1.1582
11/17/2014,Royal London Sterl Extra Yld Bd A,1.1596
11/18/2014,Royal London Sterl Extra Yld Bd A,1.1599
11/19/2014,Royal London Sterl Extra Yld Bd A,1.1578
11/20/2014,Royal London Sterl Extra Yld Bd A,1.1573
11/21/2014,Royal London Sterl Extra Yld Bd A,1.1584
11/22/2014,Royal London Sterl Extra Yld Bd A,1.1584
11/23/2014,Royal London Sterl Extra Yld Bd A,1.1584
11/24/2014,Royal London Sterl Extra Yld Bd A,1.1593
11/25/2014,Royal London Sterl Extra Yld Bd A,1.16
11/26/2014,Royal London Sterl Extra Yld Bd A,1.1597
11/27/2014,Royal London Sterl Extra Yld Bd A,1.1603
11/28/2014,Royal London Sterl Extra Yld Bd A,1.1601
11/29/2014,Royal London Sterl Extra Yld Bd A,1.1601
11/30/2014,Royal London Sterl Extra Yld Bd A,1.1601
12/01/2014,Royal London Sterl Extra Yld Bd A,1.1621
12/02/2014,Royal London Sterl Extra Yld Bd A,1.1596
12/03/2014,Royal London Sterl Extra Yld Bd A,1.159
12/04/2014,Royal London Sterl Extra Yld Bd A,1.1589
12/05/2014,Royal London Sterl Extra Yld Bd A,1.1586
12/06/2014,Royal London Sterl Extra Yld Bd A,1.1586
12/07/2014,Royal London Sterl Extra Yld Bd A,1.1586
12/08/2014,Royal London Sterl Extra Yld Bd A,1.1591
12/09/2014,Royal London Sterl Extra Yld Bd A,1.1592
12/10/2014,Royal London Sterl Extra Yld Bd A,1.1579
12/11/2014,Royal London Sterl Extra Yld Bd A,1.1538
12/12/2014,Royal London Sterl Extra Yld Bd A,1.153
12/13/2014,Royal London Sterl Extra Yld Bd A,1.153
12/14/2014,Royal London Sterl Extra Yld Bd A,1.153
12/15/2014,Royal London Sterl Extra Yld Bd A,1.1522
12/16/2014,Royal London Sterl Extra Yld Bd A,1.1498
12/17/2014,Royal London Sterl Extra Yld Bd A,1.1499
12/18/2014,Royal London Sterl Extra Yld Bd A,1.1447
12/19/2014,Royal London Sterl Extra Yld Bd A,1.1458
12/20/2014,Royal London Sterl Extra Yld Bd A,1.1458
12/21/2014,Royal London Sterl Extra Yld Bd A,1.1458
12/22/2014,Royal London Sterl Extra Yld Bd A,1.1469
12/23/2014,Royal London Sterl Extra Yld Bd A,1.147
12/24/2014,Royal London Sterl Extra Yld Bd A,1.1459
12/25/2014,Royal London Sterl Extra Yld Bd A,1.1459
12/26/2014,Royal London Sterl Extra Yld Bd A,1.1459
12/27/2014,Royal London Sterl Extra Yld Bd A,1.1459
12/28/2014,Royal London Sterl Extra Yld Bd A,1.1459
12/29/2014,Royal London Sterl Extra Yld Bd A,1.1488
12/30/2014,Royal London Sterl Extra Yld Bd A,1.1489
12/31/2014,Royal London Sterl Extra Yld Bd A,1.1495
01/01/2015,Royal London Sterl Extra Yld Bd A,1.1495
01/02/2015,Royal London Sterl Extra Yld Bd A,1.1336
01/03/2015,Royal London Sterl Extra Yld Bd A,1.1336
01/04/2015,Royal London Sterl Extra Yld Bd A,1.1336
01/05/2015,Royal London Sterl Extra Yld Bd A,1.1355
01/06/2015,Royal London Sterl Extra Yld Bd A,1.1354
01/07/2015,Royal London Sterl Extra Yld Bd A,1.1359
01/08/2015,Royal London Sterl Extra Yld Bd A,1.1348
01/09/2015,Royal London Sterl Extra Yld Bd A,1.1342
01/10/2015,Royal London Sterl Extra Yld Bd A,1.1342
01/11/2015,Royal London Sterl Extra Yld Bd A,1.1342
01/12/2015,Royal London Sterl Extra Yld Bd A,1.1345
01/13/2015,Royal London Sterl Extra Yld Bd A,1.1338
01/14/2015,Royal London Sterl Extra Yld Bd A,1.1337
01/15/2015,Royal London Sterl Extra Yld Bd A,1.1369
01/16/2015,Royal London Sterl Extra Yld Bd A,1.1362
01/17/2015,Royal London Sterl Extra Yld Bd A,1.1362
01/18/2015,Royal London Sterl Extra Yld Bd A,1.1362
01/19/2015,Royal London Sterl Extra Yld Bd A,1.1376
01/20/2015,Royal London Sterl Extra Yld Bd A,1.1372
01/21/2015,Royal London Sterl Extra Yld Bd A,1.1389
01/22/2015,Royal London Sterl Extra Yld Bd A,1.1407
01/23/2015,Royal London Sterl Extra Yld Bd A,1.1441
01/24/2015,Royal London Sterl Extra Yld Bd A,1.1441
01/25/2015,Royal London Sterl Extra Yld Bd A,1.1441
01/26/2015,Royal London Sterl Extra Yld Bd A,1.1434
01/27/2015,Royal London Sterl Extra Yld Bd A,1.1439
01/28/2015,Royal London Sterl Extra Yld Bd A,1.145
01/29/2015,Royal London Sterl Extra Yld Bd A,1.1465
01/30/2015,Royal London Sterl Extra Yld Bd A,1.1481
01/31/2015,Royal London Sterl Extra Yld Bd A,1.1481
02/01/2015,Royal London Sterl Extra Yld Bd A,1.1481
02/02/2015,Royal London Sterl Extra Yld Bd A,1.1484
02/03/2015,Royal London Sterl Extra Yld Bd A,1.1473
02/04/2015,Royal London Sterl Extra Yld Bd A,1.1459
02/05/2015,Royal London Sterl Extra Yld Bd A,1.1452
02/06/2015,Royal London Sterl Extra Yld Bd A,1.144
02/07/2015,Royal London Sterl Extra Yld Bd A,1.144
02/08/2015,Royal London Sterl Extra Yld Bd A,1.144
02/09/2015,Royal London Sterl Extra Yld Bd A,1.1461
02/10/2015,Royal London Sterl Extra Yld Bd A,1.1458
02/11/2015,Royal London Sterl Extra Yld Bd A,1.1456
02/12/2015,Royal London Sterl Extra Yld Bd A,1.1445
02/13/2015,Royal London Sterl Extra Yld Bd A,1.1445
02/14/2015,Royal London Sterl Extra Yld Bd A,1.1445
02/15/2015,Royal London Sterl Extra Yld Bd A,1.1445
02/16/2015,Royal London Sterl Extra Yld Bd A,1.1448
02/17/2015,Royal London Sterl Extra Yld Bd A,1.1441
02/18/2015,Royal London Sterl Extra Yld Bd A,1.1418
02/19/2015,Royal London Sterl Extra Yld Bd A,1.1455
02/20/2015,Royal London Sterl Extra Yld Bd A,1.1476
02/21/2015,Royal London Sterl Extra Yld Bd A,1.1476
02/22/2015,Royal London Sterl Extra Yld Bd A,1.1476
02/23/2015,Royal London Sterl Extra Yld Bd A,1.1471
02/24/2015,Royal London Sterl Extra Yld Bd A,1.1491
02/25/2015,Royal London Sterl Extra Yld Bd A,1.1507
02/26/2015,Royal London Sterl Extra Yld Bd A,1.1513
02/27/2015,Royal London Sterl Extra Yld Bd A,1.1498
02/28/2015,Royal London Sterl Extra Yld Bd A,1.1498
03/01/2015,Royal London Sterl Extra Yld Bd A,1.1498
03/02/2015,Royal London Sterl Extra Yld Bd A,1.1509
03/03/2015,Royal London Sterl Extra Yld Bd A,1.151
03/04/2015,Royal London Sterl Extra Yld Bd A,1.1504
03/05/2015,Royal London Sterl Extra Yld Bd A,1.1525
03/06/2015,Royal London Sterl Extra Yld Bd A,1.1527
03/07/2015,Royal London Sterl Extra Yld Bd A,1.1527
03/08/2015,Royal London Sterl Extra Yld Bd A,1.1527
03/09/2015,Royal London Sterl Extra Yld Bd A,1.1536
03/10/2015,Royal London Sterl Extra Yld Bd A,1.1553
03/11/2015,Royal London Sterl Extra Yld Bd A,1.1562
03/12/2015,Royal London Sterl Extra Yld Bd A,1.1593
03/13/2015,Royal London Sterl Extra Yld Bd A,1.1602
03/14/2015,Royal London Sterl Extra Yld Bd A,1.1602
03/15/2015,Royal London Sterl Extra Yld Bd A,1.1602
03/16/2015,Royal London Sterl Extra Yld Bd A,1.1601
03/17/2015,Royal London Sterl Extra Yld Bd A,1.1586
03/18/2015,Royal London Sterl Extra Yld Bd A,1.1594
03/19/2015,Royal London Sterl Extra Yld Bd A,1.1617
03/20/2015,Royal London Sterl Extra Yld Bd A,1.1608
03/21/2015,Royal London Sterl Extra Yld Bd A,1.1608
03/22/2015,Royal London Sterl Extra Yld Bd A,1.1608
03/23/2015,Royal London Sterl Extra Yld Bd A,1.1619
03/24/2015,Royal London Sterl Extra Yld Bd A,1.1619
03/25/2015,Royal London Sterl Extra Yld Bd A,1.1627
03/26/2015,Royal London Sterl Extra Yld Bd A,1.1606
03/27/2015,Royal London Sterl Extra Yld Bd A,1.1616
03/28/2015,Royal London Sterl Extra Yld Bd A,1.1616
03/29/2015,Royal London Sterl Extra Yld Bd A,1.1616
03/30/2015,Royal London Sterl Extra Yld Bd A,1.1623
03/31/2015,Royal London Sterl Extra Yld Bd A,1.1627
04/01/2015,Royal London Sterl Extra Yld Bd A,1.1448
04/02/2015,Royal London Sterl Extra Yld Bd A,1.1438
04/03/2015,Royal London Sterl Extra Yld Bd A,1.1438
04/04/2015,Royal London Sterl Extra Yld Bd A,1.1438
04/05/2015,Royal London Sterl Extra Yld Bd A,1.1438
04/06/2015,Royal London Sterl Extra Yld Bd A,1.1438
04/07/2015,Royal London Sterl Extra Yld Bd A,1.1444
04/08/2015,Royal London Sterl Extra Yld Bd A,1.1451
04/09/2015,Royal London Sterl Extra Yld Bd A,1.1466
04/10/2015,Royal London Sterl Extra Yld Bd A,1.148
04/11/2015,Royal London Sterl Extra Yld Bd A,1.148
04/12/2015,Royal London Sterl Extra Yld Bd A,1.148
04/13/2015,Royal London Sterl Extra Yld Bd A,1.1496
04/14/2015,Royal London Sterl Extra Yld Bd A,1.1506
04/15/2015,Royal London Sterl Extra Yld Bd A,1.15
04/16/2015,Royal London Sterl Extra Yld Bd A,1.1493
04/17/2015,Royal London Sterl Extra Yld Bd A,1.1499
04/18/2015,Royal London Sterl Extra Yld Bd A,1.1499
04/19/2015,Royal London Sterl Extra Yld Bd A,1.1499
04/20/2015,Royal London Sterl Extra Yld Bd A,1.1505
04/21/2015,Royal London Sterl Extra Yld Bd A,1.1499
04/22/2015,Royal London Sterl Extra Yld Bd A,1.1472
04/23/2015,Royal London Sterl Extra Yld Bd A,1.1484
04/24/2015,Royal London Sterl Extra Yld Bd A,1.1498
04/25/2015,Royal London Sterl Extra Yld Bd A,1.1498
04/26/2015,Royal London Sterl Extra Yld Bd A,1.1498
04/27/2015,Royal London Sterl Extra Yld Bd A,1.1491
04/28/2015,Royal London Sterl Extra Yld Bd A,1.1494
04/29/2015,Royal London Sterl Extra Yld Bd A,1.1474
04/30/2015,Royal London Sterl Extra Yld Bd A,1.1448
05/01/2015,Royal London Sterl Extra Yld Bd A,1.1468
05/02/2015,Royal London Sterl Extra Yld Bd A,1.1468
05/03/2015,Royal London Sterl Extra Yld Bd A,1.1468
05/04/2015,Royal London Sterl Extra Yld Bd A,1.1468
05/05/2015,Royal London Sterl Extra Yld Bd A,1.1453
05/06/2015,Royal London Sterl Extra Yld Bd A,1.1457
05/07/2015,Royal London Sterl Extra Yld Bd A,1.1453
05/08/2015,Royal London Sterl Extra Yld Bd A,1.1468
05/09/2015,Royal London Sterl Extra Yld Bd A,1.1468
05/10/2015,Royal London Sterl Extra Yld Bd A,1.1468
05/11/2015,Royal London Sterl Extra Yld Bd A,1.1451
05/12/2015,Royal London Sterl Extra Yld Bd A,1.1429
05/13/2015,Royal London Sterl Extra Yld Bd A,1.1443
05/14/2015,Royal London Sterl Extra Yld Bd A,1.145
05/15/2015,Royal London Sterl Extra Yld Bd A,1.1483
05/16/2015,Royal London Sterl Extra Yld Bd A,1.1483
05/17/2015,Royal London Sterl Extra Yld Bd A,1.1483
05/18/2015,Royal London Sterl Extra Yld Bd A,1.1477
05/19/2015,Royal London Sterl Extra Yld Bd A,1.1487
05/20/2015,Royal London Sterl Extra Yld Bd A,1.1481
05/21/2015,Royal London Sterl Extra Yld Bd A,1.1476
05/22/2015,Royal London Sterl Extra Yld Bd A,1.15
05/23/2015,Royal London Sterl Extra Yld Bd A,1.15
05/24/2015,Royal London Sterl Extra Yld Bd A,1.15
05/25/2015,Royal London Sterl Extra Yld Bd A,1.15
05/26/2015,Royal London Sterl Extra Yld Bd A,1.1511
05/27/2015,Royal London Sterl Extra Yld Bd A,1.1518
05/28/2015,Royal London Sterl Extra Yld Bd A,1.1528
05/29/2015,Royal London Sterl Extra Yld Bd A,1.1542
05/30/2015,Royal London Sterl Extra Yld Bd A,1.1542
05/31/2015,Royal London Sterl Extra Yld Bd A,1.1542
06/01/2015,Royal London Sterl Extra Yld Bd A,1.1533
06/02/2015,Royal London Sterl Extra Yld Bd A,1.1517
06/03/2015,Royal London Sterl Extra Yld Bd A,1.1498
06/04/2015,Royal London Sterl Extra Yld Bd A,1.15
06/05/2015,Royal London Sterl Extra Yld Bd A,1.1484
06/06/2015,Royal London Sterl Extra Yld Bd A,1.1484
06/07/2015,Royal London Sterl Extra Yld Bd A,1.1484
06/08/2015,Royal London Sterl Extra Yld Bd A,1.1494
06/09/2015,Royal London Sterl Extra Yld Bd A,1.1465
06/10/2015,Royal London Sterl Extra Yld Bd A,1.1438
06/11/2015,Royal London Sterl Extra Yld Bd A,1.1456
06/12/2015,Royal London Sterl Extra Yld Bd A,1.1473
06/13/2015,Royal London Sterl Extra Yld Bd A,1.1473
06/14/2015,Royal London Sterl Extra Yld Bd A,1.1473
06/15/2015,Royal London Sterl Extra Yld Bd A,1.1453
06/16/2015,Royal London Sterl Extra Yld Bd A,1.1446
06/17/2015,Royal London Sterl Extra Yld Bd A,1.1424
06/18/2015,Royal London Sterl Extra Yld Bd A,1.1405
06/19/2015,Royal London Sterl Extra Yld Bd A,1.1407
06/20/2015,Royal London Sterl Extra Yld Bd A,1.1407
06/21/2015,Royal London Sterl Extra Yld Bd A,1.1407
06/22/2015,Royal London Sterl Extra Yld Bd A,1.141
06/23/2015,Royal London Sterl Extra Yld Bd A,1.1404
06/24/2015,Royal London Sterl Extra Yld Bd A,1.1402
06/25/2015,Royal London Sterl Extra Yld Bd A,1.1385
06/26/2015,Royal London Sterl Extra Yld Bd A,1.1372
06/27/2015,Royal London Sterl Extra Yld Bd A,1.1372
06/28/2015,Royal London Sterl Extra Yld Bd A,1.1372
06/29/2015,Royal London Sterl Extra Yld Bd A,1.1389
06/30/2015,Royal London Sterl Extra Yld Bd A,1.1395
07/01/2015,Royal London Sterl Extra Yld Bd A,1.1227
07/02/2015,Royal London Sterl Extra Yld Bd A,1.1243
07/03/2015,Royal London Sterl Extra Yld Bd A,1.1258
07/04/2015,Royal London Sterl Extra Yld Bd A,1.1258
07/05/2015,Royal London Sterl Extra Yld Bd A,1.1258
07/06/2015,Royal London Sterl Extra Yld Bd A,1.1245
07/07/2015,Royal London Sterl Extra Yld Bd A,1.1295
07/08/2015,Royal London Sterl Extra Yld Bd A,1.1277
07/09/2015,Royal London Sterl Extra Yld Bd A,1.1269
07/10/2015,Royal London Sterl Extra Yld Bd A,1.1247
07/11/2015,Royal London Sterl Extra Yld Bd A,1.1247
07/12/2015,Royal London Sterl Extra Yld Bd A,1.1247
07/13/2015,Royal London Sterl Extra Yld Bd A,1.1251
07/14/2015,Royal London Sterl Extra Yld Bd A,1.125
07/15/2015,Royal London Sterl Extra Yld Bd A,1.1252
07/16/2015,Royal London Sterl Extra Yld Bd A,1.1282
07/17/2015,Royal London Sterl Extra Yld Bd A,1.1289
07/18/2015,Royal London Sterl Extra Yld Bd A,1.1289
07/19/2015,Royal London Sterl Extra Yld Bd A,1.1289
07/20/2015,Royal London Sterl Extra Yld Bd A,1.1302
07/21/2015,Royal London Sterl Extra Yld Bd A,1.1314
07/22/2015,Royal London Sterl Extra Yld Bd A,1.1311
07/23/2015,Royal London Sterl Extra Yld Bd A,1.1324
07/24/2015,Royal London Sterl Extra Yld Bd A,1.1345
07/25/2015,Royal London Sterl Extra Yld Bd A,1.1345
07/26/2015,Royal London Sterl Extra Yld Bd A,1.1345
07/27/2015,Royal London Sterl Extra Yld Bd A,1.1347
07/28/2015,Royal London Sterl Extra Yld Bd A,1.1339
07/29/2015,Royal London Sterl Extra Yld Bd A,1.1336
07/30/2015,Royal London Sterl Extra Yld Bd A,1.1339
07/31/2015,Royal London Sterl Extra Yld Bd A,1.1364
08/01/2015,Royal London Sterl Extra Yld Bd A,1.1364
08/02/2015,Royal London Sterl Extra Yld Bd A,1.1364
08/03/2015,Royal London Sterl Extra Yld Bd A,1.1368
08/04/2015,Royal London Sterl Extra Yld Bd A,1.1357
08/05/2015,Royal London Sterl Extra Yld Bd A,1.1335
08/06/2015,Royal London Sterl Extra Yld Bd A,1.1362
08/07/2015,Royal London Sterl Extra Yld Bd A,1.1383
08/08/2015,Royal London Sterl Extra Yld Bd A,1.1383
08/09/2015,Royal London Sterl Extra Yld Bd A,1.1383
08/10/2015,Royal London Sterl Extra Yld Bd A,1.136
08/11/2015,Royal London Sterl Extra Yld Bd A,1.1364
08/12/2015,Royal London Sterl Extra Yld Bd A,1.1364
08/13/2015,Royal London Sterl Extra Yld Bd A,1.1336
08/14/2015,Royal London Sterl Extra Yld Bd A,1.1324
08/15/2015,Royal London Sterl Extra Yld Bd A,1.1324
08/16/2015,Royal London Sterl Extra Yld Bd A,1.1324
08/17/2015,Royal London Sterl Extra Yld Bd A,1.1334
08/18/2015,Royal London Sterl Extra Yld Bd A,1.1301
08/19/2015,Royal London Sterl Extra Yld Bd A,1.1299
08/20/2015,Royal London Sterl Extra Yld Bd A,1.1315
08/21/2015,Royal London Sterl Extra Yld Bd A,1.1296
08/22/2015,Royal London Sterl Extra Yld Bd A,1.1296
08/23/2015,Royal London Sterl Extra Yld Bd A,1.1296
08/24/2015,Royal London Sterl Extra Yld Bd A,1.1247
08/25/2015,Royal London Sterl Extra Yld Bd A,1.1197
08/26/2015,Royal London Sterl Extra Yld Bd A,1.1203
08/27/2015,Royal London Sterl Extra Yld Bd A,1.1216
08/28/2015,Royal London Sterl Extra Yld Bd A,1.1222
08/29/2015,Royal London Sterl Extra Yld Bd A,1.1222
08/30/2015,Royal London Sterl Extra Yld Bd A,1.1222
08/31/2015,Royal London Sterl Extra Yld Bd A,1.1222
09/01/2015,Royal London Sterl Extra Yld Bd A,1.1218
09/02/2015,Royal London Sterl Extra Yld Bd A,1.1223
09/03/2015,Royal London Sterl Extra Yld Bd A,1.1237
09/04/2015,Royal London Sterl Extra Yld Bd A,1.1259
09/05/2015,Royal London Sterl Extra Yld Bd A,1.1259
09/06/2015,Royal London Sterl Extra Yld Bd A,1.1259
09/07/2015,Royal London Sterl Extra Yld Bd A,1.1263
09/08/2015,Royal London Sterl Extra Yld Bd A,1.1265
09/09/2015,Royal London Sterl Extra Yld Bd A,1.1269
09/10/2015,Royal London Sterl Extra Yld Bd A,1.1265
09/11/2015,Royal London Sterl Extra Yld Bd A,1.1273
09/12/2015,Royal London Sterl Extra Yld Bd A,1.1273
09/13/2015,Royal London Sterl Extra Yld Bd A,1.1273
09/14/2015,Royal London Sterl Extra Yld Bd A,1.1263
09/15/2015,Royal London Sterl Extra Yld Bd A,1.1251
09/16/2015,Royal London Sterl Extra Yld Bd A,1.1226
09/17/2015,Royal London Sterl Extra Yld Bd A,1.1217
09/18/2015,Royal London Sterl Extra Yld Bd A,1.1236
09/19/2015,Royal London Sterl Extra Yld Bd A,1.1236
09/20/2015,Royal London Sterl Extra Yld Bd A,1.1236
09/21/2015,Royal London Sterl Extra Yld Bd A,1.1227
09/22/2015,Royal London Sterl Extra Yld Bd A,1.1256
09/23/2015,Royal London Sterl Extra Yld Bd A,1.1235
09/24/2015,Royal London Sterl Extra Yld Bd A,1.1227
09/25/2015,Royal London Sterl Extra Yld Bd A,1.1195
09/26/2015,Royal London Sterl Extra Yld Bd A,1.1195
09/27/2015,Royal London Sterl Extra Yld Bd A,1.1195
09/28/2015,Royal London Sterl Extra Yld Bd A,1.1196
09/29/2015,Royal London Sterl Extra Yld Bd A,1.1167
09/30/2015,Royal London Sterl Extra Yld Bd A,1.1167
10/01/2015,Royal London Sterl Extra Yld Bd A,1.0989
10/02/2015,Royal London Sterl Extra Yld Bd A,1.0994
10/03/2015,Royal London Sterl Extra Yld Bd A,1.0994
10/04/2015,Royal London Sterl Extra Yld Bd A,1.0994
10/05/2015,Royal London Sterl Extra Yld Bd A,1.0952
10/06/2015,Royal London Sterl Extra Yld Bd A,1.0964
10/07/2015,Royal London Sterl Extra Yld Bd A,1.0968
10/08/2015,Royal London Sterl Extra Yld Bd A,1.0974
10/09/2015,Royal London Sterl Extra Yld Bd A,1.0968
10/10/2015,Royal London Sterl Extra Yld Bd A,1.0968
10/11/2015,Royal London Sterl Extra Yld Bd A,1.0968
10/12/2015,Royal London Sterl Extra Yld Bd A,1.0985
10/13/2015,Royal London Sterl Extra Yld Bd A,1.0985
10/14/2015,Royal London Sterl Extra Yld Bd A,1.0986
10/15/2015,Royal London Sterl Extra Yld Bd A,1.0987
10/16/2015,Royal London Sterl Extra Yld Bd A,1.0984
10/17/2015,Royal London Sterl Extra Yld Bd A,1.0984
10/18/2015,Royal London Sterl Extra Yld Bd A,1.0984
10/19/2015,Royal London Sterl Extra Yld Bd A,1.0983
10/20/2015,Royal London Sterl Extra Yld Bd A,1.0976
10/21/2015,Royal London Sterl Extra Yld Bd A,1.0997
10/22/2015,Royal London Sterl Extra Yld Bd A,1.0987
10/23/2015,Royal London Sterl Extra Yld Bd A,1.0982
10/24/2015,Royal London Sterl Extra Yld Bd A,1.0982
10/25/2015,Royal London Sterl Extra Yld Bd A,1.0982
10/26/2015,Royal London Sterl Extra Yld Bd A,1.1004
10/27/2015,Royal London Sterl Extra Yld Bd A,1.1019
10/28/2015,Royal London Sterl Extra Yld Bd A,1.1018
10/29/2015,Royal London Sterl Extra Yld Bd A,1.0981
10/30/2015,Royal London Sterl Extra Yld Bd A,1.0983
10/31/2015,Royal London Sterl Extra Yld Bd A,1.0983
11/01/2015,Royal London Sterl Extra Yld Bd A,1.0983
11/02/2015,Royal London Sterl Extra Yld Bd A,1.0977
11/03/2015,Royal London Sterl Extra Yld Bd A,1.0975
11/04/2015,Royal London Sterl Extra Yld Bd A,1.098
11/05/2015,Royal London Sterl Extra Yld Bd A,1.0998
11/06/2015,Royal London Sterl Extra Yld Bd A,1.0985
11/07/2015,Royal London Sterl Extra Yld Bd A,1.0985
11/08/2015,Royal London Sterl Extra Yld Bd A,1.0985
11/09/2015,Royal London Sterl Extra Yld Bd A,1.0977
11/10/2015,Royal London Sterl Extra Yld Bd A,1.099
11/11/2015,Royal London Sterl Extra Yld Bd A,1.0985
11/12/2015,Royal London Sterl Extra Yld Bd A,1.1002
11/13/2015,Royal London Sterl Extra Yld Bd A,1.1006
11/14/2015,Royal London Sterl Extra Yld Bd A,1.1006
11/15/2015,Royal London Sterl Extra Yld Bd A,1.1006
11/16/2015,Royal London Sterl Extra Yld Bd A,1.1018
11/17/2015,Royal London Sterl Extra Yld Bd A,1.1012
11/18/2015,Royal London Sterl Extra Yld Bd A,1.1027
11/19/2015,Royal London Sterl Extra Yld Bd A,1.1034
11/20/2015,Royal London Sterl Extra Yld Bd A,1.105
11/21/2015,Royal London Sterl Extra Yld Bd A,1.105
11/22/2015,Royal London Sterl Extra Yld Bd A,1.105
11/23/2015,Royal London Sterl Extra Yld Bd A,1.1051
11/24/2015,Royal London Sterl Extra Yld Bd A,1.1061
11/25/2015,Royal London Sterl Extra Yld Bd A,1.1044
11/26/2015,Royal London Sterl Extra Yld Bd A,1.1052
11/27/2015,Royal London Sterl Extra Yld Bd A,1.107
11/28/2015,Royal London Sterl Extra Yld Bd A,1.107
11/29/2015,Royal London Sterl Extra Yld Bd A,1.107
11/30/2015,Royal London Sterl Extra Yld Bd A,1.1074
12/01/2015,Royal London Sterl Extra Yld Bd A,1.1086
12/02/2015,Royal London Sterl Extra Yld Bd A,1.1099
12/03/2015,Royal London Sterl Extra Yld Bd A,1.1077
12/04/2015,Royal London Sterl Extra Yld Bd A,1.1071
12/05/2015,Royal London Sterl Extra Yld Bd A,1.1071
12/06/2015,Royal London Sterl Extra Yld Bd A,1.1071
12/07/2015,Royal London Sterl Extra Yld Bd A,1.1091
12/08/2015,Royal London Sterl Extra Yld Bd A,1.1093
12/09/2015,Royal London Sterl Extra Yld Bd A,1.1037
12/10/2015,Royal London Sterl Extra Yld Bd A,1.1039
12/11/2015,Royal London Sterl Extra Yld Bd A,1.1035
12/12/2015,Royal London Sterl Extra Yld Bd A,1.1035
12/13/2015,Royal London Sterl Extra Yld Bd A,1.1035
12/14/2015,Royal London Sterl Extra Yld Bd A,1.1029
12/15/2015,Royal London Sterl Extra Yld Bd A,1.0997
12/16/2015,Royal London Sterl Extra Yld Bd A,1.0997
12/17/2015,Royal London Sterl Extra Yld Bd A,1.1022
12/18/2015,Royal London Sterl Extra Yld Bd A,1.1018
12/19/2015,Royal London Sterl Extra Yld Bd A,1.1018
12/20/2015,Royal London Sterl Extra Yld Bd A,1.1018
12/21/2015,Royal London Sterl Extra Yld Bd A,1.1018
12/22/2015,Royal London Sterl Extra Yld Bd A,1.102
12/23/2015,Royal London Sterl Extra Yld Bd A,1.1001
12/24/2015,Royal London Sterl Extra Yld Bd A,1.1008
12/25/2015,Royal London Sterl Extra Yld Bd A,1.1008
12/26/2015,Royal London Sterl Extra Yld Bd A,1.1008
12/27/2015,Royal London Sterl Extra Yld Bd A,1.1008
12/28/2015,Royal London Sterl Extra Yld Bd A,1.1008
12/29/2015,Royal London Sterl Extra Yld Bd A,1.1032
12/30/2015,Royal London Sterl Extra Yld Bd A,1.1
12/31/2015,Royal London Sterl Extra Yld Bd A,1.1013
01/01/2016,Royal London Sterl Extra Yld Bd A,1.1013
01/02/2016,Royal London Sterl Extra Yld Bd A,1.1013
01/03/2016,Royal London Sterl Extra Yld Bd A,1.1013
01/04/2016,Royal London Sterl Extra Yld Bd A,1.0858
01/05/2016,Royal London Sterl Extra Yld Bd A,1.0854
01/06/2016,Royal London Sterl Extra Yld Bd A,1.0856
01/07/2016,Royal London Sterl Extra Yld Bd A,1.0843
01/08/2016,Royal London Sterl Extra Yld Bd A,1.0845
01/09/2016,Royal London Sterl Extra Yld Bd A,1.0845
01/10/2016,Royal London Sterl Extra Yld Bd A,1.0845
01/11/2016,Royal London Sterl Extra Yld Bd A,1.0835
01/12/2016,Royal London Sterl Extra Yld Bd A,1.0839
01/13/2016,Royal London Sterl Extra Yld Bd A,1.082
01/14/2016,Royal London Sterl Extra Yld Bd A,1.0804
01/15/2016,Royal London Sterl Extra Yld Bd A,1.0814
01/16/2016,Royal London Sterl Extra Yld Bd A,1.0814
01/17/2016,Royal London Sterl Extra Yld Bd A,1.0814
01/18/2016,Royal London Sterl Extra Yld Bd A,1.0771
01/19/2016,Royal London Sterl Extra Yld Bd A,1.0776
01/20/2016,Royal London Sterl Extra Yld Bd A,1.0797
01/21/2016,Royal London Sterl Extra Yld Bd A,1.0756
01/22/2016,Royal London Sterl Extra Yld Bd A,1.076
01/23/2016,Royal London Sterl Extra Yld Bd A,1.076
01/24/2016,Royal London Sterl Extra Yld Bd A,1.076
01/25/2016,Royal London Sterl Extra Yld Bd A,1.076
01/26/2016,Royal London Sterl Extra Yld Bd A,1.075
01/27/2016,Royal London Sterl Extra Yld Bd A,1.0743
01/28/2016,Royal London Sterl Extra Yld Bd A,1.074
01/29/2016,Royal London Sterl Extra Yld Bd A,1.0761
01/30/2016,Royal London Sterl Extra Yld Bd A,1.0761
01/31/2016,Royal London Sterl Extra Yld Bd A,1.0761
02/01/2016,Royal London Sterl Extra Yld Bd A,1.0737
02/02/2016,Royal London Sterl Extra Yld Bd A,1.0724
02/03/2016,Royal London Sterl Extra Yld Bd A,1.0706
02/04/2016,Royal London Sterl Extra Yld Bd A,1.0685
02/05/2016,Royal London Sterl Extra Yld Bd A,1.0648
02/06/2016,Royal London Sterl Extra Yld Bd A,1.0648
02/07/2016,Royal London Sterl Extra Yld Bd A,1.0648
02/08/2016,Royal London Sterl Extra Yld Bd A,1.0637
02/09/2016,Royal London Sterl Extra Yld Bd A,1.0576
02/10/2016,Royal London Sterl Extra Yld Bd A,1.0543
02/11/2016,Royal London Sterl Extra Yld Bd A,1.0531
02/12/2016,Royal London Sterl Extra Yld Bd A,1.0469
02/13/2016,Royal London Sterl Extra Yld Bd A,1.0469
02/14/2016,Royal London Sterl Extra Yld Bd A,1.0469
02/15/2016,Royal London Sterl Extra Yld Bd A,1.049
02/16/2016,Royal London Sterl Extra Yld Bd A,1.0512
02/17/2016,Royal London Sterl Extra Yld Bd A,1.0508
02/18/2016,Royal London Sterl Extra Yld Bd A,1.0538
02/19/2016,Royal London Sterl Extra Yld Bd A,1.0545
02/20/2016,Royal London Sterl Extra Yld Bd A,1.0545
02/21/2016,Royal London Sterl Extra Yld Bd A,1.0545
02/22/2016,Royal London Sterl Extra Yld Bd A,1.0561
02/23/2016,Royal London Sterl Extra Yld Bd A,1.0561
02/24/2016,Royal London Sterl Extra Yld Bd A,1.0565
02/25/2016,Royal London Sterl Extra Yld Bd A,1.0553
02/26/2016,Royal London Sterl Extra Yld Bd A,1.0544
02/27/2016,Royal London Sterl Extra Yld Bd A,1.0544
02/28/2016,Royal London Sterl Extra Yld Bd A,1.0544
02/29/2016,Royal London Sterl Extra Yld Bd A,1.0563
03/01/2016,Royal London Sterl Extra Yld Bd A,1.0555
03/02/2016,Royal London Sterl Extra Yld Bd A,1.0571
03/03/2016,Royal London Sterl Extra Yld Bd A,1.059
03/04/2016,Royal London Sterl Extra Yld Bd A,1.0589
03/05/2016,Royal London Sterl Extra Yld Bd A,1.0589
03/06/2016,Royal London Sterl Extra Yld Bd A,1.0589
03/07/2016,Royal London Sterl Extra Yld Bd A,1.0606
03/08/2016,Royal London Sterl Extra Yld Bd A,1.064
03/09/2016,Royal London Sterl Extra Yld Bd A,1.0622
03/10/2016,Royal London Sterl Extra Yld Bd A,1.0642
03/11/2016,Royal London Sterl Extra Yld Bd A,1.0708
03/12/2016,Royal London Sterl Extra Yld Bd A,1.0708
03/13/2016,Royal London Sterl Extra Yld Bd A,1.0708
03/14/2016,Royal London Sterl Extra Yld Bd A,1.078
03/15/2016,Royal London Sterl Extra Yld Bd A,1.0774
03/16/2016,Royal London Sterl Extra Yld Bd A,1.0768
03/17/2016,Royal London Sterl Extra Yld Bd A,1.0774
03/18/2016,Royal London Sterl Extra Yld Bd A,1.0771
03/19/2016,Royal London Sterl Extra Yld Bd A,1.0771
03/20/2016,Royal London Sterl Extra Yld Bd A,1.0771
03/21/2016,Royal London Sterl Extra Yld Bd A,1.077
03/22/2016,Royal London Sterl Extra Yld Bd A,1.0795
03/23/2016,Royal London Sterl Extra Yld Bd A,1.0804
03/24/2016,Royal London Sterl Extra Yld Bd A,1.0794
03/25/2016,Royal London Sterl Extra Yld Bd A,1.0794
03/26/2016,Royal London Sterl Extra Yld Bd A,1.0794
03/27/2016,Royal London Sterl Extra Yld Bd A,1.0794
03/28/2016,Royal London Sterl Extra Yld Bd A,1.0794
03/29/2016,Royal London Sterl Extra Yld Bd A,1.0802
03/30/2016,Royal London Sterl Extra Yld Bd A,1.079
03/31/2016,Royal London Sterl Extra Yld Bd A,1.0791
04/01/2016,Royal London Sterl Extra Yld Bd A,1.0619
04/02/2016,Royal London Sterl Extra Yld Bd A,1.0619
04/03/2016,Royal London Sterl Extra Yld Bd A,1.0619
04/04/2016,Royal London Sterl Extra Yld Bd A,1.0609
04/05/2016,Royal London Sterl Extra Yld Bd A,1.0625
04/06/2016,Royal London Sterl Extra Yld Bd A,1.0625
04/07/2016,Royal London Sterl Extra Yld Bd A,1.0643
04/08/2016,Royal London Sterl Extra Yld Bd A,1.0634
04/09/2016,Royal London Sterl Extra Yld Bd A,1.0634
04/10/2016,Royal London Sterl Extra Yld Bd A,1.0634
04/11/2016,Royal London Sterl Extra Yld Bd A,1.0625
04/12/2016,Royal London Sterl Extra Yld Bd A,1.0615
04/13/2016,Royal London Sterl Extra Yld Bd A,1.0631
04/14/2016,Royal London Sterl Extra Yld Bd A,1.0645
04/15/2016,Royal London Sterl Extra Yld Bd A,1.0657
04/16/2016,Royal London Sterl Extra Yld Bd A,1.0657
04/17/2016,Royal London Sterl Extra Yld Bd A,1.0657
04/18/2016,Royal London Sterl Extra Yld Bd A,1.0649
04/19/2016,Royal London Sterl Extra Yld Bd A,1.0657
04/20/2016,Royal London Sterl Extra Yld Bd A,1.0685
04/21/2016,Royal London Sterl Extra Yld Bd A,1.0687
04/22/2016,Royal London Sterl Extra Yld Bd A,1.0706
04/23/2016,Royal London Sterl Extra Yld Bd A,1.0706
04/24/2016,Royal London Sterl Extra Yld Bd A,1.0706
04/25/2016,Royal London Sterl Extra Yld Bd A,1.0725
04/26/2016,Royal London Sterl Extra Yld Bd A,1.0726
04/27/2016,Royal London Sterl Extra Yld Bd A,1.075
04/28/2016,Royal London Sterl Extra Yld Bd A,1.0742
04/29/2016,Royal London Sterl Extra Yld Bd A,1.0754
04/30/2016,Royal London Sterl Extra Yld Bd A,1.0754
05/01/2016,Royal London Sterl Extra Yld Bd A,1.0754
05/02/2016,Royal London Sterl Extra Yld Bd A,1.0754
05/03/2016,Royal London Sterl Extra Yld Bd A,1.0783
05/04/2016,Royal London Sterl Extra Yld Bd A,1.0764
05/05/2016,Royal London Sterl Extra Yld Bd A,1.0767
05/06/2016,Royal London Sterl Extra Yld Bd A,1.0776
05/07/2016,Royal London Sterl Extra Yld Bd A,1.0776
05/08/2016,Royal London Sterl Extra Yld Bd A,1.0776
05/09/2016,Royal London Sterl Extra Yld Bd A,1.0775
05/10/2016,Royal London Sterl Extra Yld Bd A,1.0772
05/11/2016,Royal London Sterl Extra Yld Bd A,1.0765
05/12/2016,Royal London Sterl Extra Yld Bd A,1.0763
05/13/2016,Royal London Sterl Extra Yld Bd A,1.0766
05/14/2016,Royal London Sterl Extra Yld Bd A,1.0766
05/15/2016,Royal London Sterl Extra Yld Bd A,1.0766
05/16/2016,Royal London Sterl Extra Yld Bd A,1.076
05/17/2016,Royal London Sterl Extra Yld Bd A,1.0779
05/18/2016,Royal London Sterl Extra Yld Bd A,1.0743
05/19/2016,Royal London Sterl Extra Yld Bd A,1.0747
05/20/2016,Royal London Sterl Extra Yld Bd A,1.0752
05/21/2016,Royal London Sterl Extra Yld Bd A,1.0752
05/22/2016,Royal London Sterl Extra Yld Bd A,1.0752
05/23/2016,Royal London Sterl Extra Yld Bd A,1.0765
05/24/2016,Royal London Sterl Extra Yld Bd A,1.0759
05/25/2016,Royal London Sterl Extra Yld Bd A,1.0776
05/26/2016,Royal London Sterl Extra Yld Bd A,1.0811
05/27/2016,Royal London Sterl Extra Yld Bd A,1.0803
05/28/2016,Royal London Sterl Extra Yld Bd A,1.0803
05/29/2016,Royal London Sterl Extra Yld Bd A,1.0803
05/30/2016,Royal London Sterl Extra Yld Bd A,1.0803
05/31/2016,Royal London Sterl Extra Yld Bd A,1.0828
06/01/2016,Royal London Sterl Extra Yld Bd A,1.0856
06/02/2016,Royal London Sterl Extra Yld Bd A,1.0858
06/03/2016,Royal London Sterl Extra Yld Bd A,1.087
06/04/2016,Royal London Sterl Extra Yld Bd A,1.087
06/05/2016,Royal London Sterl Extra Yld Bd A,1.087
06/06/2016,Royal London Sterl Extra Yld Bd A,1.0874
06/07/2016,Royal London Sterl Extra Yld Bd A,1.0878
06/08/2016,Royal London Sterl Extra Yld Bd A,1.0901
06/09/2016,Royal London Sterl Extra Yld Bd A,1.092
06/10/2016,Royal London Sterl Extra Yld Bd A,1.0923
06/11/2016,Royal London Sterl Extra Yld Bd A,1.0923
06/12/2016,Royal London Sterl Extra Yld Bd A,1.0923
06/13/2016,Royal London Sterl Extra Yld Bd A,1.0916
06/14/2016,Royal London Sterl Extra Yld Bd A,1.0904
06/15/2016,Royal London Sterl Extra Yld Bd A,1.0912
06/16/2016,Royal London Sterl Extra Yld Bd A,1.0892
06/17/2016,Royal London Sterl Extra Yld Bd A,1.0865
06/18/2016,Royal London Sterl Extra Yld Bd A,1.0865
06/19/2016,Royal London Sterl Extra Yld Bd A,1.0865
06/20/2016,Royal London Sterl Extra Yld Bd A,1.0854
06/21/2016,Royal London Sterl Extra Yld Bd A,1.0843
06/22/2016,Royal London Sterl Extra Yld Bd A,1.0843
06/23/2016,Royal London Sterl Extra Yld Bd A,1.0854
06/24/2016,Royal London Sterl Extra Yld Bd A,1.0828
06/25/2016,Royal London Sterl Extra Yld Bd A,1.0828
06/26/2016,Royal London Sterl Extra Yld Bd A,1.0828
06/27/2016,Royal London Sterl Extra Yld Bd A,1.0855
06/28/2016,Royal London Sterl Extra Yld Bd A,1.0855
06/29/2016,Royal London Sterl Extra Yld Bd A,1.0873
06/30/2016,Royal London Sterl Extra Yld Bd A,1.094
07/01/2016,Royal London Sterl Extra Yld Bd A,1.0806
07/02/2016,Royal London Sterl Extra Yld Bd A,1.0806
07/03/2016,Royal London Sterl Extra Yld Bd A,1.0806
07/04/2016,Royal London Sterl Extra Yld Bd A,1.0834
07/05/2016,Royal London Sterl Extra Yld Bd A,1.0856
07/06/2016,Royal London Sterl Extra Yld Bd A,1.0848
07/07/2016,Royal London Sterl Extra Yld Bd A,1.0862
07/08/2016,Royal London Sterl Extra Yld Bd A,1.0878
07/09/2016,Royal London Sterl Extra Yld Bd A,1.0878
07/10/2016,Royal London Sterl Extra Yld Bd A,1.0878
07/11/2016,Royal London Sterl Extra Yld Bd A,1.0897
07/12/2016,Royal London Sterl Extra Yld Bd A,1.0895
07/13/2016,Royal London Sterl Extra Yld Bd A,1.0945
07/14/2016,Royal London Sterl Extra Yld Bd A,1.0945
07/15/2016,Royal London Sterl Extra Yld Bd A,1.0955
07/16/2016,Royal London Sterl Extra Yld Bd A,1.0955
07/17/2016,Royal London Sterl Extra Yld Bd A,1.0955
07/18/2016,Royal London Sterl Extra Yld Bd A,1.0977
07/19/2016,Royal London Sterl Extra Yld Bd A,1.0987
07/20/2016,Royal London Sterl Extra Yld Bd A,1.0987
07/21/2016,Royal London Sterl Extra Yld Bd A,1.0998
07/22/2016,Royal London Sterl Extra Yld Bd A,1.1019
07/23/2016,Royal London Sterl Extra Yld Bd A,1.1019
07/24/2016,Royal London Sterl Extra Yld Bd A,1.1019
07/25/2016,Royal London Sterl Extra Yld Bd A,1.1031
07/26/2016,Royal London Sterl Extra Yld Bd A,1.1024
07/27/2016,Royal London Sterl Extra Yld Bd A,1.1049
07/28/2016,Royal London Sterl Extra Yld Bd A,1.1067
07/29/2016,Royal London Sterl Extra Yld Bd A,1.1084
07/30/2016,Royal London Sterl Extra Yld Bd A,1.1084
07/31/2016,Royal London Sterl Extra Yld Bd A,1.1084
08/01/2016,Royal London Sterl Extra Yld Bd A,1.1096
08/02/2016,Royal London Sterl Extra Yld Bd A,1.1073
08/03/2016,Royal London Sterl Extra Yld Bd A,1.1076
08/04/2016,Royal London Sterl Extra Yld Bd A,1.1168
08/05/2016,Royal London Sterl Extra Yld Bd A,1.1208
08/06/2016,Royal London Sterl Extra Yld Bd A,1.1208
08/07/2016,Royal London Sterl Extra Yld Bd A,1.1208
08/08/2016,Royal London Sterl Extra Yld Bd A,1.1252
08/09/2016,Royal London Sterl Extra Yld Bd A,1.1298
08/10/2016,Royal London Sterl Extra Yld Bd A,1.1323
08/11/2016,Royal London Sterl Extra Yld Bd A,1.1339
08/12/2016,Royal London Sterl Extra Yld Bd A,1.1355
08/13/2016,Royal London Sterl Extra Yld Bd A,1.1355
08/14/2016,Royal London Sterl Extra Yld Bd A,1.1355
08/15/2016,Royal London Sterl Extra Yld Bd A,1.1363
08/16/2016,Royal London Sterl Extra Yld Bd A,1.1348
08/17/2016,Royal London Sterl Extra Yld Bd A,1.1353
08/18/2016,Royal London Sterl Extra Yld Bd A,1.1352
08/19/2016,Royal London Sterl Extra Yld Bd A,1.1353
08/20/2016,Royal London Sterl Extra Yld Bd A,1.1353
08/21/2016,Royal London Sterl Extra Yld Bd A,1.1353
08/22/2016,Royal London Sterl Extra Yld Bd A,1.1359
08/23/2016,Royal London Sterl Extra Yld Bd A,1.1371
08/24/2016,Royal London Sterl Extra Yld Bd A,1.137
08/25/2016,Royal London Sterl Extra Yld Bd A,1.1379
08/26/2016,Royal London Sterl Extra Yld Bd A,1.1398
08/27/2016,Royal London Sterl Extra Yld Bd A,1.1398
08/28/2016,Royal London Sterl Extra Yld Bd A,1.1398
08/29/2016,Royal London Sterl Extra Yld Bd A,1.1398
08/30/2016,Royal London Sterl Extra Yld Bd A,1.141
08/31/2016,Royal London Sterl Extra Yld Bd A,1.1408
09/01/2016,Royal London Sterl Extra Yld Bd A,1.14
09/02/2016,Royal London Sterl Extra Yld Bd A,1.1367
09/03/2016,Royal London Sterl Extra Yld Bd A,1.1367
09/04/2016,Royal London Sterl Extra Yld Bd A,1.1367
09/05/2016,Royal London Sterl Extra Yld Bd A,1.139
09/06/2016,Royal London Sterl Extra Yld Bd A,1.1413
09/07/2016,Royal London Sterl Extra Yld Bd A,1.1432
09/08/2016,Royal London Sterl Extra Yld Bd A,1.1419
09/09/2016,Royal London Sterl Extra Yld Bd A,1.1394
09/10/2016,Royal London Sterl Extra Yld Bd A,1.1394
09/11/2016,Royal London Sterl Extra Yld Bd A,1.1394
09/12/2016,Royal London Sterl Extra Yld Bd A,1.1377
09/13/2016,Royal London Sterl Extra Yld Bd A,1.1379
09/14/2016,Royal London Sterl Extra Yld Bd A,1.1368
09/15/2016,Royal London Sterl Extra Yld Bd A,1.1363
09/16/2016,Royal London Sterl Extra Yld Bd A,1.1376
09/17/2016,Royal London Sterl Extra Yld Bd A,1.1376
09/18/2016,Royal London Sterl Extra Yld Bd A,1.1376
09/19/2016,Royal London Sterl Extra Yld Bd A,1.1385
09/20/2016,Royal London Sterl Extra Yld Bd A,1.1404
09/21/2016,Royal London Sterl Extra Yld Bd A,1.1408
09/22/2016,Royal London Sterl Extra Yld Bd A,1.1445
09/23/2016,Royal London Sterl Extra Yld Bd A,1.1461
09/24/2016,Royal London Sterl Extra Yld Bd A,1.1461
09/25/2016,Royal London Sterl Extra Yld Bd A,1.1461
09/26/2016,Royal London Sterl Extra Yld Bd A,1.1462
09/27/2016,Royal London Sterl Extra Yld Bd A,1.1459
09/28/2016,Royal London Sterl Extra Yld Bd A,1.1465
09/29/2016,Royal London Sterl Extra Yld Bd A,1.1472
09/30/2016,Royal London Sterl Extra Yld Bd A,1.1456
10/01/2016,Royal London Sterl Extra Yld Bd A,1.1456
10/02/2016,Royal London Sterl Extra Yld Bd A,1.1456
10/03/2016,Royal London Sterl Extra Yld Bd A,1.1294
10/04/2016,Royal London Sterl Extra Yld Bd A,1.1299
10/05/2016,Royal London Sterl Extra Yld Bd A,1.1287
10/06/2016,Royal London Sterl Extra Yld Bd A,1.1298
10/07/2016,Royal London Sterl Extra Yld Bd A,1.1299
10/08/2016,Royal London Sterl Extra Yld Bd A,1.1299
10/09/2016,Royal London Sterl Extra Yld Bd A,1.1299
10/10/2016,Royal London Sterl Extra Yld Bd A,1.1282
10/11/2016,Royal London Sterl Extra Yld Bd A,1.1289
10/12/2016,Royal London Sterl Extra Yld Bd A,1.1272
10/13/2016,Royal London Sterl Extra Yld Bd A,1.1288
10/14/2016,Royal London Sterl Extra Yld Bd A,1.1276
10/15/2016,Royal London Sterl Extra Yld Bd A,1.1276
10/16/2016,Royal London Sterl Extra Yld Bd A,1.1276
10/17/2016,Royal London Sterl Extra Yld Bd A,1.1278
10/18/2016,Royal London Sterl Extra Yld Bd A,1.1288
10/19/2016,Royal London Sterl Extra Yld Bd A,1.1293
10/20/2016,Royal London Sterl Extra Yld Bd A,1.1301
10/21/2016,Royal London Sterl Extra Yld Bd A,1.1301
10/22/2016,Royal London Sterl Extra Yld Bd A,1.1301
10/23/2016,Royal London Sterl Extra Yld Bd A,1.1301
10/24/2016,Royal London Sterl Extra Yld Bd A,1.1313
10/25/2016,Royal London Sterl Extra Yld Bd A,1.1321
10/26/2016,Royal London Sterl Extra Yld Bd A,1.1305
10/27/2016,Royal London Sterl Extra Yld Bd A,1.1295
10/28/2016,Royal London Sterl Extra Yld Bd A,1.129
10/29/2016,Royal London Sterl Extra Yld Bd A,1.129
10/30/2016,Royal London Sterl Extra Yld Bd A,1.129
10/31/2016,Royal London Sterl Extra Yld Bd A,1.1298
11/01/2016,Royal London Sterl Extra Yld Bd A,1.1294
11/02/2016,Royal London Sterl Extra Yld Bd A,1.1294
11/03/2016,Royal London Sterl Extra Yld Bd A,1.1269
11/04/2016,Royal London Sterl Extra Yld Bd A,1.1286
11/05/2016,Royal London Sterl Extra Yld Bd A,1.1286
11/06/2016,Royal London Sterl Extra Yld Bd A,1.1286
11/07/2016,Royal London Sterl Extra Yld Bd A,1.129
11/08/2016,Royal London Sterl Extra Yld Bd A,1.1289
11/09/2016,Royal London Sterl Extra Yld Bd A,1.1258
11/10/2016,Royal London Sterl Extra Yld Bd A,1.123
11/11/2016,Royal London Sterl Extra Yld Bd A,1.1207
11/12/2016,Royal London Sterl Extra Yld Bd A,1.1207
11/13/2016,Royal London Sterl Extra Yld Bd A,1.1207
11/14/2016,Royal London Sterl Extra Yld Bd A,1.1181
11/15/2016,Royal London Sterl Extra Yld Bd A,1.1205
11/16/2016,Royal London Sterl Extra Yld Bd A,1.1181
11/17/2016,Royal London Sterl Extra Yld Bd A,1.1175
11/18/2016,Royal London Sterl Extra Yld Bd A,1.116
11/19/2016,Royal London Sterl Extra Yld Bd A,1.116
11/20/2016,Royal London Sterl Extra Yld Bd A,1.116
11/21/2016,Royal London Sterl Extra Yld Bd A,1.1161
11/22/2016,Royal London Sterl Extra Yld Bd A,1.1147
11/23/2016,Royal London Sterl Extra Yld Bd A,1.1116
11/24/2016,Royal London Sterl Extra Yld Bd A,1.1126
11/25/2016,Royal London Sterl Extra Yld Bd A,1.1132
11/26/2016,Royal London Sterl Extra Yld Bd A,1.1132
11/27/2016,Royal London Sterl Extra Yld Bd A,1.1132
11/28/2016,Royal London Sterl Extra Yld Bd A,1.1142
11/29/2016,Royal London Sterl Extra Yld Bd A,1.1143
11/30/2016,Royal London Sterl Extra Yld Bd A,1.1138
12/01/2016,Royal London Sterl Extra Yld Bd A,1.113
12/02/2016,Royal London Sterl Extra Yld Bd A,1.1147
12/03/2016,Royal London Sterl Extra Yld Bd A,1.1147
12/04/2016,Royal London Sterl Extra Yld Bd A,1.1147
12/05/2016,Royal London Sterl Extra Yld Bd A,1.1147
12/06/2016,Royal London Sterl Extra Yld Bd A,1.1142
12/07/2016,Royal London Sterl Extra Yld Bd A,1.1168
12/08/2016,Royal London Sterl Extra Yld Bd A,1.1162
12/09/2016,Royal London Sterl Extra Yld Bd A,1.1155
12/10/2016,Royal London Sterl Extra Yld Bd A,1.1155
12/11/2016,Royal London Sterl Extra Yld Bd A,1.1155
12/12/2016,Royal London Sterl Extra Yld Bd A,1.1177
12/13/2016,Royal London Sterl Extra Yld Bd A,1.1201
12/14/2016,Royal London Sterl Extra Yld Bd A,1.1213
12/15/2016,Royal London Sterl Extra Yld Bd A,1.1228
12/16/2016,Royal London Sterl Extra Yld Bd A,1.1268
12/17/2016,Royal London Sterl Extra Yld Bd A,1.1268
12/18/2016,Royal London Sterl Extra Yld Bd A,1.1268
12/19/2016,Royal London Sterl Extra Yld Bd A,1.13
12/20/2016,Royal London Sterl Extra Yld Bd A,1.1308
12/21/2016,Royal London Sterl Extra Yld Bd A,1.1328
12/22/2016,Royal London Sterl Extra Yld Bd A,1.1331
12/23/2016,Royal London Sterl Extra Yld Bd A,1.1341
12/24/2016,Royal London Sterl Extra Yld Bd A,1.1341
12/25/2016,Royal London Sterl Extra Yld Bd A,1.1341
12/26/2016,Royal London Sterl Extra Yld Bd A,1.1341
12/27/2016,Royal London Sterl Extra Yld Bd A,1.1341
12/28/2016,Royal London Sterl Extra Yld Bd A,1.1362
12/29/2016,Royal London Sterl Extra Yld Bd A,1.139
12/30/2016,Royal London Sterl Extra Yld Bd A,1.1387
12/31/2016,Royal London Sterl Extra Yld Bd A,1.1387
01/01/2017,Royal London Sterl Extra Yld Bd A,1.1387
01/02/2017,Royal London Sterl Extra Yld Bd A,1.1387
01/03/2017,Royal London Sterl Extra Yld Bd A,1.1219
01/04/2017,Royal London Sterl Extra Yld Bd A,1.1241
01/05/2017,Royal London Sterl Extra Yld Bd A,1.1267
01/06/2017,Royal London Sterl Extra Yld Bd A,1.1265
01/07/2017,Royal London Sterl Extra Yld Bd A,1.1265
01/08/2017,Royal London Sterl Extra Yld Bd A,1.1265
01/09/2017,Royal London Sterl Extra Yld Bd A,1.1295
01/10/2017,Royal London Sterl Extra Yld Bd A,1.1303
01/11/2017,Royal London Sterl Extra Yld Bd A,1.1317
01/12/2017,Royal London Sterl Extra Yld Bd A,1.1333
01/13/2017,Royal London Sterl Extra Yld Bd A,1.1333
01/14/2017,Royal London Sterl Extra Yld Bd A,1.1333
01/15/2017,Royal London Sterl Extra Yld Bd A,1.1333
01/16/2017,Royal London Sterl Extra Yld Bd A,1.1355
01/17/2017,Royal London Sterl Extra Yld Bd A,1.1342
01/18/2017,Royal London Sterl Extra Yld Bd A,1.1347
01/19/2017,Royal London Sterl Extra Yld Bd A,1.1355
01/20/2017,Royal London Sterl Extra Yld Bd A,1.136
01/21/2017,Royal London Sterl Extra Yld Bd A,1.136
01/22/2017,Royal London Sterl Extra Yld Bd A,1.136
01/23/2017,Royal London Sterl Extra Yld Bd A,1.1369
01/24/2017,Royal London Sterl Extra Yld Bd A,1.1374
01/25/2017,Royal London Sterl Extra Yld Bd A,1.136
01/26/2017,Royal London Sterl Extra Yld Bd A,1.1387
01/27/2017,Royal London Sterl Extra Yld Bd A,1.1404
01/28/2017,Royal London Sterl Extra Yld Bd A,1.1404
01/29/2017,Royal London Sterl Extra Yld Bd A,1.1404
01/30/2017,Royal London Sterl Extra Yld Bd A,1.1418
01/31/2017,Royal London Sterl Extra Yld Bd A,1.1444
02/01/2017,Royal London Sterl Extra Yld Bd A,1.1439
02/02/2017,Royal London Sterl Extra Yld Bd A,1.147
02/03/2017,Royal London Sterl Extra Yld Bd A,1.1492
02/04/2017,Royal London Sterl Extra Yld Bd A,1.1492
02/05/2017,Royal London Sterl Extra Yld Bd A,1.1492
02/06/2017,Royal London Sterl Extra Yld Bd A,1.1511
02/07/2017,Royal London Sterl Extra Yld Bd A,1.1505
02/08/2017,Royal London Sterl Extra Yld Bd A,1.151
02/09/2017,Royal London Sterl Extra Yld Bd A,1.1522
02/10/2017,Royal London Sterl Extra Yld Bd A,1.1521
02/11/2017,Royal London Sterl Extra Yld Bd A,1.1521
02/12/2017,Royal London Sterl Extra Yld Bd A,1.1521
02/13/2017,Royal London Sterl Extra Yld Bd A,1.1531
02/14/2017,Royal London Sterl Extra Yld Bd A,1.1539
02/15/2017,Royal London Sterl Extra Yld Bd A,1.1566
02/16/2017,Royal London Sterl Extra Yld Bd A,1.1584
02/17/2017,Royal London Sterl Extra Yld Bd A,1.1595
02/18/2017,Royal London Sterl Extra Yld Bd A,1.1595
02/19/2017,Royal London Sterl Extra Yld Bd A,1.1595
02/20/2017,Royal London Sterl Extra Yld Bd A,1.1599
02/21/2017,Royal London Sterl Extra Yld Bd A,1.1596
02/22/2017,Royal London Sterl Extra Yld Bd A,1.1614
02/23/2017,Royal London Sterl Extra Yld Bd A,1.1623
02/24/2017,Royal London Sterl Extra Yld Bd A,1.1649
02/25/2017,Royal London Sterl Extra Yld Bd A,1.1649
02/26/2017,Royal London Sterl Extra Yld Bd A,1.1649
02/27/2017,Royal London Sterl Extra Yld Bd A,1.1669
02/28/2017,Royal London Sterl Extra Yld Bd A,1.1692
03/01/2017,Royal London Sterl Extra Yld Bd A,1.1718
03/02/2017,Royal London Sterl Extra Yld Bd A,1.1736
03/03/2017,Royal London Sterl Extra Yld Bd A,1.1756
03/04/2017,Royal London Sterl Extra Yld Bd A,1.1756
03/05/2017,Royal London Sterl Extra Yld Bd A,1.1756
03/06/2017,Royal London Sterl Extra Yld Bd A,1.1769
03/07/2017,Royal London Sterl Extra Yld Bd A,1.1783
03/08/2017,Royal London Sterl Extra Yld Bd A,1.178
03/09/2017,Royal London Sterl Extra Yld Bd A,1.1773
03/10/2017,Royal London Sterl Extra Yld Bd A,1.1767
03/11/2017,Royal London Sterl Extra Yld Bd A,1.1767
03/12/2017,Royal London Sterl Extra Yld Bd A,1.1767
03/13/2017,Royal London Sterl Extra Yld Bd A,1.1773
03/14/2017,Royal London Sterl Extra Yld Bd A,1.1768
03/15/2017,Royal London Sterl Extra Yld Bd A,1.177
03/16/2017,Royal London Sterl Extra Yld Bd A,1.1776
03/17/2017,Royal London Sterl Extra Yld Bd A,1.1782
03/18/2017,Royal London Sterl Extra Yld Bd A,1.1782
03/19/2017,Royal London Sterl Extra Yld Bd A,1.1782
03/20/2017,Royal London Sterl Extra Yld Bd A,1.1787
03/21/2017,Royal London Sterl Extra Yld Bd A,1.1779
03/22/2017,Royal London Sterl Extra Yld Bd A,1.1792
03/23/2017,Royal London Sterl Extra Yld Bd A,1.1785
03/24/2017,Royal London Sterl Extra Yld Bd A,1.1789
03/25/2017,Royal London Sterl Extra Yld Bd A,1.1789
03/26/2017,Royal London Sterl Extra Yld Bd A,1.1789
03/27/2017,Royal London Sterl Extra Yld Bd A,1.1799
03/28/2017,Royal London Sterl Extra Yld Bd A,1.1806
03/29/2017,Royal London Sterl Extra Yld Bd A,1.1828
03/30/2017,Royal London Sterl Extra Yld Bd A,1.1824
03/31/2017,Royal London Sterl Extra Yld Bd A,1.1837
04/01/2017,Royal London Sterl Extra Yld Bd A,1.1837
04/02/2017,Royal London Sterl Extra Yld Bd A,1.1837
04/03/2017,Royal London Sterl Extra Yld Bd A,1.1652
04/04/2017,Royal London Sterl Extra Yld Bd A,1.1671
04/05/2017,Royal London Sterl Extra Yld Bd A,1.1664
04/06/2017,Royal London Sterl Extra Yld Bd A,1.1676
04/07/2017,Royal London Sterl Extra Yld Bd A,1.1693
04/08/2017,Royal London Sterl Extra Yld Bd A,1.1693
04/09/2017,Royal London Sterl Extra Yld Bd A,1.1693
04/10/2017,Royal London Sterl Extra Yld Bd A,1.1693
04/11/2017,Royal London Sterl Extra Yld Bd A,1.1696
04/12/2017,Royal London Sterl Extra Yld Bd A,1.1704
04/13/2017,Royal London Sterl Extra Yld Bd A,1.1727
04/14/2017,Royal London Sterl Extra Yld Bd A,1.1727
04/15/2017,Royal London Sterl Extra Yld Bd A,1.1727
04/16/2017,Royal London Sterl Extra Yld Bd A,1.1727
04/17/2017,Royal London Sterl Extra Yld Bd A,1.1727
04/18/2017,Royal London Sterl Extra Yld Bd A,1.1713
04/19/2017,Royal London Sterl Extra Yld Bd A,1.1705
04/20/2017,Royal London Sterl Extra Yld Bd A,1.1706
04/21/2017,Royal London Sterl Extra Yld Bd A,1.1708
04/22/2017,Royal London Sterl Extra Yld Bd A,1.1708
04/23/2017,Royal London Sterl Extra Yld Bd A,1.1708
04/24/2017,Royal London Sterl Extra Yld Bd A,1.1745
04/25/2017,Royal London Sterl Extra Yld Bd A,1.1751
04/26/2017,Royal London Sterl Extra Yld Bd A,1.177
04/27/2017,Royal London Sterl Extra Yld Bd A,1.1773
04/28/2017,Royal London Sterl Extra Yld Bd A,1.1787
04/29/2017,Royal London Sterl Extra Yld Bd A,1.1787
04/30/2017,Royal London Sterl Extra Yld Bd A,1.1787
05/01/2017,Royal London Sterl Extra Yld Bd A,1.1787
05/02/2017,Royal London Sterl Extra Yld Bd A,1.1809
05/03/2017,Royal London Sterl Extra Yld Bd A,1.181
05/04/2017,Royal London Sterl Extra Yld Bd A,1.1818
05/05/2017,Royal London Sterl Extra Yld Bd A,1.1826
05/06/2017,Royal London Sterl Extra Yld Bd A,1.1826
05/07/2017,Royal London Sterl Extra Yld Bd A,1.1826
05/08/2017,Royal London Sterl Extra Yld Bd A,1.1833
05/09/2017,Royal London Sterl Extra Yld Bd A,1.1825
05/10/2017,Royal London Sterl Extra Yld Bd A,1.1842
05/11/2017,Royal London Sterl Extra Yld Bd A,1.1858
05/12/2017,Royal London Sterl Extra Yld Bd A,1.1877
05/13/2017,Royal London Sterl Extra Yld Bd A,1.1877
05/14/2017,Royal London Sterl Extra Yld Bd A,1.1877
05/15/2017,Royal London Sterl Extra Yld Bd A,1.1875
05/16/2017,Royal London Sterl Extra Yld Bd A,1.1889
05/17/2017,Royal London Sterl Extra Yld Bd A,1.1893
05/18/2017,Royal London Sterl Extra Yld Bd A,1.1874
05/19/2017,Royal London Sterl Extra Yld Bd A,1.189
05/20/2017,Royal London Sterl Extra Yld Bd A,1.189
05/21/2017,Royal London Sterl Extra Yld Bd A,1.189
05/22/2017,Royal London Sterl Extra Yld Bd A,1.1905
05/23/2017,Royal London Sterl Extra Yld Bd A,1.1923
05/24/2017,Royal London Sterl Extra Yld Bd A,1.1932
05/25/2017,Royal London Sterl Extra Yld Bd A,1.1951
05/26/2017,Royal London Sterl Extra Yld Bd A,1.1975
05/27/2017,Royal London Sterl Extra Yld Bd A,1.1975
05/28/2017,Royal London Sterl Extra Yld Bd A,1.1975
05/29/2017,Royal London Sterl Extra Yld Bd A,1.1975
05/30/2017,Royal London Sterl Extra Yld Bd A,1.1971
05/31/2017,Royal London Sterl Extra Yld Bd A,1.197
06/01/2017,Royal London Sterl Extra Yld Bd A,1.196
06/02/2017,Royal London Sterl Extra Yld Bd A,1.1968
06/03/2017,Royal London Sterl Extra Yld Bd A,1.1968
06/04/2017,Royal London Sterl Extra Yld Bd A,1.1968
06/05/2017,Royal London Sterl Extra Yld Bd A,1.1968
06/06/2017,Royal London Sterl Extra Yld Bd A,1.1977
06/07/2017,Royal London Sterl Extra Yld Bd A,1.1977
06/08/2017,Royal London Sterl Extra Yld Bd A,1.1961
06/09/2017,Royal London Sterl Extra Yld Bd A,1.1972
06/10/2017,Royal London Sterl Extra Yld Bd A,1.1972
06/11/2017,Royal London Sterl Extra Yld Bd A,1.1972
06/12/2017,Royal London Sterl Extra Yld Bd A,1.1985
06/13/2017,Royal London Sterl Extra Yld Bd A,1.197
06/14/2017,Royal London Sterl Extra Yld Bd A,1.2006
06/15/2017,Royal London Sterl Extra Yld Bd A,1.1987
06/16/2017,Royal London Sterl Extra Yld Bd A,1.2002
06/17/2017,Royal London Sterl Extra Yld Bd A,1.2002
06/18/2017,Royal London Sterl Extra Yld Bd A,1.2002
06/19/2017,Royal London Sterl Extra Yld Bd A,1.2018
06/20/2017,Royal London Sterl Extra Yld Bd A,1.2035
06/21/2017,Royal London Sterl Extra Yld Bd A,1.2031
06/22/2017,Royal London Sterl Extra Yld Bd A,1.2033
06/23/2017,Royal London Sterl Extra Yld Bd A,1.2031
06/24/2017,Royal London Sterl Extra Yld Bd A,1.2031
06/25/2017,Royal London Sterl Extra Yld Bd A,1.2031
06/26/2017,Royal London Sterl Extra Yld Bd A,1.2041
06/27/2017,Royal London Sterl Extra Yld Bd A,1.2037
06/28/2017,Royal London Sterl Extra Yld Bd A,1.2008
06/29/2017,Royal London Sterl Extra Yld Bd A,1.1982
06/30/2017,Royal London Sterl Extra Yld Bd A,1.1977
07/01/2017,Royal London Sterl Extra Yld Bd A,1.1977
07/02/2017,Royal London Sterl Extra Yld Bd A,1.1977
07/03/2017,Royal London Sterl Extra Yld Bd A,1.1822
07/04/2017,Royal London Sterl Extra Yld Bd A,1.1838
07/05/2017,Royal London Sterl Extra Yld Bd A,1.1836
07/06/2017,Royal London Sterl Extra Yld Bd A,1.1821
07/07/2017,Royal London Sterl Extra Yld Bd A,1.1829
07/08/2017,Royal London Sterl Extra Yld Bd A,1.1829
07/09/2017,Royal London Sterl Extra Yld Bd A,1.1829
07/10/2017,Royal London Sterl Extra Yld Bd A,1.1843
07/11/2017,Royal London Sterl Extra Yld Bd A,1.1842
07/12/2017,Royal London Sterl Extra Yld Bd A,1.1854
07/13/2017,Royal London Sterl Extra Yld Bd A,1.1852
07/14/2017,Royal London Sterl Extra Yld Bd A,1.1843
07/15/2017,Royal London Sterl Extra Yld Bd A,1.1843
07/16/2017,Royal London Sterl Extra Yld Bd A,1.1843
07/17/2017,Royal London Sterl Extra Yld Bd A,1.1865
07/18/2017,Royal London Sterl Extra Yld Bd A,1.1895
07/19/2017,Royal London Sterl Extra Yld Bd A,1.1901
07/20/2017,Royal London Sterl Extra Yld Bd A,1.1923
07/21/2017,Royal London Sterl Extra Yld Bd A,1.194
07/22/2017,Royal London Sterl Extra Yld Bd A,1.194
07/23/2017,Royal London Sterl Extra Yld Bd A,1.194
07/24/2017,Royal London Sterl Extra Yld Bd A,1.1943
07/25/2017,Royal London Sterl Extra Yld Bd A,1.1936
07/26/2017,Royal London Sterl Extra Yld Bd A,1.1953
07/27/2017,Royal London Sterl Extra Yld Bd A,1.1965
07/28/2017,Royal London Sterl Extra Yld Bd A,1.1969
07/29/2017,Royal London Sterl Extra Yld Bd A,1.1969
07/30/2017,Royal London Sterl Extra Yld Bd A,1.1969
07/31/2017,Royal London Sterl Extra Yld Bd A,1.1973
08/01/2017,Royal London Sterl Extra Yld Bd A,1.1986
08/02/2017,Royal London Sterl Extra Yld Bd A,1.1982
08/03/2017,Royal London Sterl Extra Yld Bd A,1.2023
08/04/2017,Royal London Sterl Extra Yld Bd A,1.2028
08/05/2017,Royal London Sterl Extra Yld Bd A,1.2028
08/06/2017,Royal London Sterl Extra Yld Bd A,1.2028
08/07/2017,Royal London Sterl Extra Yld Bd A,1.2045
08/08/2017,Royal London Sterl Extra Yld Bd A,1.2042
08/09/2017,Royal London Sterl Extra Yld Bd A,1.2044
08/10/2017,Royal London Sterl Extra Yld Bd A,1.2044
08/11/2017,Royal London Sterl Extra Yld Bd A,1.2034
08/12/2017,Royal London Sterl Extra Yld Bd A,1.2034
08/13/2017,Royal London Sterl Extra Yld Bd A,1.2034
08/14/2017,Royal London Sterl Extra Yld Bd A,1.2053
08/15/2017,Royal London Sterl Extra Yld Bd A,1.2084
08/16/2017,Royal London Sterl Extra Yld Bd A,1.2091
08/17/2017,Royal London Sterl Extra Yld Bd A,1.2092
08/18/2017,Royal London Sterl Extra Yld Bd A,1.2094
08/19/2017,Royal London Sterl Extra Yld Bd A,1.2094
08/20/2017,Royal London Sterl Extra Yld Bd A,1.2094
08/21/2017,Royal London Sterl Extra Yld Bd A,1.21
08/22/2017,Royal London Sterl Extra Yld Bd A,1.2102
08/23/2017,Royal London Sterl Extra Yld Bd A,1.2119
08/24/2017,Royal London Sterl Extra Yld Bd A,1.2119
08/25/2017,Royal London Sterl Extra Yld Bd A,1.2127
08/26/2017,Royal London Sterl Extra Yld Bd A,1.2127
08/27/2017,Royal London Sterl Extra Yld Bd A,1.2127
08/28/2017,Royal London Sterl Extra Yld Bd A,1.2127
08/29/2017,Royal London Sterl Extra Yld Bd A,1.2148
08/30/2017,Royal London Sterl Extra Yld Bd A,1.2148
08/31/2017,Royal London Sterl Extra Yld Bd A,1.2161
09/01/2017,Royal London Sterl Extra Yld Bd A,1.2151
09/02/2017,Royal London Sterl Extra Yld Bd A,1.2151
09/03/2017,Royal London Sterl Extra Yld Bd A,1.2151
09/04/2017,Royal London Sterl Extra Yld Bd A,1.2161
09/05/2017,Royal London Sterl Extra Yld Bd A,1.2167
09/06/2017,Royal London Sterl Extra Yld Bd A,1.2163
09/07/2017,Royal London Sterl Extra Yld Bd A,1.218
09/08/2017,Royal London Sterl Extra Yld Bd A,1.2163
09/09/2017,Royal London Sterl Extra Yld Bd A,1.2163
09/10/2017,Royal London Sterl Extra Yld Bd A,1.2163
09/11/2017,Royal London Sterl Extra Yld Bd A,1.2156
09/12/2017,Royal London Sterl Extra Yld Bd A,1.2129
09/13/2017,Royal London Sterl Extra Yld Bd A,1.2134
09/14/2017,Royal London Sterl Extra Yld Bd A,1.2103
09/15/2017,Royal London Sterl Extra Yld Bd A,1.2068
09/16/2017,Royal London Sterl Extra Yld Bd A,1.2068
09/17/2017,Royal London Sterl Extra Yld Bd A,1.2068
09/18/2017,Royal London Sterl Extra Yld Bd A,1.2084
09/19/2017,Royal London Sterl Extra Yld Bd A,1.2082
09/20/2017,Royal London Sterl Extra Yld Bd A,1.2087
09/21/2017,Royal London Sterl Extra Yld Bd A,1.2079
09/22/2017,Royal London Sterl Extra Yld Bd A,1.2084
09/23/2017,Royal London Sterl Extra Yld Bd A,1.2084
09/24/2017,Royal London Sterl Extra Yld Bd A,1.2084
09/25/2017,Royal London Sterl Extra Yld Bd A,1.2108
09/26/2017,Royal London Sterl Extra Yld Bd A,1.2112
09/27/2017,Royal London Sterl Extra Yld Bd A,1.2116
09/28/2017,Royal London Sterl Extra Yld Bd A,1.2113
09/29/2017,Royal London Sterl Extra Yld Bd A,1.2143
09/30/2017,Royal London Sterl Extra Yld Bd A,1.2143
10/01/2017,Royal London Sterl Extra Yld Bd A,1.2143
10/02/2017,Royal London Sterl Extra Yld Bd A,1.2
10/03/2017,Royal London Sterl Extra Yld Bd A,1.2004
10/04/2017,Royal London Sterl Extra Yld Bd A,1.2006
10/05/2017,Royal London Sterl Extra Yld Bd A,1.2009
10/06/2017,Royal London Sterl Extra Yld Bd A,1.2024
10/07/2017,Royal London Sterl Extra Yld Bd A,1.2024
10/08/2017,Royal London Sterl Extra Yld Bd A,1.2024
10/09/2017,Royal London Sterl Extra Yld Bd A,1.2033
10/10/2017,Royal London Sterl Extra Yld Bd A,1.2033
10/11/2017,Royal London Sterl Extra Yld Bd A,1.2027
10/12/2017,Royal London Sterl Extra Yld Bd A,1.2038
10/13/2017,Royal London Sterl Extra Yld Bd A,1.2039
10/14/2017,Royal London Sterl Extra Yld Bd A,1.2039
10/15/2017,Royal London Sterl Extra Yld Bd A,1.2039
10/16/2017,Royal London Sterl Extra Yld Bd A,1.2062
10/17/2017,Royal London Sterl Extra Yld Bd A,1.2102
10/18/2017,Royal London Sterl Extra Yld Bd A,1.2101
10/19/2017,Royal London Sterl Extra Yld Bd A,1.2099
10/20/2017,Royal London Sterl Extra Yld Bd A,1.2089
10/21/2017,Royal London Sterl Extra Yld Bd A,1.2089
10/22/2017,Royal London Sterl Extra Yld Bd A,1.2089
10/23/2017,Royal London Sterl Extra Yld Bd A,1.2102
10/24/2017,Royal London Sterl Extra Yld Bd A,1.2101
10/25/2017,Royal London Sterl Extra Yld Bd A,1.2105
10/26/2017,Royal London Sterl Extra Yld Bd A,1.2108
10/27/2017,Royal London Sterl Extra Yld Bd A,1.2141
10/28/2017,Royal London Sterl Extra Yld Bd A,1.2141
10/29/2017,Royal London Sterl Extra Yld Bd A,1.2141
10/30/2017,Royal London Sterl Extra Yld Bd A,1.2156
10/31/2017,Royal London Sterl Extra Yld Bd A,1.217
11/01/2017,Royal London Sterl Extra Yld Bd A,1.2183
11/02/2017,Royal London Sterl Extra Yld Bd A,1.2228
11/03/2017,Royal London Sterl Extra Yld Bd A,1.2225
11/04/2017,Royal London Sterl Extra Yld Bd A,1.2225
11/05/2017,Royal London Sterl Extra Yld Bd A,1.2225
11/06/2017,Royal London Sterl Extra Yld Bd A,1.2228
11/07/2017,Royal London Sterl Extra Yld Bd A,1.2237
11/08/2017,Royal London Sterl Extra Yld Bd A,1.2237
11/09/2017,Royal London Sterl Extra Yld Bd A,1.2229
11/10/2017,Royal London Sterl Extra Yld Bd A,1.2199
11/11/2017,Royal London Sterl Extra Yld Bd A,1.2199
11/12/2017,Royal London Sterl Extra Yld Bd A,1.2199
11/13/2017,Royal London Sterl Extra Yld Bd A,1.219
11/14/2017,Royal London Sterl Extra Yld Bd A,1.2176
11/15/2017,Royal London Sterl Extra Yld Bd A,1.2158
11/16/2017,Royal London Sterl Extra Yld Bd A,1.2159
11/17/2017,Royal London Sterl Extra Yld Bd A,1.2158
11/18/2017,Royal London Sterl Extra Yld Bd A,1.2158
11/19/2017,Royal London Sterl Extra Yld Bd A,1.2158
11/20/2017,Royal London Sterl Extra Yld Bd A,1.216
11/21/2017,Royal London Sterl Extra Yld Bd A,1.2177
11/22/2017,Royal London Sterl Extra Yld Bd A,1.2175
11/23/2017,Royal London Sterl Extra Yld Bd A,1.2184
11/24/2017,Royal London Sterl Extra Yld Bd A,1.2188
11/25/2017,Royal London Sterl Extra Yld Bd A,1.2188
11/26/2017,Royal London Sterl Extra Yld Bd A,1.2188
11/27/2017,Royal London Sterl Extra Yld Bd A,1.2194
11/28/2017,Royal London Sterl Extra Yld Bd A,1.2201
11/29/2017,Royal London Sterl Extra Yld Bd A,1.2161
11/30/2017,Royal London Sterl Extra Yld Bd A,1.2168
12/01/2017,Royal London Sterl Extra Yld Bd A,1.2185
12/02/2017,Royal London Sterl Extra Yld Bd A,1.2185
12/03/2017,Royal London Sterl Extra Yld Bd A,1.2185
12/04/2017,Royal London Sterl Extra Yld Bd A,1.2178
12/05/2017,Royal London Sterl Extra Yld Bd A,1.219
12/06/2017,Royal London Sterl Extra Yld Bd A,1.2206
12/07/2017,Royal London Sterl Extra Yld Bd A,1.2187
12/08/2017,Royal London Sterl Extra Yld Bd A,1.219
12/09/2017,Royal London Sterl Extra Yld Bd A,1.219
12/10/2017,Royal London Sterl Extra Yld Bd A,1.219
12/11/2017,Royal London Sterl Extra Yld Bd A,1.2201
12/12/2017,Royal London Sterl Extra Yld Bd A,1.2204
12/13/2017,Royal London Sterl Extra Yld Bd A,1.2203
12/14/2017,Royal London Sterl Extra Yld Bd A,1.2213
12/15/2017,Royal London Sterl Extra Yld Bd A,1.2229
12/16/2017,Royal London Sterl Extra Yld Bd A,1.2229
12/17/2017,Royal London Sterl Extra Yld Bd A,1.2229
12/18/2017,Royal London Sterl Extra Yld Bd A,1.2228
12/19/2017,Royal London Sterl Extra Yld Bd A,1.2229
12/20/2017,Royal London Sterl Extra Yld Bd A,1.2217
12/21/2017,Royal London Sterl Extra Yld Bd A,1.2229
12/22/2017,Royal London Sterl Extra Yld Bd A,1.2218
12/23/2017,Royal London Sterl Extra Yld Bd A,1.2218
12/24/2017,Royal London Sterl Extra Yld Bd A,1.2218
12/25/2017,Royal London Sterl Extra Yld Bd A,1.2218
12/26/2017,Royal London Sterl Extra Yld Bd A,1.2218
12/27/2017,Royal London Sterl Extra Yld Bd A,1.2255
12/28/2017,Royal London Sterl Extra Yld Bd A,1.2258
12/29/2017,Royal London Sterl Extra Yld Bd A,1.2272
12/30/2017,Royal London Sterl Extra Yld Bd A,1.2272
12/31/2017,Royal London Sterl Extra Yld Bd A,1.2272
01/01/2018,Royal London Sterl Extra Yld Bd A,1.2272
01/02/2018,Royal London Sterl Extra Yld Bd A,1.2085
01/03/2018,Royal London Sterl Extra Yld Bd A,1.2109
01/04/2018,Royal London Sterl Extra Yld Bd A,1.2129
01/05/2018,Royal London Sterl Extra Yld Bd A,1.2156
01/06/2018,Royal London Sterl Extra Yld Bd A,1.2156
01/07/2018,Royal London Sterl Extra Yld Bd A,1.2156
01/08/2018,Royal London Sterl Extra Yld Bd A,1.2163
01/09/2018,Royal London Sterl Extra Yld Bd A,1.2163
01/10/2018,Royal London Sterl Extra Yld Bd A,1.2168
01/11/2018,Royal London Sterl Extra Yld Bd A,1.2171
01/12/2018,Royal London Sterl Extra Yld Bd A,1.2155
01/13/2018,Royal London Sterl Extra Yld Bd A,1.2155
01/14/2018,Royal London Sterl Extra Yld Bd A,1.2155
01/15/2018,Royal London Sterl Extra Yld Bd A,1.2171
01/16/2018,Royal London Sterl Extra Yld Bd A,1.218
01/17/2018,Royal London Sterl Extra Yld Bd A,1.2179
01/18/2018,Royal London Sterl Extra Yld Bd A,1.2178
01/19/2018,Royal London Sterl Extra Yld Bd A,1.2178
01/20/2018,Royal London Sterl Extra Yld Bd A,1.2178
01/21/2018,Royal London Sterl Extra Yld Bd A,1.2178
01/22/2018,Royal London Sterl Extra Yld Bd A,1.2176
01/23/2018,Royal London Sterl Extra Yld Bd A,1.219
01/24/2018,Royal London Sterl Extra Yld Bd A,1.216
01/25/2018,Royal London Sterl Extra Yld Bd A,1.2165
01/26/2018,Royal London Sterl Extra Yld Bd A,1.2175
01/27/2018,Royal London Sterl Extra Yld Bd A,1.2175
01/28/2018,Royal London Sterl Extra Yld Bd A,1.2175
01/29/2018,Royal London Sterl Extra Yld Bd A,1.2181
01/30/2018,Royal London Sterl Extra Yld Bd A,1.2156
01/31/2018,Royal London Sterl Extra Yld Bd A,1.2157
02/01/2018,Royal London Sterl Extra Yld Bd A,1.214
02/02/2018,Royal London Sterl Extra Yld Bd A,1.212
02/03/2018,Royal London Sterl Extra Yld Bd A,1.212
02/04/2018,Royal London Sterl Extra Yld Bd A,1.212
02/05/2018,Royal London Sterl Extra Yld Bd A,1.2104
02/06/2018,Royal London Sterl Extra Yld Bd A,1.2078
02/07/2018,Royal London Sterl Extra Yld Bd A,1.2101
02/08/2018,Royal London Sterl Extra Yld Bd A,1.2059
02/09/2018,Royal London Sterl Extra Yld Bd A,1.2037
02/10/2018,Royal London Sterl Extra Yld Bd A,1.2037
02/11/2018,Royal London Sterl Extra Yld Bd A,1.2037
02/12/2018,Royal London Sterl Extra Yld Bd A,1.2036
02/13/2018,Royal London Sterl Extra Yld Bd A,1.2004
02/14/2018,Royal London Sterl Extra Yld Bd A,1.2001
02/15/2018,Royal London Sterl Extra Yld Bd A,1.2001
02/16/2018,Royal London Sterl Extra Yld Bd A,1.203
02/17/2018,Royal London Sterl Extra Yld Bd A,1.203
02/18/2018,Royal London Sterl Extra Yld Bd A,1.203
02/19/2018,Royal London Sterl Extra Yld Bd A,1.2033
02/20/2018,Royal London Sterl Extra Yld Bd A,1.2033
02/21/2018,Royal London Sterl Extra Yld Bd A,1.2047
02/22/2018,Royal London Sterl Extra Yld Bd A,1.2047
02/23/2018,Royal London Sterl Extra Yld Bd A,1.2039
02/24/2018,Royal London Sterl Extra Yld Bd A,1.2039
02/25/2018,Royal London Sterl Extra Yld Bd A,1.2039
02/26/2018,Royal London Sterl Extra Yld Bd A,1.2052
02/27/2018,Royal London Sterl Extra Yld Bd A,1.205
02/28/2018,Royal London Sterl Extra Yld Bd A,1.2077
03/01/2018,Royal London Sterl Extra Yld Bd A,1.2078
03/02/2018,Royal London Sterl Extra Yld Bd A,1.208
03/03/2018,Royal London Sterl Extra Yld Bd A,1.208
03/04/2018,Royal London Sterl Extra Yld Bd A,1.208
03/05/2018,Royal London Sterl Extra Yld Bd A,1.2065
03/06/2018,Royal London Sterl Extra Yld Bd A,1.2068
03/07/2018,Royal London Sterl Extra Yld Bd A,1.2073
03/08/2018,Royal London Sterl Extra Yld Bd A,1.2092
03/09/2018,Royal London Sterl Extra Yld Bd A,1.2061
03/10/2018,Royal London Sterl Extra Yld Bd A,1.2061
03/11/2018,Royal London Sterl Extra Yld Bd A,1.2061
03/12/2018,Royal London Sterl Extra Yld Bd A,1.2069
03/13/2018,Royal London Sterl Extra Yld Bd A,1.2068
03/14/2018,Royal London Sterl Extra Yld Bd A,1.2086
03/15/2018,Royal London Sterl Extra Yld Bd A,1.2077
03/16/2018,Royal London Sterl Extra Yld Bd A,1.2078
03/17/2018,Royal London Sterl Extra Yld Bd A,1.2078
03/18/2018,Royal London Sterl Extra Yld Bd A,1.2078
03/19/2018,Royal London Sterl Extra Yld Bd A,1.2061
03/20/2018,Royal London Sterl Extra Yld Bd A,1.2053
03/21/2018,Royal London Sterl Extra Yld Bd A,1.2044
03/22/2018,Royal London Sterl Extra Yld Bd A,1.2045
03/23/2018,Royal London Sterl Extra Yld Bd A,1.2028
03/24/2018,Royal London Sterl Extra Yld Bd A,1.2028
03/25/2018,Royal London Sterl Extra Yld Bd A,1.2028
03/26/2018,Royal London Sterl Extra Yld Bd A,1.203
03/27/2018,Royal London Sterl Extra Yld Bd A,1.2048
03/28/2018,Royal London Sterl Extra Yld Bd A,1.2052
03/29/2018,Royal London Sterl Extra Yld Bd A,1.207
03/30/2018,Royal London Sterl Extra Yld Bd A,1.207
03/31/2018,Royal London Sterl Extra Yld Bd A,1.207
04/01/2018,Royal London Sterl Extra Yld Bd A,1.207
04/02/2018,Royal London Sterl Extra Yld Bd A,1.207
04/03/2018,Royal London Sterl Extra Yld Bd A,1.1913
04/04/2018,Royal London Sterl Extra Yld Bd A,1.1905
04/05/2018,Royal London Sterl Extra Yld Bd A,1.1914
04/06/2018,Royal London Sterl Extra Yld Bd A,1.1912
04/07/2018,Royal London Sterl Extra Yld Bd A,1.1912
04/08/2018,Royal London Sterl Extra Yld Bd A,1.1912
04/09/2018,Royal London Sterl Extra Yld Bd A,1.192
04/10/2018,Royal London Sterl Extra Yld Bd A,1.1916
04/11/2018,Royal London Sterl Extra Yld Bd A,1.1934
04/12/2018,Royal London Sterl Extra Yld Bd A,1.1926
04/13/2018,Royal London Sterl Extra Yld Bd A,1.194
04/14/2018,Royal London Sterl Extra Yld Bd A,1.194
04/15/2018,Royal London Sterl Extra Yld Bd A,1.194
04/16/2018,Royal London Sterl Extra Yld Bd A,1.1938
04/17/2018,Royal London Sterl Extra Yld Bd A,1.1958
04/18/2018,Royal London Sterl Extra Yld Bd A,1.1978
04/19/2018,Royal London Sterl Extra Yld Bd A,1.1974
04/20/2018,Royal London Sterl Extra Yld Bd A,1.1989
04/21/2018,Royal London Sterl Extra Yld Bd A,1.1989
04/22/2018,Royal London Sterl Extra Yld Bd A,1.1989
04/23/2018,Royal London Sterl Extra Yld Bd A,1.199
04/24/2018,Royal London Sterl Extra Yld Bd A,1.1984
04/25/2018,Royal London Sterl Extra Yld Bd A,1.1979
04/26/2018,Royal London Sterl Extra Yld Bd A,1.1981
04/27/2018,Royal London Sterl Extra Yld Bd A,1.201
04/28/2018,Royal London Sterl Extra Yld Bd A,1.201
04/29/2018,Royal London Sterl Extra Yld Bd A,1.201
04/30/2018,Royal London Sterl Extra Yld Bd A,1.2029
05/01/2018,Royal London Sterl Extra Yld Bd A,1.2044
05/02/2018,Royal London Sterl Extra Yld Bd A,1.204
05/03/2018,Royal London Sterl Extra Yld Bd A,1.2056
05/04/2018,Royal London Sterl Extra Yld Bd A,1.2014
05/05/2018,Royal London Sterl Extra Yld Bd A,1.2014
05/06/2018,Royal London Sterl Extra Yld Bd A,1.2014
05/07/2018,Royal London Sterl Extra Yld Bd A,1.2014
05/08/2018,Royal London Sterl Extra Yld Bd A,1.2012
05/09/2018,Royal London Sterl Extra Yld Bd A,1.2004
05/10/2018,Royal London Sterl Extra Yld Bd A,1.2036
05/11/2018,Royal London Sterl Extra Yld Bd A,1.2037
05/12/2018,Royal London Sterl Extra Yld Bd A,1.2037
05/13/2018,Royal London Sterl Extra Yld Bd A,1.2037
05/14/2018,Royal London Sterl Extra Yld Bd A,1.2036
05/15/2018,Royal London Sterl Extra Yld Bd A,1.2036
05/16/2018,Royal London Sterl Extra Yld Bd A,1.2032
05/17/2018,Royal London Sterl Extra Yld Bd A,1.2021
05/18/2018,Royal London Sterl Extra Yld Bd A,1.2041
05/19/2018,Royal London Sterl Extra Yld Bd A,1.2041
05/20/2018,Royal London Sterl Extra Yld Bd A,1.2041
05/21/2018,Royal London Sterl Extra Yld Bd A,1.2052
05/22/2018,Royal London Sterl Extra Yld Bd A,1.2042
05/23/2018,Royal London Sterl Extra Yld Bd A,1.2052
05/24/2018,Royal London Sterl Extra Yld Bd A,1.2052
05/25/2018,Royal London Sterl Extra Yld Bd A,1.2051
05/26/2018,Royal London Sterl Extra Yld Bd A,1.2051
05/27/2018,Royal London Sterl Extra Yld Bd A,1.2051
05/28/2018,Royal London Sterl Extra Yld Bd A,1.2051
05/29/2018,Royal London Sterl Extra Yld Bd A,1.203
05/30/2018,Royal London Sterl Extra Yld Bd A,1.2045
05/31/2018,Royal London Sterl Extra Yld Bd A,1.2081
06/01/2018,Royal London Sterl Extra Yld Bd A,1.2072
06/02/2018,Royal London Sterl Extra Yld Bd A,1.2072
06/03/2018,Royal London Sterl Extra Yld Bd A,1.2072
06/04/2018,Royal London Sterl Extra Yld Bd A,1.2092
06/05/2018,Royal London Sterl Extra Yld Bd A,1.2092
06/06/2018,Royal London Sterl Extra Yld Bd A,1.208
06/07/2018,Royal London Sterl Extra Yld Bd A,1.2082
06/08/2018,Royal London Sterl Extra Yld Bd A,1.2089
06/09/2018,Royal London Sterl Extra Yld Bd A,1.2089
06/10/2018,Royal London Sterl Extra Yld Bd A,1.2089
06/11/2018,Royal London Sterl Extra Yld Bd A,1.2098
06/12/2018,Royal London Sterl Extra Yld Bd A,1.2103
06/13/2018,Royal London Sterl Extra Yld Bd A,1.2107
06/14/2018,Royal London Sterl Extra Yld Bd A,1.2128
06/15/2018,Royal London Sterl Extra Yld Bd A,1.213
06/16/2018,Royal London Sterl Extra Yld Bd A,1.213
06/17/2018,Royal London Sterl Extra Yld Bd A,1.213
06/18/2018,Royal London Sterl Extra Yld Bd A,1.2131
06/19/2018,Royal London Sterl Extra Yld Bd A,1.2126
06/20/2018,Royal London Sterl Extra Yld Bd A,1.2129
06/21/2018,Royal London Sterl Extra Yld Bd A,1.2119
06/22/2018,Royal London Sterl Extra Yld Bd A,1.2117
06/23/2018,Royal London Sterl Extra Yld Bd A,1.2117
06/24/2018,Royal London Sterl Extra Yld Bd A,1.2117
06/25/2018,Royal London Sterl Extra Yld Bd A,1.2106
06/26/2018,Royal London Sterl Extra Yld Bd A,1.2098
06/27/2018,Royal London Sterl Extra Yld Bd A,1.2096
06/28/2018,Royal London Sterl Extra Yld Bd A,1.2084
06/29/2018,Royal London Sterl Extra Yld Bd A,1.2072
06/30/2018,Royal London Sterl Extra Yld Bd A,1.2072
07/01/2018,Royal London Sterl Extra Yld Bd A,1.2072
07/02/2018,Royal London Sterl Extra Yld Bd A,1.1909
07/03/2018,Royal London Sterl Extra Yld Bd A,1.1914
07/04/2018,Royal London Sterl Extra Yld Bd A,1.1919
07/05/2018,Royal London Sterl Extra Yld Bd A,1.1936
07/06/2018,Royal London Sterl Extra Yld Bd A,1.1939
07/07/2018,Royal London Sterl Extra Yld Bd A,1.1939
07/08/2018,Royal London Sterl Extra Yld Bd A,1.1939
07/09/2018,Royal London Sterl Extra Yld Bd A,1.1963
07/10/2018,Royal London Sterl Extra Yld Bd A,1.198
07/11/2018,Royal London Sterl Extra Yld Bd A,1.1977
07/12/2018,Royal London Sterl Extra Yld Bd A,1.1987
07/13/2018,Royal London Sterl Extra Yld Bd A,1.2003
07/14/2018,Royal London Sterl Extra Yld Bd A,1.2003
07/15/2018,Royal London Sterl Extra Yld Bd A,1.2003
07/16/2018,Royal London Sterl Extra Yld Bd A,1.2002
07/17/2018,Royal London Sterl Extra Yld Bd A,1.2018
07/18/2018,Royal London Sterl Extra Yld Bd A,1.2037
07/19/2018,Royal London Sterl Extra Yld Bd A,1.2041
07/20/2018,Royal London Sterl Extra Yld Bd A,1.2011
07/21/2018,Royal London Sterl Extra Yld Bd A,1.2011
07/22/2018,Royal London Sterl Extra Yld Bd A,1.2011
07/23/2018,Royal London Sterl Extra Yld Bd A,1.201
07/24/2018,Royal London Sterl Extra Yld Bd A,1.2025
07/25/2018,Royal London Sterl Extra Yld Bd A,1.204
07/26/2018,Royal London Sterl Extra Yld Bd A,1.2047
07/27/2018,Royal London Sterl Extra Yld Bd A,1.2054
07/28/2018,Royal London Sterl Extra Yld Bd A,1.2054
07/29/2018,Royal London Sterl Extra Yld Bd A,1.2054
07/30/2018,Royal London Sterl Extra Yld Bd A,1.2048
07/31/2018,Royal London Sterl Extra Yld Bd A,1.2071
08/01/2018,Royal London Sterl Extra Yld Bd A,1.2065
08/02/2018,Royal London Sterl Extra Yld Bd A,1.2061
08/03/2018,Royal London Sterl Extra Yld Bd A,1.2075
08/04/2018,Royal London Sterl Extra Yld Bd A,1.2075
08/05/2018,Royal London Sterl Extra Yld Bd A,1.2075
08/06/2018,Royal London Sterl Extra Yld Bd A,1.2099
08/07/2018,Royal London Sterl Extra Yld Bd A,1.2102
08/08/2018,Royal London Sterl Extra Yld Bd A,1.2113
08/09/2018,Royal London Sterl Extra Yld Bd A,1.2117
08/10/2018,Royal London Sterl Extra Yld Bd A,1.2119
08/11/2018,Royal London Sterl Extra Yld Bd A,1.2119
08/12/2018,Royal London Sterl Extra Yld Bd A,1.2119
08/13/2018,Royal London Sterl Extra Yld Bd A,1.2106
08/14/2018,Royal London Sterl Extra Yld Bd A,1.2109
08/15/2018,Royal London Sterl Extra Yld Bd A,1.2116
08/16/2018,Royal London Sterl Extra Yld Bd A,1.212
08/17/2018,Royal London Sterl Extra Yld Bd A,1.2117
08/18/2018,Royal London Sterl Extra Yld Bd A,1.2117
08/19/2018,Royal London Sterl Extra Yld Bd A,1.2117
08/20/2018,Royal London Sterl Extra Yld Bd A,1.2119
08/21/2018,Royal London Sterl Extra Yld Bd A,1.2113
08/22/2018,Royal London Sterl Extra Yld Bd A,1.2116
08/23/2018,Royal London Sterl Extra Yld Bd A,1.2119
08/24/2018,Royal London Sterl Extra Yld Bd A,1.2123
08/25/2018,Royal London Sterl Extra Yld Bd A,1.2123
08/26/2018,Royal London Sterl Extra Yld Bd A,1.2123
08/27/2018,Royal London Sterl Extra Yld Bd A,1.2123
08/28/2018,Royal London Sterl Extra Yld Bd A,1.2124
08/29/2018,Royal London Sterl Extra Yld Bd A,1.21
08/30/2018,Royal London Sterl Extra Yld Bd A,1.211
08/31/2018,Royal London Sterl Extra Yld Bd A,1.2119
09/01/2018,Royal London Sterl Extra Yld Bd A,1.2119
09/02/2018,Royal London Sterl Extra Yld Bd A,1.2119
09/03/2018,Royal London Sterl Extra Yld Bd A,1.2128
09/04/2018,Royal London Sterl Extra Yld Bd A,1.2121
09/05/2018,Royal London Sterl Extra Yld Bd A,1.2102
09/06/2018,Royal London Sterl Extra Yld Bd A,1.2109
09/07/2018,Royal London Sterl Extra Yld Bd A,1.2088
09/08/2018,Royal London Sterl Extra Yld Bd A,1.2088
09/09/2018,Royal London Sterl Extra Yld Bd A,1.2088
09/10/2018,Royal London Sterl Extra Yld Bd A,1.2086
09/11/2018,Royal London Sterl Extra Yld Bd A,1.2083
09/12/2018,Royal London Sterl Extra Yld Bd A,1.2093
09/13/2018,Royal London Sterl Extra Yld Bd A,1.2097
09/14/2018,Royal London Sterl Extra Yld Bd A,1.2092
09/15/2018,Royal London Sterl Extra Yld Bd A,1.2092
09/16/2018,Royal London Sterl Extra Yld Bd A,1.2092
09/17/2018,Royal London Sterl Extra Yld Bd A,1.2094
09/18/2018,Royal London Sterl Extra Yld Bd A,1.2096
09/19/2018,Royal London Sterl Extra Yld Bd A,1.2085
09/20/2018,Royal London Sterl Extra Yld Bd A,1.2085
09/21/2018,Royal London Sterl Extra Yld Bd A,1.211
09/22/2018,Royal London Sterl Extra Yld Bd A,1.211
09/23/2018,Royal London Sterl Extra Yld Bd A,1.211
09/24/2018,Royal London Sterl Extra Yld Bd A,1.2093
09/25/2018,Royal London Sterl Extra Yld Bd A,1.2082
09/26/2018,Royal London Sterl Extra Yld Bd A,1.2085
09/27/2018,Royal London Sterl Extra Yld Bd A,1.2099
09/28/2018,Royal London Sterl Extra Yld Bd A,1.2108
09/29/2018,Royal London Sterl Extra Yld Bd A,1.2108
09/30/2018,Royal London Sterl Extra Yld Bd A,1.2108
10/01/2018,Royal London Sterl Extra Yld Bd A,1.1962
10/02/2018,Royal London Sterl Extra Yld Bd A,1.1981
10/03/2018,Royal London Sterl Extra Yld Bd A,1.1977
10/04/2018,Royal London Sterl Extra Yld Bd A,1.194
10/05/2018,Royal London Sterl Extra Yld Bd A,1.1922
10/06/2018,Royal London Sterl Extra Yld Bd A,1.1922
10/07/2018,Royal London Sterl Extra Yld Bd A,1.1922
10/08/2018,Royal London Sterl Extra Yld Bd A,1.1931
10/09/2018,Royal London Sterl Extra Yld Bd A,1.1916
10/10/2018,Royal London Sterl Extra Yld Bd A,1.193
10/11/2018,Royal London Sterl Extra Yld Bd A,1.192
10/12/2018,Royal London Sterl Extra Yld Bd A,1.195
10/13/2018,Royal London Sterl Extra Yld Bd A,1.195
10/14/2018,Royal London Sterl Extra Yld Bd A,1.195
10/15/2018,Royal London Sterl Extra Yld Bd A,1.1956
10/16/2018,Royal London Sterl Extra Yld Bd A,1.1949
10/17/2018,Royal London Sterl Extra Yld Bd A,1.1977
10/18/2018,Royal London Sterl Extra Yld Bd A,1.1971
10/19/2018,Royal London Sterl Extra Yld Bd A,1.1973
10/20/2018,Royal London Sterl Extra Yld Bd A,1.1973
10/21/2018,Royal London Sterl Extra Yld Bd A,1.1973
10/22/2018,Royal London Sterl Extra Yld Bd A,1.1984
10/23/2018,Royal London Sterl Extra Yld Bd A,1.1981
10/24/2018,Royal London Sterl Extra Yld Bd A,1.1987
10/25/2018,Royal London Sterl Extra Yld Bd A,1.2003
10/26/2018,Royal London Sterl Extra Yld Bd A,1.2008
10/27/2018,Royal London Sterl Extra Yld Bd A,1.2008
10/28/2018,Royal London Sterl Extra Yld Bd A,1.2008
10/29/2018,Royal London Sterl Extra Yld Bd A,1.2005
10/30/2018,Royal London Sterl Extra Yld Bd A,1.2001
10/31/2018,Royal London Sterl Extra Yld Bd A,1.1996
11/01/2018,Royal London Sterl Extra Yld Bd A,1.1985
11/02/2018,Royal London Sterl Extra Yld Bd A,1.1988
11/03/2018,Royal London Sterl Extra Yld Bd A,1.1988
11/04/2018,Royal London Sterl Extra Yld Bd A,1.1988
11/05/2018,Royal London Sterl Extra Yld Bd A,1.1994
11/06/2018,Royal London Sterl Extra Yld Bd A,1.1983
11/07/2018,Royal London Sterl Extra Yld Bd A,1.1986
11/08/2018,Royal London Sterl Extra Yld Bd A,1.1992
11/09/2018,Royal London Sterl Extra Yld Bd A,1.2005
11/10/2018,Royal London Sterl Extra Yld Bd A,1.2005
11/11/2018,Royal London Sterl Extra Yld Bd A,1.2005
11/12/2018,Royal London Sterl Extra Yld Bd A,1.2008
11/13/2018,Royal London Sterl Extra Yld Bd A,1.1962
11/14/2018,Royal London Sterl Extra Yld Bd A,1.1956
11/15/2018,Royal London Sterl Extra Yld Bd A,1.1962
11/16/2018,Royal London Sterl Extra Yld Bd A,1.1927
11/17/2018,Royal London Sterl Extra Yld Bd A,1.1927
11/18/2018,Royal London Sterl Extra Yld Bd A,1.1927
11/19/2018,Royal London Sterl Extra Yld Bd A,1.1903
11/20/2018,Royal London Sterl Extra Yld Bd A,1.1847
11/21/2018,Royal London Sterl Extra Yld Bd A,1.1851
11/22/2018,Royal London Sterl Extra Yld Bd A,1.1844
11/23/2018,Royal London Sterl Extra Yld Bd A,1.1856
11/24/2018,Royal London Sterl Extra Yld Bd A,1.1856
11/25/2018,Royal London Sterl Extra Yld Bd A,1.1856
11/26/2018,Royal London Sterl Extra Yld Bd A,1.1857
11/27/2018,Royal London Sterl Extra Yld Bd A,1.1842
11/28/2018,Royal London Sterl Extra Yld Bd A,1.1819
11/29/2018,Royal London Sterl Extra Yld Bd A,1.1813
11/30/2018,Royal London Sterl Extra Yld Bd A,1.1796
12/01/2018,Royal London Sterl Extra Yld Bd A,1.1796
12/02/2018,Royal London Sterl Extra Yld Bd A,1.1796
12/03/2018,Royal London Sterl Extra Yld Bd A,1.1812
12/04/2018,Royal London Sterl Extra Yld Bd A,1.1804
12/05/2018,Royal London Sterl Extra Yld Bd A,1.1787
12/06/2018,Royal London Sterl Extra Yld Bd A,1.1784
12/07/2018,Royal London Sterl Extra Yld Bd A,1.1792
12/08/2018,Royal London Sterl Extra Yld Bd A,1.1792
12/09/2018,Royal London Sterl Extra Yld Bd A,1.1792
12/10/2018,Royal London Sterl Extra Yld Bd A,1.1823
12/11/2018,Royal London Sterl Extra Yld Bd A,1.1805
12/12/2018,Royal London Sterl Extra Yld Bd A,1.1777
12/13/2018,Royal London Sterl Extra Yld Bd A,1.18
12/14/2018,Royal London Sterl Extra Yld Bd A,1.18
12/15/2018,Royal London Sterl Extra Yld Bd A,1.18
12/16/2018,Royal London Sterl Extra Yld Bd A,1.18
12/17/2018,Royal London Sterl Extra Yld Bd A,1.1791
12/18/2018,Royal London Sterl Extra Yld Bd A,1.1774
12/19/2018,Royal London Sterl Extra Yld Bd A,1.1785
12/20/2018,Royal London Sterl Extra Yld Bd A,1.1771
12/21/2018,Royal London Sterl Extra Yld Bd A,1.1754
12/22/2018,Royal London Sterl Extra Yld Bd A,1.1754
12/23/2018,Royal London Sterl Extra Yld Bd A,1.1754
12/24/2018,Royal London Sterl Extra Yld Bd A,1.1761
12/25/2018,Royal London Sterl Extra Yld Bd A,1.1761
12/26/2018,Royal London Sterl Extra Yld Bd A,1.1761
12/27/2018,Royal London Sterl Extra Yld Bd A,1.1762
12/28/2018,Royal London Sterl Extra Yld Bd A,1.1756
12/29/2018,Royal London Sterl Extra Yld Bd A,1.1756
12/30/2018,Royal London Sterl Extra Yld Bd A,1.1756
12/31/2018,Royal London Sterl Extra Yld Bd A,1.1758
01/01/2019,Royal London Sterl Extra Yld Bd A,1.1758
01/02/2019,Royal London Sterl Extra Yld Bd A,1.1589
01/03/2019,Royal London Sterl Extra Yld Bd A,1.158
01/04/2019,Royal London Sterl Extra Yld Bd A,1.156
01/05/2019,Royal London Sterl Extra Yld Bd A,1.156
01/06/2019,Royal London Sterl Extra Yld Bd A,1.156
01/07/2019,Royal London Sterl Extra Yld Bd A,1.1573
01/08/2019,Royal London Sterl Extra Yld Bd A,1.158
01/09/2019,Royal London Sterl Extra Yld Bd A,1.1613
01/10/2019,Royal London Sterl Extra Yld Bd A,1.1608
01/11/2019,Royal London Sterl Extra Yld Bd A,1.1611
01/12/2019,Royal London Sterl Extra Yld Bd A,1.1611
01/13/2019,Royal London Sterl Extra Yld Bd A,1.1611
01/14/2019,Royal London Sterl Extra Yld Bd A,1.1604
01/15/2019,Royal London Sterl Extra Yld Bd A,1.1621
01/16/2019,Royal London Sterl Extra Yld Bd A,1.1635
01/17/2019,Royal London Sterl Extra Yld Bd A,1.163
01/18/2019,Royal London Sterl Extra Yld Bd A,1.1656
01/19/2019,Royal London Sterl Extra Yld Bd A,1.1656
01/20/2019,Royal London Sterl Extra Yld Bd A,1.1656
01/21/2019,Royal London Sterl Extra Yld Bd A,1.1674
01/22/2019,Royal London Sterl Extra Yld Bd A,1.1663
01/23/2019,Royal London Sterl Extra Yld Bd A,1.1657
01/24/2019,Royal London Sterl Extra Yld Bd A,1.1682
01/25/2019,Royal London Sterl Extra Yld Bd A,1.1718
01/26/2019,Royal London Sterl Extra Yld Bd A,1.1718
01/27/2019,Royal London Sterl Extra Yld Bd A,1.1718
01/28/2019,Royal London Sterl Extra Yld Bd A,1.173
01/29/2019,Royal London Sterl Extra Yld Bd A,1.1745
01/30/2019,Royal London Sterl Extra Yld Bd A,1.176
01/31/2019,Royal London Sterl Extra Yld Bd A,1.1791
02/01/2019,Royal London Sterl Extra Yld Bd A,1.1798
02/02/2019,Royal London Sterl Extra Yld Bd A,1.1798
02/03/2019,Royal London Sterl Extra Yld Bd A,1.1798
02/04/2019,Royal London Sterl Extra Yld Bd A,1.1746
02/05/2019,Royal London Sterl Extra Yld Bd A,1.177
02/06/2019,Royal London Sterl Extra Yld Bd A,1.1775
02/07/2019,Royal London Sterl Extra Yld Bd A,1.1771
02/08/2019,Royal London Sterl Extra Yld Bd A,1.1758
02/09/2019,Royal London Sterl Extra Yld Bd A,1.1758
02/10/2019,Royal London Sterl Extra Yld Bd A,1.1758
02/11/2019,Royal London Sterl Extra Yld Bd A,1.1755
02/12/2019,Royal London Sterl Extra Yld Bd A,1.1762
02/13/2019,Royal London Sterl Extra Yld Bd A,1.1771
02/14/2019,Royal London Sterl Extra Yld Bd A,1.175
02/15/2019,Royal London Sterl Extra Yld Bd A,1.1744
02/16/2019,Royal London Sterl Extra Yld Bd A,1.1744
02/17/2019,Royal London Sterl Extra Yld Bd A,1.1744
02/18/2019,Royal London Sterl Extra Yld Bd A,1.1746
02/19/2019,Royal London Sterl Extra Yld Bd A,1.1747
02/20/2019,Royal London Sterl Extra Yld Bd A,1.1753
02/21/2019,Royal London Sterl Extra Yld Bd A,1.175
02/22/2019,Royal London Sterl Extra Yld Bd A,1.1773
02/23/2019,Royal London Sterl Extra Yld Bd A,1.1773
02/24/2019,Royal London Sterl Extra Yld Bd A,1.1773
02/25/2019,Royal London Sterl Extra Yld Bd A,1.1784
02/26/2019,Royal London Sterl Extra Yld Bd A,1.1777
02/27/2019,Royal London Sterl Extra Yld Bd A,1.1771
02/28/2019,Royal London Sterl Extra Yld Bd A,1.1777
03/01/2019,Royal London Sterl Extra Yld Bd A,1.1791
03/02/2019,Royal London Sterl Extra Yld Bd A,1.1791
03/03/2019,Royal London Sterl Extra Yld Bd A,1.1791
03/04/2019,Royal London Sterl Extra Yld Bd A,1.1798
03/05/2019,Royal London Sterl Extra Yld Bd A,1.1798
03/06/2019,Royal London Sterl Extra Yld Bd A,1.1808
03/07/2019,Royal London Sterl Extra Yld Bd A,1.1826
03/08/2019,Royal London Sterl Extra Yld Bd A,1.1812
03/09/2019,Royal London Sterl Extra Yld Bd A,1.1812
03/10/2019,Royal London Sterl Extra Yld Bd A,1.1812
03/11/2019,Royal London Sterl Extra Yld Bd A,1.1824
03/12/2019,Royal London Sterl Extra Yld Bd A,1.1837
03/13/2019,Royal London Sterl Extra Yld Bd A,1.1832
03/14/2019,Royal London Sterl Extra Yld Bd A,1.1845
03/15/2019,Royal London Sterl Extra Yld Bd A,1.1855
03/16/2019,Royal London Sterl Extra Yld Bd A,1.1855
03/17/2019,Royal London Sterl Extra Yld Bd A,1.1855
03/18/2019,Royal London Sterl Extra Yld Bd A,1.1873
03/19/2019,Royal London Sterl Extra Yld Bd A,1.188
03/20/2019,Royal London Sterl Extra Yld Bd A,1.1881
03/21/2019,Royal London Sterl Extra Yld Bd A,1.1903
03/22/2019,Royal London Sterl Extra Yld Bd A,1.188
03/23/2019,Royal London Sterl Extra Yld Bd A,1.188
03/24/2019,Royal London Sterl Extra Yld Bd A,1.188
03/25/2019,Royal London Sterl Extra Yld Bd A,1.1878
03/26/2019,Royal London Sterl Extra Yld Bd A,1.1878
03/27/2019,Royal London Sterl Extra Yld Bd A,1.1887
03/28/2019,Royal London Sterl Extra Yld Bd A,1.1897
03/29/2019,Royal London Sterl Extra Yld Bd A,1.1926
03/30/2019,Royal London Sterl Extra Yld Bd A,1.1926
03/31/2019,Royal London Sterl Extra Yld Bd A,1.1926
04/01/2019,Royal London Sterl Extra Yld Bd A,1.1773
04/02/2019,Royal London Sterl Extra Yld Bd A,1.1782
04/03/2019,Royal London Sterl Extra Yld Bd A,1.1775
04/04/2019,Royal London Sterl Extra Yld Bd A,1.1783
04/05/2019,Royal London Sterl Extra Yld Bd A,1.1796
04/06/2019,Royal London Sterl Extra Yld Bd A,1.1796
04/07/2019,Royal London Sterl Extra Yld Bd A,1.1796
04/08/2019,Royal London Sterl Extra Yld Bd A,1.1803
04/09/2019,Royal London Sterl Extra Yld Bd A,1.1812
04/10/2019,Royal London Sterl Extra Yld Bd A,1.1828
04/11/2019,Royal London Sterl Extra Yld Bd A,1.1838
04/12/2019,Royal London Sterl Extra Yld Bd A,1.1842
04/13/2019,Royal London Sterl Extra Yld Bd A,1.1842
04/14/2019,Royal London Sterl Extra Yld Bd A,1.1842
04/15/2019,Royal London Sterl Extra Yld Bd A,1.1857
04/16/2019,Royal London Sterl Extra Yld Bd A,1.1874
04/17/2019,Royal London Sterl Extra Yld Bd A,1.1884
04/18/2019,Royal London Sterl Extra Yld Bd A,1.1896
04/19/2019,Royal London Sterl Extra Yld Bd A,1.1896
04/20/2019,Royal London Sterl Extra Yld Bd A,1.1896
04/21/2019,Royal London Sterl Extra Yld Bd A,1.1896
04/22/2019,Royal London Sterl Extra Yld Bd A,1.1896
04/23/2019,Royal London Sterl Extra Yld Bd A,1.1911
04/24/2019,Royal London Sterl Extra Yld Bd A,1.1925
04/25/2019,Royal London Sterl Extra Yld Bd A,1.1926
04/26/2019,Royal London Sterl Extra Yld Bd A,1.1923
04/27/2019,Royal London Sterl Extra Yld Bd A,1.1923
04/28/2019,Royal London Sterl Extra Yld Bd A,1.1923
04/29/2019,Royal London Sterl Extra Yld Bd A,1.1942
04/30/2019,Royal London Sterl Extra Yld Bd A,1.1928
05/01/2019,Royal London Sterl Extra Yld Bd A,1.1929
05/02/2019,Royal London Sterl Extra Yld Bd A,1.1921
05/03/2019,Royal London Sterl Extra Yld Bd A,1.1911
05/04/2019,Royal London Sterl Extra Yld Bd A,1.1911
05/05/2019,Royal London Sterl Extra Yld Bd A,1.1911
05/06/2019,Royal London Sterl Extra Yld Bd A,1.1911
05/07/2019,Royal London Sterl Extra Yld Bd A,1.1923
05/08/2019,Royal London Sterl Extra Yld Bd A,1.1912
05/09/2019,Royal London Sterl Extra Yld Bd A,1.1889
05/10/2019,Royal London Sterl Extra Yld Bd A,1.1889
05/11/2019,Royal London Sterl Extra Yld Bd A,1.1889
05/12/2019,Royal London Sterl Extra Yld Bd A,1.1889
05/13/2019,Royal London Sterl Extra Yld Bd A,1.1887
05/14/2019,Royal London Sterl Extra Yld Bd A,1.1898
05/15/2019,Royal London Sterl Extra Yld Bd A,1.1909
05/16/2019,Royal London Sterl Extra Yld Bd A,1.1941
05/17/2019,Royal London Sterl Extra Yld Bd A,1.1957
05/18/2019,Royal London Sterl Extra Yld Bd A,1.1957
05/19/2019,Royal London Sterl Extra Yld Bd A,1.1957
05/20/2019,Royal London Sterl Extra Yld Bd A,1.1955
05/21/2019,Royal London Sterl Extra Yld Bd A,1.1941
05/22/2019,Royal London Sterl Extra Yld Bd A,1.1942
05/23/2019,Royal London Sterl Extra Yld Bd A,1.1919
05/24/2019,Royal London Sterl Extra Yld Bd A,1.1928
05/25/2019,Royal London Sterl Extra Yld Bd A,1.1928
05/26/2019,Royal London Sterl Extra Yld Bd A,1.1928
05/27/2019,Royal London Sterl Extra Yld Bd A,1.1928
05/28/2019,Royal London Sterl Extra Yld Bd A,1.1921
05/29/2019,Royal London Sterl Extra Yld Bd A,1.1908
05/30/2019,Royal London Sterl Extra Yld Bd A,1.1914
05/31/2019,Royal London Sterl Extra Yld Bd A,1.191
06/01/2019,Royal London Sterl Extra Yld Bd A,1.191
06/02/2019,Royal London Sterl Extra Yld Bd A,1.191
06/03/2019,Royal London Sterl Extra Yld Bd A,1.191
06/04/2019,Royal London Sterl Extra Yld Bd A,1.1923
06/05/2019,Royal London Sterl Extra Yld Bd A,1.194
06/06/2019,Royal London Sterl Extra Yld Bd A,1.1955
06/07/2019,Royal London Sterl Extra Yld Bd A,1.197
06/08/2019,Royal London Sterl Extra Yld Bd A,1.197
06/09/2019,Royal London Sterl Extra Yld Bd A,1.197
06/10/2019,Royal London Sterl Extra Yld Bd A,1.1974
06/11/2019,Royal London Sterl Extra Yld Bd A,1.1973
06/12/2019,Royal London Sterl Extra Yld Bd A,1.197
06/13/2019,Royal London Sterl Extra Yld Bd A,1.1968
06/14/2019,Royal London Sterl Extra Yld Bd A,1.1979
06/15/2019,Royal London Sterl Extra Yld Bd A,1.1979
06/16/2019,Royal London Sterl Extra Yld Bd A,1.1979
06/17/2019,Royal London Sterl Extra Yld Bd A,1.1989
06/18/2019,Royal London Sterl Extra Yld Bd A,1.2017
06/19/2019,Royal London Sterl Extra Yld Bd A,1.2019
06/20/2019,Royal London Sterl Extra Yld Bd A,1.2064
06/21/2019,Royal London Sterl Extra Yld Bd A,1.2051
06/22/2019,Royal London Sterl Extra Yld Bd A,1.2051
06/23/2019,Royal London Sterl Extra Yld Bd A,1.2051
06/24/2019,Royal London Sterl Extra Yld Bd A,1.2068
06/25/2019,Royal London Sterl Extra Yld Bd A,1.2083
06/26/2019,Royal London Sterl Extra Yld Bd A,1.2075
06/27/2019,Royal London Sterl Extra Yld Bd A,1.2079
06/28/2019,Royal London Sterl Extra Yld Bd A,1.2072
06/29/2019,Royal London Sterl Extra Yld Bd A,1.2072
06/30/2019,Royal London Sterl Extra Yld Bd A,1.2072
07/01/2019,Royal London Sterl Extra Yld Bd A,1.1925
07/02/2019,Royal London Sterl Extra Yld Bd A,1.1964
07/03/2019,Royal London Sterl Extra Yld Bd A,1.1987
07/04/2019,Royal London Sterl Extra Yld Bd A,1.1996
07/05/2019,Royal London Sterl Extra Yld Bd A,1.1992
07/06/2019,Royal London Sterl Extra Yld Bd A,1.1992
07/07/2019,Royal London Sterl Extra Yld Bd A,1.1992
07/08/2019,Royal London Sterl Extra Yld Bd A,1.2003
07/09/2019,Royal London Sterl Extra Yld Bd A,1.1999
07/10/2019,Royal London Sterl Extra Yld Bd A,1.1995
07/11/2019,Royal London Sterl Extra Yld Bd A,1.1982
07/12/2019,Royal London Sterl Extra Yld Bd A,1.1993
07/13/2019,Royal London Sterl Extra Yld Bd A,1.1993
07/14/2019,Royal London Sterl Extra Yld Bd A,1.1993
07/15/2019,Royal London Sterl Extra Yld Bd A,1.2004
07/16/2019,Royal London Sterl Extra Yld Bd A,1.2008
07/17/2019,Royal London Sterl Extra Yld Bd A,1.2008
07/18/2019,Royal London Sterl Extra Yld Bd A,1.1984
07/19/2019,Royal London Sterl Extra Yld Bd A,1.1999
07/20/2019,Royal London Sterl Extra Yld Bd A,1.1999
07/21/2019,Royal London Sterl Extra Yld Bd A,1.1999
07/22/2019,Royal London Sterl Extra Yld Bd A,1.2009
07/23/2019,Royal London Sterl Extra Yld Bd A,1.2018
07/24/2019,Royal London Sterl Extra Yld Bd A,1.203
07/25/2019,Royal London Sterl Extra Yld Bd A,1.2034
07/26/2019,Royal London Sterl Extra Yld Bd A,1.2044
07/27/2019,Royal London Sterl Extra Yld Bd A,1.2044
07/28/2019,Royal London Sterl Extra Yld Bd A,1.2044
07/29/2019,Royal London Sterl Extra Yld Bd A,1.2053
07/30/2019,Royal London Sterl Extra Yld Bd A,1.202
07/31/2019,Royal London Sterl Extra Yld Bd A,1.2021
08/01/2019,Royal London Sterl Extra Yld Bd A,1.2021
08/02/2019,Royal London Sterl Extra Yld Bd A,1.2021
08/03/2019,Royal London Sterl Extra Yld Bd A,1.2021
08/04/2019,Royal London Sterl Extra Yld Bd A,1.2021
08/05/2019,Royal London Sterl Extra Yld Bd A,1.2022
08/06/2019,Royal London Sterl Extra Yld Bd A,1.2011
08/07/2019,Royal London Sterl Extra Yld Bd A,1.2017
08/08/2019,Royal London Sterl Extra Yld Bd A,1.2006
08/09/2019,Royal London Sterl Extra Yld Bd A,1.2026
08/10/2019,Royal London Sterl Extra Yld Bd A,1.2026
08/11/2019,Royal London Sterl Extra Yld Bd A,1.2026
08/12/2019,Royal London Sterl Extra Yld Bd A,1.2013
08/13/2019,Royal London Sterl Extra Yld Bd A,1.2011
08/14/2019,Royal London Sterl Extra Yld Bd A,1.2009
08/15/2019,Royal London Sterl Extra Yld Bd A,1.1995
08/16/2019,Royal London Sterl Extra Yld Bd A,1.1986
08/17/2019,Royal London Sterl Extra Yld Bd A,1.1986
08/18/2019,Royal London Sterl Extra Yld Bd A,1.1986
08/19/2019,Royal London Sterl Extra Yld Bd A,1.1997
08/20/2019,Royal London Sterl Extra Yld Bd A,1.2006
08/21/2019,Royal London Sterl Extra Yld Bd A,1.2025
08/22/2019,Royal London Sterl Extra Yld Bd A,1.2008
08/23/2019,Royal London Sterl Extra Yld Bd A,1.2014
08/24/2019,Royal London Sterl Extra Yld Bd A,1.2014
08/25/2019,Royal London Sterl Extra Yld Bd A,1.2014
08/26/2019,Royal London Sterl Extra Yld Bd A,1.2014
08/27/2019,Royal London Sterl Extra Yld Bd A,1.2023
08/28/2019,Royal London Sterl Extra Yld Bd A,1.2036
08/29/2019,Royal London Sterl Extra Yld Bd A,1.2036
08/30/2019,Royal London Sterl Extra Yld Bd A,1.203
08/31/2019,Royal London Sterl Extra Yld Bd A,1.203
09/01/2019,Royal London Sterl Extra Yld Bd A,1.203
09/02/2019,Royal London Sterl Extra Yld Bd A,1.2051
09/03/2019,Royal London Sterl Extra Yld Bd A,1.2039
09/04/2019,Royal London Sterl Extra Yld Bd A,1.2025
09/05/2019,Royal London Sterl Extra Yld Bd A,1.2002
09/06/2019,Royal London Sterl Extra Yld Bd A,1.2033
09/07/2019,Royal London Sterl Extra Yld Bd A,1.2033
09/08/2019,Royal London Sterl Extra Yld Bd A,1.2033
09/09/2019,Royal London Sterl Extra Yld Bd A,1.2022
09/10/2019,Royal London Sterl Extra Yld Bd A,1.2021
09/11/2019,Royal London Sterl Extra Yld Bd A,1.2029
09/12/2019,Royal London Sterl Extra Yld Bd A,1.2061
09/13/2019,Royal London Sterl Extra Yld Bd A,1.2043
09/14/2019,Royal London Sterl Extra Yld Bd A,1.2043
09/15/2019,Royal London Sterl Extra Yld Bd A,1.2043
09/16/2019,Royal London Sterl Extra Yld Bd A,1.2074
09/17/2019,Royal London Sterl Extra Yld Bd A,1.2061
09/18/2019,Royal London Sterl Extra Yld Bd A,1.2052
09/19/2019,Royal London Sterl Extra Yld Bd A,1.2032
09/20/2019,Royal London Sterl Extra Yld Bd A,1.2034
09/21/2019,Royal London Sterl Extra Yld Bd A,1.2034
09/22/2019,Royal London Sterl Extra Yld Bd A,1.2034
09/23/2019,Royal London Sterl Extra Yld Bd A,1.2057
09/24/2019,Royal London Sterl Extra Yld Bd A,1.2038
09/25/2019,Royal London Sterl Extra Yld Bd A,1.2025
09/26/2019,Royal London Sterl Extra Yld Bd A,1.2022
09/27/2019,Royal London Sterl Extra Yld Bd A,1.2021
09/28/2019,Royal London Sterl Extra Yld Bd A,1.2021
09/29/2019,Royal London Sterl Extra Yld Bd A,1.2021
09/30/2019,Royal London Sterl Extra Yld Bd A,1.203
10/01/2019,Royal London Sterl Extra Yld Bd A,1.1854
10/02/2019,Royal London Sterl Extra Yld Bd A,1.1845
10/03/2019,Royal London Sterl Extra Yld Bd A,1.1833
10/04/2019,Royal London Sterl Extra Yld Bd A,1.1843
10/05/2019,Royal London Sterl Extra Yld Bd A,1.1843
10/06/2019,Royal London Sterl Extra Yld Bd A,1.1843
10/07/2019,Royal London Sterl Extra Yld Bd A,1.1841
10/08/2019,Royal London Sterl Extra Yld Bd A,1.1846
10/09/2019,Royal London Sterl Extra Yld Bd A,1.1833
10/10/2019,Royal London Sterl Extra Yld Bd A,1.1809
10/11/2019,Royal London Sterl Extra Yld Bd A,1.1792
10/12/2019,Royal London Sterl Extra Yld Bd A,1.1792
10/13/2019,Royal London Sterl Extra Yld Bd A,1.1792
10/14/2019,Royal London Sterl Extra Yld Bd A,1.1818
10/15/2019,Royal London Sterl Extra Yld Bd A,1.1824
10/16/2019,Royal London Sterl Extra Yld Bd A,1.1835
10/17/2019,Royal London Sterl Extra Yld Bd A,1.1852
10/18/2019,Royal London Sterl Extra Yld Bd A,1.1847
10/19/2019,Royal London Sterl Extra Yld Bd A,1.1847
10/20/2019,Royal London Sterl Extra Yld Bd A,1.1847
10/21/2019,Royal London Sterl Extra Yld Bd A,1.1854
10/22/2019,Royal London Sterl Extra Yld Bd A,1.1867
10/23/2019,Royal London Sterl Extra Yld Bd A,1.1875
10/24/2019,Royal London Sterl Extra Yld Bd A,1.19
10/25/2019,Royal London Sterl Extra Yld Bd A,1.1897
10/26/2019,Royal London Sterl Extra Yld Bd A,1.1897
10/27/2019,Royal London Sterl Extra Yld Bd A,1.1897
10/28/2019,Royal London Sterl Extra Yld Bd A,1.1892
10/29/2019,Royal London Sterl Extra Yld Bd A,1.1882
10/30/2019,Royal London Sterl Extra Yld Bd A,1.1894
10/31/2019,Royal London Sterl Extra Yld Bd A,1.1909
11/01/2019,Royal London Sterl Extra Yld Bd A,1.1909
11/02/2019,Royal London Sterl Extra Yld Bd A,1.1909
11/03/2019,Royal London Sterl Extra Yld Bd A,1.1909
11/04/2019,Royal London Sterl Extra Yld Bd A,1.191
11/05/2019,Royal London Sterl Extra Yld Bd A,1.1914
11/06/2019,Royal London Sterl Extra Yld Bd A,1.1923
11/07/2019,Royal London Sterl Extra Yld Bd A,1.1923
11/08/2019,Royal London Sterl Extra Yld Bd A,1.1923
11/09/2019,Royal London Sterl Extra Yld Bd A,1.1923
11/10/2019,Royal London Sterl Extra Yld Bd A,1.1923
11/11/2019,Royal London Sterl Extra Yld Bd A,1.1918
11/12/2019,Royal London Sterl Extra Yld Bd A,1.192
11/13/2019,Royal London Sterl Extra Yld Bd A,1.1927
11/14/2019,Royal London Sterl Extra Yld Bd A,1.1925
11/15/2019,Royal London Sterl Extra Yld Bd A,1.1923
11/16/2019,Royal London Sterl Extra Yld Bd A,1.1923
11/17/2019,Royal London Sterl Extra Yld Bd A,1.1923
11/18/2019,Royal London Sterl Extra Yld Bd A,1.1927
11/19/2019,Royal London Sterl Extra Yld Bd A,1.1937
11/20/2019,Royal London Sterl Extra Yld Bd A,1.193
11/21/2019,Royal London Sterl Extra Yld Bd A,1.1921
11/22/2019,Royal London Sterl Extra Yld Bd A,1.1934
11/23/2019,Royal London Sterl Extra Yld Bd A,1.1934
11/24/2019,Royal London Sterl Extra Yld Bd A,1.1934
11/25/2019,Royal London Sterl Extra Yld Bd A,1.1945
11/26/2019,Royal London Sterl Extra Yld Bd A,1.1966
11/27/2019,Royal London Sterl Extra Yld Bd A,1.1967
11/28/2019,Royal London Sterl Extra Yld Bd A,1.1966
11/29/2019,Royal London Sterl Extra Yld Bd A,1.1972
11/30/2019,Royal London Sterl Extra Yld Bd A,1.1972
12/01/2019,Royal London Sterl Extra Yld Bd A,1.1972
12/02/2019,Royal London Sterl Extra Yld Bd A,1.198
12/03/2019,Royal London Sterl Extra Yld Bd A,1.1973
12/04/2019,Royal London Sterl Extra Yld Bd A,1.1959
12/05/2019,Royal London Sterl Extra Yld Bd A,1.1958
12/06/2019,Royal London Sterl Extra Yld Bd A,1.197
12/07/2019,Royal London Sterl Extra Yld Bd A,1.197
12/08/2019,Royal London Sterl Extra Yld Bd A,1.197
12/09/2019,Royal London Sterl Extra Yld Bd A,1.1974
12/10/2019,Royal London Sterl Extra Yld Bd A,1.1976
12/11/2019,Royal London Sterl Extra Yld Bd A,1.1987
12/12/2019,Royal London Sterl Extra Yld Bd A,1.1979
12/13/2019,Royal London Sterl Extra Yld Bd A,1.2027
12/14/2019,Royal London Sterl Extra Yld Bd A,1.2027
12/15/2019,Royal London Sterl Extra Yld Bd A,1.2027
12/16/2019,Royal London Sterl Extra Yld Bd A,1.2027
12/17/2019,Royal London Sterl Extra Yld Bd A,1.2039
12/18/2019,Royal London Sterl Extra Yld Bd A,1.2034
12/19/2019,Royal London Sterl Extra Yld Bd A,1.2039
12/20/2019,Royal London Sterl Extra Yld Bd A,1.2041
12/21/2019,Royal London Sterl Extra Yld Bd A,1.2041
12/22/2019,Royal London Sterl Extra Yld Bd A,1.2041
12/23/2019,Royal London Sterl Extra Yld Bd A,1.2069
12/24/2019,Royal London Sterl Extra Yld Bd A,1.2069
12/25/2019,Royal London Sterl Extra Yld Bd A,1.2069
12/26/2019,Royal London Sterl Extra Yld Bd A,1.2069
12/27/2019,Royal London Sterl Extra Yld Bd A,1.2074
12/28/2019,Royal London Sterl Extra Yld Bd A,1.2074
12/29/2019,Royal London Sterl Extra Yld Bd A,1.2074
12/30/2019,Royal London Sterl Extra Yld Bd A,1.2057
12/31/2019,Royal London Sterl Extra Yld Bd A,1.2062
01/01/2020,Royal London Sterl Extra Yld Bd A,1.2062
01/02/2020,Royal London Sterl Extra Yld Bd A,1.1921
01/03/2020,Royal London Sterl Extra Yld Bd A,1.194
01/04/2020,Royal London Sterl Extra Yld Bd A,1.194
01/05/2020,Royal London Sterl Extra Yld Bd A,1.194
01/06/2020,Royal London Sterl Extra Yld Bd A,1.1935
01/07/2020,Royal London Sterl Extra Yld Bd A,1.196
01/08/2020,Royal London Sterl Extra Yld Bd A,1.1962
01/09/2020,Royal London Sterl Extra Yld Bd A,1.1983
01/10/2020,Royal London Sterl Extra Yld Bd A,1.2002
01/11/2020,Royal London Sterl Extra Yld Bd A,1.2002
01/12/2020,Royal London Sterl Extra Yld Bd A,1.2002
01/13/2020,Royal London Sterl Extra Yld Bd A,1.2064
01/14/2020,Royal London Sterl Extra Yld Bd A,1.2068
01/15/2020,Royal London Sterl Extra Yld Bd A,1.2073
01/16/2020,Royal London Sterl Extra Yld Bd A,1.2082
01/17/2020,Royal London Sterl Extra Yld Bd A,1.2098
01/18/2020,Royal London Sterl Extra Yld Bd A,1.2098
01/19/2020,Royal London Sterl Extra Yld Bd A,1.2098
01/20/2020,Royal London Sterl Extra Yld Bd A,1.2112
01/21/2020,Royal London Sterl Extra Yld Bd A,1.2123
01/22/2020,Royal London Sterl Extra Yld Bd A,1.213
01/23/2020,Royal London Sterl Extra Yld Bd A,1.2151
01/24/2020,Royal London Sterl Extra Yld Bd A,1.2147
01/25/2020,Royal London Sterl Extra Yld Bd A,1.2147
01/26/2020,Royal London Sterl Extra Yld Bd A,1.2147
01/27/2020,Royal London Sterl Extra Yld Bd A,1.2143
01/28/2020,Royal London Sterl Extra Yld Bd A,1.2131
01/29/2020,Royal London Sterl Extra Yld Bd A,1.2141
01/30/2020,Royal London Sterl Extra Yld Bd A,1.2109
01/31/2020,Royal London Sterl Extra Yld Bd A,1.2113
02/01/2020,Royal London Sterl Extra Yld Bd A,1.2113
02/02/2020,Royal London Sterl Extra Yld Bd A,1.2113
02/03/2020,Royal London Sterl Extra Yld Bd A,1.2099
02/04/2020,Royal London Sterl Extra Yld Bd A,1.2109
02/05/2020,Royal London Sterl Extra Yld Bd A,1.212
02/06/2020,Royal London Sterl Extra Yld Bd A,1.2145
02/07/2020,Royal London Sterl Extra Yld Bd A,1.2147
02/08/2020,Royal London Sterl Extra Yld Bd A,1.2147
02/09/2020,Royal London Sterl Extra Yld Bd A,1.2147
02/10/2020,Royal London Sterl Extra Yld Bd A,1.215
02/11/2020,Royal London Sterl Extra Yld Bd A,1.2158
02/12/2020,Royal London Sterl Extra Yld Bd A,1.2171
02/13/2020,Royal London Sterl Extra Yld Bd A,1.2153
02/14/2020,Royal London Sterl Extra Yld Bd A,1.2167
02/15/2020,Royal London Sterl Extra Yld Bd A,1.2167
02/16/2020,Royal London Sterl Extra Yld Bd A,1.2167
02/17/2020,Royal London Sterl Extra Yld Bd A,1.2173
02/18/2020,Royal London Sterl Extra Yld Bd A,1.2174
02/19/2020,Royal London Sterl Extra Yld Bd A,1.2209
02/20/2020,Royal London Sterl Extra Yld Bd A,1.2224
02/21/2020,Royal London Sterl Extra Yld Bd A,1.2225
02/22/2020,Royal London Sterl Extra Yld Bd A,1.2225
02/23/2020,Royal London Sterl Extra Yld Bd A,1.2225
02/24/2020,Royal London Sterl Extra Yld Bd A,1.2185
02/25/2020,Royal London Sterl Extra Yld Bd A,1.2161
02/26/2020,Royal London Sterl Extra Yld Bd A,1.2134
02/27/2020,Royal London Sterl Extra Yld Bd A,1.2088
02/28/2020,Royal London Sterl Extra Yld Bd A,1.2015
02/29/2020,Royal London Sterl Extra Yld Bd A,1.2015
03/01/2020,Royal London Sterl Extra Yld Bd A,1.2015
03/02/2020,Royal London Sterl Extra Yld Bd A,1.2027
03/03/2020,Royal London Sterl Extra Yld Bd A,1.2064
03/04/2020,Royal London Sterl Extra Yld Bd A,1.2061
03/05/2020,Royal London Sterl Extra Yld Bd A,1.2031
03/06/2020,Royal London Sterl Extra Yld Bd A,1.1976
03/07/2020,Royal London Sterl Extra Yld Bd A,1.1976
03/08/2020,Royal London Sterl Extra Yld Bd A,1.1976
03/09/2020,Royal London Sterl Extra Yld Bd A,1.1752
03/10/2020,Royal London Sterl Extra Yld Bd A,1.1705
03/11/2020,Royal London Sterl Extra Yld Bd A,1.165
03/12/2020,Royal London Sterl Extra Yld Bd A,1.1377
03/13/2020,Royal London Sterl Extra Yld Bd A,1.1197
03/14/2020,Royal London Sterl Extra Yld Bd A,1.1197
03/15/2020,Royal London Sterl Extra Yld Bd A,1.1197
03/16/2020,Royal London Sterl Extra Yld Bd A,1.0923
03/17/2020,Royal London Sterl Extra Yld Bd A,1.0277
03/18/2020,Royal London Sterl Extra Yld Bd A,0.9998
03/19/2020,Royal London Sterl Extra Yld Bd A,0.991
03/20/2020,Royal London Sterl Extra Yld Bd A,0.9873
03/21/2020,Royal London Sterl Extra Yld Bd A,0.9873
03/22/2020,Royal London Sterl Extra Yld Bd A,0.9873
03/23/2020,Royal London Sterl Extra Yld Bd A,0.981
03/24/2020,Royal London Sterl Extra Yld Bd A,0.975
03/25/2020,Royal London Sterl Extra Yld Bd A,0.9845
03/26/2020,Royal London Sterl Extra Yld Bd A,0.9968
03/27/2020,Royal London Sterl Extra Yld Bd A,1.002
03/28/2020,Royal London Sterl Extra Yld Bd A,1.002
03/29/2020,Royal London Sterl Extra Yld Bd A,1.002
03/30/2020,Royal London Sterl Extra Yld Bd A,0.9989
03/31/2020,Royal London Sterl Extra Yld Bd A,1.0034
04/01/2020,Royal London Sterl Extra Yld Bd A,1.0096
04/02/2020,Royal London Sterl Extra Yld Bd A,1.0357
04/03/2020,Royal London Sterl Extra Yld Bd A,1.0109
04/04/2020,Royal London Sterl Extra Yld Bd A,1.0109
04/05/2020,Royal London Sterl Extra Yld Bd A,1.0109
04/06/2020,Royal London Sterl Extra Yld Bd A,1.0345
04/07/2020,Royal London Sterl Extra Yld Bd A,1.0232
04/08/2020,Royal London Sterl Extra Yld Bd A,1.0267
04/09/2020,Royal London Sterl Extra Yld Bd A,1.0354
04/10/2020,Royal London Sterl Extra Yld Bd A,1.0354
04/11/2020,Royal London Sterl Extra Yld Bd A,1.0354
04/12/2020,Royal London Sterl Extra Yld Bd A,1.0354
04/13/2020,Royal London Sterl Extra Yld Bd A,1.0354
04/14/2020,Royal London Sterl Extra Yld Bd A,1.0423
04/15/2020,Royal London Sterl Extra Yld Bd A,1.0405
04/16/2020,Royal London Sterl Extra Yld Bd A,1.0395
04/17/2020,Royal London Sterl Extra Yld Bd A,1.0398
04/18/2020,Royal London Sterl Extra Yld Bd A,1.0398
04/19/2020,Royal London Sterl Extra Yld Bd A,1.0398
04/20/2020,Royal London Sterl Extra Yld Bd A,1.0569
04/21/2020,Royal London Sterl Extra Yld Bd A,1.0373
04/22/2020,Royal London Sterl Extra Yld Bd A,1.0379
04/23/2020,Royal London Sterl Extra Yld Bd A,1.041
04/24/2020,Royal London Sterl Extra Yld Bd A,1.0409
04/25/2020,Royal London Sterl Extra Yld Bd A,1.0409
04/26/2020,Royal London Sterl Extra Yld Bd A,1.0409
04/27/2020,Royal London Sterl Extra Yld Bd A,1.0412
04/28/2020,Royal London Sterl Extra Yld Bd A,1.0428
04/29/2020,Royal London Sterl Extra Yld Bd A,1.0438
04/30/2020,Royal London Sterl Extra Yld Bd A,1.0438
05/01/2020,Royal London Sterl Extra Yld Bd A,1.0434
05/02/2020,Royal London Sterl Extra Yld Bd A,1.0434
05/03/2020,Royal London Sterl Extra Yld Bd A,1.0434
05/04/2020,Royal London Sterl Extra Yld Bd A,1.0426
05/05/2020,Royal London Sterl Extra Yld Bd A,1.0442
05/06/2020,Royal London Sterl Extra Yld Bd A,1.0441
05/07/2020,Royal London Sterl Extra Yld Bd A,1.0444
05/08/2020,Royal London Sterl Extra Yld Bd A,1.0444
05/09/2020,Royal London Sterl Extra Yld Bd A,1.0444
05/10/2020,Royal London Sterl Extra Yld Bd A,1.0444
05/11/2020,Royal London Sterl Extra Yld Bd A,1.0436
05/12/2020,Royal London Sterl Extra Yld Bd A,1.0448
05/13/2020,Royal London Sterl Extra Yld Bd A,1.0438
05/14/2020,Royal London Sterl Extra Yld Bd A,1.0405
05/15/2020,Royal London Sterl Extra Yld Bd A,1.0402
05/16/2020,Royal London Sterl Extra Yld Bd A,1.0402
05/17/2020,Royal London Sterl Extra Yld Bd A,1.0402
05/18/2020,Royal London Sterl Extra Yld Bd A,1.0405
05/19/2020,Royal London Sterl Extra Yld Bd A,1.0441
05/20/2020,Royal London Sterl Extra Yld Bd A,1.0458
05/21/2020,Royal London Sterl Extra Yld Bd A,1.0496
05/22/2020,Royal London Sterl Extra Yld Bd A,1.0492
05/23/2020,Royal London Sterl Extra Yld Bd A,1.0492
05/24/2020,Royal London Sterl Extra Yld Bd A,1.0492
05/25/2020,Royal London Sterl Extra Yld Bd A,1.0492
05/26/2020,Royal London Sterl Extra Yld Bd A,1.0511
05/27/2020,Royal London Sterl Extra Yld Bd A,1.0565
05/28/2020,Royal London Sterl Extra Yld Bd A,1.0596
05/29/2020,Royal London Sterl Extra Yld Bd A,1.0603
05/30/2020,Royal London Sterl Extra Yld Bd A,1.0603
05/31/2020,Royal London Sterl Extra Yld Bd A,1.0603
06/01/2020,Royal London Sterl Extra Yld Bd A,1.0601
06/02/2020,Royal London Sterl Extra Yld Bd A,1.0617
06/03/2020,Royal London Sterl Extra Yld Bd A,1.0641
06/04/2020,Royal London Sterl Extra Yld Bd A,1.068
06/05/2020,Royal London Sterl Extra Yld Bd A,1.0743
06/06/2020,Royal London Sterl Extra Yld Bd A,1.0743
06/07/2020,Royal London Sterl Extra Yld Bd A,1.0743
06/08/2020,Royal London Sterl Extra Yld Bd A,1.0794
06/09/2020,Royal London Sterl Extra Yld Bd A,1.0797
06/10/2020,Royal London Sterl Extra Yld Bd A,1.0803
06/11/2020,Royal London Sterl Extra Yld Bd A,1.0789
06/12/2020,Royal London Sterl Extra Yld Bd A,1.0795
06/13/2020,Royal London Sterl Extra Yld Bd A,1.0795
06/14/2020,Royal London Sterl Extra Yld Bd A,1.0795
06/15/2020,Royal London Sterl Extra Yld Bd A,1.0777
06/16/2020,Royal London Sterl Extra Yld Bd A,1.0829
06/17/2020,Royal London Sterl Extra Yld Bd A,1.0856
06/18/2020,Royal London Sterl Extra Yld Bd A,1.0846
06/19/2020,Royal London Sterl Extra Yld Bd A,1.0838
06/20/2020,Royal London Sterl Extra Yld Bd A,1.0838
06/21/2020,Royal London Sterl Extra Yld Bd A,1.0838
06/22/2020,Royal London Sterl Extra Yld Bd A,1.0834
06/23/2020,Royal London Sterl Extra Yld Bd A,1.084
06/24/2020,Royal London Sterl Extra Yld Bd A,1.0846
06/25/2020,Royal London Sterl Extra Yld Bd A,1.0833
06/26/2020,Royal London Sterl Extra Yld Bd A,1.0837
06/27/2020,Royal London Sterl Extra Yld Bd A,1.0837
06/28/2020,Royal London Sterl Extra Yld Bd A,1.0837
06/29/2020,Royal London Sterl Extra Yld Bd A,1.0858
06/30/2020,Royal London Sterl Extra Yld Bd A,1.085
07/01/2020,Royal London Sterl Extra Yld Bd A,1.0706
07/02/2020,Royal London Sterl Extra Yld Bd A,1.0741
07/03/2020,Royal London Sterl Extra Yld Bd A,1.0754
07/04/2020,Royal London Sterl Extra Yld Bd A,1.0754
07/05/2020,Royal London Sterl Extra Yld Bd A,1.0754
07/06/2020,Royal London Sterl Extra Yld Bd A,1.0793
07/07/2020,Royal London Sterl Extra Yld Bd A,1.079
07/08/2020,Royal London Sterl Extra Yld Bd A,1.0796
07/09/2020,Royal London Sterl Extra Yld Bd A,1.0789
07/10/2020,Royal London Sterl Extra Yld Bd A,1.0788
07/11/2020,Royal London Sterl Extra Yld Bd A,1.0788
07/12/2020,Royal London Sterl Extra Yld Bd A,1.0788
07/13/2020,Royal London Sterl Extra Yld Bd A,1.0803
07/14/2020,Royal London Sterl Extra Yld Bd A,1.0815
07/15/2020,Royal London Sterl Extra Yld Bd A,1.0823
07/16/2020,Royal London Sterl Extra Yld Bd A,1.0835
07/17/2020,Royal London Sterl Extra Yld Bd A,1.0859
07/18/2020,Royal London Sterl Extra Yld Bd A,1.0859
07/19/2020,Royal London Sterl Extra Yld Bd A,1.0859
07/20/2020,Royal London Sterl Extra Yld Bd A,1.0861
07/21/2020,Royal London Sterl Extra Yld Bd A,1.0893
07/22/2020,Royal London Sterl Extra Yld Bd A,1.0912
07/23/2020,Royal London Sterl Extra Yld Bd A,1.0919
07/24/2020,Royal London Sterl Extra Yld Bd A,1.0917
07/25/2020,Royal London Sterl Extra Yld Bd A,1.0917
07/26/2020,Royal London Sterl Extra Yld Bd A,1.0917
07/27/2020,Royal London Sterl Extra Yld Bd A,1.0923
07/28/2020,Royal London Sterl Extra Yld Bd A,1.0916
07/29/2020,Royal London Sterl Extra Yld Bd A,1.0909
07/30/2020,Royal London Sterl Extra Yld Bd A,1.0898
07/31/2020,Royal London Sterl Extra Yld Bd A,1.0887
08/01/2020,Royal London Sterl Extra Yld Bd A,1.0887
08/02/2020,Royal London Sterl Extra Yld Bd A,1.0887
08/03/2020,Royal London Sterl Extra Yld Bd A,1.0904
08/04/2020,Royal London Sterl Extra Yld Bd A,1.0925
08/05/2020,Royal London Sterl Extra Yld Bd A,1.0927
08/06/2020,Royal London Sterl Extra Yld Bd A,1.0937
08/07/2020,Royal London Sterl Extra Yld Bd A,1.0943
08/08/2020,Royal London Sterl Extra Yld Bd A,1.0943
08/09/2020,Royal London Sterl Extra Yld Bd A,1.0943
08/10/2020,Royal London Sterl Extra Yld Bd A,1.0953
08/11/2020,Royal London Sterl Extra Yld Bd A,1.0968
08/12/2020,Royal London Sterl Extra Yld Bd A,1.0972
08/13/2020,Royal London Sterl Extra Yld Bd A,1.0977
08/14/2020,Royal London Sterl Extra Yld Bd A,1.0962
08/15/2020,Royal London Sterl Extra Yld Bd A,1.0962
08/16/2020,Royal London Sterl Extra Yld Bd A,1.0962
08/17/2020,Royal London Sterl Extra Yld Bd A,1.0973
08/18/2020,Royal London Sterl Extra Yld Bd A,1.0963
08/19/2020,Royal London Sterl Extra Yld Bd A,1.0967
08/20/2020,Royal London Sterl Extra Yld Bd A,1.0977
08/21/2020,Royal London Sterl Extra Yld Bd A,1.0984
08/22/2020,Royal London Sterl Extra Yld Bd A,1.0984
08/23/2020,Royal London Sterl Extra Yld Bd A,1.0984
08/24/2020,Royal London Sterl Extra Yld Bd A,1.0994
08/25/2020,Royal London Sterl Extra Yld Bd A,1.0986
08/26/2020,Royal London Sterl Extra Yld Bd A,1.0981
08/27/2020,Royal London Sterl Extra Yld Bd A,1.098
08/28/2020,Royal London Sterl Extra Yld Bd A,1.0988
08/29/2020,Royal London Sterl Extra Yld Bd A,1.0988
08/30/2020,Royal London Sterl Extra Yld Bd A,1.0988
08/31/2020,Royal London Sterl Extra Yld Bd A,1.0988
09/01/2020,Royal London Sterl Extra Yld Bd A,1.0996
09/02/2020,Royal London Sterl Extra Yld Bd A,1.1028
09/03/2020,Royal London Sterl Extra Yld Bd A,1.1039
09/04/2020,Royal London Sterl Extra Yld Bd A,1.1028
09/05/2020,Royal London Sterl Extra Yld Bd A,1.1028
09/06/2020,Royal London Sterl Extra Yld Bd A,1.1028
09/07/2020,Royal London Sterl Extra Yld Bd A,1.1039
09/08/2020,Royal London Sterl Extra Yld Bd A,1.1035
09/09/2020,Royal London Sterl Extra Yld Bd A,1.1015
09/10/2020,Royal London Sterl Extra Yld Bd A,1.1025
09/11/2020,Royal London Sterl Extra Yld Bd A,1.1021
09/12/2020,Royal London Sterl Extra Yld Bd A,1.1021
09/13/2020,Royal London Sterl Extra Yld Bd A,1.1021
09/14/2020,Royal London Sterl Extra Yld Bd A,1.1012
09/15/2020,Royal London Sterl Extra Yld Bd A,1.102
09/16/2020,Royal London Sterl Extra Yld Bd A,1.1026
09/17/2020,Royal London Sterl Extra Yld Bd A,1.1045
09/18/2020,Royal London Sterl Extra Yld Bd A,1.106
09/19/2020,Royal London Sterl Extra Yld Bd A,1.106
09/20/2020,Royal London Sterl Extra Yld Bd A,1.106
09/21/2020,Royal London Sterl Extra Yld Bd A,1.1033
09/22/2020,Royal London Sterl Extra Yld Bd A,1.0995
09/23/2020,Royal London Sterl Extra Yld Bd A,1.1002
09/24/2020,Royal London Sterl Extra Yld Bd A,1.0958
09/25/2020,Royal London Sterl Extra Yld Bd A,1.0957
09/26/2020,Royal London Sterl Extra Yld Bd A,1.0957
09/27/2020,Royal London Sterl Extra Yld Bd A,1.0957
09/28/2020,Royal London Sterl Extra Yld Bd A,1.0959
09/29/2020,Royal London Sterl Extra Yld Bd A,1.0981
09/30/2020,Royal London Sterl Extra Yld Bd A,1.0993
10/01/2020,Royal London Sterl Extra Yld Bd A,1.0863
10/02/2020,Royal London Sterl Extra Yld Bd A,1.085
10/03/2020,Royal London Sterl Extra Yld Bd A,1.085
10/04/2020,Royal London Sterl Extra Yld Bd A,1.085
10/05/2020,Royal London Sterl Extra Yld Bd A,1.0857
10/06/2020,Royal London Sterl Extra Yld Bd A,1.0872
10/07/2020,Royal London Sterl Extra Yld Bd A,1.0876
10/08/2020,Royal London Sterl Extra Yld Bd A,1.0884
10/09/2020,Royal London Sterl Extra Yld Bd A,1.0888
10/10/2020,Royal London Sterl Extra Yld Bd A,1.0888
10/11/2020,Royal London Sterl Extra Yld Bd A,1.0888
10/12/2020,Royal London Sterl Extra Yld Bd A,1.0897
10/13/2020,Royal London Sterl Extra Yld Bd A,1.0912
10/14/2020,Royal London Sterl Extra Yld Bd A,1.0911
10/15/2020,Royal London Sterl Extra Yld Bd A,1.0902
10/16/2020,Royal London Sterl Extra Yld Bd A,1.0901
10/17/2020,Royal London Sterl Extra Yld Bd A,1.0901
10/18/2020,Royal London Sterl Extra Yld Bd A,1.0901
10/19/2020,Royal London Sterl Extra Yld Bd A,1.0912
10/20/2020,Royal London Sterl Extra Yld Bd A,1.0919
10/21/2020,Royal London Sterl Extra Yld Bd A,1.091
10/22/2020,Royal London Sterl Extra Yld Bd A,1.0928
10/23/2020,Royal London Sterl Extra Yld Bd A,1.0948
10/24/2020,Royal London Sterl Extra Yld Bd A,1.0948
10/25/2020,Royal London Sterl Extra Yld Bd A,1.0948
10/26/2020,Royal London Sterl Extra Yld Bd A,1.0959
10/27/2020,Royal London Sterl Extra Yld Bd A,1.0968
10/28/2020,Royal London Sterl Extra Yld Bd A,1.0949
10/29/2020,Royal London Sterl Extra Yld Bd A,1.0929
10/30/2020,Royal London Sterl Extra Yld Bd A,1.0909
10/31/2020,Royal London Sterl Extra Yld Bd A,1.0909
11/01/2020,Royal London Sterl Extra Yld Bd A,1.0909
11/02/2020,Royal London Sterl Extra Yld Bd A,1.0925
11/03/2020,Royal London Sterl Extra Yld Bd A,1.0924
11/04/2020,Royal London Sterl Extra Yld Bd A,1.0941
11/05/2020,Royal London Sterl Extra Yld Bd A,1.0969
11/06/2020,Royal London Sterl Extra Yld Bd A,1.0974
11/07/2020,Royal London Sterl Extra Yld Bd A,1.0974
11/08/2020,Royal London Sterl Extra Yld Bd A,1.0974
11/09/2020,Royal London Sterl Extra Yld Bd A,1.1034
11/10/2020,Royal London Sterl Extra Yld Bd A,1.1043
11/11/2020,Royal London Sterl Extra Yld Bd A,1.1052
11/12/2020,Royal London Sterl Extra Yld Bd A,1.1075
11/13/2020,Royal London Sterl Extra Yld Bd A,1.1087
11/14/2020,Royal London Sterl Extra Yld Bd A,1.1087
11/15/2020,Royal London Sterl Extra Yld Bd A,1.1087
11/16/2020,Royal London Sterl Extra Yld Bd A,1.1128
11/17/2020,Royal London Sterl Extra Yld Bd A,1.1153
11/18/2020,Royal London Sterl Extra Yld Bd A,1.1167
11/19/2020,Royal London Sterl Extra Yld Bd A,1.1183
11/20/2020,Royal London Sterl Extra Yld Bd A,1.1202
11/21/2020,Royal London Sterl Extra Yld Bd A,1.1202
11/22/2020,Royal London Sterl Extra Yld Bd A,1.1202
11/23/2020,Royal London Sterl Extra Yld Bd A,1.1234
11/24/2020,Royal London Sterl Extra Yld Bd A,1.1278
11/25/2020,Royal London Sterl Extra Yld Bd A,1.1305
11/26/2020,Royal London Sterl Extra Yld Bd A,1.1326
11/27/2020,Royal London Sterl Extra Yld Bd A,1.1329
11/28/2020,Royal London Sterl Extra Yld Bd A,1.1329
11/29/2020,Royal London Sterl Extra Yld Bd A,1.1329
11/30/2020,Royal London Sterl Extra Yld Bd A,1.1312
12/01/2020,Royal London Sterl Extra Yld Bd A,1.1328
12/02/2020,Royal London Sterl Extra Yld Bd A,1.1344
12/03/2020,Royal London Sterl Extra Yld Bd A,1.1347
12/04/2020,Royal London Sterl Extra Yld Bd A,1.1358
12/05/2020,Royal London Sterl Extra Yld Bd A,1.1358
12/06/2020,Royal London Sterl Extra Yld Bd A,1.1358
12/07/2020,Royal London Sterl Extra Yld Bd A,1.1392
12/08/2020,Royal London Sterl Extra Yld Bd A,1.1398
12/09/2020,Royal London Sterl Extra Yld Bd A,1.1398
12/10/2020,Royal London Sterl Extra Yld Bd A,1.1423
12/11/2020,Royal London Sterl Extra Yld Bd A,1.1415
12/12/2020,Royal London Sterl Extra Yld Bd A,1.1415
12/13/2020,Royal London Sterl Extra Yld Bd A,1.1415
12/14/2020,Royal London Sterl Extra Yld Bd A,1.1404
12/15/2020,Royal London Sterl Extra Yld Bd A,1.1392
12/16/2020,Royal London Sterl Extra Yld Bd A,1.1404
12/17/2020,Royal London Sterl Extra Yld Bd A,1.1424
12/18/2020,Royal London Sterl Extra Yld Bd A,1.1439
12/19/2020,Royal London Sterl Extra Yld Bd A,1.1439
12/20/2020,Royal London Sterl Extra Yld Bd A,1.1439
12/21/2020,Royal London Sterl Extra Yld Bd A,1.1445
12/22/2020,Royal London Sterl Extra Yld Bd A,1.145
12/23/2020,Royal London Sterl Extra Yld Bd A,1.1442
12/24/2020,Royal London Sterl Extra Yld Bd A,1.1452
12/25/2020,Royal London Sterl Extra Yld Bd A,1.1452
12/26/2020,Royal London Sterl Extra Yld Bd A,1.1452
12/27/2020,Royal London Sterl Extra Yld Bd A,1.1452
12/28/2020,Royal London Sterl Extra Yld Bd A,1.1452
12/29/2020,Royal London Sterl Extra Yld Bd A,1.1491
12/30/2020,Royal London Sterl Extra Yld Bd A,1.1496
12/31/2020,Royal London Sterl Extra Yld Bd A,1.1489
01/01/2021,Royal London Sterl Extra Yld Bd A,1.1489
01/02/2021,Royal London Sterl Extra Yld Bd A,1.1489
01/03/2021,Royal London Sterl Extra Yld Bd A,1.1489
01/04/2021,Royal London Sterl Extra Yld Bd A,1.1388
01/05/2021,Royal London Sterl Extra Yld Bd A,1.139
01/06/2021,Royal London Sterl Extra Yld Bd A,1.1408
01/07/2021,Royal London Sterl Extra Yld Bd A,1.1419
01/08/2021,Royal London Sterl Extra Yld Bd A,1.1428
01/09/2021,Royal London Sterl Extra Yld Bd A,1.1428
01/10/2021,Royal London Sterl Extra Yld Bd A,1.1428
01/11/2021,Royal London Sterl Extra Yld Bd A,1.1413
01/12/2021,Royal London Sterl Extra Yld Bd A,1.1393
01/13/2021,Royal London Sterl Extra Yld Bd A,1.1398
01/14/2021,Royal London Sterl Extra Yld Bd A,1.1409
01/15/2021,Royal London Sterl Extra Yld Bd A,1.1414
01/16/2021,Royal London Sterl Extra Yld Bd A,1.1414
01/17/2021,Royal London Sterl Extra Yld Bd A,1.1414
01/18/2021,Royal London Sterl Extra Yld Bd A,1.1424
01/19/2021,Royal London Sterl Extra Yld Bd A,1.1441
01/20/2021,Royal London Sterl Extra Yld Bd A,1.1452
01/21/2021,Royal London Sterl Extra Yld Bd A,1.1464
01/22/2021,Royal London Sterl Extra Yld Bd A,1.1466
01/23/2021,Royal London Sterl Extra Yld Bd A,1.1466
01/24/2021,Royal London Sterl Extra Yld Bd A,1.1466
01/25/2021,Royal London Sterl Extra Yld Bd A,1.1475
01/26/2021,Royal London Sterl Extra Yld Bd A,1.1466
01/27/2021,Royal London Sterl Extra Yld Bd A,1.1463
01/28/2021,Royal London Sterl Extra Yld Bd A,1.1449
01/29/2021,Royal London Sterl Extra Yld Bd A,1.1456
01/30/2021,Royal London Sterl Extra Yld Bd A,1.1456
01/31/2021,Royal London Sterl Extra Yld Bd A,1.1456
02/01/2021,Royal London Sterl Extra Yld Bd A,1.1465
02/02/2021,Royal London Sterl Extra Yld Bd A,1.1473
02/03/2021,Royal London Sterl Extra Yld Bd A,1.149
02/04/2021,Royal London Sterl Extra Yld Bd A,1.1488
02/05/2021,Royal London Sterl Extra Yld Bd A,1.1507
02/06/2021,Royal London Sterl Extra Yld Bd A,1.1507
02/07/2021,Royal London Sterl Extra Yld Bd A,1.1507
02/08/2021,Royal London Sterl Extra Yld Bd A,1.1524
02/09/2021,Royal London Sterl Extra Yld Bd A,1.1533
02/10/2021,Royal London Sterl Extra Yld Bd A,1.1538
02/11/2021,Royal London Sterl Extra Yld Bd A,1.1563
02/12/2021,Royal London Sterl Extra Yld Bd A,1.1552
02/13/2021,Royal London Sterl Extra Yld Bd A,1.1552
02/14/2021,Royal London Sterl Extra Yld Bd A,1.1552
02/15/2021,Royal London Sterl Extra Yld Bd A,1.1551
02/16/2021,Royal London Sterl Extra Yld Bd A,1.1546
02/17/2021,Royal London Sterl Extra Yld Bd A,1.1551
02/18/2021,Royal London Sterl Extra Yld Bd A,1.1538
02/19/2021,Royal London Sterl Extra Yld Bd A,1.1527
02/20/2021,Royal London Sterl Extra Yld Bd A,1.1527
02/21/2021,Royal London Sterl Extra Yld Bd A,1.1527
02/22/2021,Royal London Sterl Extra Yld Bd A,1.1521
02/23/2021,Royal London Sterl Extra Yld Bd A,1.1507
02/24/2021,Royal London Sterl Extra Yld Bd A,1.1501
02/25/2021,Royal London Sterl Extra Yld Bd A,1.1495
02/26/2021,Royal London Sterl Extra Yld Bd A,1.1467
02/27/2021,Royal London Sterl Extra Yld Bd A,1.1467
02/28/2021,Royal London Sterl Extra Yld Bd A,1.1467
03/01/2021,Royal London Sterl Extra Yld Bd A,1.151
03/02/2021,Royal London Sterl Extra Yld Bd A,1.1521
03/03/2021,Royal London Sterl Extra Yld Bd A,1.1511
03/04/2021,Royal London Sterl Extra Yld Bd A,1.1518
03/05/2021,Royal London Sterl Extra Yld Bd A,1.1509
03/06/2021,Royal London Sterl Extra Yld Bd A,1.1509
03/07/2021,Royal London Sterl Extra Yld Bd A,1.1509
03/08/2021,Royal London Sterl Extra Yld Bd A,1.1515
03/09/2021,Royal London Sterl Extra Yld Bd A,1.1524
03/10/2021,Royal London Sterl Extra Yld Bd A,1.152
03/11/2021,Royal London Sterl Extra Yld Bd A,1.1535
03/12/2021,Royal London Sterl Extra Yld Bd A,1.1531
03/13/2021,Royal London Sterl Extra Yld Bd A,1.1531
03/14/2021,Royal London Sterl Extra Yld Bd A,1.1531
03/15/2021,Royal London Sterl Extra Yld Bd A,1.1673
03/16/2021,Royal London Sterl Extra Yld Bd A,1.1534
03/17/2021,Royal London Sterl Extra Yld Bd A,1.152
03/18/2021,Royal London Sterl Extra Yld Bd A,1.1512
03/19/2021,Royal London Sterl Extra Yld Bd A,1.1518
03/20/2021,Royal London Sterl Extra Yld Bd A,1.1518
03/21/2021,Royal London Sterl Extra Yld Bd A,1.1518
03/22/2021,Royal London Sterl Extra Yld Bd A,1.1538
03/23/2021,Royal London Sterl Extra Yld Bd A,1.1555
03/24/2021,Royal London Sterl Extra Yld Bd A,1.1573
03/25/2021,Royal London Sterl Extra Yld Bd A,1.1577
03/26/2021,Royal London Sterl Extra Yld Bd A,1.1573
03/27/2021,Royal London Sterl Extra Yld Bd A,1.1573
03/28/2021,Royal London Sterl Extra Yld Bd A,1.1573
03/29/2021,Royal London Sterl Extra Yld Bd A,1.1594
03/30/2021,Royal London Sterl Extra Yld Bd A,1.1584
03/31/2021,Royal London Sterl Extra Yld Bd A,1.1583
04/01/2021,Royal London Sterl Extra Yld Bd A,1.1441
04/02/2021,Royal London Sterl Extra Yld Bd A,1.1441
04/03/2021,Royal London Sterl Extra Yld Bd A,1.1441
04/04/2021,Royal London Sterl Extra Yld Bd A,1.1441
04/05/2021,Royal London Sterl Extra Yld Bd A,1.1441
04/06/2021,Royal London Sterl Extra Yld Bd A,1.1456
04/07/2021,Royal London Sterl Extra Yld Bd A,1.1479
04/08/2021,Royal London Sterl Extra Yld Bd A,1.1496
04/09/2021,Royal London Sterl Extra Yld Bd A,1.1506
04/10/2021,Royal London Sterl Extra Yld Bd A,1.1506
04/11/2021,Royal London Sterl Extra Yld Bd A,1.1506
04/12/2021,Royal London Sterl Extra Yld Bd A,1.1505
04/13/2021,Royal London Sterl Extra Yld Bd A,1.1509
04/14/2021,Royal London Sterl Extra Yld Bd A,1.1508
04/15/2021,Royal London Sterl Extra Yld Bd A,1.154
04/16/2021,Royal London Sterl Extra Yld Bd A,1.1534
04/17/2021,Royal London Sterl Extra Yld Bd A,1.1534
04/18/2021,Royal London Sterl Extra Yld Bd A,1.1534
04/19/2021,Royal London Sterl Extra Yld Bd A,1.1541
04/20/2021,Royal London Sterl Extra Yld Bd A,1.1546
04/21/2021,Royal London Sterl Extra Yld Bd A,1.1538
04/22/2021,Royal London Sterl Extra Yld Bd A,1.1553
04/23/2021,Royal London Sterl Extra Yld Bd A,1.1552
04/24/2021,Royal London Sterl Extra Yld Bd A,1.1552
04/25/2021,Royal London Sterl Extra Yld Bd A,1.1552
04/26/2021,Royal London Sterl Extra Yld Bd A,1.1553
04/27/2021,Royal London Sterl Extra Yld Bd A,1.1558
04/28/2021,Royal London Sterl Extra Yld Bd A,1.1562
04/29/2021,Royal London Sterl Extra Yld Bd A,1.1557
04/30/2021,Royal London Sterl Extra Yld Bd A,1.1566
05/01/2021,Royal London Sterl Extra Yld Bd A,1.1566
05/02/2021,Royal London Sterl Extra Yld Bd A,1.1566
05/03/2021,Royal London Sterl Extra Yld Bd A,1.1566
05/04/2021,Royal London Sterl Extra Yld Bd A,1.1576
05/05/2021,Royal London Sterl Extra Yld Bd A,1.1454
05/06/2021,Royal London Sterl Extra Yld Bd A,1.1581
05/07/2021,Royal London Sterl Extra Yld Bd A,1.158
05/08/2021,Royal London Sterl Extra Yld Bd A,1.158
05/09/2021,Royal London Sterl Extra Yld Bd A,1.158
05/10/2021,Royal London Sterl Extra Yld Bd A,1.1577
05/11/2021,Royal London Sterl Extra Yld Bd A,1.1561
05/12/2021,Royal London Sterl Extra Yld Bd A,1.1553
05/13/2021,Royal London Sterl Extra Yld Bd A,1.1547
05/14/2021,Royal London Sterl Extra Yld Bd A,1.1558
05/15/2021,Royal London Sterl Extra Yld Bd A,1.1558
05/16/2021,Royal London Sterl Extra Yld Bd A,1.1558
05/17/2021,Royal London Sterl Extra Yld Bd A,1.156
05/18/2021,Royal London Sterl Extra Yld Bd A,1.1562
05/19/2021,Royal London Sterl Extra Yld Bd A,1.1544
05/20/2021,Royal London Sterl Extra Yld Bd A,1.1544
05/21/2021,Royal London Sterl Extra Yld Bd A,1.1569
05/22/2021,Royal London Sterl Extra Yld Bd A,1.1569
05/23/2021,Royal London Sterl Extra Yld Bd A,1.1569
05/24/2021,Royal London Sterl Extra Yld Bd A,1.1584
05/25/2021,Royal London Sterl Extra Yld Bd A,1.1599
05/26/2021,Royal London Sterl Extra Yld Bd A,1.1616
05/27/2021,Royal London Sterl Extra Yld Bd A,1.1607
05/28/2021,Royal London Sterl Extra Yld Bd A,1.1603
05/29/2021,Royal London Sterl Extra Yld Bd A,1.1603
05/30/2021,Royal London Sterl Extra Yld Bd A,1.1603
05/31/2021,Royal London Sterl Extra Yld Bd A,1.1603
06/01/2021,Royal London Sterl Extra Yld Bd A,1.1619
06/02/2021,Royal London Sterl Extra Yld Bd A,1.1632
06/03/2021,Royal London Sterl Extra Yld Bd A,1.1634
06/04/2021,Royal London Sterl Extra Yld Bd A,1.1645
06/05/2021,Royal London Sterl Extra Yld Bd A,1.1645
06/06/2021,Royal London Sterl Extra Yld Bd A,1.1645
06/07/2021,Royal London Sterl Extra Yld Bd A,1.1646
06/08/2021,Royal London Sterl Extra Yld Bd A,1.1666
06/09/2021,Royal London Sterl Extra Yld Bd A,1.1696
06/10/2021,Royal London Sterl Extra Yld Bd A,1.1693
06/11/2021,Royal London Sterl Extra Yld Bd A,1.1708
06/12/2021,Royal London Sterl Extra Yld Bd A,1.1708
06/13/2021,Royal London Sterl Extra Yld Bd A,1.1708
06/14/2021,Royal London Sterl Extra Yld Bd A,1.1836
06/15/2021,Royal London Sterl Extra Yld Bd A,1.1738
06/16/2021,Royal London Sterl Extra Yld Bd A,1.1733
06/17/2021,Royal London Sterl Extra Yld Bd A,1.1726
06/18/2021,Royal London Sterl Extra Yld Bd A,1.1748
06/19/2021,Royal London Sterl Extra Yld Bd A,1.1748
06/20/2021,Royal London Sterl Extra Yld Bd A,1.1748
06/21/2021,Royal London Sterl Extra Yld Bd A,1.1738
06/22/2021,Royal London Sterl Extra Yld Bd A,1.1746
06/23/2021,Royal London Sterl Extra Yld Bd A,1.1751
06/24/2021,Royal London Sterl Extra Yld Bd A,1.1776
06/25/2021,Royal London Sterl Extra Yld Bd A,1.1799
06/26/2021,Royal London Sterl Extra Yld Bd A,1.1799
06/27/2021,Royal London Sterl Extra Yld Bd A,1.1799
06/28/2021,Royal London Sterl Extra Yld Bd A,1.1815
06/29/2021,Royal London Sterl Extra Yld Bd A,1.1817
06/30/2021,Royal London Sterl Extra Yld Bd A,1.1822
07/01/2021,Royal London Sterl Extra Yld Bd A,1.1679
07/02/2021,Royal London Sterl Extra Yld Bd A,1.1689
07/03/2021,Royal London Sterl Extra Yld Bd A,1.1689
07/04/2021,Royal London Sterl Extra Yld Bd A,1.1689
07/05/2021,Royal London Sterl Extra Yld Bd A,1.1692
07/06/2021,Royal London Sterl Extra Yld Bd A,1.1708
07/07/2021,Royal London Sterl Extra Yld Bd A,1.1717
07/08/2021,Royal London Sterl Extra Yld Bd A,1.1716
07/09/2021,Royal London Sterl Extra Yld Bd A,1.1713
07/10/2021,Royal London Sterl Extra Yld Bd A,1.1713
07/11/2021,Royal London Sterl Extra Yld Bd A,1.1713
07/12/2021,Royal London Sterl Extra Yld Bd A,1.1718
07/13/2021,Royal London Sterl Extra Yld Bd A,1.1727
07/14/2021,Royal London Sterl Extra Yld Bd A,1.1734
07/15/2021,Royal London Sterl Extra Yld Bd A,1.1702
07/16/2021,Royal London Sterl Extra Yld Bd A,1.172
07/17/2021,Royal London Sterl Extra Yld Bd A,1.172
07/18/2021,Royal London Sterl Extra Yld Bd A,1.172
07/19/2021,Royal London Sterl Extra Yld Bd A,1.1735
07/20/2021,Royal London Sterl Extra Yld Bd A,1.1736
07/21/2021,Royal London Sterl Extra Yld Bd A,1.1725
07/22/2021,Royal London Sterl Extra Yld Bd A,1.1728
07/23/2021,Royal London Sterl Extra Yld Bd A,1.1729
07/24/2021,Royal London Sterl Extra Yld Bd A,1.1729
07/25/2021,Royal London Sterl Extra Yld Bd A,1.1729
07/26/2021,Royal London Sterl Extra Yld Bd A,1.1731
07/27/2021,Royal London Sterl Extra Yld Bd A,1.173
07/28/2021,Royal London Sterl Extra Yld Bd A,1.173
07/29/2021,Royal London Sterl Extra Yld Bd A,1.1742
07/30/2021,Royal London Sterl Extra Yld Bd A,1.1741
07/31/2021,Royal London Sterl Extra Yld Bd A,1.1741
08/01/2021,Royal London Sterl Extra Yld Bd A,1.1741
08/02/2021,Royal London Sterl Extra Yld Bd A,1.1757
08/03/2021,Royal London Sterl Extra Yld Bd A,1.1764
08/04/2021,Royal London Sterl Extra Yld Bd A,1.1771
08/05/2021,Royal London Sterl Extra Yld Bd A,1.1775
08/06/2021,Royal London Sterl Extra Yld Bd A,1.1762
08/07/2021,Royal London Sterl Extra Yld Bd A,1.1762
08/08/2021,Royal London Sterl Extra Yld Bd A,1.1762
08/09/2021,Royal London Sterl Extra Yld Bd A,1.1779
08/10/2021,Royal London Sterl Extra Yld Bd A,1.1783
08/11/2021,Royal London Sterl Extra Yld Bd A,1.1783
08/12/2021,Royal London Sterl Extra Yld Bd A,1.1777
08/13/2021,Royal London Sterl Extra Yld Bd A,1.1786
08/14/2021,Royal London Sterl Extra Yld Bd A,1.1786
08/15/2021,Royal London Sterl Extra Yld Bd A,1.1786
08/16/2021,Royal London Sterl Extra Yld Bd A,1.1794
08/17/2021,Royal London Sterl Extra Yld Bd A,1.1798
08/18/2021,Royal London Sterl Extra Yld Bd A,1.1795
08/19/2021,Royal London Sterl Extra Yld Bd A,1.1798
08/20/2021,Royal London Sterl Extra Yld Bd A,1.1815
08/21/2021,Royal London Sterl Extra Yld Bd A,1.1815
08/22/2021,Royal London Sterl Extra Yld Bd A,1.1815
08/23/2021,Royal London Sterl Extra Yld Bd A,1.1817
08/24/2021,Royal London Sterl Extra Yld Bd A,1.1826
08/25/2021,Royal London Sterl Extra Yld Bd A,1.1822
08/26/2021,Royal London Sterl Extra Yld Bd A,1.1828
08/27/2021,Royal London Sterl Extra Yld Bd A,1.1827
08/28/2021,Royal London Sterl Extra Yld Bd A,1.1827
08/29/2021,Royal London Sterl Extra Yld Bd A,1.1827
08/30/2021,Royal London Sterl Extra Yld Bd A,1.1827
08/31/2021,Royal London Sterl Extra Yld Bd A,1.1834
09/01/2021,Royal London Sterl Extra Yld Bd A,1.1836
09/02/2021,Royal London Sterl Extra Yld Bd A,1.1844
09/03/2021,Royal London Sterl Extra Yld Bd A,1.1832
09/04/2021,Royal London Sterl Extra Yld Bd A,1.1832
09/05/2021,Royal London Sterl Extra Yld Bd A,1.1832
09/06/2021,Royal London Sterl Extra Yld Bd A,1.1844
09/07/2021,Royal London Sterl Extra Yld Bd A,1.1832
09/08/2021,Royal London Sterl Extra Yld Bd A,1.1847
09/09/2021,Royal London Sterl Extra Yld Bd A,1.184
09/10/2021,Royal London Sterl Extra Yld Bd A,1.1847
09/11/2021,Royal London Sterl Extra Yld Bd A,1.1847
09/12/2021,Royal London Sterl Extra Yld Bd A,1.1847
09/13/2021,Royal London Sterl Extra Yld Bd A,1.1853
09/14/2021,Royal London Sterl Extra Yld Bd A,1.1878
09/15/2021,Royal London Sterl Extra Yld Bd A,1.1876
09/16/2021,Royal London Sterl Extra Yld Bd A,1.1886
09/17/2021,Royal London Sterl Extra Yld Bd A,1.1876
09/18/2021,Royal London Sterl Extra Yld Bd A,1.1876
09/19/2021,Royal London Sterl Extra Yld Bd A,1.1876
09/20/2021,Royal London Sterl Extra Yld Bd A,1.1882
09/21/2021,Royal London Sterl Extra Yld Bd A,1.1887
09/22/2021,Royal London Sterl Extra Yld Bd A,1.1892
09/23/2021,Royal London Sterl Extra Yld Bd A,1.1872
09/24/2021,Royal London Sterl Extra Yld Bd A,1.1871
09/25/2021,Royal London Sterl Extra Yld Bd A,1.1871
09/26/2021,Royal London Sterl Extra Yld Bd A,1.1871
09/27/2021,Royal London Sterl Extra Yld Bd A,1.1868
09/28/2021,Royal London Sterl Extra Yld Bd A,1.1864
09/29/2021,Royal London Sterl Extra Yld Bd A,1.187
09/30/2021,Royal London Sterl Extra Yld Bd A,1.1857
10/01/2021,Royal London Sterl Extra Yld Bd A,1.1687
10/02/2021,Royal London Sterl Extra Yld Bd A,1.1687
10/03/2021,Royal London Sterl Extra Yld Bd A,1.1687
10/04/2021,Royal London Sterl Extra Yld Bd A,1.1693
10/05/2021,Royal London Sterl Extra Yld Bd A,1.1674
10/06/2021,Royal London Sterl Extra Yld Bd A,1.1655
10/07/2021,Royal London Sterl Extra Yld Bd A,1.1655
10/08/2021,Royal London Sterl Extra Yld Bd A,1.1645
10/09/2021,Royal London Sterl Extra Yld Bd A,1.1645
10/10/2021,Royal London Sterl Extra Yld Bd A,1.1645
10/11/2021,Royal London Sterl Extra Yld Bd A,1.1636
10/12/2021,Royal London Sterl Extra Yld Bd A,1.1631
10/13/2021,Royal London Sterl Extra Yld Bd A,1.1655
10/14/2021,Royal London Sterl Extra Yld Bd A,1.1678
10/15/2021,Royal London Sterl Extra Yld Bd A,1.1673
10/16/2021,Royal London Sterl Extra Yld Bd A,1.1673
10/17/2021,Royal London Sterl Extra Yld Bd A,1.1673
10/18/2021,Royal London Sterl Extra Yld Bd A,1.1675
10/19/2021,Royal London Sterl Extra Yld Bd A,1.1569
10/20/2021,Royal London Sterl Extra Yld Bd A,1.1679
10/21/2021,Royal London Sterl Extra Yld Bd A,1.1665
10/22/2021,Royal London Sterl Extra Yld Bd A,1.1675
10/23/2021,Royal London Sterl Extra Yld Bd A,1.1675
10/24/2021,Royal London Sterl Extra Yld Bd A,1.1675
10/25/2021,Royal London Sterl Extra Yld Bd A,1.1678
10/26/2021,Royal London Sterl Extra Yld Bd A,1.1695
10/27/2021,Royal London Sterl Extra Yld Bd A,1.1722
10/28/2021,Royal London Sterl Extra Yld Bd A,1.1728
10/29/2021,Royal London Sterl Extra Yld Bd A,1.1707
10/30/2021,Royal London Sterl Extra Yld Bd A,1.1707
10/31/2021,Royal London Sterl Extra Yld Bd A,1.1707
11/01/2021,Royal London Sterl Extra Yld Bd A,1.1705
11/02/2021,Royal London Sterl Extra Yld Bd A,1.1706
11/03/2021,Royal London Sterl Extra Yld Bd A,1.1701
11/04/2021,Royal London Sterl Extra Yld Bd A,1.176
11/05/2021,Royal London Sterl Extra Yld Bd A,1.1788
11/06/2021,Royal London Sterl Extra Yld Bd A,1.1788
11/07/2021,Royal London Sterl Extra Yld Bd A,1.1788
11/08/2021,Royal London Sterl Extra Yld Bd A,1.1798
11/09/2021,Royal London Sterl Extra Yld Bd A,1.1805
11/10/2021,Royal London Sterl Extra Yld Bd A,1.1786
11/11/2021,Royal London Sterl Extra Yld Bd A,1.1784
11/12/2021,Royal London Sterl Extra Yld Bd A,1.178
11/13/2021,Royal London Sterl Extra Yld Bd A,1.178
11/14/2021,Royal London Sterl Extra Yld Bd A,1.178
11/15/2021,Royal London Sterl Extra Yld Bd A,1.1766
11/16/2021,Royal London Sterl Extra Yld Bd A,1.176
11/17/2021,Royal London Sterl Extra Yld Bd A,1.1744
11/18/2021,Royal London Sterl Extra Yld Bd A,1.1738
11/19/2021,Royal London Sterl Extra Yld Bd A,1.1745
11/20/2021,Royal London Sterl Extra Yld Bd A,1.1745
11/21/2021,Royal London Sterl Extra Yld Bd A,1.1745
11/22/2021,Royal London Sterl Extra Yld Bd A,1.1743
11/23/2021,Royal London Sterl Extra Yld Bd A,1.1731
11/24/2021,Royal London Sterl Extra Yld Bd A,1.1715
11/25/2021,Royal London Sterl Extra Yld Bd A,1.1724
11/26/2021,Royal London Sterl Extra Yld Bd A,1.1695
11/27/2021,Royal London Sterl Extra Yld Bd A,1.1695
11/28/2021,Royal London Sterl Extra Yld Bd A,1.1695
11/29/2021,Royal London Sterl Extra Yld Bd A,1.1704
11/30/2021,Royal London Sterl Extra Yld Bd A,1.1696
12/01/2021,Royal London Sterl Extra Yld Bd A,1.1713
12/02/2021,Royal London Sterl Extra Yld Bd A,1.1717
12/03/2021,Royal London Sterl Extra Yld Bd A,1.173
12/04/2021,Royal London Sterl Extra Yld Bd A,1.173
12/05/2021,Royal London Sterl Extra Yld Bd A,1.173
12/06/2021,Royal London Sterl Extra Yld Bd A,1.1747
12/07/2021,Royal London Sterl Extra Yld Bd A,1.177
12/08/2021,Royal London Sterl Extra Yld Bd A,1.1776
12/09/2021,Royal London Sterl Extra Yld Bd A,1.1819
12/10/2021,Royal London Sterl Extra Yld Bd A,1.1814
12/11/2021,Royal London Sterl Extra Yld Bd A,1.1814
12/12/2021,Royal London Sterl Extra Yld Bd A,1.1814
12/13/2021,Royal London Sterl Extra Yld Bd A,1.1785
12/14/2021,Royal London Sterl Extra Yld Bd A,1.1725
12/15/2021,Royal London Sterl Extra Yld Bd A,1.1726
12/16/2021,Royal London Sterl Extra Yld Bd A,1.1711
12/17/2021,Royal London Sterl Extra Yld Bd A,1.1711
12/18/2021,Royal London Sterl Extra Yld Bd A,1.1711
12/19/2021,Royal London Sterl Extra Yld Bd A,1.1711
12/20/2021,Royal London Sterl Extra Yld Bd A,1.1706
12/21/2021,Royal London Sterl Extra Yld Bd A,1.1696
12/22/2021,Royal London Sterl Extra Yld Bd A,1.1692
12/23/2021,Royal London Sterl Extra Yld Bd A,1.1687
12/24/2021,Royal London Sterl Extra Yld Bd A,1.1693
12/25/2021,Royal London Sterl Extra Yld Bd A,1.1693
12/26/2021,Royal London Sterl Extra Yld Bd A,1.1693
12/27/2021,Royal London Sterl Extra Yld Bd A,1.1693
12/28/2021,Royal London Sterl Extra Yld Bd A,1.1693
12/29/2021,Royal London Sterl Extra Yld Bd A,1.1687
12/30/2021,Royal London Sterl Extra Yld Bd A,1.1692
12/31/2021,Royal London Sterl Extra Yld Bd A,1.1694
01/01/2022,Royal London Sterl Extra Yld Bd A,1.1694
01/02/2022,Royal London Sterl Extra Yld Bd A,1.1694
01/03/2022,Royal London Sterl Extra Yld Bd A,1.1694
01/04/2022,Royal London Sterl Extra Yld Bd A,1.1542
01/05/2022,Royal London Sterl Extra Yld Bd A,1.1549
01/06/2022,Royal London Sterl Extra Yld Bd A,1.1529
01/07/2022,Royal London Sterl Extra Yld Bd A,1.1525
01/08/2022,Royal London Sterl Extra Yld Bd A,1.1525
01/09/2022,Royal London Sterl Extra Yld Bd A,1.1525
01/10/2022,Royal London Sterl Extra Yld Bd A,1.1524
01/11/2022,Royal London Sterl Extra Yld Bd A,1.1528
01/12/2022,Royal London Sterl Extra Yld Bd A,1.1535
01/13/2022,Royal London Sterl Extra Yld Bd A,1.1544
01/14/2022,Royal London Sterl Extra Yld Bd A,1.1528
01/15/2022,Royal London Sterl Extra Yld Bd A,1.1528
01/16/2022,Royal London Sterl Extra Yld Bd A,1.1528
01/17/2022,Royal London Sterl Extra Yld Bd A,1.1526
01/18/2022,Royal London Sterl Extra Yld Bd A,1.151
01/19/2022,Royal London Sterl Extra Yld Bd A,1.1501
01/20/2022,Royal London Sterl Extra Yld Bd A,1.1502
01/21/2022,Royal London Sterl Extra Yld Bd A,1.1502
01/22/2022,Royal London Sterl Extra Yld Bd A,1.1502
01/23/2022,Royal London Sterl Extra Yld Bd A,1.1502
01/24/2022,Royal London Sterl Extra Yld Bd A,1.1502
