Date,Name,Close,High,Low,Open,Volume
12/15/1993,BlackRock World Mining Trust Ord,0.975,,,,
12/16/1993,BlackRock World Mining Trust Ord,1.005,,,,
12/17/1993,BlackRock World Mining Trust Ord,1.02524,,,,
12/18/1993,BlackRock World Mining Trust Ord,1.02524,,,,
12/19/1993,BlackRock World Mining Trust Ord,1.02524,,,,
12/20/1993,BlackRock World Mining Trust Ord,1.06,,,,
12/21/1993,BlackRock World Mining Trust Ord,1.04,,,,
12/22/1993,BlackRock World Mining Trust Ord,1.04,,,,
12/23/1993,BlackRock World Mining Trust Ord,1.05,,,,
12/24/1993,BlackRock World Mining Trust Ord,1.02524,,,,
12/25/1993,BlackRock World Mining Trust Ord,1.02524,,,,
12/26/1993,BlackRock World Mining Trust Ord,1.02524,,,,
12/27/1993,BlackRock World Mining Trust Ord,1.05,,,,
12/28/1993,BlackRock World Mining Trust Ord,1.05,,,,
12/29/1993,BlackRock World Mining Trust Ord,1.07,,,,
12/30/1993,BlackRock World Mining Trust Ord,1.07,,,,
12/31/1993,BlackRock World Mining Trust Ord,1.04487,,,,
01/01/1994,BlackRock World Mining Trust Ord,1.04487,,,,
01/02/1994,BlackRock World Mining Trust Ord,1.04487,,,,
01/03/1994,BlackRock World Mining Trust Ord,1.07,,,,
01/04/1994,BlackRock World Mining Trust Ord,1.1,,,,
01/05/1994,BlackRock World Mining Trust Ord,1.15,,,,
01/06/1994,BlackRock World Mining Trust Ord,1.15,,,,
01/07/1994,BlackRock World Mining Trust Ord,1.14298,,,,
01/08/1994,BlackRock World Mining Trust Ord,1.14298,,,,
01/09/1994,BlackRock World Mining Trust Ord,1.14298,,,,
01/10/1994,BlackRock World Mining Trust Ord,1.15,,,,
01/11/1994,BlackRock World Mining Trust Ord,1.145,,,,
01/12/1994,BlackRock World Mining Trust Ord,1.115,,,,
01/13/1994,BlackRock World Mining Trust Ord,1.12,,,,
01/14/1994,BlackRock World Mining Trust Ord,1.11354,,,,
01/15/1994,BlackRock World Mining Trust Ord,1.11354,,,,
01/16/1994,BlackRock World Mining Trust Ord,1.11354,,,,
01/17/1994,BlackRock World Mining Trust Ord,1.15,,,,
01/18/1994,BlackRock World Mining Trust Ord,1.19,,,,
01/19/1994,BlackRock World Mining Trust Ord,1.245,,,,
01/20/1994,BlackRock World Mining Trust Ord,1.21,,,,
01/21/1994,BlackRock World Mining Trust Ord,1.1626,,,,
01/22/1994,BlackRock World Mining Trust Ord,1.1626,,,,
01/23/1994,BlackRock World Mining Trust Ord,1.1626,,,,
01/24/1994,BlackRock World Mining Trust Ord,1.165,,,,
01/25/1994,BlackRock World Mining Trust Ord,1.17,,,,
01/26/1994,BlackRock World Mining Trust Ord,1.175,,,,
01/27/1994,BlackRock World Mining Trust Ord,1.17,,,,
01/28/1994,BlackRock World Mining Trust Ord,1.13317,,,,
01/29/1994,BlackRock World Mining Trust Ord,1.13317,,,,
01/30/1994,BlackRock World Mining Trust Ord,1.13317,,,,
01/31/1994,BlackRock World Mining Trust Ord,1.14298,,,,
02/01/1994,BlackRock World Mining Trust Ord,1.165,,,,
02/02/1994,BlackRock World Mining Trust Ord,1.18,,,,
02/03/1994,BlackRock World Mining Trust Ord,1.175,,,,
02/04/1994,BlackRock World Mining Trust Ord,1.15279,,,,
02/05/1994,BlackRock World Mining Trust Ord,1.15279,,,,
02/06/1994,BlackRock World Mining Trust Ord,1.15279,,,,
02/07/1994,BlackRock World Mining Trust Ord,1.14,,,,
02/08/1994,BlackRock World Mining Trust Ord,1.155,,,,
02/09/1994,BlackRock World Mining Trust Ord,1.13,,,,
02/10/1994,BlackRock World Mining Trust Ord,1.09,,,,
02/11/1994,BlackRock World Mining Trust Ord,1.06449,,,,
02/12/1994,BlackRock World Mining Trust Ord,1.06449,,,,
02/13/1994,BlackRock World Mining Trust Ord,1.06449,,,,
02/14/1994,BlackRock World Mining Trust Ord,1.07,,,,
02/15/1994,BlackRock World Mining Trust Ord,1.07,,,,
02/16/1994,BlackRock World Mining Trust Ord,1.09,,,,
02/17/1994,BlackRock World Mining Trust Ord,1.1,,,,
02/18/1994,BlackRock World Mining Trust Ord,1.0743,,,,
02/19/1994,BlackRock World Mining Trust Ord,1.0743,,,,
02/20/1994,BlackRock World Mining Trust Ord,1.0743,,,,
02/21/1994,BlackRock World Mining Trust Ord,1.095,,,,
02/22/1994,BlackRock World Mining Trust Ord,1.1,,,,
02/23/1994,BlackRock World Mining Trust Ord,1.12,,,,
02/24/1994,BlackRock World Mining Trust Ord,1.1,,,,
02/25/1994,BlackRock World Mining Trust Ord,1.08411,,,,
02/26/1994,BlackRock World Mining Trust Ord,1.08411,,,,
02/27/1994,BlackRock World Mining Trust Ord,1.08411,,,,
02/28/1994,BlackRock World Mining Trust Ord,1.08411,,,,
03/01/1994,BlackRock World Mining Trust Ord,1.12,,,,
03/02/1994,BlackRock World Mining Trust Ord,1.12,,,,
03/03/1994,BlackRock World Mining Trust Ord,1.12,,,,
03/04/1994,BlackRock World Mining Trust Ord,1.09392,,,,
03/05/1994,BlackRock World Mining Trust Ord,1.09392,,,,
03/06/1994,BlackRock World Mining Trust Ord,1.09392,,,,
03/07/1994,BlackRock World Mining Trust Ord,1.11,,,,
03/08/1994,BlackRock World Mining Trust Ord,1.09,,,,
03/09/1994,BlackRock World Mining Trust Ord,1.06,,,,
03/10/1994,BlackRock World Mining Trust Ord,1.07,,,,
03/11/1994,BlackRock World Mining Trust Ord,1.02524,,,,
03/12/1994,BlackRock World Mining Trust Ord,1.02524,,,,
03/13/1994,BlackRock World Mining Trust Ord,1.02524,,,,
03/14/1994,BlackRock World Mining Trust Ord,1.08,,,,
03/15/1994,BlackRock World Mining Trust Ord,1.09,,,,
03/16/1994,BlackRock World Mining Trust Ord,1.1,,,,
03/17/1994,BlackRock World Mining Trust Ord,1.1,,,,
03/18/1994,BlackRock World Mining Trust Ord,1.08411,,,,
03/19/1994,BlackRock World Mining Trust Ord,1.08411,,,,
03/20/1994,BlackRock World Mining Trust Ord,1.08411,,,,
03/21/1994,BlackRock World Mining Trust Ord,1.115,,,,
03/22/1994,BlackRock World Mining Trust Ord,1.115,,,,
03/23/1994,BlackRock World Mining Trust Ord,1.12,,,,
03/24/1994,BlackRock World Mining Trust Ord,1.12,,,,
03/25/1994,BlackRock World Mining Trust Ord,1.09392,,,,
03/26/1994,BlackRock World Mining Trust Ord,1.09392,,,,
03/27/1994,BlackRock World Mining Trust Ord,1.09392,,,,
03/28/1994,BlackRock World Mining Trust Ord,1.125,,,,
03/29/1994,BlackRock World Mining Trust Ord,1.125,,,,
03/30/1994,BlackRock World Mining Trust Ord,1.12,,,,
03/31/1994,BlackRock World Mining Trust Ord,1.0743,,,,
04/01/1994,BlackRock World Mining Trust Ord,1.0743,,,,
04/02/1994,BlackRock World Mining Trust Ord,1.0743,,,,
04/03/1994,BlackRock World Mining Trust Ord,1.0743,,,,
04/04/1994,BlackRock World Mining Trust Ord,1.1,,,,
04/05/1994,BlackRock World Mining Trust Ord,1.1,,,,
04/06/1994,BlackRock World Mining Trust Ord,1.1,,,,
04/07/1994,BlackRock World Mining Trust Ord,1.09,,,,
04/08/1994,BlackRock World Mining Trust Ord,1.06449,,,,
04/09/1994,BlackRock World Mining Trust Ord,1.06449,,,,
04/10/1994,BlackRock World Mining Trust Ord,1.06449,,,,
04/11/1994,BlackRock World Mining Trust Ord,1.09,,,,
04/12/1994,BlackRock World Mining Trust Ord,1.09,,,,
04/13/1994,BlackRock World Mining Trust Ord,1.08,,,,
04/14/1994,BlackRock World Mining Trust Ord,1.07,,,,
04/15/1994,BlackRock World Mining Trust Ord,1.04487,,,,
04/16/1994,BlackRock World Mining Trust Ord,1.04487,,,,
04/17/1994,BlackRock World Mining Trust Ord,1.04487,,,,
04/18/1994,BlackRock World Mining Trust Ord,1.07,,,,
04/19/1994,BlackRock World Mining Trust Ord,1.07,,,,
04/20/1994,BlackRock World Mining Trust Ord,1.045,,,,
04/21/1994,BlackRock World Mining Trust Ord,1.035,,,,
04/22/1994,BlackRock World Mining Trust Ord,1.03506,,,,
04/23/1994,BlackRock World Mining Trust Ord,1.03506,,,,
04/24/1994,BlackRock World Mining Trust Ord,1.03506,,,,
04/25/1994,BlackRock World Mining Trust Ord,1.045,,,,
04/26/1994,BlackRock World Mining Trust Ord,1.055,,,,
04/27/1994,BlackRock World Mining Trust Ord,1.055,,,,
04/28/1994,BlackRock World Mining Trust Ord,1.055,,,,
04/29/1994,BlackRock World Mining Trust Ord,1.02524,,,,
04/30/1994,BlackRock World Mining Trust Ord,1.02524,,,,
05/01/1994,BlackRock World Mining Trust Ord,1.02524,,,,
05/02/1994,BlackRock World Mining Trust Ord,1.05,,,,
05/03/1994,BlackRock World Mining Trust Ord,1.05,,,,
05/04/1994,BlackRock World Mining Trust Ord,1.045,,,,
05/05/1994,BlackRock World Mining Trust Ord,1.05,,,,
05/06/1994,BlackRock World Mining Trust Ord,1.04487,,,,
05/07/1994,BlackRock World Mining Trust Ord,1.04487,,,,
05/08/1994,BlackRock World Mining Trust Ord,1.04487,,,,
05/09/1994,BlackRock World Mining Trust Ord,1.075,,,,
05/10/1994,BlackRock World Mining Trust Ord,1.08,,,,
05/11/1994,BlackRock World Mining Trust Ord,1.09,,,,
05/12/1994,BlackRock World Mining Trust Ord,1.08,,,,
05/13/1994,BlackRock World Mining Trust Ord,1.03506,,,,
05/14/1994,BlackRock World Mining Trust Ord,1.03506,,,,
05/15/1994,BlackRock World Mining Trust Ord,1.03506,,,,
05/16/1994,BlackRock World Mining Trust Ord,1.055,,,,
05/17/1994,BlackRock World Mining Trust Ord,1.055,,,,
05/18/1994,BlackRock World Mining Trust Ord,1.04,,,,
05/19/1994,BlackRock World Mining Trust Ord,1.04,,,,
05/20/1994,BlackRock World Mining Trust Ord,0.99581,,,,
05/21/1994,BlackRock World Mining Trust Ord,0.99581,,,,
05/22/1994,BlackRock World Mining Trust Ord,0.99581,,,,
05/23/1994,BlackRock World Mining Trust Ord,1,,,,
05/24/1994,BlackRock World Mining Trust Ord,1.02,,,,
05/25/1994,BlackRock World Mining Trust Ord,1,,,,
05/26/1994,BlackRock World Mining Trust Ord,1.005,,,,
05/27/1994,BlackRock World Mining Trust Ord,0.986,,,,
05/28/1994,BlackRock World Mining Trust Ord,0.986,,,,
05/29/1994,BlackRock World Mining Trust Ord,0.986,,,,
05/30/1994,BlackRock World Mining Trust Ord,1.01,,,,
05/31/1994,BlackRock World Mining Trust Ord,0.99581,,,,
06/01/1994,BlackRock World Mining Trust Ord,1.03,,,,
06/02/1994,BlackRock World Mining Trust Ord,1.04,,,,
06/03/1994,BlackRock World Mining Trust Ord,1.01543,,,,
06/04/1994,BlackRock World Mining Trust Ord,1.01543,,,,
06/05/1994,BlackRock World Mining Trust Ord,1.01543,,,,
06/06/1994,BlackRock World Mining Trust Ord,1.04,,,,
06/07/1994,BlackRock World Mining Trust Ord,1.04,,,,
06/08/1994,BlackRock World Mining Trust Ord,1.07,,,,
06/09/1994,BlackRock World Mining Trust Ord,1.08,,,,
06/10/1994,BlackRock World Mining Trust Ord,1.06449,,,,
06/11/1994,BlackRock World Mining Trust Ord,1.06449,,,,
06/12/1994,BlackRock World Mining Trust Ord,1.06449,,,,
06/13/1994,BlackRock World Mining Trust Ord,1.08,,,,
06/14/1994,BlackRock World Mining Trust Ord,1.08,,,,
06/15/1994,BlackRock World Mining Trust Ord,1.08,,,,
06/16/1994,BlackRock World Mining Trust Ord,1.08,,,,
06/17/1994,BlackRock World Mining Trust Ord,1.05468,,,,
06/18/1994,BlackRock World Mining Trust Ord,1.05468,,,,
06/19/1994,BlackRock World Mining Trust Ord,1.05468,,,,
06/20/1994,BlackRock World Mining Trust Ord,1.07,,,,
06/21/1994,BlackRock World Mining Trust Ord,1.065,,,,
06/22/1994,BlackRock World Mining Trust Ord,1.07,,,,
06/23/1994,BlackRock World Mining Trust Ord,1.07,,,,
06/24/1994,BlackRock World Mining Trust Ord,1.04487,,,,
06/25/1994,BlackRock World Mining Trust Ord,1.04487,,,,
06/26/1994,BlackRock World Mining Trust Ord,1.04487,,,,
06/27/1994,BlackRock World Mining Trust Ord,1.045,,,,
06/28/1994,BlackRock World Mining Trust Ord,1.04,,,,
06/29/1994,BlackRock World Mining Trust Ord,1.04,,,,
06/30/1994,BlackRock World Mining Trust Ord,1.01543,,,,
07/01/1994,BlackRock World Mining Trust Ord,1.00562,,,,
07/02/1994,BlackRock World Mining Trust Ord,1.00562,,,,
07/03/1994,BlackRock World Mining Trust Ord,1.00562,,,,
07/04/1994,BlackRock World Mining Trust Ord,1.02,,,,
07/05/1994,BlackRock World Mining Trust Ord,1.005,,,,
07/06/1994,BlackRock World Mining Trust Ord,0.995,,,,
07/07/1994,BlackRock World Mining Trust Ord,0.9925,,,,
07/08/1994,BlackRock World Mining Trust Ord,0.95657,,,,
07/09/1994,BlackRock World Mining Trust Ord,0.95657,,,,
07/10/1994,BlackRock World Mining Trust Ord,0.95657,,,,
07/11/1994,BlackRock World Mining Trust Ord,0.985,,,,
07/12/1994,BlackRock World Mining Trust Ord,0.98,,,,
07/13/1994,BlackRock World Mining Trust Ord,0.98,,,,
07/14/1994,BlackRock World Mining Trust Ord,0.99,,,,
07/15/1994,BlackRock World Mining Trust Ord,1.00562,,,,
07/16/1994,BlackRock World Mining Trust Ord,1.00562,,,,
07/17/1994,BlackRock World Mining Trust Ord,1.00562,,,,
07/18/1994,BlackRock World Mining Trust Ord,1.04,,,,
07/19/1994,BlackRock World Mining Trust Ord,1.06,,,,
07/20/1994,BlackRock World Mining Trust Ord,1.065,,,,
07/21/1994,BlackRock World Mining Trust Ord,1.09,,,,
07/22/1994,BlackRock World Mining Trust Ord,1.0743,,,,
07/23/1994,BlackRock World Mining Trust Ord,1.0743,,,,
07/24/1994,BlackRock World Mining Trust Ord,1.0743,,,,
07/25/1994,BlackRock World Mining Trust Ord,1.1,,,,
07/26/1994,BlackRock World Mining Trust Ord,1.11,,,,
07/27/1994,BlackRock World Mining Trust Ord,1.11,,,,
07/28/1994,BlackRock World Mining Trust Ord,1.11,,,,
07/29/1994,BlackRock World Mining Trust Ord,1.09392,,,,
07/30/1994,BlackRock World Mining Trust Ord,1.09392,,,,
07/31/1994,BlackRock World Mining Trust Ord,1.09392,,,,
08/01/1994,BlackRock World Mining Trust Ord,1.14,,,,
08/02/1994,BlackRock World Mining Trust Ord,1.15,,,,
08/03/1994,BlackRock World Mining Trust Ord,1.14,,,,
08/04/1994,BlackRock World Mining Trust Ord,1.11,,,,
08/05/1994,BlackRock World Mining Trust Ord,1.0743,,,,
08/06/1994,BlackRock World Mining Trust Ord,1.0743,,,,
08/07/1994,BlackRock World Mining Trust Ord,1.0743,,,,
08/08/1994,BlackRock World Mining Trust Ord,1.1,,,,
08/09/1994,BlackRock World Mining Trust Ord,1.08,,,,
08/10/1994,BlackRock World Mining Trust Ord,1.08,,,,
08/11/1994,BlackRock World Mining Trust Ord,1.08,,,,
08/12/1994,BlackRock World Mining Trust Ord,1.05468,,,,
08/13/1994,BlackRock World Mining Trust Ord,1.05468,,,,
08/14/1994,BlackRock World Mining Trust Ord,1.05468,,,,
08/15/1994,BlackRock World Mining Trust Ord,1.08,,,,
08/16/1994,BlackRock World Mining Trust Ord,1.07,,,,
08/17/1994,BlackRock World Mining Trust Ord,1.07,,,,
08/18/1994,BlackRock World Mining Trust Ord,1.03,,,,
08/19/1994,BlackRock World Mining Trust Ord,1.02524,,,,
08/20/1994,BlackRock World Mining Trust Ord,1.02524,,,,
08/21/1994,BlackRock World Mining Trust Ord,1.02524,,,,
08/22/1994,BlackRock World Mining Trust Ord,1.04,,,,
08/23/1994,BlackRock World Mining Trust Ord,1.05,,,,
08/24/1994,BlackRock World Mining Trust Ord,1.06,,,,
08/25/1994,BlackRock World Mining Trust Ord,1.07,,,,
08/26/1994,BlackRock World Mining Trust Ord,1.04487,,,,
08/27/1994,BlackRock World Mining Trust Ord,1.04487,,,,
08/28/1994,BlackRock World Mining Trust Ord,1.04487,,,,
08/29/1994,BlackRock World Mining Trust Ord,1.07,,,,
08/30/1994,BlackRock World Mining Trust Ord,1.06,,,,
08/31/1994,BlackRock World Mining Trust Ord,1.04487,,,,
09/01/1994,BlackRock World Mining Trust Ord,1.075,,,,
09/02/1994,BlackRock World Mining Trust Ord,1.06449,,,,
09/03/1994,BlackRock World Mining Trust Ord,1.06449,,,,
09/04/1994,BlackRock World Mining Trust Ord,1.06449,,,,
09/05/1994,BlackRock World Mining Trust Ord,1.09,,,,
09/06/1994,BlackRock World Mining Trust Ord,1.085,,,,
09/07/1994,BlackRock World Mining Trust Ord,1.11,,,,
09/08/1994,BlackRock World Mining Trust Ord,1.12,,,,
09/09/1994,BlackRock World Mining Trust Ord,1.10373,,,,
09/10/1994,BlackRock World Mining Trust Ord,1.10373,,,,
09/11/1994,BlackRock World Mining Trust Ord,1.10373,,,,
09/12/1994,BlackRock World Mining Trust Ord,1.13,,,,
09/13/1994,BlackRock World Mining Trust Ord,1.135,,,,
09/14/1994,BlackRock World Mining Trust Ord,1.12,,,,
09/15/1994,BlackRock World Mining Trust Ord,1.125,,,,
09/16/1994,BlackRock World Mining Trust Ord,1.08411,,,,
09/17/1994,BlackRock World Mining Trust Ord,1.08411,,,,
09/18/1994,BlackRock World Mining Trust Ord,1.08411,,,,
09/19/1994,BlackRock World Mining Trust Ord,1.11,,,,
09/20/1994,BlackRock World Mining Trust Ord,1.095,,,,
09/21/1994,BlackRock World Mining Trust Ord,1.085,,,,
09/22/1994,BlackRock World Mining Trust Ord,1.1,,,,
09/23/1994,BlackRock World Mining Trust Ord,1.09392,,,,
09/24/1994,BlackRock World Mining Trust Ord,1.09392,,,,
09/25/1994,BlackRock World Mining Trust Ord,1.09392,,,,
09/26/1994,BlackRock World Mining Trust Ord,1.105,,,,
09/27/1994,BlackRock World Mining Trust Ord,1.105,,,,
09/28/1994,BlackRock World Mining Trust Ord,1.14,,,,
09/29/1994,BlackRock World Mining Trust Ord,1.12,,,,
09/30/1994,BlackRock World Mining Trust Ord,1.10373,,,,
10/01/1994,BlackRock World Mining Trust Ord,1.10373,,,,
10/02/1994,BlackRock World Mining Trust Ord,1.10373,,,,
10/03/1994,BlackRock World Mining Trust Ord,1.12,,,,
10/04/1994,BlackRock World Mining Trust Ord,1.12,,,,
10/05/1994,BlackRock World Mining Trust Ord,1.1,,,,
10/06/1994,BlackRock World Mining Trust Ord,1.09,,,,
10/07/1994,BlackRock World Mining Trust Ord,1.0743,,,,
10/08/1994,BlackRock World Mining Trust Ord,1.0743,,,,
10/09/1994,BlackRock World Mining Trust Ord,1.0743,,,,
10/10/1994,BlackRock World Mining Trust Ord,1.1,,,,
10/11/1994,BlackRock World Mining Trust Ord,1.1,,,,
10/12/1994,BlackRock World Mining Trust Ord,1.1,,,,
10/13/1994,BlackRock World Mining Trust Ord,1.1,,,,
10/14/1994,BlackRock World Mining Trust Ord,1.08411,,,,
10/15/1994,BlackRock World Mining Trust Ord,1.08411,,,,
10/16/1994,BlackRock World Mining Trust Ord,1.08411,,,,
10/17/1994,BlackRock World Mining Trust Ord,1.11,,,,
10/18/1994,BlackRock World Mining Trust Ord,1.11,,,,
10/19/1994,BlackRock World Mining Trust Ord,1.105,,,,
10/20/1994,BlackRock World Mining Trust Ord,1.105,,,,
10/21/1994,BlackRock World Mining Trust Ord,1.08411,,,,
10/22/1994,BlackRock World Mining Trust Ord,1.08411,,,,
10/23/1994,BlackRock World Mining Trust Ord,1.08411,,,,
10/24/1994,BlackRock World Mining Trust Ord,1.105,,,,
10/25/1994,BlackRock World Mining Trust Ord,1.095,,,,
10/26/1994,BlackRock World Mining Trust Ord,1.095,,,,
10/27/1994,BlackRock World Mining Trust Ord,1.095,,,,
10/28/1994,BlackRock World Mining Trust Ord,1.08411,,,,
10/29/1994,BlackRock World Mining Trust Ord,1.08411,,,,
10/30/1994,BlackRock World Mining Trust Ord,1.08411,,,,
10/31/1994,BlackRock World Mining Trust Ord,1.08411,,,,
11/01/1994,BlackRock World Mining Trust Ord,1.09,,,,
11/02/1994,BlackRock World Mining Trust Ord,1.07,,,,
11/03/1994,BlackRock World Mining Trust Ord,1.065,,,,
11/04/1994,BlackRock World Mining Trust Ord,1.03506,,,,
11/05/1994,BlackRock World Mining Trust Ord,1.03506,,,,
11/06/1994,BlackRock World Mining Trust Ord,1.03506,,,,
11/07/1994,BlackRock World Mining Trust Ord,1.055,,,,
11/08/1994,BlackRock World Mining Trust Ord,1.055,,,,
11/09/1994,BlackRock World Mining Trust Ord,1.055,,,,
11/10/1994,BlackRock World Mining Trust Ord,1.055,,,,
11/11/1994,BlackRock World Mining Trust Ord,1.03506,,,,
11/12/1994,BlackRock World Mining Trust Ord,1.03506,,,,
11/13/1994,BlackRock World Mining Trust Ord,1.03506,,,,
11/14/1994,BlackRock World Mining Trust Ord,1.06,,,,
11/15/1994,BlackRock World Mining Trust Ord,1.05,,,,
11/16/1994,BlackRock World Mining Trust Ord,1.05,,,,
11/17/1994,BlackRock World Mining Trust Ord,1.05,,,,
11/18/1994,BlackRock World Mining Trust Ord,1.02524,,,,
11/19/1994,BlackRock World Mining Trust Ord,1.02524,,,,
11/20/1994,BlackRock World Mining Trust Ord,1.02524,,,,
11/21/1994,BlackRock World Mining Trust Ord,1.035,,,,
11/22/1994,BlackRock World Mining Trust Ord,1.03,,,,
11/23/1994,BlackRock World Mining Trust Ord,1.005,,,,
11/24/1994,BlackRock World Mining Trust Ord,1.005,,,,
11/25/1994,BlackRock World Mining Trust Ord,0.97619,,,,
11/26/1994,BlackRock World Mining Trust Ord,0.97619,,,,
11/27/1994,BlackRock World Mining Trust Ord,0.97619,,,,
11/28/1994,BlackRock World Mining Trust Ord,0.995,,,,
11/29/1994,BlackRock World Mining Trust Ord,0.995,,,,
11/30/1994,BlackRock World Mining Trust Ord,0.96638,,,,
12/01/1994,BlackRock World Mining Trust Ord,0.99,,,,
12/02/1994,BlackRock World Mining Trust Ord,0.95657,,,,
12/03/1994,BlackRock World Mining Trust Ord,0.95657,,,,
12/04/1994,BlackRock World Mining Trust Ord,0.95657,,,,
12/05/1994,BlackRock World Mining Trust Ord,0.99,,,,
12/06/1994,BlackRock World Mining Trust Ord,0.975,,,,
12/07/1994,BlackRock World Mining Trust Ord,0.965,,,,
12/08/1994,BlackRock World Mining Trust Ord,0.965,,,,
12/09/1994,BlackRock World Mining Trust Ord,0.92713,,,,
12/10/1994,BlackRock World Mining Trust Ord,0.92713,,,,
12/11/1994,BlackRock World Mining Trust Ord,0.92713,,,,
12/12/1994,BlackRock World Mining Trust Ord,0.935,,,,
12/13/1994,BlackRock World Mining Trust Ord,0.93,,,,
12/14/1994,BlackRock World Mining Trust Ord,0.93,,,,
12/15/1994,BlackRock World Mining Trust Ord,0.94,,,,
12/16/1994,BlackRock World Mining Trust Ord,0.90751,,,,
12/17/1994,BlackRock World Mining Trust Ord,0.90751,,,,
12/18/1994,BlackRock World Mining Trust Ord,0.90751,,,,
12/19/1994,BlackRock World Mining Trust Ord,0.94,,,,
12/20/1994,BlackRock World Mining Trust Ord,0.94,,,,
12/21/1994,BlackRock World Mining Trust Ord,0.95,,,,
12/22/1994,BlackRock World Mining Trust Ord,0.96,,,,
12/23/1994,BlackRock World Mining Trust Ord,0.93695,,,,
12/24/1994,BlackRock World Mining Trust Ord,0.93695,,,,
12/25/1994,BlackRock World Mining Trust Ord,0.93695,,,,
12/26/1994,BlackRock World Mining Trust Ord,0.96,,,,
12/27/1994,BlackRock World Mining Trust Ord,0.96,,,,
12/28/1994,BlackRock World Mining Trust Ord,0.94,,,,
12/29/1994,BlackRock World Mining Trust Ord,0.935,,,,
12/30/1994,BlackRock World Mining Trust Ord,0.91732,,,,
12/31/1994,BlackRock World Mining Trust Ord,0.91732,,,,
01/01/1995,BlackRock World Mining Trust Ord,0.91732,,,,
01/02/1995,BlackRock World Mining Trust Ord,0.935,,,,
01/03/1995,BlackRock World Mining Trust Ord,0.935,,,,
01/04/1995,BlackRock World Mining Trust Ord,0.945,,,,
01/05/1995,BlackRock World Mining Trust Ord,0.935,,,,
01/06/1995,BlackRock World Mining Trust Ord,0.91732,,,,
01/07/1995,BlackRock World Mining Trust Ord,0.91732,,,,
01/08/1995,BlackRock World Mining Trust Ord,0.91732,,,,
01/09/1995,BlackRock World Mining Trust Ord,0.935,,,,
01/10/1995,BlackRock World Mining Trust Ord,0.925,,,,
01/11/1995,BlackRock World Mining Trust Ord,0.91,,,,
01/12/1995,BlackRock World Mining Trust Ord,0.91,,,,
01/13/1995,BlackRock World Mining Trust Ord,0.88789,,,,
01/14/1995,BlackRock World Mining Trust Ord,0.88789,,,,
01/15/1995,BlackRock World Mining Trust Ord,0.88789,,,,
01/16/1995,BlackRock World Mining Trust Ord,0.9,,,,
01/17/1995,BlackRock World Mining Trust Ord,0.895,,,,
01/18/1995,BlackRock World Mining Trust Ord,0.895,,,,
01/19/1995,BlackRock World Mining Trust Ord,0.89,,,,
01/20/1995,BlackRock World Mining Trust Ord,0.86827,,,,
01/21/1995,BlackRock World Mining Trust Ord,0.86827,,,,
01/22/1995,BlackRock World Mining Trust Ord,0.86827,,,,
01/23/1995,BlackRock World Mining Trust Ord,0.87,,,,
01/24/1995,BlackRock World Mining Trust Ord,0.88,,,,
01/25/1995,BlackRock World Mining Trust Ord,0.89,,,,
01/26/1995,BlackRock World Mining Trust Ord,0.895,,,,
01/27/1995,BlackRock World Mining Trust Ord,0.87808,,,,
01/28/1995,BlackRock World Mining Trust Ord,0.87808,,,,
01/29/1995,BlackRock World Mining Trust Ord,0.87808,,,,
01/30/1995,BlackRock World Mining Trust Ord,0.9,,,,
01/31/1995,BlackRock World Mining Trust Ord,0.86827,,,,
02/01/1995,BlackRock World Mining Trust Ord,0.88,,,,
02/02/1995,BlackRock World Mining Trust Ord,0.88,,,,
02/03/1995,BlackRock World Mining Trust Ord,0.86827,,,,
02/04/1995,BlackRock World Mining Trust Ord,0.86827,,,,
02/05/1995,BlackRock World Mining Trust Ord,0.86827,,,,
02/06/1995,BlackRock World Mining Trust Ord,0.89,,,,
02/07/1995,BlackRock World Mining Trust Ord,0.89,,,,
02/08/1995,BlackRock World Mining Trust Ord,0.865,,,,
02/09/1995,BlackRock World Mining Trust Ord,0.87,,,,
02/10/1995,BlackRock World Mining Trust Ord,0.84865,,,,
02/11/1995,BlackRock World Mining Trust Ord,0.84865,,,,
02/12/1995,BlackRock World Mining Trust Ord,0.84865,,,,
02/13/1995,BlackRock World Mining Trust Ord,0.86,,,,
02/14/1995,BlackRock World Mining Trust Ord,0.86,,,,
02/15/1995,BlackRock World Mining Trust Ord,0.85,,,,
02/16/1995,BlackRock World Mining Trust Ord,0.85,,,,
02/17/1995,BlackRock World Mining Trust Ord,0.82902,,,,
02/18/1995,BlackRock World Mining Trust Ord,0.82902,,,,
02/19/1995,BlackRock World Mining Trust Ord,0.82902,,,,
02/20/1995,BlackRock World Mining Trust Ord,0.85,,,,
02/21/1995,BlackRock World Mining Trust Ord,0.86,,,,
02/22/1995,BlackRock World Mining Trust Ord,0.85,,,,
02/23/1995,BlackRock World Mining Trust Ord,0.87,,,,
02/24/1995,BlackRock World Mining Trust Ord,0.85846,,,,
02/25/1995,BlackRock World Mining Trust Ord,0.85846,,,,
02/26/1995,BlackRock World Mining Trust Ord,0.85846,,,,
02/27/1995,BlackRock World Mining Trust Ord,0.88,,,,
02/28/1995,BlackRock World Mining Trust Ord,0.86827,,,,
03/01/1995,BlackRock World Mining Trust Ord,0.895,,,,
03/02/1995,BlackRock World Mining Trust Ord,0.885,,,,
03/03/1995,BlackRock World Mining Trust Ord,0.85846,,,,
03/04/1995,BlackRock World Mining Trust Ord,0.85846,,,,
03/05/1995,BlackRock World Mining Trust Ord,0.85846,,,,
03/06/1995,BlackRock World Mining Trust Ord,0.865,,,,
03/07/1995,BlackRock World Mining Trust Ord,0.85,,,,
03/08/1995,BlackRock World Mining Trust Ord,0.82,,,,
03/09/1995,BlackRock World Mining Trust Ord,0.81,,,,
03/10/1995,BlackRock World Mining Trust Ord,0.79959,,,,
03/11/1995,BlackRock World Mining Trust Ord,0.79959,,,,
03/12/1995,BlackRock World Mining Trust Ord,0.79959,,,,
03/13/1995,BlackRock World Mining Trust Ord,0.82,,,,
03/14/1995,BlackRock World Mining Trust Ord,0.82,,,,
03/15/1995,BlackRock World Mining Trust Ord,0.82,,,,
03/16/1995,BlackRock World Mining Trust Ord,0.82,,,,
03/17/1995,BlackRock World Mining Trust Ord,0.79959,,,,
03/18/1995,BlackRock World Mining Trust Ord,0.79959,,,,
03/19/1995,BlackRock World Mining Trust Ord,0.79959,,,,
03/20/1995,BlackRock World Mining Trust Ord,0.825,,,,
03/21/1995,BlackRock World Mining Trust Ord,0.83,,,,
03/22/1995,BlackRock World Mining Trust Ord,0.825,,,,
03/23/1995,BlackRock World Mining Trust Ord,0.82,,,,
03/24/1995,BlackRock World Mining Trust Ord,0.78978,,,,
03/25/1995,BlackRock World Mining Trust Ord,0.78978,,,,
03/26/1995,BlackRock World Mining Trust Ord,0.78978,,,,
03/27/1995,BlackRock World Mining Trust Ord,0.81,,,,
03/28/1995,BlackRock World Mining Trust Ord,0.81,,,,
03/29/1995,BlackRock World Mining Trust Ord,0.8,,,,
03/30/1995,BlackRock World Mining Trust Ord,0.8,,,,
03/31/1995,BlackRock World Mining Trust Ord,0.77997,,,,
04/01/1995,BlackRock World Mining Trust Ord,0.77997,,,,
04/02/1995,BlackRock World Mining Trust Ord,0.77997,,,,
04/03/1995,BlackRock World Mining Trust Ord,0.8,,,,
04/04/1995,BlackRock World Mining Trust Ord,0.83,,,,
04/05/1995,BlackRock World Mining Trust Ord,0.865,,,,
04/06/1995,BlackRock World Mining Trust Ord,0.885,,,,
04/07/1995,BlackRock World Mining Trust Ord,0.87808,,,,
04/08/1995,BlackRock World Mining Trust Ord,0.87808,,,,
04/09/1995,BlackRock World Mining Trust Ord,0.87808,,,,
04/10/1995,BlackRock World Mining Trust Ord,0.895,,,,
04/11/1995,BlackRock World Mining Trust Ord,0.88,,,,
04/12/1995,BlackRock World Mining Trust Ord,0.875,,,,
04/13/1995,BlackRock World Mining Trust Ord,0.875,,,,
04/14/1995,BlackRock World Mining Trust Ord,0.85846,,,,
04/15/1995,BlackRock World Mining Trust Ord,0.85846,,,,
04/16/1995,BlackRock World Mining Trust Ord,0.85846,,,,
04/17/1995,BlackRock World Mining Trust Ord,0.875,,,,
04/18/1995,BlackRock World Mining Trust Ord,0.88,,,,
04/19/1995,BlackRock World Mining Trust Ord,0.88,,,,
04/20/1995,BlackRock World Mining Trust Ord,0.88,,,,
04/21/1995,BlackRock World Mining Trust Ord,0.85846,,,,
04/22/1995,BlackRock World Mining Trust Ord,0.85846,,,,
04/23/1995,BlackRock World Mining Trust Ord,0.85846,,,,
04/24/1995,BlackRock World Mining Trust Ord,0.88,,,,
04/25/1995,BlackRock World Mining Trust Ord,0.885,,,,
04/26/1995,BlackRock World Mining Trust Ord,0.885,,,,
04/27/1995,BlackRock World Mining Trust Ord,0.88,,,,
04/28/1995,BlackRock World Mining Trust Ord,0.86827,,,,
04/29/1995,BlackRock World Mining Trust Ord,0.86827,,,,
04/30/1995,BlackRock World Mining Trust Ord,0.86827,,,,
05/01/1995,BlackRock World Mining Trust Ord,0.885,,,,
05/02/1995,BlackRock World Mining Trust Ord,0.895,,,,
05/03/1995,BlackRock World Mining Trust Ord,0.9,,,,
05/04/1995,BlackRock World Mining Trust Ord,0.895,,,,
05/05/1995,BlackRock World Mining Trust Ord,0.86827,,,,
05/06/1995,BlackRock World Mining Trust Ord,0.86827,,,,
05/07/1995,BlackRock World Mining Trust Ord,0.86827,,,,
05/08/1995,BlackRock World Mining Trust Ord,0.89,,,,
05/09/1995,BlackRock World Mining Trust Ord,0.885,,,,
05/10/1995,BlackRock World Mining Trust Ord,0.885,,,,
05/11/1995,BlackRock World Mining Trust Ord,0.86,,,,
05/12/1995,BlackRock World Mining Trust Ord,0.82902,,,,
05/13/1995,BlackRock World Mining Trust Ord,0.82902,,,,
05/14/1995,BlackRock World Mining Trust Ord,0.82902,,,,
05/15/1995,BlackRock World Mining Trust Ord,0.855,,,,
05/16/1995,BlackRock World Mining Trust Ord,0.855,,,,
05/17/1995,BlackRock World Mining Trust Ord,0.875,,,,
05/18/1995,BlackRock World Mining Trust Ord,0.875,,,,
05/19/1995,BlackRock World Mining Trust Ord,0.83884,,,,
05/20/1995,BlackRock World Mining Trust Ord,0.83884,,,,
05/21/1995,BlackRock World Mining Trust Ord,0.83884,,,,
05/22/1995,BlackRock World Mining Trust Ord,0.87,,,,
05/23/1995,BlackRock World Mining Trust Ord,0.86,,,,
05/24/1995,BlackRock World Mining Trust Ord,0.86,,,,
05/25/1995,BlackRock World Mining Trust Ord,0.87,,,,
05/26/1995,BlackRock World Mining Trust Ord,0.84865,,,,
05/27/1995,BlackRock World Mining Trust Ord,0.84865,,,,
05/28/1995,BlackRock World Mining Trust Ord,0.84865,,,,
05/29/1995,BlackRock World Mining Trust Ord,0.865,,,,
05/30/1995,BlackRock World Mining Trust Ord,0.865,,,,
05/31/1995,BlackRock World Mining Trust Ord,0.84865,,,,
06/01/1995,BlackRock World Mining Trust Ord,0.865,,,,
06/02/1995,BlackRock World Mining Trust Ord,0.84865,,,,
06/03/1995,BlackRock World Mining Trust Ord,0.84865,,,,
06/04/1995,BlackRock World Mining Trust Ord,0.84865,,,,
06/05/1995,BlackRock World Mining Trust Ord,0.87,,,,
06/06/1995,BlackRock World Mining Trust Ord,0.87,,,,
06/07/1995,BlackRock World Mining Trust Ord,0.86,,,,
06/08/1995,BlackRock World Mining Trust Ord,0.85,,,,
06/09/1995,BlackRock World Mining Trust Ord,0.81921,,,,
06/10/1995,BlackRock World Mining Trust Ord,0.81921,,,,
06/11/1995,BlackRock World Mining Trust Ord,0.81921,,,,
06/12/1995,BlackRock World Mining Trust Ord,0.84,,,,
06/13/1995,BlackRock World Mining Trust Ord,0.835,,,,
06/14/1995,BlackRock World Mining Trust Ord,0.83,,,,
06/15/1995,BlackRock World Mining Trust Ord,0.845,,,,
06/16/1995,BlackRock World Mining Trust Ord,0.82902,,,,
06/17/1995,BlackRock World Mining Trust Ord,0.82902,,,,
06/18/1995,BlackRock World Mining Trust Ord,0.82902,,,,
06/19/1995,BlackRock World Mining Trust Ord,0.855,,,,
06/20/1995,BlackRock World Mining Trust Ord,0.865,,,,
06/21/1995,BlackRock World Mining Trust Ord,0.865,,,,
06/22/1995,BlackRock World Mining Trust Ord,0.865,,,,
06/23/1995,BlackRock World Mining Trust Ord,0.84865,,,,
06/24/1995,BlackRock World Mining Trust Ord,0.84865,,,,
06/25/1995,BlackRock World Mining Trust Ord,0.84865,,,,
06/26/1995,BlackRock World Mining Trust Ord,0.855,,,,
06/27/1995,BlackRock World Mining Trust Ord,0.85,,,,
06/28/1995,BlackRock World Mining Trust Ord,0.845,,,,
06/29/1995,BlackRock World Mining Trust Ord,0.855,,,,
06/30/1995,BlackRock World Mining Trust Ord,0.83884,,,,
07/01/1995,BlackRock World Mining Trust Ord,0.83884,,,,
07/02/1995,BlackRock World Mining Trust Ord,0.83884,,,,
07/03/1995,BlackRock World Mining Trust Ord,0.85,,,,
07/04/1995,BlackRock World Mining Trust Ord,0.855,,,,
07/05/1995,BlackRock World Mining Trust Ord,0.86,,,,
07/06/1995,BlackRock World Mining Trust Ord,0.86,,,,
07/07/1995,BlackRock World Mining Trust Ord,0.86827,,,,
07/08/1995,BlackRock World Mining Trust Ord,0.86827,,,,
07/09/1995,BlackRock World Mining Trust Ord,0.86827,,,,
07/10/1995,BlackRock World Mining Trust Ord,0.89,,,,
07/11/1995,BlackRock World Mining Trust Ord,0.9,,,,
07/12/1995,BlackRock World Mining Trust Ord,0.9,,,,
07/13/1995,BlackRock World Mining Trust Ord,0.92,,,,
07/14/1995,BlackRock World Mining Trust Ord,0.8977,,,,
07/15/1995,BlackRock World Mining Trust Ord,0.8977,,,,
07/16/1995,BlackRock World Mining Trust Ord,0.8977,,,,
07/17/1995,BlackRock World Mining Trust Ord,0.93,,,,
07/18/1995,BlackRock World Mining Trust Ord,0.935,,,,
07/19/1995,BlackRock World Mining Trust Ord,0.935,,,,
07/20/1995,BlackRock World Mining Trust Ord,0.93,,,,
07/21/1995,BlackRock World Mining Trust Ord,0.90751,,,,
07/22/1995,BlackRock World Mining Trust Ord,0.90751,,,,
07/23/1995,BlackRock World Mining Trust Ord,0.90751,,,,
07/24/1995,BlackRock World Mining Trust Ord,0.94,,,,
07/25/1995,BlackRock World Mining Trust Ord,0.945,,,,
07/26/1995,BlackRock World Mining Trust Ord,0.95,,,,
07/27/1995,BlackRock World Mining Trust Ord,0.945,,,,
07/28/1995,BlackRock World Mining Trust Ord,0.91732,,,,
07/29/1995,BlackRock World Mining Trust Ord,0.91732,,,,
07/30/1995,BlackRock World Mining Trust Ord,0.91732,,,,
07/31/1995,BlackRock World Mining Trust Ord,0.91732,,,,
08/01/1995,BlackRock World Mining Trust Ord,0.925,,,,
08/02/1995,BlackRock World Mining Trust Ord,0.93,,,,
08/03/1995,BlackRock World Mining Trust Ord,0.93,,,,
08/04/1995,BlackRock World Mining Trust Ord,0.90751,,,,
08/05/1995,BlackRock World Mining Trust Ord,0.90751,,,,
08/06/1995,BlackRock World Mining Trust Ord,0.90751,,,,
08/07/1995,BlackRock World Mining Trust Ord,0.925,,,,
08/08/1995,BlackRock World Mining Trust Ord,0.925,,,,
08/09/1995,BlackRock World Mining Trust Ord,0.935,,,,
08/10/1995,BlackRock World Mining Trust Ord,0.935,,,,
08/11/1995,BlackRock World Mining Trust Ord,0.91732,,,,
08/12/1995,BlackRock World Mining Trust Ord,0.91732,,,,
08/13/1995,BlackRock World Mining Trust Ord,0.91732,,,,
08/14/1995,BlackRock World Mining Trust Ord,0.935,,,,
08/15/1995,BlackRock World Mining Trust Ord,0.93,,,,
08/16/1995,BlackRock World Mining Trust Ord,0.93,,,,
08/17/1995,BlackRock World Mining Trust Ord,0.935,,,,
08/18/1995,BlackRock World Mining Trust Ord,0.94676,,,,
08/19/1995,BlackRock World Mining Trust Ord,0.94676,,,,
08/20/1995,BlackRock World Mining Trust Ord,0.94676,,,,
08/21/1995,BlackRock World Mining Trust Ord,0.975,,,,
08/22/1995,BlackRock World Mining Trust Ord,0.975,,,,
08/23/1995,BlackRock World Mining Trust Ord,0.98,,,,
08/24/1995,BlackRock World Mining Trust Ord,0.975,,,,
08/25/1995,BlackRock World Mining Trust Ord,0.95657,,,,
08/26/1995,BlackRock World Mining Trust Ord,0.95657,,,,
08/27/1995,BlackRock World Mining Trust Ord,0.95657,,,,
08/28/1995,BlackRock World Mining Trust Ord,0.975,,,,
08/29/1995,BlackRock World Mining Trust Ord,0.975,,,,
08/30/1995,BlackRock World Mining Trust Ord,0.965,,,,
08/31/1995,BlackRock World Mining Trust Ord,0.93695,,,,
09/01/1995,BlackRock World Mining Trust Ord,0.955,,,,
09/02/1995,BlackRock World Mining Trust Ord,0.955,,,,
09/03/1995,BlackRock World Mining Trust Ord,0.955,,,,
09/04/1995,BlackRock World Mining Trust Ord,0.955,,,,
09/05/1995,BlackRock World Mining Trust Ord,0.95,,,,
09/06/1995,BlackRock World Mining Trust Ord,0.95,,,,
09/07/1995,BlackRock World Mining Trust Ord,0.955,,,,
09/08/1995,BlackRock World Mining Trust Ord,0.94676,,,,
09/09/1995,BlackRock World Mining Trust Ord,0.94676,,,,
09/10/1995,BlackRock World Mining Trust Ord,0.94676,,,,
09/11/1995,BlackRock World Mining Trust Ord,0.96,,,,
09/12/1995,BlackRock World Mining Trust Ord,0.96,,,,
09/13/1995,BlackRock World Mining Trust Ord,0.96,,,,
09/14/1995,BlackRock World Mining Trust Ord,0.96,,,,
09/15/1995,BlackRock World Mining Trust Ord,0.93695,,,,
09/16/1995,BlackRock World Mining Trust Ord,0.93695,,,,
09/17/1995,BlackRock World Mining Trust Ord,0.93695,,,,
09/18/1995,BlackRock World Mining Trust Ord,0.95,,,,
09/19/1995,BlackRock World Mining Trust Ord,0.96,,,,
09/20/1995,BlackRock World Mining Trust Ord,0.965,,,,
09/21/1995,BlackRock World Mining Trust Ord,0.965,,,,
09/22/1995,BlackRock World Mining Trust Ord,0.92713,,,,
09/23/1995,BlackRock World Mining Trust Ord,0.92713,,,,
09/24/1995,BlackRock World Mining Trust Ord,0.92713,,,,
09/25/1995,BlackRock World Mining Trust Ord,0.95,,,,
09/26/1995,BlackRock World Mining Trust Ord,0.95,,,,
09/27/1995,BlackRock World Mining Trust Ord,0.9375,,,,
09/28/1995,BlackRock World Mining Trust Ord,0.935,,,,
09/29/1995,BlackRock World Mining Trust Ord,0.91732,,,,
09/30/1995,BlackRock World Mining Trust Ord,0.91732,,,,
10/01/1995,BlackRock World Mining Trust Ord,0.91732,,,,
10/02/1995,BlackRock World Mining Trust Ord,0.935,,,,
10/03/1995,BlackRock World Mining Trust Ord,0.935,,,,
10/04/1995,BlackRock World Mining Trust Ord,0.935,,,,
10/05/1995,BlackRock World Mining Trust Ord,0.9375,,,,
10/06/1995,BlackRock World Mining Trust Ord,0.91732,,,,
10/07/1995,BlackRock World Mining Trust Ord,0.91732,,,,
10/08/1995,BlackRock World Mining Trust Ord,0.91732,,,,
10/09/1995,BlackRock World Mining Trust Ord,0.935,,,,
10/10/1995,BlackRock World Mining Trust Ord,0.925,,,,
10/11/1995,BlackRock World Mining Trust Ord,0.925,,,,
10/12/1995,BlackRock World Mining Trust Ord,0.925,,,,
10/13/1995,BlackRock World Mining Trust Ord,0.90751,,,,
10/14/1995,BlackRock World Mining Trust Ord,0.90751,,,,
10/15/1995,BlackRock World Mining Trust Ord,0.90751,,,,
10/16/1995,BlackRock World Mining Trust Ord,0.92,,,,
10/17/1995,BlackRock World Mining Trust Ord,0.9125,,,,
10/18/1995,BlackRock World Mining Trust Ord,0.9125,,,,
10/19/1995,BlackRock World Mining Trust Ord,0.9125,,,,
10/20/1995,BlackRock World Mining Trust Ord,0.88789,,,,
10/21/1995,BlackRock World Mining Trust Ord,0.88789,,,,
10/22/1995,BlackRock World Mining Trust Ord,0.88789,,,,
10/23/1995,BlackRock World Mining Trust Ord,0.905,,,,
10/24/1995,BlackRock World Mining Trust Ord,0.89,,,,
10/25/1995,BlackRock World Mining Trust Ord,0.88,,,,
10/26/1995,BlackRock World Mining Trust Ord,0.845,,,,
10/27/1995,BlackRock World Mining Trust Ord,0.83884,,,,
10/28/1995,BlackRock World Mining Trust Ord,0.83884,,,,
10/29/1995,BlackRock World Mining Trust Ord,0.83884,,,,
10/30/1995,BlackRock World Mining Trust Ord,0.85,,,,
10/31/1995,BlackRock World Mining Trust Ord,0.82902,,,,
11/01/1995,BlackRock World Mining Trust Ord,0.85,,,,
11/02/1995,BlackRock World Mining Trust Ord,0.865,,,,
11/03/1995,BlackRock World Mining Trust Ord,0.84865,,,,
11/04/1995,BlackRock World Mining Trust Ord,0.84865,,,,
11/05/1995,BlackRock World Mining Trust Ord,0.84865,,,,
11/06/1995,BlackRock World Mining Trust Ord,0.86,,,,
11/07/1995,BlackRock World Mining Trust Ord,0.865,,,,
11/08/1995,BlackRock World Mining Trust Ord,0.87,,,,
11/09/1995,BlackRock World Mining Trust Ord,0.88,,,,
11/10/1995,BlackRock World Mining Trust Ord,0.85846,,,,
11/11/1995,BlackRock World Mining Trust Ord,0.85846,,,,
11/12/1995,BlackRock World Mining Trust Ord,0.85846,,,,
11/13/1995,BlackRock World Mining Trust Ord,0.88,,,,
11/14/1995,BlackRock World Mining Trust Ord,0.875,,,,
11/15/1995,BlackRock World Mining Trust Ord,0.88,,,,
11/16/1995,BlackRock World Mining Trust Ord,0.875,,,,
11/17/1995,BlackRock World Mining Trust Ord,0.85355,,,,
11/18/1995,BlackRock World Mining Trust Ord,0.85355,,,,
11/19/1995,BlackRock World Mining Trust Ord,0.85355,,,,
11/20/1995,BlackRock World Mining Trust Ord,0.86,,,,
11/21/1995,BlackRock World Mining Trust Ord,0.86,,,,
11/22/1995,BlackRock World Mining Trust Ord,0.87,,,,
11/23/1995,BlackRock World Mining Trust Ord,0.8675,,,,
11/24/1995,BlackRock World Mining Trust Ord,0.85846,,,,
11/25/1995,BlackRock World Mining Trust Ord,0.85846,,,,
11/26/1995,BlackRock World Mining Trust Ord,0.85846,,,,
11/27/1995,BlackRock World Mining Trust Ord,0.875,,,,
11/28/1995,BlackRock World Mining Trust Ord,0.9,,,,
11/29/1995,BlackRock World Mining Trust Ord,0.905,,,,
11/30/1995,BlackRock World Mining Trust Ord,0.88789,,,,
12/01/1995,BlackRock World Mining Trust Ord,0.87808,,,,
12/02/1995,BlackRock World Mining Trust Ord,0.87808,,,,
12/03/1995,BlackRock World Mining Trust Ord,0.87808,,,,
12/04/1995,BlackRock World Mining Trust Ord,0.895,,,,
12/05/1995,BlackRock World Mining Trust Ord,0.9,,,,
12/06/1995,BlackRock World Mining Trust Ord,0.9,,,,
12/07/1995,BlackRock World Mining Trust Ord,0.895,,,,
12/08/1995,BlackRock World Mining Trust Ord,0.87808,,,,
12/09/1995,BlackRock World Mining Trust Ord,0.87808,,,,
12/10/1995,BlackRock World Mining Trust Ord,0.87808,,,,
12/11/1995,BlackRock World Mining Trust Ord,0.92,,,,
12/12/1995,BlackRock World Mining Trust Ord,0.915,,,,
12/13/1995,BlackRock World Mining Trust Ord,0.915,,,,
12/14/1995,BlackRock World Mining Trust Ord,0.9125,,,,
12/15/1995,BlackRock World Mining Trust Ord,0.8928,,,,
12/16/1995,BlackRock World Mining Trust Ord,0.8928,,,,
12/17/1995,BlackRock World Mining Trust Ord,0.8928,,,,
12/18/1995,BlackRock World Mining Trust Ord,0.91,,,,
12/19/1995,BlackRock World Mining Trust Ord,0.9,,,,
12/20/1995,BlackRock World Mining Trust Ord,0.9,,,,
12/21/1995,BlackRock World Mining Trust Ord,0.9,,,,
12/22/1995,BlackRock World Mining Trust Ord,0.88789,,,,
12/23/1995,BlackRock World Mining Trust Ord,0.88789,,,,
12/24/1995,BlackRock World Mining Trust Ord,0.88789,,,,
12/25/1995,BlackRock World Mining Trust Ord,0.905,,,,
12/26/1995,BlackRock World Mining Trust Ord,0.92,,,,
12/27/1995,BlackRock World Mining Trust Ord,0.92,,,,
12/28/1995,BlackRock World Mining Trust Ord,0.93,,,,
12/29/1995,BlackRock World Mining Trust Ord,0.91242,,,,
12/30/1995,BlackRock World Mining Trust Ord,0.91242,,,,
12/31/1995,BlackRock World Mining Trust Ord,0.91242,,,,
01/01/1996,BlackRock World Mining Trust Ord,0.93,,,,
01/02/1996,BlackRock World Mining Trust Ord,0.92,,,,
01/03/1996,BlackRock World Mining Trust Ord,0.945,,,,
01/04/1996,BlackRock World Mining Trust Ord,0.965,,,,
01/05/1996,BlackRock World Mining Trust Ord,0.9443,,,,
01/06/1996,BlackRock World Mining Trust Ord,0.9443,,,,
01/07/1996,BlackRock World Mining Trust Ord,0.9443,,,,
01/08/1996,BlackRock World Mining Trust Ord,0.965,,,,
01/09/1996,BlackRock World Mining Trust Ord,0.99,,,,
01/10/1996,BlackRock World Mining Trust Ord,1,,,,
01/11/1996,BlackRock World Mining Trust Ord,0.99,,,,
01/12/1996,BlackRock World Mining Trust Ord,0.97128,,,,
01/13/1996,BlackRock World Mining Trust Ord,0.97128,,,,
01/14/1996,BlackRock World Mining Trust Ord,0.97128,,,,
01/15/1996,BlackRock World Mining Trust Ord,0.985,,,,
01/16/1996,BlackRock World Mining Trust Ord,0.985,,,,
01/17/1996,BlackRock World Mining Trust Ord,0.985,,,,
01/18/1996,BlackRock World Mining Trust Ord,0.985,,,,
01/19/1996,BlackRock World Mining Trust Ord,0.96638,,,,
01/20/1996,BlackRock World Mining Trust Ord,0.96638,,,,
01/21/1996,BlackRock World Mining Trust Ord,0.96638,,,,
01/22/1996,BlackRock World Mining Trust Ord,1.015,,,,
01/23/1996,BlackRock World Mining Trust Ord,1.035,,,,
01/24/1996,BlackRock World Mining Trust Ord,1.0375,,,,
01/25/1996,BlackRock World Mining Trust Ord,1.035,,,,
01/26/1996,BlackRock World Mining Trust Ord,1.02524,,,,
01/27/1996,BlackRock World Mining Trust Ord,1.02524,,,,
01/28/1996,BlackRock World Mining Trust Ord,1.02524,,,,
01/29/1996,BlackRock World Mining Trust Ord,1.05,,,,
01/30/1996,BlackRock World Mining Trust Ord,1.04,,,,
01/31/1996,BlackRock World Mining Trust Ord,1.01053,,,,
02/01/1996,BlackRock World Mining Trust Ord,1.035,,,,
02/02/1996,BlackRock World Mining Trust Ord,1.06939,,,,
02/03/1996,BlackRock World Mining Trust Ord,1.06939,,,,
02/04/1996,BlackRock World Mining Trust Ord,1.06939,,,,
02/05/1996,BlackRock World Mining Trust Ord,1.075,,,,
02/06/1996,BlackRock World Mining Trust Ord,1.06,,,,
02/07/1996,BlackRock World Mining Trust Ord,1.055,,,,
02/08/1996,BlackRock World Mining Trust Ord,1.03,,,,
02/09/1996,BlackRock World Mining Trust Ord,1.00562,,,,
02/10/1996,BlackRock World Mining Trust Ord,1.00562,,,,
02/11/1996,BlackRock World Mining Trust Ord,1.00562,,,,
02/12/1996,BlackRock World Mining Trust Ord,1.025,,,,
02/13/1996,BlackRock World Mining Trust Ord,1.02,,,,
02/14/1996,BlackRock World Mining Trust Ord,1.02,,,,
02/15/1996,BlackRock World Mining Trust Ord,1.025,,,,
02/16/1996,BlackRock World Mining Trust Ord,1.01053,,,,
02/17/1996,BlackRock World Mining Trust Ord,1.01053,,,,
02/18/1996,BlackRock World Mining Trust Ord,1.01053,,,,
02/19/1996,BlackRock World Mining Trust Ord,1.025,,,,
02/20/1996,BlackRock World Mining Trust Ord,1.015,,,,
02/21/1996,BlackRock World Mining Trust Ord,0.995,,,,
02/22/1996,BlackRock World Mining Trust Ord,1.0075,,,,
02/23/1996,BlackRock World Mining Trust Ord,0.986,,,,
02/24/1996,BlackRock World Mining Trust Ord,0.986,,,,
02/25/1996,BlackRock World Mining Trust Ord,0.986,,,,
02/26/1996,BlackRock World Mining Trust Ord,0.99,,,,
02/27/1996,BlackRock World Mining Trust Ord,0.99,,,,
02/28/1996,BlackRock World Mining Trust Ord,0.99,,,,
02/29/1996,BlackRock World Mining Trust Ord,0.97128,,,,
03/01/1996,BlackRock World Mining Trust Ord,0.97128,,,,
03/02/1996,BlackRock World Mining Trust Ord,0.97128,,,,
03/03/1996,BlackRock World Mining Trust Ord,0.97128,,,,
03/04/1996,BlackRock World Mining Trust Ord,0.985,,,,
03/05/1996,BlackRock World Mining Trust Ord,0.98,,,,
03/06/1996,BlackRock World Mining Trust Ord,0.98,,,,
03/07/1996,BlackRock World Mining Trust Ord,0.98,,,,
03/08/1996,BlackRock World Mining Trust Ord,0.95657,,,,
03/09/1996,BlackRock World Mining Trust Ord,0.95657,,,,
03/10/1996,BlackRock World Mining Trust Ord,0.95657,,,,
03/11/1996,BlackRock World Mining Trust Ord,0.965,,,,
03/12/1996,BlackRock World Mining Trust Ord,0.965,,,,
03/13/1996,BlackRock World Mining Trust Ord,0.965,,,,
03/14/1996,BlackRock World Mining Trust Ord,0.975,,,,
03/15/1996,BlackRock World Mining Trust Ord,0.95166,,,,
03/16/1996,BlackRock World Mining Trust Ord,0.95166,,,,
03/17/1996,BlackRock World Mining Trust Ord,0.95166,,,,
03/18/1996,BlackRock World Mining Trust Ord,0.97,,,,
03/19/1996,BlackRock World Mining Trust Ord,0.985,,,,
03/20/1996,BlackRock World Mining Trust Ord,0.985,,,,
03/21/1996,BlackRock World Mining Trust Ord,0.99,,,,
03/22/1996,BlackRock World Mining Trust Ord,0.97619,,,,
03/23/1996,BlackRock World Mining Trust Ord,0.97619,,,,
03/24/1996,BlackRock World Mining Trust Ord,0.97619,,,,
03/25/1996,BlackRock World Mining Trust Ord,0.995,,,,
03/26/1996,BlackRock World Mining Trust Ord,0.995,,,,
03/27/1996,BlackRock World Mining Trust Ord,1.015,,,,
03/28/1996,BlackRock World Mining Trust Ord,1.015,,,,
03/29/1996,BlackRock World Mining Trust Ord,0.99581,,,,
03/30/1996,BlackRock World Mining Trust Ord,0.99581,,,,
03/31/1996,BlackRock World Mining Trust Ord,0.99581,,,,
04/01/1996,BlackRock World Mining Trust Ord,1.015,,,,
04/02/1996,BlackRock World Mining Trust Ord,1.005,,,,
04/03/1996,BlackRock World Mining Trust Ord,0.9925,,,,
04/04/1996,BlackRock World Mining Trust Ord,0.995,,,,
04/05/1996,BlackRock World Mining Trust Ord,0.97619,,,,
04/06/1996,BlackRock World Mining Trust Ord,0.97619,,,,
04/07/1996,BlackRock World Mining Trust Ord,0.97619,,,,
04/08/1996,BlackRock World Mining Trust Ord,0.995,,,,
04/09/1996,BlackRock World Mining Trust Ord,1.005,,,,
04/10/1996,BlackRock World Mining Trust Ord,1.005,,,,
04/11/1996,BlackRock World Mining Trust Ord,1.03,,,,
04/12/1996,BlackRock World Mining Trust Ord,1.04977,,,,
04/13/1996,BlackRock World Mining Trust Ord,1.04977,,,,
04/14/1996,BlackRock World Mining Trust Ord,1.04977,,,,
04/15/1996,BlackRock World Mining Trust Ord,1.08,,,,
04/16/1996,BlackRock World Mining Trust Ord,1.085,,,,
04/17/1996,BlackRock World Mining Trust Ord,1.055,,,,
04/18/1996,BlackRock World Mining Trust Ord,1.06,,,,
04/19/1996,BlackRock World Mining Trust Ord,1.03996,,,,
04/20/1996,BlackRock World Mining Trust Ord,1.03996,,,,
04/21/1996,BlackRock World Mining Trust Ord,1.03996,,,,
04/22/1996,BlackRock World Mining Trust Ord,1.07,,,,
04/23/1996,BlackRock World Mining Trust Ord,1.06,,,,
04/24/1996,BlackRock World Mining Trust Ord,1.05,,,,
04/25/1996,BlackRock World Mining Trust Ord,1.05,,,,
04/26/1996,BlackRock World Mining Trust Ord,1.04487,,,,
04/27/1996,BlackRock World Mining Trust Ord,1.04487,,,,
04/28/1996,BlackRock World Mining Trust Ord,1.04487,,,,
04/29/1996,BlackRock World Mining Trust Ord,1.05,,,,
04/30/1996,BlackRock World Mining Trust Ord,1.03015,,,,
05/01/1996,BlackRock World Mining Trust Ord,1.05,,,,
05/02/1996,BlackRock World Mining Trust Ord,1.045,,,,
05/03/1996,BlackRock World Mining Trust Ord,1.03015,,,,
05/04/1996,BlackRock World Mining Trust Ord,1.03015,,,,
05/05/1996,BlackRock World Mining Trust Ord,1.03015,,,,
05/06/1996,BlackRock World Mining Trust Ord,1.05,,,,
05/07/1996,BlackRock World Mining Trust Ord,1.065,,,,
05/08/1996,BlackRock World Mining Trust Ord,1.06,,,,
05/09/1996,BlackRock World Mining Trust Ord,1.065,,,,
05/10/1996,BlackRock World Mining Trust Ord,1.04977,,,,
05/11/1996,BlackRock World Mining Trust Ord,1.04977,,,,
05/12/1996,BlackRock World Mining Trust Ord,1.04977,,,,
05/13/1996,BlackRock World Mining Trust Ord,1.065,,,,
05/14/1996,BlackRock World Mining Trust Ord,1.075,,,,
05/15/1996,BlackRock World Mining Trust Ord,1.075,,,,
05/16/1996,BlackRock World Mining Trust Ord,1.07,,,,
05/17/1996,BlackRock World Mining Trust Ord,1.04977,,,,
05/18/1996,BlackRock World Mining Trust Ord,1.04977,,,,
05/19/1996,BlackRock World Mining Trust Ord,1.04977,,,,
05/20/1996,BlackRock World Mining Trust Ord,1.085,,,,
05/21/1996,BlackRock World Mining Trust Ord,1.085,,,,
05/22/1996,BlackRock World Mining Trust Ord,1.085,,,,
05/23/1996,BlackRock World Mining Trust Ord,1.085,,,,
05/24/1996,BlackRock World Mining Trust Ord,1.06939,,,,
05/25/1996,BlackRock World Mining Trust Ord,1.06939,,,,
05/26/1996,BlackRock World Mining Trust Ord,1.06939,,,,
05/27/1996,BlackRock World Mining Trust Ord,1.09,,,,
05/28/1996,BlackRock World Mining Trust Ord,1.09,,,,
05/29/1996,BlackRock World Mining Trust Ord,1.09,,,,
05/30/1996,BlackRock World Mining Trust Ord,1.085,,,,
05/31/1996,BlackRock World Mining Trust Ord,1.06939,,,,
06/01/1996,BlackRock World Mining Trust Ord,1.06939,,,,
06/02/1996,BlackRock World Mining Trust Ord,1.06939,,,,
06/03/1996,BlackRock World Mining Trust Ord,1.08,,,,
06/04/1996,BlackRock World Mining Trust Ord,1.08,,,,
06/05/1996,BlackRock World Mining Trust Ord,1.07,,,,
06/06/1996,BlackRock World Mining Trust Ord,1.035,,,,
06/07/1996,BlackRock World Mining Trust Ord,0.99581,,,,
06/08/1996,BlackRock World Mining Trust Ord,0.99581,,,,
06/09/1996,BlackRock World Mining Trust Ord,0.99581,,,,
06/10/1996,BlackRock World Mining Trust Ord,1.0075,,,,
06/11/1996,BlackRock World Mining Trust Ord,1.01,,,,
06/12/1996,BlackRock World Mining Trust Ord,1.02,,,,
06/13/1996,BlackRock World Mining Trust Ord,1.02,,,,
06/14/1996,BlackRock World Mining Trust Ord,0.99091,,,,
06/15/1996,BlackRock World Mining Trust Ord,0.99091,,,,
06/16/1996,BlackRock World Mining Trust Ord,0.99091,,,,
06/17/1996,BlackRock World Mining Trust Ord,0.995,,,,
06/18/1996,BlackRock World Mining Trust Ord,0.9875,,,,
06/19/1996,BlackRock World Mining Trust Ord,0.9925,,,,
06/20/1996,BlackRock World Mining Trust Ord,0.9925,,,,
06/21/1996,BlackRock World Mining Trust Ord,0.96638,,,,
06/22/1996,BlackRock World Mining Trust Ord,0.96638,,,,
06/23/1996,BlackRock World Mining Trust Ord,0.96638,,,,
06/24/1996,BlackRock World Mining Trust Ord,0.9825,,,,
06/25/1996,BlackRock World Mining Trust Ord,0.975,,,,
06/26/1996,BlackRock World Mining Trust Ord,0.975,,,,
06/27/1996,BlackRock World Mining Trust Ord,0.975,,,,
06/28/1996,BlackRock World Mining Trust Ord,0.95166,,,,
06/29/1996,BlackRock World Mining Trust Ord,0.95166,,,,
06/30/1996,BlackRock World Mining Trust Ord,0.95166,,,,
07/01/1996,BlackRock World Mining Trust Ord,0.97,,,,
07/02/1996,BlackRock World Mining Trust Ord,0.97,,,,
07/03/1996,BlackRock World Mining Trust Ord,0.965,,,,
07/04/1996,BlackRock World Mining Trust Ord,0.975,,,,
07/05/1996,BlackRock World Mining Trust Ord,0.94676,,,,
07/06/1996,BlackRock World Mining Trust Ord,0.94676,,,,
07/07/1996,BlackRock World Mining Trust Ord,0.94676,,,,
07/08/1996,BlackRock World Mining Trust Ord,0.965,,,,
07/09/1996,BlackRock World Mining Trust Ord,0.97,,,,
07/10/1996,BlackRock World Mining Trust Ord,0.98,,,,
07/11/1996,BlackRock World Mining Trust Ord,0.975,,,,
07/12/1996,BlackRock World Mining Trust Ord,0.94676,,,,
07/13/1996,BlackRock World Mining Trust Ord,0.94676,,,,
07/14/1996,BlackRock World Mining Trust Ord,0.94676,,,,
07/15/1996,BlackRock World Mining Trust Ord,0.965,,,,
07/16/1996,BlackRock World Mining Trust Ord,0.945,,,,
07/17/1996,BlackRock World Mining Trust Ord,0.955,,,,
07/18/1996,BlackRock World Mining Trust Ord,0.965,,,,
07/19/1996,BlackRock World Mining Trust Ord,0.94676,,,,
07/20/1996,BlackRock World Mining Trust Ord,0.94676,,,,
07/21/1996,BlackRock World Mining Trust Ord,0.94676,,,,
07/22/1996,BlackRock World Mining Trust Ord,0.955,,,,
07/23/1996,BlackRock World Mining Trust Ord,0.965,,,,
07/24/1996,BlackRock World Mining Trust Ord,0.955,,,,
07/25/1996,BlackRock World Mining Trust Ord,0.96,,,,
07/26/1996,BlackRock World Mining Trust Ord,0.94676,,,,
07/27/1996,BlackRock World Mining Trust Ord,0.94676,,,,
07/28/1996,BlackRock World Mining Trust Ord,0.94676,,,,
07/29/1996,BlackRock World Mining Trust Ord,0.965,,,,
07/30/1996,BlackRock World Mining Trust Ord,0.96,,,,
07/31/1996,BlackRock World Mining Trust Ord,0.94185,,,,
08/01/1996,BlackRock World Mining Trust Ord,0.965,,,,
08/02/1996,BlackRock World Mining Trust Ord,0.95166,,,,
08/03/1996,BlackRock World Mining Trust Ord,0.95166,,,,
08/04/1996,BlackRock World Mining Trust Ord,0.95166,,,,
08/05/1996,BlackRock World Mining Trust Ord,0.985,,,,
08/06/1996,BlackRock World Mining Trust Ord,0.99,,,,
08/07/1996,BlackRock World Mining Trust Ord,0.995,,,,
08/08/1996,BlackRock World Mining Trust Ord,1,,,,
08/09/1996,BlackRock World Mining Trust Ord,0.9811,,,,
08/10/1996,BlackRock World Mining Trust Ord,0.9811,,,,
08/11/1996,BlackRock World Mining Trust Ord,0.9811,,,,
08/12/1996,BlackRock World Mining Trust Ord,1,,,,
08/13/1996,BlackRock World Mining Trust Ord,1.005,,,,
08/14/1996,BlackRock World Mining Trust Ord,1.005,,,,
08/15/1996,BlackRock World Mining Trust Ord,1.005,,,,
08/16/1996,BlackRock World Mining Trust Ord,0.986,,,,
08/17/1996,BlackRock World Mining Trust Ord,0.986,,,,
08/18/1996,BlackRock World Mining Trust Ord,0.986,,,,
08/19/1996,BlackRock World Mining Trust Ord,1.005,,,,
08/20/1996,BlackRock World Mining Trust Ord,1.005,,,,
08/21/1996,BlackRock World Mining Trust Ord,1.005,,,,
08/22/1996,BlackRock World Mining Trust Ord,1.005,,,,
08/23/1996,BlackRock World Mining Trust Ord,0.986,,,,
08/24/1996,BlackRock World Mining Trust Ord,0.986,,,,
08/25/1996,BlackRock World Mining Trust Ord,0.986,,,,
08/26/1996,BlackRock World Mining Trust Ord,1.005,,,,
08/27/1996,BlackRock World Mining Trust Ord,1.015,,,,
08/28/1996,BlackRock World Mining Trust Ord,1.025,,,,
08/29/1996,BlackRock World Mining Trust Ord,1.005,,,,
08/30/1996,BlackRock World Mining Trust Ord,0.986,,,,
08/31/1996,BlackRock World Mining Trust Ord,0.986,,,,
09/01/1996,BlackRock World Mining Trust Ord,0.986,,,,
09/02/1996,BlackRock World Mining Trust Ord,1.015,,,,
09/03/1996,BlackRock World Mining Trust Ord,1.015,,,,
09/04/1996,BlackRock World Mining Trust Ord,1.01,,,,
09/05/1996,BlackRock World Mining Trust Ord,1.015,,,,
09/06/1996,BlackRock World Mining Trust Ord,0.99581,,,,
09/07/1996,BlackRock World Mining Trust Ord,0.99581,,,,
09/08/1996,BlackRock World Mining Trust Ord,0.99581,,,,
09/09/1996,BlackRock World Mining Trust Ord,1.015,,,,
09/10/1996,BlackRock World Mining Trust Ord,1.015,,,,
09/11/1996,BlackRock World Mining Trust Ord,1.015,,,,
09/12/1996,BlackRock World Mining Trust Ord,1.01,,,,
09/13/1996,BlackRock World Mining Trust Ord,0.99091,,,,
09/14/1996,BlackRock World Mining Trust Ord,0.99091,,,,
09/15/1996,BlackRock World Mining Trust Ord,0.99091,,,,
09/16/1996,BlackRock World Mining Trust Ord,1.01,,,,
09/17/1996,BlackRock World Mining Trust Ord,1.005,,,,
09/18/1996,BlackRock World Mining Trust Ord,0.9875,,,,
09/19/1996,BlackRock World Mining Trust Ord,0.98,,,,
09/20/1996,BlackRock World Mining Trust Ord,0.95657,,,,
09/21/1996,BlackRock World Mining Trust Ord,0.95657,,,,
09/22/1996,BlackRock World Mining Trust Ord,0.95657,,,,
09/23/1996,BlackRock World Mining Trust Ord,0.965,,,,
09/24/1996,BlackRock World Mining Trust Ord,0.955,,,,
09/25/1996,BlackRock World Mining Trust Ord,0.955,,,,
09/26/1996,BlackRock World Mining Trust Ord,0.955,,,,
09/27/1996,BlackRock World Mining Trust Ord,0.93695,,,,
09/28/1996,BlackRock World Mining Trust Ord,0.93695,,,,
09/29/1996,BlackRock World Mining Trust Ord,0.93695,,,,
09/30/1996,BlackRock World Mining Trust Ord,0.94185,,,,
10/01/1996,BlackRock World Mining Trust Ord,0.955,,,,
10/02/1996,BlackRock World Mining Trust Ord,0.955,,,,
10/03/1996,BlackRock World Mining Trust Ord,0.9525,,,,
10/04/1996,BlackRock World Mining Trust Ord,0.93204,,,,
10/05/1996,BlackRock World Mining Trust Ord,0.93204,,,,
10/06/1996,BlackRock World Mining Trust Ord,0.93204,,,,
10/07/1996,BlackRock World Mining Trust Ord,0.95,,,,
10/08/1996,BlackRock World Mining Trust Ord,0.945,,,,
10/09/1996,BlackRock World Mining Trust Ord,0.9425,,,,
10/10/1996,BlackRock World Mining Trust Ord,0.9425,,,,
10/11/1996,BlackRock World Mining Trust Ord,0.92468,,,,
10/12/1996,BlackRock World Mining Trust Ord,0.92468,,,,
10/13/1996,BlackRock World Mining Trust Ord,0.92468,,,,
10/14/1996,BlackRock World Mining Trust Ord,0.945,,,,
10/15/1996,BlackRock World Mining Trust Ord,0.955,,,,
10/16/1996,BlackRock World Mining Trust Ord,0.9525,,,,
10/17/1996,BlackRock World Mining Trust Ord,0.945,,,,
10/18/1996,BlackRock World Mining Trust Ord,0.92713,,,,
10/19/1996,BlackRock World Mining Trust Ord,0.92713,,,,
10/20/1996,BlackRock World Mining Trust Ord,0.92713,,,,
10/21/1996,BlackRock World Mining Trust Ord,0.935,,,,
10/22/1996,BlackRock World Mining Trust Ord,0.935,,,,
10/23/1996,BlackRock World Mining Trust Ord,0.935,,,,
10/24/1996,BlackRock World Mining Trust Ord,0.935,,,,
10/25/1996,BlackRock World Mining Trust Ord,0.91732,,,,
10/26/1996,BlackRock World Mining Trust Ord,0.91732,,,,
10/27/1996,BlackRock World Mining Trust Ord,0.91732,,,,
10/28/1996,BlackRock World Mining Trust Ord,0.935,,,,
10/29/1996,BlackRock World Mining Trust Ord,0.935,,,,
10/30/1996,BlackRock World Mining Trust Ord,0.9375,,,,
10/31/1996,BlackRock World Mining Trust Ord,0.91978,,,,
11/01/1996,BlackRock World Mining Trust Ord,0.91978,,,,
11/02/1996,BlackRock World Mining Trust Ord,0.91978,,,,
11/03/1996,BlackRock World Mining Trust Ord,0.91978,,,,
11/04/1996,BlackRock World Mining Trust Ord,0.935,,,,
11/05/1996,BlackRock World Mining Trust Ord,0.925,,,,
11/06/1996,BlackRock World Mining Trust Ord,0.9325,,,,
11/07/1996,BlackRock World Mining Trust Ord,0.9175,,,,
11/08/1996,BlackRock World Mining Trust Ord,0.8977,,,,
11/09/1996,BlackRock World Mining Trust Ord,0.8977,,,,
11/10/1996,BlackRock World Mining Trust Ord,0.8977,,,,
11/11/1996,BlackRock World Mining Trust Ord,0.9,,,,
11/12/1996,BlackRock World Mining Trust Ord,0.9025,,,,
11/13/1996,BlackRock World Mining Trust Ord,0.9025,,,,
11/14/1996,BlackRock World Mining Trust Ord,0.8975,,,,
11/15/1996,BlackRock World Mining Trust Ord,0.88299,,,,
11/16/1996,BlackRock World Mining Trust Ord,0.88299,,,,
11/17/1996,BlackRock World Mining Trust Ord,0.88299,,,,
11/18/1996,BlackRock World Mining Trust Ord,0.9,,,,
11/19/1996,BlackRock World Mining Trust Ord,0.895,,,,
11/20/1996,BlackRock World Mining Trust Ord,0.895,,,,
11/21/1996,BlackRock World Mining Trust Ord,0.885,,,,
11/22/1996,BlackRock World Mining Trust Ord,0.86827,,,,
11/23/1996,BlackRock World Mining Trust Ord,0.86827,,,,
11/24/1996,BlackRock World Mining Trust Ord,0.86827,,,,
11/25/1996,BlackRock World Mining Trust Ord,0.8875,,,,
11/26/1996,BlackRock World Mining Trust Ord,0.8875,,,,
11/27/1996,BlackRock World Mining Trust Ord,0.875,,,,
11/28/1996,BlackRock World Mining Trust Ord,0.8825,,,,
11/29/1996,BlackRock World Mining Trust Ord,0.87317,,,,
11/30/1996,BlackRock World Mining Trust Ord,0.87317,,,,
12/01/1996,BlackRock World Mining Trust Ord,0.87317,,,,
12/02/1996,BlackRock World Mining Trust Ord,0.8875,,,,
12/03/1996,BlackRock World Mining Trust Ord,0.8825,,,,
12/04/1996,BlackRock World Mining Trust Ord,0.88,,,,
12/05/1996,BlackRock World Mining Trust Ord,0.88,,,,
12/06/1996,BlackRock World Mining Trust Ord,0.85846,,,,
12/07/1996,BlackRock World Mining Trust Ord,0.85846,,,,
12/08/1996,BlackRock World Mining Trust Ord,0.85846,,,,
12/09/1996,BlackRock World Mining Trust Ord,0.8775,,,,
12/10/1996,BlackRock World Mining Trust Ord,0.8775,,,,
12/11/1996,BlackRock World Mining Trust Ord,0.8775,,,,
12/12/1996,BlackRock World Mining Trust Ord,0.8775,,,,
12/13/1996,BlackRock World Mining Trust Ord,0.85846,,,,
12/14/1996,BlackRock World Mining Trust Ord,0.85846,,,,
12/15/1996,BlackRock World Mining Trust Ord,0.85846,,,,
12/16/1996,BlackRock World Mining Trust Ord,0.875,,,,
12/17/1996,BlackRock World Mining Trust Ord,0.875,,,,
12/18/1996,BlackRock World Mining Trust Ord,0.875,,,,
12/19/1996,BlackRock World Mining Trust Ord,0.8675,,,,
12/20/1996,BlackRock World Mining Trust Ord,0.8511,,,,
12/21/1996,BlackRock World Mining Trust Ord,0.8511,,,,
12/22/1996,BlackRock World Mining Trust Ord,0.8511,,,,
12/23/1996,BlackRock World Mining Trust Ord,0.8675,,,,
12/24/1996,BlackRock World Mining Trust Ord,0.8675,,,,
12/25/1996,BlackRock World Mining Trust Ord,0.8675,,,,
12/26/1996,BlackRock World Mining Trust Ord,0.8675,,,,
12/27/1996,BlackRock World Mining Trust Ord,0.84865,,,,
12/28/1996,BlackRock World Mining Trust Ord,0.84865,,,,
12/29/1996,BlackRock World Mining Trust Ord,0.84865,,,,
12/30/1996,BlackRock World Mining Trust Ord,0.865,,,,
12/31/1996,BlackRock World Mining Trust Ord,0.84865,,,,
01/01/1997,BlackRock World Mining Trust Ord,0.865,,,,
01/02/1997,BlackRock World Mining Trust Ord,0.8575,,,,
01/03/1997,BlackRock World Mining Trust Ord,0.83884,,,,
01/04/1997,BlackRock World Mining Trust Ord,0.83884,,,,
01/05/1997,BlackRock World Mining Trust Ord,0.83884,,,,
01/06/1997,BlackRock World Mining Trust Ord,0.865,,,,
01/07/1997,BlackRock World Mining Trust Ord,0.855,,,,
01/08/1997,BlackRock World Mining Trust Ord,0.85,,,,
01/09/1997,BlackRock World Mining Trust Ord,0.845,,,,
01/10/1997,BlackRock World Mining Trust Ord,0.82902,,,,
01/11/1997,BlackRock World Mining Trust Ord,0.82902,,,,
01/12/1997,BlackRock World Mining Trust Ord,0.82902,,,,
01/13/1997,BlackRock World Mining Trust Ord,0.8525,,,,
01/14/1997,BlackRock World Mining Trust Ord,0.8525,,,,
01/15/1997,BlackRock World Mining Trust Ord,0.8525,,,,
01/16/1997,BlackRock World Mining Trust Ord,0.8525,,,,
01/17/1997,BlackRock World Mining Trust Ord,0.84374,,,,
01/18/1997,BlackRock World Mining Trust Ord,0.84374,,,,
01/19/1997,BlackRock World Mining Trust Ord,0.84374,,,,
01/20/1997,BlackRock World Mining Trust Ord,0.8625,,,,
01/21/1997,BlackRock World Mining Trust Ord,0.86,,,,
01/22/1997,BlackRock World Mining Trust Ord,0.865,,,,
01/23/1997,BlackRock World Mining Trust Ord,0.875,,,,
01/24/1997,BlackRock World Mining Trust Ord,0.86091,,,,
01/25/1997,BlackRock World Mining Trust Ord,0.86091,,,,
01/26/1997,BlackRock World Mining Trust Ord,0.86091,,,,
01/27/1997,BlackRock World Mining Trust Ord,0.8675,,,,
01/28/1997,BlackRock World Mining Trust Ord,0.875,,,,
01/29/1997,BlackRock World Mining Trust Ord,0.865,,,,
01/30/1997,BlackRock World Mining Trust Ord,0.865,,,,
01/31/1997,BlackRock World Mining Trust Ord,0.84865,,,,
02/01/1997,BlackRock World Mining Trust Ord,0.84865,,,,
02/02/1997,BlackRock World Mining Trust Ord,0.84865,,,,
02/03/1997,BlackRock World Mining Trust Ord,0.865,,,,
02/04/1997,BlackRock World Mining Trust Ord,0.8725,,,,
02/05/1997,BlackRock World Mining Trust Ord,0.8775,,,,
02/06/1997,BlackRock World Mining Trust Ord,0.8775,,,,
02/07/1997,BlackRock World Mining Trust Ord,0.86336,,,,
02/08/1997,BlackRock World Mining Trust Ord,0.86336,,,,
02/09/1997,BlackRock World Mining Trust Ord,0.86336,,,,
02/10/1997,BlackRock World Mining Trust Ord,0.885,,,,
02/11/1997,BlackRock World Mining Trust Ord,0.8775,,,,
02/12/1997,BlackRock World Mining Trust Ord,0.88,,,,
02/13/1997,BlackRock World Mining Trust Ord,0.88,,,,
02/14/1997,BlackRock World Mining Trust Ord,0.87317,,,,
02/15/1997,BlackRock World Mining Trust Ord,0.87317,,,,
02/16/1997,BlackRock World Mining Trust Ord,0.87317,,,,
02/17/1997,BlackRock World Mining Trust Ord,0.8975,,,,
02/18/1997,BlackRock World Mining Trust Ord,0.9075,,,,
02/19/1997,BlackRock World Mining Trust Ord,0.9175,,,,
02/20/1997,BlackRock World Mining Trust Ord,0.9275,,,,
02/21/1997,BlackRock World Mining Trust Ord,0.92713,,,,
02/22/1997,BlackRock World Mining Trust Ord,0.92713,,,,
02/23/1997,BlackRock World Mining Trust Ord,0.92713,,,,
02/24/1997,BlackRock World Mining Trust Ord,0.945,,,,
02/25/1997,BlackRock World Mining Trust Ord,0.945,,,,
02/26/1997,BlackRock World Mining Trust Ord,0.9425,,,,
02/27/1997,BlackRock World Mining Trust Ord,0.9575,,,,
02/28/1997,BlackRock World Mining Trust Ord,0.93695,,,,
03/01/1997,BlackRock World Mining Trust Ord,0.93695,,,,
03/02/1997,BlackRock World Mining Trust Ord,0.93695,,,,
03/03/1997,BlackRock World Mining Trust Ord,0.955,,,,
03/04/1997,BlackRock World Mining Trust Ord,0.96,,,,
03/05/1997,BlackRock World Mining Trust Ord,0.965,,,,
03/06/1997,BlackRock World Mining Trust Ord,0.955,,,,
03/07/1997,BlackRock World Mining Trust Ord,0.92468,,,,
03/08/1997,BlackRock World Mining Trust Ord,0.92468,,,,
03/09/1997,BlackRock World Mining Trust Ord,0.92468,,,,
03/10/1997,BlackRock World Mining Trust Ord,0.94,,,,
03/11/1997,BlackRock World Mining Trust Ord,0.9525,,,,
03/12/1997,BlackRock World Mining Trust Ord,0.96,,,,
03/13/1997,BlackRock World Mining Trust Ord,0.9625,,,,
03/14/1997,BlackRock World Mining Trust Ord,0.95166,,,,
03/15/1997,BlackRock World Mining Trust Ord,0.95166,,,,
03/16/1997,BlackRock World Mining Trust Ord,0.95166,,,,
03/17/1997,BlackRock World Mining Trust Ord,0.97,,,,
03/18/1997,BlackRock World Mining Trust Ord,0.97,,,,
03/19/1997,BlackRock World Mining Trust Ord,0.97,,,,
03/20/1997,BlackRock World Mining Trust Ord,0.97,,,,
03/21/1997,BlackRock World Mining Trust Ord,0.94676,,,,
03/22/1997,BlackRock World Mining Trust Ord,0.94676,,,,
03/23/1997,BlackRock World Mining Trust Ord,0.94676,,,,
03/24/1997,BlackRock World Mining Trust Ord,0.96,,,,
03/25/1997,BlackRock World Mining Trust Ord,0.955,,,,
03/26/1997,BlackRock World Mining Trust Ord,0.9575,,,,
03/27/1997,BlackRock World Mining Trust Ord,0.96,,,,
03/28/1997,BlackRock World Mining Trust Ord,0.94185,,,,
03/29/1997,BlackRock World Mining Trust Ord,0.94185,,,,
03/30/1997,BlackRock World Mining Trust Ord,0.94185,,,,
03/31/1997,BlackRock World Mining Trust Ord,0.94185,,,,
04/01/1997,BlackRock World Mining Trust Ord,0.96,,,,
04/02/1997,BlackRock World Mining Trust Ord,0.9575,,,,
04/03/1997,BlackRock World Mining Trust Ord,0.95,,,,
04/04/1997,BlackRock World Mining Trust Ord,0.93204,,,,
04/05/1997,BlackRock World Mining Trust Ord,0.93204,,,,
04/06/1997,BlackRock World Mining Trust Ord,0.93204,,,,
04/07/1997,BlackRock World Mining Trust Ord,0.94,,,,
04/08/1997,BlackRock World Mining Trust Ord,0.94,,,,
04/09/1997,BlackRock World Mining Trust Ord,0.9375,,,,
04/10/1997,BlackRock World Mining Trust Ord,0.9375,,,,
04/11/1997,BlackRock World Mining Trust Ord,0.91732,,,,
04/12/1997,BlackRock World Mining Trust Ord,0.91732,,,,
04/13/1997,BlackRock World Mining Trust Ord,0.91732,,,,
04/14/1997,BlackRock World Mining Trust Ord,0.9275,,,,
04/15/1997,BlackRock World Mining Trust Ord,0.92,,,,
04/16/1997,BlackRock World Mining Trust Ord,0.91,,,,
04/17/1997,BlackRock World Mining Trust Ord,0.9075,,,,
04/18/1997,BlackRock World Mining Trust Ord,0.89034,,,,
04/19/1997,BlackRock World Mining Trust Ord,0.89034,,,,
04/20/1997,BlackRock World Mining Trust Ord,0.89034,,,,
04/21/1997,BlackRock World Mining Trust Ord,0.915,,,,
04/22/1997,BlackRock World Mining Trust Ord,0.915,,,,
04/23/1997,BlackRock World Mining Trust Ord,0.9175,,,,
04/24/1997,BlackRock World Mining Trust Ord,0.9175,,,,
04/25/1997,BlackRock World Mining Trust Ord,0.90506,,,,
04/26/1997,BlackRock World Mining Trust Ord,0.90506,,,,
04/27/1997,BlackRock World Mining Trust Ord,0.90506,,,,
04/28/1997,BlackRock World Mining Trust Ord,0.925,,,,
04/29/1997,BlackRock World Mining Trust Ord,0.925,,,,
04/30/1997,BlackRock World Mining Trust Ord,0.90751,,,,
05/01/1997,BlackRock World Mining Trust Ord,0.925,,,,
05/02/1997,BlackRock World Mining Trust Ord,0.91242,,,,
05/03/1997,BlackRock World Mining Trust Ord,0.91242,,,,
05/04/1997,BlackRock World Mining Trust Ord,0.91242,,,,
05/05/1997,BlackRock World Mining Trust Ord,0.93,,,,
05/06/1997,BlackRock World Mining Trust Ord,0.9325,,,,
05/07/1997,BlackRock World Mining Trust Ord,0.93,,,,
05/08/1997,BlackRock World Mining Trust Ord,0.9225,,,,
05/09/1997,BlackRock World Mining Trust Ord,0.90506,,,,
05/10/1997,BlackRock World Mining Trust Ord,0.90506,,,,
05/11/1997,BlackRock World Mining Trust Ord,0.90506,,,,
05/12/1997,BlackRock World Mining Trust Ord,0.93,,,,
05/13/1997,BlackRock World Mining Trust Ord,0.94,,,,
05/14/1997,BlackRock World Mining Trust Ord,0.94,,,,
05/15/1997,BlackRock World Mining Trust Ord,0.94,,,,
05/16/1997,BlackRock World Mining Trust Ord,0.91978,,,,
05/17/1997,BlackRock World Mining Trust Ord,0.91978,,,,
05/18/1997,BlackRock World Mining Trust Ord,0.91978,,,,
05/19/1997,BlackRock World Mining Trust Ord,0.935,,,,
05/20/1997,BlackRock World Mining Trust Ord,0.935,,,,
05/21/1997,BlackRock World Mining Trust Ord,0.935,,,,
05/22/1997,BlackRock World Mining Trust Ord,0.935,,,,
05/23/1997,BlackRock World Mining Trust Ord,0.91732,,,,
05/24/1997,BlackRock World Mining Trust Ord,0.91732,,,,
05/25/1997,BlackRock World Mining Trust Ord,0.91732,,,,
05/26/1997,BlackRock World Mining Trust Ord,0.935,,,,
05/27/1997,BlackRock World Mining Trust Ord,0.94,,,,
05/28/1997,BlackRock World Mining Trust Ord,0.94,,,,
05/29/1997,BlackRock World Mining Trust Ord,0.94,,,,
05/30/1997,BlackRock World Mining Trust Ord,0.91978,,,,
05/31/1997,BlackRock World Mining Trust Ord,0.91978,,,,
06/01/1997,BlackRock World Mining Trust Ord,0.91978,,,,
06/02/1997,BlackRock World Mining Trust Ord,0.9375,,,,
06/03/1997,BlackRock World Mining Trust Ord,0.93,,,,
06/04/1997,BlackRock World Mining Trust Ord,0.945,,,,
06/05/1997,BlackRock World Mining Trust Ord,0.95,,,,
06/06/1997,BlackRock World Mining Trust Ord,0.93204,,,,
06/07/1997,BlackRock World Mining Trust Ord,0.93204,,,,
06/08/1997,BlackRock World Mining Trust Ord,0.93204,,,,
06/09/1997,BlackRock World Mining Trust Ord,0.955,,,,
06/10/1997,BlackRock World Mining Trust Ord,0.945,,,,
06/11/1997,BlackRock World Mining Trust Ord,0.945,,,,
06/12/1997,BlackRock World Mining Trust Ord,0.9425,,,,
06/13/1997,BlackRock World Mining Trust Ord,0.92468,,,,
06/14/1997,BlackRock World Mining Trust Ord,0.92468,,,,
06/15/1997,BlackRock World Mining Trust Ord,0.92468,,,,
06/16/1997,BlackRock World Mining Trust Ord,0.9375,,,,
06/17/1997,BlackRock World Mining Trust Ord,0.9425,,,,
06/18/1997,BlackRock World Mining Trust Ord,0.9425,,,,
06/19/1997,BlackRock World Mining Trust Ord,0.94,,,,
06/20/1997,BlackRock World Mining Trust Ord,0.91978,,,,
06/21/1997,BlackRock World Mining Trust Ord,0.91978,,,,
06/22/1997,BlackRock World Mining Trust Ord,0.91978,,,,
06/23/1997,BlackRock World Mining Trust Ord,0.935,,,,
06/24/1997,BlackRock World Mining Trust Ord,0.9275,,,,
06/25/1997,BlackRock World Mining Trust Ord,0.9275,,,,
06/26/1997,BlackRock World Mining Trust Ord,0.93,,,,
06/27/1997,BlackRock World Mining Trust Ord,0.91242,,,,
06/28/1997,BlackRock World Mining Trust Ord,0.91242,,,,
06/29/1997,BlackRock World Mining Trust Ord,0.91242,,,,
06/30/1997,BlackRock World Mining Trust Ord,0.91242,,,,
07/01/1997,BlackRock World Mining Trust Ord,0.93,,,,
07/02/1997,BlackRock World Mining Trust Ord,0.93,,,,
07/03/1997,BlackRock World Mining Trust Ord,0.925,,,,
07/04/1997,BlackRock World Mining Trust Ord,0.90751,,,,
07/05/1997,BlackRock World Mining Trust Ord,0.90751,,,,
07/06/1997,BlackRock World Mining Trust Ord,0.90751,,,,
07/07/1997,BlackRock World Mining Trust Ord,0.905,,,,
07/08/1997,BlackRock World Mining Trust Ord,0.89,,,,
07/09/1997,BlackRock World Mining Trust Ord,0.88,,,,
07/10/1997,BlackRock World Mining Trust Ord,0.865,,,,
07/11/1997,BlackRock World Mining Trust Ord,0.85846,,,,
07/12/1997,BlackRock World Mining Trust Ord,0.85846,,,,
07/13/1997,BlackRock World Mining Trust Ord,0.85846,,,,
07/14/1997,BlackRock World Mining Trust Ord,0.875,,,,
07/15/1997,BlackRock World Mining Trust Ord,0.8725,,,,
07/16/1997,BlackRock World Mining Trust Ord,0.8625,,,,
07/17/1997,BlackRock World Mining Trust Ord,0.8625,,,,
07/18/1997,BlackRock World Mining Trust Ord,0.84374,,,,
07/19/1997,BlackRock World Mining Trust Ord,0.84374,,,,
07/20/1997,BlackRock World Mining Trust Ord,0.84374,,,,
07/21/1997,BlackRock World Mining Trust Ord,0.86,,,,
07/22/1997,BlackRock World Mining Trust Ord,0.86,,,,
07/23/1997,BlackRock World Mining Trust Ord,0.8725,,,,
07/24/1997,BlackRock World Mining Trust Ord,0.8675,,,,
07/25/1997,BlackRock World Mining Trust Ord,0.8511,,,,
07/26/1997,BlackRock World Mining Trust Ord,0.8511,,,,
07/27/1997,BlackRock World Mining Trust Ord,0.8511,,,,
07/28/1997,BlackRock World Mining Trust Ord,0.8675,,,,
07/29/1997,BlackRock World Mining Trust Ord,0.8725,,,,
07/30/1997,BlackRock World Mining Trust Ord,0.885,,,,
07/31/1997,BlackRock World Mining Trust Ord,0.85846,,,,
08/01/1997,BlackRock World Mining Trust Ord,0.85355,,,,
08/02/1997,BlackRock World Mining Trust Ord,0.85355,,,,
08/03/1997,BlackRock World Mining Trust Ord,0.85355,,,,
08/04/1997,BlackRock World Mining Trust Ord,0.87,,,,
08/05/1997,BlackRock World Mining Trust Ord,0.8675,,,,
08/06/1997,BlackRock World Mining Trust Ord,0.8725,,,,
08/07/1997,BlackRock World Mining Trust Ord,0.8825,,,,
08/08/1997,BlackRock World Mining Trust Ord,0.87808,,,,
08/09/1997,BlackRock World Mining Trust Ord,0.87808,,,,
08/10/1997,BlackRock World Mining Trust Ord,0.87808,,,,
08/11/1997,BlackRock World Mining Trust Ord,0.895,,,,
08/12/1997,BlackRock World Mining Trust Ord,0.9,,,,
08/13/1997,BlackRock World Mining Trust Ord,0.895,,,,
08/14/1997,BlackRock World Mining Trust Ord,0.895,,,,
08/15/1997,BlackRock World Mining Trust Ord,0.87808,,,,
08/16/1997,BlackRock World Mining Trust Ord,0.87808,,,,
08/17/1997,BlackRock World Mining Trust Ord,0.87808,,,,
08/18/1997,BlackRock World Mining Trust Ord,0.885,,,,
08/19/1997,BlackRock World Mining Trust Ord,0.875,,,,
08/20/1997,BlackRock World Mining Trust Ord,0.885,,,,
08/21/1997,BlackRock World Mining Trust Ord,0.8925,,,,
08/22/1997,BlackRock World Mining Trust Ord,0.87317,,,,
08/23/1997,BlackRock World Mining Trust Ord,0.87317,,,,
08/24/1997,BlackRock World Mining Trust Ord,0.87317,,,,
08/25/1997,BlackRock World Mining Trust Ord,0.8925,,,,
08/26/1997,BlackRock World Mining Trust Ord,0.8875,,,,
08/27/1997,BlackRock World Mining Trust Ord,0.8875,,,,
08/28/1997,BlackRock World Mining Trust Ord,0.8825,,,,
08/29/1997,BlackRock World Mining Trust Ord,0.856,,,,
08/30/1997,BlackRock World Mining Trust Ord,0.856,,,,
08/31/1997,BlackRock World Mining Trust Ord,0.856,,,,
09/01/1997,BlackRock World Mining Trust Ord,0.865,,,,
09/02/1997,BlackRock World Mining Trust Ord,0.8675,,,,
09/03/1997,BlackRock World Mining Trust Ord,0.8725,,,,
09/04/1997,BlackRock World Mining Trust Ord,0.8775,,,,
09/05/1997,BlackRock World Mining Trust Ord,0.86336,,,,
09/06/1997,BlackRock World Mining Trust Ord,0.86336,,,,
09/07/1997,BlackRock World Mining Trust Ord,0.86336,,,,
09/08/1997,BlackRock World Mining Trust Ord,0.875,,,,
09/09/1997,BlackRock World Mining Trust Ord,0.8825,,,,
09/10/1997,BlackRock World Mining Trust Ord,0.8825,,,,
09/11/1997,BlackRock World Mining Trust Ord,0.8775,,,,
09/12/1997,BlackRock World Mining Trust Ord,0.85846,,,,
09/13/1997,BlackRock World Mining Trust Ord,0.85846,,,,
09/14/1997,BlackRock World Mining Trust Ord,0.85846,,,,
09/15/1997,BlackRock World Mining Trust Ord,0.855,,,,
09/16/1997,BlackRock World Mining Trust Ord,0.8475,,,,
09/17/1997,BlackRock World Mining Trust Ord,0.8475,,,,
09/18/1997,BlackRock World Mining Trust Ord,0.855,,,,
09/19/1997,BlackRock World Mining Trust Ord,0.83884,,,,
09/20/1997,BlackRock World Mining Trust Ord,0.83884,,,,
09/21/1997,BlackRock World Mining Trust Ord,0.83884,,,,
09/22/1997,BlackRock World Mining Trust Ord,0.8575,,,,
09/23/1997,BlackRock World Mining Trust Ord,0.8525,,,,
09/24/1997,BlackRock World Mining Trust Ord,0.8475,,,,
09/25/1997,BlackRock World Mining Trust Ord,0.85,,,,
09/26/1997,BlackRock World Mining Trust Ord,0.83638,,,,
09/27/1997,BlackRock World Mining Trust Ord,0.83638,,,,
09/28/1997,BlackRock World Mining Trust Ord,0.83638,,,,
09/29/1997,BlackRock World Mining Trust Ord,0.8525,,,,
09/30/1997,BlackRock World Mining Trust Ord,0.85846,,,,
10/01/1997,BlackRock World Mining Trust Ord,0.905,,,,
10/02/1997,BlackRock World Mining Trust Ord,0.905,,,,
10/03/1997,BlackRock World Mining Trust Ord,0.88789,,,,
10/04/1997,BlackRock World Mining Trust Ord,0.88789,,,,
10/05/1997,BlackRock World Mining Trust Ord,0.88789,,,,
10/06/1997,BlackRock World Mining Trust Ord,0.905,,,,
10/07/1997,BlackRock World Mining Trust Ord,0.9,,,,
10/08/1997,BlackRock World Mining Trust Ord,0.8925,,,,
10/09/1997,BlackRock World Mining Trust Ord,0.885,,,,
10/10/1997,BlackRock World Mining Trust Ord,0.85355,,,,
10/11/1997,BlackRock World Mining Trust Ord,0.85355,,,,
10/12/1997,BlackRock World Mining Trust Ord,0.85355,,,,
10/13/1997,BlackRock World Mining Trust Ord,0.8675,,,,
10/14/1997,BlackRock World Mining Trust Ord,0.8625,,,,
10/15/1997,BlackRock World Mining Trust Ord,0.8625,,,,
10/16/1997,BlackRock World Mining Trust Ord,0.86,,,,
10/17/1997,BlackRock World Mining Trust Ord,0.83884,,,,
10/18/1997,BlackRock World Mining Trust Ord,0.83884,,,,
10/19/1997,BlackRock World Mining Trust Ord,0.83884,,,,
10/20/1997,BlackRock World Mining Trust Ord,0.8425,,,,
10/21/1997,BlackRock World Mining Trust Ord,0.845,,,,
10/22/1997,BlackRock World Mining Trust Ord,0.835,,,,
10/23/1997,BlackRock World Mining Trust Ord,0.825,,,,
10/24/1997,BlackRock World Mining Trust Ord,0.79469,,,,
10/25/1997,BlackRock World Mining Trust Ord,0.79469,,,,
10/26/1997,BlackRock World Mining Trust Ord,0.79469,,,,
10/27/1997,BlackRock World Mining Trust Ord,0.7725,,,,
10/28/1997,BlackRock World Mining Trust Ord,0.73,,,,
10/29/1997,BlackRock World Mining Trust Ord,0.71,,,,
10/30/1997,BlackRock World Mining Trust Ord,0.69,,,,
10/31/1997,BlackRock World Mining Trust Ord,0.67695,,,,
11/01/1997,BlackRock World Mining Trust Ord,0.67695,,,,
11/02/1997,BlackRock World Mining Trust Ord,0.67695,,,,
11/03/1997,BlackRock World Mining Trust Ord,0.6975,,,,
11/04/1997,BlackRock World Mining Trust Ord,0.695,,,,
11/05/1997,BlackRock World Mining Trust Ord,0.695,,,,
11/06/1997,BlackRock World Mining Trust Ord,0.6925,,,,
11/07/1997,BlackRock World Mining Trust Ord,0.6745,,,,
11/08/1997,BlackRock World Mining Trust Ord,0.6745,,,,
11/09/1997,BlackRock World Mining Trust Ord,0.6745,,,,
11/10/1997,BlackRock World Mining Trust Ord,0.6825,,,,
11/11/1997,BlackRock World Mining Trust Ord,0.6775,,,,
11/12/1997,BlackRock World Mining Trust Ord,0.67,,,,
11/13/1997,BlackRock World Mining Trust Ord,0.6575,,,,
11/14/1997,BlackRock World Mining Trust Ord,0.63526,,,,
11/15/1997,BlackRock World Mining Trust Ord,0.63526,,,,
11/16/1997,BlackRock World Mining Trust Ord,0.63526,,,,
11/17/1997,BlackRock World Mining Trust Ord,0.65,,,,
11/18/1997,BlackRock World Mining Trust Ord,0.6475,,,,
11/19/1997,BlackRock World Mining Trust Ord,0.645,,,,
11/20/1997,BlackRock World Mining Trust Ord,0.6425,,,,
11/21/1997,BlackRock World Mining Trust Ord,0.63035,,,,
11/22/1997,BlackRock World Mining Trust Ord,0.63035,,,,
11/23/1997,BlackRock World Mining Trust Ord,0.63035,,,,
11/24/1997,BlackRock World Mining Trust Ord,0.6425,,,,
11/25/1997,BlackRock World Mining Trust Ord,0.6375,,,,
11/26/1997,BlackRock World Mining Trust Ord,0.625,,,,
11/27/1997,BlackRock World Mining Trust Ord,0.62,,,,
11/28/1997,BlackRock World Mining Trust Ord,0.60582,,,,
11/29/1997,BlackRock World Mining Trust Ord,0.60582,,,,
11/30/1997,BlackRock World Mining Trust Ord,0.60582,,,,
12/01/1997,BlackRock World Mining Trust Ord,0.61,,,,
12/02/1997,BlackRock World Mining Trust Ord,0.605,,,,
12/03/1997,BlackRock World Mining Trust Ord,0.61,,,,
12/04/1997,BlackRock World Mining Trust Ord,0.6125,,,,
12/05/1997,BlackRock World Mining Trust Ord,0.60337,,,,
12/06/1997,BlackRock World Mining Trust Ord,0.60337,,,,
12/07/1997,BlackRock World Mining Trust Ord,0.60337,,,,
12/08/1997,BlackRock World Mining Trust Ord,0.615,,,,
12/09/1997,BlackRock World Mining Trust Ord,0.615,,,,
12/10/1997,BlackRock World Mining Trust Ord,0.61,,,,
12/11/1997,BlackRock World Mining Trust Ord,0.5975,,,,
12/12/1997,BlackRock World Mining Trust Ord,0.5862,,,,
12/13/1997,BlackRock World Mining Trust Ord,0.5862,,,,
12/14/1997,BlackRock World Mining Trust Ord,0.5862,,,,
12/15/1997,BlackRock World Mining Trust Ord,0.595,,,,
12/16/1997,BlackRock World Mining Trust Ord,0.6,,,,
12/17/1997,BlackRock World Mining Trust Ord,0.6125,,,,
12/18/1997,BlackRock World Mining Trust Ord,0.6025,,,,
12/19/1997,BlackRock World Mining Trust Ord,0.59111,,,,
12/20/1997,BlackRock World Mining Trust Ord,0.59111,,,,
12/21/1997,BlackRock World Mining Trust Ord,0.59111,,,,
12/22/1997,BlackRock World Mining Trust Ord,0.595,,,,
12/23/1997,BlackRock World Mining Trust Ord,0.6,,,,
12/24/1997,BlackRock World Mining Trust Ord,0.605,,,,
12/25/1997,BlackRock World Mining Trust Ord,0.605,,,,
12/26/1997,BlackRock World Mining Trust Ord,0.58866,,,,
12/27/1997,BlackRock World Mining Trust Ord,0.58866,,,,
12/28/1997,BlackRock World Mining Trust Ord,0.58866,,,,
12/29/1997,BlackRock World Mining Trust Ord,0.6,,,,
12/30/1997,BlackRock World Mining Trust Ord,0.595,,,,
12/31/1997,BlackRock World Mining Trust Ord,0.58375,,,,
01/01/1998,BlackRock World Mining Trust Ord,0.595,,,,
01/02/1998,BlackRock World Mining Trust Ord,0.60092,,,,
01/03/1998,BlackRock World Mining Trust Ord,0.60092,,,,
01/04/1998,BlackRock World Mining Trust Ord,0.60092,,,,
01/05/1998,BlackRock World Mining Trust Ord,0.625,,,,
01/06/1998,BlackRock World Mining Trust Ord,0.6225,,,,
01/07/1998,BlackRock World Mining Trust Ord,0.615,,,,
01/08/1998,BlackRock World Mining Trust Ord,0.5975,,,,
01/09/1998,BlackRock World Mining Trust Ord,0.57884,,,,
01/10/1998,BlackRock World Mining Trust Ord,0.57884,,,,
01/11/1998,BlackRock World Mining Trust Ord,0.57884,,,,
01/12/1998,BlackRock World Mining Trust Ord,0.5775,,,,
01/13/1998,BlackRock World Mining Trust Ord,0.5775,,,,
01/14/1998,BlackRock World Mining Trust Ord,0.575,,,,
01/15/1998,BlackRock World Mining Trust Ord,0.5775,,,,
01/16/1998,BlackRock World Mining Trust Ord,0.56903,,,,
01/17/1998,BlackRock World Mining Trust Ord,0.56903,,,,
01/18/1998,BlackRock World Mining Trust Ord,0.56903,,,,
01/19/1998,BlackRock World Mining Trust Ord,0.5925,,,,
01/20/1998,BlackRock World Mining Trust Ord,0.5925,,,,
01/21/1998,BlackRock World Mining Trust Ord,0.6,,,,
01/22/1998,BlackRock World Mining Trust Ord,0.6,,,,
01/23/1998,BlackRock World Mining Trust Ord,0.58375,,,,
01/24/1998,BlackRock World Mining Trust Ord,0.58375,,,,
01/25/1998,BlackRock World Mining Trust Ord,0.58375,,,,
01/26/1998,BlackRock World Mining Trust Ord,0.6075,,,,
01/27/1998,BlackRock World Mining Trust Ord,0.6075,,,,
01/28/1998,BlackRock World Mining Trust Ord,0.6125,,,,
01/29/1998,BlackRock World Mining Trust Ord,0.625,,,,
01/30/1998,BlackRock World Mining Trust Ord,0.61809,,,,
01/31/1998,BlackRock World Mining Trust Ord,0.61809,,,,
02/01/1998,BlackRock World Mining Trust Ord,0.61809,,,,
02/02/1998,BlackRock World Mining Trust Ord,0.6525,,,,
02/03/1998,BlackRock World Mining Trust Ord,0.65,,,,
02/04/1998,BlackRock World Mining Trust Ord,0.6475,,,,
02/05/1998,BlackRock World Mining Trust Ord,0.645,,,,
02/06/1998,BlackRock World Mining Trust Ord,0.6328,,,,
02/07/1998,BlackRock World Mining Trust Ord,0.6328,,,,
02/08/1998,BlackRock World Mining Trust Ord,0.6328,,,,
02/09/1998,BlackRock World Mining Trust Ord,0.66,,,,
02/10/1998,BlackRock World Mining Trust Ord,0.665,,,,
02/11/1998,BlackRock World Mining Trust Ord,0.665,,,,
02/12/1998,BlackRock World Mining Trust Ord,0.6625,,,,
02/13/1998,BlackRock World Mining Trust Ord,0.64752,,,,
02/14/1998,BlackRock World Mining Trust Ord,0.64752,,,,
02/15/1998,BlackRock World Mining Trust Ord,0.64752,,,,
02/16/1998,BlackRock World Mining Trust Ord,0.655,,,,
02/17/1998,BlackRock World Mining Trust Ord,0.65,,,,
02/18/1998,BlackRock World Mining Trust Ord,0.645,,,,
02/19/1998,BlackRock World Mining Trust Ord,0.645,,,,
02/20/1998,BlackRock World Mining Trust Ord,0.6328,,,,
02/21/1998,BlackRock World Mining Trust Ord,0.6328,,,,
02/22/1998,BlackRock World Mining Trust Ord,0.6328,,,,
02/23/1998,BlackRock World Mining Trust Ord,0.6313,,,,
02/24/1998,BlackRock World Mining Trust Ord,0.62,,,,
02/25/1998,BlackRock World Mining Trust Ord,0.62,,,,
02/26/1998,BlackRock World Mining Trust Ord,0.63,,,,
02/27/1998,BlackRock World Mining Trust Ord,0.6279,,,,
02/28/1998,BlackRock World Mining Trust Ord,0.6279,,,,
03/01/1998,BlackRock World Mining Trust Ord,0.6279,,,,
03/02/1998,BlackRock World Mining Trust Ord,0.6475,,,,
03/03/1998,BlackRock World Mining Trust Ord,0.65,,,,
03/04/1998,BlackRock World Mining Trust Ord,0.6475,,,,
03/05/1998,BlackRock World Mining Trust Ord,0.6425,,,,
03/06/1998,BlackRock World Mining Trust Ord,0.64262,,,,
03/07/1998,BlackRock World Mining Trust Ord,0.64262,,,,
03/08/1998,BlackRock World Mining Trust Ord,0.64262,,,,
03/09/1998,BlackRock World Mining Trust Ord,0.6525,,,,
03/10/1998,BlackRock World Mining Trust Ord,0.65,,,,
03/11/1998,BlackRock World Mining Trust Ord,0.6575,,,,
03/12/1998,BlackRock World Mining Trust Ord,0.6575,,,,
03/13/1998,BlackRock World Mining Trust Ord,0.64507,,,,
03/14/1998,BlackRock World Mining Trust Ord,0.64507,,,,
03/15/1998,BlackRock World Mining Trust Ord,0.64507,,,,
03/16/1998,BlackRock World Mining Trust Ord,0.6575,,,,
03/17/1998,BlackRock World Mining Trust Ord,0.655,,,,
03/18/1998,BlackRock World Mining Trust Ord,0.655,,,,
03/19/1998,BlackRock World Mining Trust Ord,0.6525,,,,
03/20/1998,BlackRock World Mining Trust Ord,0.63771,,,,
03/21/1998,BlackRock World Mining Trust Ord,0.63771,,,,
03/22/1998,BlackRock World Mining Trust Ord,0.63771,,,,
03/23/1998,BlackRock World Mining Trust Ord,0.6475,,,,
03/24/1998,BlackRock World Mining Trust Ord,0.645,,,,
03/25/1998,BlackRock World Mining Trust Ord,0.645,,,,
03/26/1998,BlackRock World Mining Trust Ord,0.6463,,,,
03/27/1998,BlackRock World Mining Trust Ord,0.64016,,,,
03/28/1998,BlackRock World Mining Trust Ord,0.64016,,,,
03/29/1998,BlackRock World Mining Trust Ord,0.64016,,,,
03/30/1998,BlackRock World Mining Trust Ord,0.65,,,,
03/31/1998,BlackRock World Mining Trust Ord,0.63771,,,,
04/01/1998,BlackRock World Mining Trust Ord,0.645,,,,
04/02/1998,BlackRock World Mining Trust Ord,0.65,,,,
04/03/1998,BlackRock World Mining Trust Ord,0.64016,,,,
04/04/1998,BlackRock World Mining Trust Ord,0.64016,,,,
04/05/1998,BlackRock World Mining Trust Ord,0.64016,,,,
04/06/1998,BlackRock World Mining Trust Ord,0.685,,,,
04/07/1998,BlackRock World Mining Trust Ord,0.685,,,,
04/08/1998,BlackRock World Mining Trust Ord,0.6875,,,,
04/09/1998,BlackRock World Mining Trust Ord,0.6825,,,,
04/10/1998,BlackRock World Mining Trust Ord,0.6696,,,,
04/11/1998,BlackRock World Mining Trust Ord,0.6696,,,,
04/12/1998,BlackRock World Mining Trust Ord,0.6696,,,,
04/13/1998,BlackRock World Mining Trust Ord,0.6825,,,,
04/14/1998,BlackRock World Mining Trust Ord,0.6825,,,,
04/15/1998,BlackRock World Mining Trust Ord,0.6825,,,,
04/16/1998,BlackRock World Mining Trust Ord,0.69,,,,
04/17/1998,BlackRock World Mining Trust Ord,0.68922,,,,
04/18/1998,BlackRock World Mining Trust Ord,0.68922,,,,
04/19/1998,BlackRock World Mining Trust Ord,0.68922,,,,
04/20/1998,BlackRock World Mining Trust Ord,0.7125,,,,
04/21/1998,BlackRock World Mining Trust Ord,0.715,,,,
04/22/1998,BlackRock World Mining Trust Ord,0.735,,,,
04/23/1998,BlackRock World Mining Trust Ord,0.735,,,,
04/24/1998,BlackRock World Mining Trust Ord,0.72846,,,,
04/25/1998,BlackRock World Mining Trust Ord,0.72846,,,,
04/26/1998,BlackRock World Mining Trust Ord,0.72846,,,,
04/27/1998,BlackRock World Mining Trust Ord,0.735,,,,
04/28/1998,BlackRock World Mining Trust Ord,0.7275,,,,
04/29/1998,BlackRock World Mining Trust Ord,0.7275,,,,
04/30/1998,BlackRock World Mining Trust Ord,0.71375,,,,
05/01/1998,BlackRock World Mining Trust Ord,0.71375,,,,
05/02/1998,BlackRock World Mining Trust Ord,0.71375,,,,
05/03/1998,BlackRock World Mining Trust Ord,0.71375,,,,
05/04/1998,BlackRock World Mining Trust Ord,0.7275,,,,
05/05/1998,BlackRock World Mining Trust Ord,0.725,,,,
05/06/1998,BlackRock World Mining Trust Ord,0.7175,,,,
05/07/1998,BlackRock World Mining Trust Ord,0.7225,,,,
05/08/1998,BlackRock World Mining Trust Ord,0.70884,,,,
05/09/1998,BlackRock World Mining Trust Ord,0.70884,,,,
05/10/1998,BlackRock World Mining Trust Ord,0.70884,,,,
05/11/1998,BlackRock World Mining Trust Ord,0.725,,,,
05/12/1998,BlackRock World Mining Trust Ord,0.725,,,,
05/13/1998,BlackRock World Mining Trust Ord,0.725,,,,
05/14/1998,BlackRock World Mining Trust Ord,0.715,,,,
05/15/1998,BlackRock World Mining Trust Ord,0.69412,,,,
05/16/1998,BlackRock World Mining Trust Ord,0.69412,,,,
05/17/1998,BlackRock World Mining Trust Ord,0.69412,,,,
05/18/1998,BlackRock World Mining Trust Ord,0.7075,,,,
05/19/1998,BlackRock World Mining Trust Ord,0.7,,,,
05/20/1998,BlackRock World Mining Trust Ord,0.6925,,,,
05/21/1998,BlackRock World Mining Trust Ord,0.6925,,,,
05/22/1998,BlackRock World Mining Trust Ord,0.68431,,,,
05/23/1998,BlackRock World Mining Trust Ord,0.68431,,,,
05/24/1998,BlackRock World Mining Trust Ord,0.68431,,,,
05/25/1998,BlackRock World Mining Trust Ord,0.6975,,,,
05/26/1998,BlackRock World Mining Trust Ord,0.7,,,,
05/27/1998,BlackRock World Mining Trust Ord,0.6875,,,,
05/28/1998,BlackRock World Mining Trust Ord,0.6775,,,,
05/29/1998,BlackRock World Mining Trust Ord,0.66224,,,,
05/30/1998,BlackRock World Mining Trust Ord,0.66224,,,,
05/31/1998,BlackRock World Mining Trust Ord,0.66224,,,,
06/01/1998,BlackRock World Mining Trust Ord,0.6675,,,,
06/02/1998,BlackRock World Mining Trust Ord,0.665,,,,
06/03/1998,BlackRock World Mining Trust Ord,0.665,,,,
06/04/1998,BlackRock World Mining Trust Ord,0.655,,,,
06/05/1998,BlackRock World Mining Trust Ord,0.64262,,,,
06/06/1998,BlackRock World Mining Trust Ord,0.64262,,,,
06/07/1998,BlackRock World Mining Trust Ord,0.64262,,,,
06/08/1998,BlackRock World Mining Trust Ord,0.655,,,,
06/09/1998,BlackRock World Mining Trust Ord,0.66,,,,
06/10/1998,BlackRock World Mining Trust Ord,0.655,,,,
06/11/1998,BlackRock World Mining Trust Ord,0.645,,,,
06/12/1998,BlackRock World Mining Trust Ord,0.59601,,,,
06/13/1998,BlackRock World Mining Trust Ord,0.59601,,,,
06/14/1998,BlackRock World Mining Trust Ord,0.59601,,,,
06/15/1998,BlackRock World Mining Trust Ord,0.6025,,,,
06/16/1998,BlackRock World Mining Trust Ord,0.5875,,,,
06/17/1998,BlackRock World Mining Trust Ord,0.5925,,,,
06/18/1998,BlackRock World Mining Trust Ord,0.6,,,,
06/19/1998,BlackRock World Mining Trust Ord,0.58375,,,,
06/20/1998,BlackRock World Mining Trust Ord,0.58375,,,,
06/21/1998,BlackRock World Mining Trust Ord,0.58375,,,,
06/22/1998,BlackRock World Mining Trust Ord,0.59,,,,
06/23/1998,BlackRock World Mining Trust Ord,0.5875,,,,
06/24/1998,BlackRock World Mining Trust Ord,0.5875,,,,
06/25/1998,BlackRock World Mining Trust Ord,0.5825,,,,
06/26/1998,BlackRock World Mining Trust Ord,0.56413,,,,
06/27/1998,BlackRock World Mining Trust Ord,0.56413,,,,
06/28/1998,BlackRock World Mining Trust Ord,0.56413,,,,
06/29/1998,BlackRock World Mining Trust Ord,0.575,,,,
06/30/1998,BlackRock World Mining Trust Ord,0.55922,,,,
07/01/1998,BlackRock World Mining Trust Ord,0.5725,,,,
07/02/1998,BlackRock World Mining Trust Ord,0.585,,,,
07/03/1998,BlackRock World Mining Trust Ord,0.57394,,,,
07/04/1998,BlackRock World Mining Trust Ord,0.57394,,,,
07/05/1998,BlackRock World Mining Trust Ord,0.57394,,,,
07/06/1998,BlackRock World Mining Trust Ord,0.5875,,,,
07/07/1998,BlackRock World Mining Trust Ord,0.605,,,,
07/08/1998,BlackRock World Mining Trust Ord,0.615,,,,
07/09/1998,BlackRock World Mining Trust Ord,0.615,,,,
07/10/1998,BlackRock World Mining Trust Ord,0.59356,,,,
07/11/1998,BlackRock World Mining Trust Ord,0.59356,,,,
07/12/1998,BlackRock World Mining Trust Ord,0.59356,,,,
07/13/1998,BlackRock World Mining Trust Ord,0.6025,,,,
07/14/1998,BlackRock World Mining Trust Ord,0.6025,,,,
07/15/1998,BlackRock World Mining Trust Ord,0.6125,,,,
07/16/1998,BlackRock World Mining Trust Ord,0.615,,,,
07/17/1998,BlackRock World Mining Trust Ord,0.60582,,,,
07/18/1998,BlackRock World Mining Trust Ord,0.60582,,,,
07/19/1998,BlackRock World Mining Trust Ord,0.60582,,,,
07/20/1998,BlackRock World Mining Trust Ord,0.6175,,,,
07/21/1998,BlackRock World Mining Trust Ord,0.6175,,,,
07/22/1998,BlackRock World Mining Trust Ord,0.6125,,,,
07/23/1998,BlackRock World Mining Trust Ord,0.605,,,,
07/24/1998,BlackRock World Mining Trust Ord,0.58866,,,,
07/25/1998,BlackRock World Mining Trust Ord,0.58866,,,,
07/26/1998,BlackRock World Mining Trust Ord,0.58866,,,,
07/27/1998,BlackRock World Mining Trust Ord,0.595,,,,
07/28/1998,BlackRock World Mining Trust Ord,0.595,,,,
07/29/1998,BlackRock World Mining Trust Ord,0.5625,,,,
07/30/1998,BlackRock World Mining Trust Ord,0.5775,,,,
07/31/1998,BlackRock World Mining Trust Ord,0.56903,,,,
08/01/1998,BlackRock World Mining Trust Ord,0.56903,,,,
08/02/1998,BlackRock World Mining Trust Ord,0.56903,,,,
08/03/1998,BlackRock World Mining Trust Ord,0.5725,,,,
08/04/1998,BlackRock World Mining Trust Ord,0.5675,,,,
08/05/1998,BlackRock World Mining Trust Ord,0.5475,,,,
08/06/1998,BlackRock World Mining Trust Ord,0.55,,,,
08/07/1998,BlackRock World Mining Trust Ord,0.53715,,,,
08/08/1998,BlackRock World Mining Trust Ord,0.53715,,,,
08/09/1998,BlackRock World Mining Trust Ord,0.53715,,,,
08/10/1998,BlackRock World Mining Trust Ord,0.545,,,,
08/11/1998,BlackRock World Mining Trust Ord,0.535,,,,
08/12/1998,BlackRock World Mining Trust Ord,0.535,,,,
08/13/1998,BlackRock World Mining Trust Ord,0.525,,,,
08/14/1998,BlackRock World Mining Trust Ord,0.50771,,,,
08/15/1998,BlackRock World Mining Trust Ord,0.50771,,,,
08/16/1998,BlackRock World Mining Trust Ord,0.50771,,,,
08/17/1998,BlackRock World Mining Trust Ord,0.51,,,,
08/18/1998,BlackRock World Mining Trust Ord,0.515,,,,
08/19/1998,BlackRock World Mining Trust Ord,0.5175,,,,
08/20/1998,BlackRock World Mining Trust Ord,0.51,,,,
08/21/1998,BlackRock World Mining Trust Ord,0.48564,,,,
08/22/1998,BlackRock World Mining Trust Ord,0.48564,,,,
08/23/1998,BlackRock World Mining Trust Ord,0.48564,,,,
08/24/1998,BlackRock World Mining Trust Ord,0.495,,,,
08/25/1998,BlackRock World Mining Trust Ord,0.485,,,,
08/26/1998,BlackRock World Mining Trust Ord,0.4675,,,,
08/27/1998,BlackRock World Mining Trust Ord,0.455,,,,
08/28/1998,BlackRock World Mining Trust Ord,0.41696,,,,
08/29/1998,BlackRock World Mining Trust Ord,0.41696,,,,
08/30/1998,BlackRock World Mining Trust Ord,0.41696,,,,
08/31/1998,BlackRock World Mining Trust Ord,0.425,,,,
09/01/1998,BlackRock World Mining Trust Ord,0.43,,,,
09/02/1998,BlackRock World Mining Trust Ord,0.43,,,,
09/03/1998,BlackRock World Mining Trust Ord,0.44,,,,
09/04/1998,BlackRock World Mining Trust Ord,0.45375,,,,
09/05/1998,BlackRock World Mining Trust Ord,0.45375,,,,
09/06/1998,BlackRock World Mining Trust Ord,0.45375,,,,
09/07/1998,BlackRock World Mining Trust Ord,0.4875,,,,
09/08/1998,BlackRock World Mining Trust Ord,0.505,,,,
09/09/1998,BlackRock World Mining Trust Ord,0.5,,,,
09/10/1998,BlackRock World Mining Trust Ord,0.5,,,,
09/11/1998,BlackRock World Mining Trust Ord,0.493,,,,
09/12/1998,BlackRock World Mining Trust Ord,0.493,,,,
09/13/1998,BlackRock World Mining Trust Ord,0.493,,,,
09/14/1998,BlackRock World Mining Trust Ord,0.515,,,,
09/15/1998,BlackRock World Mining Trust Ord,0.52,,,,
09/16/1998,BlackRock World Mining Trust Ord,0.5175,,,,
09/17/1998,BlackRock World Mining Trust Ord,0.5175,,,,
09/18/1998,BlackRock World Mining Trust Ord,0.51262,,,,
09/19/1998,BlackRock World Mining Trust Ord,0.51262,,,,
09/20/1998,BlackRock World Mining Trust Ord,0.51262,,,,
09/21/1998,BlackRock World Mining Trust Ord,0.5125,,,,
09/22/1998,BlackRock World Mining Trust Ord,0.51,,,,
09/23/1998,BlackRock World Mining Trust Ord,0.51,,,,
09/24/1998,BlackRock World Mining Trust Ord,0.515,,,,
09/25/1998,BlackRock World Mining Trust Ord,0.51998,,,,
09/26/1998,BlackRock World Mining Trust Ord,0.51998,,,,
09/27/1998,BlackRock World Mining Trust Ord,0.51998,,,,
09/28/1998,BlackRock World Mining Trust Ord,0.54,,,,
09/29/1998,BlackRock World Mining Trust Ord,0.535,,,,
09/30/1998,BlackRock World Mining Trust Ord,0.52488,,,,
10/01/1998,BlackRock World Mining Trust Ord,0.525,,,,
10/02/1998,BlackRock World Mining Trust Ord,0.51017,,,,
10/03/1998,BlackRock World Mining Trust Ord,0.51017,,,,
10/04/1998,BlackRock World Mining Trust Ord,0.51017,,,,
10/05/1998,BlackRock World Mining Trust Ord,0.51998,,,,
10/06/1998,BlackRock World Mining Trust Ord,0.53224,,,,
10/07/1998,BlackRock World Mining Trust Ord,0.53224,,,,
10/08/1998,BlackRock World Mining Trust Ord,0.53715,,,,
10/09/1998,BlackRock World Mining Trust Ord,0.54205,,,,
10/10/1998,BlackRock World Mining Trust Ord,0.54205,,,,
10/11/1998,BlackRock World Mining Trust Ord,0.54205,,,,
10/12/1998,BlackRock World Mining Trust Ord,0.56167,,,,
10/13/1998,BlackRock World Mining Trust Ord,0.56903,,,,
10/14/1998,BlackRock World Mining Trust Ord,0.56903,,,,
10/15/1998,BlackRock World Mining Trust Ord,0.56781,,,,
10/16/1998,BlackRock World Mining Trust Ord,0.57394,,,,
10/17/1998,BlackRock World Mining Trust Ord,0.57394,,,,
10/18/1998,BlackRock World Mining Trust Ord,0.57394,,,,
10/19/1998,BlackRock World Mining Trust Ord,0.57884,,,,
10/20/1998,BlackRock World Mining Trust Ord,0.58375,,,,
10/21/1998,BlackRock World Mining Trust Ord,0.58007,,,,
10/22/1998,BlackRock World Mining Trust Ord,0.57762,,,,
10/23/1998,BlackRock World Mining Trust Ord,0.57149,,,,
10/24/1998,BlackRock World Mining Trust Ord,0.57149,,,,
10/25/1998,BlackRock World Mining Trust Ord,0.57149,,,,
10/26/1998,BlackRock World Mining Trust Ord,0.57762,,,,
10/27/1998,BlackRock World Mining Trust Ord,0.57884,,,,
10/28/1998,BlackRock World Mining Trust Ord,0.57762,,,,
10/29/1998,BlackRock World Mining Trust Ord,0.57762,,,,
10/30/1998,BlackRock World Mining Trust Ord,0.57884,,,,
10/31/1998,BlackRock World Mining Trust Ord,0.57884,,,,
11/01/1998,BlackRock World Mining Trust Ord,0.57884,,,,
11/02/1998,BlackRock World Mining Trust Ord,0.5813,,,,
11/03/1998,BlackRock World Mining Trust Ord,0.57884,,,,
11/04/1998,BlackRock World Mining Trust Ord,0.59111,,,,
11/05/1998,BlackRock World Mining Trust Ord,0.58866,,,,
11/06/1998,BlackRock World Mining Trust Ord,0.58866,,,,
11/07/1998,BlackRock World Mining Trust Ord,0.58866,,,,
11/08/1998,BlackRock World Mining Trust Ord,0.58866,,,,
11/09/1998,BlackRock World Mining Trust Ord,0.58866,,,,
11/10/1998,BlackRock World Mining Trust Ord,0.5862,,,,
11/11/1998,BlackRock World Mining Trust Ord,0.58375,,,,
11/12/1998,BlackRock World Mining Trust Ord,0.57884,,,,
11/13/1998,BlackRock World Mining Trust Ord,0.59111,,,,
11/14/1998,BlackRock World Mining Trust Ord,0.59111,,,,
11/15/1998,BlackRock World Mining Trust Ord,0.59111,,,,
11/16/1998,BlackRock World Mining Trust Ord,0.59601,,,,
11/17/1998,BlackRock World Mining Trust Ord,0.59111,,,,
11/18/1998,BlackRock World Mining Trust Ord,0.58375,,,,
11/19/1998,BlackRock World Mining Trust Ord,0.58866,,,,
11/20/1998,BlackRock World Mining Trust Ord,0.59356,,,,
11/21/1998,BlackRock World Mining Trust Ord,0.59356,,,,
11/22/1998,BlackRock World Mining Trust Ord,0.59356,,,,
11/23/1998,BlackRock World Mining Trust Ord,0.60828,,,,
11/24/1998,BlackRock World Mining Trust Ord,0.60092,,,,
11/25/1998,BlackRock World Mining Trust Ord,0.60092,,,,
11/26/1998,BlackRock World Mining Trust Ord,0.60337,,,,
11/27/1998,BlackRock World Mining Trust Ord,0.60828,,,,
11/28/1998,BlackRock World Mining Trust Ord,0.60828,,,,
11/29/1998,BlackRock World Mining Trust Ord,0.60828,,,,
11/30/1998,BlackRock World Mining Trust Ord,0.60337,,,,
12/01/1998,BlackRock World Mining Trust Ord,0.59847,,,,
12/02/1998,BlackRock World Mining Trust Ord,0.59847,,,,
12/03/1998,BlackRock World Mining Trust Ord,0.59356,,,,
12/04/1998,BlackRock World Mining Trust Ord,0.58866,,,,
12/05/1998,BlackRock World Mining Trust Ord,0.58866,,,,
12/06/1998,BlackRock World Mining Trust Ord,0.58866,,,,
12/07/1998,BlackRock World Mining Trust Ord,0.57149,,,,
12/08/1998,BlackRock World Mining Trust Ord,0.57149,,,,
12/09/1998,BlackRock World Mining Trust Ord,0.57394,,,,
12/10/1998,BlackRock World Mining Trust Ord,0.57394,,,,
12/11/1998,BlackRock World Mining Trust Ord,0.56658,,,,
12/12/1998,BlackRock World Mining Trust Ord,0.56658,,,,
12/13/1998,BlackRock World Mining Trust Ord,0.56658,,,,
12/14/1998,BlackRock World Mining Trust Ord,0.54941,,,,
12/15/1998,BlackRock World Mining Trust Ord,0.55186,,,,
12/16/1998,BlackRock World Mining Trust Ord,0.54941,,,,
12/17/1998,BlackRock World Mining Trust Ord,0.54941,,,,
12/18/1998,BlackRock World Mining Trust Ord,0.54941,,,,
12/19/1998,BlackRock World Mining Trust Ord,0.54941,,,,
12/20/1998,BlackRock World Mining Trust Ord,0.54941,,,,
12/21/1998,BlackRock World Mining Trust Ord,0.54941,,,,
12/22/1998,BlackRock World Mining Trust Ord,0.54696,,,,
12/23/1998,BlackRock World Mining Trust Ord,0.54696,,,,
12/24/1998,BlackRock World Mining Trust Ord,0.55186,,,,
12/25/1998,BlackRock World Mining Trust Ord,0.5625,,,,
12/26/1998,BlackRock World Mining Trust Ord,0.5625,,,,
12/27/1998,BlackRock World Mining Trust Ord,0.5625,,,,
12/28/1998,BlackRock World Mining Trust Ord,0.5625,,,,
12/29/1998,BlackRock World Mining Trust Ord,0.55922,,,,
12/30/1998,BlackRock World Mining Trust Ord,0.55432,,,,
12/31/1998,BlackRock World Mining Trust Ord,0.55186,,,,
01/01/1999,BlackRock World Mining Trust Ord,0.5625,,,,
01/02/1999,BlackRock World Mining Trust Ord,0.5625,,,,
01/03/1999,BlackRock World Mining Trust Ord,0.5625,,,,
01/04/1999,BlackRock World Mining Trust Ord,0.56167,,,,
01/05/1999,BlackRock World Mining Trust Ord,0.57394,,,,
01/06/1999,BlackRock World Mining Trust Ord,0.57639,,,,
01/07/1999,BlackRock World Mining Trust Ord,0.57884,,,,
01/08/1999,BlackRock World Mining Trust Ord,0.5813,,,,
01/09/1999,BlackRock World Mining Trust Ord,0.5813,,,,
01/10/1999,BlackRock World Mining Trust Ord,0.5813,,,,
01/11/1999,BlackRock World Mining Trust Ord,0.59601,,,,
01/12/1999,BlackRock World Mining Trust Ord,0.60092,,,,
01/13/1999,BlackRock World Mining Trust Ord,0.5862,,,,
01/14/1999,BlackRock World Mining Trust Ord,0.5813,,,,
01/15/1999,BlackRock World Mining Trust Ord,0.57149,,,,
01/16/1999,BlackRock World Mining Trust Ord,0.57149,,,,
01/17/1999,BlackRock World Mining Trust Ord,0.57149,,,,
01/18/1999,BlackRock World Mining Trust Ord,0.58866,,,,
01/19/1999,BlackRock World Mining Trust Ord,0.59111,,,,
01/20/1999,BlackRock World Mining Trust Ord,0.59356,,,,
01/21/1999,BlackRock World Mining Trust Ord,0.59356,,,,
01/22/1999,BlackRock World Mining Trust Ord,0.58375,,,,
01/23/1999,BlackRock World Mining Trust Ord,0.58375,,,,
01/24/1999,BlackRock World Mining Trust Ord,0.58375,,,,
01/25/1999,BlackRock World Mining Trust Ord,0.58375,,,,
01/26/1999,BlackRock World Mining Trust Ord,0.57884,,,,
01/27/1999,BlackRock World Mining Trust Ord,0.57639,,,,
01/28/1999,BlackRock World Mining Trust Ord,0.58375,,,,
01/29/1999,BlackRock World Mining Trust Ord,0.5813,,,,
01/30/1999,BlackRock World Mining Trust Ord,0.5813,,,,
01/31/1999,BlackRock World Mining Trust Ord,0.5813,,,,
02/01/1999,BlackRock World Mining Trust Ord,0.58375,,,,
02/02/1999,BlackRock World Mining Trust Ord,0.58375,,,,
02/03/1999,BlackRock World Mining Trust Ord,0.58375,,,,
02/04/1999,BlackRock World Mining Trust Ord,0.57884,,,,
02/05/1999,BlackRock World Mining Trust Ord,0.57149,,,,
02/06/1999,BlackRock World Mining Trust Ord,0.57149,,,,
02/07/1999,BlackRock World Mining Trust Ord,0.57149,,,,
02/08/1999,BlackRock World Mining Trust Ord,0.55677,,,,
02/09/1999,BlackRock World Mining Trust Ord,0.55432,,,,
02/10/1999,BlackRock World Mining Trust Ord,0.55432,,,,
02/11/1999,BlackRock World Mining Trust Ord,0.55677,,,,
02/12/1999,BlackRock World Mining Trust Ord,0.55922,,,,
02/13/1999,BlackRock World Mining Trust Ord,0.55922,,,,
02/14/1999,BlackRock World Mining Trust Ord,0.55922,,,,
02/15/1999,BlackRock World Mining Trust Ord,0.55432,,,,
02/16/1999,BlackRock World Mining Trust Ord,0.55432,,,,
02/17/1999,BlackRock World Mining Trust Ord,0.55432,,,,
02/18/1999,BlackRock World Mining Trust Ord,0.55432,,,,
02/19/1999,BlackRock World Mining Trust Ord,0.55432,,,,
02/20/1999,BlackRock World Mining Trust Ord,0.55432,,,,
02/21/1999,BlackRock World Mining Trust Ord,0.55432,,,,
02/22/1999,BlackRock World Mining Trust Ord,0.57149,,,,
02/23/1999,BlackRock World Mining Trust Ord,0.57884,,,,
02/24/1999,BlackRock World Mining Trust Ord,0.5862,,,,
02/25/1999,BlackRock World Mining Trust Ord,0.58866,,,,
02/26/1999,BlackRock World Mining Trust Ord,0.59601,,,,
02/27/1999,BlackRock World Mining Trust Ord,0.59601,,,,
02/28/1999,BlackRock World Mining Trust Ord,0.59601,,,,
03/01/1999,BlackRock World Mining Trust Ord,0.5975,,,,
03/02/1999,BlackRock World Mining Trust Ord,0.5925,,,,
03/03/1999,BlackRock World Mining Trust Ord,0.5925,,,,
03/04/1999,BlackRock World Mining Trust Ord,0.6,,,,
03/05/1999,BlackRock World Mining Trust Ord,0.6125,,,,
03/06/1999,BlackRock World Mining Trust Ord,0.6125,,,,
03/07/1999,BlackRock World Mining Trust Ord,0.6125,,,,
03/08/1999,BlackRock World Mining Trust Ord,0.6175,,,,
03/09/1999,BlackRock World Mining Trust Ord,0.6225,,,,
03/10/1999,BlackRock World Mining Trust Ord,0.62,,,,
03/11/1999,BlackRock World Mining Trust Ord,0.64,,,,
03/12/1999,BlackRock World Mining Trust Ord,0.64,,,,
03/13/1999,BlackRock World Mining Trust Ord,0.64,,,,
03/14/1999,BlackRock World Mining Trust Ord,0.64,,,,
03/15/1999,BlackRock World Mining Trust Ord,0.64,,,,
03/16/1999,BlackRock World Mining Trust Ord,0.6375,,,,
03/17/1999,BlackRock World Mining Trust Ord,0.63,,,,
03/18/1999,BlackRock World Mining Trust Ord,0.625,,,,
03/19/1999,BlackRock World Mining Trust Ord,0.63,,,,
03/20/1999,BlackRock World Mining Trust Ord,0.63,,,,
03/21/1999,BlackRock World Mining Trust Ord,0.63,,,,
03/22/1999,BlackRock World Mining Trust Ord,0.63,,,,
03/23/1999,BlackRock World Mining Trust Ord,0.63,,,,
03/24/1999,BlackRock World Mining Trust Ord,0.63,,,,
03/25/1999,BlackRock World Mining Trust Ord,0.6375,,,,
03/26/1999,BlackRock World Mining Trust Ord,0.6325,,,,
03/27/1999,BlackRock World Mining Trust Ord,0.6325,,,,
03/28/1999,BlackRock World Mining Trust Ord,0.6325,,,,
03/29/1999,BlackRock World Mining Trust Ord,0.63,,,,
03/30/1999,BlackRock World Mining Trust Ord,0.6275,,,,
03/31/1999,BlackRock World Mining Trust Ord,0.625,,,,
04/01/1999,BlackRock World Mining Trust Ord,0.6225,,,,
04/02/1999,BlackRock World Mining Trust Ord,0.6225,,,,
04/03/1999,BlackRock World Mining Trust Ord,0.6225,,,,
04/04/1999,BlackRock World Mining Trust Ord,0.6225,,,,
04/05/1999,BlackRock World Mining Trust Ord,0.6225,,,,
04/06/1999,BlackRock World Mining Trust Ord,0.6225,,,,
04/07/1999,BlackRock World Mining Trust Ord,0.61,,,,
04/08/1999,BlackRock World Mining Trust Ord,0.6025,,,,
04/09/1999,BlackRock World Mining Trust Ord,0.605,,,,
04/10/1999,BlackRock World Mining Trust Ord,0.605,,,,
04/11/1999,BlackRock World Mining Trust Ord,0.605,,,,
04/12/1999,BlackRock World Mining Trust Ord,0.61,,,,
04/13/1999,BlackRock World Mining Trust Ord,0.6125,,,,
04/14/1999,BlackRock World Mining Trust Ord,0.625,,,,
04/15/1999,BlackRock World Mining Trust Ord,0.6425,,,,
04/16/1999,BlackRock World Mining Trust Ord,0.6875,,,,
04/17/1999,BlackRock World Mining Trust Ord,0.6875,,,,
04/18/1999,BlackRock World Mining Trust Ord,0.6875,,,,
04/19/1999,BlackRock World Mining Trust Ord,0.755,,,,
04/20/1999,BlackRock World Mining Trust Ord,0.75,,,,
04/21/1999,BlackRock World Mining Trust Ord,0.7475,,,,
04/22/1999,BlackRock World Mining Trust Ord,0.7275,,,,
04/23/1999,BlackRock World Mining Trust Ord,0.7275,,,,
04/24/1999,BlackRock World Mining Trust Ord,0.7275,,,,
04/25/1999,BlackRock World Mining Trust Ord,0.7275,,,,
04/26/1999,BlackRock World Mining Trust Ord,0.7275,,,,
04/27/1999,BlackRock World Mining Trust Ord,0.725,,,,
04/28/1999,BlackRock World Mining Trust Ord,0.715,,,,
04/29/1999,BlackRock World Mining Trust Ord,0.7325,,,,
04/30/1999,BlackRock World Mining Trust Ord,0.75,,,,
05/01/1999,BlackRock World Mining Trust Ord,0.75,,,,
05/02/1999,BlackRock World Mining Trust Ord,0.75,,,,
05/03/1999,BlackRock World Mining Trust Ord,0.75,,,,
05/04/1999,BlackRock World Mining Trust Ord,0.765,,,,
05/05/1999,BlackRock World Mining Trust Ord,0.76,,,,
05/06/1999,BlackRock World Mining Trust Ord,0.74,,,,
05/07/1999,BlackRock World Mining Trust Ord,0.74,,,,
05/08/1999,BlackRock World Mining Trust Ord,0.74,,,,
05/09/1999,BlackRock World Mining Trust Ord,0.74,,,,
05/10/1999,BlackRock World Mining Trust Ord,0.74,,,,
05/11/1999,BlackRock World Mining Trust Ord,0.7275,,,,
05/12/1999,BlackRock World Mining Trust Ord,0.7225,,,,
05/13/1999,BlackRock World Mining Trust Ord,0.715,,,,
05/14/1999,BlackRock World Mining Trust Ord,0.705,,,,
05/15/1999,BlackRock World Mining Trust Ord,0.705,,,,
05/16/1999,BlackRock World Mining Trust Ord,0.705,,,,
05/17/1999,BlackRock World Mining Trust Ord,0.705,,,,
05/18/1999,BlackRock World Mining Trust Ord,0.7075,,,,
05/19/1999,BlackRock World Mining Trust Ord,0.71,,,,
05/20/1999,BlackRock World Mining Trust Ord,0.71,,,,
05/21/1999,BlackRock World Mining Trust Ord,0.7025,,,,
05/22/1999,BlackRock World Mining Trust Ord,0.7025,,,,
05/23/1999,BlackRock World Mining Trust Ord,0.7025,,,,
05/24/1999,BlackRock World Mining Trust Ord,0.71,,,,
05/25/1999,BlackRock World Mining Trust Ord,0.705,,,,
05/26/1999,BlackRock World Mining Trust Ord,0.6975,,,,
05/27/1999,BlackRock World Mining Trust Ord,0.6925,,,,
05/28/1999,BlackRock World Mining Trust Ord,0.685,,,,
05/29/1999,BlackRock World Mining Trust Ord,0.685,,,,
05/30/1999,BlackRock World Mining Trust Ord,0.685,,,,
05/31/1999,BlackRock World Mining Trust Ord,0.685,,,,
06/01/1999,BlackRock World Mining Trust Ord,0.6725,,,,
06/02/1999,BlackRock World Mining Trust Ord,0.6725,,,,
06/03/1999,BlackRock World Mining Trust Ord,0.6675,,,,
06/04/1999,BlackRock World Mining Trust Ord,0.67,,,,
06/05/1999,BlackRock World Mining Trust Ord,0.67,,,,
06/06/1999,BlackRock World Mining Trust Ord,0.67,,,,
06/07/1999,BlackRock World Mining Trust Ord,0.6825,,,,
06/08/1999,BlackRock World Mining Trust Ord,0.695,,,,
06/09/1999,BlackRock World Mining Trust Ord,0.7,,,,
06/10/1999,BlackRock World Mining Trust Ord,0.7,,,,
06/11/1999,BlackRock World Mining Trust Ord,0.725,,,,
06/12/1999,BlackRock World Mining Trust Ord,0.725,,,,
06/13/1999,BlackRock World Mining Trust Ord,0.725,,,,
06/14/1999,BlackRock World Mining Trust Ord,0.7275,,,,
06/15/1999,BlackRock World Mining Trust Ord,0.7325,,,,
06/16/1999,BlackRock World Mining Trust Ord,0.735,,,,
06/17/1999,BlackRock World Mining Trust Ord,0.7525,,,,
06/18/1999,BlackRock World Mining Trust Ord,0.75,,,,
06/19/1999,BlackRock World Mining Trust Ord,0.75,,,,
06/20/1999,BlackRock World Mining Trust Ord,0.75,,,,
06/21/1999,BlackRock World Mining Trust Ord,0.75,,,,
06/22/1999,BlackRock World Mining Trust Ord,0.745,,,,
06/23/1999,BlackRock World Mining Trust Ord,0.735,,,,
06/24/1999,BlackRock World Mining Trust Ord,0.725,,,,
06/25/1999,BlackRock World Mining Trust Ord,0.715,,,,
06/26/1999,BlackRock World Mining Trust Ord,0.715,,,,
06/27/1999,BlackRock World Mining Trust Ord,0.715,,,,
06/28/1999,BlackRock World Mining Trust Ord,0.7225,,,,
06/29/1999,BlackRock World Mining Trust Ord,0.7325,,,,
06/30/1999,BlackRock World Mining Trust Ord,0.745,,,,
07/01/1999,BlackRock World Mining Trust Ord,0.75,,,,
07/02/1999,BlackRock World Mining Trust Ord,0.7575,,,,
07/03/1999,BlackRock World Mining Trust Ord,0.7575,,,,
07/04/1999,BlackRock World Mining Trust Ord,0.7575,,,,
07/05/1999,BlackRock World Mining Trust Ord,0.795,,,,
07/06/1999,BlackRock World Mining Trust Ord,0.82,,,,
07/07/1999,BlackRock World Mining Trust Ord,0.82,,,,
07/08/1999,BlackRock World Mining Trust Ord,0.825,,,,
07/09/1999,BlackRock World Mining Trust Ord,0.83,,,,
07/10/1999,BlackRock World Mining Trust Ord,0.83,,,,
07/11/1999,BlackRock World Mining Trust Ord,0.83,,,,
07/12/1999,BlackRock World Mining Trust Ord,0.83,,,,
07/13/1999,BlackRock World Mining Trust Ord,0.825,,,,
07/14/1999,BlackRock World Mining Trust Ord,0.82,,,,
07/15/1999,BlackRock World Mining Trust Ord,0.82,,,,
07/16/1999,BlackRock World Mining Trust Ord,0.815,,,,
07/17/1999,BlackRock World Mining Trust Ord,0.815,,,,
07/18/1999,BlackRock World Mining Trust Ord,0.815,,,,
07/19/1999,BlackRock World Mining Trust Ord,0.815,,,,
07/20/1999,BlackRock World Mining Trust Ord,0.815,,,,
07/21/1999,BlackRock World Mining Trust Ord,0.81,,,,
07/22/1999,BlackRock World Mining Trust Ord,0.805,,,,
07/23/1999,BlackRock World Mining Trust Ord,0.80375,,,,
07/24/1999,BlackRock World Mining Trust Ord,0.80375,,,,
07/25/1999,BlackRock World Mining Trust Ord,0.80375,,,,
07/26/1999,BlackRock World Mining Trust Ord,0.79875,,,,
07/27/1999,BlackRock World Mining Trust Ord,0.7975,,,,
07/28/1999,BlackRock World Mining Trust Ord,0.78875,,,,
07/29/1999,BlackRock World Mining Trust Ord,0.79125,,,,
07/30/1999,BlackRock World Mining Trust Ord,0.7825,,,,
07/31/1999,BlackRock World Mining Trust Ord,0.7825,,,,
08/01/1999,BlackRock World Mining Trust Ord,0.7825,,,,
08/02/1999,BlackRock World Mining Trust Ord,0.785,,,,
08/03/1999,BlackRock World Mining Trust Ord,0.7825,,,,
08/04/1999,BlackRock World Mining Trust Ord,0.7825,,,,
08/05/1999,BlackRock World Mining Trust Ord,0.775,,,,
08/06/1999,BlackRock World Mining Trust Ord,0.7925,,,,
08/07/1999,BlackRock World Mining Trust Ord,0.7925,,,,
08/08/1999,BlackRock World Mining Trust Ord,0.7925,,,,
08/09/1999,BlackRock World Mining Trust Ord,0.795,,,,
08/10/1999,BlackRock World Mining Trust Ord,0.795,,,,
08/11/1999,BlackRock World Mining Trust Ord,0.795,,,,
08/12/1999,BlackRock World Mining Trust Ord,0.8625,,,,
08/13/1999,BlackRock World Mining Trust Ord,0.865,,,,
08/14/1999,BlackRock World Mining Trust Ord,0.865,,,,
08/15/1999,BlackRock World Mining Trust Ord,0.865,,,,
08/16/1999,BlackRock World Mining Trust Ord,0.8675,,,,
08/17/1999,BlackRock World Mining Trust Ord,0.86625,,,,
08/18/1999,BlackRock World Mining Trust Ord,0.8675,,,,
08/19/1999,BlackRock World Mining Trust Ord,0.865,,,,
08/20/1999,BlackRock World Mining Trust Ord,0.8475,,,,
08/21/1999,BlackRock World Mining Trust Ord,0.8475,,,,
08/22/1999,BlackRock World Mining Trust Ord,0.8475,,,,
08/23/1999,BlackRock World Mining Trust Ord,0.85,,,,
08/24/1999,BlackRock World Mining Trust Ord,0.845,,,,
08/25/1999,BlackRock World Mining Trust Ord,0.85,,,,
08/26/1999,BlackRock World Mining Trust Ord,0.8375,,,,
08/27/1999,BlackRock World Mining Trust Ord,0.8325,,,,
08/28/1999,BlackRock World Mining Trust Ord,0.8325,,,,
08/29/1999,BlackRock World Mining Trust Ord,0.8325,,,,
08/30/1999,BlackRock World Mining Trust Ord,0.8325,,,,
08/31/1999,BlackRock World Mining Trust Ord,0.8275,,,,
09/01/1999,BlackRock World Mining Trust Ord,0.8275,,,,
09/02/1999,BlackRock World Mining Trust Ord,0.8175,,,,
09/03/1999,BlackRock World Mining Trust Ord,0.82,,,,
09/04/1999,BlackRock World Mining Trust Ord,0.82,,,,
09/05/1999,BlackRock World Mining Trust Ord,0.82,,,,
09/06/1999,BlackRock World Mining Trust Ord,0.8175,,,,
09/07/1999,BlackRock World Mining Trust Ord,0.8175,,,,
09/08/1999,BlackRock World Mining Trust Ord,0.8175,,,,
09/09/1999,BlackRock World Mining Trust Ord,0.83,,,,
09/10/1999,BlackRock World Mining Trust Ord,0.8275,,,,
09/11/1999,BlackRock World Mining Trust Ord,0.8275,,,,
09/12/1999,BlackRock World Mining Trust Ord,0.8275,,,,
09/13/1999,BlackRock World Mining Trust Ord,0.83,,,,
09/14/1999,BlackRock World Mining Trust Ord,0.83,,,,
09/15/1999,BlackRock World Mining Trust Ord,0.82,,,,
09/16/1999,BlackRock World Mining Trust Ord,0.81,,,,
09/17/1999,BlackRock World Mining Trust Ord,0.81,,,,
09/18/1999,BlackRock World Mining Trust Ord,0.81,,,,
09/19/1999,BlackRock World Mining Trust Ord,0.81,,,,
09/20/1999,BlackRock World Mining Trust Ord,0.8075,,,,
09/21/1999,BlackRock World Mining Trust Ord,0.7925,,,,
09/22/1999,BlackRock World Mining Trust Ord,0.805,,,,
09/23/1999,BlackRock World Mining Trust Ord,0.845,,,,
09/24/1999,BlackRock World Mining Trust Ord,0.84,,,,
09/25/1999,BlackRock World Mining Trust Ord,0.84,,,,
09/26/1999,BlackRock World Mining Trust Ord,0.84,,,,
09/27/1999,BlackRock World Mining Trust Ord,0.85,,,,
09/28/1999,BlackRock World Mining Trust Ord,0.885,,,,
09/29/1999,BlackRock World Mining Trust Ord,0.8975,,,,
09/30/1999,BlackRock World Mining Trust Ord,0.8975,,,,
10/01/1999,BlackRock World Mining Trust Ord,0.8925,,,,
10/02/1999,BlackRock World Mining Trust Ord,0.8925,,,,
10/03/1999,BlackRock World Mining Trust Ord,0.8925,,,,
10/04/1999,BlackRock World Mining Trust Ord,0.895,,,,
10/05/1999,BlackRock World Mining Trust Ord,0.9125,,,,
10/06/1999,BlackRock World Mining Trust Ord,0.9225,,,,
10/07/1999,BlackRock World Mining Trust Ord,0.9175,,,,
10/08/1999,BlackRock World Mining Trust Ord,0.9075,,,,
10/09/1999,BlackRock World Mining Trust Ord,0.9075,,,,
10/10/1999,BlackRock World Mining Trust Ord,0.9075,,,,
10/11/1999,BlackRock World Mining Trust Ord,0.8925,,,,
10/12/1999,BlackRock World Mining Trust Ord,0.8725,,,,
10/13/1999,BlackRock World Mining Trust Ord,0.87,,,,
10/14/1999,BlackRock World Mining Trust Ord,0.8675,,,,
10/15/1999,BlackRock World Mining Trust Ord,0.8525,,,,
10/16/1999,BlackRock World Mining Trust Ord,0.8525,,,,
10/17/1999,BlackRock World Mining Trust Ord,0.8525,,,,
10/18/1999,BlackRock World Mining Trust Ord,0.845,,,,
10/19/1999,BlackRock World Mining Trust Ord,0.845,,,,
10/20/1999,BlackRock World Mining Trust Ord,0.8375,,,,
10/21/1999,BlackRock World Mining Trust Ord,0.85,,,,
10/22/1999,BlackRock World Mining Trust Ord,0.85,,,,
10/23/1999,BlackRock World Mining Trust Ord,0.85,,,,
10/24/1999,BlackRock World Mining Trust Ord,0.85,,,,
10/25/1999,BlackRock World Mining Trust Ord,0.855,,,,
10/26/1999,BlackRock World Mining Trust Ord,0.8475,,,,
10/27/1999,BlackRock World Mining Trust Ord,0.8425,,,,
10/28/1999,BlackRock World Mining Trust Ord,0.84,,,,
10/29/1999,BlackRock World Mining Trust Ord,0.845,,,,
10/30/1999,BlackRock World Mining Trust Ord,0.845,,,,
10/31/1999,BlackRock World Mining Trust Ord,0.845,,,,
11/01/1999,BlackRock World Mining Trust Ord,0.84125,,,,
11/02/1999,BlackRock World Mining Trust Ord,0.84,,,,
11/03/1999,BlackRock World Mining Trust Ord,0.85,,,,
11/04/1999,BlackRock World Mining Trust Ord,0.845,,,,
11/05/1999,BlackRock World Mining Trust Ord,0.85125,,,,
11/06/1999,BlackRock World Mining Trust Ord,0.85125,,,,
11/07/1999,BlackRock World Mining Trust Ord,0.85125,,,,
11/08/1999,BlackRock World Mining Trust Ord,0.85,,,,
11/09/1999,BlackRock World Mining Trust Ord,0.85,,,,
11/10/1999,BlackRock World Mining Trust Ord,0.85,,,,
11/11/1999,BlackRock World Mining Trust Ord,0.855,,,,
11/12/1999,BlackRock World Mining Trust Ord,0.8575,,,,
11/13/1999,BlackRock World Mining Trust Ord,0.8575,,,,
11/14/1999,BlackRock World Mining Trust Ord,0.8575,,,,
11/15/1999,BlackRock World Mining Trust Ord,0.865,,,,
11/16/1999,BlackRock World Mining Trust Ord,0.86,,,,
11/17/1999,BlackRock World Mining Trust Ord,0.86,,,,
11/18/1999,BlackRock World Mining Trust Ord,0.865,,,,
11/19/1999,BlackRock World Mining Trust Ord,0.8725,,,,
11/20/1999,BlackRock World Mining Trust Ord,0.8725,,,,
11/21/1999,BlackRock World Mining Trust Ord,0.8725,,,,
11/22/1999,BlackRock World Mining Trust Ord,0.875,,,,
11/23/1999,BlackRock World Mining Trust Ord,0.875,,,,
11/24/1999,BlackRock World Mining Trust Ord,0.8775,,,,
11/25/1999,BlackRock World Mining Trust Ord,0.8775,,,,
11/26/1999,BlackRock World Mining Trust Ord,0.885,,,,
11/27/1999,BlackRock World Mining Trust Ord,0.885,,,,
11/28/1999,BlackRock World Mining Trust Ord,0.885,,,,
11/29/1999,BlackRock World Mining Trust Ord,0.885,,,,
11/30/1999,BlackRock World Mining Trust Ord,0.885,,,,
12/01/1999,BlackRock World Mining Trust Ord,0.8775,,,,
12/02/1999,BlackRock World Mining Trust Ord,0.875,,,,
12/03/1999,BlackRock World Mining Trust Ord,0.8825,,,,
12/04/1999,BlackRock World Mining Trust Ord,0.8825,,,,
12/05/1999,BlackRock World Mining Trust Ord,0.8825,,,,
12/06/1999,BlackRock World Mining Trust Ord,0.885,,,,
12/07/1999,BlackRock World Mining Trust Ord,0.8825,,,,
12/08/1999,BlackRock World Mining Trust Ord,0.88,,,,
12/09/1999,BlackRock World Mining Trust Ord,0.8775,,,,
12/10/1999,BlackRock World Mining Trust Ord,0.8775,,,,
12/11/1999,BlackRock World Mining Trust Ord,0.8775,,,,
12/12/1999,BlackRock World Mining Trust Ord,0.8775,,,,
12/13/1999,BlackRock World Mining Trust Ord,0.88,,,,
12/14/1999,BlackRock World Mining Trust Ord,0.88,,,,
12/15/1999,BlackRock World Mining Trust Ord,0.8775,,,,
12/16/1999,BlackRock World Mining Trust Ord,0.9275,,,,
12/17/1999,BlackRock World Mining Trust Ord,0.945,,,,
12/18/1999,BlackRock World Mining Trust Ord,0.945,,,,
12/19/1999,BlackRock World Mining Trust Ord,0.945,,,,
12/20/1999,BlackRock World Mining Trust Ord,0.9725,,,,
12/21/1999,BlackRock World Mining Trust Ord,0.97,,,,
12/22/1999,BlackRock World Mining Trust Ord,0.9725,,,,
12/23/1999,BlackRock World Mining Trust Ord,0.975,,,,
12/24/1999,BlackRock World Mining Trust Ord,0.975,,,,
12/25/1999,BlackRock World Mining Trust Ord,0.975,,,,
12/26/1999,BlackRock World Mining Trust Ord,0.975,,,,
12/27/1999,BlackRock World Mining Trust Ord,0.975,,,,
12/28/1999,BlackRock World Mining Trust Ord,0.975,,,,
12/29/1999,BlackRock World Mining Trust Ord,1,,,,
12/30/1999,BlackRock World Mining Trust Ord,1.0075,,,,
12/31/1999,BlackRock World Mining Trust Ord,1.0075,,,,
01/01/2000,BlackRock World Mining Trust Ord,1.0075,,,,
01/02/2000,BlackRock World Mining Trust Ord,1.0075,,,,
01/03/2000,BlackRock World Mining Trust Ord,1.0075,,,,
01/04/2000,BlackRock World Mining Trust Ord,1.0025,,,,
01/05/2000,BlackRock World Mining Trust Ord,0.9825,,,,
01/06/2000,BlackRock World Mining Trust Ord,0.985,,,,
01/07/2000,BlackRock World Mining Trust Ord,1,,,,
01/08/2000,BlackRock World Mining Trust Ord,1,,,,
01/09/2000,BlackRock World Mining Trust Ord,1,,,,
01/10/2000,BlackRock World Mining Trust Ord,1.0075,,,,
01/11/2000,BlackRock World Mining Trust Ord,1.005,,,,
01/12/2000,BlackRock World Mining Trust Ord,0.9975,,,,
01/13/2000,BlackRock World Mining Trust Ord,0.995,,,,
01/14/2000,BlackRock World Mining Trust Ord,0.995,,,,
01/15/2000,BlackRock World Mining Trust Ord,0.995,,,,
01/16/2000,BlackRock World Mining Trust Ord,0.995,,,,
01/17/2000,BlackRock World Mining Trust Ord,0.995,,,,
01/18/2000,BlackRock World Mining Trust Ord,0.985,,,,
01/19/2000,BlackRock World Mining Trust Ord,0.9775,,,,
01/20/2000,BlackRock World Mining Trust Ord,0.97,,,,
01/21/2000,BlackRock World Mining Trust Ord,0.97,,,,
01/22/2000,BlackRock World Mining Trust Ord,0.97,,,,
01/23/2000,BlackRock World Mining Trust Ord,0.97,,,,
01/24/2000,BlackRock World Mining Trust Ord,0.9675,,,,
01/25/2000,BlackRock World Mining Trust Ord,0.9525,,,,
01/26/2000,BlackRock World Mining Trust Ord,0.95,,,,
01/27/2000,BlackRock World Mining Trust Ord,0.945,,,,
01/28/2000,BlackRock World Mining Trust Ord,0.94,,,,
01/29/2000,BlackRock World Mining Trust Ord,0.94,,,,
01/30/2000,BlackRock World Mining Trust Ord,0.94,,,,
01/31/2000,BlackRock World Mining Trust Ord,0.94,,,,
02/01/2000,BlackRock World Mining Trust Ord,0.94,,,,
02/02/2000,BlackRock World Mining Trust Ord,0.94,,,,
02/03/2000,BlackRock World Mining Trust Ord,0.93,,,,
02/04/2000,BlackRock World Mining Trust Ord,0.9275,,,,
02/05/2000,BlackRock World Mining Trust Ord,0.9275,,,,
02/06/2000,BlackRock World Mining Trust Ord,0.9275,,,,
02/07/2000,BlackRock World Mining Trust Ord,0.955,,,,
02/08/2000,BlackRock World Mining Trust Ord,0.9475,,,,
02/09/2000,BlackRock World Mining Trust Ord,0.9475,,,,
02/10/2000,BlackRock World Mining Trust Ord,0.9425,,,,
02/11/2000,BlackRock World Mining Trust Ord,0.9425,,,,
02/12/2000,BlackRock World Mining Trust Ord,0.9425,,,,
02/13/2000,BlackRock World Mining Trust Ord,0.9425,,,,
02/14/2000,BlackRock World Mining Trust Ord,0.94,,,,
02/15/2000,BlackRock World Mining Trust Ord,0.935,,,,
02/16/2000,BlackRock World Mining Trust Ord,0.935,,,,
02/17/2000,BlackRock World Mining Trust Ord,0.935,,,,
02/18/2000,BlackRock World Mining Trust Ord,0.9275,,,,
02/19/2000,BlackRock World Mining Trust Ord,0.9275,,,,
02/20/2000,BlackRock World Mining Trust Ord,0.9275,,,,
02/21/2000,BlackRock World Mining Trust Ord,0.9175,,,,
02/22/2000,BlackRock World Mining Trust Ord,0.915,,,,
02/23/2000,BlackRock World Mining Trust Ord,0.915,,,,
02/24/2000,BlackRock World Mining Trust Ord,0.89,,,,
02/25/2000,BlackRock World Mining Trust Ord,0.8875,,,,
02/26/2000,BlackRock World Mining Trust Ord,0.8875,,,,
02/27/2000,BlackRock World Mining Trust Ord,0.8875,,,,
02/28/2000,BlackRock World Mining Trust Ord,0.8675,,,,
02/29/2000,BlackRock World Mining Trust Ord,0.865,,,,
03/01/2000,BlackRock World Mining Trust Ord,0.86,,,,
03/02/2000,BlackRock World Mining Trust Ord,0.855,,,,
03/03/2000,BlackRock World Mining Trust Ord,0.855,,,,
03/04/2000,BlackRock World Mining Trust Ord,0.855,,,,
03/05/2000,BlackRock World Mining Trust Ord,0.855,,,,
03/06/2000,BlackRock World Mining Trust Ord,0.8575,,,,
03/07/2000,BlackRock World Mining Trust Ord,0.8575,,,,
03/08/2000,BlackRock World Mining Trust Ord,0.855,,,,
03/09/2000,BlackRock World Mining Trust Ord,0.85,,,,
03/10/2000,BlackRock World Mining Trust Ord,0.835,,,,
03/11/2000,BlackRock World Mining Trust Ord,0.835,,,,
03/12/2000,BlackRock World Mining Trust Ord,0.835,,,,
03/13/2000,BlackRock World Mining Trust Ord,0.82,,,,
03/14/2000,BlackRock World Mining Trust Ord,0.82,,,,
03/15/2000,BlackRock World Mining Trust Ord,0.81,,,,
03/16/2000,BlackRock World Mining Trust Ord,0.815,,,,
03/17/2000,BlackRock World Mining Trust Ord,0.845,,,,
03/18/2000,BlackRock World Mining Trust Ord,0.845,,,,
03/19/2000,BlackRock World Mining Trust Ord,0.845,,,,
03/20/2000,BlackRock World Mining Trust Ord,0.84,,,,
03/21/2000,BlackRock World Mining Trust Ord,0.835,,,,
03/22/2000,BlackRock World Mining Trust Ord,0.835,,,,
03/23/2000,BlackRock World Mining Trust Ord,0.835,,,,
03/24/2000,BlackRock World Mining Trust Ord,0.8325,,,,
03/25/2000,BlackRock World Mining Trust Ord,0.8325,,,,
03/26/2000,BlackRock World Mining Trust Ord,0.8325,,,,
03/27/2000,BlackRock World Mining Trust Ord,0.83,,,,
03/28/2000,BlackRock World Mining Trust Ord,0.8275,,,,
03/29/2000,BlackRock World Mining Trust Ord,0.8175,,,,
03/30/2000,BlackRock World Mining Trust Ord,0.8025,,,,
03/31/2000,BlackRock World Mining Trust Ord,0.7975,,,,
04/01/2000,BlackRock World Mining Trust Ord,0.7975,,,,
04/02/2000,BlackRock World Mining Trust Ord,0.7975,,,,
04/03/2000,BlackRock World Mining Trust Ord,0.7975,,,,
04/04/2000,BlackRock World Mining Trust Ord,0.7975,,,,
04/05/2000,BlackRock World Mining Trust Ord,0.7875,,,,
04/06/2000,BlackRock World Mining Trust Ord,0.7925,,,,
04/07/2000,BlackRock World Mining Trust Ord,0.79,,,,
04/08/2000,BlackRock World Mining Trust Ord,0.79,,,,
04/09/2000,BlackRock World Mining Trust Ord,0.79,,,,
04/10/2000,BlackRock World Mining Trust Ord,0.79,,,,
04/11/2000,BlackRock World Mining Trust Ord,0.775,,,,
04/12/2000,BlackRock World Mining Trust Ord,0.775,,,,
04/13/2000,BlackRock World Mining Trust Ord,0.775,,,,
04/14/2000,BlackRock World Mining Trust Ord,0.775,,,,
04/15/2000,BlackRock World Mining Trust Ord,0.775,,,,
04/16/2000,BlackRock World Mining Trust Ord,0.775,,,,
04/17/2000,BlackRock World Mining Trust Ord,0.745,,,,
04/18/2000,BlackRock World Mining Trust Ord,0.745,,,,
04/19/2000,BlackRock World Mining Trust Ord,0.745,,,,
04/20/2000,BlackRock World Mining Trust Ord,0.7375,,,,
04/21/2000,BlackRock World Mining Trust Ord,0.7375,,,,
04/22/2000,BlackRock World Mining Trust Ord,0.7375,,,,
04/23/2000,BlackRock World Mining Trust Ord,0.7375,,,,
04/24/2000,BlackRock World Mining Trust Ord,0.7375,,,,
04/25/2000,BlackRock World Mining Trust Ord,0.7375,,,,
04/26/2000,BlackRock World Mining Trust Ord,0.735,,,,
04/27/2000,BlackRock World Mining Trust Ord,0.735,,,,
04/28/2000,BlackRock World Mining Trust Ord,0.735,,,,
04/29/2000,BlackRock World Mining Trust Ord,0.735,,,,
04/30/2000,BlackRock World Mining Trust Ord,0.735,,,,
05/01/2000,BlackRock World Mining Trust Ord,0.735,,,,
05/02/2000,BlackRock World Mining Trust Ord,0.735,,,,
05/03/2000,BlackRock World Mining Trust Ord,0.73,,,,
05/04/2000,BlackRock World Mining Trust Ord,0.7375,,,,
05/05/2000,BlackRock World Mining Trust Ord,0.7575,,,,
05/06/2000,BlackRock World Mining Trust Ord,0.7575,,,,
05/07/2000,BlackRock World Mining Trust Ord,0.7575,,,,
05/08/2000,BlackRock World Mining Trust Ord,0.765,,,,
05/09/2000,BlackRock World Mining Trust Ord,0.7675,,,,
05/10/2000,BlackRock World Mining Trust Ord,0.7725,,,,
05/11/2000,BlackRock World Mining Trust Ord,0.77,,,,
05/12/2000,BlackRock World Mining Trust Ord,0.775,,,,
05/13/2000,BlackRock World Mining Trust Ord,0.775,,,,
05/14/2000,BlackRock World Mining Trust Ord,0.775,,,,
05/15/2000,BlackRock World Mining Trust Ord,0.78,,,,
05/16/2000,BlackRock World Mining Trust Ord,0.7775,,,,
05/17/2000,BlackRock World Mining Trust Ord,0.7875,,,,
05/18/2000,BlackRock World Mining Trust Ord,0.795,,,,
05/19/2000,BlackRock World Mining Trust Ord,0.795,,,,
05/20/2000,BlackRock World Mining Trust Ord,0.795,,,,
05/21/2000,BlackRock World Mining Trust Ord,0.795,,,,
05/22/2000,BlackRock World Mining Trust Ord,0.785,,,,
05/23/2000,BlackRock World Mining Trust Ord,0.7825,,,,
05/24/2000,BlackRock World Mining Trust Ord,0.7775,,,,
05/25/2000,BlackRock World Mining Trust Ord,0.775,,,,
05/26/2000,BlackRock World Mining Trust Ord,0.7725,,,,
05/27/2000,BlackRock World Mining Trust Ord,0.7725,,,,
05/28/2000,BlackRock World Mining Trust Ord,0.7725,,,,
05/29/2000,BlackRock World Mining Trust Ord,0.765,,,,
05/30/2000,BlackRock World Mining Trust Ord,0.77,,,,
05/31/2000,BlackRock World Mining Trust Ord,0.76,,,,
06/01/2000,BlackRock World Mining Trust Ord,0.76,,,,
06/02/2000,BlackRock World Mining Trust Ord,0.775,,,,
06/03/2000,BlackRock World Mining Trust Ord,0.775,,,,
06/04/2000,BlackRock World Mining Trust Ord,0.775,,,,
06/05/2000,BlackRock World Mining Trust Ord,0.77,,,,
06/06/2000,BlackRock World Mining Trust Ord,0.76,,,,
06/07/2000,BlackRock World Mining Trust Ord,0.77,,,,
06/08/2000,BlackRock World Mining Trust Ord,0.765,,,,
06/09/2000,BlackRock World Mining Trust Ord,0.76,,,,
06/10/2000,BlackRock World Mining Trust Ord,0.76,,,,
06/11/2000,BlackRock World Mining Trust Ord,0.76,,,,
06/12/2000,BlackRock World Mining Trust Ord,0.76,,,,
06/13/2000,BlackRock World Mining Trust Ord,0.77,,,,
06/14/2000,BlackRock World Mining Trust Ord,0.7725,,,,
06/15/2000,BlackRock World Mining Trust Ord,0.7825,,,,
06/16/2000,BlackRock World Mining Trust Ord,0.7775,,,,
06/17/2000,BlackRock World Mining Trust Ord,0.7775,,,,
06/18/2000,BlackRock World Mining Trust Ord,0.7775,,,,
06/19/2000,BlackRock World Mining Trust Ord,0.78,,,,
06/20/2000,BlackRock World Mining Trust Ord,0.7825,,,,
06/21/2000,BlackRock World Mining Trust Ord,0.78,,,,
06/22/2000,BlackRock World Mining Trust Ord,0.77,,,,
06/23/2000,BlackRock World Mining Trust Ord,0.77,,,,
06/24/2000,BlackRock World Mining Trust Ord,0.77,,,,
06/25/2000,BlackRock World Mining Trust Ord,0.77,,,,
06/26/2000,BlackRock World Mining Trust Ord,0.7825,,,,
06/27/2000,BlackRock World Mining Trust Ord,0.79,,,,
06/28/2000,BlackRock World Mining Trust Ord,0.8025,,,,
06/29/2000,BlackRock World Mining Trust Ord,0.805,,,,
06/30/2000,BlackRock World Mining Trust Ord,0.8075,,,,
07/01/2000,BlackRock World Mining Trust Ord,0.8075,,,,
07/02/2000,BlackRock World Mining Trust Ord,0.8075,,,,
07/03/2000,BlackRock World Mining Trust Ord,0.8025,,,,
07/04/2000,BlackRock World Mining Trust Ord,0.8025,,,,
07/05/2000,BlackRock World Mining Trust Ord,0.8025,,,,
07/06/2000,BlackRock World Mining Trust Ord,0.805,,,,
07/07/2000,BlackRock World Mining Trust Ord,0.805,,,,
07/08/2000,BlackRock World Mining Trust Ord,0.805,,,,
07/09/2000,BlackRock World Mining Trust Ord,0.805,,,,
07/10/2000,BlackRock World Mining Trust Ord,0.8125,,,,
07/11/2000,BlackRock World Mining Trust Ord,0.8125,,,,
07/12/2000,BlackRock World Mining Trust Ord,0.84,,,,
07/13/2000,BlackRock World Mining Trust Ord,0.8475,,,,
07/14/2000,BlackRock World Mining Trust Ord,0.855,,,,
07/15/2000,BlackRock World Mining Trust Ord,0.855,,,,
07/16/2000,BlackRock World Mining Trust Ord,0.855,,,,
07/17/2000,BlackRock World Mining Trust Ord,0.8675,,,,
07/18/2000,BlackRock World Mining Trust Ord,0.87,,,,
07/19/2000,BlackRock World Mining Trust Ord,0.875,,,,
07/20/2000,BlackRock World Mining Trust Ord,0.8675,,,,
07/21/2000,BlackRock World Mining Trust Ord,0.8575,,,,
07/22/2000,BlackRock World Mining Trust Ord,0.8575,,,,
07/23/2000,BlackRock World Mining Trust Ord,0.8575,,,,
07/24/2000,BlackRock World Mining Trust Ord,0.855,,,,
07/25/2000,BlackRock World Mining Trust Ord,0.845,,,,
07/26/2000,BlackRock World Mining Trust Ord,0.84,,,,
07/27/2000,BlackRock World Mining Trust Ord,0.8375,,,,
07/28/2000,BlackRock World Mining Trust Ord,0.83,,,,
07/29/2000,BlackRock World Mining Trust Ord,0.83,,,,
07/30/2000,BlackRock World Mining Trust Ord,0.83,,,,
07/31/2000,BlackRock World Mining Trust Ord,0.8325,,,,
08/01/2000,BlackRock World Mining Trust Ord,0.835,,,,
08/02/2000,BlackRock World Mining Trust Ord,0.835,,,,
08/03/2000,BlackRock World Mining Trust Ord,0.83,,,,
08/04/2000,BlackRock World Mining Trust Ord,0.8325,,,,
08/05/2000,BlackRock World Mining Trust Ord,0.8325,,,,
08/06/2000,BlackRock World Mining Trust Ord,0.8325,,,,
08/07/2000,BlackRock World Mining Trust Ord,0.8325,,,,
08/08/2000,BlackRock World Mining Trust Ord,0.83,,,,
08/09/2000,BlackRock World Mining Trust Ord,0.835,,,,
08/10/2000,BlackRock World Mining Trust Ord,0.835,,,,
08/11/2000,BlackRock World Mining Trust Ord,0.8375,,,,
08/12/2000,BlackRock World Mining Trust Ord,0.8375,,,,
08/13/2000,BlackRock World Mining Trust Ord,0.8375,,,,
08/14/2000,BlackRock World Mining Trust Ord,0.835,,,,
08/15/2000,BlackRock World Mining Trust Ord,0.855,,,,
08/16/2000,BlackRock World Mining Trust Ord,0.86,,,,
08/17/2000,BlackRock World Mining Trust Ord,0.87,,,,
08/18/2000,BlackRock World Mining Trust Ord,0.88,,,,
08/19/2000,BlackRock World Mining Trust Ord,0.88,,,,
08/20/2000,BlackRock World Mining Trust Ord,0.88,,,,
08/21/2000,BlackRock World Mining Trust Ord,0.885,,,,
08/22/2000,BlackRock World Mining Trust Ord,0.8925,,,,
08/23/2000,BlackRock World Mining Trust Ord,0.9,,,,
08/24/2000,BlackRock World Mining Trust Ord,0.9175,,,,
08/25/2000,BlackRock World Mining Trust Ord,0.93,,,,
08/26/2000,BlackRock World Mining Trust Ord,0.93,,,,
08/27/2000,BlackRock World Mining Trust Ord,0.93,,,,
08/28/2000,BlackRock World Mining Trust Ord,0.9288,,,,
08/29/2000,BlackRock World Mining Trust Ord,0.9288,,,,
08/30/2000,BlackRock World Mining Trust Ord,0.9288,,,,
08/31/2000,BlackRock World Mining Trust Ord,0.9288,,,,
09/01/2000,BlackRock World Mining Trust Ord,0.9325,,,,
09/02/2000,BlackRock World Mining Trust Ord,0.9325,,,,
09/03/2000,BlackRock World Mining Trust Ord,0.9325,,,,
09/04/2000,BlackRock World Mining Trust Ord,0.9325,,,,
09/05/2000,BlackRock World Mining Trust Ord,0.9325,,,,
09/06/2000,BlackRock World Mining Trust Ord,0.9475,,,,
09/07/2000,BlackRock World Mining Trust Ord,0.96,,,,
09/08/2000,BlackRock World Mining Trust Ord,0.9575,,,,
09/09/2000,BlackRock World Mining Trust Ord,0.9575,,,,
09/10/2000,BlackRock World Mining Trust Ord,0.9575,,,,
09/11/2000,BlackRock World Mining Trust Ord,0.955,,,,
09/12/2000,BlackRock World Mining Trust Ord,0.965,,,,
09/13/2000,BlackRock World Mining Trust Ord,0.9725,,,,
09/14/2000,BlackRock World Mining Trust Ord,0.98,,,,
09/15/2000,BlackRock World Mining Trust Ord,0.9875,,,,
09/16/2000,BlackRock World Mining Trust Ord,0.9875,,,,
09/17/2000,BlackRock World Mining Trust Ord,0.9875,,,,
09/18/2000,BlackRock World Mining Trust Ord,0.9825,,,,
09/19/2000,BlackRock World Mining Trust Ord,0.98,,,,
09/20/2000,BlackRock World Mining Trust Ord,0.98,,,,
09/21/2000,BlackRock World Mining Trust Ord,0.96,,,,
09/22/2000,BlackRock World Mining Trust Ord,0.9275,,,,
09/23/2000,BlackRock World Mining Trust Ord,0.9275,,,,
09/24/2000,BlackRock World Mining Trust Ord,0.9275,,,,
09/25/2000,BlackRock World Mining Trust Ord,0.925,,,,
09/26/2000,BlackRock World Mining Trust Ord,0.925,,,,
09/27/2000,BlackRock World Mining Trust Ord,0.9225,,,,
09/28/2000,BlackRock World Mining Trust Ord,0.92,,,,
09/29/2000,BlackRock World Mining Trust Ord,0.9175,,,,
09/30/2000,BlackRock World Mining Trust Ord,0.9175,,,,
10/01/2000,BlackRock World Mining Trust Ord,0.9175,,,,
10/02/2000,BlackRock World Mining Trust Ord,0.9125,,,,
10/03/2000,BlackRock World Mining Trust Ord,0.9025,,,,
10/04/2000,BlackRock World Mining Trust Ord,0.9025,,,,
10/05/2000,BlackRock World Mining Trust Ord,0.9025,,,,
10/06/2000,BlackRock World Mining Trust Ord,0.9025,,,,
10/07/2000,BlackRock World Mining Trust Ord,0.9025,,,,
10/08/2000,BlackRock World Mining Trust Ord,0.9025,,,,
10/09/2000,BlackRock World Mining Trust Ord,0.9025,,,,
10/10/2000,BlackRock World Mining Trust Ord,0.9,,,,
10/11/2000,BlackRock World Mining Trust Ord,0.8925,,,,
10/12/2000,BlackRock World Mining Trust Ord,0.8925,,,,
10/13/2000,BlackRock World Mining Trust Ord,0.8875,,,,
10/14/2000,BlackRock World Mining Trust Ord,0.8875,,,,
10/15/2000,BlackRock World Mining Trust Ord,0.8875,,,,
10/16/2000,BlackRock World Mining Trust Ord,0.8875,,,,
10/17/2000,BlackRock World Mining Trust Ord,0.87,,,,
10/18/2000,BlackRock World Mining Trust Ord,0.8175,,,,
10/19/2000,BlackRock World Mining Trust Ord,0.8175,,,,
10/20/2000,BlackRock World Mining Trust Ord,0.815,,,,
10/21/2000,BlackRock World Mining Trust Ord,0.815,,,,
10/22/2000,BlackRock World Mining Trust Ord,0.815,,,,
10/23/2000,BlackRock World Mining Trust Ord,0.815,,,,
10/24/2000,BlackRock World Mining Trust Ord,0.8175,,,,
10/25/2000,BlackRock World Mining Trust Ord,0.8175,,,,
10/26/2000,BlackRock World Mining Trust Ord,0.815,,,,
10/27/2000,BlackRock World Mining Trust Ord,0.825,,,,
10/28/2000,BlackRock World Mining Trust Ord,0.825,,,,
10/29/2000,BlackRock World Mining Trust Ord,0.825,,,,
10/30/2000,BlackRock World Mining Trust Ord,0.8275,,,,
10/31/2000,BlackRock World Mining Trust Ord,0.8375,,,,
11/01/2000,BlackRock World Mining Trust Ord,0.84,,,,
11/02/2000,BlackRock World Mining Trust Ord,0.85,,,,
11/03/2000,BlackRock World Mining Trust Ord,0.855,,,,
11/04/2000,BlackRock World Mining Trust Ord,0.855,,,,
11/05/2000,BlackRock World Mining Trust Ord,0.855,,,,
11/06/2000,BlackRock World Mining Trust Ord,0.86,,,,
11/07/2000,BlackRock World Mining Trust Ord,0.86,,,,
11/08/2000,BlackRock World Mining Trust Ord,0.865,,,,
11/09/2000,BlackRock World Mining Trust Ord,0.865,,,,
11/10/2000,BlackRock World Mining Trust Ord,0.86,,,,
11/11/2000,BlackRock World Mining Trust Ord,0.86,,,,
11/12/2000,BlackRock World Mining Trust Ord,0.86,,,,
11/13/2000,BlackRock World Mining Trust Ord,0.8575,,,,
11/14/2000,BlackRock World Mining Trust Ord,0.8525,,,,
11/15/2000,BlackRock World Mining Trust Ord,0.845,,,,
11/16/2000,BlackRock World Mining Trust Ord,0.84,,,,
11/17/2000,BlackRock World Mining Trust Ord,0.8375,,,,
11/18/2000,BlackRock World Mining Trust Ord,0.8375,,,,
11/19/2000,BlackRock World Mining Trust Ord,0.8375,,,,
11/20/2000,BlackRock World Mining Trust Ord,0.835,,,,
11/21/2000,BlackRock World Mining Trust Ord,0.8225,,,,
11/22/2000,BlackRock World Mining Trust Ord,0.815,,,,
11/23/2000,BlackRock World Mining Trust Ord,0.815,,,,
11/24/2000,BlackRock World Mining Trust Ord,0.82,,,,
11/25/2000,BlackRock World Mining Trust Ord,0.82,,,,
11/26/2000,BlackRock World Mining Trust Ord,0.82,,,,
11/27/2000,BlackRock World Mining Trust Ord,0.8225,,,,
11/28/2000,BlackRock World Mining Trust Ord,0.82,,,,
11/29/2000,BlackRock World Mining Trust Ord,0.82,,,,
11/30/2000,BlackRock World Mining Trust Ord,0.8175,,,,
12/01/2000,BlackRock World Mining Trust Ord,0.82,,,,
12/02/2000,BlackRock World Mining Trust Ord,0.82,,,,
12/03/2000,BlackRock World Mining Trust Ord,0.82,,,,
12/04/2000,BlackRock World Mining Trust Ord,0.8175,,,,
12/05/2000,BlackRock World Mining Trust Ord,0.8475,,,,
12/06/2000,BlackRock World Mining Trust Ord,0.8525,,,,
12/07/2000,BlackRock World Mining Trust Ord,0.88,,,,
12/08/2000,BlackRock World Mining Trust Ord,0.885,,,,
12/09/2000,BlackRock World Mining Trust Ord,0.885,,,,
12/10/2000,BlackRock World Mining Trust Ord,0.885,,,,
12/11/2000,BlackRock World Mining Trust Ord,0.885,,,,
12/12/2000,BlackRock World Mining Trust Ord,0.9,,,,
12/13/2000,BlackRock World Mining Trust Ord,0.9025,,,,
12/14/2000,BlackRock World Mining Trust Ord,0.8925,,,,
12/15/2000,BlackRock World Mining Trust Ord,0.8725,,,,
12/16/2000,BlackRock World Mining Trust Ord,0.8725,,,,
12/17/2000,BlackRock World Mining Trust Ord,0.8725,,,,
12/18/2000,BlackRock World Mining Trust Ord,0.865,,,,
12/19/2000,BlackRock World Mining Trust Ord,0.855,,,,
12/20/2000,BlackRock World Mining Trust Ord,0.8525,,,,
12/21/2000,BlackRock World Mining Trust Ord,0.855,,,,
12/22/2000,BlackRock World Mining Trust Ord,0.855,,,,
12/23/2000,BlackRock World Mining Trust Ord,0.855,,,,
12/24/2000,BlackRock World Mining Trust Ord,0.855,,,,
12/25/2000,BlackRock World Mining Trust Ord,0.855,,,,
12/26/2000,BlackRock World Mining Trust Ord,0.855,,,,
12/27/2000,BlackRock World Mining Trust Ord,0.875,,,,
12/28/2000,BlackRock World Mining Trust Ord,0.9025,,,,
12/29/2000,BlackRock World Mining Trust Ord,0.915,,,,
12/30/2000,BlackRock World Mining Trust Ord,0.915,,,,
12/31/2000,BlackRock World Mining Trust Ord,0.915,,,,
01/01/2001,BlackRock World Mining Trust Ord,0.915,,,,
01/02/2001,BlackRock World Mining Trust Ord,0.9125,,,,
01/03/2001,BlackRock World Mining Trust Ord,0.9125,,,,
01/04/2001,BlackRock World Mining Trust Ord,0.8875,,,,
01/05/2001,BlackRock World Mining Trust Ord,0.889,,,,
01/06/2001,BlackRock World Mining Trust Ord,0.889,,,,
01/07/2001,BlackRock World Mining Trust Ord,0.889,,,,
01/08/2001,BlackRock World Mining Trust Ord,0.89,,,,
01/09/2001,BlackRock World Mining Trust Ord,0.8825,,,,
01/10/2001,BlackRock World Mining Trust Ord,0.8825,,,,
01/11/2001,BlackRock World Mining Trust Ord,0.8825,,,,
01/12/2001,BlackRock World Mining Trust Ord,0.8825,,,,
01/13/2001,BlackRock World Mining Trust Ord,0.8825,,,,
01/14/2001,BlackRock World Mining Trust Ord,0.8825,,,,
01/15/2001,BlackRock World Mining Trust Ord,0.8825,,,,
01/16/2001,BlackRock World Mining Trust Ord,0.88,,,,
01/17/2001,BlackRock World Mining Trust Ord,0.88,,,,
01/18/2001,BlackRock World Mining Trust Ord,0.88,,,,
01/19/2001,BlackRock World Mining Trust Ord,0.89,,,,
01/20/2001,BlackRock World Mining Trust Ord,0.89,,,,
01/21/2001,BlackRock World Mining Trust Ord,0.89,,,,
01/22/2001,BlackRock World Mining Trust Ord,0.89,,,,
01/23/2001,BlackRock World Mining Trust Ord,0.8925,,,,
01/24/2001,BlackRock World Mining Trust Ord,0.895,,,,
01/25/2001,BlackRock World Mining Trust Ord,0.895,,,,
01/26/2001,BlackRock World Mining Trust Ord,0.895,,,,
01/27/2001,BlackRock World Mining Trust Ord,0.895,,,,
01/28/2001,BlackRock World Mining Trust Ord,0.895,,,,
01/29/2001,BlackRock World Mining Trust Ord,0.905,,,,
01/30/2001,BlackRock World Mining Trust Ord,0.915,,,,
01/31/2001,BlackRock World Mining Trust Ord,0.9225,,,,
02/01/2001,BlackRock World Mining Trust Ord,0.9375,,,,
02/02/2001,BlackRock World Mining Trust Ord,0.975,,,,
02/03/2001,BlackRock World Mining Trust Ord,0.975,,,,
02/04/2001,BlackRock World Mining Trust Ord,0.975,,,,
02/05/2001,BlackRock World Mining Trust Ord,0.9775,,,,
02/06/2001,BlackRock World Mining Trust Ord,0.9775,,,,
02/07/2001,BlackRock World Mining Trust Ord,0.98,,,,
02/08/2001,BlackRock World Mining Trust Ord,0.99,,,,
02/09/2001,BlackRock World Mining Trust Ord,0.9925,,,,
02/10/2001,BlackRock World Mining Trust Ord,0.9925,,,,
02/11/2001,BlackRock World Mining Trust Ord,0.9925,,,,
02/12/2001,BlackRock World Mining Trust Ord,0.99,,,,
02/13/2001,BlackRock World Mining Trust Ord,0.9875,,,,
02/14/2001,BlackRock World Mining Trust Ord,0.98,,,,
02/15/2001,BlackRock World Mining Trust Ord,0.98,,,,
02/16/2001,BlackRock World Mining Trust Ord,0.9775,,,,
02/17/2001,BlackRock World Mining Trust Ord,0.9775,,,,
02/18/2001,BlackRock World Mining Trust Ord,0.9775,,,,
02/19/2001,BlackRock World Mining Trust Ord,0.9775,,,,
02/20/2001,BlackRock World Mining Trust Ord,0.975,,,,
02/21/2001,BlackRock World Mining Trust Ord,0.965,,,,
02/22/2001,BlackRock World Mining Trust Ord,0.9575,,,,
02/23/2001,BlackRock World Mining Trust Ord,0.9575,,,,
02/24/2001,BlackRock World Mining Trust Ord,0.9575,,,,
02/25/2001,BlackRock World Mining Trust Ord,0.9575,,,,
02/26/2001,BlackRock World Mining Trust Ord,0.9575,,,,
02/27/2001,BlackRock World Mining Trust Ord,0.98,,,,
02/28/2001,BlackRock World Mining Trust Ord,0.9975,,,,
03/01/2001,BlackRock World Mining Trust Ord,0.9975,,,,
03/02/2001,BlackRock World Mining Trust Ord,0.9975,,,,
03/03/2001,BlackRock World Mining Trust Ord,0.9975,,,,
03/04/2001,BlackRock World Mining Trust Ord,0.9975,,,,
03/05/2001,BlackRock World Mining Trust Ord,0.9825,,,,
03/06/2001,BlackRock World Mining Trust Ord,0.9875,,,,
03/07/2001,BlackRock World Mining Trust Ord,0.985,,,,
03/08/2001,BlackRock World Mining Trust Ord,0.99,,,,
03/09/2001,BlackRock World Mining Trust Ord,0.9875,,,,
03/10/2001,BlackRock World Mining Trust Ord,0.9875,,,,
03/11/2001,BlackRock World Mining Trust Ord,0.9875,,,,
03/12/2001,BlackRock World Mining Trust Ord,0.9825,,,,
03/13/2001,BlackRock World Mining Trust Ord,0.97,,,,
03/14/2001,BlackRock World Mining Trust Ord,0.9625,,,,
03/15/2001,BlackRock World Mining Trust Ord,0.9525,,,,
03/16/2001,BlackRock World Mining Trust Ord,0.93,,,,
03/17/2001,BlackRock World Mining Trust Ord,0.93,,,,
03/18/2001,BlackRock World Mining Trust Ord,0.93,,,,
03/19/2001,BlackRock World Mining Trust Ord,0.9325,,,,
03/20/2001,BlackRock World Mining Trust Ord,0.9275,,,,
03/21/2001,BlackRock World Mining Trust Ord,0.9225,,,,
03/22/2001,BlackRock World Mining Trust Ord,0.9075,,,,
03/23/2001,BlackRock World Mining Trust Ord,0.9025,,,,
03/24/2001,BlackRock World Mining Trust Ord,0.9025,,,,
03/25/2001,BlackRock World Mining Trust Ord,0.9025,,,,
03/26/2001,BlackRock World Mining Trust Ord,0.895,,,,
03/27/2001,BlackRock World Mining Trust Ord,0.8975,,,,
03/28/2001,BlackRock World Mining Trust Ord,0.9075,,,,
03/29/2001,BlackRock World Mining Trust Ord,0.91,,,,
03/30/2001,BlackRock World Mining Trust Ord,0.915,,,,
03/31/2001,BlackRock World Mining Trust Ord,0.915,,,,
04/01/2001,BlackRock World Mining Trust Ord,0.915,,,,
04/02/2001,BlackRock World Mining Trust Ord,0.915,,,,
04/03/2001,BlackRock World Mining Trust Ord,0.91,,,,
04/04/2001,BlackRock World Mining Trust Ord,0.9,,,,
04/05/2001,BlackRock World Mining Trust Ord,0.9025,,,,
04/06/2001,BlackRock World Mining Trust Ord,0.92,,,,
04/07/2001,BlackRock World Mining Trust Ord,0.92,,,,
04/08/2001,BlackRock World Mining Trust Ord,0.92,,,,
04/09/2001,BlackRock World Mining Trust Ord,0.9175,,,,
04/10/2001,BlackRock World Mining Trust Ord,0.9275,,,,
04/11/2001,BlackRock World Mining Trust Ord,0.9575,,,,
04/12/2001,BlackRock World Mining Trust Ord,0.9575,,,,
04/13/2001,BlackRock World Mining Trust Ord,0.9575,,,,
04/14/2001,BlackRock World Mining Trust Ord,0.9575,,,,
04/15/2001,BlackRock World Mining Trust Ord,0.9575,,,,
04/16/2001,BlackRock World Mining Trust Ord,0.9575,,,,
04/17/2001,BlackRock World Mining Trust Ord,0.96,,,,
04/18/2001,BlackRock World Mining Trust Ord,0.9725,,,,
04/19/2001,BlackRock World Mining Trust Ord,0.985,,,,
04/20/2001,BlackRock World Mining Trust Ord,0.99,,,,
04/21/2001,BlackRock World Mining Trust Ord,0.99,,,,
04/22/2001,BlackRock World Mining Trust Ord,0.99,,,,
04/23/2001,BlackRock World Mining Trust Ord,1.0025,,,,
04/24/2001,BlackRock World Mining Trust Ord,1.005,,,,
04/25/2001,BlackRock World Mining Trust Ord,1.0075,,,,
04/26/2001,BlackRock World Mining Trust Ord,1.0175,,,,
04/27/2001,BlackRock World Mining Trust Ord,1.035,,,,
04/28/2001,BlackRock World Mining Trust Ord,1.035,,,,
04/29/2001,BlackRock World Mining Trust Ord,1.035,,,,
04/30/2001,BlackRock World Mining Trust Ord,1.04,,,,
05/01/2001,BlackRock World Mining Trust Ord,1.0625,,,,
05/02/2001,BlackRock World Mining Trust Ord,1.06,,,,
05/03/2001,BlackRock World Mining Trust Ord,1.04,,,,
05/04/2001,BlackRock World Mining Trust Ord,1.0375,,,,
05/05/2001,BlackRock World Mining Trust Ord,1.0375,,,,
05/06/2001,BlackRock World Mining Trust Ord,1.0375,,,,
05/07/2001,BlackRock World Mining Trust Ord,1.0375,,,,
05/08/2001,BlackRock World Mining Trust Ord,1.04,,,,
05/09/2001,BlackRock World Mining Trust Ord,1.045,,,,
05/10/2001,BlackRock World Mining Trust Ord,1.0675,,,,
05/11/2001,BlackRock World Mining Trust Ord,1.0825,,,,
05/12/2001,BlackRock World Mining Trust Ord,1.0825,,,,
05/13/2001,BlackRock World Mining Trust Ord,1.0825,,,,
05/14/2001,BlackRock World Mining Trust Ord,1.0825,,,,
05/15/2001,BlackRock World Mining Trust Ord,1.0875,,,,
05/16/2001,BlackRock World Mining Trust Ord,1.0875,,,,
05/17/2001,BlackRock World Mining Trust Ord,1.1525,,,,
05/18/2001,BlackRock World Mining Trust Ord,1.1425,,,,
05/19/2001,BlackRock World Mining Trust Ord,1.1425,,,,
05/20/2001,BlackRock World Mining Trust Ord,1.1425,,,,
05/21/2001,BlackRock World Mining Trust Ord,1.1525,,,,
05/22/2001,BlackRock World Mining Trust Ord,1.185,,,,
05/23/2001,BlackRock World Mining Trust Ord,1.185,,,,
05/24/2001,BlackRock World Mining Trust Ord,1.1725,,,,
05/25/2001,BlackRock World Mining Trust Ord,1.165,,,,
05/26/2001,BlackRock World Mining Trust Ord,1.165,,,,
05/27/2001,BlackRock World Mining Trust Ord,1.165,,,,
05/28/2001,BlackRock World Mining Trust Ord,1.165,,,,
05/29/2001,BlackRock World Mining Trust Ord,1.1625,,,,
05/30/2001,BlackRock World Mining Trust Ord,1.13,,,,
05/31/2001,BlackRock World Mining Trust Ord,1.12,,,,
06/01/2001,BlackRock World Mining Trust Ord,1.1025,,,,
06/02/2001,BlackRock World Mining Trust Ord,1.1025,,,,
06/03/2001,BlackRock World Mining Trust Ord,1.1025,,,,
06/04/2001,BlackRock World Mining Trust Ord,1.1,,,,
06/05/2001,BlackRock World Mining Trust Ord,1.1,,,,
06/06/2001,BlackRock World Mining Trust Ord,1.1125,,,,
06/07/2001,BlackRock World Mining Trust Ord,1.135,,,,
06/08/2001,BlackRock World Mining Trust Ord,1.1475,,,,
06/09/2001,BlackRock World Mining Trust Ord,1.1475,,,,
06/10/2001,BlackRock World Mining Trust Ord,1.1475,,,,
06/11/2001,BlackRock World Mining Trust Ord,1.1475,,,,
06/12/2001,BlackRock World Mining Trust Ord,1.145,,,,
06/13/2001,BlackRock World Mining Trust Ord,1.1475,,,,
06/14/2001,BlackRock World Mining Trust Ord,1.1375,,,,
06/15/2001,BlackRock World Mining Trust Ord,1.12,,,,
06/16/2001,BlackRock World Mining Trust Ord,1.12,,,,
06/17/2001,BlackRock World Mining Trust Ord,1.12,,,,
06/18/2001,BlackRock World Mining Trust Ord,1.11,,,,
06/19/2001,BlackRock World Mining Trust Ord,1.1125,,,,
06/20/2001,BlackRock World Mining Trust Ord,1.0975,,,,
06/21/2001,BlackRock World Mining Trust Ord,1.0825,,,,
06/22/2001,BlackRock World Mining Trust Ord,1.0725,,,,
06/23/2001,BlackRock World Mining Trust Ord,1.0725,,,,
06/24/2001,BlackRock World Mining Trust Ord,1.0725,,,,
06/25/2001,BlackRock World Mining Trust Ord,1.0675,,,,
06/26/2001,BlackRock World Mining Trust Ord,1.0525,,,,
06/27/2001,BlackRock World Mining Trust Ord,1.0525,,,,
06/28/2001,BlackRock World Mining Trust Ord,1.0525,,,,
06/29/2001,BlackRock World Mining Trust Ord,1.0575,,,,
06/30/2001,BlackRock World Mining Trust Ord,1.0575,,,,
07/01/2001,BlackRock World Mining Trust Ord,1.0575,,,,
07/02/2001,BlackRock World Mining Trust Ord,1.0575,,,,
07/03/2001,BlackRock World Mining Trust Ord,1.06,,,,
07/04/2001,BlackRock World Mining Trust Ord,1.06,,,,
07/05/2001,BlackRock World Mining Trust Ord,1.055,,,,
07/06/2001,BlackRock World Mining Trust Ord,1.0525,,,,
07/07/2001,BlackRock World Mining Trust Ord,1.0525,,,,
07/08/2001,BlackRock World Mining Trust Ord,1.0525,,,,
07/09/2001,BlackRock World Mining Trust Ord,1.05,,,,
07/10/2001,BlackRock World Mining Trust Ord,1.0425,,,,
07/11/2001,BlackRock World Mining Trust Ord,1.0325,,,,
07/12/2001,BlackRock World Mining Trust Ord,1.0325,,,,
07/13/2001,BlackRock World Mining Trust Ord,1.0325,,,,
07/14/2001,BlackRock World Mining Trust Ord,1.0325,,,,
07/15/2001,BlackRock World Mining Trust Ord,1.0325,,,,
07/16/2001,BlackRock World Mining Trust Ord,1.0375,,,,
07/17/2001,BlackRock World Mining Trust Ord,1.0425,,,,
07/18/2001,BlackRock World Mining Trust Ord,1.0425,,,,
07/19/2001,BlackRock World Mining Trust Ord,1.03,,,,
07/20/2001,BlackRock World Mining Trust Ord,1.025,,,,
07/21/2001,BlackRock World Mining Trust Ord,1.025,,,,
07/22/2001,BlackRock World Mining Trust Ord,1.025,,,,
07/23/2001,BlackRock World Mining Trust Ord,1.0075,,,,
07/24/2001,BlackRock World Mining Trust Ord,0.985,,,,
07/25/2001,BlackRock World Mining Trust Ord,0.97,,,,
07/26/2001,BlackRock World Mining Trust Ord,0.9575,,,,
07/27/2001,BlackRock World Mining Trust Ord,0.96,,,,
07/28/2001,BlackRock World Mining Trust Ord,0.96,,,,
07/29/2001,BlackRock World Mining Trust Ord,0.96,,,,
07/30/2001,BlackRock World Mining Trust Ord,0.9625,,,,
07/31/2001,BlackRock World Mining Trust Ord,0.9625,,,,
08/01/2001,BlackRock World Mining Trust Ord,0.9625,,,,
08/02/2001,BlackRock World Mining Trust Ord,0.9725,,,,
08/03/2001,BlackRock World Mining Trust Ord,0.9725,,,,
08/04/2001,BlackRock World Mining Trust Ord,0.9725,,,,
08/05/2001,BlackRock World Mining Trust Ord,0.9725,,,,
08/06/2001,BlackRock World Mining Trust Ord,0.9725,,,,
08/07/2001,BlackRock World Mining Trust Ord,0.97,,,,
08/08/2001,BlackRock World Mining Trust Ord,0.9675,,,,
08/09/2001,BlackRock World Mining Trust Ord,0.94,,,,
08/10/2001,BlackRock World Mining Trust Ord,0.925,,,,
08/11/2001,BlackRock World Mining Trust Ord,0.925,,,,
08/12/2001,BlackRock World Mining Trust Ord,0.925,,,,
08/13/2001,BlackRock World Mining Trust Ord,0.9275,,,,
08/14/2001,BlackRock World Mining Trust Ord,0.9275,,,,
08/15/2001,BlackRock World Mining Trust Ord,0.9275,,,,
08/16/2001,BlackRock World Mining Trust Ord,0.9275,,,,
08/17/2001,BlackRock World Mining Trust Ord,0.9275,,,,
08/18/2001,BlackRock World Mining Trust Ord,0.9275,,,,
08/19/2001,BlackRock World Mining Trust Ord,0.9275,,,,
08/20/2001,BlackRock World Mining Trust Ord,0.9275,,,,
08/21/2001,BlackRock World Mining Trust Ord,0.9325,,,,
08/22/2001,BlackRock World Mining Trust Ord,0.9375,,,,
08/23/2001,BlackRock World Mining Trust Ord,0.945,,,,
08/24/2001,BlackRock World Mining Trust Ord,0.9625,,,,
08/25/2001,BlackRock World Mining Trust Ord,0.9625,,,,
08/26/2001,BlackRock World Mining Trust Ord,0.9625,,,,
08/27/2001,BlackRock World Mining Trust Ord,0.9625,,,,
08/28/2001,BlackRock World Mining Trust Ord,0.9625,,,,
08/29/2001,BlackRock World Mining Trust Ord,0.96,,,,
08/30/2001,BlackRock World Mining Trust Ord,0.9625,,,,
08/31/2001,BlackRock World Mining Trust Ord,0.9625,,,,
09/01/2001,BlackRock World Mining Trust Ord,0.9625,,,,
09/02/2001,BlackRock World Mining Trust Ord,0.9625,,,,
09/03/2001,BlackRock World Mining Trust Ord,0.9625,,,,
09/04/2001,BlackRock World Mining Trust Ord,0.9625,,,,
09/05/2001,BlackRock World Mining Trust Ord,0.965,,,,
09/06/2001,BlackRock World Mining Trust Ord,0.9625,,,,
09/07/2001,BlackRock World Mining Trust Ord,0.935,,,,
09/08/2001,BlackRock World Mining Trust Ord,0.935,,,,
09/09/2001,BlackRock World Mining Trust Ord,0.935,,,,
09/10/2001,BlackRock World Mining Trust Ord,0.92,,,,
09/11/2001,BlackRock World Mining Trust Ord,0.93,,,,
09/12/2001,BlackRock World Mining Trust Ord,0.94,,,,
09/13/2001,BlackRock World Mining Trust Ord,0.94,,,,
09/14/2001,BlackRock World Mining Trust Ord,0.9325,,,,
09/15/2001,BlackRock World Mining Trust Ord,0.9325,,,,
09/16/2001,BlackRock World Mining Trust Ord,0.9325,,,,
09/17/2001,BlackRock World Mining Trust Ord,0.925,,,,
09/18/2001,BlackRock World Mining Trust Ord,0.92,,,,
09/19/2001,BlackRock World Mining Trust Ord,0.9025,,,,
09/20/2001,BlackRock World Mining Trust Ord,0.855,,,,
09/21/2001,BlackRock World Mining Trust Ord,0.825,,,,
09/22/2001,BlackRock World Mining Trust Ord,0.825,,,,
09/23/2001,BlackRock World Mining Trust Ord,0.825,,,,
09/24/2001,BlackRock World Mining Trust Ord,0.8275,,,,
09/25/2001,BlackRock World Mining Trust Ord,0.8075,,,,
09/26/2001,BlackRock World Mining Trust Ord,0.8225,,,,
09/27/2001,BlackRock World Mining Trust Ord,0.82,,,,
09/28/2001,BlackRock World Mining Trust Ord,0.835,,,,
09/29/2001,BlackRock World Mining Trust Ord,0.835,,,,
09/30/2001,BlackRock World Mining Trust Ord,0.835,,,,
10/01/2001,BlackRock World Mining Trust Ord,0.84,,,,
10/02/2001,BlackRock World Mining Trust Ord,0.8425,,,,
10/03/2001,BlackRock World Mining Trust Ord,0.8475,,,,
10/04/2001,BlackRock World Mining Trust Ord,0.8625,,,,
10/05/2001,BlackRock World Mining Trust Ord,0.8525,,,,
10/06/2001,BlackRock World Mining Trust Ord,0.8525,,,,
10/07/2001,BlackRock World Mining Trust Ord,0.8525,,,,
10/08/2001,BlackRock World Mining Trust Ord,0.8475,,,,
10/09/2001,BlackRock World Mining Trust Ord,0.8425,,,,
10/10/2001,BlackRock World Mining Trust Ord,0.8575,,,,
10/11/2001,BlackRock World Mining Trust Ord,0.8725,,,,
10/12/2001,BlackRock World Mining Trust Ord,0.8625,,,,
10/13/2001,BlackRock World Mining Trust Ord,0.8625,,,,
10/14/2001,BlackRock World Mining Trust Ord,0.8625,,,,
10/15/2001,BlackRock World Mining Trust Ord,0.8575,,,,
10/16/2001,BlackRock World Mining Trust Ord,0.8725,,,,
10/17/2001,BlackRock World Mining Trust Ord,0.885,,,,
10/18/2001,BlackRock World Mining Trust Ord,0.88,,,,
10/19/2001,BlackRock World Mining Trust Ord,0.8675,,,,
10/20/2001,BlackRock World Mining Trust Ord,0.8675,,,,
10/21/2001,BlackRock World Mining Trust Ord,0.8675,,,,
10/22/2001,BlackRock World Mining Trust Ord,0.8675,,,,
10/23/2001,BlackRock World Mining Trust Ord,0.875,,,,
10/24/2001,BlackRock World Mining Trust Ord,0.87,,,,
10/25/2001,BlackRock World Mining Trust Ord,0.875,,,,
10/26/2001,BlackRock World Mining Trust Ord,0.88,,,,
10/27/2001,BlackRock World Mining Trust Ord,0.88,,,,
10/28/2001,BlackRock World Mining Trust Ord,0.88,,,,
10/29/2001,BlackRock World Mining Trust Ord,0.88,,,,
10/30/2001,BlackRock World Mining Trust Ord,0.875,,,,
10/31/2001,BlackRock World Mining Trust Ord,0.8775,,,,
11/01/2001,BlackRock World Mining Trust Ord,0.875,,,,
11/02/2001,BlackRock World Mining Trust Ord,0.875,,,,
11/03/2001,BlackRock World Mining Trust Ord,0.875,,,,
11/04/2001,BlackRock World Mining Trust Ord,0.875,,,,
11/05/2001,BlackRock World Mining Trust Ord,0.8775,,,,
11/06/2001,BlackRock World Mining Trust Ord,0.885,,,,
11/07/2001,BlackRock World Mining Trust Ord,0.8825,,,,
11/08/2001,BlackRock World Mining Trust Ord,0.885,,,,
11/09/2001,BlackRock World Mining Trust Ord,0.8825,,,,
11/10/2001,BlackRock World Mining Trust Ord,0.8825,,,,
11/11/2001,BlackRock World Mining Trust Ord,0.8825,,,,
11/12/2001,BlackRock World Mining Trust Ord,0.8875,,,,
11/13/2001,BlackRock World Mining Trust Ord,0.895,,,,
11/14/2001,BlackRock World Mining Trust Ord,0.9125,,,,
11/15/2001,BlackRock World Mining Trust Ord,0.94,,,,
11/16/2001,BlackRock World Mining Trust Ord,0.945,,,,
11/17/2001,BlackRock World Mining Trust Ord,0.945,,,,
11/18/2001,BlackRock World Mining Trust Ord,0.945,,,,
11/19/2001,BlackRock World Mining Trust Ord,0.95,,,,
11/20/2001,BlackRock World Mining Trust Ord,0.95,,,,
11/21/2001,BlackRock World Mining Trust Ord,0.9475,,,,
11/22/2001,BlackRock World Mining Trust Ord,0.9475,,,,
11/23/2001,BlackRock World Mining Trust Ord,0.9375,,,,
11/24/2001,BlackRock World Mining Trust Ord,0.9375,,,,
11/25/2001,BlackRock World Mining Trust Ord,0.9375,,,,
11/26/2001,BlackRock World Mining Trust Ord,0.9375,,,,
11/27/2001,BlackRock World Mining Trust Ord,0.9575,,,,
11/28/2001,BlackRock World Mining Trust Ord,0.9475,,,,
11/29/2001,BlackRock World Mining Trust Ord,0.9425,,,,
11/30/2001,BlackRock World Mining Trust Ord,0.9425,,,,
12/01/2001,BlackRock World Mining Trust Ord,0.9425,,,,
12/02/2001,BlackRock World Mining Trust Ord,0.9425,,,,
12/03/2001,BlackRock World Mining Trust Ord,0.9375,,,,
12/04/2001,BlackRock World Mining Trust Ord,0.9525,,,,
12/05/2001,BlackRock World Mining Trust Ord,0.975,,,,
12/06/2001,BlackRock World Mining Trust Ord,0.9825,,,,
12/07/2001,BlackRock World Mining Trust Ord,0.9825,,,,
12/08/2001,BlackRock World Mining Trust Ord,0.9825,,,,
12/09/2001,BlackRock World Mining Trust Ord,0.9825,,,,
12/10/2001,BlackRock World Mining Trust Ord,0.975,,,,
12/11/2001,BlackRock World Mining Trust Ord,0.9625,,,,
12/12/2001,BlackRock World Mining Trust Ord,0.9575,,,,
12/13/2001,BlackRock World Mining Trust Ord,0.955,,,,
12/14/2001,BlackRock World Mining Trust Ord,0.9475,,,,
12/15/2001,BlackRock World Mining Trust Ord,0.9475,,,,
12/16/2001,BlackRock World Mining Trust Ord,0.9475,,,,
12/17/2001,BlackRock World Mining Trust Ord,0.9475,,,,
12/18/2001,BlackRock World Mining Trust Ord,0.9475,,,,
12/19/2001,BlackRock World Mining Trust Ord,0.9475,,,,
12/20/2001,BlackRock World Mining Trust Ord,0.9475,,,,
12/21/2001,BlackRock World Mining Trust Ord,0.945,,,,
12/22/2001,BlackRock World Mining Trust Ord,0.945,,,,
12/23/2001,BlackRock World Mining Trust Ord,0.945,,,,
12/24/2001,BlackRock World Mining Trust Ord,0.945,,,,
12/25/2001,BlackRock World Mining Trust Ord,0.945,,,,
12/26/2001,BlackRock World Mining Trust Ord,0.945,,,,
12/27/2001,BlackRock World Mining Trust Ord,0.9575,,,,
12/28/2001,BlackRock World Mining Trust Ord,0.965,,,,
12/29/2001,BlackRock World Mining Trust Ord,0.965,,,,
12/30/2001,BlackRock World Mining Trust Ord,0.965,,,,
12/31/2001,BlackRock World Mining Trust Ord,0.965,,,,
01/01/2002,BlackRock World Mining Trust Ord,0.965,,,,
01/02/2002,BlackRock World Mining Trust Ord,0.9625,,,,
01/03/2002,BlackRock World Mining Trust Ord,0.9725,,,,
01/04/2002,BlackRock World Mining Trust Ord,1.0125,,,,
01/05/2002,BlackRock World Mining Trust Ord,1.0125,,,,
01/06/2002,BlackRock World Mining Trust Ord,1.0125,,,,
01/07/2002,BlackRock World Mining Trust Ord,1.0175,,,,
01/08/2002,BlackRock World Mining Trust Ord,1.02,,,,
01/09/2002,BlackRock World Mining Trust Ord,1.0225,,,,
01/10/2002,BlackRock World Mining Trust Ord,1.0325,,,,
01/11/2002,BlackRock World Mining Trust Ord,1.04,,,,
01/12/2002,BlackRock World Mining Trust Ord,1.04,,,,
01/13/2002,BlackRock World Mining Trust Ord,1.04,,,,
01/14/2002,BlackRock World Mining Trust Ord,1.0425,,,,
01/15/2002,BlackRock World Mining Trust Ord,1.0425,,,,
01/16/2002,BlackRock World Mining Trust Ord,1.0425,,,,
01/17/2002,BlackRock World Mining Trust Ord,1.05,,,,
01/18/2002,BlackRock World Mining Trust Ord,1.06,,,,
01/19/2002,BlackRock World Mining Trust Ord,1.06,,,,
01/20/2002,BlackRock World Mining Trust Ord,1.06,,,,
01/21/2002,BlackRock World Mining Trust Ord,1.0675,,,,
01/22/2002,BlackRock World Mining Trust Ord,1.085,,,,
01/23/2002,BlackRock World Mining Trust Ord,1.0825,,,,
01/24/2002,BlackRock World Mining Trust Ord,1.0825,,,,
01/25/2002,BlackRock World Mining Trust Ord,1.0775,,,,
01/26/2002,BlackRock World Mining Trust Ord,1.0775,,,,
01/27/2002,BlackRock World Mining Trust Ord,1.0775,,,,
01/28/2002,BlackRock World Mining Trust Ord,1.085,,,,
01/29/2002,BlackRock World Mining Trust Ord,1.09,,,,
01/30/2002,BlackRock World Mining Trust Ord,1.09,,,,
01/31/2002,BlackRock World Mining Trust Ord,1.1,,,,
02/01/2002,BlackRock World Mining Trust Ord,1.1025,,,,
02/02/2002,BlackRock World Mining Trust Ord,1.1025,,,,
02/03/2002,BlackRock World Mining Trust Ord,1.1025,,,,
02/04/2002,BlackRock World Mining Trust Ord,1.1275,,,,
02/05/2002,BlackRock World Mining Trust Ord,1.1475,,,,
02/06/2002,BlackRock World Mining Trust Ord,1.1975,,,,
02/07/2002,BlackRock World Mining Trust Ord,1.185,,,,
02/08/2002,BlackRock World Mining Trust Ord,1.205,,,,
02/09/2002,BlackRock World Mining Trust Ord,1.205,,,,
02/10/2002,BlackRock World Mining Trust Ord,1.205,,,,
02/11/2002,BlackRock World Mining Trust Ord,1.205,,,,
02/12/2002,BlackRock World Mining Trust Ord,1.195,,,,
02/13/2002,BlackRock World Mining Trust Ord,1.1675,,,,
02/14/2002,BlackRock World Mining Trust Ord,1.1775,,,,
02/15/2002,BlackRock World Mining Trust Ord,1.185,,,,
02/16/2002,BlackRock World Mining Trust Ord,1.185,,,,
02/17/2002,BlackRock World Mining Trust Ord,1.185,,,,
02/18/2002,BlackRock World Mining Trust Ord,1.185,,,,
02/19/2002,BlackRock World Mining Trust Ord,1.18,,,,
02/20/2002,BlackRock World Mining Trust Ord,1.155,,,,
02/21/2002,BlackRock World Mining Trust Ord,1.145,,,,
02/22/2002,BlackRock World Mining Trust Ord,1.135,,,,
02/23/2002,BlackRock World Mining Trust Ord,1.135,,,,
02/24/2002,BlackRock World Mining Trust Ord,1.135,,,,
02/25/2002,BlackRock World Mining Trust Ord,1.155,,,,
02/26/2002,BlackRock World Mining Trust Ord,1.1925,,,,
02/27/2002,BlackRock World Mining Trust Ord,1.1975,,,,
02/28/2002,BlackRock World Mining Trust Ord,1.1925,,,,
03/01/2002,BlackRock World Mining Trust Ord,1.1975,,,,
03/02/2002,BlackRock World Mining Trust Ord,1.1975,,,,
03/03/2002,BlackRock World Mining Trust Ord,1.1975,,,,
03/04/2002,BlackRock World Mining Trust Ord,1.2075,,,,
03/05/2002,BlackRock World Mining Trust Ord,1.2075,,,,
03/06/2002,BlackRock World Mining Trust Ord,1.2375,,,,
03/07/2002,BlackRock World Mining Trust Ord,1.2425,,,,
03/08/2002,BlackRock World Mining Trust Ord,1.235,,,,
03/09/2002,BlackRock World Mining Trust Ord,1.235,,,,
03/10/2002,BlackRock World Mining Trust Ord,1.235,,,,
03/11/2002,BlackRock World Mining Trust Ord,1.215,,,,
03/12/2002,BlackRock World Mining Trust Ord,1.21,,,,
03/13/2002,BlackRock World Mining Trust Ord,1.2175,,,,
03/14/2002,BlackRock World Mining Trust Ord,1.2175,,,,
03/15/2002,BlackRock World Mining Trust Ord,1.2125,,,,
03/16/2002,BlackRock World Mining Trust Ord,1.2125,,,,
03/17/2002,BlackRock World Mining Trust Ord,1.2125,,,,
03/18/2002,BlackRock World Mining Trust Ord,1.2125,,,,
03/19/2002,BlackRock World Mining Trust Ord,1.225,,,,
03/20/2002,BlackRock World Mining Trust Ord,1.23,,,,
03/21/2002,BlackRock World Mining Trust Ord,1.2325,,,,
03/22/2002,BlackRock World Mining Trust Ord,1.23,,,,
03/23/2002,BlackRock World Mining Trust Ord,1.23,,,,
03/24/2002,BlackRock World Mining Trust Ord,1.23,,,,
03/25/2002,BlackRock World Mining Trust Ord,1.2375,,,,
03/26/2002,BlackRock World Mining Trust Ord,1.25,,,,
03/27/2002,BlackRock World Mining Trust Ord,1.2525,,,,
03/28/2002,BlackRock World Mining Trust Ord,1.2975,,,,
03/29/2002,BlackRock World Mining Trust Ord,1.2975,,,,
03/30/2002,BlackRock World Mining Trust Ord,1.2975,,,,
03/31/2002,BlackRock World Mining Trust Ord,1.2975,,,,
04/01/2002,BlackRock World Mining Trust Ord,1.2975,,,,
04/02/2002,BlackRock World Mining Trust Ord,1.2375,,,,
04/03/2002,BlackRock World Mining Trust Ord,1.3425,,,,
04/04/2002,BlackRock World Mining Trust Ord,1.31,,,,
04/05/2002,BlackRock World Mining Trust Ord,1.315,,,,
04/06/2002,BlackRock World Mining Trust Ord,1.315,,,,
04/07/2002,BlackRock World Mining Trust Ord,1.315,,,,
04/08/2002,BlackRock World Mining Trust Ord,1.2875,,,,
04/09/2002,BlackRock World Mining Trust Ord,1.2925,,,,
04/10/2002,BlackRock World Mining Trust Ord,1.29,,,,
04/11/2002,BlackRock World Mining Trust Ord,1.315,,,,
04/12/2002,BlackRock World Mining Trust Ord,1.315,,,,
04/13/2002,BlackRock World Mining Trust Ord,1.315,,,,
04/14/2002,BlackRock World Mining Trust Ord,1.315,,,,
04/15/2002,BlackRock World Mining Trust Ord,1.315,,,,
04/16/2002,BlackRock World Mining Trust Ord,1.3225,,,,
04/17/2002,BlackRock World Mining Trust Ord,1.33,,,,
04/18/2002,BlackRock World Mining Trust Ord,1.355,,,,
04/19/2002,BlackRock World Mining Trust Ord,1.3675,,,,
04/20/2002,BlackRock World Mining Trust Ord,1.3675,,,,
04/21/2002,BlackRock World Mining Trust Ord,1.3675,,,,
04/22/2002,BlackRock World Mining Trust Ord,1.37,,,,
04/23/2002,BlackRock World Mining Trust Ord,1.3725,,,,
04/24/2002,BlackRock World Mining Trust Ord,1.355,,,,
04/25/2002,BlackRock World Mining Trust Ord,1.3525,,,,
04/26/2002,BlackRock World Mining Trust Ord,1.355,,,,
04/27/2002,BlackRock World Mining Trust Ord,1.355,,,,
04/28/2002,BlackRock World Mining Trust Ord,1.355,,,,
04/29/2002,BlackRock World Mining Trust Ord,1.37,,,,
04/30/2002,BlackRock World Mining Trust Ord,1.385,,,,
05/01/2002,BlackRock World Mining Trust Ord,1.3725,,,,
05/02/2002,BlackRock World Mining Trust Ord,1.3675,,,,
05/03/2002,BlackRock World Mining Trust Ord,1.3525,,,,
05/04/2002,BlackRock World Mining Trust Ord,1.3525,,,,
05/05/2002,BlackRock World Mining Trust Ord,1.3525,,,,
05/06/2002,BlackRock World Mining Trust Ord,1.3525,,,,
05/07/2002,BlackRock World Mining Trust Ord,1.355,,,,
05/08/2002,BlackRock World Mining Trust Ord,1.3675,,,,
05/09/2002,BlackRock World Mining Trust Ord,1.3725,,,,
05/10/2002,BlackRock World Mining Trust Ord,1.375,,,,
05/11/2002,BlackRock World Mining Trust Ord,1.375,,,,
05/12/2002,BlackRock World Mining Trust Ord,1.375,,,,
05/13/2002,BlackRock World Mining Trust Ord,1.375,,,,
05/14/2002,BlackRock World Mining Trust Ord,1.405,,,,
05/15/2002,BlackRock World Mining Trust Ord,1.405,,,,
05/16/2002,BlackRock World Mining Trust Ord,1.4125,,,,
05/17/2002,BlackRock World Mining Trust Ord,1.425,,,,
05/18/2002,BlackRock World Mining Trust Ord,1.425,,,,
05/19/2002,BlackRock World Mining Trust Ord,1.425,,,,
05/20/2002,BlackRock World Mining Trust Ord,1.445,,,,
05/21/2002,BlackRock World Mining Trust Ord,1.4725,,,,
05/22/2002,BlackRock World Mining Trust Ord,1.5625,,,,
05/23/2002,BlackRock World Mining Trust Ord,1.5575,,,,
05/24/2002,BlackRock World Mining Trust Ord,1.57,,,,
05/25/2002,BlackRock World Mining Trust Ord,1.57,,,,
05/26/2002,BlackRock World Mining Trust Ord,1.57,,,,
05/27/2002,BlackRock World Mining Trust Ord,1.53,,,,
05/28/2002,BlackRock World Mining Trust Ord,1.525,,,,
05/29/2002,BlackRock World Mining Trust Ord,1.5425,,,,
05/30/2002,BlackRock World Mining Trust Ord,1.55,,,,
05/31/2002,BlackRock World Mining Trust Ord,1.54,,,,
06/01/2002,BlackRock World Mining Trust Ord,1.54,,,,
06/02/2002,BlackRock World Mining Trust Ord,1.54,,,,
06/03/2002,BlackRock World Mining Trust Ord,1.54,,,,
06/04/2002,BlackRock World Mining Trust Ord,1.54,,,,
06/05/2002,BlackRock World Mining Trust Ord,1.5,,,,
06/06/2002,BlackRock World Mining Trust Ord,1.4625,,,,
06/07/2002,BlackRock World Mining Trust Ord,1.4775,,,,
06/08/2002,BlackRock World Mining Trust Ord,1.4775,,,,
06/09/2002,BlackRock World Mining Trust Ord,1.4775,,,,
06/10/2002,BlackRock World Mining Trust Ord,1.4125,,,,
06/11/2002,BlackRock World Mining Trust Ord,1.365,,,,
06/12/2002,BlackRock World Mining Trust Ord,1.3875,,,,
06/13/2002,BlackRock World Mining Trust Ord,1.365,,,,
06/14/2002,BlackRock World Mining Trust Ord,1.3625,,,,
06/15/2002,BlackRock World Mining Trust Ord,1.3625,,,,
06/16/2002,BlackRock World Mining Trust Ord,1.3625,,,,
06/17/2002,BlackRock World Mining Trust Ord,1.3625,,,,
06/18/2002,BlackRock World Mining Trust Ord,1.38,,,,
06/19/2002,BlackRock World Mining Trust Ord,1.385,,,,
06/20/2002,BlackRock World Mining Trust Ord,1.385,,,,
06/21/2002,BlackRock World Mining Trust Ord,1.385,,,,
06/22/2002,BlackRock World Mining Trust Ord,1.385,,,,
06/23/2002,BlackRock World Mining Trust Ord,1.385,,,,
06/24/2002,BlackRock World Mining Trust Ord,1.3975,,,,
06/25/2002,BlackRock World Mining Trust Ord,1.4,,,,
06/26/2002,BlackRock World Mining Trust Ord,1.355,,,,
06/27/2002,BlackRock World Mining Trust Ord,1.31,,,,
06/28/2002,BlackRock World Mining Trust Ord,1.315,,,,
06/29/2002,BlackRock World Mining Trust Ord,1.315,,,,
06/30/2002,BlackRock World Mining Trust Ord,1.315,,,,
07/01/2002,BlackRock World Mining Trust Ord,1.2675,,,,
07/02/2002,BlackRock World Mining Trust Ord,1.305,,,,
07/03/2002,BlackRock World Mining Trust Ord,1.295,,,,
07/04/2002,BlackRock World Mining Trust Ord,1.29,,,,
07/05/2002,BlackRock World Mining Trust Ord,1.29,,,,
07/06/2002,BlackRock World Mining Trust Ord,1.29,,,,
07/07/2002,BlackRock World Mining Trust Ord,1.29,,,,
07/08/2002,BlackRock World Mining Trust Ord,1.285,,,,
07/09/2002,BlackRock World Mining Trust Ord,1.29,,,,
07/10/2002,BlackRock World Mining Trust Ord,1.32,,,,
07/11/2002,BlackRock World Mining Trust Ord,1.3125,,,,
07/12/2002,BlackRock World Mining Trust Ord,1.3075,,,,
07/13/2002,BlackRock World Mining Trust Ord,1.3075,,,,
07/14/2002,BlackRock World Mining Trust Ord,1.3075,,,,
07/15/2002,BlackRock World Mining Trust Ord,1.2975,,,,
07/16/2002,BlackRock World Mining Trust Ord,1.2725,,,,
07/17/2002,BlackRock World Mining Trust Ord,1.27,,,,
07/18/2002,BlackRock World Mining Trust Ord,1.2125,,,,
07/19/2002,BlackRock World Mining Trust Ord,1.235,,,,
07/20/2002,BlackRock World Mining Trust Ord,1.235,,,,
07/21/2002,BlackRock World Mining Trust Ord,1.235,,,,
07/22/2002,BlackRock World Mining Trust Ord,1.2325,,,,
07/23/2002,BlackRock World Mining Trust Ord,1.2175,,,,
07/24/2002,BlackRock World Mining Trust Ord,1.125,,,,
07/25/2002,BlackRock World Mining Trust Ord,1.0975,,,,
07/26/2002,BlackRock World Mining Trust Ord,1.0575,,,,
07/27/2002,BlackRock World Mining Trust Ord,1.0575,,,,
07/28/2002,BlackRock World Mining Trust Ord,1.0575,,,,
07/29/2002,BlackRock World Mining Trust Ord,1.0425,,,,
07/30/2002,BlackRock World Mining Trust Ord,1.0575,,,,
07/31/2002,BlackRock World Mining Trust Ord,1.0775,,,,
08/01/2002,BlackRock World Mining Trust Ord,1.035,,,,
08/02/2002,BlackRock World Mining Trust Ord,1.035,,,,
08/03/2002,BlackRock World Mining Trust Ord,1.035,,,,
08/04/2002,BlackRock World Mining Trust Ord,1.035,,,,
08/05/2002,BlackRock World Mining Trust Ord,1.02,,,,
08/06/2002,BlackRock World Mining Trust Ord,1.0075,,,,
08/07/2002,BlackRock World Mining Trust Ord,1.0225,,,,
08/08/2002,BlackRock World Mining Trust Ord,1.0675,,,,
08/09/2002,BlackRock World Mining Trust Ord,1.0625,,,,
08/10/2002,BlackRock World Mining Trust Ord,1.0625,,,,
08/11/2002,BlackRock World Mining Trust Ord,1.0625,,,,
08/12/2002,BlackRock World Mining Trust Ord,1.0825,,,,
08/13/2002,BlackRock World Mining Trust Ord,1.0725,,,,
08/14/2002,BlackRock World Mining Trust Ord,1.055,,,,
08/15/2002,BlackRock World Mining Trust Ord,1.06,,,,
08/16/2002,BlackRock World Mining Trust Ord,1.06,,,,
08/17/2002,BlackRock World Mining Trust Ord,1.06,,,,
08/18/2002,BlackRock World Mining Trust Ord,1.06,,,,
08/19/2002,BlackRock World Mining Trust Ord,1.07,,,,
08/20/2002,BlackRock World Mining Trust Ord,1.065,,,,
08/21/2002,BlackRock World Mining Trust Ord,1.0675,,,,
08/22/2002,BlackRock World Mining Trust Ord,1.075,,,,
08/23/2002,BlackRock World Mining Trust Ord,1.1125,,,,
08/24/2002,BlackRock World Mining Trust Ord,1.1125,,,,
08/25/2002,BlackRock World Mining Trust Ord,1.1125,,,,
08/26/2002,BlackRock World Mining Trust Ord,1.1125,,,,
08/27/2002,BlackRock World Mining Trust Ord,1.1175,,,,
08/28/2002,BlackRock World Mining Trust Ord,1.15,,,,
08/29/2002,BlackRock World Mining Trust Ord,1.15,,,,
08/30/2002,BlackRock World Mining Trust Ord,1.1325,,,,
08/31/2002,BlackRock World Mining Trust Ord,1.1325,,,,
09/01/2002,BlackRock World Mining Trust Ord,1.1325,,,,
09/02/2002,BlackRock World Mining Trust Ord,1.1275,,,,
09/03/2002,BlackRock World Mining Trust Ord,1.13,,,,
09/04/2002,BlackRock World Mining Trust Ord,1.1275,,,,
09/05/2002,BlackRock World Mining Trust Ord,1.14,,,,
09/06/2002,BlackRock World Mining Trust Ord,1.1425,,,,
09/07/2002,BlackRock World Mining Trust Ord,1.1425,,,,
09/08/2002,BlackRock World Mining Trust Ord,1.1425,,,,
09/09/2002,BlackRock World Mining Trust Ord,1.1425,,,,
09/10/2002,BlackRock World Mining Trust Ord,1.2,,,,
09/11/2002,BlackRock World Mining Trust Ord,1.1675,,,,
09/12/2002,BlackRock World Mining Trust Ord,1.195,,,,
09/13/2002,BlackRock World Mining Trust Ord,1.2025,,,,
09/14/2002,BlackRock World Mining Trust Ord,1.2025,,,,
09/15/2002,BlackRock World Mining Trust Ord,1.2025,,,,
09/16/2002,BlackRock World Mining Trust Ord,1.2,,,,
09/17/2002,BlackRock World Mining Trust Ord,1.1825,,,,
09/18/2002,BlackRock World Mining Trust Ord,1.1775,,,,
09/19/2002,BlackRock World Mining Trust Ord,1.1725,,,,
09/20/2002,BlackRock World Mining Trust Ord,1.17,,,,
09/21/2002,BlackRock World Mining Trust Ord,1.17,,,,
09/22/2002,BlackRock World Mining Trust Ord,1.17,,,,
09/23/2002,BlackRock World Mining Trust Ord,1.17,,,,
09/24/2002,BlackRock World Mining Trust Ord,1.145,,,,
09/25/2002,BlackRock World Mining Trust Ord,1.1325,,,,
09/26/2002,BlackRock World Mining Trust Ord,1.11,,,,
09/27/2002,BlackRock World Mining Trust Ord,1.11,,,,
09/28/2002,BlackRock World Mining Trust Ord,1.11,,,,
09/29/2002,BlackRock World Mining Trust Ord,1.11,,,,
09/30/2002,BlackRock World Mining Trust Ord,1.1,,,,
10/01/2002,BlackRock World Mining Trust Ord,1.095,,,,
10/02/2002,BlackRock World Mining Trust Ord,1.0975,,,,
10/03/2002,BlackRock World Mining Trust Ord,1.0925,,,,
10/04/2002,BlackRock World Mining Trust Ord,1.08,,,,
10/05/2002,BlackRock World Mining Trust Ord,1.08,,,,
10/06/2002,BlackRock World Mining Trust Ord,1.08,,,,
10/07/2002,BlackRock World Mining Trust Ord,1.0725,,,,
10/08/2002,BlackRock World Mining Trust Ord,1.0625,,,,
10/09/2002,BlackRock World Mining Trust Ord,1.045,,,,
10/10/2002,BlackRock World Mining Trust Ord,1.035,,,,
10/11/2002,BlackRock World Mining Trust Ord,1.015,,,,
10/12/2002,BlackRock World Mining Trust Ord,1.015,,,,
10/13/2002,BlackRock World Mining Trust Ord,1.015,,,,
10/14/2002,BlackRock World Mining Trust Ord,1.0175,,,,
10/15/2002,BlackRock World Mining Trust Ord,1.0325,,,,
10/16/2002,BlackRock World Mining Trust Ord,1.045,,,,
10/17/2002,BlackRock World Mining Trust Ord,1.05,,,,
10/18/2002,BlackRock World Mining Trust Ord,1.0475,,,,
10/19/2002,BlackRock World Mining Trust Ord,1.0475,,,,
10/20/2002,BlackRock World Mining Trust Ord,1.0475,,,,
10/21/2002,BlackRock World Mining Trust Ord,1.0475,,,,
10/22/2002,BlackRock World Mining Trust Ord,1.075,,,,
10/23/2002,BlackRock World Mining Trust Ord,1.0825,,,,
10/24/2002,BlackRock World Mining Trust Ord,1.0975,,,,
10/25/2002,BlackRock World Mining Trust Ord,1.1075,,,,
10/26/2002,BlackRock World Mining Trust Ord,1.1075,,,,
10/27/2002,BlackRock World Mining Trust Ord,1.1075,,,,
10/28/2002,BlackRock World Mining Trust Ord,1.11,,,,
10/29/2002,BlackRock World Mining Trust Ord,1.11,,,,
10/30/2002,BlackRock World Mining Trust Ord,1.1125,,,,
10/31/2002,BlackRock World Mining Trust Ord,1.13,,,,
11/01/2002,BlackRock World Mining Trust Ord,1.1375,,,,
11/02/2002,BlackRock World Mining Trust Ord,1.1375,,,,
11/03/2002,BlackRock World Mining Trust Ord,1.1375,,,,
11/04/2002,BlackRock World Mining Trust Ord,1.15,,,,
11/05/2002,BlackRock World Mining Trust Ord,1.15,,,,
11/06/2002,BlackRock World Mining Trust Ord,1.1375,,,,
11/07/2002,BlackRock World Mining Trust Ord,1.1375,,,,
11/08/2002,BlackRock World Mining Trust Ord,1.1325,,,,
11/09/2002,BlackRock World Mining Trust Ord,1.1325,,,,
11/10/2002,BlackRock World Mining Trust Ord,1.1325,,,,
11/11/2002,BlackRock World Mining Trust Ord,1.11,,,,
11/12/2002,BlackRock World Mining Trust Ord,1.1125,,,,
11/13/2002,BlackRock World Mining Trust Ord,1.1125,,,,
11/14/2002,BlackRock World Mining Trust Ord,1.1125,,,,
11/15/2002,BlackRock World Mining Trust Ord,1.11,,,,
11/16/2002,BlackRock World Mining Trust Ord,1.11,,,,
11/17/2002,BlackRock World Mining Trust Ord,1.11,,,,
11/18/2002,BlackRock World Mining Trust Ord,1.11,,,,
11/19/2002,BlackRock World Mining Trust Ord,1.135,,,,
11/20/2002,BlackRock World Mining Trust Ord,1.135,,,,
11/21/2002,BlackRock World Mining Trust Ord,1.135,,,,
11/22/2002,BlackRock World Mining Trust Ord,1.14,,,,
11/23/2002,BlackRock World Mining Trust Ord,1.14,,,,
11/24/2002,BlackRock World Mining Trust Ord,1.14,,,,
11/25/2002,BlackRock World Mining Trust Ord,1.14,,,,
11/26/2002,BlackRock World Mining Trust Ord,1.14,,,,
11/27/2002,BlackRock World Mining Trust Ord,1.16,,,,
11/28/2002,BlackRock World Mining Trust Ord,1.17,,,,
11/29/2002,BlackRock World Mining Trust Ord,1.185,,,,
11/30/2002,BlackRock World Mining Trust Ord,1.185,,,,
12/01/2002,BlackRock World Mining Trust Ord,1.185,,,,
12/02/2002,BlackRock World Mining Trust Ord,1.1925,,,,
12/03/2002,BlackRock World Mining Trust Ord,1.1975,,,,
12/04/2002,BlackRock World Mining Trust Ord,1.2,,,,
12/05/2002,BlackRock World Mining Trust Ord,1.2,,,,
12/06/2002,BlackRock World Mining Trust Ord,1.2,,,,
12/07/2002,BlackRock World Mining Trust Ord,1.2,,,,
12/08/2002,BlackRock World Mining Trust Ord,1.2,,,,
12/09/2002,BlackRock World Mining Trust Ord,1.2175,,,,
12/10/2002,BlackRock World Mining Trust Ord,1.2125,,,,
12/11/2002,BlackRock World Mining Trust Ord,1.2125,,,,
12/12/2002,BlackRock World Mining Trust Ord,1.2125,,,,
12/13/2002,BlackRock World Mining Trust Ord,1.26,,,,
12/14/2002,BlackRock World Mining Trust Ord,1.26,,,,
12/15/2002,BlackRock World Mining Trust Ord,1.26,,,,
12/16/2002,BlackRock World Mining Trust Ord,1.2625,,,,
12/17/2002,BlackRock World Mining Trust Ord,1.3175,,,,
12/18/2002,BlackRock World Mining Trust Ord,1.285,,,,
12/19/2002,BlackRock World Mining Trust Ord,1.315,,,,
12/20/2002,BlackRock World Mining Trust Ord,1.28,,,,
12/21/2002,BlackRock World Mining Trust Ord,1.28,,,,
12/22/2002,BlackRock World Mining Trust Ord,1.28,,,,
12/23/2002,BlackRock World Mining Trust Ord,1.2875,,,,
12/24/2002,BlackRock World Mining Trust Ord,1.29,,,,
12/25/2002,BlackRock World Mining Trust Ord,1.29,,,,
12/26/2002,BlackRock World Mining Trust Ord,1.29,,,,
12/27/2002,BlackRock World Mining Trust Ord,1.3175,,,,
12/28/2002,BlackRock World Mining Trust Ord,1.3175,,,,
12/29/2002,BlackRock World Mining Trust Ord,1.3175,,,,
12/30/2002,BlackRock World Mining Trust Ord,1.3275,,,,
12/31/2002,BlackRock World Mining Trust Ord,1.3175,,,,
01/01/2003,BlackRock World Mining Trust Ord,1.3175,,,,
01/02/2003,BlackRock World Mining Trust Ord,1.3125,,,,
01/03/2003,BlackRock World Mining Trust Ord,1.29,,,,
01/04/2003,BlackRock World Mining Trust Ord,1.29,,,,
01/05/2003,BlackRock World Mining Trust Ord,1.29,,,,
01/06/2003,BlackRock World Mining Trust Ord,1.3175,,,,
01/07/2003,BlackRock World Mining Trust Ord,1.315,,,,
01/08/2003,BlackRock World Mining Trust Ord,1.315,,,,
01/09/2003,BlackRock World Mining Trust Ord,1.3275,,,,
01/10/2003,BlackRock World Mining Trust Ord,1.32,,,,
01/11/2003,BlackRock World Mining Trust Ord,1.32,,,,
01/12/2003,BlackRock World Mining Trust Ord,1.32,,,,
01/13/2003,BlackRock World Mining Trust Ord,1.3275,,,,
01/14/2003,BlackRock World Mining Trust Ord,1.3275,,,,
01/15/2003,BlackRock World Mining Trust Ord,1.315,,,,
01/16/2003,BlackRock World Mining Trust Ord,1.3025,,,,
01/17/2003,BlackRock World Mining Trust Ord,1.31,,,,
01/18/2003,BlackRock World Mining Trust Ord,1.31,,,,
01/19/2003,BlackRock World Mining Trust Ord,1.31,,,,
01/20/2003,BlackRock World Mining Trust Ord,1.2975,,,,
01/21/2003,BlackRock World Mining Trust Ord,1.295,,,,
01/22/2003,BlackRock World Mining Trust Ord,1.3,,,,
01/23/2003,BlackRock World Mining Trust Ord,1.305,,,,
01/24/2003,BlackRock World Mining Trust Ord,1.3,,,,
01/25/2003,BlackRock World Mining Trust Ord,1.3,,,,
01/26/2003,BlackRock World Mining Trust Ord,1.3,,,,
01/27/2003,BlackRock World Mining Trust Ord,1.3125,,,,
01/28/2003,BlackRock World Mining Trust Ord,1.2925,,,,
01/29/2003,BlackRock World Mining Trust Ord,1.27,,,,
01/30/2003,BlackRock World Mining Trust Ord,1.2525,,,,
01/31/2003,BlackRock World Mining Trust Ord,1.2425,,,,
02/01/2003,BlackRock World Mining Trust Ord,1.2425,,,,
02/02/2003,BlackRock World Mining Trust Ord,1.2425,,,,
02/03/2003,BlackRock World Mining Trust Ord,1.245,,,,
02/04/2003,BlackRock World Mining Trust Ord,1.255,,,,
02/05/2003,BlackRock World Mining Trust Ord,1.3025,,,,
02/06/2003,BlackRock World Mining Trust Ord,1.285,,,,
02/07/2003,BlackRock World Mining Trust Ord,1.285,,,,
02/08/2003,BlackRock World Mining Trust Ord,1.285,,,,
02/09/2003,BlackRock World Mining Trust Ord,1.285,,,,
02/10/2003,BlackRock World Mining Trust Ord,1.285,,,,
02/11/2003,BlackRock World Mining Trust Ord,1.2725,,,,
02/12/2003,BlackRock World Mining Trust Ord,1.24,,,,
02/13/2003,BlackRock World Mining Trust Ord,1.2475,,,,
02/14/2003,BlackRock World Mining Trust Ord,1.2475,,,,
02/15/2003,BlackRock World Mining Trust Ord,1.2475,,,,
02/16/2003,BlackRock World Mining Trust Ord,1.2475,,,,
02/17/2003,BlackRock World Mining Trust Ord,1.2475,,,,
02/18/2003,BlackRock World Mining Trust Ord,1.2525,,,,
02/19/2003,BlackRock World Mining Trust Ord,1.245,,,,
02/20/2003,BlackRock World Mining Trust Ord,1.26,,,,
02/21/2003,BlackRock World Mining Trust Ord,1.26,,,,
02/22/2003,BlackRock World Mining Trust Ord,1.26,,,,
02/23/2003,BlackRock World Mining Trust Ord,1.26,,,,
02/24/2003,BlackRock World Mining Trust Ord,1.26,,,,
02/25/2003,BlackRock World Mining Trust Ord,1.26,,,,
02/26/2003,BlackRock World Mining Trust Ord,1.2575,,,,
02/27/2003,BlackRock World Mining Trust Ord,1.255,,,,
02/28/2003,BlackRock World Mining Trust Ord,1.2475,,,,
03/01/2003,BlackRock World Mining Trust Ord,1.2475,,,,
03/02/2003,BlackRock World Mining Trust Ord,1.2475,,,,
03/03/2003,BlackRock World Mining Trust Ord,1.2475,,,,
03/04/2003,BlackRock World Mining Trust Ord,1.2475,,,,
03/05/2003,BlackRock World Mining Trust Ord,1.245,,,,
03/06/2003,BlackRock World Mining Trust Ord,1.245,,,,
03/07/2003,BlackRock World Mining Trust Ord,1.245,,,,
03/08/2003,BlackRock World Mining Trust Ord,1.245,,,,
03/09/2003,BlackRock World Mining Trust Ord,1.245,,,,
03/10/2003,BlackRock World Mining Trust Ord,1.2325,,,,
03/11/2003,BlackRock World Mining Trust Ord,1.2025,,,,
03/12/2003,BlackRock World Mining Trust Ord,1.1775,,,,
03/13/2003,BlackRock World Mining Trust Ord,1.18,,,,
03/14/2003,BlackRock World Mining Trust Ord,1.185,,,,
03/15/2003,BlackRock World Mining Trust Ord,1.185,,,,
03/16/2003,BlackRock World Mining Trust Ord,1.185,,,,
03/17/2003,BlackRock World Mining Trust Ord,1.2,,,,
03/18/2003,BlackRock World Mining Trust Ord,1.2025,,,,
03/19/2003,BlackRock World Mining Trust Ord,1.23,,,,
03/20/2003,BlackRock World Mining Trust Ord,1.2275,,,,
03/21/2003,BlackRock World Mining Trust Ord,1.2375,,,,
03/22/2003,BlackRock World Mining Trust Ord,1.2375,,,,
03/23/2003,BlackRock World Mining Trust Ord,1.2375,,,,
03/24/2003,BlackRock World Mining Trust Ord,1.23,,,,
03/25/2003,BlackRock World Mining Trust Ord,1.2075,,,,
03/26/2003,BlackRock World Mining Trust Ord,1.2025,,,,
03/27/2003,BlackRock World Mining Trust Ord,1.1975,,,,
03/28/2003,BlackRock World Mining Trust Ord,1.19,,,,
03/29/2003,BlackRock World Mining Trust Ord,1.19,,,,
03/30/2003,BlackRock World Mining Trust Ord,1.19,,,,
03/31/2003,BlackRock World Mining Trust Ord,1.2,,,,
04/01/2003,BlackRock World Mining Trust Ord,1.205,,,,
04/02/2003,BlackRock World Mining Trust Ord,1.2075,,,,
04/03/2003,BlackRock World Mining Trust Ord,1.205,,,,
04/04/2003,BlackRock World Mining Trust Ord,1.205,,,,
04/05/2003,BlackRock World Mining Trust Ord,1.205,,,,
04/06/2003,BlackRock World Mining Trust Ord,1.205,,,,
04/07/2003,BlackRock World Mining Trust Ord,1.2075,,,,
04/08/2003,BlackRock World Mining Trust Ord,1.2075,,,,
04/09/2003,BlackRock World Mining Trust Ord,1.205,,,,
04/10/2003,BlackRock World Mining Trust Ord,1.2225,,,,
04/11/2003,BlackRock World Mining Trust Ord,1.23,,,,
04/12/2003,BlackRock World Mining Trust Ord,1.23,,,,
04/13/2003,BlackRock World Mining Trust Ord,1.23,,,,
04/14/2003,BlackRock World Mining Trust Ord,1.2225,,,,
04/15/2003,BlackRock World Mining Trust Ord,1.2225,,,,
04/16/2003,BlackRock World Mining Trust Ord,1.22,,,,
04/17/2003,BlackRock World Mining Trust Ord,1.22,,,,
04/18/2003,BlackRock World Mining Trust Ord,1.22,,,,
04/19/2003,BlackRock World Mining Trust Ord,1.22,,,,
04/20/2003,BlackRock World Mining Trust Ord,1.22,,,,
04/21/2003,BlackRock World Mining Trust Ord,1.22,,,,
04/22/2003,BlackRock World Mining Trust Ord,1.22,,,,
04/23/2003,BlackRock World Mining Trust Ord,1.2475,,,,
04/24/2003,BlackRock World Mining Trust Ord,1.225,,,,
04/25/2003,BlackRock World Mining Trust Ord,1.1875,,,,
04/26/2003,BlackRock World Mining Trust Ord,1.1875,,,,
04/27/2003,BlackRock World Mining Trust Ord,1.1875,,,,
04/28/2003,BlackRock World Mining Trust Ord,1.165,,,,
04/29/2003,BlackRock World Mining Trust Ord,1.155,,,,
04/30/2003,BlackRock World Mining Trust Ord,1.155,,,,
05/01/2003,BlackRock World Mining Trust Ord,1.165,,,,
05/02/2003,BlackRock World Mining Trust Ord,1.1875,,,,
05/03/2003,BlackRock World Mining Trust Ord,1.1875,,,,
05/04/2003,BlackRock World Mining Trust Ord,1.1875,,,,
05/05/2003,BlackRock World Mining Trust Ord,1.1875,,,,
05/06/2003,BlackRock World Mining Trust Ord,1.205,,,,
05/07/2003,BlackRock World Mining Trust Ord,1.205,,,,
05/08/2003,BlackRock World Mining Trust Ord,1.1975,,,,
05/09/2003,BlackRock World Mining Trust Ord,1.1925,,,,
05/10/2003,BlackRock World Mining Trust Ord,1.1925,,,,
05/11/2003,BlackRock World Mining Trust Ord,1.1925,,,,
05/12/2003,BlackRock World Mining Trust Ord,1.2025,,,,
05/13/2003,BlackRock World Mining Trust Ord,1.2075,,,,
05/14/2003,BlackRock World Mining Trust Ord,1.21,,,,
05/15/2003,BlackRock World Mining Trust Ord,1.2,,,,
05/16/2003,BlackRock World Mining Trust Ord,1.19,,,,
05/17/2003,BlackRock World Mining Trust Ord,1.19,,,,
05/18/2003,BlackRock World Mining Trust Ord,1.19,,,,
05/19/2003,BlackRock World Mining Trust Ord,1.2,,,,
05/20/2003,BlackRock World Mining Trust Ord,1.21,,,,
05/21/2003,BlackRock World Mining Trust Ord,1.2,,,,
05/22/2003,BlackRock World Mining Trust Ord,1.2,,,,
05/23/2003,BlackRock World Mining Trust Ord,1.21,,,,
05/24/2003,BlackRock World Mining Trust Ord,1.21,,,,
05/25/2003,BlackRock World Mining Trust Ord,1.21,,,,
05/26/2003,BlackRock World Mining Trust Ord,1.21,,,,
05/27/2003,BlackRock World Mining Trust Ord,1.21,,,,
05/28/2003,BlackRock World Mining Trust Ord,1.22,,,,
05/29/2003,BlackRock World Mining Trust Ord,1.22,,,,
05/30/2003,BlackRock World Mining Trust Ord,1.22,,,,
05/31/2003,BlackRock World Mining Trust Ord,1.22,,,,
06/01/2003,BlackRock World Mining Trust Ord,1.22,,,,
06/02/2003,BlackRock World Mining Trust Ord,1.24,,,,
06/03/2003,BlackRock World Mining Trust Ord,1.24,,,,
06/04/2003,BlackRock World Mining Trust Ord,1.24,,,,
06/05/2003,BlackRock World Mining Trust Ord,1.25,,,,
06/06/2003,BlackRock World Mining Trust Ord,1.26,,,,
06/07/2003,BlackRock World Mining Trust Ord,1.26,,,,
06/08/2003,BlackRock World Mining Trust Ord,1.26,,,,
06/09/2003,BlackRock World Mining Trust Ord,1.26,,,,
06/10/2003,BlackRock World Mining Trust Ord,1.26,,,,
06/11/2003,BlackRock World Mining Trust Ord,1.26,,,,
06/12/2003,BlackRock World Mining Trust Ord,1.26,,,,
06/13/2003,BlackRock World Mining Trust Ord,1.26,,,,
06/14/2003,BlackRock World Mining Trust Ord,1.26,,,,
06/15/2003,BlackRock World Mining Trust Ord,1.26,,,,
06/16/2003,BlackRock World Mining Trust Ord,1.27,,,,
06/17/2003,BlackRock World Mining Trust Ord,1.27,,,,
06/18/2003,BlackRock World Mining Trust Ord,1.29,,,,
06/19/2003,BlackRock World Mining Trust Ord,1.3,,,,
06/20/2003,BlackRock World Mining Trust Ord,1.31,,,,
06/21/2003,BlackRock World Mining Trust Ord,1.31,,,,
06/22/2003,BlackRock World Mining Trust Ord,1.31,,,,
06/23/2003,BlackRock World Mining Trust Ord,1.31,,,,
06/24/2003,BlackRock World Mining Trust Ord,1.275,,,,
06/25/2003,BlackRock World Mining Trust Ord,1.265,,,,
06/26/2003,BlackRock World Mining Trust Ord,1.2525,,,,
06/27/2003,BlackRock World Mining Trust Ord,1.25,,,,
06/28/2003,BlackRock World Mining Trust Ord,1.25,,,,
06/29/2003,BlackRock World Mining Trust Ord,1.25,,,,
06/30/2003,BlackRock World Mining Trust Ord,1.2525,,,,
07/01/2003,BlackRock World Mining Trust Ord,1.25,,,,
07/02/2003,BlackRock World Mining Trust Ord,1.27,,,,
07/03/2003,BlackRock World Mining Trust Ord,1.27,,,,
07/04/2003,BlackRock World Mining Trust Ord,1.26,,,,
07/05/2003,BlackRock World Mining Trust Ord,1.26,,,,
07/06/2003,BlackRock World Mining Trust Ord,1.26,,,,
07/07/2003,BlackRock World Mining Trust Ord,1.27,,,,
07/08/2003,BlackRock World Mining Trust Ord,1.29,,,,
07/09/2003,BlackRock World Mining Trust Ord,1.31,,,,
07/10/2003,BlackRock World Mining Trust Ord,1.31,,,,
07/11/2003,BlackRock World Mining Trust Ord,1.32,,,,
07/12/2003,BlackRock World Mining Trust Ord,1.32,,,,
07/13/2003,BlackRock World Mining Trust Ord,1.32,,,,
07/14/2003,BlackRock World Mining Trust Ord,1.3,,,,
07/15/2003,BlackRock World Mining Trust Ord,1.3,,,,
07/16/2003,BlackRock World Mining Trust Ord,1.29,,,,
07/17/2003,BlackRock World Mining Trust Ord,1.29,,,,
07/18/2003,BlackRock World Mining Trust Ord,1.29,,,,
07/19/2003,BlackRock World Mining Trust Ord,1.29,,,,
07/20/2003,BlackRock World Mining Trust Ord,1.29,,,,
07/21/2003,BlackRock World Mining Trust Ord,1.3,,,,
07/22/2003,BlackRock World Mining Trust Ord,1.3,,,,
07/23/2003,BlackRock World Mining Trust Ord,1.33,,,,
07/24/2003,BlackRock World Mining Trust Ord,1.36,,,,
07/25/2003,BlackRock World Mining Trust Ord,1.36,,,,
07/26/2003,BlackRock World Mining Trust Ord,1.36,,,,
07/27/2003,BlackRock World Mining Trust Ord,1.36,,,,
07/28/2003,BlackRock World Mining Trust Ord,1.4,,,,
07/29/2003,BlackRock World Mining Trust Ord,1.4,,,,
07/30/2003,BlackRock World Mining Trust Ord,1.39,,,,
07/31/2003,BlackRock World Mining Trust Ord,1.3825,,,,
08/01/2003,BlackRock World Mining Trust Ord,1.375,,,,
08/02/2003,BlackRock World Mining Trust Ord,1.375,,,,
08/03/2003,BlackRock World Mining Trust Ord,1.375,,,,
08/04/2003,BlackRock World Mining Trust Ord,1.3775,,,,
08/05/2003,BlackRock World Mining Trust Ord,1.39,,,,
08/06/2003,BlackRock World Mining Trust Ord,1.3875,,,,
08/07/2003,BlackRock World Mining Trust Ord,1.3825,,,,
08/08/2003,BlackRock World Mining Trust Ord,1.3825,,,,
08/09/2003,BlackRock World Mining Trust Ord,1.3825,,,,
08/10/2003,BlackRock World Mining Trust Ord,1.3825,,,,
08/11/2003,BlackRock World Mining Trust Ord,1.4075,,,,
08/12/2003,BlackRock World Mining Trust Ord,1.43,,,,
08/13/2003,BlackRock World Mining Trust Ord,1.445,,,,
08/14/2003,BlackRock World Mining Trust Ord,1.47,,,,
08/15/2003,BlackRock World Mining Trust Ord,1.495,,,,
08/16/2003,BlackRock World Mining Trust Ord,1.495,,,,
08/17/2003,BlackRock World Mining Trust Ord,1.495,,,,
08/18/2003,BlackRock World Mining Trust Ord,1.53,,,,
08/19/2003,BlackRock World Mining Trust Ord,1.5325,,,,
08/20/2003,BlackRock World Mining Trust Ord,1.5325,,,,
08/21/2003,BlackRock World Mining Trust Ord,1.5425,,,,
08/22/2003,BlackRock World Mining Trust Ord,1.5425,,,,
08/23/2003,BlackRock World Mining Trust Ord,1.5425,,,,
08/24/2003,BlackRock World Mining Trust Ord,1.5425,,,,
08/25/2003,BlackRock World Mining Trust Ord,1.5425,,,,
08/26/2003,BlackRock World Mining Trust Ord,1.535,,,,
08/27/2003,BlackRock World Mining Trust Ord,1.545,,,,
08/28/2003,BlackRock World Mining Trust Ord,1.5675,,,,
08/29/2003,BlackRock World Mining Trust Ord,1.58,,,,
08/30/2003,BlackRock World Mining Trust Ord,1.58,,,,
08/31/2003,BlackRock World Mining Trust Ord,1.58,,,,
09/01/2003,BlackRock World Mining Trust Ord,1.5925,,,,
09/02/2003,BlackRock World Mining Trust Ord,1.63,,,,
09/03/2003,BlackRock World Mining Trust Ord,1.6225,,,,
09/04/2003,BlackRock World Mining Trust Ord,1.6375,,,,
09/05/2003,BlackRock World Mining Trust Ord,1.6475,,,,
09/06/2003,BlackRock World Mining Trust Ord,1.6475,,,,
09/07/2003,BlackRock World Mining Trust Ord,1.6475,,,,
09/08/2003,BlackRock World Mining Trust Ord,1.6675,,,,
09/09/2003,BlackRock World Mining Trust Ord,1.67,,,,
09/10/2003,BlackRock World Mining Trust Ord,1.665,,,,
09/11/2003,BlackRock World Mining Trust Ord,1.66,,,,
09/12/2003,BlackRock World Mining Trust Ord,1.6175,,,,
09/13/2003,BlackRock World Mining Trust Ord,1.6175,,,,
09/14/2003,BlackRock World Mining Trust Ord,1.6175,,,,
09/15/2003,BlackRock World Mining Trust Ord,1.62,,,,
09/16/2003,BlackRock World Mining Trust Ord,1.61,,,,
09/17/2003,BlackRock World Mining Trust Ord,1.6125,,,,
09/18/2003,BlackRock World Mining Trust Ord,1.61,,,,
09/19/2003,BlackRock World Mining Trust Ord,1.63,,,,
09/20/2003,BlackRock World Mining Trust Ord,1.63,,,,
09/21/2003,BlackRock World Mining Trust Ord,1.63,,,,
09/22/2003,BlackRock World Mining Trust Ord,1.6725,,,,
09/23/2003,BlackRock World Mining Trust Ord,1.6725,,,,
09/24/2003,BlackRock World Mining Trust Ord,1.6725,,,,
09/25/2003,BlackRock World Mining Trust Ord,1.675,,,,
09/26/2003,BlackRock World Mining Trust Ord,1.6525,,,,
09/27/2003,BlackRock World Mining Trust Ord,1.6525,,,,
09/28/2003,BlackRock World Mining Trust Ord,1.6525,,,,
09/29/2003,BlackRock World Mining Trust Ord,1.6375,,,,
09/30/2003,BlackRock World Mining Trust Ord,1.635,,,,
10/01/2003,BlackRock World Mining Trust Ord,1.635,,,,
10/02/2003,BlackRock World Mining Trust Ord,1.6225,,,,
10/03/2003,BlackRock World Mining Trust Ord,1.645,,,,
10/04/2003,BlackRock World Mining Trust Ord,1.645,,,,
10/05/2003,BlackRock World Mining Trust Ord,1.645,,,,
10/06/2003,BlackRock World Mining Trust Ord,1.645,,,,
10/07/2003,BlackRock World Mining Trust Ord,1.65,,,,
10/08/2003,BlackRock World Mining Trust Ord,1.6975,,,,
10/09/2003,BlackRock World Mining Trust Ord,1.755,,,,
10/10/2003,BlackRock World Mining Trust Ord,1.7475,,,,
10/11/2003,BlackRock World Mining Trust Ord,1.7475,,,,
10/12/2003,BlackRock World Mining Trust Ord,1.7475,,,,
10/13/2003,BlackRock World Mining Trust Ord,1.7675,,,,
10/14/2003,BlackRock World Mining Trust Ord,1.8175,,,,
10/15/2003,BlackRock World Mining Trust Ord,1.8525,,,,
10/16/2003,BlackRock World Mining Trust Ord,1.8825,,,,
10/17/2003,BlackRock World Mining Trust Ord,1.8625,,,,
10/18/2003,BlackRock World Mining Trust Ord,1.8625,,,,
10/19/2003,BlackRock World Mining Trust Ord,1.8625,,,,
10/20/2003,BlackRock World Mining Trust Ord,1.865,,,,
10/21/2003,BlackRock World Mining Trust Ord,1.88,,,,
10/22/2003,BlackRock World Mining Trust Ord,1.8975,,,,
10/23/2003,BlackRock World Mining Trust Ord,1.88,,,,
10/24/2003,BlackRock World Mining Trust Ord,1.85,,,,
10/25/2003,BlackRock World Mining Trust Ord,1.85,,,,
10/26/2003,BlackRock World Mining Trust Ord,1.85,,,,
10/27/2003,BlackRock World Mining Trust Ord,1.8625,,,,
10/28/2003,BlackRock World Mining Trust Ord,1.885,,,,
10/29/2003,BlackRock World Mining Trust Ord,1.9,,,,
10/30/2003,BlackRock World Mining Trust Ord,1.9525,,,,
10/31/2003,BlackRock World Mining Trust Ord,1.945,,,,
11/01/2003,BlackRock World Mining Trust Ord,1.945,,,,
11/02/2003,BlackRock World Mining Trust Ord,1.945,,,,
11/03/2003,BlackRock World Mining Trust Ord,1.9725,,,,
11/04/2003,BlackRock World Mining Trust Ord,1.9875,,,,
11/05/2003,BlackRock World Mining Trust Ord,2,,,,
11/06/2003,BlackRock World Mining Trust Ord,1.9975,,,,
11/07/2003,BlackRock World Mining Trust Ord,1.9825,,,,
11/08/2003,BlackRock World Mining Trust Ord,1.9825,,,,
11/09/2003,BlackRock World Mining Trust Ord,1.9825,,,,
11/10/2003,BlackRock World Mining Trust Ord,1.9875,,,,
11/11/2003,BlackRock World Mining Trust Ord,1.9875,,,,
11/12/2003,BlackRock World Mining Trust Ord,2,,,,
11/13/2003,BlackRock World Mining Trust Ord,2.025,,,,
11/14/2003,BlackRock World Mining Trust Ord,2.0275,,,,
11/15/2003,BlackRock World Mining Trust Ord,2.0275,,,,
11/16/2003,BlackRock World Mining Trust Ord,2.0275,,,,
11/17/2003,BlackRock World Mining Trust Ord,2.035,,,,
11/18/2003,BlackRock World Mining Trust Ord,2.0175,,,,
11/19/2003,BlackRock World Mining Trust Ord,1.99,,,,
11/20/2003,BlackRock World Mining Trust Ord,1.99,,,,
11/21/2003,BlackRock World Mining Trust Ord,1.96,,,,
11/22/2003,BlackRock World Mining Trust Ord,1.96,,,,
11/23/2003,BlackRock World Mining Trust Ord,1.96,,,,
11/24/2003,BlackRock World Mining Trust Ord,1.9675,,,,
11/25/2003,BlackRock World Mining Trust Ord,1.9625,,,,
11/26/2003,BlackRock World Mining Trust Ord,2,,,,
11/27/2003,BlackRock World Mining Trust Ord,2.06,,,,
11/28/2003,BlackRock World Mining Trust Ord,2.055,,,,
11/29/2003,BlackRock World Mining Trust Ord,2.055,,,,
11/30/2003,BlackRock World Mining Trust Ord,2.055,,,,
12/01/2003,BlackRock World Mining Trust Ord,2.0775,,,,
12/02/2003,BlackRock World Mining Trust Ord,2.08,,,,
12/03/2003,BlackRock World Mining Trust Ord,2.105,,,,
12/04/2003,BlackRock World Mining Trust Ord,2.135,,,,
12/05/2003,BlackRock World Mining Trust Ord,2.125,,,,
12/06/2003,BlackRock World Mining Trust Ord,2.125,,,,
12/07/2003,BlackRock World Mining Trust Ord,2.125,,,,
12/08/2003,BlackRock World Mining Trust Ord,2.125,,,,
12/09/2003,BlackRock World Mining Trust Ord,2.1275,,,,
12/10/2003,BlackRock World Mining Trust Ord,2.11,,,,
12/11/2003,BlackRock World Mining Trust Ord,2.025,,,,
12/12/2003,BlackRock World Mining Trust Ord,2.0475,,,,
12/13/2003,BlackRock World Mining Trust Ord,2.0475,,,,
12/14/2003,BlackRock World Mining Trust Ord,2.0475,,,,
12/15/2003,BlackRock World Mining Trust Ord,2.065,,,,
12/16/2003,BlackRock World Mining Trust Ord,2.09,,,,
12/17/2003,BlackRock World Mining Trust Ord,2.0825,,,,
12/18/2003,BlackRock World Mining Trust Ord,2.08,,,,
12/19/2003,BlackRock World Mining Trust Ord,2.085,,,,
12/20/2003,BlackRock World Mining Trust Ord,2.085,,,,
12/21/2003,BlackRock World Mining Trust Ord,2.085,,,,
12/22/2003,BlackRock World Mining Trust Ord,2.075,,,,
12/23/2003,BlackRock World Mining Trust Ord,2.12,,,,
12/24/2003,BlackRock World Mining Trust Ord,2.11,,,,
12/25/2003,BlackRock World Mining Trust Ord,2.11,,,,
12/26/2003,BlackRock World Mining Trust Ord,2.11,,,,
12/27/2003,BlackRock World Mining Trust Ord,2.11,,,,
12/28/2003,BlackRock World Mining Trust Ord,2.11,,,,
12/29/2003,BlackRock World Mining Trust Ord,2.1075,,,,
12/30/2003,BlackRock World Mining Trust Ord,2.15,,,,
12/31/2003,BlackRock World Mining Trust Ord,2.165,,,,
01/01/2004,BlackRock World Mining Trust Ord,2.165,,,,
01/02/2004,BlackRock World Mining Trust Ord,2.195,,,,
01/03/2004,BlackRock World Mining Trust Ord,2.195,,,,
01/04/2004,BlackRock World Mining Trust Ord,2.195,,,,
01/05/2004,BlackRock World Mining Trust Ord,2.2175,,,,
01/06/2004,BlackRock World Mining Trust Ord,2.2675,,,,
01/07/2004,BlackRock World Mining Trust Ord,2.2575,,,,
01/08/2004,BlackRock World Mining Trust Ord,2.22,,,,
01/09/2004,BlackRock World Mining Trust Ord,2.1925,,,,
01/10/2004,BlackRock World Mining Trust Ord,2.1925,,,,
01/11/2004,BlackRock World Mining Trust Ord,2.1925,,,,
01/12/2004,BlackRock World Mining Trust Ord,2.1925,,,,
01/13/2004,BlackRock World Mining Trust Ord,2.205,,,,
01/14/2004,BlackRock World Mining Trust Ord,2.205,,,,
01/15/2004,BlackRock World Mining Trust Ord,2.13,,,,
01/16/2004,BlackRock World Mining Trust Ord,2.1175,,,,
01/17/2004,BlackRock World Mining Trust Ord,2.1175,,,,
01/18/2004,BlackRock World Mining Trust Ord,2.1175,,,,
01/19/2004,BlackRock World Mining Trust Ord,2.125,,,,
01/20/2004,BlackRock World Mining Trust Ord,2.1175,,,,
01/21/2004,BlackRock World Mining Trust Ord,2.115,,,,
01/22/2004,BlackRock World Mining Trust Ord,2.1,,,,
01/23/2004,BlackRock World Mining Trust Ord,2.1,,,,
01/24/2004,BlackRock World Mining Trust Ord,2.1,,,,
01/25/2004,BlackRock World Mining Trust Ord,2.1,,,,
01/26/2004,BlackRock World Mining Trust Ord,2.07,,,,
01/27/2004,BlackRock World Mining Trust Ord,2.0625,,,,
01/28/2004,BlackRock World Mining Trust Ord,2.06,,,,
01/29/2004,BlackRock World Mining Trust Ord,2.015,,,,
01/30/2004,BlackRock World Mining Trust Ord,1.9525,,,,
01/31/2004,BlackRock World Mining Trust Ord,1.9525,,,,
02/01/2004,BlackRock World Mining Trust Ord,1.9525,,,,
02/02/2004,BlackRock World Mining Trust Ord,1.9625,,,,
02/03/2004,BlackRock World Mining Trust Ord,1.945,,,,
02/04/2004,BlackRock World Mining Trust Ord,1.94,,,,
02/05/2004,BlackRock World Mining Trust Ord,1.945,,,,
02/06/2004,BlackRock World Mining Trust Ord,1.975,,,,
02/07/2004,BlackRock World Mining Trust Ord,1.975,,,,
02/08/2004,BlackRock World Mining Trust Ord,1.975,,,,
02/09/2004,BlackRock World Mining Trust Ord,2.045,,,,
02/10/2004,BlackRock World Mining Trust Ord,2.0725,,,,
02/11/2004,BlackRock World Mining Trust Ord,2.0875,,,,
02/12/2004,BlackRock World Mining Trust Ord,2.1375,,,,
02/13/2004,BlackRock World Mining Trust Ord,2.1475,,,,
02/14/2004,BlackRock World Mining Trust Ord,2.1475,,,,
02/15/2004,BlackRock World Mining Trust Ord,2.1475,,,,
02/16/2004,BlackRock World Mining Trust Ord,2.1425,,,,
02/17/2004,BlackRock World Mining Trust Ord,2.1675,,,,
02/18/2004,BlackRock World Mining Trust Ord,2.17,,,,
02/19/2004,BlackRock World Mining Trust Ord,2.1775,,,,
02/20/2004,BlackRock World Mining Trust Ord,2.1625,,,,
02/21/2004,BlackRock World Mining Trust Ord,2.1625,,,,
02/22/2004,BlackRock World Mining Trust Ord,2.1625,,,,
02/23/2004,BlackRock World Mining Trust Ord,2.1425,,,,
02/24/2004,BlackRock World Mining Trust Ord,2.13,,,,
02/25/2004,BlackRock World Mining Trust Ord,2.105,,,,
02/26/2004,BlackRock World Mining Trust Ord,2.0925,,,,
02/27/2004,BlackRock World Mining Trust Ord,2.0875,,,,
02/28/2004,BlackRock World Mining Trust Ord,2.0875,,,,
02/29/2004,BlackRock World Mining Trust Ord,2.0875,,,,
03/01/2004,BlackRock World Mining Trust Ord,2.1075,,,,
03/02/2004,BlackRock World Mining Trust Ord,2.1225,,,,
03/03/2004,BlackRock World Mining Trust Ord,2.1275,,,,
03/04/2004,BlackRock World Mining Trust Ord,2.14,,,,
03/05/2004,BlackRock World Mining Trust Ord,2.11,,,,
03/06/2004,BlackRock World Mining Trust Ord,2.11,,,,
03/07/2004,BlackRock World Mining Trust Ord,2.11,,,,
03/08/2004,BlackRock World Mining Trust Ord,2.12,,,,
03/09/2004,BlackRock World Mining Trust Ord,2.1,,,,
03/10/2004,BlackRock World Mining Trust Ord,2.065,,,,
03/11/2004,BlackRock World Mining Trust Ord,1.9875,,,,
03/12/2004,BlackRock World Mining Trust Ord,2.0675,,,,
03/13/2004,BlackRock World Mining Trust Ord,2.0675,,,,
03/14/2004,BlackRock World Mining Trust Ord,2.0675,,,,
03/15/2004,BlackRock World Mining Trust Ord,2.0325,,,,
03/16/2004,BlackRock World Mining Trust Ord,2.0325,,,,
03/17/2004,BlackRock World Mining Trust Ord,2.045,,,,
03/18/2004,BlackRock World Mining Trust Ord,2.06,,,,
03/19/2004,BlackRock World Mining Trust Ord,2.065,,,,
03/20/2004,BlackRock World Mining Trust Ord,2.065,,,,
03/21/2004,BlackRock World Mining Trust Ord,2.065,,,,
03/22/2004,BlackRock World Mining Trust Ord,2.0525,,,,
03/23/2004,BlackRock World Mining Trust Ord,2.0525,,,,
03/24/2004,BlackRock World Mining Trust Ord,2.045,,,,
03/25/2004,BlackRock World Mining Trust Ord,2.035,,,,
03/26/2004,BlackRock World Mining Trust Ord,2.0325,,,,
03/27/2004,BlackRock World Mining Trust Ord,2.0325,,,,
03/28/2004,BlackRock World Mining Trust Ord,2.0325,,,,
03/29/2004,BlackRock World Mining Trust Ord,2.01,,,,
03/30/2004,BlackRock World Mining Trust Ord,1.99,,,,
03/31/2004,BlackRock World Mining Trust Ord,2.0175,,,,
04/01/2004,BlackRock World Mining Trust Ord,2.055,,,,
04/02/2004,BlackRock World Mining Trust Ord,2.0725,,,,
04/03/2004,BlackRock World Mining Trust Ord,2.0725,,,,
04/04/2004,BlackRock World Mining Trust Ord,2.0725,,,,
04/05/2004,BlackRock World Mining Trust Ord,2.0875,,,,
04/06/2004,BlackRock World Mining Trust Ord,2.0825,,,,
04/07/2004,BlackRock World Mining Trust Ord,2.08,,,,
04/08/2004,BlackRock World Mining Trust Ord,2.115,,,,
04/09/2004,BlackRock World Mining Trust Ord,2.115,,,,
04/10/2004,BlackRock World Mining Trust Ord,2.115,,,,
04/11/2004,BlackRock World Mining Trust Ord,2.115,,,,
04/12/2004,BlackRock World Mining Trust Ord,2.115,,,,
04/13/2004,BlackRock World Mining Trust Ord,2.1,,,,
04/14/2004,BlackRock World Mining Trust Ord,2.025,,,,
04/15/2004,BlackRock World Mining Trust Ord,1.9975,,,,
04/16/2004,BlackRock World Mining Trust Ord,2,,,,
04/17/2004,BlackRock World Mining Trust Ord,2,,,,
04/18/2004,BlackRock World Mining Trust Ord,2,,,,
04/19/2004,BlackRock World Mining Trust Ord,2.0075,,,,
04/20/2004,BlackRock World Mining Trust Ord,1.9775,,,,
04/21/2004,BlackRock World Mining Trust Ord,1.92,,,,
04/22/2004,BlackRock World Mining Trust Ord,1.9275,,,,
04/23/2004,BlackRock World Mining Trust Ord,1.925,,,,
04/24/2004,BlackRock World Mining Trust Ord,1.925,,,,
04/25/2004,BlackRock World Mining Trust Ord,1.925,,,,
04/26/2004,BlackRock World Mining Trust Ord,1.9175,,,,
04/27/2004,BlackRock World Mining Trust Ord,1.89,,,,
04/28/2004,BlackRock World Mining Trust Ord,1.83,,,,
04/29/2004,BlackRock World Mining Trust Ord,1.7525,,,,
04/30/2004,BlackRock World Mining Trust Ord,1.7375,,,,
05/01/2004,BlackRock World Mining Trust Ord,1.7375,,,,
05/02/2004,BlackRock World Mining Trust Ord,1.7375,,,,
05/03/2004,BlackRock World Mining Trust Ord,1.7375,,,,
05/04/2004,BlackRock World Mining Trust Ord,1.79,,,,
05/05/2004,BlackRock World Mining Trust Ord,1.7975,,,,
05/06/2004,BlackRock World Mining Trust Ord,1.7775,,,,
05/07/2004,BlackRock World Mining Trust Ord,1.765,,,,
05/08/2004,BlackRock World Mining Trust Ord,1.765,,,,
05/09/2004,BlackRock World Mining Trust Ord,1.765,,,,
05/10/2004,BlackRock World Mining Trust Ord,1.6875,,,,
05/11/2004,BlackRock World Mining Trust Ord,1.7025,,,,
05/12/2004,BlackRock World Mining Trust Ord,1.71,,,,
05/13/2004,BlackRock World Mining Trust Ord,1.6975,,,,
05/14/2004,BlackRock World Mining Trust Ord,1.655,,,,
05/15/2004,BlackRock World Mining Trust Ord,1.655,,,,
05/16/2004,BlackRock World Mining Trust Ord,1.655,,,,
05/17/2004,BlackRock World Mining Trust Ord,1.64,,,,
05/18/2004,BlackRock World Mining Trust Ord,1.63,,,,
05/19/2004,BlackRock World Mining Trust Ord,1.685,,,,
05/20/2004,BlackRock World Mining Trust Ord,1.685,,,,
05/21/2004,BlackRock World Mining Trust Ord,1.71,,,,
05/22/2004,BlackRock World Mining Trust Ord,1.71,,,,
05/23/2004,BlackRock World Mining Trust Ord,1.71,,,,
05/24/2004,BlackRock World Mining Trust Ord,1.745,,,,
05/25/2004,BlackRock World Mining Trust Ord,1.76,,,,
05/26/2004,BlackRock World Mining Trust Ord,1.76,,,,
05/27/2004,BlackRock World Mining Trust Ord,1.8325,,,,
05/28/2004,BlackRock World Mining Trust Ord,1.83,,,,
05/29/2004,BlackRock World Mining Trust Ord,1.83,,,,
05/30/2004,BlackRock World Mining Trust Ord,1.83,,,,
05/31/2004,BlackRock World Mining Trust Ord,1.83,,,,
06/01/2004,BlackRock World Mining Trust Ord,1.825,,,,
06/02/2004,BlackRock World Mining Trust Ord,1.8125,,,,
06/03/2004,BlackRock World Mining Trust Ord,1.7925,,,,
06/04/2004,BlackRock World Mining Trust Ord,1.765,,,,
06/05/2004,BlackRock World Mining Trust Ord,1.765,,,,
06/06/2004,BlackRock World Mining Trust Ord,1.765,,,,
06/07/2004,BlackRock World Mining Trust Ord,1.7725,,,,
06/08/2004,BlackRock World Mining Trust Ord,1.7675,,,,
06/09/2004,BlackRock World Mining Trust Ord,1.765,,,,
06/10/2004,BlackRock World Mining Trust Ord,1.765,,,,
06/11/2004,BlackRock World Mining Trust Ord,1.75,,,,
06/12/2004,BlackRock World Mining Trust Ord,1.75,,,,
06/13/2004,BlackRock World Mining Trust Ord,1.75,,,,
06/14/2004,BlackRock World Mining Trust Ord,1.75,,,,
06/15/2004,BlackRock World Mining Trust Ord,1.755,,,,
06/16/2004,BlackRock World Mining Trust Ord,1.7475,,,,
06/17/2004,BlackRock World Mining Trust Ord,1.7425,,,,
06/18/2004,BlackRock World Mining Trust Ord,1.7175,,,,
06/19/2004,BlackRock World Mining Trust Ord,1.7175,,,,
06/20/2004,BlackRock World Mining Trust Ord,1.7175,,,,
06/21/2004,BlackRock World Mining Trust Ord,1.73,,,,
06/22/2004,BlackRock World Mining Trust Ord,1.715,,,,
06/23/2004,BlackRock World Mining Trust Ord,1.76,,,,
06/24/2004,BlackRock World Mining Trust Ord,1.8075,,,,
06/25/2004,BlackRock World Mining Trust Ord,1.8175,,,,
06/26/2004,BlackRock World Mining Trust Ord,1.8175,,,,
06/27/2004,BlackRock World Mining Trust Ord,1.8175,,,,
06/28/2004,BlackRock World Mining Trust Ord,1.825,,,,
06/29/2004,BlackRock World Mining Trust Ord,1.8,,,,
06/30/2004,BlackRock World Mining Trust Ord,1.795,,,,
07/01/2004,BlackRock World Mining Trust Ord,1.7925,,,,
07/02/2004,BlackRock World Mining Trust Ord,1.8125,,,,
07/03/2004,BlackRock World Mining Trust Ord,1.8125,,,,
07/04/2004,BlackRock World Mining Trust Ord,1.8125,,,,
07/05/2004,BlackRock World Mining Trust Ord,1.82,,,,
07/06/2004,BlackRock World Mining Trust Ord,1.8,,,,
07/07/2004,BlackRock World Mining Trust Ord,1.8175,,,,
07/08/2004,BlackRock World Mining Trust Ord,1.8475,,,,
07/09/2004,BlackRock World Mining Trust Ord,1.8675,,,,
07/10/2004,BlackRock World Mining Trust Ord,1.8675,,,,
07/11/2004,BlackRock World Mining Trust Ord,1.8675,,,,
07/12/2004,BlackRock World Mining Trust Ord,1.875,,,,
07/13/2004,BlackRock World Mining Trust Ord,1.865,,,,
07/14/2004,BlackRock World Mining Trust Ord,1.88,,,,
07/15/2004,BlackRock World Mining Trust Ord,1.87,,,,
07/16/2004,BlackRock World Mining Trust Ord,1.8825,,,,
07/17/2004,BlackRock World Mining Trust Ord,1.8825,,,,
07/18/2004,BlackRock World Mining Trust Ord,1.8825,,,,
07/19/2004,BlackRock World Mining Trust Ord,1.9025,,,,
07/20/2004,BlackRock World Mining Trust Ord,1.8875,,,,
07/21/2004,BlackRock World Mining Trust Ord,1.92,,,,
07/22/2004,BlackRock World Mining Trust Ord,1.9075,,,,
07/23/2004,BlackRock World Mining Trust Ord,1.8975,,,,
07/24/2004,BlackRock World Mining Trust Ord,1.8975,,,,
07/25/2004,BlackRock World Mining Trust Ord,1.8975,,,,
07/26/2004,BlackRock World Mining Trust Ord,1.8525,,,,
07/27/2004,BlackRock World Mining Trust Ord,1.8225,,,,
07/28/2004,BlackRock World Mining Trust Ord,1.82,,,,
07/29/2004,BlackRock World Mining Trust Ord,1.8375,,,,
07/30/2004,BlackRock World Mining Trust Ord,1.89,,,,
07/31/2004,BlackRock World Mining Trust Ord,1.89,,,,
08/01/2004,BlackRock World Mining Trust Ord,1.89,,,,
08/02/2004,BlackRock World Mining Trust Ord,1.8775,,,,
08/03/2004,BlackRock World Mining Trust Ord,1.8775,,,,
08/04/2004,BlackRock World Mining Trust Ord,1.8525,,,,
08/05/2004,BlackRock World Mining Trust Ord,1.835,,,,
08/06/2004,BlackRock World Mining Trust Ord,1.825,,,,
08/07/2004,BlackRock World Mining Trust Ord,1.825,,,,
08/08/2004,BlackRock World Mining Trust Ord,1.825,,,,
08/09/2004,BlackRock World Mining Trust Ord,1.785,,,,
08/10/2004,BlackRock World Mining Trust Ord,1.7925,,,,
08/11/2004,BlackRock World Mining Trust Ord,1.78,,,,
08/12/2004,BlackRock World Mining Trust Ord,1.775,,,,
08/13/2004,BlackRock World Mining Trust Ord,1.7675,,,,
08/14/2004,BlackRock World Mining Trust Ord,1.7675,,,,
08/15/2004,BlackRock World Mining Trust Ord,1.7675,,,,
08/16/2004,BlackRock World Mining Trust Ord,1.7625,,,,
08/17/2004,BlackRock World Mining Trust Ord,1.7975,,,,
08/18/2004,BlackRock World Mining Trust Ord,1.795,,,,
08/19/2004,BlackRock World Mining Trust Ord,1.8525,,,,
08/20/2004,BlackRock World Mining Trust Ord,1.8625,,,,
08/21/2004,BlackRock World Mining Trust Ord,1.8625,,,,
08/22/2004,BlackRock World Mining Trust Ord,1.8625,,,,
08/23/2004,BlackRock World Mining Trust Ord,1.8975,,,,
08/24/2004,BlackRock World Mining Trust Ord,1.8875,,,,
08/25/2004,BlackRock World Mining Trust Ord,1.885,,,,
08/26/2004,BlackRock World Mining Trust Ord,1.89,,,,
08/27/2004,BlackRock World Mining Trust Ord,1.91,,,,
08/28/2004,BlackRock World Mining Trust Ord,1.91,,,,
08/29/2004,BlackRock World Mining Trust Ord,1.91,,,,
08/30/2004,BlackRock World Mining Trust Ord,1.91,,,,
08/31/2004,BlackRock World Mining Trust Ord,1.8775,,,,
09/01/2004,BlackRock World Mining Trust Ord,1.8875,,,,
09/02/2004,BlackRock World Mining Trust Ord,1.9,,,,
09/03/2004,BlackRock World Mining Trust Ord,1.9275,,,,
09/04/2004,BlackRock World Mining Trust Ord,1.9275,,,,
09/05/2004,BlackRock World Mining Trust Ord,1.9275,,,,
09/06/2004,BlackRock World Mining Trust Ord,1.93,,,,
09/07/2004,BlackRock World Mining Trust Ord,1.9125,,,,
09/08/2004,BlackRock World Mining Trust Ord,1.9075,,,,
09/09/2004,BlackRock World Mining Trust Ord,1.89,,,,
09/10/2004,BlackRock World Mining Trust Ord,1.885,,,,
09/11/2004,BlackRock World Mining Trust Ord,1.885,,,,
09/12/2004,BlackRock World Mining Trust Ord,1.885,,,,
09/13/2004,BlackRock World Mining Trust Ord,1.8875,,,,
09/14/2004,BlackRock World Mining Trust Ord,1.89,,,,
09/15/2004,BlackRock World Mining Trust Ord,1.8975,,,,
09/16/2004,BlackRock World Mining Trust Ord,1.93,,,,
09/17/2004,BlackRock World Mining Trust Ord,1.965,,,,
09/18/2004,BlackRock World Mining Trust Ord,1.965,,,,
09/19/2004,BlackRock World Mining Trust Ord,1.965,,,,
09/20/2004,BlackRock World Mining Trust Ord,1.9725,,,,
09/21/2004,BlackRock World Mining Trust Ord,1.98,,,,
09/22/2004,BlackRock World Mining Trust Ord,1.99,,,,
09/23/2004,BlackRock World Mining Trust Ord,1.99,,,,
09/24/2004,BlackRock World Mining Trust Ord,1.9875,,,,
09/25/2004,BlackRock World Mining Trust Ord,1.9875,,,,
09/26/2004,BlackRock World Mining Trust Ord,1.9875,,,,
09/27/2004,BlackRock World Mining Trust Ord,1.9875,,,,
09/28/2004,BlackRock World Mining Trust Ord,2.05,,,,
09/29/2004,BlackRock World Mining Trust Ord,2.07,,,,
09/30/2004,BlackRock World Mining Trust Ord,2.075,,,,
10/01/2004,BlackRock World Mining Trust Ord,2.095,,,,
10/02/2004,BlackRock World Mining Trust Ord,2.095,,,,
10/03/2004,BlackRock World Mining Trust Ord,2.095,,,,
10/04/2004,BlackRock World Mining Trust Ord,2.09,,,,
10/05/2004,BlackRock World Mining Trust Ord,2.12,,,,
10/06/2004,BlackRock World Mining Trust Ord,2.135,,,,
10/07/2004,BlackRock World Mining Trust Ord,2.15,,,,
10/08/2004,BlackRock World Mining Trust Ord,2.175,,,,
10/09/2004,BlackRock World Mining Trust Ord,2.175,,,,
10/10/2004,BlackRock World Mining Trust Ord,2.175,,,,
10/11/2004,BlackRock World Mining Trust Ord,2.18,,,,
10/12/2004,BlackRock World Mining Trust Ord,2.0975,,,,
10/13/2004,BlackRock World Mining Trust Ord,2.0125,,,,
10/14/2004,BlackRock World Mining Trust Ord,2.0325,,,,
10/15/2004,BlackRock World Mining Trust Ord,2.0525,,,,
10/16/2004,BlackRock World Mining Trust Ord,2.0525,,,,
10/17/2004,BlackRock World Mining Trust Ord,2.0525,,,,
10/18/2004,BlackRock World Mining Trust Ord,2.035,,,,
10/19/2004,BlackRock World Mining Trust Ord,2.02,,,,
10/20/2004,BlackRock World Mining Trust Ord,2,,,,
10/21/2004,BlackRock World Mining Trust Ord,2.0275,,,,
10/22/2004,BlackRock World Mining Trust Ord,2.05,,,,
10/23/2004,BlackRock World Mining Trust Ord,2.05,,,,
10/24/2004,BlackRock World Mining Trust Ord,2.05,,,,
10/25/2004,BlackRock World Mining Trust Ord,2.025,,,,
10/26/2004,BlackRock World Mining Trust Ord,2.0375,,,,
10/27/2004,BlackRock World Mining Trust Ord,2.05,,,,
10/28/2004,BlackRock World Mining Trust Ord,1.965,,,,
10/29/2004,BlackRock World Mining Trust Ord,1.9875,,,,
10/30/2004,BlackRock World Mining Trust Ord,1.9875,,,,
10/31/2004,BlackRock World Mining Trust Ord,1.9875,,,,
11/01/2004,BlackRock World Mining Trust Ord,2.025,,,,
11/02/2004,BlackRock World Mining Trust Ord,2.055,,,,
11/03/2004,BlackRock World Mining Trust Ord,2.07,,,,
11/04/2004,BlackRock World Mining Trust Ord,2.06,,,,
11/05/2004,BlackRock World Mining Trust Ord,2.09,,,,
11/06/2004,BlackRock World Mining Trust Ord,2.09,,,,
11/07/2004,BlackRock World Mining Trust Ord,2.09,,,,
11/08/2004,BlackRock World Mining Trust Ord,2.07,,,,
11/09/2004,BlackRock World Mining Trust Ord,2.0775,,,,
11/10/2004,BlackRock World Mining Trust Ord,2.1075,,,,
11/11/2004,BlackRock World Mining Trust Ord,2.095,,,,
11/12/2004,BlackRock World Mining Trust Ord,2.095,,,,
11/13/2004,BlackRock World Mining Trust Ord,2.095,,,,
11/14/2004,BlackRock World Mining Trust Ord,2.095,,,,
11/15/2004,BlackRock World Mining Trust Ord,2.1125,,,,
11/16/2004,BlackRock World Mining Trust Ord,2.105,,,,
11/17/2004,BlackRock World Mining Trust Ord,2.16,,,,
11/18/2004,BlackRock World Mining Trust Ord,2.1555,,,,
11/19/2004,BlackRock World Mining Trust Ord,2.145,,,,
11/20/2004,BlackRock World Mining Trust Ord,2.145,,,,
11/21/2004,BlackRock World Mining Trust Ord,2.145,,,,
11/22/2004,BlackRock World Mining Trust Ord,2.145,,,,
11/23/2004,BlackRock World Mining Trust Ord,2.1575,,,,
11/24/2004,BlackRock World Mining Trust Ord,2.175,,,,
11/25/2004,BlackRock World Mining Trust Ord,2.1775,,,,
11/26/2004,BlackRock World Mining Trust Ord,2.18,,,,
11/27/2004,BlackRock World Mining Trust Ord,2.18,,,,
11/28/2004,BlackRock World Mining Trust Ord,2.18,,,,
11/29/2004,BlackRock World Mining Trust Ord,2.185,,,,
11/30/2004,BlackRock World Mining Trust Ord,2.1925,,,,
12/01/2004,BlackRock World Mining Trust Ord,2.1775,,,,
12/02/2004,BlackRock World Mining Trust Ord,2.16,,,,
12/03/2004,BlackRock World Mining Trust Ord,2.1125,,,,
12/04/2004,BlackRock World Mining Trust Ord,2.1125,,,,
12/05/2004,BlackRock World Mining Trust Ord,2.1125,,,,
12/06/2004,BlackRock World Mining Trust Ord,2.1025,,,,
12/07/2004,BlackRock World Mining Trust Ord,2.08,,,,
12/08/2004,BlackRock World Mining Trust Ord,2.05,,,,
12/09/2004,BlackRock World Mining Trust Ord,2.0425,,,,
12/10/2004,BlackRock World Mining Trust Ord,2.0525,,,,
12/11/2004,BlackRock World Mining Trust Ord,2.0525,,,,
12/12/2004,BlackRock World Mining Trust Ord,2.0525,,,,
12/13/2004,BlackRock World Mining Trust Ord,2.055,,,,
12/14/2004,BlackRock World Mining Trust Ord,2.07,,,,
12/15/2004,BlackRock World Mining Trust Ord,2.09,,,,
12/16/2004,BlackRock World Mining Trust Ord,2.0975,,,,
12/17/2004,BlackRock World Mining Trust Ord,2.105,,,,
12/18/2004,BlackRock World Mining Trust Ord,2.105,,,,
12/19/2004,BlackRock World Mining Trust Ord,2.105,,,,
12/20/2004,BlackRock World Mining Trust Ord,2.12,,,,
12/21/2004,BlackRock World Mining Trust Ord,2.15,,,,
12/22/2004,BlackRock World Mining Trust Ord,2.18,,,,
12/23/2004,BlackRock World Mining Trust Ord,2.18,,,,
12/24/2004,BlackRock World Mining Trust Ord,2.185,,,,
12/25/2004,BlackRock World Mining Trust Ord,2.185,,,,
12/26/2004,BlackRock World Mining Trust Ord,2.185,,,,
12/27/2004,BlackRock World Mining Trust Ord,2.185,,,,
12/28/2004,BlackRock World Mining Trust Ord,2.185,,,,
12/29/2004,BlackRock World Mining Trust Ord,2.15,,,,
12/30/2004,BlackRock World Mining Trust Ord,2.1575,,,,
12/31/2004,BlackRock World Mining Trust Ord,2.18,,,,
01/01/2005,BlackRock World Mining Trust Ord,2.18,,,,
01/02/2005,BlackRock World Mining Trust Ord,2.18,,,,
01/03/2005,BlackRock World Mining Trust Ord,2.18,,,,
01/04/2005,BlackRock World Mining Trust Ord,2.155,,,,
01/05/2005,BlackRock World Mining Trust Ord,2.11,,,,
01/06/2005,BlackRock World Mining Trust Ord,2.125,,,,
01/07/2005,BlackRock World Mining Trust Ord,2.125,,,,
01/08/2005,BlackRock World Mining Trust Ord,2.125,,,,
01/09/2005,BlackRock World Mining Trust Ord,2.125,,,,
01/10/2005,BlackRock World Mining Trust Ord,2.1075,,,,
01/11/2005,BlackRock World Mining Trust Ord,2.1025,,,,
01/12/2005,BlackRock World Mining Trust Ord,2.11,,,,
01/13/2005,BlackRock World Mining Trust Ord,2.115,,,,
01/14/2005,BlackRock World Mining Trust Ord,2.14,,,,
01/15/2005,BlackRock World Mining Trust Ord,2.14,,,,
01/16/2005,BlackRock World Mining Trust Ord,2.14,,,,
01/17/2005,BlackRock World Mining Trust Ord,2.16,,,,
01/18/2005,BlackRock World Mining Trust Ord,2.15,,,,
01/19/2005,BlackRock World Mining Trust Ord,2.14,,,,
01/20/2005,BlackRock World Mining Trust Ord,2.1325,,,,
01/21/2005,BlackRock World Mining Trust Ord,2.1475,,,,
01/22/2005,BlackRock World Mining Trust Ord,2.1475,,,,
01/23/2005,BlackRock World Mining Trust Ord,2.1475,,,,
01/24/2005,BlackRock World Mining Trust Ord,2.175,,,,
01/25/2005,BlackRock World Mining Trust Ord,2.185,,,,
01/26/2005,BlackRock World Mining Trust Ord,2.19,,,,
01/27/2005,BlackRock World Mining Trust Ord,2.1975,,,,
01/28/2005,BlackRock World Mining Trust Ord,2.185,,,,
01/29/2005,BlackRock World Mining Trust Ord,2.185,,,,
01/30/2005,BlackRock World Mining Trust Ord,2.185,,,,
01/31/2005,BlackRock World Mining Trust Ord,2.185,,,,
02/01/2005,BlackRock World Mining Trust Ord,2.205,,,,
02/02/2005,BlackRock World Mining Trust Ord,2.24,,,,
02/03/2005,BlackRock World Mining Trust Ord,2.24,,,,
02/04/2005,BlackRock World Mining Trust Ord,2.24,,,,
02/05/2005,BlackRock World Mining Trust Ord,2.24,,,,
02/06/2005,BlackRock World Mining Trust Ord,2.24,,,,
02/07/2005,BlackRock World Mining Trust Ord,2.2675,,,,
02/08/2005,BlackRock World Mining Trust Ord,2.265,,,,
02/09/2005,BlackRock World Mining Trust Ord,2.2575,,,,
02/10/2005,BlackRock World Mining Trust Ord,2.2625,,,,
02/11/2005,BlackRock World Mining Trust Ord,2.275,,,,
02/12/2005,BlackRock World Mining Trust Ord,2.275,,,,
02/13/2005,BlackRock World Mining Trust Ord,2.275,,,,
02/14/2005,BlackRock World Mining Trust Ord,2.2575,,,,
02/15/2005,BlackRock World Mining Trust Ord,2.28,,,,
02/16/2005,BlackRock World Mining Trust Ord,2.2875,,,,
02/17/2005,BlackRock World Mining Trust Ord,2.305,,,,
02/18/2005,BlackRock World Mining Trust Ord,2.305,,,,
02/19/2005,BlackRock World Mining Trust Ord,2.305,,,,
02/20/2005,BlackRock World Mining Trust Ord,2.305,,,,
02/21/2005,BlackRock World Mining Trust Ord,2.315,,,,
02/22/2005,BlackRock World Mining Trust Ord,2.3125,,,,
02/23/2005,BlackRock World Mining Trust Ord,2.31,,,,
02/24/2005,BlackRock World Mining Trust Ord,2.3225,,,,
02/25/2005,BlackRock World Mining Trust Ord,2.3425,,,,
02/26/2005,BlackRock World Mining Trust Ord,2.3425,,,,
02/27/2005,BlackRock World Mining Trust Ord,2.3425,,,,
02/28/2005,BlackRock World Mining Trust Ord,2.365,,,,
03/01/2005,BlackRock World Mining Trust Ord,2.33,,,,
03/02/2005,BlackRock World Mining Trust Ord,2.3375,,,,
03/03/2005,BlackRock World Mining Trust Ord,2.34,,,,
03/04/2005,BlackRock World Mining Trust Ord,2.34,,,,
03/05/2005,BlackRock World Mining Trust Ord,2.34,,,,
03/06/2005,BlackRock World Mining Trust Ord,2.34,,,,
03/07/2005,BlackRock World Mining Trust Ord,2.355,,,,
03/08/2005,BlackRock World Mining Trust Ord,2.325,,,,
03/09/2005,BlackRock World Mining Trust Ord,2.365,,,,
03/10/2005,BlackRock World Mining Trust Ord,2.36,,,,
03/11/2005,BlackRock World Mining Trust Ord,2.3675,,,,
03/12/2005,BlackRock World Mining Trust Ord,2.3675,,,,
03/13/2005,BlackRock World Mining Trust Ord,2.3675,,,,
03/14/2005,BlackRock World Mining Trust Ord,2.3675,,,,
03/15/2005,BlackRock World Mining Trust Ord,2.3575,,,,
03/16/2005,BlackRock World Mining Trust Ord,2.3475,,,,
03/17/2005,BlackRock World Mining Trust Ord,2.355,,,,
03/18/2005,BlackRock World Mining Trust Ord,2.375,,,,
03/19/2005,BlackRock World Mining Trust Ord,2.375,,,,
03/20/2005,BlackRock World Mining Trust Ord,2.375,,,,
03/21/2005,BlackRock World Mining Trust Ord,2.37,,,,
03/22/2005,BlackRock World Mining Trust Ord,2.35,,,,
03/23/2005,BlackRock World Mining Trust Ord,2.26,,,,
03/24/2005,BlackRock World Mining Trust Ord,2.265,,,,
03/25/2005,BlackRock World Mining Trust Ord,2.265,,,,
03/26/2005,BlackRock World Mining Trust Ord,2.265,,,,
03/27/2005,BlackRock World Mining Trust Ord,2.265,,,,
03/28/2005,BlackRock World Mining Trust Ord,2.265,,,,
03/29/2005,BlackRock World Mining Trust Ord,2.255,,,,
03/30/2005,BlackRock World Mining Trust Ord,2.255,,,,
03/31/2005,BlackRock World Mining Trust Ord,2.2675,,,,
04/01/2005,BlackRock World Mining Trust Ord,2.31,,,,
04/02/2005,BlackRock World Mining Trust Ord,2.31,,,,
04/03/2005,BlackRock World Mining Trust Ord,2.31,,,,
04/04/2005,BlackRock World Mining Trust Ord,2.29,,,,
04/05/2005,BlackRock World Mining Trust Ord,2.275,,,,
04/06/2005,BlackRock World Mining Trust Ord,2.285,,,,
04/07/2005,BlackRock World Mining Trust Ord,2.285,,,,
04/08/2005,BlackRock World Mining Trust Ord,2.3075,,,,
04/09/2005,BlackRock World Mining Trust Ord,2.3075,,,,
04/10/2005,BlackRock World Mining Trust Ord,2.3075,,,,
04/11/2005,BlackRock World Mining Trust Ord,2.2725,,,,
04/12/2005,BlackRock World Mining Trust Ord,2.2775,,,,
04/13/2005,BlackRock World Mining Trust Ord,2.255,,,,
04/14/2005,BlackRock World Mining Trust Ord,2.2,,,,
04/15/2005,BlackRock World Mining Trust Ord,2.19,,,,
04/16/2005,BlackRock World Mining Trust Ord,2.19,,,,
04/17/2005,BlackRock World Mining Trust Ord,2.19,,,,
04/18/2005,BlackRock World Mining Trust Ord,2.165,,,,
04/19/2005,BlackRock World Mining Trust Ord,2.185,,,,
04/20/2005,BlackRock World Mining Trust Ord,2.21,,,,
04/21/2005,BlackRock World Mining Trust Ord,2.1925,,,,
04/22/2005,BlackRock World Mining Trust Ord,2.19,,,,
04/23/2005,BlackRock World Mining Trust Ord,2.19,,,,
04/24/2005,BlackRock World Mining Trust Ord,2.19,,,,
04/25/2005,BlackRock World Mining Trust Ord,2.18,,,,
04/26/2005,BlackRock World Mining Trust Ord,2.1825,,,,
04/27/2005,BlackRock World Mining Trust Ord,2.1675,,,,
04/28/2005,BlackRock World Mining Trust Ord,2.12,,,,
04/29/2005,BlackRock World Mining Trust Ord,2.1125,,,,
04/30/2005,BlackRock World Mining Trust Ord,2.1125,,,,
05/01/2005,BlackRock World Mining Trust Ord,2.1125,,,,
05/02/2005,BlackRock World Mining Trust Ord,2.1125,,,,
05/03/2005,BlackRock World Mining Trust Ord,2.1225,,,,
05/04/2005,BlackRock World Mining Trust Ord,2.11,,,,
05/05/2005,BlackRock World Mining Trust Ord,2.135,,,,
05/06/2005,BlackRock World Mining Trust Ord,2.1575,,,,
05/07/2005,BlackRock World Mining Trust Ord,2.1575,,,,
05/08/2005,BlackRock World Mining Trust Ord,2.1575,,,,
05/09/2005,BlackRock World Mining Trust Ord,2.155,,,,
05/10/2005,BlackRock World Mining Trust Ord,2.11,,,,
05/11/2005,BlackRock World Mining Trust Ord,2.105,,,,
05/12/2005,BlackRock World Mining Trust Ord,2.09,,,,
05/13/2005,BlackRock World Mining Trust Ord,2.0675,,,,
05/14/2005,BlackRock World Mining Trust Ord,2.0675,,,,
05/15/2005,BlackRock World Mining Trust Ord,2.0675,,,,
05/16/2005,BlackRock World Mining Trust Ord,2.0675,,,,
05/17/2005,BlackRock World Mining Trust Ord,2.08,,,,
05/18/2005,BlackRock World Mining Trust Ord,2.105,,,,
05/19/2005,BlackRock World Mining Trust Ord,2.15,,,,
05/20/2005,BlackRock World Mining Trust Ord,2.145,,,,
05/21/2005,BlackRock World Mining Trust Ord,2.145,,,,
05/22/2005,BlackRock World Mining Trust Ord,2.145,,,,
05/23/2005,BlackRock World Mining Trust Ord,2.155,,,,
05/24/2005,BlackRock World Mining Trust Ord,2.165,,,,
05/25/2005,BlackRock World Mining Trust Ord,2.155,,,,
05/26/2005,BlackRock World Mining Trust Ord,2.17,,,,
05/27/2005,BlackRock World Mining Trust Ord,2.17,,,,
05/28/2005,BlackRock World Mining Trust Ord,2.17,,,,
05/29/2005,BlackRock World Mining Trust Ord,2.17,,,,
05/30/2005,BlackRock World Mining Trust Ord,2.17,,,,
05/31/2005,BlackRock World Mining Trust Ord,2.16,,,,
06/01/2005,BlackRock World Mining Trust Ord,2.2175,,,,
06/02/2005,BlackRock World Mining Trust Ord,2.2175,,,,
06/03/2005,BlackRock World Mining Trust Ord,2.2525,,,,
06/04/2005,BlackRock World Mining Trust Ord,2.2525,,,,
06/05/2005,BlackRock World Mining Trust Ord,2.2525,,,,
06/06/2005,BlackRock World Mining Trust Ord,2.2675,,,,
06/07/2005,BlackRock World Mining Trust Ord,2.2725,,,,
06/08/2005,BlackRock World Mining Trust Ord,2.2775,,,,
06/09/2005,BlackRock World Mining Trust Ord,2.255,,,,
06/10/2005,BlackRock World Mining Trust Ord,2.265,,,,
06/11/2005,BlackRock World Mining Trust Ord,2.265,,,,
06/12/2005,BlackRock World Mining Trust Ord,2.265,,,,
06/13/2005,BlackRock World Mining Trust Ord,2.275,,,,
06/14/2005,BlackRock World Mining Trust Ord,2.265,,,,
06/15/2005,BlackRock World Mining Trust Ord,2.275,,,,
06/16/2005,BlackRock World Mining Trust Ord,2.3225,,,,
06/17/2005,BlackRock World Mining Trust Ord,2.3575,,,,
06/18/2005,BlackRock World Mining Trust Ord,2.3575,,,,
06/19/2005,BlackRock World Mining Trust Ord,2.3575,,,,
06/20/2005,BlackRock World Mining Trust Ord,2.38,,,,
06/21/2005,BlackRock World Mining Trust Ord,2.3475,,,,
06/22/2005,BlackRock World Mining Trust Ord,2.3375,,,,
06/23/2005,BlackRock World Mining Trust Ord,2.3375,,,,
06/24/2005,BlackRock World Mining Trust Ord,2.325,,,,
06/25/2005,BlackRock World Mining Trust Ord,2.325,,,,
06/26/2005,BlackRock World Mining Trust Ord,2.325,,,,
06/27/2005,BlackRock World Mining Trust Ord,2.28,,,,
06/28/2005,BlackRock World Mining Trust Ord,2.345,,,,
06/29/2005,BlackRock World Mining Trust Ord,2.3275,,,,
06/30/2005,BlackRock World Mining Trust Ord,2.3425,,,,
07/01/2005,BlackRock World Mining Trust Ord,2.37,,,,
07/02/2005,BlackRock World Mining Trust Ord,2.37,,,,
07/03/2005,BlackRock World Mining Trust Ord,2.37,,,,
07/04/2005,BlackRock World Mining Trust Ord,2.37,,,,
07/05/2005,BlackRock World Mining Trust Ord,2.37,,,,
07/06/2005,BlackRock World Mining Trust Ord,2.3875,,,,
07/07/2005,BlackRock World Mining Trust Ord,2.295,,,,
07/08/2005,BlackRock World Mining Trust Ord,2.3825,,,,
07/09/2005,BlackRock World Mining Trust Ord,2.3825,,,,
07/10/2005,BlackRock World Mining Trust Ord,2.3825,,,,
07/11/2005,BlackRock World Mining Trust Ord,2.4275,,,,
07/12/2005,BlackRock World Mining Trust Ord,2.43,,,,
07/13/2005,BlackRock World Mining Trust Ord,2.4575,,,,
07/14/2005,BlackRock World Mining Trust Ord,2.455,,,,
07/15/2005,BlackRock World Mining Trust Ord,2.4275,,,,
07/16/2005,BlackRock World Mining Trust Ord,2.4275,,,,
07/17/2005,BlackRock World Mining Trust Ord,2.4275,,,,
07/18/2005,BlackRock World Mining Trust Ord,2.425,,,,
07/19/2005,BlackRock World Mining Trust Ord,2.44,,,,
07/20/2005,BlackRock World Mining Trust Ord,2.495,,,,
07/21/2005,BlackRock World Mining Trust Ord,2.5025,,,,
07/22/2005,BlackRock World Mining Trust Ord,2.5425,,,,
07/23/2005,BlackRock World Mining Trust Ord,2.5425,,,,
07/24/2005,BlackRock World Mining Trust Ord,2.5425,,,,
07/25/2005,BlackRock World Mining Trust Ord,2.58,,,,
07/26/2005,BlackRock World Mining Trust Ord,2.575,,,,
07/27/2005,BlackRock World Mining Trust Ord,2.58,,,,
07/28/2005,BlackRock World Mining Trust Ord,2.615,,,,
07/29/2005,BlackRock World Mining Trust Ord,2.655,,,,
07/30/2005,BlackRock World Mining Trust Ord,2.655,,,,
07/31/2005,BlackRock World Mining Trust Ord,2.655,,,,
08/01/2005,BlackRock World Mining Trust Ord,2.65,,,,
08/02/2005,BlackRock World Mining Trust Ord,2.675,,,,
08/03/2005,BlackRock World Mining Trust Ord,2.725,,,,
08/04/2005,BlackRock World Mining Trust Ord,2.73,,,,
08/05/2005,BlackRock World Mining Trust Ord,2.7125,,,,
08/06/2005,BlackRock World Mining Trust Ord,2.7125,,,,
08/07/2005,BlackRock World Mining Trust Ord,2.7125,,,,
08/08/2005,BlackRock World Mining Trust Ord,2.725,,,,
08/09/2005,BlackRock World Mining Trust Ord,2.79,,,,
08/10/2005,BlackRock World Mining Trust Ord,2.79,,,,
08/11/2005,BlackRock World Mining Trust Ord,2.81,,,,
08/12/2005,BlackRock World Mining Trust Ord,2.83,,,,
08/13/2005,BlackRock World Mining Trust Ord,2.83,,,,
08/14/2005,BlackRock World Mining Trust Ord,2.83,,,,
08/15/2005,BlackRock World Mining Trust Ord,2.85,,,,
08/16/2005,BlackRock World Mining Trust Ord,2.855,,,,
08/17/2005,BlackRock World Mining Trust Ord,2.7675,,,,
08/18/2005,BlackRock World Mining Trust Ord,2.71,,,,
08/19/2005,BlackRock World Mining Trust Ord,2.735,,,,
08/20/2005,BlackRock World Mining Trust Ord,2.735,,,,
08/21/2005,BlackRock World Mining Trust Ord,2.735,,,,
08/22/2005,BlackRock World Mining Trust Ord,2.765,,,,
08/23/2005,BlackRock World Mining Trust Ord,2.7575,,,,
08/24/2005,BlackRock World Mining Trust Ord,2.6975,,,,
08/25/2005,BlackRock World Mining Trust Ord,2.66,,,,
08/26/2005,BlackRock World Mining Trust Ord,2.67,,,,
08/27/2005,BlackRock World Mining Trust Ord,2.67,,,,
08/28/2005,BlackRock World Mining Trust Ord,2.67,,,,
08/29/2005,BlackRock World Mining Trust Ord,2.67,,,,
08/30/2005,BlackRock World Mining Trust Ord,2.685,,,,
08/31/2005,BlackRock World Mining Trust Ord,2.7,,,,
09/01/2005,BlackRock World Mining Trust Ord,2.785,,,,
09/02/2005,BlackRock World Mining Trust Ord,2.775,,,,
09/03/2005,BlackRock World Mining Trust Ord,2.775,,,,
09/04/2005,BlackRock World Mining Trust Ord,2.775,,,,
09/05/2005,BlackRock World Mining Trust Ord,2.745,,,,
09/06/2005,BlackRock World Mining Trust Ord,2.75,,,,
09/07/2005,BlackRock World Mining Trust Ord,2.7525,,,,
09/08/2005,BlackRock World Mining Trust Ord,2.75,,,,
09/09/2005,BlackRock World Mining Trust Ord,2.7725,,,,
09/10/2005,BlackRock World Mining Trust Ord,2.7725,,,,
09/11/2005,BlackRock World Mining Trust Ord,2.7725,,,,
09/12/2005,BlackRock World Mining Trust Ord,2.795,,,,
09/13/2005,BlackRock World Mining Trust Ord,2.7925,,,,
09/14/2005,BlackRock World Mining Trust Ord,2.81,,,,
09/15/2005,BlackRock World Mining Trust Ord,2.8775,,,,
09/16/2005,BlackRock World Mining Trust Ord,2.955,,,,
09/17/2005,BlackRock World Mining Trust Ord,2.955,,,,
09/18/2005,BlackRock World Mining Trust Ord,2.955,,,,
09/19/2005,BlackRock World Mining Trust Ord,3.0075,,,,
09/20/2005,BlackRock World Mining Trust Ord,3.02,,,,
09/21/2005,BlackRock World Mining Trust Ord,2.9425,,,,
09/22/2005,BlackRock World Mining Trust Ord,2.99,,,,
09/23/2005,BlackRock World Mining Trust Ord,3.02,,,,
09/24/2005,BlackRock World Mining Trust Ord,3.02,,,,
09/25/2005,BlackRock World Mining Trust Ord,3.02,,,,
09/26/2005,BlackRock World Mining Trust Ord,3.075,,,,
09/27/2005,BlackRock World Mining Trust Ord,3.085,,,,
09/28/2005,BlackRock World Mining Trust Ord,3.1,,,,
09/29/2005,BlackRock World Mining Trust Ord,3.13,,,,
09/30/2005,BlackRock World Mining Trust Ord,3.16,,,,
10/01/2005,BlackRock World Mining Trust Ord,3.16,,,,
10/02/2005,BlackRock World Mining Trust Ord,3.16,,,,
10/03/2005,BlackRock World Mining Trust Ord,3.1625,,,,
10/04/2005,BlackRock World Mining Trust Ord,3.19,,,,
10/05/2005,BlackRock World Mining Trust Ord,3.12,,,,
10/06/2005,BlackRock World Mining Trust Ord,3.06,,,,
10/07/2005,BlackRock World Mining Trust Ord,3.0075,,,,
10/08/2005,BlackRock World Mining Trust Ord,3.0075,,,,
10/09/2005,BlackRock World Mining Trust Ord,3.0075,,,,
10/10/2005,BlackRock World Mining Trust Ord,3.06,,,,
10/11/2005,BlackRock World Mining Trust Ord,3.08,,,,
10/12/2005,BlackRock World Mining Trust Ord,3.0775,,,,
10/13/2005,BlackRock World Mining Trust Ord,3,,,,
10/14/2005,BlackRock World Mining Trust Ord,2.9975,,,,
10/15/2005,BlackRock World Mining Trust Ord,2.9975,,,,
10/16/2005,BlackRock World Mining Trust Ord,2.9975,,,,
10/17/2005,BlackRock World Mining Trust Ord,3.005,,,,
10/18/2005,BlackRock World Mining Trust Ord,3.0275,,,,
10/19/2005,BlackRock World Mining Trust Ord,2.94,,,,
10/20/2005,BlackRock World Mining Trust Ord,2.9975,,,,
10/21/2005,BlackRock World Mining Trust Ord,2.9475,,,,
10/22/2005,BlackRock World Mining Trust Ord,2.9475,,,,
10/23/2005,BlackRock World Mining Trust Ord,2.9475,,,,
10/24/2005,BlackRock World Mining Trust Ord,3,,,,
10/25/2005,BlackRock World Mining Trust Ord,2.985,,,,
10/26/2005,BlackRock World Mining Trust Ord,3.055,,,,
10/27/2005,BlackRock World Mining Trust Ord,3.015,,,,
10/28/2005,BlackRock World Mining Trust Ord,2.98,,,,
10/29/2005,BlackRock World Mining Trust Ord,2.98,,,,
10/30/2005,BlackRock World Mining Trust Ord,2.98,,,,
10/31/2005,BlackRock World Mining Trust Ord,3.05,,,,
11/01/2005,BlackRock World Mining Trust Ord,3.055,,,,
11/02/2005,BlackRock World Mining Trust Ord,3.06,,,,
11/03/2005,BlackRock World Mining Trust Ord,3.105,,,,
11/04/2005,BlackRock World Mining Trust Ord,3.1,,,,
11/05/2005,BlackRock World Mining Trust Ord,3.1,,,,
11/06/2005,BlackRock World Mining Trust Ord,3.1,,,,
11/07/2005,BlackRock World Mining Trust Ord,3.1,,,,
11/08/2005,BlackRock World Mining Trust Ord,3.1075,,,,
11/09/2005,BlackRock World Mining Trust Ord,3.11,,,,
11/10/2005,BlackRock World Mining Trust Ord,3.105,,,,
11/11/2005,BlackRock World Mining Trust Ord,3.1225,,,,
11/12/2005,BlackRock World Mining Trust Ord,3.1225,,,,
11/13/2005,BlackRock World Mining Trust Ord,3.1225,,,,
11/14/2005,BlackRock World Mining Trust Ord,3.135,,,,
11/15/2005,BlackRock World Mining Trust Ord,3.1475,,,,
11/16/2005,BlackRock World Mining Trust Ord,3.1375,,,,
11/17/2005,BlackRock World Mining Trust Ord,3.2075,,,,
11/18/2005,BlackRock World Mining Trust Ord,3.31,,,,
11/19/2005,BlackRock World Mining Trust Ord,3.31,,,,
11/20/2005,BlackRock World Mining Trust Ord,3.31,,,,
11/21/2005,BlackRock World Mining Trust Ord,3.37,,,,
11/22/2005,BlackRock World Mining Trust Ord,3.3225,,,,
11/23/2005,BlackRock World Mining Trust Ord,3.355,,,,
11/24/2005,BlackRock World Mining Trust Ord,3.3675,,,,
11/25/2005,BlackRock World Mining Trust Ord,3.3875,,,,
11/26/2005,BlackRock World Mining Trust Ord,3.3875,,,,
11/27/2005,BlackRock World Mining Trust Ord,3.3875,,,,
11/28/2005,BlackRock World Mining Trust Ord,3.3825,,,,
11/29/2005,BlackRock World Mining Trust Ord,3.3775,,,,
11/30/2005,BlackRock World Mining Trust Ord,3.325,,,,
12/01/2005,BlackRock World Mining Trust Ord,3.375,,,,
12/02/2005,BlackRock World Mining Trust Ord,3.44,,,,
12/03/2005,BlackRock World Mining Trust Ord,3.44,,,,
12/04/2005,BlackRock World Mining Trust Ord,3.44,,,,
12/05/2005,BlackRock World Mining Trust Ord,3.43,,,,
12/06/2005,BlackRock World Mining Trust Ord,3.435,,,,
12/07/2005,BlackRock World Mining Trust Ord,3.4525,,,,
12/08/2005,BlackRock World Mining Trust Ord,3.42,,,,
12/09/2005,BlackRock World Mining Trust Ord,3.4375,,,,
12/10/2005,BlackRock World Mining Trust Ord,3.4375,,,,
12/11/2005,BlackRock World Mining Trust Ord,3.4375,,,,
12/12/2005,BlackRock World Mining Trust Ord,3.4425,,,,
12/13/2005,BlackRock World Mining Trust Ord,3.39,,,,
12/14/2005,BlackRock World Mining Trust Ord,3.39,,,,
12/15/2005,BlackRock World Mining Trust Ord,3.365,,,,
12/16/2005,BlackRock World Mining Trust Ord,3.37,,,,
12/17/2005,BlackRock World Mining Trust Ord,3.37,,,,
12/18/2005,BlackRock World Mining Trust Ord,3.37,,,,
12/19/2005,BlackRock World Mining Trust Ord,3.38,,,,
12/20/2005,BlackRock World Mining Trust Ord,3.38,,,,
12/21/2005,BlackRock World Mining Trust Ord,3.4175,,,,
12/22/2005,BlackRock World Mining Trust Ord,3.42,,,,
12/23/2005,BlackRock World Mining Trust Ord,3.4375,,,,
12/24/2005,BlackRock World Mining Trust Ord,3.4375,,,,
12/25/2005,BlackRock World Mining Trust Ord,3.4375,,,,
12/26/2005,BlackRock World Mining Trust Ord,3.4375,,,,
12/27/2005,BlackRock World Mining Trust Ord,3.4375,,,,
12/28/2005,BlackRock World Mining Trust Ord,3.4425,,,,
12/29/2005,BlackRock World Mining Trust Ord,3.525,,,,
12/30/2005,BlackRock World Mining Trust Ord,3.515,,,,
12/31/2005,BlackRock World Mining Trust Ord,3.515,,,,
01/01/2006,BlackRock World Mining Trust Ord,3.515,,,,
01/02/2006,BlackRock World Mining Trust Ord,3.515,,,,
01/03/2006,BlackRock World Mining Trust Ord,3.6,,,,
01/04/2006,BlackRock World Mining Trust Ord,3.645,,,,
01/05/2006,BlackRock World Mining Trust Ord,3.62,,,,
01/06/2006,BlackRock World Mining Trust Ord,3.635,,,,
01/07/2006,BlackRock World Mining Trust Ord,3.635,,,,
01/08/2006,BlackRock World Mining Trust Ord,3.635,,,,
01/09/2006,BlackRock World Mining Trust Ord,3.6725,,,,
01/10/2006,BlackRock World Mining Trust Ord,3.61,,,,
01/11/2006,BlackRock World Mining Trust Ord,3.67,,,,
01/12/2006,BlackRock World Mining Trust Ord,3.66,,,,
01/13/2006,BlackRock World Mining Trust Ord,3.675,,,,
01/14/2006,BlackRock World Mining Trust Ord,3.675,,,,
01/15/2006,BlackRock World Mining Trust Ord,3.675,,,,
01/16/2006,BlackRock World Mining Trust Ord,3.7175,,,,
01/17/2006,BlackRock World Mining Trust Ord,3.7325,,,,
01/18/2006,BlackRock World Mining Trust Ord,3.75,,,,
01/19/2006,BlackRock World Mining Trust Ord,3.88,,,,
01/20/2006,BlackRock World Mining Trust Ord,3.91,,,,
01/21/2006,BlackRock World Mining Trust Ord,3.91,,,,
01/22/2006,BlackRock World Mining Trust Ord,3.91,,,,
01/23/2006,BlackRock World Mining Trust Ord,3.8575,,,,
01/24/2006,BlackRock World Mining Trust Ord,3.85,,,,
01/25/2006,BlackRock World Mining Trust Ord,3.9175,,,,
01/26/2006,BlackRock World Mining Trust Ord,3.93,,,,
01/27/2006,BlackRock World Mining Trust Ord,4.02,,,,
01/28/2006,BlackRock World Mining Trust Ord,4.02,,,,
01/29/2006,BlackRock World Mining Trust Ord,4.02,,,,
01/30/2006,BlackRock World Mining Trust Ord,4.08,,,,
01/31/2006,BlackRock World Mining Trust Ord,4.08,,,,
02/01/2006,BlackRock World Mining Trust Ord,4.1725,,,,
02/02/2006,BlackRock World Mining Trust Ord,4.165,,,,
02/03/2006,BlackRock World Mining Trust Ord,4.155,,,,
02/04/2006,BlackRock World Mining Trust Ord,4.155,,,,
02/05/2006,BlackRock World Mining Trust Ord,4.155,,,,
02/06/2006,BlackRock World Mining Trust Ord,4.1775,,,,
02/07/2006,BlackRock World Mining Trust Ord,4.1675,,,,
02/08/2006,BlackRock World Mining Trust Ord,4.01,,,,
02/09/2006,BlackRock World Mining Trust Ord,4.1,,,,
02/10/2006,BlackRock World Mining Trust Ord,3.99,,,,
02/11/2006,BlackRock World Mining Trust Ord,3.99,,,,
02/12/2006,BlackRock World Mining Trust Ord,3.99,,,,
02/13/2006,BlackRock World Mining Trust Ord,3.9425,,,,
02/14/2006,BlackRock World Mining Trust Ord,3.945,,,,
02/15/2006,BlackRock World Mining Trust Ord,3.965,,,,
02/16/2006,BlackRock World Mining Trust Ord,3.9625,,,,
02/17/2006,BlackRock World Mining Trust Ord,4.0925,,,,
02/18/2006,BlackRock World Mining Trust Ord,4.0925,,,,
02/19/2006,BlackRock World Mining Trust Ord,4.0925,,,,
02/20/2006,BlackRock World Mining Trust Ord,4.095,,,,
02/21/2006,BlackRock World Mining Trust Ord,4.1,,,,
02/22/2006,BlackRock World Mining Trust Ord,4.11,,,,
02/23/2006,BlackRock World Mining Trust Ord,4.1,,,,
02/24/2006,BlackRock World Mining Trust Ord,4.02,,,,
02/25/2006,BlackRock World Mining Trust Ord,4.02,,,,
02/26/2006,BlackRock World Mining Trust Ord,4.02,,,,
02/27/2006,BlackRock World Mining Trust Ord,4.025,,,,
02/28/2006,BlackRock World Mining Trust Ord,3.9425,,,,
03/01/2006,BlackRock World Mining Trust Ord,3.94,,,,
03/02/2006,BlackRock World Mining Trust Ord,3.96,,,,
03/03/2006,BlackRock World Mining Trust Ord,3.9625,,,,
03/04/2006,BlackRock World Mining Trust Ord,3.9625,,,,
03/05/2006,BlackRock World Mining Trust Ord,3.9625,,,,
03/06/2006,BlackRock World Mining Trust Ord,3.995,,,,
03/07/2006,BlackRock World Mining Trust Ord,3.875,,,,
03/08/2006,BlackRock World Mining Trust Ord,3.6725,,,,
03/09/2006,BlackRock World Mining Trust Ord,3.82,,,,
03/10/2006,BlackRock World Mining Trust Ord,3.875,,,,
03/11/2006,BlackRock World Mining Trust Ord,3.875,,,,
03/12/2006,BlackRock World Mining Trust Ord,3.875,,,,
03/13/2006,BlackRock World Mining Trust Ord,3.925,,,,
03/14/2006,BlackRock World Mining Trust Ord,3.94,,,,
03/15/2006,BlackRock World Mining Trust Ord,4.01,,,,
03/16/2006,BlackRock World Mining Trust Ord,4.0575,,,,
03/17/2006,BlackRock World Mining Trust Ord,4.0675,,,,
03/18/2006,BlackRock World Mining Trust Ord,4.0675,,,,
03/19/2006,BlackRock World Mining Trust Ord,4.0675,,,,
03/20/2006,BlackRock World Mining Trust Ord,4.06,,,,
03/21/2006,BlackRock World Mining Trust Ord,4.0375,,,,
03/22/2006,BlackRock World Mining Trust Ord,3.98,,,,
03/23/2006,BlackRock World Mining Trust Ord,3.9925,,,,
03/24/2006,BlackRock World Mining Trust Ord,4.07,,,,
03/25/2006,BlackRock World Mining Trust Ord,4.07,,,,
03/26/2006,BlackRock World Mining Trust Ord,4.07,,,,
03/27/2006,BlackRock World Mining Trust Ord,4.0675,,,,
03/28/2006,BlackRock World Mining Trust Ord,4.0525,,,,
03/29/2006,BlackRock World Mining Trust Ord,4.1,,,,
03/30/2006,BlackRock World Mining Trust Ord,4.22,,,,
03/31/2006,BlackRock World Mining Trust Ord,4.205,,,,
04/01/2006,BlackRock World Mining Trust Ord,4.205,,,,
04/02/2006,BlackRock World Mining Trust Ord,4.205,,,,
04/03/2006,BlackRock World Mining Trust Ord,4.375,,,,
04/04/2006,BlackRock World Mining Trust Ord,4.37,,,,
04/05/2006,BlackRock World Mining Trust Ord,4.49,,,,
04/06/2006,BlackRock World Mining Trust Ord,4.5325,,,,
04/07/2006,BlackRock World Mining Trust Ord,4.4775,,,,
04/08/2006,BlackRock World Mining Trust Ord,4.4775,,,,
04/09/2006,BlackRock World Mining Trust Ord,4.4775,,,,
04/10/2006,BlackRock World Mining Trust Ord,4.47,,,,
04/11/2006,BlackRock World Mining Trust Ord,4.495,,,,
04/12/2006,BlackRock World Mining Trust Ord,4.37,,,,
04/13/2006,BlackRock World Mining Trust Ord,4.35,,,,
04/14/2006,BlackRock World Mining Trust Ord,4.35,,,,
04/15/2006,BlackRock World Mining Trust Ord,4.35,,,,
04/16/2006,BlackRock World Mining Trust Ord,4.35,,,,
04/17/2006,BlackRock World Mining Trust Ord,4.35,,,,
04/18/2006,BlackRock World Mining Trust Ord,4.5,,,,
04/19/2006,BlackRock World Mining Trust Ord,4.5075,,,,
04/20/2006,BlackRock World Mining Trust Ord,4.385,,,,
04/21/2006,BlackRock World Mining Trust Ord,4.435,,,,
04/22/2006,BlackRock World Mining Trust Ord,4.435,,,,
04/23/2006,BlackRock World Mining Trust Ord,4.435,,,,
04/24/2006,BlackRock World Mining Trust Ord,4.445,,,,
04/25/2006,BlackRock World Mining Trust Ord,4.48,,,,
04/26/2006,BlackRock World Mining Trust Ord,4.495,,,,
04/27/2006,BlackRock World Mining Trust Ord,4.35,,,,
04/28/2006,BlackRock World Mining Trust Ord,4.3075,,,,
04/29/2006,BlackRock World Mining Trust Ord,4.3075,,,,
04/30/2006,BlackRock World Mining Trust Ord,4.3075,,,,
05/01/2006,BlackRock World Mining Trust Ord,4.3075,,,,
05/02/2006,BlackRock World Mining Trust Ord,4.41,,,,
05/03/2006,BlackRock World Mining Trust Ord,4.36,,,,
05/04/2006,BlackRock World Mining Trust Ord,4.3875,,,,
05/05/2006,BlackRock World Mining Trust Ord,4.46,,,,
05/06/2006,BlackRock World Mining Trust Ord,4.46,,,,
05/07/2006,BlackRock World Mining Trust Ord,4.46,,,,
05/08/2006,BlackRock World Mining Trust Ord,4.5275,,,,
05/09/2006,BlackRock World Mining Trust Ord,4.5175,,,,
05/10/2006,BlackRock World Mining Trust Ord,4.565,,,,
05/11/2006,BlackRock World Mining Trust Ord,4.62,,,,
05/12/2006,BlackRock World Mining Trust Ord,4.46,,,,
05/13/2006,BlackRock World Mining Trust Ord,4.46,,,,
05/14/2006,BlackRock World Mining Trust Ord,4.46,,,,
05/15/2006,BlackRock World Mining Trust Ord,4.185,,,,
05/16/2006,BlackRock World Mining Trust Ord,4.06,,,,
05/17/2006,BlackRock World Mining Trust Ord,3.9275,,,,
05/18/2006,BlackRock World Mining Trust Ord,3.955,,,,
05/19/2006,BlackRock World Mining Trust Ord,3.9575,,,,
05/20/2006,BlackRock World Mining Trust Ord,3.9575,,,,
05/21/2006,BlackRock World Mining Trust Ord,3.9575,,,,
05/22/2006,BlackRock World Mining Trust Ord,3.6575,,,,
05/23/2006,BlackRock World Mining Trust Ord,3.945,,,,
05/24/2006,BlackRock World Mining Trust Ord,3.835,,,,
05/25/2006,BlackRock World Mining Trust Ord,3.95,,,,
05/26/2006,BlackRock World Mining Trust Ord,4.075,,,,
05/27/2006,BlackRock World Mining Trust Ord,4.075,,,,
05/28/2006,BlackRock World Mining Trust Ord,4.075,,,,
05/29/2006,BlackRock World Mining Trust Ord,4.075,,,,
05/30/2006,BlackRock World Mining Trust Ord,3.91,,,,
05/31/2006,BlackRock World Mining Trust Ord,3.92,,,,
06/01/2006,BlackRock World Mining Trust Ord,3.82,,,,
06/02/2006,BlackRock World Mining Trust Ord,3.9275,,,,
06/03/2006,BlackRock World Mining Trust Ord,3.9275,,,,
06/04/2006,BlackRock World Mining Trust Ord,3.9275,,,,
06/05/2006,BlackRock World Mining Trust Ord,3.91,,,,
06/06/2006,BlackRock World Mining Trust Ord,3.7525,,,,
06/07/2006,BlackRock World Mining Trust Ord,3.82,,,,
06/08/2006,BlackRock World Mining Trust Ord,3.59,,,,
06/09/2006,BlackRock World Mining Trust Ord,3.705,,,,
06/10/2006,BlackRock World Mining Trust Ord,3.705,,,,
06/11/2006,BlackRock World Mining Trust Ord,3.705,,,,
06/12/2006,BlackRock World Mining Trust Ord,3.6025,,,,
06/13/2006,BlackRock World Mining Trust Ord,3.37,,,,
06/14/2006,BlackRock World Mining Trust Ord,3.41,,,,
06/15/2006,BlackRock World Mining Trust Ord,3.6575,,,,
06/16/2006,BlackRock World Mining Trust Ord,3.63,,,,
06/17/2006,BlackRock World Mining Trust Ord,3.63,,,,
06/18/2006,BlackRock World Mining Trust Ord,3.63,,,,
06/19/2006,BlackRock World Mining Trust Ord,3.69,,,,
06/20/2006,BlackRock World Mining Trust Ord,3.7,,,,
06/21/2006,BlackRock World Mining Trust Ord,3.7275,,,,
06/22/2006,BlackRock World Mining Trust Ord,3.79,,,,
06/23/2006,BlackRock World Mining Trust Ord,3.7575,,,,
06/24/2006,BlackRock World Mining Trust Ord,3.7575,,,,
06/25/2006,BlackRock World Mining Trust Ord,3.7575,,,,
06/26/2006,BlackRock World Mining Trust Ord,3.82,,,,
06/27/2006,BlackRock World Mining Trust Ord,3.78,,,,
06/28/2006,BlackRock World Mining Trust Ord,3.75,,,,
06/29/2006,BlackRock World Mining Trust Ord,3.915,,,,
06/30/2006,BlackRock World Mining Trust Ord,4.06,,,,
07/01/2006,BlackRock World Mining Trust Ord,4.06,,,,
07/02/2006,BlackRock World Mining Trust Ord,4.06,,,,
07/03/2006,BlackRock World Mining Trust Ord,4.05,,,,
07/04/2006,BlackRock World Mining Trust Ord,4.055,,,,
07/05/2006,BlackRock World Mining Trust Ord,3.9425,,,,
07/06/2006,BlackRock World Mining Trust Ord,4.035,,,,
07/07/2006,BlackRock World Mining Trust Ord,4.035,,,,
07/08/2006,BlackRock World Mining Trust Ord,4.035,,,,
07/09/2006,BlackRock World Mining Trust Ord,4.035,,,,
07/10/2006,BlackRock World Mining Trust Ord,4.015,,,,
07/11/2006,BlackRock World Mining Trust Ord,4.06,,,,
07/12/2006,BlackRock World Mining Trust Ord,4.0975,,,,
07/13/2006,BlackRock World Mining Trust Ord,3.995,,,,
07/14/2006,BlackRock World Mining Trust Ord,3.88,,,,
07/15/2006,BlackRock World Mining Trust Ord,3.88,,,,
07/16/2006,BlackRock World Mining Trust Ord,3.88,,,,
07/17/2006,BlackRock World Mining Trust Ord,3.855,,,,
07/18/2006,BlackRock World Mining Trust Ord,3.865,,,,
07/19/2006,BlackRock World Mining Trust Ord,4.08,,,,
07/20/2006,BlackRock World Mining Trust Ord,4.035,,,,
07/21/2006,BlackRock World Mining Trust Ord,3.98,,,,
07/22/2006,BlackRock World Mining Trust Ord,3.98,,,,
07/23/2006,BlackRock World Mining Trust Ord,3.98,,,,
07/24/2006,BlackRock World Mining Trust Ord,3.9425,,,,
07/25/2006,BlackRock World Mining Trust Ord,3.945,,,,
07/26/2006,BlackRock World Mining Trust Ord,3.92,,,,
07/27/2006,BlackRock World Mining Trust Ord,4.0575,,,,
07/28/2006,BlackRock World Mining Trust Ord,4.025,,,,
07/29/2006,BlackRock World Mining Trust Ord,4.025,,,,
07/30/2006,BlackRock World Mining Trust Ord,4.025,,,,
07/31/2006,BlackRock World Mining Trust Ord,3.97,,,,
08/01/2006,BlackRock World Mining Trust Ord,4.02,,,,
08/02/2006,BlackRock World Mining Trust Ord,4.0725,,,,
08/03/2006,BlackRock World Mining Trust Ord,3.9625,,,,
08/04/2006,BlackRock World Mining Trust Ord,4.1175,,,,
08/05/2006,BlackRock World Mining Trust Ord,4.1175,,,,
08/06/2006,BlackRock World Mining Trust Ord,4.1175,,,,
08/07/2006,BlackRock World Mining Trust Ord,4.045,,,,
08/08/2006,BlackRock World Mining Trust Ord,4.06,,,,
08/09/2006,BlackRock World Mining Trust Ord,4.015,,,,
08/10/2006,BlackRock World Mining Trust Ord,3.9925,,,,
08/11/2006,BlackRock World Mining Trust Ord,3.98,,,,
08/12/2006,BlackRock World Mining Trust Ord,3.98,,,,
08/13/2006,BlackRock World Mining Trust Ord,3.98,,,,
08/14/2006,BlackRock World Mining Trust Ord,4.02,,,,
08/15/2006,BlackRock World Mining Trust Ord,3.995,,,,
08/16/2006,BlackRock World Mining Trust Ord,4.04,,,,
08/17/2006,BlackRock World Mining Trust Ord,4.0775,,,,
08/18/2006,BlackRock World Mining Trust Ord,4.0375,,,,
08/19/2006,BlackRock World Mining Trust Ord,4.0375,,,,
08/20/2006,BlackRock World Mining Trust Ord,4.0375,,,,
08/21/2006,BlackRock World Mining Trust Ord,4.0525,,,,
08/22/2006,BlackRock World Mining Trust Ord,4.08,,,,
08/23/2006,BlackRock World Mining Trust Ord,4.0575,,,,
08/24/2006,BlackRock World Mining Trust Ord,4.03,,,,
08/25/2006,BlackRock World Mining Trust Ord,4.025,,,,
08/26/2006,BlackRock World Mining Trust Ord,4.025,,,,
08/27/2006,BlackRock World Mining Trust Ord,4.025,,,,
08/28/2006,BlackRock World Mining Trust Ord,4.025,,,,
08/29/2006,BlackRock World Mining Trust Ord,4.01,,,,
08/30/2006,BlackRock World Mining Trust Ord,4.03,,,,
08/31/2006,BlackRock World Mining Trust Ord,3.9675,,,,
09/01/2006,BlackRock World Mining Trust Ord,4.0175,,,,
09/02/2006,BlackRock World Mining Trust Ord,4.0175,,,,
09/03/2006,BlackRock World Mining Trust Ord,4.0175,,,,
09/04/2006,BlackRock World Mining Trust Ord,4.0675,,,,
09/05/2006,BlackRock World Mining Trust Ord,4.1425,,,,
09/06/2006,BlackRock World Mining Trust Ord,4.115,,,,
09/07/2006,BlackRock World Mining Trust Ord,4.065,,,,
09/08/2006,BlackRock World Mining Trust Ord,4.0775,,,,
09/09/2006,BlackRock World Mining Trust Ord,4.0775,,,,
09/10/2006,BlackRock World Mining Trust Ord,4.0775,,,,
09/11/2006,BlackRock World Mining Trust Ord,3.865,,,,
09/12/2006,BlackRock World Mining Trust Ord,3.8825,,,,
09/13/2006,BlackRock World Mining Trust Ord,3.8425,,,,
09/14/2006,BlackRock World Mining Trust Ord,3.8425,,,,
09/15/2006,BlackRock World Mining Trust Ord,3.78,,,,
09/16/2006,BlackRock World Mining Trust Ord,3.78,,,,
09/17/2006,BlackRock World Mining Trust Ord,3.78,,,,
09/18/2006,BlackRock World Mining Trust Ord,3.845,,,,
09/19/2006,BlackRock World Mining Trust Ord,3.7875,,,,
09/20/2006,BlackRock World Mining Trust Ord,3.7875,,,,
09/21/2006,BlackRock World Mining Trust Ord,3.77,,,,
09/22/2006,BlackRock World Mining Trust Ord,3.71,,,,
09/23/2006,BlackRock World Mining Trust Ord,3.71,,,,
09/24/2006,BlackRock World Mining Trust Ord,3.71,,,,
09/25/2006,BlackRock World Mining Trust Ord,3.64,,,,
09/26/2006,BlackRock World Mining Trust Ord,3.74,,,,
09/27/2006,BlackRock World Mining Trust Ord,3.785,,,,
09/28/2006,BlackRock World Mining Trust Ord,3.86,,,,
09/29/2006,BlackRock World Mining Trust Ord,3.905,,,,
09/30/2006,BlackRock World Mining Trust Ord,3.905,,,,
10/01/2006,BlackRock World Mining Trust Ord,3.905,,,,
10/02/2006,BlackRock World Mining Trust Ord,3.9525,,,,
10/03/2006,BlackRock World Mining Trust Ord,3.8775,,,,
10/04/2006,BlackRock World Mining Trust Ord,3.7925,,,,
10/05/2006,BlackRock World Mining Trust Ord,3.87,,,,
10/06/2006,BlackRock World Mining Trust Ord,3.8825,,,,
10/07/2006,BlackRock World Mining Trust Ord,3.8825,,,,
10/08/2006,BlackRock World Mining Trust Ord,3.8825,,,,
10/09/2006,BlackRock World Mining Trust Ord,3.9625,,,,
10/10/2006,BlackRock World Mining Trust Ord,4.0025,,,,
10/11/2006,BlackRock World Mining Trust Ord,3.985,,,,
10/12/2006,BlackRock World Mining Trust Ord,4.08,,,,
10/13/2006,BlackRock World Mining Trust Ord,4.1475,,,,
10/14/2006,BlackRock World Mining Trust Ord,4.1475,,,,
10/15/2006,BlackRock World Mining Trust Ord,4.1475,,,,
10/16/2006,BlackRock World Mining Trust Ord,4.1825,,,,
10/17/2006,BlackRock World Mining Trust Ord,4.1,,,,
10/18/2006,BlackRock World Mining Trust Ord,4.21,,,,
10/19/2006,BlackRock World Mining Trust Ord,4.28,,,,
10/20/2006,BlackRock World Mining Trust Ord,4.32,,,,
10/21/2006,BlackRock World Mining Trust Ord,4.32,,,,
10/22/2006,BlackRock World Mining Trust Ord,4.32,,,,
10/23/2006,BlackRock World Mining Trust Ord,4.3225,,,,
10/24/2006,BlackRock World Mining Trust Ord,4.34,,,,
10/25/2006,BlackRock World Mining Trust Ord,4.365,,,,
10/26/2006,BlackRock World Mining Trust Ord,4.4,,,,
10/27/2006,BlackRock World Mining Trust Ord,4.4,,,,
10/28/2006,BlackRock World Mining Trust Ord,4.4,,,,
10/29/2006,BlackRock World Mining Trust Ord,4.4,,,,
10/30/2006,BlackRock World Mining Trust Ord,4.3375,,,,
10/31/2006,BlackRock World Mining Trust Ord,4.3525,,,,
11/01/2006,BlackRock World Mining Trust Ord,4.43,,,,
11/02/2006,BlackRock World Mining Trust Ord,4.405,,,,
11/03/2006,BlackRock World Mining Trust Ord,4.41,,,,
11/04/2006,BlackRock World Mining Trust Ord,4.41,,,,
11/05/2006,BlackRock World Mining Trust Ord,4.41,,,,
11/06/2006,BlackRock World Mining Trust Ord,4.4725,,,,
11/07/2006,BlackRock World Mining Trust Ord,4.52,,,,
11/08/2006,BlackRock World Mining Trust Ord,4.4825,,,,
11/09/2006,BlackRock World Mining Trust Ord,4.495,,,,
11/10/2006,BlackRock World Mining Trust Ord,4.4625,,,,
11/11/2006,BlackRock World Mining Trust Ord,4.4625,,,,
11/12/2006,BlackRock World Mining Trust Ord,4.4625,,,,
11/13/2006,BlackRock World Mining Trust Ord,4.36,,,,
11/14/2006,BlackRock World Mining Trust Ord,4.3775,,,,
11/15/2006,BlackRock World Mining Trust Ord,4.3975,,,,
11/16/2006,BlackRock World Mining Trust Ord,4.39,,,,
11/17/2006,BlackRock World Mining Trust Ord,4.23,,,,
11/18/2006,BlackRock World Mining Trust Ord,4.23,,,,
11/19/2006,BlackRock World Mining Trust Ord,4.23,,,,
11/20/2006,BlackRock World Mining Trust Ord,4.23,,,,
11/21/2006,BlackRock World Mining Trust Ord,4.2325,,,,
11/22/2006,BlackRock World Mining Trust Ord,4.2675,,,,
11/23/2006,BlackRock World Mining Trust Ord,4.2775,,,,
11/24/2006,BlackRock World Mining Trust Ord,4.2725,,,,
11/25/2006,BlackRock World Mining Trust Ord,4.2725,,,,
11/26/2006,BlackRock World Mining Trust Ord,4.2725,,,,
11/27/2006,BlackRock World Mining Trust Ord,4.255,,,,
11/28/2006,BlackRock World Mining Trust Ord,4.2575,,,,
11/29/2006,BlackRock World Mining Trust Ord,4.3375,,,,
11/30/2006,BlackRock World Mining Trust Ord,4.3475,,,,
12/01/2006,BlackRock World Mining Trust Ord,4.31,,,,
12/02/2006,BlackRock World Mining Trust Ord,4.31,,,,
12/03/2006,BlackRock World Mining Trust Ord,4.31,,,,
12/04/2006,BlackRock World Mining Trust Ord,4.3825,,,,
12/05/2006,BlackRock World Mining Trust Ord,4.4975,,,,
12/06/2006,BlackRock World Mining Trust Ord,4.5025,,,,
12/07/2006,BlackRock World Mining Trust Ord,4.4725,,,,
12/08/2006,BlackRock World Mining Trust Ord,4.4175,,,,
12/09/2006,BlackRock World Mining Trust Ord,4.4175,,,,
12/10/2006,BlackRock World Mining Trust Ord,4.4175,,,,
12/11/2006,BlackRock World Mining Trust Ord,4.415,,,,
12/12/2006,BlackRock World Mining Trust Ord,4.385,,,,
12/13/2006,BlackRock World Mining Trust Ord,4.39,,,,
12/14/2006,BlackRock World Mining Trust Ord,4.46,,,,
12/15/2006,BlackRock World Mining Trust Ord,4.49,,,,
12/16/2006,BlackRock World Mining Trust Ord,4.49,,,,
12/17/2006,BlackRock World Mining Trust Ord,4.49,,,,
12/18/2006,BlackRock World Mining Trust Ord,4.455,,,,
12/19/2006,BlackRock World Mining Trust Ord,4.4,,,,
12/20/2006,BlackRock World Mining Trust Ord,4.4,,,,
12/21/2006,BlackRock World Mining Trust Ord,4.3975,,,,
12/22/2006,BlackRock World Mining Trust Ord,4.3775,,,,
12/23/2006,BlackRock World Mining Trust Ord,4.3775,,,,
12/24/2006,BlackRock World Mining Trust Ord,4.3775,,,,
12/25/2006,BlackRock World Mining Trust Ord,4.3775,,,,
12/26/2006,BlackRock World Mining Trust Ord,4.3775,,,,
12/27/2006,BlackRock World Mining Trust Ord,4.4425,,,,
12/28/2006,BlackRock World Mining Trust Ord,4.4425,,,,
12/29/2006,BlackRock World Mining Trust Ord,4.44,,,,
12/30/2006,BlackRock World Mining Trust Ord,4.44,,,,
12/31/2006,BlackRock World Mining Trust Ord,4.44,,,,
01/01/2007,BlackRock World Mining Trust Ord,4.44,,,,
01/02/2007,BlackRock World Mining Trust Ord,4.495,,,,
01/03/2007,BlackRock World Mining Trust Ord,4.455,,,,
01/04/2007,BlackRock World Mining Trust Ord,4.32,,,,
01/05/2007,BlackRock World Mining Trust Ord,4.275,,,,
01/06/2007,BlackRock World Mining Trust Ord,4.275,,,,
01/07/2007,BlackRock World Mining Trust Ord,4.275,,,,
01/08/2007,BlackRock World Mining Trust Ord,4.255,,,,
01/09/2007,BlackRock World Mining Trust Ord,4.2225,,,,
01/10/2007,BlackRock World Mining Trust Ord,4.2025,,,,
01/11/2007,BlackRock World Mining Trust Ord,4.26,,,,
01/12/2007,BlackRock World Mining Trust Ord,4.2725,,,,
01/13/2007,BlackRock World Mining Trust Ord,4.2725,,,,
01/14/2007,BlackRock World Mining Trust Ord,4.2725,,,,
01/15/2007,BlackRock World Mining Trust Ord,4.31,,,,
01/16/2007,BlackRock World Mining Trust Ord,4.255,,,,
01/17/2007,BlackRock World Mining Trust Ord,4.2025,,,,
01/18/2007,BlackRock World Mining Trust Ord,4.245,,,,
01/19/2007,BlackRock World Mining Trust Ord,4.2275,,,,
01/20/2007,BlackRock World Mining Trust Ord,4.2275,,,,
01/21/2007,BlackRock World Mining Trust Ord,4.2275,,,,
01/22/2007,BlackRock World Mining Trust Ord,4.29,,,,
01/23/2007,BlackRock World Mining Trust Ord,4.3225,,,,
01/24/2007,BlackRock World Mining Trust Ord,4.435,,,,
01/25/2007,BlackRock World Mining Trust Ord,4.41,,,,
01/26/2007,BlackRock World Mining Trust Ord,4.3525,,,,
01/27/2007,BlackRock World Mining Trust Ord,4.3525,,,,
01/28/2007,BlackRock World Mining Trust Ord,4.3525,,,,
01/29/2007,BlackRock World Mining Trust Ord,4.39,,,,
01/30/2007,BlackRock World Mining Trust Ord,4.385,,,,
01/31/2007,BlackRock World Mining Trust Ord,4.365,,,,
02/01/2007,BlackRock World Mining Trust Ord,4.4375,,,,
02/02/2007,BlackRock World Mining Trust Ord,4.3975,,,,
02/03/2007,BlackRock World Mining Trust Ord,4.3975,,,,
02/04/2007,BlackRock World Mining Trust Ord,4.3975,,,,
02/05/2007,BlackRock World Mining Trust Ord,4.4,,,,
02/06/2007,BlackRock World Mining Trust Ord,4.4025,,,,
02/07/2007,BlackRock World Mining Trust Ord,4.4675,,,,
02/08/2007,BlackRock World Mining Trust Ord,4.4125,,,,
02/09/2007,BlackRock World Mining Trust Ord,4.46,,,,
02/10/2007,BlackRock World Mining Trust Ord,4.46,,,,
02/11/2007,BlackRock World Mining Trust Ord,4.46,,,,
02/12/2007,BlackRock World Mining Trust Ord,4.4275,,,,
02/13/2007,BlackRock World Mining Trust Ord,4.495,,,,
02/14/2007,BlackRock World Mining Trust Ord,4.61,,,,
02/15/2007,BlackRock World Mining Trust Ord,4.6125,,,,
02/16/2007,BlackRock World Mining Trust Ord,4.615,,,,
02/17/2007,BlackRock World Mining Trust Ord,4.615,,,,
02/18/2007,BlackRock World Mining Trust Ord,4.615,,,,
02/19/2007,BlackRock World Mining Trust Ord,4.74,,,,
02/20/2007,BlackRock World Mining Trust Ord,4.72,,,,
02/21/2007,BlackRock World Mining Trust Ord,4.62,,,,
02/22/2007,BlackRock World Mining Trust Ord,4.74,,,,
02/23/2007,BlackRock World Mining Trust Ord,4.755,,,,
02/24/2007,BlackRock World Mining Trust Ord,4.755,,,,
02/25/2007,BlackRock World Mining Trust Ord,4.755,,,,
02/26/2007,BlackRock World Mining Trust Ord,4.8,,,,
02/27/2007,BlackRock World Mining Trust Ord,4.53,,,,
02/28/2007,BlackRock World Mining Trust Ord,4.43,,,,
03/01/2007,BlackRock World Mining Trust Ord,4.345,,,,
03/02/2007,BlackRock World Mining Trust Ord,4.42,,,,
03/03/2007,BlackRock World Mining Trust Ord,4.42,,,,
03/04/2007,BlackRock World Mining Trust Ord,4.42,,,,
03/05/2007,BlackRock World Mining Trust Ord,4.375,,,,
03/06/2007,BlackRock World Mining Trust Ord,4.445,,,,
03/07/2007,BlackRock World Mining Trust Ord,4.53,,,,
03/08/2007,BlackRock World Mining Trust Ord,4.6525,,,,
03/09/2007,BlackRock World Mining Trust Ord,4.6225,,,,
03/10/2007,BlackRock World Mining Trust Ord,4.6225,,,,
03/11/2007,BlackRock World Mining Trust Ord,4.6225,,,,
03/12/2007,BlackRock World Mining Trust Ord,4.68,,,,
03/13/2007,BlackRock World Mining Trust Ord,4.65,,,,
03/14/2007,BlackRock World Mining Trust Ord,4.4875,,,,
03/15/2007,BlackRock World Mining Trust Ord,4.635,,,,
03/16/2007,BlackRock World Mining Trust Ord,4.6,,,,
03/17/2007,BlackRock World Mining Trust Ord,4.6,,,,
03/18/2007,BlackRock World Mining Trust Ord,4.6,,,,
03/19/2007,BlackRock World Mining Trust Ord,4.69,,,,
03/20/2007,BlackRock World Mining Trust Ord,4.74,,,,
03/21/2007,BlackRock World Mining Trust Ord,4.805,,,,
03/22/2007,BlackRock World Mining Trust Ord,4.8925,,,,
03/23/2007,BlackRock World Mining Trust Ord,4.91,,,,
03/24/2007,BlackRock World Mining Trust Ord,4.91,,,,
03/25/2007,BlackRock World Mining Trust Ord,4.91,,,,
03/26/2007,BlackRock World Mining Trust Ord,4.9225,,,,
03/27/2007,BlackRock World Mining Trust Ord,4.945,,,,
03/28/2007,BlackRock World Mining Trust Ord,4.925,,,,
03/29/2007,BlackRock World Mining Trust Ord,4.965,,,,
03/30/2007,BlackRock World Mining Trust Ord,5.05,,,,
03/31/2007,BlackRock World Mining Trust Ord,5.05,,,,
04/01/2007,BlackRock World Mining Trust Ord,5.05,,,,
04/02/2007,BlackRock World Mining Trust Ord,5.025,,,,
04/03/2007,BlackRock World Mining Trust Ord,5.14,,,,
04/04/2007,BlackRock World Mining Trust Ord,5.15,,,,
04/05/2007,BlackRock World Mining Trust Ord,5.21,,,,
04/06/2007,BlackRock World Mining Trust Ord,5.21,,,,
04/07/2007,BlackRock World Mining Trust Ord,5.21,,,,
04/08/2007,BlackRock World Mining Trust Ord,5.21,,,,
04/09/2007,BlackRock World Mining Trust Ord,5.21,,,,
04/10/2007,BlackRock World Mining Trust Ord,5.3225,,,,
04/11/2007,BlackRock World Mining Trust Ord,5.34,,,,
04/12/2007,BlackRock World Mining Trust Ord,5.295,,,,
04/13/2007,BlackRock World Mining Trust Ord,5.29,,,,
04/14/2007,BlackRock World Mining Trust Ord,5.29,,,,
04/15/2007,BlackRock World Mining Trust Ord,5.29,,,,
04/16/2007,BlackRock World Mining Trust Ord,5.35,,,,
04/17/2007,BlackRock World Mining Trust Ord,5.37,,,,
04/18/2007,BlackRock World Mining Trust Ord,5.3025,,,,
04/19/2007,BlackRock World Mining Trust Ord,5.205,,,,
04/20/2007,BlackRock World Mining Trust Ord,5.32,,,,
04/21/2007,BlackRock World Mining Trust Ord,5.32,,,,
04/22/2007,BlackRock World Mining Trust Ord,5.32,,,,
04/23/2007,BlackRock World Mining Trust Ord,5.305,,,,
04/24/2007,BlackRock World Mining Trust Ord,5.265,,,,
04/25/2007,BlackRock World Mining Trust Ord,5.3375,,,,
04/26/2007,BlackRock World Mining Trust Ord,5.3775,,,,
04/27/2007,BlackRock World Mining Trust Ord,5.37,,,,
04/28/2007,BlackRock World Mining Trust Ord,5.37,,,,
04/29/2007,BlackRock World Mining Trust Ord,5.37,,,,
04/30/2007,BlackRock World Mining Trust Ord,5.33,,,,
05/01/2007,BlackRock World Mining Trust Ord,5.25,,,,
05/02/2007,BlackRock World Mining Trust Ord,5.3175,,,,
05/03/2007,BlackRock World Mining Trust Ord,5.3725,,,,
05/04/2007,BlackRock World Mining Trust Ord,5.55,,,,
05/05/2007,BlackRock World Mining Trust Ord,5.55,,,,
05/06/2007,BlackRock World Mining Trust Ord,5.55,,,,
05/07/2007,BlackRock World Mining Trust Ord,5.55,,,,
05/08/2007,BlackRock World Mining Trust Ord,5.5,,,,
05/09/2007,BlackRock World Mining Trust Ord,5.85,,,,
05/10/2007,BlackRock World Mining Trust Ord,5.6125,,,,
05/11/2007,BlackRock World Mining Trust Ord,5.65,,,,
05/12/2007,BlackRock World Mining Trust Ord,5.65,,,,
05/13/2007,BlackRock World Mining Trust Ord,5.65,,,,
05/14/2007,BlackRock World Mining Trust Ord,5.59,,,,
05/15/2007,BlackRock World Mining Trust Ord,5.6,,,,
05/16/2007,BlackRock World Mining Trust Ord,5.6725,,,,
05/17/2007,BlackRock World Mining Trust Ord,5.615,,,,
05/18/2007,BlackRock World Mining Trust Ord,5.685,,,,
05/19/2007,BlackRock World Mining Trust Ord,5.685,,,,
05/20/2007,BlackRock World Mining Trust Ord,5.685,,,,
05/21/2007,BlackRock World Mining Trust Ord,5.7,,,,
05/22/2007,BlackRock World Mining Trust Ord,5.67,,,,
05/23/2007,BlackRock World Mining Trust Ord,5.735,,,,
05/24/2007,BlackRock World Mining Trust Ord,5.68,,,,
05/25/2007,BlackRock World Mining Trust Ord,5.61,,,,
05/26/2007,BlackRock World Mining Trust Ord,5.61,,,,
05/27/2007,BlackRock World Mining Trust Ord,5.61,,,,
05/28/2007,BlackRock World Mining Trust Ord,5.61,,,,
05/29/2007,BlackRock World Mining Trust Ord,5.6525,,,,
05/30/2007,BlackRock World Mining Trust Ord,5.6425,,,,
05/31/2007,BlackRock World Mining Trust Ord,5.75,,,,
06/01/2007,BlackRock World Mining Trust Ord,5.84,,,,
06/02/2007,BlackRock World Mining Trust Ord,5.84,,,,
06/03/2007,BlackRock World Mining Trust Ord,5.84,,,,
06/04/2007,BlackRock World Mining Trust Ord,5.875,,,,
06/05/2007,BlackRock World Mining Trust Ord,5.89,,,,
06/06/2007,BlackRock World Mining Trust Ord,5.72,,,,
06/07/2007,BlackRock World Mining Trust Ord,5.65,,,,
06/08/2007,BlackRock World Mining Trust Ord,5.695,,,,
06/09/2007,BlackRock World Mining Trust Ord,5.695,,,,
06/10/2007,BlackRock World Mining Trust Ord,5.695,,,,
06/11/2007,BlackRock World Mining Trust Ord,5.7225,,,,
06/12/2007,BlackRock World Mining Trust Ord,5.73,,,,
06/13/2007,BlackRock World Mining Trust Ord,5.91,,,,
06/14/2007,BlackRock World Mining Trust Ord,5.96,,,,
06/15/2007,BlackRock World Mining Trust Ord,6.11,,,,
06/16/2007,BlackRock World Mining Trust Ord,6.11,,,,
06/17/2007,BlackRock World Mining Trust Ord,6.11,,,,
06/18/2007,BlackRock World Mining Trust Ord,6,,,,
06/19/2007,BlackRock World Mining Trust Ord,6.035,,,,
06/20/2007,BlackRock World Mining Trust Ord,6.005,,,,
06/21/2007,BlackRock World Mining Trust Ord,5.905,,,,
06/22/2007,BlackRock World Mining Trust Ord,5.86,,,,
06/23/2007,BlackRock World Mining Trust Ord,5.86,,,,
06/24/2007,BlackRock World Mining Trust Ord,5.86,,,,
06/25/2007,BlackRock World Mining Trust Ord,5.815,,,,
06/26/2007,BlackRock World Mining Trust Ord,5.76,,,,
06/27/2007,BlackRock World Mining Trust Ord,5.615,,,,
06/28/2007,BlackRock World Mining Trust Ord,5.76,,,,
06/29/2007,BlackRock World Mining Trust Ord,5.7,,,,
06/30/2007,BlackRock World Mining Trust Ord,5.7,,,,
07/01/2007,BlackRock World Mining Trust Ord,5.7,,,,
07/02/2007,BlackRock World Mining Trust Ord,5.835,,,,
07/03/2007,BlackRock World Mining Trust Ord,5.915,,,,
07/04/2007,BlackRock World Mining Trust Ord,5.96,,,,
07/05/2007,BlackRock World Mining Trust Ord,5.99,,,,
07/06/2007,BlackRock World Mining Trust Ord,6.025,,,,
07/07/2007,BlackRock World Mining Trust Ord,6.025,,,,
07/08/2007,BlackRock World Mining Trust Ord,6.025,,,,
07/09/2007,BlackRock World Mining Trust Ord,6.12,,,,
07/10/2007,BlackRock World Mining Trust Ord,5.97,,,,
07/11/2007,BlackRock World Mining Trust Ord,6.06,,,,
07/12/2007,BlackRock World Mining Trust Ord,6.15,,,,
07/13/2007,BlackRock World Mining Trust Ord,6.26,,,,
07/14/2007,BlackRock World Mining Trust Ord,6.26,,,,
07/15/2007,BlackRock World Mining Trust Ord,6.26,,,,
07/16/2007,BlackRock World Mining Trust Ord,6.245,,,,
07/17/2007,BlackRock World Mining Trust Ord,6.23,,,,
07/18/2007,BlackRock World Mining Trust Ord,6.125,,,,
07/19/2007,BlackRock World Mining Trust Ord,6.24,,,,
07/20/2007,BlackRock World Mining Trust Ord,6.255,,,,
07/21/2007,BlackRock World Mining Trust Ord,6.255,,,,
07/22/2007,BlackRock World Mining Trust Ord,6.255,,,,
07/23/2007,BlackRock World Mining Trust Ord,6.245,,,,
07/24/2007,BlackRock World Mining Trust Ord,6.08,,,,
07/25/2007,BlackRock World Mining Trust Ord,5.95,,,,
07/26/2007,BlackRock World Mining Trust Ord,5.73,,,,
07/27/2007,BlackRock World Mining Trust Ord,5.775,,,,
07/28/2007,BlackRock World Mining Trust Ord,5.775,,,,
07/29/2007,BlackRock World Mining Trust Ord,5.775,,,,
07/30/2007,BlackRock World Mining Trust Ord,5.87,,,,
07/31/2007,BlackRock World Mining Trust Ord,6.09,,,,
08/01/2007,BlackRock World Mining Trust Ord,5.925,,,,
08/02/2007,BlackRock World Mining Trust Ord,5.895,,,,
08/03/2007,BlackRock World Mining Trust Ord,5.865,,,,
08/04/2007,BlackRock World Mining Trust Ord,5.865,,,,
08/05/2007,BlackRock World Mining Trust Ord,5.865,,,,
08/06/2007,BlackRock World Mining Trust Ord,5.685,,,,
08/07/2007,BlackRock World Mining Trust Ord,5.72,,,,
08/08/2007,BlackRock World Mining Trust Ord,5.885,,,,
08/09/2007,BlackRock World Mining Trust Ord,5.75,,,,
08/10/2007,BlackRock World Mining Trust Ord,5.4,,,,
08/11/2007,BlackRock World Mining Trust Ord,5.4,,,,
08/12/2007,BlackRock World Mining Trust Ord,5.4,,,,
08/13/2007,BlackRock World Mining Trust Ord,5.71,,,,
08/14/2007,BlackRock World Mining Trust Ord,5.51,,,,
08/15/2007,BlackRock World Mining Trust Ord,5.43,,,,
08/16/2007,BlackRock World Mining Trust Ord,5.13,,,,
08/17/2007,BlackRock World Mining Trust Ord,5.14,,,,
08/18/2007,BlackRock World Mining Trust Ord,5.14,,,,
08/19/2007,BlackRock World Mining Trust Ord,5.14,,,,
08/20/2007,BlackRock World Mining Trust Ord,5.25,,,,
08/21/2007,BlackRock World Mining Trust Ord,5.185,,,,
08/22/2007,BlackRock World Mining Trust Ord,5.445,,,,
08/23/2007,BlackRock World Mining Trust Ord,5.52,,,,
08/24/2007,BlackRock World Mining Trust Ord,5.585,,,,
08/25/2007,BlackRock World Mining Trust Ord,5.585,,,,
08/26/2007,BlackRock World Mining Trust Ord,5.585,,,,
08/27/2007,BlackRock World Mining Trust Ord,5.585,,,,
08/28/2007,BlackRock World Mining Trust Ord,5.515,,,,
08/29/2007,BlackRock World Mining Trust Ord,5.58,,,,
08/30/2007,BlackRock World Mining Trust Ord,5.625,,,,
08/31/2007,BlackRock World Mining Trust Ord,5.68,,,,
09/01/2007,BlackRock World Mining Trust Ord,5.68,,,,
09/02/2007,BlackRock World Mining Trust Ord,5.68,,,,
09/03/2007,BlackRock World Mining Trust Ord,5.755,,,,
09/04/2007,BlackRock World Mining Trust Ord,5.8,,,,
09/05/2007,BlackRock World Mining Trust Ord,5.7,,,,
09/06/2007,BlackRock World Mining Trust Ord,5.78,,,,
09/07/2007,BlackRock World Mining Trust Ord,5.72,,,,
09/08/2007,BlackRock World Mining Trust Ord,5.72,,,,
09/09/2007,BlackRock World Mining Trust Ord,5.72,,,,
09/10/2007,BlackRock World Mining Trust Ord,5.63,,,,
09/11/2007,BlackRock World Mining Trust Ord,5.83,,,,
09/12/2007,BlackRock World Mining Trust Ord,5.8,,,,
09/13/2007,BlackRock World Mining Trust Ord,5.86,,,,
09/14/2007,BlackRock World Mining Trust Ord,5.835,,,,
09/15/2007,BlackRock World Mining Trust Ord,5.835,,,,
09/16/2007,BlackRock World Mining Trust Ord,5.835,,,,
09/17/2007,BlackRock World Mining Trust Ord,5.86,,,,
09/18/2007,BlackRock World Mining Trust Ord,6,,,,
09/19/2007,BlackRock World Mining Trust Ord,6.34,,,,
09/20/2007,BlackRock World Mining Trust Ord,6.3,,,,
09/21/2007,BlackRock World Mining Trust Ord,6.27,,,,
09/22/2007,BlackRock World Mining Trust Ord,6.27,,,,
09/23/2007,BlackRock World Mining Trust Ord,6.27,,,,
09/24/2007,BlackRock World Mining Trust Ord,6.52,,,,
09/25/2007,BlackRock World Mining Trust Ord,6.375,,,,
09/26/2007,BlackRock World Mining Trust Ord,6.38,,,,
09/27/2007,BlackRock World Mining Trust Ord,6.51,,,,
09/28/2007,BlackRock World Mining Trust Ord,6.51,,,,
09/29/2007,BlackRock World Mining Trust Ord,6.51,,,,
09/30/2007,BlackRock World Mining Trust Ord,6.51,,,,
10/01/2007,BlackRock World Mining Trust Ord,6.66,,,,
10/02/2007,BlackRock World Mining Trust Ord,6.55,,,,
10/03/2007,BlackRock World Mining Trust Ord,6.61,,,,
10/04/2007,BlackRock World Mining Trust Ord,6.49,,,,
10/05/2007,BlackRock World Mining Trust Ord,6.555,,,,
10/06/2007,BlackRock World Mining Trust Ord,6.555,,,,
10/07/2007,BlackRock World Mining Trust Ord,6.555,,,,
10/08/2007,BlackRock World Mining Trust Ord,6.57,,,,
10/09/2007,BlackRock World Mining Trust Ord,6.64,,,,
10/10/2007,BlackRock World Mining Trust Ord,6.77,,,,
10/11/2007,BlackRock World Mining Trust Ord,6.945,,,,
10/12/2007,BlackRock World Mining Trust Ord,6.9,,,,
10/13/2007,BlackRock World Mining Trust Ord,6.9,,,,
10/14/2007,BlackRock World Mining Trust Ord,6.9,,,,
10/15/2007,BlackRock World Mining Trust Ord,6.825,,,,
10/16/2007,BlackRock World Mining Trust Ord,6.785,,,,
10/17/2007,BlackRock World Mining Trust Ord,6.8,,,,
10/18/2007,BlackRock World Mining Trust Ord,6.785,,,,
10/19/2007,BlackRock World Mining Trust Ord,6.655,,,,
10/20/2007,BlackRock World Mining Trust Ord,6.655,,,,
10/21/2007,BlackRock World Mining Trust Ord,6.655,,,,
10/22/2007,BlackRock World Mining Trust Ord,6.335,,,,
10/23/2007,BlackRock World Mining Trust Ord,6.6,,,,
10/24/2007,BlackRock World Mining Trust Ord,6.43,,,,
10/25/2007,BlackRock World Mining Trust Ord,6.68,,,,
10/26/2007,BlackRock World Mining Trust Ord,6.865,,,,
10/27/2007,BlackRock World Mining Trust Ord,6.865,,,,
10/28/2007,BlackRock World Mining Trust Ord,6.865,,,,
10/29/2007,BlackRock World Mining Trust Ord,6.965,,,,
10/30/2007,BlackRock World Mining Trust Ord,6.855,,,,
10/31/2007,BlackRock World Mining Trust Ord,6.87,,,,
11/01/2007,BlackRock World Mining Trust Ord,6.74,,,,
11/02/2007,BlackRock World Mining Trust Ord,6.685,,,,
11/03/2007,BlackRock World Mining Trust Ord,6.685,,,,
11/04/2007,BlackRock World Mining Trust Ord,6.685,,,,
11/05/2007,BlackRock World Mining Trust Ord,6.59,,,,
11/06/2007,BlackRock World Mining Trust Ord,6.745,,,,
11/07/2007,BlackRock World Mining Trust Ord,6.75,,,,
11/08/2007,BlackRock World Mining Trust Ord,7.035,,,,
11/09/2007,BlackRock World Mining Trust Ord,7.06,,,,
11/10/2007,BlackRock World Mining Trust Ord,7.06,,,,
11/11/2007,BlackRock World Mining Trust Ord,7.06,,,,
11/12/2007,BlackRock World Mining Trust Ord,7.05,,,,
11/13/2007,BlackRock World Mining Trust Ord,6.745,,,,
11/14/2007,BlackRock World Mining Trust Ord,6.86,,,,
11/15/2007,BlackRock World Mining Trust Ord,6.7,,,,
11/16/2007,BlackRock World Mining Trust Ord,6.625,,,,
11/17/2007,BlackRock World Mining Trust Ord,6.625,,,,
11/18/2007,BlackRock World Mining Trust Ord,6.625,,,,
11/19/2007,BlackRock World Mining Trust Ord,6.25,,,,
11/20/2007,BlackRock World Mining Trust Ord,6.445,,,,
11/21/2007,BlackRock World Mining Trust Ord,6.1,,,,
11/22/2007,BlackRock World Mining Trust Ord,6.075,,,,
11/23/2007,BlackRock World Mining Trust Ord,6.4,,,,
11/24/2007,BlackRock World Mining Trust Ord,6.4,,,,
11/25/2007,BlackRock World Mining Trust Ord,6.4,,,,
11/26/2007,BlackRock World Mining Trust Ord,6.35,,,,
11/27/2007,BlackRock World Mining Trust Ord,6.16,,,,
11/28/2007,BlackRock World Mining Trust Ord,6.45,,,,
11/29/2007,BlackRock World Mining Trust Ord,6.595,,,,
11/30/2007,BlackRock World Mining Trust Ord,6.58,,,,
12/01/2007,BlackRock World Mining Trust Ord,6.58,,,,
12/02/2007,BlackRock World Mining Trust Ord,6.58,,,,
12/03/2007,BlackRock World Mining Trust Ord,6.4,,,,
12/04/2007,BlackRock World Mining Trust Ord,6.415,,,,
12/05/2007,BlackRock World Mining Trust Ord,6.685,,,,
12/06/2007,BlackRock World Mining Trust Ord,6.615,,,,
12/07/2007,BlackRock World Mining Trust Ord,6.76,,,,
12/08/2007,BlackRock World Mining Trust Ord,6.76,,,,
12/09/2007,BlackRock World Mining Trust Ord,6.76,,,,
12/10/2007,BlackRock World Mining Trust Ord,6.86,,,,
12/11/2007,BlackRock World Mining Trust Ord,6.865,,,,
12/12/2007,BlackRock World Mining Trust Ord,6.85,,,,
12/13/2007,BlackRock World Mining Trust Ord,6.52,,,,
12/14/2007,BlackRock World Mining Trust Ord,6.52,,,,
12/15/2007,BlackRock World Mining Trust Ord,6.52,,,,
12/16/2007,BlackRock World Mining Trust Ord,6.52,,,,
12/17/2007,BlackRock World Mining Trust Ord,6.13,,,,
12/18/2007,BlackRock World Mining Trust Ord,6.11,,,,
12/19/2007,BlackRock World Mining Trust Ord,6.12,,,,
12/20/2007,BlackRock World Mining Trust Ord,6.195,,,,
12/21/2007,BlackRock World Mining Trust Ord,6.41,,,,
12/22/2007,BlackRock World Mining Trust Ord,6.41,,,,
12/23/2007,BlackRock World Mining Trust Ord,6.41,,,,
12/24/2007,BlackRock World Mining Trust Ord,6.58,,,,
12/25/2007,BlackRock World Mining Trust Ord,6.58,,,,
12/26/2007,BlackRock World Mining Trust Ord,6.58,,,,
12/27/2007,BlackRock World Mining Trust Ord,6.49,,,,
12/28/2007,BlackRock World Mining Trust Ord,6.5,,,,
12/29/2007,BlackRock World Mining Trust Ord,6.5,,,,
12/30/2007,BlackRock World Mining Trust Ord,6.5,,,,
12/31/2007,BlackRock World Mining Trust Ord,6.55,,,,
01/01/2008,BlackRock World Mining Trust Ord,6.55,,,,
01/02/2008,BlackRock World Mining Trust Ord,6.445,,,,
01/03/2008,BlackRock World Mining Trust Ord,6.445,,,,
01/04/2008,BlackRock World Mining Trust Ord,6.375,,,,
01/05/2008,BlackRock World Mining Trust Ord,6.375,,,,
01/06/2008,BlackRock World Mining Trust Ord,6.375,,,,
01/07/2008,BlackRock World Mining Trust Ord,6.345,,,,
01/08/2008,BlackRock World Mining Trust Ord,6.43,,,,
01/09/2008,BlackRock World Mining Trust Ord,6.345,,,,
01/10/2008,BlackRock World Mining Trust Ord,6.36,,,,
01/11/2008,BlackRock World Mining Trust Ord,6.39,,,,
01/12/2008,BlackRock World Mining Trust Ord,6.39,,,,
01/13/2008,BlackRock World Mining Trust Ord,6.39,,,,
01/14/2008,BlackRock World Mining Trust Ord,6.485,,,,
01/15/2008,BlackRock World Mining Trust Ord,6.32,,,,
01/16/2008,BlackRock World Mining Trust Ord,6.125,,,,
01/17/2008,BlackRock World Mining Trust Ord,5.93,,,,
01/18/2008,BlackRock World Mining Trust Ord,5.84,,,,
01/19/2008,BlackRock World Mining Trust Ord,5.84,,,,
01/20/2008,BlackRock World Mining Trust Ord,5.84,,,,
01/21/2008,BlackRock World Mining Trust Ord,5.265,,,,
01/22/2008,BlackRock World Mining Trust Ord,5.66,,,,
01/23/2008,BlackRock World Mining Trust Ord,5.58,,,,
01/24/2008,BlackRock World Mining Trust Ord,5.9,,,,
01/25/2008,BlackRock World Mining Trust Ord,5.875,,,,
01/26/2008,BlackRock World Mining Trust Ord,5.875,,,,
01/27/2008,BlackRock World Mining Trust Ord,5.875,,,,
01/28/2008,BlackRock World Mining Trust Ord,5.81,,,,
01/29/2008,BlackRock World Mining Trust Ord,5.93,,,,
01/30/2008,BlackRock World Mining Trust Ord,5.91,,,,
01/31/2008,BlackRock World Mining Trust Ord,5.98,,,,
02/01/2008,BlackRock World Mining Trust Ord,6.365,,,,
02/02/2008,BlackRock World Mining Trust Ord,6.365,,,,
02/03/2008,BlackRock World Mining Trust Ord,6.365,,,,
02/04/2008,BlackRock World Mining Trust Ord,6.45,,,,
02/05/2008,BlackRock World Mining Trust Ord,6.285,,,,
02/06/2008,BlackRock World Mining Trust Ord,6.18,,,,
02/07/2008,BlackRock World Mining Trust Ord,6.18,,,,
02/08/2008,BlackRock World Mining Trust Ord,6.25,,,,
02/09/2008,BlackRock World Mining Trust Ord,6.25,,,,
02/10/2008,BlackRock World Mining Trust Ord,6.25,,,,
02/11/2008,BlackRock World Mining Trust Ord,6.19,,,,
02/12/2008,BlackRock World Mining Trust Ord,6.53,,,,
02/13/2008,BlackRock World Mining Trust Ord,6.415,,,,
02/14/2008,BlackRock World Mining Trust Ord,6.425,,,,
02/15/2008,BlackRock World Mining Trust Ord,6.37,,,,
02/16/2008,BlackRock World Mining Trust Ord,6.37,,,,
02/17/2008,BlackRock World Mining Trust Ord,6.37,,,,
02/18/2008,BlackRock World Mining Trust Ord,6.545,,,,
02/19/2008,BlackRock World Mining Trust Ord,6.605,,,,
02/20/2008,BlackRock World Mining Trust Ord,6.595,,,,
02/21/2008,BlackRock World Mining Trust Ord,6.815,,,,
02/22/2008,BlackRock World Mining Trust Ord,6.75,,,,
02/23/2008,BlackRock World Mining Trust Ord,6.75,,,,
02/24/2008,BlackRock World Mining Trust Ord,6.75,,,,
02/25/2008,BlackRock World Mining Trust Ord,6.91,,,,
02/26/2008,BlackRock World Mining Trust Ord,6.95,,,,
02/27/2008,BlackRock World Mining Trust Ord,6.895,,,,
02/28/2008,BlackRock World Mining Trust Ord,6.91,,,,
02/29/2008,BlackRock World Mining Trust Ord,6.805,,,,
03/01/2008,BlackRock World Mining Trust Ord,6.805,,,,
03/02/2008,BlackRock World Mining Trust Ord,6.805,,,,
03/03/2008,BlackRock World Mining Trust Ord,6.815,,,,
03/04/2008,BlackRock World Mining Trust Ord,6.83,,,,
03/05/2008,BlackRock World Mining Trust Ord,7.02,,,,
03/06/2008,BlackRock World Mining Trust Ord,7.01,,,,
03/07/2008,BlackRock World Mining Trust Ord,6.865,,,,
03/08/2008,BlackRock World Mining Trust Ord,6.865,,,,
03/09/2008,BlackRock World Mining Trust Ord,6.865,,,,
03/10/2008,BlackRock World Mining Trust Ord,6.58,,,,
03/11/2008,BlackRock World Mining Trust Ord,6.65,,,,
03/12/2008,BlackRock World Mining Trust Ord,6.865,,,,
03/13/2008,BlackRock World Mining Trust Ord,6.9,,,,
03/14/2008,BlackRock World Mining Trust Ord,6.93,,,,
03/15/2008,BlackRock World Mining Trust Ord,6.93,,,,
03/16/2008,BlackRock World Mining Trust Ord,6.93,,,,
03/17/2008,BlackRock World Mining Trust Ord,6.69,,,,
03/18/2008,BlackRock World Mining Trust Ord,6.71,,,,
03/19/2008,BlackRock World Mining Trust Ord,6.55,,,,
03/20/2008,BlackRock World Mining Trust Ord,6.075,,,,
03/21/2008,BlackRock World Mining Trust Ord,6.075,,,,
03/22/2008,BlackRock World Mining Trust Ord,6.075,,,,
03/23/2008,BlackRock World Mining Trust Ord,6.075,,,,
03/24/2008,BlackRock World Mining Trust Ord,6.075,,,,
03/25/2008,BlackRock World Mining Trust Ord,6.255,,,,
03/26/2008,BlackRock World Mining Trust Ord,6.25,,,,
03/27/2008,BlackRock World Mining Trust Ord,6.4,,,,
03/28/2008,BlackRock World Mining Trust Ord,6.47,,,,
03/29/2008,BlackRock World Mining Trust Ord,6.47,,,,
03/30/2008,BlackRock World Mining Trust Ord,6.47,,,,
03/31/2008,BlackRock World Mining Trust Ord,6.63,,,,
04/01/2008,BlackRock World Mining Trust Ord,6.71,,,,
04/02/2008,BlackRock World Mining Trust Ord,6.65,,,,
04/03/2008,BlackRock World Mining Trust Ord,6.58,,,,
04/04/2008,BlackRock World Mining Trust Ord,6.65,,,,
04/05/2008,BlackRock World Mining Trust Ord,6.65,,,,
04/06/2008,BlackRock World Mining Trust Ord,6.65,,,,
04/07/2008,BlackRock World Mining Trust Ord,6.815,,,,
04/08/2008,BlackRock World Mining Trust Ord,6.81,,,,
04/09/2008,BlackRock World Mining Trust Ord,6.87,,,,
04/10/2008,BlackRock World Mining Trust Ord,6.81,,,,
04/11/2008,BlackRock World Mining Trust Ord,6.84,,,,
04/12/2008,BlackRock World Mining Trust Ord,6.84,,,,
04/13/2008,BlackRock World Mining Trust Ord,6.84,,,,
04/14/2008,BlackRock World Mining Trust Ord,6.74,,,,
04/15/2008,BlackRock World Mining Trust Ord,6.96,,,,
04/16/2008,BlackRock World Mining Trust Ord,7.1,,,,
04/17/2008,BlackRock World Mining Trust Ord,7.125,,,,
04/18/2008,BlackRock World Mining Trust Ord,7.2,,,,
04/19/2008,BlackRock World Mining Trust Ord,7.2,,,,
04/20/2008,BlackRock World Mining Trust Ord,7.2,,,,
04/21/2008,BlackRock World Mining Trust Ord,7.285,,,,
04/22/2008,BlackRock World Mining Trust Ord,7.37,,,,
04/23/2008,BlackRock World Mining Trust Ord,7.54,,,,
04/24/2008,BlackRock World Mining Trust Ord,7.3,,,,
04/25/2008,BlackRock World Mining Trust Ord,7.35,,,,
04/26/2008,BlackRock World Mining Trust Ord,7.35,,,,
04/27/2008,BlackRock World Mining Trust Ord,7.35,,,,
04/28/2008,BlackRock World Mining Trust Ord,7.35,,,,
04/29/2008,BlackRock World Mining Trust Ord,7.265,,,,
04/30/2008,BlackRock World Mining Trust Ord,7.135,,,,
05/01/2008,BlackRock World Mining Trust Ord,7.14,,,,
05/02/2008,BlackRock World Mining Trust Ord,7.28,,,,
05/03/2008,BlackRock World Mining Trust Ord,7.28,,,,
05/04/2008,BlackRock World Mining Trust Ord,7.28,,,,
05/05/2008,BlackRock World Mining Trust Ord,7.28,,,,
05/06/2008,BlackRock World Mining Trust Ord,7.315,,,,
05/07/2008,BlackRock World Mining Trust Ord,7.33,,,,
05/08/2008,BlackRock World Mining Trust Ord,7.48,,,,
05/09/2008,BlackRock World Mining Trust Ord,7.375,,,,
05/10/2008,BlackRock World Mining Trust Ord,7.375,,,,
05/11/2008,BlackRock World Mining Trust Ord,7.375,,,,
05/12/2008,BlackRock World Mining Trust Ord,7.45,,,,
05/13/2008,BlackRock World Mining Trust Ord,7.53,,,,
05/14/2008,BlackRock World Mining Trust Ord,7.54,,,,
05/15/2008,BlackRock World Mining Trust Ord,7.74,,,,
05/16/2008,BlackRock World Mining Trust Ord,7.75,,,,
05/17/2008,BlackRock World Mining Trust Ord,7.75,,,,
05/18/2008,BlackRock World Mining Trust Ord,7.75,,,,
05/19/2008,BlackRock World Mining Trust Ord,7.915,,,,
05/20/2008,BlackRock World Mining Trust Ord,7.66,,,,
05/21/2008,BlackRock World Mining Trust Ord,7.57,,,,
05/22/2008,BlackRock World Mining Trust Ord,7.63,,,,
05/23/2008,BlackRock World Mining Trust Ord,7.49,,,,
05/24/2008,BlackRock World Mining Trust Ord,7.49,,,,
05/25/2008,BlackRock World Mining Trust Ord,7.49,,,,
05/26/2008,BlackRock World Mining Trust Ord,7.49,,,,
05/27/2008,BlackRock World Mining Trust Ord,7.82,,,,
05/28/2008,BlackRock World Mining Trust Ord,7.55,,,,
05/29/2008,BlackRock World Mining Trust Ord,7.64,,,,
05/30/2008,BlackRock World Mining Trust Ord,7.45,,,,
05/31/2008,BlackRock World Mining Trust Ord,7.45,,,,
06/01/2008,BlackRock World Mining Trust Ord,7.45,,,,
06/02/2008,BlackRock World Mining Trust Ord,7.39,,,,
06/03/2008,BlackRock World Mining Trust Ord,7.41,,,,
06/04/2008,BlackRock World Mining Trust Ord,7.38,,,,
06/05/2008,BlackRock World Mining Trust Ord,7.34,,,,
06/06/2008,BlackRock World Mining Trust Ord,7.3,,,,
06/07/2008,BlackRock World Mining Trust Ord,7.3,,,,
06/08/2008,BlackRock World Mining Trust Ord,7.3,,,,
06/09/2008,BlackRock World Mining Trust Ord,7.24,,,,
06/10/2008,BlackRock World Mining Trust Ord,7.23,,,,
06/11/2008,BlackRock World Mining Trust Ord,7,,,,
06/12/2008,BlackRock World Mining Trust Ord,7.23,,,,
06/13/2008,BlackRock World Mining Trust Ord,7.17,,,,
06/14/2008,BlackRock World Mining Trust Ord,7.17,,,,
06/15/2008,BlackRock World Mining Trust Ord,7.17,,,,
06/16/2008,BlackRock World Mining Trust Ord,6.955,,,,
06/17/2008,BlackRock World Mining Trust Ord,7,,,,
06/18/2008,BlackRock World Mining Trust Ord,7.1,,,,
06/19/2008,BlackRock World Mining Trust Ord,7.1,,,,
06/20/2008,BlackRock World Mining Trust Ord,7.18,,,,
06/21/2008,BlackRock World Mining Trust Ord,7.18,,,,
06/22/2008,BlackRock World Mining Trust Ord,7.18,,,,
06/23/2008,BlackRock World Mining Trust Ord,7.22,,,,
06/24/2008,BlackRock World Mining Trust Ord,7.12,,,,
06/25/2008,BlackRock World Mining Trust Ord,7.12,,,,
06/26/2008,BlackRock World Mining Trust Ord,6.98,,,,
06/27/2008,BlackRock World Mining Trust Ord,7.035,,,,
06/28/2008,BlackRock World Mining Trust Ord,7.035,,,,
06/29/2008,BlackRock World Mining Trust Ord,7.035,,,,
06/30/2008,BlackRock World Mining Trust Ord,7.105,,,,
07/01/2008,BlackRock World Mining Trust Ord,6.9,,,,
07/02/2008,BlackRock World Mining Trust Ord,6.74,,,,
07/03/2008,BlackRock World Mining Trust Ord,6.69,,,,
07/04/2008,BlackRock World Mining Trust Ord,6.75,,,,
07/05/2008,BlackRock World Mining Trust Ord,6.75,,,,
07/06/2008,BlackRock World Mining Trust Ord,6.75,,,,
07/07/2008,BlackRock World Mining Trust Ord,6.605,,,,
07/08/2008,BlackRock World Mining Trust Ord,6.395,,,,
07/09/2008,BlackRock World Mining Trust Ord,6.49,,,,
07/10/2008,BlackRock World Mining Trust Ord,6.435,,,,
07/11/2008,BlackRock World Mining Trust Ord,6.37,,,,
07/12/2008,BlackRock World Mining Trust Ord,6.37,,,,
07/13/2008,BlackRock World Mining Trust Ord,6.37,,,,
07/14/2008,BlackRock World Mining Trust Ord,6.35,,,,
07/15/2008,BlackRock World Mining Trust Ord,6.1,,,,
07/16/2008,BlackRock World Mining Trust Ord,5.98,,,,
07/17/2008,BlackRock World Mining Trust Ord,6.23,,,,
07/18/2008,BlackRock World Mining Trust Ord,6.175,,,,
07/19/2008,BlackRock World Mining Trust Ord,6.175,,,,
07/20/2008,BlackRock World Mining Trust Ord,6.175,,,,
07/21/2008,BlackRock World Mining Trust Ord,6.1,,,,
07/22/2008,BlackRock World Mining Trust Ord,6.1,,,,
07/23/2008,BlackRock World Mining Trust Ord,6.1,,,,
07/24/2008,BlackRock World Mining Trust Ord,5.99,,,,
07/25/2008,BlackRock World Mining Trust Ord,5.89,,,,
07/26/2008,BlackRock World Mining Trust Ord,5.89,,,,
07/27/2008,BlackRock World Mining Trust Ord,5.89,,,,
07/28/2008,BlackRock World Mining Trust Ord,5.81,,,,
07/29/2008,BlackRock World Mining Trust Ord,5.835,,,,
07/30/2008,BlackRock World Mining Trust Ord,6.015,,,,
07/31/2008,BlackRock World Mining Trust Ord,6.135,,,,
08/01/2008,BlackRock World Mining Trust Ord,6.07,,,,
08/02/2008,BlackRock World Mining Trust Ord,6.07,,,,
08/03/2008,BlackRock World Mining Trust Ord,6.07,,,,
08/04/2008,BlackRock World Mining Trust Ord,5.87,,,,
08/05/2008,BlackRock World Mining Trust Ord,5.75,,,,
08/06/2008,BlackRock World Mining Trust Ord,5.92,,,,
08/07/2008,BlackRock World Mining Trust Ord,5.92,,,,
08/08/2008,BlackRock World Mining Trust Ord,5.8,,,,
08/09/2008,BlackRock World Mining Trust Ord,5.8,,,,
08/10/2008,BlackRock World Mining Trust Ord,5.8,,,,
08/11/2008,BlackRock World Mining Trust Ord,5.615,,,,
08/12/2008,BlackRock World Mining Trust Ord,5.44,,,,
08/13/2008,BlackRock World Mining Trust Ord,5.5,,,,
08/14/2008,BlackRock World Mining Trust Ord,5.6,,,,
08/15/2008,BlackRock World Mining Trust Ord,5.525,,,,
08/16/2008,BlackRock World Mining Trust Ord,5.525,,,,
08/17/2008,BlackRock World Mining Trust Ord,5.525,,,,
08/18/2008,BlackRock World Mining Trust Ord,5.4,,,,
08/19/2008,BlackRock World Mining Trust Ord,5.22,,,,
08/20/2008,BlackRock World Mining Trust Ord,5.425,,,,
08/21/2008,BlackRock World Mining Trust Ord,5.645,,,,
08/22/2008,BlackRock World Mining Trust Ord,5.82,,,,
08/23/2008,BlackRock World Mining Trust Ord,5.82,,,,
08/24/2008,BlackRock World Mining Trust Ord,5.82,,,,
08/25/2008,BlackRock World Mining Trust Ord,5.82,,,,
08/26/2008,BlackRock World Mining Trust Ord,5.69,,,,
08/27/2008,BlackRock World Mining Trust Ord,5.775,,,,
08/28/2008,BlackRock World Mining Trust Ord,5.785,,,,
08/29/2008,BlackRock World Mining Trust Ord,5.98,,,,
08/30/2008,BlackRock World Mining Trust Ord,5.98,,,,
08/31/2008,BlackRock World Mining Trust Ord,5.98,,,,
09/01/2008,BlackRock World Mining Trust Ord,5.955,,,,
09/02/2008,BlackRock World Mining Trust Ord,5.845,,,,
09/03/2008,BlackRock World Mining Trust Ord,5.65,,,,
09/04/2008,BlackRock World Mining Trust Ord,5.51,,,,
09/05/2008,BlackRock World Mining Trust Ord,5.295,,,,
09/06/2008,BlackRock World Mining Trust Ord,5.295,,,,
09/07/2008,BlackRock World Mining Trust Ord,5.295,,,,
09/08/2008,BlackRock World Mining Trust Ord,5.57,,,,
09/09/2008,BlackRock World Mining Trust Ord,5.26,,,,
09/10/2008,BlackRock World Mining Trust Ord,5.1,,,,
09/11/2008,BlackRock World Mining Trust Ord,5.28,,,,
09/12/2008,BlackRock World Mining Trust Ord,5.365,,,,
09/13/2008,BlackRock World Mining Trust Ord,5.365,,,,
09/14/2008,BlackRock World Mining Trust Ord,5.365,,,,
09/15/2008,BlackRock World Mining Trust Ord,5.245,,,,
09/16/2008,BlackRock World Mining Trust Ord,4.86,,,,
09/17/2008,BlackRock World Mining Trust Ord,4.605,,,,
09/18/2008,BlackRock World Mining Trust Ord,4.55,,,,
09/19/2008,BlackRock World Mining Trust Ord,4.8,,,,
09/20/2008,BlackRock World Mining Trust Ord,4.8,,,,
09/21/2008,BlackRock World Mining Trust Ord,4.8,,,,
09/22/2008,BlackRock World Mining Trust Ord,4.58,,,,
09/23/2008,BlackRock World Mining Trust Ord,4.7,,,,
09/24/2008,BlackRock World Mining Trust Ord,4.8175,,,,
09/25/2008,BlackRock World Mining Trust Ord,4.86,,,,
09/26/2008,BlackRock World Mining Trust Ord,4.6925,,,,
09/27/2008,BlackRock World Mining Trust Ord,4.6925,,,,
09/28/2008,BlackRock World Mining Trust Ord,4.6925,,,,
09/29/2008,BlackRock World Mining Trust Ord,4.21,,,,
09/30/2008,BlackRock World Mining Trust Ord,4.1675,,,,
10/01/2008,BlackRock World Mining Trust Ord,4.05,,,,
10/02/2008,BlackRock World Mining Trust Ord,3.98,,,,
10/03/2008,BlackRock World Mining Trust Ord,4.1,,,,
10/04/2008,BlackRock World Mining Trust Ord,4.1,,,,
10/05/2008,BlackRock World Mining Trust Ord,4.1,,,,
10/06/2008,BlackRock World Mining Trust Ord,3.465,,,,
10/07/2008,BlackRock World Mining Trust Ord,3.4525,,,,
10/08/2008,BlackRock World Mining Trust Ord,3.16,,,,
10/09/2008,BlackRock World Mining Trust Ord,3.12,,,,
10/10/2008,BlackRock World Mining Trust Ord,2.8725,,,,
10/11/2008,BlackRock World Mining Trust Ord,2.8725,,,,
10/12/2008,BlackRock World Mining Trust Ord,2.8725,,,,
10/13/2008,BlackRock World Mining Trust Ord,3,,,,
10/14/2008,BlackRock World Mining Trust Ord,3.075,,,,
10/15/2008,BlackRock World Mining Trust Ord,2.76,,,,
10/16/2008,BlackRock World Mining Trust Ord,2.46,,,,
10/17/2008,BlackRock World Mining Trust Ord,2.6,,,,
10/18/2008,BlackRock World Mining Trust Ord,2.6,,,,
10/19/2008,BlackRock World Mining Trust Ord,2.6,,,,
10/20/2008,BlackRock World Mining Trust Ord,2.62,,,,
10/21/2008,BlackRock World Mining Trust Ord,2.6175,,,,
10/22/2008,BlackRock World Mining Trust Ord,2.47,,,,
10/23/2008,BlackRock World Mining Trust Ord,2.36,,,,
10/24/2008,BlackRock World Mining Trust Ord,2.1975,,,,
10/25/2008,BlackRock World Mining Trust Ord,2.1975,,,,
10/26/2008,BlackRock World Mining Trust Ord,2.1975,,,,
10/27/2008,BlackRock World Mining Trust Ord,2.085,,,,
10/28/2008,BlackRock World Mining Trust Ord,2.17,,,,
10/29/2008,BlackRock World Mining Trust Ord,2.36,,,,
10/30/2008,BlackRock World Mining Trust Ord,2.53,,,,
10/31/2008,BlackRock World Mining Trust Ord,2.53,,,,
11/01/2008,BlackRock World Mining Trust Ord,2.53,,,,
11/02/2008,BlackRock World Mining Trust Ord,2.53,,,,
11/03/2008,BlackRock World Mining Trust Ord,2.695,,,,
11/04/2008,BlackRock World Mining Trust Ord,2.85,,,,
11/05/2008,BlackRock World Mining Trust Ord,2.875,,,,
11/06/2008,BlackRock World Mining Trust Ord,2.6125,,,,
11/07/2008,BlackRock World Mining Trust Ord,2.66,,,,
11/08/2008,BlackRock World Mining Trust Ord,2.66,,,,
11/09/2008,BlackRock World Mining Trust Ord,2.66,,,,
11/10/2008,BlackRock World Mining Trust Ord,2.7775,,,,
11/11/2008,BlackRock World Mining Trust Ord,2.56,,,,
11/12/2008,BlackRock World Mining Trust Ord,2.485,,,,
11/13/2008,BlackRock World Mining Trust Ord,2.37,,,,
11/14/2008,BlackRock World Mining Trust Ord,2.44,,,,
11/15/2008,BlackRock World Mining Trust Ord,2.44,,,,
11/16/2008,BlackRock World Mining Trust Ord,2.44,,,,
11/17/2008,BlackRock World Mining Trust Ord,2.465,,,,
11/18/2008,BlackRock World Mining Trust Ord,2.515,,,,
11/19/2008,BlackRock World Mining Trust Ord,2.38,,,,
11/20/2008,BlackRock World Mining Trust Ord,2.18,,,,
11/21/2008,BlackRock World Mining Trust Ord,2.05,,,,
11/22/2008,BlackRock World Mining Trust Ord,2.05,,,,
11/23/2008,BlackRock World Mining Trust Ord,2.05,,,,
11/24/2008,BlackRock World Mining Trust Ord,2.32,,,,
11/25/2008,BlackRock World Mining Trust Ord,2.235,,,,
11/26/2008,BlackRock World Mining Trust Ord,2.345,,,,
11/27/2008,BlackRock World Mining Trust Ord,2.515,,,,
11/28/2008,BlackRock World Mining Trust Ord,2.52,,,,
11/29/2008,BlackRock World Mining Trust Ord,2.52,,,,
11/30/2008,BlackRock World Mining Trust Ord,2.52,,,,
12/01/2008,BlackRock World Mining Trust Ord,2.295,,,,
12/02/2008,BlackRock World Mining Trust Ord,2.1425,,,,
12/03/2008,BlackRock World Mining Trust Ord,2.135,,,,
12/04/2008,BlackRock World Mining Trust Ord,1.96,,,,
12/05/2008,BlackRock World Mining Trust Ord,1.785,,,,
12/06/2008,BlackRock World Mining Trust Ord,1.785,,,,
12/07/2008,BlackRock World Mining Trust Ord,1.785,,,,
12/08/2008,BlackRock World Mining Trust Ord,2.04,,,,
12/09/2008,BlackRock World Mining Trust Ord,2.1225,,,,
12/10/2008,BlackRock World Mining Trust Ord,2.26,,,,
12/11/2008,BlackRock World Mining Trust Ord,2.35,,,,
12/12/2008,BlackRock World Mining Trust Ord,2.2,,,,
12/13/2008,BlackRock World Mining Trust Ord,2.2,,,,
12/14/2008,BlackRock World Mining Trust Ord,2.2,,,,
12/15/2008,BlackRock World Mining Trust Ord,2.22,,,,
12/16/2008,BlackRock World Mining Trust Ord,2.2175,,,,
12/17/2008,BlackRock World Mining Trust Ord,2.32,,,,
12/18/2008,BlackRock World Mining Trust Ord,2.385,,,,
12/19/2008,BlackRock World Mining Trust Ord,2.3375,,,,
12/20/2008,BlackRock World Mining Trust Ord,2.3375,,,,
12/21/2008,BlackRock World Mining Trust Ord,2.3375,,,,
12/22/2008,BlackRock World Mining Trust Ord,2.23,,,,
12/23/2008,BlackRock World Mining Trust Ord,2.2125,,,,
12/24/2008,BlackRock World Mining Trust Ord,2.24,,,,
12/25/2008,BlackRock World Mining Trust Ord,2.24,,,,
12/26/2008,BlackRock World Mining Trust Ord,2.24,,,,
12/27/2008,BlackRock World Mining Trust Ord,2.24,,,,
12/28/2008,BlackRock World Mining Trust Ord,2.24,,,,
12/29/2008,BlackRock World Mining Trust Ord,2.35,,,,
12/30/2008,BlackRock World Mining Trust Ord,2.48,,,,
12/31/2008,BlackRock World Mining Trust Ord,2.525,,,,
01/01/2009,BlackRock World Mining Trust Ord,2.525,,,,
01/02/2009,BlackRock World Mining Trust Ord,2.7,,,,
01/03/2009,BlackRock World Mining Trust Ord,2.7,,,,
01/04/2009,BlackRock World Mining Trust Ord,2.7,,,,
01/05/2009,BlackRock World Mining Trust Ord,2.745,,,,
01/06/2009,BlackRock World Mining Trust Ord,3.0525,,,,
01/07/2009,BlackRock World Mining Trust Ord,2.94,,,,
01/08/2009,BlackRock World Mining Trust Ord,2.8,,,,
01/09/2009,BlackRock World Mining Trust Ord,2.63,,,,
01/10/2009,BlackRock World Mining Trust Ord,2.63,,,,
01/11/2009,BlackRock World Mining Trust Ord,2.63,,,,
01/12/2009,BlackRock World Mining Trust Ord,2.5475,,,,
01/13/2009,BlackRock World Mining Trust Ord,2.5175,,,,
01/14/2009,BlackRock World Mining Trust Ord,2.42,,,,
01/15/2009,BlackRock World Mining Trust Ord,2.45,,,,
01/16/2009,BlackRock World Mining Trust Ord,2.545,,,,
01/17/2009,BlackRock World Mining Trust Ord,2.545,,,,
01/18/2009,BlackRock World Mining Trust Ord,2.545,,,,
01/19/2009,BlackRock World Mining Trust Ord,2.5275,,,,
01/20/2009,BlackRock World Mining Trust Ord,2.59,,,,
01/21/2009,BlackRock World Mining Trust Ord,2.565,,,,
01/22/2009,BlackRock World Mining Trust Ord,2.54,,,,
01/23/2009,BlackRock World Mining Trust Ord,2.5325,,,,
01/24/2009,BlackRock World Mining Trust Ord,2.5325,,,,
01/25/2009,BlackRock World Mining Trust Ord,2.5325,,,,
01/26/2009,BlackRock World Mining Trust Ord,2.645,,,,
01/27/2009,BlackRock World Mining Trust Ord,2.675,,,,
01/28/2009,BlackRock World Mining Trust Ord,2.6825,,,,
01/29/2009,BlackRock World Mining Trust Ord,2.6125,,,,
01/30/2009,BlackRock World Mining Trust Ord,2.625,,,,
01/31/2009,BlackRock World Mining Trust Ord,2.625,,,,
02/01/2009,BlackRock World Mining Trust Ord,2.625,,,,
02/02/2009,BlackRock World Mining Trust Ord,2.55,,,,
02/03/2009,BlackRock World Mining Trust Ord,2.62,,,,
02/04/2009,BlackRock World Mining Trust Ord,2.805,,,,
02/05/2009,BlackRock World Mining Trust Ord,2.79,,,,
02/06/2009,BlackRock World Mining Trust Ord,2.805,,,,
02/07/2009,BlackRock World Mining Trust Ord,2.805,,,,
02/08/2009,BlackRock World Mining Trust Ord,2.805,,,,
02/09/2009,BlackRock World Mining Trust Ord,2.9175,,,,
02/10/2009,BlackRock World Mining Trust Ord,2.8625,,,,
02/11/2009,BlackRock World Mining Trust Ord,2.8875,,,,
02/12/2009,BlackRock World Mining Trust Ord,2.82,,,,
02/13/2009,BlackRock World Mining Trust Ord,2.89,,,,
02/14/2009,BlackRock World Mining Trust Ord,2.89,,,,
02/15/2009,BlackRock World Mining Trust Ord,2.89,,,,
02/16/2009,BlackRock World Mining Trust Ord,2.905,,,,
02/17/2009,BlackRock World Mining Trust Ord,2.855,,,,
02/18/2009,BlackRock World Mining Trust Ord,2.88,,,,
02/19/2009,BlackRock World Mining Trust Ord,2.97,,,,
02/20/2009,BlackRock World Mining Trust Ord,2.815,,,,
02/21/2009,BlackRock World Mining Trust Ord,2.815,,,,
02/22/2009,BlackRock World Mining Trust Ord,2.815,,,,
02/23/2009,BlackRock World Mining Trust Ord,2.7825,,,,
02/24/2009,BlackRock World Mining Trust Ord,2.705,,,,
02/25/2009,BlackRock World Mining Trust Ord,2.7625,,,,
02/26/2009,BlackRock World Mining Trust Ord,2.875,,,,
02/27/2009,BlackRock World Mining Trust Ord,2.815,,,,
02/28/2009,BlackRock World Mining Trust Ord,2.815,,,,
03/01/2009,BlackRock World Mining Trust Ord,2.815,,,,
03/02/2009,BlackRock World Mining Trust Ord,2.695,,,,
03/03/2009,BlackRock World Mining Trust Ord,2.5975,,,,
03/04/2009,BlackRock World Mining Trust Ord,2.885,,,,
03/05/2009,BlackRock World Mining Trust Ord,2.7625,,,,
03/06/2009,BlackRock World Mining Trust Ord,2.815,,,,
03/07/2009,BlackRock World Mining Trust Ord,2.815,,,,
03/08/2009,BlackRock World Mining Trust Ord,2.815,,,,
03/09/2009,BlackRock World Mining Trust Ord,2.8175,,,,
03/10/2009,BlackRock World Mining Trust Ord,2.92,,,,
03/11/2009,BlackRock World Mining Trust Ord,2.9475,,,,
03/12/2009,BlackRock World Mining Trust Ord,2.95,,,,
03/13/2009,BlackRock World Mining Trust Ord,3.075,,,,
03/14/2009,BlackRock World Mining Trust Ord,3.075,,,,
03/15/2009,BlackRock World Mining Trust Ord,3.075,,,,
03/16/2009,BlackRock World Mining Trust Ord,3.0775,,,,
03/17/2009,BlackRock World Mining Trust Ord,2.98,,,,
03/18/2009,BlackRock World Mining Trust Ord,2.925,,,,
03/19/2009,BlackRock World Mining Trust Ord,3.065,,,,
03/20/2009,BlackRock World Mining Trust Ord,3.2175,,,,
03/21/2009,BlackRock World Mining Trust Ord,3.2175,,,,
03/22/2009,BlackRock World Mining Trust Ord,3.2175,,,,
03/23/2009,BlackRock World Mining Trust Ord,3.415,,,,
03/24/2009,BlackRock World Mining Trust Ord,3.26,,,,
03/25/2009,BlackRock World Mining Trust Ord,3.29,,,,
03/26/2009,BlackRock World Mining Trust Ord,3.495,,,,
03/27/2009,BlackRock World Mining Trust Ord,3.525,,,,
03/28/2009,BlackRock World Mining Trust Ord,3.525,,,,
03/29/2009,BlackRock World Mining Trust Ord,3.525,,,,
03/30/2009,BlackRock World Mining Trust Ord,3.1475,,,,
03/31/2009,BlackRock World Mining Trust Ord,3.29,,,,
04/01/2009,BlackRock World Mining Trust Ord,3.285,,,,
04/02/2009,BlackRock World Mining Trust Ord,3.505,,,,
04/03/2009,BlackRock World Mining Trust Ord,3.4275,,,,
04/04/2009,BlackRock World Mining Trust Ord,3.4275,,,,
04/05/2009,BlackRock World Mining Trust Ord,3.4275,,,,
04/06/2009,BlackRock World Mining Trust Ord,3.28,,,,
04/07/2009,BlackRock World Mining Trust Ord,3.24,,,,
04/08/2009,BlackRock World Mining Trust Ord,3.305,,,,
04/09/2009,BlackRock World Mining Trust Ord,3.465,,,,
04/10/2009,BlackRock World Mining Trust Ord,3.465,,,,
04/11/2009,BlackRock World Mining Trust Ord,3.465,,,,
04/12/2009,BlackRock World Mining Trust Ord,3.465,,,,
04/13/2009,BlackRock World Mining Trust Ord,3.465,,,,
04/14/2009,BlackRock World Mining Trust Ord,3.5175,,,,
04/15/2009,BlackRock World Mining Trust Ord,3.44,,,,
04/16/2009,BlackRock World Mining Trust Ord,3.6375,,,,
04/17/2009,BlackRock World Mining Trust Ord,3.56,,,,
04/18/2009,BlackRock World Mining Trust Ord,3.56,,,,
04/19/2009,BlackRock World Mining Trust Ord,3.56,,,,
04/20/2009,BlackRock World Mining Trust Ord,3.285,,,,
04/21/2009,BlackRock World Mining Trust Ord,3.3,,,,
04/22/2009,BlackRock World Mining Trust Ord,3.46,,,,
04/23/2009,BlackRock World Mining Trust Ord,3.5125,,,,
04/24/2009,BlackRock World Mining Trust Ord,3.58,,,,
04/25/2009,BlackRock World Mining Trust Ord,3.58,,,,
04/26/2009,BlackRock World Mining Trust Ord,3.58,,,,
04/27/2009,BlackRock World Mining Trust Ord,3.58,,,,
04/28/2009,BlackRock World Mining Trust Ord,3.46,,,,
04/29/2009,BlackRock World Mining Trust Ord,3.6125,,,,
04/30/2009,BlackRock World Mining Trust Ord,3.7475,,,,
05/01/2009,BlackRock World Mining Trust Ord,3.76,,,,
05/02/2009,BlackRock World Mining Trust Ord,3.76,,,,
05/03/2009,BlackRock World Mining Trust Ord,3.76,,,,
05/04/2009,BlackRock World Mining Trust Ord,3.76,,,,
05/05/2009,BlackRock World Mining Trust Ord,3.895,,,,
05/06/2009,BlackRock World Mining Trust Ord,3.93,,,,
05/07/2009,BlackRock World Mining Trust Ord,3.92,,,,
05/08/2009,BlackRock World Mining Trust Ord,3.9525,,,,
05/09/2009,BlackRock World Mining Trust Ord,3.9525,,,,
05/10/2009,BlackRock World Mining Trust Ord,3.9525,,,,
05/11/2009,BlackRock World Mining Trust Ord,3.775,,,,
05/12/2009,BlackRock World Mining Trust Ord,3.81,,,,
05/13/2009,BlackRock World Mining Trust Ord,3.575,,,,
05/14/2009,BlackRock World Mining Trust Ord,3.5925,,,,
05/15/2009,BlackRock World Mining Trust Ord,3.82,,,,
05/16/2009,BlackRock World Mining Trust Ord,3.82,,,,
05/17/2009,BlackRock World Mining Trust Ord,3.82,,,,
05/18/2009,BlackRock World Mining Trust Ord,3.8375,,,,
05/19/2009,BlackRock World Mining Trust Ord,4.03,,,,
05/20/2009,BlackRock World Mining Trust Ord,4.03,,,,
05/21/2009,BlackRock World Mining Trust Ord,3.895,,,,
05/22/2009,BlackRock World Mining Trust Ord,3.9625,,,,
05/23/2009,BlackRock World Mining Trust Ord,3.9625,,,,
05/24/2009,BlackRock World Mining Trust Ord,3.9625,,,,
05/25/2009,BlackRock World Mining Trust Ord,3.9625,,,,
05/26/2009,BlackRock World Mining Trust Ord,4.035,,,,
05/27/2009,BlackRock World Mining Trust Ord,4.05,,,,
05/28/2009,BlackRock World Mining Trust Ord,4.03,,,,
05/29/2009,BlackRock World Mining Trust Ord,4.16,,,,
05/30/2009,BlackRock World Mining Trust Ord,4.16,,,,
05/31/2009,BlackRock World Mining Trust Ord,4.16,,,,
06/01/2009,BlackRock World Mining Trust Ord,4.33,,,,
06/02/2009,BlackRock World Mining Trust Ord,4.355,,,,
06/03/2009,BlackRock World Mining Trust Ord,4.2,,,,
06/04/2009,BlackRock World Mining Trust Ord,4.08,,,,
06/05/2009,BlackRock World Mining Trust Ord,4.37,,,,
06/06/2009,BlackRock World Mining Trust Ord,4.37,,,,
06/07/2009,BlackRock World Mining Trust Ord,4.37,,,,
06/08/2009,BlackRock World Mining Trust Ord,4.29,,,,
06/09/2009,BlackRock World Mining Trust Ord,4.2625,,,,
06/10/2009,BlackRock World Mining Trust Ord,4.34,,,,
06/11/2009,BlackRock World Mining Trust Ord,4.365,,,,
06/12/2009,BlackRock World Mining Trust Ord,4.28,,,,
06/13/2009,BlackRock World Mining Trust Ord,4.28,,,,
06/14/2009,BlackRock World Mining Trust Ord,4.28,,,,
06/15/2009,BlackRock World Mining Trust Ord,4.0325,,,,
06/16/2009,BlackRock World Mining Trust Ord,3.9775,,,,
06/17/2009,BlackRock World Mining Trust Ord,3.7825,,,,
06/18/2009,BlackRock World Mining Trust Ord,3.8,,,,
06/19/2009,BlackRock World Mining Trust Ord,3.8,,,,
06/20/2009,BlackRock World Mining Trust Ord,3.8,,,,
06/21/2009,BlackRock World Mining Trust Ord,3.8,,,,
06/22/2009,BlackRock World Mining Trust Ord,3.6475,,,,
06/23/2009,BlackRock World Mining Trust Ord,3.6225,,,,
06/24/2009,BlackRock World Mining Trust Ord,3.7475,,,,
06/25/2009,BlackRock World Mining Trust Ord,3.7175,,,,
06/26/2009,BlackRock World Mining Trust Ord,3.775,,,,
06/27/2009,BlackRock World Mining Trust Ord,3.775,,,,
06/28/2009,BlackRock World Mining Trust Ord,3.775,,,,
06/29/2009,BlackRock World Mining Trust Ord,3.8875,,,,
06/30/2009,BlackRock World Mining Trust Ord,3.8425,,,,
07/01/2009,BlackRock World Mining Trust Ord,3.955,,,,
07/02/2009,BlackRock World Mining Trust Ord,3.835,,,,
07/03/2009,BlackRock World Mining Trust Ord,3.765,,,,
07/04/2009,BlackRock World Mining Trust Ord,3.765,,,,
07/05/2009,BlackRock World Mining Trust Ord,3.765,,,,
07/06/2009,BlackRock World Mining Trust Ord,3.6725,,,,
07/07/2009,BlackRock World Mining Trust Ord,3.67,,,,
07/08/2009,BlackRock World Mining Trust Ord,3.585,,,,
07/09/2009,BlackRock World Mining Trust Ord,3.5925,,,,
07/10/2009,BlackRock World Mining Trust Ord,3.52,,,,
07/11/2009,BlackRock World Mining Trust Ord,3.52,,,,
07/12/2009,BlackRock World Mining Trust Ord,3.52,,,,
07/13/2009,BlackRock World Mining Trust Ord,3.56,,,,
07/14/2009,BlackRock World Mining Trust Ord,3.655,,,,
07/15/2009,BlackRock World Mining Trust Ord,3.7675,,,,
07/16/2009,BlackRock World Mining Trust Ord,3.815,,,,
07/17/2009,BlackRock World Mining Trust Ord,3.91,,,,
07/18/2009,BlackRock World Mining Trust Ord,3.91,,,,
07/19/2009,BlackRock World Mining Trust Ord,3.91,,,,
07/20/2009,BlackRock World Mining Trust Ord,3.995,,,,
07/21/2009,BlackRock World Mining Trust Ord,4.0375,,,,
07/22/2009,BlackRock World Mining Trust Ord,4.0575,,,,
07/23/2009,BlackRock World Mining Trust Ord,4.295,,,,
07/24/2009,BlackRock World Mining Trust Ord,4.2975,,,,
07/25/2009,BlackRock World Mining Trust Ord,4.2975,,,,
07/26/2009,BlackRock World Mining Trust Ord,4.2975,,,,
07/27/2009,BlackRock World Mining Trust Ord,4.36,,,,
07/28/2009,BlackRock World Mining Trust Ord,4.24,,,,
07/29/2009,BlackRock World Mining Trust Ord,4.1525,,,,
07/30/2009,BlackRock World Mining Trust Ord,4.33,,,,
07/31/2009,BlackRock World Mining Trust Ord,4.3,,,,
08/01/2009,BlackRock World Mining Trust Ord,4.3,,,,
08/02/2009,BlackRock World Mining Trust Ord,4.3,,,,
08/03/2009,BlackRock World Mining Trust Ord,4.43,,,,
08/04/2009,BlackRock World Mining Trust Ord,4.45,,,,
08/05/2009,BlackRock World Mining Trust Ord,4.35,,,,
08/06/2009,BlackRock World Mining Trust Ord,4.344,,,,
08/07/2009,BlackRock World Mining Trust Ord,4.345,,,,
08/08/2009,BlackRock World Mining Trust Ord,4.345,,,,
08/09/2009,BlackRock World Mining Trust Ord,4.345,,,,
08/10/2009,BlackRock World Mining Trust Ord,4.299,,,,
08/11/2009,BlackRock World Mining Trust Ord,4.271,,,,
08/12/2009,BlackRock World Mining Trust Ord,4.281,,,,
08/13/2009,BlackRock World Mining Trust Ord,4.39,,,,
08/14/2009,BlackRock World Mining Trust Ord,4.309,,,,
08/15/2009,BlackRock World Mining Trust Ord,4.309,,,,
08/16/2009,BlackRock World Mining Trust Ord,4.309,,,,
08/17/2009,BlackRock World Mining Trust Ord,4.188,,,,
08/18/2009,BlackRock World Mining Trust Ord,4.25,,,,
08/19/2009,BlackRock World Mining Trust Ord,4.244,,,,
08/20/2009,BlackRock World Mining Trust Ord,4.352,,,,
08/21/2009,BlackRock World Mining Trust Ord,4.465,,,,
08/22/2009,BlackRock World Mining Trust Ord,4.465,,,,
08/23/2009,BlackRock World Mining Trust Ord,4.465,,,,
08/24/2009,BlackRock World Mining Trust Ord,4.6,,,,
08/25/2009,BlackRock World Mining Trust Ord,4.545,,,,
08/26/2009,BlackRock World Mining Trust Ord,4.45,,,,
08/27/2009,BlackRock World Mining Trust Ord,4.335,,,,
08/28/2009,BlackRock World Mining Trust Ord,4.425,,,,
08/29/2009,BlackRock World Mining Trust Ord,4.425,,,,
08/30/2009,BlackRock World Mining Trust Ord,4.425,,,,
08/31/2009,BlackRock World Mining Trust Ord,4.425,,,,
09/01/2009,BlackRock World Mining Trust Ord,4.27,,,,
09/02/2009,BlackRock World Mining Trust Ord,4.25,,,,
09/03/2009,BlackRock World Mining Trust Ord,4.361,,,,
09/04/2009,BlackRock World Mining Trust Ord,4.46,,,,
09/05/2009,BlackRock World Mining Trust Ord,4.46,,,,
09/06/2009,BlackRock World Mining Trust Ord,4.46,,,,
09/07/2009,BlackRock World Mining Trust Ord,4.599,,,,
09/08/2009,BlackRock World Mining Trust Ord,4.728,,,,
09/09/2009,BlackRock World Mining Trust Ord,4.714,,,,
09/10/2009,BlackRock World Mining Trust Ord,4.65,,,,
09/11/2009,BlackRock World Mining Trust Ord,4.725,,,,
09/12/2009,BlackRock World Mining Trust Ord,4.725,,,,
09/13/2009,BlackRock World Mining Trust Ord,4.725,,,,
09/14/2009,BlackRock World Mining Trust Ord,4.73,,,,
09/15/2009,BlackRock World Mining Trust Ord,4.81,,,,
09/16/2009,BlackRock World Mining Trust Ord,4.98,,,,
09/17/2009,BlackRock World Mining Trust Ord,5.01,,,,
09/18/2009,BlackRock World Mining Trust Ord,4.903,,,,
09/19/2009,BlackRock World Mining Trust Ord,4.903,,,,
09/20/2009,BlackRock World Mining Trust Ord,4.903,,,,
09/21/2009,BlackRock World Mining Trust Ord,4.8,,,,
09/22/2009,BlackRock World Mining Trust Ord,4.885,,,,
09/23/2009,BlackRock World Mining Trust Ord,4.906,,,,
09/24/2009,BlackRock World Mining Trust Ord,4.9,,,,
09/25/2009,BlackRock World Mining Trust Ord,4.907,,,,
09/26/2009,BlackRock World Mining Trust Ord,4.907,,,,
09/27/2009,BlackRock World Mining Trust Ord,4.907,,,,
09/28/2009,BlackRock World Mining Trust Ord,4.972,,,,
09/29/2009,BlackRock World Mining Trust Ord,4.943,,,,
09/30/2009,BlackRock World Mining Trust Ord,4.95,,,,
10/01/2009,BlackRock World Mining Trust Ord,4.86,,,,
10/02/2009,BlackRock World Mining Trust Ord,4.8,,,,
10/03/2009,BlackRock World Mining Trust Ord,4.8,,,,
10/04/2009,BlackRock World Mining Trust Ord,4.8,,,,
10/05/2009,BlackRock World Mining Trust Ord,4.842,,,,
10/06/2009,BlackRock World Mining Trust Ord,5.09,,,,
10/07/2009,BlackRock World Mining Trust Ord,5.17,,,,
10/08/2009,BlackRock World Mining Trust Ord,5.215,,,,
10/09/2009,BlackRock World Mining Trust Ord,5.235,,,,
10/10/2009,BlackRock World Mining Trust Ord,5.235,,,,
10/11/2009,BlackRock World Mining Trust Ord,5.235,,,,
10/12/2009,BlackRock World Mining Trust Ord,5.365,,,,
10/13/2009,BlackRock World Mining Trust Ord,5.335,,,,
10/14/2009,BlackRock World Mining Trust Ord,5.58,,,,
10/15/2009,BlackRock World Mining Trust Ord,5.34,,,,
10/16/2009,BlackRock World Mining Trust Ord,5.325,,,,
10/17/2009,BlackRock World Mining Trust Ord,5.325,,,,
10/18/2009,BlackRock World Mining Trust Ord,5.325,,,,
10/19/2009,BlackRock World Mining Trust Ord,5.445,,,,
10/20/2009,BlackRock World Mining Trust Ord,5.34,,,,
10/21/2009,BlackRock World Mining Trust Ord,5.29,,,,
10/22/2009,BlackRock World Mining Trust Ord,5.195,,,,
10/23/2009,BlackRock World Mining Trust Ord,5.28,,,,
10/24/2009,BlackRock World Mining Trust Ord,5.28,,,,
10/25/2009,BlackRock World Mining Trust Ord,5.28,,,,
10/26/2009,BlackRock World Mining Trust Ord,5.19,,,,
10/27/2009,BlackRock World Mining Trust Ord,5.11,,,,
10/28/2009,BlackRock World Mining Trust Ord,4.885,,,,
10/29/2009,BlackRock World Mining Trust Ord,4.926,,,,
10/30/2009,BlackRock World Mining Trust Ord,4.79,,,,
10/31/2009,BlackRock World Mining Trust Ord,4.79,,,,
11/01/2009,BlackRock World Mining Trust Ord,4.79,,,,
11/02/2009,BlackRock World Mining Trust Ord,5,,,,
11/03/2009,BlackRock World Mining Trust Ord,4.864,,,,
11/04/2009,BlackRock World Mining Trust Ord,5.105,,,,
11/05/2009,BlackRock World Mining Trust Ord,5.025,,,,
11/06/2009,BlackRock World Mining Trust Ord,5.06,,,,
11/07/2009,BlackRock World Mining Trust Ord,5.06,,,,
11/08/2009,BlackRock World Mining Trust Ord,5.06,,,,
11/09/2009,BlackRock World Mining Trust Ord,5.235,,,,
11/10/2009,BlackRock World Mining Trust Ord,5.2,,,,
11/11/2009,BlackRock World Mining Trust Ord,5.33,,,,
11/12/2009,BlackRock World Mining Trust Ord,5.34,,,,
11/13/2009,BlackRock World Mining Trust Ord,5.36,,,,
11/14/2009,BlackRock World Mining Trust Ord,5.36,,,,
11/15/2009,BlackRock World Mining Trust Ord,5.36,,,,
11/16/2009,BlackRock World Mining Trust Ord,5.5,,,,
11/17/2009,BlackRock World Mining Trust Ord,5.4,,,,
11/18/2009,BlackRock World Mining Trust Ord,5.405,,,,
11/19/2009,BlackRock World Mining Trust Ord,5.305,,,,
11/20/2009,BlackRock World Mining Trust Ord,5.335,,,,
11/21/2009,BlackRock World Mining Trust Ord,5.335,,,,
11/22/2009,BlackRock World Mining Trust Ord,5.335,,,,
11/23/2009,BlackRock World Mining Trust Ord,5.405,,,,
11/24/2009,BlackRock World Mining Trust Ord,5.33,,,,
11/25/2009,BlackRock World Mining Trust Ord,5.41,,,,
11/26/2009,BlackRock World Mining Trust Ord,5.29,,,,
11/27/2009,BlackRock World Mining Trust Ord,5.36,,,,
11/28/2009,BlackRock World Mining Trust Ord,5.36,,,,
11/29/2009,BlackRock World Mining Trust Ord,5.36,,,,
11/30/2009,BlackRock World Mining Trust Ord,5.305,,,,
12/01/2009,BlackRock World Mining Trust Ord,5.425,,,,
12/02/2009,BlackRock World Mining Trust Ord,5.42,,,,
12/03/2009,BlackRock World Mining Trust Ord,5.46,,,,
12/04/2009,BlackRock World Mining Trust Ord,5.45,,,,
12/05/2009,BlackRock World Mining Trust Ord,5.45,,,,
12/06/2009,BlackRock World Mining Trust Ord,5.45,,,,
12/07/2009,BlackRock World Mining Trust Ord,5.45,,,,
12/08/2009,BlackRock World Mining Trust Ord,5.335,,,,
12/09/2009,BlackRock World Mining Trust Ord,5.325,,,,
12/10/2009,BlackRock World Mining Trust Ord,5.315,,,,
12/11/2009,BlackRock World Mining Trust Ord,5.35,,,,
12/12/2009,BlackRock World Mining Trust Ord,5.35,,,,
12/13/2009,BlackRock World Mining Trust Ord,5.35,,,,
12/14/2009,BlackRock World Mining Trust Ord,5.375,,,,
12/15/2009,BlackRock World Mining Trust Ord,5.335,,,,
12/16/2009,BlackRock World Mining Trust Ord,5.39,,,,
12/17/2009,BlackRock World Mining Trust Ord,5.33,,,,
12/18/2009,BlackRock World Mining Trust Ord,5.205,,,,
12/19/2009,BlackRock World Mining Trust Ord,5.205,,,,
12/20/2009,BlackRock World Mining Trust Ord,5.205,,,,
12/21/2009,BlackRock World Mining Trust Ord,5.26,,,,
12/22/2009,BlackRock World Mining Trust Ord,5.27,,,,
12/23/2009,BlackRock World Mining Trust Ord,5.33,,,,
12/24/2009,BlackRock World Mining Trust Ord,5.395,,,,
12/25/2009,BlackRock World Mining Trust Ord,5.395,,,,
12/26/2009,BlackRock World Mining Trust Ord,5.395,,,,
12/27/2009,BlackRock World Mining Trust Ord,5.395,,,,
12/28/2009,BlackRock World Mining Trust Ord,5.395,,,,
12/29/2009,BlackRock World Mining Trust Ord,5.465,,,,
12/30/2009,BlackRock World Mining Trust Ord,5.465,,,,
12/31/2009,BlackRock World Mining Trust Ord,5.5,,,,
01/01/2010,BlackRock World Mining Trust Ord,5.5,,,,
01/02/2010,BlackRock World Mining Trust Ord,5.5,,,,
01/03/2010,BlackRock World Mining Trust Ord,5.5,,,,
01/04/2010,BlackRock World Mining Trust Ord,5.59,,,,
01/05/2010,BlackRock World Mining Trust Ord,5.75,,,,
01/06/2010,BlackRock World Mining Trust Ord,5.85,,,,
01/07/2010,BlackRock World Mining Trust Ord,5.8,,,,
01/08/2010,BlackRock World Mining Trust Ord,5.815,,,,
01/09/2010,BlackRock World Mining Trust Ord,5.815,,,,
01/10/2010,BlackRock World Mining Trust Ord,5.815,,,,
01/11/2010,BlackRock World Mining Trust Ord,5.9,,,,
01/12/2010,BlackRock World Mining Trust Ord,5.785,,,,
01/13/2010,BlackRock World Mining Trust Ord,5.75,,,,
01/14/2010,BlackRock World Mining Trust Ord,5.81,,,,
01/15/2010,BlackRock World Mining Trust Ord,5.715,,,,
01/16/2010,BlackRock World Mining Trust Ord,5.715,,,,
01/17/2010,BlackRock World Mining Trust Ord,5.715,,,,
01/18/2010,BlackRock World Mining Trust Ord,5.785,,,,
01/19/2010,BlackRock World Mining Trust Ord,5.735,,,,
01/20/2010,BlackRock World Mining Trust Ord,5.6,,,,
01/21/2010,BlackRock World Mining Trust Ord,5.525,,,,
01/22/2010,BlackRock World Mining Trust Ord,5.43,,,,
01/23/2010,BlackRock World Mining Trust Ord,5.43,,,,
01/24/2010,BlackRock World Mining Trust Ord,5.43,,,,
01/25/2010,BlackRock World Mining Trust Ord,5.31,,,,
01/26/2010,BlackRock World Mining Trust Ord,5.205,,,,
01/27/2010,BlackRock World Mining Trust Ord,5.11,,,,
01/28/2010,BlackRock World Mining Trust Ord,5.08,,,,
01/29/2010,BlackRock World Mining Trust Ord,5.12,,,,
01/30/2010,BlackRock World Mining Trust Ord,5.12,,,,
01/31/2010,BlackRock World Mining Trust Ord,5.12,,,,
02/01/2010,BlackRock World Mining Trust Ord,5.18,,,,
02/02/2010,BlackRock World Mining Trust Ord,5.43,,,,
02/03/2010,BlackRock World Mining Trust Ord,5.425,,,,
02/04/2010,BlackRock World Mining Trust Ord,5.1,,,,
02/05/2010,BlackRock World Mining Trust Ord,4.921,,,,
02/06/2010,BlackRock World Mining Trust Ord,4.921,,,,
02/07/2010,BlackRock World Mining Trust Ord,4.921,,,,
02/08/2010,BlackRock World Mining Trust Ord,4.935,,,,
02/09/2010,BlackRock World Mining Trust Ord,5.045,,,,
02/10/2010,BlackRock World Mining Trust Ord,5.065,,,,
02/11/2010,BlackRock World Mining Trust Ord,5.205,,,,
02/12/2010,BlackRock World Mining Trust Ord,5.15,,,,
02/13/2010,BlackRock World Mining Trust Ord,5.15,,,,
02/14/2010,BlackRock World Mining Trust Ord,5.15,,,,
02/15/2010,BlackRock World Mining Trust Ord,5.23,,,,
02/16/2010,BlackRock World Mining Trust Ord,5.35,,,,
02/17/2010,BlackRock World Mining Trust Ord,5.36,,,,
02/18/2010,BlackRock World Mining Trust Ord,5.365,,,,
02/19/2010,BlackRock World Mining Trust Ord,5.48,,,,
02/20/2010,BlackRock World Mining Trust Ord,5.48,,,,
02/21/2010,BlackRock World Mining Trust Ord,5.48,,,,
02/22/2010,BlackRock World Mining Trust Ord,5.565,,,,
02/23/2010,BlackRock World Mining Trust Ord,5.42,,,,
02/24/2010,BlackRock World Mining Trust Ord,5.425,,,,
02/25/2010,BlackRock World Mining Trust Ord,5.29,,,,
02/26/2010,BlackRock World Mining Trust Ord,5.485,,,,
02/27/2010,BlackRock World Mining Trust Ord,5.485,,,,
02/28/2010,BlackRock World Mining Trust Ord,5.485,,,,
03/01/2010,BlackRock World Mining Trust Ord,5.68,,,,
03/02/2010,BlackRock World Mining Trust Ord,5.77,,,,
03/03/2010,BlackRock World Mining Trust Ord,5.84,,,,
03/04/2010,BlackRock World Mining Trust Ord,5.81,,,,
03/05/2010,BlackRock World Mining Trust Ord,5.96,,,,
03/06/2010,BlackRock World Mining Trust Ord,5.96,,,,
03/07/2010,BlackRock World Mining Trust Ord,5.96,,,,
03/08/2010,BlackRock World Mining Trust Ord,5.895,,,,
03/09/2010,BlackRock World Mining Trust Ord,5.885,,,,
03/10/2010,BlackRock World Mining Trust Ord,6.02,,,,
03/11/2010,BlackRock World Mining Trust Ord,5.855,,,,
03/12/2010,BlackRock World Mining Trust Ord,5.955,,,,
03/13/2010,BlackRock World Mining Trust Ord,5.955,,,,
03/14/2010,BlackRock World Mining Trust Ord,5.955,,,,
03/15/2010,BlackRock World Mining Trust Ord,5.875,,,,
03/16/2010,BlackRock World Mining Trust Ord,5.925,,,,
03/17/2010,BlackRock World Mining Trust Ord,5.97,,,,
03/18/2010,BlackRock World Mining Trust Ord,5.955,,,,
03/19/2010,BlackRock World Mining Trust Ord,5.995,,,,
03/20/2010,BlackRock World Mining Trust Ord,5.995,,,,
03/21/2010,BlackRock World Mining Trust Ord,5.995,,,,
03/22/2010,BlackRock World Mining Trust Ord,5.96,,,,
03/23/2010,BlackRock World Mining Trust Ord,6.005,,,,
03/24/2010,BlackRock World Mining Trust Ord,6.045,,,,
03/25/2010,BlackRock World Mining Trust Ord,6.095,,,,
03/26/2010,BlackRock World Mining Trust Ord,6.12,,,,
03/27/2010,BlackRock World Mining Trust Ord,6.12,,,,
03/28/2010,BlackRock World Mining Trust Ord,6.12,,,,
03/29/2010,BlackRock World Mining Trust Ord,6.18,,,,
03/30/2010,BlackRock World Mining Trust Ord,6.2,,,,
03/31/2010,BlackRock World Mining Trust Ord,6.21,,,,
04/01/2010,BlackRock World Mining Trust Ord,6.37,,,,
04/02/2010,BlackRock World Mining Trust Ord,6.37,,,,
04/03/2010,BlackRock World Mining Trust Ord,6.37,,,,
04/04/2010,BlackRock World Mining Trust Ord,6.37,,,,
04/05/2010,BlackRock World Mining Trust Ord,6.37,,,,
04/06/2010,BlackRock World Mining Trust Ord,6.52,,,,
04/07/2010,BlackRock World Mining Trust Ord,6.5,,,,
04/08/2010,BlackRock World Mining Trust Ord,6.465,,,,
04/09/2010,BlackRock World Mining Trust Ord,6.435,,,,
04/10/2010,BlackRock World Mining Trust Ord,6.435,,,,
04/11/2010,BlackRock World Mining Trust Ord,6.435,,,,
04/12/2010,BlackRock World Mining Trust Ord,6.425,,,,
04/13/2010,BlackRock World Mining Trust Ord,6.37,,,,
04/14/2010,BlackRock World Mining Trust Ord,6.425,,,,
04/15/2010,BlackRock World Mining Trust Ord,6.405,,,,
04/16/2010,BlackRock World Mining Trust Ord,6.25,,,,
04/17/2010,BlackRock World Mining Trust Ord,6.25,,,,
04/18/2010,BlackRock World Mining Trust Ord,6.25,,,,
04/19/2010,BlackRock World Mining Trust Ord,6.215,,,,
04/20/2010,BlackRock World Mining Trust Ord,6.295,,,,
04/21/2010,BlackRock World Mining Trust Ord,6.22,,,,
04/22/2010,BlackRock World Mining Trust Ord,6.11,,,,
04/23/2010,BlackRock World Mining Trust Ord,6.21,,,,
04/24/2010,BlackRock World Mining Trust Ord,6.21,,,,
04/25/2010,BlackRock World Mining Trust Ord,6.21,,,,
04/26/2010,BlackRock World Mining Trust Ord,6.295,,,,
04/27/2010,BlackRock World Mining Trust Ord,6.12,,,,
04/28/2010,BlackRock World Mining Trust Ord,6.12,,,,
04/29/2010,BlackRock World Mining Trust Ord,6.19,,,,
04/30/2010,BlackRock World Mining Trust Ord,6.105,,,,
05/01/2010,BlackRock World Mining Trust Ord,6.105,,,,
05/02/2010,BlackRock World Mining Trust Ord,6.105,,,,
05/03/2010,BlackRock World Mining Trust Ord,6.105,,,,
05/04/2010,BlackRock World Mining Trust Ord,5.83,,,,
05/05/2010,BlackRock World Mining Trust Ord,5.715,,,,
05/06/2010,BlackRock World Mining Trust Ord,5.74,,,,
05/07/2010,BlackRock World Mining Trust Ord,5.65,,,,
05/08/2010,BlackRock World Mining Trust Ord,5.65,,,,
05/09/2010,BlackRock World Mining Trust Ord,5.65,,,,
05/10/2010,BlackRock World Mining Trust Ord,6.03,,,,
05/11/2010,BlackRock World Mining Trust Ord,5.935,,,,
05/12/2010,BlackRock World Mining Trust Ord,6.04,,,,
05/13/2010,BlackRock World Mining Trust Ord,6.15,,,,
05/14/2010,BlackRock World Mining Trust Ord,5.93,,,,
05/15/2010,BlackRock World Mining Trust Ord,5.93,,,,
05/16/2010,BlackRock World Mining Trust Ord,5.93,,,,
05/17/2010,BlackRock World Mining Trust Ord,5.85,,,,
05/18/2010,BlackRock World Mining Trust Ord,5.96,,,,
05/19/2010,BlackRock World Mining Trust Ord,5.665,,,,
05/20/2010,BlackRock World Mining Trust Ord,5.38,,,,
05/21/2010,BlackRock World Mining Trust Ord,5.515,,,,
05/22/2010,BlackRock World Mining Trust Ord,5.515,,,,
05/23/2010,BlackRock World Mining Trust Ord,5.515,,,,
05/24/2010,BlackRock World Mining Trust Ord,5.54,,,,
05/25/2010,BlackRock World Mining Trust Ord,5.365,,,,
05/26/2010,BlackRock World Mining Trust Ord,5.555,,,,
05/27/2010,BlackRock World Mining Trust Ord,5.755,,,,
05/28/2010,BlackRock World Mining Trust Ord,5.825,,,,
05/29/2010,BlackRock World Mining Trust Ord,5.825,,,,
05/30/2010,BlackRock World Mining Trust Ord,5.825,,,,
05/31/2010,BlackRock World Mining Trust Ord,5.825,,,,
06/01/2010,BlackRock World Mining Trust Ord,5.795,,,,
06/02/2010,BlackRock World Mining Trust Ord,5.81,,,,
06/03/2010,BlackRock World Mining Trust Ord,5.81,,,,
06/04/2010,BlackRock World Mining Trust Ord,5.65,,,,
06/05/2010,BlackRock World Mining Trust Ord,5.65,,,,
06/06/2010,BlackRock World Mining Trust Ord,5.65,,,,
06/07/2010,BlackRock World Mining Trust Ord,5.56,,,,
06/08/2010,BlackRock World Mining Trust Ord,5.45,,,,
06/09/2010,BlackRock World Mining Trust Ord,5.565,,,,
06/10/2010,BlackRock World Mining Trust Ord,5.7,,,,
06/11/2010,BlackRock World Mining Trust Ord,5.65,,,,
06/12/2010,BlackRock World Mining Trust Ord,5.65,,,,
06/13/2010,BlackRock World Mining Trust Ord,5.65,,,,
06/14/2010,BlackRock World Mining Trust Ord,5.815,,,,
06/15/2010,BlackRock World Mining Trust Ord,5.8,,,,
06/16/2010,BlackRock World Mining Trust Ord,5.785,,,,
06/17/2010,BlackRock World Mining Trust Ord,5.805,,,,
06/18/2010,BlackRock World Mining Trust Ord,5.8,,,,
06/19/2010,BlackRock World Mining Trust Ord,5.8,,,,
06/20/2010,BlackRock World Mining Trust Ord,5.8,,,,
06/21/2010,BlackRock World Mining Trust Ord,6.01,,,,
06/22/2010,BlackRock World Mining Trust Ord,5.895,,,,
06/23/2010,BlackRock World Mining Trust Ord,5.75,,,,
06/24/2010,BlackRock World Mining Trust Ord,5.62,,,,
06/25/2010,BlackRock World Mining Trust Ord,5.605,,,,
06/26/2010,BlackRock World Mining Trust Ord,5.605,,,,
06/27/2010,BlackRock World Mining Trust Ord,5.605,,,,
06/28/2010,BlackRock World Mining Trust Ord,5.715,,,,
06/29/2010,BlackRock World Mining Trust Ord,5.525,,,,
06/30/2010,BlackRock World Mining Trust Ord,5.49,,,,
07/01/2010,BlackRock World Mining Trust Ord,5.355,,,,
07/02/2010,BlackRock World Mining Trust Ord,5.42,,,,
07/03/2010,BlackRock World Mining Trust Ord,5.42,,,,
07/04/2010,BlackRock World Mining Trust Ord,5.42,,,,
07/05/2010,BlackRock World Mining Trust Ord,5.335,,,,
07/06/2010,BlackRock World Mining Trust Ord,5.435,,,,
07/07/2010,BlackRock World Mining Trust Ord,5.39,,,,
07/08/2010,BlackRock World Mining Trust Ord,5.43,,,,
07/09/2010,BlackRock World Mining Trust Ord,5.5,,,,
07/10/2010,BlackRock World Mining Trust Ord,5.5,,,,
07/11/2010,BlackRock World Mining Trust Ord,5.5,,,,
07/12/2010,BlackRock World Mining Trust Ord,5.575,,,,
07/13/2010,BlackRock World Mining Trust Ord,5.62,,,,
07/14/2010,BlackRock World Mining Trust Ord,5.55,,,,
07/15/2010,BlackRock World Mining Trust Ord,5.43,,,,
07/16/2010,BlackRock World Mining Trust Ord,5.33,,,,
07/17/2010,BlackRock World Mining Trust Ord,5.33,,,,
07/18/2010,BlackRock World Mining Trust Ord,5.33,,,,
07/19/2010,BlackRock World Mining Trust Ord,5.38,,,,
07/20/2010,BlackRock World Mining Trust Ord,5.49,,,,
07/21/2010,BlackRock World Mining Trust Ord,5.635,,,,
07/22/2010,BlackRock World Mining Trust Ord,5.715,,,,
07/23/2010,BlackRock World Mining Trust Ord,5.69,,,,
07/24/2010,BlackRock World Mining Trust Ord,5.69,,,,
07/25/2010,BlackRock World Mining Trust Ord,5.69,,,,
07/26/2010,BlackRock World Mining Trust Ord,5.76,,,,
07/27/2010,BlackRock World Mining Trust Ord,5.72,,,,
07/28/2010,BlackRock World Mining Trust Ord,5.78,,,,
07/29/2010,BlackRock World Mining Trust Ord,5.7,,,,
07/30/2010,BlackRock World Mining Trust Ord,5.655,,,,
07/31/2010,BlackRock World Mining Trust Ord,5.655,,,,
08/01/2010,BlackRock World Mining Trust Ord,5.655,,,,
08/02/2010,BlackRock World Mining Trust Ord,5.775,,,,
08/03/2010,BlackRock World Mining Trust Ord,5.76,,,,
08/04/2010,BlackRock World Mining Trust Ord,5.67,,,,
08/05/2010,BlackRock World Mining Trust Ord,5.77,,,,
08/06/2010,BlackRock World Mining Trust Ord,5.775,,,,
08/07/2010,BlackRock World Mining Trust Ord,5.775,,,,
08/08/2010,BlackRock World Mining Trust Ord,5.775,,,,
08/09/2010,BlackRock World Mining Trust Ord,5.86,,,,
08/10/2010,BlackRock World Mining Trust Ord,5.75,,,,
08/11/2010,BlackRock World Mining Trust Ord,5.575,,,,
08/12/2010,BlackRock World Mining Trust Ord,5.545,,,,
08/13/2010,BlackRock World Mining Trust Ord,5.575,,,,
08/14/2010,BlackRock World Mining Trust Ord,5.575,,,,
08/15/2010,BlackRock World Mining Trust Ord,5.575,,,,
08/16/2010,BlackRock World Mining Trust Ord,5.625,,,,
08/17/2010,BlackRock World Mining Trust Ord,5.7,,,,
08/18/2010,BlackRock World Mining Trust Ord,5.76,,,,
08/19/2010,BlackRock World Mining Trust Ord,5.715,,,,
08/20/2010,BlackRock World Mining Trust Ord,5.68,,,,
08/21/2010,BlackRock World Mining Trust Ord,5.68,,,,
08/22/2010,BlackRock World Mining Trust Ord,5.68,,,,
08/23/2010,BlackRock World Mining Trust Ord,5.71,,,,
08/24/2010,BlackRock World Mining Trust Ord,5.6,,,,
08/25/2010,BlackRock World Mining Trust Ord,5.57,,,,
08/26/2010,BlackRock World Mining Trust Ord,5.64,,,,
08/27/2010,BlackRock World Mining Trust Ord,5.71,,,,
08/28/2010,BlackRock World Mining Trust Ord,5.71,,,,
08/29/2010,BlackRock World Mining Trust Ord,5.71,,,,
08/30/2010,BlackRock World Mining Trust Ord,5.71,,,,
08/31/2010,BlackRock World Mining Trust Ord,5.76,,,,
09/01/2010,BlackRock World Mining Trust Ord,5.945,,,,
09/02/2010,BlackRock World Mining Trust Ord,5.89,,,,
09/03/2010,BlackRock World Mining Trust Ord,5.95,,,,
09/04/2010,BlackRock World Mining Trust Ord,5.95,,,,
09/05/2010,BlackRock World Mining Trust Ord,5.95,,,,
09/06/2010,BlackRock World Mining Trust Ord,5.965,,,,
09/07/2010,BlackRock World Mining Trust Ord,5.89,,,,
09/08/2010,BlackRock World Mining Trust Ord,5.92,,,,
09/09/2010,BlackRock World Mining Trust Ord,5.955,,,,
09/10/2010,BlackRock World Mining Trust Ord,6,,,,
09/11/2010,BlackRock World Mining Trust Ord,6,,,,
09/12/2010,BlackRock World Mining Trust Ord,6,,,,
09/13/2010,BlackRock World Mining Trust Ord,6.105,,,,
09/14/2010,BlackRock World Mining Trust Ord,6.075,,,,
09/15/2010,BlackRock World Mining Trust Ord,6.08,,,,
09/16/2010,BlackRock World Mining Trust Ord,6.06,,,,
09/17/2010,BlackRock World Mining Trust Ord,6.16,,,,
09/18/2010,BlackRock World Mining Trust Ord,6.16,,,,
09/19/2010,BlackRock World Mining Trust Ord,6.16,,,,
09/20/2010,BlackRock World Mining Trust Ord,6.27,,,,
09/21/2010,BlackRock World Mining Trust Ord,6.245,,,,
09/22/2010,BlackRock World Mining Trust Ord,6.24,,,,
09/23/2010,BlackRock World Mining Trust Ord,6.23,,,,
09/24/2010,BlackRock World Mining Trust Ord,6.295,,,,
09/25/2010,BlackRock World Mining Trust Ord,6.295,,,,
09/26/2010,BlackRock World Mining Trust Ord,6.295,,,,
09/27/2010,BlackRock World Mining Trust Ord,6.27,,,,
09/28/2010,BlackRock World Mining Trust Ord,6.245,,,,
09/29/2010,BlackRock World Mining Trust Ord,6.29,,,,
09/30/2010,BlackRock World Mining Trust Ord,6.255,,,,
10/01/2010,BlackRock World Mining Trust Ord,6.375,,,,
10/02/2010,BlackRock World Mining Trust Ord,6.375,,,,
10/03/2010,BlackRock World Mining Trust Ord,6.375,,,,
10/04/2010,BlackRock World Mining Trust Ord,6.37,,,,
10/05/2010,BlackRock World Mining Trust Ord,6.49,,,,
10/06/2010,BlackRock World Mining Trust Ord,6.585,,,,
10/07/2010,BlackRock World Mining Trust Ord,6.6,,,,
10/08/2010,BlackRock World Mining Trust Ord,6.68,,,,
10/09/2010,BlackRock World Mining Trust Ord,6.68,,,,
10/10/2010,BlackRock World Mining Trust Ord,6.68,,,,
10/11/2010,BlackRock World Mining Trust Ord,6.645,,,,
10/12/2010,BlackRock World Mining Trust Ord,6.59,,,,
10/13/2010,BlackRock World Mining Trust Ord,6.85,,,,
10/14/2010,BlackRock World Mining Trust Ord,6.855,,,,
10/15/2010,BlackRock World Mining Trust Ord,6.86,,,,
10/16/2010,BlackRock World Mining Trust Ord,6.86,,,,
10/17/2010,BlackRock World Mining Trust Ord,6.86,,,,
10/18/2010,BlackRock World Mining Trust Ord,6.795,,,,
10/19/2010,BlackRock World Mining Trust Ord,6.625,,,,
10/20/2010,BlackRock World Mining Trust Ord,6.705,,,,
10/21/2010,BlackRock World Mining Trust Ord,6.825,,,,
10/22/2010,BlackRock World Mining Trust Ord,6.775,,,,
10/23/2010,BlackRock World Mining Trust Ord,6.775,,,,
10/24/2010,BlackRock World Mining Trust Ord,6.775,,,,
10/25/2010,BlackRock World Mining Trust Ord,6.885,,,,
10/26/2010,BlackRock World Mining Trust Ord,6.82,,,,
10/27/2010,BlackRock World Mining Trust Ord,6.7,,,,
10/28/2010,BlackRock World Mining Trust Ord,6.73,,,,
10/29/2010,BlackRock World Mining Trust Ord,6.67,,,,
10/30/2010,BlackRock World Mining Trust Ord,6.67,,,,
10/31/2010,BlackRock World Mining Trust Ord,6.67,,,,
11/01/2010,BlackRock World Mining Trust Ord,6.765,,,,
11/02/2010,BlackRock World Mining Trust Ord,6.915,,,,
11/03/2010,BlackRock World Mining Trust Ord,6.9,,,,
11/04/2010,BlackRock World Mining Trust Ord,7.12,,,,
11/05/2010,BlackRock World Mining Trust Ord,7.175,,,,
11/06/2010,BlackRock World Mining Trust Ord,7.175,,,,
11/07/2010,BlackRock World Mining Trust Ord,7.175,,,,
11/08/2010,BlackRock World Mining Trust Ord,7.195,,,,
11/09/2010,BlackRock World Mining Trust Ord,7.375,,,,
11/10/2010,BlackRock World Mining Trust Ord,7.27,,,,
11/11/2010,BlackRock World Mining Trust Ord,7.36,,,,
11/12/2010,BlackRock World Mining Trust Ord,7.3,,,,
11/13/2010,BlackRock World Mining Trust Ord,7.3,,,,
11/14/2010,BlackRock World Mining Trust Ord,7.3,,,,
11/15/2010,BlackRock World Mining Trust Ord,7.31,,,,
11/16/2010,BlackRock World Mining Trust Ord,7.08,,,,
11/17/2010,BlackRock World Mining Trust Ord,7.1,,,,
11/18/2010,BlackRock World Mining Trust Ord,7.26,,,,
11/19/2010,BlackRock World Mining Trust Ord,7.08,,,,
11/20/2010,BlackRock World Mining Trust Ord,7.08,,,,
11/21/2010,BlackRock World Mining Trust Ord,7.08,,,,
11/22/2010,BlackRock World Mining Trust Ord,7.11,,,,
11/23/2010,BlackRock World Mining Trust Ord,6.935,,,,
11/24/2010,BlackRock World Mining Trust Ord,7.06,,,,
11/25/2010,BlackRock World Mining Trust Ord,7.2,,,,
11/26/2010,BlackRock World Mining Trust Ord,7.1,,,,
11/27/2010,BlackRock World Mining Trust Ord,7.1,,,,
11/28/2010,BlackRock World Mining Trust Ord,7.1,,,,
11/29/2010,BlackRock World Mining Trust Ord,7.05,,,,
11/30/2010,BlackRock World Mining Trust Ord,7.115,,,,
12/01/2010,BlackRock World Mining Trust Ord,7.405,,,,
12/02/2010,BlackRock World Mining Trust Ord,7.54,,,,
12/03/2010,BlackRock World Mining Trust Ord,7.48,,,,
12/04/2010,BlackRock World Mining Trust Ord,7.48,,,,
12/05/2010,BlackRock World Mining Trust Ord,7.48,,,,
12/06/2010,BlackRock World Mining Trust Ord,7.57,,,,
12/07/2010,BlackRock World Mining Trust Ord,7.71,,,,
12/08/2010,BlackRock World Mining Trust Ord,7.675,,,,
12/09/2010,BlackRock World Mining Trust Ord,7.76,,,,
12/10/2010,BlackRock World Mining Trust Ord,7.705,,,,
12/11/2010,BlackRock World Mining Trust Ord,7.705,,,,
12/12/2010,BlackRock World Mining Trust Ord,7.705,,,,
12/13/2010,BlackRock World Mining Trust Ord,7.905,,,,
12/14/2010,BlackRock World Mining Trust Ord,7.99,,,,
12/15/2010,BlackRock World Mining Trust Ord,7.91,,,,
12/16/2010,BlackRock World Mining Trust Ord,7.705,,,,
12/17/2010,BlackRock World Mining Trust Ord,7.715,,,,
12/18/2010,BlackRock World Mining Trust Ord,7.715,,,,
12/19/2010,BlackRock World Mining Trust Ord,7.715,,,,
12/20/2010,BlackRock World Mining Trust Ord,7.8,,,,
12/21/2010,BlackRock World Mining Trust Ord,7.995,,,,
12/22/2010,BlackRock World Mining Trust Ord,8.065,,,,
12/23/2010,BlackRock World Mining Trust Ord,8.05,,,,
12/24/2010,BlackRock World Mining Trust Ord,8,,,,
12/25/2010,BlackRock World Mining Trust Ord,8,,,,
12/26/2010,BlackRock World Mining Trust Ord,8,,,,
12/27/2010,BlackRock World Mining Trust Ord,8,,,,
12/28/2010,BlackRock World Mining Trust Ord,8,,,,
12/29/2010,BlackRock World Mining Trust Ord,8.075,,,,
12/30/2010,BlackRock World Mining Trust Ord,8.08,,,,
12/31/2010,BlackRock World Mining Trust Ord,8.11,,,,
01/01/2011,BlackRock World Mining Trust Ord,8.11,,,,
01/02/2011,BlackRock World Mining Trust Ord,8.11,,,,
01/03/2011,BlackRock World Mining Trust Ord,8.11,,,,
01/04/2011,BlackRock World Mining Trust Ord,8.1,,,,
01/05/2011,BlackRock World Mining Trust Ord,8.08,,,,
01/06/2011,BlackRock World Mining Trust Ord,7.96,,,,
01/07/2011,BlackRock World Mining Trust Ord,7.95,,,,
01/08/2011,BlackRock World Mining Trust Ord,7.95,,,,
01/09/2011,BlackRock World Mining Trust Ord,7.95,,,,
01/10/2011,BlackRock World Mining Trust Ord,7.83,,,,
01/11/2011,BlackRock World Mining Trust Ord,8.025,,,,
01/12/2011,BlackRock World Mining Trust Ord,8.15,,,,
01/13/2011,BlackRock World Mining Trust Ord,8.075,,,,
01/14/2011,BlackRock World Mining Trust Ord,7.97,,,,
01/15/2011,BlackRock World Mining Trust Ord,7.97,,,,
01/16/2011,BlackRock World Mining Trust Ord,7.97,,,,
01/17/2011,BlackRock World Mining Trust Ord,7.95,,,,
01/18/2011,BlackRock World Mining Trust Ord,8.07,,,,
01/19/2011,BlackRock World Mining Trust Ord,8.035,,,,
01/20/2011,BlackRock World Mining Trust Ord,7.84,,,,
01/21/2011,BlackRock World Mining Trust Ord,7.8,,,,
01/22/2011,BlackRock World Mining Trust Ord,7.8,,,,
01/23/2011,BlackRock World Mining Trust Ord,7.8,,,,
01/24/2011,BlackRock World Mining Trust Ord,7.76,,,,
01/25/2011,BlackRock World Mining Trust Ord,7.57,,,,
01/26/2011,BlackRock World Mining Trust Ord,7.77,,,,
01/27/2011,BlackRock World Mining Trust Ord,7.725,,,,
01/28/2011,BlackRock World Mining Trust Ord,7.54,,,,
01/29/2011,BlackRock World Mining Trust Ord,7.54,,,,
01/30/2011,BlackRock World Mining Trust Ord,7.54,,,,
01/31/2011,BlackRock World Mining Trust Ord,7.55,,,,
02/01/2011,BlackRock World Mining Trust Ord,7.73,,,,
02/02/2011,BlackRock World Mining Trust Ord,7.92,,,,
02/03/2011,BlackRock World Mining Trust Ord,7.885,,,,
02/04/2011,BlackRock World Mining Trust Ord,7.88,,,,
02/05/2011,BlackRock World Mining Trust Ord,7.88,,,,
02/06/2011,BlackRock World Mining Trust Ord,7.88,,,,
02/07/2011,BlackRock World Mining Trust Ord,7.995,,,,
02/08/2011,BlackRock World Mining Trust Ord,7.97,,,,
02/09/2011,BlackRock World Mining Trust Ord,7.865,,,,
02/10/2011,BlackRock World Mining Trust Ord,7.81,,,,
02/11/2011,BlackRock World Mining Trust Ord,8.07,,,,
02/12/2011,BlackRock World Mining Trust Ord,8.07,,,,
02/13/2011,BlackRock World Mining Trust Ord,8.07,,,,
02/14/2011,BlackRock World Mining Trust Ord,8.02,,,,
02/15/2011,BlackRock World Mining Trust Ord,7.92,,,,
02/16/2011,BlackRock World Mining Trust Ord,7.985,,,,
02/17/2011,BlackRock World Mining Trust Ord,7.995,,,,
02/18/2011,BlackRock World Mining Trust Ord,7.975,,,,
02/19/2011,BlackRock World Mining Trust Ord,7.975,,,,
02/20/2011,BlackRock World Mining Trust Ord,7.975,,,,
02/21/2011,BlackRock World Mining Trust Ord,7.88,,,,
02/22/2011,BlackRock World Mining Trust Ord,7.87,,,,
02/23/2011,BlackRock World Mining Trust Ord,7.735,,,,
02/24/2011,BlackRock World Mining Trust Ord,7.705,,,,
02/25/2011,BlackRock World Mining Trust Ord,7.885,,,,
02/26/2011,BlackRock World Mining Trust Ord,7.885,,,,
02/27/2011,BlackRock World Mining Trust Ord,7.885,,,,
02/28/2011,BlackRock World Mining Trust Ord,7.8,,,,
03/01/2011,BlackRock World Mining Trust Ord,7.73,,,,
03/02/2011,BlackRock World Mining Trust Ord,7.71,,,,
03/03/2011,BlackRock World Mining Trust Ord,7.77,,,,
03/04/2011,BlackRock World Mining Trust Ord,7.775,,,,
03/05/2011,BlackRock World Mining Trust Ord,7.775,,,,
03/06/2011,BlackRock World Mining Trust Ord,7.775,,,,
03/07/2011,BlackRock World Mining Trust Ord,7.845,,,,
03/08/2011,BlackRock World Mining Trust Ord,7.79,,,,
03/09/2011,BlackRock World Mining Trust Ord,7.675,,,,
03/10/2011,BlackRock World Mining Trust Ord,7.425,,,,
03/11/2011,BlackRock World Mining Trust Ord,7.32,,,,
03/12/2011,BlackRock World Mining Trust Ord,7.32,,,,
03/13/2011,BlackRock World Mining Trust Ord,7.32,,,,
03/14/2011,BlackRock World Mining Trust Ord,7.335,,,,
03/15/2011,BlackRock World Mining Trust Ord,7.245,,,,
03/16/2011,BlackRock World Mining Trust Ord,7.18,,,,
03/17/2011,BlackRock World Mining Trust Ord,7.355,,,,
03/18/2011,BlackRock World Mining Trust Ord,7.355,,,,
03/19/2011,BlackRock World Mining Trust Ord,7.355,,,,
03/20/2011,BlackRock World Mining Trust Ord,7.355,,,,
03/21/2011,BlackRock World Mining Trust Ord,7.6,,,,
03/22/2011,BlackRock World Mining Trust Ord,7.595,,,,
03/23/2011,BlackRock World Mining Trust Ord,7.64,,,,
03/24/2011,BlackRock World Mining Trust Ord,7.865,,,,
03/25/2011,BlackRock World Mining Trust Ord,7.925,,,,
03/26/2011,BlackRock World Mining Trust Ord,7.925,,,,
03/27/2011,BlackRock World Mining Trust Ord,7.925,,,,
03/28/2011,BlackRock World Mining Trust Ord,7.89,,,,
03/29/2011,BlackRock World Mining Trust Ord,7.915,,,,
03/30/2011,BlackRock World Mining Trust Ord,7.97,,,,
03/31/2011,BlackRock World Mining Trust Ord,7.895,,,,
04/01/2011,BlackRock World Mining Trust Ord,7.965,,,,
04/02/2011,BlackRock World Mining Trust Ord,7.965,,,,
04/03/2011,BlackRock World Mining Trust Ord,7.965,,,,
04/04/2011,BlackRock World Mining Trust Ord,7.925,,,,
04/05/2011,BlackRock World Mining Trust Ord,7.915,,,,
04/06/2011,BlackRock World Mining Trust Ord,8.06,,,,
04/07/2011,BlackRock World Mining Trust Ord,8.06,,,,
04/08/2011,BlackRock World Mining Trust Ord,8.18,,,,
04/09/2011,BlackRock World Mining Trust Ord,8.18,,,,
04/10/2011,BlackRock World Mining Trust Ord,8.18,,,,
04/11/2011,BlackRock World Mining Trust Ord,8.15,,,,
04/12/2011,BlackRock World Mining Trust Ord,7.88,,,,
04/13/2011,BlackRock World Mining Trust Ord,7.955,,,,
04/14/2011,BlackRock World Mining Trust Ord,7.895,,,,
04/15/2011,BlackRock World Mining Trust Ord,7.885,,,,
04/16/2011,BlackRock World Mining Trust Ord,7.885,,,,
04/17/2011,BlackRock World Mining Trust Ord,7.885,,,,
04/18/2011,BlackRock World Mining Trust Ord,7.67,,,,
04/19/2011,BlackRock World Mining Trust Ord,7.695,,,,
04/20/2011,BlackRock World Mining Trust Ord,7.94,,,,
04/21/2011,BlackRock World Mining Trust Ord,7.94,,,,
04/22/2011,BlackRock World Mining Trust Ord,7.94,,,,
04/23/2011,BlackRock World Mining Trust Ord,7.94,,,,
04/24/2011,BlackRock World Mining Trust Ord,7.94,,,,
04/25/2011,BlackRock World Mining Trust Ord,7.94,,,,
04/26/2011,BlackRock World Mining Trust Ord,8.05,,,,
04/27/2011,BlackRock World Mining Trust Ord,7.95,,,,
04/28/2011,BlackRock World Mining Trust Ord,7.975,,,,
04/29/2011,BlackRock World Mining Trust Ord,7.975,,,,
04/30/2011,BlackRock World Mining Trust Ord,7.975,,,,
05/01/2011,BlackRock World Mining Trust Ord,7.975,,,,
05/02/2011,BlackRock World Mining Trust Ord,7.975,,,,
05/03/2011,BlackRock World Mining Trust Ord,7.945,,,,
05/04/2011,BlackRock World Mining Trust Ord,7.81,,,,
05/05/2011,BlackRock World Mining Trust Ord,7.67,,,,
05/06/2011,BlackRock World Mining Trust Ord,7.795,,,,
05/07/2011,BlackRock World Mining Trust Ord,7.795,,,,
05/08/2011,BlackRock World Mining Trust Ord,7.795,,,,
05/09/2011,BlackRock World Mining Trust Ord,7.7,,,,
05/10/2011,BlackRock World Mining Trust Ord,7.75,,,,
05/11/2011,BlackRock World Mining Trust Ord,7.59,,,,
05/12/2011,BlackRock World Mining Trust Ord,7.48,,,,
05/13/2011,BlackRock World Mining Trust Ord,7.4,,,,
05/14/2011,BlackRock World Mining Trust Ord,7.4,,,,
05/15/2011,BlackRock World Mining Trust Ord,7.4,,,,
05/16/2011,BlackRock World Mining Trust Ord,7.415,,,,
05/17/2011,BlackRock World Mining Trust Ord,7.3,,,,
05/18/2011,BlackRock World Mining Trust Ord,7.445,,,,
05/19/2011,BlackRock World Mining Trust Ord,7.435,,,,
05/20/2011,BlackRock World Mining Trust Ord,7.41,,,,
05/21/2011,BlackRock World Mining Trust Ord,7.41,,,,
05/22/2011,BlackRock World Mining Trust Ord,7.41,,,,
05/23/2011,BlackRock World Mining Trust Ord,7.3,,,,
05/24/2011,BlackRock World Mining Trust Ord,7.42,,,,
05/25/2011,BlackRock World Mining Trust Ord,7.44,,,,
05/26/2011,BlackRock World Mining Trust Ord,7.595,,,,
05/27/2011,BlackRock World Mining Trust Ord,7.72,,,,
05/28/2011,BlackRock World Mining Trust Ord,7.72,,,,
05/29/2011,BlackRock World Mining Trust Ord,7.72,,,,
05/30/2011,BlackRock World Mining Trust Ord,7.72,,,,
05/31/2011,BlackRock World Mining Trust Ord,7.8,,,,
06/01/2011,BlackRock World Mining Trust Ord,7.72,,,,
06/02/2011,BlackRock World Mining Trust Ord,7.615,,,,
06/03/2011,BlackRock World Mining Trust Ord,7.645,,,,
06/04/2011,BlackRock World Mining Trust Ord,7.645,,,,
06/05/2011,BlackRock World Mining Trust Ord,7.645,,,,
06/06/2011,BlackRock World Mining Trust Ord,7.66,,,,
06/07/2011,BlackRock World Mining Trust Ord,7.615,,,,
06/08/2011,BlackRock World Mining Trust Ord,7.485,,,,
06/09/2011,BlackRock World Mining Trust Ord,7.495,,,,
06/10/2011,BlackRock World Mining Trust Ord,7.37,,,,
06/11/2011,BlackRock World Mining Trust Ord,7.37,,,,
06/12/2011,BlackRock World Mining Trust Ord,7.37,,,,
06/13/2011,BlackRock World Mining Trust Ord,7.375,,,,
06/14/2011,BlackRock World Mining Trust Ord,7.41,,,,
06/15/2011,BlackRock World Mining Trust Ord,7.29,,,,
06/16/2011,BlackRock World Mining Trust Ord,7.275,,,,
06/17/2011,BlackRock World Mining Trust Ord,7.245,,,,
06/18/2011,BlackRock World Mining Trust Ord,7.245,,,,
06/19/2011,BlackRock World Mining Trust Ord,7.245,,,,
06/20/2011,BlackRock World Mining Trust Ord,7.19,,,,
06/21/2011,BlackRock World Mining Trust Ord,7.355,,,,
06/22/2011,BlackRock World Mining Trust Ord,7.34,,,,
06/23/2011,BlackRock World Mining Trust Ord,7.1,,,,
06/24/2011,BlackRock World Mining Trust Ord,7.215,,,,
06/25/2011,BlackRock World Mining Trust Ord,7.215,,,,
06/26/2011,BlackRock World Mining Trust Ord,7.215,,,,
06/27/2011,BlackRock World Mining Trust Ord,7.28,,,,
06/28/2011,BlackRock World Mining Trust Ord,7.31,,,,
06/29/2011,BlackRock World Mining Trust Ord,7.445,,,,
06/30/2011,BlackRock World Mining Trust Ord,7.565,,,,
07/01/2011,BlackRock World Mining Trust Ord,7.64,,,,
07/02/2011,BlackRock World Mining Trust Ord,7.64,,,,
07/03/2011,BlackRock World Mining Trust Ord,7.64,,,,
07/04/2011,BlackRock World Mining Trust Ord,7.605,,,,
07/05/2011,BlackRock World Mining Trust Ord,7.645,,,,
07/06/2011,BlackRock World Mining Trust Ord,7.655,,,,
07/07/2011,BlackRock World Mining Trust Ord,7.81,,,,
07/08/2011,BlackRock World Mining Trust Ord,7.66,,,,
07/09/2011,BlackRock World Mining Trust Ord,7.66,,,,
07/10/2011,BlackRock World Mining Trust Ord,7.66,,,,
07/11/2011,BlackRock World Mining Trust Ord,7.54,,,,
07/12/2011,BlackRock World Mining Trust Ord,7.45,,,,
07/13/2011,BlackRock World Mining Trust Ord,7.675,,,,
07/14/2011,BlackRock World Mining Trust Ord,7.625,,,,
07/15/2011,BlackRock World Mining Trust Ord,7.585,,,,
07/16/2011,BlackRock World Mining Trust Ord,7.585,,,,
07/17/2011,BlackRock World Mining Trust Ord,7.585,,,,
07/18/2011,BlackRock World Mining Trust Ord,7.52,,,,
07/19/2011,BlackRock World Mining Trust Ord,7.64,,,,
07/20/2011,BlackRock World Mining Trust Ord,7.76,,,,
07/21/2011,BlackRock World Mining Trust Ord,7.68,,,,
07/22/2011,BlackRock World Mining Trust Ord,7.82,,,,
07/23/2011,BlackRock World Mining Trust Ord,7.82,,,,
07/24/2011,BlackRock World Mining Trust Ord,7.82,,,,
07/25/2011,BlackRock World Mining Trust Ord,7.78,,,,
07/26/2011,BlackRock World Mining Trust Ord,7.755,,,,
07/27/2011,BlackRock World Mining Trust Ord,7.73,,,,
07/28/2011,BlackRock World Mining Trust Ord,7.67,,,,
07/29/2011,BlackRock World Mining Trust Ord,7.6,,,,
07/30/2011,BlackRock World Mining Trust Ord,7.6,,,,
07/31/2011,BlackRock World Mining Trust Ord,7.6,,,,
08/01/2011,BlackRock World Mining Trust Ord,7.645,,,,
08/02/2011,BlackRock World Mining Trust Ord,7.55,,,,
08/03/2011,BlackRock World Mining Trust Ord,7.415,,,,
08/04/2011,BlackRock World Mining Trust Ord,7.2,,,,
08/05/2011,BlackRock World Mining Trust Ord,7.02,,,,
08/06/2011,BlackRock World Mining Trust Ord,7.02,,,,
08/07/2011,BlackRock World Mining Trust Ord,7.02,,,,
08/08/2011,BlackRock World Mining Trust Ord,6.51,,,,
08/09/2011,BlackRock World Mining Trust Ord,6.76,,,,
08/10/2011,BlackRock World Mining Trust Ord,6.65,,,,
08/11/2011,BlackRock World Mining Trust Ord,6.88,,,,
08/12/2011,BlackRock World Mining Trust Ord,7.02,,,,
08/13/2011,BlackRock World Mining Trust Ord,7.02,,,,
08/14/2011,BlackRock World Mining Trust Ord,7.02,,,,
08/15/2011,BlackRock World Mining Trust Ord,7.07,,,,
08/16/2011,BlackRock World Mining Trust Ord,6.9,,,,
08/17/2011,BlackRock World Mining Trust Ord,6.865,,,,
08/18/2011,BlackRock World Mining Trust Ord,6.53,,,,
08/19/2011,BlackRock World Mining Trust Ord,6.55,,,,
08/20/2011,BlackRock World Mining Trust Ord,6.55,,,,
08/21/2011,BlackRock World Mining Trust Ord,6.55,,,,
08/22/2011,BlackRock World Mining Trust Ord,6.68,,,,
08/23/2011,BlackRock World Mining Trust Ord,6.69,,,,
08/24/2011,BlackRock World Mining Trust Ord,6.9,,,,
08/25/2011,BlackRock World Mining Trust Ord,6.835,,,,
08/26/2011,BlackRock World Mining Trust Ord,6.85,,,,
08/27/2011,BlackRock World Mining Trust Ord,6.85,,,,
08/28/2011,BlackRock World Mining Trust Ord,6.85,,,,
08/29/2011,BlackRock World Mining Trust Ord,6.85,,,,
08/30/2011,BlackRock World Mining Trust Ord,6.97,,,,
08/31/2011,BlackRock World Mining Trust Ord,7.09,,,,
09/01/2011,BlackRock World Mining Trust Ord,7.055,,,,
09/02/2011,BlackRock World Mining Trust Ord,6.9,,,,
09/03/2011,BlackRock World Mining Trust Ord,6.9,,,,
09/04/2011,BlackRock World Mining Trust Ord,6.9,,,,
09/05/2011,BlackRock World Mining Trust Ord,6.7,,,,
09/06/2011,BlackRock World Mining Trust Ord,6.765,,,,
09/07/2011,BlackRock World Mining Trust Ord,6.995,,,,
09/08/2011,BlackRock World Mining Trust Ord,6.97,,,,
09/09/2011,BlackRock World Mining Trust Ord,6.82,,,,
09/10/2011,BlackRock World Mining Trust Ord,6.82,,,,
09/11/2011,BlackRock World Mining Trust Ord,6.82,,,,
09/12/2011,BlackRock World Mining Trust Ord,6.72,,,,
09/13/2011,BlackRock World Mining Trust Ord,6.775,,,,
09/14/2011,BlackRock World Mining Trust Ord,6.8,,,,
09/15/2011,BlackRock World Mining Trust Ord,6.935,,,,
09/16/2011,BlackRock World Mining Trust Ord,6.97,,,,
09/17/2011,BlackRock World Mining Trust Ord,6.97,,,,
09/18/2011,BlackRock World Mining Trust Ord,6.97,,,,
09/19/2011,BlackRock World Mining Trust Ord,6.67,,,,
09/20/2011,BlackRock World Mining Trust Ord,6.755,,,,
09/21/2011,BlackRock World Mining Trust Ord,6.64,,,,
09/22/2011,BlackRock World Mining Trust Ord,6.14,,,,
09/23/2011,BlackRock World Mining Trust Ord,6.135,,,,
09/24/2011,BlackRock World Mining Trust Ord,6.135,,,,
09/25/2011,BlackRock World Mining Trust Ord,6.135,,,,
09/26/2011,BlackRock World Mining Trust Ord,6.04,,,,
09/27/2011,BlackRock World Mining Trust Ord,6.25,,,,
09/28/2011,BlackRock World Mining Trust Ord,6.15,,,,
09/29/2011,BlackRock World Mining Trust Ord,6.13,,,,
09/30/2011,BlackRock World Mining Trust Ord,6.025,,,,
10/01/2011,BlackRock World Mining Trust Ord,6.025,,,,
10/02/2011,BlackRock World Mining Trust Ord,6.025,,,,
10/03/2011,BlackRock World Mining Trust Ord,5.93,,,,
10/04/2011,BlackRock World Mining Trust Ord,5.745,,,,
10/05/2011,BlackRock World Mining Trust Ord,5.875,,,,
10/06/2011,BlackRock World Mining Trust Ord,6.075,,,,
10/07/2011,BlackRock World Mining Trust Ord,6.045,,,,
10/08/2011,BlackRock World Mining Trust Ord,6.045,,,,
10/09/2011,BlackRock World Mining Trust Ord,6.045,,,,
10/10/2011,BlackRock World Mining Trust Ord,6.165,,,,
10/11/2011,BlackRock World Mining Trust Ord,6.13,,,,
10/12/2011,BlackRock World Mining Trust Ord,6.305,,,,
10/13/2011,BlackRock World Mining Trust Ord,6.155,,,,
10/14/2011,BlackRock World Mining Trust Ord,6.315,,,,
10/15/2011,BlackRock World Mining Trust Ord,6.315,,,,
10/16/2011,BlackRock World Mining Trust Ord,6.315,,,,
10/17/2011,BlackRock World Mining Trust Ord,6.155,,,,
10/18/2011,BlackRock World Mining Trust Ord,6.02,,,,
10/19/2011,BlackRock World Mining Trust Ord,6.12,,,,
10/20/2011,BlackRock World Mining Trust Ord,5.98,,,,
10/21/2011,BlackRock World Mining Trust Ord,6.13,,,,
10/22/2011,BlackRock World Mining Trust Ord,6.13,,,,
10/23/2011,BlackRock World Mining Trust Ord,6.13,,,,
10/24/2011,BlackRock World Mining Trust Ord,6.315,,,,
10/25/2011,BlackRock World Mining Trust Ord,6.23,,,,
10/26/2011,BlackRock World Mining Trust Ord,6.325,,,,
10/27/2011,BlackRock World Mining Trust Ord,6.72,,,,
10/28/2011,BlackRock World Mining Trust Ord,6.775,,,,
10/29/2011,BlackRock World Mining Trust Ord,6.775,,,,
10/30/2011,BlackRock World Mining Trust Ord,6.775,,,,
10/31/2011,BlackRock World Mining Trust Ord,6.56,,,,
11/01/2011,BlackRock World Mining Trust Ord,6.37,,,,
11/02/2011,BlackRock World Mining Trust Ord,6.515,,,,
11/03/2011,BlackRock World Mining Trust Ord,6.64,,,,
11/04/2011,BlackRock World Mining Trust Ord,6.595,,,,
11/05/2011,BlackRock World Mining Trust Ord,6.595,,,,
11/06/2011,BlackRock World Mining Trust Ord,6.595,,,,
11/07/2011,BlackRock World Mining Trust Ord,6.52,,,,
11/08/2011,BlackRock World Mining Trust Ord,6.715,,,,
11/09/2011,BlackRock World Mining Trust Ord,6.6,,,,
11/10/2011,BlackRock World Mining Trust Ord,6.44,,,,
11/11/2011,BlackRock World Mining Trust Ord,6.595,,,,
11/12/2011,BlackRock World Mining Trust Ord,6.595,,,,
11/13/2011,BlackRock World Mining Trust Ord,6.595,,,,
11/14/2011,BlackRock World Mining Trust Ord,6.575,,,,
11/15/2011,BlackRock World Mining Trust Ord,6.5,,,,
11/16/2011,BlackRock World Mining Trust Ord,6.495,,,,
11/17/2011,BlackRock World Mining Trust Ord,6.35,,,,
11/18/2011,BlackRock World Mining Trust Ord,6.215,,,,
11/19/2011,BlackRock World Mining Trust Ord,6.215,,,,
11/20/2011,BlackRock World Mining Trust Ord,6.215,,,,
11/21/2011,BlackRock World Mining Trust Ord,6,,,,
11/22/2011,BlackRock World Mining Trust Ord,5.98,,,,
11/23/2011,BlackRock World Mining Trust Ord,5.875,,,,
11/24/2011,BlackRock World Mining Trust Ord,5.91,,,,
11/25/2011,BlackRock World Mining Trust Ord,5.865,,,,
11/26/2011,BlackRock World Mining Trust Ord,5.865,,,,
11/27/2011,BlackRock World Mining Trust Ord,5.865,,,,
11/28/2011,BlackRock World Mining Trust Ord,6.06,,,,
11/29/2011,BlackRock World Mining Trust Ord,6.095,,,,
11/30/2011,BlackRock World Mining Trust Ord,6.315,,,,
12/01/2011,BlackRock World Mining Trust Ord,6.225,,,,
12/02/2011,BlackRock World Mining Trust Ord,6.325,,,,
12/03/2011,BlackRock World Mining Trust Ord,6.325,,,,
12/04/2011,BlackRock World Mining Trust Ord,6.325,,,,
12/05/2011,BlackRock World Mining Trust Ord,6.405,,,,
12/06/2011,BlackRock World Mining Trust Ord,6.36,,,,
12/07/2011,BlackRock World Mining Trust Ord,6.31,,,,
12/08/2011,BlackRock World Mining Trust Ord,6.28,,,,
12/09/2011,BlackRock World Mining Trust Ord,6.27,,,,
12/10/2011,BlackRock World Mining Trust Ord,6.27,,,,
12/11/2011,BlackRock World Mining Trust Ord,6.27,,,,
12/12/2011,BlackRock World Mining Trust Ord,6.09,,,,
12/13/2011,BlackRock World Mining Trust Ord,6.175,,,,
12/14/2011,BlackRock World Mining Trust Ord,6.025,,,,
12/15/2011,BlackRock World Mining Trust Ord,6.06,,,,
12/16/2011,BlackRock World Mining Trust Ord,6.1,,,,
12/17/2011,BlackRock World Mining Trust Ord,6.1,,,,
12/18/2011,BlackRock World Mining Trust Ord,6.1,,,,
12/19/2011,BlackRock World Mining Trust Ord,5.98,,,,
12/20/2011,BlackRock World Mining Trust Ord,6.07,,,,
12/21/2011,BlackRock World Mining Trust Ord,6.08,,,,
12/22/2011,BlackRock World Mining Trust Ord,6.155,,,,
12/23/2011,BlackRock World Mining Trust Ord,6.27,,,,
12/24/2011,BlackRock World Mining Trust Ord,6.27,,,,
12/25/2011,BlackRock World Mining Trust Ord,6.27,,,,
12/26/2011,BlackRock World Mining Trust Ord,6.27,,,,
12/27/2011,BlackRock World Mining Trust Ord,6.27,,,,
12/28/2011,BlackRock World Mining Trust Ord,6.1,,,,
12/29/2011,BlackRock World Mining Trust Ord,6.1675,,,,
12/30/2011,BlackRock World Mining Trust Ord,6.315,,,,
12/31/2011,BlackRock World Mining Trust Ord,6.315,,,,
01/01/2012,BlackRock World Mining Trust Ord,6.315,,,,
01/02/2012,BlackRock World Mining Trust Ord,6.315,,,,
01/03/2012,BlackRock World Mining Trust Ord,6.42,,,,
01/04/2012,BlackRock World Mining Trust Ord,6.32,,,,
01/05/2012,BlackRock World Mining Trust Ord,6.31,,,,
01/06/2012,BlackRock World Mining Trust Ord,6.315,,,,
01/07/2012,BlackRock World Mining Trust Ord,6.315,,,,
01/08/2012,BlackRock World Mining Trust Ord,6.315,,,,
01/09/2012,BlackRock World Mining Trust Ord,6.34,,,,
01/10/2012,BlackRock World Mining Trust Ord,6.57,,,,
01/11/2012,BlackRock World Mining Trust Ord,6.65,,,,
01/12/2012,BlackRock World Mining Trust Ord,6.705,,,,
01/13/2012,BlackRock World Mining Trust Ord,6.675,,,,
01/14/2012,BlackRock World Mining Trust Ord,6.675,,,,
01/15/2012,BlackRock World Mining Trust Ord,6.675,,,,
01/16/2012,BlackRock World Mining Trust Ord,6.73,,,,
01/17/2012,BlackRock World Mining Trust Ord,6.84,,,,
01/18/2012,BlackRock World Mining Trust Ord,6.88,,,,
01/19/2012,BlackRock World Mining Trust Ord,7,,,,
01/20/2012,BlackRock World Mining Trust Ord,6.96,,,,
01/21/2012,BlackRock World Mining Trust Ord,6.96,,,,
01/22/2012,BlackRock World Mining Trust Ord,6.96,,,,
01/23/2012,BlackRock World Mining Trust Ord,6.97,,,,
01/24/2012,BlackRock World Mining Trust Ord,6.915,,,,
01/25/2012,BlackRock World Mining Trust Ord,6.94,,,,
01/26/2012,BlackRock World Mining Trust Ord,7.15,,,,
01/27/2012,BlackRock World Mining Trust Ord,7.13,,,,
01/28/2012,BlackRock World Mining Trust Ord,7.13,,,,
01/29/2012,BlackRock World Mining Trust Ord,7.13,,,,
01/30/2012,BlackRock World Mining Trust Ord,6.97,,,,
01/31/2012,BlackRock World Mining Trust Ord,7.06,,,,
02/01/2012,BlackRock World Mining Trust Ord,7.26,,,,
02/02/2012,BlackRock World Mining Trust Ord,7.29,,,,
02/03/2012,BlackRock World Mining Trust Ord,7.47,,,,
02/04/2012,BlackRock World Mining Trust Ord,7.47,,,,
02/05/2012,BlackRock World Mining Trust Ord,7.47,,,,
02/06/2012,BlackRock World Mining Trust Ord,7.445,,,,
02/07/2012,BlackRock World Mining Trust Ord,7.315,,,,
02/08/2012,BlackRock World Mining Trust Ord,7.405,,,,
02/09/2012,BlackRock World Mining Trust Ord,7.39,,,,
02/10/2012,BlackRock World Mining Trust Ord,7.22,,,,
02/11/2012,BlackRock World Mining Trust Ord,7.22,,,,
02/12/2012,BlackRock World Mining Trust Ord,7.22,,,,
02/13/2012,BlackRock World Mining Trust Ord,7.225,,,,
02/14/2012,BlackRock World Mining Trust Ord,7.125,,,,
02/15/2012,BlackRock World Mining Trust Ord,7.1,,,,
02/16/2012,BlackRock World Mining Trust Ord,7.01,,,,
02/17/2012,BlackRock World Mining Trust Ord,7.12,,,,
02/18/2012,BlackRock World Mining Trust Ord,7.12,,,,
02/19/2012,BlackRock World Mining Trust Ord,7.12,,,,
02/20/2012,BlackRock World Mining Trust Ord,7.185,,,,
02/21/2012,BlackRock World Mining Trust Ord,7.16,,,,
02/22/2012,BlackRock World Mining Trust Ord,7.21,,,,
02/23/2012,BlackRock World Mining Trust Ord,7.25,,,,
02/24/2012,BlackRock World Mining Trust Ord,7.36,,,,
02/25/2012,BlackRock World Mining Trust Ord,7.36,,,,
02/26/2012,BlackRock World Mining Trust Ord,7.36,,,,
02/27/2012,BlackRock World Mining Trust Ord,7.325,,,,
02/28/2012,BlackRock World Mining Trust Ord,7.425,,,,
02/29/2012,BlackRock World Mining Trust Ord,7.45,,,,
03/01/2012,BlackRock World Mining Trust Ord,7.39,,,,
03/02/2012,BlackRock World Mining Trust Ord,7.4,,,,
03/03/2012,BlackRock World Mining Trust Ord,7.4,,,,
03/04/2012,BlackRock World Mining Trust Ord,7.4,,,,
03/05/2012,BlackRock World Mining Trust Ord,7.265,,,,
03/06/2012,BlackRock World Mining Trust Ord,7.09,,,,
03/07/2012,BlackRock World Mining Trust Ord,6.98,,,,
03/08/2012,BlackRock World Mining Trust Ord,7.06,,,,
03/09/2012,BlackRock World Mining Trust Ord,7.17,,,,
03/10/2012,BlackRock World Mining Trust Ord,7.17,,,,
03/11/2012,BlackRock World Mining Trust Ord,7.17,,,,
03/12/2012,BlackRock World Mining Trust Ord,7.085,,,,
03/13/2012,BlackRock World Mining Trust Ord,7.13,,,,
03/14/2012,BlackRock World Mining Trust Ord,7.035,,,,
03/15/2012,BlackRock World Mining Trust Ord,6.98,,,,
03/16/2012,BlackRock World Mining Trust Ord,7,,,,
03/17/2012,BlackRock World Mining Trust Ord,7,,,,
03/18/2012,BlackRock World Mining Trust Ord,7,,,,
03/19/2012,BlackRock World Mining Trust Ord,7.02,,,,
03/20/2012,BlackRock World Mining Trust Ord,6.71,,,,
03/21/2012,BlackRock World Mining Trust Ord,6.65,,,,
03/22/2012,BlackRock World Mining Trust Ord,6.565,,,,
03/23/2012,BlackRock World Mining Trust Ord,6.625,,,,
03/24/2012,BlackRock World Mining Trust Ord,6.625,,,,
03/25/2012,BlackRock World Mining Trust Ord,6.625,,,,
03/26/2012,BlackRock World Mining Trust Ord,6.65,,,,
03/27/2012,BlackRock World Mining Trust Ord,6.72,,,,
03/28/2012,BlackRock World Mining Trust Ord,6.69,,,,
03/29/2012,BlackRock World Mining Trust Ord,6.585,,,,
03/30/2012,BlackRock World Mining Trust Ord,6.725,,,,
03/31/2012,BlackRock World Mining Trust Ord,6.725,,,,
04/01/2012,BlackRock World Mining Trust Ord,6.725,,,,
04/02/2012,BlackRock World Mining Trust Ord,6.74,,,,
04/03/2012,BlackRock World Mining Trust Ord,6.6,,,,
04/04/2012,BlackRock World Mining Trust Ord,6.485,,,,
04/05/2012,BlackRock World Mining Trust Ord,6.59,,,,
04/06/2012,BlackRock World Mining Trust Ord,6.59,,,,
04/07/2012,BlackRock World Mining Trust Ord,6.59,,,,
04/08/2012,BlackRock World Mining Trust Ord,6.59,,,,
04/09/2012,BlackRock World Mining Trust Ord,6.59,,,,
04/10/2012,BlackRock World Mining Trust Ord,6.38,,,,
04/11/2012,BlackRock World Mining Trust Ord,6.53,,,,
04/12/2012,BlackRock World Mining Trust Ord,6.655,,,,
04/13/2012,BlackRock World Mining Trust Ord,6.59,,,,
04/14/2012,BlackRock World Mining Trust Ord,6.59,,,,
04/15/2012,BlackRock World Mining Trust Ord,6.59,,,,
04/16/2012,BlackRock World Mining Trust Ord,6.56,,,,
04/17/2012,BlackRock World Mining Trust Ord,6.68,,,,
04/18/2012,BlackRock World Mining Trust Ord,6.715,,,,
04/19/2012,BlackRock World Mining Trust Ord,6.725,,,,
04/20/2012,BlackRock World Mining Trust Ord,6.74,,,,
04/21/2012,BlackRock World Mining Trust Ord,6.74,,,,
04/22/2012,BlackRock World Mining Trust Ord,6.74,,,,
04/23/2012,BlackRock World Mining Trust Ord,6.48,,,,
04/24/2012,BlackRock World Mining Trust Ord,6.525,,,,
04/25/2012,BlackRock World Mining Trust Ord,6.59,,,,
04/26/2012,BlackRock World Mining Trust Ord,6.67,,,,
04/27/2012,BlackRock World Mining Trust Ord,6.69,,,,
04/28/2012,BlackRock World Mining Trust Ord,6.69,,,,
04/29/2012,BlackRock World Mining Trust Ord,6.69,,,,
04/30/2012,BlackRock World Mining Trust Ord,6.68,,,,
05/01/2012,BlackRock World Mining Trust Ord,6.745,,,,
05/02/2012,BlackRock World Mining Trust Ord,6.7,,,,
05/03/2012,BlackRock World Mining Trust Ord,6.59,,,,
05/04/2012,BlackRock World Mining Trust Ord,6.4,,,,
05/05/2012,BlackRock World Mining Trust Ord,6.4,,,,
05/06/2012,BlackRock World Mining Trust Ord,6.4,,,,
05/07/2012,BlackRock World Mining Trust Ord,6.4,,,,
05/08/2012,BlackRock World Mining Trust Ord,6.18,,,,
05/09/2012,BlackRock World Mining Trust Ord,6.105,,,,
05/10/2012,BlackRock World Mining Trust Ord,6.105,,,,
05/11/2012,BlackRock World Mining Trust Ord,6.06,,,,
05/12/2012,BlackRock World Mining Trust Ord,6.06,,,,
05/13/2012,BlackRock World Mining Trust Ord,6.06,,,,
05/14/2012,BlackRock World Mining Trust Ord,5.94,,,,
05/15/2012,BlackRock World Mining Trust Ord,5.91,,,,
05/16/2012,BlackRock World Mining Trust Ord,5.88,,,,
05/17/2012,BlackRock World Mining Trust Ord,5.72,,,,
05/18/2012,BlackRock World Mining Trust Ord,5.7,,,,
05/19/2012,BlackRock World Mining Trust Ord,5.7,,,,
05/20/2012,BlackRock World Mining Trust Ord,5.7,,,,
05/21/2012,BlackRock World Mining Trust Ord,5.7,,,,
05/22/2012,BlackRock World Mining Trust Ord,5.835,,,,
05/23/2012,BlackRock World Mining Trust Ord,5.675,,,,
05/24/2012,BlackRock World Mining Trust Ord,5.76,,,,
05/25/2012,BlackRock World Mining Trust Ord,5.76,,,,
05/26/2012,BlackRock World Mining Trust Ord,5.76,,,,
05/27/2012,BlackRock World Mining Trust Ord,5.76,,,,
05/28/2012,BlackRock World Mining Trust Ord,5.82,,,,
05/29/2012,BlackRock World Mining Trust Ord,5.9,,,,
05/30/2012,BlackRock World Mining Trust Ord,5.74,,,,
05/31/2012,BlackRock World Mining Trust Ord,5.74,,,,
06/01/2012,BlackRock World Mining Trust Ord,5.715,,,,
06/02/2012,BlackRock World Mining Trust Ord,5.715,,,,
06/03/2012,BlackRock World Mining Trust Ord,5.715,,,,
06/04/2012,BlackRock World Mining Trust Ord,5.715,,,,
06/05/2012,BlackRock World Mining Trust Ord,5.715,,,,
06/06/2012,BlackRock World Mining Trust Ord,5.915,,,,
06/07/2012,BlackRock World Mining Trust Ord,6.02,,,,
06/08/2012,BlackRock World Mining Trust Ord,5.875,,,,
06/09/2012,BlackRock World Mining Trust Ord,5.875,,,,
06/10/2012,BlackRock World Mining Trust Ord,5.875,,,,
06/11/2012,BlackRock World Mining Trust Ord,5.81,,,,
06/12/2012,BlackRock World Mining Trust Ord,5.8,,,,
06/13/2012,BlackRock World Mining Trust Ord,5.79,,,,
06/14/2012,BlackRock World Mining Trust Ord,5.78,,,,
06/15/2012,BlackRock World Mining Trust Ord,5.72,,,,
06/16/2012,BlackRock World Mining Trust Ord,5.72,,,,
06/17/2012,BlackRock World Mining Trust Ord,5.72,,,,
06/18/2012,BlackRock World Mining Trust Ord,5.69,,,,
06/19/2012,BlackRock World Mining Trust Ord,5.775,,,,
06/20/2012,BlackRock World Mining Trust Ord,5.805,,,,
06/21/2012,BlackRock World Mining Trust Ord,5.725,,,,
06/22/2012,BlackRock World Mining Trust Ord,5.65,,,,
06/23/2012,BlackRock World Mining Trust Ord,5.65,,,,
06/24/2012,BlackRock World Mining Trust Ord,5.65,,,,
06/25/2012,BlackRock World Mining Trust Ord,5.575,,,,
06/26/2012,BlackRock World Mining Trust Ord,5.595,,,,
06/27/2012,BlackRock World Mining Trust Ord,5.605,,,,
06/28/2012,BlackRock World Mining Trust Ord,5.56,,,,
06/29/2012,BlackRock World Mining Trust Ord,5.675,,,,
06/30/2012,BlackRock World Mining Trust Ord,5.675,,,,
07/01/2012,BlackRock World Mining Trust Ord,5.675,,,,
07/02/2012,BlackRock World Mining Trust Ord,5.77,,,,
07/03/2012,BlackRock World Mining Trust Ord,5.85,,,,
07/04/2012,BlackRock World Mining Trust Ord,5.87,,,,
07/05/2012,BlackRock World Mining Trust Ord,5.865,,,,
07/06/2012,BlackRock World Mining Trust Ord,5.83,,,,
07/07/2012,BlackRock World Mining Trust Ord,5.83,,,,
07/08/2012,BlackRock World Mining Trust Ord,5.83,,,,
07/09/2012,BlackRock World Mining Trust Ord,5.73,,,,
07/10/2012,BlackRock World Mining Trust Ord,5.755,,,,
07/11/2012,BlackRock World Mining Trust Ord,5.74,,,,
07/12/2012,BlackRock World Mining Trust Ord,5.57,,,,
07/13/2012,BlackRock World Mining Trust Ord,5.67,,,,
07/14/2012,BlackRock World Mining Trust Ord,5.67,,,,
07/15/2012,BlackRock World Mining Trust Ord,5.67,,,,
07/16/2012,BlackRock World Mining Trust Ord,5.66,,,,
07/17/2012,BlackRock World Mining Trust Ord,5.545,,,,
07/18/2012,BlackRock World Mining Trust Ord,5.58,,,,
07/19/2012,BlackRock World Mining Trust Ord,5.655,,,,
07/20/2012,BlackRock World Mining Trust Ord,5.56,,,,
07/21/2012,BlackRock World Mining Trust Ord,5.56,,,,
07/22/2012,BlackRock World Mining Trust Ord,5.56,,,,
07/23/2012,BlackRock World Mining Trust Ord,5.41,,,,
07/24/2012,BlackRock World Mining Trust Ord,5.4,,,,
07/25/2012,BlackRock World Mining Trust Ord,5.35,,,,
07/26/2012,BlackRock World Mining Trust Ord,5.35,,,,
07/27/2012,BlackRock World Mining Trust Ord,5.38,,,,
07/28/2012,BlackRock World Mining Trust Ord,5.38,,,,
07/29/2012,BlackRock World Mining Trust Ord,5.38,,,,
07/30/2012,BlackRock World Mining Trust Ord,5.49,,,,
07/31/2012,BlackRock World Mining Trust Ord,5.59,,,,
08/01/2012,BlackRock World Mining Trust Ord,5.61,,,,
08/02/2012,BlackRock World Mining Trust Ord,5.51,,,,
08/03/2012,BlackRock World Mining Trust Ord,5.605,,,,
08/04/2012,BlackRock World Mining Trust Ord,5.605,,,,
08/05/2012,BlackRock World Mining Trust Ord,5.605,,,,
08/06/2012,BlackRock World Mining Trust Ord,5.62,,,,
08/07/2012,BlackRock World Mining Trust Ord,5.69,,,,
08/08/2012,BlackRock World Mining Trust Ord,5.69,,,,
08/09/2012,BlackRock World Mining Trust Ord,5.74,,,,
08/10/2012,BlackRock World Mining Trust Ord,5.705,,,,
08/11/2012,BlackRock World Mining Trust Ord,5.705,,,,
08/12/2012,BlackRock World Mining Trust Ord,5.705,,,,
08/13/2012,BlackRock World Mining Trust Ord,5.645,,,,
08/14/2012,BlackRock World Mining Trust Ord,5.64,,,,
08/15/2012,BlackRock World Mining Trust Ord,5.55,,,,
08/16/2012,BlackRock World Mining Trust Ord,5.56,,,,
08/17/2012,BlackRock World Mining Trust Ord,5.615,,,,
08/18/2012,BlackRock World Mining Trust Ord,5.615,,,,
08/19/2012,BlackRock World Mining Trust Ord,5.615,,,,
08/20/2012,BlackRock World Mining Trust Ord,5.56,,,,
08/21/2012,BlackRock World Mining Trust Ord,5.675,,,,
08/22/2012,BlackRock World Mining Trust Ord,5.575,,,,
08/23/2012,BlackRock World Mining Trust Ord,5.505,,,,
08/24/2012,BlackRock World Mining Trust Ord,5.4,,,,
08/25/2012,BlackRock World Mining Trust Ord,5.4,,,,
08/26/2012,BlackRock World Mining Trust Ord,5.4,,,,
08/27/2012,BlackRock World Mining Trust Ord,5.4,,,,
08/28/2012,BlackRock World Mining Trust Ord,5.385,,,,
08/29/2012,BlackRock World Mining Trust Ord,5.335,,,,
08/30/2012,BlackRock World Mining Trust Ord,5.25,,,,
08/31/2012,BlackRock World Mining Trust Ord,5.33,,,,
09/01/2012,BlackRock World Mining Trust Ord,5.33,,,,
09/02/2012,BlackRock World Mining Trust Ord,5.33,,,,
09/03/2012,BlackRock World Mining Trust Ord,5.38,,,,
09/04/2012,BlackRock World Mining Trust Ord,5.3,,,,
09/05/2012,BlackRock World Mining Trust Ord,5.35,,,,
09/06/2012,BlackRock World Mining Trust Ord,5.47,,,,
09/07/2012,BlackRock World Mining Trust Ord,5.665,,,,
09/08/2012,BlackRock World Mining Trust Ord,5.665,,,,
09/09/2012,BlackRock World Mining Trust Ord,5.665,,,,
09/10/2012,BlackRock World Mining Trust Ord,5.66,,,,
09/11/2012,BlackRock World Mining Trust Ord,5.61,,,,
09/12/2012,BlackRock World Mining Trust Ord,5.67,,,,
09/13/2012,BlackRock World Mining Trust Ord,5.695,,,,
09/14/2012,BlackRock World Mining Trust Ord,5.99,,,,
09/15/2012,BlackRock World Mining Trust Ord,5.99,,,,
09/16/2012,BlackRock World Mining Trust Ord,5.99,,,,
09/17/2012,BlackRock World Mining Trust Ord,5.955,,,,
09/18/2012,BlackRock World Mining Trust Ord,5.97,,,,
09/19/2012,BlackRock World Mining Trust Ord,6.01,,,,
09/20/2012,BlackRock World Mining Trust Ord,5.92,,,,
09/21/2012,BlackRock World Mining Trust Ord,5.875,,,,
09/22/2012,BlackRock World Mining Trust Ord,5.875,,,,
09/23/2012,BlackRock World Mining Trust Ord,5.875,,,,
09/24/2012,BlackRock World Mining Trust Ord,5.86,,,,
09/25/2012,BlackRock World Mining Trust Ord,5.82,,,,
09/26/2012,BlackRock World Mining Trust Ord,5.7,,,,
09/27/2012,BlackRock World Mining Trust Ord,5.755,,,,
09/28/2012,BlackRock World Mining Trust Ord,5.79,,,,
09/29/2012,BlackRock World Mining Trust Ord,5.79,,,,
09/30/2012,BlackRock World Mining Trust Ord,5.79,,,,
10/01/2012,BlackRock World Mining Trust Ord,5.84,,,,
10/02/2012,BlackRock World Mining Trust Ord,5.79,,,,
10/03/2012,BlackRock World Mining Trust Ord,5.795,,,,
10/04/2012,BlackRock World Mining Trust Ord,5.775,,,,
10/05/2012,BlackRock World Mining Trust Ord,5.875,,,,
10/06/2012,BlackRock World Mining Trust Ord,5.875,,,,
10/07/2012,BlackRock World Mining Trust Ord,5.875,,,,
10/08/2012,BlackRock World Mining Trust Ord,5.88,,,,
10/09/2012,BlackRock World Mining Trust Ord,5.915,,,,
10/10/2012,BlackRock World Mining Trust Ord,5.89,,,,
10/11/2012,BlackRock World Mining Trust Ord,5.91,,,,
10/12/2012,BlackRock World Mining Trust Ord,5.855,,,,
10/13/2012,BlackRock World Mining Trust Ord,5.855,,,,
10/14/2012,BlackRock World Mining Trust Ord,5.855,,,,
10/15/2012,BlackRock World Mining Trust Ord,5.73,,,,
10/16/2012,BlackRock World Mining Trust Ord,5.81,,,,
10/17/2012,BlackRock World Mining Trust Ord,5.95,,,,
10/18/2012,BlackRock World Mining Trust Ord,6.015,,,,
10/19/2012,BlackRock World Mining Trust Ord,6,,,,
10/20/2012,BlackRock World Mining Trust Ord,6,,,,
10/21/2012,BlackRock World Mining Trust Ord,6,,,,
10/22/2012,BlackRock World Mining Trust Ord,5.995,,,,
10/23/2012,BlackRock World Mining Trust Ord,5.85,,,,
10/24/2012,BlackRock World Mining Trust Ord,5.84,,,,
10/25/2012,BlackRock World Mining Trust Ord,5.845,,,,
10/26/2012,BlackRock World Mining Trust Ord,5.79,,,,
10/27/2012,BlackRock World Mining Trust Ord,5.79,,,,
10/28/2012,BlackRock World Mining Trust Ord,5.79,,,,
10/29/2012,BlackRock World Mining Trust Ord,5.775,,,,
10/30/2012,BlackRock World Mining Trust Ord,5.8,,,,
10/31/2012,BlackRock World Mining Trust Ord,5.825,,,,
11/01/2012,BlackRock World Mining Trust Ord,5.88,,,,
11/02/2012,BlackRock World Mining Trust Ord,6.005,,,,
11/03/2012,BlackRock World Mining Trust Ord,6.005,,,,
11/04/2012,BlackRock World Mining Trust Ord,6.005,,,,
11/05/2012,BlackRock World Mining Trust Ord,5.87,,,,
11/06/2012,BlackRock World Mining Trust Ord,5.905,,,,
11/07/2012,BlackRock World Mining Trust Ord,5.83,,,,
11/08/2012,BlackRock World Mining Trust Ord,5.75,,,,
11/09/2012,BlackRock World Mining Trust Ord,5.745,,,,
11/10/2012,BlackRock World Mining Trust Ord,5.745,,,,
11/11/2012,BlackRock World Mining Trust Ord,5.745,,,,
11/12/2012,BlackRock World Mining Trust Ord,5.69,,,,
11/13/2012,BlackRock World Mining Trust Ord,5.65,,,,
11/14/2012,BlackRock World Mining Trust Ord,5.575,,,,
11/15/2012,BlackRock World Mining Trust Ord,5.56,,,,
11/16/2012,BlackRock World Mining Trust Ord,5.445,,,,
11/17/2012,BlackRock World Mining Trust Ord,5.445,,,,
11/18/2012,BlackRock World Mining Trust Ord,5.445,,,,
11/19/2012,BlackRock World Mining Trust Ord,5.55,,,,
11/20/2012,BlackRock World Mining Trust Ord,5.53,,,,
11/21/2012,BlackRock World Mining Trust Ord,5.495,,,,
11/22/2012,BlackRock World Mining Trust Ord,5.6,,,,
11/23/2012,BlackRock World Mining Trust Ord,5.615,,,,
11/24/2012,BlackRock World Mining Trust Ord,5.615,,,,
11/25/2012,BlackRock World Mining Trust Ord,5.615,,,,
11/26/2012,BlackRock World Mining Trust Ord,5.58,,,,
11/27/2012,BlackRock World Mining Trust Ord,5.59,,,,
11/28/2012,BlackRock World Mining Trust Ord,5.515,,,,
11/29/2012,BlackRock World Mining Trust Ord,5.645,,,,
11/30/2012,BlackRock World Mining Trust Ord,5.67,,,,
12/01/2012,BlackRock World Mining Trust Ord,5.67,,,,
12/02/2012,BlackRock World Mining Trust Ord,5.67,,,,
12/03/2012,BlackRock World Mining Trust Ord,5.66,,,,
12/04/2012,BlackRock World Mining Trust Ord,5.67,,,,
12/05/2012,BlackRock World Mining Trust Ord,5.78,,,,
12/06/2012,BlackRock World Mining Trust Ord,5.82,,,,
12/07/2012,BlackRock World Mining Trust Ord,5.795,,,,
12/08/2012,BlackRock World Mining Trust Ord,5.795,,,,
12/09/2012,BlackRock World Mining Trust Ord,5.795,,,,
12/10/2012,BlackRock World Mining Trust Ord,5.785,,,,
12/11/2012,BlackRock World Mining Trust Ord,5.86,,,,
12/12/2012,BlackRock World Mining Trust Ord,5.87,,,,
12/13/2012,BlackRock World Mining Trust Ord,5.885,,,,
12/14/2012,BlackRock World Mining Trust Ord,5.86,,,,
12/15/2012,BlackRock World Mining Trust Ord,5.86,,,,
12/16/2012,BlackRock World Mining Trust Ord,5.86,,,,
12/17/2012,BlackRock World Mining Trust Ord,5.815,,,,
12/18/2012,BlackRock World Mining Trust Ord,5.925,,,,
12/19/2012,BlackRock World Mining Trust Ord,5.88,,,,
12/20/2012,BlackRock World Mining Trust Ord,5.89,,,,
12/21/2012,BlackRock World Mining Trust Ord,5.86,,,,
12/22/2012,BlackRock World Mining Trust Ord,5.86,,,,
12/23/2012,BlackRock World Mining Trust Ord,5.86,,,,
12/24/2012,BlackRock World Mining Trust Ord,5.84,,,,
12/25/2012,BlackRock World Mining Trust Ord,5.84,,,,
12/26/2012,BlackRock World Mining Trust Ord,5.84,,,,
12/27/2012,BlackRock World Mining Trust Ord,5.9,,,,
12/28/2012,BlackRock World Mining Trust Ord,5.9,,,,
12/29/2012,BlackRock World Mining Trust Ord,5.9,,,,
12/30/2012,BlackRock World Mining Trust Ord,5.9,,,,
12/31/2012,BlackRock World Mining Trust Ord,5.865,,,,
01/01/2013,BlackRock World Mining Trust Ord,5.865,,,,
01/02/2013,BlackRock World Mining Trust Ord,6.065,,,,
01/03/2013,BlackRock World Mining Trust Ord,6.045,,,,
01/04/2013,BlackRock World Mining Trust Ord,6.075,,,,
01/05/2013,BlackRock World Mining Trust Ord,6.075,,,,
01/06/2013,BlackRock World Mining Trust Ord,6.075,,,,
01/07/2013,BlackRock World Mining Trust Ord,6.06,,,,
01/08/2013,BlackRock World Mining Trust Ord,6.075,,,,
01/09/2013,BlackRock World Mining Trust Ord,6.185,,,,
01/10/2013,BlackRock World Mining Trust Ord,6.18,,,,
01/11/2013,BlackRock World Mining Trust Ord,6.16,,,,
01/12/2013,BlackRock World Mining Trust Ord,6.16,,,,
01/13/2013,BlackRock World Mining Trust Ord,6.16,,,,
01/14/2013,BlackRock World Mining Trust Ord,6.075,,,,
01/15/2013,BlackRock World Mining Trust Ord,6.02,,,,
01/16/2013,BlackRock World Mining Trust Ord,6.015,,,,
01/17/2013,BlackRock World Mining Trust Ord,5.965,,,,
01/18/2013,BlackRock World Mining Trust Ord,6.025,,,,
01/19/2013,BlackRock World Mining Trust Ord,6.025,,,,
01/20/2013,BlackRock World Mining Trust Ord,6.025,,,,
01/21/2013,BlackRock World Mining Trust Ord,6.085,,,,
01/22/2013,BlackRock World Mining Trust Ord,6.045,,,,
01/23/2013,BlackRock World Mining Trust Ord,6.04,,,,
01/24/2013,BlackRock World Mining Trust Ord,6.08,,,,
01/25/2013,BlackRock World Mining Trust Ord,6.095,,,,
01/26/2013,BlackRock World Mining Trust Ord,6.095,,,,
01/27/2013,BlackRock World Mining Trust Ord,6.095,,,,
01/28/2013,BlackRock World Mining Trust Ord,6.16,,,,
01/29/2013,BlackRock World Mining Trust Ord,6.225,,,,
01/30/2013,BlackRock World Mining Trust Ord,6.165,,,,
01/31/2013,BlackRock World Mining Trust Ord,6.07,,,,
02/01/2013,BlackRock World Mining Trust Ord,6.08,,,,
02/02/2013,BlackRock World Mining Trust Ord,6.08,,,,
02/03/2013,BlackRock World Mining Trust Ord,6.08,,,,
02/04/2013,BlackRock World Mining Trust Ord,6.025,,,,
02/05/2013,BlackRock World Mining Trust Ord,6.105,,,,
02/06/2013,BlackRock World Mining Trust Ord,6.105,,,,
02/07/2013,BlackRock World Mining Trust Ord,6.02,,,,
02/08/2013,BlackRock World Mining Trust Ord,6.07,,,,
02/09/2013,BlackRock World Mining Trust Ord,6.07,,,,
02/10/2013,BlackRock World Mining Trust Ord,6.07,,,,
02/11/2013,BlackRock World Mining Trust Ord,6.105,,,,
02/12/2013,BlackRock World Mining Trust Ord,6.06,,,,
02/13/2013,BlackRock World Mining Trust Ord,6.12,,,,
02/14/2013,BlackRock World Mining Trust Ord,6.03,,,,
02/15/2013,BlackRock World Mining Trust Ord,6.02,,,,
02/16/2013,BlackRock World Mining Trust Ord,6.02,,,,
02/17/2013,BlackRock World Mining Trust Ord,6.02,,,,
02/18/2013,BlackRock World Mining Trust Ord,5.99,,,,
02/19/2013,BlackRock World Mining Trust Ord,5.985,,,,
02/20/2013,BlackRock World Mining Trust Ord,5.96,,,,
02/21/2013,BlackRock World Mining Trust Ord,5.83,,,,
02/22/2013,BlackRock World Mining Trust Ord,5.75,,,,
02/23/2013,BlackRock World Mining Trust Ord,5.75,,,,
02/24/2013,BlackRock World Mining Trust Ord,5.75,,,,
02/25/2013,BlackRock World Mining Trust Ord,5.815,,,,
02/26/2013,BlackRock World Mining Trust Ord,5.735,,,,
02/27/2013,BlackRock World Mining Trust Ord,5.745,,,,
02/28/2013,BlackRock World Mining Trust Ord,5.79,,,,
03/01/2013,BlackRock World Mining Trust Ord,5.77,,,,
03/02/2013,BlackRock World Mining Trust Ord,5.77,,,,
03/03/2013,BlackRock World Mining Trust Ord,5.77,,,,
03/04/2013,BlackRock World Mining Trust Ord,5.64,,,,
03/05/2013,BlackRock World Mining Trust Ord,5.705,,,,
03/06/2013,BlackRock World Mining Trust Ord,5.56,,,,
03/07/2013,BlackRock World Mining Trust Ord,5.635,,,,
03/08/2013,BlackRock World Mining Trust Ord,5.65,,,,
03/09/2013,BlackRock World Mining Trust Ord,5.65,,,,
03/10/2013,BlackRock World Mining Trust Ord,5.65,,,,
03/11/2013,BlackRock World Mining Trust Ord,5.675,,,,
03/12/2013,BlackRock World Mining Trust Ord,5.655,,,,
03/13/2013,BlackRock World Mining Trust Ord,5.59,,,,
03/14/2013,BlackRock World Mining Trust Ord,5.56,,,,
03/15/2013,BlackRock World Mining Trust Ord,5.6,,,,
03/16/2013,BlackRock World Mining Trust Ord,5.6,,,,
03/17/2013,BlackRock World Mining Trust Ord,5.6,,,,
03/18/2013,BlackRock World Mining Trust Ord,5.575,,,,
03/19/2013,BlackRock World Mining Trust Ord,5.355,,,,
03/20/2013,BlackRock World Mining Trust Ord,5.355,,,,
03/21/2013,BlackRock World Mining Trust Ord,5.35,,,,
03/22/2013,BlackRock World Mining Trust Ord,5.405,,,,
03/23/2013,BlackRock World Mining Trust Ord,5.405,,,,
03/24/2013,BlackRock World Mining Trust Ord,5.405,,,,
03/25/2013,BlackRock World Mining Trust Ord,5.37,,,,
03/26/2013,BlackRock World Mining Trust Ord,5.275,,,,
03/27/2013,BlackRock World Mining Trust Ord,5.22,,,,
03/28/2013,BlackRock World Mining Trust Ord,5.24,,,,
03/29/2013,BlackRock World Mining Trust Ord,5.24,,,,
03/30/2013,BlackRock World Mining Trust Ord,5.24,,,,
03/31/2013,BlackRock World Mining Trust Ord,5.24,,,,
04/01/2013,BlackRock World Mining Trust Ord,5.24,,,,
04/02/2013,BlackRock World Mining Trust Ord,5.235,,,,
04/03/2013,BlackRock World Mining Trust Ord,5.115,,,,
04/04/2013,BlackRock World Mining Trust Ord,5.09,,,,
04/05/2013,BlackRock World Mining Trust Ord,5.03,,,,
04/06/2013,BlackRock World Mining Trust Ord,5.03,,,,
04/07/2013,BlackRock World Mining Trust Ord,5.03,,,,
04/08/2013,BlackRock World Mining Trust Ord,5.005,,,,
04/09/2013,BlackRock World Mining Trust Ord,5.135,,,,
04/10/2013,BlackRock World Mining Trust Ord,5.255,,,,
04/11/2013,BlackRock World Mining Trust Ord,5.25,,,,
04/12/2013,BlackRock World Mining Trust Ord,5.175,,,,
04/13/2013,BlackRock World Mining Trust Ord,5.175,,,,
04/14/2013,BlackRock World Mining Trust Ord,5.175,,,,
04/15/2013,BlackRock World Mining Trust Ord,4.992,,,,
04/16/2013,BlackRock World Mining Trust Ord,5.035,,,,
04/17/2013,BlackRock World Mining Trust Ord,4.88,,,,
04/18/2013,BlackRock World Mining Trust Ord,4.931,,,,
04/19/2013,BlackRock World Mining Trust Ord,4.95,,,,
04/20/2013,BlackRock World Mining Trust Ord,4.95,,,,
04/21/2013,BlackRock World Mining Trust Ord,4.95,,,,
04/22/2013,BlackRock World Mining Trust Ord,4.9,,,,
04/23/2013,BlackRock World Mining Trust Ord,4.905,,,,
04/24/2013,BlackRock World Mining Trust Ord,5.02,,,,
04/25/2013,BlackRock World Mining Trust Ord,5.06,,,,
04/26/2013,BlackRock World Mining Trust Ord,5.03,,,,
04/27/2013,BlackRock World Mining Trust Ord,5.03,,,,
04/28/2013,BlackRock World Mining Trust Ord,5.03,,,,
04/29/2013,BlackRock World Mining Trust Ord,5.07,,,,
04/30/2013,BlackRock World Mining Trust Ord,4.98,,,,
05/01/2013,BlackRock World Mining Trust Ord,5,,,,
05/02/2013,BlackRock World Mining Trust Ord,4.94,,,,
05/03/2013,BlackRock World Mining Trust Ord,5.045,,,,
05/04/2013,BlackRock World Mining Trust Ord,5.045,,,,
05/05/2013,BlackRock World Mining Trust Ord,5.045,,,,
05/06/2013,BlackRock World Mining Trust Ord,5.045,,,,
05/07/2013,BlackRock World Mining Trust Ord,5.13,,,,
05/08/2013,BlackRock World Mining Trust Ord,5.165,,,,
05/09/2013,BlackRock World Mining Trust Ord,5.165,,,,
05/10/2013,BlackRock World Mining Trust Ord,5.135,,,,
05/11/2013,BlackRock World Mining Trust Ord,5.135,,,,
05/12/2013,BlackRock World Mining Trust Ord,5.135,,,,
05/13/2013,BlackRock World Mining Trust Ord,5.15,,,,
05/14/2013,BlackRock World Mining Trust Ord,5.12,,,,
05/15/2013,BlackRock World Mining Trust Ord,5.055,,,,
05/16/2013,BlackRock World Mining Trust Ord,5.035,,,,
05/17/2013,BlackRock World Mining Trust Ord,5.08,,,,
05/18/2013,BlackRock World Mining Trust Ord,5.08,,,,
05/19/2013,BlackRock World Mining Trust Ord,5.08,,,,
05/20/2013,BlackRock World Mining Trust Ord,4.991,,,,
05/21/2013,BlackRock World Mining Trust Ord,5.07,,,,
05/22/2013,BlackRock World Mining Trust Ord,5.08,,,,
05/23/2013,BlackRock World Mining Trust Ord,4.969,,,,
05/24/2013,BlackRock World Mining Trust Ord,4.885,,,,
05/25/2013,BlackRock World Mining Trust Ord,4.885,,,,
05/26/2013,BlackRock World Mining Trust Ord,4.885,,,,
05/27/2013,BlackRock World Mining Trust Ord,4.885,,,,
05/28/2013,BlackRock World Mining Trust Ord,4.95,,,,
05/29/2013,BlackRock World Mining Trust Ord,4.88,,,,
05/30/2013,BlackRock World Mining Trust Ord,4.95,,,,
05/31/2013,BlackRock World Mining Trust Ord,4.91,,,,
06/01/2013,BlackRock World Mining Trust Ord,4.91,,,,
06/02/2013,BlackRock World Mining Trust Ord,4.91,,,,
06/03/2013,BlackRock World Mining Trust Ord,4.858,,,,
06/04/2013,BlackRock World Mining Trust Ord,4.891,,,,
06/05/2013,BlackRock World Mining Trust Ord,4.816,,,,
06/06/2013,BlackRock World Mining Trust Ord,4.736,,,,
06/07/2013,BlackRock World Mining Trust Ord,4.826,,,,
06/08/2013,BlackRock World Mining Trust Ord,4.826,,,,
06/09/2013,BlackRock World Mining Trust Ord,4.826,,,,
06/10/2013,BlackRock World Mining Trust Ord,4.744,,,,
06/11/2013,BlackRock World Mining Trust Ord,4.597,,,,
06/12/2013,BlackRock World Mining Trust Ord,4.583,,,,
06/13/2013,BlackRock World Mining Trust Ord,4.535,,,,
06/14/2013,BlackRock World Mining Trust Ord,4.601,,,,
06/15/2013,BlackRock World Mining Trust Ord,4.601,,,,
06/16/2013,BlackRock World Mining Trust Ord,4.601,,,,
06/17/2013,BlackRock World Mining Trust Ord,4.614,,,,
06/18/2013,BlackRock World Mining Trust Ord,4.55,,,,
06/19/2013,BlackRock World Mining Trust Ord,4.594,,,,
06/20/2013,BlackRock World Mining Trust Ord,4.468,,,,
06/21/2013,BlackRock World Mining Trust Ord,4.423,,,,
06/22/2013,BlackRock World Mining Trust Ord,4.423,,,,
06/23/2013,BlackRock World Mining Trust Ord,4.423,,,,
06/24/2013,BlackRock World Mining Trust Ord,4.294,,,,
06/25/2013,BlackRock World Mining Trust Ord,4.261,,,,
06/26/2013,BlackRock World Mining Trust Ord,4.245,,,,
06/27/2013,BlackRock World Mining Trust Ord,4.319,,,,
06/28/2013,BlackRock World Mining Trust Ord,4.268,,,,
06/29/2013,BlackRock World Mining Trust Ord,4.268,,,,
06/30/2013,BlackRock World Mining Trust Ord,4.268,,,,
07/01/2013,BlackRock World Mining Trust Ord,4.28,,,,
07/02/2013,BlackRock World Mining Trust Ord,4.35,,,,
07/03/2013,BlackRock World Mining Trust Ord,4.26,,,,
07/04/2013,BlackRock World Mining Trust Ord,4.42,,,,
07/05/2013,BlackRock World Mining Trust Ord,4.316,,,,
07/06/2013,BlackRock World Mining Trust Ord,4.316,,,,
07/07/2013,BlackRock World Mining Trust Ord,4.316,,,,
07/08/2013,BlackRock World Mining Trust Ord,4.404,,,,
07/09/2013,BlackRock World Mining Trust Ord,4.49,,,,
07/10/2013,BlackRock World Mining Trust Ord,4.402,,,,
07/11/2013,BlackRock World Mining Trust Ord,4.523,,,,
07/12/2013,BlackRock World Mining Trust Ord,4.465,,,,
07/13/2013,BlackRock World Mining Trust Ord,4.465,,,,
07/14/2013,BlackRock World Mining Trust Ord,4.465,,,,
07/15/2013,BlackRock World Mining Trust Ord,4.495,,,,
07/16/2013,BlackRock World Mining Trust Ord,4.545,,,,
07/17/2013,BlackRock World Mining Trust Ord,4.611,,,,
07/18/2013,BlackRock World Mining Trust Ord,4.615,,,,
07/19/2013,BlackRock World Mining Trust Ord,4.6,,,,
07/20/2013,BlackRock World Mining Trust Ord,4.6,,,,
07/21/2013,BlackRock World Mining Trust Ord,4.6,,,,
07/22/2013,BlackRock World Mining Trust Ord,4.645,,,,
07/23/2013,BlackRock World Mining Trust Ord,4.7,,,,
07/24/2013,BlackRock World Mining Trust Ord,4.705,,,,
07/25/2013,BlackRock World Mining Trust Ord,4.63,,,,
07/26/2013,BlackRock World Mining Trust Ord,4.6,,,,
07/27/2013,BlackRock World Mining Trust Ord,4.6,,,,
07/28/2013,BlackRock World Mining Trust Ord,4.6,,,,
07/29/2013,BlackRock World Mining Trust Ord,4.65,,,,
07/30/2013,BlackRock World Mining Trust Ord,4.7,,,,
07/31/2013,BlackRock World Mining Trust Ord,4.68,,,,
08/01/2013,BlackRock World Mining Trust Ord,4.76,,,,
08/02/2013,BlackRock World Mining Trust Ord,4.762,,,,
08/03/2013,BlackRock World Mining Trust Ord,4.762,,,,
08/04/2013,BlackRock World Mining Trust Ord,4.762,,,,
08/05/2013,BlackRock World Mining Trust Ord,4.76,,,,
08/06/2013,BlackRock World Mining Trust Ord,4.615,,,,
08/07/2013,BlackRock World Mining Trust Ord,4.511,,,,
08/08/2013,BlackRock World Mining Trust Ord,4.625,,,,
08/09/2013,BlackRock World Mining Trust Ord,4.784,,,,
08/10/2013,BlackRock World Mining Trust Ord,4.784,,,,
08/11/2013,BlackRock World Mining Trust Ord,4.784,,,,
08/12/2013,BlackRock World Mining Trust Ord,4.9,,,,
08/13/2013,BlackRock World Mining Trust Ord,4.96,,,,
08/14/2013,BlackRock World Mining Trust Ord,4.984,,,,
08/15/2013,BlackRock World Mining Trust Ord,4.915,,,,
08/16/2013,BlackRock World Mining Trust Ord,4.971,,,,
08/17/2013,BlackRock World Mining Trust Ord,4.971,,,,
08/18/2013,BlackRock World Mining Trust Ord,4.971,,,,
08/19/2013,BlackRock World Mining Trust Ord,4.958,,,,
08/20/2013,BlackRock World Mining Trust Ord,4.9,,,,
08/21/2013,BlackRock World Mining Trust Ord,4.815,,,,
08/22/2013,BlackRock World Mining Trust Ord,4.87,,,,
08/23/2013,BlackRock World Mining Trust Ord,4.88,,,,
08/24/2013,BlackRock World Mining Trust Ord,4.88,,,,
08/25/2013,BlackRock World Mining Trust Ord,4.88,,,,
08/26/2013,BlackRock World Mining Trust Ord,4.88,,,,
08/27/2013,BlackRock World Mining Trust Ord,4.893,,,,
08/28/2013,BlackRock World Mining Trust Ord,4.814,,,,
08/29/2013,BlackRock World Mining Trust Ord,4.786,,,,
08/30/2013,BlackRock World Mining Trust Ord,4.759,,,,
08/31/2013,BlackRock World Mining Trust Ord,4.759,,,,
09/01/2013,BlackRock World Mining Trust Ord,4.759,,,,
09/02/2013,BlackRock World Mining Trust Ord,4.93,,,,
09/03/2013,BlackRock World Mining Trust Ord,4.864,,,,
09/04/2013,BlackRock World Mining Trust Ord,4.875,,,,
09/05/2013,BlackRock World Mining Trust Ord,4.858,,,,
09/06/2013,BlackRock World Mining Trust Ord,4.9,,,,
09/07/2013,BlackRock World Mining Trust Ord,4.9,,,,
09/08/2013,BlackRock World Mining Trust Ord,4.9,,,,
09/09/2013,BlackRock World Mining Trust Ord,4.98,,,,
09/10/2013,BlackRock World Mining Trust Ord,5.085,,,,
09/11/2013,BlackRock World Mining Trust Ord,5.04,,,,
09/12/2013,BlackRock World Mining Trust Ord,5.035,,,,
09/13/2013,BlackRock World Mining Trust Ord,4.96,,,,
09/14/2013,BlackRock World Mining Trust Ord,4.96,,,,
09/15/2013,BlackRock World Mining Trust Ord,4.96,,,,
09/16/2013,BlackRock World Mining Trust Ord,5.05,,,,
09/17/2013,BlackRock World Mining Trust Ord,4.97,,,,
09/18/2013,BlackRock World Mining Trust Ord,4.934,,,,
09/19/2013,BlackRock World Mining Trust Ord,5,,,,
09/20/2013,BlackRock World Mining Trust Ord,4.92,,,,
09/21/2013,BlackRock World Mining Trust Ord,4.92,,,,
09/22/2013,BlackRock World Mining Trust Ord,4.92,,,,
09/23/2013,BlackRock World Mining Trust Ord,4.83,,,,
09/24/2013,BlackRock World Mining Trust Ord,4.885,,,,
09/25/2013,BlackRock World Mining Trust Ord,4.82,,,,
09/26/2013,BlackRock World Mining Trust Ord,4.9,,,,
09/27/2013,BlackRock World Mining Trust Ord,4.883,,,,
09/28/2013,BlackRock World Mining Trust Ord,4.883,,,,
09/29/2013,BlackRock World Mining Trust Ord,4.883,,,,
09/30/2013,BlackRock World Mining Trust Ord,4.833,,,,
10/01/2013,BlackRock World Mining Trust Ord,4.789,,,,
10/02/2013,BlackRock World Mining Trust Ord,4.71,,,,
10/03/2013,BlackRock World Mining Trust Ord,4.65,,,,
10/04/2013,BlackRock World Mining Trust Ord,4.631,,,,
10/05/2013,BlackRock World Mining Trust Ord,4.631,,,,
10/06/2013,BlackRock World Mining Trust Ord,4.631,,,,
10/07/2013,BlackRock World Mining Trust Ord,4.65,,,,
10/08/2013,BlackRock World Mining Trust Ord,4.556,,,,
10/09/2013,BlackRock World Mining Trust Ord,4.581,,,,
10/10/2013,BlackRock World Mining Trust Ord,4.76,,,,
10/11/2013,BlackRock World Mining Trust Ord,4.735,,,,
10/12/2013,BlackRock World Mining Trust Ord,4.735,,,,
10/13/2013,BlackRock World Mining Trust Ord,4.735,,,,
10/14/2013,BlackRock World Mining Trust Ord,4.726,,,,
10/15/2013,BlackRock World Mining Trust Ord,4.849,,,,
10/16/2013,BlackRock World Mining Trust Ord,4.857,,,,
10/17/2013,BlackRock World Mining Trust Ord,4.84,,,,
10/18/2013,BlackRock World Mining Trust Ord,4.817,,,,
10/19/2013,BlackRock World Mining Trust Ord,4.817,,,,
10/20/2013,BlackRock World Mining Trust Ord,4.817,,,,
10/21/2013,BlackRock World Mining Trust Ord,4.849,,,,
10/22/2013,BlackRock World Mining Trust Ord,4.9,,,,
10/23/2013,BlackRock World Mining Trust Ord,4.8,,,,
10/24/2013,BlackRock World Mining Trust Ord,4.812,,,,
10/25/2013,BlackRock World Mining Trust Ord,4.825,,,,
10/26/2013,BlackRock World Mining Trust Ord,4.825,,,,
10/27/2013,BlackRock World Mining Trust Ord,4.825,,,,
10/28/2013,BlackRock World Mining Trust Ord,4.835,,,,
10/29/2013,BlackRock World Mining Trust Ord,4.84,,,,
10/30/2013,BlackRock World Mining Trust Ord,4.8,,,,
10/31/2013,BlackRock World Mining Trust Ord,4.721,,,,
11/01/2013,BlackRock World Mining Trust Ord,4.75,,,,
11/02/2013,BlackRock World Mining Trust Ord,4.75,,,,
11/03/2013,BlackRock World Mining Trust Ord,4.75,,,,
11/04/2013,BlackRock World Mining Trust Ord,4.845,,,,
11/05/2013,BlackRock World Mining Trust Ord,4.915,,,,
11/06/2013,BlackRock World Mining Trust Ord,4.92,,,,
11/07/2013,BlackRock World Mining Trust Ord,4.9,,,,
11/08/2013,BlackRock World Mining Trust Ord,4.85,,,,
11/09/2013,BlackRock World Mining Trust Ord,4.85,,,,
11/10/2013,BlackRock World Mining Trust Ord,4.85,,,,
11/11/2013,BlackRock World Mining Trust Ord,4.847,,,,
11/12/2013,BlackRock World Mining Trust Ord,4.783,,,,
11/13/2013,BlackRock World Mining Trust Ord,4.624,,,,
11/14/2013,BlackRock World Mining Trust Ord,4.67,,,,
11/15/2013,BlackRock World Mining Trust Ord,4.75,,,,
11/16/2013,BlackRock World Mining Trust Ord,4.75,,,,
11/17/2013,BlackRock World Mining Trust Ord,4.75,,,,
11/18/2013,BlackRock World Mining Trust Ord,4.787,,,,
11/19/2013,BlackRock World Mining Trust Ord,4.743,,,,
11/20/2013,BlackRock World Mining Trust Ord,4.68,,,,
11/21/2013,BlackRock World Mining Trust Ord,4.551,,,,
11/22/2013,BlackRock World Mining Trust Ord,4.464,,,,
11/23/2013,BlackRock World Mining Trust Ord,4.464,,,,
11/24/2013,BlackRock World Mining Trust Ord,4.464,,,,
11/25/2013,BlackRock World Mining Trust Ord,4.477,,,,
11/26/2013,BlackRock World Mining Trust Ord,4.43,,,,
11/27/2013,BlackRock World Mining Trust Ord,4.45,,,,
11/28/2013,BlackRock World Mining Trust Ord,4.49,,,,
11/29/2013,BlackRock World Mining Trust Ord,4.513,,,,
11/30/2013,BlackRock World Mining Trust Ord,4.513,,,,
12/01/2013,BlackRock World Mining Trust Ord,4.513,,,,
12/02/2013,BlackRock World Mining Trust Ord,4.41,,,,
12/03/2013,BlackRock World Mining Trust Ord,4.33,,,,
12/04/2013,BlackRock World Mining Trust Ord,4.364,,,,
12/05/2013,BlackRock World Mining Trust Ord,4.335,,,,
12/06/2013,BlackRock World Mining Trust Ord,4.405,,,,
12/07/2013,BlackRock World Mining Trust Ord,4.405,,,,
12/08/2013,BlackRock World Mining Trust Ord,4.405,,,,
12/09/2013,BlackRock World Mining Trust Ord,4.301,,,,
12/10/2013,BlackRock World Mining Trust Ord,4.4,,,,
12/11/2013,BlackRock World Mining Trust Ord,4.363,,,,
12/12/2013,BlackRock World Mining Trust Ord,4.33,,,,
12/13/2013,BlackRock World Mining Trust Ord,4.35,,,,
12/14/2013,BlackRock World Mining Trust Ord,4.35,,,,
12/15/2013,BlackRock World Mining Trust Ord,4.35,,,,
12/16/2013,BlackRock World Mining Trust Ord,4.42,,,,
12/17/2013,BlackRock World Mining Trust Ord,4.412,,,,
12/18/2013,BlackRock World Mining Trust Ord,4.43,,,,
12/19/2013,BlackRock World Mining Trust Ord,4.47,,,,
12/20/2013,BlackRock World Mining Trust Ord,4.465,,,,
12/21/2013,BlackRock World Mining Trust Ord,4.465,,,,
12/22/2013,BlackRock World Mining Trust Ord,4.465,,,,
12/23/2013,BlackRock World Mining Trust Ord,4.45,,,,
12/24/2013,BlackRock World Mining Trust Ord,4.5,,,,
12/25/2013,BlackRock World Mining Trust Ord,4.5,,,,
12/26/2013,BlackRock World Mining Trust Ord,4.5,,,,
12/27/2013,BlackRock World Mining Trust Ord,4.549,,,,
12/28/2013,BlackRock World Mining Trust Ord,4.549,,,,
12/29/2013,BlackRock World Mining Trust Ord,4.549,,,,
12/30/2013,BlackRock World Mining Trust Ord,4.65,,,,
12/31/2013,BlackRock World Mining Trust Ord,4.65,,,,
01/01/2014,BlackRock World Mining Trust Ord,4.65,,,,
01/02/2014,BlackRock World Mining Trust Ord,4.616,,,,
01/03/2014,BlackRock World Mining Trust Ord,4.639,,,,
01/04/2014,BlackRock World Mining Trust Ord,4.639,,,,
01/05/2014,BlackRock World Mining Trust Ord,4.639,,,,
01/06/2014,BlackRock World Mining Trust Ord,4.58,,,,
01/07/2014,BlackRock World Mining Trust Ord,4.62,,,,
01/08/2014,BlackRock World Mining Trust Ord,4.604,,,,
01/09/2014,BlackRock World Mining Trust Ord,4.511,,,,
01/10/2014,BlackRock World Mining Trust Ord,4.56,,,,
01/11/2014,BlackRock World Mining Trust Ord,4.56,,,,
01/12/2014,BlackRock World Mining Trust Ord,4.56,,,,
01/13/2014,BlackRock World Mining Trust Ord,4.615,,,,
01/14/2014,BlackRock World Mining Trust Ord,4.586,,,,
01/15/2014,BlackRock World Mining Trust Ord,4.61,,,,
01/16/2014,BlackRock World Mining Trust Ord,4.702,,,,
01/17/2014,BlackRock World Mining Trust Ord,4.79,,,,
01/18/2014,BlackRock World Mining Trust Ord,4.79,,,,
01/19/2014,BlackRock World Mining Trust Ord,4.79,,,,
01/20/2014,BlackRock World Mining Trust Ord,4.797,,,,
01/21/2014,BlackRock World Mining Trust Ord,4.724,,,,
01/22/2014,BlackRock World Mining Trust Ord,4.745,,,,
01/23/2014,BlackRock World Mining Trust Ord,4.695,,,,
01/24/2014,BlackRock World Mining Trust Ord,4.629,,,,
01/25/2014,BlackRock World Mining Trust Ord,4.629,,,,
01/26/2014,BlackRock World Mining Trust Ord,4.629,,,,
01/27/2014,BlackRock World Mining Trust Ord,4.557,,,,
01/28/2014,BlackRock World Mining Trust Ord,4.64,,,,
01/29/2014,BlackRock World Mining Trust Ord,4.691,,,,
01/30/2014,BlackRock World Mining Trust Ord,4.695,,,,
01/31/2014,BlackRock World Mining Trust Ord,4.69,,,,
02/01/2014,BlackRock World Mining Trust Ord,4.69,,,,
02/02/2014,BlackRock World Mining Trust Ord,4.69,,,,
02/03/2014,BlackRock World Mining Trust Ord,4.642,,,,
02/04/2014,BlackRock World Mining Trust Ord,4.625,,,,
02/05/2014,BlackRock World Mining Trust Ord,4.69,,,,
02/06/2014,BlackRock World Mining Trust Ord,4.8,,,,
02/07/2014,BlackRock World Mining Trust Ord,4.943,,,,
02/08/2014,BlackRock World Mining Trust Ord,4.943,,,,
02/09/2014,BlackRock World Mining Trust Ord,4.943,,,,
02/10/2014,BlackRock World Mining Trust Ord,4.979,,,,
02/11/2014,BlackRock World Mining Trust Ord,5.015,,,,
02/12/2014,BlackRock World Mining Trust Ord,5.135,,,,
02/13/2014,BlackRock World Mining Trust Ord,5.1,,,,
02/14/2014,BlackRock World Mining Trust Ord,5.11,,,,
02/15/2014,BlackRock World Mining Trust Ord,5.11,,,,
02/16/2014,BlackRock World Mining Trust Ord,5.11,,,,
02/17/2014,BlackRock World Mining Trust Ord,5.185,,,,
02/18/2014,BlackRock World Mining Trust Ord,5.185,,,,
02/19/2014,BlackRock World Mining Trust Ord,5.16,,,,
02/20/2014,BlackRock World Mining Trust Ord,5.12,,,,
02/21/2014,BlackRock World Mining Trust Ord,5.17,,,,
02/22/2014,BlackRock World Mining Trust Ord,5.17,,,,
02/23/2014,BlackRock World Mining Trust Ord,5.17,,,,
02/24/2014,BlackRock World Mining Trust Ord,5.17,,,,
02/25/2014,BlackRock World Mining Trust Ord,5.08,,,,
02/26/2014,BlackRock World Mining Trust Ord,5.075,,,,
02/27/2014,BlackRock World Mining Trust Ord,5.055,,,,
02/28/2014,BlackRock World Mining Trust Ord,5.03,,,,
03/01/2014,BlackRock World Mining Trust Ord,5.03,,,,
03/02/2014,BlackRock World Mining Trust Ord,5.03,,,,
03/03/2014,BlackRock World Mining Trust Ord,4.918,,,,
03/04/2014,BlackRock World Mining Trust Ord,5.035,,,,
03/05/2014,BlackRock World Mining Trust Ord,4.905,,,,
03/06/2014,BlackRock World Mining Trust Ord,4.92,,,,
03/07/2014,BlackRock World Mining Trust Ord,4.81,,,,
03/08/2014,BlackRock World Mining Trust Ord,4.81,,,,
03/09/2014,BlackRock World Mining Trust Ord,4.81,,,,
03/10/2014,BlackRock World Mining Trust Ord,4.648,,,,
03/11/2014,BlackRock World Mining Trust Ord,4.66,,,,
03/12/2014,BlackRock World Mining Trust Ord,4.66,,,,
03/13/2014,BlackRock World Mining Trust Ord,4.62,,,,
03/14/2014,BlackRock World Mining Trust Ord,4.647,,,,
03/15/2014,BlackRock World Mining Trust Ord,4.647,,,,
03/16/2014,BlackRock World Mining Trust Ord,4.647,,,,
03/17/2014,BlackRock World Mining Trust Ord,4.65,,,,
03/18/2014,BlackRock World Mining Trust Ord,4.6,,,,
03/19/2014,BlackRock World Mining Trust Ord,4.57,,,,
03/20/2014,BlackRock World Mining Trust Ord,4.53,,,,
03/21/2014,BlackRock World Mining Trust Ord,4.523,,,,
03/22/2014,BlackRock World Mining Trust Ord,4.523,,,,
03/23/2014,BlackRock World Mining Trust Ord,4.523,,,,
03/24/2014,BlackRock World Mining Trust Ord,4.5,,,,
03/25/2014,BlackRock World Mining Trust Ord,4.56,,,,
03/26/2014,BlackRock World Mining Trust Ord,4.582,,,,
03/27/2014,BlackRock World Mining Trust Ord,4.547,,,,
03/28/2014,BlackRock World Mining Trust Ord,4.59,,,,
03/29/2014,BlackRock World Mining Trust Ord,4.59,,,,
03/30/2014,BlackRock World Mining Trust Ord,4.59,,,,
03/31/2014,BlackRock World Mining Trust Ord,4.629,,,,
04/01/2014,BlackRock World Mining Trust Ord,4.65,,,,
04/02/2014,BlackRock World Mining Trust Ord,4.69,,,,
04/03/2014,BlackRock World Mining Trust Ord,4.68,,,,
04/04/2014,BlackRock World Mining Trust Ord,4.7,,,,
04/05/2014,BlackRock World Mining Trust Ord,4.7,,,,
04/06/2014,BlackRock World Mining Trust Ord,4.7,,,,
04/07/2014,BlackRock World Mining Trust Ord,4.707,,,,
04/08/2014,BlackRock World Mining Trust Ord,4.705,,,,
04/09/2014,BlackRock World Mining Trust Ord,4.695,,,,
04/10/2014,BlackRock World Mining Trust Ord,4.7,,,,
04/11/2014,BlackRock World Mining Trust Ord,4.62,,,,
04/12/2014,BlackRock World Mining Trust Ord,4.62,,,,
04/13/2014,BlackRock World Mining Trust Ord,4.62,,,,
04/14/2014,BlackRock World Mining Trust Ord,4.632,,,,
04/15/2014,BlackRock World Mining Trust Ord,4.592,,,,
04/16/2014,BlackRock World Mining Trust Ord,4.599,,,,
04/17/2014,BlackRock World Mining Trust Ord,4.602,,,,
04/18/2014,BlackRock World Mining Trust Ord,4.602,,,,
04/19/2014,BlackRock World Mining Trust Ord,4.602,,,,
04/20/2014,BlackRock World Mining Trust Ord,4.602,,,,
04/21/2014,BlackRock World Mining Trust Ord,4.602,,,,
04/22/2014,BlackRock World Mining Trust Ord,4.605,,,,
04/23/2014,BlackRock World Mining Trust Ord,4.614,,,,
04/24/2014,BlackRock World Mining Trust Ord,4.58,,,,
04/25/2014,BlackRock World Mining Trust Ord,4.57,,,,
04/26/2014,BlackRock World Mining Trust Ord,4.57,,,,
04/27/2014,BlackRock World Mining Trust Ord,4.57,,,,
04/28/2014,BlackRock World Mining Trust Ord,4.563,,,,
04/29/2014,BlackRock World Mining Trust Ord,4.565,,,,
04/30/2014,BlackRock World Mining Trust Ord,4.565,,,,
05/01/2014,BlackRock World Mining Trust Ord,4.601,,,,
05/02/2014,BlackRock World Mining Trust Ord,4.611,,,,
05/03/2014,BlackRock World Mining Trust Ord,4.611,,,,
05/04/2014,BlackRock World Mining Trust Ord,4.611,,,,
05/05/2014,BlackRock World Mining Trust Ord,4.611,,,,
05/06/2014,BlackRock World Mining Trust Ord,4.615,,,,
05/07/2014,BlackRock World Mining Trust Ord,4.597,,,,
05/08/2014,BlackRock World Mining Trust Ord,4.658,,,,
05/09/2014,BlackRock World Mining Trust Ord,4.66,,,,
05/10/2014,BlackRock World Mining Trust Ord,4.66,,,,
05/11/2014,BlackRock World Mining Trust Ord,4.66,,,,
05/12/2014,BlackRock World Mining Trust Ord,4.682,,,,
05/13/2014,BlackRock World Mining Trust Ord,4.8,,,,
05/14/2014,BlackRock World Mining Trust Ord,4.8,,,,
05/15/2014,BlackRock World Mining Trust Ord,4.805,,,,
05/16/2014,BlackRock World Mining Trust Ord,4.766,,,,
05/17/2014,BlackRock World Mining Trust Ord,4.766,,,,
05/18/2014,BlackRock World Mining Trust Ord,4.766,,,,
05/19/2014,BlackRock World Mining Trust Ord,4.68,,,,
05/20/2014,BlackRock World Mining Trust Ord,4.712,,,,
05/21/2014,BlackRock World Mining Trust Ord,4.69,,,,
05/22/2014,BlackRock World Mining Trust Ord,4.697,,,,
05/23/2014,BlackRock World Mining Trust Ord,4.686,,,,
05/24/2014,BlackRock World Mining Trust Ord,4.686,,,,
05/25/2014,BlackRock World Mining Trust Ord,4.686,,,,
05/26/2014,BlackRock World Mining Trust Ord,4.686,,,,
05/27/2014,BlackRock World Mining Trust Ord,4.653,,,,
05/28/2014,BlackRock World Mining Trust Ord,4.658,,,,
05/29/2014,BlackRock World Mining Trust Ord,4.682,,,,
05/30/2014,BlackRock World Mining Trust Ord,4.575,,,,
05/31/2014,BlackRock World Mining Trust Ord,4.575,,,,
06/01/2014,BlackRock World Mining Trust Ord,4.575,,,,
06/02/2014,BlackRock World Mining Trust Ord,4.627,,,,
06/03/2014,BlackRock World Mining Trust Ord,4.62,,,,
06/04/2014,BlackRock World Mining Trust Ord,4.63,,,,
06/05/2014,BlackRock World Mining Trust Ord,4.668,,,,
06/06/2014,BlackRock World Mining Trust Ord,4.725,,,,
06/07/2014,BlackRock World Mining Trust Ord,4.725,,,,
06/08/2014,BlackRock World Mining Trust Ord,4.725,,,,
06/09/2014,BlackRock World Mining Trust Ord,4.694,,,,
06/10/2014,BlackRock World Mining Trust Ord,4.69,,,,
06/11/2014,BlackRock World Mining Trust Ord,4.665,,,,
06/12/2014,BlackRock World Mining Trust Ord,4.612,,,,
06/13/2014,BlackRock World Mining Trust Ord,4.485,,,,
06/14/2014,BlackRock World Mining Trust Ord,4.485,,,,
06/15/2014,BlackRock World Mining Trust Ord,4.485,,,,
06/16/2014,BlackRock World Mining Trust Ord,4.481,,,,
06/17/2014,BlackRock World Mining Trust Ord,4.49,,,,
06/18/2014,BlackRock World Mining Trust Ord,4.56,,,,
06/19/2014,BlackRock World Mining Trust Ord,4.595,,,,
06/20/2014,BlackRock World Mining Trust Ord,4.63,,,,
06/21/2014,BlackRock World Mining Trust Ord,4.63,,,,
06/22/2014,BlackRock World Mining Trust Ord,4.63,,,,
06/23/2014,BlackRock World Mining Trust Ord,4.6,,,,
06/24/2014,BlackRock World Mining Trust Ord,4.589,,,,
06/25/2014,BlackRock World Mining Trust Ord,4.582,,,,
06/26/2014,BlackRock World Mining Trust Ord,4.621,,,,
06/27/2014,BlackRock World Mining Trust Ord,4.635,,,,
06/28/2014,BlackRock World Mining Trust Ord,4.635,,,,
06/29/2014,BlackRock World Mining Trust Ord,4.635,,,,
06/30/2014,BlackRock World Mining Trust Ord,4.631,,,,
07/01/2014,BlackRock World Mining Trust Ord,4.798,,,,
07/02/2014,BlackRock World Mining Trust Ord,4.76,,,,
07/03/2014,BlackRock World Mining Trust Ord,4.8,,,,
07/04/2014,BlackRock World Mining Trust Ord,4.851,,,,
07/05/2014,BlackRock World Mining Trust Ord,4.851,,,,
07/06/2014,BlackRock World Mining Trust Ord,4.851,,,,
07/07/2014,BlackRock World Mining Trust Ord,4.807,,,,
07/08/2014,BlackRock World Mining Trust Ord,4.775,,,,
07/09/2014,BlackRock World Mining Trust Ord,4.851,,,,
07/10/2014,BlackRock World Mining Trust Ord,4.83,,,,
07/11/2014,BlackRock World Mining Trust Ord,4.835,,,,
07/12/2014,BlackRock World Mining Trust Ord,4.835,,,,
07/13/2014,BlackRock World Mining Trust Ord,4.835,,,,
07/14/2014,BlackRock World Mining Trust Ord,4.917,,,,
07/15/2014,BlackRock World Mining Trust Ord,4.901,,,,
07/16/2014,BlackRock World Mining Trust Ord,4.962,,,,
07/17/2014,BlackRock World Mining Trust Ord,4.88,,,,
07/18/2014,BlackRock World Mining Trust Ord,4.909,,,,
07/19/2014,BlackRock World Mining Trust Ord,4.909,,,,
07/20/2014,BlackRock World Mining Trust Ord,4.909,,,,
07/21/2014,BlackRock World Mining Trust Ord,4.904,,,,
07/22/2014,BlackRock World Mining Trust Ord,4.994,,,,
07/23/2014,BlackRock World Mining Trust Ord,5,,,,
07/24/2014,BlackRock World Mining Trust Ord,4.972,,,,
07/25/2014,BlackRock World Mining Trust Ord,5.02,,,,
07/26/2014,BlackRock World Mining Trust Ord,5.02,,,,
07/27/2014,BlackRock World Mining Trust Ord,5.02,,,,
07/28/2014,BlackRock World Mining Trust Ord,4.988,,,,
07/29/2014,BlackRock World Mining Trust Ord,5.06,,,,
07/30/2014,BlackRock World Mining Trust Ord,4.98,,,,
07/31/2014,BlackRock World Mining Trust Ord,4.963,,,,
08/01/2014,BlackRock World Mining Trust Ord,4.94,,,,
08/02/2014,BlackRock World Mining Trust Ord,4.94,,,,
08/03/2014,BlackRock World Mining Trust Ord,4.94,,,,
08/04/2014,BlackRock World Mining Trust Ord,4.985,,,,
08/05/2014,BlackRock World Mining Trust Ord,4.99,,,,
08/06/2014,BlackRock World Mining Trust Ord,5.005,,,,
08/07/2014,BlackRock World Mining Trust Ord,4.93,,,,
08/08/2014,BlackRock World Mining Trust Ord,5.04,,,,
08/09/2014,BlackRock World Mining Trust Ord,5.04,,,,
08/10/2014,BlackRock World Mining Trust Ord,5.04,,,,
08/11/2014,BlackRock World Mining Trust Ord,5.07,,,,
08/12/2014,BlackRock World Mining Trust Ord,5.025,,,,
08/13/2014,BlackRock World Mining Trust Ord,4.992,,,,
08/14/2014,BlackRock World Mining Trust Ord,4.999,,,,
08/15/2014,BlackRock World Mining Trust Ord,5.01,,,,
08/16/2014,BlackRock World Mining Trust Ord,5.01,,,,
08/17/2014,BlackRock World Mining Trust Ord,5.01,,,,
08/18/2014,BlackRock World Mining Trust Ord,5.03,,,,
08/19/2014,BlackRock World Mining Trust Ord,5.035,,,,
08/20/2014,BlackRock World Mining Trust Ord,5.02,,,,
08/21/2014,BlackRock World Mining Trust Ord,4.972,,,,
08/22/2014,BlackRock World Mining Trust Ord,4.912,,,,
08/23/2014,BlackRock World Mining Trust Ord,4.912,,,,
08/24/2014,BlackRock World Mining Trust Ord,4.912,,,,
08/25/2014,BlackRock World Mining Trust Ord,4.912,,,,
08/26/2014,BlackRock World Mining Trust Ord,4.9,,,,
08/27/2014,BlackRock World Mining Trust Ord,4.832,,,,
08/28/2014,BlackRock World Mining Trust Ord,4.777,,,,
08/29/2014,BlackRock World Mining Trust Ord,4.72,,,,
08/30/2014,BlackRock World Mining Trust Ord,4.72,,,,
08/31/2014,BlackRock World Mining Trust Ord,4.72,,,,
09/01/2014,BlackRock World Mining Trust Ord,4.746,,,,
09/02/2014,BlackRock World Mining Trust Ord,4.745,,,,
09/03/2014,BlackRock World Mining Trust Ord,4.808,,,,
09/04/2014,BlackRock World Mining Trust Ord,4.766,,,,
09/05/2014,BlackRock World Mining Trust Ord,4.76,,,,
09/06/2014,BlackRock World Mining Trust Ord,4.76,,,,
09/07/2014,BlackRock World Mining Trust Ord,4.76,,,,
09/08/2014,BlackRock World Mining Trust Ord,4.775,,,,
09/09/2014,BlackRock World Mining Trust Ord,4.805,,,,
09/10/2014,BlackRock World Mining Trust Ord,4.802,,,,
09/11/2014,BlackRock World Mining Trust Ord,4.796,,,,
09/12/2014,BlackRock World Mining Trust Ord,4.764,,,,
09/13/2014,BlackRock World Mining Trust Ord,4.764,,,,
09/14/2014,BlackRock World Mining Trust Ord,4.764,,,,
09/15/2014,BlackRock World Mining Trust Ord,4.725,,,,
09/16/2014,BlackRock World Mining Trust Ord,4.733,,,,
09/17/2014,BlackRock World Mining Trust Ord,4.683,,,,
09/18/2014,BlackRock World Mining Trust Ord,4.68,,,,
09/19/2014,BlackRock World Mining Trust Ord,4.666,,,,
09/20/2014,BlackRock World Mining Trust Ord,4.666,,,,
09/21/2014,BlackRock World Mining Trust Ord,4.666,,,,
09/22/2014,BlackRock World Mining Trust Ord,4.49,,,,
09/23/2014,BlackRock World Mining Trust Ord,4.52,,,,
09/24/2014,BlackRock World Mining Trust Ord,4.521,,,,
09/25/2014,BlackRock World Mining Trust Ord,4.39,,,,
09/26/2014,BlackRock World Mining Trust Ord,4.395,,,,
09/27/2014,BlackRock World Mining Trust Ord,4.395,,,,
09/28/2014,BlackRock World Mining Trust Ord,4.395,,,,
09/29/2014,BlackRock World Mining Trust Ord,4.305,,,,
09/30/2014,BlackRock World Mining Trust Ord,4.29,,,,
10/01/2014,BlackRock World Mining Trust Ord,4.245,,,,
10/02/2014,BlackRock World Mining Trust Ord,4.145,,,,
10/03/2014,BlackRock World Mining Trust Ord,4.229,,,,
10/04/2014,BlackRock World Mining Trust Ord,4.229,,,,
10/05/2014,BlackRock World Mining Trust Ord,4.229,,,,
10/06/2014,BlackRock World Mining Trust Ord,4.297,,,,
10/07/2014,BlackRock World Mining Trust Ord,4.216,,,,
10/08/2014,BlackRock World Mining Trust Ord,4.144,,,,
10/09/2014,BlackRock World Mining Trust Ord,3.817,,,,
10/10/2014,BlackRock World Mining Trust Ord,3.5,,,,
10/11/2014,BlackRock World Mining Trust Ord,3.5,,,,
10/12/2014,BlackRock World Mining Trust Ord,3.5,,,,
10/13/2014,BlackRock World Mining Trust Ord,3.525,,,,
10/14/2014,BlackRock World Mining Trust Ord,3.606,,,,
10/15/2014,BlackRock World Mining Trust Ord,3.512,,,,
10/16/2014,BlackRock World Mining Trust Ord,3.537,,,,
10/17/2014,BlackRock World Mining Trust Ord,3.71,,,,
10/18/2014,BlackRock World Mining Trust Ord,3.71,,,,
10/19/2014,BlackRock World Mining Trust Ord,3.71,,,,
10/20/2014,BlackRock World Mining Trust Ord,3.68,,,,
10/21/2014,BlackRock World Mining Trust Ord,3.73,,,,
10/22/2014,BlackRock World Mining Trust Ord,3.693,,,,
10/23/2014,BlackRock World Mining Trust Ord,3.601,,,,
10/24/2014,BlackRock World Mining Trust Ord,3.6,,,,
10/25/2014,BlackRock World Mining Trust Ord,3.6,,,,
10/26/2014,BlackRock World Mining Trust Ord,3.6,,,,
10/27/2014,BlackRock World Mining Trust Ord,3.568,,,,
10/28/2014,BlackRock World Mining Trust Ord,3.565,,,,
10/29/2014,BlackRock World Mining Trust Ord,3.57,,,,
10/30/2014,BlackRock World Mining Trust Ord,3.55,,,,
10/31/2014,BlackRock World Mining Trust Ord,3.49,,,,
11/01/2014,BlackRock World Mining Trust Ord,3.49,,,,
11/02/2014,BlackRock World Mining Trust Ord,3.49,,,,
11/03/2014,BlackRock World Mining Trust Ord,3.47,,,,
11/04/2014,BlackRock World Mining Trust Ord,3.345,,,,
11/05/2014,BlackRock World Mining Trust Ord,3.42,,,,
11/06/2014,BlackRock World Mining Trust Ord,3.425,,,,
11/07/2014,BlackRock World Mining Trust Ord,3.449,,,,
11/08/2014,BlackRock World Mining Trust Ord,3.449,,,,
11/09/2014,BlackRock World Mining Trust Ord,3.449,,,,
11/10/2014,BlackRock World Mining Trust Ord,3.504,,,,
11/11/2014,BlackRock World Mining Trust Ord,3.488,,,,
11/12/2014,BlackRock World Mining Trust Ord,3.539,,,,
11/13/2014,BlackRock World Mining Trust Ord,3.531,,,,
11/14/2014,BlackRock World Mining Trust Ord,3.521,,,,
11/15/2014,BlackRock World Mining Trust Ord,3.521,,,,
11/16/2014,BlackRock World Mining Trust Ord,3.521,,,,
11/17/2014,BlackRock World Mining Trust Ord,3.53,,,,
11/18/2014,BlackRock World Mining Trust Ord,3.515,,,,
11/19/2014,BlackRock World Mining Trust Ord,3.502,,,,
11/20/2014,BlackRock World Mining Trust Ord,3.415,,,,
11/21/2014,BlackRock World Mining Trust Ord,3.518,,,,
11/22/2014,BlackRock World Mining Trust Ord,3.518,,,,
11/23/2014,BlackRock World Mining Trust Ord,3.518,,,,
11/24/2014,BlackRock World Mining Trust Ord,3.526,,,,
11/25/2014,BlackRock World Mining Trust Ord,3.512,,,,
11/26/2014,BlackRock World Mining Trust Ord,3.552,,,,
11/27/2014,BlackRock World Mining Trust Ord,3.535,,,,
11/28/2014,BlackRock World Mining Trust Ord,3.48,,,,
11/29/2014,BlackRock World Mining Trust Ord,3.48,,,,
11/30/2014,BlackRock World Mining Trust Ord,3.48,,,,
12/01/2014,BlackRock World Mining Trust Ord,3.367,,,,
12/02/2014,BlackRock World Mining Trust Ord,3.415,,,,
12/03/2014,BlackRock World Mining Trust Ord,3.396,,,,
12/04/2014,BlackRock World Mining Trust Ord,3.332,,,,
12/05/2014,BlackRock World Mining Trust Ord,3.274,,,,
12/06/2014,BlackRock World Mining Trust Ord,3.274,,,,
12/07/2014,BlackRock World Mining Trust Ord,3.274,,,,
12/08/2014,BlackRock World Mining Trust Ord,3.211,,,,
12/09/2014,BlackRock World Mining Trust Ord,3.175,,,,
12/10/2014,BlackRock World Mining Trust Ord,3.15,,,,
12/11/2014,BlackRock World Mining Trust Ord,3.142,,,,
12/12/2014,BlackRock World Mining Trust Ord,2.953,,,,
12/13/2014,BlackRock World Mining Trust Ord,2.953,,,,
12/14/2014,BlackRock World Mining Trust Ord,2.953,,,,
12/15/2014,BlackRock World Mining Trust Ord,2.905,,,,
12/16/2014,BlackRock World Mining Trust Ord,2.94,,,,
12/17/2014,BlackRock World Mining Trust Ord,2.979,,,,
12/18/2014,BlackRock World Mining Trust Ord,3.027,,,,
12/19/2014,BlackRock World Mining Trust Ord,3.095,,,,
12/20/2014,BlackRock World Mining Trust Ord,3.095,,,,
12/21/2014,BlackRock World Mining Trust Ord,3.095,,,,
12/22/2014,BlackRock World Mining Trust Ord,3.07,,,,
12/23/2014,BlackRock World Mining Trust Ord,3.07,,,,
12/24/2014,BlackRock World Mining Trust Ord,3.057,,,,
12/25/2014,BlackRock World Mining Trust Ord,3.057,,,,
12/26/2014,BlackRock World Mining Trust Ord,3.057,,,,
12/27/2014,BlackRock World Mining Trust Ord,3.057,,,,
12/28/2014,BlackRock World Mining Trust Ord,3.057,,,,
12/29/2014,BlackRock World Mining Trust Ord,3.06,,,,
12/30/2014,BlackRock World Mining Trust Ord,3.08,,,,
12/31/2014,BlackRock World Mining Trust Ord,3.1035,,,,
01/01/2015,BlackRock World Mining Trust Ord,3.1035,,,,
01/02/2015,BlackRock World Mining Trust Ord,3.119,,,,
01/03/2015,BlackRock World Mining Trust Ord,3.119,,,,
01/04/2015,BlackRock World Mining Trust Ord,3.119,,,,
01/05/2015,BlackRock World Mining Trust Ord,3.004,,,,
01/06/2015,BlackRock World Mining Trust Ord,3.051,,,,
01/07/2015,BlackRock World Mining Trust Ord,3.088,,,,
01/08/2015,BlackRock World Mining Trust Ord,3.2,,,,
01/09/2015,BlackRock World Mining Trust Ord,3.153,,,,
01/10/2015,BlackRock World Mining Trust Ord,3.153,,,,
01/11/2015,BlackRock World Mining Trust Ord,3.153,,,,
01/12/2015,BlackRock World Mining Trust Ord,3.13,,,,
01/13/2015,BlackRock World Mining Trust Ord,3.145,,,,
01/14/2015,BlackRock World Mining Trust Ord,2.982,,,,
01/15/2015,BlackRock World Mining Trust Ord,3.02,,,,
01/16/2015,BlackRock World Mining Trust Ord,3.147,,,,
01/17/2015,BlackRock World Mining Trust Ord,3.147,,,,
01/18/2015,BlackRock World Mining Trust Ord,3.147,,,,
01/19/2015,BlackRock World Mining Trust Ord,3.08,,,,
01/20/2015,BlackRock World Mining Trust Ord,3.11,,,,
01/21/2015,BlackRock World Mining Trust Ord,3.116,,,,
01/22/2015,BlackRock World Mining Trust Ord,3.18,,,,
01/23/2015,BlackRock World Mining Trust Ord,3.128,,,,
01/24/2015,BlackRock World Mining Trust Ord,3.128,,,,
01/25/2015,BlackRock World Mining Trust Ord,3.128,,,,
01/26/2015,BlackRock World Mining Trust Ord,3.029,,,,
01/27/2015,BlackRock World Mining Trust Ord,3.005,,,,
01/28/2015,BlackRock World Mining Trust Ord,3.015,,,,
01/29/2015,BlackRock World Mining Trust Ord,2.987,,,,
01/30/2015,BlackRock World Mining Trust Ord,3.008,,,,
01/31/2015,BlackRock World Mining Trust Ord,3.008,,,,
02/01/2015,BlackRock World Mining Trust Ord,3.008,,,,
02/02/2015,BlackRock World Mining Trust Ord,3.099,,,,
02/03/2015,BlackRock World Mining Trust Ord,3.208,,,,
02/04/2015,BlackRock World Mining Trust Ord,3.213,,,,
02/05/2015,BlackRock World Mining Trust Ord,3.2,,,,
02/06/2015,BlackRock World Mining Trust Ord,3.219,,,,
02/07/2015,BlackRock World Mining Trust Ord,3.219,,,,
02/08/2015,BlackRock World Mining Trust Ord,3.219,,,,
02/09/2015,BlackRock World Mining Trust Ord,3.24,,,,
02/10/2015,BlackRock World Mining Trust Ord,3.21,,,,
02/11/2015,BlackRock World Mining Trust Ord,3.162,,,,
02/12/2015,BlackRock World Mining Trust Ord,3.205,,,,
02/13/2015,BlackRock World Mining Trust Ord,3.283,,,,
02/14/2015,BlackRock World Mining Trust Ord,3.283,,,,
02/15/2015,BlackRock World Mining Trust Ord,3.283,,,,
02/16/2015,BlackRock World Mining Trust Ord,3.355,,,,
02/17/2015,BlackRock World Mining Trust Ord,3.325,,,,
02/18/2015,BlackRock World Mining Trust Ord,3.33,,,,
02/19/2015,BlackRock World Mining Trust Ord,3.241,,,,
02/20/2015,BlackRock World Mining Trust Ord,3.281,,,,
02/21/2015,BlackRock World Mining Trust Ord,3.281,,,,
02/22/2015,BlackRock World Mining Trust Ord,3.281,,,,
02/23/2015,BlackRock World Mining Trust Ord,3.25,,,,
02/24/2015,BlackRock World Mining Trust Ord,3.254,,,,
02/25/2015,BlackRock World Mining Trust Ord,3.225,,,,
02/26/2015,BlackRock World Mining Trust Ord,3.191,,,,
02/27/2015,BlackRock World Mining Trust Ord,3.196,,,,
02/28/2015,BlackRock World Mining Trust Ord,3.196,,,,
03/01/2015,BlackRock World Mining Trust Ord,3.196,,,,
03/02/2015,BlackRock World Mining Trust Ord,3.23,,,,
03/03/2015,BlackRock World Mining Trust Ord,3.209,,,,
03/04/2015,BlackRock World Mining Trust Ord,3.198,,,,
03/05/2015,BlackRock World Mining Trust Ord,3.209,,,,
03/06/2015,BlackRock World Mining Trust Ord,3.142,,,,
03/07/2015,BlackRock World Mining Trust Ord,3.142,,,,
03/08/2015,BlackRock World Mining Trust Ord,3.142,,,,
03/09/2015,BlackRock World Mining Trust Ord,3.1,,,,
03/10/2015,BlackRock World Mining Trust Ord,2.955,,,,
03/11/2015,BlackRock World Mining Trust Ord,2.895,,,,
03/12/2015,BlackRock World Mining Trust Ord,2.944,,,,
03/13/2015,BlackRock World Mining Trust Ord,2.92,,,,
03/14/2015,BlackRock World Mining Trust Ord,2.92,,,,
03/15/2015,BlackRock World Mining Trust Ord,2.92,,,,
03/16/2015,BlackRock World Mining Trust Ord,2.945,,,,
03/17/2015,BlackRock World Mining Trust Ord,2.978,,,,
03/18/2015,BlackRock World Mining Trust Ord,2.99,,,,
03/19/2015,BlackRock World Mining Trust Ord,3.028,,,,
03/20/2015,BlackRock World Mining Trust Ord,3.135,,,,
03/21/2015,BlackRock World Mining Trust Ord,3.135,,,,
03/22/2015,BlackRock World Mining Trust Ord,3.135,,,,
03/23/2015,BlackRock World Mining Trust Ord,3.148,,,,
03/24/2015,BlackRock World Mining Trust Ord,3.15,,,,
03/25/2015,BlackRock World Mining Trust Ord,3.198,,,,
03/26/2015,BlackRock World Mining Trust Ord,3.06,,,,
03/27/2015,BlackRock World Mining Trust Ord,2.945,,,,
03/28/2015,BlackRock World Mining Trust Ord,2.945,,,,
03/29/2015,BlackRock World Mining Trust Ord,2.945,,,,
03/30/2015,BlackRock World Mining Trust Ord,2.95,,,,
03/31/2015,BlackRock World Mining Trust Ord,2.94,,,,
04/01/2015,BlackRock World Mining Trust Ord,2.91,,,,
04/02/2015,BlackRock World Mining Trust Ord,2.903,,,,
04/03/2015,BlackRock World Mining Trust Ord,2.903,,,,
04/04/2015,BlackRock World Mining Trust Ord,2.903,,,,
04/05/2015,BlackRock World Mining Trust Ord,2.903,,,,
04/06/2015,BlackRock World Mining Trust Ord,2.903,,,,
04/07/2015,BlackRock World Mining Trust Ord,3.003,,,,
04/08/2015,BlackRock World Mining Trust Ord,2.996,,,,
04/09/2015,BlackRock World Mining Trust Ord,3.009,,,,
04/10/2015,BlackRock World Mining Trust Ord,2.989,,,,
04/11/2015,BlackRock World Mining Trust Ord,2.989,,,,
04/12/2015,BlackRock World Mining Trust Ord,2.989,,,,
04/13/2015,BlackRock World Mining Trust Ord,2.922,,,,
04/14/2015,BlackRock World Mining Trust Ord,2.995,,,,
04/15/2015,BlackRock World Mining Trust Ord,3.01,,,,
04/16/2015,BlackRock World Mining Trust Ord,3.015,,,,
04/17/2015,BlackRock World Mining Trust Ord,3,,,,
04/18/2015,BlackRock World Mining Trust Ord,3,,,,
04/19/2015,BlackRock World Mining Trust Ord,3,,,,
04/20/2015,BlackRock World Mining Trust Ord,3.057,,,,
04/21/2015,BlackRock World Mining Trust Ord,2.965,,,,
04/22/2015,BlackRock World Mining Trust Ord,2.963,,,,
04/23/2015,BlackRock World Mining Trust Ord,3.035,,,,
04/24/2015,BlackRock World Mining Trust Ord,3.096,,,,
04/25/2015,BlackRock World Mining Trust Ord,3.096,,,,
04/26/2015,BlackRock World Mining Trust Ord,3.096,,,,
04/27/2015,BlackRock World Mining Trust Ord,3.144,,,,
04/28/2015,BlackRock World Mining Trust Ord,3.194,,,,
04/29/2015,BlackRock World Mining Trust Ord,3.17,,,,
04/30/2015,BlackRock World Mining Trust Ord,3.16,,,,
05/01/2015,BlackRock World Mining Trust Ord,3.209,,,,
05/02/2015,BlackRock World Mining Trust Ord,3.209,,,,
05/03/2015,BlackRock World Mining Trust Ord,3.209,,,,
05/04/2015,BlackRock World Mining Trust Ord,3.209,,,,
05/05/2015,BlackRock World Mining Trust Ord,3.22,,,,
05/06/2015,BlackRock World Mining Trust Ord,3.24,,,,
05/07/2015,BlackRock World Mining Trust Ord,3.205,,,,
05/08/2015,BlackRock World Mining Trust Ord,3.314,,,,
05/09/2015,BlackRock World Mining Trust Ord,3.314,,,,
05/10/2015,BlackRock World Mining Trust Ord,3.314,,,,
05/11/2015,BlackRock World Mining Trust Ord,3.265,,,,
05/12/2015,BlackRock World Mining Trust Ord,3.193,,,,
05/13/2015,BlackRock World Mining Trust Ord,3.209,,,,
05/14/2015,BlackRock World Mining Trust Ord,3.219,,,,
05/15/2015,BlackRock World Mining Trust Ord,3.19,,,,
05/16/2015,BlackRock World Mining Trust Ord,3.19,,,,
05/17/2015,BlackRock World Mining Trust Ord,3.19,,,,
05/18/2015,BlackRock World Mining Trust Ord,3.211,,,,
05/19/2015,BlackRock World Mining Trust Ord,3.157,,,,
05/20/2015,BlackRock World Mining Trust Ord,3.144,,,,
05/21/2015,BlackRock World Mining Trust Ord,3.12,,,,
05/22/2015,BlackRock World Mining Trust Ord,3.14,,,,
05/23/2015,BlackRock World Mining Trust Ord,3.14,,,,
05/24/2015,BlackRock World Mining Trust Ord,3.14,,,,
05/25/2015,BlackRock World Mining Trust Ord,3.14,,,,
05/26/2015,BlackRock World Mining Trust Ord,3.1,,,,
05/27/2015,BlackRock World Mining Trust Ord,3.111,,,,
05/28/2015,BlackRock World Mining Trust Ord,3.077,,,,
05/29/2015,BlackRock World Mining Trust Ord,3.114,,,,
05/30/2015,BlackRock World Mining Trust Ord,3.114,,,,
05/31/2015,BlackRock World Mining Trust Ord,3.114,,,,
06/01/2015,BlackRock World Mining Trust Ord,3.052,,,,
06/02/2015,BlackRock World Mining Trust Ord,3.082,,,,
06/03/2015,BlackRock World Mining Trust Ord,3.112,,,,
06/04/2015,BlackRock World Mining Trust Ord,3.046,,,,
06/05/2015,BlackRock World Mining Trust Ord,3.11,,,,
06/06/2015,BlackRock World Mining Trust Ord,3.11,,,,
06/07/2015,BlackRock World Mining Trust Ord,3.11,,,,
06/08/2015,BlackRock World Mining Trust Ord,3.053,,,,
06/09/2015,BlackRock World Mining Trust Ord,3.033,,,,
06/10/2015,BlackRock World Mining Trust Ord,3.065,,,,
06/11/2015,BlackRock World Mining Trust Ord,3.022,,,,
06/12/2015,BlackRock World Mining Trust Ord,3.027,,,,
06/13/2015,BlackRock World Mining Trust Ord,3.027,,,,
06/14/2015,BlackRock World Mining Trust Ord,3.027,,,,
06/15/2015,BlackRock World Mining Trust Ord,2.952,,,,
06/16/2015,BlackRock World Mining Trust Ord,2.9,,,,
06/17/2015,BlackRock World Mining Trust Ord,2.933,,,,
06/18/2015,BlackRock World Mining Trust Ord,2.925,,,,
06/19/2015,BlackRock World Mining Trust Ord,2.95,,,,
06/20/2015,BlackRock World Mining Trust Ord,2.95,,,,
06/21/2015,BlackRock World Mining Trust Ord,2.95,,,,
06/22/2015,BlackRock World Mining Trust Ord,3.02,,,,
06/23/2015,BlackRock World Mining Trust Ord,3.0175,,,,
06/24/2015,BlackRock World Mining Trust Ord,3.085,,,,
06/25/2015,BlackRock World Mining Trust Ord,3.01,,,,
06/26/2015,BlackRock World Mining Trust Ord,2.9375,,,,
06/27/2015,BlackRock World Mining Trust Ord,2.9375,,,,
06/28/2015,BlackRock World Mining Trust Ord,2.9375,,,,
06/29/2015,BlackRock World Mining Trust Ord,2.895,,,,
06/30/2015,BlackRock World Mining Trust Ord,2.885,,,,
07/01/2015,BlackRock World Mining Trust Ord,2.895,,,,
07/02/2015,BlackRock World Mining Trust Ord,2.86,,,,
07/03/2015,BlackRock World Mining Trust Ord,2.8225,,,,
07/04/2015,BlackRock World Mining Trust Ord,2.8225,,,,
07/05/2015,BlackRock World Mining Trust Ord,2.8225,,,,
07/06/2015,BlackRock World Mining Trust Ord,2.78,,,,
07/07/2015,BlackRock World Mining Trust Ord,2.6625,,,,
07/08/2015,BlackRock World Mining Trust Ord,2.6625,,,,
07/09/2015,BlackRock World Mining Trust Ord,2.71,,,,
07/10/2015,BlackRock World Mining Trust Ord,2.74,,,,
07/11/2015,BlackRock World Mining Trust Ord,2.74,,,,
07/12/2015,BlackRock World Mining Trust Ord,2.74,,,,
07/13/2015,BlackRock World Mining Trust Ord,2.745,,,,
07/14/2015,BlackRock World Mining Trust Ord,2.725,,,,
07/15/2015,BlackRock World Mining Trust Ord,2.7175,,,,
07/16/2015,BlackRock World Mining Trust Ord,2.715,,,,
07/17/2015,BlackRock World Mining Trust Ord,2.695,,,,
07/18/2015,BlackRock World Mining Trust Ord,2.695,,,,
07/19/2015,BlackRock World Mining Trust Ord,2.695,,,,
07/20/2015,BlackRock World Mining Trust Ord,2.6075,,,,
07/21/2015,BlackRock World Mining Trust Ord,2.605,,,,
07/22/2015,BlackRock World Mining Trust Ord,2.55,,,,
07/23/2015,BlackRock World Mining Trust Ord,2.575,,,,
07/24/2015,BlackRock World Mining Trust Ord,2.5275,,,,
07/25/2015,BlackRock World Mining Trust Ord,2.5275,,,,
07/26/2015,BlackRock World Mining Trust Ord,2.5275,,,,
07/27/2015,BlackRock World Mining Trust Ord,2.4275,,,,
07/28/2015,BlackRock World Mining Trust Ord,2.4475,,,,
07/29/2015,BlackRock World Mining Trust Ord,2.4625,,,,
07/30/2015,BlackRock World Mining Trust Ord,2.47,,,,
07/31/2015,BlackRock World Mining Trust Ord,2.4675,,,,
08/01/2015,BlackRock World Mining Trust Ord,2.4675,,,,
08/02/2015,BlackRock World Mining Trust Ord,2.4675,,,,
08/03/2015,BlackRock World Mining Trust Ord,2.4375,,,,
08/04/2015,BlackRock World Mining Trust Ord,2.4625,,,,
08/05/2015,BlackRock World Mining Trust Ord,2.515,,,,
08/06/2015,BlackRock World Mining Trust Ord,2.48,,,,
08/07/2015,BlackRock World Mining Trust Ord,2.505,,,,
08/08/2015,BlackRock World Mining Trust Ord,2.505,,,,
08/09/2015,BlackRock World Mining Trust Ord,2.505,,,,
08/10/2015,BlackRock World Mining Trust Ord,2.51,,,,
08/11/2015,BlackRock World Mining Trust Ord,2.435,,,,
08/12/2015,BlackRock World Mining Trust Ord,2.41,,,,
08/13/2015,BlackRock World Mining Trust Ord,2.4125,,,,
08/14/2015,BlackRock World Mining Trust Ord,2.425,,,,
08/15/2015,BlackRock World Mining Trust Ord,2.425,,,,
08/16/2015,BlackRock World Mining Trust Ord,2.425,,,,
08/17/2015,BlackRock World Mining Trust Ord,2.405,,,,
08/18/2015,BlackRock World Mining Trust Ord,2.35,,,,
08/19/2015,BlackRock World Mining Trust Ord,2.225,,,,
08/20/2015,BlackRock World Mining Trust Ord,2.22,,,,
08/21/2015,BlackRock World Mining Trust Ord,2.165,,,,
08/22/2015,BlackRock World Mining Trust Ord,2.165,,,,
08/23/2015,BlackRock World Mining Trust Ord,2.165,,,,
08/24/2015,BlackRock World Mining Trust Ord,2.045,,,,
08/25/2015,BlackRock World Mining Trust Ord,2.08,,,,
08/26/2015,BlackRock World Mining Trust Ord,2.0525,,,,
08/27/2015,BlackRock World Mining Trust Ord,2.095,,,,
08/28/2015,BlackRock World Mining Trust Ord,2.2,,,,
08/29/2015,BlackRock World Mining Trust Ord,2.2,,,,
08/30/2015,BlackRock World Mining Trust Ord,2.2,,,,
08/31/2015,BlackRock World Mining Trust Ord,2.2,,,,
09/01/2015,BlackRock World Mining Trust Ord,2.1325,,,,
09/02/2015,BlackRock World Mining Trust Ord,2.115,,,,
09/03/2015,BlackRock World Mining Trust Ord,2.2275,,,,
09/04/2015,BlackRock World Mining Trust Ord,2.155,,,,
09/05/2015,BlackRock World Mining Trust Ord,2.155,,,,
09/06/2015,BlackRock World Mining Trust Ord,2.155,,,,
09/07/2015,BlackRock World Mining Trust Ord,2.1725,,,,
09/08/2015,BlackRock World Mining Trust Ord,2.2175,,,,
09/09/2015,BlackRock World Mining Trust Ord,2.275,,,,
09/10/2015,BlackRock World Mining Trust Ord,2.215,,,,
09/11/2015,BlackRock World Mining Trust Ord,2.1825,,,,
09/12/2015,BlackRock World Mining Trust Ord,2.1825,,,,
09/13/2015,BlackRock World Mining Trust Ord,2.1825,,,,
09/14/2015,BlackRock World Mining Trust Ord,2.15,,,,
09/15/2015,BlackRock World Mining Trust Ord,2.175,,,,
09/16/2015,BlackRock World Mining Trust Ord,2.195,,,,
09/17/2015,BlackRock World Mining Trust Ord,2.215,,,,
09/18/2015,BlackRock World Mining Trust Ord,2.15,,,,
09/19/2015,BlackRock World Mining Trust Ord,2.15,,,,
09/20/2015,BlackRock World Mining Trust Ord,2.15,,,,
09/21/2015,BlackRock World Mining Trust Ord,2.135,,,,
09/22/2015,BlackRock World Mining Trust Ord,2.0575,,,,
09/23/2015,BlackRock World Mining Trust Ord,2.075,,,,
09/24/2015,BlackRock World Mining Trust Ord,2.03,,,,
09/25/2015,BlackRock World Mining Trust Ord,2.05,,,,
09/26/2015,BlackRock World Mining Trust Ord,2.05,,,,
09/27/2015,BlackRock World Mining Trust Ord,2.05,,,,
09/28/2015,BlackRock World Mining Trust Ord,1.925,,,,
09/29/2015,BlackRock World Mining Trust Ord,2,,,,
09/30/2015,BlackRock World Mining Trust Ord,2.0575,,,,
10/01/2015,BlackRock World Mining Trust Ord,2.02,,,,
10/02/2015,BlackRock World Mining Trust Ord,2.0225,,,,
10/03/2015,BlackRock World Mining Trust Ord,2.0225,,,,
10/04/2015,BlackRock World Mining Trust Ord,2.0225,,,,
10/05/2015,BlackRock World Mining Trust Ord,2.16,,,,
10/06/2015,BlackRock World Mining Trust Ord,2.15,,,,
10/07/2015,BlackRock World Mining Trust Ord,2.285,,,,
10/08/2015,BlackRock World Mining Trust Ord,2.33,,,,
10/09/2015,BlackRock World Mining Trust Ord,2.45,,,,
10/10/2015,BlackRock World Mining Trust Ord,2.45,,,,
10/11/2015,BlackRock World Mining Trust Ord,2.45,,,,
10/12/2015,BlackRock World Mining Trust Ord,2.455,,,,
10/13/2015,BlackRock World Mining Trust Ord,2.4325,,,,
10/14/2015,BlackRock World Mining Trust Ord,2.3875,,,,
10/15/2015,BlackRock World Mining Trust Ord,2.4,,,,
10/16/2015,BlackRock World Mining Trust Ord,2.38,,,,
10/17/2015,BlackRock World Mining Trust Ord,2.38,,,,
10/18/2015,BlackRock World Mining Trust Ord,2.38,,,,
10/19/2015,BlackRock World Mining Trust Ord,2.3025,,,,
10/20/2015,BlackRock World Mining Trust Ord,2.25,,,,
10/21/2015,BlackRock World Mining Trust Ord,2.235,,,,
10/22/2015,BlackRock World Mining Trust Ord,2.305,,,,
10/23/2015,BlackRock World Mining Trust Ord,2.355,,,,
10/24/2015,BlackRock World Mining Trust Ord,2.355,,,,
10/25/2015,BlackRock World Mining Trust Ord,2.355,,,,
10/26/2015,BlackRock World Mining Trust Ord,2.3525,,,,
10/27/2015,BlackRock World Mining Trust Ord,2.33,,,,
10/28/2015,BlackRock World Mining Trust Ord,2.3525,,,,
10/29/2015,BlackRock World Mining Trust Ord,2.2725,,,,
10/30/2015,BlackRock World Mining Trust Ord,2.2525,,,,
10/31/2015,BlackRock World Mining Trust Ord,2.2525,,,,
11/01/2015,BlackRock World Mining Trust Ord,2.2525,,,,
11/02/2015,BlackRock World Mining Trust Ord,2.23,,,,
11/03/2015,BlackRock World Mining Trust Ord,2.285,,,,
11/04/2015,BlackRock World Mining Trust Ord,2.3225,,,,
11/05/2015,BlackRock World Mining Trust Ord,2.24,,,,
11/06/2015,BlackRock World Mining Trust Ord,2.1775,,,,
11/07/2015,BlackRock World Mining Trust Ord,2.1775,,,,
11/08/2015,BlackRock World Mining Trust Ord,2.1775,,,,
11/09/2015,BlackRock World Mining Trust Ord,2.155,,,,
11/10/2015,BlackRock World Mining Trust Ord,2.1775,,,,
11/11/2015,BlackRock World Mining Trust Ord,2.13,,,,
11/12/2015,BlackRock World Mining Trust Ord,2.045,,,,
11/13/2015,BlackRock World Mining Trust Ord,2.02,,,,
11/14/2015,BlackRock World Mining Trust Ord,2.02,,,,
11/15/2015,BlackRock World Mining Trust Ord,2.02,,,,
11/16/2015,BlackRock World Mining Trust Ord,2.035,,,,
11/17/2015,BlackRock World Mining Trust Ord,2.0375,,,,
11/18/2015,BlackRock World Mining Trust Ord,2.0625,,,,
11/19/2015,BlackRock World Mining Trust Ord,2.0675,,,,
11/20/2015,BlackRock World Mining Trust Ord,2.03,,,,
11/21/2015,BlackRock World Mining Trust Ord,2.03,,,,
11/22/2015,BlackRock World Mining Trust Ord,2.03,,,,
11/23/2015,BlackRock World Mining Trust Ord,2.045,,,,
11/24/2015,BlackRock World Mining Trust Ord,2.0275,,,,
11/25/2015,BlackRock World Mining Trust Ord,2.045,,,,
11/26/2015,BlackRock World Mining Trust Ord,2.0375,,,,
11/27/2015,BlackRock World Mining Trust Ord,1.9525,,,,
11/28/2015,BlackRock World Mining Trust Ord,1.9525,,,,
11/29/2015,BlackRock World Mining Trust Ord,1.9525,,,,
11/30/2015,BlackRock World Mining Trust Ord,1.9575,,,,
12/01/2015,BlackRock World Mining Trust Ord,1.9525,,,,
12/02/2015,BlackRock World Mining Trust Ord,1.965,,,,
12/03/2015,BlackRock World Mining Trust Ord,1.93,,,,
12/04/2015,BlackRock World Mining Trust Ord,1.905,,,,
12/05/2015,BlackRock World Mining Trust Ord,1.905,,,,
12/06/2015,BlackRock World Mining Trust Ord,1.905,,,,
12/07/2015,BlackRock World Mining Trust Ord,1.85,,,,
12/08/2015,BlackRock World Mining Trust Ord,1.81,,,,
12/09/2015,BlackRock World Mining Trust Ord,1.845,,,,
12/10/2015,BlackRock World Mining Trust Ord,1.8525,,,,
12/11/2015,BlackRock World Mining Trust Ord,1.8,,,,
12/12/2015,BlackRock World Mining Trust Ord,1.8,,,,
12/13/2015,BlackRock World Mining Trust Ord,1.8,,,,
12/14/2015,BlackRock World Mining Trust Ord,1.6825,,,,
12/15/2015,BlackRock World Mining Trust Ord,1.73,,,,
12/16/2015,BlackRock World Mining Trust Ord,1.7525,,,,
12/17/2015,BlackRock World Mining Trust Ord,1.75,,,,
12/18/2015,BlackRock World Mining Trust Ord,1.73,,,,
12/19/2015,BlackRock World Mining Trust Ord,1.73,,,,
12/20/2015,BlackRock World Mining Trust Ord,1.73,,,,
12/21/2015,BlackRock World Mining Trust Ord,1.745,,,,
12/22/2015,BlackRock World Mining Trust Ord,1.75,,,,
12/23/2015,BlackRock World Mining Trust Ord,1.8175,,,,
12/24/2015,BlackRock World Mining Trust Ord,1.85,,,,
12/25/2015,BlackRock World Mining Trust Ord,1.85,,,,
12/26/2015,BlackRock World Mining Trust Ord,1.85,,,,
12/27/2015,BlackRock World Mining Trust Ord,1.85,,,,
12/28/2015,BlackRock World Mining Trust Ord,1.85,,,,
12/29/2015,BlackRock World Mining Trust Ord,1.815,,,,
12/30/2015,BlackRock World Mining Trust Ord,1.8275,,,,
12/31/2015,BlackRock World Mining Trust Ord,1.81,,,,
01/01/2016,BlackRock World Mining Trust Ord,1.81,,,,
01/02/2016,BlackRock World Mining Trust Ord,1.81,,,,
01/03/2016,BlackRock World Mining Trust Ord,1.81,,,,
01/04/2016,BlackRock World Mining Trust Ord,1.78,,,,
01/05/2016,BlackRock World Mining Trust Ord,1.84,,,,
01/06/2016,BlackRock World Mining Trust Ord,1.7925,,,,
01/07/2016,BlackRock World Mining Trust Ord,1.7475,,,,
01/08/2016,BlackRock World Mining Trust Ord,1.7275,,,,
01/09/2016,BlackRock World Mining Trust Ord,1.7275,,,,
01/10/2016,BlackRock World Mining Trust Ord,1.7275,,,,
01/11/2016,BlackRock World Mining Trust Ord,1.715,,,,
01/12/2016,BlackRock World Mining Trust Ord,1.67,,,,
01/13/2016,BlackRock World Mining Trust Ord,1.665,,,,
01/14/2016,BlackRock World Mining Trust Ord,1.725,,,,
01/15/2016,BlackRock World Mining Trust Ord,1.675,,,,
01/16/2016,BlackRock World Mining Trust Ord,1.675,,,,
01/17/2016,BlackRock World Mining Trust Ord,1.675,,,,
01/18/2016,BlackRock World Mining Trust Ord,1.6275,,,,
01/19/2016,BlackRock World Mining Trust Ord,1.675,,,,
01/20/2016,BlackRock World Mining Trust Ord,1.59,,,,
01/21/2016,BlackRock World Mining Trust Ord,1.6975,,,,
01/22/2016,BlackRock World Mining Trust Ord,1.7,,,,
01/23/2016,BlackRock World Mining Trust Ord,1.7,,,,
01/24/2016,BlackRock World Mining Trust Ord,1.7,,,,
01/25/2016,BlackRock World Mining Trust Ord,1.64,,,,
01/26/2016,BlackRock World Mining Trust Ord,1.7,,,,
01/27/2016,BlackRock World Mining Trust Ord,1.69,,,,
01/28/2016,BlackRock World Mining Trust Ord,1.6925,,,,
01/29/2016,BlackRock World Mining Trust Ord,1.71,,,,
01/30/2016,BlackRock World Mining Trust Ord,1.71,,,,
01/31/2016,BlackRock World Mining Trust Ord,1.71,,,,
02/01/2016,BlackRock World Mining Trust Ord,1.695,,,,
02/02/2016,BlackRock World Mining Trust Ord,1.6425,,,,
02/03/2016,BlackRock World Mining Trust Ord,1.665,,,,
02/04/2016,BlackRock World Mining Trust Ord,1.7675,,,,
02/05/2016,BlackRock World Mining Trust Ord,1.785,,,,
02/06/2016,BlackRock World Mining Trust Ord,1.785,,,,
02/07/2016,BlackRock World Mining Trust Ord,1.785,,,,
02/08/2016,BlackRock World Mining Trust Ord,1.76,,,,
02/09/2016,BlackRock World Mining Trust Ord,1.72,,,,
02/10/2016,BlackRock World Mining Trust Ord,1.7325,,,,
02/11/2016,BlackRock World Mining Trust Ord,1.675,,,,
02/12/2016,BlackRock World Mining Trust Ord,1.7925,,,,
02/13/2016,BlackRock World Mining Trust Ord,1.7925,,,,
02/14/2016,BlackRock World Mining Trust Ord,1.7925,,,,
02/15/2016,BlackRock World Mining Trust Ord,1.85,,,,
02/16/2016,BlackRock World Mining Trust Ord,1.8425,,,,
02/17/2016,BlackRock World Mining Trust Ord,1.9525,,,,
02/18/2016,BlackRock World Mining Trust Ord,1.92,,,,
02/19/2016,BlackRock World Mining Trust Ord,1.8975,,,,
02/20/2016,BlackRock World Mining Trust Ord,1.8975,,,,
02/21/2016,BlackRock World Mining Trust Ord,1.8975,,,,
02/22/2016,BlackRock World Mining Trust Ord,2.01,,,,
02/23/2016,BlackRock World Mining Trust Ord,1.9475,,,,
02/24/2016,BlackRock World Mining Trust Ord,1.85,,,,
02/25/2016,BlackRock World Mining Trust Ord,1.8875,,,,
02/26/2016,BlackRock World Mining Trust Ord,1.9625,,,,
02/27/2016,BlackRock World Mining Trust Ord,1.9625,,,,
02/28/2016,BlackRock World Mining Trust Ord,1.9625,,,,
02/29/2016,BlackRock World Mining Trust Ord,2.01,,,,
03/01/2016,BlackRock World Mining Trust Ord,2.075,,,,
03/02/2016,BlackRock World Mining Trust Ord,2.15,,,,
03/03/2016,BlackRock World Mining Trust Ord,2.175,,,,
03/04/2016,BlackRock World Mining Trust Ord,2.295,,,,
03/05/2016,BlackRock World Mining Trust Ord,2.295,,,,
03/06/2016,BlackRock World Mining Trust Ord,2.295,,,,
03/07/2016,BlackRock World Mining Trust Ord,2.385,,,,
03/08/2016,BlackRock World Mining Trust Ord,2.1975,,,,
03/09/2016,BlackRock World Mining Trust Ord,2.22,,,,
03/10/2016,BlackRock World Mining Trust Ord,2.135,,,,
03/11/2016,BlackRock World Mining Trust Ord,2.2375,,,,
03/12/2016,BlackRock World Mining Trust Ord,2.2375,,,,
03/13/2016,BlackRock World Mining Trust Ord,2.2375,,,,
03/14/2016,BlackRock World Mining Trust Ord,2.2675,,,,
03/15/2016,BlackRock World Mining Trust Ord,2.1925,,,,
03/16/2016,BlackRock World Mining Trust Ord,2.225,,,,
03/17/2016,BlackRock World Mining Trust Ord,2.3325,,,,
03/18/2016,BlackRock World Mining Trust Ord,2.3125,,,,
03/19/2016,BlackRock World Mining Trust Ord,2.3125,,,,
03/20/2016,BlackRock World Mining Trust Ord,2.3125,,,,
03/21/2016,BlackRock World Mining Trust Ord,2.31,,,,
03/22/2016,BlackRock World Mining Trust Ord,2.285,,,,
03/23/2016,BlackRock World Mining Trust Ord,2.29,,,,
03/24/2016,BlackRock World Mining Trust Ord,2.1675,,,,
03/25/2016,BlackRock World Mining Trust Ord,2.1675,,,,
03/26/2016,BlackRock World Mining Trust Ord,2.1675,,,,
03/27/2016,BlackRock World Mining Trust Ord,2.1675,,,,
03/28/2016,BlackRock World Mining Trust Ord,2.1675,,,,
03/29/2016,BlackRock World Mining Trust Ord,2.1,,,,
03/30/2016,BlackRock World Mining Trust Ord,2.17,,,,
03/31/2016,BlackRock World Mining Trust Ord,2.185,,,,
04/01/2016,BlackRock World Mining Trust Ord,2.105,,,,
04/02/2016,BlackRock World Mining Trust Ord,2.105,,,,
04/03/2016,BlackRock World Mining Trust Ord,2.105,,,,
04/04/2016,BlackRock World Mining Trust Ord,2.0875,,,,
04/05/2016,BlackRock World Mining Trust Ord,2.0325,,,,
04/06/2016,BlackRock World Mining Trust Ord,2.035,,,,
04/07/2016,BlackRock World Mining Trust Ord,2.05,,,,
04/08/2016,BlackRock World Mining Trust Ord,2.13,,,,
04/09/2016,BlackRock World Mining Trust Ord,2.13,,,,
04/10/2016,BlackRock World Mining Trust Ord,2.13,,,,
04/11/2016,BlackRock World Mining Trust Ord,2.18,,,,
04/12/2016,BlackRock World Mining Trust Ord,2.2675,,,,
04/13/2016,BlackRock World Mining Trust Ord,2.3475,,,,
04/14/2016,BlackRock World Mining Trust Ord,2.325,,,,
04/15/2016,BlackRock World Mining Trust Ord,2.325,,,,
04/16/2016,BlackRock World Mining Trust Ord,2.325,,,,
04/17/2016,BlackRock World Mining Trust Ord,2.325,,,,
04/18/2016,BlackRock World Mining Trust Ord,2.36,,,,
04/19/2016,BlackRock World Mining Trust Ord,2.415,,,,
04/20/2016,BlackRock World Mining Trust Ord,2.43,,,,
04/21/2016,BlackRock World Mining Trust Ord,2.43,,,,
04/22/2016,BlackRock World Mining Trust Ord,2.45,,,,
04/23/2016,BlackRock World Mining Trust Ord,2.45,,,,
04/24/2016,BlackRock World Mining Trust Ord,2.45,,,,
04/25/2016,BlackRock World Mining Trust Ord,2.4175,,,,
04/26/2016,BlackRock World Mining Trust Ord,2.41,,,,
04/27/2016,BlackRock World Mining Trust Ord,2.4175,,,,
04/28/2016,BlackRock World Mining Trust Ord,2.4775,,,,
04/29/2016,BlackRock World Mining Trust Ord,2.505,,,,
04/30/2016,BlackRock World Mining Trust Ord,2.505,,,,
05/01/2016,BlackRock World Mining Trust Ord,2.505,,,,
05/02/2016,BlackRock World Mining Trust Ord,2.505,,,,
05/03/2016,BlackRock World Mining Trust Ord,2.39,,,,
05/04/2016,BlackRock World Mining Trust Ord,2.295,,,,
05/05/2016,BlackRock World Mining Trust Ord,2.31,,,,
05/06/2016,BlackRock World Mining Trust Ord,2.3225,,,,
05/07/2016,BlackRock World Mining Trust Ord,2.3225,,,,
05/08/2016,BlackRock World Mining Trust Ord,2.3225,,,,
05/09/2016,BlackRock World Mining Trust Ord,2.2225,,,,
05/10/2016,BlackRock World Mining Trust Ord,2.25,,,,
05/11/2016,BlackRock World Mining Trust Ord,2.275,,,,
05/12/2016,BlackRock World Mining Trust Ord,2.2075,,,,
05/13/2016,BlackRock World Mining Trust Ord,2.22,,,,
05/14/2016,BlackRock World Mining Trust Ord,2.22,,,,
05/15/2016,BlackRock World Mining Trust Ord,2.22,,,,
05/16/2016,BlackRock World Mining Trust Ord,2.2475,,,,
05/17/2016,BlackRock World Mining Trust Ord,2.2875,,,,
05/18/2016,BlackRock World Mining Trust Ord,2.27,,,,
05/19/2016,BlackRock World Mining Trust Ord,2.1925,,,,
05/20/2016,BlackRock World Mining Trust Ord,2.2275,,,,
05/21/2016,BlackRock World Mining Trust Ord,2.2275,,,,
05/22/2016,BlackRock World Mining Trust Ord,2.2275,,,,
05/23/2016,BlackRock World Mining Trust Ord,2.24,,,,
05/24/2016,BlackRock World Mining Trust Ord,2.255,,,,
05/25/2016,BlackRock World Mining Trust Ord,2.255,,,,
05/26/2016,BlackRock World Mining Trust Ord,2.2825,,,,
05/27/2016,BlackRock World Mining Trust Ord,2.28,,,,
05/28/2016,BlackRock World Mining Trust Ord,2.28,,,,
05/29/2016,BlackRock World Mining Trust Ord,2.28,,,,
05/30/2016,BlackRock World Mining Trust Ord,2.28,,,,
05/31/2016,BlackRock World Mining Trust Ord,2.255,,,,
06/01/2016,BlackRock World Mining Trust Ord,2.225,,,,
06/02/2016,BlackRock World Mining Trust Ord,2.2475,,,,
06/03/2016,BlackRock World Mining Trust Ord,2.3,,,,
06/04/2016,BlackRock World Mining Trust Ord,2.3,,,,
06/05/2016,BlackRock World Mining Trust Ord,2.3,,,,
06/06/2016,BlackRock World Mining Trust Ord,2.4325,,,,
06/07/2016,BlackRock World Mining Trust Ord,2.4525,,,,
06/08/2016,BlackRock World Mining Trust Ord,2.4625,,,,
06/09/2016,BlackRock World Mining Trust Ord,2.3625,,,,
06/10/2016,BlackRock World Mining Trust Ord,2.35,,,,
06/11/2016,BlackRock World Mining Trust Ord,2.35,,,,
06/12/2016,BlackRock World Mining Trust Ord,2.35,,,,
06/13/2016,BlackRock World Mining Trust Ord,2.3425,,,,
06/14/2016,BlackRock World Mining Trust Ord,2.2925,,,,
06/15/2016,BlackRock World Mining Trust Ord,2.37,,,,
06/16/2016,BlackRock World Mining Trust Ord,2.3325,,,,
06/17/2016,BlackRock World Mining Trust Ord,2.37,,,,
06/18/2016,BlackRock World Mining Trust Ord,2.37,,,,
06/19/2016,BlackRock World Mining Trust Ord,2.37,,,,
06/20/2016,BlackRock World Mining Trust Ord,2.4225,,,,
06/21/2016,BlackRock World Mining Trust Ord,2.425,,,,
06/22/2016,BlackRock World Mining Trust Ord,2.45,,,,
06/23/2016,BlackRock World Mining Trust Ord,2.44,,,,
06/24/2016,BlackRock World Mining Trust Ord,2.44,,,,
06/25/2016,BlackRock World Mining Trust Ord,2.44,,,,
06/26/2016,BlackRock World Mining Trust Ord,2.44,,,,
06/27/2016,BlackRock World Mining Trust Ord,2.385,,,,
06/28/2016,BlackRock World Mining Trust Ord,2.4425,,,,
06/29/2016,BlackRock World Mining Trust Ord,2.6,,,,
06/30/2016,BlackRock World Mining Trust Ord,2.7025,,,,
07/01/2016,BlackRock World Mining Trust Ord,2.7375,,,,
07/02/2016,BlackRock World Mining Trust Ord,2.7375,,,,
07/03/2016,BlackRock World Mining Trust Ord,2.7375,,,,
07/04/2016,BlackRock World Mining Trust Ord,2.73,,,,
07/05/2016,BlackRock World Mining Trust Ord,2.66,,,,
07/06/2016,BlackRock World Mining Trust Ord,2.63,,,,
07/07/2016,BlackRock World Mining Trust Ord,2.755,,,,
07/08/2016,BlackRock World Mining Trust Ord,2.8175,,,,
07/09/2016,BlackRock World Mining Trust Ord,2.8175,,,,
07/10/2016,BlackRock World Mining Trust Ord,2.8175,,,,
07/11/2016,BlackRock World Mining Trust Ord,2.9,,,,
07/12/2016,BlackRock World Mining Trust Ord,2.895,,,,
07/13/2016,BlackRock World Mining Trust Ord,2.9125,,,,
07/14/2016,BlackRock World Mining Trust Ord,2.8925,,,,
07/15/2016,BlackRock World Mining Trust Ord,2.92,,,,
07/16/2016,BlackRock World Mining Trust Ord,2.92,,,,
07/17/2016,BlackRock World Mining Trust Ord,2.92,,,,
07/18/2016,BlackRock World Mining Trust Ord,2.8875,,,,
07/19/2016,BlackRock World Mining Trust Ord,2.845,,,,
07/20/2016,BlackRock World Mining Trust Ord,2.8,,,,
07/21/2016,BlackRock World Mining Trust Ord,2.83,,,,
07/22/2016,BlackRock World Mining Trust Ord,2.835,,,,
07/23/2016,BlackRock World Mining Trust Ord,2.835,,,,
07/24/2016,BlackRock World Mining Trust Ord,2.835,,,,
07/25/2016,BlackRock World Mining Trust Ord,2.84,,,,
07/26/2016,BlackRock World Mining Trust Ord,2.875,,,,
07/27/2016,BlackRock World Mining Trust Ord,2.8875,,,,
07/28/2016,BlackRock World Mining Trust Ord,2.9225,,,,
07/29/2016,BlackRock World Mining Trust Ord,2.945,,,,
07/30/2016,BlackRock World Mining Trust Ord,2.945,,,,
07/31/2016,BlackRock World Mining Trust Ord,2.945,,,,
08/01/2016,BlackRock World Mining Trust Ord,2.98,,,,
08/02/2016,BlackRock World Mining Trust Ord,2.9475,,,,
08/03/2016,BlackRock World Mining Trust Ord,2.91,,,,
08/04/2016,BlackRock World Mining Trust Ord,2.98,,,,
08/05/2016,BlackRock World Mining Trust Ord,3.0525,,,,
08/06/2016,BlackRock World Mining Trust Ord,3.0525,,,,
08/07/2016,BlackRock World Mining Trust Ord,3.0525,,,,
08/08/2016,BlackRock World Mining Trust Ord,3.03,,,,
08/09/2016,BlackRock World Mining Trust Ord,3.04,,,,
08/10/2016,BlackRock World Mining Trust Ord,3.0325,,,,
08/11/2016,BlackRock World Mining Trust Ord,3.0375,,,,
08/12/2016,BlackRock World Mining Trust Ord,3.03,,,,
08/13/2016,BlackRock World Mining Trust Ord,3.03,,,,
08/14/2016,BlackRock World Mining Trust Ord,3.03,,,,
08/15/2016,BlackRock World Mining Trust Ord,3.055,,,,
08/16/2016,BlackRock World Mining Trust Ord,3.1375,,,,
08/17/2016,BlackRock World Mining Trust Ord,3.11,,,,
08/18/2016,BlackRock World Mining Trust Ord,3.1325,,,,
08/19/2016,BlackRock World Mining Trust Ord,3.0875,,,,
08/20/2016,BlackRock World Mining Trust Ord,3.0875,,,,
08/21/2016,BlackRock World Mining Trust Ord,3.0875,,,,
08/22/2016,BlackRock World Mining Trust Ord,3.0575,,,,
08/23/2016,BlackRock World Mining Trust Ord,3.0925,,,,
08/24/2016,BlackRock World Mining Trust Ord,3.02,,,,
08/25/2016,BlackRock World Mining Trust Ord,2.9525,,,,
08/26/2016,BlackRock World Mining Trust Ord,2.955,,,,
08/27/2016,BlackRock World Mining Trust Ord,2.955,,,,
08/28/2016,BlackRock World Mining Trust Ord,2.955,,,,
08/29/2016,BlackRock World Mining Trust Ord,2.955,,,,
08/30/2016,BlackRock World Mining Trust Ord,2.865,,,,
08/31/2016,BlackRock World Mining Trust Ord,2.81,,,,
09/01/2016,BlackRock World Mining Trust Ord,2.8,,,,
09/02/2016,BlackRock World Mining Trust Ord,2.8725,,,,
09/03/2016,BlackRock World Mining Trust Ord,2.8725,,,,
09/04/2016,BlackRock World Mining Trust Ord,2.8725,,,,
09/05/2016,BlackRock World Mining Trust Ord,2.88,,,,
09/06/2016,BlackRock World Mining Trust Ord,2.8825,,,,
09/07/2016,BlackRock World Mining Trust Ord,2.89,,,,
09/08/2016,BlackRock World Mining Trust Ord,2.9375,,,,
09/09/2016,BlackRock World Mining Trust Ord,2.88,,,,
09/10/2016,BlackRock World Mining Trust Ord,2.88,,,,
09/11/2016,BlackRock World Mining Trust Ord,2.88,,,,
09/12/2016,BlackRock World Mining Trust Ord,2.8225,,,,
09/13/2016,BlackRock World Mining Trust Ord,2.7375,,,,
09/14/2016,BlackRock World Mining Trust Ord,2.77,,,,
09/15/2016,BlackRock World Mining Trust Ord,2.7475,,,,
09/16/2016,BlackRock World Mining Trust Ord,2.715,,,,
09/17/2016,BlackRock World Mining Trust Ord,2.715,,,,
09/18/2016,BlackRock World Mining Trust Ord,2.715,,,,
09/19/2016,BlackRock World Mining Trust Ord,2.805,,,,
09/20/2016,BlackRock World Mining Trust Ord,2.845,,,,
09/21/2016,BlackRock World Mining Trust Ord,2.895,,,,
09/22/2016,BlackRock World Mining Trust Ord,3.01,,,,
09/23/2016,BlackRock World Mining Trust Ord,3.0025,,,,
09/24/2016,BlackRock World Mining Trust Ord,3.0025,,,,
09/25/2016,BlackRock World Mining Trust Ord,3.0025,,,,
09/26/2016,BlackRock World Mining Trust Ord,2.9725,,,,
09/27/2016,BlackRock World Mining Trust Ord,2.9775,,,,
09/28/2016,BlackRock World Mining Trust Ord,3.01,,,,
09/29/2016,BlackRock World Mining Trust Ord,3.095,,,,
09/30/2016,BlackRock World Mining Trust Ord,3.0225,,,,
10/01/2016,BlackRock World Mining Trust Ord,3.0225,,,,
10/02/2016,BlackRock World Mining Trust Ord,3.0225,,,,
10/03/2016,BlackRock World Mining Trust Ord,3.0725,,,,
10/04/2016,BlackRock World Mining Trust Ord,3.06,,,,
10/05/2016,BlackRock World Mining Trust Ord,3.0025,,,,
10/06/2016,BlackRock World Mining Trust Ord,3,,,,
10/07/2016,BlackRock World Mining Trust Ord,3.0425,,,,
10/08/2016,BlackRock World Mining Trust Ord,3.0425,,,,
10/09/2016,BlackRock World Mining Trust Ord,3.0425,,,,
10/10/2016,BlackRock World Mining Trust Ord,3.0525,,,,
10/11/2016,BlackRock World Mining Trust Ord,3.03,,,,
10/12/2016,BlackRock World Mining Trust Ord,3.04,,,,
10/13/2016,BlackRock World Mining Trust Ord,2.9575,,,,
10/14/2016,BlackRock World Mining Trust Ord,3.005,,,,
10/15/2016,BlackRock World Mining Trust Ord,3.005,,,,
10/16/2016,BlackRock World Mining Trust Ord,3.005,,,,
10/17/2016,BlackRock World Mining Trust Ord,2.9825,,,,
10/18/2016,BlackRock World Mining Trust Ord,3.055,,,,
10/19/2016,BlackRock World Mining Trust Ord,3.07,,,,
10/20/2016,BlackRock World Mining Trust Ord,3.07,,,,
10/21/2016,BlackRock World Mining Trust Ord,3.1,,,,
10/22/2016,BlackRock World Mining Trust Ord,3.1,,,,
10/23/2016,BlackRock World Mining Trust Ord,3.1,,,,
10/24/2016,BlackRock World Mining Trust Ord,3.145,,,,
10/25/2016,BlackRock World Mining Trust Ord,3.23,,,,
10/26/2016,BlackRock World Mining Trust Ord,3.2175,,,,
10/27/2016,BlackRock World Mining Trust Ord,3.26,,,,
10/28/2016,BlackRock World Mining Trust Ord,3.27,,,,
10/29/2016,BlackRock World Mining Trust Ord,3.27,,,,
10/30/2016,BlackRock World Mining Trust Ord,3.27,,,,
10/31/2016,BlackRock World Mining Trust Ord,3.2775,,,,
11/01/2016,BlackRock World Mining Trust Ord,3.3375,,,,
11/02/2016,BlackRock World Mining Trust Ord,3.2725,,,,
11/03/2016,BlackRock World Mining Trust Ord,3.1675,,,,
11/04/2016,BlackRock World Mining Trust Ord,3.065,,,,
11/05/2016,BlackRock World Mining Trust Ord,3.065,,,,
11/06/2016,BlackRock World Mining Trust Ord,3.065,,,,
11/07/2016,BlackRock World Mining Trust Ord,3.15,,,,
11/08/2016,BlackRock World Mining Trust Ord,3.22,,,,
11/09/2016,BlackRock World Mining Trust Ord,3.3575,,,,
11/10/2016,BlackRock World Mining Trust Ord,3.315,,,,
11/11/2016,BlackRock World Mining Trust Ord,3.29,,,,
11/12/2016,BlackRock World Mining Trust Ord,3.29,,,,
11/13/2016,BlackRock World Mining Trust Ord,3.29,,,,
11/14/2016,BlackRock World Mining Trust Ord,3.37,,,,
11/15/2016,BlackRock World Mining Trust Ord,3.2925,,,,
11/16/2016,BlackRock World Mining Trust Ord,3.29,,,,
11/17/2016,BlackRock World Mining Trust Ord,3.3025,,,,
11/18/2016,BlackRock World Mining Trust Ord,3.27,,,,
11/19/2016,BlackRock World Mining Trust Ord,3.27,,,,
11/20/2016,BlackRock World Mining Trust Ord,3.27,,,,
11/21/2016,BlackRock World Mining Trust Ord,3.3,,,,
11/22/2016,BlackRock World Mining Trust Ord,3.3825,,,,
11/23/2016,BlackRock World Mining Trust Ord,3.395,,,,
11/24/2016,BlackRock World Mining Trust Ord,3.405,,,,
11/25/2016,BlackRock World Mining Trust Ord,3.395,,,,
11/26/2016,BlackRock World Mining Trust Ord,3.395,,,,
11/27/2016,BlackRock World Mining Trust Ord,3.395,,,,
11/28/2016,BlackRock World Mining Trust Ord,3.33,,,,
11/29/2016,BlackRock World Mining Trust Ord,3.29,,,,
11/30/2016,BlackRock World Mining Trust Ord,3.2725,,,,
12/01/2016,BlackRock World Mining Trust Ord,3.2775,,,,
12/02/2016,BlackRock World Mining Trust Ord,3.25,,,,
12/03/2016,BlackRock World Mining Trust Ord,3.25,,,,
12/04/2016,BlackRock World Mining Trust Ord,3.25,,,,
12/05/2016,BlackRock World Mining Trust Ord,3.345,,,,
12/06/2016,BlackRock World Mining Trust Ord,3.33,,,,
12/07/2016,BlackRock World Mining Trust Ord,3.48,,,,
12/08/2016,BlackRock World Mining Trust Ord,3.4875,,,,
12/09/2016,BlackRock World Mining Trust Ord,3.47,,,,
12/10/2016,BlackRock World Mining Trust Ord,3.47,,,,
12/11/2016,BlackRock World Mining Trust Ord,3.47,,,,
12/12/2016,BlackRock World Mining Trust Ord,3.5175,,,,
12/13/2016,BlackRock World Mining Trust Ord,3.5,,,,
12/14/2016,BlackRock World Mining Trust Ord,3.49,,,,
12/15/2016,BlackRock World Mining Trust Ord,3.44,,,,
12/16/2016,BlackRock World Mining Trust Ord,3.41,,,,
12/17/2016,BlackRock World Mining Trust Ord,3.41,,,,
12/18/2016,BlackRock World Mining Trust Ord,3.41,,,,
12/19/2016,BlackRock World Mining Trust Ord,3.37,,,,
12/20/2016,BlackRock World Mining Trust Ord,3.365,,,,
12/21/2016,BlackRock World Mining Trust Ord,3.37,,,,
12/22/2016,BlackRock World Mining Trust Ord,3.36,,,,
12/23/2016,BlackRock World Mining Trust Ord,3.32,,,,
12/24/2016,BlackRock World Mining Trust Ord,3.32,,,,
12/25/2016,BlackRock World Mining Trust Ord,3.32,,,,
12/26/2016,BlackRock World Mining Trust Ord,3.32,,,,
12/27/2016,BlackRock World Mining Trust Ord,3.32,,,,
12/28/2016,BlackRock World Mining Trust Ord,3.3825,,,,
12/29/2016,BlackRock World Mining Trust Ord,3.3625,,,,
12/30/2016,BlackRock World Mining Trust Ord,3.365,,,,
12/31/2016,BlackRock World Mining Trust Ord,3.365,,,,
01/01/2017,BlackRock World Mining Trust Ord,3.365,,,,
01/02/2017,BlackRock World Mining Trust Ord,3.365,,,,
01/03/2017,BlackRock World Mining Trust Ord,3.4225,,,,
01/04/2017,BlackRock World Mining Trust Ord,3.42,,,,
01/05/2017,BlackRock World Mining Trust Ord,3.415,,,,
01/06/2017,BlackRock World Mining Trust Ord,3.45,,,,
01/07/2017,BlackRock World Mining Trust Ord,3.45,,,,
01/08/2017,BlackRock World Mining Trust Ord,3.45,,,,
01/09/2017,BlackRock World Mining Trust Ord,3.48,,,,
01/10/2017,BlackRock World Mining Trust Ord,3.6175,,,,
01/11/2017,BlackRock World Mining Trust Ord,3.65,,,,
01/12/2017,BlackRock World Mining Trust Ord,3.68,,,,
01/13/2017,BlackRock World Mining Trust Ord,3.69,,,,
01/14/2017,BlackRock World Mining Trust Ord,3.69,,,,
01/15/2017,BlackRock World Mining Trust Ord,3.69,,,,
01/16/2017,BlackRock World Mining Trust Ord,3.7375,,,,
01/17/2017,BlackRock World Mining Trust Ord,3.635,,,,
01/18/2017,BlackRock World Mining Trust Ord,3.615,,,,
01/19/2017,BlackRock World Mining Trust Ord,3.615,,,,
01/20/2017,BlackRock World Mining Trust Ord,3.605,,,,
01/21/2017,BlackRock World Mining Trust Ord,3.605,,,,
01/22/2017,BlackRock World Mining Trust Ord,3.605,,,,
01/23/2017,BlackRock World Mining Trust Ord,3.6225,,,,
01/24/2017,BlackRock World Mining Trust Ord,3.71,,,,
01/25/2017,BlackRock World Mining Trust Ord,3.725,,,,
01/26/2017,BlackRock World Mining Trust Ord,3.7975,,,,
01/27/2017,BlackRock World Mining Trust Ord,3.8,,,,
01/28/2017,BlackRock World Mining Trust Ord,3.8,,,,
01/29/2017,BlackRock World Mining Trust Ord,3.8,,,,
01/30/2017,BlackRock World Mining Trust Ord,3.7875,,,,
01/31/2017,BlackRock World Mining Trust Ord,3.82,,,,
02/01/2017,BlackRock World Mining Trust Ord,3.85,,,,
02/02/2017,BlackRock World Mining Trust Ord,3.935,,,,
02/03/2017,BlackRock World Mining Trust Ord,3.9,,,,
02/04/2017,BlackRock World Mining Trust Ord,3.9,,,,
02/05/2017,BlackRock World Mining Trust Ord,3.9,,,,
02/06/2017,BlackRock World Mining Trust Ord,3.92,,,,
02/07/2017,BlackRock World Mining Trust Ord,3.9225,,,,
02/08/2017,BlackRock World Mining Trust Ord,3.92,,,,
02/09/2017,BlackRock World Mining Trust Ord,3.9325,,,,
02/10/2017,BlackRock World Mining Trust Ord,3.97,,,,
02/11/2017,BlackRock World Mining Trust Ord,3.97,,,,
02/12/2017,BlackRock World Mining Trust Ord,3.97,,,,
02/13/2017,BlackRock World Mining Trust Ord,4.03,,,,
02/14/2017,BlackRock World Mining Trust Ord,4.03,,,,
02/15/2017,BlackRock World Mining Trust Ord,4.03,,,,
02/16/2017,BlackRock World Mining Trust Ord,3.9925,,,,
02/17/2017,BlackRock World Mining Trust Ord,3.885,,,,
02/18/2017,BlackRock World Mining Trust Ord,3.885,,,,
02/19/2017,BlackRock World Mining Trust Ord,3.885,,,,
02/20/2017,BlackRock World Mining Trust Ord,3.935,,,,
02/21/2017,BlackRock World Mining Trust Ord,3.98,,,,
02/22/2017,BlackRock World Mining Trust Ord,3.93,,,,
02/23/2017,BlackRock World Mining Trust Ord,3.885,,,,
02/24/2017,BlackRock World Mining Trust Ord,3.745,,,,
02/25/2017,BlackRock World Mining Trust Ord,3.745,,,,
02/26/2017,BlackRock World Mining Trust Ord,3.745,,,,
02/27/2017,BlackRock World Mining Trust Ord,3.7225,,,,
02/28/2017,BlackRock World Mining Trust Ord,3.6475,,,,
03/01/2017,BlackRock World Mining Trust Ord,3.7575,,,,
03/02/2017,BlackRock World Mining Trust Ord,3.7275,,,,
03/03/2017,BlackRock World Mining Trust Ord,3.7075,,,,
03/04/2017,BlackRock World Mining Trust Ord,3.7075,,,,
03/05/2017,BlackRock World Mining Trust Ord,3.7075,,,,
03/06/2017,BlackRock World Mining Trust Ord,3.655,,,,
03/07/2017,BlackRock World Mining Trust Ord,3.6425,,,,
03/08/2017,BlackRock World Mining Trust Ord,3.67,,,,
03/09/2017,BlackRock World Mining Trust Ord,3.5175,,,,
03/10/2017,BlackRock World Mining Trust Ord,3.4475,,,,
03/11/2017,BlackRock World Mining Trust Ord,3.4475,,,,
03/12/2017,BlackRock World Mining Trust Ord,3.4475,,,,
03/13/2017,BlackRock World Mining Trust Ord,3.535,,,,
03/14/2017,BlackRock World Mining Trust Ord,3.4975,,,,
03/15/2017,BlackRock World Mining Trust Ord,3.565,,,,
03/16/2017,BlackRock World Mining Trust Ord,3.61,,,,
03/17/2017,BlackRock World Mining Trust Ord,3.61,,,,
03/18/2017,BlackRock World Mining Trust Ord,3.61,,,,
03/19/2017,BlackRock World Mining Trust Ord,3.61,,,,
03/20/2017,BlackRock World Mining Trust Ord,3.56,,,,
03/21/2017,BlackRock World Mining Trust Ord,3.48,,,,
03/22/2017,BlackRock World Mining Trust Ord,3.4475,,,,
03/23/2017,BlackRock World Mining Trust Ord,3.4675,,,,
03/24/2017,BlackRock World Mining Trust Ord,3.5275,,,,
03/25/2017,BlackRock World Mining Trust Ord,3.5275,,,,
03/26/2017,BlackRock World Mining Trust Ord,3.5275,,,,
03/27/2017,BlackRock World Mining Trust Ord,3.41,,,,
03/28/2017,BlackRock World Mining Trust Ord,3.4625,,,,
03/29/2017,BlackRock World Mining Trust Ord,3.5,,,,
03/30/2017,BlackRock World Mining Trust Ord,3.5175,,,,
03/31/2017,BlackRock World Mining Trust Ord,3.4625,,,,
04/01/2017,BlackRock World Mining Trust Ord,3.4625,,,,
04/02/2017,BlackRock World Mining Trust Ord,3.4625,,,,
04/03/2017,BlackRock World Mining Trust Ord,3.4625,,,,
04/04/2017,BlackRock World Mining Trust Ord,3.51,,,,
04/05/2017,BlackRock World Mining Trust Ord,3.51,,,,
04/06/2017,BlackRock World Mining Trust Ord,3.5325,,,,
04/07/2017,BlackRock World Mining Trust Ord,3.5125,,,,
04/08/2017,BlackRock World Mining Trust Ord,3.5125,,,,
04/09/2017,BlackRock World Mining Trust Ord,3.5125,,,,
04/10/2017,BlackRock World Mining Trust Ord,3.5,,,,
04/11/2017,BlackRock World Mining Trust Ord,3.5125,,,,
04/12/2017,BlackRock World Mining Trust Ord,3.4825,,,,
04/13/2017,BlackRock World Mining Trust Ord,3.45,,,,
04/14/2017,BlackRock World Mining Trust Ord,3.45,,,,
04/15/2017,BlackRock World Mining Trust Ord,3.45,,,,
04/16/2017,BlackRock World Mining Trust Ord,3.45,,,,
04/17/2017,BlackRock World Mining Trust Ord,3.45,,,,
04/18/2017,BlackRock World Mining Trust Ord,3.35,,,,
04/19/2017,BlackRock World Mining Trust Ord,3.36,,,,
04/20/2017,BlackRock World Mining Trust Ord,3.4,,,,
04/21/2017,BlackRock World Mining Trust Ord,3.43,,,,
04/22/2017,BlackRock World Mining Trust Ord,3.43,,,,
04/23/2017,BlackRock World Mining Trust Ord,3.43,,,,
04/24/2017,BlackRock World Mining Trust Ord,3.4875,,,,
04/25/2017,BlackRock World Mining Trust Ord,3.485,,,,
04/26/2017,BlackRock World Mining Trust Ord,3.485,,,,
04/27/2017,BlackRock World Mining Trust Ord,3.39,,,,
04/28/2017,BlackRock World Mining Trust Ord,3.3625,,,,
04/29/2017,BlackRock World Mining Trust Ord,3.3625,,,,
04/30/2017,BlackRock World Mining Trust Ord,3.3625,,,,
05/01/2017,BlackRock World Mining Trust Ord,3.3625,,,,
05/02/2017,BlackRock World Mining Trust Ord,3.34,,,,
05/03/2017,BlackRock World Mining Trust Ord,3.235,,,,
05/04/2017,BlackRock World Mining Trust Ord,3.145,,,,
05/05/2017,BlackRock World Mining Trust Ord,3.215,,,,
05/06/2017,BlackRock World Mining Trust Ord,3.215,,,,
05/07/2017,BlackRock World Mining Trust Ord,3.215,,,,
05/08/2017,BlackRock World Mining Trust Ord,3.1525,,,,
05/09/2017,BlackRock World Mining Trust Ord,3.18,,,,
05/10/2017,BlackRock World Mining Trust Ord,3.235,,,,
05/11/2017,BlackRock World Mining Trust Ord,3.24,,,,
05/12/2017,BlackRock World Mining Trust Ord,3.26,,,,
05/13/2017,BlackRock World Mining Trust Ord,3.26,,,,
05/14/2017,BlackRock World Mining Trust Ord,3.26,,,,
05/15/2017,BlackRock World Mining Trust Ord,3.33,,,,
05/16/2017,BlackRock World Mining Trust Ord,3.39,,,,
05/17/2017,BlackRock World Mining Trust Ord,3.3725,,,,
05/18/2017,BlackRock World Mining Trust Ord,3.3425,,,,
05/19/2017,BlackRock World Mining Trust Ord,3.37,,,,
05/20/2017,BlackRock World Mining Trust Ord,3.37,,,,
05/21/2017,BlackRock World Mining Trust Ord,3.37,,,,
05/22/2017,BlackRock World Mining Trust Ord,3.4125,,,,
05/23/2017,BlackRock World Mining Trust Ord,3.405,,,,
05/24/2017,BlackRock World Mining Trust Ord,3.375,,,,
05/25/2017,BlackRock World Mining Trust Ord,3.4025,,,,
05/26/2017,BlackRock World Mining Trust Ord,3.395,,,,
05/27/2017,BlackRock World Mining Trust Ord,3.395,,,,
05/28/2017,BlackRock World Mining Trust Ord,3.395,,,,
05/29/2017,BlackRock World Mining Trust Ord,3.395,,,,
05/30/2017,BlackRock World Mining Trust Ord,3.42,,,,
05/31/2017,BlackRock World Mining Trust Ord,3.37,,,,
06/01/2017,BlackRock World Mining Trust Ord,3.35,,,,
06/02/2017,BlackRock World Mining Trust Ord,3.3475,,,,
06/03/2017,BlackRock World Mining Trust Ord,3.3475,,,,
06/04/2017,BlackRock World Mining Trust Ord,3.3475,,,,
06/05/2017,BlackRock World Mining Trust Ord,3.32,,,,
06/06/2017,BlackRock World Mining Trust Ord,3.2775,,,,
06/07/2017,BlackRock World Mining Trust Ord,3.2775,,,,
06/08/2017,BlackRock World Mining Trust Ord,3.295,,,,
06/09/2017,BlackRock World Mining Trust Ord,3.37,,,,
06/10/2017,BlackRock World Mining Trust Ord,3.37,,,,
06/11/2017,BlackRock World Mining Trust Ord,3.37,,,,
06/12/2017,BlackRock World Mining Trust Ord,3.38,,,,
06/13/2017,BlackRock World Mining Trust Ord,3.375,,,,
06/14/2017,BlackRock World Mining Trust Ord,3.375,,,,
06/15/2017,BlackRock World Mining Trust Ord,3.2975,,,,
06/16/2017,BlackRock World Mining Trust Ord,3.2925,,,,
06/17/2017,BlackRock World Mining Trust Ord,3.2925,,,,
06/18/2017,BlackRock World Mining Trust Ord,3.2925,,,,
06/19/2017,BlackRock World Mining Trust Ord,3.35,,,,
06/20/2017,BlackRock World Mining Trust Ord,3.265,,,,
06/21/2017,BlackRock World Mining Trust Ord,3.215,,,,
06/22/2017,BlackRock World Mining Trust Ord,3.2325,,,,
06/23/2017,BlackRock World Mining Trust Ord,3.2175,,,,
06/24/2017,BlackRock World Mining Trust Ord,3.2175,,,,
06/25/2017,BlackRock World Mining Trust Ord,3.2175,,,,
06/26/2017,BlackRock World Mining Trust Ord,3.25,,,,
06/27/2017,BlackRock World Mining Trust Ord,3.28,,,,
06/28/2017,BlackRock World Mining Trust Ord,3.275,,,,
06/29/2017,BlackRock World Mining Trust Ord,3.3275,,,,
06/30/2017,BlackRock World Mining Trust Ord,3.335,,,,
07/01/2017,BlackRock World Mining Trust Ord,3.335,,,,
07/02/2017,BlackRock World Mining Trust Ord,3.335,,,,
07/03/2017,BlackRock World Mining Trust Ord,3.395,,,,
07/04/2017,BlackRock World Mining Trust Ord,3.3925,,,,
07/05/2017,BlackRock World Mining Trust Ord,3.43,,,,
07/06/2017,BlackRock World Mining Trust Ord,3.43,,,,
07/07/2017,BlackRock World Mining Trust Ord,3.4,,,,
07/08/2017,BlackRock World Mining Trust Ord,3.4,,,,
07/09/2017,BlackRock World Mining Trust Ord,3.4,,,,
07/10/2017,BlackRock World Mining Trust Ord,3.3675,,,,
07/11/2017,BlackRock World Mining Trust Ord,3.4025,,,,
07/12/2017,BlackRock World Mining Trust Ord,3.48,,,,
07/13/2017,BlackRock World Mining Trust Ord,3.505,,,,
07/14/2017,BlackRock World Mining Trust Ord,3.525,,,,
07/15/2017,BlackRock World Mining Trust Ord,3.525,,,,
07/16/2017,BlackRock World Mining Trust Ord,3.525,,,,
07/17/2017,BlackRock World Mining Trust Ord,3.565,,,,
07/18/2017,BlackRock World Mining Trust Ord,3.58,,,,
07/19/2017,BlackRock World Mining Trust Ord,3.6075,,,,
07/20/2017,BlackRock World Mining Trust Ord,3.5725,,,,
07/21/2017,BlackRock World Mining Trust Ord,3.5625,,,,
07/22/2017,BlackRock World Mining Trust Ord,3.5625,,,,
07/23/2017,BlackRock World Mining Trust Ord,3.5625,,,,
07/24/2017,BlackRock World Mining Trust Ord,3.55,,,,
07/25/2017,BlackRock World Mining Trust Ord,3.63,,,,
07/26/2017,BlackRock World Mining Trust Ord,3.61,,,,
07/27/2017,BlackRock World Mining Trust Ord,3.665,,,,
07/28/2017,BlackRock World Mining Trust Ord,3.665,,,,
07/29/2017,BlackRock World Mining Trust Ord,3.665,,,,
07/30/2017,BlackRock World Mining Trust Ord,3.665,,,,
07/31/2017,BlackRock World Mining Trust Ord,3.6825,,,,
08/01/2017,BlackRock World Mining Trust Ord,3.6725,,,,
08/02/2017,BlackRock World Mining Trust Ord,3.63,,,,
08/03/2017,BlackRock World Mining Trust Ord,3.65,,,,
08/04/2017,BlackRock World Mining Trust Ord,3.6925,,,,
08/05/2017,BlackRock World Mining Trust Ord,3.6925,,,,
08/06/2017,BlackRock World Mining Trust Ord,3.6925,,,,
08/07/2017,BlackRock World Mining Trust Ord,3.75,,,,
08/08/2017,BlackRock World Mining Trust Ord,3.73,,,,
08/09/2017,BlackRock World Mining Trust Ord,3.74,,,,
08/10/2017,BlackRock World Mining Trust Ord,3.68,,,,
08/11/2017,BlackRock World Mining Trust Ord,3.6,,,,
08/12/2017,BlackRock World Mining Trust Ord,3.6,,,,
08/13/2017,BlackRock World Mining Trust Ord,3.6,,,,
08/14/2017,BlackRock World Mining Trust Ord,3.63,,,,
08/15/2017,BlackRock World Mining Trust Ord,3.6075,,,,
08/16/2017,BlackRock World Mining Trust Ord,3.68,,,,
08/17/2017,BlackRock World Mining Trust Ord,3.65,,,,
08/18/2017,BlackRock World Mining Trust Ord,3.6175,,,,
08/19/2017,BlackRock World Mining Trust Ord,3.6175,,,,
08/20/2017,BlackRock World Mining Trust Ord,3.6175,,,,
08/21/2017,BlackRock World Mining Trust Ord,3.6525,,,,
08/22/2017,BlackRock World Mining Trust Ord,3.72,,,,
08/23/2017,BlackRock World Mining Trust Ord,3.765,,,,
08/24/2017,BlackRock World Mining Trust Ord,3.7775,,,,
08/25/2017,BlackRock World Mining Trust Ord,3.8075,,,,
08/26/2017,BlackRock World Mining Trust Ord,3.8075,,,,
08/27/2017,BlackRock World Mining Trust Ord,3.8075,,,,
08/28/2017,BlackRock World Mining Trust Ord,3.8075,,,,
08/29/2017,BlackRock World Mining Trust Ord,3.8075,,,,
08/30/2017,BlackRock World Mining Trust Ord,3.83,,,,
08/31/2017,BlackRock World Mining Trust Ord,3.885,,,,
09/01/2017,BlackRock World Mining Trust Ord,3.89,,,,
09/02/2017,BlackRock World Mining Trust Ord,3.89,,,,
09/03/2017,BlackRock World Mining Trust Ord,3.89,,,,
09/04/2017,BlackRock World Mining Trust Ord,3.885,,,,
09/05/2017,BlackRock World Mining Trust Ord,3.885,,,,
09/06/2017,BlackRock World Mining Trust Ord,3.8925,,,,
09/07/2017,BlackRock World Mining Trust Ord,3.915,,,,
09/08/2017,BlackRock World Mining Trust Ord,3.845,,,,
09/09/2017,BlackRock World Mining Trust Ord,3.845,,,,
09/10/2017,BlackRock World Mining Trust Ord,3.845,,,,
09/11/2017,BlackRock World Mining Trust Ord,3.88125,,,,
09/12/2017,BlackRock World Mining Trust Ord,3.83,,,,
09/13/2017,BlackRock World Mining Trust Ord,3.765,,,,
09/14/2017,BlackRock World Mining Trust Ord,3.6425,,,,
09/15/2017,BlackRock World Mining Trust Ord,3.695,,,,
09/16/2017,BlackRock World Mining Trust Ord,3.695,,,,
09/17/2017,BlackRock World Mining Trust Ord,3.695,,,,
09/18/2017,BlackRock World Mining Trust Ord,3.6325,,,,
09/19/2017,BlackRock World Mining Trust Ord,3.63,,,,
09/20/2017,BlackRock World Mining Trust Ord,3.6175,,,,
09/21/2017,BlackRock World Mining Trust Ord,3.65,,,,
09/22/2017,BlackRock World Mining Trust Ord,3.655,,,,
09/23/2017,BlackRock World Mining Trust Ord,3.655,,,,
09/24/2017,BlackRock World Mining Trust Ord,3.655,,,,
09/25/2017,BlackRock World Mining Trust Ord,3.6175,,,,
09/26/2017,BlackRock World Mining Trust Ord,3.61,,,,
09/27/2017,BlackRock World Mining Trust Ord,3.605,,,,
09/28/2017,BlackRock World Mining Trust Ord,3.59125,,,,
09/29/2017,BlackRock World Mining Trust Ord,3.63,,,,
09/30/2017,BlackRock World Mining Trust Ord,3.63,,,,
10/01/2017,BlackRock World Mining Trust Ord,3.63,,,,
10/02/2017,BlackRock World Mining Trust Ord,3.6825,,,,
10/03/2017,BlackRock World Mining Trust Ord,3.72875,,,,
10/04/2017,BlackRock World Mining Trust Ord,3.81,,,,
10/05/2017,BlackRock World Mining Trust Ord,3.85,,,,
10/06/2017,BlackRock World Mining Trust Ord,3.875,,,,
10/07/2017,BlackRock World Mining Trust Ord,3.875,,,,
10/08/2017,BlackRock World Mining Trust Ord,3.875,,,,
10/09/2017,BlackRock World Mining Trust Ord,3.84,,,,
10/10/2017,BlackRock World Mining Trust Ord,3.83,,,,
10/11/2017,BlackRock World Mining Trust Ord,3.825,,,,
10/12/2017,BlackRock World Mining Trust Ord,3.84625,,,,
10/13/2017,BlackRock World Mining Trust Ord,3.8675,,,,
10/14/2017,BlackRock World Mining Trust Ord,3.8675,,,,
10/15/2017,BlackRock World Mining Trust Ord,3.8675,,,,
10/16/2017,BlackRock World Mining Trust Ord,3.9075,,,,
10/17/2017,BlackRock World Mining Trust Ord,3.9075,,,,
10/18/2017,BlackRock World Mining Trust Ord,3.88,,,,
10/19/2017,BlackRock World Mining Trust Ord,3.9075,,,,
10/20/2017,BlackRock World Mining Trust Ord,3.9175,,,,
10/21/2017,BlackRock World Mining Trust Ord,3.9175,,,,
10/22/2017,BlackRock World Mining Trust Ord,3.9175,,,,
10/23/2017,BlackRock World Mining Trust Ord,3.915,,,,
10/24/2017,BlackRock World Mining Trust Ord,3.92,,,,
10/25/2017,BlackRock World Mining Trust Ord,3.86,,,,
10/26/2017,BlackRock World Mining Trust Ord,3.8825,,,,
10/27/2017,BlackRock World Mining Trust Ord,3.8825,,,,
10/28/2017,BlackRock World Mining Trust Ord,3.8825,,,,
10/29/2017,BlackRock World Mining Trust Ord,3.8825,,,,
10/30/2017,BlackRock World Mining Trust Ord,3.8725,,,,
10/31/2017,BlackRock World Mining Trust Ord,3.825,,,,
11/01/2017,BlackRock World Mining Trust Ord,3.9,,,,
11/02/2017,BlackRock World Mining Trust Ord,3.945,,,,
11/03/2017,BlackRock World Mining Trust Ord,3.92,,,,
11/04/2017,BlackRock World Mining Trust Ord,3.92,,,,
11/05/2017,BlackRock World Mining Trust Ord,3.92,,,,
11/06/2017,BlackRock World Mining Trust Ord,3.98,,,,
11/07/2017,BlackRock World Mining Trust Ord,3.955,,,,
11/08/2017,BlackRock World Mining Trust Ord,3.935,,,,
11/09/2017,BlackRock World Mining Trust Ord,3.9,,,,
11/10/2017,BlackRock World Mining Trust Ord,3.9,,,,
11/11/2017,BlackRock World Mining Trust Ord,3.9,,,,
11/12/2017,BlackRock World Mining Trust Ord,3.9,,,,
11/13/2017,BlackRock World Mining Trust Ord,3.8775,,,,
11/14/2017,BlackRock World Mining Trust Ord,3.83,,,,
11/15/2017,BlackRock World Mining Trust Ord,3.7825,,,,
11/16/2017,BlackRock World Mining Trust Ord,3.81,,,,
11/17/2017,BlackRock World Mining Trust Ord,3.8025,,,,
11/18/2017,BlackRock World Mining Trust Ord,3.8025,,,,
11/19/2017,BlackRock World Mining Trust Ord,3.8025,,,,
11/20/2017,BlackRock World Mining Trust Ord,3.76,,,,
11/21/2017,BlackRock World Mining Trust Ord,3.795,,,,
11/22/2017,BlackRock World Mining Trust Ord,3.8025,,,,
11/23/2017,BlackRock World Mining Trust Ord,3.7975,,,,
11/24/2017,BlackRock World Mining Trust Ord,3.84,,,,
11/25/2017,BlackRock World Mining Trust Ord,3.84,,,,
11/26/2017,BlackRock World Mining Trust Ord,3.84,,,,
11/27/2017,BlackRock World Mining Trust Ord,3.815,,,,
11/28/2017,BlackRock World Mining Trust Ord,3.79,,,,
11/29/2017,BlackRock World Mining Trust Ord,3.7575,,,,
11/30/2017,BlackRock World Mining Trust Ord,3.7175,,,,
12/01/2017,BlackRock World Mining Trust Ord,3.6825,,,,
12/02/2017,BlackRock World Mining Trust Ord,3.6825,,,,
12/03/2017,BlackRock World Mining Trust Ord,3.6825,,,,
12/04/2017,BlackRock World Mining Trust Ord,3.7,,,,
12/05/2017,BlackRock World Mining Trust Ord,3.63,,,,
12/06/2017,BlackRock World Mining Trust Ord,3.57,,,,
12/07/2017,BlackRock World Mining Trust Ord,3.58,,,,
12/08/2017,BlackRock World Mining Trust Ord,3.57,,,,
12/09/2017,BlackRock World Mining Trust Ord,3.57,,,,
12/10/2017,BlackRock World Mining Trust Ord,3.57,,,,
12/11/2017,BlackRock World Mining Trust Ord,3.61,,,,
12/12/2017,BlackRock World Mining Trust Ord,3.605,,,,
12/13/2017,BlackRock World Mining Trust Ord,3.605,,,,
12/14/2017,BlackRock World Mining Trust Ord,3.65,,,,
12/15/2017,BlackRock World Mining Trust Ord,3.6875,,,,
12/16/2017,BlackRock World Mining Trust Ord,3.6875,,,,
12/17/2017,BlackRock World Mining Trust Ord,3.6875,,,,
12/18/2017,BlackRock World Mining Trust Ord,3.74,,,,
12/19/2017,BlackRock World Mining Trust Ord,3.7325,,,,
12/20/2017,BlackRock World Mining Trust Ord,3.7725,,,,
12/21/2017,BlackRock World Mining Trust Ord,3.85,,,,
12/22/2017,BlackRock World Mining Trust Ord,3.8775,,,,
12/23/2017,BlackRock World Mining Trust Ord,3.8775,,,,
12/24/2017,BlackRock World Mining Trust Ord,3.8775,,,,
12/25/2017,BlackRock World Mining Trust Ord,3.8775,,,,
12/26/2017,BlackRock World Mining Trust Ord,3.8775,,,,
12/27/2017,BlackRock World Mining Trust Ord,3.925,,,,
12/28/2017,BlackRock World Mining Trust Ord,3.9525,,,,
12/29/2017,BlackRock World Mining Trust Ord,3.9775,,,,
12/30/2017,BlackRock World Mining Trust Ord,3.9775,,,,
12/31/2017,BlackRock World Mining Trust Ord,3.9775,,,,
01/01/2018,BlackRock World Mining Trust Ord,3.9775,,,,
01/02/2018,BlackRock World Mining Trust Ord,3.985,,,,
01/03/2018,BlackRock World Mining Trust Ord,4.03,,,,
01/04/2018,BlackRock World Mining Trust Ord,4.04,,,,
01/05/2018,BlackRock World Mining Trust Ord,4.08,,,,
01/06/2018,BlackRock World Mining Trust Ord,4.08,,,,
01/07/2018,BlackRock World Mining Trust Ord,4.08,,,,
01/08/2018,BlackRock World Mining Trust Ord,4.16,,,,
01/09/2018,BlackRock World Mining Trust Ord,4.18,,,,
01/10/2018,BlackRock World Mining Trust Ord,4.17,,,,
01/11/2018,BlackRock World Mining Trust Ord,4.22,,,,
01/12/2018,BlackRock World Mining Trust Ord,4.215,,,,
01/13/2018,BlackRock World Mining Trust Ord,4.215,,,,
01/14/2018,BlackRock World Mining Trust Ord,4.215,,,,
01/15/2018,BlackRock World Mining Trust Ord,4.24,,,,
01/16/2018,BlackRock World Mining Trust Ord,4.235,,,,
01/17/2018,BlackRock World Mining Trust Ord,4.23,,,,
01/18/2018,BlackRock World Mining Trust Ord,4.21,,,,
01/19/2018,BlackRock World Mining Trust Ord,4.22,,,,
01/20/2018,BlackRock World Mining Trust Ord,4.22,,,,
01/21/2018,BlackRock World Mining Trust Ord,4.22,,,,
01/22/2018,BlackRock World Mining Trust Ord,4.18,,,,
01/23/2018,BlackRock World Mining Trust Ord,4.125,,,,
01/24/2018,BlackRock World Mining Trust Ord,4.105,,,,
01/25/2018,BlackRock World Mining Trust Ord,4.11,,,,
01/26/2018,BlackRock World Mining Trust Ord,4.095,,,,
01/27/2018,BlackRock World Mining Trust Ord,4.095,,,,
01/28/2018,BlackRock World Mining Trust Ord,4.095,,,,
01/29/2018,BlackRock World Mining Trust Ord,4.16,,,,
01/30/2018,BlackRock World Mining Trust Ord,4.07,,,,
01/31/2018,BlackRock World Mining Trust Ord,3.975,,,,
02/01/2018,BlackRock World Mining Trust Ord,4.02,,,,
02/02/2018,BlackRock World Mining Trust Ord,3.945,,,,
02/03/2018,BlackRock World Mining Trust Ord,3.945,,,,
02/04/2018,BlackRock World Mining Trust Ord,3.945,,,,
02/05/2018,BlackRock World Mining Trust Ord,3.91,,,,
02/06/2018,BlackRock World Mining Trust Ord,3.805,,,,
02/07/2018,BlackRock World Mining Trust Ord,3.9,,,,
02/08/2018,BlackRock World Mining Trust Ord,3.77,,,,
02/09/2018,BlackRock World Mining Trust Ord,3.75,,,,
02/10/2018,BlackRock World Mining Trust Ord,3.75,,,,
02/11/2018,BlackRock World Mining Trust Ord,3.75,,,,
02/12/2018,BlackRock World Mining Trust Ord,3.865,,,,
02/13/2018,BlackRock World Mining Trust Ord,3.87,,,,
02/14/2018,BlackRock World Mining Trust Ord,3.93,,,,
02/15/2018,BlackRock World Mining Trust Ord,4.02,,,,
02/16/2018,BlackRock World Mining Trust Ord,4.02,,,,
02/17/2018,BlackRock World Mining Trust Ord,4.02,,,,
02/18/2018,BlackRock World Mining Trust Ord,4.02,,,,
02/19/2018,BlackRock World Mining Trust Ord,3.955,,,,
02/20/2018,BlackRock World Mining Trust Ord,3.92,,,,
02/21/2018,BlackRock World Mining Trust Ord,3.95,,,,
02/22/2018,BlackRock World Mining Trust Ord,3.965,,,,
02/23/2018,BlackRock World Mining Trust Ord,3.955,,,,
02/24/2018,BlackRock World Mining Trust Ord,3.955,,,,
02/25/2018,BlackRock World Mining Trust Ord,3.955,,,,
02/26/2018,BlackRock World Mining Trust Ord,4,,,,
02/27/2018,BlackRock World Mining Trust Ord,3.99,,,,
02/28/2018,BlackRock World Mining Trust Ord,3.945,,,,
03/01/2018,BlackRock World Mining Trust Ord,3.9,,,,
03/02/2018,BlackRock World Mining Trust Ord,3.815,,,,
03/03/2018,BlackRock World Mining Trust Ord,3.815,,,,
03/04/2018,BlackRock World Mining Trust Ord,3.815,,,,
03/05/2018,BlackRock World Mining Trust Ord,3.825,,,,
03/06/2018,BlackRock World Mining Trust Ord,3.89,,,,
03/07/2018,BlackRock World Mining Trust Ord,3.895,,,,
03/08/2018,BlackRock World Mining Trust Ord,3.875,,,,
03/09/2018,BlackRock World Mining Trust Ord,3.95,,,,
03/10/2018,BlackRock World Mining Trust Ord,3.95,,,,
03/11/2018,BlackRock World Mining Trust Ord,3.95,,,,
03/12/2018,BlackRock World Mining Trust Ord,3.925,,,,
03/13/2018,BlackRock World Mining Trust Ord,3.885,,,,
03/14/2018,BlackRock World Mining Trust Ord,3.87,,,,
03/15/2018,BlackRock World Mining Trust Ord,3.87,,,,
03/16/2018,BlackRock World Mining Trust Ord,3.895,,,,
03/17/2018,BlackRock World Mining Trust Ord,3.895,,,,
03/18/2018,BlackRock World Mining Trust Ord,3.895,,,,
03/19/2018,BlackRock World Mining Trust Ord,3.77,,,,
03/20/2018,BlackRock World Mining Trust Ord,3.83,,,,
03/21/2018,BlackRock World Mining Trust Ord,3.82,,,,
03/22/2018,BlackRock World Mining Trust Ord,3.665,,,,
03/23/2018,BlackRock World Mining Trust Ord,3.65,,,,
03/24/2018,BlackRock World Mining Trust Ord,3.65,,,,
03/25/2018,BlackRock World Mining Trust Ord,3.65,,,,
03/26/2018,BlackRock World Mining Trust Ord,3.665,,,,
03/27/2018,BlackRock World Mining Trust Ord,3.72,,,,
03/28/2018,BlackRock World Mining Trust Ord,3.655,,,,
03/29/2018,BlackRock World Mining Trust Ord,3.705,,,,
03/30/2018,BlackRock World Mining Trust Ord,3.705,,,,
03/31/2018,BlackRock World Mining Trust Ord,3.705,,,,
04/01/2018,BlackRock World Mining Trust Ord,3.705,,,,
04/02/2018,BlackRock World Mining Trust Ord,3.705,,,,
04/03/2018,BlackRock World Mining Trust Ord,3.69,,,,
04/04/2018,BlackRock World Mining Trust Ord,3.565,,,,
04/05/2018,BlackRock World Mining Trust Ord,3.675,,,,
04/06/2018,BlackRock World Mining Trust Ord,3.66,,,,
04/07/2018,BlackRock World Mining Trust Ord,3.66,,,,
04/08/2018,BlackRock World Mining Trust Ord,3.66,,,,
04/09/2018,BlackRock World Mining Trust Ord,3.605,,,,
04/10/2018,BlackRock World Mining Trust Ord,3.685,,,,
04/11/2018,BlackRock World Mining Trust Ord,3.7,,,,
04/12/2018,BlackRock World Mining Trust Ord,3.7,,,,
04/13/2018,BlackRock World Mining Trust Ord,3.715,,,,
04/14/2018,BlackRock World Mining Trust Ord,3.715,,,,
04/15/2018,BlackRock World Mining Trust Ord,3.715,,,,
04/16/2018,BlackRock World Mining Trust Ord,3.66,,,,
04/17/2018,BlackRock World Mining Trust Ord,3.71,,,,
04/18/2018,BlackRock World Mining Trust Ord,3.87,,,,
04/19/2018,BlackRock World Mining Trust Ord,3.87,,,,
04/20/2018,BlackRock World Mining Trust Ord,3.855,,,,
04/21/2018,BlackRock World Mining Trust Ord,3.855,,,,
04/22/2018,BlackRock World Mining Trust Ord,3.855,,,,
04/23/2018,BlackRock World Mining Trust Ord,3.845,,,,
04/24/2018,BlackRock World Mining Trust Ord,3.875,,,,
04/25/2018,BlackRock World Mining Trust Ord,3.81,,,,
04/26/2018,BlackRock World Mining Trust Ord,3.775,,,,
04/27/2018,BlackRock World Mining Trust Ord,3.785,,,,
04/28/2018,BlackRock World Mining Trust Ord,3.785,,,,
04/29/2018,BlackRock World Mining Trust Ord,3.785,,,,
04/30/2018,BlackRock World Mining Trust Ord,3.8,,,,
05/01/2018,BlackRock World Mining Trust Ord,3.805,,,,
05/02/2018,BlackRock World Mining Trust Ord,3.88,,,,
05/03/2018,BlackRock World Mining Trust Ord,3.865,,,,
05/04/2018,BlackRock World Mining Trust Ord,3.9,,,,
05/05/2018,BlackRock World Mining Trust Ord,3.9,,,,
05/06/2018,BlackRock World Mining Trust Ord,3.9,,,,
05/07/2018,BlackRock World Mining Trust Ord,3.9,,,,
05/08/2018,BlackRock World Mining Trust Ord,3.895,,,,
05/09/2018,BlackRock World Mining Trust Ord,3.95,,,,
05/10/2018,BlackRock World Mining Trust Ord,4.025,,,,
05/11/2018,BlackRock World Mining Trust Ord,4.1,,,,
05/12/2018,BlackRock World Mining Trust Ord,4.1,,,,
05/13/2018,BlackRock World Mining Trust Ord,4.1,,,,
05/14/2018,BlackRock World Mining Trust Ord,4.11,,,,
05/15/2018,BlackRock World Mining Trust Ord,4.125,,,,
05/16/2018,BlackRock World Mining Trust Ord,4.175,,,,
05/17/2018,BlackRock World Mining Trust Ord,4.175,,,,
05/18/2018,BlackRock World Mining Trust Ord,4.115,,,,
05/19/2018,BlackRock World Mining Trust Ord,4.115,,,,
05/20/2018,BlackRock World Mining Trust Ord,4.115,,,,
05/21/2018,BlackRock World Mining Trust Ord,4.15,,,,
05/22/2018,BlackRock World Mining Trust Ord,4.16,,,,
05/23/2018,BlackRock World Mining Trust Ord,4.07,,,,
05/24/2018,BlackRock World Mining Trust Ord,4.04,,,,
05/25/2018,BlackRock World Mining Trust Ord,4.03,,,,
05/26/2018,BlackRock World Mining Trust Ord,4.03,,,,
05/27/2018,BlackRock World Mining Trust Ord,4.03,,,,
05/28/2018,BlackRock World Mining Trust Ord,4.03,,,,
05/29/2018,BlackRock World Mining Trust Ord,3.985,,,,
05/30/2018,BlackRock World Mining Trust Ord,4,,,,
05/31/2018,BlackRock World Mining Trust Ord,4.025,,,,
06/01/2018,BlackRock World Mining Trust Ord,4.045,,,,
06/02/2018,BlackRock World Mining Trust Ord,4.045,,,,
06/03/2018,BlackRock World Mining Trust Ord,4.045,,,,
06/04/2018,BlackRock World Mining Trust Ord,4.075,,,,
06/05/2018,BlackRock World Mining Trust Ord,4.085,,,,
06/06/2018,BlackRock World Mining Trust Ord,4.12,,,,
06/07/2018,BlackRock World Mining Trust Ord,4.14,,,,
06/08/2018,BlackRock World Mining Trust Ord,4.12,,,,
06/09/2018,BlackRock World Mining Trust Ord,4.12,,,,
06/10/2018,BlackRock World Mining Trust Ord,4.12,,,,
06/11/2018,BlackRock World Mining Trust Ord,4.1,,,,
06/12/2018,BlackRock World Mining Trust Ord,4.07,,,,
06/13/2018,BlackRock World Mining Trust Ord,4.095,,,,
06/14/2018,BlackRock World Mining Trust Ord,4.085,,,,
06/15/2018,BlackRock World Mining Trust Ord,4,,,,
06/16/2018,BlackRock World Mining Trust Ord,4,,,,
06/17/2018,BlackRock World Mining Trust Ord,4,,,,
06/18/2018,BlackRock World Mining Trust Ord,3.985,,,,
06/19/2018,BlackRock World Mining Trust Ord,3.94,,,,
06/20/2018,BlackRock World Mining Trust Ord,3.99,,,,
06/21/2018,BlackRock World Mining Trust Ord,3.925,,,,
06/22/2018,BlackRock World Mining Trust Ord,3.96,,,,
06/23/2018,BlackRock World Mining Trust Ord,3.96,,,,
06/24/2018,BlackRock World Mining Trust Ord,3.96,,,,
06/25/2018,BlackRock World Mining Trust Ord,3.865,,,,
06/26/2018,BlackRock World Mining Trust Ord,3.865,,,,
06/27/2018,BlackRock World Mining Trust Ord,3.905,,,,
06/28/2018,BlackRock World Mining Trust Ord,3.85,,,,
06/29/2018,BlackRock World Mining Trust Ord,3.865,,,,
06/30/2018,BlackRock World Mining Trust Ord,3.865,,,,
07/01/2018,BlackRock World Mining Trust Ord,3.865,,,,
07/02/2018,BlackRock World Mining Trust Ord,3.81,,,,
07/03/2018,BlackRock World Mining Trust Ord,3.755,,,,
07/04/2018,BlackRock World Mining Trust Ord,3.745,,,,
07/05/2018,BlackRock World Mining Trust Ord,3.765,,,,
07/06/2018,BlackRock World Mining Trust Ord,3.77,,,,
07/07/2018,BlackRock World Mining Trust Ord,3.77,,,,
07/08/2018,BlackRock World Mining Trust Ord,3.77,,,,
07/09/2018,BlackRock World Mining Trust Ord,3.815,,,,
07/10/2018,BlackRock World Mining Trust Ord,3.85,,,,
07/11/2018,BlackRock World Mining Trust Ord,3.75,,,,
07/12/2018,BlackRock World Mining Trust Ord,3.75,,,,
07/13/2018,BlackRock World Mining Trust Ord,3.72,,,,
07/14/2018,BlackRock World Mining Trust Ord,3.72,,,,
07/15/2018,BlackRock World Mining Trust Ord,3.72,,,,
07/16/2018,BlackRock World Mining Trust Ord,3.69,,,,
07/17/2018,BlackRock World Mining Trust Ord,3.68,,,,
07/18/2018,BlackRock World Mining Trust Ord,3.74,,,,
07/19/2018,BlackRock World Mining Trust Ord,3.72,,,,
07/20/2018,BlackRock World Mining Trust Ord,3.695,,,,
07/21/2018,BlackRock World Mining Trust Ord,3.695,,,,
07/22/2018,BlackRock World Mining Trust Ord,3.695,,,,
07/23/2018,BlackRock World Mining Trust Ord,3.66,,,,
07/24/2018,BlackRock World Mining Trust Ord,3.8,,,,
07/25/2018,BlackRock World Mining Trust Ord,3.805,,,,
07/26/2018,BlackRock World Mining Trust Ord,3.825,,,,
07/27/2018,BlackRock World Mining Trust Ord,3.82,,,,
07/28/2018,BlackRock World Mining Trust Ord,3.82,,,,
07/29/2018,BlackRock World Mining Trust Ord,3.82,,,,
07/30/2018,BlackRock World Mining Trust Ord,3.81,,,,
07/31/2018,BlackRock World Mining Trust Ord,3.865,,,,
08/01/2018,BlackRock World Mining Trust Ord,3.815,,,,
08/02/2018,BlackRock World Mining Trust Ord,3.725,,,,
08/03/2018,BlackRock World Mining Trust Ord,3.795,,,,
08/04/2018,BlackRock World Mining Trust Ord,3.795,,,,
08/05/2018,BlackRock World Mining Trust Ord,3.795,,,,
08/06/2018,BlackRock World Mining Trust Ord,3.805,,,,
08/07/2018,BlackRock World Mining Trust Ord,3.83,,,,
08/08/2018,BlackRock World Mining Trust Ord,3.83,,,,
08/09/2018,BlackRock World Mining Trust Ord,3.825,,,,
08/10/2018,BlackRock World Mining Trust Ord,3.73,,,,
08/11/2018,BlackRock World Mining Trust Ord,3.73,,,,
08/12/2018,BlackRock World Mining Trust Ord,3.73,,,,
08/13/2018,BlackRock World Mining Trust Ord,3.73,,,,
08/14/2018,BlackRock World Mining Trust Ord,3.705,,,,
08/15/2018,BlackRock World Mining Trust Ord,3.57,,,,
08/16/2018,BlackRock World Mining Trust Ord,3.58,,,,
08/17/2018,BlackRock World Mining Trust Ord,3.545,,,,
08/18/2018,BlackRock World Mining Trust Ord,3.545,,,,
08/19/2018,BlackRock World Mining Trust Ord,3.545,,,,
08/20/2018,BlackRock World Mining Trust Ord,3.575,,,,
08/21/2018,BlackRock World Mining Trust Ord,3.5675,,,,
08/22/2018,BlackRock World Mining Trust Ord,3.62,,,,
08/23/2018,BlackRock World Mining Trust Ord,3.59,,,,
08/24/2018,BlackRock World Mining Trust Ord,3.64,,,,
08/25/2018,BlackRock World Mining Trust Ord,3.64,,,,
08/26/2018,BlackRock World Mining Trust Ord,3.64,,,,
08/27/2018,BlackRock World Mining Trust Ord,3.64,,,,
08/28/2018,BlackRock World Mining Trust Ord,3.66,,,,
08/29/2018,BlackRock World Mining Trust Ord,3.63,,,,
08/30/2018,BlackRock World Mining Trust Ord,3.595,,,,
08/31/2018,BlackRock World Mining Trust Ord,3.575,,,,
09/01/2018,BlackRock World Mining Trust Ord,3.575,,,,
09/02/2018,BlackRock World Mining Trust Ord,3.575,,,,
09/03/2018,BlackRock World Mining Trust Ord,3.57,,,,
09/04/2018,BlackRock World Mining Trust Ord,3.51,,,,
09/05/2018,BlackRock World Mining Trust Ord,3.465,,,,
09/06/2018,BlackRock World Mining Trust Ord,3.43,,,,
09/07/2018,BlackRock World Mining Trust Ord,3.365,,,,
09/08/2018,BlackRock World Mining Trust Ord,3.365,,,,
09/09/2018,BlackRock World Mining Trust Ord,3.365,,,,
09/10/2018,BlackRock World Mining Trust Ord,3.36,,,,
09/11/2018,BlackRock World Mining Trust Ord,3.3,,,,
09/12/2018,BlackRock World Mining Trust Ord,3.335,,,,
09/13/2018,BlackRock World Mining Trust Ord,3.39,,,,
09/14/2018,BlackRock World Mining Trust Ord,3.46,,,,
09/15/2018,BlackRock World Mining Trust Ord,3.46,,,,
09/16/2018,BlackRock World Mining Trust Ord,3.46,,,,
09/17/2018,BlackRock World Mining Trust Ord,3.435,,,,
09/18/2018,BlackRock World Mining Trust Ord,3.485,,,,
09/19/2018,BlackRock World Mining Trust Ord,3.62,,,,
09/20/2018,BlackRock World Mining Trust Ord,3.655,,,,
09/21/2018,BlackRock World Mining Trust Ord,3.735,,,,
09/22/2018,BlackRock World Mining Trust Ord,3.735,,,,
09/23/2018,BlackRock World Mining Trust Ord,3.735,,,,
09/24/2018,BlackRock World Mining Trust Ord,3.72,,,,
09/25/2018,BlackRock World Mining Trust Ord,3.75,,,,
09/26/2018,BlackRock World Mining Trust Ord,3.69,,,,
09/27/2018,BlackRock World Mining Trust Ord,3.67,,,,
09/28/2018,BlackRock World Mining Trust Ord,3.66,,,,
09/29/2018,BlackRock World Mining Trust Ord,3.66,,,,
09/30/2018,BlackRock World Mining Trust Ord,3.66,,,,
10/01/2018,BlackRock World Mining Trust Ord,3.64,,,,
10/02/2018,BlackRock World Mining Trust Ord,3.715,,,,
10/03/2018,BlackRock World Mining Trust Ord,3.675,,,,
10/04/2018,BlackRock World Mining Trust Ord,3.67,,,,
10/05/2018,BlackRock World Mining Trust Ord,3.56,,,,
10/06/2018,BlackRock World Mining Trust Ord,3.56,,,,
10/07/2018,BlackRock World Mining Trust Ord,3.56,,,,
10/08/2018,BlackRock World Mining Trust Ord,3.55,,,,
10/09/2018,BlackRock World Mining Trust Ord,3.575,,,,
10/10/2018,BlackRock World Mining Trust Ord,3.485,,,,
10/11/2018,BlackRock World Mining Trust Ord,3.37,,,,
10/12/2018,BlackRock World Mining Trust Ord,3.49,,,,
10/13/2018,BlackRock World Mining Trust Ord,3.49,,,,
10/14/2018,BlackRock World Mining Trust Ord,3.49,,,,
10/15/2018,BlackRock World Mining Trust Ord,3.535,,,,
10/16/2018,BlackRock World Mining Trust Ord,3.53,,,,
10/17/2018,BlackRock World Mining Trust Ord,3.545,,,,
10/18/2018,BlackRock World Mining Trust Ord,3.51,,,,
10/19/2018,BlackRock World Mining Trust Ord,3.46,,,,
10/20/2018,BlackRock World Mining Trust Ord,3.46,,,,
10/21/2018,BlackRock World Mining Trust Ord,3.46,,,,
10/22/2018,BlackRock World Mining Trust Ord,3.48,,,,
10/23/2018,BlackRock World Mining Trust Ord,3.375,,,,
10/24/2018,BlackRock World Mining Trust Ord,3.36,,,,
10/25/2018,BlackRock World Mining Trust Ord,3.39,,,,
10/26/2018,BlackRock World Mining Trust Ord,3.31,,,,
10/27/2018,BlackRock World Mining Trust Ord,3.31,,,,
10/28/2018,BlackRock World Mining Trust Ord,3.31,,,,
10/29/2018,BlackRock World Mining Trust Ord,3.405,,,,
10/30/2018,BlackRock World Mining Trust Ord,3.4,,,,
10/31/2018,BlackRock World Mining Trust Ord,3.435,,,,
11/01/2018,BlackRock World Mining Trust Ord,3.53,,,,
11/02/2018,BlackRock World Mining Trust Ord,3.515,,,,
11/03/2018,BlackRock World Mining Trust Ord,3.515,,,,
11/04/2018,BlackRock World Mining Trust Ord,3.515,,,,
11/05/2018,BlackRock World Mining Trust Ord,3.515,,,,
11/06/2018,BlackRock World Mining Trust Ord,3.465,,,,
11/07/2018,BlackRock World Mining Trust Ord,3.52,,,,
11/08/2018,BlackRock World Mining Trust Ord,3.55,,,,
11/09/2018,BlackRock World Mining Trust Ord,3.46,,,,
11/10/2018,BlackRock World Mining Trust Ord,3.46,,,,
11/11/2018,BlackRock World Mining Trust Ord,3.46,,,,
11/12/2018,BlackRock World Mining Trust Ord,3.4,,,,
11/13/2018,BlackRock World Mining Trust Ord,3.36,,,,
11/14/2018,BlackRock World Mining Trust Ord,3.365,,,,
11/15/2018,BlackRock World Mining Trust Ord,3.44,,,,
11/16/2018,BlackRock World Mining Trust Ord,3.48,,,,
11/17/2018,BlackRock World Mining Trust Ord,3.48,,,,
11/18/2018,BlackRock World Mining Trust Ord,3.48,,,,
11/19/2018,BlackRock World Mining Trust Ord,3.49,,,,
11/20/2018,BlackRock World Mining Trust Ord,3.445,,,,
11/21/2018,BlackRock World Mining Trust Ord,3.47,,,,
11/22/2018,BlackRock World Mining Trust Ord,3.415,,,,
11/23/2018,BlackRock World Mining Trust Ord,3.33,,,,
11/24/2018,BlackRock World Mining Trust Ord,3.33,,,,
11/25/2018,BlackRock World Mining Trust Ord,3.33,,,,
11/26/2018,BlackRock World Mining Trust Ord,3.345,,,,
11/27/2018,BlackRock World Mining Trust Ord,3.3,,,,
11/28/2018,BlackRock World Mining Trust Ord,3.285,,,,
11/29/2018,BlackRock World Mining Trust Ord,3.3,,,,
11/30/2018,BlackRock World Mining Trust Ord,3.31,,,,
12/01/2018,BlackRock World Mining Trust Ord,3.31,,,,
12/02/2018,BlackRock World Mining Trust Ord,3.31,,,,
12/03/2018,BlackRock World Mining Trust Ord,3.405,,,,
12/04/2018,BlackRock World Mining Trust Ord,3.365,,,,
12/05/2018,BlackRock World Mining Trust Ord,3.35,,,,
12/06/2018,BlackRock World Mining Trust Ord,3.2,,,,
12/07/2018,BlackRock World Mining Trust Ord,3.25,,,,
12/08/2018,BlackRock World Mining Trust Ord,3.25,,,,
12/09/2018,BlackRock World Mining Trust Ord,3.25,,,,
12/10/2018,BlackRock World Mining Trust Ord,3.175,,,,
12/11/2018,BlackRock World Mining Trust Ord,3.235,,,,
12/12/2018,BlackRock World Mining Trust Ord,3.3,,,,
12/13/2018,BlackRock World Mining Trust Ord,3.36,,,,
12/14/2018,BlackRock World Mining Trust Ord,3.33,,,,
12/15/2018,BlackRock World Mining Trust Ord,3.33,,,,
12/16/2018,BlackRock World Mining Trust Ord,3.33,,,,
12/17/2018,BlackRock World Mining Trust Ord,3.36,,,,
12/18/2018,BlackRock World Mining Trust Ord,3.345,,,,
12/19/2018,BlackRock World Mining Trust Ord,3.365,,,,
12/20/2018,BlackRock World Mining Trust Ord,3.325,,,,
12/21/2018,BlackRock World Mining Trust Ord,3.37,,,,
12/22/2018,BlackRock World Mining Trust Ord,3.37,,,,
12/23/2018,BlackRock World Mining Trust Ord,3.37,,,,
12/24/2018,BlackRock World Mining Trust Ord,3.3375,,,,
12/25/2018,BlackRock World Mining Trust Ord,3.3375,,,,
12/26/2018,BlackRock World Mining Trust Ord,3.3375,,,,
12/27/2018,BlackRock World Mining Trust Ord,3.305,,,,
12/28/2018,BlackRock World Mining Trust Ord,3.38,,,,
12/29/2018,BlackRock World Mining Trust Ord,3.38,,,,
12/30/2018,BlackRock World Mining Trust Ord,3.38,,,,
12/31/2018,BlackRock World Mining Trust Ord,3.405,,,,
01/01/2019,BlackRock World Mining Trust Ord,3.405,,,,
01/02/2019,BlackRock World Mining Trust Ord,3.41,,,,
01/03/2019,BlackRock World Mining Trust Ord,3.36,,,,
01/04/2019,BlackRock World Mining Trust Ord,3.45,,,,
01/05/2019,BlackRock World Mining Trust Ord,3.45,,,,
01/06/2019,BlackRock World Mining Trust Ord,3.45,,,,
01/07/2019,BlackRock World Mining Trust Ord,3.465,,,,
01/08/2019,BlackRock World Mining Trust Ord,3.485,,,,
01/09/2019,BlackRock World Mining Trust Ord,3.52,,,,
01/10/2019,BlackRock World Mining Trust Ord,3.55,,,,
01/11/2019,BlackRock World Mining Trust Ord,3.585,,,,
01/12/2019,BlackRock World Mining Trust Ord,3.585,,,,
01/13/2019,BlackRock World Mining Trust Ord,3.585,,,,
01/14/2019,BlackRock World Mining Trust Ord,3.545,,,,
01/15/2019,BlackRock World Mining Trust Ord,3.56,,,,
01/16/2019,BlackRock World Mining Trust Ord,3.49,,,,
01/17/2019,BlackRock World Mining Trust Ord,3.495,,,,
01/18/2019,BlackRock World Mining Trust Ord,3.585,,,,
01/19/2019,BlackRock World Mining Trust Ord,3.585,,,,
01/20/2019,BlackRock World Mining Trust Ord,3.585,,,,
01/21/2019,BlackRock World Mining Trust Ord,3.52,,,,
01/22/2019,BlackRock World Mining Trust Ord,3.44,,,,
01/23/2019,BlackRock World Mining Trust Ord,3.4025,,,,
01/24/2019,BlackRock World Mining Trust Ord,3.42,,,,
01/25/2019,BlackRock World Mining Trust Ord,3.475,,,,
01/26/2019,BlackRock World Mining Trust Ord,3.475,,,,
01/27/2019,BlackRock World Mining Trust Ord,3.475,,,,
01/28/2019,BlackRock World Mining Trust Ord,3.385,,,,
01/29/2019,BlackRock World Mining Trust Ord,3.455,,,,
01/30/2019,BlackRock World Mining Trust Ord,3.54,,,,
01/31/2019,BlackRock World Mining Trust Ord,3.57,,,,
02/01/2019,BlackRock World Mining Trust Ord,3.605,,,,
02/02/2019,BlackRock World Mining Trust Ord,3.605,,,,
02/03/2019,BlackRock World Mining Trust Ord,3.605,,,,
02/04/2019,BlackRock World Mining Trust Ord,3.62,,,,
02/05/2019,BlackRock World Mining Trust Ord,3.61,,,,
02/06/2019,BlackRock World Mining Trust Ord,3.61,,,,
02/07/2019,BlackRock World Mining Trust Ord,3.56,,,,
02/08/2019,BlackRock World Mining Trust Ord,3.525,,,,
02/09/2019,BlackRock World Mining Trust Ord,3.525,,,,
02/10/2019,BlackRock World Mining Trust Ord,3.525,,,,
02/11/2019,BlackRock World Mining Trust Ord,3.53,,,,
02/12/2019,BlackRock World Mining Trust Ord,3.535,,,,
02/13/2019,BlackRock World Mining Trust Ord,3.58,,,,
02/14/2019,BlackRock World Mining Trust Ord,3.555,,,,
02/15/2019,BlackRock World Mining Trust Ord,3.62,,,,
02/16/2019,BlackRock World Mining Trust Ord,3.62,,,,
02/17/2019,BlackRock World Mining Trust Ord,3.62,,,,
02/18/2019,BlackRock World Mining Trust Ord,3.59,,,,
02/19/2019,BlackRock World Mining Trust Ord,3.59,,,,
02/20/2019,BlackRock World Mining Trust Ord,3.66,,,,
02/21/2019,BlackRock World Mining Trust Ord,3.615,,,,
02/22/2019,BlackRock World Mining Trust Ord,3.68,,,,
02/23/2019,BlackRock World Mining Trust Ord,3.68,,,,
02/24/2019,BlackRock World Mining Trust Ord,3.68,,,,
02/25/2019,BlackRock World Mining Trust Ord,3.69,,,,
02/26/2019,BlackRock World Mining Trust Ord,3.675,,,,
02/27/2019,BlackRock World Mining Trust Ord,3.645,,,,
02/28/2019,BlackRock World Mining Trust Ord,3.6,,,,
03/01/2019,BlackRock World Mining Trust Ord,3.645,,,,
03/02/2019,BlackRock World Mining Trust Ord,3.645,,,,
03/03/2019,BlackRock World Mining Trust Ord,3.645,,,,
03/04/2019,BlackRock World Mining Trust Ord,3.665,,,,
03/05/2019,BlackRock World Mining Trust Ord,3.65,,,,
03/06/2019,BlackRock World Mining Trust Ord,3.655,,,,
03/07/2019,BlackRock World Mining Trust Ord,3.595,,,,
03/08/2019,BlackRock World Mining Trust Ord,3.53,,,,
03/09/2019,BlackRock World Mining Trust Ord,3.53,,,,
03/10/2019,BlackRock World Mining Trust Ord,3.53,,,,
03/11/2019,BlackRock World Mining Trust Ord,3.57,,,,
03/12/2019,BlackRock World Mining Trust Ord,3.59,,,,
03/13/2019,BlackRock World Mining Trust Ord,3.61,,,,
03/14/2019,BlackRock World Mining Trust Ord,3.565,,,,
03/15/2019,BlackRock World Mining Trust Ord,3.56,,,,
03/16/2019,BlackRock World Mining Trust Ord,3.56,,,,
03/17/2019,BlackRock World Mining Trust Ord,3.56,,,,
03/18/2019,BlackRock World Mining Trust Ord,3.6,,,,
03/19/2019,BlackRock World Mining Trust Ord,3.635,,,,
03/20/2019,BlackRock World Mining Trust Ord,3.62,,,,
03/21/2019,BlackRock World Mining Trust Ord,3.605,,,,
03/22/2019,BlackRock World Mining Trust Ord,3.525,,,,
03/23/2019,BlackRock World Mining Trust Ord,3.525,,,,
03/24/2019,BlackRock World Mining Trust Ord,3.525,,,,
03/25/2019,BlackRock World Mining Trust Ord,3.52,,,,
03/26/2019,BlackRock World Mining Trust Ord,3.54,,,,
03/27/2019,BlackRock World Mining Trust Ord,3.535,,,,
03/28/2019,BlackRock World Mining Trust Ord,3.57,,,,
03/29/2019,BlackRock World Mining Trust Ord,3.67,,,,
03/30/2019,BlackRock World Mining Trust Ord,3.67,,,,
03/31/2019,BlackRock World Mining Trust Ord,3.67,,,,
04/01/2019,BlackRock World Mining Trust Ord,3.72,,,,
04/02/2019,BlackRock World Mining Trust Ord,3.74,,,,
04/03/2019,BlackRock World Mining Trust Ord,3.75,,,,
04/04/2019,BlackRock World Mining Trust Ord,3.71,,,,
04/05/2019,BlackRock World Mining Trust Ord,3.76,,,,
04/06/2019,BlackRock World Mining Trust Ord,3.76,,,,
04/07/2019,BlackRock World Mining Trust Ord,3.76,,,,
04/08/2019,BlackRock World Mining Trust Ord,3.77,,,,
04/09/2019,BlackRock World Mining Trust Ord,3.775,,,,
04/10/2019,BlackRock World Mining Trust Ord,3.795,,,,
04/11/2019,BlackRock World Mining Trust Ord,3.785,,,,
04/12/2019,BlackRock World Mining Trust Ord,3.815,,,,
04/13/2019,BlackRock World Mining Trust Ord,3.815,,,,
04/14/2019,BlackRock World Mining Trust Ord,3.815,,,,
04/15/2019,BlackRock World Mining Trust Ord,3.795,,,,
04/16/2019,BlackRock World Mining Trust Ord,3.8,,,,
04/17/2019,BlackRock World Mining Trust Ord,3.775,,,,
04/18/2019,BlackRock World Mining Trust Ord,3.765,,,,
04/19/2019,BlackRock World Mining Trust Ord,3.765,,,,
04/20/2019,BlackRock World Mining Trust Ord,3.765,,,,
04/21/2019,BlackRock World Mining Trust Ord,3.765,,,,
04/22/2019,BlackRock World Mining Trust Ord,3.765,,,,
04/23/2019,BlackRock World Mining Trust Ord,3.78,,,,
04/24/2019,BlackRock World Mining Trust Ord,3.72,,,,
04/25/2019,BlackRock World Mining Trust Ord,3.695,,,,
04/26/2019,BlackRock World Mining Trust Ord,3.665,,,,
04/27/2019,BlackRock World Mining Trust Ord,3.665,,,,
04/28/2019,BlackRock World Mining Trust Ord,3.665,,,,
04/29/2019,BlackRock World Mining Trust Ord,3.69,,,,
04/30/2019,BlackRock World Mining Trust Ord,3.615,,,,
05/01/2019,BlackRock World Mining Trust Ord,3.62,,,,
05/02/2019,BlackRock World Mining Trust Ord,3.54,,,,
05/03/2019,BlackRock World Mining Trust Ord,3.57,,,,
05/04/2019,BlackRock World Mining Trust Ord,3.57,,,,
05/05/2019,BlackRock World Mining Trust Ord,3.57,,,,
05/06/2019,BlackRock World Mining Trust Ord,3.57,,,,
05/07/2019,BlackRock World Mining Trust Ord,3.54,,,,
05/08/2019,BlackRock World Mining Trust Ord,3.535,,,,
05/09/2019,BlackRock World Mining Trust Ord,3.445,,,,
05/10/2019,BlackRock World Mining Trust Ord,3.48,,,,
05/11/2019,BlackRock World Mining Trust Ord,3.48,,,,
05/12/2019,BlackRock World Mining Trust Ord,3.48,,,,
05/13/2019,BlackRock World Mining Trust Ord,3.405,,,,
05/14/2019,BlackRock World Mining Trust Ord,3.46,,,,
05/15/2019,BlackRock World Mining Trust Ord,3.455,,,,
05/16/2019,BlackRock World Mining Trust Ord,3.53,,,,
05/17/2019,BlackRock World Mining Trust Ord,3.52,,,,
05/18/2019,BlackRock World Mining Trust Ord,3.52,,,,
05/19/2019,BlackRock World Mining Trust Ord,3.52,,,,
05/20/2019,BlackRock World Mining Trust Ord,3.475,,,,
05/21/2019,BlackRock World Mining Trust Ord,3.47,,,,
05/22/2019,BlackRock World Mining Trust Ord,3.45,,,,
05/23/2019,BlackRock World Mining Trust Ord,3.42,,,,
05/24/2019,BlackRock World Mining Trust Ord,3.395,,,,
05/25/2019,BlackRock World Mining Trust Ord,3.395,,,,
05/26/2019,BlackRock World Mining Trust Ord,3.395,,,,
05/27/2019,BlackRock World Mining Trust Ord,3.395,,,,
05/28/2019,BlackRock World Mining Trust Ord,3.47,,,,
05/29/2019,BlackRock World Mining Trust Ord,3.42,,,,
05/30/2019,BlackRock World Mining Trust Ord,3.395,,,,
05/31/2019,BlackRock World Mining Trust Ord,3.34,,,,
06/01/2019,BlackRock World Mining Trust Ord,3.34,,,,
06/02/2019,BlackRock World Mining Trust Ord,3.34,,,,
06/03/2019,BlackRock World Mining Trust Ord,3.38,,,,
06/04/2019,BlackRock World Mining Trust Ord,3.4,,,,
06/05/2019,BlackRock World Mining Trust Ord,3.41,,,,
06/06/2019,BlackRock World Mining Trust Ord,3.415,,,,
06/07/2019,BlackRock World Mining Trust Ord,3.45,,,,
06/08/2019,BlackRock World Mining Trust Ord,3.45,,,,
06/09/2019,BlackRock World Mining Trust Ord,3.45,,,,
06/10/2019,BlackRock World Mining Trust Ord,3.475,,,,
06/11/2019,BlackRock World Mining Trust Ord,3.535,,,,
06/12/2019,BlackRock World Mining Trust Ord,3.545,,,,
06/13/2019,BlackRock World Mining Trust Ord,3.56,,,,
06/14/2019,BlackRock World Mining Trust Ord,3.57,,,,
06/15/2019,BlackRock World Mining Trust Ord,3.57,,,,
06/16/2019,BlackRock World Mining Trust Ord,3.57,,,,
06/17/2019,BlackRock World Mining Trust Ord,3.57,,,,
06/18/2019,BlackRock World Mining Trust Ord,3.655,,,,
06/19/2019,BlackRock World Mining Trust Ord,3.595,,,,
06/20/2019,BlackRock World Mining Trust Ord,3.665,,,,
06/21/2019,BlackRock World Mining Trust Ord,3.685,,,,
06/22/2019,BlackRock World Mining Trust Ord,3.685,,,,
06/23/2019,BlackRock World Mining Trust Ord,3.685,,,,
06/24/2019,BlackRock World Mining Trust Ord,3.705,,,,
06/25/2019,BlackRock World Mining Trust Ord,3.735,,,,
06/26/2019,BlackRock World Mining Trust Ord,3.735,,,,
06/27/2019,BlackRock World Mining Trust Ord,3.72,,,,
06/28/2019,BlackRock World Mining Trust Ord,3.755,,,,
06/29/2019,BlackRock World Mining Trust Ord,3.755,,,,
06/30/2019,BlackRock World Mining Trust Ord,3.755,,,,
07/01/2019,BlackRock World Mining Trust Ord,3.8,,,,
07/02/2019,BlackRock World Mining Trust Ord,3.8,,,,
07/03/2019,BlackRock World Mining Trust Ord,3.825,,,,
07/04/2019,BlackRock World Mining Trust Ord,3.8,,,,
07/05/2019,BlackRock World Mining Trust Ord,3.725,,,,
07/06/2019,BlackRock World Mining Trust Ord,3.725,,,,
07/07/2019,BlackRock World Mining Trust Ord,3.725,,,,
07/08/2019,BlackRock World Mining Trust Ord,3.76,,,,
07/09/2019,BlackRock World Mining Trust Ord,3.75,,,,
07/10/2019,BlackRock World Mining Trust Ord,3.77,,,,
07/11/2019,BlackRock World Mining Trust Ord,3.76,,,,
07/12/2019,BlackRock World Mining Trust Ord,3.775,,,,
07/13/2019,BlackRock World Mining Trust Ord,3.775,,,,
07/14/2019,BlackRock World Mining Trust Ord,3.775,,,,
07/15/2019,BlackRock World Mining Trust Ord,3.81,,,,
07/16/2019,BlackRock World Mining Trust Ord,3.835,,,,
07/17/2019,BlackRock World Mining Trust Ord,3.85,,,,
07/18/2019,BlackRock World Mining Trust Ord,3.825,,,,
07/19/2019,BlackRock World Mining Trust Ord,3.86,,,,
07/20/2019,BlackRock World Mining Trust Ord,3.86,,,,
07/21/2019,BlackRock World Mining Trust Ord,3.86,,,,
07/22/2019,BlackRock World Mining Trust Ord,3.9,,,,
07/23/2019,BlackRock World Mining Trust Ord,3.95,,,,
07/24/2019,BlackRock World Mining Trust Ord,3.88,,,,
07/25/2019,BlackRock World Mining Trust Ord,3.865,,,,
07/26/2019,BlackRock World Mining Trust Ord,3.85,,,,
07/27/2019,BlackRock World Mining Trust Ord,3.85,,,,
07/28/2019,BlackRock World Mining Trust Ord,3.85,,,,
07/29/2019,BlackRock World Mining Trust Ord,3.9,,,,
07/30/2019,BlackRock World Mining Trust Ord,3.885,,,,
07/31/2019,BlackRock World Mining Trust Ord,3.865,,,,
08/01/2019,BlackRock World Mining Trust Ord,3.77,,,,
08/02/2019,BlackRock World Mining Trust Ord,3.68,,,,
08/03/2019,BlackRock World Mining Trust Ord,3.68,,,,
08/04/2019,BlackRock World Mining Trust Ord,3.68,,,,
08/05/2019,BlackRock World Mining Trust Ord,3.59,,,,
08/06/2019,BlackRock World Mining Trust Ord,3.6,,,,
08/07/2019,BlackRock World Mining Trust Ord,3.59,,,,
08/08/2019,BlackRock World Mining Trust Ord,3.69,,,,
08/09/2019,BlackRock World Mining Trust Ord,3.69,,,,
08/10/2019,BlackRock World Mining Trust Ord,3.69,,,,
08/11/2019,BlackRock World Mining Trust Ord,3.69,,,,
08/12/2019,BlackRock World Mining Trust Ord,3.65,,,,
08/13/2019,BlackRock World Mining Trust Ord,3.7,,,,
08/14/2019,BlackRock World Mining Trust Ord,3.55,,,,
08/15/2019,BlackRock World Mining Trust Ord,3.5,,,,
08/16/2019,BlackRock World Mining Trust Ord,3.505,,,,
08/17/2019,BlackRock World Mining Trust Ord,3.505,,,,
08/18/2019,BlackRock World Mining Trust Ord,3.505,,,,
08/19/2019,BlackRock World Mining Trust Ord,3.53,,,,
08/20/2019,BlackRock World Mining Trust Ord,3.53,,,,
08/21/2019,BlackRock World Mining Trust Ord,3.52,,,,
08/22/2019,BlackRock World Mining Trust Ord,3.47,,,,
08/23/2019,BlackRock World Mining Trust Ord,3.47,,,,
08/24/2019,BlackRock World Mining Trust Ord,3.47,,,,
08/25/2019,BlackRock World Mining Trust Ord,3.47,,,,
08/26/2019,BlackRock World Mining Trust Ord,3.47,,,,
08/27/2019,BlackRock World Mining Trust Ord,3.445,,,,
08/28/2019,BlackRock World Mining Trust Ord,3.5,,,,
08/29/2019,BlackRock World Mining Trust Ord,3.52,,,,
08/30/2019,BlackRock World Mining Trust Ord,3.53,,,,
08/31/2019,BlackRock World Mining Trust Ord,3.53,,,,
09/01/2019,BlackRock World Mining Trust Ord,3.53,,,,
09/02/2019,BlackRock World Mining Trust Ord,3.575,,,,
09/03/2019,BlackRock World Mining Trust Ord,3.565,,,,
09/04/2019,BlackRock World Mining Trust Ord,3.59,,,,
09/05/2019,BlackRock World Mining Trust Ord,3.625,,,,
09/06/2019,BlackRock World Mining Trust Ord,3.605,,,,
09/07/2019,BlackRock World Mining Trust Ord,3.605,,,,
09/08/2019,BlackRock World Mining Trust Ord,3.605,,,,
09/09/2019,BlackRock World Mining Trust Ord,3.585,,,,
09/10/2019,BlackRock World Mining Trust Ord,3.575,,,,
09/11/2019,BlackRock World Mining Trust Ord,3.63,,,,
09/12/2019,BlackRock World Mining Trust Ord,3.63,,,,
09/13/2019,BlackRock World Mining Trust Ord,3.64,,,,
09/14/2019,BlackRock World Mining Trust Ord,3.64,,,,
09/15/2019,BlackRock World Mining Trust Ord,3.64,,,,
09/16/2019,BlackRock World Mining Trust Ord,3.6,,,,
09/17/2019,BlackRock World Mining Trust Ord,3.565,,,,
09/18/2019,BlackRock World Mining Trust Ord,3.59,,,,
09/19/2019,BlackRock World Mining Trust Ord,3.6,,,,
09/20/2019,BlackRock World Mining Trust Ord,3.59,,,,
09/21/2019,BlackRock World Mining Trust Ord,3.59,,,,
09/22/2019,BlackRock World Mining Trust Ord,3.59,,,,
09/23/2019,BlackRock World Mining Trust Ord,3.58,,,,
09/24/2019,BlackRock World Mining Trust Ord,3.52,,,,
09/25/2019,BlackRock World Mining Trust Ord,3.53,,,,
09/26/2019,BlackRock World Mining Trust Ord,3.555,,,,
09/27/2019,BlackRock World Mining Trust Ord,3.615,,,,
09/28/2019,BlackRock World Mining Trust Ord,3.615,,,,
09/29/2019,BlackRock World Mining Trust Ord,3.615,,,,
09/30/2019,BlackRock World Mining Trust Ord,3.58,,,,
10/01/2019,BlackRock World Mining Trust Ord,3.55,,,,
10/02/2019,BlackRock World Mining Trust Ord,3.425,,,,
10/03/2019,BlackRock World Mining Trust Ord,3.42,,,,
10/04/2019,BlackRock World Mining Trust Ord,3.435,,,,
10/05/2019,BlackRock World Mining Trust Ord,3.435,,,,
10/06/2019,BlackRock World Mining Trust Ord,3.435,,,,
10/07/2019,BlackRock World Mining Trust Ord,3.47,,,,
10/08/2019,BlackRock World Mining Trust Ord,3.47,,,,
10/09/2019,BlackRock World Mining Trust Ord,3.44,,,,
10/10/2019,BlackRock World Mining Trust Ord,3.475,,,,
10/11/2019,BlackRock World Mining Trust Ord,3.465,,,,
10/12/2019,BlackRock World Mining Trust Ord,3.465,,,,
10/13/2019,BlackRock World Mining Trust Ord,3.465,,,,
10/14/2019,BlackRock World Mining Trust Ord,3.445,,,,
10/15/2019,BlackRock World Mining Trust Ord,3.4,,,,
10/16/2019,BlackRock World Mining Trust Ord,3.31,,,,
10/17/2019,BlackRock World Mining Trust Ord,3.35,,,,
10/18/2019,BlackRock World Mining Trust Ord,3.365,,,,
10/19/2019,BlackRock World Mining Trust Ord,3.365,,,,
10/20/2019,BlackRock World Mining Trust Ord,3.365,,,,
10/21/2019,BlackRock World Mining Trust Ord,3.37,,,,
10/22/2019,BlackRock World Mining Trust Ord,3.35,,,,
10/23/2019,BlackRock World Mining Trust Ord,3.37,,,,
10/24/2019,BlackRock World Mining Trust Ord,3.4,,,,
10/25/2019,BlackRock World Mining Trust Ord,3.45,,,,
10/26/2019,BlackRock World Mining Trust Ord,3.45,,,,
10/27/2019,BlackRock World Mining Trust Ord,3.45,,,,
10/28/2019,BlackRock World Mining Trust Ord,3.48,,,,
10/29/2019,BlackRock World Mining Trust Ord,3.48,,,,
10/30/2019,BlackRock World Mining Trust Ord,3.435,,,,
10/31/2019,BlackRock World Mining Trust Ord,3.4,,,,
11/01/2019,BlackRock World Mining Trust Ord,3.44,,,,
11/02/2019,BlackRock World Mining Trust Ord,3.44,,,,
11/03/2019,BlackRock World Mining Trust Ord,3.44,,,,
11/04/2019,BlackRock World Mining Trust Ord,3.54,,,,
11/05/2019,BlackRock World Mining Trust Ord,3.535,,,,
11/06/2019,BlackRock World Mining Trust Ord,3.515,,,,
11/07/2019,BlackRock World Mining Trust Ord,3.54,,,,
11/08/2019,BlackRock World Mining Trust Ord,3.46,,,,
11/09/2019,BlackRock World Mining Trust Ord,3.46,,,,
11/10/2019,BlackRock World Mining Trust Ord,3.46,,,,
11/11/2019,BlackRock World Mining Trust Ord,3.43,,,,
11/12/2019,BlackRock World Mining Trust Ord,3.425,,,,
11/13/2019,BlackRock World Mining Trust Ord,3.395,,,,
11/14/2019,BlackRock World Mining Trust Ord,3.395,,,,
11/15/2019,BlackRock World Mining Trust Ord,3.45,,,,
11/16/2019,BlackRock World Mining Trust Ord,3.45,,,,
11/17/2019,BlackRock World Mining Trust Ord,3.45,,,,
11/18/2019,BlackRock World Mining Trust Ord,3.445,,,,
11/19/2019,BlackRock World Mining Trust Ord,3.48,,,,
11/20/2019,BlackRock World Mining Trust Ord,3.49,,,,
11/21/2019,BlackRock World Mining Trust Ord,3.425,,,,
11/22/2019,BlackRock World Mining Trust Ord,3.465,,,,
11/23/2019,BlackRock World Mining Trust Ord,3.465,,,,
11/24/2019,BlackRock World Mining Trust Ord,3.465,,,,
11/25/2019,BlackRock World Mining Trust Ord,3.49,,,,
11/26/2019,BlackRock World Mining Trust Ord,3.47,,,,
11/27/2019,BlackRock World Mining Trust Ord,3.46,,,,
11/28/2019,BlackRock World Mining Trust Ord,3.485,,,,
11/29/2019,BlackRock World Mining Trust Ord,3.49,,,,
11/30/2019,BlackRock World Mining Trust Ord,3.49,,,,
12/01/2019,BlackRock World Mining Trust Ord,3.49,,,,
12/02/2019,BlackRock World Mining Trust Ord,3.52,,,,
12/03/2019,BlackRock World Mining Trust Ord,3.445,,,,
12/04/2019,BlackRock World Mining Trust Ord,3.555,,,,
12/05/2019,BlackRock World Mining Trust Ord,3.62,,,,
12/06/2019,BlackRock World Mining Trust Ord,3.585,,,,
12/07/2019,BlackRock World Mining Trust Ord,3.585,,,,
12/08/2019,BlackRock World Mining Trust Ord,3.585,,,,
12/09/2019,BlackRock World Mining Trust Ord,3.6,,,,
12/10/2019,BlackRock World Mining Trust Ord,3.555,,,,
12/11/2019,BlackRock World Mining Trust Ord,3.58,,,,
12/12/2019,BlackRock World Mining Trust Ord,3.61,,,,
12/13/2019,BlackRock World Mining Trust Ord,3.64,,,,
12/14/2019,BlackRock World Mining Trust Ord,3.64,,,,
12/15/2019,BlackRock World Mining Trust Ord,3.64,,,,
12/16/2019,BlackRock World Mining Trust Ord,3.65,,,,
12/17/2019,BlackRock World Mining Trust Ord,3.695,,,,
12/18/2019,BlackRock World Mining Trust Ord,3.655,,,,
12/19/2019,BlackRock World Mining Trust Ord,3.675,,,,
12/20/2019,BlackRock World Mining Trust Ord,3.715,,,,
12/21/2019,BlackRock World Mining Trust Ord,3.715,,,,
12/22/2019,BlackRock World Mining Trust Ord,3.715,,,,
12/23/2019,BlackRock World Mining Trust Ord,3.745,,,,
12/24/2019,BlackRock World Mining Trust Ord,3.75,,,,
12/25/2019,BlackRock World Mining Trust Ord,3.75,,,,
12/26/2019,BlackRock World Mining Trust Ord,3.75,,,,
12/27/2019,BlackRock World Mining Trust Ord,3.825,,,,
12/28/2019,BlackRock World Mining Trust Ord,3.825,,,,
12/29/2019,BlackRock World Mining Trust Ord,3.825,,,,
12/30/2019,BlackRock World Mining Trust Ord,3.84,,,,
12/31/2019,BlackRock World Mining Trust Ord,3.83,,,,
01/01/2020,BlackRock World Mining Trust Ord,3.83,,,,
01/02/2020,BlackRock World Mining Trust Ord,3.86,,,,
01/03/2020,BlackRock World Mining Trust Ord,3.81,,,,
01/04/2020,BlackRock World Mining Trust Ord,3.81,,,,
01/05/2020,BlackRock World Mining Trust Ord,3.81,,,,
01/06/2020,BlackRock World Mining Trust Ord,3.77,,,,
01/07/2020,BlackRock World Mining Trust Ord,3.82,,,,
01/08/2020,BlackRock World Mining Trust Ord,3.815,,,,
01/09/2020,BlackRock World Mining Trust Ord,3.785,,,,
01/10/2020,BlackRock World Mining Trust Ord,3.795,,,,
01/11/2020,BlackRock World Mining Trust Ord,3.795,,,,
01/12/2020,BlackRock World Mining Trust Ord,3.795,,,,
01/13/2020,BlackRock World Mining Trust Ord,3.855,,,,
01/14/2020,BlackRock World Mining Trust Ord,3.835,,,,
01/15/2020,BlackRock World Mining Trust Ord,3.84,,,,
01/16/2020,BlackRock World Mining Trust Ord,3.87,,,,
01/17/2020,BlackRock World Mining Trust Ord,3.9,,,,
01/18/2020,BlackRock World Mining Trust Ord,3.9,,,,
01/19/2020,BlackRock World Mining Trust Ord,3.9,,,,
01/20/2020,BlackRock World Mining Trust Ord,3.935,,,,
01/21/2020,BlackRock World Mining Trust Ord,3.91,,,,
01/22/2020,BlackRock World Mining Trust Ord,3.9,,,,
01/23/2020,BlackRock World Mining Trust Ord,3.78,,,,
01/24/2020,BlackRock World Mining Trust Ord,3.83,,,,
01/25/2020,BlackRock World Mining Trust Ord,3.83,,,,
01/26/2020,BlackRock World Mining Trust Ord,3.83,,,,
01/27/2020,BlackRock World Mining Trust Ord,3.685,,,,
01/28/2020,BlackRock World Mining Trust Ord,3.695,,,,
01/29/2020,BlackRock World Mining Trust Ord,3.715,,,,
01/30/2020,BlackRock World Mining Trust Ord,3.62,,,,
01/31/2020,BlackRock World Mining Trust Ord,3.57,,,,
02/01/2020,BlackRock World Mining Trust Ord,3.57,,,,
02/02/2020,BlackRock World Mining Trust Ord,3.57,,,,
02/03/2020,BlackRock World Mining Trust Ord,3.585,,,,
02/04/2020,BlackRock World Mining Trust Ord,3.69,,,,
02/05/2020,BlackRock World Mining Trust Ord,3.76,,,,
02/06/2020,BlackRock World Mining Trust Ord,3.785,,,,
02/07/2020,BlackRock World Mining Trust Ord,3.69,,,,
02/08/2020,BlackRock World Mining Trust Ord,3.69,,,,
02/09/2020,BlackRock World Mining Trust Ord,3.69,,,,
02/10/2020,BlackRock World Mining Trust Ord,3.62,,,,
02/11/2020,BlackRock World Mining Trust Ord,3.74,,,,
02/12/2020,BlackRock World Mining Trust Ord,3.79,,,,
02/13/2020,BlackRock World Mining Trust Ord,3.76,,,,
02/14/2020,BlackRock World Mining Trust Ord,3.7,,,,
02/15/2020,BlackRock World Mining Trust Ord,3.7,,,,
02/16/2020,BlackRock World Mining Trust Ord,3.7,,,,
02/17/2020,BlackRock World Mining Trust Ord,3.74,,,,
02/18/2020,BlackRock World Mining Trust Ord,3.705,,,,
02/19/2020,BlackRock World Mining Trust Ord,3.73,,,,
02/20/2020,BlackRock World Mining Trust Ord,3.815,,,,
02/21/2020,BlackRock World Mining Trust Ord,3.765,,,,
02/22/2020,BlackRock World Mining Trust Ord,3.765,,,,
02/23/2020,BlackRock World Mining Trust Ord,3.765,,,,
02/24/2020,BlackRock World Mining Trust Ord,3.62,,,,
02/25/2020,BlackRock World Mining Trust Ord,3.555,,,,
02/26/2020,BlackRock World Mining Trust Ord,3.485,,,,
02/27/2020,BlackRock World Mining Trust Ord,3.31,,,,
02/28/2020,BlackRock World Mining Trust Ord,3.195,,,,
02/29/2020,BlackRock World Mining Trust Ord,3.195,,,,
03/01/2020,BlackRock World Mining Trust Ord,3.195,,,,
03/02/2020,BlackRock World Mining Trust Ord,3.215,,,,
03/03/2020,BlackRock World Mining Trust Ord,3.35,,,,
03/04/2020,BlackRock World Mining Trust Ord,3.425,,,,
03/05/2020,BlackRock World Mining Trust Ord,3.325,,,,
03/06/2020,BlackRock World Mining Trust Ord,3.225,,,,
03/07/2020,BlackRock World Mining Trust Ord,3.225,,,,
03/08/2020,BlackRock World Mining Trust Ord,3.225,,,,
03/09/2020,BlackRock World Mining Trust Ord,3,,,,
03/10/2020,BlackRock World Mining Trust Ord,3.08,,,,
03/11/2020,BlackRock World Mining Trust Ord,3.04,,,,
03/12/2020,BlackRock World Mining Trust Ord,2.72,,,,
03/13/2020,BlackRock World Mining Trust Ord,2.79,,,,
03/14/2020,BlackRock World Mining Trust Ord,2.79,,,,
03/15/2020,BlackRock World Mining Trust Ord,2.79,,,,
03/16/2020,BlackRock World Mining Trust Ord,2.6,,,,
03/17/2020,BlackRock World Mining Trust Ord,2.665,,,,
03/18/2020,BlackRock World Mining Trust Ord,2.46,,,,
03/19/2020,BlackRock World Mining Trust Ord,2.255,,,,
03/20/2020,BlackRock World Mining Trust Ord,2.4,,,,
03/21/2020,BlackRock World Mining Trust Ord,2.4,,,,
03/22/2020,BlackRock World Mining Trust Ord,2.4,,,,
03/23/2020,BlackRock World Mining Trust Ord,2.19,,,,
03/24/2020,BlackRock World Mining Trust Ord,2.525,,,,
03/25/2020,BlackRock World Mining Trust Ord,2.66,,,,
03/26/2020,BlackRock World Mining Trust Ord,2.75,,,,
03/27/2020,BlackRock World Mining Trust Ord,2.65,,,,
03/28/2020,BlackRock World Mining Trust Ord,2.65,,,,
03/29/2020,BlackRock World Mining Trust Ord,2.65,,,,
03/30/2020,BlackRock World Mining Trust Ord,2.7,,,,
03/31/2020,BlackRock World Mining Trust Ord,2.7,,,,
04/01/2020,BlackRock World Mining Trust Ord,2.675,,,,
04/02/2020,BlackRock World Mining Trust Ord,2.75,,,,
04/03/2020,BlackRock World Mining Trust Ord,2.68,,,,
04/04/2020,BlackRock World Mining Trust Ord,2.68,,,,
04/05/2020,BlackRock World Mining Trust Ord,2.68,,,,
04/06/2020,BlackRock World Mining Trust Ord,2.83,,,,
04/07/2020,BlackRock World Mining Trust Ord,2.935,,,,
04/08/2020,BlackRock World Mining Trust Ord,2.955,,,,
04/09/2020,BlackRock World Mining Trust Ord,3.13,,,,
04/10/2020,BlackRock World Mining Trust Ord,3.13,,,,
04/11/2020,BlackRock World Mining Trust Ord,3.13,,,,
04/12/2020,BlackRock World Mining Trust Ord,3.13,,,,
04/13/2020,BlackRock World Mining Trust Ord,3.13,,,,
04/14/2020,BlackRock World Mining Trust Ord,3.16,,,,
04/15/2020,BlackRock World Mining Trust Ord,3.03,,,,
04/16/2020,BlackRock World Mining Trust Ord,3.05,,,,
04/17/2020,BlackRock World Mining Trust Ord,3.15,,,,
04/18/2020,BlackRock World Mining Trust Ord,3.15,,,,
04/19/2020,BlackRock World Mining Trust Ord,3.15,,,,
04/20/2020,BlackRock World Mining Trust Ord,3.145,,,,
04/21/2020,BlackRock World Mining Trust Ord,2.99,,,,
04/22/2020,BlackRock World Mining Trust Ord,3.095,,,,
04/23/2020,BlackRock World Mining Trust Ord,3.095,,,,
04/24/2020,BlackRock World Mining Trust Ord,3.12,,,,
04/25/2020,BlackRock World Mining Trust Ord,3.12,,,,
04/26/2020,BlackRock World Mining Trust Ord,3.12,,,,
04/27/2020,BlackRock World Mining Trust Ord,3.12,,,,
04/28/2020,BlackRock World Mining Trust Ord,3.18,,,,
04/29/2020,BlackRock World Mining Trust Ord,3.245,,,,
04/30/2020,BlackRock World Mining Trust Ord,3.16,,,,
05/01/2020,BlackRock World Mining Trust Ord,3.08,,,,
05/02/2020,BlackRock World Mining Trust Ord,3.08,,,,
05/03/2020,BlackRock World Mining Trust Ord,3.08,,,,
05/04/2020,BlackRock World Mining Trust Ord,3.115,,,,
05/05/2020,BlackRock World Mining Trust Ord,3.165,,,,
05/06/2020,BlackRock World Mining Trust Ord,3.19,,,,
05/07/2020,BlackRock World Mining Trust Ord,3.295,,,,
05/08/2020,BlackRock World Mining Trust Ord,3.295,,,,
05/09/2020,BlackRock World Mining Trust Ord,3.295,,,,
05/10/2020,BlackRock World Mining Trust Ord,3.295,,,,
05/11/2020,BlackRock World Mining Trust Ord,3.3,,,,
05/12/2020,BlackRock World Mining Trust Ord,3.26,,,,
05/13/2020,BlackRock World Mining Trust Ord,3.25,,,,
05/14/2020,BlackRock World Mining Trust Ord,3.11,,,,
05/15/2020,BlackRock World Mining Trust Ord,3.23,,,,
05/16/2020,BlackRock World Mining Trust Ord,3.23,,,,
05/17/2020,BlackRock World Mining Trust Ord,3.23,,,,
05/18/2020,BlackRock World Mining Trust Ord,3.41,,,,
05/19/2020,BlackRock World Mining Trust Ord,3.4,,,,
05/20/2020,BlackRock World Mining Trust Ord,3.53,,,,
05/21/2020,BlackRock World Mining Trust Ord,3.505,,,,
05/22/2020,BlackRock World Mining Trust Ord,3.48,,,,
05/23/2020,BlackRock World Mining Trust Ord,3.48,,,,
05/24/2020,BlackRock World Mining Trust Ord,3.48,,,,
05/25/2020,BlackRock World Mining Trust Ord,3.48,,,,
05/26/2020,BlackRock World Mining Trust Ord,3.545,,,,
05/27/2020,BlackRock World Mining Trust Ord,3.565,,,,
05/28/2020,BlackRock World Mining Trust Ord,3.58,,,,
05/29/2020,BlackRock World Mining Trust Ord,3.42,,,,
05/30/2020,BlackRock World Mining Trust Ord,3.42,,,,
05/31/2020,BlackRock World Mining Trust Ord,3.42,,,,
06/01/2020,BlackRock World Mining Trust Ord,3.585,,,,
06/02/2020,BlackRock World Mining Trust Ord,3.645,,,,
06/03/2020,BlackRock World Mining Trust Ord,3.6,,,,
06/04/2020,BlackRock World Mining Trust Ord,3.53,,,,
06/05/2020,BlackRock World Mining Trust Ord,3.575,,,,
06/06/2020,BlackRock World Mining Trust Ord,3.575,,,,
06/07/2020,BlackRock World Mining Trust Ord,3.575,,,,
06/08/2020,BlackRock World Mining Trust Ord,3.58,,,,
06/09/2020,BlackRock World Mining Trust Ord,3.56,,,,
06/10/2020,BlackRock World Mining Trust Ord,3.61,,,,
06/11/2020,BlackRock World Mining Trust Ord,3.47,,,,
06/12/2020,BlackRock World Mining Trust Ord,3.445,,,,
06/13/2020,BlackRock World Mining Trust Ord,3.445,,,,
06/14/2020,BlackRock World Mining Trust Ord,3.445,,,,
06/15/2020,BlackRock World Mining Trust Ord,3.5,,,,
06/16/2020,BlackRock World Mining Trust Ord,3.52,,,,
06/17/2020,BlackRock World Mining Trust Ord,3.59,,,,
06/18/2020,BlackRock World Mining Trust Ord,3.595,,,,
06/19/2020,BlackRock World Mining Trust Ord,3.64,,,,
06/20/2020,BlackRock World Mining Trust Ord,3.64,,,,
06/21/2020,BlackRock World Mining Trust Ord,3.64,,,,
06/22/2020,BlackRock World Mining Trust Ord,3.68,,,,
06/23/2020,BlackRock World Mining Trust Ord,3.73,,,,
06/24/2020,BlackRock World Mining Trust Ord,3.68,,,,
06/25/2020,BlackRock World Mining Trust Ord,3.675,,,,
06/26/2020,BlackRock World Mining Trust Ord,3.72,,,,
06/27/2020,BlackRock World Mining Trust Ord,3.72,,,,
06/28/2020,BlackRock World Mining Trust Ord,3.72,,,,
06/29/2020,BlackRock World Mining Trust Ord,3.72,,,,
06/30/2020,BlackRock World Mining Trust Ord,3.76,,,,
07/01/2020,BlackRock World Mining Trust Ord,3.72,,,,
07/02/2020,BlackRock World Mining Trust Ord,3.715,,,,
07/03/2020,BlackRock World Mining Trust Ord,3.7,,,,
07/04/2020,BlackRock World Mining Trust Ord,3.7,,,,
07/05/2020,BlackRock World Mining Trust Ord,3.7,,,,
07/06/2020,BlackRock World Mining Trust Ord,3.83,,,,
07/07/2020,BlackRock World Mining Trust Ord,3.82,,,,
07/08/2020,BlackRock World Mining Trust Ord,3.8,,,,
07/09/2020,BlackRock World Mining Trust Ord,3.83,,,,
07/10/2020,BlackRock World Mining Trust Ord,3.93,,,,
07/11/2020,BlackRock World Mining Trust Ord,3.93,,,,
07/12/2020,BlackRock World Mining Trust Ord,3.93,,,,
07/13/2020,BlackRock World Mining Trust Ord,4.025,,,,
07/14/2020,BlackRock World Mining Trust Ord,3.935,,,,
07/15/2020,BlackRock World Mining Trust Ord,4.01,,,,
07/16/2020,BlackRock World Mining Trust Ord,4,,,,
07/17/2020,BlackRock World Mining Trust Ord,4.015,,,,
07/18/2020,BlackRock World Mining Trust Ord,4.015,,,,
07/19/2020,BlackRock World Mining Trust Ord,4.015,,,,
07/20/2020,BlackRock World Mining Trust Ord,4.05,,,,
07/21/2020,BlackRock World Mining Trust Ord,4.11,,,,
07/22/2020,BlackRock World Mining Trust Ord,4.12,,,,
07/23/2020,BlackRock World Mining Trust Ord,4.115,,,,
07/24/2020,BlackRock World Mining Trust Ord,4.04,,,,
07/25/2020,BlackRock World Mining Trust Ord,4.04,,,,
07/26/2020,BlackRock World Mining Trust Ord,4.04,,,,
07/27/2020,BlackRock World Mining Trust Ord,4.185,,,,
07/28/2020,BlackRock World Mining Trust Ord,4.115,,,,
07/29/2020,BlackRock World Mining Trust Ord,4.14,,,,
07/30/2020,BlackRock World Mining Trust Ord,3.985,,,,
07/31/2020,BlackRock World Mining Trust Ord,4.04,,,,
08/01/2020,BlackRock World Mining Trust Ord,4.04,,,,
08/02/2020,BlackRock World Mining Trust Ord,4.04,,,,
08/03/2020,BlackRock World Mining Trust Ord,4.105,,,,
08/04/2020,BlackRock World Mining Trust Ord,4.13,,,,
08/05/2020,BlackRock World Mining Trust Ord,4.23,,,,
08/06/2020,BlackRock World Mining Trust Ord,4.22,,,,
08/07/2020,BlackRock World Mining Trust Ord,4.15,,,,
08/08/2020,BlackRock World Mining Trust Ord,4.15,,,,
08/09/2020,BlackRock World Mining Trust Ord,4.15,,,,
08/10/2020,BlackRock World Mining Trust Ord,4.185,,,,
08/11/2020,BlackRock World Mining Trust Ord,4.14,,,,
08/12/2020,BlackRock World Mining Trust Ord,4.1,,,,
08/13/2020,BlackRock World Mining Trust Ord,4.08,,,,
08/14/2020,BlackRock World Mining Trust Ord,4.08,,,,
08/15/2020,BlackRock World Mining Trust Ord,4.08,,,,
08/16/2020,BlackRock World Mining Trust Ord,4.08,,,,
08/17/2020,BlackRock World Mining Trust Ord,4.16,,,,
08/18/2020,BlackRock World Mining Trust Ord,4.14,,,,
08/19/2020,BlackRock World Mining Trust Ord,4.135,,,,
08/20/2020,BlackRock World Mining Trust Ord,4.1,,,,
08/21/2020,BlackRock World Mining Trust Ord,4.1,,,,
08/22/2020,BlackRock World Mining Trust Ord,4.1,,,,
08/23/2020,BlackRock World Mining Trust Ord,4.1,,,,
08/24/2020,BlackRock World Mining Trust Ord,4.14,,,,
08/25/2020,BlackRock World Mining Trust Ord,4.09,,,,
08/26/2020,BlackRock World Mining Trust Ord,4.105,,,,
08/27/2020,BlackRock World Mining Trust Ord,4.06,,,,
08/28/2020,BlackRock World Mining Trust Ord,4.04,,,,
08/29/2020,BlackRock World Mining Trust Ord,4.04,,,,
08/30/2020,BlackRock World Mining Trust Ord,4.04,,,,
08/31/2020,BlackRock World Mining Trust Ord,4.04,,,,
09/01/2020,BlackRock World Mining Trust Ord,4.09,,,,
09/02/2020,BlackRock World Mining Trust Ord,4.13,,,,
09/03/2020,BlackRock World Mining Trust Ord,3.985,,,,
09/04/2020,BlackRock World Mining Trust Ord,3.99,,,,
09/05/2020,BlackRock World Mining Trust Ord,3.99,,,,
09/06/2020,BlackRock World Mining Trust Ord,3.99,,,,
09/07/2020,BlackRock World Mining Trust Ord,4.075,,,,
09/08/2020,BlackRock World Mining Trust Ord,4.045,,,,
09/09/2020,BlackRock World Mining Trust Ord,4.085,,,,
09/10/2020,BlackRock World Mining Trust Ord,4.03,,,,
09/11/2020,BlackRock World Mining Trust Ord,4.125,,,,
09/12/2020,BlackRock World Mining Trust Ord,4.125,,,,
09/13/2020,BlackRock World Mining Trust Ord,4.125,,,,
09/14/2020,BlackRock World Mining Trust Ord,4.17,,,,
09/15/2020,BlackRock World Mining Trust Ord,4.21,,,,
09/16/2020,BlackRock World Mining Trust Ord,4.24,,,,
09/17/2020,BlackRock World Mining Trust Ord,4.205,,,,
09/18/2020,BlackRock World Mining Trust Ord,4.22,,,,
09/19/2020,BlackRock World Mining Trust Ord,4.22,,,,
09/20/2020,BlackRock World Mining Trust Ord,4.22,,,,
09/21/2020,BlackRock World Mining Trust Ord,4.045,,,,
09/22/2020,BlackRock World Mining Trust Ord,3.96,,,,
09/23/2020,BlackRock World Mining Trust Ord,3.93,,,,
09/24/2020,BlackRock World Mining Trust Ord,3.875,,,,
09/25/2020,BlackRock World Mining Trust Ord,3.97,,,,
09/26/2020,BlackRock World Mining Trust Ord,3.97,,,,
09/27/2020,BlackRock World Mining Trust Ord,3.97,,,,
09/28/2020,BlackRock World Mining Trust Ord,3.995,,,,
09/29/2020,BlackRock World Mining Trust Ord,3.97,,,,
09/30/2020,BlackRock World Mining Trust Ord,4.015,,,,
10/01/2020,BlackRock World Mining Trust Ord,4.08,,,,
10/02/2020,BlackRock World Mining Trust Ord,4.075,,,,
10/03/2020,BlackRock World Mining Trust Ord,4.075,,,,
10/04/2020,BlackRock World Mining Trust Ord,4.075,,,,
10/05/2020,BlackRock World Mining Trust Ord,4.095,,,,
10/06/2020,BlackRock World Mining Trust Ord,4.09,,,,
10/07/2020,BlackRock World Mining Trust Ord,4.135,,,,
10/08/2020,BlackRock World Mining Trust Ord,4.1,,,,
10/09/2020,BlackRock World Mining Trust Ord,4.2,,,,
10/10/2020,BlackRock World Mining Trust Ord,4.2,,,,
10/11/2020,BlackRock World Mining Trust Ord,4.2,,,,
10/12/2020,BlackRock World Mining Trust Ord,4.185,,,,
10/13/2020,BlackRock World Mining Trust Ord,4.15,,,,
10/14/2020,BlackRock World Mining Trust Ord,4.185,,,,
10/15/2020,BlackRock World Mining Trust Ord,4.15,,,,
10/16/2020,BlackRock World Mining Trust Ord,4.19,,,,
10/17/2020,BlackRock World Mining Trust Ord,4.19,,,,
10/18/2020,BlackRock World Mining Trust Ord,4.19,,,,
10/19/2020,BlackRock World Mining Trust Ord,4.17,,,,
10/20/2020,BlackRock World Mining Trust Ord,4.145,,,,
10/21/2020,BlackRock World Mining Trust Ord,4.14,,,,
10/22/2020,BlackRock World Mining Trust Ord,4.17,,,,
10/23/2020,BlackRock World Mining Trust Ord,4.225,,,,
10/24/2020,BlackRock World Mining Trust Ord,4.225,,,,
10/25/2020,BlackRock World Mining Trust Ord,4.225,,,,
10/26/2020,BlackRock World Mining Trust Ord,4.17,,,,
10/27/2020,BlackRock World Mining Trust Ord,4.12,,,,
10/28/2020,BlackRock World Mining Trust Ord,3.955,,,,
10/29/2020,BlackRock World Mining Trust Ord,3.97,,,,
10/30/2020,BlackRock World Mining Trust Ord,4,,,,
10/31/2020,BlackRock World Mining Trust Ord,4,,,,
11/01/2020,BlackRock World Mining Trust Ord,4,,,,
11/02/2020,BlackRock World Mining Trust Ord,4.09,,,,
11/03/2020,BlackRock World Mining Trust Ord,4.19,,,,
11/04/2020,BlackRock World Mining Trust Ord,4.17,,,,
11/05/2020,BlackRock World Mining Trust Ord,4.19,,,,
11/06/2020,BlackRock World Mining Trust Ord,4.25,,,,
11/07/2020,BlackRock World Mining Trust Ord,4.25,,,,
11/08/2020,BlackRock World Mining Trust Ord,4.25,,,,
11/09/2020,BlackRock World Mining Trust Ord,4.27,,,,
11/10/2020,BlackRock World Mining Trust Ord,4.33,,,,
11/11/2020,BlackRock World Mining Trust Ord,4.335,,,,
11/12/2020,BlackRock World Mining Trust Ord,4.325,,,,
11/13/2020,BlackRock World Mining Trust Ord,4.325,,,,
11/14/2020,BlackRock World Mining Trust Ord,4.325,,,,
11/15/2020,BlackRock World Mining Trust Ord,4.325,,,,
11/16/2020,BlackRock World Mining Trust Ord,4.4,,,,
11/17/2020,BlackRock World Mining Trust Ord,4.385,,,,
11/18/2020,BlackRock World Mining Trust Ord,4.445,,,,
11/19/2020,BlackRock World Mining Trust Ord,4.4,,,,
11/20/2020,BlackRock World Mining Trust Ord,4.39,,,,
11/21/2020,BlackRock World Mining Trust Ord,4.39,,,,
11/22/2020,BlackRock World Mining Trust Ord,4.39,,,,
11/23/2020,BlackRock World Mining Trust Ord,4.425,,,,
11/24/2020,BlackRock World Mining Trust Ord,4.455,,,,
11/25/2020,BlackRock World Mining Trust Ord,4.455,,,,
11/26/2020,BlackRock World Mining Trust Ord,4.51,,,,
11/27/2020,BlackRock World Mining Trust Ord,4.46,,,,
11/28/2020,BlackRock World Mining Trust Ord,4.46,,,,
11/29/2020,BlackRock World Mining Trust Ord,4.46,,,,
11/30/2020,BlackRock World Mining Trust Ord,4.53,,,,
12/01/2020,BlackRock World Mining Trust Ord,4.675,,,,
12/02/2020,BlackRock World Mining Trust Ord,4.77,,,,
12/03/2020,BlackRock World Mining Trust Ord,4.86,,,,
12/04/2020,BlackRock World Mining Trust Ord,4.95,,,,
12/05/2020,BlackRock World Mining Trust Ord,4.95,,,,
12/06/2020,BlackRock World Mining Trust Ord,4.95,,,,
12/07/2020,BlackRock World Mining Trust Ord,5,,,,
12/08/2020,BlackRock World Mining Trust Ord,5,,,,
12/09/2020,BlackRock World Mining Trust Ord,5.01,,,,
12/10/2020,BlackRock World Mining Trust Ord,5,,,,
12/11/2020,BlackRock World Mining Trust Ord,5.02,,,,
12/12/2020,BlackRock World Mining Trust Ord,5.02,,,,
12/13/2020,BlackRock World Mining Trust Ord,5.02,,,,
12/14/2020,BlackRock World Mining Trust Ord,5.03,,,,
12/15/2020,BlackRock World Mining Trust Ord,5.03,,,,
12/16/2020,BlackRock World Mining Trust Ord,5.04,,,,
12/17/2020,BlackRock World Mining Trust Ord,5.14,,,,
12/18/2020,BlackRock World Mining Trust Ord,5.14,,,,
12/19/2020,BlackRock World Mining Trust Ord,5.14,,,,
12/20/2020,BlackRock World Mining Trust Ord,5.14,,,,
12/21/2020,BlackRock World Mining Trust Ord,5.13,,,,
12/22/2020,BlackRock World Mining Trust Ord,5.15,,,,
12/23/2020,BlackRock World Mining Trust Ord,5.13,,,,
12/24/2020,BlackRock World Mining Trust Ord,5.15,,,,
12/25/2020,BlackRock World Mining Trust Ord,5.15,,,,
12/26/2020,BlackRock World Mining Trust Ord,5.15,,,,
12/27/2020,BlackRock World Mining Trust Ord,5.15,,,,
12/28/2020,BlackRock World Mining Trust Ord,5.15,,,,
12/29/2020,BlackRock World Mining Trust Ord,5.24,,,,
12/30/2020,BlackRock World Mining Trust Ord,5.22,,,,
12/31/2020,BlackRock World Mining Trust Ord,5.22,,,,
01/01/2021,BlackRock World Mining Trust Ord,5.22,,,,
01/02/2021,BlackRock World Mining Trust Ord,5.22,,,,
01/03/2021,BlackRock World Mining Trust Ord,5.22,,,,
01/04/2021,BlackRock World Mining Trust Ord,5.31,,,,
01/05/2021,BlackRock World Mining Trust Ord,5.43,,,,
01/06/2021,BlackRock World Mining Trust Ord,5.71,,,,
01/07/2021,BlackRock World Mining Trust Ord,5.83,,,,
01/08/2021,BlackRock World Mining Trust Ord,5.91,,,,
01/09/2021,BlackRock World Mining Trust Ord,5.91,,,,
01/10/2021,BlackRock World Mining Trust Ord,5.91,,,,
01/11/2021,BlackRock World Mining Trust Ord,5.79,,,,
01/12/2021,BlackRock World Mining Trust Ord,5.62,,,,
01/13/2021,BlackRock World Mining Trust Ord,5.65,,,,
01/14/2021,BlackRock World Mining Trust Ord,5.66,,,,
01/15/2021,BlackRock World Mining Trust Ord,5.48,,,,
01/16/2021,BlackRock World Mining Trust Ord,5.48,,,,
01/17/2021,BlackRock World Mining Trust Ord,5.48,,,,
01/18/2021,BlackRock World Mining Trust Ord,5.4,,,,
01/19/2021,BlackRock World Mining Trust Ord,5.51,,,,
01/20/2021,BlackRock World Mining Trust Ord,5.7,,,,
01/21/2021,BlackRock World Mining Trust Ord,5.61,,,,
01/22/2021,BlackRock World Mining Trust Ord,5.55,,,,
01/23/2021,BlackRock World Mining Trust Ord,5.55,,,,
01/24/2021,BlackRock World Mining Trust Ord,5.55,,,,
01/25/2021,BlackRock World Mining Trust Ord,5.53,,,,
01/26/2021,BlackRock World Mining Trust Ord,5.55,,,,
01/27/2021,BlackRock World Mining Trust Ord,5.28,,,,
01/28/2021,BlackRock World Mining Trust Ord,5.32,,,,
01/29/2021,BlackRock World Mining Trust Ord,5.3,,,,
01/30/2021,BlackRock World Mining Trust Ord,5.3,,,,
01/31/2021,BlackRock World Mining Trust Ord,5.3,,,,
02/01/2021,BlackRock World Mining Trust Ord,5.39,,,,
02/02/2021,BlackRock World Mining Trust Ord,5.38,,,,
02/03/2021,BlackRock World Mining Trust Ord,5.32,,,,
02/04/2021,BlackRock World Mining Trust Ord,5.3,,,,
02/05/2021,BlackRock World Mining Trust Ord,5.46,,,,
02/06/2021,BlackRock World Mining Trust Ord,5.46,,,,
02/07/2021,BlackRock World Mining Trust Ord,5.46,,,,
02/08/2021,BlackRock World Mining Trust Ord,5.69,,,,
02/09/2021,BlackRock World Mining Trust Ord,5.69,,,,
02/10/2021,BlackRock World Mining Trust Ord,5.75,,,,
02/11/2021,BlackRock World Mining Trust Ord,5.75,,,,
02/12/2021,BlackRock World Mining Trust Ord,5.71,,,,
02/13/2021,BlackRock World Mining Trust Ord,5.71,,,,
02/14/2021,BlackRock World Mining Trust Ord,5.71,,,,
02/15/2021,BlackRock World Mining Trust Ord,5.91,,,,
02/16/2021,BlackRock World Mining Trust Ord,5.95,,,,
02/17/2021,BlackRock World Mining Trust Ord,5.91,,,,
02/18/2021,BlackRock World Mining Trust Ord,5.92,,,,
02/19/2021,BlackRock World Mining Trust Ord,5.99,,,,
02/20/2021,BlackRock World Mining Trust Ord,5.99,,,,
02/21/2021,BlackRock World Mining Trust Ord,5.99,,,,
02/22/2021,BlackRock World Mining Trust Ord,5.96,,,,
02/23/2021,BlackRock World Mining Trust Ord,6,,,,
02/24/2021,BlackRock World Mining Trust Ord,6,,,,
02/25/2021,BlackRock World Mining Trust Ord,6,,,,
02/26/2021,BlackRock World Mining Trust Ord,5.87,,,,
02/27/2021,BlackRock World Mining Trust Ord,5.87,,,,
02/28/2021,BlackRock World Mining Trust Ord,5.87,,,,
03/01/2021,BlackRock World Mining Trust Ord,5.9,,,,
03/02/2021,BlackRock World Mining Trust Ord,5.94,,,,
03/03/2021,BlackRock World Mining Trust Ord,5.97,,,,
03/04/2021,BlackRock World Mining Trust Ord,5.87,,,,
03/05/2021,BlackRock World Mining Trust Ord,5.74,,,,
03/06/2021,BlackRock World Mining Trust Ord,5.74,,,,
03/07/2021,BlackRock World Mining Trust Ord,5.74,,,,
03/08/2021,BlackRock World Mining Trust Ord,5.79,,,,
03/09/2021,BlackRock World Mining Trust Ord,5.82,,,,
03/10/2021,BlackRock World Mining Trust Ord,5.85,,,,
03/11/2021,BlackRock World Mining Trust Ord,5.9,,,,
03/12/2021,BlackRock World Mining Trust Ord,5.96,,,,
03/13/2021,BlackRock World Mining Trust Ord,5.96,,,,
03/14/2021,BlackRock World Mining Trust Ord,5.96,,,,
03/15/2021,BlackRock World Mining Trust Ord,6.02,,,,
03/16/2021,BlackRock World Mining Trust Ord,6.01,,,,
03/17/2021,BlackRock World Mining Trust Ord,5.92,,,,
03/18/2021,BlackRock World Mining Trust Ord,5.9,,,,
03/19/2021,BlackRock World Mining Trust Ord,5.78,,,,
03/20/2021,BlackRock World Mining Trust Ord,5.78,,,,
03/21/2021,BlackRock World Mining Trust Ord,5.78,,,,
03/22/2021,BlackRock World Mining Trust Ord,5.84,,,,
03/23/2021,BlackRock World Mining Trust Ord,5.7,,,,
03/24/2021,BlackRock World Mining Trust Ord,5.7,,,,
03/25/2021,BlackRock World Mining Trust Ord,5.53,,,,
03/26/2021,BlackRock World Mining Trust Ord,5.65,,,,
03/27/2021,BlackRock World Mining Trust Ord,5.65,,,,
03/28/2021,BlackRock World Mining Trust Ord,5.65,,,,
03/29/2021,BlackRock World Mining Trust Ord,5.7,,,,
03/30/2021,BlackRock World Mining Trust Ord,5.71,,,,
03/31/2021,BlackRock World Mining Trust Ord,5.74,,,,
04/01/2021,BlackRock World Mining Trust Ord,5.72,,,,
04/02/2021,BlackRock World Mining Trust Ord,5.72,,,,
04/03/2021,BlackRock World Mining Trust Ord,5.72,,,,
04/04/2021,BlackRock World Mining Trust Ord,5.72,,,,
04/05/2021,BlackRock World Mining Trust Ord,5.72,,,,
04/06/2021,BlackRock World Mining Trust Ord,6,,,,
04/07/2021,BlackRock World Mining Trust Ord,6.03,,,,
04/08/2021,BlackRock World Mining Trust Ord,6.1,,,,
04/09/2021,BlackRock World Mining Trust Ord,6.08,,,,
04/10/2021,BlackRock World Mining Trust Ord,6.08,,,,
04/11/2021,BlackRock World Mining Trust Ord,6.08,,,,
04/12/2021,BlackRock World Mining Trust Ord,6.02,,,,
04/13/2021,BlackRock World Mining Trust Ord,6,,,,
04/14/2021,BlackRock World Mining Trust Ord,6.13,,,,
04/15/2021,BlackRock World Mining Trust Ord,6.22,,,,
04/16/2021,BlackRock World Mining Trust Ord,6.34,,,,
04/17/2021,BlackRock World Mining Trust Ord,6.34,,,,
04/18/2021,BlackRock World Mining Trust Ord,6.34,,,,
04/19/2021,BlackRock World Mining Trust Ord,6.3,,,,
04/20/2021,BlackRock World Mining Trust Ord,6.14,,,,
04/21/2021,BlackRock World Mining Trust Ord,6.2,,,,
04/22/2021,BlackRock World Mining Trust Ord,6.24,,,,
04/23/2021,BlackRock World Mining Trust Ord,6.25,,,,
04/24/2021,BlackRock World Mining Trust Ord,6.25,,,,
04/25/2021,BlackRock World Mining Trust Ord,6.25,,,,
04/26/2021,BlackRock World Mining Trust Ord,6.33,,,,
04/27/2021,BlackRock World Mining Trust Ord,6.32,,,,
04/28/2021,BlackRock World Mining Trust Ord,6.29,,,,
04/29/2021,BlackRock World Mining Trust Ord,6.28,,,,
04/30/2021,BlackRock World Mining Trust Ord,6.32,,,,
05/01/2021,BlackRock World Mining Trust Ord,6.32,,,,
05/02/2021,BlackRock World Mining Trust Ord,6.32,,,,
05/03/2021,BlackRock World Mining Trust Ord,6.32,,,,
05/04/2021,BlackRock World Mining Trust Ord,6.32,,,,
05/05/2021,BlackRock World Mining Trust Ord,6.43,,,,
05/06/2021,BlackRock World Mining Trust Ord,6.59,,,,
05/07/2021,BlackRock World Mining Trust Ord,6.76,,,,
05/08/2021,BlackRock World Mining Trust Ord,6.76,,,,
05/09/2021,BlackRock World Mining Trust Ord,6.76,,,,
05/10/2021,BlackRock World Mining Trust Ord,6.91,,,,
05/11/2021,BlackRock World Mining Trust Ord,6.72,,,,
05/12/2021,BlackRock World Mining Trust Ord,6.75,,,,
05/13/2021,BlackRock World Mining Trust Ord,6.6,,,,
05/14/2021,BlackRock World Mining Trust Ord,6.52,,,,
05/15/2021,BlackRock World Mining Trust Ord,6.52,,,,
05/16/2021,BlackRock World Mining Trust Ord,6.52,,,,
05/17/2021,BlackRock World Mining Trust Ord,6.69,,,,
05/18/2021,BlackRock World Mining Trust Ord,6.71,,,,
05/19/2021,BlackRock World Mining Trust Ord,6.5,,,,
05/20/2021,BlackRock World Mining Trust Ord,6.46,,,,
05/21/2021,BlackRock World Mining Trust Ord,6.48,,,,
05/22/2021,BlackRock World Mining Trust Ord,6.48,,,,
05/23/2021,BlackRock World Mining Trust Ord,6.48,,,,
05/24/2021,BlackRock World Mining Trust Ord,6.44,,,,
05/25/2021,BlackRock World Mining Trust Ord,6.38,,,,
05/26/2021,BlackRock World Mining Trust Ord,6.38,,,,
05/27/2021,BlackRock World Mining Trust Ord,6.43,,,,
05/28/2021,BlackRock World Mining Trust Ord,6.48,,,,
05/29/2021,BlackRock World Mining Trust Ord,6.48,,,,
05/30/2021,BlackRock World Mining Trust Ord,6.48,,,,
05/31/2021,BlackRock World Mining Trust Ord,6.48,,,,
06/01/2021,BlackRock World Mining Trust Ord,6.6,,,,
06/02/2021,BlackRock World Mining Trust Ord,6.62,,,,
06/03/2021,BlackRock World Mining Trust Ord,6.47,,,,
06/04/2021,BlackRock World Mining Trust Ord,6.52,,,,
06/05/2021,BlackRock World Mining Trust Ord,6.52,,,,
06/06/2021,BlackRock World Mining Trust Ord,6.52,,,,
06/07/2021,BlackRock World Mining Trust Ord,6.48,,,,
06/08/2021,BlackRock World Mining Trust Ord,6.42,,,,
06/09/2021,BlackRock World Mining Trust Ord,6.4,,,,
06/10/2021,BlackRock World Mining Trust Ord,6.4,,,,
06/11/2021,BlackRock World Mining Trust Ord,6.48,,,,
06/12/2021,BlackRock World Mining Trust Ord,6.48,,,,
06/13/2021,BlackRock World Mining Trust Ord,6.48,,,,
06/14/2021,BlackRock World Mining Trust Ord,6.43,,,,
06/15/2021,BlackRock World Mining Trust Ord,6.26,,,,
06/16/2021,BlackRock World Mining Trust Ord,6.05,,,,
06/17/2021,BlackRock World Mining Trust Ord,5.9,,,,
06/18/2021,BlackRock World Mining Trust Ord,5.85,,,,
06/19/2021,BlackRock World Mining Trust Ord,5.85,,,,
06/20/2021,BlackRock World Mining Trust Ord,5.85,,,,
06/21/2021,BlackRock World Mining Trust Ord,5.79,,,,
06/22/2021,BlackRock World Mining Trust Ord,5.88,,,,
06/23/2021,BlackRock World Mining Trust Ord,5.93,,,,
06/24/2021,BlackRock World Mining Trust Ord,5.95,,,,
06/25/2021,BlackRock World Mining Trust Ord,6.08,,,,
06/26/2021,BlackRock World Mining Trust Ord,6.08,,,,
06/27/2021,BlackRock World Mining Trust Ord,6.08,,,,
06/28/2021,BlackRock World Mining Trust Ord,5.99,,,,
06/29/2021,BlackRock World Mining Trust Ord,6.07,,,,
06/30/2021,BlackRock World Mining Trust Ord,6.08,,,,
07/01/2021,BlackRock World Mining Trust Ord,6.2,,,,
07/02/2021,BlackRock World Mining Trust Ord,6.19,,,,
07/03/2021,BlackRock World Mining Trust Ord,6.19,,,,
07/04/2021,BlackRock World Mining Trust Ord,6.19,,,,
07/05/2021,BlackRock World Mining Trust Ord,6.24,,,,
07/06/2021,BlackRock World Mining Trust Ord,6.08,,,,
07/07/2021,BlackRock World Mining Trust Ord,6.19,,,,
07/08/2021,BlackRock World Mining Trust Ord,6.02,,,,
07/09/2021,BlackRock World Mining Trust Ord,6.15,,,,
07/10/2021,BlackRock World Mining Trust Ord,6.15,,,,
07/11/2021,BlackRock World Mining Trust Ord,6.15,,,,
07/12/2021,BlackRock World Mining Trust Ord,6.15,,,,
07/13/2021,BlackRock World Mining Trust Ord,6.15,,,,
07/14/2021,BlackRock World Mining Trust Ord,6.2,,,,
07/15/2021,BlackRock World Mining Trust Ord,6.14,,,,
07/16/2021,BlackRock World Mining Trust Ord,6.01,,,,
07/17/2021,BlackRock World Mining Trust Ord,6.01,,,,
07/18/2021,BlackRock World Mining Trust Ord,6.01,,,,
07/19/2021,BlackRock World Mining Trust Ord,5.76,,,,
07/20/2021,BlackRock World Mining Trust Ord,5.81,,,,
07/21/2021,BlackRock World Mining Trust Ord,5.98,,,,
07/22/2021,BlackRock World Mining Trust Ord,5.98,,,,
07/23/2021,BlackRock World Mining Trust Ord,5.99,,,,
07/24/2021,BlackRock World Mining Trust Ord,5.99,,,,
07/25/2021,BlackRock World Mining Trust Ord,5.99,,,,
07/26/2021,BlackRock World Mining Trust Ord,6.17,,,,
07/27/2021,BlackRock World Mining Trust Ord,6.08,,,,
07/28/2021,BlackRock World Mining Trust Ord,6.11,,,,
07/29/2021,BlackRock World Mining Trust Ord,6.22,,,,
07/30/2021,BlackRock World Mining Trust Ord,6.15,,,,
07/31/2021,BlackRock World Mining Trust Ord,6.15,,,,
08/01/2021,BlackRock World Mining Trust Ord,6.15,,,,
08/02/2021,BlackRock World Mining Trust Ord,6.21,,,,
08/03/2021,BlackRock World Mining Trust Ord,6.27,,,,
08/04/2021,BlackRock World Mining Trust Ord,6.25,,,,
08/05/2021,BlackRock World Mining Trust Ord,6.17,,,,
08/06/2021,BlackRock World Mining Trust Ord,6.07,,,,
08/07/2021,BlackRock World Mining Trust Ord,6.07,,,,
08/08/2021,BlackRock World Mining Trust Ord,6.07,,,,
08/09/2021,BlackRock World Mining Trust Ord,6.02,,,,
08/10/2021,BlackRock World Mining Trust Ord,6.12,,,,
08/11/2021,BlackRock World Mining Trust Ord,6.2,,,,
08/12/2021,BlackRock World Mining Trust Ord,6.13,,,,
08/13/2021,BlackRock World Mining Trust Ord,6.13,,,,
08/14/2021,BlackRock World Mining Trust Ord,6.13,,,,
08/15/2021,BlackRock World Mining Trust Ord,6.13,,,,
08/16/2021,BlackRock World Mining Trust Ord,6.05,,,,
08/17/2021,BlackRock World Mining Trust Ord,6,,,,
08/18/2021,BlackRock World Mining Trust Ord,5.94,,,,
08/19/2021,BlackRock World Mining Trust Ord,5.73,,,,
08/20/2021,BlackRock World Mining Trust Ord,5.68,,,,
08/21/2021,BlackRock World Mining Trust Ord,5.68,,,,
08/22/2021,BlackRock World Mining Trust Ord,5.68,,,,
08/23/2021,BlackRock World Mining Trust Ord,5.68,,,,
08/24/2021,BlackRock World Mining Trust Ord,5.75,,,,
08/25/2021,BlackRock World Mining Trust Ord,5.76,,,,
08/26/2021,BlackRock World Mining Trust Ord,5.68,,,,
08/27/2021,BlackRock World Mining Trust Ord,5.72,,,,
08/28/2021,BlackRock World Mining Trust Ord,5.72,,,,
08/29/2021,BlackRock World Mining Trust Ord,5.72,,,,
08/30/2021,BlackRock World Mining Trust Ord,5.72,,,,
08/31/2021,BlackRock World Mining Trust Ord,5.66,,,,
09/01/2021,BlackRock World Mining Trust Ord,5.62,,,,
09/02/2021,BlackRock World Mining Trust Ord,5.56,,,,
09/03/2021,BlackRock World Mining Trust Ord,5.61,,,,
09/04/2021,BlackRock World Mining Trust Ord,5.61,,,,
09/05/2021,BlackRock World Mining Trust Ord,5.61,,,,
09/06/2021,BlackRock World Mining Trust Ord,5.65,,,,
09/07/2021,BlackRock World Mining Trust Ord,5.62,,,,
09/08/2021,BlackRock World Mining Trust Ord,5.52,,,,
09/09/2021,BlackRock World Mining Trust Ord,5.46,,,,
09/10/2021,BlackRock World Mining Trust Ord,5.46,,,,
09/11/2021,BlackRock World Mining Trust Ord,5.46,,,,
09/12/2021,BlackRock World Mining Trust Ord,5.46,,,,
09/13/2021,BlackRock World Mining Trust Ord,5.49,,,,
09/14/2021,BlackRock World Mining Trust Ord,5.35,,,,
09/15/2021,BlackRock World Mining Trust Ord,5.38,,,,
09/16/2021,BlackRock World Mining Trust Ord,5.34,,,,
09/17/2021,BlackRock World Mining Trust Ord,5.2,,,,
09/18/2021,BlackRock World Mining Trust Ord,5.2,,,,
09/19/2021,BlackRock World Mining Trust Ord,5.2,,,,
09/20/2021,BlackRock World Mining Trust Ord,5.02,,,,
09/21/2021,BlackRock World Mining Trust Ord,5.03,,,,
09/22/2021,BlackRock World Mining Trust Ord,5.15,,,,
09/23/2021,BlackRock World Mining Trust Ord,5.16,,,,
09/24/2021,BlackRock World Mining Trust Ord,5.11,,,,
09/25/2021,BlackRock World Mining Trust Ord,5.11,,,,
09/26/2021,BlackRock World Mining Trust Ord,5.11,,,,
09/27/2021,BlackRock World Mining Trust Ord,5.23,,,,
09/28/2021,BlackRock World Mining Trust Ord,5.16,,,,
09/29/2021,BlackRock World Mining Trust Ord,5.22,,,,
09/30/2021,BlackRock World Mining Trust Ord,5.24,,,,
10/01/2021,BlackRock World Mining Trust Ord,5.19,,,,
10/02/2021,BlackRock World Mining Trust Ord,5.19,,,,
10/03/2021,BlackRock World Mining Trust Ord,5.19,,,,
10/04/2021,BlackRock World Mining Trust Ord,5.15,,,,
10/05/2021,BlackRock World Mining Trust Ord,5.17,,,,
10/06/2021,BlackRock World Mining Trust Ord,5.12,,,,
10/07/2021,BlackRock World Mining Trust Ord,5.28,,,,
10/08/2021,BlackRock World Mining Trust Ord,5.35,,,,
10/09/2021,BlackRock World Mining Trust Ord,5.35,,,,
10/10/2021,BlackRock World Mining Trust Ord,5.35,,,,
10/11/2021,BlackRock World Mining Trust Ord,5.55,,,,
10/12/2021,BlackRock World Mining Trust Ord,5.54,,,,
10/13/2021,BlackRock World Mining Trust Ord,5.54,,,,
10/14/2021,BlackRock World Mining Trust Ord,5.71,,,,
10/15/2021,BlackRock World Mining Trust Ord,5.78,,,,
10/16/2021,BlackRock World Mining Trust Ord,5.78,,,,
10/17/2021,BlackRock World Mining Trust Ord,5.78,,,,
10/18/2021,BlackRock World Mining Trust Ord,5.8,,,,
10/19/2021,BlackRock World Mining Trust Ord,5.79,,,,
10/20/2021,BlackRock World Mining Trust Ord,5.73,,,,
10/21/2021,BlackRock World Mining Trust Ord,5.55,,,,
10/22/2021,BlackRock World Mining Trust Ord,5.57,,,,
10/23/2021,BlackRock World Mining Trust Ord,5.57,,,,
10/24/2021,BlackRock World Mining Trust Ord,5.57,,,,
10/25/2021,BlackRock World Mining Trust Ord,5.73,,,,
10/26/2021,BlackRock World Mining Trust Ord,5.8,,,,
10/27/2021,BlackRock World Mining Trust Ord,5.72,,,,
10/28/2021,BlackRock World Mining Trust Ord,5.67,,,,
10/29/2021,BlackRock World Mining Trust Ord,5.64,,,,
10/30/2021,BlackRock World Mining Trust Ord,5.64,,,,
10/31/2021,BlackRock World Mining Trust Ord,5.64,,,,
11/01/2021,BlackRock World Mining Trust Ord,5.65,,,,
11/02/2021,BlackRock World Mining Trust Ord,5.53,,,,
11/03/2021,BlackRock World Mining Trust Ord,5.54,,,,
11/04/2021,BlackRock World Mining Trust Ord,5.63,,,,
11/05/2021,BlackRock World Mining Trust Ord,5.6,,,,
11/06/2021,BlackRock World Mining Trust Ord,5.6,,,,
11/07/2021,BlackRock World Mining Trust Ord,5.6,,,,
11/08/2021,BlackRock World Mining Trust Ord,5.57,,,,
11/09/2021,BlackRock World Mining Trust Ord,5.5,,,,
11/10/2021,BlackRock World Mining Trust Ord,5.53,,,,
11/11/2021,BlackRock World Mining Trust Ord,5.69,,,,
11/12/2021,BlackRock World Mining Trust Ord,5.69,,,,
11/13/2021,BlackRock World Mining Trust Ord,5.69,,,,
11/14/2021,BlackRock World Mining Trust Ord,5.69,,,,
11/15/2021,BlackRock World Mining Trust Ord,5.7,,,,
11/16/2021,BlackRock World Mining Trust Ord,5.69,,,,
11/17/2021,BlackRock World Mining Trust Ord,5.62,,,,
11/18/2021,BlackRock World Mining Trust Ord,5.55,,,,
11/19/2021,BlackRock World Mining Trust Ord,5.56,,,,
11/20/2021,BlackRock World Mining Trust Ord,5.56,,,,
11/21/2021,BlackRock World Mining Trust Ord,5.56,,,,
11/22/2021,BlackRock World Mining Trust Ord,5.69,,,,
11/23/2021,BlackRock World Mining Trust Ord,5.7,,,,
11/24/2021,BlackRock World Mining Trust Ord,5.66,,,,
11/25/2021,BlackRock World Mining Trust Ord,5.63,,,,
11/26/2021,BlackRock World Mining Trust Ord,5.32,,,,
11/27/2021,BlackRock World Mining Trust Ord,5.32,,,,
11/28/2021,BlackRock World Mining Trust Ord,5.32,,,,
11/29/2021,BlackRock World Mining Trust Ord,5.39,,,,
11/30/2021,BlackRock World Mining Trust Ord,5.34,,,,
12/01/2021,BlackRock World Mining Trust Ord,5.48,,,,
12/02/2021,BlackRock World Mining Trust Ord,5.42,,,,
12/03/2021,BlackRock World Mining Trust Ord,5.3,,,,
12/04/2021,BlackRock World Mining Trust Ord,5.3,,,,
12/05/2021,BlackRock World Mining Trust Ord,5.3,,,,
12/06/2021,BlackRock World Mining Trust Ord,5.37,,,,
12/07/2021,BlackRock World Mining Trust Ord,5.6,,,,
12/08/2021,BlackRock World Mining Trust Ord,5.54,,,,
12/09/2021,BlackRock World Mining Trust Ord,5.47,,,,
12/10/2021,BlackRock World Mining Trust Ord,5.5,,,,
12/11/2021,BlackRock World Mining Trust Ord,5.5,,,,
12/12/2021,BlackRock World Mining Trust Ord,5.5,,,,
12/13/2021,BlackRock World Mining Trust Ord,5.45,,,,
12/14/2021,BlackRock World Mining Trust Ord,5.56,,,,
12/15/2021,BlackRock World Mining Trust Ord,5.45,,,,
12/16/2021,BlackRock World Mining Trust Ord,5.61,,,,
12/17/2021,BlackRock World Mining Trust Ord,5.7,,,,
12/18/2021,BlackRock World Mining Trust Ord,5.7,,,,
12/19/2021,BlackRock World Mining Trust Ord,5.7,,,,
12/20/2021,BlackRock World Mining Trust Ord,5.57,,,,
