Date,Name,Close,High,Low,Open,Volume
03/20/2007,iShares Global Water ETF USD Dist GBP,13.07,,,,
03/21/2007,iShares Global Water ETF USD Dist GBP,13.11,,,,
03/22/2007,iShares Global Water ETF USD Dist GBP,13.28,,,,
03/23/2007,iShares Global Water ETF USD Dist GBP,13.37,,,,
03/24/2007,iShares Global Water ETF USD Dist GBP,13.37,,,,
03/25/2007,iShares Global Water ETF USD Dist GBP,13.37,,,,
03/26/2007,iShares Global Water ETF USD Dist GBP,13.22,,,,
03/27/2007,iShares Global Water ETF USD Dist GBP,13.26,,,,
03/28/2007,iShares Global Water ETF USD Dist GBP,13.27,,,,
03/29/2007,iShares Global Water ETF USD Dist GBP,13.35,,,,
03/30/2007,iShares Global Water ETF USD Dist GBP,13.42,,,,
03/31/2007,iShares Global Water ETF USD Dist GBP,13.42,,,,
04/01/2007,iShares Global Water ETF USD Dist GBP,13.42,,,,
04/02/2007,iShares Global Water ETF USD Dist GBP,13.26,,,,
04/03/2007,iShares Global Water ETF USD Dist GBP,13.45,,,,
04/04/2007,iShares Global Water ETF USD Dist GBP,13.52,,,,
04/05/2007,iShares Global Water ETF USD Dist GBP,13.59,,,,
04/06/2007,iShares Global Water ETF USD Dist GBP,13.59,,,,
04/07/2007,iShares Global Water ETF USD Dist GBP,13.59,,,,
04/08/2007,iShares Global Water ETF USD Dist GBP,13.59,,,,
04/09/2007,iShares Global Water ETF USD Dist GBP,13.59,,,,
04/10/2007,iShares Global Water ETF USD Dist GBP,13.63,,,,
04/11/2007,iShares Global Water ETF USD Dist GBP,13.52,,,,
04/12/2007,iShares Global Water ETF USD Dist GBP,13.56,,,,
04/13/2007,iShares Global Water ETF USD Dist GBP,13.59,,,,
04/14/2007,iShares Global Water ETF USD Dist GBP,13.59,,,,
04/15/2007,iShares Global Water ETF USD Dist GBP,13.59,,,,
04/16/2007,iShares Global Water ETF USD Dist GBP,13.68,,,,
04/17/2007,iShares Global Water ETF USD Dist GBP,13.59,,,,
04/18/2007,iShares Global Water ETF USD Dist GBP,13.55,,,,
04/19/2007,iShares Global Water ETF USD Dist GBP,13.54,,,,
04/20/2007,iShares Global Water ETF USD Dist GBP,13.63,,,,
04/21/2007,iShares Global Water ETF USD Dist GBP,13.63,,,,
04/22/2007,iShares Global Water ETF USD Dist GBP,13.63,,,,
04/23/2007,iShares Global Water ETF USD Dist GBP,13.65,,,,
04/24/2007,iShares Global Water ETF USD Dist GBP,13.64,,,,
04/25/2007,iShares Global Water ETF USD Dist GBP,13.69,,,,
04/26/2007,iShares Global Water ETF USD Dist GBP,13.85,,,,
04/27/2007,iShares Global Water ETF USD Dist GBP,13.78,,,,
04/28/2007,iShares Global Water ETF USD Dist GBP,13.78,,,,
04/29/2007,iShares Global Water ETF USD Dist GBP,13.78,,,,
04/30/2007,iShares Global Water ETF USD Dist GBP,13.86,,,,
05/01/2007,iShares Global Water ETF USD Dist GBP,13.76,,,,
05/02/2007,iShares Global Water ETF USD Dist GBP,13.81,,,,
05/03/2007,iShares Global Water ETF USD Dist GBP,13.87,,,,
05/04/2007,iShares Global Water ETF USD Dist GBP,13.92,,,,
05/05/2007,iShares Global Water ETF USD Dist GBP,13.92,,,,
05/06/2007,iShares Global Water ETF USD Dist GBP,13.92,,,,
05/07/2007,iShares Global Water ETF USD Dist GBP,13.92,,,,
05/08/2007,iShares Global Water ETF USD Dist GBP,13.89,,,,
05/09/2007,iShares Global Water ETF USD Dist GBP,13.9,,,,
05/10/2007,iShares Global Water ETF USD Dist GBP,13.9,,,,
05/11/2007,iShares Global Water ETF USD Dist GBP,13.98,,,,
05/12/2007,iShares Global Water ETF USD Dist GBP,13.98,,,,
05/13/2007,iShares Global Water ETF USD Dist GBP,13.98,,,,
05/14/2007,iShares Global Water ETF USD Dist GBP,13.97,,,,
05/15/2007,iShares Global Water ETF USD Dist GBP,13.92,,,,
05/16/2007,iShares Global Water ETF USD Dist GBP,13.88,,,,
05/17/2007,iShares Global Water ETF USD Dist GBP,13.9,,,,
05/18/2007,iShares Global Water ETF USD Dist GBP,13.94,,,,
05/19/2007,iShares Global Water ETF USD Dist GBP,13.94,,,,
05/20/2007,iShares Global Water ETF USD Dist GBP,13.94,,,,
05/21/2007,iShares Global Water ETF USD Dist GBP,14.05,,,,
05/22/2007,iShares Global Water ETF USD Dist GBP,13.99,,,,
05/23/2007,iShares Global Water ETF USD Dist GBP,14.11,,,,
05/24/2007,iShares Global Water ETF USD Dist GBP,14,,,,
05/25/2007,iShares Global Water ETF USD Dist GBP,14.04,,,,
05/26/2007,iShares Global Water ETF USD Dist GBP,14.04,,,,
05/27/2007,iShares Global Water ETF USD Dist GBP,14.04,,,,
05/28/2007,iShares Global Water ETF USD Dist GBP,14.04,,,,
05/29/2007,iShares Global Water ETF USD Dist GBP,14.15,,,,
05/30/2007,iShares Global Water ETF USD Dist GBP,14.12,,,,
05/31/2007,iShares Global Water ETF USD Dist GBP,14.35,,,,
06/01/2007,iShares Global Water ETF USD Dist GBP,15,,,,
06/02/2007,iShares Global Water ETF USD Dist GBP,15,,,,
06/03/2007,iShares Global Water ETF USD Dist GBP,15,,,,
06/04/2007,iShares Global Water ETF USD Dist GBP,14.32,,,,
06/05/2007,iShares Global Water ETF USD Dist GBP,14.3,,,,
06/06/2007,iShares Global Water ETF USD Dist GBP,14.15,,,,
06/07/2007,iShares Global Water ETF USD Dist GBP,14.22,,,,
06/08/2007,iShares Global Water ETF USD Dist GBP,13.95,,,,
06/09/2007,iShares Global Water ETF USD Dist GBP,13.95,,,,
06/10/2007,iShares Global Water ETF USD Dist GBP,13.95,,,,
06/11/2007,iShares Global Water ETF USD Dist GBP,14.06,,,,
06/12/2007,iShares Global Water ETF USD Dist GBP,13.92,,,,
06/13/2007,iShares Global Water ETF USD Dist GBP,13.87,,,,
06/14/2007,iShares Global Water ETF USD Dist GBP,14.13,,,,
06/15/2007,iShares Global Water ETF USD Dist GBP,14.29,,,,
06/16/2007,iShares Global Water ETF USD Dist GBP,14.29,,,,
06/17/2007,iShares Global Water ETF USD Dist GBP,14.29,,,,
06/18/2007,iShares Global Water ETF USD Dist GBP,14.21,,,,
06/19/2007,iShares Global Water ETF USD Dist GBP,14.14,,,,
06/20/2007,iShares Global Water ETF USD Dist GBP,14.2,,,,
06/21/2007,iShares Global Water ETF USD Dist GBP,14.09,,,,
06/22/2007,iShares Global Water ETF USD Dist GBP,14.07,,,,
06/23/2007,iShares Global Water ETF USD Dist GBP,14.07,,,,
06/24/2007,iShares Global Water ETF USD Dist GBP,14.07,,,,
06/25/2007,iShares Global Water ETF USD Dist GBP,14.04,,,,
06/26/2007,iShares Global Water ETF USD Dist GBP,13.95,,,,
06/27/2007,iShares Global Water ETF USD Dist GBP,13.9,,,,
06/28/2007,iShares Global Water ETF USD Dist GBP,14.04,,,,
06/29/2007,iShares Global Water ETF USD Dist GBP,14.15,,,,
06/30/2007,iShares Global Water ETF USD Dist GBP,14.15,,,,
07/01/2007,iShares Global Water ETF USD Dist GBP,14.15,,,,
07/02/2007,iShares Global Water ETF USD Dist GBP,14.14,,,,
07/03/2007,iShares Global Water ETF USD Dist GBP,14.19,,,,
07/04/2007,iShares Global Water ETF USD Dist GBP,14.22,,,,
07/05/2007,iShares Global Water ETF USD Dist GBP,14.2,,,,
07/06/2007,iShares Global Water ETF USD Dist GBP,14.23,,,,
07/07/2007,iShares Global Water ETF USD Dist GBP,14.23,,,,
07/08/2007,iShares Global Water ETF USD Dist GBP,14.23,,,,
07/09/2007,iShares Global Water ETF USD Dist GBP,14.17,,,,
07/10/2007,iShares Global Water ETF USD Dist GBP,14.1,,,,
07/11/2007,iShares Global Water ETF USD Dist GBP,14,,,,
07/12/2007,iShares Global Water ETF USD Dist GBP,14.18,,,,
07/13/2007,iShares Global Water ETF USD Dist GBP,14.24,,,,
07/14/2007,iShares Global Water ETF USD Dist GBP,14.24,,,,
07/15/2007,iShares Global Water ETF USD Dist GBP,14.24,,,,
07/16/2007,iShares Global Water ETF USD Dist GBP,14.16,,,,
07/17/2007,iShares Global Water ETF USD Dist GBP,14.03,,,,
07/18/2007,iShares Global Water ETF USD Dist GBP,13.92,,,,
07/19/2007,iShares Global Water ETF USD Dist GBP,14.05,,,,
07/20/2007,iShares Global Water ETF USD Dist GBP,14.01,,,,
07/21/2007,iShares Global Water ETF USD Dist GBP,14.01,,,,
07/22/2007,iShares Global Water ETF USD Dist GBP,14.01,,,,
07/23/2007,iShares Global Water ETF USD Dist GBP,14.05,,,,
07/24/2007,iShares Global Water ETF USD Dist GBP,13.85,,,,
07/25/2007,iShares Global Water ETF USD Dist GBP,13.73,,,,
07/26/2007,iShares Global Water ETF USD Dist GBP,13.45,,,,
07/27/2007,iShares Global Water ETF USD Dist GBP,13.5,,,,
07/28/2007,iShares Global Water ETF USD Dist GBP,13.5,,,,
07/29/2007,iShares Global Water ETF USD Dist GBP,13.5,,,,
07/30/2007,iShares Global Water ETF USD Dist GBP,13.5,,,,
07/31/2007,iShares Global Water ETF USD Dist GBP,13.48,,,,
08/01/2007,iShares Global Water ETF USD Dist GBP,13.31,,,,
08/02/2007,iShares Global Water ETF USD Dist GBP,13.47,,,,
08/03/2007,iShares Global Water ETF USD Dist GBP,13.41,,,,
08/04/2007,iShares Global Water ETF USD Dist GBP,13.41,,,,
08/05/2007,iShares Global Water ETF USD Dist GBP,13.41,,,,
08/06/2007,iShares Global Water ETF USD Dist GBP,13.36,,,,
08/07/2007,iShares Global Water ETF USD Dist GBP,13.51,,,,
08/08/2007,iShares Global Water ETF USD Dist GBP,13.6,,,,
08/09/2007,iShares Global Water ETF USD Dist GBP,13.59,,,,
08/10/2007,iShares Global Water ETF USD Dist GBP,13.46,,,,
08/11/2007,iShares Global Water ETF USD Dist GBP,13.46,,,,
08/12/2007,iShares Global Water ETF USD Dist GBP,13.46,,,,
08/13/2007,iShares Global Water ETF USD Dist GBP,13.38,,,,
08/14/2007,iShares Global Water ETF USD Dist GBP,13.31,,,,
08/15/2007,iShares Global Water ETF USD Dist GBP,13.04,,,,
08/16/2007,iShares Global Water ETF USD Dist GBP,12.7,,,,
08/17/2007,iShares Global Water ETF USD Dist GBP,12.8,,,,
08/18/2007,iShares Global Water ETF USD Dist GBP,12.8,,,,
08/19/2007,iShares Global Water ETF USD Dist GBP,12.8,,,,
08/20/2007,iShares Global Water ETF USD Dist GBP,13,,,,
08/21/2007,iShares Global Water ETF USD Dist GBP,13.04,,,,
08/22/2007,iShares Global Water ETF USD Dist GBP,13.16,,,,
08/23/2007,iShares Global Water ETF USD Dist GBP,13.11,,,,
08/24/2007,iShares Global Water ETF USD Dist GBP,13.38,,,,
08/25/2007,iShares Global Water ETF USD Dist GBP,13.38,,,,
08/26/2007,iShares Global Water ETF USD Dist GBP,13.38,,,,
08/27/2007,iShares Global Water ETF USD Dist GBP,13.38,,,,
08/28/2007,iShares Global Water ETF USD Dist GBP,13.23,,,,
08/29/2007,iShares Global Water ETF USD Dist GBP,13.34,,,,
08/30/2007,iShares Global Water ETF USD Dist GBP,13.56,,,,
08/31/2007,iShares Global Water ETF USD Dist GBP,13.74,,,,
09/01/2007,iShares Global Water ETF USD Dist GBP,13.74,,,,
09/02/2007,iShares Global Water ETF USD Dist GBP,13.74,,,,
09/03/2007,iShares Global Water ETF USD Dist GBP,13.62,,,,
09/04/2007,iShares Global Water ETF USD Dist GBP,13.72,,,,
09/05/2007,iShares Global Water ETF USD Dist GBP,13.47,,,,
09/06/2007,iShares Global Water ETF USD Dist GBP,13.46,,,,
09/07/2007,iShares Global Water ETF USD Dist GBP,13.27,,,,
09/08/2007,iShares Global Water ETF USD Dist GBP,13.27,,,,
09/09/2007,iShares Global Water ETF USD Dist GBP,13.27,,,,
09/10/2007,iShares Global Water ETF USD Dist GBP,13.07,,,,
09/11/2007,iShares Global Water ETF USD Dist GBP,13.28,,,,
09/12/2007,iShares Global Water ETF USD Dist GBP,13.41,,,,
09/13/2007,iShares Global Water ETF USD Dist GBP,13.47,,,,
09/14/2007,iShares Global Water ETF USD Dist GBP,13.54,,,,
09/15/2007,iShares Global Water ETF USD Dist GBP,13.54,,,,
09/16/2007,iShares Global Water ETF USD Dist GBP,13.54,,,,
09/17/2007,iShares Global Water ETF USD Dist GBP,13.52,,,,
09/18/2007,iShares Global Water ETF USD Dist GBP,13.62,,,,
09/19/2007,iShares Global Water ETF USD Dist GBP,13.99,,,,
09/20/2007,iShares Global Water ETF USD Dist GBP,13.88,,,,
09/21/2007,iShares Global Water ETF USD Dist GBP,13.81,,,,
09/22/2007,iShares Global Water ETF USD Dist GBP,13.81,,,,
09/23/2007,iShares Global Water ETF USD Dist GBP,13.81,,,,
09/24/2007,iShares Global Water ETF USD Dist GBP,13.84,,,,
09/25/2007,iShares Global Water ETF USD Dist GBP,13.84,,,,
09/26/2007,iShares Global Water ETF USD Dist GBP,14.04,,,,
09/27/2007,iShares Global Water ETF USD Dist GBP,14.13,,,,
09/28/2007,iShares Global Water ETF USD Dist GBP,14.13,,,,
09/29/2007,iShares Global Water ETF USD Dist GBP,14.13,,,,
09/30/2007,iShares Global Water ETF USD Dist GBP,14.13,,,,
10/01/2007,iShares Global Water ETF USD Dist GBP,14.09,,,,
10/02/2007,iShares Global Water ETF USD Dist GBP,14.07,,,,
10/03/2007,iShares Global Water ETF USD Dist GBP,14.08,,,,
10/04/2007,iShares Global Water ETF USD Dist GBP,14.01,,,,
10/05/2007,iShares Global Water ETF USD Dist GBP,14.14,,,,
10/06/2007,iShares Global Water ETF USD Dist GBP,14.14,,,,
10/07/2007,iShares Global Water ETF USD Dist GBP,14.14,,,,
10/08/2007,iShares Global Water ETF USD Dist GBP,14.09,,,,
10/09/2007,iShares Global Water ETF USD Dist GBP,14.22,,,,
10/10/2007,iShares Global Water ETF USD Dist GBP,14.17,,,,
10/11/2007,iShares Global Water ETF USD Dist GBP,14.35,,,,
10/12/2007,iShares Global Water ETF USD Dist GBP,14.35,,,,
10/13/2007,iShares Global Water ETF USD Dist GBP,14.35,,,,
10/14/2007,iShares Global Water ETF USD Dist GBP,14.35,,,,
10/15/2007,iShares Global Water ETF USD Dist GBP,14.22,,,,
10/16/2007,iShares Global Water ETF USD Dist GBP,14.18,,,,
10/17/2007,iShares Global Water ETF USD Dist GBP,14.23,,,,
10/18/2007,iShares Global Water ETF USD Dist GBP,14.18,,,,
10/19/2007,iShares Global Water ETF USD Dist GBP,14.02,,,,
10/20/2007,iShares Global Water ETF USD Dist GBP,14.02,,,,
10/21/2007,iShares Global Water ETF USD Dist GBP,14.02,,,,
10/22/2007,iShares Global Water ETF USD Dist GBP,13.92,,,,
10/23/2007,iShares Global Water ETF USD Dist GBP,13.92,,,,
10/24/2007,iShares Global Water ETF USD Dist GBP,13.88,,,,
10/25/2007,iShares Global Water ETF USD Dist GBP,14.05,,,,
10/26/2007,iShares Global Water ETF USD Dist GBP,14.08,,,,
10/27/2007,iShares Global Water ETF USD Dist GBP,14.08,,,,
10/28/2007,iShares Global Water ETF USD Dist GBP,14.08,,,,
10/29/2007,iShares Global Water ETF USD Dist GBP,14.18,,,,
10/30/2007,iShares Global Water ETF USD Dist GBP,14.1,,,,
10/31/2007,iShares Global Water ETF USD Dist GBP,14.04,,,,
11/01/2007,iShares Global Water ETF USD Dist GBP,13.64,,,,
11/02/2007,iShares Global Water ETF USD Dist GBP,13.65,,,,
11/03/2007,iShares Global Water ETF USD Dist GBP,13.65,,,,
11/04/2007,iShares Global Water ETF USD Dist GBP,13.65,,,,
11/05/2007,iShares Global Water ETF USD Dist GBP,13.62,,,,
11/06/2007,iShares Global Water ETF USD Dist GBP,13.6,,,,
11/07/2007,iShares Global Water ETF USD Dist GBP,13.45,,,,
11/08/2007,iShares Global Water ETF USD Dist GBP,13.18,,,,
11/09/2007,iShares Global Water ETF USD Dist GBP,13.16,,,,
11/10/2007,iShares Global Water ETF USD Dist GBP,13.16,,,,
11/11/2007,iShares Global Water ETF USD Dist GBP,13.16,,,,
11/12/2007,iShares Global Water ETF USD Dist GBP,13.32,,,,
11/13/2007,iShares Global Water ETF USD Dist GBP,13.27,,,,
11/14/2007,iShares Global Water ETF USD Dist GBP,13.59,,,,
11/15/2007,iShares Global Water ETF USD Dist GBP,13.55,,,,
11/16/2007,iShares Global Water ETF USD Dist GBP,13.61,,,,
11/17/2007,iShares Global Water ETF USD Dist GBP,13.61,,,,
11/18/2007,iShares Global Water ETF USD Dist GBP,13.61,,,,
11/19/2007,iShares Global Water ETF USD Dist GBP,13.3,,,,
11/20/2007,iShares Global Water ETF USD Dist GBP,13.29,,,,
11/21/2007,iShares Global Water ETF USD Dist GBP,13.02,,,,
11/22/2007,iShares Global Water ETF USD Dist GBP,13.13,,,,
11/23/2007,iShares Global Water ETF USD Dist GBP,13.24,,,,
11/24/2007,iShares Global Water ETF USD Dist GBP,13.24,,,,
11/25/2007,iShares Global Water ETF USD Dist GBP,13.24,,,,
11/26/2007,iShares Global Water ETF USD Dist GBP,13.24,,,,
11/27/2007,iShares Global Water ETF USD Dist GBP,13.2,,,,
11/28/2007,iShares Global Water ETF USD Dist GBP,13.38,,,,
11/29/2007,iShares Global Water ETF USD Dist GBP,13.59,,,,
11/30/2007,iShares Global Water ETF USD Dist GBP,13.64,,,,
12/01/2007,iShares Global Water ETF USD Dist GBP,13.64,,,,
12/02/2007,iShares Global Water ETF USD Dist GBP,13.64,,,,
12/03/2007,iShares Global Water ETF USD Dist GBP,13.56,,,,
12/04/2007,iShares Global Water ETF USD Dist GBP,13.53,,,,
12/05/2007,iShares Global Water ETF USD Dist GBP,13.95,,,,
12/06/2007,iShares Global Water ETF USD Dist GBP,13.94,,,,
12/07/2007,iShares Global Water ETF USD Dist GBP,14.05,,,,
12/08/2007,iShares Global Water ETF USD Dist GBP,14.05,,,,
12/09/2007,iShares Global Water ETF USD Dist GBP,14.05,,,,
12/10/2007,iShares Global Water ETF USD Dist GBP,14.02,,,,
12/11/2007,iShares Global Water ETF USD Dist GBP,14.07,,,,
12/12/2007,iShares Global Water ETF USD Dist GBP,13.94,,,,
12/13/2007,iShares Global Water ETF USD Dist GBP,13.67,,,,
12/14/2007,iShares Global Water ETF USD Dist GBP,13.76,,,,
12/15/2007,iShares Global Water ETF USD Dist GBP,13.76,,,,
12/16/2007,iShares Global Water ETF USD Dist GBP,13.76,,,,
12/17/2007,iShares Global Water ETF USD Dist GBP,13.57,,,,
12/18/2007,iShares Global Water ETF USD Dist GBP,13.46,,,,
12/19/2007,iShares Global Water ETF USD Dist GBP,13.61,,,,
12/20/2007,iShares Global Water ETF USD Dist GBP,13.75,,,,
12/21/2007,iShares Global Water ETF USD Dist GBP,14.12,,,,
12/22/2007,iShares Global Water ETF USD Dist GBP,14.12,,,,
12/23/2007,iShares Global Water ETF USD Dist GBP,14.12,,,,
12/24/2007,iShares Global Water ETF USD Dist GBP,14.22,,,,
12/25/2007,iShares Global Water ETF USD Dist GBP,14.22,,,,
12/26/2007,iShares Global Water ETF USD Dist GBP,14.22,,,,
12/27/2007,iShares Global Water ETF USD Dist GBP,14.32,,,,
12/28/2007,iShares Global Water ETF USD Dist GBP,14.39,,,,
12/29/2007,iShares Global Water ETF USD Dist GBP,14.39,,,,
12/30/2007,iShares Global Water ETF USD Dist GBP,14.39,,,,
12/31/2007,iShares Global Water ETF USD Dist GBP,14.31,,,,
01/01/2008,iShares Global Water ETF USD Dist GBP,14.31,,,,
01/02/2008,iShares Global Water ETF USD Dist GBP,14.28,,,,
01/03/2008,iShares Global Water ETF USD Dist GBP,14.45,,,,
01/04/2008,iShares Global Water ETF USD Dist GBP,14.23,,,,
01/05/2008,iShares Global Water ETF USD Dist GBP,14.23,,,,
01/06/2008,iShares Global Water ETF USD Dist GBP,14.23,,,,
01/07/2008,iShares Global Water ETF USD Dist GBP,14.15,,,,
01/08/2008,iShares Global Water ETF USD Dist GBP,14.06,,,,
01/09/2008,iShares Global Water ETF USD Dist GBP,13.93,,,,
01/10/2008,iShares Global Water ETF USD Dist GBP,13.94,,,,
01/11/2008,iShares Global Water ETF USD Dist GBP,13.8,,,,
01/12/2008,iShares Global Water ETF USD Dist GBP,13.8,,,,
01/13/2008,iShares Global Water ETF USD Dist GBP,13.8,,,,
01/14/2008,iShares Global Water ETF USD Dist GBP,13.88,,,,
01/15/2008,iShares Global Water ETF USD Dist GBP,13.54,,,,
01/16/2008,iShares Global Water ETF USD Dist GBP,13.3,,,,
01/17/2008,iShares Global Water ETF USD Dist GBP,13.28,,,,
01/18/2008,iShares Global Water ETF USD Dist GBP,13.18,,,,
01/19/2008,iShares Global Water ETF USD Dist GBP,13.18,,,,
01/20/2008,iShares Global Water ETF USD Dist GBP,13.18,,,,
01/21/2008,iShares Global Water ETF USD Dist GBP,12.44,,,,
01/22/2008,iShares Global Water ETF USD Dist GBP,12.59,,,,
01/23/2008,iShares Global Water ETF USD Dist GBP,12.31,,,,
01/24/2008,iShares Global Water ETF USD Dist GBP,12.76,,,,
01/25/2008,iShares Global Water ETF USD Dist GBP,12.92,,,,
01/26/2008,iShares Global Water ETF USD Dist GBP,12.92,,,,
01/27/2008,iShares Global Water ETF USD Dist GBP,12.92,,,,
01/28/2008,iShares Global Water ETF USD Dist GBP,12.38,,,,
01/29/2008,iShares Global Water ETF USD Dist GBP,12.93,,,,
01/30/2008,iShares Global Water ETF USD Dist GBP,12.88,,,,
01/31/2008,iShares Global Water ETF USD Dist GBP,12.96,,,,
02/01/2008,iShares Global Water ETF USD Dist GBP,13.39,,,,
02/02/2008,iShares Global Water ETF USD Dist GBP,13.39,,,,
02/03/2008,iShares Global Water ETF USD Dist GBP,13.39,,,,
02/04/2008,iShares Global Water ETF USD Dist GBP,13.43,,,,
02/05/2008,iShares Global Water ETF USD Dist GBP,13.1,,,,
02/06/2008,iShares Global Water ETF USD Dist GBP,13.21,,,,
02/07/2008,iShares Global Water ETF USD Dist GBP,12.88,,,,
02/08/2008,iShares Global Water ETF USD Dist GBP,12.93,,,,
02/09/2008,iShares Global Water ETF USD Dist GBP,12.93,,,,
02/10/2008,iShares Global Water ETF USD Dist GBP,12.93,,,,
02/11/2008,iShares Global Water ETF USD Dist GBP,12.88,,,,
02/12/2008,iShares Global Water ETF USD Dist GBP,13.08,,,,
02/13/2008,iShares Global Water ETF USD Dist GBP,13.18,,,,
02/14/2008,iShares Global Water ETF USD Dist GBP,13.27,,,,
02/15/2008,iShares Global Water ETF USD Dist GBP,13.1,,,,
02/16/2008,iShares Global Water ETF USD Dist GBP,13.1,,,,
02/17/2008,iShares Global Water ETF USD Dist GBP,13.1,,,,
02/18/2008,iShares Global Water ETF USD Dist GBP,13.35,,,,
02/19/2008,iShares Global Water ETF USD Dist GBP,13.34,,,,
02/20/2008,iShares Global Water ETF USD Dist GBP,13.25,,,,
02/21/2008,iShares Global Water ETF USD Dist GBP,13.35,,,,
02/22/2008,iShares Global Water ETF USD Dist GBP,13.16,,,,
02/23/2008,iShares Global Water ETF USD Dist GBP,13.16,,,,
02/24/2008,iShares Global Water ETF USD Dist GBP,13.16,,,,
02/25/2008,iShares Global Water ETF USD Dist GBP,13.4,,,,
02/26/2008,iShares Global Water ETF USD Dist GBP,13.63,,,,
02/27/2008,iShares Global Water ETF USD Dist GBP,13.68,,,,
02/28/2008,iShares Global Water ETF USD Dist GBP,13.55,,,,
02/29/2008,iShares Global Water ETF USD Dist GBP,13.47,,,,
03/01/2008,iShares Global Water ETF USD Dist GBP,13.47,,,,
03/02/2008,iShares Global Water ETF USD Dist GBP,13.47,,,,
03/03/2008,iShares Global Water ETF USD Dist GBP,13.26,,,,
03/04/2008,iShares Global Water ETF USD Dist GBP,13.09,,,,
03/05/2008,iShares Global Water ETF USD Dist GBP,13.19,,,,
03/06/2008,iShares Global Water ETF USD Dist GBP,13.05,,,,
03/07/2008,iShares Global Water ETF USD Dist GBP,12.75,,,,
03/08/2008,iShares Global Water ETF USD Dist GBP,12.75,,,,
03/09/2008,iShares Global Water ETF USD Dist GBP,12.75,,,,
03/10/2008,iShares Global Water ETF USD Dist GBP,12.56,,,,
03/11/2008,iShares Global Water ETF USD Dist GBP,12.72,,,,
03/12/2008,iShares Global Water ETF USD Dist GBP,12.97,,,,
03/13/2008,iShares Global Water ETF USD Dist GBP,12.84,,,,
03/14/2008,iShares Global Water ETF USD Dist GBP,12.78,,,,
03/15/2008,iShares Global Water ETF USD Dist GBP,12.78,,,,
03/16/2008,iShares Global Water ETF USD Dist GBP,12.78,,,,
03/17/2008,iShares Global Water ETF USD Dist GBP,12.68,,,,
03/18/2008,iShares Global Water ETF USD Dist GBP,12.84,,,,
03/19/2008,iShares Global Water ETF USD Dist GBP,12.92,,,,
03/20/2008,iShares Global Water ETF USD Dist GBP,12.64,,,,
03/21/2008,iShares Global Water ETF USD Dist GBP,12.64,,,,
03/22/2008,iShares Global Water ETF USD Dist GBP,12.64,,,,
03/23/2008,iShares Global Water ETF USD Dist GBP,12.64,,,,
03/24/2008,iShares Global Water ETF USD Dist GBP,12.64,,,,
03/25/2008,iShares Global Water ETF USD Dist GBP,12.98,,,,
03/26/2008,iShares Global Water ETF USD Dist GBP,12.98,,,,
03/27/2008,iShares Global Water ETF USD Dist GBP,13.12,,,,
03/28/2008,iShares Global Water ETF USD Dist GBP,13.08,,,,
03/29/2008,iShares Global Water ETF USD Dist GBP,13.08,,,,
03/30/2008,iShares Global Water ETF USD Dist GBP,13.08,,,,
03/31/2008,iShares Global Water ETF USD Dist GBP,13.12,,,,
04/01/2008,iShares Global Water ETF USD Dist GBP,13.4,,,,
04/02/2008,iShares Global Water ETF USD Dist GBP,13.48,,,,
04/03/2008,iShares Global Water ETF USD Dist GBP,13.43,,,,
04/04/2008,iShares Global Water ETF USD Dist GBP,13.53,,,,
04/05/2008,iShares Global Water ETF USD Dist GBP,13.53,,,,
04/06/2008,iShares Global Water ETF USD Dist GBP,13.53,,,,
04/07/2008,iShares Global Water ETF USD Dist GBP,13.6,,,,
04/08/2008,iShares Global Water ETF USD Dist GBP,13.64,,,,
04/09/2008,iShares Global Water ETF USD Dist GBP,13.5,,,,
04/10/2008,iShares Global Water ETF USD Dist GBP,13.47,,,,
04/11/2008,iShares Global Water ETF USD Dist GBP,13.96,,,,
04/12/2008,iShares Global Water ETF USD Dist GBP,13.96,,,,
04/13/2008,iShares Global Water ETF USD Dist GBP,13.96,,,,
04/14/2008,iShares Global Water ETF USD Dist GBP,13.2,,,,
04/15/2008,iShares Global Water ETF USD Dist GBP,13.3,,,,
04/16/2008,iShares Global Water ETF USD Dist GBP,13.55,,,,
04/17/2008,iShares Global Water ETF USD Dist GBP,13.45,,,,
04/18/2008,iShares Global Water ETF USD Dist GBP,13.52,,,,
04/19/2008,iShares Global Water ETF USD Dist GBP,13.52,,,,
04/20/2008,iShares Global Water ETF USD Dist GBP,13.52,,,,
04/21/2008,iShares Global Water ETF USD Dist GBP,13.48,,,,
04/22/2008,iShares Global Water ETF USD Dist GBP,13.42,,,,
04/23/2008,iShares Global Water ETF USD Dist GBP,13.58,,,,
04/24/2008,iShares Global Water ETF USD Dist GBP,13.59,,,,
04/25/2008,iShares Global Water ETF USD Dist GBP,13.65,,,,
04/26/2008,iShares Global Water ETF USD Dist GBP,13.65,,,,
04/27/2008,iShares Global Water ETF USD Dist GBP,13.65,,,,
04/28/2008,iShares Global Water ETF USD Dist GBP,13.77,,,,
04/29/2008,iShares Global Water ETF USD Dist GBP,13.91,,,,
04/30/2008,iShares Global Water ETF USD Dist GBP,13.71,,,,
05/01/2008,iShares Global Water ETF USD Dist GBP,13.72,,,,
05/02/2008,iShares Global Water ETF USD Dist GBP,13.83,,,,
05/03/2008,iShares Global Water ETF USD Dist GBP,13.83,,,,
05/04/2008,iShares Global Water ETF USD Dist GBP,13.83,,,,
05/05/2008,iShares Global Water ETF USD Dist GBP,13.83,,,,
05/06/2008,iShares Global Water ETF USD Dist GBP,13.75,,,,
05/07/2008,iShares Global Water ETF USD Dist GBP,13.99,,,,
05/08/2008,iShares Global Water ETF USD Dist GBP,13.94,,,,
05/09/2008,iShares Global Water ETF USD Dist GBP,13.92,,,,
05/10/2008,iShares Global Water ETF USD Dist GBP,13.92,,,,
05/11/2008,iShares Global Water ETF USD Dist GBP,13.92,,,,
05/12/2008,iShares Global Water ETF USD Dist GBP,13.9,,,,
05/13/2008,iShares Global Water ETF USD Dist GBP,14.02,,,,
05/14/2008,iShares Global Water ETF USD Dist GBP,14.17,,,,
05/15/2008,iShares Global Water ETF USD Dist GBP,14.1,,,,
05/16/2008,iShares Global Water ETF USD Dist GBP,14.11,,,,
05/17/2008,iShares Global Water ETF USD Dist GBP,14.11,,,,
05/18/2008,iShares Global Water ETF USD Dist GBP,14.11,,,,
05/19/2008,iShares Global Water ETF USD Dist GBP,14.38,,,,
05/20/2008,iShares Global Water ETF USD Dist GBP,14.08,,,,
05/21/2008,iShares Global Water ETF USD Dist GBP,14.21,,,,
05/22/2008,iShares Global Water ETF USD Dist GBP,14.01,,,,
05/23/2008,iShares Global Water ETF USD Dist GBP,13.8,,,,
05/24/2008,iShares Global Water ETF USD Dist GBP,13.8,,,,
05/25/2008,iShares Global Water ETF USD Dist GBP,13.8,,,,
05/26/2008,iShares Global Water ETF USD Dist GBP,13.8,,,,
05/27/2008,iShares Global Water ETF USD Dist GBP,13.87,,,,
05/28/2008,iShares Global Water ETF USD Dist GBP,14.02,,,,
05/29/2008,iShares Global Water ETF USD Dist GBP,14.17,,,,
05/30/2008,iShares Global Water ETF USD Dist GBP,14.29,,,,
05/31/2008,iShares Global Water ETF USD Dist GBP,14.29,,,,
06/01/2008,iShares Global Water ETF USD Dist GBP,14.29,,,,
06/02/2008,iShares Global Water ETF USD Dist GBP,14.36,,,,
06/03/2008,iShares Global Water ETF USD Dist GBP,14.49,,,,
06/04/2008,iShares Global Water ETF USD Dist GBP,14.5,,,,
06/05/2008,iShares Global Water ETF USD Dist GBP,14.63,,,,
06/06/2008,iShares Global Water ETF USD Dist GBP,13,,,,
06/07/2008,iShares Global Water ETF USD Dist GBP,13,,,,
06/08/2008,iShares Global Water ETF USD Dist GBP,13,,,,
06/09/2008,iShares Global Water ETF USD Dist GBP,14.33,,,,
06/10/2008,iShares Global Water ETF USD Dist GBP,14.25,,,,
06/11/2008,iShares Global Water ETF USD Dist GBP,13.96,,,,
06/12/2008,iShares Global Water ETF USD Dist GBP,13.98,,,,
06/13/2008,iShares Global Water ETF USD Dist GBP,14,,,,
06/14/2008,iShares Global Water ETF USD Dist GBP,14,,,,
06/15/2008,iShares Global Water ETF USD Dist GBP,14,,,,
06/16/2008,iShares Global Water ETF USD Dist GBP,13.89,,,,
06/17/2008,iShares Global Water ETF USD Dist GBP,14,,,,
06/18/2008,iShares Global Water ETF USD Dist GBP,13.79,,,,
06/19/2008,iShares Global Water ETF USD Dist GBP,13.79,,,,
06/20/2008,iShares Global Water ETF USD Dist GBP,13.52,,,,
06/21/2008,iShares Global Water ETF USD Dist GBP,13.52,,,,
06/22/2008,iShares Global Water ETF USD Dist GBP,13.52,,,,
06/23/2008,iShares Global Water ETF USD Dist GBP,13.5,,,,
06/24/2008,iShares Global Water ETF USD Dist GBP,13.28,,,,
06/25/2008,iShares Global Water ETF USD Dist GBP,13.4,,,,
06/26/2008,iShares Global Water ETF USD Dist GBP,13.02,,,,
06/27/2008,iShares Global Water ETF USD Dist GBP,12.95,,,,
06/28/2008,iShares Global Water ETF USD Dist GBP,12.95,,,,
06/29/2008,iShares Global Water ETF USD Dist GBP,12.95,,,,
06/30/2008,iShares Global Water ETF USD Dist GBP,13.02,,,,
07/01/2008,iShares Global Water ETF USD Dist GBP,12.88,,,,
07/02/2008,iShares Global Water ETF USD Dist GBP,12.74,,,,
07/03/2008,iShares Global Water ETF USD Dist GBP,12.67,,,,
07/04/2008,iShares Global Water ETF USD Dist GBP,12.48,,,,
07/05/2008,iShares Global Water ETF USD Dist GBP,12.48,,,,
07/06/2008,iShares Global Water ETF USD Dist GBP,12.48,,,,
07/07/2008,iShares Global Water ETF USD Dist GBP,12.75,,,,
07/08/2008,iShares Global Water ETF USD Dist GBP,12.61,,,,
07/09/2008,iShares Global Water ETF USD Dist GBP,12.75,,,,
07/10/2008,iShares Global Water ETF USD Dist GBP,12.45,,,,
07/11/2008,iShares Global Water ETF USD Dist GBP,12.18,,,,
07/12/2008,iShares Global Water ETF USD Dist GBP,12.18,,,,
07/13/2008,iShares Global Water ETF USD Dist GBP,12.18,,,,
07/14/2008,iShares Global Water ETF USD Dist GBP,12.23,,,,
07/15/2008,iShares Global Water ETF USD Dist GBP,13.9,,,,
07/16/2008,iShares Global Water ETF USD Dist GBP,12.18,,,,
07/17/2008,iShares Global Water ETF USD Dist GBP,12.46,,,,
07/18/2008,iShares Global Water ETF USD Dist GBP,12.74,,,,
07/19/2008,iShares Global Water ETF USD Dist GBP,12.74,,,,
07/20/2008,iShares Global Water ETF USD Dist GBP,12.74,,,,
07/21/2008,iShares Global Water ETF USD Dist GBP,13.2,,,,
07/22/2008,iShares Global Water ETF USD Dist GBP,13.13,,,,
07/23/2008,iShares Global Water ETF USD Dist GBP,13.17,,,,
07/24/2008,iShares Global Water ETF USD Dist GBP,13.1,,,,
07/25/2008,iShares Global Water ETF USD Dist GBP,13.13,,,,
07/26/2008,iShares Global Water ETF USD Dist GBP,13.13,,,,
07/27/2008,iShares Global Water ETF USD Dist GBP,13.13,,,,
07/28/2008,iShares Global Water ETF USD Dist GBP,12.93,,,,
07/29/2008,iShares Global Water ETF USD Dist GBP,12.94,,,,
07/30/2008,iShares Global Water ETF USD Dist GBP,13.11,,,,
07/31/2008,iShares Global Water ETF USD Dist GBP,13.03,,,,
08/01/2008,iShares Global Water ETF USD Dist GBP,12.94,,,,
08/02/2008,iShares Global Water ETF USD Dist GBP,12.94,,,,
08/03/2008,iShares Global Water ETF USD Dist GBP,12.94,,,,
08/04/2008,iShares Global Water ETF USD Dist GBP,12.9,,,,
08/05/2008,iShares Global Water ETF USD Dist GBP,13.12,,,,
08/06/2008,iShares Global Water ETF USD Dist GBP,13.31,,,,
08/07/2008,iShares Global Water ETF USD Dist GBP,13.47,,,,
08/08/2008,iShares Global Water ETF USD Dist GBP,13.68,,,,
08/09/2008,iShares Global Water ETF USD Dist GBP,13.68,,,,
08/10/2008,iShares Global Water ETF USD Dist GBP,13.68,,,,
08/11/2008,iShares Global Water ETF USD Dist GBP,13.83,,,,
08/12/2008,iShares Global Water ETF USD Dist GBP,13.88,,,,
08/13/2008,iShares Global Water ETF USD Dist GBP,13.92,,,,
08/14/2008,iShares Global Water ETF USD Dist GBP,14,,,,
08/15/2008,iShares Global Water ETF USD Dist GBP,14.08,,,,
08/16/2008,iShares Global Water ETF USD Dist GBP,14.08,,,,
08/17/2008,iShares Global Water ETF USD Dist GBP,14.08,,,,
08/18/2008,iShares Global Water ETF USD Dist GBP,14.06,,,,
08/19/2008,iShares Global Water ETF USD Dist GBP,13.77,,,,
08/20/2008,iShares Global Water ETF USD Dist GBP,13.77,,,,
08/21/2008,iShares Global Water ETF USD Dist GBP,13.67,,,,
08/22/2008,iShares Global Water ETF USD Dist GBP,13.94,,,,
08/23/2008,iShares Global Water ETF USD Dist GBP,13.94,,,,
08/24/2008,iShares Global Water ETF USD Dist GBP,13.94,,,,
08/25/2008,iShares Global Water ETF USD Dist GBP,13.94,,,,
08/26/2008,iShares Global Water ETF USD Dist GBP,13.88,,,,
08/27/2008,iShares Global Water ETF USD Dist GBP,13.92,,,,
08/28/2008,iShares Global Water ETF USD Dist GBP,14.09,,,,
08/29/2008,iShares Global Water ETF USD Dist GBP,14.12,,,,
08/30/2008,iShares Global Water ETF USD Dist GBP,14.12,,,,
08/31/2008,iShares Global Water ETF USD Dist GBP,14.12,,,,
09/01/2008,iShares Global Water ETF USD Dist GBP,14.26,,,,
09/02/2008,iShares Global Water ETF USD Dist GBP,14.47,,,,
09/03/2008,iShares Global Water ETF USD Dist GBP,14.28,,,,
09/04/2008,iShares Global Water ETF USD Dist GBP,13.79,,,,
09/05/2008,iShares Global Water ETF USD Dist GBP,13.48,,,,
09/06/2008,iShares Global Water ETF USD Dist GBP,13.48,,,,
09/07/2008,iShares Global Water ETF USD Dist GBP,13.48,,,,
09/08/2008,iShares Global Water ETF USD Dist GBP,13.85,,,,
09/09/2008,iShares Global Water ETF USD Dist GBP,13.66,,,,
09/10/2008,iShares Global Water ETF USD Dist GBP,13.46,,,,
09/11/2008,iShares Global Water ETF USD Dist GBP,13.44,,,,
09/12/2008,iShares Global Water ETF USD Dist GBP,13.41,,,,
09/13/2008,iShares Global Water ETF USD Dist GBP,13.41,,,,
09/14/2008,iShares Global Water ETF USD Dist GBP,13.41,,,,
09/15/2008,iShares Global Water ETF USD Dist GBP,13.36,,,,
09/16/2008,iShares Global Water ETF USD Dist GBP,13.12,,,,
09/17/2008,iShares Global Water ETF USD Dist GBP,12.9,,,,
09/18/2008,iShares Global Water ETF USD Dist GBP,12.83,,,,
09/19/2008,iShares Global Water ETF USD Dist GBP,13.48,,,,
09/20/2008,iShares Global Water ETF USD Dist GBP,13.48,,,,
09/21/2008,iShares Global Water ETF USD Dist GBP,13.48,,,,
09/22/2008,iShares Global Water ETF USD Dist GBP,13.22,,,,
09/23/2008,iShares Global Water ETF USD Dist GBP,12.96,,,,
09/24/2008,iShares Global Water ETF USD Dist GBP,12.76,,,,
09/25/2008,iShares Global Water ETF USD Dist GBP,12.9,,,,
09/26/2008,iShares Global Water ETF USD Dist GBP,12.62,,,,
09/27/2008,iShares Global Water ETF USD Dist GBP,12.62,,,,
09/28/2008,iShares Global Water ETF USD Dist GBP,12.62,,,,
09/29/2008,iShares Global Water ETF USD Dist GBP,12.43,,,,
09/30/2008,iShares Global Water ETF USD Dist GBP,12.35,,,,
10/01/2008,iShares Global Water ETF USD Dist GBP,12.36,,,,
10/02/2008,iShares Global Water ETF USD Dist GBP,12.07,,,,
10/03/2008,iShares Global Water ETF USD Dist GBP,12.03,,,,
10/04/2008,iShares Global Water ETF USD Dist GBP,12.03,,,,
10/05/2008,iShares Global Water ETF USD Dist GBP,12.03,,,,
10/06/2008,iShares Global Water ETF USD Dist GBP,11.28,,,,
10/07/2008,iShares Global Water ETF USD Dist GBP,11.17,,,,
10/08/2008,iShares Global Water ETF USD Dist GBP,10.74,,,,
10/09/2008,iShares Global Water ETF USD Dist GBP,10.55,,,,
10/10/2008,iShares Global Water ETF USD Dist GBP,9.87,,,,
10/11/2008,iShares Global Water ETF USD Dist GBP,9.87,,,,
10/12/2008,iShares Global Water ETF USD Dist GBP,9.87,,,,
10/13/2008,iShares Global Water ETF USD Dist GBP,10.98,,,,
10/14/2008,iShares Global Water ETF USD Dist GBP,11.4,,,,
10/15/2008,iShares Global Water ETF USD Dist GBP,10.76,,,,
10/16/2008,iShares Global Water ETF USD Dist GBP,10.22,,,,
10/17/2008,iShares Global Water ETF USD Dist GBP,10.65,,,,
10/18/2008,iShares Global Water ETF USD Dist GBP,10.65,,,,
10/19/2008,iShares Global Water ETF USD Dist GBP,10.65,,,,
10/20/2008,iShares Global Water ETF USD Dist GBP,10.69,,,,
10/21/2008,iShares Global Water ETF USD Dist GBP,10.73,,,,
10/22/2008,iShares Global Water ETF USD Dist GBP,10.49,,,,
10/23/2008,iShares Global Water ETF USD Dist GBP,10.36,,,,
10/24/2008,iShares Global Water ETF USD Dist GBP,10.04,,,,
10/25/2008,iShares Global Water ETF USD Dist GBP,10.04,,,,
10/26/2008,iShares Global Water ETF USD Dist GBP,10.04,,,,
10/27/2008,iShares Global Water ETF USD Dist GBP,10.01,,,,
10/28/2008,iShares Global Water ETF USD Dist GBP,9.94,,,,
10/29/2008,iShares Global Water ETF USD Dist GBP,10.16,,,,
10/30/2008,iShares Global Water ETF USD Dist GBP,10.6,,,,
10/31/2008,iShares Global Water ETF USD Dist GBP,10.84,,,,
11/01/2008,iShares Global Water ETF USD Dist GBP,10.84,,,,
11/02/2008,iShares Global Water ETF USD Dist GBP,10.84,,,,
11/03/2008,iShares Global Water ETF USD Dist GBP,11.43,,,,
11/04/2008,iShares Global Water ETF USD Dist GBP,11.65,,,,
11/05/2008,iShares Global Water ETF USD Dist GBP,11.52,,,,
11/06/2008,iShares Global Water ETF USD Dist GBP,10.99,,,,
11/07/2008,iShares Global Water ETF USD Dist GBP,11.01,,,,
11/08/2008,iShares Global Water ETF USD Dist GBP,11.01,,,,
11/09/2008,iShares Global Water ETF USD Dist GBP,11.01,,,,
11/10/2008,iShares Global Water ETF USD Dist GBP,11.25,,,,
11/11/2008,iShares Global Water ETF USD Dist GBP,10.91,,,,
11/12/2008,iShares Global Water ETF USD Dist GBP,10.91,,,,
11/13/2008,iShares Global Water ETF USD Dist GBP,10.84,,,,
11/14/2008,iShares Global Water ETF USD Dist GBP,10.98,,,,
11/15/2008,iShares Global Water ETF USD Dist GBP,10.98,,,,
11/16/2008,iShares Global Water ETF USD Dist GBP,10.98,,,,
11/17/2008,iShares Global Water ETF USD Dist GBP,10.67,,,,
11/18/2008,iShares Global Water ETF USD Dist GBP,10.78,,,,
11/19/2008,iShares Global Water ETF USD Dist GBP,10.38,,,,
11/20/2008,iShares Global Water ETF USD Dist GBP,9.99,,,,
11/21/2008,iShares Global Water ETF USD Dist GBP,9.59,,,,
11/22/2008,iShares Global Water ETF USD Dist GBP,9.59,,,,
11/23/2008,iShares Global Water ETF USD Dist GBP,9.59,,,,
11/24/2008,iShares Global Water ETF USD Dist GBP,10.29,,,,
11/25/2008,iShares Global Water ETF USD Dist GBP,10.37,,,,
11/26/2008,iShares Global Water ETF USD Dist GBP,10.36,,,,
11/27/2008,iShares Global Water ETF USD Dist GBP,10.47,,,,
11/28/2008,iShares Global Water ETF USD Dist GBP,10.48,,,,
11/29/2008,iShares Global Water ETF USD Dist GBP,10.48,,,,
11/30/2008,iShares Global Water ETF USD Dist GBP,10.48,,,,
12/01/2008,iShares Global Water ETF USD Dist GBP,10.18,,,,
12/02/2008,iShares Global Water ETF USD Dist GBP,10.26,,,,
12/03/2008,iShares Global Water ETF USD Dist GBP,10.4,,,,
12/04/2008,iShares Global Water ETF USD Dist GBP,10.3,,,,
12/05/2008,iShares Global Water ETF USD Dist GBP,9.92,,,,
12/06/2008,iShares Global Water ETF USD Dist GBP,9.92,,,,
12/07/2008,iShares Global Water ETF USD Dist GBP,9.92,,,,
12/08/2008,iShares Global Water ETF USD Dist GBP,10.61,,,,
12/09/2008,iShares Global Water ETF USD Dist GBP,10.62,,,,
12/10/2008,iShares Global Water ETF USD Dist GBP,10.76,,,,
12/11/2008,iShares Global Water ETF USD Dist GBP,10.75,,,,
12/12/2008,iShares Global Water ETF USD Dist GBP,10.61,,,,
12/13/2008,iShares Global Water ETF USD Dist GBP,10.61,,,,
12/14/2008,iShares Global Water ETF USD Dist GBP,10.61,,,,
12/15/2008,iShares Global Water ETF USD Dist GBP,10.48,,,,
12/16/2008,iShares Global Water ETF USD Dist GBP,10.72,,,,
12/17/2008,iShares Global Water ETF USD Dist GBP,10.94,,,,
12/18/2008,iShares Global Water ETF USD Dist GBP,11.24,,,,
12/19/2008,iShares Global Water ETF USD Dist GBP,11.27,,,,
12/20/2008,iShares Global Water ETF USD Dist GBP,11.27,,,,
12/21/2008,iShares Global Water ETF USD Dist GBP,11.27,,,,
12/22/2008,iShares Global Water ETF USD Dist GBP,11.02,,,,
12/23/2008,iShares Global Water ETF USD Dist GBP,11.14,,,,
12/24/2008,iShares Global Water ETF USD Dist GBP,11.08,,,,
12/25/2008,iShares Global Water ETF USD Dist GBP,11.08,,,,
12/26/2008,iShares Global Water ETF USD Dist GBP,11.08,,,,
12/27/2008,iShares Global Water ETF USD Dist GBP,11.08,,,,
12/28/2008,iShares Global Water ETF USD Dist GBP,11.08,,,,
12/29/2008,iShares Global Water ETF USD Dist GBP,11.48,,,,
12/30/2008,iShares Global Water ETF USD Dist GBP,11.83,,,,
12/31/2008,iShares Global Water ETF USD Dist GBP,11.9,,,,
01/01/2009,iShares Global Water ETF USD Dist GBP,11.9,,,,
01/02/2009,iShares Global Water ETF USD Dist GBP,12.08,,,,
01/03/2009,iShares Global Water ETF USD Dist GBP,12.08,,,,
01/04/2009,iShares Global Water ETF USD Dist GBP,12.08,,,,
01/05/2009,iShares Global Water ETF USD Dist GBP,12.04,,,,
01/06/2009,iShares Global Water ETF USD Dist GBP,11.87,,,,
01/07/2009,iShares Global Water ETF USD Dist GBP,11.48,,,,
01/08/2009,iShares Global Water ETF USD Dist GBP,11.38,,,,
01/09/2009,iShares Global Water ETF USD Dist GBP,11.13,,,,
01/10/2009,iShares Global Water ETF USD Dist GBP,11.13,,,,
01/11/2009,iShares Global Water ETF USD Dist GBP,11.13,,,,
01/12/2009,iShares Global Water ETF USD Dist GBP,11.18,,,,
01/13/2009,iShares Global Water ETF USD Dist GBP,11.25,,,,
01/14/2009,iShares Global Water ETF USD Dist GBP,10.87,,,,
01/15/2009,iShares Global Water ETF USD Dist GBP,10.73,,,,
01/16/2009,iShares Global Water ETF USD Dist GBP,10.83,,,,
01/17/2009,iShares Global Water ETF USD Dist GBP,10.83,,,,
01/18/2009,iShares Global Water ETF USD Dist GBP,10.83,,,,
01/19/2009,iShares Global Water ETF USD Dist GBP,10.9,,,,
01/20/2009,iShares Global Water ETF USD Dist GBP,10.98,,,,
01/21/2009,iShares Global Water ETF USD Dist GBP,10.96,,,,
01/22/2009,iShares Global Water ETF USD Dist GBP,10.94,,,,
01/23/2009,iShares Global Water ETF USD Dist GBP,11,,,,
01/24/2009,iShares Global Water ETF USD Dist GBP,11,,,,
01/25/2009,iShares Global Water ETF USD Dist GBP,11,,,,
01/26/2009,iShares Global Water ETF USD Dist GBP,11.18,,,,
01/27/2009,iShares Global Water ETF USD Dist GBP,10.99,,,,
01/28/2009,iShares Global Water ETF USD Dist GBP,11.1,,,,
01/29/2009,iShares Global Water ETF USD Dist GBP,10.93,,,,
01/30/2009,iShares Global Water ETF USD Dist GBP,10.61,,,,
01/31/2009,iShares Global Water ETF USD Dist GBP,10.61,,,,
02/01/2009,iShares Global Water ETF USD Dist GBP,10.61,,,,
02/02/2009,iShares Global Water ETF USD Dist GBP,10.59,,,,
02/03/2009,iShares Global Water ETF USD Dist GBP,10.63,,,,
02/04/2009,iShares Global Water ETF USD Dist GBP,10.88,,,,
02/05/2009,iShares Global Water ETF USD Dist GBP,10.76,,,,
02/06/2009,iShares Global Water ETF USD Dist GBP,10.83,,,,
02/07/2009,iShares Global Water ETF USD Dist GBP,10.83,,,,
02/08/2009,iShares Global Water ETF USD Dist GBP,10.83,,,,
02/09/2009,iShares Global Water ETF USD Dist GBP,10.9,,,,
02/10/2009,iShares Global Water ETF USD Dist GBP,10.79,,,,
02/11/2009,iShares Global Water ETF USD Dist GBP,10.92,,,,
02/12/2009,iShares Global Water ETF USD Dist GBP,10.86,,,,
02/13/2009,iShares Global Water ETF USD Dist GBP,10.93,,,,
02/14/2009,iShares Global Water ETF USD Dist GBP,10.93,,,,
02/15/2009,iShares Global Water ETF USD Dist GBP,10.93,,,,
02/16/2009,iShares Global Water ETF USD Dist GBP,10.75,,,,
02/17/2009,iShares Global Water ETF USD Dist GBP,10.52,,,,
02/18/2009,iShares Global Water ETF USD Dist GBP,10.5,,,,
02/19/2009,iShares Global Water ETF USD Dist GBP,10.43,,,,
02/20/2009,iShares Global Water ETF USD Dist GBP,10.04,,,,
02/21/2009,iShares Global Water ETF USD Dist GBP,10.04,,,,
02/22/2009,iShares Global Water ETF USD Dist GBP,10.04,,,,
02/23/2009,iShares Global Water ETF USD Dist GBP,9.85,,,,
02/24/2009,iShares Global Water ETF USD Dist GBP,9.85,,,,
02/25/2009,iShares Global Water ETF USD Dist GBP,9.97,,,,
02/26/2009,iShares Global Water ETF USD Dist GBP,10,,,,
02/27/2009,iShares Global Water ETF USD Dist GBP,9.88,,,,
02/28/2009,iShares Global Water ETF USD Dist GBP,9.88,,,,
03/01/2009,iShares Global Water ETF USD Dist GBP,9.88,,,,
03/02/2009,iShares Global Water ETF USD Dist GBP,9.57,,,,
03/03/2009,iShares Global Water ETF USD Dist GBP,9.3,,,,
03/04/2009,iShares Global Water ETF USD Dist GBP,9.5,,,,
03/05/2009,iShares Global Water ETF USD Dist GBP,9.23,,,,
03/06/2009,iShares Global Water ETF USD Dist GBP,9.14,,,,
03/07/2009,iShares Global Water ETF USD Dist GBP,9.14,,,,
03/08/2009,iShares Global Water ETF USD Dist GBP,9.14,,,,
03/09/2009,iShares Global Water ETF USD Dist GBP,9.19,,,,
03/10/2009,iShares Global Water ETF USD Dist GBP,9.5,,,,
03/11/2009,iShares Global Water ETF USD Dist GBP,9.48,,,,
03/12/2009,iShares Global Water ETF USD Dist GBP,9.53,,,,
03/13/2009,iShares Global Water ETF USD Dist GBP,9.53,,,,
03/14/2009,iShares Global Water ETF USD Dist GBP,9.53,,,,
03/15/2009,iShares Global Water ETF USD Dist GBP,9.53,,,,
03/16/2009,iShares Global Water ETF USD Dist GBP,9.81,,,,
03/17/2009,iShares Global Water ETF USD Dist GBP,9.89,,,,
03/18/2009,iShares Global Water ETF USD Dist GBP,9.99,,,,
03/19/2009,iShares Global Water ETF USD Dist GBP,9.88,,,,
03/20/2009,iShares Global Water ETF USD Dist GBP,9.93,,,,
03/21/2009,iShares Global Water ETF USD Dist GBP,9.93,,,,
03/22/2009,iShares Global Water ETF USD Dist GBP,9.93,,,,
03/23/2009,iShares Global Water ETF USD Dist GBP,10.14,,,,
03/24/2009,iShares Global Water ETF USD Dist GBP,10.08,,,,
03/25/2009,iShares Global Water ETF USD Dist GBP,10.22,,,,
03/26/2009,iShares Global Water ETF USD Dist GBP,10.25,,,,
03/27/2009,iShares Global Water ETF USD Dist GBP,10.22,,,,
03/28/2009,iShares Global Water ETF USD Dist GBP,10.22,,,,
03/29/2009,iShares Global Water ETF USD Dist GBP,10.22,,,,
03/30/2009,iShares Global Water ETF USD Dist GBP,10,,,,
03/31/2009,iShares Global Water ETF USD Dist GBP,10.11,,,,
04/01/2009,iShares Global Water ETF USD Dist GBP,10.12,,,,
04/02/2009,iShares Global Water ETF USD Dist GBP,10.38,,,,
04/03/2009,iShares Global Water ETF USD Dist GBP,10.28,,,,
04/04/2009,iShares Global Water ETF USD Dist GBP,10.28,,,,
04/05/2009,iShares Global Water ETF USD Dist GBP,10.28,,,,
04/06/2009,iShares Global Water ETF USD Dist GBP,10.34,,,,
04/07/2009,iShares Global Water ETF USD Dist GBP,10.27,,,,
04/08/2009,iShares Global Water ETF USD Dist GBP,10.29,,,,
04/09/2009,iShares Global Water ETF USD Dist GBP,10.63,,,,
04/10/2009,iShares Global Water ETF USD Dist GBP,10.63,,,,
04/11/2009,iShares Global Water ETF USD Dist GBP,10.63,,,,
04/12/2009,iShares Global Water ETF USD Dist GBP,10.63,,,,
04/13/2009,iShares Global Water ETF USD Dist GBP,10.63,,,,
04/14/2009,iShares Global Water ETF USD Dist GBP,10.38,,,,
04/15/2009,iShares Global Water ETF USD Dist GBP,10.32,,,,
04/16/2009,iShares Global Water ETF USD Dist GBP,10.54,,,,
04/17/2009,iShares Global Water ETF USD Dist GBP,10.78,,,,
04/18/2009,iShares Global Water ETF USD Dist GBP,10.78,,,,
04/19/2009,iShares Global Water ETF USD Dist GBP,10.78,,,,
04/20/2009,iShares Global Water ETF USD Dist GBP,10.58,,,,
04/21/2009,iShares Global Water ETF USD Dist GBP,10.61,,,,
04/22/2009,iShares Global Water ETF USD Dist GBP,10.95,,,,
04/23/2009,iShares Global Water ETF USD Dist GBP,10.76,,,,
04/24/2009,iShares Global Water ETF USD Dist GBP,11.1,,,,
04/25/2009,iShares Global Water ETF USD Dist GBP,11.1,,,,
04/26/2009,iShares Global Water ETF USD Dist GBP,11.1,,,,
04/27/2009,iShares Global Water ETF USD Dist GBP,11.13,,,,
04/28/2009,iShares Global Water ETF USD Dist GBP,11.02,,,,
04/29/2009,iShares Global Water ETF USD Dist GBP,11.17,,,,
04/30/2009,iShares Global Water ETF USD Dist GBP,11.28,,,,
05/01/2009,iShares Global Water ETF USD Dist GBP,11.19,,,,
05/02/2009,iShares Global Water ETF USD Dist GBP,11.19,,,,
05/03/2009,iShares Global Water ETF USD Dist GBP,11.19,,,,
05/04/2009,iShares Global Water ETF USD Dist GBP,11.19,,,,
05/05/2009,iShares Global Water ETF USD Dist GBP,11.36,,,,
05/06/2009,iShares Global Water ETF USD Dist GBP,11.41,,,,
05/07/2009,iShares Global Water ETF USD Dist GBP,11.46,,,,
05/08/2009,iShares Global Water ETF USD Dist GBP,11.68,,,,
05/09/2009,iShares Global Water ETF USD Dist GBP,11.68,,,,
05/10/2009,iShares Global Water ETF USD Dist GBP,11.68,,,,
05/11/2009,iShares Global Water ETF USD Dist GBP,11.47,,,,
05/12/2009,iShares Global Water ETF USD Dist GBP,11.41,,,,
05/13/2009,iShares Global Water ETF USD Dist GBP,11.16,,,,
05/14/2009,iShares Global Water ETF USD Dist GBP,11.18,,,,
05/15/2009,iShares Global Water ETF USD Dist GBP,11.27,,,,
05/16/2009,iShares Global Water ETF USD Dist GBP,11.27,,,,
05/17/2009,iShares Global Water ETF USD Dist GBP,11.27,,,,
05/18/2009,iShares Global Water ETF USD Dist GBP,11.31,,,,
05/19/2009,iShares Global Water ETF USD Dist GBP,11.47,,,,
05/20/2009,iShares Global Water ETF USD Dist GBP,11.49,,,,
05/21/2009,iShares Global Water ETF USD Dist GBP,11.14,,,,
05/22/2009,iShares Global Water ETF USD Dist GBP,11.09,,,,
05/23/2009,iShares Global Water ETF USD Dist GBP,11.09,,,,
05/24/2009,iShares Global Water ETF USD Dist GBP,11.09,,,,
05/25/2009,iShares Global Water ETF USD Dist GBP,11.09,,,,
05/26/2009,iShares Global Water ETF USD Dist GBP,11.19,,,,
05/27/2009,iShares Global Water ETF USD Dist GBP,11.22,,,,
05/28/2009,iShares Global Water ETF USD Dist GBP,11.05,,,,
05/29/2009,iShares Global Water ETF USD Dist GBP,11.05,,,,
05/30/2009,iShares Global Water ETF USD Dist GBP,11.05,,,,
05/31/2009,iShares Global Water ETF USD Dist GBP,11.05,,,,
06/01/2009,iShares Global Water ETF USD Dist GBP,11.23,,,,
06/02/2009,iShares Global Water ETF USD Dist GBP,11.32,,,,
06/03/2009,iShares Global Water ETF USD Dist GBP,11.2,,,,
06/04/2009,iShares Global Water ETF USD Dist GBP,11.3,,,,
06/05/2009,iShares Global Water ETF USD Dist GBP,11.41,,,,
06/06/2009,iShares Global Water ETF USD Dist GBP,11.41,,,,
06/07/2009,iShares Global Water ETF USD Dist GBP,11.41,,,,
06/08/2009,iShares Global Water ETF USD Dist GBP,11.33,,,,
06/09/2009,iShares Global Water ETF USD Dist GBP,11.33,,,,
06/10/2009,iShares Global Water ETF USD Dist GBP,11.31,,,,
06/11/2009,iShares Global Water ETF USD Dist GBP,11.35,,,,
06/12/2009,iShares Global Water ETF USD Dist GBP,11.31,,,,
06/13/2009,iShares Global Water ETF USD Dist GBP,11.31,,,,
06/14/2009,iShares Global Water ETF USD Dist GBP,11.31,,,,
06/15/2009,iShares Global Water ETF USD Dist GBP,11.14,,,,
06/16/2009,iShares Global Water ETF USD Dist GBP,11.11,,,,
06/17/2009,iShares Global Water ETF USD Dist GBP,10.99,,,,
06/18/2009,iShares Global Water ETF USD Dist GBP,11.05,,,,
06/19/2009,iShares Global Water ETF USD Dist GBP,11.07,,,,
06/20/2009,iShares Global Water ETF USD Dist GBP,11.07,,,,
06/21/2009,iShares Global Water ETF USD Dist GBP,11.07,,,,
06/22/2009,iShares Global Water ETF USD Dist GBP,10.9,,,,
06/23/2009,iShares Global Water ETF USD Dist GBP,10.84,,,,
06/24/2009,iShares Global Water ETF USD Dist GBP,11.01,,,,
06/25/2009,iShares Global Water ETF USD Dist GBP,11.11,,,,
06/26/2009,iShares Global Water ETF USD Dist GBP,11.1,,,,
06/27/2009,iShares Global Water ETF USD Dist GBP,11.1,,,,
06/28/2009,iShares Global Water ETF USD Dist GBP,11.1,,,,
06/29/2009,iShares Global Water ETF USD Dist GBP,11.28,,,,
06/30/2009,iShares Global Water ETF USD Dist GBP,11.21,,,,
07/01/2009,iShares Global Water ETF USD Dist GBP,11.38,,,,
07/02/2009,iShares Global Water ETF USD Dist GBP,11.14,,,,
07/03/2009,iShares Global Water ETF USD Dist GBP,11.14,,,,
07/04/2009,iShares Global Water ETF USD Dist GBP,11.14,,,,
07/05/2009,iShares Global Water ETF USD Dist GBP,11.14,,,,
07/06/2009,iShares Global Water ETF USD Dist GBP,11.06,,,,
07/07/2009,iShares Global Water ETF USD Dist GBP,10.97,,,,
07/08/2009,iShares Global Water ETF USD Dist GBP,10.8,,,,
07/09/2009,iShares Global Water ETF USD Dist GBP,10.74,,,,
07/10/2009,iShares Global Water ETF USD Dist GBP,10.76,,,,
07/11/2009,iShares Global Water ETF USD Dist GBP,10.76,,,,
07/12/2009,iShares Global Water ETF USD Dist GBP,10.76,,,,
07/13/2009,iShares Global Water ETF USD Dist GBP,10.95,,,,
07/14/2009,iShares Global Water ETF USD Dist GBP,10.99,,,,
07/15/2009,iShares Global Water ETF USD Dist GBP,11.17,,,,
07/16/2009,iShares Global Water ETF USD Dist GBP,11.25,,,,
07/17/2009,iShares Global Water ETF USD Dist GBP,11.36,,,,
07/18/2009,iShares Global Water ETF USD Dist GBP,11.36,,,,
07/19/2009,iShares Global Water ETF USD Dist GBP,11.36,,,,
07/20/2009,iShares Global Water ETF USD Dist GBP,11.41,,,,
07/21/2009,iShares Global Water ETF USD Dist GBP,11.52,,,,
07/22/2009,iShares Global Water ETF USD Dist GBP,11.57,,,,
07/23/2009,iShares Global Water ETF USD Dist GBP,11.65,,,,
07/24/2009,iShares Global Water ETF USD Dist GBP,11.69,,,,
07/25/2009,iShares Global Water ETF USD Dist GBP,11.69,,,,
07/26/2009,iShares Global Water ETF USD Dist GBP,11.69,,,,
07/27/2009,iShares Global Water ETF USD Dist GBP,11.71,,,,
07/28/2009,iShares Global Water ETF USD Dist GBP,11.66,,,,
07/29/2009,iShares Global Water ETF USD Dist GBP,11.66,,,,
07/30/2009,iShares Global Water ETF USD Dist GBP,11.74,,,,
07/31/2009,iShares Global Water ETF USD Dist GBP,11.66,,,,
08/01/2009,iShares Global Water ETF USD Dist GBP,11.66,,,,
08/02/2009,iShares Global Water ETF USD Dist GBP,11.66,,,,
08/03/2009,iShares Global Water ETF USD Dist GBP,11.63,,,,
08/04/2009,iShares Global Water ETF USD Dist GBP,11.61,,,,
08/05/2009,iShares Global Water ETF USD Dist GBP,11.5,,,,
08/06/2009,iShares Global Water ETF USD Dist GBP,11.47,,,,
08/07/2009,iShares Global Water ETF USD Dist GBP,11.55,,,,
08/08/2009,iShares Global Water ETF USD Dist GBP,11.55,,,,
08/09/2009,iShares Global Water ETF USD Dist GBP,11.55,,,,
08/10/2009,iShares Global Water ETF USD Dist GBP,11.67,,,,
08/11/2009,iShares Global Water ETF USD Dist GBP,11.61,,,,
08/12/2009,iShares Global Water ETF USD Dist GBP,11.74,,,,
08/13/2009,iShares Global Water ETF USD Dist GBP,11.74,,,,
08/14/2009,iShares Global Water ETF USD Dist GBP,11.63,,,,
08/15/2009,iShares Global Water ETF USD Dist GBP,11.63,,,,
08/16/2009,iShares Global Water ETF USD Dist GBP,11.63,,,,
08/17/2009,iShares Global Water ETF USD Dist GBP,11.54,,,,
08/18/2009,iShares Global Water ETF USD Dist GBP,11.5,,,,
08/19/2009,iShares Global Water ETF USD Dist GBP,11.61,,,,
08/20/2009,iShares Global Water ETF USD Dist GBP,11.82,,,,
08/21/2009,iShares Global Water ETF USD Dist GBP,12.08,,,,
08/22/2009,iShares Global Water ETF USD Dist GBP,12.08,,,,
08/23/2009,iShares Global Water ETF USD Dist GBP,12.08,,,,
08/24/2009,iShares Global Water ETF USD Dist GBP,12.21,,,,
08/25/2009,iShares Global Water ETF USD Dist GBP,12.34,,,,
08/26/2009,iShares Global Water ETF USD Dist GBP,12.44,,,,
08/27/2009,iShares Global Water ETF USD Dist GBP,12.37,,,,
08/28/2009,iShares Global Water ETF USD Dist GBP,12.42,,,,
08/29/2009,iShares Global Water ETF USD Dist GBP,12.42,,,,
08/30/2009,iShares Global Water ETF USD Dist GBP,12.42,,,,
08/31/2009,iShares Global Water ETF USD Dist GBP,12.42,,,,
09/01/2009,iShares Global Water ETF USD Dist GBP,12.24,,,,
09/02/2009,iShares Global Water ETF USD Dist GBP,12.13,,,,
09/03/2009,iShares Global Water ETF USD Dist GBP,12.11,,,,
09/04/2009,iShares Global Water ETF USD Dist GBP,12.19,,,,
09/05/2009,iShares Global Water ETF USD Dist GBP,12.19,,,,
09/06/2009,iShares Global Water ETF USD Dist GBP,12.19,,,,
09/07/2009,iShares Global Water ETF USD Dist GBP,12.37,,,,
09/08/2009,iShares Global Water ETF USD Dist GBP,12.33,,,,
09/09/2009,iShares Global Water ETF USD Dist GBP,12.54,,,,
09/10/2009,iShares Global Water ETF USD Dist GBP,12.5,,,,
09/11/2009,iShares Global Water ETF USD Dist GBP,12.59,,,,
09/12/2009,iShares Global Water ETF USD Dist GBP,12.59,,,,
09/13/2009,iShares Global Water ETF USD Dist GBP,12.59,,,,
09/14/2009,iShares Global Water ETF USD Dist GBP,12.67,,,,
09/15/2009,iShares Global Water ETF USD Dist GBP,12.8,,,,
09/16/2009,iShares Global Water ETF USD Dist GBP,12.94,,,,
09/17/2009,iShares Global Water ETF USD Dist GBP,13.04,,,,
09/18/2009,iShares Global Water ETF USD Dist GBP,13.11,,,,
09/19/2009,iShares Global Water ETF USD Dist GBP,13.11,,,,
09/20/2009,iShares Global Water ETF USD Dist GBP,13.11,,,,
09/21/2009,iShares Global Water ETF USD Dist GBP,13.09,,,,
09/22/2009,iShares Global Water ETF USD Dist GBP,13.01,,,,
09/23/2009,iShares Global Water ETF USD Dist GBP,12.94,,,,
09/24/2009,iShares Global Water ETF USD Dist GBP,13.02,,,,
09/25/2009,iShares Global Water ETF USD Dist GBP,13.06,,,,
09/26/2009,iShares Global Water ETF USD Dist GBP,13.06,,,,
09/27/2009,iShares Global Water ETF USD Dist GBP,13.06,,,,
09/28/2009,iShares Global Water ETF USD Dist GBP,13.24,,,,
09/29/2009,iShares Global Water ETF USD Dist GBP,13.19,,,,
09/30/2009,iShares Global Water ETF USD Dist GBP,13.18,,,,
10/01/2009,iShares Global Water ETF USD Dist GBP,12.92,,,,
10/02/2009,iShares Global Water ETF USD Dist GBP,12.72,,,,
10/03/2009,iShares Global Water ETF USD Dist GBP,12.72,,,,
10/04/2009,iShares Global Water ETF USD Dist GBP,12.72,,,,
10/05/2009,iShares Global Water ETF USD Dist GBP,12.78,,,,
10/06/2009,iShares Global Water ETF USD Dist GBP,13.08,,,,
10/07/2009,iShares Global Water ETF USD Dist GBP,13,,,,
10/08/2009,iShares Global Water ETF USD Dist GBP,13.05,,,,
10/09/2009,iShares Global Water ETF USD Dist GBP,13.2,,,,
10/10/2009,iShares Global Water ETF USD Dist GBP,13.2,,,,
10/11/2009,iShares Global Water ETF USD Dist GBP,13.2,,,,
10/12/2009,iShares Global Water ETF USD Dist GBP,13.37,,,,
10/13/2009,iShares Global Water ETF USD Dist GBP,13.23,,,,
10/14/2009,iShares Global Water ETF USD Dist GBP,13.31,,,,
10/15/2009,iShares Global Water ETF USD Dist GBP,13.08,,,,
10/16/2009,iShares Global Water ETF USD Dist GBP,12.89,,,,
10/17/2009,iShares Global Water ETF USD Dist GBP,12.89,,,,
10/18/2009,iShares Global Water ETF USD Dist GBP,12.89,,,,
10/19/2009,iShares Global Water ETF USD Dist GBP,13.03,,,,
10/20/2009,iShares Global Water ETF USD Dist GBP,12.94,,,,
10/21/2009,iShares Global Water ETF USD Dist GBP,12.9,,,,
10/22/2009,iShares Global Water ETF USD Dist GBP,12.77,,,,
10/23/2009,iShares Global Water ETF USD Dist GBP,12.85,,,,
10/24/2009,iShares Global Water ETF USD Dist GBP,12.85,,,,
10/25/2009,iShares Global Water ETF USD Dist GBP,12.85,,,,
10/26/2009,iShares Global Water ETF USD Dist GBP,12.75,,,,
10/27/2009,iShares Global Water ETF USD Dist GBP,12.7,,,,
10/28/2009,iShares Global Water ETF USD Dist GBP,12.24,,,,
10/29/2009,iShares Global Water ETF USD Dist GBP,12.33,,,,
10/30/2009,iShares Global Water ETF USD Dist GBP,12.24,,,,
10/31/2009,iShares Global Water ETF USD Dist GBP,12.24,,,,
11/01/2009,iShares Global Water ETF USD Dist GBP,12.24,,,,
11/02/2009,iShares Global Water ETF USD Dist GBP,12.3,,,,
11/03/2009,iShares Global Water ETF USD Dist GBP,12.18,,,,
11/04/2009,iShares Global Water ETF USD Dist GBP,12.34,,,,
11/05/2009,iShares Global Water ETF USD Dist GBP,12.46,,,,
11/06/2009,iShares Global Water ETF USD Dist GBP,12.45,,,,
11/07/2009,iShares Global Water ETF USD Dist GBP,12.45,,,,
11/08/2009,iShares Global Water ETF USD Dist GBP,12.45,,,,
11/09/2009,iShares Global Water ETF USD Dist GBP,12.61,,,,
11/10/2009,iShares Global Water ETF USD Dist GBP,12.65,,,,
11/11/2009,iShares Global Water ETF USD Dist GBP,12.79,,,,
11/12/2009,iShares Global Water ETF USD Dist GBP,12.75,,,,
11/13/2009,iShares Global Water ETF USD Dist GBP,12.68,,,,
11/14/2009,iShares Global Water ETF USD Dist GBP,12.68,,,,
11/15/2009,iShares Global Water ETF USD Dist GBP,12.68,,,,
11/16/2009,iShares Global Water ETF USD Dist GBP,12.79,,,,
11/17/2009,iShares Global Water ETF USD Dist GBP,12.74,,,,
11/18/2009,iShares Global Water ETF USD Dist GBP,12.75,,,,
11/19/2009,iShares Global Water ETF USD Dist GBP,12.6,,,,
11/20/2009,iShares Global Water ETF USD Dist GBP,12.63,,,,
11/21/2009,iShares Global Water ETF USD Dist GBP,12.63,,,,
11/22/2009,iShares Global Water ETF USD Dist GBP,12.63,,,,
11/23/2009,iShares Global Water ETF USD Dist GBP,12.82,,,,
11/24/2009,iShares Global Water ETF USD Dist GBP,12.78,,,,
11/25/2009,iShares Global Water ETF USD Dist GBP,12.84,,,,
11/26/2009,iShares Global Water ETF USD Dist GBP,12.72,,,,
11/27/2009,iShares Global Water ETF USD Dist GBP,12.8,,,,
11/28/2009,iShares Global Water ETF USD Dist GBP,12.8,,,,
11/29/2009,iShares Global Water ETF USD Dist GBP,12.8,,,,
11/30/2009,iShares Global Water ETF USD Dist GBP,12.77,,,,
12/01/2009,iShares Global Water ETF USD Dist GBP,12.97,,,,
12/02/2009,iShares Global Water ETF USD Dist GBP,13.04,,,,
12/03/2009,iShares Global Water ETF USD Dist GBP,13.09,,,,
12/04/2009,iShares Global Water ETF USD Dist GBP,13.11,,,,
12/05/2009,iShares Global Water ETF USD Dist GBP,13.11,,,,
12/06/2009,iShares Global Water ETF USD Dist GBP,13.11,,,,
12/07/2009,iShares Global Water ETF USD Dist GBP,13.22,,,,
12/08/2009,iShares Global Water ETF USD Dist GBP,13.15,,,,
12/09/2009,iShares Global Water ETF USD Dist GBP,13.11,,,,
12/10/2009,iShares Global Water ETF USD Dist GBP,13.16,,,,
12/11/2009,iShares Global Water ETF USD Dist GBP,13.17,,,,
12/12/2009,iShares Global Water ETF USD Dist GBP,13.17,,,,
12/13/2009,iShares Global Water ETF USD Dist GBP,13.17,,,,
12/14/2009,iShares Global Water ETF USD Dist GBP,13.26,,,,
12/15/2009,iShares Global Water ETF USD Dist GBP,13.41,,,,
12/16/2009,iShares Global Water ETF USD Dist GBP,13.32,,,,
12/17/2009,iShares Global Water ETF USD Dist GBP,13.29,,,,
12/18/2009,iShares Global Water ETF USD Dist GBP,13.23,,,,
12/19/2009,iShares Global Water ETF USD Dist GBP,13.23,,,,
12/20/2009,iShares Global Water ETF USD Dist GBP,13.23,,,,
12/21/2009,iShares Global Water ETF USD Dist GBP,13.42,,,,
12/22/2009,iShares Global Water ETF USD Dist GBP,13.47,,,,
12/23/2009,iShares Global Water ETF USD Dist GBP,13.57,,,,
12/24/2009,iShares Global Water ETF USD Dist GBP,13.59,,,,
12/25/2009,iShares Global Water ETF USD Dist GBP,13.59,,,,
12/26/2009,iShares Global Water ETF USD Dist GBP,13.59,,,,
12/27/2009,iShares Global Water ETF USD Dist GBP,13.59,,,,
12/28/2009,iShares Global Water ETF USD Dist GBP,13.59,,,,
12/29/2009,iShares Global Water ETF USD Dist GBP,13.76,,,,
12/30/2009,iShares Global Water ETF USD Dist GBP,13.61,,,,
12/31/2009,iShares Global Water ETF USD Dist GBP,13.54,,,,
01/01/2010,iShares Global Water ETF USD Dist GBP,13.54,,,,
01/02/2010,iShares Global Water ETF USD Dist GBP,13.54,,,,
01/03/2010,iShares Global Water ETF USD Dist GBP,13.54,,,,
01/04/2010,iShares Global Water ETF USD Dist GBP,13.72,,,,
01/05/2010,iShares Global Water ETF USD Dist GBP,13.81,,,,
01/06/2010,iShares Global Water ETF USD Dist GBP,13.81,,,,
01/07/2010,iShares Global Water ETF USD Dist GBP,13.85,,,,
01/08/2010,iShares Global Water ETF USD Dist GBP,13.96,,,,
01/09/2010,iShares Global Water ETF USD Dist GBP,13.96,,,,
01/10/2010,iShares Global Water ETF USD Dist GBP,13.96,,,,
01/11/2010,iShares Global Water ETF USD Dist GBP,13.92,,,,
01/12/2010,iShares Global Water ETF USD Dist GBP,13.85,,,,
01/13/2010,iShares Global Water ETF USD Dist GBP,13.7,,,,
01/14/2010,iShares Global Water ETF USD Dist GBP,13.76,,,,
01/15/2010,iShares Global Water ETF USD Dist GBP,13.64,,,,
01/16/2010,iShares Global Water ETF USD Dist GBP,13.64,,,,
01/17/2010,iShares Global Water ETF USD Dist GBP,13.64,,,,
01/18/2010,iShares Global Water ETF USD Dist GBP,13.65,,,,
01/19/2010,iShares Global Water ETF USD Dist GBP,13.71,,,,
01/20/2010,iShares Global Water ETF USD Dist GBP,13.51,,,,
01/21/2010,iShares Global Water ETF USD Dist GBP,13.5,,,,
01/22/2010,iShares Global Water ETF USD Dist GBP,13.48,,,,
01/23/2010,iShares Global Water ETF USD Dist GBP,13.48,,,,
01/24/2010,iShares Global Water ETF USD Dist GBP,13.48,,,,
01/25/2010,iShares Global Water ETF USD Dist GBP,13.3,,,,
01/26/2010,iShares Global Water ETF USD Dist GBP,13.33,,,,
01/27/2010,iShares Global Water ETF USD Dist GBP,13.14,,,,
01/28/2010,iShares Global Water ETF USD Dist GBP,12.96,,,,
01/29/2010,iShares Global Water ETF USD Dist GBP,13.13,,,,
01/30/2010,iShares Global Water ETF USD Dist GBP,13.13,,,,
01/31/2010,iShares Global Water ETF USD Dist GBP,13.13,,,,
02/01/2010,iShares Global Water ETF USD Dist GBP,13.33,,,,
02/02/2010,iShares Global Water ETF USD Dist GBP,13.4,,,,
02/03/2010,iShares Global Water ETF USD Dist GBP,13.33,,,,
02/04/2010,iShares Global Water ETF USD Dist GBP,13.15,,,,
02/05/2010,iShares Global Water ETF USD Dist GBP,12.98,,,,
02/06/2010,iShares Global Water ETF USD Dist GBP,12.98,,,,
02/07/2010,iShares Global Water ETF USD Dist GBP,12.98,,,,
02/08/2010,iShares Global Water ETF USD Dist GBP,12.98,,,,
02/09/2010,iShares Global Water ETF USD Dist GBP,13.03,,,,
02/10/2010,iShares Global Water ETF USD Dist GBP,13.11,,,,
02/11/2010,iShares Global Water ETF USD Dist GBP,13.1,,,,
02/12/2010,iShares Global Water ETF USD Dist GBP,13.08,,,,
02/13/2010,iShares Global Water ETF USD Dist GBP,13.08,,,,
02/14/2010,iShares Global Water ETF USD Dist GBP,13.08,,,,
02/15/2010,iShares Global Water ETF USD Dist GBP,13.14,,,,
02/16/2010,iShares Global Water ETF USD Dist GBP,13.22,,,,
02/17/2010,iShares Global Water ETF USD Dist GBP,13.31,,,,
02/18/2010,iShares Global Water ETF USD Dist GBP,13.44,,,,
02/19/2010,iShares Global Water ETF USD Dist GBP,13.63,,,,
02/20/2010,iShares Global Water ETF USD Dist GBP,13.63,,,,
02/21/2010,iShares Global Water ETF USD Dist GBP,13.63,,,,
02/22/2010,iShares Global Water ETF USD Dist GBP,13.62,,,,
02/23/2010,iShares Global Water ETF USD Dist GBP,13.56,,,,
02/24/2010,iShares Global Water ETF USD Dist GBP,13.58,,,,
02/25/2010,iShares Global Water ETF USD Dist GBP,13.53,,,,
02/26/2010,iShares Global Water ETF USD Dist GBP,13.7,,,,
02/27/2010,iShares Global Water ETF USD Dist GBP,13.7,,,,
02/28/2010,iShares Global Water ETF USD Dist GBP,13.7,,,,
03/01/2010,iShares Global Water ETF USD Dist GBP,14.03,,,,
03/02/2010,iShares Global Water ETF USD Dist GBP,14.19,,,,
03/03/2010,iShares Global Water ETF USD Dist GBP,14.22,,,,
03/04/2010,iShares Global Water ETF USD Dist GBP,14.15,,,,
03/05/2010,iShares Global Water ETF USD Dist GBP,14.12,,,,
03/06/2010,iShares Global Water ETF USD Dist GBP,14.12,,,,
03/07/2010,iShares Global Water ETF USD Dist GBP,14.12,,,,
03/08/2010,iShares Global Water ETF USD Dist GBP,14.21,,,,
03/09/2010,iShares Global Water ETF USD Dist GBP,14.3,,,,
03/10/2010,iShares Global Water ETF USD Dist GBP,14.43,,,,
03/11/2010,iShares Global Water ETF USD Dist GBP,14.25,,,,
03/12/2010,iShares Global Water ETF USD Dist GBP,14.2,,,,
03/13/2010,iShares Global Water ETF USD Dist GBP,14.2,,,,
03/14/2010,iShares Global Water ETF USD Dist GBP,14.2,,,,
03/15/2010,iShares Global Water ETF USD Dist GBP,14.25,,,,
03/16/2010,iShares Global Water ETF USD Dist GBP,14.22,,,,
03/17/2010,iShares Global Water ETF USD Dist GBP,14.24,,,,
03/18/2010,iShares Global Water ETF USD Dist GBP,14.25,,,,
03/19/2010,iShares Global Water ETF USD Dist GBP,14.38,,,,
03/20/2010,iShares Global Water ETF USD Dist GBP,14.38,,,,
03/21/2010,iShares Global Water ETF USD Dist GBP,14.38,,,,
03/22/2010,iShares Global Water ETF USD Dist GBP,14.31,,,,
03/23/2010,iShares Global Water ETF USD Dist GBP,14.43,,,,
03/24/2010,iShares Global Water ETF USD Dist GBP,14.49,,,,
03/25/2010,iShares Global Water ETF USD Dist GBP,14.6,,,,
03/26/2010,iShares Global Water ETF USD Dist GBP,14.49,,,,
03/27/2010,iShares Global Water ETF USD Dist GBP,14.49,,,,
03/28/2010,iShares Global Water ETF USD Dist GBP,14.49,,,,
03/29/2010,iShares Global Water ETF USD Dist GBP,14.58,,,,
03/30/2010,iShares Global Water ETF USD Dist GBP,14.5,,,,
03/31/2010,iShares Global Water ETF USD Dist GBP,14.46,,,,
04/01/2010,iShares Global Water ETF USD Dist GBP,14.55,,,,
04/02/2010,iShares Global Water ETF USD Dist GBP,14.55,,,,
04/03/2010,iShares Global Water ETF USD Dist GBP,14.55,,,,
04/04/2010,iShares Global Water ETF USD Dist GBP,14.55,,,,
04/05/2010,iShares Global Water ETF USD Dist GBP,14.55,,,,
04/06/2010,iShares Global Water ETF USD Dist GBP,14.64,,,,
04/07/2010,iShares Global Water ETF USD Dist GBP,14.57,,,,
04/08/2010,iShares Global Water ETF USD Dist GBP,14.48,,,,
04/09/2010,iShares Global Water ETF USD Dist GBP,14.54,,,,
04/10/2010,iShares Global Water ETF USD Dist GBP,14.54,,,,
04/11/2010,iShares Global Water ETF USD Dist GBP,14.54,,,,
04/12/2010,iShares Global Water ETF USD Dist GBP,14.58,,,,
04/13/2010,iShares Global Water ETF USD Dist GBP,14.52,,,,
04/14/2010,iShares Global Water ETF USD Dist GBP,14.54,,,,
04/15/2010,iShares Global Water ETF USD Dist GBP,14.6,,,,
04/16/2010,iShares Global Water ETF USD Dist GBP,14.47,,,,
04/17/2010,iShares Global Water ETF USD Dist GBP,14.47,,,,
04/18/2010,iShares Global Water ETF USD Dist GBP,14.47,,,,
04/19/2010,iShares Global Water ETF USD Dist GBP,14.44,,,,
04/20/2010,iShares Global Water ETF USD Dist GBP,14.49,,,,
04/21/2010,iShares Global Water ETF USD Dist GBP,14.39,,,,
04/22/2010,iShares Global Water ETF USD Dist GBP,14.32,,,,
04/23/2010,iShares Global Water ETF USD Dist GBP,14.51,,,,
04/24/2010,iShares Global Water ETF USD Dist GBP,14.51,,,,
04/25/2010,iShares Global Water ETF USD Dist GBP,14.51,,,,
04/26/2010,iShares Global Water ETF USD Dist GBP,14.49,,,,
04/27/2010,iShares Global Water ETF USD Dist GBP,14.38,,,,
04/28/2010,iShares Global Water ETF USD Dist GBP,14.23,,,,
04/29/2010,iShares Global Water ETF USD Dist GBP,14.41,,,,
04/30/2010,iShares Global Water ETF USD Dist GBP,14.41,,,,
05/01/2010,iShares Global Water ETF USD Dist GBP,14.41,,,,
05/02/2010,iShares Global Water ETF USD Dist GBP,14.41,,,,
05/03/2010,iShares Global Water ETF USD Dist GBP,14.41,,,,
05/04/2010,iShares Global Water ETF USD Dist GBP,14.18,,,,
05/05/2010,iShares Global Water ETF USD Dist GBP,13.97,,,,
05/06/2010,iShares Global Water ETF USD Dist GBP,13.79,,,,
05/07/2010,iShares Global Water ETF USD Dist GBP,13.53,,,,
05/08/2010,iShares Global Water ETF USD Dist GBP,13.53,,,,
05/09/2010,iShares Global Water ETF USD Dist GBP,13.53,,,,
05/10/2010,iShares Global Water ETF USD Dist GBP,13.86,,,,
05/11/2010,iShares Global Water ETF USD Dist GBP,13.89,,,,
05/12/2010,iShares Global Water ETF USD Dist GBP,14.18,,,,
05/13/2010,iShares Global Water ETF USD Dist GBP,14.37,,,,
05/14/2010,iShares Global Water ETF USD Dist GBP,14.03,,,,
05/15/2010,iShares Global Water ETF USD Dist GBP,14.03,,,,
05/16/2010,iShares Global Water ETF USD Dist GBP,14.03,,,,
05/17/2010,iShares Global Water ETF USD Dist GBP,14.08,,,,
05/18/2010,iShares Global Water ETF USD Dist GBP,14.28,,,,
05/19/2010,iShares Global Water ETF USD Dist GBP,13.87,,,,
05/20/2010,iShares Global Water ETF USD Dist GBP,13.61,,,,
05/21/2010,iShares Global Water ETF USD Dist GBP,13.51,,,,
05/22/2010,iShares Global Water ETF USD Dist GBP,13.51,,,,
05/23/2010,iShares Global Water ETF USD Dist GBP,13.51,,,,
05/24/2010,iShares Global Water ETF USD Dist GBP,13.48,,,,
05/25/2010,iShares Global Water ETF USD Dist GBP,13.22,,,,
05/26/2010,iShares Global Water ETF USD Dist GBP,13.39,,,,
05/27/2010,iShares Global Water ETF USD Dist GBP,13.59,,,,
05/28/2010,iShares Global Water ETF USD Dist GBP,13.72,,,,
05/29/2010,iShares Global Water ETF USD Dist GBP,13.72,,,,
05/30/2010,iShares Global Water ETF USD Dist GBP,13.72,,,,
05/31/2010,iShares Global Water ETF USD Dist GBP,13.72,,,,
06/01/2010,iShares Global Water ETF USD Dist GBP,13.51,,,,
06/02/2010,iShares Global Water ETF USD Dist GBP,13.49,,,,
06/03/2010,iShares Global Water ETF USD Dist GBP,13.71,,,,
06/04/2010,iShares Global Water ETF USD Dist GBP,13.48,,,,
06/05/2010,iShares Global Water ETF USD Dist GBP,13.48,,,,
06/06/2010,iShares Global Water ETF USD Dist GBP,13.48,,,,
06/07/2010,iShares Global Water ETF USD Dist GBP,13.25,,,,
06/08/2010,iShares Global Water ETF USD Dist GBP,13.18,,,,
06/09/2010,iShares Global Water ETF USD Dist GBP,13.31,,,,
06/10/2010,iShares Global Water ETF USD Dist GBP,13.41,,,,
06/11/2010,iShares Global Water ETF USD Dist GBP,13.55,,,,
06/12/2010,iShares Global Water ETF USD Dist GBP,13.55,,,,
06/13/2010,iShares Global Water ETF USD Dist GBP,13.55,,,,
06/14/2010,iShares Global Water ETF USD Dist GBP,13.73,,,,
06/15/2010,iShares Global Water ETF USD Dist GBP,13.74,,,,
06/16/2010,iShares Global Water ETF USD Dist GBP,13.81,,,,
06/17/2010,iShares Global Water ETF USD Dist GBP,13.8,,,,
06/18/2010,iShares Global Water ETF USD Dist GBP,13.94,,,,
06/19/2010,iShares Global Water ETF USD Dist GBP,13.94,,,,
06/20/2010,iShares Global Water ETF USD Dist GBP,13.94,,,,
06/21/2010,iShares Global Water ETF USD Dist GBP,13.98,,,,
06/22/2010,iShares Global Water ETF USD Dist GBP,13.82,,,,
06/23/2010,iShares Global Water ETF USD Dist GBP,13.43,,,,
06/24/2010,iShares Global Water ETF USD Dist GBP,13.33,,,,
06/25/2010,iShares Global Water ETF USD Dist GBP,13.31,,,,
06/26/2010,iShares Global Water ETF USD Dist GBP,13.31,,,,
06/27/2010,iShares Global Water ETF USD Dist GBP,13.31,,,,
06/28/2010,iShares Global Water ETF USD Dist GBP,13.33,,,,
06/29/2010,iShares Global Water ETF USD Dist GBP,13.01,,,,
06/30/2010,iShares Global Water ETF USD Dist GBP,13.12,,,,
07/01/2010,iShares Global Water ETF USD Dist GBP,12.8,,,,
07/02/2010,iShares Global Water ETF USD Dist GBP,12.85,,,,
07/03/2010,iShares Global Water ETF USD Dist GBP,12.85,,,,
07/04/2010,iShares Global Water ETF USD Dist GBP,12.85,,,,
07/05/2010,iShares Global Water ETF USD Dist GBP,12.87,,,,
07/06/2010,iShares Global Water ETF USD Dist GBP,13.05,,,,
07/07/2010,iShares Global Water ETF USD Dist GBP,13.15,,,,
07/08/2010,iShares Global Water ETF USD Dist GBP,13.4,,,,
07/09/2010,iShares Global Water ETF USD Dist GBP,13.49,,,,
07/10/2010,iShares Global Water ETF USD Dist GBP,13.49,,,,
07/11/2010,iShares Global Water ETF USD Dist GBP,13.49,,,,
07/12/2010,iShares Global Water ETF USD Dist GBP,13.45,,,,
07/13/2010,iShares Global Water ETF USD Dist GBP,13.63,,,,
07/14/2010,iShares Global Water ETF USD Dist GBP,13.56,,,,
07/15/2010,iShares Global Water ETF USD Dist GBP,13.43,,,,
07/16/2010,iShares Global Water ETF USD Dist GBP,13.3,,,,
07/17/2010,iShares Global Water ETF USD Dist GBP,13.3,,,,
07/18/2010,iShares Global Water ETF USD Dist GBP,13.3,,,,
07/19/2010,iShares Global Water ETF USD Dist GBP,13.26,,,,
07/20/2010,iShares Global Water ETF USD Dist GBP,13.24,,,,
07/21/2010,iShares Global Water ETF USD Dist GBP,13.4,,,,
07/22/2010,iShares Global Water ETF USD Dist GBP,13.51,,,,
07/23/2010,iShares Global Water ETF USD Dist GBP,13.46,,,,
07/24/2010,iShares Global Water ETF USD Dist GBP,13.46,,,,
07/25/2010,iShares Global Water ETF USD Dist GBP,13.46,,,,
07/26/2010,iShares Global Water ETF USD Dist GBP,13.6,,,,
07/27/2010,iShares Global Water ETF USD Dist GBP,13.57,,,,
07/28/2010,iShares Global Water ETF USD Dist GBP,13.5,,,,
07/29/2010,iShares Global Water ETF USD Dist GBP,13.52,,,,
07/30/2010,iShares Global Water ETF USD Dist GBP,13.48,,,,
07/31/2010,iShares Global Water ETF USD Dist GBP,13.48,,,,
08/01/2010,iShares Global Water ETF USD Dist GBP,13.48,,,,
08/02/2010,iShares Global Water ETF USD Dist GBP,13.7,,,,
08/03/2010,iShares Global Water ETF USD Dist GBP,13.62,,,,
08/04/2010,iShares Global Water ETF USD Dist GBP,13.63,,,,
08/05/2010,iShares Global Water ETF USD Dist GBP,13.69,,,,
08/06/2010,iShares Global Water ETF USD Dist GBP,13.51,,,,
08/07/2010,iShares Global Water ETF USD Dist GBP,13.51,,,,
08/08/2010,iShares Global Water ETF USD Dist GBP,13.51,,,,
08/09/2010,iShares Global Water ETF USD Dist GBP,13.64,,,,
08/10/2010,iShares Global Water ETF USD Dist GBP,13.61,,,,
08/11/2010,iShares Global Water ETF USD Dist GBP,13.31,,,,
08/12/2010,iShares Global Water ETF USD Dist GBP,13.31,,,,
08/13/2010,iShares Global Water ETF USD Dist GBP,13.28,,,,
08/14/2010,iShares Global Water ETF USD Dist GBP,13.28,,,,
08/15/2010,iShares Global Water ETF USD Dist GBP,13.28,,,,
08/16/2010,iShares Global Water ETF USD Dist GBP,13.21,,,,
08/17/2010,iShares Global Water ETF USD Dist GBP,13.48,,,,
08/18/2010,iShares Global Water ETF USD Dist GBP,13.4,,,,
08/19/2010,iShares Global Water ETF USD Dist GBP,13.12,,,,
08/20/2010,iShares Global Water ETF USD Dist GBP,13.01,,,,
08/21/2010,iShares Global Water ETF USD Dist GBP,13.01,,,,
08/22/2010,iShares Global Water ETF USD Dist GBP,13.01,,,,
08/23/2010,iShares Global Water ETF USD Dist GBP,13,,,,
08/24/2010,iShares Global Water ETF USD Dist GBP,12.93,,,,
08/25/2010,iShares Global Water ETF USD Dist GBP,12.85,,,,
08/26/2010,iShares Global Water ETF USD Dist GBP,12.88,,,,
08/27/2010,iShares Global Water ETF USD Dist GBP,13.01,,,,
08/28/2010,iShares Global Water ETF USD Dist GBP,13.01,,,,
08/29/2010,iShares Global Water ETF USD Dist GBP,13.01,,,,
08/30/2010,iShares Global Water ETF USD Dist GBP,13.01,,,,
08/31/2010,iShares Global Water ETF USD Dist GBP,13.06,,,,
09/01/2010,iShares Global Water ETF USD Dist GBP,13.33,,,,
09/02/2010,iShares Global Water ETF USD Dist GBP,13.41,,,,
09/03/2010,iShares Global Water ETF USD Dist GBP,13.5,,,,
09/04/2010,iShares Global Water ETF USD Dist GBP,13.5,,,,
09/05/2010,iShares Global Water ETF USD Dist GBP,13.5,,,,
09/06/2010,iShares Global Water ETF USD Dist GBP,13.66,,,,
09/07/2010,iShares Global Water ETF USD Dist GBP,13.65,,,,
09/08/2010,iShares Global Water ETF USD Dist GBP,13.59,,,,
09/09/2010,iShares Global Water ETF USD Dist GBP,13.7,,,,
09/10/2010,iShares Global Water ETF USD Dist GBP,13.71,,,,
09/11/2010,iShares Global Water ETF USD Dist GBP,13.71,,,,
09/12/2010,iShares Global Water ETF USD Dist GBP,13.71,,,,
09/13/2010,iShares Global Water ETF USD Dist GBP,13.79,,,,
09/14/2010,iShares Global Water ETF USD Dist GBP,13.78,,,,
09/15/2010,iShares Global Water ETF USD Dist GBP,13.62,,,,
09/16/2010,iShares Global Water ETF USD Dist GBP,13.58,,,,
09/17/2010,iShares Global Water ETF USD Dist GBP,13.53,,,,
09/18/2010,iShares Global Water ETF USD Dist GBP,13.53,,,,
09/19/2010,iShares Global Water ETF USD Dist GBP,13.53,,,,
09/20/2010,iShares Global Water ETF USD Dist GBP,13.79,,,,
09/21/2010,iShares Global Water ETF USD Dist GBP,13.77,,,,
09/22/2010,iShares Global Water ETF USD Dist GBP,13.73,,,,
09/23/2010,iShares Global Water ETF USD Dist GBP,13.64,,,,
09/24/2010,iShares Global Water ETF USD Dist GBP,13.69,,,,
09/25/2010,iShares Global Water ETF USD Dist GBP,13.69,,,,
09/26/2010,iShares Global Water ETF USD Dist GBP,13.69,,,,
09/27/2010,iShares Global Water ETF USD Dist GBP,13.71,,,,
09/28/2010,iShares Global Water ETF USD Dist GBP,13.76,,,,
09/29/2010,iShares Global Water ETF USD Dist GBP,13.8,,,,
09/30/2010,iShares Global Water ETF USD Dist GBP,13.79,,,,
10/01/2010,iShares Global Water ETF USD Dist GBP,13.78,,,,
10/02/2010,iShares Global Water ETF USD Dist GBP,13.78,,,,
10/03/2010,iShares Global Water ETF USD Dist GBP,13.78,,,,
10/04/2010,iShares Global Water ETF USD Dist GBP,13.69,,,,
10/05/2010,iShares Global Water ETF USD Dist GBP,13.86,,,,
10/06/2010,iShares Global Water ETF USD Dist GBP,13.99,,,,
10/07/2010,iShares Global Water ETF USD Dist GBP,13.95,,,,
10/08/2010,iShares Global Water ETF USD Dist GBP,14.02,,,,
10/09/2010,iShares Global Water ETF USD Dist GBP,14.02,,,,
10/10/2010,iShares Global Water ETF USD Dist GBP,14.02,,,,
10/11/2010,iShares Global Water ETF USD Dist GBP,14.09,,,,
10/12/2010,iShares Global Water ETF USD Dist GBP,14.14,,,,
10/13/2010,iShares Global Water ETF USD Dist GBP,14.3,,,,
10/14/2010,iShares Global Water ETF USD Dist GBP,14.27,,,,
10/15/2010,iShares Global Water ETF USD Dist GBP,14.15,,,,
10/16/2010,iShares Global Water ETF USD Dist GBP,14.15,,,,
10/17/2010,iShares Global Water ETF USD Dist GBP,14.15,,,,
10/18/2010,iShares Global Water ETF USD Dist GBP,14.29,,,,
10/19/2010,iShares Global Water ETF USD Dist GBP,14.3,,,,
10/20/2010,iShares Global Water ETF USD Dist GBP,14.3,,,,
10/21/2010,iShares Global Water ETF USD Dist GBP,14.51,,,,
10/22/2010,iShares Global Water ETF USD Dist GBP,14.52,,,,
10/23/2010,iShares Global Water ETF USD Dist GBP,14.52,,,,
10/24/2010,iShares Global Water ETF USD Dist GBP,14.52,,,,
10/25/2010,iShares Global Water ETF USD Dist GBP,14.57,,,,
10/26/2010,iShares Global Water ETF USD Dist GBP,14.35,,,,
10/27/2010,iShares Global Water ETF USD Dist GBP,14.16,,,,
10/28/2010,iShares Global Water ETF USD Dist GBP,14.17,,,,
10/29/2010,iShares Global Water ETF USD Dist GBP,14.13,,,,
10/30/2010,iShares Global Water ETF USD Dist GBP,14.13,,,,
10/31/2010,iShares Global Water ETF USD Dist GBP,14.13,,,,
11/01/2010,iShares Global Water ETF USD Dist GBP,14.18,,,,
11/02/2010,iShares Global Water ETF USD Dist GBP,14.34,,,,
11/03/2010,iShares Global Water ETF USD Dist GBP,14.22,,,,
11/04/2010,iShares Global Water ETF USD Dist GBP,14.47,,,,
11/05/2010,iShares Global Water ETF USD Dist GBP,14.61,,,,
11/06/2010,iShares Global Water ETF USD Dist GBP,14.61,,,,
11/07/2010,iShares Global Water ETF USD Dist GBP,14.61,,,,
11/08/2010,iShares Global Water ETF USD Dist GBP,14.52,,,,
11/09/2010,iShares Global Water ETF USD Dist GBP,14.65,,,,
11/10/2010,iShares Global Water ETF USD Dist GBP,14.5,,,,
11/11/2010,iShares Global Water ETF USD Dist GBP,14.43,,,,
11/12/2010,iShares Global Water ETF USD Dist GBP,14.41,,,,
11/13/2010,iShares Global Water ETF USD Dist GBP,14.41,,,,
11/14/2010,iShares Global Water ETF USD Dist GBP,14.41,,,,
11/15/2010,iShares Global Water ETF USD Dist GBP,14.53,,,,
11/16/2010,iShares Global Water ETF USD Dist GBP,14.32,,,,
11/17/2010,iShares Global Water ETF USD Dist GBP,14.35,,,,
11/18/2010,iShares Global Water ETF USD Dist GBP,14.48,,,,
11/19/2010,iShares Global Water ETF USD Dist GBP,14.58,,,,
11/20/2010,iShares Global Water ETF USD Dist GBP,14.58,,,,
11/21/2010,iShares Global Water ETF USD Dist GBP,14.58,,,,
11/22/2010,iShares Global Water ETF USD Dist GBP,14.59,,,,
11/23/2010,iShares Global Water ETF USD Dist GBP,14.46,,,,
11/24/2010,iShares Global Water ETF USD Dist GBP,14.65,,,,
11/25/2010,iShares Global Water ETF USD Dist GBP,14.69,,,,
11/26/2010,iShares Global Water ETF USD Dist GBP,14.73,,,,
11/27/2010,iShares Global Water ETF USD Dist GBP,14.73,,,,
11/28/2010,iShares Global Water ETF USD Dist GBP,14.73,,,,
11/29/2010,iShares Global Water ETF USD Dist GBP,14.48,,,,
11/30/2010,iShares Global Water ETF USD Dist GBP,14.47,,,,
12/01/2010,iShares Global Water ETF USD Dist GBP,14.69,,,,
12/02/2010,iShares Global Water ETF USD Dist GBP,14.91,,,,
12/03/2010,iShares Global Water ETF USD Dist GBP,14.9,,,,
12/04/2010,iShares Global Water ETF USD Dist GBP,14.9,,,,
12/05/2010,iShares Global Water ETF USD Dist GBP,14.9,,,,
12/06/2010,iShares Global Water ETF USD Dist GBP,14.93,,,,
12/07/2010,iShares Global Water ETF USD Dist GBP,15.03,,,,
12/08/2010,iShares Global Water ETF USD Dist GBP,15,,,,
12/09/2010,iShares Global Water ETF USD Dist GBP,15.01,,,,
12/10/2010,iShares Global Water ETF USD Dist GBP,15.02,,,,
12/11/2010,iShares Global Water ETF USD Dist GBP,15.02,,,,
12/12/2010,iShares Global Water ETF USD Dist GBP,15.02,,,,
12/13/2010,iShares Global Water ETF USD Dist GBP,15.17,,,,
12/14/2010,iShares Global Water ETF USD Dist GBP,15.29,,,,
12/15/2010,iShares Global Water ETF USD Dist GBP,15.4,,,,
12/16/2010,iShares Global Water ETF USD Dist GBP,15.43,,,,
12/17/2010,iShares Global Water ETF USD Dist GBP,15.53,,,,
12/18/2010,iShares Global Water ETF USD Dist GBP,15.53,,,,
12/19/2010,iShares Global Water ETF USD Dist GBP,15.53,,,,
12/20/2010,iShares Global Water ETF USD Dist GBP,15.61,,,,
12/21/2010,iShares Global Water ETF USD Dist GBP,15.73,,,,
12/22/2010,iShares Global Water ETF USD Dist GBP,15.82,,,,
12/23/2010,iShares Global Water ETF USD Dist GBP,15.85,,,,
12/24/2010,iShares Global Water ETF USD Dist GBP,15.8,,,,
12/25/2010,iShares Global Water ETF USD Dist GBP,15.8,,,,
12/26/2010,iShares Global Water ETF USD Dist GBP,15.8,,,,
12/27/2010,iShares Global Water ETF USD Dist GBP,15.88,,,,
12/28/2010,iShares Global Water ETF USD Dist GBP,15.88,,,,
12/29/2010,iShares Global Water ETF USD Dist GBP,15.89,,,,
12/30/2010,iShares Global Water ETF USD Dist GBP,15.98,,,,
12/31/2010,iShares Global Water ETF USD Dist GBP,15.79,,,,
01/01/2011,iShares Global Water ETF USD Dist GBP,15.79,,,,
01/02/2011,iShares Global Water ETF USD Dist GBP,15.79,,,,
01/03/2011,iShares Global Water ETF USD Dist GBP,15.79,,,,
01/04/2011,iShares Global Water ETF USD Dist GBP,15.73,,,,
01/05/2011,iShares Global Water ETF USD Dist GBP,15.71,,,,
01/06/2011,iShares Global Water ETF USD Dist GBP,15.65,,,,
01/07/2011,iShares Global Water ETF USD Dist GBP,15.54,,,,
01/08/2011,iShares Global Water ETF USD Dist GBP,15.54,,,,
01/09/2011,iShares Global Water ETF USD Dist GBP,15.54,,,,
01/10/2011,iShares Global Water ETF USD Dist GBP,15.37,,,,
01/11/2011,iShares Global Water ETF USD Dist GBP,15.52,,,,
01/12/2011,iShares Global Water ETF USD Dist GBP,15.68,,,,
01/13/2011,iShares Global Water ETF USD Dist GBP,15.41,,,,
01/14/2011,iShares Global Water ETF USD Dist GBP,15.37,,,,
01/15/2011,iShares Global Water ETF USD Dist GBP,15.37,,,,
01/16/2011,iShares Global Water ETF USD Dist GBP,15.37,,,,
01/17/2011,iShares Global Water ETF USD Dist GBP,15.34,,,,
01/18/2011,iShares Global Water ETF USD Dist GBP,15.38,,,,
01/19/2011,iShares Global Water ETF USD Dist GBP,15.29,,,,
01/20/2011,iShares Global Water ETF USD Dist GBP,15.13,,,,
01/21/2011,iShares Global Water ETF USD Dist GBP,15,,,,
01/22/2011,iShares Global Water ETF USD Dist GBP,15,,,,
01/23/2011,iShares Global Water ETF USD Dist GBP,15,,,,
01/24/2011,iShares Global Water ETF USD Dist GBP,15.12,,,,
01/25/2011,iShares Global Water ETF USD Dist GBP,15.25,,,,
01/26/2011,iShares Global Water ETF USD Dist GBP,15.33,,,,
01/27/2011,iShares Global Water ETF USD Dist GBP,15.27,,,,
01/28/2011,iShares Global Water ETF USD Dist GBP,15.11,,,,
01/29/2011,iShares Global Water ETF USD Dist GBP,15.11,,,,
01/30/2011,iShares Global Water ETF USD Dist GBP,15.11,,,,
01/31/2011,iShares Global Water ETF USD Dist GBP,14.95,,,,
02/01/2011,iShares Global Water ETF USD Dist GBP,15.13,,,,
02/02/2011,iShares Global Water ETF USD Dist GBP,14.97,,,,
02/03/2011,iShares Global Water ETF USD Dist GBP,14.9,,,,
02/04/2011,iShares Global Water ETF USD Dist GBP,15.07,,,,
02/05/2011,iShares Global Water ETF USD Dist GBP,15.07,,,,
02/06/2011,iShares Global Water ETF USD Dist GBP,15.07,,,,
02/07/2011,iShares Global Water ETF USD Dist GBP,15.19,,,,
02/08/2011,iShares Global Water ETF USD Dist GBP,15.18,,,,
02/09/2011,iShares Global Water ETF USD Dist GBP,15.16,,,,
02/10/2011,iShares Global Water ETF USD Dist GBP,15.1,,,,
02/11/2011,iShares Global Water ETF USD Dist GBP,15.27,,,,
02/12/2011,iShares Global Water ETF USD Dist GBP,15.27,,,,
02/13/2011,iShares Global Water ETF USD Dist GBP,15.27,,,,
02/14/2011,iShares Global Water ETF USD Dist GBP,15.32,,,,
02/15/2011,iShares Global Water ETF USD Dist GBP,15.2,,,,
02/16/2011,iShares Global Water ETF USD Dist GBP,15.29,,,,
02/17/2011,iShares Global Water ETF USD Dist GBP,15.21,,,,
02/18/2011,iShares Global Water ETF USD Dist GBP,15.28,,,,
02/19/2011,iShares Global Water ETF USD Dist GBP,15.28,,,,
02/20/2011,iShares Global Water ETF USD Dist GBP,15.28,,,,
02/21/2011,iShares Global Water ETF USD Dist GBP,15.15,,,,
02/22/2011,iShares Global Water ETF USD Dist GBP,15.14,,,,
02/23/2011,iShares Global Water ETF USD Dist GBP,14.915,,,,
02/24/2011,iShares Global Water ETF USD Dist GBP,14.915,,,,
02/25/2011,iShares Global Water ETF USD Dist GBP,15.05,,,,
02/26/2011,iShares Global Water ETF USD Dist GBP,15.05,,,,
02/27/2011,iShares Global Water ETF USD Dist GBP,15.05,,,,
02/28/2011,iShares Global Water ETF USD Dist GBP,15.055,,,,
03/01/2011,iShares Global Water ETF USD Dist GBP,14.935,,,,
03/02/2011,iShares Global Water ETF USD Dist GBP,14.915,,,,
03/03/2011,iShares Global Water ETF USD Dist GBP,15.165,,,,
03/04/2011,iShares Global Water ETF USD Dist GBP,15.075,,,,
03/05/2011,iShares Global Water ETF USD Dist GBP,15.075,,,,
03/06/2011,iShares Global Water ETF USD Dist GBP,15.075,,,,
03/07/2011,iShares Global Water ETF USD Dist GBP,15.075,,,,
03/08/2011,iShares Global Water ETF USD Dist GBP,15.245,,,,
03/09/2011,iShares Global Water ETF USD Dist GBP,15.18,,,,
03/10/2011,iShares Global Water ETF USD Dist GBP,15.035,,,,
03/11/2011,iShares Global Water ETF USD Dist GBP,14.93,,,,
03/12/2011,iShares Global Water ETF USD Dist GBP,14.93,,,,
03/13/2011,iShares Global Water ETF USD Dist GBP,14.93,,,,
03/14/2011,iShares Global Water ETF USD Dist GBP,14.705,,,,
03/15/2011,iShares Global Water ETF USD Dist GBP,14.645,,,,
03/16/2011,iShares Global Water ETF USD Dist GBP,14.57,,,,
03/17/2011,iShares Global Water ETF USD Dist GBP,14.61,,,,
03/18/2011,iShares Global Water ETF USD Dist GBP,14.77,,,,
03/19/2011,iShares Global Water ETF USD Dist GBP,14.77,,,,
03/20/2011,iShares Global Water ETF USD Dist GBP,14.77,,,,
03/21/2011,iShares Global Water ETF USD Dist GBP,15.015,,,,
03/22/2011,iShares Global Water ETF USD Dist GBP,14.925,,,,
03/23/2011,iShares Global Water ETF USD Dist GBP,15.005,,,,
03/24/2011,iShares Global Water ETF USD Dist GBP,15.26,,,,
03/25/2011,iShares Global Water ETF USD Dist GBP,15.41,,,,
03/26/2011,iShares Global Water ETF USD Dist GBP,15.41,,,,
03/27/2011,iShares Global Water ETF USD Dist GBP,15.41,,,,
03/28/2011,iShares Global Water ETF USD Dist GBP,15.34,,,,
03/29/2011,iShares Global Water ETF USD Dist GBP,15.39,,,,
03/30/2011,iShares Global Water ETF USD Dist GBP,15.5,,,,
03/31/2011,iShares Global Water ETF USD Dist GBP,15.67,,,,
04/01/2011,iShares Global Water ETF USD Dist GBP,15.71,,,,
04/02/2011,iShares Global Water ETF USD Dist GBP,15.71,,,,
04/03/2011,iShares Global Water ETF USD Dist GBP,15.71,,,,
04/04/2011,iShares Global Water ETF USD Dist GBP,15.7,,,,
04/05/2011,iShares Global Water ETF USD Dist GBP,15.5,,,,
04/06/2011,iShares Global Water ETF USD Dist GBP,15.48,,,,
04/07/2011,iShares Global Water ETF USD Dist GBP,15.39,,,,
04/08/2011,iShares Global Water ETF USD Dist GBP,15.41,,,,
04/09/2011,iShares Global Water ETF USD Dist GBP,15.41,,,,
04/10/2011,iShares Global Water ETF USD Dist GBP,15.41,,,,
04/11/2011,iShares Global Water ETF USD Dist GBP,15.36,,,,
04/12/2011,iShares Global Water ETF USD Dist GBP,15.32,,,,
04/13/2011,iShares Global Water ETF USD Dist GBP,15.36,,,,
04/14/2011,iShares Global Water ETF USD Dist GBP,15.27,,,,
04/15/2011,iShares Global Water ETF USD Dist GBP,15.43,,,,
04/16/2011,iShares Global Water ETF USD Dist GBP,15.43,,,,
04/17/2011,iShares Global Water ETF USD Dist GBP,15.43,,,,
04/18/2011,iShares Global Water ETF USD Dist GBP,15.15,,,,
04/19/2011,iShares Global Water ETF USD Dist GBP,15.21,,,,
04/20/2011,iShares Global Water ETF USD Dist GBP,15.48,,,,
04/21/2011,iShares Global Water ETF USD Dist GBP,15.4,,,,
04/22/2011,iShares Global Water ETF USD Dist GBP,15.4,,,,
04/23/2011,iShares Global Water ETF USD Dist GBP,15.4,,,,
04/24/2011,iShares Global Water ETF USD Dist GBP,15.4,,,,
04/25/2011,iShares Global Water ETF USD Dist GBP,15.4,,,,
04/26/2011,iShares Global Water ETF USD Dist GBP,15.63,,,,
04/27/2011,iShares Global Water ETF USD Dist GBP,15.53,,,,
04/28/2011,iShares Global Water ETF USD Dist GBP,15.68,,,,
04/29/2011,iShares Global Water ETF USD Dist GBP,15.68,,,,
04/30/2011,iShares Global Water ETF USD Dist GBP,15.68,,,,
05/01/2011,iShares Global Water ETF USD Dist GBP,15.68,,,,
05/02/2011,iShares Global Water ETF USD Dist GBP,15.68,,,,
05/03/2011,iShares Global Water ETF USD Dist GBP,15.82,,,,
05/04/2011,iShares Global Water ETF USD Dist GBP,15.72,,,,
05/05/2011,iShares Global Water ETF USD Dist GBP,15.66,,,,
05/06/2011,iShares Global Water ETF USD Dist GBP,15.79,,,,
05/07/2011,iShares Global Water ETF USD Dist GBP,15.79,,,,
05/08/2011,iShares Global Water ETF USD Dist GBP,15.79,,,,
05/09/2011,iShares Global Water ETF USD Dist GBP,15.69,,,,
05/10/2011,iShares Global Water ETF USD Dist GBP,15.87,,,,
05/11/2011,iShares Global Water ETF USD Dist GBP,15.78,,,,
05/12/2011,iShares Global Water ETF USD Dist GBP,15.82,,,,
05/13/2011,iShares Global Water ETF USD Dist GBP,15.81,,,,
05/14/2011,iShares Global Water ETF USD Dist GBP,15.81,,,,
05/15/2011,iShares Global Water ETF USD Dist GBP,15.81,,,,
05/16/2011,iShares Global Water ETF USD Dist GBP,15.77,,,,
05/17/2011,iShares Global Water ETF USD Dist GBP,15.62,,,,
05/18/2011,iShares Global Water ETF USD Dist GBP,15.77,,,,
05/19/2011,iShares Global Water ETF USD Dist GBP,15.84,,,,
05/20/2011,iShares Global Water ETF USD Dist GBP,15.8,,,,
05/21/2011,iShares Global Water ETF USD Dist GBP,15.8,,,,
05/22/2011,iShares Global Water ETF USD Dist GBP,15.8,,,,
05/23/2011,iShares Global Water ETF USD Dist GBP,15.57,,,,
05/24/2011,iShares Global Water ETF USD Dist GBP,15.52,,,,
05/25/2011,iShares Global Water ETF USD Dist GBP,15.51,,,,
05/26/2011,iShares Global Water ETF USD Dist GBP,15.5,,,,
05/27/2011,iShares Global Water ETF USD Dist GBP,15.62,,,,
05/28/2011,iShares Global Water ETF USD Dist GBP,15.62,,,,
05/29/2011,iShares Global Water ETF USD Dist GBP,15.62,,,,
05/30/2011,iShares Global Water ETF USD Dist GBP,15.62,,,,
05/31/2011,iShares Global Water ETF USD Dist GBP,15.72,,,,
06/01/2011,iShares Global Water ETF USD Dist GBP,15.72,,,,
06/02/2011,iShares Global Water ETF USD Dist GBP,15.57,,,,
06/03/2011,iShares Global Water ETF USD Dist GBP,15.51,,,,
06/04/2011,iShares Global Water ETF USD Dist GBP,15.51,,,,
06/05/2011,iShares Global Water ETF USD Dist GBP,15.51,,,,
06/06/2011,iShares Global Water ETF USD Dist GBP,15.42,,,,
06/07/2011,iShares Global Water ETF USD Dist GBP,15.38,,,,
06/08/2011,iShares Global Water ETF USD Dist GBP,15.25,,,,
06/09/2011,iShares Global Water ETF USD Dist GBP,15.34,,,,
06/10/2011,iShares Global Water ETF USD Dist GBP,15.22,,,,
06/11/2011,iShares Global Water ETF USD Dist GBP,15.22,,,,
06/12/2011,iShares Global Water ETF USD Dist GBP,15.22,,,,
06/13/2011,iShares Global Water ETF USD Dist GBP,15.2,,,,
06/14/2011,iShares Global Water ETF USD Dist GBP,15.265,,,,
06/15/2011,iShares Global Water ETF USD Dist GBP,15.16,,,,
06/16/2011,iShares Global Water ETF USD Dist GBP,15.13,,,,
06/17/2011,iShares Global Water ETF USD Dist GBP,15.12,,,,
06/18/2011,iShares Global Water ETF USD Dist GBP,15.12,,,,
06/19/2011,iShares Global Water ETF USD Dist GBP,15.12,,,,
06/20/2011,iShares Global Water ETF USD Dist GBP,15.11,,,,
06/21/2011,iShares Global Water ETF USD Dist GBP,15.3,,,,
06/22/2011,iShares Global Water ETF USD Dist GBP,15.42,,,,
06/23/2011,iShares Global Water ETF USD Dist GBP,15.17,,,,
06/24/2011,iShares Global Water ETF USD Dist GBP,15.25,,,,
06/25/2011,iShares Global Water ETF USD Dist GBP,15.25,,,,
06/26/2011,iShares Global Water ETF USD Dist GBP,15.25,,,,
06/27/2011,iShares Global Water ETF USD Dist GBP,15.39,,,,
06/28/2011,iShares Global Water ETF USD Dist GBP,15.55,,,,
06/29/2011,iShares Global Water ETF USD Dist GBP,15.73,,,,
06/30/2011,iShares Global Water ETF USD Dist GBP,15.89,,,,
07/01/2011,iShares Global Water ETF USD Dist GBP,16.06,,,,
07/02/2011,iShares Global Water ETF USD Dist GBP,16.06,,,,
07/03/2011,iShares Global Water ETF USD Dist GBP,16.06,,,,
07/04/2011,iShares Global Water ETF USD Dist GBP,16.145,,,,
07/05/2011,iShares Global Water ETF USD Dist GBP,16.07,,,,
07/06/2011,iShares Global Water ETF USD Dist GBP,16.15,,,,
07/07/2011,iShares Global Water ETF USD Dist GBP,16.33,,,,
07/08/2011,iShares Global Water ETF USD Dist GBP,16.11,,,,
07/09/2011,iShares Global Water ETF USD Dist GBP,16.11,,,,
07/10/2011,iShares Global Water ETF USD Dist GBP,16.11,,,,
07/11/2011,iShares Global Water ETF USD Dist GBP,15.99,,,,
07/12/2011,iShares Global Water ETF USD Dist GBP,15.84,,,,
07/13/2011,iShares Global Water ETF USD Dist GBP,15.95,,,,
07/14/2011,iShares Global Water ETF USD Dist GBP,15.78,,,,
07/15/2011,iShares Global Water ETF USD Dist GBP,15.64,,,,
07/16/2011,iShares Global Water ETF USD Dist GBP,15.64,,,,
07/17/2011,iShares Global Water ETF USD Dist GBP,15.64,,,,
07/18/2011,iShares Global Water ETF USD Dist GBP,15.49,,,,
07/19/2011,iShares Global Water ETF USD Dist GBP,15.57,,,,
07/20/2011,iShares Global Water ETF USD Dist GBP,15.8,,,,
07/21/2011,iShares Global Water ETF USD Dist GBP,15.83,,,,
07/22/2011,iShares Global Water ETF USD Dist GBP,15.9,,,,
07/23/2011,iShares Global Water ETF USD Dist GBP,15.9,,,,
07/24/2011,iShares Global Water ETF USD Dist GBP,15.9,,,,
07/25/2011,iShares Global Water ETF USD Dist GBP,15.95,,,,
07/26/2011,iShares Global Water ETF USD Dist GBP,15.765,,,,
07/27/2011,iShares Global Water ETF USD Dist GBP,15.56,,,,
07/28/2011,iShares Global Water ETF USD Dist GBP,15.43,,,,
07/29/2011,iShares Global Water ETF USD Dist GBP,15.23,,,,
07/30/2011,iShares Global Water ETF USD Dist GBP,15.23,,,,
07/31/2011,iShares Global Water ETF USD Dist GBP,15.23,,,,
08/01/2011,iShares Global Water ETF USD Dist GBP,15.14,,,,
08/02/2011,iShares Global Water ETF USD Dist GBP,15.03,,,,
08/03/2011,iShares Global Water ETF USD Dist GBP,14.745,,,,
08/04/2011,iShares Global Water ETF USD Dist GBP,14.38,,,,
08/05/2011,iShares Global Water ETF USD Dist GBP,14.045,,,,
08/06/2011,iShares Global Water ETF USD Dist GBP,14.045,,,,
08/07/2011,iShares Global Water ETF USD Dist GBP,14.045,,,,
08/08/2011,iShares Global Water ETF USD Dist GBP,13.645,,,,
08/09/2011,iShares Global Water ETF USD Dist GBP,13.63,,,,
08/10/2011,iShares Global Water ETF USD Dist GBP,13.6,,,,
08/11/2011,iShares Global Water ETF USD Dist GBP,13.835,,,,
08/12/2011,iShares Global Water ETF USD Dist GBP,14.06,,,,
08/13/2011,iShares Global Water ETF USD Dist GBP,14.06,,,,
08/14/2011,iShares Global Water ETF USD Dist GBP,14.06,,,,
08/15/2011,iShares Global Water ETF USD Dist GBP,14.26,,,,
08/16/2011,iShares Global Water ETF USD Dist GBP,14.07,,,,
08/17/2011,iShares Global Water ETF USD Dist GBP,13.995,,,,
08/18/2011,iShares Global Water ETF USD Dist GBP,13.39,,,,
08/19/2011,iShares Global Water ETF USD Dist GBP,13.235,,,,
08/20/2011,iShares Global Water ETF USD Dist GBP,13.235,,,,
08/21/2011,iShares Global Water ETF USD Dist GBP,13.235,,,,
08/22/2011,iShares Global Water ETF USD Dist GBP,13.335,,,,
08/23/2011,iShares Global Water ETF USD Dist GBP,13.395,,,,
08/24/2011,iShares Global Water ETF USD Dist GBP,13.76,,,,
08/25/2011,iShares Global Water ETF USD Dist GBP,13.785,,,,
08/26/2011,iShares Global Water ETF USD Dist GBP,13.795,,,,
08/27/2011,iShares Global Water ETF USD Dist GBP,13.795,,,,
08/28/2011,iShares Global Water ETF USD Dist GBP,13.795,,,,
08/29/2011,iShares Global Water ETF USD Dist GBP,13.795,,,,
08/30/2011,iShares Global Water ETF USD Dist GBP,14.22,,,,
08/31/2011,iShares Global Water ETF USD Dist GBP,14.48,,,,
09/01/2011,iShares Global Water ETF USD Dist GBP,14.47,,,,
09/02/2011,iShares Global Water ETF USD Dist GBP,14.2,,,,
09/03/2011,iShares Global Water ETF USD Dist GBP,14.2,,,,
09/04/2011,iShares Global Water ETF USD Dist GBP,14.2,,,,
09/05/2011,iShares Global Water ETF USD Dist GBP,13.835,,,,
09/06/2011,iShares Global Water ETF USD Dist GBP,13.855,,,,
09/07/2011,iShares Global Water ETF USD Dist GBP,14.28,,,,
09/08/2011,iShares Global Water ETF USD Dist GBP,14.175,,,,
09/09/2011,iShares Global Water ETF USD Dist GBP,13.915,,,,
09/10/2011,iShares Global Water ETF USD Dist GBP,13.915,,,,
09/11/2011,iShares Global Water ETF USD Dist GBP,13.915,,,,
09/12/2011,iShares Global Water ETF USD Dist GBP,13.665,,,,
09/13/2011,iShares Global Water ETF USD Dist GBP,13.865,,,,
09/14/2011,iShares Global Water ETF USD Dist GBP,14.065,,,,
09/15/2011,iShares Global Water ETF USD Dist GBP,14.32,,,,
09/16/2011,iShares Global Water ETF USD Dist GBP,14.38,,,,
09/17/2011,iShares Global Water ETF USD Dist GBP,14.38,,,,
09/18/2011,iShares Global Water ETF USD Dist GBP,14.38,,,,
09/19/2011,iShares Global Water ETF USD Dist GBP,14.23,,,,
09/20/2011,iShares Global Water ETF USD Dist GBP,14.42,,,,
09/21/2011,iShares Global Water ETF USD Dist GBP,14.28,,,,
09/22/2011,iShares Global Water ETF USD Dist GBP,13.88,,,,
09/23/2011,iShares Global Water ETF USD Dist GBP,13.865,,,,
09/24/2011,iShares Global Water ETF USD Dist GBP,13.865,,,,
09/25/2011,iShares Global Water ETF USD Dist GBP,13.865,,,,
09/26/2011,iShares Global Water ETF USD Dist GBP,13.835,,,,
09/27/2011,iShares Global Water ETF USD Dist GBP,14.28,,,,
09/28/2011,iShares Global Water ETF USD Dist GBP,14.14,,,,
09/29/2011,iShares Global Water ETF USD Dist GBP,14.22,,,,
09/30/2011,iShares Global Water ETF USD Dist GBP,13.995,,,,
10/01/2011,iShares Global Water ETF USD Dist GBP,13.995,,,,
10/02/2011,iShares Global Water ETF USD Dist GBP,13.995,,,,
10/03/2011,iShares Global Water ETF USD Dist GBP,14.005,,,,
10/04/2011,iShares Global Water ETF USD Dist GBP,13.63,,,,
10/05/2011,iShares Global Water ETF USD Dist GBP,13.945,,,,
10/06/2011,iShares Global Water ETF USD Dist GBP,14.27,,,,
10/07/2011,iShares Global Water ETF USD Dist GBP,14.22,,,,
10/08/2011,iShares Global Water ETF USD Dist GBP,14.22,,,,
10/09/2011,iShares Global Water ETF USD Dist GBP,14.22,,,,
10/10/2011,iShares Global Water ETF USD Dist GBP,14.42,,,,
10/11/2011,iShares Global Water ETF USD Dist GBP,14.45,,,,
10/12/2011,iShares Global Water ETF USD Dist GBP,14.52,,,,
10/13/2011,iShares Global Water ETF USD Dist GBP,14.39,,,,
10/14/2011,iShares Global Water ETF USD Dist GBP,14.51,,,,
10/15/2011,iShares Global Water ETF USD Dist GBP,14.51,,,,
10/16/2011,iShares Global Water ETF USD Dist GBP,14.51,,,,
10/17/2011,iShares Global Water ETF USD Dist GBP,14.41,,,,
10/18/2011,iShares Global Water ETF USD Dist GBP,14.4,,,,
10/19/2011,iShares Global Water ETF USD Dist GBP,14.46,,,,
10/20/2011,iShares Global Water ETF USD Dist GBP,14.32,,,,
10/21/2011,iShares Global Water ETF USD Dist GBP,14.505,,,,
10/22/2011,iShares Global Water ETF USD Dist GBP,14.505,,,,
10/23/2011,iShares Global Water ETF USD Dist GBP,14.505,,,,
10/24/2011,iShares Global Water ETF USD Dist GBP,14.655,,,,
10/25/2011,iShares Global Water ETF USD Dist GBP,14.505,,,,
10/26/2011,iShares Global Water ETF USD Dist GBP,14.335,,,,
10/27/2011,iShares Global Water ETF USD Dist GBP,14.665,,,,
10/28/2011,iShares Global Water ETF USD Dist GBP,14.625,,,,
10/29/2011,iShares Global Water ETF USD Dist GBP,14.625,,,,
10/30/2011,iShares Global Water ETF USD Dist GBP,14.625,,,,
10/31/2011,iShares Global Water ETF USD Dist GBP,14.335,,,,
11/01/2011,iShares Global Water ETF USD Dist GBP,13.945,,,,
11/02/2011,iShares Global Water ETF USD Dist GBP,14.26,,,,
11/03/2011,iShares Global Water ETF USD Dist GBP,14.57,,,,
11/04/2011,iShares Global Water ETF USD Dist GBP,14.39,,,,
11/05/2011,iShares Global Water ETF USD Dist GBP,14.39,,,,
11/06/2011,iShares Global Water ETF USD Dist GBP,14.39,,,,
11/07/2011,iShares Global Water ETF USD Dist GBP,14.32,,,,
11/08/2011,iShares Global Water ETF USD Dist GBP,14.34,,,,
11/09/2011,iShares Global Water ETF USD Dist GBP,14.29,,,,
11/10/2011,iShares Global Water ETF USD Dist GBP,14.26,,,,
11/11/2011,iShares Global Water ETF USD Dist GBP,14.43,,,,
11/12/2011,iShares Global Water ETF USD Dist GBP,14.43,,,,
11/13/2011,iShares Global Water ETF USD Dist GBP,14.43,,,,
11/14/2011,iShares Global Water ETF USD Dist GBP,14.37,,,,
11/15/2011,iShares Global Water ETF USD Dist GBP,14.32,,,,
11/16/2011,iShares Global Water ETF USD Dist GBP,14.42,,,,
11/17/2011,iShares Global Water ETF USD Dist GBP,14.27,,,,
11/18/2011,iShares Global Water ETF USD Dist GBP,14.155,,,,
11/19/2011,iShares Global Water ETF USD Dist GBP,14.155,,,,
11/20/2011,iShares Global Water ETF USD Dist GBP,14.155,,,,
11/21/2011,iShares Global Water ETF USD Dist GBP,13.92,,,,
11/22/2011,iShares Global Water ETF USD Dist GBP,13.87,,,,
11/23/2011,iShares Global Water ETF USD Dist GBP,13.74,,,,
11/24/2011,iShares Global Water ETF USD Dist GBP,13.71,,,,
11/25/2011,iShares Global Water ETF USD Dist GBP,13.715,,,,
11/26/2011,iShares Global Water ETF USD Dist GBP,13.715,,,,
11/27/2011,iShares Global Water ETF USD Dist GBP,13.715,,,,
11/28/2011,iShares Global Water ETF USD Dist GBP,14.05,,,,
11/29/2011,iShares Global Water ETF USD Dist GBP,14.03,,,,
11/30/2011,iShares Global Water ETF USD Dist GBP,14.425,,,,
12/01/2011,iShares Global Water ETF USD Dist GBP,14.475,,,,
12/02/2011,iShares Global Water ETF USD Dist GBP,14.5,,,,
12/03/2011,iShares Global Water ETF USD Dist GBP,14.5,,,,
12/04/2011,iShares Global Water ETF USD Dist GBP,14.5,,,,
12/05/2011,iShares Global Water ETF USD Dist GBP,14.52,,,,
12/06/2011,iShares Global Water ETF USD Dist GBP,14.41,,,,
12/07/2011,iShares Global Water ETF USD Dist GBP,14.28,,,,
12/08/2011,iShares Global Water ETF USD Dist GBP,14.13,,,,
12/09/2011,iShares Global Water ETF USD Dist GBP,14.25,,,,
12/10/2011,iShares Global Water ETF USD Dist GBP,14.25,,,,
12/11/2011,iShares Global Water ETF USD Dist GBP,14.25,,,,
12/12/2011,iShares Global Water ETF USD Dist GBP,14.03,,,,
12/13/2011,iShares Global Water ETF USD Dist GBP,14.1,,,,
12/14/2011,iShares Global Water ETF USD Dist GBP,13.875,,,,
12/15/2011,iShares Global Water ETF USD Dist GBP,13.94,,,,
12/16/2011,iShares Global Water ETF USD Dist GBP,14.02,,,,
12/17/2011,iShares Global Water ETF USD Dist GBP,14.02,,,,
12/18/2011,iShares Global Water ETF USD Dist GBP,14.02,,,,
12/19/2011,iShares Global Water ETF USD Dist GBP,13.905,,,,
12/20/2011,iShares Global Water ETF USD Dist GBP,14.1,,,,
12/21/2011,iShares Global Water ETF USD Dist GBP,13.94,,,,
12/22/2011,iShares Global Water ETF USD Dist GBP,14.08,,,,
12/23/2011,iShares Global Water ETF USD Dist GBP,14.24,,,,
12/24/2011,iShares Global Water ETF USD Dist GBP,14.24,,,,
12/25/2011,iShares Global Water ETF USD Dist GBP,14.24,,,,
12/26/2011,iShares Global Water ETF USD Dist GBP,14.24,,,,
12/27/2011,iShares Global Water ETF USD Dist GBP,14.24,,,,
12/28/2011,iShares Global Water ETF USD Dist GBP,14.29,,,,
12/29/2011,iShares Global Water ETF USD Dist GBP,14.46,,,,
12/30/2011,iShares Global Water ETF USD Dist GBP,14.49,,,,
12/31/2011,iShares Global Water ETF USD Dist GBP,14.49,,,,
01/01/2012,iShares Global Water ETF USD Dist GBP,14.49,,,,
01/02/2012,iShares Global Water ETF USD Dist GBP,14.49,,,,
01/03/2012,iShares Global Water ETF USD Dist GBP,14.61,,,,
01/04/2012,iShares Global Water ETF USD Dist GBP,14.56,,,,
01/05/2012,iShares Global Water ETF USD Dist GBP,14.51,,,,
01/06/2012,iShares Global Water ETF USD Dist GBP,14.54,,,,
01/07/2012,iShares Global Water ETF USD Dist GBP,14.54,,,,
01/08/2012,iShares Global Water ETF USD Dist GBP,14.54,,,,
01/09/2012,iShares Global Water ETF USD Dist GBP,14.49,,,,
01/10/2012,iShares Global Water ETF USD Dist GBP,14.68,,,,
01/11/2012,iShares Global Water ETF USD Dist GBP,14.78,,,,
01/12/2012,iShares Global Water ETF USD Dist GBP,14.87,,,,
01/13/2012,iShares Global Water ETF USD Dist GBP,14.83,,,,
01/14/2012,iShares Global Water ETF USD Dist GBP,14.83,,,,
01/15/2012,iShares Global Water ETF USD Dist GBP,14.83,,,,
01/16/2012,iShares Global Water ETF USD Dist GBP,14.88,,,,
01/17/2012,iShares Global Water ETF USD Dist GBP,14.95,,,,
01/18/2012,iShares Global Water ETF USD Dist GBP,14.94,,,,
01/19/2012,iShares Global Water ETF USD Dist GBP,15.04,,,,
01/20/2012,iShares Global Water ETF USD Dist GBP,14.905,,,,
01/21/2012,iShares Global Water ETF USD Dist GBP,14.905,,,,
01/22/2012,iShares Global Water ETF USD Dist GBP,14.905,,,,
01/23/2012,iShares Global Water ETF USD Dist GBP,14.92,,,,
01/24/2012,iShares Global Water ETF USD Dist GBP,14.895,,,,
01/25/2012,iShares Global Water ETF USD Dist GBP,14.93,,,,
01/26/2012,iShares Global Water ETF USD Dist GBP,15.07,,,,
01/27/2012,iShares Global Water ETF USD Dist GBP,15.06,,,,
01/28/2012,iShares Global Water ETF USD Dist GBP,15.06,,,,
01/29/2012,iShares Global Water ETF USD Dist GBP,15.06,,,,
01/30/2012,iShares Global Water ETF USD Dist GBP,14.93,,,,
01/31/2012,iShares Global Water ETF USD Dist GBP,14.93,,,,
02/01/2012,iShares Global Water ETF USD Dist GBP,15.205,,,,
02/02/2012,iShares Global Water ETF USD Dist GBP,15.19,,,,
02/03/2012,iShares Global Water ETF USD Dist GBP,15.41,,,,
02/04/2012,iShares Global Water ETF USD Dist GBP,15.41,,,,
02/05/2012,iShares Global Water ETF USD Dist GBP,15.41,,,,
02/06/2012,iShares Global Water ETF USD Dist GBP,15.335,,,,
02/07/2012,iShares Global Water ETF USD Dist GBP,15.325,,,,
02/08/2012,iShares Global Water ETF USD Dist GBP,15.335,,,,
02/09/2012,iShares Global Water ETF USD Dist GBP,15.325,,,,
02/10/2012,iShares Global Water ETF USD Dist GBP,15.255,,,,
02/11/2012,iShares Global Water ETF USD Dist GBP,15.255,,,,
02/12/2012,iShares Global Water ETF USD Dist GBP,15.255,,,,
02/13/2012,iShares Global Water ETF USD Dist GBP,15.335,,,,
02/14/2012,iShares Global Water ETF USD Dist GBP,15.405,,,,
02/15/2012,iShares Global Water ETF USD Dist GBP,15.405,,,,
02/16/2012,iShares Global Water ETF USD Dist GBP,15.435,,,,
02/17/2012,iShares Global Water ETF USD Dist GBP,15.535,,,,
02/18/2012,iShares Global Water ETF USD Dist GBP,15.535,,,,
02/19/2012,iShares Global Water ETF USD Dist GBP,15.535,,,,
02/20/2012,iShares Global Water ETF USD Dist GBP,15.6,,,,
02/21/2012,iShares Global Water ETF USD Dist GBP,15.565,,,,
02/22/2012,iShares Global Water ETF USD Dist GBP,15.625,,,,
02/23/2012,iShares Global Water ETF USD Dist GBP,15.635,,,,
02/24/2012,iShares Global Water ETF USD Dist GBP,15.605,,,,
02/25/2012,iShares Global Water ETF USD Dist GBP,15.605,,,,
02/26/2012,iShares Global Water ETF USD Dist GBP,15.605,,,,
02/27/2012,iShares Global Water ETF USD Dist GBP,15.565,,,,
02/28/2012,iShares Global Water ETF USD Dist GBP,15.555,,,,
02/29/2012,iShares Global Water ETF USD Dist GBP,15.435,,,,
03/01/2012,iShares Global Water ETF USD Dist GBP,15.435,,,,
03/02/2012,iShares Global Water ETF USD Dist GBP,15.645,,,,
03/03/2012,iShares Global Water ETF USD Dist GBP,15.645,,,,
03/04/2012,iShares Global Water ETF USD Dist GBP,15.645,,,,
03/05/2012,iShares Global Water ETF USD Dist GBP,15.535,,,,
03/06/2012,iShares Global Water ETF USD Dist GBP,15.345,,,,
03/07/2012,iShares Global Water ETF USD Dist GBP,15.435,,,,
03/08/2012,iShares Global Water ETF USD Dist GBP,15.605,,,,
03/09/2012,iShares Global Water ETF USD Dist GBP,15.785,,,,
03/10/2012,iShares Global Water ETF USD Dist GBP,15.785,,,,
03/11/2012,iShares Global Water ETF USD Dist GBP,15.785,,,,
03/12/2012,iShares Global Water ETF USD Dist GBP,15.81,,,,
03/13/2012,iShares Global Water ETF USD Dist GBP,15.89,,,,
03/14/2012,iShares Global Water ETF USD Dist GBP,15.94,,,,
03/15/2012,iShares Global Water ETF USD Dist GBP,15.96,,,,
03/16/2012,iShares Global Water ETF USD Dist GBP,15.91,,,,
03/17/2012,iShares Global Water ETF USD Dist GBP,15.91,,,,
03/18/2012,iShares Global Water ETF USD Dist GBP,15.91,,,,
03/19/2012,iShares Global Water ETF USD Dist GBP,15.83,,,,
03/20/2012,iShares Global Water ETF USD Dist GBP,15.65,,,,
03/21/2012,iShares Global Water ETF USD Dist GBP,15.72,,,,
03/22/2012,iShares Global Water ETF USD Dist GBP,15.59,,,,
03/23/2012,iShares Global Water ETF USD Dist GBP,15.57,,,,
03/24/2012,iShares Global Water ETF USD Dist GBP,15.57,,,,
03/25/2012,iShares Global Water ETF USD Dist GBP,15.57,,,,
03/26/2012,iShares Global Water ETF USD Dist GBP,15.75,,,,
03/27/2012,iShares Global Water ETF USD Dist GBP,15.71,,,,
03/28/2012,iShares Global Water ETF USD Dist GBP,15.76,,,,
03/29/2012,iShares Global Water ETF USD Dist GBP,15.56,,,,
03/30/2012,iShares Global Water ETF USD Dist GBP,15.71,,,,
03/31/2012,iShares Global Water ETF USD Dist GBP,15.71,,,,
04/01/2012,iShares Global Water ETF USD Dist GBP,15.71,,,,
04/02/2012,iShares Global Water ETF USD Dist GBP,15.85,,,,
04/03/2012,iShares Global Water ETF USD Dist GBP,15.85,,,,
04/04/2012,iShares Global Water ETF USD Dist GBP,15.49,,,,
04/05/2012,iShares Global Water ETF USD Dist GBP,15.53,,,,
04/06/2012,iShares Global Water ETF USD Dist GBP,15.53,,,,
04/07/2012,iShares Global Water ETF USD Dist GBP,15.53,,,,
04/08/2012,iShares Global Water ETF USD Dist GBP,15.53,,,,
04/09/2012,iShares Global Water ETF USD Dist GBP,15.53,,,,
04/10/2012,iShares Global Water ETF USD Dist GBP,15.23,,,,
04/11/2012,iShares Global Water ETF USD Dist GBP,15.28,,,,
04/12/2012,iShares Global Water ETF USD Dist GBP,15.51,,,,
04/13/2012,iShares Global Water ETF USD Dist GBP,15.33,,,,
04/14/2012,iShares Global Water ETF USD Dist GBP,15.33,,,,
04/15/2012,iShares Global Water ETF USD Dist GBP,15.33,,,,
04/16/2012,iShares Global Water ETF USD Dist GBP,15.42,,,,
04/17/2012,iShares Global Water ETF USD Dist GBP,15.62,,,,
04/18/2012,iShares Global Water ETF USD Dist GBP,15.48,,,,
04/19/2012,iShares Global Water ETF USD Dist GBP,15.47,,,,
04/20/2012,iShares Global Water ETF USD Dist GBP,15.59,,,,
04/21/2012,iShares Global Water ETF USD Dist GBP,15.59,,,,
04/22/2012,iShares Global Water ETF USD Dist GBP,15.59,,,,
04/23/2012,iShares Global Water ETF USD Dist GBP,15.21,,,,
04/24/2012,iShares Global Water ETF USD Dist GBP,15.37,,,,
04/25/2012,iShares Global Water ETF USD Dist GBP,15.45,,,,
04/26/2012,iShares Global Water ETF USD Dist GBP,15.42,,,,
04/27/2012,iShares Global Water ETF USD Dist GBP,15.57,,,,
04/28/2012,iShares Global Water ETF USD Dist GBP,15.57,,,,
04/29/2012,iShares Global Water ETF USD Dist GBP,15.57,,,,
04/30/2012,iShares Global Water ETF USD Dist GBP,15.51,,,,
05/01/2012,iShares Global Water ETF USD Dist GBP,15.64,,,,
05/02/2012,iShares Global Water ETF USD Dist GBP,15.42,,,,
05/03/2012,iShares Global Water ETF USD Dist GBP,15.44,,,,
05/04/2012,iShares Global Water ETF USD Dist GBP,15.29,,,,
05/05/2012,iShares Global Water ETF USD Dist GBP,15.29,,,,
05/06/2012,iShares Global Water ETF USD Dist GBP,15.29,,,,
05/07/2012,iShares Global Water ETF USD Dist GBP,15.29,,,,
05/08/2012,iShares Global Water ETF USD Dist GBP,15.07,,,,
05/09/2012,iShares Global Water ETF USD Dist GBP,15.1,,,,
05/10/2012,iShares Global Water ETF USD Dist GBP,15.17,,,,
05/11/2012,iShares Global Water ETF USD Dist GBP,15.27,,,,
05/12/2012,iShares Global Water ETF USD Dist GBP,15.27,,,,
05/13/2012,iShares Global Water ETF USD Dist GBP,15.27,,,,
05/14/2012,iShares Global Water ETF USD Dist GBP,15.03,,,,
05/15/2012,iShares Global Water ETF USD Dist GBP,14.855,,,,
05/16/2012,iShares Global Water ETF USD Dist GBP,14.935,,,,
05/17/2012,iShares Global Water ETF USD Dist GBP,14.815,,,,
05/18/2012,iShares Global Water ETF USD Dist GBP,14.72,,,,
05/19/2012,iShares Global Water ETF USD Dist GBP,14.72,,,,
05/20/2012,iShares Global Water ETF USD Dist GBP,14.72,,,,
05/21/2012,iShares Global Water ETF USD Dist GBP,14.785,,,,
05/22/2012,iShares Global Water ETF USD Dist GBP,15.005,,,,
05/23/2012,iShares Global Water ETF USD Dist GBP,14.775,,,,
05/24/2012,iShares Global Water ETF USD Dist GBP,15.015,,,,
05/25/2012,iShares Global Water ETF USD Dist GBP,15.09,,,,
05/26/2012,iShares Global Water ETF USD Dist GBP,15.09,,,,
05/27/2012,iShares Global Water ETF USD Dist GBP,15.09,,,,
05/28/2012,iShares Global Water ETF USD Dist GBP,15.02,,,,
05/29/2012,iShares Global Water ETF USD Dist GBP,15.17,,,,
05/30/2012,iShares Global Water ETF USD Dist GBP,15.07,,,,
05/31/2012,iShares Global Water ETF USD Dist GBP,15.08,,,,
06/01/2012,iShares Global Water ETF USD Dist GBP,15.02,,,,
06/02/2012,iShares Global Water ETF USD Dist GBP,15.02,,,,
06/03/2012,iShares Global Water ETF USD Dist GBP,15.02,,,,
06/04/2012,iShares Global Water ETF USD Dist GBP,15.02,,,,
06/05/2012,iShares Global Water ETF USD Dist GBP,15.02,,,,
06/06/2012,iShares Global Water ETF USD Dist GBP,15.25,,,,
06/07/2012,iShares Global Water ETF USD Dist GBP,15.25,,,,
06/08/2012,iShares Global Water ETF USD Dist GBP,15.33,,,,
06/09/2012,iShares Global Water ETF USD Dist GBP,15.33,,,,
06/10/2012,iShares Global Water ETF USD Dist GBP,15.33,,,,
06/11/2012,iShares Global Water ETF USD Dist GBP,15.19,,,,
06/12/2012,iShares Global Water ETF USD Dist GBP,15.06,,,,
06/13/2012,iShares Global Water ETF USD Dist GBP,15.05,,,,
06/14/2012,iShares Global Water ETF USD Dist GBP,15.08,,,,
06/15/2012,iShares Global Water ETF USD Dist GBP,15.02,,,,
06/16/2012,iShares Global Water ETF USD Dist GBP,15.02,,,,
06/17/2012,iShares Global Water ETF USD Dist GBP,15.02,,,,
06/18/2012,iShares Global Water ETF USD Dist GBP,15,,,,
06/19/2012,iShares Global Water ETF USD Dist GBP,15.22,,,,
06/20/2012,iShares Global Water ETF USD Dist GBP,15.33,,,,
06/21/2012,iShares Global Water ETF USD Dist GBP,15.26,,,,
06/22/2012,iShares Global Water ETF USD Dist GBP,15.1,,,,
06/23/2012,iShares Global Water ETF USD Dist GBP,15.1,,,,
06/24/2012,iShares Global Water ETF USD Dist GBP,15.1,,,,
06/25/2012,iShares Global Water ETF USD Dist GBP,14.855,,,,
06/26/2012,iShares Global Water ETF USD Dist GBP,14.845,,,,
06/27/2012,iShares Global Water ETF USD Dist GBP,15.05,,,,
06/28/2012,iShares Global Water ETF USD Dist GBP,15.12,,,,
06/29/2012,iShares Global Water ETF USD Dist GBP,15.42,,,,
06/30/2012,iShares Global Water ETF USD Dist GBP,15.42,,,,
07/01/2012,iShares Global Water ETF USD Dist GBP,15.42,,,,
07/02/2012,iShares Global Water ETF USD Dist GBP,15.44,,,,
07/03/2012,iShares Global Water ETF USD Dist GBP,15.62,,,,
07/04/2012,iShares Global Water ETF USD Dist GBP,15.685,,,,
07/05/2012,iShares Global Water ETF USD Dist GBP,15.64,,,,
07/06/2012,iShares Global Water ETF USD Dist GBP,15.49,,,,
07/07/2012,iShares Global Water ETF USD Dist GBP,15.49,,,,
07/08/2012,iShares Global Water ETF USD Dist GBP,15.49,,,,
07/09/2012,iShares Global Water ETF USD Dist GBP,15.41,,,,
07/10/2012,iShares Global Water ETF USD Dist GBP,15.53,,,,
07/11/2012,iShares Global Water ETF USD Dist GBP,15.37,,,,
07/12/2012,iShares Global Water ETF USD Dist GBP,15.31,,,,
07/13/2012,iShares Global Water ETF USD Dist GBP,15.475,,,,
07/14/2012,iShares Global Water ETF USD Dist GBP,15.475,,,,
07/15/2012,iShares Global Water ETF USD Dist GBP,15.475,,,,
07/16/2012,iShares Global Water ETF USD Dist GBP,15.44,,,,
07/17/2012,iShares Global Water ETF USD Dist GBP,15.45,,,,
07/18/2012,iShares Global Water ETF USD Dist GBP,15.54,,,,
07/19/2012,iShares Global Water ETF USD Dist GBP,15.6,,,,
07/20/2012,iShares Global Water ETF USD Dist GBP,15.53,,,,
07/21/2012,iShares Global Water ETF USD Dist GBP,15.53,,,,
07/22/2012,iShares Global Water ETF USD Dist GBP,15.53,,,,
07/23/2012,iShares Global Water ETF USD Dist GBP,15.37,,,,
07/24/2012,iShares Global Water ETF USD Dist GBP,15.295,,,,
07/25/2012,iShares Global Water ETF USD Dist GBP,15.37,,,,
07/26/2012,iShares Global Water ETF USD Dist GBP,15.47,,,,
07/27/2012,iShares Global Water ETF USD Dist GBP,15.66,,,,
07/28/2012,iShares Global Water ETF USD Dist GBP,15.66,,,,
07/29/2012,iShares Global Water ETF USD Dist GBP,15.66,,,,
07/30/2012,iShares Global Water ETF USD Dist GBP,15.76,,,,
07/31/2012,iShares Global Water ETF USD Dist GBP,15.75,,,,
08/01/2012,iShares Global Water ETF USD Dist GBP,15.74,,,,
08/02/2012,iShares Global Water ETF USD Dist GBP,15.51,,,,
08/03/2012,iShares Global Water ETF USD Dist GBP,15.84,,,,
08/04/2012,iShares Global Water ETF USD Dist GBP,15.84,,,,
08/05/2012,iShares Global Water ETF USD Dist GBP,15.84,,,,
08/06/2012,iShares Global Water ETF USD Dist GBP,15.92,,,,
08/07/2012,iShares Global Water ETF USD Dist GBP,15.915,,,,
08/08/2012,iShares Global Water ETF USD Dist GBP,15.85,,,,
08/09/2012,iShares Global Water ETF USD Dist GBP,15.9,,,,
08/10/2012,iShares Global Water ETF USD Dist GBP,15.83,,,,
08/11/2012,iShares Global Water ETF USD Dist GBP,15.83,,,,
08/12/2012,iShares Global Water ETF USD Dist GBP,15.83,,,,
08/13/2012,iShares Global Water ETF USD Dist GBP,15.75,,,,
08/14/2012,iShares Global Water ETF USD Dist GBP,16,,,,
08/15/2012,iShares Global Water ETF USD Dist GBP,15.98,,,,
08/16/2012,iShares Global Water ETF USD Dist GBP,16.05,,,,
08/17/2012,iShares Global Water ETF USD Dist GBP,16.18,,,,
08/18/2012,iShares Global Water ETF USD Dist GBP,16.18,,,,
08/19/2012,iShares Global Water ETF USD Dist GBP,16.18,,,,
08/20/2012,iShares Global Water ETF USD Dist GBP,16.14,,,,
08/21/2012,iShares Global Water ETF USD Dist GBP,16.18,,,,
08/22/2012,iShares Global Water ETF USD Dist GBP,15.97,,,,
08/23/2012,iShares Global Water ETF USD Dist GBP,15.86,,,,
08/24/2012,iShares Global Water ETF USD Dist GBP,16.09,,,,
08/25/2012,iShares Global Water ETF USD Dist GBP,16.09,,,,
08/26/2012,iShares Global Water ETF USD Dist GBP,16.09,,,,
08/27/2012,iShares Global Water ETF USD Dist GBP,16.09,,,,
08/28/2012,iShares Global Water ETF USD Dist GBP,15.84,,,,
08/29/2012,iShares Global Water ETF USD Dist GBP,15.78,,,,
08/30/2012,iShares Global Water ETF USD Dist GBP,15.74,,,,
08/31/2012,iShares Global Water ETF USD Dist GBP,15.69,,,,
09/01/2012,iShares Global Water ETF USD Dist GBP,15.69,,,,
09/02/2012,iShares Global Water ETF USD Dist GBP,15.69,,,,
09/03/2012,iShares Global Water ETF USD Dist GBP,15.73,,,,
09/04/2012,iShares Global Water ETF USD Dist GBP,15.61,,,,
09/05/2012,iShares Global Water ETF USD Dist GBP,15.7,,,,
09/06/2012,iShares Global Water ETF USD Dist GBP,15.92,,,,
09/07/2012,iShares Global Water ETF USD Dist GBP,16.01,,,,
09/08/2012,iShares Global Water ETF USD Dist GBP,16.01,,,,
09/09/2012,iShares Global Water ETF USD Dist GBP,16.01,,,,
09/10/2012,iShares Global Water ETF USD Dist GBP,15.98,,,,
09/11/2012,iShares Global Water ETF USD Dist GBP,15.95,,,,
09/12/2012,iShares Global Water ETF USD Dist GBP,15.94,,,,
09/13/2012,iShares Global Water ETF USD Dist GBP,15.91,,,,
09/14/2012,iShares Global Water ETF USD Dist GBP,16.12,,,,
09/15/2012,iShares Global Water ETF USD Dist GBP,16.12,,,,
09/16/2012,iShares Global Water ETF USD Dist GBP,16.12,,,,
09/17/2012,iShares Global Water ETF USD Dist GBP,15.95,,,,
09/18/2012,iShares Global Water ETF USD Dist GBP,16,,,,
09/19/2012,iShares Global Water ETF USD Dist GBP,16.13,,,,
09/20/2012,iShares Global Water ETF USD Dist GBP,16.04,,,,
09/21/2012,iShares Global Water ETF USD Dist GBP,16.06,,,,
09/22/2012,iShares Global Water ETF USD Dist GBP,16.06,,,,
09/23/2012,iShares Global Water ETF USD Dist GBP,16.06,,,,
09/24/2012,iShares Global Water ETF USD Dist GBP,16.02,,,,
09/25/2012,iShares Global Water ETF USD Dist GBP,16.07,,,,
09/26/2012,iShares Global Water ETF USD Dist GBP,15.85,,,,
09/27/2012,iShares Global Water ETF USD Dist GBP,15.82,,,,
09/28/2012,iShares Global Water ETF USD Dist GBP,15.9,,,,
09/29/2012,iShares Global Water ETF USD Dist GBP,15.9,,,,
09/30/2012,iShares Global Water ETF USD Dist GBP,15.9,,,,
10/01/2012,iShares Global Water ETF USD Dist GBP,16.08,,,,
10/02/2012,iShares Global Water ETF USD Dist GBP,16.05,,,,
10/03/2012,iShares Global Water ETF USD Dist GBP,16.11,,,,
10/04/2012,iShares Global Water ETF USD Dist GBP,16.12,,,,
10/05/2012,iShares Global Water ETF USD Dist GBP,16.27,,,,
10/06/2012,iShares Global Water ETF USD Dist GBP,16.27,,,,
10/07/2012,iShares Global Water ETF USD Dist GBP,16.27,,,,
10/08/2012,iShares Global Water ETF USD Dist GBP,16.25,,,,
10/09/2012,iShares Global Water ETF USD Dist GBP,16.02,,,,
10/10/2012,iShares Global Water ETF USD Dist GBP,15.985,,,,
10/11/2012,iShares Global Water ETF USD Dist GBP,16.03,,,,
10/12/2012,iShares Global Water ETF USD Dist GBP,15.9,,,,
10/13/2012,iShares Global Water ETF USD Dist GBP,15.9,,,,
10/14/2012,iShares Global Water ETF USD Dist GBP,15.9,,,,
10/15/2012,iShares Global Water ETF USD Dist GBP,15.97,,,,
10/16/2012,iShares Global Water ETF USD Dist GBP,16.15,,,,
10/17/2012,iShares Global Water ETF USD Dist GBP,16.19,,,,
10/18/2012,iShares Global Water ETF USD Dist GBP,16.16,,,,
10/19/2012,iShares Global Water ETF USD Dist GBP,16.105,,,,
10/20/2012,iShares Global Water ETF USD Dist GBP,16.105,,,,
10/21/2012,iShares Global Water ETF USD Dist GBP,16.105,,,,
10/22/2012,iShares Global Water ETF USD Dist GBP,16.03,,,,
10/23/2012,iShares Global Water ETF USD Dist GBP,15.78,,,,
10/24/2012,iShares Global Water ETF USD Dist GBP,15.51,,,,
10/25/2012,iShares Global Water ETF USD Dist GBP,15.44,,,,
10/26/2012,iShares Global Water ETF USD Dist GBP,15.46,,,,
10/27/2012,iShares Global Water ETF USD Dist GBP,15.46,,,,
10/28/2012,iShares Global Water ETF USD Dist GBP,15.46,,,,
10/29/2012,iShares Global Water ETF USD Dist GBP,15.455,,,,
10/30/2012,iShares Global Water ETF USD Dist GBP,15.385,,,,
10/31/2012,iShares Global Water ETF USD Dist GBP,15.37,,,,
11/01/2012,iShares Global Water ETF USD Dist GBP,15.55,,,,
11/02/2012,iShares Global Water ETF USD Dist GBP,15.61,,,,
11/03/2012,iShares Global Water ETF USD Dist GBP,15.61,,,,
11/04/2012,iShares Global Water ETF USD Dist GBP,15.61,,,,
11/05/2012,iShares Global Water ETF USD Dist GBP,15.55,,,,
11/06/2012,iShares Global Water ETF USD Dist GBP,15.66,,,,
11/07/2012,iShares Global Water ETF USD Dist GBP,15.46,,,,
11/08/2012,iShares Global Water ETF USD Dist GBP,15.41,,,,
11/09/2012,iShares Global Water ETF USD Dist GBP,15.34,,,,
11/10/2012,iShares Global Water ETF USD Dist GBP,15.34,,,,
11/11/2012,iShares Global Water ETF USD Dist GBP,15.34,,,,
11/12/2012,iShares Global Water ETF USD Dist GBP,15.29,,,,
11/13/2012,iShares Global Water ETF USD Dist GBP,15.32,,,,
11/14/2012,iShares Global Water ETF USD Dist GBP,15.315,,,,
11/15/2012,iShares Global Water ETF USD Dist GBP,15.11,,,,
11/16/2012,iShares Global Water ETF USD Dist GBP,15.06,,,,
11/17/2012,iShares Global Water ETF USD Dist GBP,15.06,,,,
11/18/2012,iShares Global Water ETF USD Dist GBP,15.06,,,,
11/19/2012,iShares Global Water ETF USD Dist GBP,15.29,,,,
11/20/2012,iShares Global Water ETF USD Dist GBP,15.395,,,,
11/21/2012,iShares Global Water ETF USD Dist GBP,15.475,,,,
11/22/2012,iShares Global Water ETF USD Dist GBP,15.61,,,,
11/23/2012,iShares Global Water ETF USD Dist GBP,15.66,,,,
11/24/2012,iShares Global Water ETF USD Dist GBP,15.66,,,,
11/25/2012,iShares Global Water ETF USD Dist GBP,15.66,,,,
11/26/2012,iShares Global Water ETF USD Dist GBP,15.66,,,,
11/27/2012,iShares Global Water ETF USD Dist GBP,15.67,,,,
11/28/2012,iShares Global Water ETF USD Dist GBP,15.77,,,,
11/29/2012,iShares Global Water ETF USD Dist GBP,15.965,,,,
11/30/2012,iShares Global Water ETF USD Dist GBP,15.95,,,,
12/01/2012,iShares Global Water ETF USD Dist GBP,15.95,,,,
12/02/2012,iShares Global Water ETF USD Dist GBP,15.95,,,,
12/03/2012,iShares Global Water ETF USD Dist GBP,15.94,,,,
12/04/2012,iShares Global Water ETF USD Dist GBP,15.91,,,,
12/05/2012,iShares Global Water ETF USD Dist GBP,15.89,,,,
12/06/2012,iShares Global Water ETF USD Dist GBP,15.91,,,,
12/07/2012,iShares Global Water ETF USD Dist GBP,15.95,,,,
12/08/2012,iShares Global Water ETF USD Dist GBP,15.95,,,,
12/09/2012,iShares Global Water ETF USD Dist GBP,15.95,,,,
12/10/2012,iShares Global Water ETF USD Dist GBP,15.97,,,,
12/11/2012,iShares Global Water ETF USD Dist GBP,16.12,,,,
12/12/2012,iShares Global Water ETF USD Dist GBP,16.1,,,,
12/13/2012,iShares Global Water ETF USD Dist GBP,16.08,,,,
12/14/2012,iShares Global Water ETF USD Dist GBP,16.08,,,,
12/15/2012,iShares Global Water ETF USD Dist GBP,16.08,,,,
12/16/2012,iShares Global Water ETF USD Dist GBP,16.08,,,,
12/17/2012,iShares Global Water ETF USD Dist GBP,16.13,,,,
12/18/2012,iShares Global Water ETF USD Dist GBP,16.23,,,,
12/19/2012,iShares Global Water ETF USD Dist GBP,16.26,,,,
12/20/2012,iShares Global Water ETF USD Dist GBP,16.24,,,,
12/21/2012,iShares Global Water ETF USD Dist GBP,16.24,,,,
12/22/2012,iShares Global Water ETF USD Dist GBP,16.24,,,,
12/23/2012,iShares Global Water ETF USD Dist GBP,16.24,,,,
12/24/2012,iShares Global Water ETF USD Dist GBP,16.295,,,,
12/25/2012,iShares Global Water ETF USD Dist GBP,16.295,,,,
12/26/2012,iShares Global Water ETF USD Dist GBP,16.295,,,,
12/27/2012,iShares Global Water ETF USD Dist GBP,16.275,,,,
12/28/2012,iShares Global Water ETF USD Dist GBP,16.21,,,,
12/29/2012,iShares Global Water ETF USD Dist GBP,16.21,,,,
12/30/2012,iShares Global Water ETF USD Dist GBP,16.21,,,,
12/31/2012,iShares Global Water ETF USD Dist GBP,16.105,,,,
01/01/2013,iShares Global Water ETF USD Dist GBP,16.105,,,,
01/02/2013,iShares Global Water ETF USD Dist GBP,16.55,,,,
01/03/2013,iShares Global Water ETF USD Dist GBP,16.61,,,,
01/04/2013,iShares Global Water ETF USD Dist GBP,16.67,,,,
01/05/2013,iShares Global Water ETF USD Dist GBP,16.67,,,,
01/06/2013,iShares Global Water ETF USD Dist GBP,16.67,,,,
01/07/2013,iShares Global Water ETF USD Dist GBP,16.59,,,,
01/08/2013,iShares Global Water ETF USD Dist GBP,16.52,,,,
01/09/2013,iShares Global Water ETF USD Dist GBP,16.66,,,,
01/10/2013,iShares Global Water ETF USD Dist GBP,16.61,,,,
01/11/2013,iShares Global Water ETF USD Dist GBP,16.67,,,,
01/12/2013,iShares Global Water ETF USD Dist GBP,16.67,,,,
01/13/2013,iShares Global Water ETF USD Dist GBP,16.67,,,,
01/14/2013,iShares Global Water ETF USD Dist GBP,16.67,,,,
01/15/2013,iShares Global Water ETF USD Dist GBP,16.66,,,,
01/16/2013,iShares Global Water ETF USD Dist GBP,16.82,,,,
01/17/2013,iShares Global Water ETF USD Dist GBP,16.98,,,,
01/18/2013,iShares Global Water ETF USD Dist GBP,17.07,,,,
01/19/2013,iShares Global Water ETF USD Dist GBP,17.07,,,,
01/20/2013,iShares Global Water ETF USD Dist GBP,17.07,,,,
01/21/2013,iShares Global Water ETF USD Dist GBP,17.28,,,,
01/22/2013,iShares Global Water ETF USD Dist GBP,17.25,,,,
01/23/2013,iShares Global Water ETF USD Dist GBP,17.3,,,,
01/24/2013,iShares Global Water ETF USD Dist GBP,17.565,,,,
01/25/2013,iShares Global Water ETF USD Dist GBP,17.515,,,,
01/26/2013,iShares Global Water ETF USD Dist GBP,17.515,,,,
01/27/2013,iShares Global Water ETF USD Dist GBP,17.515,,,,
01/28/2013,iShares Global Water ETF USD Dist GBP,17.645,,,,
01/29/2013,iShares Global Water ETF USD Dist GBP,17.595,,,,
01/30/2013,iShares Global Water ETF USD Dist GBP,17.5,,,,
01/31/2013,iShares Global Water ETF USD Dist GBP,17.36,,,,
02/01/2013,iShares Global Water ETF USD Dist GBP,17.625,,,,
02/02/2013,iShares Global Water ETF USD Dist GBP,17.625,,,,
02/03/2013,iShares Global Water ETF USD Dist GBP,17.625,,,,
02/04/2013,iShares Global Water ETF USD Dist GBP,17.46,,,,
02/05/2013,iShares Global Water ETF USD Dist GBP,17.705,,,,
02/06/2013,iShares Global Water ETF USD Dist GBP,17.745,,,,
02/07/2013,iShares Global Water ETF USD Dist GBP,17.615,,,,
02/08/2013,iShares Global Water ETF USD Dist GBP,17.525,,,,
02/09/2013,iShares Global Water ETF USD Dist GBP,17.525,,,,
02/10/2013,iShares Global Water ETF USD Dist GBP,17.525,,,,
02/11/2013,iShares Global Water ETF USD Dist GBP,17.695,,,,
02/12/2013,iShares Global Water ETF USD Dist GBP,17.825,,,,
02/13/2013,iShares Global Water ETF USD Dist GBP,18.035,,,,
02/14/2013,iShares Global Water ETF USD Dist GBP,17.965,,,,
02/15/2013,iShares Global Water ETF USD Dist GBP,18.015,,,,
02/16/2013,iShares Global Water ETF USD Dist GBP,18.015,,,,
02/17/2013,iShares Global Water ETF USD Dist GBP,18.015,,,,
02/18/2013,iShares Global Water ETF USD Dist GBP,25.36,,,,
02/19/2013,iShares Global Water ETF USD Dist GBP,18.235,,,,
02/20/2013,iShares Global Water ETF USD Dist GBP,18.385,,,,
02/21/2013,iShares Global Water ETF USD Dist GBP,18.095,,,,
02/22/2013,iShares Global Water ETF USD Dist GBP,18.21,,,,
02/23/2013,iShares Global Water ETF USD Dist GBP,18.21,,,,
02/24/2013,iShares Global Water ETF USD Dist GBP,18.21,,,,
02/25/2013,iShares Global Water ETF USD Dist GBP,18.405,,,,
02/26/2013,iShares Global Water ETF USD Dist GBP,18.085,,,,
02/27/2013,iShares Global Water ETF USD Dist GBP,18.405,,,,
02/28/2013,iShares Global Water ETF USD Dist GBP,18.505,,,,
03/01/2013,iShares Global Water ETF USD Dist GBP,18.57,,,,
03/02/2013,iShares Global Water ETF USD Dist GBP,18.57,,,,
03/03/2013,iShares Global Water ETF USD Dist GBP,18.57,,,,
03/04/2013,iShares Global Water ETF USD Dist GBP,18.605,,,,
03/05/2013,iShares Global Water ETF USD Dist GBP,18.795,,,,
03/06/2013,iShares Global Water ETF USD Dist GBP,18.825,,,,
03/07/2013,iShares Global Water ETF USD Dist GBP,18.825,,,,
03/08/2013,iShares Global Water ETF USD Dist GBP,18.955,,,,
03/09/2013,iShares Global Water ETF USD Dist GBP,18.955,,,,
03/10/2013,iShares Global Water ETF USD Dist GBP,18.955,,,,
03/11/2013,iShares Global Water ETF USD Dist GBP,19.025,,,,
03/12/2013,iShares Global Water ETF USD Dist GBP,18.935,,,,
03/13/2013,iShares Global Water ETF USD Dist GBP,18.855,,,,
03/14/2013,iShares Global Water ETF USD Dist GBP,18.8,,,,
03/15/2013,iShares Global Water ETF USD Dist GBP,18.775,,,,
03/16/2013,iShares Global Water ETF USD Dist GBP,18.775,,,,
03/17/2013,iShares Global Water ETF USD Dist GBP,18.775,,,,
03/18/2013,iShares Global Water ETF USD Dist GBP,18.745,,,,
03/19/2013,iShares Global Water ETF USD Dist GBP,18.605,,,,
03/20/2013,iShares Global Water ETF USD Dist GBP,18.795,,,,
03/21/2013,iShares Global Water ETF USD Dist GBP,18.735,,,,
03/22/2013,iShares Global Water ETF USD Dist GBP,18.645,,,,
03/23/2013,iShares Global Water ETF USD Dist GBP,18.645,,,,
03/24/2013,iShares Global Water ETF USD Dist GBP,18.645,,,,
03/25/2013,iShares Global Water ETF USD Dist GBP,18.565,,,,
03/26/2013,iShares Global Water ETF USD Dist GBP,18.635,,,,
03/27/2013,iShares Global Water ETF USD Dist GBP,18.545,,,,
03/28/2013,iShares Global Water ETF USD Dist GBP,18.625,,,,
03/29/2013,iShares Global Water ETF USD Dist GBP,18.625,,,,
03/30/2013,iShares Global Water ETF USD Dist GBP,18.625,,,,
03/31/2013,iShares Global Water ETF USD Dist GBP,18.625,,,,
04/01/2013,iShares Global Water ETF USD Dist GBP,18.625,,,,
04/02/2013,iShares Global Water ETF USD Dist GBP,18.705,,,,
04/03/2013,iShares Global Water ETF USD Dist GBP,18.525,,,,
04/04/2013,iShares Global Water ETF USD Dist GBP,18.485,,,,
04/05/2013,iShares Global Water ETF USD Dist GBP,18.205,,,,
04/06/2013,iShares Global Water ETF USD Dist GBP,18.205,,,,
04/07/2013,iShares Global Water ETF USD Dist GBP,18.205,,,,
04/08/2013,iShares Global Water ETF USD Dist GBP,18.305,,,,
04/09/2013,iShares Global Water ETF USD Dist GBP,18.365,,,,
04/10/2013,iShares Global Water ETF USD Dist GBP,18.665,,,,
04/11/2013,iShares Global Water ETF USD Dist GBP,18.72,,,,
04/12/2013,iShares Global Water ETF USD Dist GBP,18.615,,,,
04/13/2013,iShares Global Water ETF USD Dist GBP,18.615,,,,
04/14/2013,iShares Global Water ETF USD Dist GBP,18.615,,,,
04/15/2013,iShares Global Water ETF USD Dist GBP,18.535,,,,
04/16/2013,iShares Global Water ETF USD Dist GBP,18.425,,,,
04/17/2013,iShares Global Water ETF USD Dist GBP,18.255,,,,
04/18/2013,iShares Global Water ETF USD Dist GBP,18.135,,,,
04/19/2013,iShares Global Water ETF USD Dist GBP,18.245,,,,
04/20/2013,iShares Global Water ETF USD Dist GBP,18.245,,,,
04/21/2013,iShares Global Water ETF USD Dist GBP,18.245,,,,
04/22/2013,iShares Global Water ETF USD Dist GBP,18.135,,,,
04/23/2013,iShares Global Water ETF USD Dist GBP,18.385,,,,
04/24/2013,iShares Global Water ETF USD Dist GBP,18.335,,,,
04/25/2013,iShares Global Water ETF USD Dist GBP,18.315,,,,
04/26/2013,iShares Global Water ETF USD Dist GBP,18.235,,,,
04/27/2013,iShares Global Water ETF USD Dist GBP,18.235,,,,
04/28/2013,iShares Global Water ETF USD Dist GBP,18.235,,,,
04/29/2013,iShares Global Water ETF USD Dist GBP,18.305,,,,
04/30/2013,iShares Global Water ETF USD Dist GBP,18.295,,,,
05/01/2013,iShares Global Water ETF USD Dist GBP,18.35,,,,
05/02/2013,iShares Global Water ETF USD Dist GBP,18.315,,,,
05/03/2013,iShares Global Water ETF USD Dist GBP,18.515,,,,
05/04/2013,iShares Global Water ETF USD Dist GBP,18.515,,,,
05/05/2013,iShares Global Water ETF USD Dist GBP,18.515,,,,
05/06/2013,iShares Global Water ETF USD Dist GBP,18.515,,,,
05/07/2013,iShares Global Water ETF USD Dist GBP,18.545,,,,
05/08/2013,iShares Global Water ETF USD Dist GBP,18.565,,,,
05/09/2013,iShares Global Water ETF USD Dist GBP,18.675,,,,
05/10/2013,iShares Global Water ETF USD Dist GBP,18.735,,,,
05/11/2013,iShares Global Water ETF USD Dist GBP,18.735,,,,
05/12/2013,iShares Global Water ETF USD Dist GBP,18.735,,,,
05/13/2013,iShares Global Water ETF USD Dist GBP,18.785,,,,
05/14/2013,iShares Global Water ETF USD Dist GBP,19.095,,,,
05/15/2013,iShares Global Water ETF USD Dist GBP,19.195,,,,
05/16/2013,iShares Global Water ETF USD Dist GBP,19.155,,,,
05/17/2013,iShares Global Water ETF USD Dist GBP,19.225,,,,
05/18/2013,iShares Global Water ETF USD Dist GBP,19.225,,,,
05/19/2013,iShares Global Water ETF USD Dist GBP,19.225,,,,
05/20/2013,iShares Global Water ETF USD Dist GBP,19.355,,,,
05/21/2013,iShares Global Water ETF USD Dist GBP,19.475,,,,
05/22/2013,iShares Global Water ETF USD Dist GBP,19.585,,,,
05/23/2013,iShares Global Water ETF USD Dist GBP,19.195,,,,
05/24/2013,iShares Global Water ETF USD Dist GBP,19.065,,,,
05/25/2013,iShares Global Water ETF USD Dist GBP,19.065,,,,
05/26/2013,iShares Global Water ETF USD Dist GBP,19.065,,,,
05/27/2013,iShares Global Water ETF USD Dist GBP,19.065,,,,
05/28/2013,iShares Global Water ETF USD Dist GBP,19.39,,,,
05/29/2013,iShares Global Water ETF USD Dist GBP,19.045,,,,
05/30/2013,iShares Global Water ETF USD Dist GBP,19.105,,,,
05/31/2013,iShares Global Water ETF USD Dist GBP,19.075,,,,
06/01/2013,iShares Global Water ETF USD Dist GBP,19.075,,,,
06/02/2013,iShares Global Water ETF USD Dist GBP,19.075,,,,
06/03/2013,iShares Global Water ETF USD Dist GBP,18.755,,,,
06/04/2013,iShares Global Water ETF USD Dist GBP,18.795,,,,
06/05/2013,iShares Global Water ETF USD Dist GBP,18.395,,,,
06/06/2013,iShares Global Water ETF USD Dist GBP,18.195,,,,
06/07/2013,iShares Global Water ETF USD Dist GBP,18.455,,,,
06/08/2013,iShares Global Water ETF USD Dist GBP,18.455,,,,
06/09/2013,iShares Global Water ETF USD Dist GBP,18.455,,,,
06/10/2013,iShares Global Water ETF USD Dist GBP,18.295,,,,
06/11/2013,iShares Global Water ETF USD Dist GBP,18.225,,,,
06/12/2013,iShares Global Water ETF USD Dist GBP,17.985,,,,
06/13/2013,iShares Global Water ETF USD Dist GBP,17.975,,,,
06/14/2013,iShares Global Water ETF USD Dist GBP,18.065,,,,
06/15/2013,iShares Global Water ETF USD Dist GBP,18.065,,,,
06/16/2013,iShares Global Water ETF USD Dist GBP,18.065,,,,
06/17/2013,iShares Global Water ETF USD Dist GBP,18.095,,,,
06/18/2013,iShares Global Water ETF USD Dist GBP,18.245,,,,
06/19/2013,iShares Global Water ETF USD Dist GBP,18.165,,,,
06/20/2013,iShares Global Water ETF USD Dist GBP,17.715,,,,
06/21/2013,iShares Global Water ETF USD Dist GBP,17.4,,,,
06/22/2013,iShares Global Water ETF USD Dist GBP,17.4,,,,
06/23/2013,iShares Global Water ETF USD Dist GBP,17.4,,,,
06/24/2013,iShares Global Water ETF USD Dist GBP,17.17,,,,
06/25/2013,iShares Global Water ETF USD Dist GBP,17.43,,,,
06/26/2013,iShares Global Water ETF USD Dist GBP,17.675,,,,
06/27/2013,iShares Global Water ETF USD Dist GBP,17.985,,,,
06/28/2013,iShares Global Water ETF USD Dist GBP,18.105,,,,
06/29/2013,iShares Global Water ETF USD Dist GBP,18.105,,,,
06/30/2013,iShares Global Water ETF USD Dist GBP,18.105,,,,
07/01/2013,iShares Global Water ETF USD Dist GBP,18.175,,,,
07/02/2013,iShares Global Water ETF USD Dist GBP,18.295,,,,
07/03/2013,iShares Global Water ETF USD Dist GBP,18.115,,,,
07/04/2013,iShares Global Water ETF USD Dist GBP,18.455,,,,
07/05/2013,iShares Global Water ETF USD Dist GBP,18.535,,,,
07/06/2013,iShares Global Water ETF USD Dist GBP,18.535,,,,
07/07/2013,iShares Global Water ETF USD Dist GBP,18.535,,,,
07/08/2013,iShares Global Water ETF USD Dist GBP,18.785,,,,
07/09/2013,iShares Global Water ETF USD Dist GBP,19.005,,,,
07/10/2013,iShares Global Water ETF USD Dist GBP,18.945,,,,
07/11/2013,iShares Global Water ETF USD Dist GBP,19.115,,,,
07/12/2013,iShares Global Water ETF USD Dist GBP,19.08,,,,
07/13/2013,iShares Global Water ETF USD Dist GBP,19.08,,,,
07/14/2013,iShares Global Water ETF USD Dist GBP,19.08,,,,
07/15/2013,iShares Global Water ETF USD Dist GBP,19.285,,,,
07/16/2013,iShares Global Water ETF USD Dist GBP,19.225,,,,
07/17/2013,iShares Global Water ETF USD Dist GBP,19.195,,,,
07/18/2013,iShares Global Water ETF USD Dist GBP,19.215,,,,
07/19/2013,iShares Global Water ETF USD Dist GBP,19.225,,,,
07/20/2013,iShares Global Water ETF USD Dist GBP,19.225,,,,
07/21/2013,iShares Global Water ETF USD Dist GBP,19.225,,,,
07/22/2013,iShares Global Water ETF USD Dist GBP,19.195,,,,
07/23/2013,iShares Global Water ETF USD Dist GBP,19.095,,,,
07/24/2013,iShares Global Water ETF USD Dist GBP,19.045,,,,
07/25/2013,iShares Global Water ETF USD Dist GBP,18.975,,,,
07/26/2013,iShares Global Water ETF USD Dist GBP,18.91,,,,
07/27/2013,iShares Global Water ETF USD Dist GBP,18.91,,,,
07/28/2013,iShares Global Water ETF USD Dist GBP,18.91,,,,
07/29/2013,iShares Global Water ETF USD Dist GBP,18.965,,,,
07/30/2013,iShares Global Water ETF USD Dist GBP,18.93,,,,
07/31/2013,iShares Global Water ETF USD Dist GBP,19.045,,,,
08/01/2013,iShares Global Water ETF USD Dist GBP,19.185,,,,
08/02/2013,iShares Global Water ETF USD Dist GBP,19.075,,,,
08/03/2013,iShares Global Water ETF USD Dist GBP,19.075,,,,
08/04/2013,iShares Global Water ETF USD Dist GBP,19.075,,,,
08/05/2013,iShares Global Water ETF USD Dist GBP,19.155,,,,
08/06/2013,iShares Global Water ETF USD Dist GBP,19.025,,,,
08/07/2013,iShares Global Water ETF USD Dist GBP,18.845,,,,
08/08/2013,iShares Global Water ETF USD Dist GBP,18.885,,,,
08/09/2013,iShares Global Water ETF USD Dist GBP,18.955,,,,
08/10/2013,iShares Global Water ETF USD Dist GBP,18.955,,,,
08/11/2013,iShares Global Water ETF USD Dist GBP,18.955,,,,
08/12/2013,iShares Global Water ETF USD Dist GBP,18.985,,,,
08/13/2013,iShares Global Water ETF USD Dist GBP,18.855,,,,
08/14/2013,iShares Global Water ETF USD Dist GBP,18.75,,,,
08/15/2013,iShares Global Water ETF USD Dist GBP,18.425,,,,
08/16/2013,iShares Global Water ETF USD Dist GBP,18.42,,,,
08/17/2013,iShares Global Water ETF USD Dist GBP,18.42,,,,
08/18/2013,iShares Global Water ETF USD Dist GBP,18.42,,,,
08/19/2013,iShares Global Water ETF USD Dist GBP,18.335,,,,
08/20/2013,iShares Global Water ETF USD Dist GBP,18.26,,,,
08/21/2013,iShares Global Water ETF USD Dist GBP,18.195,,,,
08/22/2013,iShares Global Water ETF USD Dist GBP,18.415,,,,
08/23/2013,iShares Global Water ETF USD Dist GBP,18.525,,,,
08/24/2013,iShares Global Water ETF USD Dist GBP,18.525,,,,
08/25/2013,iShares Global Water ETF USD Dist GBP,18.525,,,,
08/26/2013,iShares Global Water ETF USD Dist GBP,18.525,,,,
08/27/2013,iShares Global Water ETF USD Dist GBP,18.35,,,,
08/28/2013,iShares Global Water ETF USD Dist GBP,18.33,,,,
08/29/2013,iShares Global Water ETF USD Dist GBP,18.455,,,,
08/30/2013,iShares Global Water ETF USD Dist GBP,18.255,,,,
08/31/2013,iShares Global Water ETF USD Dist GBP,18.255,,,,
09/01/2013,iShares Global Water ETF USD Dist GBP,18.255,,,,
09/02/2013,iShares Global Water ETF USD Dist GBP,18.355,,,,
09/03/2013,iShares Global Water ETF USD Dist GBP,18.34,,,,
09/04/2013,iShares Global Water ETF USD Dist GBP,18.305,,,,
09/05/2013,iShares Global Water ETF USD Dist GBP,18.455,,,,
09/06/2013,iShares Global Water ETF USD Dist GBP,18.495,,,,
09/07/2013,iShares Global Water ETF USD Dist GBP,18.495,,,,
09/08/2013,iShares Global Water ETF USD Dist GBP,18.495,,,,
09/09/2013,iShares Global Water ETF USD Dist GBP,18.495,,,,
09/10/2013,iShares Global Water ETF USD Dist GBP,18.775,,,,
09/11/2013,iShares Global Water ETF USD Dist GBP,18.755,,,,
09/12/2013,iShares Global Water ETF USD Dist GBP,18.745,,,,
09/13/2013,iShares Global Water ETF USD Dist GBP,18.655,,,,
09/14/2013,iShares Global Water ETF USD Dist GBP,18.655,,,,
09/15/2013,iShares Global Water ETF USD Dist GBP,18.655,,,,
09/16/2013,iShares Global Water ETF USD Dist GBP,18.825,,,,
09/17/2013,iShares Global Water ETF USD Dist GBP,18.845,,,,
09/18/2013,iShares Global Water ETF USD Dist GBP,18.745,,,,
09/19/2013,iShares Global Water ETF USD Dist GBP,19.015,,,,
09/20/2013,iShares Global Water ETF USD Dist GBP,18.995,,,,
09/21/2013,iShares Global Water ETF USD Dist GBP,18.995,,,,
09/22/2013,iShares Global Water ETF USD Dist GBP,18.995,,,,
09/23/2013,iShares Global Water ETF USD Dist GBP,18.855,,,,
09/24/2013,iShares Global Water ETF USD Dist GBP,19.005,,,,
09/25/2013,iShares Global Water ETF USD Dist GBP,18.91,,,,
09/26/2013,iShares Global Water ETF USD Dist GBP,18.945,,,,
09/27/2013,iShares Global Water ETF USD Dist GBP,18.8,,,,
09/28/2013,iShares Global Water ETF USD Dist GBP,18.8,,,,
09/29/2013,iShares Global Water ETF USD Dist GBP,18.8,,,,
09/30/2013,iShares Global Water ETF USD Dist GBP,18.695,,,,
10/01/2013,iShares Global Water ETF USD Dist GBP,18.825,,,,
10/02/2013,iShares Global Water ETF USD Dist GBP,18.775,,,,
10/03/2013,iShares Global Water ETF USD Dist GBP,18.735,,,,
10/04/2013,iShares Global Water ETF USD Dist GBP,18.845,,,,
10/05/2013,iShares Global Water ETF USD Dist GBP,18.845,,,,
10/06/2013,iShares Global Water ETF USD Dist GBP,18.845,,,,
10/07/2013,iShares Global Water ETF USD Dist GBP,18.755,,,,
10/08/2013,iShares Global Water ETF USD Dist GBP,18.67,,,,
10/09/2013,iShares Global Water ETF USD Dist GBP,18.655,,,,
10/10/2013,iShares Global Water ETF USD Dist GBP,18.9,,,,
10/11/2013,iShares Global Water ETF USD Dist GBP,18.99,,,,
10/12/2013,iShares Global Water ETF USD Dist GBP,18.99,,,,
10/13/2013,iShares Global Water ETF USD Dist GBP,18.99,,,,
10/14/2013,iShares Global Water ETF USD Dist GBP,19.005,,,,
10/15/2013,iShares Global Water ETF USD Dist GBP,19.02,,,,
10/16/2013,iShares Global Water ETF USD Dist GBP,19.085,,,,
10/17/2013,iShares Global Water ETF USD Dist GBP,18.855,,,,
10/18/2013,iShares Global Water ETF USD Dist GBP,19.085,,,,
10/19/2013,iShares Global Water ETF USD Dist GBP,19.085,,,,
10/20/2013,iShares Global Water ETF USD Dist GBP,19.085,,,,
10/21/2013,iShares Global Water ETF USD Dist GBP,19.225,,,,
10/22/2013,iShares Global Water ETF USD Dist GBP,19.215,,,,
10/23/2013,iShares Global Water ETF USD Dist GBP,19.035,,,,
10/24/2013,iShares Global Water ETF USD Dist GBP,19.115,,,,
10/25/2013,iShares Global Water ETF USD Dist GBP,19.135,,,,
10/26/2013,iShares Global Water ETF USD Dist GBP,19.135,,,,
10/27/2013,iShares Global Water ETF USD Dist GBP,19.135,,,,
10/28/2013,iShares Global Water ETF USD Dist GBP,19.165,,,,
10/29/2013,iShares Global Water ETF USD Dist GBP,19.345,,,,
10/30/2013,iShares Global Water ETF USD Dist GBP,19.315,,,,
10/31/2013,iShares Global Water ETF USD Dist GBP,19.315,,,,
11/01/2013,iShares Global Water ETF USD Dist GBP,19.275,,,,
11/02/2013,iShares Global Water ETF USD Dist GBP,19.275,,,,
11/03/2013,iShares Global Water ETF USD Dist GBP,19.275,,,,
11/04/2013,iShares Global Water ETF USD Dist GBP,19.375,,,,
11/05/2013,iShares Global Water ETF USD Dist GBP,19.185,,,,
11/06/2013,iShares Global Water ETF USD Dist GBP,19.225,,,,
11/07/2013,iShares Global Water ETF USD Dist GBP,19.125,,,,
11/08/2013,iShares Global Water ETF USD Dist GBP,19.135,,,,
11/09/2013,iShares Global Water ETF USD Dist GBP,19.135,,,,
11/10/2013,iShares Global Water ETF USD Dist GBP,19.135,,,,
11/11/2013,iShares Global Water ETF USD Dist GBP,19.365,,,,
11/12/2013,iShares Global Water ETF USD Dist GBP,19.415,,,,
11/13/2013,iShares Global Water ETF USD Dist GBP,19.265,,,,
11/14/2013,iShares Global Water ETF USD Dist GBP,19.405,,,,
11/15/2013,iShares Global Water ETF USD Dist GBP,19.565,,,,
11/16/2013,iShares Global Water ETF USD Dist GBP,19.565,,,,
11/17/2013,iShares Global Water ETF USD Dist GBP,19.565,,,,
11/18/2013,iShares Global Water ETF USD Dist GBP,19.565,,,,
11/19/2013,iShares Global Water ETF USD Dist GBP,19.495,,,,
11/20/2013,iShares Global Water ETF USD Dist GBP,19.335,,,,
11/21/2013,iShares Global Water ETF USD Dist GBP,19.305,,,,
11/22/2013,iShares Global Water ETF USD Dist GBP,19.275,,,,
11/23/2013,iShares Global Water ETF USD Dist GBP,19.275,,,,
11/24/2013,iShares Global Water ETF USD Dist GBP,19.275,,,,
11/25/2013,iShares Global Water ETF USD Dist GBP,19.375,,,,
11/26/2013,iShares Global Water ETF USD Dist GBP,19.285,,,,
11/27/2013,iShares Global Water ETF USD Dist GBP,19.285,,,,
11/28/2013,iShares Global Water ETF USD Dist GBP,19.275,,,,
11/29/2013,iShares Global Water ETF USD Dist GBP,19.275,,,,
11/30/2013,iShares Global Water ETF USD Dist GBP,19.275,,,,
12/01/2013,iShares Global Water ETF USD Dist GBP,19.275,,,,
12/02/2013,iShares Global Water ETF USD Dist GBP,19.115,,,,
12/03/2013,iShares Global Water ETF USD Dist GBP,18.755,,,,
12/04/2013,iShares Global Water ETF USD Dist GBP,18.7,,,,
12/05/2013,iShares Global Water ETF USD Dist GBP,18.765,,,,
12/06/2013,iShares Global Water ETF USD Dist GBP,18.895,,,,
12/07/2013,iShares Global Water ETF USD Dist GBP,18.895,,,,
12/08/2013,iShares Global Water ETF USD Dist GBP,18.895,,,,
12/09/2013,iShares Global Water ETF USD Dist GBP,18.84,,,,
12/10/2013,iShares Global Water ETF USD Dist GBP,18.835,,,,
12/11/2013,iShares Global Water ETF USD Dist GBP,18.805,,,,
12/12/2013,iShares Global Water ETF USD Dist GBP,18.755,,,,
12/13/2013,iShares Global Water ETF USD Dist GBP,18.775,,,,
12/14/2013,iShares Global Water ETF USD Dist GBP,18.775,,,,
12/15/2013,iShares Global Water ETF USD Dist GBP,18.775,,,,
12/16/2013,iShares Global Water ETF USD Dist GBP,18.975,,,,
12/17/2013,iShares Global Water ETF USD Dist GBP,19.055,,,,
12/18/2013,iShares Global Water ETF USD Dist GBP,18.995,,,,
12/19/2013,iShares Global Water ETF USD Dist GBP,19.165,,,,
12/20/2013,iShares Global Water ETF USD Dist GBP,19.33,,,,
12/21/2013,iShares Global Water ETF USD Dist GBP,19.33,,,,
12/22/2013,iShares Global Water ETF USD Dist GBP,19.33,,,,
12/23/2013,iShares Global Water ETF USD Dist GBP,19.47,,,,
12/24/2013,iShares Global Water ETF USD Dist GBP,19.465,,,,
12/25/2013,iShares Global Water ETF USD Dist GBP,19.465,,,,
12/26/2013,iShares Global Water ETF USD Dist GBP,19.465,,,,
12/27/2013,iShares Global Water ETF USD Dist GBP,19.74,,,,
12/28/2013,iShares Global Water ETF USD Dist GBP,19.74,,,,
12/29/2013,iShares Global Water ETF USD Dist GBP,19.74,,,,
12/30/2013,iShares Global Water ETF USD Dist GBP,19.73,,,,
12/31/2013,iShares Global Water ETF USD Dist GBP,19.805,,,,
01/01/2014,iShares Global Water ETF USD Dist GBP,19.805,,,,
01/02/2014,iShares Global Water ETF USD Dist GBP,19.605,,,,
01/03/2014,iShares Global Water ETF USD Dist GBP,19.605,,,,
01/04/2014,iShares Global Water ETF USD Dist GBP,19.605,,,,
01/05/2014,iShares Global Water ETF USD Dist GBP,19.605,,,,
01/06/2014,iShares Global Water ETF USD Dist GBP,19.555,,,,
01/07/2014,iShares Global Water ETF USD Dist GBP,19.615,,,,
01/08/2014,iShares Global Water ETF USD Dist GBP,19.46,,,,
01/09/2014,iShares Global Water ETF USD Dist GBP,19.415,,,,
01/10/2014,iShares Global Water ETF USD Dist GBP,19.58,,,,
01/11/2014,iShares Global Water ETF USD Dist GBP,19.58,,,,
01/12/2014,iShares Global Water ETF USD Dist GBP,19.58,,,,
01/13/2014,iShares Global Water ETF USD Dist GBP,19.64,,,,
01/14/2014,iShares Global Water ETF USD Dist GBP,19.605,,,,
01/15/2014,iShares Global Water ETF USD Dist GBP,19.765,,,,
01/16/2014,iShares Global Water ETF USD Dist GBP,19.905,,,,
01/17/2014,iShares Global Water ETF USD Dist GBP,19.875,,,,
01/18/2014,iShares Global Water ETF USD Dist GBP,19.875,,,,
01/19/2014,iShares Global Water ETF USD Dist GBP,19.875,,,,
01/20/2014,iShares Global Water ETF USD Dist GBP,19.56,,,,
01/21/2014,iShares Global Water ETF USD Dist GBP,19.735,,,,
01/22/2014,iShares Global Water ETF USD Dist GBP,19.745,,,,
01/23/2014,iShares Global Water ETF USD Dist GBP,19.63,,,,
01/24/2014,iShares Global Water ETF USD Dist GBP,19.285,,,,
01/25/2014,iShares Global Water ETF USD Dist GBP,19.285,,,,
01/26/2014,iShares Global Water ETF USD Dist GBP,19.285,,,,
01/27/2014,iShares Global Water ETF USD Dist GBP,19.125,,,,
01/28/2014,iShares Global Water ETF USD Dist GBP,19.325,,,,
01/29/2014,iShares Global Water ETF USD Dist GBP,19.35,,,,
01/30/2014,iShares Global Water ETF USD Dist GBP,19.335,,,,
01/31/2014,iShares Global Water ETF USD Dist GBP,19.285,,,,
02/01/2014,iShares Global Water ETF USD Dist GBP,19.285,,,,
02/02/2014,iShares Global Water ETF USD Dist GBP,19.285,,,,
02/03/2014,iShares Global Water ETF USD Dist GBP,19.155,,,,
02/04/2014,iShares Global Water ETF USD Dist GBP,19.155,,,,
02/05/2014,iShares Global Water ETF USD Dist GBP,19.28,,,,
02/06/2014,iShares Global Water ETF USD Dist GBP,19.485,,,,
02/07/2014,iShares Global Water ETF USD Dist GBP,19.605,,,,
02/08/2014,iShares Global Water ETF USD Dist GBP,19.605,,,,
02/09/2014,iShares Global Water ETF USD Dist GBP,19.605,,,,
02/10/2014,iShares Global Water ETF USD Dist GBP,19.615,,,,
02/11/2014,iShares Global Water ETF USD Dist GBP,19.765,,,,
02/12/2014,iShares Global Water ETF USD Dist GBP,19.715,,,,
02/13/2014,iShares Global Water ETF USD Dist GBP,19.675,,,,
02/14/2014,iShares Global Water ETF USD Dist GBP,19.755,,,,
02/15/2014,iShares Global Water ETF USD Dist GBP,19.755,,,,
02/16/2014,iShares Global Water ETF USD Dist GBP,19.755,,,,
02/17/2014,iShares Global Water ETF USD Dist GBP,19.835,,,,
02/18/2014,iShares Global Water ETF USD Dist GBP,19.83,,,,
02/19/2014,iShares Global Water ETF USD Dist GBP,19.89,,,,
02/20/2014,iShares Global Water ETF USD Dist GBP,19.895,,,,
02/21/2014,iShares Global Water ETF USD Dist GBP,20.04,,,,
02/22/2014,iShares Global Water ETF USD Dist GBP,20.04,,,,
02/23/2014,iShares Global Water ETF USD Dist GBP,20.04,,,,
02/24/2014,iShares Global Water ETF USD Dist GBP,20.13,,,,
02/25/2014,iShares Global Water ETF USD Dist GBP,20.16,,,,
02/26/2014,iShares Global Water ETF USD Dist GBP,20.21,,,,
02/27/2014,iShares Global Water ETF USD Dist GBP,20.34,,,,
02/28/2014,iShares Global Water ETF USD Dist GBP,20.43,,,,
03/01/2014,iShares Global Water ETF USD Dist GBP,20.43,,,,
03/02/2014,iShares Global Water ETF USD Dist GBP,20.43,,,,
03/03/2014,iShares Global Water ETF USD Dist GBP,20.14,,,,
03/04/2014,iShares Global Water ETF USD Dist GBP,20.58,,,,
03/05/2014,iShares Global Water ETF USD Dist GBP,20.465,,,,
03/06/2014,iShares Global Water ETF USD Dist GBP,20.66,,,,
03/07/2014,iShares Global Water ETF USD Dist GBP,20.66,,,,
03/08/2014,iShares Global Water ETF USD Dist GBP,20.66,,,,
03/09/2014,iShares Global Water ETF USD Dist GBP,20.66,,,,
03/10/2014,iShares Global Water ETF USD Dist GBP,20.725,,,,
03/11/2014,iShares Global Water ETF USD Dist GBP,20.75,,,,
03/12/2014,iShares Global Water ETF USD Dist GBP,20.65,,,,
03/13/2014,iShares Global Water ETF USD Dist GBP,20.46,,,,
03/14/2014,iShares Global Water ETF USD Dist GBP,20.36,,,,
03/15/2014,iShares Global Water ETF USD Dist GBP,20.36,,,,
03/16/2014,iShares Global Water ETF USD Dist GBP,20.36,,,,
03/17/2014,iShares Global Water ETF USD Dist GBP,20.5,,,,
03/18/2014,iShares Global Water ETF USD Dist GBP,20.67,,,,
03/19/2014,iShares Global Water ETF USD Dist GBP,20.57,,,,
03/20/2014,iShares Global Water ETF USD Dist GBP,20.5,,,,
03/21/2014,iShares Global Water ETF USD Dist GBP,22,,,,
03/22/2014,iShares Global Water ETF USD Dist GBP,22,,,,
03/23/2014,iShares Global Water ETF USD Dist GBP,22,,,,
03/24/2014,iShares Global Water ETF USD Dist GBP,20.4,,,,
03/25/2014,iShares Global Water ETF USD Dist GBP,20.51,,,,
03/26/2014,iShares Global Water ETF USD Dist GBP,20.47,,,,
03/27/2014,iShares Global Water ETF USD Dist GBP,20.24,,,,
03/28/2014,iShares Global Water ETF USD Dist GBP,20.46,,,,
03/29/2014,iShares Global Water ETF USD Dist GBP,20.46,,,,
03/30/2014,iShares Global Water ETF USD Dist GBP,20.46,,,,
03/31/2014,iShares Global Water ETF USD Dist GBP,20.5,,,,
04/01/2014,iShares Global Water ETF USD Dist GBP,20.71,,,,
04/02/2014,iShares Global Water ETF USD Dist GBP,20.795,,,,
04/03/2014,iShares Global Water ETF USD Dist GBP,20.665,,,,
04/04/2014,iShares Global Water ETF USD Dist GBP,20.76,,,,
04/05/2014,iShares Global Water ETF USD Dist GBP,20.76,,,,
04/06/2014,iShares Global Water ETF USD Dist GBP,20.76,,,,
04/07/2014,iShares Global Water ETF USD Dist GBP,20.52,,,,
04/08/2014,iShares Global Water ETF USD Dist GBP,20.3,,,,
04/09/2014,iShares Global Water ETF USD Dist GBP,20.37,,,,
04/10/2014,iShares Global Water ETF USD Dist GBP,20.46,,,,
04/11/2014,iShares Global Water ETF USD Dist GBP,20.24,,,,
04/12/2014,iShares Global Water ETF USD Dist GBP,20.24,,,,
04/13/2014,iShares Global Water ETF USD Dist GBP,20.24,,,,
04/14/2014,iShares Global Water ETF USD Dist GBP,20.06,,,,
04/15/2014,iShares Global Water ETF USD Dist GBP,19.94,,,,
04/16/2014,iShares Global Water ETF USD Dist GBP,20.1,,,,
04/17/2014,iShares Global Water ETF USD Dist GBP,20.17,,,,
04/18/2014,iShares Global Water ETF USD Dist GBP,20.17,,,,
04/19/2014,iShares Global Water ETF USD Dist GBP,20.17,,,,
04/20/2014,iShares Global Water ETF USD Dist GBP,20.17,,,,
04/21/2014,iShares Global Water ETF USD Dist GBP,20.17,,,,
04/22/2014,iShares Global Water ETF USD Dist GBP,20.16,,,,
04/23/2014,iShares Global Water ETF USD Dist GBP,20.26,,,,
04/24/2014,iShares Global Water ETF USD Dist GBP,20.23,,,,
04/25/2014,iShares Global Water ETF USD Dist GBP,20.03,,,,
04/26/2014,iShares Global Water ETF USD Dist GBP,20.03,,,,
04/27/2014,iShares Global Water ETF USD Dist GBP,20.03,,,,
04/28/2014,iShares Global Water ETF USD Dist GBP,19.915,,,,
04/29/2014,iShares Global Water ETF USD Dist GBP,20.09,,,,
04/30/2014,iShares Global Water ETF USD Dist GBP,20.06,,,,
05/01/2014,iShares Global Water ETF USD Dist GBP,20.11,,,,
05/02/2014,iShares Global Water ETF USD Dist GBP,20.16,,,,
05/03/2014,iShares Global Water ETF USD Dist GBP,20.16,,,,
05/04/2014,iShares Global Water ETF USD Dist GBP,20.16,,,,
05/05/2014,iShares Global Water ETF USD Dist GBP,20.16,,,,
05/06/2014,iShares Global Water ETF USD Dist GBP,20.01,,,,
05/07/2014,iShares Global Water ETF USD Dist GBP,19.945,,,,
05/08/2014,iShares Global Water ETF USD Dist GBP,20.095,,,,
05/09/2014,iShares Global Water ETF USD Dist GBP,20.06,,,,
05/10/2014,iShares Global Water ETF USD Dist GBP,20.06,,,,
05/11/2014,iShares Global Water ETF USD Dist GBP,20.06,,,,
05/12/2014,iShares Global Water ETF USD Dist GBP,20.33,,,,
05/13/2014,iShares Global Water ETF USD Dist GBP,20.43,,,,
05/14/2014,iShares Global Water ETF USD Dist GBP,20.44,,,,
05/15/2014,iShares Global Water ETF USD Dist GBP,20.11,,,,
05/16/2014,iShares Global Water ETF USD Dist GBP,20.12,,,,
05/17/2014,iShares Global Water ETF USD Dist GBP,20.12,,,,
05/18/2014,iShares Global Water ETF USD Dist GBP,20.12,,,,
05/19/2014,iShares Global Water ETF USD Dist GBP,20.23,,,,
05/20/2014,iShares Global Water ETF USD Dist GBP,20.16,,,,
05/21/2014,iShares Global Water ETF USD Dist GBP,20.14,,,,
05/22/2014,iShares Global Water ETF USD Dist GBP,20.39,,,,
05/23/2014,iShares Global Water ETF USD Dist GBP,20.4159,,,,
05/24/2014,iShares Global Water ETF USD Dist GBP,20.4159,,,,
05/25/2014,iShares Global Water ETF USD Dist GBP,20.4159,,,,
05/26/2014,iShares Global Water ETF USD Dist GBP,20.4159,,,,
05/27/2014,iShares Global Water ETF USD Dist GBP,20.645,,,,
05/28/2014,iShares Global Water ETF USD Dist GBP,20.75,,,,
05/29/2014,iShares Global Water ETF USD Dist GBP,20.7,,,,
05/30/2014,iShares Global Water ETF USD Dist GBP,20.695,,,,
05/31/2014,iShares Global Water ETF USD Dist GBP,20.695,,,,
06/01/2014,iShares Global Water ETF USD Dist GBP,20.695,,,,
06/02/2014,iShares Global Water ETF USD Dist GBP,20.82,,,,
06/03/2014,iShares Global Water ETF USD Dist GBP,20.71,,,,
06/04/2014,iShares Global Water ETF USD Dist GBP,20.71,,,,
06/05/2014,iShares Global Water ETF USD Dist GBP,20.75,,,,
06/06/2014,iShares Global Water ETF USD Dist GBP,21.04,,,,
06/07/2014,iShares Global Water ETF USD Dist GBP,21.04,,,,
06/08/2014,iShares Global Water ETF USD Dist GBP,21.04,,,,
06/09/2014,iShares Global Water ETF USD Dist GBP,21.14,,,,
06/10/2014,iShares Global Water ETF USD Dist GBP,21.13,,,,
06/11/2014,iShares Global Water ETF USD Dist GBP,21,,,,
06/12/2014,iShares Global Water ETF USD Dist GBP,20.925,,,,
06/13/2014,iShares Global Water ETF USD Dist GBP,20.835,,,,
06/14/2014,iShares Global Water ETF USD Dist GBP,20.835,,,,
06/15/2014,iShares Global Water ETF USD Dist GBP,20.835,,,,
06/16/2014,iShares Global Water ETF USD Dist GBP,20.745,,,,
06/17/2014,iShares Global Water ETF USD Dist GBP,20.795,,,,
06/18/2014,iShares Global Water ETF USD Dist GBP,20.795,,,,
06/19/2014,iShares Global Water ETF USD Dist GBP,20.84,,,,
06/20/2014,iShares Global Water ETF USD Dist GBP,20.945,,,,
06/21/2014,iShares Global Water ETF USD Dist GBP,20.945,,,,
06/22/2014,iShares Global Water ETF USD Dist GBP,20.945,,,,
06/23/2014,iShares Global Water ETF USD Dist GBP,20.91,,,,
06/24/2014,iShares Global Water ETF USD Dist GBP,20.99,,,,
06/25/2014,iShares Global Water ETF USD Dist GBP,20.78,,,,
06/26/2014,iShares Global Water ETF USD Dist GBP,20.75,,,,
06/27/2014,iShares Global Water ETF USD Dist GBP,20.8,,,,
06/28/2014,iShares Global Water ETF USD Dist GBP,20.8,,,,
06/29/2014,iShares Global Water ETF USD Dist GBP,20.8,,,,
06/30/2014,iShares Global Water ETF USD Dist GBP,20.775,,,,
07/01/2014,iShares Global Water ETF USD Dist GBP,20.865,,,,
07/02/2014,iShares Global Water ETF USD Dist GBP,20.75,,,,
07/03/2014,iShares Global Water ETF USD Dist GBP,20.78,,,,
07/04/2014,iShares Global Water ETF USD Dist GBP,20.7825,,,,
07/05/2014,iShares Global Water ETF USD Dist GBP,20.7825,,,,
07/06/2014,iShares Global Water ETF USD Dist GBP,20.7825,,,,
07/07/2014,iShares Global Water ETF USD Dist GBP,20.665,,,,
07/08/2014,iShares Global Water ETF USD Dist GBP,20.48,,,,
07/09/2014,iShares Global Water ETF USD Dist GBP,20.46,,,,
07/10/2014,iShares Global Water ETF USD Dist GBP,20.2975,,,,
07/11/2014,iShares Global Water ETF USD Dist GBP,20.3275,,,,
07/12/2014,iShares Global Water ETF USD Dist GBP,20.3275,,,,
07/13/2014,iShares Global Water ETF USD Dist GBP,20.3275,,,,
07/14/2014,iShares Global Water ETF USD Dist GBP,20.535,,,,
07/15/2014,iShares Global Water ETF USD Dist GBP,20.375,,,,
07/16/2014,iShares Global Water ETF USD Dist GBP,20.45,,,,
07/17/2014,iShares Global Water ETF USD Dist GBP,20.31,,,,
07/18/2014,iShares Global Water ETF USD Dist GBP,20.405,,,,
07/19/2014,iShares Global Water ETF USD Dist GBP,20.405,,,,
07/20/2014,iShares Global Water ETF USD Dist GBP,20.405,,,,
07/21/2014,iShares Global Water ETF USD Dist GBP,20.3925,,,,
07/22/2014,iShares Global Water ETF USD Dist GBP,20.5725,,,,
07/23/2014,iShares Global Water ETF USD Dist GBP,20.53,,,,
07/24/2014,iShares Global Water ETF USD Dist GBP,20.6225,,,,
07/25/2014,iShares Global Water ETF USD Dist GBP,20.435,,,,
07/26/2014,iShares Global Water ETF USD Dist GBP,20.435,,,,
07/27/2014,iShares Global Water ETF USD Dist GBP,20.435,,,,
07/28/2014,iShares Global Water ETF USD Dist GBP,20.3375,,,,
07/29/2014,iShares Global Water ETF USD Dist GBP,20.3375,,,,
07/30/2014,iShares Global Water ETF USD Dist GBP,20.2475,,,,
07/31/2014,iShares Global Water ETF USD Dist GBP,19.9175,,,,
08/01/2014,iShares Global Water ETF USD Dist GBP,19.7375,,,,
08/02/2014,iShares Global Water ETF USD Dist GBP,19.7375,,,,
08/03/2014,iShares Global Water ETF USD Dist GBP,19.7375,,,,
08/04/2014,iShares Global Water ETF USD Dist GBP,19.6825,,,,
08/05/2014,iShares Global Water ETF USD Dist GBP,19.7275,,,,
08/06/2014,iShares Global Water ETF USD Dist GBP,19.6225,,,,
08/07/2014,iShares Global Water ETF USD Dist GBP,19.5875,,,,
08/08/2014,iShares Global Water ETF USD Dist GBP,19.77,,,,
08/09/2014,iShares Global Water ETF USD Dist GBP,19.77,,,,
08/10/2014,iShares Global Water ETF USD Dist GBP,19.77,,,,
08/11/2014,iShares Global Water ETF USD Dist GBP,20.015,,,,
08/12/2014,iShares Global Water ETF USD Dist GBP,19.8925,,,,
08/13/2014,iShares Global Water ETF USD Dist GBP,20.13,,,,
08/14/2014,iShares Global Water ETF USD Dist GBP,20.195,,,,
08/15/2014,iShares Global Water ETF USD Dist GBP,20.1825,,,,
08/16/2014,iShares Global Water ETF USD Dist GBP,20.1825,,,,
08/17/2014,iShares Global Water ETF USD Dist GBP,20.1825,,,,
08/18/2014,iShares Global Water ETF USD Dist GBP,20.35,,,,
08/19/2014,iShares Global Water ETF USD Dist GBP,20.51,,,,
08/20/2014,iShares Global Water ETF USD Dist GBP,20.505,,,,
08/21/2014,iShares Global Water ETF USD Dist GBP,20.665,,,,
08/22/2014,iShares Global Water ETF USD Dist GBP,20.635,,,,
08/23/2014,iShares Global Water ETF USD Dist GBP,20.635,,,,
08/24/2014,iShares Global Water ETF USD Dist GBP,20.635,,,,
08/25/2014,iShares Global Water ETF USD Dist GBP,20.635,,,,
08/26/2014,iShares Global Water ETF USD Dist GBP,20.7725,,,,
08/27/2014,iShares Global Water ETF USD Dist GBP,20.7175,,,,
08/28/2014,iShares Global Water ETF USD Dist GBP,20.5925,,,,
08/29/2014,iShares Global Water ETF USD Dist GBP,20.5775,,,,
08/30/2014,iShares Global Water ETF USD Dist GBP,20.5775,,,,
08/31/2014,iShares Global Water ETF USD Dist GBP,20.5775,,,,
09/01/2014,iShares Global Water ETF USD Dist GBP,20.57,,,,
09/02/2014,iShares Global Water ETF USD Dist GBP,20.7125,,,,
09/03/2014,iShares Global Water ETF USD Dist GBP,20.895,,,,
09/04/2014,iShares Global Water ETF USD Dist GBP,20.955,,,,
09/05/2014,iShares Global Water ETF USD Dist GBP,20.92,,,,
09/06/2014,iShares Global Water ETF USD Dist GBP,20.92,,,,
09/07/2014,iShares Global Water ETF USD Dist GBP,20.92,,,,
09/08/2014,iShares Global Water ETF USD Dist GBP,21.1075,,,,
09/09/2014,iShares Global Water ETF USD Dist GBP,21.005,,,,
09/10/2014,iShares Global Water ETF USD Dist GBP,20.8975,,,,
09/11/2014,iShares Global Water ETF USD Dist GBP,20.8575,,,,
09/12/2014,iShares Global Water ETF USD Dist GBP,20.8125,,,,
09/13/2014,iShares Global Water ETF USD Dist GBP,20.8125,,,,
09/14/2014,iShares Global Water ETF USD Dist GBP,20.8125,,,,
09/15/2014,iShares Global Water ETF USD Dist GBP,20.7625,,,,
09/16/2014,iShares Global Water ETF USD Dist GBP,20.7225,,,,
09/17/2014,iShares Global Water ETF USD Dist GBP,20.675,,,,
09/18/2014,iShares Global Water ETF USD Dist GBP,20.63,,,,
09/19/2014,iShares Global Water ETF USD Dist GBP,20.69,,,,
09/20/2014,iShares Global Water ETF USD Dist GBP,20.69,,,,
09/21/2014,iShares Global Water ETF USD Dist GBP,20.69,,,,
09/22/2014,iShares Global Water ETF USD Dist GBP,20.44,,,,
09/23/2014,iShares Global Water ETF USD Dist GBP,20.22,,,,
09/24/2014,iShares Global Water ETF USD Dist GBP,20.2625,,,,
09/25/2014,iShares Global Water ETF USD Dist GBP,20.135,,,,
09/26/2014,iShares Global Water ETF USD Dist GBP,20.1325,,,,
09/27/2014,iShares Global Water ETF USD Dist GBP,20.1325,,,,
09/28/2014,iShares Global Water ETF USD Dist GBP,20.1325,,,,
09/29/2014,iShares Global Water ETF USD Dist GBP,20.0775,,,,
09/30/2014,iShares Global Water ETF USD Dist GBP,20.175,,,,
10/01/2014,iShares Global Water ETF USD Dist GBP,19.9575,,,,
10/02/2014,iShares Global Water ETF USD Dist GBP,19.6825,,,,
10/03/2014,iShares Global Water ETF USD Dist GBP,19.9575,,,,
10/04/2014,iShares Global Water ETF USD Dist GBP,19.9575,,,,
10/05/2014,iShares Global Water ETF USD Dist GBP,19.9575,,,,
10/06/2014,iShares Global Water ETF USD Dist GBP,20.045,,,,
10/07/2014,iShares Global Water ETF USD Dist GBP,19.7425,,,,
10/08/2014,iShares Global Water ETF USD Dist GBP,19.6325,,,,
10/09/2014,iShares Global Water ETF USD Dist GBP,19.6725,,,,
10/10/2014,iShares Global Water ETF USD Dist GBP,19.3925,,,,
10/11/2014,iShares Global Water ETF USD Dist GBP,19.3925,,,,
10/12/2014,iShares Global Water ETF USD Dist GBP,19.3925,,,,
10/13/2014,iShares Global Water ETF USD Dist GBP,19.4475,,,,
10/14/2014,iShares Global Water ETF USD Dist GBP,19.7275,,,,
10/15/2014,iShares Global Water ETF USD Dist GBP,19.3525,,,,
10/16/2014,iShares Global Water ETF USD Dist GBP,19.415,,,,
10/17/2014,iShares Global Water ETF USD Dist GBP,19.7025,,,,
10/18/2014,iShares Global Water ETF USD Dist GBP,19.7025,,,,
10/19/2014,iShares Global Water ETF USD Dist GBP,19.7025,,,,
10/20/2014,iShares Global Water ETF USD Dist GBP,19.6975,,,,
10/21/2014,iShares Global Water ETF USD Dist GBP,20.0025,,,,
10/22/2014,iShares Global Water ETF USD Dist GBP,20.245,,,,
10/23/2014,iShares Global Water ETF USD Dist GBP,20.405,,,,
10/24/2014,iShares Global Water ETF USD Dist GBP,20.325,,,,
10/25/2014,iShares Global Water ETF USD Dist GBP,20.325,,,,
10/26/2014,iShares Global Water ETF USD Dist GBP,20.325,,,,
10/27/2014,iShares Global Water ETF USD Dist GBP,20.1875,,,,
10/28/2014,iShares Global Water ETF USD Dist GBP,20.355,,,,
10/29/2014,iShares Global Water ETF USD Dist GBP,20.445,,,,
10/30/2014,iShares Global Water ETF USD Dist GBP,20.32,,,,
10/31/2014,iShares Global Water ETF USD Dist GBP,20.5,,,,
11/01/2014,iShares Global Water ETF USD Dist GBP,20.5,,,,
11/02/2014,iShares Global Water ETF USD Dist GBP,20.5,,,,
11/03/2014,iShares Global Water ETF USD Dist GBP,20.4675,,,,
11/04/2014,iShares Global Water ETF USD Dist GBP,20.345,,,,
11/05/2014,iShares Global Water ETF USD Dist GBP,20.54,,,,
11/06/2014,iShares Global Water ETF USD Dist GBP,20.75,,,,
11/07/2014,iShares Global Water ETF USD Dist GBP,20.79,,,,
11/08/2014,iShares Global Water ETF USD Dist GBP,20.79,,,,
11/09/2014,iShares Global Water ETF USD Dist GBP,20.79,,,,
11/10/2014,iShares Global Water ETF USD Dist GBP,20.9,,,,
11/11/2014,iShares Global Water ETF USD Dist GBP,20.91,,,,
11/12/2014,iShares Global Water ETF USD Dist GBP,20.9,,,,
11/13/2014,iShares Global Water ETF USD Dist GBP,21.02,,,,
11/14/2014,iShares Global Water ETF USD Dist GBP,21.08,,,,
11/15/2014,iShares Global Water ETF USD Dist GBP,21.08,,,,
11/16/2014,iShares Global Water ETF USD Dist GBP,21.08,,,,
11/17/2014,iShares Global Water ETF USD Dist GBP,21.03,,,,
11/18/2014,iShares Global Water ETF USD Dist GBP,21.21,,,,
11/19/2014,iShares Global Water ETF USD Dist GBP,21.16,,,,
11/20/2014,iShares Global Water ETF USD Dist GBP,21.12,,,,
11/21/2014,iShares Global Water ETF USD Dist GBP,21.275,,,,
11/22/2014,iShares Global Water ETF USD Dist GBP,21.275,,,,
11/23/2014,iShares Global Water ETF USD Dist GBP,21.275,,,,
11/24/2014,iShares Global Water ETF USD Dist GBP,21.255,,,,
11/25/2014,iShares Global Water ETF USD Dist GBP,21.3075,,,,
11/26/2014,iShares Global Water ETF USD Dist GBP,21.3325,,,,
11/27/2014,iShares Global Water ETF USD Dist GBP,21.3625,,,,
11/28/2014,iShares Global Water ETF USD Dist GBP,21.2825,,,,
11/29/2014,iShares Global Water ETF USD Dist GBP,21.2825,,,,
11/30/2014,iShares Global Water ETF USD Dist GBP,21.2825,,,,
12/01/2014,iShares Global Water ETF USD Dist GBP,20.9825,,,,
12/02/2014,iShares Global Water ETF USD Dist GBP,21.115,,,,
12/03/2014,iShares Global Water ETF USD Dist GBP,21.145,,,,
12/04/2014,iShares Global Water ETF USD Dist GBP,21.06,,,,
12/05/2014,iShares Global Water ETF USD Dist GBP,21.255,,,,
12/06/2014,iShares Global Water ETF USD Dist GBP,21.255,,,,
12/07/2014,iShares Global Water ETF USD Dist GBP,21.255,,,,
12/08/2014,iShares Global Water ETF USD Dist GBP,21.15,,,,
12/09/2014,iShares Global Water ETF USD Dist GBP,20.815,,,,
12/10/2014,iShares Global Water ETF USD Dist GBP,20.925,,,,
12/11/2014,iShares Global Water ETF USD Dist GBP,20.8775,,,,
12/12/2014,iShares Global Water ETF USD Dist GBP,20.6225,,,,
12/13/2014,iShares Global Water ETF USD Dist GBP,20.6225,,,,
12/14/2014,iShares Global Water ETF USD Dist GBP,20.6225,,,,
12/15/2014,iShares Global Water ETF USD Dist GBP,20.495,,,,
12/16/2014,iShares Global Water ETF USD Dist GBP,20.71,,,,
12/17/2014,iShares Global Water ETF USD Dist GBP,20.615,,,,
12/18/2014,iShares Global Water ETF USD Dist GBP,21.065,,,,
12/19/2014,iShares Global Water ETF USD Dist GBP,21.26,,,,
12/20/2014,iShares Global Water ETF USD Dist GBP,21.26,,,,
12/21/2014,iShares Global Water ETF USD Dist GBP,21.26,,,,
12/22/2014,iShares Global Water ETF USD Dist GBP,21.38,,,,
12/23/2014,iShares Global Water ETF USD Dist GBP,21.61,,,,
12/24/2014,iShares Global Water ETF USD Dist GBP,21.595,,,,
12/25/2014,iShares Global Water ETF USD Dist GBP,21.595,,,,
12/26/2014,iShares Global Water ETF USD Dist GBP,21.595,,,,
12/27/2014,iShares Global Water ETF USD Dist GBP,21.595,,,,
12/28/2014,iShares Global Water ETF USD Dist GBP,21.595,,,,
12/29/2014,iShares Global Water ETF USD Dist GBP,21.74,,,,
12/30/2014,iShares Global Water ETF USD Dist GBP,21.4975,,,,
12/31/2014,iShares Global Water ETF USD Dist GBP,21.505,,,,
01/01/2015,iShares Global Water ETF USD Dist GBP,21.505,,,,
01/02/2015,iShares Global Water ETF USD Dist GBP,21.44,,,,
01/03/2015,iShares Global Water ETF USD Dist GBP,21.44,,,,
01/04/2015,iShares Global Water ETF USD Dist GBP,21.44,,,,
01/05/2015,iShares Global Water ETF USD Dist GBP,21.2575,,,,
01/06/2015,iShares Global Water ETF USD Dist GBP,21.19,,,,
01/07/2015,iShares Global Water ETF USD Dist GBP,21.3175,,,,
01/08/2015,iShares Global Water ETF USD Dist GBP,21.6575,,,,
01/09/2015,iShares Global Water ETF USD Dist GBP,21.5375,,,,
01/10/2015,iShares Global Water ETF USD Dist GBP,21.5375,,,,
01/11/2015,iShares Global Water ETF USD Dist GBP,21.5375,,,,
01/12/2015,iShares Global Water ETF USD Dist GBP,21.5075,,,,
01/13/2015,iShares Global Water ETF USD Dist GBP,21.6675,,,,
01/14/2015,iShares Global Water ETF USD Dist GBP,21.385,,,,
01/15/2015,iShares Global Water ETF USD Dist GBP,21.5525,,,,
01/16/2015,iShares Global Water ETF USD Dist GBP,21.54,,,,
01/17/2015,iShares Global Water ETF USD Dist GBP,21.54,,,,
01/18/2015,iShares Global Water ETF USD Dist GBP,21.54,,,,
01/19/2015,iShares Global Water ETF USD Dist GBP,21.67,,,,
01/20/2015,iShares Global Water ETF USD Dist GBP,21.5925,,,,
01/21/2015,iShares Global Water ETF USD Dist GBP,21.83,,,,
01/22/2015,iShares Global Water ETF USD Dist GBP,22.0225,,,,
01/23/2015,iShares Global Water ETF USD Dist GBP,22.06,,,,
01/24/2015,iShares Global Water ETF USD Dist GBP,22.06,,,,
01/25/2015,iShares Global Water ETF USD Dist GBP,22.06,,,,
01/26/2015,iShares Global Water ETF USD Dist GBP,21.9975,,,,
01/27/2015,iShares Global Water ETF USD Dist GBP,21.7725,,,,
01/28/2015,iShares Global Water ETF USD Dist GBP,21.7675,,,,
01/29/2015,iShares Global Water ETF USD Dist GBP,21.8675,,,,
01/30/2015,iShares Global Water ETF USD Dist GBP,21.835,,,,
01/31/2015,iShares Global Water ETF USD Dist GBP,21.835,,,,
02/01/2015,iShares Global Water ETF USD Dist GBP,21.835,,,,
02/02/2015,iShares Global Water ETF USD Dist GBP,21.8625,,,,
02/03/2015,iShares Global Water ETF USD Dist GBP,22.0125,,,,
02/04/2015,iShares Global Water ETF USD Dist GBP,21.7975,,,,
02/05/2015,iShares Global Water ETF USD Dist GBP,21.7275,,,,
02/06/2015,iShares Global Water ETF USD Dist GBP,21.7025,,,,
02/07/2015,iShares Global Water ETF USD Dist GBP,21.7025,,,,
02/08/2015,iShares Global Water ETF USD Dist GBP,21.7025,,,,
02/09/2015,iShares Global Water ETF USD Dist GBP,21.5375,,,,
02/10/2015,iShares Global Water ETF USD Dist GBP,21.4925,,,,
02/11/2015,iShares Global Water ETF USD Dist GBP,21.47,,,,
02/12/2015,iShares Global Water ETF USD Dist GBP,21.4575,,,,
02/13/2015,iShares Global Water ETF USD Dist GBP,21.5525,,,,
02/14/2015,iShares Global Water ETF USD Dist GBP,21.5525,,,,
02/15/2015,iShares Global Water ETF USD Dist GBP,21.5525,,,,
02/16/2015,iShares Global Water ETF USD Dist GBP,21.5225,,,,
02/17/2015,iShares Global Water ETF USD Dist GBP,21.555,,,,
02/18/2015,iShares Global Water ETF USD Dist GBP,21.5025,,,,
02/19/2015,iShares Global Water ETF USD Dist GBP,21.615,,,,
02/20/2015,iShares Global Water ETF USD Dist GBP,21.6875,,,,
02/21/2015,iShares Global Water ETF USD Dist GBP,21.6875,,,,
02/22/2015,iShares Global Water ETF USD Dist GBP,21.6875,,,,
02/23/2015,iShares Global Water ETF USD Dist GBP,21.6625,,,,
02/24/2015,iShares Global Water ETF USD Dist GBP,21.8625,,,,
02/25/2015,iShares Global Water ETF USD Dist GBP,21.795,,,,
02/26/2015,iShares Global Water ETF USD Dist GBP,21.7625,,,,
02/27/2015,iShares Global Water ETF USD Dist GBP,21.7475,,,,
02/28/2015,iShares Global Water ETF USD Dist GBP,21.7475,,,,
03/01/2015,iShares Global Water ETF USD Dist GBP,21.7475,,,,
03/02/2015,iShares Global Water ETF USD Dist GBP,21.825,,,,
03/03/2015,iShares Global Water ETF USD Dist GBP,21.6675,,,,
03/04/2015,iShares Global Water ETF USD Dist GBP,21.595,,,,
03/05/2015,iShares Global Water ETF USD Dist GBP,21.805,,,,
03/06/2015,iShares Global Water ETF USD Dist GBP,21.7775,,,,
03/07/2015,iShares Global Water ETF USD Dist GBP,21.7775,,,,
03/08/2015,iShares Global Water ETF USD Dist GBP,21.7775,,,,
03/09/2015,iShares Global Water ETF USD Dist GBP,21.68,,,,
03/10/2015,iShares Global Water ETF USD Dist GBP,21.4275,,,,
03/11/2015,iShares Global Water ETF USD Dist GBP,21.5975,,,,
03/12/2015,iShares Global Water ETF USD Dist GBP,21.9,,,,
03/13/2015,iShares Global Water ETF USD Dist GBP,21.91,,,,
03/14/2015,iShares Global Water ETF USD Dist GBP,21.91,,,,
03/15/2015,iShares Global Water ETF USD Dist GBP,21.91,,,,
03/16/2015,iShares Global Water ETF USD Dist GBP,22.06,,,,
03/17/2015,iShares Global Water ETF USD Dist GBP,22.1875,,,,
03/18/2015,iShares Global Water ETF USD Dist GBP,22.395,,,,
03/19/2015,iShares Global Water ETF USD Dist GBP,22.47,,,,
03/20/2015,iShares Global Water ETF USD Dist GBP,22.53,,,,
03/21/2015,iShares Global Water ETF USD Dist GBP,22.53,,,,
03/22/2015,iShares Global Water ETF USD Dist GBP,22.53,,,,
03/23/2015,iShares Global Water ETF USD Dist GBP,22.635,,,,
03/24/2015,iShares Global Water ETF USD Dist GBP,22.7125,,,,
03/25/2015,iShares Global Water ETF USD Dist GBP,22.625,,,,
03/26/2015,iShares Global Water ETF USD Dist GBP,22.435,,,,
03/27/2015,iShares Global Water ETF USD Dist GBP,22.4675,,,,
03/28/2015,iShares Global Water ETF USD Dist GBP,22.4675,,,,
03/29/2015,iShares Global Water ETF USD Dist GBP,22.4675,,,,
03/30/2015,iShares Global Water ETF USD Dist GBP,22.68,,,,
03/31/2015,iShares Global Water ETF USD Dist GBP,22.4825,,,,
04/01/2015,iShares Global Water ETF USD Dist GBP,22.5775,,,,
04/02/2015,iShares Global Water ETF USD Dist GBP,22.785,,,,
04/03/2015,iShares Global Water ETF USD Dist GBP,22.785,,,,
04/04/2015,iShares Global Water ETF USD Dist GBP,22.785,,,,
04/05/2015,iShares Global Water ETF USD Dist GBP,22.785,,,,
04/06/2015,iShares Global Water ETF USD Dist GBP,22.785,,,,
04/07/2015,iShares Global Water ETF USD Dist GBP,23.09,,,,
04/08/2015,iShares Global Water ETF USD Dist GBP,22.935,,,,
04/09/2015,iShares Global Water ETF USD Dist GBP,23.21,,,,
04/10/2015,iShares Global Water ETF USD Dist GBP,23.475,,,,
04/11/2015,iShares Global Water ETF USD Dist GBP,23.475,,,,
04/12/2015,iShares Global Water ETF USD Dist GBP,23.475,,,,
04/13/2015,iShares Global Water ETF USD Dist GBP,23.435,,,,
04/14/2015,iShares Global Water ETF USD Dist GBP,23.22,,,,
04/15/2015,iShares Global Water ETF USD Dist GBP,23.33,,,,
04/16/2015,iShares Global Water ETF USD Dist GBP,23.2825,,,,
04/17/2015,iShares Global Water ETF USD Dist GBP,23.07,,,,
04/18/2015,iShares Global Water ETF USD Dist GBP,23.07,,,,
04/19/2015,iShares Global Water ETF USD Dist GBP,23.07,,,,
04/20/2015,iShares Global Water ETF USD Dist GBP,23.265,,,,
04/21/2015,iShares Global Water ETF USD Dist GBP,23.23,,,,
04/22/2015,iShares Global Water ETF USD Dist GBP,22.965,,,,
04/23/2015,iShares Global Water ETF USD Dist GBP,23.0625,,,,
04/24/2015,iShares Global Water ETF USD Dist GBP,23.09,,,,
04/25/2015,iShares Global Water ETF USD Dist GBP,23.09,,,,
04/26/2015,iShares Global Water ETF USD Dist GBP,23.09,,,,
04/27/2015,iShares Global Water ETF USD Dist GBP,23.13,,,,
04/28/2015,iShares Global Water ETF USD Dist GBP,22.765,,,,
04/29/2015,iShares Global Water ETF USD Dist GBP,22.49,,,,
04/30/2015,iShares Global Water ETF USD Dist GBP,22.4375,,,,
05/01/2015,iShares Global Water ETF USD Dist GBP,22.6175,,,,
05/02/2015,iShares Global Water ETF USD Dist GBP,22.6175,,,,
05/03/2015,iShares Global Water ETF USD Dist GBP,22.6175,,,,
05/04/2015,iShares Global Water ETF USD Dist GBP,22.6175,,,,
05/05/2015,iShares Global Water ETF USD Dist GBP,22.3825,,,,
05/06/2015,iShares Global Water ETF USD Dist GBP,22.335,,,,
05/07/2015,iShares Global Water ETF USD Dist GBP,22.395,,,,
05/08/2015,iShares Global Water ETF USD Dist GBP,22.57,,,,
05/09/2015,iShares Global Water ETF USD Dist GBP,22.57,,,,
05/10/2015,iShares Global Water ETF USD Dist GBP,22.57,,,,
05/11/2015,iShares Global Water ETF USD Dist GBP,22.3125,,,,
05/12/2015,iShares Global Water ETF USD Dist GBP,22.1275,,,,
05/13/2015,iShares Global Water ETF USD Dist GBP,22.2275,,,,
05/14/2015,iShares Global Water ETF USD Dist GBP,22.3125,,,,
05/15/2015,iShares Global Water ETF USD Dist GBP,22.34,,,,
05/16/2015,iShares Global Water ETF USD Dist GBP,22.34,,,,
05/17/2015,iShares Global Water ETF USD Dist GBP,22.34,,,,
05/18/2015,iShares Global Water ETF USD Dist GBP,22.4625,,,,
05/19/2015,iShares Global Water ETF USD Dist GBP,22.6425,,,,
05/20/2015,iShares Global Water ETF USD Dist GBP,22.62,,,,
05/21/2015,iShares Global Water ETF USD Dist GBP,22.5175,,,,
05/22/2015,iShares Global Water ETF USD Dist GBP,22.6375,,,,
05/23/2015,iShares Global Water ETF USD Dist GBP,22.6375,,,,
05/24/2015,iShares Global Water ETF USD Dist GBP,22.6375,,,,
05/25/2015,iShares Global Water ETF USD Dist GBP,22.6375,,,,
05/26/2015,iShares Global Water ETF USD Dist GBP,22.4525,,,,
05/27/2015,iShares Global Water ETF USD Dist GBP,22.71,,,,
05/28/2015,iShares Global Water ETF USD Dist GBP,22.705,,,,
05/29/2015,iShares Global Water ETF USD Dist GBP,22.5675,,,,
05/30/2015,iShares Global Water ETF USD Dist GBP,22.5675,,,,
05/31/2015,iShares Global Water ETF USD Dist GBP,22.5675,,,,
06/01/2015,iShares Global Water ETF USD Dist GBP,22.6575,,,,
06/02/2015,iShares Global Water ETF USD Dist GBP,22.5525,,,,
06/03/2015,iShares Global Water ETF USD Dist GBP,22.6925,,,,
06/04/2015,iShares Global Water ETF USD Dist GBP,22.4775,,,,
06/05/2015,iShares Global Water ETF USD Dist GBP,22.285,,,,
06/06/2015,iShares Global Water ETF USD Dist GBP,22.285,,,,
06/07/2015,iShares Global Water ETF USD Dist GBP,22.285,,,,
06/08/2015,iShares Global Water ETF USD Dist GBP,22.215,,,,
06/09/2015,iShares Global Water ETF USD Dist GBP,22.0975,,,,
06/10/2015,iShares Global Water ETF USD Dist GBP,22.1125,,,,
06/11/2015,iShares Global Water ETF USD Dist GBP,22.1375,,,,
06/12/2015,iShares Global Water ETF USD Dist GBP,21.975,,,,
06/13/2015,iShares Global Water ETF USD Dist GBP,21.975,,,,
06/14/2015,iShares Global Water ETF USD Dist GBP,21.975,,,,
06/15/2015,iShares Global Water ETF USD Dist GBP,21.6525,,,,
06/16/2015,iShares Global Water ETF USD Dist GBP,21.5375,,,,
06/17/2015,iShares Global Water ETF USD Dist GBP,21.36,,,,
06/18/2015,iShares Global Water ETF USD Dist GBP,21.375,,,,
06/19/2015,iShares Global Water ETF USD Dist GBP,21.35,,,,
06/20/2015,iShares Global Water ETF USD Dist GBP,21.35,,,,
06/21/2015,iShares Global Water ETF USD Dist GBP,21.35,,,,
06/22/2015,iShares Global Water ETF USD Dist GBP,21.7975,,,,
06/23/2015,iShares Global Water ETF USD Dist GBP,21.87,,,,
06/24/2015,iShares Global Water ETF USD Dist GBP,21.91,,,,
06/25/2015,iShares Global Water ETF USD Dist GBP,21.755,,,,
06/26/2015,iShares Global Water ETF USD Dist GBP,21.6625,,,,
06/27/2015,iShares Global Water ETF USD Dist GBP,21.6625,,,,
06/28/2015,iShares Global Water ETF USD Dist GBP,21.6625,,,,
06/29/2015,iShares Global Water ETF USD Dist GBP,21.32,,,,
06/30/2015,iShares Global Water ETF USD Dist GBP,21.3125,,,,
07/01/2015,iShares Global Water ETF USD Dist GBP,21.4875,,,,
07/02/2015,iShares Global Water ETF USD Dist GBP,21.5825,,,,
07/03/2015,iShares Global Water ETF USD Dist GBP,21.5075,,,,
07/04/2015,iShares Global Water ETF USD Dist GBP,21.5075,,,,
07/05/2015,iShares Global Water ETF USD Dist GBP,21.5075,,,,
07/06/2015,iShares Global Water ETF USD Dist GBP,21.1675,,,,
07/07/2015,iShares Global Water ETF USD Dist GBP,20.8775,,,,
07/08/2015,iShares Global Water ETF USD Dist GBP,21.1125,,,,
07/09/2015,iShares Global Water ETF USD Dist GBP,21.32,,,,
07/10/2015,iShares Global Water ETF USD Dist GBP,21.46,,,,
07/11/2015,iShares Global Water ETF USD Dist GBP,21.46,,,,
07/12/2015,iShares Global Water ETF USD Dist GBP,21.46,,,,
07/13/2015,iShares Global Water ETF USD Dist GBP,21.4625,,,,
07/14/2015,iShares Global Water ETF USD Dist GBP,21.51,,,,
07/15/2015,iShares Global Water ETF USD Dist GBP,21.3525,,,,
07/16/2015,iShares Global Water ETF USD Dist GBP,21.5775,,,,
07/17/2015,iShares Global Water ETF USD Dist GBP,21.4575,,,,
07/18/2015,iShares Global Water ETF USD Dist GBP,21.4575,,,,
07/19/2015,iShares Global Water ETF USD Dist GBP,21.4575,,,,
07/20/2015,iShares Global Water ETF USD Dist GBP,21.5375,,,,
07/21/2015,iShares Global Water ETF USD Dist GBP,21.4625,,,,
07/22/2015,iShares Global Water ETF USD Dist GBP,21.22,,,,
07/23/2015,iShares Global Water ETF USD Dist GBP,21.475,,,,
07/24/2015,iShares Global Water ETF USD Dist GBP,21.275,,,,
07/25/2015,iShares Global Water ETF USD Dist GBP,21.275,,,,
07/26/2015,iShares Global Water ETF USD Dist GBP,21.275,,,,
07/27/2015,iShares Global Water ETF USD Dist GBP,20.975,,,,
07/28/2015,iShares Global Water ETF USD Dist GBP,21.02,,,,
07/29/2015,iShares Global Water ETF USD Dist GBP,21.15,,,,
07/30/2015,iShares Global Water ETF USD Dist GBP,21.2125,,,,
07/31/2015,iShares Global Water ETF USD Dist GBP,21.4075,,,,
08/01/2015,iShares Global Water ETF USD Dist GBP,21.4075,,,,
08/02/2015,iShares Global Water ETF USD Dist GBP,21.4075,,,,
08/03/2015,iShares Global Water ETF USD Dist GBP,21.3125,,,,
08/04/2015,iShares Global Water ETF USD Dist GBP,21.31,,,,
08/05/2015,iShares Global Water ETF USD Dist GBP,21.365,,,,
08/06/2015,iShares Global Water ETF USD Dist GBP,21.4425,,,,
08/07/2015,iShares Global Water ETF USD Dist GBP,21.3325,,,,
08/08/2015,iShares Global Water ETF USD Dist GBP,21.3325,,,,
08/09/2015,iShares Global Water ETF USD Dist GBP,21.3325,,,,
08/10/2015,iShares Global Water ETF USD Dist GBP,21.4575,,,,
08/11/2015,iShares Global Water ETF USD Dist GBP,21.25,,,,
08/12/2015,iShares Global Water ETF USD Dist GBP,20.9,,,,
08/13/2015,iShares Global Water ETF USD Dist GBP,21.1275,,,,
08/14/2015,iShares Global Water ETF USD Dist GBP,21.175,,,,
08/15/2015,iShares Global Water ETF USD Dist GBP,21.175,,,,
08/16/2015,iShares Global Water ETF USD Dist GBP,21.175,,,,
08/17/2015,iShares Global Water ETF USD Dist GBP,21.2375,,,,
08/18/2015,iShares Global Water ETF USD Dist GBP,21.13,,,,
08/19/2015,iShares Global Water ETF USD Dist GBP,20.89,,,,
08/20/2015,iShares Global Water ETF USD Dist GBP,20.6775,,,,
08/21/2015,iShares Global Water ETF USD Dist GBP,20.2875,,,,
08/22/2015,iShares Global Water ETF USD Dist GBP,20.2875,,,,
08/23/2015,iShares Global Water ETF USD Dist GBP,20.2875,,,,
08/24/2015,iShares Global Water ETF USD Dist GBP,19.4975,,,,
08/25/2015,iShares Global Water ETF USD Dist GBP,19.86,,,,
08/26/2015,iShares Global Water ETF USD Dist GBP,19.6975,,,,
08/27/2015,iShares Global Water ETF USD Dist GBP,20.365,,,,
08/28/2015,iShares Global Water ETF USD Dist GBP,20.55,,,,
08/29/2015,iShares Global Water ETF USD Dist GBP,20.55,,,,
08/30/2015,iShares Global Water ETF USD Dist GBP,20.55,,,,
08/31/2015,iShares Global Water ETF USD Dist GBP,20.55,,,,
09/01/2015,iShares Global Water ETF USD Dist GBP,20.0325,,,,
09/02/2015,iShares Global Water ETF USD Dist GBP,20.0175,,,,
09/03/2015,iShares Global Water ETF USD Dist GBP,20.38,,,,
09/04/2015,iShares Global Water ETF USD Dist GBP,20.135,,,,
09/05/2015,iShares Global Water ETF USD Dist GBP,20.135,,,,
09/06/2015,iShares Global Water ETF USD Dist GBP,20.135,,,,
09/07/2015,iShares Global Water ETF USD Dist GBP,20.16,,,,
09/08/2015,iShares Global Water ETF USD Dist GBP,20.25,,,,
09/09/2015,iShares Global Water ETF USD Dist GBP,20.4275,,,,
09/10/2015,iShares Global Water ETF USD Dist GBP,20.2475,,,,
09/11/2015,iShares Global Water ETF USD Dist GBP,20.23,,,,
09/12/2015,iShares Global Water ETF USD Dist GBP,20.23,,,,
09/13/2015,iShares Global Water ETF USD Dist GBP,20.23,,,,
09/14/2015,iShares Global Water ETF USD Dist GBP,20.215,,,,
09/15/2015,iShares Global Water ETF USD Dist GBP,20.3975,,,,
09/16/2015,iShares Global Water ETF USD Dist GBP,20.5625,,,,
09/17/2015,iShares Global Water ETF USD Dist GBP,20.49,,,,
09/18/2015,iShares Global Water ETF USD Dist GBP,20.1975,,,,
09/19/2015,iShares Global Water ETF USD Dist GBP,20.1975,,,,
09/20/2015,iShares Global Water ETF USD Dist GBP,20.1975,,,,
09/21/2015,iShares Global Water ETF USD Dist GBP,20.2075,,,,
09/22/2015,iShares Global Water ETF USD Dist GBP,19.9625,,,,
09/23/2015,iShares Global Water ETF USD Dist GBP,20.15,,,,
09/24/2015,iShares Global Water ETF USD Dist GBP,19.865,,,,
09/25/2015,iShares Global Water ETF USD Dist GBP,20.4325,,,,
09/26/2015,iShares Global Water ETF USD Dist GBP,20.4325,,,,
09/27/2015,iShares Global Water ETF USD Dist GBP,20.4325,,,,
09/28/2015,iShares Global Water ETF USD Dist GBP,20.14,,,,
09/29/2015,iShares Global Water ETF USD Dist GBP,20.1325,,,,
09/30/2015,iShares Global Water ETF USD Dist GBP,20.4425,,,,
10/01/2015,iShares Global Water ETF USD Dist GBP,20.4625,,,,
10/02/2015,iShares Global Water ETF USD Dist GBP,20.5075,,,,
10/03/2015,iShares Global Water ETF USD Dist GBP,20.5075,,,,
10/04/2015,iShares Global Water ETF USD Dist GBP,20.5075,,,,
10/05/2015,iShares Global Water ETF USD Dist GBP,21.125,,,,
10/06/2015,iShares Global Water ETF USD Dist GBP,21.2325,,,,
10/07/2015,iShares Global Water ETF USD Dist GBP,21.1525,,,,
10/08/2015,iShares Global Water ETF USD Dist GBP,21.3775,,,,
10/09/2015,iShares Global Water ETF USD Dist GBP,21.6075,,,,
10/10/2015,iShares Global Water ETF USD Dist GBP,21.6075,,,,
10/11/2015,iShares Global Water ETF USD Dist GBP,21.6075,,,,
10/12/2015,iShares Global Water ETF USD Dist GBP,21.44,,,,
10/13/2015,iShares Global Water ETF USD Dist GBP,21.5025,,,,
10/14/2015,iShares Global Water ETF USD Dist GBP,21.2075,,,,
10/15/2015,iShares Global Water ETF USD Dist GBP,21.3475,,,,
10/16/2015,iShares Global Water ETF USD Dist GBP,21.465,,,,
10/17/2015,iShares Global Water ETF USD Dist GBP,21.465,,,,
10/18/2015,iShares Global Water ETF USD Dist GBP,21.465,,,,
10/19/2015,iShares Global Water ETF USD Dist GBP,21.3425,,,,
10/20/2015,iShares Global Water ETF USD Dist GBP,21.5525,,,,
10/21/2015,iShares Global Water ETF USD Dist GBP,21.565,,,,
10/22/2015,iShares Global Water ETF USD Dist GBP,21.7525,,,,
10/23/2015,iShares Global Water ETF USD Dist GBP,21.9725,,,,
10/24/2015,iShares Global Water ETF USD Dist GBP,21.9725,,,,
10/25/2015,iShares Global Water ETF USD Dist GBP,21.9725,,,,
10/26/2015,iShares Global Water ETF USD Dist GBP,21.885,,,,
10/27/2015,iShares Global Water ETF USD Dist GBP,21.7125,,,,
10/28/2015,iShares Global Water ETF USD Dist GBP,21.8525,,,,
10/29/2015,iShares Global Water ETF USD Dist GBP,21.6875,,,,
10/30/2015,iShares Global Water ETF USD Dist GBP,21.5625,,,,
10/31/2015,iShares Global Water ETF USD Dist GBP,21.5625,,,,
11/01/2015,iShares Global Water ETF USD Dist GBP,21.5625,,,,
11/02/2015,iShares Global Water ETF USD Dist GBP,21.7175,,,,
11/03/2015,iShares Global Water ETF USD Dist GBP,21.8075,,,,
11/04/2015,iShares Global Water ETF USD Dist GBP,21.9475,,,,
11/05/2015,iShares Global Water ETF USD Dist GBP,22.2,,,,
11/06/2015,iShares Global Water ETF USD Dist GBP,22.1075,,,,
11/07/2015,iShares Global Water ETF USD Dist GBP,22.1075,,,,
11/08/2015,iShares Global Water ETF USD Dist GBP,22.1075,,,,
11/09/2015,iShares Global Water ETF USD Dist GBP,21.805,,,,
11/10/2015,iShares Global Water ETF USD Dist GBP,21.8275,,,,
11/11/2015,iShares Global Water ETF USD Dist GBP,21.9025,,,,
11/12/2015,iShares Global Water ETF USD Dist GBP,21.4425,,,,
11/13/2015,iShares Global Water ETF USD Dist GBP,21.2375,,,,
11/14/2015,iShares Global Water ETF USD Dist GBP,21.2375,,,,
11/15/2015,iShares Global Water ETF USD Dist GBP,21.2375,,,,
11/16/2015,iShares Global Water ETF USD Dist GBP,21.33,,,,
11/17/2015,iShares Global Water ETF USD Dist GBP,21.6025,,,,
11/18/2015,iShares Global Water ETF USD Dist GBP,21.6275,,,,
11/19/2015,iShares Global Water ETF USD Dist GBP,21.775,,,,
11/20/2015,iShares Global Water ETF USD Dist GBP,22.08,,,,
11/21/2015,iShares Global Water ETF USD Dist GBP,22.08,,,,
11/22/2015,iShares Global Water ETF USD Dist GBP,22.08,,,,
11/23/2015,iShares Global Water ETF USD Dist GBP,22.0225,,,,
11/24/2015,iShares Global Water ETF USD Dist GBP,21.8375,,,,
11/25/2015,iShares Global Water ETF USD Dist GBP,21.9075,,,,
11/26/2015,iShares Global Water ETF USD Dist GBP,22.05,,,,
11/27/2015,iShares Global Water ETF USD Dist GBP,22.2125,,,,
11/28/2015,iShares Global Water ETF USD Dist GBP,22.2125,,,,
11/29/2015,iShares Global Water ETF USD Dist GBP,22.2125,,,,
11/30/2015,iShares Global Water ETF USD Dist GBP,22.2125,,,,
12/01/2015,iShares Global Water ETF USD Dist GBP,22.2075,,,,
12/02/2015,iShares Global Water ETF USD Dist GBP,22.2475,,,,
12/03/2015,iShares Global Water ETF USD Dist GBP,22.0225,,,,
12/04/2015,iShares Global Water ETF USD Dist GBP,21.9425,,,,
12/05/2015,iShares Global Water ETF USD Dist GBP,21.9425,,,,
12/06/2015,iShares Global Water ETF USD Dist GBP,21.9425,,,,
12/07/2015,iShares Global Water ETF USD Dist GBP,21.9675,,,,
12/08/2015,iShares Global Water ETF USD Dist GBP,21.8475,,,,
12/09/2015,iShares Global Water ETF USD Dist GBP,21.6775,,,,
12/10/2015,iShares Global Water ETF USD Dist GBP,21.4575,,,,
12/11/2015,iShares Global Water ETF USD Dist GBP,21.165,,,,
12/12/2015,iShares Global Water ETF USD Dist GBP,21.165,,,,
12/13/2015,iShares Global Water ETF USD Dist GBP,21.165,,,,
12/14/2015,iShares Global Water ETF USD Dist GBP,21.165,,,,
12/15/2015,iShares Global Water ETF USD Dist GBP,21.4125,,,,
12/16/2015,iShares Global Water ETF USD Dist GBP,21.475,,,,
12/17/2015,iShares Global Water ETF USD Dist GBP,21.6425,,,,
12/18/2015,iShares Global Water ETF USD Dist GBP,21.355,,,,
12/19/2015,iShares Global Water ETF USD Dist GBP,21.355,,,,
12/20/2015,iShares Global Water ETF USD Dist GBP,21.355,,,,
12/21/2015,iShares Global Water ETF USD Dist GBP,21.3,,,,
12/22/2015,iShares Global Water ETF USD Dist GBP,21.35,,,,
12/23/2015,iShares Global Water ETF USD Dist GBP,21.7075,,,,
12/24/2015,iShares Global Water ETF USD Dist GBP,21.6625,,,,
12/25/2015,iShares Global Water ETF USD Dist GBP,21.6625,,,,
12/26/2015,iShares Global Water ETF USD Dist GBP,21.6625,,,,
12/27/2015,iShares Global Water ETF USD Dist GBP,21.6625,,,,
12/28/2015,iShares Global Water ETF USD Dist GBP,21.6625,,,,
12/29/2015,iShares Global Water ETF USD Dist GBP,22.0225,,,,
12/30/2015,iShares Global Water ETF USD Dist GBP,21.9225,,,,
12/31/2015,iShares Global Water ETF USD Dist GBP,21.755,,,,
01/01/2016,iShares Global Water ETF USD Dist GBP,21.755,,,,
01/02/2016,iShares Global Water ETF USD Dist GBP,21.755,,,,
01/03/2016,iShares Global Water ETF USD Dist GBP,21.755,,,,
01/04/2016,iShares Global Water ETF USD Dist GBP,21.38,,,,
01/05/2016,iShares Global Water ETF USD Dist GBP,21.46,,,,
01/06/2016,iShares Global Water ETF USD Dist GBP,21.3425,,,,
01/07/2016,iShares Global Water ETF USD Dist GBP,21.135,,,,
01/08/2016,iShares Global Water ETF USD Dist GBP,21.095,,,,
01/09/2016,iShares Global Water ETF USD Dist GBP,21.095,,,,
01/10/2016,iShares Global Water ETF USD Dist GBP,21.095,,,,
01/11/2016,iShares Global Water ETF USD Dist GBP,20.9375,,,,
01/12/2016,iShares Global Water ETF USD Dist GBP,21.195,,,,
01/13/2016,iShares Global Water ETF USD Dist GBP,21.2625,,,,
01/14/2016,iShares Global Water ETF USD Dist GBP,21.125,,,,
01/15/2016,iShares Global Water ETF USD Dist GBP,20.765,,,,
01/16/2016,iShares Global Water ETF USD Dist GBP,20.765,,,,
01/17/2016,iShares Global Water ETF USD Dist GBP,20.765,,,,
01/18/2016,iShares Global Water ETF USD Dist GBP,20.8425,,,,
01/19/2016,iShares Global Water ETF USD Dist GBP,21.2975,,,,
01/20/2016,iShares Global Water ETF USD Dist GBP,20.705,,,,
01/21/2016,iShares Global Water ETF USD Dist GBP,20.81,,,,
01/22/2016,iShares Global Water ETF USD Dist GBP,21.1125,,,,
01/23/2016,iShares Global Water ETF USD Dist GBP,21.1125,,,,
01/24/2016,iShares Global Water ETF USD Dist GBP,21.1125,,,,
01/25/2016,iShares Global Water ETF USD Dist GBP,21.205,,,,
01/26/2016,iShares Global Water ETF USD Dist GBP,21.2175,,,,
01/27/2016,iShares Global Water ETF USD Dist GBP,21.5425,,,,
01/28/2016,iShares Global Water ETF USD Dist GBP,21.295,,,,
01/29/2016,iShares Global Water ETF USD Dist GBP,21.8575,,,,
01/30/2016,iShares Global Water ETF USD Dist GBP,21.8575,,,,
01/31/2016,iShares Global Water ETF USD Dist GBP,21.8575,,,,
02/01/2016,iShares Global Water ETF USD Dist GBP,21.93,,,,
02/02/2016,iShares Global Water ETF USD Dist GBP,21.48,,,,
02/03/2016,iShares Global Water ETF USD Dist GBP,21.1575,,,,
02/04/2016,iShares Global Water ETF USD Dist GBP,21.535,,,,
02/05/2016,iShares Global Water ETF USD Dist GBP,21.355,,,,
02/06/2016,iShares Global Water ETF USD Dist GBP,21.355,,,,
02/07/2016,iShares Global Water ETF USD Dist GBP,21.355,,,,
02/08/2016,iShares Global Water ETF USD Dist GBP,21.0025,,,,
02/09/2016,iShares Global Water ETF USD Dist GBP,21.1125,,,,
02/10/2016,iShares Global Water ETF USD Dist GBP,21.0875,,,,
02/11/2016,iShares Global Water ETF USD Dist GBP,20.74,,,,
02/12/2016,iShares Global Water ETF USD Dist GBP,21.025,,,,
02/13/2016,iShares Global Water ETF USD Dist GBP,21.025,,,,
02/14/2016,iShares Global Water ETF USD Dist GBP,21.025,,,,
02/15/2016,iShares Global Water ETF USD Dist GBP,21.4125,,,,
02/16/2016,iShares Global Water ETF USD Dist GBP,21.475,,,,
02/17/2016,iShares Global Water ETF USD Dist GBP,21.825,,,,
02/18/2016,iShares Global Water ETF USD Dist GBP,21.895,,,,
02/19/2016,iShares Global Water ETF USD Dist GBP,21.8925,,,,
02/20/2016,iShares Global Water ETF USD Dist GBP,21.8925,,,,
02/21/2016,iShares Global Water ETF USD Dist GBP,21.8925,,,,
02/22/2016,iShares Global Water ETF USD Dist GBP,22.4375,,,,
02/23/2016,iShares Global Water ETF USD Dist GBP,22.2925,,,,
02/24/2016,iShares Global Water ETF USD Dist GBP,22.1175,,,,
02/25/2016,iShares Global Water ETF USD Dist GBP,22.3475,,,,
02/26/2016,iShares Global Water ETF USD Dist GBP,22.4525,,,,
02/27/2016,iShares Global Water ETF USD Dist GBP,22.4525,,,,
02/28/2016,iShares Global Water ETF USD Dist GBP,22.4525,,,,
02/29/2016,iShares Global Water ETF USD Dist GBP,22.3675,,,,
03/01/2016,iShares Global Water ETF USD Dist GBP,22.58,,,,
03/02/2016,iShares Global Water ETF USD Dist GBP,22.495,,,,
03/03/2016,iShares Global Water ETF USD Dist GBP,22.43,,,,
03/04/2016,iShares Global Water ETF USD Dist GBP,22.595,,,,
03/05/2016,iShares Global Water ETF USD Dist GBP,22.595,,,,
03/06/2016,iShares Global Water ETF USD Dist GBP,22.595,,,,
03/07/2016,iShares Global Water ETF USD Dist GBP,22.6175,,,,
03/08/2016,iShares Global Water ETF USD Dist GBP,22.425,,,,
03/09/2016,iShares Global Water ETF USD Dist GBP,22.4125,,,,
03/10/2016,iShares Global Water ETF USD Dist GBP,22.1775,,,,
03/11/2016,iShares Global Water ETF USD Dist GBP,22.4225,,,,
03/12/2016,iShares Global Water ETF USD Dist GBP,22.4225,,,,
03/13/2016,iShares Global Water ETF USD Dist GBP,22.4225,,,,
03/14/2016,iShares Global Water ETF USD Dist GBP,22.5425,,,,
03/15/2016,iShares Global Water ETF USD Dist GBP,22.575,,,,
03/16/2016,iShares Global Water ETF USD Dist GBP,22.685,,,,
03/17/2016,iShares Global Water ETF USD Dist GBP,22.735,,,,
03/18/2016,iShares Global Water ETF USD Dist GBP,22.795,,,,
03/19/2016,iShares Global Water ETF USD Dist GBP,22.795,,,,
03/20/2016,iShares Global Water ETF USD Dist GBP,22.795,,,,
03/21/2016,iShares Global Water ETF USD Dist GBP,22.87,,,,
03/22/2016,iShares Global Water ETF USD Dist GBP,23.055,,,,
03/23/2016,iShares Global Water ETF USD Dist GBP,23.145,,,,
03/24/2016,iShares Global Water ETF USD Dist GBP,22.8425,,,,
03/25/2016,iShares Global Water ETF USD Dist GBP,22.8425,,,,
03/26/2016,iShares Global Water ETF USD Dist GBP,22.8425,,,,
03/27/2016,iShares Global Water ETF USD Dist GBP,22.8425,,,,
03/28/2016,iShares Global Water ETF USD Dist GBP,22.8425,,,,
03/29/2016,iShares Global Water ETF USD Dist GBP,22.9325,,,,
03/30/2016,iShares Global Water ETF USD Dist GBP,23.23,,,,
03/31/2016,iShares Global Water ETF USD Dist GBP,23.1775,,,,
04/01/2016,iShares Global Water ETF USD Dist GBP,23.2425,,,,
04/02/2016,iShares Global Water ETF USD Dist GBP,23.2425,,,,
04/03/2016,iShares Global Water ETF USD Dist GBP,23.2425,,,,
04/04/2016,iShares Global Water ETF USD Dist GBP,23.1575,,,,
04/05/2016,iShares Global Water ETF USD Dist GBP,23.0875,,,,
04/06/2016,iShares Global Water ETF USD Dist GBP,23.14,,,,
04/07/2016,iShares Global Water ETF USD Dist GBP,23.175,,,,
04/08/2016,iShares Global Water ETF USD Dist GBP,23.435,,,,
04/09/2016,iShares Global Water ETF USD Dist GBP,23.435,,,,
04/10/2016,iShares Global Water ETF USD Dist GBP,23.435,,,,
04/11/2016,iShares Global Water ETF USD Dist GBP,23.3125,,,,
04/12/2016,iShares Global Water ETF USD Dist GBP,23.4275,,,,
04/13/2016,iShares Global Water ETF USD Dist GBP,23.57,,,,
04/14/2016,iShares Global Water ETF USD Dist GBP,23.7525,,,,
04/15/2016,iShares Global Water ETF USD Dist GBP,23.8475,,,,
04/16/2016,iShares Global Water ETF USD Dist GBP,23.8475,,,,
04/17/2016,iShares Global Water ETF USD Dist GBP,23.8475,,,,
04/18/2016,iShares Global Water ETF USD Dist GBP,23.85,,,,
04/19/2016,iShares Global Water ETF USD Dist GBP,23.925,,,,
04/20/2016,iShares Global Water ETF USD Dist GBP,23.875,,,,
04/21/2016,iShares Global Water ETF USD Dist GBP,23.7425,,,,
04/22/2016,iShares Global Water ETF USD Dist GBP,23.565,,,,
04/23/2016,iShares Global Water ETF USD Dist GBP,23.565,,,,
04/24/2016,iShares Global Water ETF USD Dist GBP,23.565,,,,
04/25/2016,iShares Global Water ETF USD Dist GBP,23.43,,,,
04/26/2016,iShares Global Water ETF USD Dist GBP,23.4425,,,,
04/27/2016,iShares Global Water ETF USD Dist GBP,23.625,,,,
04/28/2016,iShares Global Water ETF USD Dist GBP,23.7825,,,,
04/29/2016,iShares Global Water ETF USD Dist GBP,23.53,,,,
04/30/2016,iShares Global Water ETF USD Dist GBP,23.53,,,,
05/01/2016,iShares Global Water ETF USD Dist GBP,23.53,,,,
05/02/2016,iShares Global Water ETF USD Dist GBP,23.53,,,,
05/03/2016,iShares Global Water ETF USD Dist GBP,23.6375,,,,
05/04/2016,iShares Global Water ETF USD Dist GBP,23.5725,,,,
05/05/2016,iShares Global Water ETF USD Dist GBP,23.495,,,,
05/06/2016,iShares Global Water ETF USD Dist GBP,23.6,,,,
05/07/2016,iShares Global Water ETF USD Dist GBP,23.6,,,,
05/08/2016,iShares Global Water ETF USD Dist GBP,23.6,,,,
05/09/2016,iShares Global Water ETF USD Dist GBP,23.705,,,,
05/10/2016,iShares Global Water ETF USD Dist GBP,23.735,,,,
05/11/2016,iShares Global Water ETF USD Dist GBP,23.735,,,,
05/12/2016,iShares Global Water ETF USD Dist GBP,23.5775,,,,
05/13/2016,iShares Global Water ETF USD Dist GBP,23.69,,,,
05/14/2016,iShares Global Water ETF USD Dist GBP,23.69,,,,
05/15/2016,iShares Global Water ETF USD Dist GBP,23.69,,,,
05/16/2016,iShares Global Water ETF USD Dist GBP,23.6725,,,,
05/17/2016,iShares Global Water ETF USD Dist GBP,23.505,,,,
05/18/2016,iShares Global Water ETF USD Dist GBP,23.115,,,,
05/19/2016,iShares Global Water ETF USD Dist GBP,22.8075,,,,
05/20/2016,iShares Global Water ETF USD Dist GBP,23.255,,,,
05/21/2016,iShares Global Water ETF USD Dist GBP,23.255,,,,
05/22/2016,iShares Global Water ETF USD Dist GBP,23.255,,,,
05/23/2016,iShares Global Water ETF USD Dist GBP,23.3275,,,,
05/24/2016,iShares Global Water ETF USD Dist GBP,23.41,,,,
05/25/2016,iShares Global Water ETF USD Dist GBP,23.41,,,,
05/26/2016,iShares Global Water ETF USD Dist GBP,23.535,,,,
05/27/2016,iShares Global Water ETF USD Dist GBP,23.6125,,,,
05/28/2016,iShares Global Water ETF USD Dist GBP,23.6125,,,,
05/29/2016,iShares Global Water ETF USD Dist GBP,23.6125,,,,
05/30/2016,iShares Global Water ETF USD Dist GBP,23.6125,,,,
05/31/2016,iShares Global Water ETF USD Dist GBP,23.74,,,,
06/01/2016,iShares Global Water ETF USD Dist GBP,23.975,,,,
06/02/2016,iShares Global Water ETF USD Dist GBP,23.8975,,,,
06/03/2016,iShares Global Water ETF USD Dist GBP,23.9475,,,,
06/04/2016,iShares Global Water ETF USD Dist GBP,23.9475,,,,
06/05/2016,iShares Global Water ETF USD Dist GBP,23.9475,,,,
06/06/2016,iShares Global Water ETF USD Dist GBP,24.225,,,,
06/07/2016,iShares Global Water ETF USD Dist GBP,24.305,,,,
06/08/2016,iShares Global Water ETF USD Dist GBP,24.41,,,,
06/09/2016,iShares Global Water ETF USD Dist GBP,24.3875,,,,
06/10/2016,iShares Global Water ETF USD Dist GBP,24.2625,,,,
06/11/2016,iShares Global Water ETF USD Dist GBP,24.2625,,,,
06/12/2016,iShares Global Water ETF USD Dist GBP,24.2625,,,,
06/13/2016,iShares Global Water ETF USD Dist GBP,24.195,,,,
06/14/2016,iShares Global Water ETF USD Dist GBP,24.08,,,,
06/15/2016,iShares Global Water ETF USD Dist GBP,24.1225,,,,
06/16/2016,iShares Global Water ETF USD Dist GBP,23.9975,,,,
06/17/2016,iShares Global Water ETF USD Dist GBP,23.8775,,,,
06/18/2016,iShares Global Water ETF USD Dist GBP,23.8775,,,,
06/19/2016,iShares Global Water ETF USD Dist GBP,23.8775,,,,
06/20/2016,iShares Global Water ETF USD Dist GBP,23.9225,,,,
06/21/2016,iShares Global Water ETF USD Dist GBP,23.9675,,,,
06/22/2016,iShares Global Water ETF USD Dist GBP,23.955,,,,
06/23/2016,iShares Global Water ETF USD Dist GBP,23.99,,,,
06/24/2016,iShares Global Water ETF USD Dist GBP,24.8725,,,,
06/25/2016,iShares Global Water ETF USD Dist GBP,24.8725,,,,
06/26/2016,iShares Global Water ETF USD Dist GBP,24.8725,,,,
06/27/2016,iShares Global Water ETF USD Dist GBP,24.8125,,,,
06/28/2016,iShares Global Water ETF USD Dist GBP,25.105,,,,
06/29/2016,iShares Global Water ETF USD Dist GBP,25.47,,,,
06/30/2016,iShares Global Water ETF USD Dist GBP,26.14,,,,
07/01/2016,iShares Global Water ETF USD Dist GBP,26.44,,,,
07/02/2016,iShares Global Water ETF USD Dist GBP,26.44,,,,
07/03/2016,iShares Global Water ETF USD Dist GBP,26.44,,,,
07/04/2016,iShares Global Water ETF USD Dist GBP,26.22,,,,
07/05/2016,iShares Global Water ETF USD Dist GBP,26.385,,,,
07/06/2016,iShares Global Water ETF USD Dist GBP,26.455,,,,
07/07/2016,iShares Global Water ETF USD Dist GBP,26.5,,,,
07/08/2016,iShares Global Water ETF USD Dist GBP,26.71,,,,
07/09/2016,iShares Global Water ETF USD Dist GBP,26.71,,,,
07/10/2016,iShares Global Water ETF USD Dist GBP,26.71,,,,
07/11/2016,iShares Global Water ETF USD Dist GBP,26.965,,,,
07/12/2016,iShares Global Water ETF USD Dist GBP,26.55,,,,
07/13/2016,iShares Global Water ETF USD Dist GBP,26.745,,,,
07/14/2016,iShares Global Water ETF USD Dist GBP,26.55,,,,
07/15/2016,iShares Global Water ETF USD Dist GBP,26.66,,,,
07/16/2016,iShares Global Water ETF USD Dist GBP,26.66,,,,
07/17/2016,iShares Global Water ETF USD Dist GBP,26.66,,,,
07/18/2016,iShares Global Water ETF USD Dist GBP,26.54,,,,
07/19/2016,iShares Global Water ETF USD Dist GBP,26.75,,,,
07/20/2016,iShares Global Water ETF USD Dist GBP,26.82,,,,
07/21/2016,iShares Global Water ETF USD Dist GBP,26.665,,,,
07/22/2016,iShares Global Water ETF USD Dist GBP,26.745,,,,
07/23/2016,iShares Global Water ETF USD Dist GBP,26.745,,,,
07/24/2016,iShares Global Water ETF USD Dist GBP,26.745,,,,
07/25/2016,iShares Global Water ETF USD Dist GBP,26.685,,,,
07/26/2016,iShares Global Water ETF USD Dist GBP,26.82,,,,
07/27/2016,iShares Global Water ETF USD Dist GBP,26.825,,,,
07/28/2016,iShares Global Water ETF USD Dist GBP,26.935,,,,
07/29/2016,iShares Global Water ETF USD Dist GBP,26.77,,,,
07/30/2016,iShares Global Water ETF USD Dist GBP,26.77,,,,
07/31/2016,iShares Global Water ETF USD Dist GBP,26.77,,,,
08/01/2016,iShares Global Water ETF USD Dist GBP,26.86,,,,
08/02/2016,iShares Global Water ETF USD Dist GBP,26.35,,,,
08/03/2016,iShares Global Water ETF USD Dist GBP,26.205,,,,
08/04/2016,iShares Global Water ETF USD Dist GBP,26.725,,,,
08/05/2016,iShares Global Water ETF USD Dist GBP,26.835,,,,
08/06/2016,iShares Global Water ETF USD Dist GBP,26.835,,,,
08/07/2016,iShares Global Water ETF USD Dist GBP,26.835,,,,
08/08/2016,iShares Global Water ETF USD Dist GBP,26.94,,,,
08/09/2016,iShares Global Water ETF USD Dist GBP,27.16,,,,
08/10/2016,iShares Global Water ETF USD Dist GBP,27.21,,,,
08/11/2016,iShares Global Water ETF USD Dist GBP,27.54,,,,
08/12/2016,iShares Global Water ETF USD Dist GBP,27.67,,,,
08/13/2016,iShares Global Water ETF USD Dist GBP,27.67,,,,
08/14/2016,iShares Global Water ETF USD Dist GBP,27.67,,,,
08/15/2016,iShares Global Water ETF USD Dist GBP,27.83,,,,
08/16/2016,iShares Global Water ETF USD Dist GBP,27.555,,,,
08/17/2016,iShares Global Water ETF USD Dist GBP,27.3,,,,
08/18/2016,iShares Global Water ETF USD Dist GBP,27.325,,,,
08/19/2016,iShares Global Water ETF USD Dist GBP,27.4,,,,
08/20/2016,iShares Global Water ETF USD Dist GBP,27.4,,,,
08/21/2016,iShares Global Water ETF USD Dist GBP,27.4,,,,
08/22/2016,iShares Global Water ETF USD Dist GBP,27.265,,,,
08/23/2016,iShares Global Water ETF USD Dist GBP,27.295,,,,
08/24/2016,iShares Global Water ETF USD Dist GBP,27,,,,
08/25/2016,iShares Global Water ETF USD Dist GBP,27.1,,,,
08/26/2016,iShares Global Water ETF USD Dist GBP,27.255,,,,
08/27/2016,iShares Global Water ETF USD Dist GBP,27.255,,,,
08/28/2016,iShares Global Water ETF USD Dist GBP,27.255,,,,
08/29/2016,iShares Global Water ETF USD Dist GBP,27.255,,,,
08/30/2016,iShares Global Water ETF USD Dist GBP,27.135,,,,
08/31/2016,iShares Global Water ETF USD Dist GBP,26.945,,,,
09/01/2016,iShares Global Water ETF USD Dist GBP,26.53,,,,
09/02/2016,iShares Global Water ETF USD Dist GBP,26.97,,,,
09/03/2016,iShares Global Water ETF USD Dist GBP,26.97,,,,
09/04/2016,iShares Global Water ETF USD Dist GBP,26.97,,,,
09/05/2016,iShares Global Water ETF USD Dist GBP,27.14,,,,
09/06/2016,iShares Global Water ETF USD Dist GBP,27.065,,,,
09/07/2016,iShares Global Water ETF USD Dist GBP,27.165,,,,
09/08/2016,iShares Global Water ETF USD Dist GBP,27.305,,,,
09/09/2016,iShares Global Water ETF USD Dist GBP,26.835,,,,
09/10/2016,iShares Global Water ETF USD Dist GBP,26.835,,,,
09/11/2016,iShares Global Water ETF USD Dist GBP,26.835,,,,
09/12/2016,iShares Global Water ETF USD Dist GBP,26.425,,,,
09/13/2016,iShares Global Water ETF USD Dist GBP,26.555,,,,
09/14/2016,iShares Global Water ETF USD Dist GBP,26.53,,,,
09/15/2016,iShares Global Water ETF USD Dist GBP,26.64,,,,
09/16/2016,iShares Global Water ETF USD Dist GBP,26.7,,,,
09/17/2016,iShares Global Water ETF USD Dist GBP,26.7,,,,
09/18/2016,iShares Global Water ETF USD Dist GBP,26.7,,,,
09/19/2016,iShares Global Water ETF USD Dist GBP,27.175,,,,
09/20/2016,iShares Global Water ETF USD Dist GBP,27.385,,,,
09/21/2016,iShares Global Water ETF USD Dist GBP,27.395,,,,
09/22/2016,iShares Global Water ETF USD Dist GBP,27.7,,,,
09/23/2016,iShares Global Water ETF USD Dist GBP,27.845,,,,
09/24/2016,iShares Global Water ETF USD Dist GBP,27.845,,,,
09/25/2016,iShares Global Water ETF USD Dist GBP,27.845,,,,
09/26/2016,iShares Global Water ETF USD Dist GBP,27.615,,,,
09/27/2016,iShares Global Water ETF USD Dist GBP,27.525,,,,
09/28/2016,iShares Global Water ETF USD Dist GBP,27.685,,,,
09/29/2016,iShares Global Water ETF USD Dist GBP,27.86,,,,
09/30/2016,iShares Global Water ETF USD Dist GBP,27.75,,,,
10/01/2016,iShares Global Water ETF USD Dist GBP,27.75,,,,
10/02/2016,iShares Global Water ETF USD Dist GBP,27.75,,,,
10/03/2016,iShares Global Water ETF USD Dist GBP,28.035,,,,
10/04/2016,iShares Global Water ETF USD Dist GBP,28.125,,,,
10/05/2016,iShares Global Water ETF USD Dist GBP,27.85,,,,
10/06/2016,iShares Global Water ETF USD Dist GBP,27.815,,,,
10/07/2016,iShares Global Water ETF USD Dist GBP,28.095,,,,
10/08/2016,iShares Global Water ETF USD Dist GBP,28.095,,,,
10/09/2016,iShares Global Water ETF USD Dist GBP,28.095,,,,
10/10/2016,iShares Global Water ETF USD Dist GBP,28.21,,,,
10/11/2016,iShares Global Water ETF USD Dist GBP,28.15,,,,
10/12/2016,iShares Global Water ETF USD Dist GBP,28.195,,,,
10/13/2016,iShares Global Water ETF USD Dist GBP,28.17,,,,
10/14/2016,iShares Global Water ETF USD Dist GBP,28.28,,,,
10/15/2016,iShares Global Water ETF USD Dist GBP,28.28,,,,
10/16/2016,iShares Global Water ETF USD Dist GBP,28.28,,,,
10/17/2016,iShares Global Water ETF USD Dist GBP,28.145,,,,
10/18/2016,iShares Global Water ETF USD Dist GBP,28.125,,,,
10/19/2016,iShares Global Water ETF USD Dist GBP,28.27,,,,
10/20/2016,iShares Global Water ETF USD Dist GBP,28.31,,,,
10/21/2016,iShares Global Water ETF USD Dist GBP,28.315,,,,
10/22/2016,iShares Global Water ETF USD Dist GBP,28.315,,,,
10/23/2016,iShares Global Water ETF USD Dist GBP,28.315,,,,
10/24/2016,iShares Global Water ETF USD Dist GBP,28.455,,,,
10/25/2016,iShares Global Water ETF USD Dist GBP,28.255,,,,
10/26/2016,iShares Global Water ETF USD Dist GBP,28.07,,,,
10/27/2016,iShares Global Water ETF USD Dist GBP,28.085,,,,
10/28/2016,iShares Global Water ETF USD Dist GBP,28.23,,,,
10/29/2016,iShares Global Water ETF USD Dist GBP,28.23,,,,
10/30/2016,iShares Global Water ETF USD Dist GBP,28.23,,,,
10/31/2016,iShares Global Water ETF USD Dist GBP,28.115,,,,
11/01/2016,iShares Global Water ETF USD Dist GBP,27.82,,,,
11/02/2016,iShares Global Water ETF USD Dist GBP,27.485,,,,
11/03/2016,iShares Global Water ETF USD Dist GBP,26.96,,,,
11/04/2016,iShares Global Water ETF USD Dist GBP,26.79,,,,
11/05/2016,iShares Global Water ETF USD Dist GBP,26.79,,,,
11/06/2016,iShares Global Water ETF USD Dist GBP,26.79,,,,
11/07/2016,iShares Global Water ETF USD Dist GBP,27.185,,,,
11/08/2016,iShares Global Water ETF USD Dist GBP,27.44,,,,
11/09/2016,iShares Global Water ETF USD Dist GBP,27.345,,,,
11/10/2016,iShares Global Water ETF USD Dist GBP,26.895,,,,
11/11/2016,iShares Global Water ETF USD Dist GBP,26.74,,,,
11/12/2016,iShares Global Water ETF USD Dist GBP,26.74,,,,
11/13/2016,iShares Global Water ETF USD Dist GBP,26.74,,,,
11/14/2016,iShares Global Water ETF USD Dist GBP,26.735,,,,
11/15/2016,iShares Global Water ETF USD Dist GBP,26.91,,,,
11/16/2016,iShares Global Water ETF USD Dist GBP,26.915,,,,
11/17/2016,iShares Global Water ETF USD Dist GBP,27.145,,,,
11/18/2016,iShares Global Water ETF USD Dist GBP,27.265,,,,
11/19/2016,iShares Global Water ETF USD Dist GBP,27.265,,,,
11/20/2016,iShares Global Water ETF USD Dist GBP,27.265,,,,
11/21/2016,iShares Global Water ETF USD Dist GBP,27.025,,,,
11/22/2016,iShares Global Water ETF USD Dist GBP,27.28,,,,
11/23/2016,iShares Global Water ETF USD Dist GBP,27.22,,,,
11/24/2016,iShares Global Water ETF USD Dist GBP,27.2,,,,
11/25/2016,iShares Global Water ETF USD Dist GBP,27.285,,,,
11/26/2016,iShares Global Water ETF USD Dist GBP,27.285,,,,
11/27/2016,iShares Global Water ETF USD Dist GBP,27.285,,,,
11/28/2016,iShares Global Water ETF USD Dist GBP,27.31,,,,
11/29/2016,iShares Global Water ETF USD Dist GBP,27.11,,,,
11/30/2016,iShares Global Water ETF USD Dist GBP,26.96,,,,
12/01/2016,iShares Global Water ETF USD Dist GBP,26.655,,,,
12/02/2016,iShares Global Water ETF USD Dist GBP,26.49,,,,
12/03/2016,iShares Global Water ETF USD Dist GBP,26.49,,,,
12/04/2016,iShares Global Water ETF USD Dist GBP,26.49,,,,
12/05/2016,iShares Global Water ETF USD Dist GBP,26.425,,,,
12/06/2016,iShares Global Water ETF USD Dist GBP,26.495,,,,
12/07/2016,iShares Global Water ETF USD Dist GBP,26.76,,,,
12/08/2016,iShares Global Water ETF USD Dist GBP,26.855,,,,
12/09/2016,iShares Global Water ETF USD Dist GBP,26.915,,,,
12/10/2016,iShares Global Water ETF USD Dist GBP,26.915,,,,
12/11/2016,iShares Global Water ETF USD Dist GBP,26.915,,,,
12/12/2016,iShares Global Water ETF USD Dist GBP,26.805,,,,
12/13/2016,iShares Global Water ETF USD Dist GBP,26.84,,,,
12/14/2016,iShares Global Water ETF USD Dist GBP,26.69,,,,
12/15/2016,iShares Global Water ETF USD Dist GBP,26.935,,,,
12/16/2016,iShares Global Water ETF USD Dist GBP,26.79,,,,
12/17/2016,iShares Global Water ETF USD Dist GBP,26.79,,,,
12/18/2016,iShares Global Water ETF USD Dist GBP,26.79,,,,
12/19/2016,iShares Global Water ETF USD Dist GBP,26.96,,,,
12/20/2016,iShares Global Water ETF USD Dist GBP,27.14,,,,
12/21/2016,iShares Global Water ETF USD Dist GBP,27.185,,,,
12/22/2016,iShares Global Water ETF USD Dist GBP,27.15,,,,
12/23/2016,iShares Global Water ETF USD Dist GBP,27.255,,,,
12/24/2016,iShares Global Water ETF USD Dist GBP,27.255,,,,
12/25/2016,iShares Global Water ETF USD Dist GBP,27.255,,,,
12/26/2016,iShares Global Water ETF USD Dist GBP,27.255,,,,
12/27/2016,iShares Global Water ETF USD Dist GBP,27.255,,,,
12/28/2016,iShares Global Water ETF USD Dist GBP,27.42,,,,
12/29/2016,iShares Global Water ETF USD Dist GBP,27.42,,,,
12/30/2016,iShares Global Water ETF USD Dist GBP,27.375,,,,
12/31/2016,iShares Global Water ETF USD Dist GBP,27.375,,,,
01/01/2017,iShares Global Water ETF USD Dist GBP,27.375,,,,
01/02/2017,iShares Global Water ETF USD Dist GBP,27.375,,,,
01/03/2017,iShares Global Water ETF USD Dist GBP,27.385,,,,
01/04/2017,iShares Global Water ETF USD Dist GBP,27.57,,,,
01/05/2017,iShares Global Water ETF USD Dist GBP,27.44,,,,
01/06/2017,iShares Global Water ETF USD Dist GBP,27.56,,,,
01/07/2017,iShares Global Water ETF USD Dist GBP,27.56,,,,
01/08/2017,iShares Global Water ETF USD Dist GBP,27.56,,,,
01/09/2017,iShares Global Water ETF USD Dist GBP,27.785,,,,
01/10/2017,iShares Global Water ETF USD Dist GBP,27.745,,,,
01/11/2017,iShares Global Water ETF USD Dist GBP,27.93,,,,
01/12/2017,iShares Global Water ETF USD Dist GBP,27.715,,,,
01/13/2017,iShares Global Water ETF USD Dist GBP,27.93,,,,
01/14/2017,iShares Global Water ETF USD Dist GBP,27.93,,,,
01/15/2017,iShares Global Water ETF USD Dist GBP,27.93,,,,
01/16/2017,iShares Global Water ETF USD Dist GBP,28.175,,,,
01/17/2017,iShares Global Water ETF USD Dist GBP,27.625,,,,
01/18/2017,iShares Global Water ETF USD Dist GBP,27.79,,,,
01/19/2017,iShares Global Water ETF USD Dist GBP,27.705,,,,
01/20/2017,iShares Global Water ETF USD Dist GBP,27.755,,,,
01/21/2017,iShares Global Water ETF USD Dist GBP,27.755,,,,
01/22/2017,iShares Global Water ETF USD Dist GBP,27.755,,,,
01/23/2017,iShares Global Water ETF USD Dist GBP,27.455,,,,
01/24/2017,iShares Global Water ETF USD Dist GBP,27.565,,,,
01/25/2017,iShares Global Water ETF USD Dist GBP,27.71,,,,
01/26/2017,iShares Global Water ETF USD Dist GBP,27.68,,,,
01/27/2017,iShares Global Water ETF USD Dist GBP,27.76,,,,
01/28/2017,iShares Global Water ETF USD Dist GBP,27.76,,,,
01/29/2017,iShares Global Water ETF USD Dist GBP,27.76,,,,
01/30/2017,iShares Global Water ETF USD Dist GBP,27.5,,,,
01/31/2017,iShares Global Water ETF USD Dist GBP,27.645,,,,
02/01/2017,iShares Global Water ETF USD Dist GBP,27.485,,,,
02/02/2017,iShares Global Water ETF USD Dist GBP,27.87,,,,
02/03/2017,iShares Global Water ETF USD Dist GBP,28.015,,,,
02/04/2017,iShares Global Water ETF USD Dist GBP,28.015,,,,
02/05/2017,iShares Global Water ETF USD Dist GBP,28.015,,,,
02/06/2017,iShares Global Water ETF USD Dist GBP,27.93,,,,
02/07/2017,iShares Global Water ETF USD Dist GBP,27.915,,,,
02/08/2017,iShares Global Water ETF USD Dist GBP,27.955,,,,
02/09/2017,iShares Global Water ETF USD Dist GBP,28.02,,,,
02/10/2017,iShares Global Water ETF USD Dist GBP,28.13,,,,
02/11/2017,iShares Global Water ETF USD Dist GBP,28.13,,,,
02/12/2017,iShares Global Water ETF USD Dist GBP,28.13,,,,
02/13/2017,iShares Global Water ETF USD Dist GBP,28.27,,,,
02/14/2017,iShares Global Water ETF USD Dist GBP,28.215,,,,
02/15/2017,iShares Global Water ETF USD Dist GBP,28.28,,,,
02/16/2017,iShares Global Water ETF USD Dist GBP,28.28,,,,
02/17/2017,iShares Global Water ETF USD Dist GBP,28.285,,,,
02/18/2017,iShares Global Water ETF USD Dist GBP,28.285,,,,
02/19/2017,iShares Global Water ETF USD Dist GBP,28.285,,,,
02/20/2017,iShares Global Water ETF USD Dist GBP,28.325,,,,
02/21/2017,iShares Global Water ETF USD Dist GBP,28.415,,,,
02/22/2017,iShares Global Water ETF USD Dist GBP,28.465,,,,
02/23/2017,iShares Global Water ETF USD Dist GBP,28.17,,,,
02/24/2017,iShares Global Water ETF USD Dist GBP,28.275,,,,
02/25/2017,iShares Global Water ETF USD Dist GBP,28.275,,,,
02/26/2017,iShares Global Water ETF USD Dist GBP,28.275,,,,
02/27/2017,iShares Global Water ETF USD Dist GBP,28.495,,,,
02/28/2017,iShares Global Water ETF USD Dist GBP,28.625,,,,
03/01/2017,iShares Global Water ETF USD Dist GBP,29.17,,,,
03/02/2017,iShares Global Water ETF USD Dist GBP,29.28,,,,
03/03/2017,iShares Global Water ETF USD Dist GBP,29.16,,,,
03/04/2017,iShares Global Water ETF USD Dist GBP,29.16,,,,
03/05/2017,iShares Global Water ETF USD Dist GBP,29.16,,,,
03/06/2017,iShares Global Water ETF USD Dist GBP,29.17,,,,
03/07/2017,iShares Global Water ETF USD Dist GBP,29.195,,,,
03/08/2017,iShares Global Water ETF USD Dist GBP,29.155,,,,
03/09/2017,iShares Global Water ETF USD Dist GBP,29.065,,,,
03/10/2017,iShares Global Water ETF USD Dist GBP,29.145,,,,
03/11/2017,iShares Global Water ETF USD Dist GBP,29.145,,,,
03/12/2017,iShares Global Water ETF USD Dist GBP,29.145,,,,
03/13/2017,iShares Global Water ETF USD Dist GBP,29.205,,,,
03/14/2017,iShares Global Water ETF USD Dist GBP,29.13,,,,
03/15/2017,iShares Global Water ETF USD Dist GBP,29.195,,,,
03/16/2017,iShares Global Water ETF USD Dist GBP,29.175,,,,
03/17/2017,iShares Global Water ETF USD Dist GBP,29.195,,,,
03/18/2017,iShares Global Water ETF USD Dist GBP,29.195,,,,
03/19/2017,iShares Global Water ETF USD Dist GBP,29.195,,,,
03/20/2017,iShares Global Water ETF USD Dist GBP,29.335,,,,
03/21/2017,iShares Global Water ETF USD Dist GBP,28.935,,,,
03/22/2017,iShares Global Water ETF USD Dist GBP,28.96,,,,
03/23/2017,iShares Global Water ETF USD Dist GBP,29.1,,,,
03/24/2017,iShares Global Water ETF USD Dist GBP,29.205,,,,
03/25/2017,iShares Global Water ETF USD Dist GBP,29.205,,,,
03/26/2017,iShares Global Water ETF USD Dist GBP,29.205,,,,
03/27/2017,iShares Global Water ETF USD Dist GBP,28.885,,,,
03/28/2017,iShares Global Water ETF USD Dist GBP,29.16,,,,
03/29/2017,iShares Global Water ETF USD Dist GBP,29.33,,,,
03/30/2017,iShares Global Water ETF USD Dist GBP,29.25,,,,
03/31/2017,iShares Global Water ETF USD Dist GBP,29.26,,,,
04/01/2017,iShares Global Water ETF USD Dist GBP,29.26,,,,
04/02/2017,iShares Global Water ETF USD Dist GBP,29.26,,,,
04/03/2017,iShares Global Water ETF USD Dist GBP,29.235,,,,
04/04/2017,iShares Global Water ETF USD Dist GBP,29.325,,,,
04/05/2017,iShares Global Water ETF USD Dist GBP,29.37,,,,
04/06/2017,iShares Global Water ETF USD Dist GBP,29.345,,,,
04/07/2017,iShares Global Water ETF USD Dist GBP,29.65,,,,
04/08/2017,iShares Global Water ETF USD Dist GBP,29.65,,,,
04/09/2017,iShares Global Water ETF USD Dist GBP,29.65,,,,
04/10/2017,iShares Global Water ETF USD Dist GBP,29.605,,,,
04/11/2017,iShares Global Water ETF USD Dist GBP,29.43,,,,
04/12/2017,iShares Global Water ETF USD Dist GBP,29.485,,,,
04/13/2017,iShares Global Water ETF USD Dist GBP,29.395,,,,
04/14/2017,iShares Global Water ETF USD Dist GBP,29.395,,,,
04/15/2017,iShares Global Water ETF USD Dist GBP,29.395,,,,
04/16/2017,iShares Global Water ETF USD Dist GBP,29.395,,,,
04/17/2017,iShares Global Water ETF USD Dist GBP,29.395,,,,
04/18/2017,iShares Global Water ETF USD Dist GBP,28.875,,,,
04/19/2017,iShares Global Water ETF USD Dist GBP,28.765,,,,
04/20/2017,iShares Global Water ETF USD Dist GBP,28.805,,,,
04/21/2017,iShares Global Water ETF USD Dist GBP,28.915,,,,
04/22/2017,iShares Global Water ETF USD Dist GBP,28.915,,,,
04/23/2017,iShares Global Water ETF USD Dist GBP,28.915,,,,
04/24/2017,iShares Global Water ETF USD Dist GBP,29.405,,,,
04/25/2017,iShares Global Water ETF USD Dist GBP,29.535,,,,
04/26/2017,iShares Global Water ETF USD Dist GBP,29.59,,,,
04/27/2017,iShares Global Water ETF USD Dist GBP,29.42,,,,
04/28/2017,iShares Global Water ETF USD Dist GBP,29.265,,,,
04/29/2017,iShares Global Water ETF USD Dist GBP,29.265,,,,
04/30/2017,iShares Global Water ETF USD Dist GBP,29.265,,,,
05/01/2017,iShares Global Water ETF USD Dist GBP,29.265,,,,
05/02/2017,iShares Global Water ETF USD Dist GBP,29.285,,,,
05/03/2017,iShares Global Water ETF USD Dist GBP,29.275,,,,
05/04/2017,iShares Global Water ETF USD Dist GBP,29.405,,,,
05/05/2017,iShares Global Water ETF USD Dist GBP,29.445,,,,
05/06/2017,iShares Global Water ETF USD Dist GBP,29.445,,,,
05/07/2017,iShares Global Water ETF USD Dist GBP,29.445,,,,
05/08/2017,iShares Global Water ETF USD Dist GBP,29.46,,,,
05/09/2017,iShares Global Water ETF USD Dist GBP,29.445,,,,
05/10/2017,iShares Global Water ETF USD Dist GBP,29.415,,,,
05/11/2017,iShares Global Water ETF USD Dist GBP,29.13,,,,
05/12/2017,iShares Global Water ETF USD Dist GBP,29.255,,,,
05/13/2017,iShares Global Water ETF USD Dist GBP,29.255,,,,
05/14/2017,iShares Global Water ETF USD Dist GBP,29.255,,,,
05/15/2017,iShares Global Water ETF USD Dist GBP,29.29,,,,
05/16/2017,iShares Global Water ETF USD Dist GBP,29.28,,,,
05/17/2017,iShares Global Water ETF USD Dist GBP,28.96,,,,
05/18/2017,iShares Global Water ETF USD Dist GBP,28.71,,,,
05/19/2017,iShares Global Water ETF USD Dist GBP,28.995,,,,
05/20/2017,iShares Global Water ETF USD Dist GBP,28.995,,,,
05/21/2017,iShares Global Water ETF USD Dist GBP,28.995,,,,
05/22/2017,iShares Global Water ETF USD Dist GBP,29.205,,,,
05/23/2017,iShares Global Water ETF USD Dist GBP,29.37,,,,
05/24/2017,iShares Global Water ETF USD Dist GBP,29.585,,,,
05/25/2017,iShares Global Water ETF USD Dist GBP,29.575,,,,
05/26/2017,iShares Global Water ETF USD Dist GBP,29.82,,,,
05/27/2017,iShares Global Water ETF USD Dist GBP,29.82,,,,
05/28/2017,iShares Global Water ETF USD Dist GBP,29.82,,,,
05/29/2017,iShares Global Water ETF USD Dist GBP,29.82,,,,
05/30/2017,iShares Global Water ETF USD Dist GBP,29.675,,,,
05/31/2017,iShares Global Water ETF USD Dist GBP,29.585,,,,
06/01/2017,iShares Global Water ETF USD Dist GBP,29.74,,,,
06/02/2017,iShares Global Water ETF USD Dist GBP,29.94,,,,
06/03/2017,iShares Global Water ETF USD Dist GBP,29.94,,,,
06/04/2017,iShares Global Water ETF USD Dist GBP,29.94,,,,
06/05/2017,iShares Global Water ETF USD Dist GBP,29.795,,,,
06/06/2017,iShares Global Water ETF USD Dist GBP,29.68,,,,
06/07/2017,iShares Global Water ETF USD Dist GBP,29.56,,,,
06/08/2017,iShares Global Water ETF USD Dist GBP,29.565,,,,
06/09/2017,iShares Global Water ETF USD Dist GBP,30.14,,,,
06/10/2017,iShares Global Water ETF USD Dist GBP,30.14,,,,
06/11/2017,iShares Global Water ETF USD Dist GBP,30.14,,,,
06/12/2017,iShares Global Water ETF USD Dist GBP,30.2,,,,
06/13/2017,iShares Global Water ETF USD Dist GBP,30.185,,,,
06/14/2017,iShares Global Water ETF USD Dist GBP,30.19,,,,
06/15/2017,iShares Global Water ETF USD Dist GBP,29.935,,,,
06/16/2017,iShares Global Water ETF USD Dist GBP,30.085,,,,
06/17/2017,iShares Global Water ETF USD Dist GBP,30.085,,,,
06/18/2017,iShares Global Water ETF USD Dist GBP,30.085,,,,
06/19/2017,iShares Global Water ETF USD Dist GBP,30.34,,,,
06/20/2017,iShares Global Water ETF USD Dist GBP,30.345,,,,
06/21/2017,iShares Global Water ETF USD Dist GBP,30.135,,,,
06/22/2017,iShares Global Water ETF USD Dist GBP,30.12,,,,
06/23/2017,iShares Global Water ETF USD Dist GBP,30.06,,,,
06/24/2017,iShares Global Water ETF USD Dist GBP,30.06,,,,
06/25/2017,iShares Global Water ETF USD Dist GBP,30.06,,,,
06/26/2017,iShares Global Water ETF USD Dist GBP,30.11,,,,
06/27/2017,iShares Global Water ETF USD Dist GBP,29.9725,,,,
06/28/2017,iShares Global Water ETF USD Dist GBP,29.64,,,,
06/29/2017,iShares Global Water ETF USD Dist GBP,29.275,,,,
06/30/2017,iShares Global Water ETF USD Dist GBP,29.23,,,,
07/01/2017,iShares Global Water ETF USD Dist GBP,29.23,,,,
07/02/2017,iShares Global Water ETF USD Dist GBP,29.23,,,,
07/03/2017,iShares Global Water ETF USD Dist GBP,29.455,,,,
07/04/2017,iShares Global Water ETF USD Dist GBP,29.325,,,,
07/05/2017,iShares Global Water ETF USD Dist GBP,29.24,,,,
07/06/2017,iShares Global Water ETF USD Dist GBP,29.105,,,,
07/07/2017,iShares Global Water ETF USD Dist GBP,29.305,,,,
07/08/2017,iShares Global Water ETF USD Dist GBP,29.305,,,,
07/09/2017,iShares Global Water ETF USD Dist GBP,29.305,,,,
07/10/2017,iShares Global Water ETF USD Dist GBP,29.43,,,,
07/11/2017,iShares Global Water ETF USD Dist GBP,29.37,,,,
07/12/2017,iShares Global Water ETF USD Dist GBP,29.775,,,,
07/13/2017,iShares Global Water ETF USD Dist GBP,29.715,,,,
07/14/2017,iShares Global Water ETF USD Dist GBP,29.585,,,,
07/15/2017,iShares Global Water ETF USD Dist GBP,29.585,,,,
07/16/2017,iShares Global Water ETF USD Dist GBP,29.585,,,,
07/17/2017,iShares Global Water ETF USD Dist GBP,29.83,,,,
07/18/2017,iShares Global Water ETF USD Dist GBP,29.86,,,,
07/19/2017,iShares Global Water ETF USD Dist GBP,29.855,,,,
07/20/2017,iShares Global Water ETF USD Dist GBP,30.12,,,,
07/21/2017,iShares Global Water ETF USD Dist GBP,30.13,,,,
07/22/2017,iShares Global Water ETF USD Dist GBP,30.13,,,,
07/23/2017,iShares Global Water ETF USD Dist GBP,30.13,,,,
07/24/2017,iShares Global Water ETF USD Dist GBP,29.855,,,,
07/25/2017,iShares Global Water ETF USD Dist GBP,29.895,,,,
07/26/2017,iShares Global Water ETF USD Dist GBP,29.845,,,,
07/27/2017,iShares Global Water ETF USD Dist GBP,29.725,,,,
07/28/2017,iShares Global Water ETF USD Dist GBP,29.505,,,,
07/29/2017,iShares Global Water ETF USD Dist GBP,29.505,,,,
07/30/2017,iShares Global Water ETF USD Dist GBP,29.505,,,,
07/31/2017,iShares Global Water ETF USD Dist GBP,29.625,,,,
08/01/2017,iShares Global Water ETF USD Dist GBP,29.655,,,,
08/02/2017,iShares Global Water ETF USD Dist GBP,29.65,,,,
08/03/2017,iShares Global Water ETF USD Dist GBP,29.81,,,,
08/04/2017,iShares Global Water ETF USD Dist GBP,30.09,,,,
08/05/2017,iShares Global Water ETF USD Dist GBP,30.09,,,,
08/06/2017,iShares Global Water ETF USD Dist GBP,30.09,,,,
08/07/2017,iShares Global Water ETF USD Dist GBP,30.135,,,,
08/08/2017,iShares Global Water ETF USD Dist GBP,30.315,,,,
08/09/2017,iShares Global Water ETF USD Dist GBP,30.1,,,,
08/10/2017,iShares Global Water ETF USD Dist GBP,29.86,,,,
08/11/2017,iShares Global Water ETF USD Dist GBP,29.735,,,,
08/12/2017,iShares Global Water ETF USD Dist GBP,29.735,,,,
08/13/2017,iShares Global Water ETF USD Dist GBP,29.735,,,,
08/14/2017,iShares Global Water ETF USD Dist GBP,30.015,,,,
08/15/2017,iShares Global Water ETF USD Dist GBP,30.22,,,,
08/16/2017,iShares Global Water ETF USD Dist GBP,30.33,,,,
08/17/2017,iShares Global Water ETF USD Dist GBP,30.075,,,,
08/18/2017,iShares Global Water ETF USD Dist GBP,29.915,,,,
08/19/2017,iShares Global Water ETF USD Dist GBP,29.915,,,,
08/20/2017,iShares Global Water ETF USD Dist GBP,29.915,,,,
08/21/2017,iShares Global Water ETF USD Dist GBP,29.85,,,,
08/22/2017,iShares Global Water ETF USD Dist GBP,30.135,,,,
08/23/2017,iShares Global Water ETF USD Dist GBP,30.22,,,,
08/24/2017,iShares Global Water ETF USD Dist GBP,30.125,,,,
08/25/2017,iShares Global Water ETF USD Dist GBP,30.1,,,,
08/26/2017,iShares Global Water ETF USD Dist GBP,30.1,,,,
08/27/2017,iShares Global Water ETF USD Dist GBP,30.1,,,,
08/28/2017,iShares Global Water ETF USD Dist GBP,30.1,,,,
08/29/2017,iShares Global Water ETF USD Dist GBP,29.92,,,,
08/30/2017,iShares Global Water ETF USD Dist GBP,30.01,,,,
08/31/2017,iShares Global Water ETF USD Dist GBP,30.25,,,,
09/01/2017,iShares Global Water ETF USD Dist GBP,30.17,,,,
09/02/2017,iShares Global Water ETF USD Dist GBP,30.17,,,,
09/03/2017,iShares Global Water ETF USD Dist GBP,30.17,,,,
09/04/2017,iShares Global Water ETF USD Dist GBP,30.175,,,,
09/05/2017,iShares Global Water ETF USD Dist GBP,30.055,,,,
09/06/2017,iShares Global Water ETF USD Dist GBP,29.93,,,,
09/07/2017,iShares Global Water ETF USD Dist GBP,30.08,,,,
09/08/2017,iShares Global Water ETF USD Dist GBP,30.065,,,,
09/09/2017,iShares Global Water ETF USD Dist GBP,30.065,,,,
09/10/2017,iShares Global Water ETF USD Dist GBP,30.065,,,,
09/11/2017,iShares Global Water ETF USD Dist GBP,30.305,,,,
09/12/2017,iShares Global Water ETF USD Dist GBP,30.11,,,,
09/13/2017,iShares Global Water ETF USD Dist GBP,30.075,,,,
09/14/2017,iShares Global Water ETF USD Dist GBP,29.715,,,,
09/15/2017,iShares Global Water ETF USD Dist GBP,29.395,,,,
09/16/2017,iShares Global Water ETF USD Dist GBP,29.395,,,,
09/17/2017,iShares Global Water ETF USD Dist GBP,29.395,,,,
09/18/2017,iShares Global Water ETF USD Dist GBP,29.675,,,,
09/19/2017,iShares Global Water ETF USD Dist GBP,29.73,,,,
09/20/2017,iShares Global Water ETF USD Dist GBP,29.72,,,,
09/21/2017,iShares Global Water ETF USD Dist GBP,29.66,,,,
09/22/2017,iShares Global Water ETF USD Dist GBP,29.76,,,,
09/23/2017,iShares Global Water ETF USD Dist GBP,29.76,,,,
09/24/2017,iShares Global Water ETF USD Dist GBP,29.76,,,,
09/25/2017,iShares Global Water ETF USD Dist GBP,29.735,,,,
09/26/2017,iShares Global Water ETF USD Dist GBP,29.83,,,,
09/27/2017,iShares Global Water ETF USD Dist GBP,29.605,,,,
09/28/2017,iShares Global Water ETF USD Dist GBP,29.705,,,,
09/29/2017,iShares Global Water ETF USD Dist GBP,29.975,,,,
09/30/2017,iShares Global Water ETF USD Dist GBP,29.975,,,,
10/01/2017,iShares Global Water ETF USD Dist GBP,29.975,,,,
10/02/2017,iShares Global Water ETF USD Dist GBP,30.39,,,,
10/03/2017,iShares Global Water ETF USD Dist GBP,30.54,,,,
10/04/2017,iShares Global Water ETF USD Dist GBP,30.575,,,,
10/05/2017,iShares Global Water ETF USD Dist GBP,30.915,,,,
10/06/2017,iShares Global Water ETF USD Dist GBP,31.09,,,,
10/07/2017,iShares Global Water ETF USD Dist GBP,31.09,,,,
10/08/2017,iShares Global Water ETF USD Dist GBP,31.09,,,,
10/09/2017,iShares Global Water ETF USD Dist GBP,31.03,,,,
10/10/2017,iShares Global Water ETF USD Dist GBP,30.88,,,,
10/11/2017,iShares Global Water ETF USD Dist GBP,30.975,,,,
10/12/2017,iShares Global Water ETF USD Dist GBP,31.105,,,,
10/13/2017,iShares Global Water ETF USD Dist GBP,30.925,,,,
10/14/2017,iShares Global Water ETF USD Dist GBP,30.925,,,,
10/15/2017,iShares Global Water ETF USD Dist GBP,30.925,,,,
10/16/2017,iShares Global Water ETF USD Dist GBP,30.86,,,,
10/17/2017,iShares Global Water ETF USD Dist GBP,30.95,,,,
10/18/2017,iShares Global Water ETF USD Dist GBP,30.95,,,,
10/19/2017,iShares Global Water ETF USD Dist GBP,31.09,,,,
10/20/2017,iShares Global Water ETF USD Dist GBP,31.17,,,,
10/21/2017,iShares Global Water ETF USD Dist GBP,31.17,,,,
10/22/2017,iShares Global Water ETF USD Dist GBP,31.17,,,,
10/23/2017,iShares Global Water ETF USD Dist GBP,31.18,,,,
10/24/2017,iShares Global Water ETF USD Dist GBP,31.225,,,,
10/25/2017,iShares Global Water ETF USD Dist GBP,30.7,,,,
10/26/2017,iShares Global Water ETF USD Dist GBP,31.16,,,,
10/27/2017,iShares Global Water ETF USD Dist GBP,31.3,,,,
10/28/2017,iShares Global Water ETF USD Dist GBP,31.3,,,,
10/29/2017,iShares Global Water ETF USD Dist GBP,31.3,,,,
10/30/2017,iShares Global Water ETF USD Dist GBP,31.02,,,,
10/31/2017,iShares Global Water ETF USD Dist GBP,30.985,,,,
11/01/2017,iShares Global Water ETF USD Dist GBP,30.975,,,,
11/02/2017,iShares Global Water ETF USD Dist GBP,31.55,,,,
11/03/2017,iShares Global Water ETF USD Dist GBP,31.5,,,,
11/04/2017,iShares Global Water ETF USD Dist GBP,31.5,,,,
11/05/2017,iShares Global Water ETF USD Dist GBP,31.5,,,,
11/06/2017,iShares Global Water ETF USD Dist GBP,31.5,,,,
11/07/2017,iShares Global Water ETF USD Dist GBP,31.44,,,,
11/08/2017,iShares Global Water ETF USD Dist GBP,31.495,,,,
11/09/2017,iShares Global Water ETF USD Dist GBP,31.385,,,,
11/10/2017,iShares Global Water ETF USD Dist GBP,31.12,,,,
11/11/2017,iShares Global Water ETF USD Dist GBP,31.12,,,,
11/12/2017,iShares Global Water ETF USD Dist GBP,31.12,,,,
11/13/2017,iShares Global Water ETF USD Dist GBP,31.3,,,,
11/14/2017,iShares Global Water ETF USD Dist GBP,31.425,,,,
11/15/2017,iShares Global Water ETF USD Dist GBP,31.295,,,,
11/16/2017,iShares Global Water ETF USD Dist GBP,31.155,,,,
11/17/2017,iShares Global Water ETF USD Dist GBP,30.935,,,,
11/18/2017,iShares Global Water ETF USD Dist GBP,30.935,,,,
11/19/2017,iShares Global Water ETF USD Dist GBP,30.935,,,,
11/20/2017,iShares Global Water ETF USD Dist GBP,30.9,,,,
11/21/2017,iShares Global Water ETF USD Dist GBP,31.205,,,,
11/22/2017,iShares Global Water ETF USD Dist GBP,31.125,,,,
11/23/2017,iShares Global Water ETF USD Dist GBP,31.22,,,,
11/24/2017,iShares Global Water ETF USD Dist GBP,31.13,,,,
11/25/2017,iShares Global Water ETF USD Dist GBP,31.13,,,,
11/26/2017,iShares Global Water ETF USD Dist GBP,31.13,,,,
11/27/2017,iShares Global Water ETF USD Dist GBP,31.115,,,,
11/28/2017,iShares Global Water ETF USD Dist GBP,31.43,,,,
11/29/2017,iShares Global Water ETF USD Dist GBP,31.085,,,,
11/30/2017,iShares Global Water ETF USD Dist GBP,31.045,,,,
12/01/2017,iShares Global Water ETF USD Dist GBP,30.69,,,,
12/02/2017,iShares Global Water ETF USD Dist GBP,30.69,,,,
12/03/2017,iShares Global Water ETF USD Dist GBP,30.69,,,,
12/04/2017,iShares Global Water ETF USD Dist GBP,31.11,,,,
12/05/2017,iShares Global Water ETF USD Dist GBP,31.035,,,,
12/06/2017,iShares Global Water ETF USD Dist GBP,31,,,,
12/07/2017,iShares Global Water ETF USD Dist GBP,30.97,,,,
12/08/2017,iShares Global Water ETF USD Dist GBP,31,,,,
12/09/2017,iShares Global Water ETF USD Dist GBP,31,,,,
12/10/2017,iShares Global Water ETF USD Dist GBP,31,,,,
12/11/2017,iShares Global Water ETF USD Dist GBP,31.08,,,,
12/12/2017,iShares Global Water ETF USD Dist GBP,31.12,,,,
12/13/2017,iShares Global Water ETF USD Dist GBP,30.892,,,,
12/14/2017,iShares Global Water ETF USD Dist GBP,30.7,,,,
12/15/2017,iShares Global Water ETF USD Dist GBP,30.99,,,,
12/16/2017,iShares Global Water ETF USD Dist GBP,30.99,,,,
12/17/2017,iShares Global Water ETF USD Dist GBP,30.99,,,,
12/18/2017,iShares Global Water ETF USD Dist GBP,31.08,,,,
12/19/2017,iShares Global Water ETF USD Dist GBP,31.04,,,,
12/20/2017,iShares Global Water ETF USD Dist GBP,30.95,,,,
12/21/2017,iShares Global Water ETF USD Dist GBP,31.16,,,,
12/22/2017,iShares Global Water ETF USD Dist GBP,31.08,,,,
12/23/2017,iShares Global Water ETF USD Dist GBP,31.08,,,,
12/24/2017,iShares Global Water ETF USD Dist GBP,31.08,,,,
12/25/2017,iShares Global Water ETF USD Dist GBP,31.08,,,,
12/26/2017,iShares Global Water ETF USD Dist GBP,31.08,,,,
12/27/2017,iShares Global Water ETF USD Dist GBP,31.18,,,,
12/28/2017,iShares Global Water ETF USD Dist GBP,31.1,,,,
12/29/2017,iShares Global Water ETF USD Dist GBP,31.17,,,,
12/30/2017,iShares Global Water ETF USD Dist GBP,31.17,,,,
12/31/2017,iShares Global Water ETF USD Dist GBP,31.17,,,,
01/01/2018,iShares Global Water ETF USD Dist GBP,31.17,,,,
01/02/2018,iShares Global Water ETF USD Dist GBP,30.84,,,,
01/03/2018,iShares Global Water ETF USD Dist GBP,30.935,,,,
01/04/2018,iShares Global Water ETF USD Dist GBP,31.08,,,,
01/05/2018,iShares Global Water ETF USD Dist GBP,31.125,,,,
01/06/2018,iShares Global Water ETF USD Dist GBP,31.125,,,,
01/07/2018,iShares Global Water ETF USD Dist GBP,31.125,,,,
01/08/2018,iShares Global Water ETF USD Dist GBP,31.16,,,,
01/09/2018,iShares Global Water ETF USD Dist GBP,31.26,,,,
01/10/2018,iShares Global Water ETF USD Dist GBP,30.82,,,,
01/11/2018,iShares Global Water ETF USD Dist GBP,30.85,,,,
01/12/2018,iShares Global Water ETF USD Dist GBP,30.65,,,,
01/13/2018,iShares Global Water ETF USD Dist GBP,30.65,,,,
01/14/2018,iShares Global Water ETF USD Dist GBP,30.65,,,,
01/15/2018,iShares Global Water ETF USD Dist GBP,30.455,,,,
01/16/2018,iShares Global Water ETF USD Dist GBP,30.715,,,,
01/17/2018,iShares Global Water ETF USD Dist GBP,30.57,,,,
01/18/2018,iShares Global Water ETF USD Dist GBP,30.41,,,,
01/19/2018,iShares Global Water ETF USD Dist GBP,30.77,,,,
01/20/2018,iShares Global Water ETF USD Dist GBP,30.77,,,,
01/21/2018,iShares Global Water ETF USD Dist GBP,30.77,,,,
01/22/2018,iShares Global Water ETF USD Dist GBP,30.58,,,,
01/23/2018,iShares Global Water ETF USD Dist GBP,30.64,,,,
01/24/2018,iShares Global Water ETF USD Dist GBP,30.05,,,,
01/25/2018,iShares Global Water ETF USD Dist GBP,29.93,,,,
01/26/2018,iShares Global Water ETF USD Dist GBP,30.2,,,,
01/27/2018,iShares Global Water ETF USD Dist GBP,30.2,,,,
01/28/2018,iShares Global Water ETF USD Dist GBP,30.2,,,,
01/29/2018,iShares Global Water ETF USD Dist GBP,30.185,,,,
01/30/2018,iShares Global Water ETF USD Dist GBP,29.835,,,,
01/31/2018,iShares Global Water ETF USD Dist GBP,29.75,,,,
02/01/2018,iShares Global Water ETF USD Dist GBP,29.7,,,,
02/02/2018,iShares Global Water ETF USD Dist GBP,29.57,,,,
02/03/2018,iShares Global Water ETF USD Dist GBP,29.57,,,,
02/04/2018,iShares Global Water ETF USD Dist GBP,29.57,,,,
02/05/2018,iShares Global Water ETF USD Dist GBP,29.405,,,,
02/06/2018,iShares Global Water ETF USD Dist GBP,28.34,,,,
02/07/2018,iShares Global Water ETF USD Dist GBP,28.91,,,,
02/08/2018,iShares Global Water ETF USD Dist GBP,28.295,,,,
02/09/2018,iShares Global Water ETF USD Dist GBP,27.9875,,,,
02/10/2018,iShares Global Water ETF USD Dist GBP,27.9875,,,,
02/11/2018,iShares Global Water ETF USD Dist GBP,27.9875,,,,
02/12/2018,iShares Global Water ETF USD Dist GBP,28.32,,,,
02/13/2018,iShares Global Water ETF USD Dist GBP,28.045,,,,
02/14/2018,iShares Global Water ETF USD Dist GBP,28.28,,,,
02/15/2018,iShares Global Water ETF USD Dist GBP,28.28,,,,
02/16/2018,iShares Global Water ETF USD Dist GBP,28.66,,,,
02/17/2018,iShares Global Water ETF USD Dist GBP,28.66,,,,
02/18/2018,iShares Global Water ETF USD Dist GBP,28.66,,,,
02/19/2018,iShares Global Water ETF USD Dist GBP,28.54,,,,
02/20/2018,iShares Global Water ETF USD Dist GBP,28.68,,,,
02/21/2018,iShares Global Water ETF USD Dist GBP,28.87,,,,
02/22/2018,iShares Global Water ETF USD Dist GBP,28.885,,,,
02/23/2018,iShares Global Water ETF USD Dist GBP,28.965,,,,
02/24/2018,iShares Global Water ETF USD Dist GBP,28.965,,,,
02/25/2018,iShares Global Water ETF USD Dist GBP,28.965,,,,
02/26/2018,iShares Global Water ETF USD Dist GBP,29.25,,,,
02/27/2018,iShares Global Water ETF USD Dist GBP,29.21,,,,
02/28/2018,iShares Global Water ETF USD Dist GBP,29.06,,,,
03/01/2018,iShares Global Water ETF USD Dist GBP,28.76,,,,
03/02/2018,iShares Global Water ETF USD Dist GBP,28.29,,,,
03/03/2018,iShares Global Water ETF USD Dist GBP,28.29,,,,
03/04/2018,iShares Global Water ETF USD Dist GBP,28.29,,,,
03/05/2018,iShares Global Water ETF USD Dist GBP,28.49,,,,
03/06/2018,iShares Global Water ETF USD Dist GBP,28.62,,,,
03/07/2018,iShares Global Water ETF USD Dist GBP,28.795,,,,
03/08/2018,iShares Global Water ETF USD Dist GBP,29.155,,,,
03/09/2018,iShares Global Water ETF USD Dist GBP,29.5,,,,
03/10/2018,iShares Global Water ETF USD Dist GBP,29.5,,,,
03/11/2018,iShares Global Water ETF USD Dist GBP,29.5,,,,
03/12/2018,iShares Global Water ETF USD Dist GBP,29.64,,,,
03/13/2018,iShares Global Water ETF USD Dist GBP,29.28,,,,
03/14/2018,iShares Global Water ETF USD Dist GBP,29.24,,,,
03/15/2018,iShares Global Water ETF USD Dist GBP,29.29,,,,
03/16/2018,iShares Global Water ETF USD Dist GBP,29.29,,,,
03/17/2018,iShares Global Water ETF USD Dist GBP,29.29,,,,
03/18/2018,iShares Global Water ETF USD Dist GBP,29.29,,,,
03/19/2018,iShares Global Water ETF USD Dist GBP,28.89,,,,
03/20/2018,iShares Global Water ETF USD Dist GBP,29,,,,
03/21/2018,iShares Global Water ETF USD Dist GBP,28.94,,,,
03/22/2018,iShares Global Water ETF USD Dist GBP,28.675,,,,
03/23/2018,iShares Global Water ETF USD Dist GBP,28.1,,,,
03/24/2018,iShares Global Water ETF USD Dist GBP,28.1,,,,
03/25/2018,iShares Global Water ETF USD Dist GBP,28.1,,,,
03/26/2018,iShares Global Water ETF USD Dist GBP,27.765,,,,
03/27/2018,iShares Global Water ETF USD Dist GBP,28.17,,,,
03/28/2018,iShares Global Water ETF USD Dist GBP,28.27,,,,
03/29/2018,iShares Global Water ETF USD Dist GBP,28.59,,,,
03/30/2018,iShares Global Water ETF USD Dist GBP,28.59,,,,
03/31/2018,iShares Global Water ETF USD Dist GBP,28.59,,,,
04/01/2018,iShares Global Water ETF USD Dist GBP,28.59,,,,
04/02/2018,iShares Global Water ETF USD Dist GBP,28.59,,,,
04/03/2018,iShares Global Water ETF USD Dist GBP,28.18,,,,
04/04/2018,iShares Global Water ETF USD Dist GBP,28.08,,,,
04/05/2018,iShares Global Water ETF USD Dist GBP,28.68,,,,
04/06/2018,iShares Global Water ETF USD Dist GBP,28.4,,,,
04/07/2018,iShares Global Water ETF USD Dist GBP,28.4,,,,
04/08/2018,iShares Global Water ETF USD Dist GBP,28.4,,,,
04/09/2018,iShares Global Water ETF USD Dist GBP,28.38,,,,
04/10/2018,iShares Global Water ETF USD Dist GBP,28.46,,,,
04/11/2018,iShares Global Water ETF USD Dist GBP,28.19,,,,
04/12/2018,iShares Global Water ETF USD Dist GBP,28.23,,,,
04/13/2018,iShares Global Water ETF USD Dist GBP,28.3,,,,
04/14/2018,iShares Global Water ETF USD Dist GBP,28.3,,,,
04/15/2018,iShares Global Water ETF USD Dist GBP,28.3,,,,
04/16/2018,iShares Global Water ETF USD Dist GBP,28.28,,,,
04/17/2018,iShares Global Water ETF USD Dist GBP,28.59,,,,
04/18/2018,iShares Global Water ETF USD Dist GBP,28.82,,,,
04/19/2018,iShares Global Water ETF USD Dist GBP,28.815,,,,
04/20/2018,iShares Global Water ETF USD Dist GBP,28.91,,,,
04/21/2018,iShares Global Water ETF USD Dist GBP,28.91,,,,
04/22/2018,iShares Global Water ETF USD Dist GBP,28.91,,,,
04/23/2018,iShares Global Water ETF USD Dist GBP,29.18,,,,
04/24/2018,iShares Global Water ETF USD Dist GBP,29.1,,,,
04/25/2018,iShares Global Water ETF USD Dist GBP,28.83,,,,
04/26/2018,iShares Global Water ETF USD Dist GBP,29,,,,
04/27/2018,iShares Global Water ETF USD Dist GBP,29.39,,,,
04/28/2018,iShares Global Water ETF USD Dist GBP,29.39,,,,
04/29/2018,iShares Global Water ETF USD Dist GBP,29.39,,,,
04/30/2018,iShares Global Water ETF USD Dist GBP,29.39,,,,
05/01/2018,iShares Global Water ETF USD Dist GBP,29.42,,,,
05/02/2018,iShares Global Water ETF USD Dist GBP,29.58,,,,
05/03/2018,iShares Global Water ETF USD Dist GBP,29.585,,,,
05/04/2018,iShares Global Water ETF USD Dist GBP,29.84,,,,
05/05/2018,iShares Global Water ETF USD Dist GBP,29.84,,,,
05/06/2018,iShares Global Water ETF USD Dist GBP,29.84,,,,
05/07/2018,iShares Global Water ETF USD Dist GBP,29.84,,,,
05/08/2018,iShares Global Water ETF USD Dist GBP,29.93,,,,
05/09/2018,iShares Global Water ETF USD Dist GBP,29.84,,,,
05/10/2018,iShares Global Water ETF USD Dist GBP,30.18,,,,
05/11/2018,iShares Global Water ETF USD Dist GBP,30.13,,,,
05/12/2018,iShares Global Water ETF USD Dist GBP,30.13,,,,
05/13/2018,iShares Global Water ETF USD Dist GBP,30.13,,,,
05/14/2018,iShares Global Water ETF USD Dist GBP,30.05,,,,
05/15/2018,iShares Global Water ETF USD Dist GBP,29.79,,,,
05/16/2018,iShares Global Water ETF USD Dist GBP,29.72,,,,
05/17/2018,iShares Global Water ETF USD Dist GBP,29.7,,,,
05/18/2018,iShares Global Water ETF USD Dist GBP,29.79,,,,
05/19/2018,iShares Global Water ETF USD Dist GBP,29.79,,,,
05/20/2018,iShares Global Water ETF USD Dist GBP,29.79,,,,
05/21/2018,iShares Global Water ETF USD Dist GBP,30.2,,,,
05/22/2018,iShares Global Water ETF USD Dist GBP,30.38,,,,
05/23/2018,iShares Global Water ETF USD Dist GBP,30.3,,,,
05/24/2018,iShares Global Water ETF USD Dist GBP,30.25,,,,
05/25/2018,iShares Global Water ETF USD Dist GBP,30.465,,,,
05/26/2018,iShares Global Water ETF USD Dist GBP,30.465,,,,
05/27/2018,iShares Global Water ETF USD Dist GBP,30.465,,,,
05/28/2018,iShares Global Water ETF USD Dist GBP,30.465,,,,
05/29/2018,iShares Global Water ETF USD Dist GBP,30.315,,,,
05/30/2018,iShares Global Water ETF USD Dist GBP,30.4,,,,
05/31/2018,iShares Global Water ETF USD Dist GBP,30.325,,,,
06/01/2018,iShares Global Water ETF USD Dist GBP,30.245,,,,
06/02/2018,iShares Global Water ETF USD Dist GBP,30.245,,,,
06/03/2018,iShares Global Water ETF USD Dist GBP,30.245,,,,
06/04/2018,iShares Global Water ETF USD Dist GBP,30.485,,,,
06/05/2018,iShares Global Water ETF USD Dist GBP,30.185,,,,
06/06/2018,iShares Global Water ETF USD Dist GBP,30.055,,,,
06/07/2018,iShares Global Water ETF USD Dist GBP,30.155,,,,
06/08/2018,iShares Global Water ETF USD Dist GBP,30.12,,,,
06/09/2018,iShares Global Water ETF USD Dist GBP,30.12,,,,
06/10/2018,iShares Global Water ETF USD Dist GBP,30.12,,,,
06/11/2018,iShares Global Water ETF USD Dist GBP,30.25,,,,
06/12/2018,iShares Global Water ETF USD Dist GBP,30.18,,,,
06/13/2018,iShares Global Water ETF USD Dist GBP,30.225,,,,
06/14/2018,iShares Global Water ETF USD Dist GBP,30.16,,,,
06/15/2018,iShares Global Water ETF USD Dist GBP,30.04,,,,
06/16/2018,iShares Global Water ETF USD Dist GBP,30.04,,,,
06/17/2018,iShares Global Water ETF USD Dist GBP,30.04,,,,
06/18/2018,iShares Global Water ETF USD Dist GBP,30.14,,,,
06/19/2018,iShares Global Water ETF USD Dist GBP,30.075,,,,
06/20/2018,iShares Global Water ETF USD Dist GBP,30.19,,,,
06/21/2018,iShares Global Water ETF USD Dist GBP,29.69,,,,
06/22/2018,iShares Global Water ETF USD Dist GBP,29.8,,,,
06/23/2018,iShares Global Water ETF USD Dist GBP,29.8,,,,
06/24/2018,iShares Global Water ETF USD Dist GBP,29.8,,,,
06/25/2018,iShares Global Water ETF USD Dist GBP,29.67,,,,
06/26/2018,iShares Global Water ETF USD Dist GBP,29.865,,,,
06/27/2018,iShares Global Water ETF USD Dist GBP,29.99,,,,
06/28/2018,iShares Global Water ETF USD Dist GBP,29.86,,,,
06/29/2018,iShares Global Water ETF USD Dist GBP,29.99,,,,
06/30/2018,iShares Global Water ETF USD Dist GBP,29.99,,,,
07/01/2018,iShares Global Water ETF USD Dist GBP,29.99,,,,
07/02/2018,iShares Global Water ETF USD Dist GBP,29.845,,,,
07/03/2018,iShares Global Water ETF USD Dist GBP,30.12,,,,
07/04/2018,iShares Global Water ETF USD Dist GBP,29.96,,,,
07/05/2018,iShares Global Water ETF USD Dist GBP,30.02,,,,
07/06/2018,iShares Global Water ETF USD Dist GBP,30.255,,,,
07/07/2018,iShares Global Water ETF USD Dist GBP,30.255,,,,
07/08/2018,iShares Global Water ETF USD Dist GBP,30.255,,,,
07/09/2018,iShares Global Water ETF USD Dist GBP,30.39,,,,
07/10/2018,iShares Global Water ETF USD Dist GBP,30.13,,,,
07/11/2018,iShares Global Water ETF USD Dist GBP,30.01,,,,
07/12/2018,iShares Global Water ETF USD Dist GBP,30.11,,,,
07/13/2018,iShares Global Water ETF USD Dist GBP,30.38,,,,
07/14/2018,iShares Global Water ETF USD Dist GBP,30.38,,,,
07/15/2018,iShares Global Water ETF USD Dist GBP,30.38,,,,
07/16/2018,iShares Global Water ETF USD Dist GBP,30.2778,,,,
07/17/2018,iShares Global Water ETF USD Dist GBP,30.57,,,,
07/18/2018,iShares Global Water ETF USD Dist GBP,30.77,,,,
07/19/2018,iShares Global Water ETF USD Dist GBP,31,,,,
07/20/2018,iShares Global Water ETF USD Dist GBP,31,,,,
07/21/2018,iShares Global Water ETF USD Dist GBP,31,,,,
07/22/2018,iShares Global Water ETF USD Dist GBP,31,,,,
07/23/2018,iShares Global Water ETF USD Dist GBP,30.82,,,,
07/24/2018,iShares Global Water ETF USD Dist GBP,30.88,,,,
07/25/2018,iShares Global Water ETF USD Dist GBP,30.93,,,,
07/26/2018,iShares Global Water ETF USD Dist GBP,31.31,,,,
07/27/2018,iShares Global Water ETF USD Dist GBP,31.31,,,,
07/28/2018,iShares Global Water ETF USD Dist GBP,31.31,,,,
07/29/2018,iShares Global Water ETF USD Dist GBP,31.31,,,,
07/30/2018,iShares Global Water ETF USD Dist GBP,31.21,,,,
07/31/2018,iShares Global Water ETF USD Dist GBP,31.55,,,,
08/01/2018,iShares Global Water ETF USD Dist GBP,31.24,,,,
08/02/2018,iShares Global Water ETF USD Dist GBP,31.41,,,,
08/03/2018,iShares Global Water ETF USD Dist GBP,31.6,,,,
08/04/2018,iShares Global Water ETF USD Dist GBP,31.6,,,,
08/05/2018,iShares Global Water ETF USD Dist GBP,31.6,,,,
08/06/2018,iShares Global Water ETF USD Dist GBP,31.82,,,,
08/07/2018,iShares Global Water ETF USD Dist GBP,32.08,,,,
08/08/2018,iShares Global Water ETF USD Dist GBP,32.155,,,,
08/09/2018,iShares Global Water ETF USD Dist GBP,32.2,,,,
08/10/2018,iShares Global Water ETF USD Dist GBP,32.11,,,,
08/11/2018,iShares Global Water ETF USD Dist GBP,32.11,,,,
08/12/2018,iShares Global Water ETF USD Dist GBP,32.11,,,,
08/13/2018,iShares Global Water ETF USD Dist GBP,31.99,,,,
08/14/2018,iShares Global Water ETF USD Dist GBP,32.17,,,,
08/15/2018,iShares Global Water ETF USD Dist GBP,31.83,,,,
08/16/2018,iShares Global Water ETF USD Dist GBP,32.07,,,,
08/17/2018,iShares Global Water ETF USD Dist GBP,32.14,,,,
08/18/2018,iShares Global Water ETF USD Dist GBP,32.14,,,,
08/19/2018,iShares Global Water ETF USD Dist GBP,32.14,,,,
08/20/2018,iShares Global Water ETF USD Dist GBP,32.2,,,,
08/21/2018,iShares Global Water ETF USD Dist GBP,32.125,,,,
08/22/2018,iShares Global Water ETF USD Dist GBP,31.99,,,,
08/23/2018,iShares Global Water ETF USD Dist GBP,31.965,,,,
08/24/2018,iShares Global Water ETF USD Dist GBP,31.95,,,,
08/25/2018,iShares Global Water ETF USD Dist GBP,31.95,,,,
08/26/2018,iShares Global Water ETF USD Dist GBP,31.95,,,,
08/27/2018,iShares Global Water ETF USD Dist GBP,31.95,,,,
08/28/2018,iShares Global Water ETF USD Dist GBP,32.21,,,,
08/29/2018,iShares Global Water ETF USD Dist GBP,32.02,,,,
08/30/2018,iShares Global Water ETF USD Dist GBP,31.925,,,,
08/31/2018,iShares Global Water ETF USD Dist GBP,31.885,,,,
09/01/2018,iShares Global Water ETF USD Dist GBP,31.885,,,,
09/02/2018,iShares Global Water ETF USD Dist GBP,31.885,,,,
09/03/2018,iShares Global Water ETF USD Dist GBP,32.1,,,,
09/04/2018,iShares Global Water ETF USD Dist GBP,31.92,,,,
09/05/2018,iShares Global Water ETF USD Dist GBP,31.875,,,,
09/06/2018,iShares Global Water ETF USD Dist GBP,31.9,,,,
09/07/2018,iShares Global Water ETF USD Dist GBP,31.76,,,,
09/08/2018,iShares Global Water ETF USD Dist GBP,31.76,,,,
09/09/2018,iShares Global Water ETF USD Dist GBP,31.76,,,,
09/10/2018,iShares Global Water ETF USD Dist GBP,31.71,,,,
09/11/2018,iShares Global Water ETF USD Dist GBP,31.675,,,,
09/12/2018,iShares Global Water ETF USD Dist GBP,31.71,,,,
09/13/2018,iShares Global Water ETF USD Dist GBP,31.55,,,,
09/14/2018,iShares Global Water ETF USD Dist GBP,31.75,,,,
09/15/2018,iShares Global Water ETF USD Dist GBP,31.75,,,,
09/16/2018,iShares Global Water ETF USD Dist GBP,31.75,,,,
09/17/2018,iShares Global Water ETF USD Dist GBP,31.63,,,,
09/18/2018,iShares Global Water ETF USD Dist GBP,31.625,,,,
09/19/2018,iShares Global Water ETF USD Dist GBP,31.49,,,,
09/20/2018,iShares Global Water ETF USD Dist GBP,31.47,,,,
09/21/2018,iShares Global Water ETF USD Dist GBP,31.94,,,,
09/22/2018,iShares Global Water ETF USD Dist GBP,31.94,,,,
09/23/2018,iShares Global Water ETF USD Dist GBP,31.94,,,,
09/24/2018,iShares Global Water ETF USD Dist GBP,31.5,,,,
09/25/2018,iShares Global Water ETF USD Dist GBP,31.37,,,,
09/26/2018,iShares Global Water ETF USD Dist GBP,31.29,,,,
09/27/2018,iShares Global Water ETF USD Dist GBP,31.485,,,,
09/28/2018,iShares Global Water ETF USD Dist GBP,31.555,,,,
09/29/2018,iShares Global Water ETF USD Dist GBP,31.555,,,,
09/30/2018,iShares Global Water ETF USD Dist GBP,31.555,,,,
10/01/2018,iShares Global Water ETF USD Dist GBP,31.46,,,,
10/02/2018,iShares Global Water ETF USD Dist GBP,31.6,,,,
10/03/2018,iShares Global Water ETF USD Dist GBP,31.63,,,,
10/04/2018,iShares Global Water ETF USD Dist GBP,31.21,,,,
10/05/2018,iShares Global Water ETF USD Dist GBP,31.03,,,,
10/06/2018,iShares Global Water ETF USD Dist GBP,31.03,,,,
10/07/2018,iShares Global Water ETF USD Dist GBP,31.03,,,,
10/08/2018,iShares Global Water ETF USD Dist GBP,30.945,,,,
10/09/2018,iShares Global Water ETF USD Dist GBP,30.9,,,,
10/10/2018,iShares Global Water ETF USD Dist GBP,30.29,,,,
10/11/2018,iShares Global Water ETF USD Dist GBP,29.625,,,,
10/12/2018,iShares Global Water ETF USD Dist GBP,29.45,,,,
10/13/2018,iShares Global Water ETF USD Dist GBP,29.45,,,,
10/14/2018,iShares Global Water ETF USD Dist GBP,29.45,,,,
10/15/2018,iShares Global Water ETF USD Dist GBP,29.48,,,,
10/16/2018,iShares Global Water ETF USD Dist GBP,29.75,,,,
10/17/2018,iShares Global Water ETF USD Dist GBP,29.965,,,,
10/18/2018,iShares Global Water ETF USD Dist GBP,29.975,,,,
10/19/2018,iShares Global Water ETF USD Dist GBP,30.03,,,,
10/20/2018,iShares Global Water ETF USD Dist GBP,30.03,,,,
10/21/2018,iShares Global Water ETF USD Dist GBP,30.03,,,,
10/22/2018,iShares Global Water ETF USD Dist GBP,29.93,,,,
10/23/2018,iShares Global Water ETF USD Dist GBP,29.34,,,,
10/24/2018,iShares Global Water ETF USD Dist GBP,29.485,,,,
10/25/2018,iShares Global Water ETF USD Dist GBP,29.75,,,,
10/26/2018,iShares Global Water ETF USD Dist GBP,29.41,,,,
10/27/2018,iShares Global Water ETF USD Dist GBP,29.41,,,,
10/28/2018,iShares Global Water ETF USD Dist GBP,29.41,,,,
10/29/2018,iShares Global Water ETF USD Dist GBP,29.645,,,,
10/30/2018,iShares Global Water ETF USD Dist GBP,29.715,,,,
10/31/2018,iShares Global Water ETF USD Dist GBP,29.88,,,,
11/01/2018,iShares Global Water ETF USD Dist GBP,29.595,,,,
11/02/2018,iShares Global Water ETF USD Dist GBP,29.755,,,,
11/03/2018,iShares Global Water ETF USD Dist GBP,29.755,,,,
11/04/2018,iShares Global Water ETF USD Dist GBP,29.755,,,,
11/05/2018,iShares Global Water ETF USD Dist GBP,29.75,,,,
11/06/2018,iShares Global Water ETF USD Dist GBP,29.76,,,,
11/07/2018,iShares Global Water ETF USD Dist GBP,30.01,,,,
11/08/2018,iShares Global Water ETF USD Dist GBP,30.15,,,,
11/09/2018,iShares Global Water ETF USD Dist GBP,30.215,,,,
11/10/2018,iShares Global Water ETF USD Dist GBP,30.215,,,,
11/11/2018,iShares Global Water ETF USD Dist GBP,30.215,,,,
11/12/2018,iShares Global Water ETF USD Dist GBP,30.28,,,,
11/13/2018,iShares Global Water ETF USD Dist GBP,29.98,,,,
11/14/2018,iShares Global Water ETF USD Dist GBP,29.805,,,,
11/15/2018,iShares Global Water ETF USD Dist GBP,29.775,,,,
11/16/2018,iShares Global Water ETF USD Dist GBP,29.98,,,,
11/17/2018,iShares Global Water ETF USD Dist GBP,29.98,,,,
11/18/2018,iShares Global Water ETF USD Dist GBP,29.98,,,,
11/19/2018,iShares Global Water ETF USD Dist GBP,29.96,,,,
11/20/2018,iShares Global Water ETF USD Dist GBP,29.82,,,,
11/21/2018,iShares Global Water ETF USD Dist GBP,30.075,,,,
11/22/2018,iShares Global Water ETF USD Dist GBP,29.625,,,,
11/23/2018,iShares Global Water ETF USD Dist GBP,29.96,,,,
11/24/2018,iShares Global Water ETF USD Dist GBP,29.96,,,,
11/25/2018,iShares Global Water ETF USD Dist GBP,29.96,,,,
11/26/2018,iShares Global Water ETF USD Dist GBP,30.095,,,,
11/27/2018,iShares Global Water ETF USD Dist GBP,30.22,,,,
11/28/2018,iShares Global Water ETF USD Dist GBP,30.27,,,,
11/29/2018,iShares Global Water ETF USD Dist GBP,30.405,,,,
11/30/2018,iShares Global Water ETF USD Dist GBP,30.385,,,,
12/01/2018,iShares Global Water ETF USD Dist GBP,30.385,,,,
12/02/2018,iShares Global Water ETF USD Dist GBP,30.385,,,,
12/03/2018,iShares Global Water ETF USD Dist GBP,30.675,,,,
12/04/2018,iShares Global Water ETF USD Dist GBP,30.54,,,,
12/05/2018,iShares Global Water ETF USD Dist GBP,30.065,,,,
12/06/2018,iShares Global Water ETF USD Dist GBP,29.385,,,,
12/07/2018,iShares Global Water ETF USD Dist GBP,29.82,,,,
12/08/2018,iShares Global Water ETF USD Dist GBP,29.82,,,,
12/09/2018,iShares Global Water ETF USD Dist GBP,29.82,,,,
12/10/2018,iShares Global Water ETF USD Dist GBP,29.695,,,,
12/11/2018,iShares Global Water ETF USD Dist GBP,30.12,,,,
12/12/2018,iShares Global Water ETF USD Dist GBP,30.37,,,,
12/13/2018,iShares Global Water ETF USD Dist GBP,30.26,,,,
12/14/2018,iShares Global Water ETF USD Dist GBP,30.025,,,,
12/15/2018,iShares Global Water ETF USD Dist GBP,30.025,,,,
12/16/2018,iShares Global Water ETF USD Dist GBP,30.025,,,,
12/17/2018,iShares Global Water ETF USD Dist GBP,29.95,,,,
12/18/2018,iShares Global Water ETF USD Dist GBP,29.425,,,,
12/19/2018,iShares Global Water ETF USD Dist GBP,29.515,,,,
12/20/2018,iShares Global Water ETF USD Dist GBP,29.24,,,,
12/21/2018,iShares Global Water ETF USD Dist GBP,29.225,,,,
12/22/2018,iShares Global Water ETF USD Dist GBP,29.225,,,,
12/23/2018,iShares Global Water ETF USD Dist GBP,29.225,,,,
12/24/2018,iShares Global Water ETF USD Dist GBP,28.575,,,,
12/25/2018,iShares Global Water ETF USD Dist GBP,28.575,,,,
12/26/2018,iShares Global Water ETF USD Dist GBP,28.575,,,,
12/27/2018,iShares Global Water ETF USD Dist GBP,28.435,,,,
12/28/2018,iShares Global Water ETF USD Dist GBP,28.94,,,,
12/29/2018,iShares Global Water ETF USD Dist GBP,28.94,,,,
12/30/2018,iShares Global Water ETF USD Dist GBP,28.94,,,,
12/31/2018,iShares Global Water ETF USD Dist GBP,28.98,,,,
01/01/2019,iShares Global Water ETF USD Dist GBP,28.98,,,,
01/02/2019,iShares Global Water ETF USD Dist GBP,29.115,,,,
01/03/2019,iShares Global Water ETF USD Dist GBP,28.885,,,,
01/04/2019,iShares Global Water ETF USD Dist GBP,29.215,,,,
01/05/2019,iShares Global Water ETF USD Dist GBP,29.215,,,,
01/06/2019,iShares Global Water ETF USD Dist GBP,29.215,,,,
01/07/2019,iShares Global Water ETF USD Dist GBP,29.305,,,,
01/08/2019,iShares Global Water ETF USD Dist GBP,29.485,,,,
01/09/2019,iShares Global Water ETF USD Dist GBP,29.75,,,,
01/10/2019,iShares Global Water ETF USD Dist GBP,29.81,,,,
01/11/2019,iShares Global Water ETF USD Dist GBP,29.69,,,,
01/12/2019,iShares Global Water ETF USD Dist GBP,29.69,,,,
01/13/2019,iShares Global Water ETF USD Dist GBP,29.69,,,,
01/14/2019,iShares Global Water ETF USD Dist GBP,29.435,,,,
01/15/2019,iShares Global Water ETF USD Dist GBP,29.79,,,,
01/16/2019,iShares Global Water ETF USD Dist GBP,29.825,,,,
01/17/2019,iShares Global Water ETF USD Dist GBP,29.88,,,,
01/18/2019,iShares Global Water ETF USD Dist GBP,30.4,,,,
01/19/2019,iShares Global Water ETF USD Dist GBP,30.4,,,,
01/20/2019,iShares Global Water ETF USD Dist GBP,30.4,,,,
01/21/2019,iShares Global Water ETF USD Dist GBP,30.28,,,,
01/22/2019,iShares Global Water ETF USD Dist GBP,29.99,,,,
01/23/2019,iShares Global Water ETF USD Dist GBP,29.76,,,,
01/24/2019,iShares Global Water ETF USD Dist GBP,29.935,,,,
01/25/2019,iShares Global Water ETF USD Dist GBP,29.89,,,,
01/26/2019,iShares Global Water ETF USD Dist GBP,29.89,,,,
01/27/2019,iShares Global Water ETF USD Dist GBP,29.89,,,,
01/28/2019,iShares Global Water ETF USD Dist GBP,29.605,,,,
01/29/2019,iShares Global Water ETF USD Dist GBP,29.855,,,,
01/30/2019,iShares Global Water ETF USD Dist GBP,30.01,,,,
01/31/2019,iShares Global Water ETF USD Dist GBP,30.35,,,,
02/01/2019,iShares Global Water ETF USD Dist GBP,30.46,,,,
02/02/2019,iShares Global Water ETF USD Dist GBP,30.46,,,,
02/03/2019,iShares Global Water ETF USD Dist GBP,30.46,,,,
02/04/2019,iShares Global Water ETF USD Dist GBP,30.39,,,,
02/05/2019,iShares Global Water ETF USD Dist GBP,30.875,,,,
02/06/2019,iShares Global Water ETF USD Dist GBP,30.89,,,,
02/07/2019,iShares Global Water ETF USD Dist GBP,30.57,,,,
02/08/2019,iShares Global Water ETF USD Dist GBP,30.61,,,,
02/09/2019,iShares Global Water ETF USD Dist GBP,30.61,,,,
02/10/2019,iShares Global Water ETF USD Dist GBP,30.61,,,,
02/11/2019,iShares Global Water ETF USD Dist GBP,30.98,,,,
02/12/2019,iShares Global Water ETF USD Dist GBP,31.2,,,,
02/13/2019,iShares Global Water ETF USD Dist GBP,31.27,,,,
02/14/2019,iShares Global Water ETF USD Dist GBP,31.42,,,,
02/15/2019,iShares Global Water ETF USD Dist GBP,31.51,,,,
02/16/2019,iShares Global Water ETF USD Dist GBP,31.51,,,,
02/17/2019,iShares Global Water ETF USD Dist GBP,31.51,,,,
02/18/2019,iShares Global Water ETF USD Dist GBP,31.55,,,,
02/19/2019,iShares Global Water ETF USD Dist GBP,31.33,,,,
02/20/2019,iShares Global Water ETF USD Dist GBP,31.43,,,,
02/21/2019,iShares Global Water ETF USD Dist GBP,31.56,,,,
02/22/2019,iShares Global Water ETF USD Dist GBP,31.8,,,,
02/23/2019,iShares Global Water ETF USD Dist GBP,31.8,,,,
02/24/2019,iShares Global Water ETF USD Dist GBP,31.8,,,,
02/25/2019,iShares Global Water ETF USD Dist GBP,32.01,,,,
02/26/2019,iShares Global Water ETF USD Dist GBP,31.56,,,,
02/27/2019,iShares Global Water ETF USD Dist GBP,31.34,,,,
02/28/2019,iShares Global Water ETF USD Dist GBP,31.39,,,,
03/01/2019,iShares Global Water ETF USD Dist GBP,31.38,,,,
03/02/2019,iShares Global Water ETF USD Dist GBP,31.38,,,,
03/03/2019,iShares Global Water ETF USD Dist GBP,31.38,,,,
03/04/2019,iShares Global Water ETF USD Dist GBP,31.69,,,,
03/05/2019,iShares Global Water ETF USD Dist GBP,31.8,,,,
03/06/2019,iShares Global Water ETF USD Dist GBP,31.67,,,,
03/07/2019,iShares Global Water ETF USD Dist GBP,31.53,,,,
03/08/2019,iShares Global Water ETF USD Dist GBP,31.5,,,,
03/09/2019,iShares Global Water ETF USD Dist GBP,31.5,,,,
03/10/2019,iShares Global Water ETF USD Dist GBP,31.5,,,,
03/11/2019,iShares Global Water ETF USD Dist GBP,31.73,,,,
03/12/2019,iShares Global Water ETF USD Dist GBP,32.02,,,,
03/13/2019,iShares Global Water ETF USD Dist GBP,31.72,,,,
03/14/2019,iShares Global Water ETF USD Dist GBP,31.62,,,,
03/15/2019,iShares Global Water ETF USD Dist GBP,31.84,,,,
03/16/2019,iShares Global Water ETF USD Dist GBP,31.84,,,,
03/17/2019,iShares Global Water ETF USD Dist GBP,31.84,,,,
03/18/2019,iShares Global Water ETF USD Dist GBP,31.95,,,,
03/19/2019,iShares Global Water ETF USD Dist GBP,32.12,,,,
03/20/2019,iShares Global Water ETF USD Dist GBP,31.915,,,,
03/21/2019,iShares Global Water ETF USD Dist GBP,32.625,,,,
03/22/2019,iShares Global Water ETF USD Dist GBP,31.77,,,,
03/23/2019,iShares Global Water ETF USD Dist GBP,31.77,,,,
03/24/2019,iShares Global Water ETF USD Dist GBP,31.77,,,,
03/25/2019,iShares Global Water ETF USD Dist GBP,31.71,,,,
03/26/2019,iShares Global Water ETF USD Dist GBP,31.88,,,,
03/27/2019,iShares Global Water ETF USD Dist GBP,31.67,,,,
03/28/2019,iShares Global Water ETF USD Dist GBP,31.88,,,,
03/29/2019,iShares Global Water ETF USD Dist GBP,32.23,,,,
03/30/2019,iShares Global Water ETF USD Dist GBP,32.23,,,,
03/31/2019,iShares Global Water ETF USD Dist GBP,32.23,,,,
04/01/2019,iShares Global Water ETF USD Dist GBP,32.18,,,,
04/02/2019,iShares Global Water ETF USD Dist GBP,32.36,,,,
04/03/2019,iShares Global Water ETF USD Dist GBP,32.38,,,,
04/04/2019,iShares Global Water ETF USD Dist GBP,32.57,,,,
04/05/2019,iShares Global Water ETF USD Dist GBP,32.8,,,,
04/06/2019,iShares Global Water ETF USD Dist GBP,32.8,,,,
04/07/2019,iShares Global Water ETF USD Dist GBP,32.8,,,,
04/08/2019,iShares Global Water ETF USD Dist GBP,32.64,,,,
04/09/2019,iShares Global Water ETF USD Dist GBP,32.34,,,,
04/10/2019,iShares Global Water ETF USD Dist GBP,32.38,,,,
04/11/2019,iShares Global Water ETF USD Dist GBP,32.45,,,,
04/12/2019,iShares Global Water ETF USD Dist GBP,32.49,,,,
04/13/2019,iShares Global Water ETF USD Dist GBP,32.49,,,,
04/14/2019,iShares Global Water ETF USD Dist GBP,32.49,,,,
04/15/2019,iShares Global Water ETF USD Dist GBP,32.5,,,,
04/16/2019,iShares Global Water ETF USD Dist GBP,32.86,,,,
04/17/2019,iShares Global Water ETF USD Dist GBP,32.66,,,,
04/18/2019,iShares Global Water ETF USD Dist GBP,32.77,,,,
04/19/2019,iShares Global Water ETF USD Dist GBP,32.77,,,,
04/20/2019,iShares Global Water ETF USD Dist GBP,32.77,,,,
04/21/2019,iShares Global Water ETF USD Dist GBP,32.77,,,,
04/22/2019,iShares Global Water ETF USD Dist GBP,32.77,,,,
04/23/2019,iShares Global Water ETF USD Dist GBP,33.03,,,,
04/24/2019,iShares Global Water ETF USD Dist GBP,32.995,,,,
04/25/2019,iShares Global Water ETF USD Dist GBP,32.985,,,,
04/26/2019,iShares Global Water ETF USD Dist GBP,33.23,,,,
04/27/2019,iShares Global Water ETF USD Dist GBP,33.23,,,,
04/28/2019,iShares Global Water ETF USD Dist GBP,33.23,,,,
04/29/2019,iShares Global Water ETF USD Dist GBP,33.28,,,,
04/30/2019,iShares Global Water ETF USD Dist GBP,33,,,,
05/01/2019,iShares Global Water ETF USD Dist GBP,32.985,,,,
05/02/2019,iShares Global Water ETF USD Dist GBP,32.69,,,,
05/03/2019,iShares Global Water ETF USD Dist GBP,32.78,,,,
05/04/2019,iShares Global Water ETF USD Dist GBP,32.78,,,,
05/05/2019,iShares Global Water ETF USD Dist GBP,32.78,,,,
05/06/2019,iShares Global Water ETF USD Dist GBP,32.78,,,,
05/07/2019,iShares Global Water ETF USD Dist GBP,32.54,,,,
05/08/2019,iShares Global Water ETF USD Dist GBP,32.515,,,,
05/09/2019,iShares Global Water ETF USD Dist GBP,31.97,,,,
05/10/2019,iShares Global Water ETF USD Dist GBP,32.05,,,,
05/11/2019,iShares Global Water ETF USD Dist GBP,32.05,,,,
05/12/2019,iShares Global Water ETF USD Dist GBP,32.05,,,,
05/13/2019,iShares Global Water ETF USD Dist GBP,32.04,,,,
05/14/2019,iShares Global Water ETF USD Dist GBP,32.26,,,,
05/15/2019,iShares Global Water ETF USD Dist GBP,32.41,,,,
05/16/2019,iShares Global Water ETF USD Dist GBP,32.48,,,,
05/17/2019,iShares Global Water ETF USD Dist GBP,32.46,,,,
05/18/2019,iShares Global Water ETF USD Dist GBP,32.46,,,,
05/19/2019,iShares Global Water ETF USD Dist GBP,32.46,,,,
05/20/2019,iShares Global Water ETF USD Dist GBP,32.29,,,,
05/21/2019,iShares Global Water ETF USD Dist GBP,32.49,,,,
05/22/2019,iShares Global Water ETF USD Dist GBP,32.8,,,,
05/23/2019,iShares Global Water ETF USD Dist GBP,32.46,,,,
05/24/2019,iShares Global Water ETF USD Dist GBP,32.59,,,,
05/25/2019,iShares Global Water ETF USD Dist GBP,32.59,,,,
05/26/2019,iShares Global Water ETF USD Dist GBP,32.59,,,,
05/27/2019,iShares Global Water ETF USD Dist GBP,32.59,,,,
05/28/2019,iShares Global Water ETF USD Dist GBP,32.74,,,,
05/29/2019,iShares Global Water ETF USD Dist GBP,32.59,,,,
05/30/2019,iShares Global Water ETF USD Dist GBP,32.74,,,,
05/31/2019,iShares Global Water ETF USD Dist GBP,32.63,,,,
06/01/2019,iShares Global Water ETF USD Dist GBP,32.63,,,,
06/02/2019,iShares Global Water ETF USD Dist GBP,32.63,,,,
06/03/2019,iShares Global Water ETF USD Dist GBP,32.94,,,,
06/04/2019,iShares Global Water ETF USD Dist GBP,33.04,,,,
06/05/2019,iShares Global Water ETF USD Dist GBP,33.4,,,,
06/06/2019,iShares Global Water ETF USD Dist GBP,33.69,,,,
06/07/2019,iShares Global Water ETF USD Dist GBP,33.87,,,,
06/08/2019,iShares Global Water ETF USD Dist GBP,33.87,,,,
06/09/2019,iShares Global Water ETF USD Dist GBP,33.87,,,,
06/10/2019,iShares Global Water ETF USD Dist GBP,33.95,,,,
06/11/2019,iShares Global Water ETF USD Dist GBP,33.91,,,,
06/12/2019,iShares Global Water ETF USD Dist GBP,33.97,,,,
06/13/2019,iShares Global Water ETF USD Dist GBP,34.19,,,,
06/14/2019,iShares Global Water ETF USD Dist GBP,34.34,,,,
06/15/2019,iShares Global Water ETF USD Dist GBP,34.34,,,,
06/16/2019,iShares Global Water ETF USD Dist GBP,34.34,,,,
06/17/2019,iShares Global Water ETF USD Dist GBP,34.4,,,,
06/18/2019,iShares Global Water ETF USD Dist GBP,34.78,,,,
06/19/2019,iShares Global Water ETF USD Dist GBP,34.45,,,,
06/20/2019,iShares Global Water ETF USD Dist GBP,34.62,,,,
06/21/2019,iShares Global Water ETF USD Dist GBP,34.765,,,,
06/22/2019,iShares Global Water ETF USD Dist GBP,34.765,,,,
06/23/2019,iShares Global Water ETF USD Dist GBP,34.765,,,,
06/24/2019,iShares Global Water ETF USD Dist GBP,34.82,,,,
06/25/2019,iShares Global Water ETF USD Dist GBP,34.75,,,,
06/26/2019,iShares Global Water ETF USD Dist GBP,34.55,,,,
06/27/2019,iShares Global Water ETF USD Dist GBP,34.52,,,,
06/28/2019,iShares Global Water ETF USD Dist GBP,34.72,,,,
06/29/2019,iShares Global Water ETF USD Dist GBP,34.72,,,,
06/30/2019,iShares Global Water ETF USD Dist GBP,34.72,,,,
07/01/2019,iShares Global Water ETF USD Dist GBP,35,,,,
07/02/2019,iShares Global Water ETF USD Dist GBP,35.24,,,,
07/03/2019,iShares Global Water ETF USD Dist GBP,35.65,,,,
07/04/2019,iShares Global Water ETF USD Dist GBP,35.68,,,,
07/05/2019,iShares Global Water ETF USD Dist GBP,35.47,,,,
07/06/2019,iShares Global Water ETF USD Dist GBP,35.47,,,,
07/07/2019,iShares Global Water ETF USD Dist GBP,35.47,,,,
07/08/2019,iShares Global Water ETF USD Dist GBP,35.37,,,,
07/09/2019,iShares Global Water ETF USD Dist GBP,35.32,,,,
07/10/2019,iShares Global Water ETF USD Dist GBP,35.28,,,,
07/11/2019,iShares Global Water ETF USD Dist GBP,35.09,,,,
07/12/2019,iShares Global Water ETF USD Dist GBP,35.12,,,,
07/13/2019,iShares Global Water ETF USD Dist GBP,35.12,,,,
07/14/2019,iShares Global Water ETF USD Dist GBP,35.12,,,,
07/15/2019,iShares Global Water ETF USD Dist GBP,35.35,,,,
07/16/2019,iShares Global Water ETF USD Dist GBP,35.54,,,,
07/17/2019,iShares Global Water ETF USD Dist GBP,35.5,,,,
07/18/2019,iShares Global Water ETF USD Dist GBP,35.23,,,,
07/19/2019,iShares Global Water ETF USD Dist GBP,35.33,,,,
07/20/2019,iShares Global Water ETF USD Dist GBP,35.33,,,,
07/21/2019,iShares Global Water ETF USD Dist GBP,35.33,,,,
07/22/2019,iShares Global Water ETF USD Dist GBP,35.23,,,,
07/23/2019,iShares Global Water ETF USD Dist GBP,35.42,,,,
07/24/2019,iShares Global Water ETF USD Dist GBP,35.36,,,,
07/25/2019,iShares Global Water ETF USD Dist GBP,35.47,,,,
07/26/2019,iShares Global Water ETF USD Dist GBP,35.74,,,,
07/27/2019,iShares Global Water ETF USD Dist GBP,35.74,,,,
07/28/2019,iShares Global Water ETF USD Dist GBP,35.74,,,,
07/29/2019,iShares Global Water ETF USD Dist GBP,36.21,,,,
07/30/2019,iShares Global Water ETF USD Dist GBP,36.19,,,,
07/31/2019,iShares Global Water ETF USD Dist GBP,36.14,,,,
08/01/2019,iShares Global Water ETF USD Dist GBP,36.29,,,,
08/02/2019,iShares Global Water ETF USD Dist GBP,35.855,,,,
08/03/2019,iShares Global Water ETF USD Dist GBP,35.855,,,,
08/04/2019,iShares Global Water ETF USD Dist GBP,35.855,,,,
08/05/2019,iShares Global Water ETF USD Dist GBP,35.195,,,,
08/06/2019,iShares Global Water ETF USD Dist GBP,34.915,,,,
08/07/2019,iShares Global Water ETF USD Dist GBP,35.025,,,,
08/08/2019,iShares Global Water ETF USD Dist GBP,35.725,,,,
08/09/2019,iShares Global Water ETF USD Dist GBP,35.77,,,,
08/10/2019,iShares Global Water ETF USD Dist GBP,35.77,,,,
08/11/2019,iShares Global Water ETF USD Dist GBP,35.77,,,,
08/12/2019,iShares Global Water ETF USD Dist GBP,35.88,,,,
08/13/2019,iShares Global Water ETF USD Dist GBP,36.005,,,,
08/14/2019,iShares Global Water ETF USD Dist GBP,35.575,,,,
08/15/2019,iShares Global Water ETF USD Dist GBP,35.36,,,,
08/16/2019,iShares Global Water ETF USD Dist GBP,35.55,,,,
08/17/2019,iShares Global Water ETF USD Dist GBP,35.55,,,,
08/18/2019,iShares Global Water ETF USD Dist GBP,35.55,,,,
08/19/2019,iShares Global Water ETF USD Dist GBP,35.95,,,,
08/20/2019,iShares Global Water ETF USD Dist GBP,35.75,,,,
08/21/2019,iShares Global Water ETF USD Dist GBP,35.91,,,,
08/22/2019,iShares Global Water ETF USD Dist GBP,35.5,,,,
08/23/2019,iShares Global Water ETF USD Dist GBP,35.345,,,,
08/24/2019,iShares Global Water ETF USD Dist GBP,35.345,,,,
08/25/2019,iShares Global Water ETF USD Dist GBP,35.345,,,,
08/26/2019,iShares Global Water ETF USD Dist GBP,35.345,,,,
08/27/2019,iShares Global Water ETF USD Dist GBP,35.05,,,,
08/28/2019,iShares Global Water ETF USD Dist GBP,35.41,,,,
08/29/2019,iShares Global Water ETF USD Dist GBP,35.75,,,,
08/30/2019,iShares Global Water ETF USD Dist GBP,36.01,,,,
08/31/2019,iShares Global Water ETF USD Dist GBP,36.01,,,,
09/01/2019,iShares Global Water ETF USD Dist GBP,36.01,,,,
09/02/2019,iShares Global Water ETF USD Dist GBP,36.35,,,,
09/03/2019,iShares Global Water ETF USD Dist GBP,36.21,,,,
09/04/2019,iShares Global Water ETF USD Dist GBP,36.28,,,,
09/05/2019,iShares Global Water ETF USD Dist GBP,36.03,,,,
09/06/2019,iShares Global Water ETF USD Dist GBP,36.17,,,,
09/07/2019,iShares Global Water ETF USD Dist GBP,36.17,,,,
09/08/2019,iShares Global Water ETF USD Dist GBP,36.17,,,,
09/09/2019,iShares Global Water ETF USD Dist GBP,35.675,,,,
09/10/2019,iShares Global Water ETF USD Dist GBP,35.37,,,,
09/11/2019,iShares Global Water ETF USD Dist GBP,35.86,,,,
09/12/2019,iShares Global Water ETF USD Dist GBP,36.37,,,,
09/13/2019,iShares Global Water ETF USD Dist GBP,36.14,,,,
09/14/2019,iShares Global Water ETF USD Dist GBP,36.14,,,,
09/15/2019,iShares Global Water ETF USD Dist GBP,36.14,,,,
09/16/2019,iShares Global Water ETF USD Dist GBP,36.1,,,,
09/17/2019,iShares Global Water ETF USD Dist GBP,36.09,,,,
09/18/2019,iShares Global Water ETF USD Dist GBP,36.14,,,,
09/19/2019,iShares Global Water ETF USD Dist GBP,36.14,,,,
09/20/2019,iShares Global Water ETF USD Dist GBP,35.92,,,,
09/21/2019,iShares Global Water ETF USD Dist GBP,35.92,,,,
09/22/2019,iShares Global Water ETF USD Dist GBP,35.92,,,,
09/23/2019,iShares Global Water ETF USD Dist GBP,35.9,,,,
09/24/2019,iShares Global Water ETF USD Dist GBP,36,,,,
09/25/2019,iShares Global Water ETF USD Dist GBP,36,,,,
09/26/2019,iShares Global Water ETF USD Dist GBP,36.43,,,,
09/27/2019,iShares Global Water ETF USD Dist GBP,36.64,,,,
09/28/2019,iShares Global Water ETF USD Dist GBP,36.64,,,,
09/29/2019,iShares Global Water ETF USD Dist GBP,36.64,,,,
09/30/2019,iShares Global Water ETF USD Dist GBP,36.69,,,,
10/01/2019,iShares Global Water ETF USD Dist GBP,36.52,,,,
10/02/2019,iShares Global Water ETF USD Dist GBP,35.45,,,,
10/03/2019,iShares Global Water ETF USD Dist GBP,35.19,,,,
10/04/2019,iShares Global Water ETF USD Dist GBP,35.85,,,,
10/05/2019,iShares Global Water ETF USD Dist GBP,35.85,,,,
10/06/2019,iShares Global Water ETF USD Dist GBP,35.85,,,,
10/07/2019,iShares Global Water ETF USD Dist GBP,36.05,,,,
10/08/2019,iShares Global Water ETF USD Dist GBP,35.87,,,,
10/09/2019,iShares Global Water ETF USD Dist GBP,35.88,,,,
10/10/2019,iShares Global Water ETF USD Dist GBP,36.07,,,,
10/11/2019,iShares Global Water ETF USD Dist GBP,35.84,,,,
10/12/2019,iShares Global Water ETF USD Dist GBP,35.84,,,,
10/13/2019,iShares Global Water ETF USD Dist GBP,35.84,,,,
10/14/2019,iShares Global Water ETF USD Dist GBP,35.78,,,,
10/15/2019,iShares Global Water ETF USD Dist GBP,35.685,,,,
10/16/2019,iShares Global Water ETF USD Dist GBP,35.37,,,,
10/17/2019,iShares Global Water ETF USD Dist GBP,35.68,,,,
10/18/2019,iShares Global Water ETF USD Dist GBP,35.74,,,,
10/19/2019,iShares Global Water ETF USD Dist GBP,35.74,,,,
10/20/2019,iShares Global Water ETF USD Dist GBP,35.74,,,,
10/21/2019,iShares Global Water ETF USD Dist GBP,35.625,,,,
10/22/2019,iShares Global Water ETF USD Dist GBP,35.805,,,,
10/23/2019,iShares Global Water ETF USD Dist GBP,35.93,,,,
10/24/2019,iShares Global Water ETF USD Dist GBP,36.45,,,,
10/25/2019,iShares Global Water ETF USD Dist GBP,36.26,,,,
10/26/2019,iShares Global Water ETF USD Dist GBP,36.26,,,,
10/27/2019,iShares Global Water ETF USD Dist GBP,36.26,,,,
10/28/2019,iShares Global Water ETF USD Dist GBP,36.27,,,,
10/29/2019,iShares Global Water ETF USD Dist GBP,36.28,,,,
10/30/2019,iShares Global Water ETF USD Dist GBP,36.43,,,,
10/31/2019,iShares Global Water ETF USD Dist GBP,36.06,,,,
11/01/2019,iShares Global Water ETF USD Dist GBP,36.36,,,,
11/02/2019,iShares Global Water ETF USD Dist GBP,36.36,,,,
11/03/2019,iShares Global Water ETF USD Dist GBP,36.36,,,,
11/04/2019,iShares Global Water ETF USD Dist GBP,36.44,,,,
11/05/2019,iShares Global Water ETF USD Dist GBP,36.2,,,,
11/06/2019,iShares Global Water ETF USD Dist GBP,36.24,,,,
11/07/2019,iShares Global Water ETF USD Dist GBP,36.34,,,,
11/08/2019,iShares Global Water ETF USD Dist GBP,36.05,,,,
11/09/2019,iShares Global Water ETF USD Dist GBP,36.05,,,,
11/10/2019,iShares Global Water ETF USD Dist GBP,36.05,,,,
11/11/2019,iShares Global Water ETF USD Dist GBP,35.82,,,,
11/12/2019,iShares Global Water ETF USD Dist GBP,36.15,,,,
11/13/2019,iShares Global Water ETF USD Dist GBP,35.92,,,,
11/14/2019,iShares Global Water ETF USD Dist GBP,35.535,,,,
11/15/2019,iShares Global Water ETF USD Dist GBP,35.7,,,,
11/16/2019,iShares Global Water ETF USD Dist GBP,35.7,,,,
11/17/2019,iShares Global Water ETF USD Dist GBP,35.7,,,,
11/18/2019,iShares Global Water ETF USD Dist GBP,35.61,,,,
11/19/2019,iShares Global Water ETF USD Dist GBP,35.8,,,,
11/20/2019,iShares Global Water ETF USD Dist GBP,35.85,,,,
11/21/2019,iShares Global Water ETF USD Dist GBP,35.62,,,,
11/22/2019,iShares Global Water ETF USD Dist GBP,35.83,,,,
11/23/2019,iShares Global Water ETF USD Dist GBP,35.83,,,,
11/24/2019,iShares Global Water ETF USD Dist GBP,35.83,,,,
11/25/2019,iShares Global Water ETF USD Dist GBP,35.86,,,,
11/26/2019,iShares Global Water ETF USD Dist GBP,36.35,,,,
11/27/2019,iShares Global Water ETF USD Dist GBP,36.41,,,,
11/28/2019,iShares Global Water ETF USD Dist GBP,36.26,,,,
11/29/2019,iShares Global Water ETF USD Dist GBP,35.98,,,,
11/30/2019,iShares Global Water ETF USD Dist GBP,35.98,,,,
12/01/2019,iShares Global Water ETF USD Dist GBP,35.98,,,,
12/02/2019,iShares Global Water ETF USD Dist GBP,35.77,,,,
12/03/2019,iShares Global Water ETF USD Dist GBP,35.48,,,,
12/04/2019,iShares Global Water ETF USD Dist GBP,35.58,,,,
12/05/2019,iShares Global Water ETF USD Dist GBP,35.51,,,,
12/06/2019,iShares Global Water ETF USD Dist GBP,35.93,,,,
12/07/2019,iShares Global Water ETF USD Dist GBP,35.93,,,,
12/08/2019,iShares Global Water ETF USD Dist GBP,35.93,,,,
12/09/2019,iShares Global Water ETF USD Dist GBP,35.84,,,,
12/10/2019,iShares Global Water ETF USD Dist GBP,35.75,,,,
12/11/2019,iShares Global Water ETF USD Dist GBP,35.73,,,,
12/12/2019,iShares Global Water ETF USD Dist GBP,35.93,,,,
12/13/2019,iShares Global Water ETF USD Dist GBP,35.65,,,,
12/14/2019,iShares Global Water ETF USD Dist GBP,35.65,,,,
12/15/2019,iShares Global Water ETF USD Dist GBP,35.65,,,,
12/16/2019,iShares Global Water ETF USD Dist GBP,36.27,,,,
12/17/2019,iShares Global Water ETF USD Dist GBP,36.8,,,,
12/18/2019,iShares Global Water ETF USD Dist GBP,36.82,,,,
12/19/2019,iShares Global Water ETF USD Dist GBP,36.96,,,,
12/20/2019,iShares Global Water ETF USD Dist GBP,37.07,,,,
12/21/2019,iShares Global Water ETF USD Dist GBP,37.07,,,,
12/22/2019,iShares Global Water ETF USD Dist GBP,37.07,,,,
12/23/2019,iShares Global Water ETF USD Dist GBP,37.34,,,,
12/24/2019,iShares Global Water ETF USD Dist GBP,37.41,,,,
12/25/2019,iShares Global Water ETF USD Dist GBP,37.41,,,,
12/26/2019,iShares Global Water ETF USD Dist GBP,37.41,,,,
12/27/2019,iShares Global Water ETF USD Dist GBP,37.22,,,,
12/28/2019,iShares Global Water ETF USD Dist GBP,37.22,,,,
12/29/2019,iShares Global Water ETF USD Dist GBP,37.22,,,,
12/30/2019,iShares Global Water ETF USD Dist GBP,37.2,,,,
12/31/2019,iShares Global Water ETF USD Dist GBP,36.935,,,,
01/01/2020,iShares Global Water ETF USD Dist GBP,36.935,,,,
01/02/2020,iShares Global Water ETF USD Dist GBP,37.09,,,,
01/03/2020,iShares Global Water ETF USD Dist GBP,36.94,,,,
01/04/2020,iShares Global Water ETF USD Dist GBP,36.94,,,,
01/05/2020,iShares Global Water ETF USD Dist GBP,36.94,,,,
01/06/2020,iShares Global Water ETF USD Dist GBP,36.73,,,,
01/07/2020,iShares Global Water ETF USD Dist GBP,36.75,,,,
01/08/2020,iShares Global Water ETF USD Dist GBP,36.85,,,,
01/09/2020,iShares Global Water ETF USD Dist GBP,37.105,,,,
01/10/2020,iShares Global Water ETF USD Dist GBP,37.145,,,,
01/11/2020,iShares Global Water ETF USD Dist GBP,37.145,,,,
01/12/2020,iShares Global Water ETF USD Dist GBP,37.145,,,,
01/13/2020,iShares Global Water ETF USD Dist GBP,37.66,,,,
01/14/2020,iShares Global Water ETF USD Dist GBP,37.875,,,,
01/15/2020,iShares Global Water ETF USD Dist GBP,38.095,,,,
01/16/2020,iShares Global Water ETF USD Dist GBP,38.01,,,,
01/17/2020,iShares Global Water ETF USD Dist GBP,38.505,,,,
01/18/2020,iShares Global Water ETF USD Dist GBP,38.505,,,,
01/19/2020,iShares Global Water ETF USD Dist GBP,38.505,,,,
01/20/2020,iShares Global Water ETF USD Dist GBP,38.665,,,,
01/21/2020,iShares Global Water ETF USD Dist GBP,38.46,,,,
01/22/2020,iShares Global Water ETF USD Dist GBP,38.325,,,,
01/23/2020,iShares Global Water ETF USD Dist GBP,38.02,,,,
01/24/2020,iShares Global Water ETF USD Dist GBP,38.705,,,,
01/25/2020,iShares Global Water ETF USD Dist GBP,38.705,,,,
01/26/2020,iShares Global Water ETF USD Dist GBP,38.705,,,,
01/27/2020,iShares Global Water ETF USD Dist GBP,38.01,,,,
01/28/2020,iShares Global Water ETF USD Dist GBP,38.4,,,,
01/29/2020,iShares Global Water ETF USD Dist GBP,38.655,,,,
01/30/2020,iShares Global Water ETF USD Dist GBP,38.02,,,,
01/31/2020,iShares Global Water ETF USD Dist GBP,37.74,,,,
02/01/2020,iShares Global Water ETF USD Dist GBP,37.74,,,,
02/02/2020,iShares Global Water ETF USD Dist GBP,37.74,,,,
02/03/2020,iShares Global Water ETF USD Dist GBP,38.16,,,,
02/04/2020,iShares Global Water ETF USD Dist GBP,38.625,,,,
02/05/2020,iShares Global Water ETF USD Dist GBP,39.045,,,,
02/06/2020,iShares Global Water ETF USD Dist GBP,38.96,,,,
02/07/2020,iShares Global Water ETF USD Dist GBP,39.145,,,,
02/08/2020,iShares Global Water ETF USD Dist GBP,39.145,,,,
02/09/2020,iShares Global Water ETF USD Dist GBP,39.145,,,,
02/10/2020,iShares Global Water ETF USD Dist GBP,39.125,,,,
02/11/2020,iShares Global Water ETF USD Dist GBP,39.625,,,,
02/12/2020,iShares Global Water ETF USD Dist GBP,39.62,,,,
02/13/2020,iShares Global Water ETF USD Dist GBP,39.315,,,,
02/14/2020,iShares Global Water ETF USD Dist GBP,39.53,,,,
02/15/2020,iShares Global Water ETF USD Dist GBP,39.53,,,,
02/16/2020,iShares Global Water ETF USD Dist GBP,39.53,,,,
02/17/2020,iShares Global Water ETF USD Dist GBP,39.615,,,,
02/18/2020,iShares Global Water ETF USD Dist GBP,39.415,,,,
02/19/2020,iShares Global Water ETF USD Dist GBP,39.915,,,,
02/20/2020,iShares Global Water ETF USD Dist GBP,39.85,,,,
02/21/2020,iShares Global Water ETF USD Dist GBP,39.735,,,,
02/22/2020,iShares Global Water ETF USD Dist GBP,39.735,,,,
02/23/2020,iShares Global Water ETF USD Dist GBP,39.735,,,,
02/24/2020,iShares Global Water ETF USD Dist GBP,38.68,,,,
02/25/2020,iShares Global Water ETF USD Dist GBP,38.14,,,,
02/26/2020,iShares Global Water ETF USD Dist GBP,37.93,,,,
02/27/2020,iShares Global Water ETF USD Dist GBP,36.905,,,,
02/28/2020,iShares Global Water ETF USD Dist GBP,35.11,,,,
02/29/2020,iShares Global Water ETF USD Dist GBP,35.11,,,,
03/01/2020,iShares Global Water ETF USD Dist GBP,35.11,,,,
03/02/2020,iShares Global Water ETF USD Dist GBP,36.08,,,,
03/03/2020,iShares Global Water ETF USD Dist GBP,37.19,,,,
03/04/2020,iShares Global Water ETF USD Dist GBP,37.405,,,,
03/05/2020,iShares Global Water ETF USD Dist GBP,37.365,,,,
03/06/2020,iShares Global Water ETF USD Dist GBP,36.02,,,,
03/07/2020,iShares Global Water ETF USD Dist GBP,36.02,,,,
03/08/2020,iShares Global Water ETF USD Dist GBP,36.02,,,,
03/09/2020,iShares Global Water ETF USD Dist GBP,33.71,,,,
03/10/2020,iShares Global Water ETF USD Dist GBP,33.53,,,,
03/11/2020,iShares Global Water ETF USD Dist GBP,33.48,,,,
03/12/2020,iShares Global Water ETF USD Dist GBP,30.07,,,,
03/13/2020,iShares Global Water ETF USD Dist GBP,30.9,,,,
03/14/2020,iShares Global Water ETF USD Dist GBP,30.9,,,,
03/15/2020,iShares Global Water ETF USD Dist GBP,30.9,,,,
03/16/2020,iShares Global Water ETF USD Dist GBP,30.525,,,,
03/17/2020,iShares Global Water ETF USD Dist GBP,31.765,,,,
03/18/2020,iShares Global Water ETF USD Dist GBP,31.64,,,,
03/19/2020,iShares Global Water ETF USD Dist GBP,31.565,,,,
03/20/2020,iShares Global Water ETF USD Dist GBP,30.625,,,,
03/21/2020,iShares Global Water ETF USD Dist GBP,30.625,,,,
03/22/2020,iShares Global Water ETF USD Dist GBP,30.625,,,,
03/23/2020,iShares Global Water ETF USD Dist GBP,29.075,,,,
03/24/2020,iShares Global Water ETF USD Dist GBP,30.44,,,,
03/25/2020,iShares Global Water ETF USD Dist GBP,31.5,,,,
03/26/2020,iShares Global Water ETF USD Dist GBP,32.315,,,,
03/27/2020,iShares Global Water ETF USD Dist GBP,31.265,,,,
03/28/2020,iShares Global Water ETF USD Dist GBP,31.265,,,,
03/29/2020,iShares Global Water ETF USD Dist GBP,31.265,,,,
03/30/2020,iShares Global Water ETF USD Dist GBP,31.835,,,,
03/31/2020,iShares Global Water ETF USD Dist GBP,31.92,,,,
04/01/2020,iShares Global Water ETF USD Dist GBP,30.395,,,,
04/02/2020,iShares Global Water ETF USD Dist GBP,30.595,,,,
04/03/2020,iShares Global Water ETF USD Dist GBP,30.645,,,,
04/04/2020,iShares Global Water ETF USD Dist GBP,30.645,,,,
04/05/2020,iShares Global Water ETF USD Dist GBP,30.645,,,,
04/06/2020,iShares Global Water ETF USD Dist GBP,31.82,,,,
04/07/2020,iShares Global Water ETF USD Dist GBP,32.585,,,,
04/08/2020,iShares Global Water ETF USD Dist GBP,32.265,,,,
04/09/2020,iShares Global Water ETF USD Dist GBP,33.48,,,,
04/10/2020,iShares Global Water ETF USD Dist GBP,33.48,,,,
04/11/2020,iShares Global Water ETF USD Dist GBP,33.48,,,,
04/12/2020,iShares Global Water ETF USD Dist GBP,33.48,,,,
04/13/2020,iShares Global Water ETF USD Dist GBP,33.48,,,,
04/14/2020,iShares Global Water ETF USD Dist GBP,33.16,,,,
04/15/2020,iShares Global Water ETF USD Dist GBP,32.585,,,,
04/16/2020,iShares Global Water ETF USD Dist GBP,32.84,,,,
04/17/2020,iShares Global Water ETF USD Dist GBP,33.195,,,,
04/18/2020,iShares Global Water ETF USD Dist GBP,33.195,,,,
04/19/2020,iShares Global Water ETF USD Dist GBP,33.195,,,,
04/20/2020,iShares Global Water ETF USD Dist GBP,33.285,,,,
04/21/2020,iShares Global Water ETF USD Dist GBP,32.585,,,,
04/22/2020,iShares Global Water ETF USD Dist GBP,33.03,,,,
04/23/2020,iShares Global Water ETF USD Dist GBP,33.3,,,,
04/24/2020,iShares Global Water ETF USD Dist GBP,33.04,,,,
04/25/2020,iShares Global Water ETF USD Dist GBP,33.04,,,,
04/26/2020,iShares Global Water ETF USD Dist GBP,33.04,,,,
04/27/2020,iShares Global Water ETF USD Dist GBP,33.625,,,,
04/28/2020,iShares Global Water ETF USD Dist GBP,34.125,,,,
04/29/2020,iShares Global Water ETF USD Dist GBP,34.72,,,,
04/30/2020,iShares Global Water ETF USD Dist GBP,33.655,,,,
05/01/2020,iShares Global Water ETF USD Dist GBP,32.99,,,,
05/02/2020,iShares Global Water ETF USD Dist GBP,32.99,,,,
05/03/2020,iShares Global Water ETF USD Dist GBP,32.99,,,,
05/04/2020,iShares Global Water ETF USD Dist GBP,32.825,,,,
05/05/2020,iShares Global Water ETF USD Dist GBP,33.415,,,,
05/06/2020,iShares Global Water ETF USD Dist GBP,33.155,,,,
05/07/2020,iShares Global Water ETF USD Dist GBP,33.425,,,,
05/08/2020,iShares Global Water ETF USD Dist GBP,33.425,,,,
05/09/2020,iShares Global Water ETF USD Dist GBP,33.425,,,,
05/10/2020,iShares Global Water ETF USD Dist GBP,33.425,,,,
05/11/2020,iShares Global Water ETF USD Dist GBP,33.41,,,,
05/12/2020,iShares Global Water ETF USD Dist GBP,33.71,,,,
05/13/2020,iShares Global Water ETF USD Dist GBP,32.925,,,,
05/14/2020,iShares Global Water ETF USD Dist GBP,32.155,,,,
05/15/2020,iShares Global Water ETF USD Dist GBP,32.79,,,,
05/16/2020,iShares Global Water ETF USD Dist GBP,32.79,,,,
05/17/2020,iShares Global Water ETF USD Dist GBP,32.79,,,,
05/18/2020,iShares Global Water ETF USD Dist GBP,34.12,,,,
05/19/2020,iShares Global Water ETF USD Dist GBP,33.83,,,,
05/20/2020,iShares Global Water ETF USD Dist GBP,34.045,,,,
05/21/2020,iShares Global Water ETF USD Dist GBP,33.84,,,,
05/22/2020,iShares Global Water ETF USD Dist GBP,33.735,,,,
05/23/2020,iShares Global Water ETF USD Dist GBP,33.735,,,,
05/24/2020,iShares Global Water ETF USD Dist GBP,33.735,,,,
05/25/2020,iShares Global Water ETF USD Dist GBP,33.735,,,,
05/26/2020,iShares Global Water ETF USD Dist GBP,34.51,,,,
05/27/2020,iShares Global Water ETF USD Dist GBP,34.91,,,,
05/28/2020,iShares Global Water ETF USD Dist GBP,35.58,,,,
05/29/2020,iShares Global Water ETF USD Dist GBP,35.215,,,,
05/30/2020,iShares Global Water ETF USD Dist GBP,35.215,,,,
05/31/2020,iShares Global Water ETF USD Dist GBP,35.215,,,,
06/01/2020,iShares Global Water ETF USD Dist GBP,35.375,,,,
06/02/2020,iShares Global Water ETF USD Dist GBP,35.505,,,,
06/03/2020,iShares Global Water ETF USD Dist GBP,36.34,,,,
06/04/2020,iShares Global Water ETF USD Dist GBP,36.32,,,,
06/05/2020,iShares Global Water ETF USD Dist GBP,36.865,,,,
06/06/2020,iShares Global Water ETF USD Dist GBP,36.865,,,,
06/07/2020,iShares Global Water ETF USD Dist GBP,36.865,,,,
06/08/2020,iShares Global Water ETF USD Dist GBP,36.72,,,,
06/09/2020,iShares Global Water ETF USD Dist GBP,36.11,,,,
06/10/2020,iShares Global Water ETF USD Dist GBP,35.865,,,,
06/11/2020,iShares Global Water ETF USD Dist GBP,34.68,,,,
06/12/2020,iShares Global Water ETF USD Dist GBP,34.54,,,,
06/13/2020,iShares Global Water ETF USD Dist GBP,34.54,,,,
06/14/2020,iShares Global Water ETF USD Dist GBP,34.54,,,,
06/15/2020,iShares Global Water ETF USD Dist GBP,34.61,,,,
06/16/2020,iShares Global Water ETF USD Dist GBP,35.73,,,,
06/17/2020,iShares Global Water ETF USD Dist GBP,35.64,,,,
06/18/2020,iShares Global Water ETF USD Dist GBP,35.835,,,,
06/19/2020,iShares Global Water ETF USD Dist GBP,36.23,,,,
06/20/2020,iShares Global Water ETF USD Dist GBP,36.23,,,,
06/21/2020,iShares Global Water ETF USD Dist GBP,36.23,,,,
06/22/2020,iShares Global Water ETF USD Dist GBP,35.6,,,,
06/23/2020,iShares Global Water ETF USD Dist GBP,35.615,,,,
06/24/2020,iShares Global Water ETF USD Dist GBP,34.885,,,,
06/25/2020,iShares Global Water ETF USD Dist GBP,34.64,,,,
06/26/2020,iShares Global Water ETF USD Dist GBP,35.085,,,,
06/27/2020,iShares Global Water ETF USD Dist GBP,35.085,,,,
06/28/2020,iShares Global Water ETF USD Dist GBP,35.085,,,,
06/29/2020,iShares Global Water ETF USD Dist GBP,35.61,,,,
06/30/2020,iShares Global Water ETF USD Dist GBP,35.605,,,,
07/01/2020,iShares Global Water ETF USD Dist GBP,35.52,,,,
07/02/2020,iShares Global Water ETF USD Dist GBP,35.805,,,,
07/03/2020,iShares Global Water ETF USD Dist GBP,35.635,,,,
07/04/2020,iShares Global Water ETF USD Dist GBP,35.635,,,,
07/05/2020,iShares Global Water ETF USD Dist GBP,35.635,,,,
07/06/2020,iShares Global Water ETF USD Dist GBP,36.105,,,,
07/07/2020,iShares Global Water ETF USD Dist GBP,35.53,,,,
07/08/2020,iShares Global Water ETF USD Dist GBP,35.375,,,,
07/09/2020,iShares Global Water ETF USD Dist GBP,34.82,,,,
07/10/2020,iShares Global Water ETF USD Dist GBP,35.085,,,,
07/11/2020,iShares Global Water ETF USD Dist GBP,35.085,,,,
07/12/2020,iShares Global Water ETF USD Dist GBP,35.085,,,,
07/13/2020,iShares Global Water ETF USD Dist GBP,35.695,,,,
07/14/2020,iShares Global Water ETF USD Dist GBP,35.795,,,,
07/15/2020,iShares Global Water ETF USD Dist GBP,36.37,,,,
07/16/2020,iShares Global Water ETF USD Dist GBP,36.53,,,,
07/17/2020,iShares Global Water ETF USD Dist GBP,36.775,,,,
07/18/2020,iShares Global Water ETF USD Dist GBP,36.775,,,,
07/19/2020,iShares Global Water ETF USD Dist GBP,36.775,,,,
07/20/2020,iShares Global Water ETF USD Dist GBP,36.645,,,,
07/21/2020,iShares Global Water ETF USD Dist GBP,36.79,,,,
07/22/2020,iShares Global Water ETF USD Dist GBP,36.95,,,,
07/23/2020,iShares Global Water ETF USD Dist GBP,37.145,,,,
07/24/2020,iShares Global Water ETF USD Dist GBP,36.525,,,,
07/25/2020,iShares Global Water ETF USD Dist GBP,36.525,,,,
07/26/2020,iShares Global Water ETF USD Dist GBP,36.525,,,,
07/27/2020,iShares Global Water ETF USD Dist GBP,36.635,,,,
07/28/2020,iShares Global Water ETF USD Dist GBP,36.61,,,,
07/29/2020,iShares Global Water ETF USD Dist GBP,36.72,,,,
07/30/2020,iShares Global Water ETF USD Dist GBP,36.06,,,,
07/31/2020,iShares Global Water ETF USD Dist GBP,35.635,,,,
08/01/2020,iShares Global Water ETF USD Dist GBP,35.635,,,,
08/02/2020,iShares Global Water ETF USD Dist GBP,35.635,,,,
08/03/2020,iShares Global Water ETF USD Dist GBP,36.2,,,,
08/04/2020,iShares Global Water ETF USD Dist GBP,36.065,,,,
08/05/2020,iShares Global Water ETF USD Dist GBP,36.27,,,,
08/06/2020,iShares Global Water ETF USD Dist GBP,36.11,,,,
08/07/2020,iShares Global Water ETF USD Dist GBP,36.695,,,,
08/08/2020,iShares Global Water ETF USD Dist GBP,36.695,,,,
08/09/2020,iShares Global Water ETF USD Dist GBP,36.695,,,,
08/10/2020,iShares Global Water ETF USD Dist GBP,36.99,,,,
08/11/2020,iShares Global Water ETF USD Dist GBP,37.205,,,,
08/12/2020,iShares Global Water ETF USD Dist GBP,37.86,,,,
08/13/2020,iShares Global Water ETF USD Dist GBP,37.605,,,,
08/14/2020,iShares Global Water ETF USD Dist GBP,37.295,,,,
08/15/2020,iShares Global Water ETF USD Dist GBP,37.295,,,,
08/16/2020,iShares Global Water ETF USD Dist GBP,37.295,,,,
08/17/2020,iShares Global Water ETF USD Dist GBP,37.3,,,,
08/18/2020,iShares Global Water ETF USD Dist GBP,36.795,,,,
08/19/2020,iShares Global Water ETF USD Dist GBP,36.89,,,,
08/20/2020,iShares Global Water ETF USD Dist GBP,36.465,,,,
08/21/2020,iShares Global Water ETF USD Dist GBP,36.455,,,,
08/22/2020,iShares Global Water ETF USD Dist GBP,36.455,,,,
08/23/2020,iShares Global Water ETF USD Dist GBP,36.455,,,,
08/24/2020,iShares Global Water ETF USD Dist GBP,37.055,,,,
08/25/2020,iShares Global Water ETF USD Dist GBP,36.86,,,,
08/26/2020,iShares Global Water ETF USD Dist GBP,36.68,,,,
08/27/2020,iShares Global Water ETF USD Dist GBP,36.465,,,,
08/28/2020,iShares Global Water ETF USD Dist GBP,36.025,,,,
08/29/2020,iShares Global Water ETF USD Dist GBP,36.025,,,,
08/30/2020,iShares Global Water ETF USD Dist GBP,36.025,,,,
08/31/2020,iShares Global Water ETF USD Dist GBP,36.025,,,,
09/01/2020,iShares Global Water ETF USD Dist GBP,35.955,,,,
09/02/2020,iShares Global Water ETF USD Dist GBP,36.81,,,,
09/03/2020,iShares Global Water ETF USD Dist GBP,36.435,,,,
09/04/2020,iShares Global Water ETF USD Dist GBP,36.055,,,,
09/05/2020,iShares Global Water ETF USD Dist GBP,36.055,,,,
09/06/2020,iShares Global Water ETF USD Dist GBP,36.055,,,,
09/07/2020,iShares Global Water ETF USD Dist GBP,36.765,,,,
09/08/2020,iShares Global Water ETF USD Dist GBP,36.56,,,,
09/09/2020,iShares Global Water ETF USD Dist GBP,37.285,,,,
09/10/2020,iShares Global Water ETF USD Dist GBP,37.49,,,,
09/11/2020,iShares Global Water ETF USD Dist GBP,37.695,,,,
09/12/2020,iShares Global Water ETF USD Dist GBP,37.695,,,,
09/13/2020,iShares Global Water ETF USD Dist GBP,37.695,,,,
09/14/2020,iShares Global Water ETF USD Dist GBP,37.665,,,,
09/15/2020,iShares Global Water ETF USD Dist GBP,38.04,,,,
09/16/2020,iShares Global Water ETF USD Dist GBP,37.86,,,,
09/17/2020,iShares Global Water ETF USD Dist GBP,37.75,,,,
09/18/2020,iShares Global Water ETF USD Dist GBP,37.8,,,,
09/19/2020,iShares Global Water ETF USD Dist GBP,37.8,,,,
09/20/2020,iShares Global Water ETF USD Dist GBP,37.8,,,,
09/21/2020,iShares Global Water ETF USD Dist GBP,37.075,,,,
09/22/2020,iShares Global Water ETF USD Dist GBP,37.305,,,,
09/23/2020,iShares Global Water ETF USD Dist GBP,37.475,,,,
09/24/2020,iShares Global Water ETF USD Dist GBP,36.98,,,,
09/25/2020,iShares Global Water ETF USD Dist GBP,37.425,,,,
09/26/2020,iShares Global Water ETF USD Dist GBP,37.425,,,,
09/27/2020,iShares Global Water ETF USD Dist GBP,37.425,,,,
09/28/2020,iShares Global Water ETF USD Dist GBP,37.705,,,,
09/29/2020,iShares Global Water ETF USD Dist GBP,37.725,,,,
09/30/2020,iShares Global Water ETF USD Dist GBP,37.885,,,,
10/01/2020,iShares Global Water ETF USD Dist GBP,38.1,,,,
10/02/2020,iShares Global Water ETF USD Dist GBP,38.025,,,,
10/03/2020,iShares Global Water ETF USD Dist GBP,38.025,,,,
10/04/2020,iShares Global Water ETF USD Dist GBP,38.025,,,,
10/05/2020,iShares Global Water ETF USD Dist GBP,38.415,,,,
10/06/2020,iShares Global Water ETF USD Dist GBP,38.695,,,,
10/07/2020,iShares Global Water ETF USD Dist GBP,38.945,,,,
10/08/2020,iShares Global Water ETF USD Dist GBP,39.225,,,,
10/09/2020,iShares Global Water ETF USD Dist GBP,39.205,,,,
10/10/2020,iShares Global Water ETF USD Dist GBP,39.205,,,,
10/11/2020,iShares Global Water ETF USD Dist GBP,39.205,,,,
10/12/2020,iShares Global Water ETF USD Dist GBP,39.73,,,,
10/13/2020,iShares Global Water ETF USD Dist GBP,39.395,,,,
10/14/2020,iShares Global Water ETF USD Dist GBP,39.42,,,,
10/15/2020,iShares Global Water ETF USD Dist GBP,39.27,,,,
10/16/2020,iShares Global Water ETF USD Dist GBP,39.79,,,,
10/17/2020,iShares Global Water ETF USD Dist GBP,39.79,,,,
10/18/2020,iShares Global Water ETF USD Dist GBP,39.79,,,,
10/19/2020,iShares Global Water ETF USD Dist GBP,39.36,,,,
10/20/2020,iShares Global Water ETF USD Dist GBP,39.43,,,,
10/21/2020,iShares Global Water ETF USD Dist GBP,38.69,,,,
10/22/2020,iShares Global Water ETF USD Dist GBP,38.955,,,,
10/23/2020,iShares Global Water ETF USD Dist GBP,39.26,,,,
10/24/2020,iShares Global Water ETF USD Dist GBP,39.26,,,,
10/25/2020,iShares Global Water ETF USD Dist GBP,39.26,,,,
10/26/2020,iShares Global Water ETF USD Dist GBP,38.81,,,,
10/27/2020,iShares Global Water ETF USD Dist GBP,38.65,,,,
10/28/2020,iShares Global Water ETF USD Dist GBP,37.99,,,,
10/29/2020,iShares Global Water ETF USD Dist GBP,37.725,,,,
10/30/2020,iShares Global Water ETF USD Dist GBP,37.86,,,,
10/31/2020,iShares Global Water ETF USD Dist GBP,37.86,,,,
11/01/2020,iShares Global Water ETF USD Dist GBP,37.86,,,,
11/02/2020,iShares Global Water ETF USD Dist GBP,38.565,,,,
11/03/2020,iShares Global Water ETF USD Dist GBP,39.075,,,,
11/04/2020,iShares Global Water ETF USD Dist GBP,39.4,,,,
11/05/2020,iShares Global Water ETF USD Dist GBP,39.88,,,,
11/06/2020,iShares Global Water ETF USD Dist GBP,39.585,,,,
11/07/2020,iShares Global Water ETF USD Dist GBP,39.585,,,,
11/08/2020,iShares Global Water ETF USD Dist GBP,39.585,,,,
11/09/2020,iShares Global Water ETF USD Dist GBP,40.96,,,,
11/10/2020,iShares Global Water ETF USD Dist GBP,40.705,,,,
11/11/2020,iShares Global Water ETF USD Dist GBP,40.94,,,,
11/12/2020,iShares Global Water ETF USD Dist GBP,40.505,,,,
11/13/2020,iShares Global Water ETF USD Dist GBP,40.31,,,,
11/14/2020,iShares Global Water ETF USD Dist GBP,40.31,,,,
11/15/2020,iShares Global Water ETF USD Dist GBP,40.31,,,,
11/16/2020,iShares Global Water ETF USD Dist GBP,40.925,,,,
11/17/2020,iShares Global Water ETF USD Dist GBP,40.5,,,,
11/18/2020,iShares Global Water ETF USD Dist GBP,40.3,,,,
11/19/2020,iShares Global Water ETF USD Dist GBP,39.82,,,,
11/20/2020,iShares Global Water ETF USD Dist GBP,40.07,,,,
11/21/2020,iShares Global Water ETF USD Dist GBP,40.07,,,,
11/22/2020,iShares Global Water ETF USD Dist GBP,40.07,,,,
11/23/2020,iShares Global Water ETF USD Dist GBP,39.985,,,,
11/24/2020,iShares Global Water ETF USD Dist GBP,40.125,,,,
11/25/2020,iShares Global Water ETF USD Dist GBP,39.91,,,,
11/26/2020,iShares Global Water ETF USD Dist GBP,40.04,,,,
11/27/2020,iShares Global Water ETF USD Dist GBP,40.13,,,,
11/28/2020,iShares Global Water ETF USD Dist GBP,40.13,,,,
11/29/2020,iShares Global Water ETF USD Dist GBP,40.13,,,,
11/30/2020,iShares Global Water ETF USD Dist GBP,39.875,,,,
12/01/2020,iShares Global Water ETF USD Dist GBP,40.025,,,,
12/02/2020,iShares Global Water ETF USD Dist GBP,40.045,,,,
12/03/2020,iShares Global Water ETF USD Dist GBP,40.085,,,,
12/04/2020,iShares Global Water ETF USD Dist GBP,40.06,,,,
12/05/2020,iShares Global Water ETF USD Dist GBP,40.06,,,,
12/06/2020,iShares Global Water ETF USD Dist GBP,40.06,,,,
12/07/2020,iShares Global Water ETF USD Dist GBP,40.16,,,,
12/08/2020,iShares Global Water ETF USD Dist GBP,40.285,,,,
12/09/2020,iShares Global Water ETF USD Dist GBP,40.4,,,,
12/10/2020,iShares Global Water ETF USD Dist GBP,40.405,,,,
12/11/2020,iShares Global Water ETF USD Dist GBP,40.47,,,,
12/12/2020,iShares Global Water ETF USD Dist GBP,40.47,,,,
12/13/2020,iShares Global Water ETF USD Dist GBP,40.47,,,,
12/14/2020,iShares Global Water ETF USD Dist GBP,40.495,,,,
12/15/2020,iShares Global Water ETF USD Dist GBP,40.42,,,,
12/16/2020,iShares Global Water ETF USD Dist GBP,40.475,,,,
12/17/2020,iShares Global Water ETF USD Dist GBP,40.34,,,,
12/18/2020,iShares Global Water ETF USD Dist GBP,40.585,,,,
12/19/2020,iShares Global Water ETF USD Dist GBP,40.585,,,,
12/20/2020,iShares Global Water ETF USD Dist GBP,40.585,,,,
12/21/2020,iShares Global Water ETF USD Dist GBP,40.45,,,,
12/22/2020,iShares Global Water ETF USD Dist GBP,40.74,,,,
12/23/2020,iShares Global Water ETF USD Dist GBP,40.64,,,,
12/24/2020,iShares Global Water ETF USD Dist GBP,40.41,,,,
12/25/2020,iShares Global Water ETF USD Dist GBP,40.41,,,,
12/26/2020,iShares Global Water ETF USD Dist GBP,40.41,,,,
12/27/2020,iShares Global Water ETF USD Dist GBP,40.41,,,,
12/28/2020,iShares Global Water ETF USD Dist GBP,40.41,,,,
12/29/2020,iShares Global Water ETF USD Dist GBP,41.2,,,,
12/30/2020,iShares Global Water ETF USD Dist GBP,40.91,,,,
12/31/2020,iShares Global Water ETF USD Dist GBP,40.67,,,,
01/01/2021,iShares Global Water ETF USD Dist GBP,40.67,,,,
01/02/2021,iShares Global Water ETF USD Dist GBP,40.67,,,,
01/03/2021,iShares Global Water ETF USD Dist GBP,40.67,,,,
01/04/2021,iShares Global Water ETF USD Dist GBP,40.91,,,,
01/05/2021,iShares Global Water ETF USD Dist GBP,40.77,,,,
01/06/2021,iShares Global Water ETF USD Dist GBP,42.075,,,,
01/07/2021,iShares Global Water ETF USD Dist GBP,42.655,,,,
01/08/2021,iShares Global Water ETF USD Dist GBP,42.905,,,,
01/09/2021,iShares Global Water ETF USD Dist GBP,42.905,,,,
01/10/2021,iShares Global Water ETF USD Dist GBP,42.905,,,,
01/11/2021,iShares Global Water ETF USD Dist GBP,43.025,,,,
01/12/2021,iShares Global Water ETF USD Dist GBP,42.92,,,,
01/13/2021,iShares Global Water ETF USD Dist GBP,42.975,,,,
01/14/2021,iShares Global Water ETF USD Dist GBP,42.645,,,,
01/15/2021,iShares Global Water ETF USD Dist GBP,42.42,,,,
01/16/2021,iShares Global Water ETF USD Dist GBP,42.42,,,,
01/17/2021,iShares Global Water ETF USD Dist GBP,42.42,,,,
01/18/2021,iShares Global Water ETF USD Dist GBP,42.65,,,,
01/19/2021,iShares Global Water ETF USD Dist GBP,42.59,,,,
01/20/2021,iShares Global Water ETF USD Dist GBP,42.665,,,,
01/21/2021,iShares Global Water ETF USD Dist GBP,42.27,,,,
01/22/2021,iShares Global Water ETF USD Dist GBP,42.36,,,,
01/23/2021,iShares Global Water ETF USD Dist GBP,42.36,,,,
01/24/2021,iShares Global Water ETF USD Dist GBP,42.36,,,,
01/25/2021,iShares Global Water ETF USD Dist GBP,42.36,,,,
01/26/2021,iShares Global Water ETF USD Dist GBP,42.11,,,,
01/27/2021,iShares Global Water ETF USD Dist GBP,41.285,,,,
01/28/2021,iShares Global Water ETF USD Dist GBP,41.64,,,,
01/29/2021,iShares Global Water ETF USD Dist GBP,40.8,,,,
01/30/2021,iShares Global Water ETF USD Dist GBP,40.8,,,,
01/31/2021,iShares Global Water ETF USD Dist GBP,40.8,,,,
02/01/2021,iShares Global Water ETF USD Dist GBP,41.325,,,,
02/02/2021,iShares Global Water ETF USD Dist GBP,41.93,,,,
02/03/2021,iShares Global Water ETF USD Dist GBP,41.745,,,,
02/04/2021,iShares Global Water ETF USD Dist GBP,41.93,,,,
02/05/2021,iShares Global Water ETF USD Dist GBP,41.975,,,,
02/06/2021,iShares Global Water ETF USD Dist GBP,41.975,,,,
02/07/2021,iShares Global Water ETF USD Dist GBP,41.975,,,,
02/08/2021,iShares Global Water ETF USD Dist GBP,42.28,,,,
02/09/2021,iShares Global Water ETF USD Dist GBP,42.07,,,,
02/10/2021,iShares Global Water ETF USD Dist GBP,42,,,,
02/11/2021,iShares Global Water ETF USD Dist GBP,42.16,,,,
02/12/2021,iShares Global Water ETF USD Dist GBP,42.03,,,,
02/13/2021,iShares Global Water ETF USD Dist GBP,42.03,,,,
02/14/2021,iShares Global Water ETF USD Dist GBP,42.03,,,,
02/15/2021,iShares Global Water ETF USD Dist GBP,42.145,,,,
02/16/2021,iShares Global Water ETF USD Dist GBP,41.925,,,,
02/17/2021,iShares Global Water ETF USD Dist GBP,41.73,,,,
02/18/2021,iShares Global Water ETF USD Dist GBP,41.05,,,,
02/19/2021,iShares Global Water ETF USD Dist GBP,41.45,,,,
02/20/2021,iShares Global Water ETF USD Dist GBP,41.45,,,,
02/21/2021,iShares Global Water ETF USD Dist GBP,41.45,,,,
02/22/2021,iShares Global Water ETF USD Dist GBP,40.94,,,,
02/23/2021,iShares Global Water ETF USD Dist GBP,40.64,,,,
02/24/2021,iShares Global Water ETF USD Dist GBP,40.98,,,,
02/25/2021,iShares Global Water ETF USD Dist GBP,40.81,,,,
02/26/2021,iShares Global Water ETF USD Dist GBP,40.355,,,,
02/27/2021,iShares Global Water ETF USD Dist GBP,40.355,,,,
02/28/2021,iShares Global Water ETF USD Dist GBP,40.355,,,,
03/01/2021,iShares Global Water ETF USD Dist GBP,40.925,,,,
03/02/2021,iShares Global Water ETF USD Dist GBP,40.705,,,,
03/03/2021,iShares Global Water ETF USD Dist GBP,40.345,,,,
03/04/2021,iShares Global Water ETF USD Dist GBP,40.125,,,,
03/05/2021,iShares Global Water ETF USD Dist GBP,39.885,,,,
03/06/2021,iShares Global Water ETF USD Dist GBP,39.885,,,,
03/07/2021,iShares Global Water ETF USD Dist GBP,39.885,,,,
03/08/2021,iShares Global Water ETF USD Dist GBP,40.91,,,,
03/09/2021,iShares Global Water ETF USD Dist GBP,40.99,,,,
03/10/2021,iShares Global Water ETF USD Dist GBP,41.17,,,,
03/11/2021,iShares Global Water ETF USD Dist GBP,41.335,,,,
03/12/2021,iShares Global Water ETF USD Dist GBP,41.59,,,,
03/13/2021,iShares Global Water ETF USD Dist GBP,41.59,,,,
03/14/2021,iShares Global Water ETF USD Dist GBP,41.59,,,,
03/15/2021,iShares Global Water ETF USD Dist GBP,41.69,,,,
03/16/2021,iShares Global Water ETF USD Dist GBP,41.855,,,,
03/17/2021,iShares Global Water ETF USD Dist GBP,41.75,,,,
03/18/2021,iShares Global Water ETF USD Dist GBP,41.805,,,,
03/19/2021,iShares Global Water ETF USD Dist GBP,41.685,,,,
03/20/2021,iShares Global Water ETF USD Dist GBP,41.685,,,,
03/21/2021,iShares Global Water ETF USD Dist GBP,41.685,,,,
03/22/2021,iShares Global Water ETF USD Dist GBP,41.395,,,,
03/23/2021,iShares Global Water ETF USD Dist GBP,41.625,,,,
03/24/2021,iShares Global Water ETF USD Dist GBP,41.98,,,,
03/25/2021,iShares Global Water ETF USD Dist GBP,41.645,,,,
03/26/2021,iShares Global Water ETF USD Dist GBP,42,,,,
03/27/2021,iShares Global Water ETF USD Dist GBP,42,,,,
03/28/2021,iShares Global Water ETF USD Dist GBP,42,,,,
03/29/2021,iShares Global Water ETF USD Dist GBP,42.13,,,,
03/30/2021,iShares Global Water ETF USD Dist GBP,42.19,,,,
03/31/2021,iShares Global Water ETF USD Dist GBP,42.16,,,,
04/01/2021,iShares Global Water ETF USD Dist GBP,42.495,,,,
04/02/2021,iShares Global Water ETF USD Dist GBP,42.495,,,,
04/03/2021,iShares Global Water ETF USD Dist GBP,42.495,,,,
04/04/2021,iShares Global Water ETF USD Dist GBP,42.495,,,,
04/05/2021,iShares Global Water ETF USD Dist GBP,42.495,,,,
04/06/2021,iShares Global Water ETF USD Dist GBP,43.23,,,,
04/07/2021,iShares Global Water ETF USD Dist GBP,43.21,,,,
04/08/2021,iShares Global Water ETF USD Dist GBP,43.345,,,,
04/09/2021,iShares Global Water ETF USD Dist GBP,43.79,,,,
04/10/2021,iShares Global Water ETF USD Dist GBP,43.79,,,,
04/11/2021,iShares Global Water ETF USD Dist GBP,43.79,,,,
04/12/2021,iShares Global Water ETF USD Dist GBP,44.165,,,,
04/13/2021,iShares Global Water ETF USD Dist GBP,44.01,,,,
04/14/2021,iShares Global Water ETF USD Dist GBP,44.04,,,,
04/15/2021,iShares Global Water ETF USD Dist GBP,44.26,,,,
04/16/2021,iShares Global Water ETF USD Dist GBP,44.565,,,,
04/17/2021,iShares Global Water ETF USD Dist GBP,44.565,,,,
04/18/2021,iShares Global Water ETF USD Dist GBP,44.565,,,,
04/19/2021,iShares Global Water ETF USD Dist GBP,44.08,,,,
04/20/2021,iShares Global Water ETF USD Dist GBP,44.02,,,,
04/21/2021,iShares Global Water ETF USD Dist GBP,44.09,,,,
04/22/2021,iShares Global Water ETF USD Dist GBP,44.965,,,,
04/23/2021,iShares Global Water ETF USD Dist GBP,45.05,,,,
04/24/2021,iShares Global Water ETF USD Dist GBP,45.05,,,,
04/25/2021,iShares Global Water ETF USD Dist GBP,45.05,,,,
04/26/2021,iShares Global Water ETF USD Dist GBP,44.785,,,,
04/27/2021,iShares Global Water ETF USD Dist GBP,44.56,,,,
04/28/2021,iShares Global Water ETF USD Dist GBP,44.585,,,,
04/29/2021,iShares Global Water ETF USD Dist GBP,44.49,,,,
04/30/2021,iShares Global Water ETF USD Dist GBP,44.71,,,,
05/01/2021,iShares Global Water ETF USD Dist GBP,44.71,,,,
05/02/2021,iShares Global Water ETF USD Dist GBP,44.71,,,,
05/03/2021,iShares Global Water ETF USD Dist GBP,44.71,,,,
05/04/2021,iShares Global Water ETF USD Dist GBP,44.51,,,,
05/05/2021,iShares Global Water ETF USD Dist GBP,44.64,,,,
05/06/2021,iShares Global Water ETF USD Dist GBP,44.92,,,,
05/07/2021,iShares Global Water ETF USD Dist GBP,45.09,,,,
05/08/2021,iShares Global Water ETF USD Dist GBP,45.09,,,,
05/09/2021,iShares Global Water ETF USD Dist GBP,45.09,,,,
05/10/2021,iShares Global Water ETF USD Dist GBP,44.975,,,,
05/11/2021,iShares Global Water ETF USD Dist GBP,43.965,,,,
05/12/2021,iShares Global Water ETF USD Dist GBP,43.59,,,,
05/13/2021,iShares Global Water ETF USD Dist GBP,43.58,,,,
05/14/2021,iShares Global Water ETF USD Dist GBP,44.19,,,,
05/15/2021,iShares Global Water ETF USD Dist GBP,44.19,,,,
05/16/2021,iShares Global Water ETF USD Dist GBP,44.19,,,,
05/17/2021,iShares Global Water ETF USD Dist GBP,43.895,,,,
05/18/2021,iShares Global Water ETF USD Dist GBP,43.85,,,,
05/19/2021,iShares Global Water ETF USD Dist GBP,43.255,,,,
05/20/2021,iShares Global Water ETF USD Dist GBP,43.785,,,,
05/21/2021,iShares Global Water ETF USD Dist GBP,44.13,,,,
05/22/2021,iShares Global Water ETF USD Dist GBP,44.13,,,,
05/23/2021,iShares Global Water ETF USD Dist GBP,44.13,,,,
05/24/2021,iShares Global Water ETF USD Dist GBP,44.36,,,,
05/25/2021,iShares Global Water ETF USD Dist GBP,44.555,,,,
05/26/2021,iShares Global Water ETF USD Dist GBP,44.585,,,,
05/27/2021,iShares Global Water ETF USD Dist GBP,44.71,,,,
05/28/2021,iShares Global Water ETF USD Dist GBP,44.72,,,,
05/29/2021,iShares Global Water ETF USD Dist GBP,44.72,,,,
05/30/2021,iShares Global Water ETF USD Dist GBP,44.72,,,,
05/31/2021,iShares Global Water ETF USD Dist GBP,44.72,,,,
06/01/2021,iShares Global Water ETF USD Dist GBP,45.14,,,,
06/02/2021,iShares Global Water ETF USD Dist GBP,45.025,,,,
06/03/2021,iShares Global Water ETF USD Dist GBP,45.075,,,,
06/04/2021,iShares Global Water ETF USD Dist GBP,45.06,,,,
06/05/2021,iShares Global Water ETF USD Dist GBP,45.06,,,,
06/06/2021,iShares Global Water ETF USD Dist GBP,45.06,,,,
06/07/2021,iShares Global Water ETF USD Dist GBP,45.23,,,,
06/08/2021,iShares Global Water ETF USD Dist GBP,45.225,,,,
06/09/2021,iShares Global Water ETF USD Dist GBP,45.505,,,,
06/10/2021,iShares Global Water ETF USD Dist GBP,45.135,,,,
06/11/2021,iShares Global Water ETF USD Dist GBP,45.47,,,,
06/12/2021,iShares Global Water ETF USD Dist GBP,45.47,,,,
06/13/2021,iShares Global Water ETF USD Dist GBP,45.47,,,,
06/14/2021,iShares Global Water ETF USD Dist GBP,45.545,,,,
06/15/2021,iShares Global Water ETF USD Dist GBP,45.765,,,,
06/16/2021,iShares Global Water ETF USD Dist GBP,45.89,,,,
06/17/2021,iShares Global Water ETF USD Dist GBP,45.39,,,,
06/18/2021,iShares Global Water ETF USD Dist GBP,45.24,,,,
06/19/2021,iShares Global Water ETF USD Dist GBP,45.24,,,,
06/20/2021,iShares Global Water ETF USD Dist GBP,45.24,,,,
06/21/2021,iShares Global Water ETF USD Dist GBP,45.265,,,,
06/22/2021,iShares Global Water ETF USD Dist GBP,45.45,,,,
06/23/2021,iShares Global Water ETF USD Dist GBP,45.1,,,,
06/24/2021,iShares Global Water ETF USD Dist GBP,45.235,,,,
06/25/2021,iShares Global Water ETF USD Dist GBP,45.53,,,,
06/26/2021,iShares Global Water ETF USD Dist GBP,45.53,,,,
06/27/2021,iShares Global Water ETF USD Dist GBP,45.53,,,,
06/28/2021,iShares Global Water ETF USD Dist GBP,45.68,,,,
06/29/2021,iShares Global Water ETF USD Dist GBP,46.025,,,,
06/30/2021,iShares Global Water ETF USD Dist GBP,45.74,,,,
07/01/2021,iShares Global Water ETF USD Dist GBP,46.1,,,,
07/02/2021,iShares Global Water ETF USD Dist GBP,46.28,,,,
07/03/2021,iShares Global Water ETF USD Dist GBP,46.28,,,,
07/04/2021,iShares Global Water ETF USD Dist GBP,46.28,,,,
07/05/2021,iShares Global Water ETF USD Dist GBP,46.24,,,,
07/06/2021,iShares Global Water ETF USD Dist GBP,45.96,,,,
07/07/2021,iShares Global Water ETF USD Dist GBP,46.735,,,,
07/08/2021,iShares Global Water ETF USD Dist GBP,46.39,,,,
07/09/2021,iShares Global Water ETF USD Dist GBP,46.595,,,,
07/10/2021,iShares Global Water ETF USD Dist GBP,46.595,,,,
07/11/2021,iShares Global Water ETF USD Dist GBP,46.595,,,,
07/12/2021,iShares Global Water ETF USD Dist GBP,46.765,,,,
07/13/2021,iShares Global Water ETF USD Dist GBP,47.005,,,,
07/14/2021,iShares Global Water ETF USD Dist GBP,46.755,,,,
07/15/2021,iShares Global Water ETF USD Dist GBP,46.53,,,,
07/16/2021,iShares Global Water ETF USD Dist GBP,46.995,,,,
07/17/2021,iShares Global Water ETF USD Dist GBP,46.995,,,,
07/18/2021,iShares Global Water ETF USD Dist GBP,46.995,,,,
07/19/2021,iShares Global Water ETF USD Dist GBP,46.71,,,,
07/20/2021,iShares Global Water ETF USD Dist GBP,47.47,,,,
07/21/2021,iShares Global Water ETF USD Dist GBP,47.56,,,,
07/22/2021,iShares Global Water ETF USD Dist GBP,47.42,,,,
07/23/2021,iShares Global Water ETF USD Dist GBP,47.83,,,,
07/24/2021,iShares Global Water ETF USD Dist GBP,47.83,,,,
07/25/2021,iShares Global Water ETF USD Dist GBP,47.83,,,,
07/26/2021,iShares Global Water ETF USD Dist GBP,47.8,,,,
07/27/2021,iShares Global Water ETF USD Dist GBP,47.725,,,,
07/28/2021,iShares Global Water ETF USD Dist GBP,47.84,,,,
07/29/2021,iShares Global Water ETF USD Dist GBP,48.265,,,,
07/30/2021,iShares Global Water ETF USD Dist GBP,48.585,,,,
07/31/2021,iShares Global Water ETF USD Dist GBP,48.585,,,,
08/01/2021,iShares Global Water ETF USD Dist GBP,48.585,,,,
08/02/2021,iShares Global Water ETF USD Dist GBP,48.89,,,,
08/03/2021,iShares Global Water ETF USD Dist GBP,49.06,,,,
08/04/2021,iShares Global Water ETF USD Dist GBP,49.035,,,,
08/05/2021,iShares Global Water ETF USD Dist GBP,49.25,,,,
08/06/2021,iShares Global Water ETF USD Dist GBP,49.32,,,,
08/07/2021,iShares Global Water ETF USD Dist GBP,49.32,,,,
08/08/2021,iShares Global Water ETF USD Dist GBP,49.32,,,,
08/09/2021,iShares Global Water ETF USD Dist GBP,49.17,,,,
08/10/2021,iShares Global Water ETF USD Dist GBP,49.54,,,,
08/11/2021,iShares Global Water ETF USD Dist GBP,49.68,,,,
08/12/2021,iShares Global Water ETF USD Dist GBP,49.91,,,,
08/13/2021,iShares Global Water ETF USD Dist GBP,50.27,,,,
08/14/2021,iShares Global Water ETF USD Dist GBP,50.27,,,,
08/15/2021,iShares Global Water ETF USD Dist GBP,50.27,,,,
08/16/2021,iShares Global Water ETF USD Dist GBP,50.31,,,,
08/17/2021,iShares Global Water ETF USD Dist GBP,50.39,,,,
08/18/2021,iShares Global Water ETF USD Dist GBP,50.16,,,,
08/19/2021,iShares Global Water ETF USD Dist GBP,50.07,,,,
08/20/2021,iShares Global Water ETF USD Dist GBP,50.57,,,,
08/21/2021,iShares Global Water ETF USD Dist GBP,50.57,,,,
08/22/2021,iShares Global Water ETF USD Dist GBP,50.57,,,,
08/23/2021,iShares Global Water ETF USD Dist GBP,50.68,,,,
08/24/2021,iShares Global Water ETF USD Dist GBP,50.63,,,,
08/25/2021,iShares Global Water ETF USD Dist GBP,50.76,,,,
08/26/2021,iShares Global Water ETF USD Dist GBP,50.54,,,,
08/27/2021,iShares Global Water ETF USD Dist GBP,50.85,,,,
08/28/2021,iShares Global Water ETF USD Dist GBP,50.85,,,,
08/29/2021,iShares Global Water ETF USD Dist GBP,50.85,,,,
08/30/2021,iShares Global Water ETF USD Dist GBP,50.85,,,,
08/31/2021,iShares Global Water ETF USD Dist GBP,51.19,,,,
09/01/2021,iShares Global Water ETF USD Dist GBP,51.26,,,,
09/02/2021,iShares Global Water ETF USD Dist GBP,51.66,,,,
09/03/2021,iShares Global Water ETF USD Dist GBP,51.455,,,,
09/04/2021,iShares Global Water ETF USD Dist GBP,51.455,,,,
09/05/2021,iShares Global Water ETF USD Dist GBP,51.455,,,,
09/06/2021,iShares Global Water ETF USD Dist GBP,51.68,,,,
09/07/2021,iShares Global Water ETF USD Dist GBP,51.39,,,,
09/08/2021,iShares Global Water ETF USD Dist GBP,51.42,,,,
09/09/2021,iShares Global Water ETF USD Dist GBP,51.17,,,,
09/10/2021,iShares Global Water ETF USD Dist GBP,50.93,,,,
09/11/2021,iShares Global Water ETF USD Dist GBP,50.93,,,,
09/12/2021,iShares Global Water ETF USD Dist GBP,50.93,,,,
09/13/2021,iShares Global Water ETF USD Dist GBP,50.77,,,,
09/14/2021,iShares Global Water ETF USD Dist GBP,50.83,,,,
09/15/2021,iShares Global Water ETF USD Dist GBP,50.65,,,,
09/16/2021,iShares Global Water ETF USD Dist GBP,50.74,,,,
09/17/2021,iShares Global Water ETF USD Dist GBP,50.13,,,,
09/18/2021,iShares Global Water ETF USD Dist GBP,50.13,,,,
09/19/2021,iShares Global Water ETF USD Dist GBP,50.13,,,,
09/20/2021,iShares Global Water ETF USD Dist GBP,49.92,,,,
09/21/2021,iShares Global Water ETF USD Dist GBP,50.07,,,,
09/22/2021,iShares Global Water ETF USD Dist GBP,50.56,,,,
09/23/2021,iShares Global Water ETF USD Dist GBP,50.65,,,,
09/24/2021,iShares Global Water ETF USD Dist GBP,50.46,,,,
09/25/2021,iShares Global Water ETF USD Dist GBP,50.46,,,,
09/26/2021,iShares Global Water ETF USD Dist GBP,50.46,,,,
09/27/2021,iShares Global Water ETF USD Dist GBP,50.01,,,,
09/28/2021,iShares Global Water ETF USD Dist GBP,49.38,,,,
09/29/2021,iShares Global Water ETF USD Dist GBP,49.545,,,,
09/30/2021,iShares Global Water ETF USD Dist GBP,49.33,,,,
10/01/2021,iShares Global Water ETF USD Dist GBP,48.58,,,,
10/02/2021,iShares Global Water ETF USD Dist GBP,48.58,,,,
10/03/2021,iShares Global Water ETF USD Dist GBP,48.58,,,,
10/04/2021,iShares Global Water ETF USD Dist GBP,48.16,,,,
10/05/2021,iShares Global Water ETF USD Dist GBP,48.89,,,,
10/06/2021,iShares Global Water ETF USD Dist GBP,48.38,,,,
10/07/2021,iShares Global Water ETF USD Dist GBP,49.18,,,,
10/08/2021,iShares Global Water ETF USD Dist GBP,48.78,,,,
10/09/2021,iShares Global Water ETF USD Dist GBP,48.78,,,,
10/10/2021,iShares Global Water ETF USD Dist GBP,48.78,,,,
10/11/2021,iShares Global Water ETF USD Dist GBP,48.69,,,,
10/12/2021,iShares Global Water ETF USD Dist GBP,48.635,,,,
10/13/2021,iShares Global Water ETF USD Dist GBP,48.76,,,,
10/14/2021,iShares Global Water ETF USD Dist GBP,49.26,,,,
10/15/2021,iShares Global Water ETF USD Dist GBP,49.255,,,,
10/16/2021,iShares Global Water ETF USD Dist GBP,49.255,,,,
10/17/2021,iShares Global Water ETF USD Dist GBP,49.255,,,,
10/18/2021,iShares Global Water ETF USD Dist GBP,49.415,,,,
10/19/2021,iShares Global Water ETF USD Dist GBP,49.35,,,,
10/20/2021,iShares Global Water ETF USD Dist GBP,49.57,,,,
10/21/2021,iShares Global Water ETF USD Dist GBP,49.6,,,,
10/22/2021,iShares Global Water ETF USD Dist GBP,50.24,,,,
10/23/2021,iShares Global Water ETF USD Dist GBP,50.24,,,,
10/24/2021,iShares Global Water ETF USD Dist GBP,50.24,,,,
10/25/2021,iShares Global Water ETF USD Dist GBP,50.4,,,,
10/26/2021,iShares Global Water ETF USD Dist GBP,50.44,,,,
10/27/2021,iShares Global Water ETF USD Dist GBP,50.42,,,,
10/28/2021,iShares Global Water ETF USD Dist GBP,50.71,,,,
10/29/2021,iShares Global Water ETF USD Dist GBP,51.05,,,,
10/30/2021,iShares Global Water ETF USD Dist GBP,51.05,,,,
10/31/2021,iShares Global Water ETF USD Dist GBP,51.05,,,,
11/01/2021,iShares Global Water ETF USD Dist GBP,51.06,,,,
11/02/2021,iShares Global Water ETF USD Dist GBP,51.605,,,,
11/03/2021,iShares Global Water ETF USD Dist GBP,51.03,,,,
11/04/2021,iShares Global Water ETF USD Dist GBP,52.51,,,,
11/05/2021,iShares Global Water ETF USD Dist GBP,52.67,,,,
11/06/2021,iShares Global Water ETF USD Dist GBP,52.67,,,,
11/07/2021,iShares Global Water ETF USD Dist GBP,52.67,,,,
11/08/2021,iShares Global Water ETF USD Dist GBP,52.69,,,,
11/09/2021,iShares Global Water ETF USD Dist GBP,52.63,,,,
11/10/2021,iShares Global Water ETF USD Dist GBP,53.04,,,,
11/11/2021,iShares Global Water ETF USD Dist GBP,52.48,,,,
11/12/2021,iShares Global Water ETF USD Dist GBP,52.68,,,,
11/13/2021,iShares Global Water ETF USD Dist GBP,52.68,,,,
11/14/2021,iShares Global Water ETF USD Dist GBP,52.68,,,,
11/15/2021,iShares Global Water ETF USD Dist GBP,52.595,,,,
11/16/2021,iShares Global Water ETF USD Dist GBP,52.5,,,,
11/17/2021,iShares Global Water ETF USD Dist GBP,52.14,,,,
11/18/2021,iShares Global Water ETF USD Dist GBP,52.51,,,,
11/19/2021,iShares Global Water ETF USD Dist GBP,52.61,,,,
11/20/2021,iShares Global Water ETF USD Dist GBP,52.61,,,,
11/21/2021,iShares Global Water ETF USD Dist GBP,52.61,,,,
11/22/2021,iShares Global Water ETF USD Dist GBP,52.87,,,,
11/23/2021,iShares Global Water ETF USD Dist GBP,52.19,,,,
11/24/2021,iShares Global Water ETF USD Dist GBP,52.18,,,,
11/25/2021,iShares Global Water ETF USD Dist GBP,52.4,,,,
11/26/2021,iShares Global Water ETF USD Dist GBP,51.25,,,,
11/27/2021,iShares Global Water ETF USD Dist GBP,51.25,,,,
11/28/2021,iShares Global Water ETF USD Dist GBP,51.25,,,,
11/29/2021,iShares Global Water ETF USD Dist GBP,51.7,,,,
11/30/2021,iShares Global Water ETF USD Dist GBP,51.78,,,,
12/01/2021,iShares Global Water ETF USD Dist GBP,51.83,,,,
12/02/2021,iShares Global Water ETF USD Dist GBP,51.11,,,,
12/03/2021,iShares Global Water ETF USD Dist GBP,51.29,,,,
12/04/2021,iShares Global Water ETF USD Dist GBP,51.29,,,,
12/05/2021,iShares Global Water ETF USD Dist GBP,51.29,,,,
12/06/2021,iShares Global Water ETF USD Dist GBP,51.98,,,,
12/07/2021,iShares Global Water ETF USD Dist GBP,53.18,,,,
12/08/2021,iShares Global Water ETF USD Dist GBP,53.22,,,,
12/09/2021,iShares Global Water ETF USD Dist GBP,53.28,,,,
12/10/2021,iShares Global Water ETF USD Dist GBP,52.94,,,,
12/11/2021,iShares Global Water ETF USD Dist GBP,52.94,,,,
12/12/2021,iShares Global Water ETF USD Dist GBP,52.94,,,,
12/13/2021,iShares Global Water ETF USD Dist GBP,52.77,,,,
12/14/2021,iShares Global Water ETF USD Dist GBP,52.32,,,,
12/15/2021,iShares Global Water ETF USD Dist GBP,52.32,,,,
12/16/2021,iShares Global Water ETF USD Dist GBP,52.59,,,,
12/17/2021,iShares Global Water ETF USD Dist GBP,52.25,,,,
12/18/2021,iShares Global Water ETF USD Dist GBP,52.25,,,,
12/19/2021,iShares Global Water ETF USD Dist GBP,52.25,,,,
12/20/2021,iShares Global Water ETF USD Dist GBP,51.38,,,,
12/21/2021,iShares Global Water ETF USD Dist GBP,51.95,,,,
12/22/2021,iShares Global Water ETF USD Dist GBP,52.27,,,,
12/23/2021,iShares Global Water ETF USD Dist GBP,52.6,,,,
12/24/2021,iShares Global Water ETF USD Dist GBP,52.35,,,,
12/25/2021,iShares Global Water ETF USD Dist GBP,52.35,,,,
12/26/2021,iShares Global Water ETF USD Dist GBP,52.35,,,,
12/27/2021,iShares Global Water ETF USD Dist GBP,52.35,,,,
12/28/2021,iShares Global Water ETF USD Dist GBP,52.35,,,,
12/29/2021,iShares Global Water ETF USD Dist GBP,53.09,,,,
12/30/2021,iShares Global Water ETF USD Dist GBP,53.03,,,,
12/31/2021,iShares Global Water ETF USD Dist GBP,52.865,,,,
01/01/2022,iShares Global Water ETF USD Dist GBP,52.865,,,,
01/02/2022,iShares Global Water ETF USD Dist GBP,52.865,,,,
01/03/2022,iShares Global Water ETF USD Dist GBP,52.865,,,,
01/04/2022,iShares Global Water ETF USD Dist GBP,52.58,,,,
01/05/2022,iShares Global Water ETF USD Dist GBP,52.26,,,,
01/06/2022,iShares Global Water ETF USD Dist GBP,51.43,,,,
